ISO-10303-21;
HEADER;
/* Generated by software containing ST-Developer
 * from STEP Tools, Inc. (www.steptools.com) 
 */

FILE_DESCRIPTION(
/* description */ ('FreeCAD Model'),
/* implementation_level */ '2;1');

FILE_NAME(
/* name */ 'IQS9150000QFR_vf.4j0osjjKQqafFwLA6nKgzQ.step',
/* time_stamp */ '2025-09-24T17:16:29+02:00',
/* author */ (''),
/* organization */ (''),
/* preprocessor_version */ 'ST-DEVELOPER v20.1',
/* originating_system */ 'Autodesk Translation Framework v14.17.0.0',
/* authorisation */ '');

FILE_SCHEMA (('AUTOMOTIVE_DESIGN { 1 0 10303 214 3 1 1 }'));
ENDSEC;

DATA;
#10=MECHANICAL_DESIGN_GEOMETRIC_PRESENTATION_REPRESENTATION('',(#23,#24,
#25,#26,#27,#28,#29,#30,#31,#32,#33,#34,#35,#36,#37,#38,#39,#40,#41,#42,
#43,#44,#45,#46,#47,#48,#49,#50,#51,#52,#53,#54,#55,#56,#57,#58,#59,#60,
#61,#62,#63,#64,#65,#66,#67,#68,#69,#70,#71,#72,#73,#74,#75,#76),#8227);
#11=ITEM_DEFINED_TRANSFORMATION($,$,#5177,#5503);
#12=ITEM_DEFINED_TRANSFORMATION($,$,#5184,#5504);
#13=(
REPRESENTATION_RELATIONSHIP($,$,#8241,#8240)
REPRESENTATION_RELATIONSHIP_WITH_TRANSFORMATION(#11)
SHAPE_REPRESENTATION_RELATIONSHIP()
);
#14=(
REPRESENTATION_RELATIONSHIP($,$,#8242,#8240)
REPRESENTATION_RELATIONSHIP_WITH_TRANSFORMATION(#12)
SHAPE_REPRESENTATION_RELATIONSHIP()
);
#15=CONTEXT_DEPENDENT_SHAPE_REPRESENTATION(#13,#8238);
#16=CONTEXT_DEPENDENT_SHAPE_REPRESENTATION(#14,#8239);
#17=NEXT_ASSEMBLY_USAGE_OCCURRENCE('Body:1','Body:1','Body:1',#8244,#8245,
'Body:1');
#18=NEXT_ASSEMBLY_USAGE_OCCURRENCE('Pins:1','Pins:1','Pins:1',#8244,#8246,
'Pins:1');
#19=SHAPE_REPRESENTATION_RELATIONSHIP('SRR','None',#8241,#21);
#20=SHAPE_REPRESENTATION_RELATIONSHIP('SRR','None',#8242,#22);
#21=ADVANCED_BREP_SHAPE_REPRESENTATION('',(#77),#8225);
#22=ADVANCED_BREP_SHAPE_REPRESENTATION('',(#78,#79,#80,#81,#82,#83,#84,
#85,#86,#87,#88,#89,#90,#91,#92,#93,#94,#95,#96,#97,#98,#99,#100,#101,#102,
#103,#104,#105,#106,#107,#108,#109,#110,#111,#112,#113,#114,#115,#116,#117,
#118,#119,#120,#121,#122,#123,#124,#125,#126,#127,#128,#129,#130),#8226);
#23=STYLED_ITEM('',(#8260),#77);
#24=STYLED_ITEM('',(#8261),#78);
#25=STYLED_ITEM('',(#8261),#79);
#26=STYLED_ITEM('',(#8261),#80);
#27=STYLED_ITEM('',(#8261),#81);
#28=STYLED_ITEM('',(#8261),#82);
#29=STYLED_ITEM('',(#8261),#83);
#30=STYLED_ITEM('',(#8261),#84);
#31=STYLED_ITEM('',(#8261),#85);
#32=STYLED_ITEM('',(#8261),#86);
#33=STYLED_ITEM('',(#8261),#87);
#34=STYLED_ITEM('',(#8261),#88);
#35=STYLED_ITEM('',(#8261),#89);
#36=STYLED_ITEM('',(#8261),#90);
#37=STYLED_ITEM('',(#8261),#91);
#38=STYLED_ITEM('',(#8261),#92);
#39=STYLED_ITEM('',(#8261),#93);
#40=STYLED_ITEM('',(#8261),#94);
#41=STYLED_ITEM('',(#8261),#95);
#42=STYLED_ITEM('',(#8261),#96);
#43=STYLED_ITEM('',(#8261),#97);
#44=STYLED_ITEM('',(#8261),#98);
#45=STYLED_ITEM('',(#8261),#99);
#46=STYLED_ITEM('',(#8261),#100);
#47=STYLED_ITEM('',(#8261),#101);
#48=STYLED_ITEM('',(#8261),#102);
#49=STYLED_ITEM('',(#8261),#103);
#50=STYLED_ITEM('',(#8261),#104);
#51=STYLED_ITEM('',(#8261),#105);
#52=STYLED_ITEM('',(#8261),#106);
#53=STYLED_ITEM('',(#8261),#107);
#54=STYLED_ITEM('',(#8261),#108);
#55=STYLED_ITEM('',(#8261),#109);
#56=STYLED_ITEM('',(#8261),#110);
#57=STYLED_ITEM('',(#8261),#111);
#58=STYLED_ITEM('',(#8261),#112);
#59=STYLED_ITEM('',(#8261),#113);
#60=STYLED_ITEM('',(#8261),#114);
#61=STYLED_ITEM('',(#8261),#115);
#62=STYLED_ITEM('',(#8261),#116);
#63=STYLED_ITEM('',(#8261),#117);
#64=STYLED_ITEM('',(#8261),#118);
#65=STYLED_ITEM('',(#8261),#119);
#66=STYLED_ITEM('',(#8261),#120);
#67=STYLED_ITEM('',(#8261),#121);
#68=STYLED_ITEM('',(#8261),#122);
#69=STYLED_ITEM('',(#8261),#123);
#70=STYLED_ITEM('',(#8261),#124);
#71=STYLED_ITEM('',(#8261),#125);
#72=STYLED_ITEM('',(#8261),#126);
#73=STYLED_ITEM('',(#8261),#127);
#74=STYLED_ITEM('',(#8261),#128);
#75=STYLED_ITEM('',(#8261),#129);
#76=STYLED_ITEM('',(#8261),#130);
#77=MANIFOLD_SOLID_BREP('Body1',#5099);
#78=MANIFOLD_SOLID_BREP('Body1',#5100);
#79=MANIFOLD_SOLID_BREP('Body2',#5101);
#80=MANIFOLD_SOLID_BREP('Body3',#5102);
#81=MANIFOLD_SOLID_BREP('Body4',#5103);
#82=MANIFOLD_SOLID_BREP('Body5',#5104);
#83=MANIFOLD_SOLID_BREP('Body6',#5105);
#84=MANIFOLD_SOLID_BREP('Body7',#5106);
#85=MANIFOLD_SOLID_BREP('Body8',#5107);
#86=MANIFOLD_SOLID_BREP('Body9',#5108);
#87=MANIFOLD_SOLID_BREP('Body10',#5109);
#88=MANIFOLD_SOLID_BREP('Body11',#5110);
#89=MANIFOLD_SOLID_BREP('Body12',#5111);
#90=MANIFOLD_SOLID_BREP('Body13',#5112);
#91=MANIFOLD_SOLID_BREP('Body14',#5113);
#92=MANIFOLD_SOLID_BREP('Body15',#5114);
#93=MANIFOLD_SOLID_BREP('Body16',#5115);
#94=MANIFOLD_SOLID_BREP('Body17',#5116);
#95=MANIFOLD_SOLID_BREP('Body18',#5117);
#96=MANIFOLD_SOLID_BREP('Body19',#5118);
#97=MANIFOLD_SOLID_BREP('Body20',#5119);
#98=MANIFOLD_SOLID_BREP('Body21',#5120);
#99=MANIFOLD_SOLID_BREP('Body22',#5121);
#100=MANIFOLD_SOLID_BREP('Body23',#5122);
#101=MANIFOLD_SOLID_BREP('Body24',#5123);
#102=MANIFOLD_SOLID_BREP('Body25',#5124);
#103=MANIFOLD_SOLID_BREP('Body26',#5125);
#104=MANIFOLD_SOLID_BREP('Body27',#5126);
#105=MANIFOLD_SOLID_BREP('Body28',#5127);
#106=MANIFOLD_SOLID_BREP('Body29',#5128);
#107=MANIFOLD_SOLID_BREP('Body30',#5129);
#108=MANIFOLD_SOLID_BREP('Body31',#5130);
#109=MANIFOLD_SOLID_BREP('Body32',#5131);
#110=MANIFOLD_SOLID_BREP('Body33',#5132);
#111=MANIFOLD_SOLID_BREP('Body34',#5133);
#112=MANIFOLD_SOLID_BREP('Body35',#5134);
#113=MANIFOLD_SOLID_BREP('Body36',#5135);
#114=MANIFOLD_SOLID_BREP('Body37',#5136);
#115=MANIFOLD_SOLID_BREP('Body38',#5137);
#116=MANIFOLD_SOLID_BREP('Body39',#5138);
#117=MANIFOLD_SOLID_BREP('Body40',#5139);
#118=MANIFOLD_SOLID_BREP('Body41',#5140);
#119=MANIFOLD_SOLID_BREP('Body42',#5141);
#120=MANIFOLD_SOLID_BREP('Body43',#5142);
#121=MANIFOLD_SOLID_BREP('Body44',#5143);
#122=MANIFOLD_SOLID_BREP('Body45',#5144);
#123=MANIFOLD_SOLID_BREP('Body46',#5145);
#124=MANIFOLD_SOLID_BREP('Body47',#5146);
#125=MANIFOLD_SOLID_BREP('Body48',#5147);
#126=MANIFOLD_SOLID_BREP('Body49',#5148);
#127=MANIFOLD_SOLID_BREP('Body50',#5149);
#128=MANIFOLD_SOLID_BREP('Body51',#5150);
#129=MANIFOLD_SOLID_BREP('Body52',#5151);
#130=MANIFOLD_SOLID_BREP('Body53',#5152);
#131=FACE_OUTER_BOUND('',#455,.T.);
#132=FACE_OUTER_BOUND('',#456,.T.);
#133=FACE_OUTER_BOUND('',#457,.T.);
#134=FACE_OUTER_BOUND('',#458,.T.);
#135=FACE_OUTER_BOUND('',#459,.T.);
#136=FACE_OUTER_BOUND('',#460,.T.);
#137=FACE_OUTER_BOUND('',#461,.T.);
#138=FACE_OUTER_BOUND('',#462,.T.);
#139=FACE_OUTER_BOUND('',#463,.T.);
#140=FACE_OUTER_BOUND('',#464,.T.);
#141=FACE_OUTER_BOUND('',#465,.T.);
#142=FACE_OUTER_BOUND('',#466,.T.);
#143=FACE_OUTER_BOUND('',#467,.T.);
#144=FACE_OUTER_BOUND('',#468,.T.);
#145=FACE_OUTER_BOUND('',#469,.T.);
#146=FACE_OUTER_BOUND('',#470,.T.);
#147=FACE_OUTER_BOUND('',#471,.T.);
#148=FACE_OUTER_BOUND('',#472,.T.);
#149=FACE_OUTER_BOUND('',#473,.T.);
#150=FACE_OUTER_BOUND('',#474,.T.);
#151=FACE_OUTER_BOUND('',#475,.T.);
#152=FACE_OUTER_BOUND('',#476,.T.);
#153=FACE_OUTER_BOUND('',#477,.T.);
#154=FACE_OUTER_BOUND('',#478,.T.);
#155=FACE_OUTER_BOUND('',#479,.T.);
#156=FACE_OUTER_BOUND('',#480,.T.);
#157=FACE_OUTER_BOUND('',#481,.T.);
#158=FACE_OUTER_BOUND('',#482,.T.);
#159=FACE_OUTER_BOUND('',#483,.T.);
#160=FACE_OUTER_BOUND('',#484,.T.);
#161=FACE_OUTER_BOUND('',#485,.T.);
#162=FACE_OUTER_BOUND('',#486,.T.);
#163=FACE_OUTER_BOUND('',#487,.T.);
#164=FACE_OUTER_BOUND('',#488,.T.);
#165=FACE_OUTER_BOUND('',#489,.T.);
#166=FACE_OUTER_BOUND('',#490,.T.);
#167=FACE_OUTER_BOUND('',#491,.T.);
#168=FACE_OUTER_BOUND('',#492,.T.);
#169=FACE_OUTER_BOUND('',#493,.T.);
#170=FACE_OUTER_BOUND('',#494,.T.);
#171=FACE_OUTER_BOUND('',#495,.T.);
#172=FACE_OUTER_BOUND('',#496,.T.);
#173=FACE_OUTER_BOUND('',#497,.T.);
#174=FACE_OUTER_BOUND('',#498,.T.);
#175=FACE_OUTER_BOUND('',#499,.T.);
#176=FACE_OUTER_BOUND('',#500,.T.);
#177=FACE_OUTER_BOUND('',#501,.T.);
#178=FACE_OUTER_BOUND('',#502,.T.);
#179=FACE_OUTER_BOUND('',#503,.T.);
#180=FACE_OUTER_BOUND('',#504,.T.);
#181=FACE_OUTER_BOUND('',#505,.T.);
#182=FACE_OUTER_BOUND('',#506,.T.);
#183=FACE_OUTER_BOUND('',#507,.T.);
#184=FACE_OUTER_BOUND('',#508,.T.);
#185=FACE_OUTER_BOUND('',#509,.T.);
#186=FACE_OUTER_BOUND('',#510,.T.);
#187=FACE_OUTER_BOUND('',#511,.T.);
#188=FACE_OUTER_BOUND('',#512,.T.);
#189=FACE_OUTER_BOUND('',#513,.T.);
#190=FACE_OUTER_BOUND('',#514,.T.);
#191=FACE_OUTER_BOUND('',#515,.T.);
#192=FACE_OUTER_BOUND('',#516,.T.);
#193=FACE_OUTER_BOUND('',#517,.T.);
#194=FACE_OUTER_BOUND('',#518,.T.);
#195=FACE_OUTER_BOUND('',#519,.T.);
#196=FACE_OUTER_BOUND('',#520,.T.);
#197=FACE_OUTER_BOUND('',#521,.T.);
#198=FACE_OUTER_BOUND('',#522,.T.);
#199=FACE_OUTER_BOUND('',#523,.T.);
#200=FACE_OUTER_BOUND('',#524,.T.);
#201=FACE_OUTER_BOUND('',#525,.T.);
#202=FACE_OUTER_BOUND('',#526,.T.);
#203=FACE_OUTER_BOUND('',#527,.T.);
#204=FACE_OUTER_BOUND('',#528,.T.);
#205=FACE_OUTER_BOUND('',#529,.T.);
#206=FACE_OUTER_BOUND('',#530,.T.);
#207=FACE_OUTER_BOUND('',#531,.T.);
#208=FACE_OUTER_BOUND('',#532,.T.);
#209=FACE_OUTER_BOUND('',#533,.T.);
#210=FACE_OUTER_BOUND('',#534,.T.);
#211=FACE_OUTER_BOUND('',#535,.T.);
#212=FACE_OUTER_BOUND('',#536,.T.);
#213=FACE_OUTER_BOUND('',#537,.T.);
#214=FACE_OUTER_BOUND('',#538,.T.);
#215=FACE_OUTER_BOUND('',#539,.T.);
#216=FACE_OUTER_BOUND('',#540,.T.);
#217=FACE_OUTER_BOUND('',#541,.T.);
#218=FACE_OUTER_BOUND('',#542,.T.);
#219=FACE_OUTER_BOUND('',#543,.T.);
#220=FACE_OUTER_BOUND('',#544,.T.);
#221=FACE_OUTER_BOUND('',#545,.T.);
#222=FACE_OUTER_BOUND('',#546,.T.);
#223=FACE_OUTER_BOUND('',#547,.T.);
#224=FACE_OUTER_BOUND('',#548,.T.);
#225=FACE_OUTER_BOUND('',#549,.T.);
#226=FACE_OUTER_BOUND('',#550,.T.);
#227=FACE_OUTER_BOUND('',#551,.T.);
#228=FACE_OUTER_BOUND('',#552,.T.);
#229=FACE_OUTER_BOUND('',#553,.T.);
#230=FACE_OUTER_BOUND('',#554,.T.);
#231=FACE_OUTER_BOUND('',#555,.T.);
#232=FACE_OUTER_BOUND('',#556,.T.);
#233=FACE_OUTER_BOUND('',#557,.T.);
#234=FACE_OUTER_BOUND('',#558,.T.);
#235=FACE_OUTER_BOUND('',#559,.T.);
#236=FACE_OUTER_BOUND('',#560,.T.);
#237=FACE_OUTER_BOUND('',#561,.T.);
#238=FACE_OUTER_BOUND('',#562,.T.);
#239=FACE_OUTER_BOUND('',#563,.T.);
#240=FACE_OUTER_BOUND('',#564,.T.);
#241=FACE_OUTER_BOUND('',#565,.T.);
#242=FACE_OUTER_BOUND('',#566,.T.);
#243=FACE_OUTER_BOUND('',#567,.T.);
#244=FACE_OUTER_BOUND('',#568,.T.);
#245=FACE_OUTER_BOUND('',#569,.T.);
#246=FACE_OUTER_BOUND('',#570,.T.);
#247=FACE_OUTER_BOUND('',#571,.T.);
#248=FACE_OUTER_BOUND('',#572,.T.);
#249=FACE_OUTER_BOUND('',#573,.T.);
#250=FACE_OUTER_BOUND('',#574,.T.);
#251=FACE_OUTER_BOUND('',#575,.T.);
#252=FACE_OUTER_BOUND('',#576,.T.);
#253=FACE_OUTER_BOUND('',#577,.T.);
#254=FACE_OUTER_BOUND('',#578,.T.);
#255=FACE_OUTER_BOUND('',#579,.T.);
#256=FACE_OUTER_BOUND('',#580,.T.);
#257=FACE_OUTER_BOUND('',#581,.T.);
#258=FACE_OUTER_BOUND('',#582,.T.);
#259=FACE_OUTER_BOUND('',#583,.T.);
#260=FACE_OUTER_BOUND('',#584,.T.);
#261=FACE_OUTER_BOUND('',#585,.T.);
#262=FACE_OUTER_BOUND('',#586,.T.);
#263=FACE_OUTER_BOUND('',#587,.T.);
#264=FACE_OUTER_BOUND('',#588,.T.);
#265=FACE_OUTER_BOUND('',#589,.T.);
#266=FACE_OUTER_BOUND('',#590,.T.);
#267=FACE_OUTER_BOUND('',#591,.T.);
#268=FACE_OUTER_BOUND('',#592,.T.);
#269=FACE_OUTER_BOUND('',#593,.T.);
#270=FACE_OUTER_BOUND('',#594,.T.);
#271=FACE_OUTER_BOUND('',#595,.T.);
#272=FACE_OUTER_BOUND('',#596,.T.);
#273=FACE_OUTER_BOUND('',#597,.T.);
#274=FACE_OUTER_BOUND('',#598,.T.);
#275=FACE_OUTER_BOUND('',#599,.T.);
#276=FACE_OUTER_BOUND('',#600,.T.);
#277=FACE_OUTER_BOUND('',#601,.T.);
#278=FACE_OUTER_BOUND('',#602,.T.);
#279=FACE_OUTER_BOUND('',#603,.T.);
#280=FACE_OUTER_BOUND('',#604,.T.);
#281=FACE_OUTER_BOUND('',#605,.T.);
#282=FACE_OUTER_BOUND('',#606,.T.);
#283=FACE_OUTER_BOUND('',#607,.T.);
#284=FACE_OUTER_BOUND('',#608,.T.);
#285=FACE_OUTER_BOUND('',#609,.T.);
#286=FACE_OUTER_BOUND('',#610,.T.);
#287=FACE_OUTER_BOUND('',#611,.T.);
#288=FACE_OUTER_BOUND('',#612,.T.);
#289=FACE_OUTER_BOUND('',#613,.T.);
#290=FACE_OUTER_BOUND('',#614,.T.);
#291=FACE_OUTER_BOUND('',#615,.T.);
#292=FACE_OUTER_BOUND('',#616,.T.);
#293=FACE_OUTER_BOUND('',#617,.T.);
#294=FACE_OUTER_BOUND('',#618,.T.);
#295=FACE_OUTER_BOUND('',#619,.T.);
#296=FACE_OUTER_BOUND('',#620,.T.);
#297=FACE_OUTER_BOUND('',#621,.T.);
#298=FACE_OUTER_BOUND('',#622,.T.);
#299=FACE_OUTER_BOUND('',#623,.T.);
#300=FACE_OUTER_BOUND('',#624,.T.);
#301=FACE_OUTER_BOUND('',#625,.T.);
#302=FACE_OUTER_BOUND('',#626,.T.);
#303=FACE_OUTER_BOUND('',#627,.T.);
#304=FACE_OUTER_BOUND('',#628,.T.);
#305=FACE_OUTER_BOUND('',#629,.T.);
#306=FACE_OUTER_BOUND('',#630,.T.);
#307=FACE_OUTER_BOUND('',#631,.T.);
#308=FACE_OUTER_BOUND('',#632,.T.);
#309=FACE_OUTER_BOUND('',#633,.T.);
#310=FACE_OUTER_BOUND('',#634,.T.);
#311=FACE_OUTER_BOUND('',#635,.T.);
#312=FACE_OUTER_BOUND('',#636,.T.);
#313=FACE_OUTER_BOUND('',#637,.T.);
#314=FACE_OUTER_BOUND('',#638,.T.);
#315=FACE_OUTER_BOUND('',#639,.T.);
#316=FACE_OUTER_BOUND('',#640,.T.);
#317=FACE_OUTER_BOUND('',#641,.T.);
#318=FACE_OUTER_BOUND('',#642,.T.);
#319=FACE_OUTER_BOUND('',#643,.T.);
#320=FACE_OUTER_BOUND('',#644,.T.);
#321=FACE_OUTER_BOUND('',#645,.T.);
#322=FACE_OUTER_BOUND('',#646,.T.);
#323=FACE_OUTER_BOUND('',#647,.T.);
#324=FACE_OUTER_BOUND('',#648,.T.);
#325=FACE_OUTER_BOUND('',#649,.T.);
#326=FACE_OUTER_BOUND('',#650,.T.);
#327=FACE_OUTER_BOUND('',#651,.T.);
#328=FACE_OUTER_BOUND('',#652,.T.);
#329=FACE_OUTER_BOUND('',#653,.T.);
#330=FACE_OUTER_BOUND('',#654,.T.);
#331=FACE_OUTER_BOUND('',#655,.T.);
#332=FACE_OUTER_BOUND('',#656,.T.);
#333=FACE_OUTER_BOUND('',#657,.T.);
#334=FACE_OUTER_BOUND('',#658,.T.);
#335=FACE_OUTER_BOUND('',#659,.T.);
#336=FACE_OUTER_BOUND('',#660,.T.);
#337=FACE_OUTER_BOUND('',#661,.T.);
#338=FACE_OUTER_BOUND('',#662,.T.);
#339=FACE_OUTER_BOUND('',#663,.T.);
#340=FACE_OUTER_BOUND('',#664,.T.);
#341=FACE_OUTER_BOUND('',#665,.T.);
#342=FACE_OUTER_BOUND('',#666,.T.);
#343=FACE_OUTER_BOUND('',#667,.T.);
#344=FACE_OUTER_BOUND('',#668,.T.);
#345=FACE_OUTER_BOUND('',#669,.T.);
#346=FACE_OUTER_BOUND('',#670,.T.);
#347=FACE_OUTER_BOUND('',#671,.T.);
#348=FACE_OUTER_BOUND('',#672,.T.);
#349=FACE_OUTER_BOUND('',#673,.T.);
#350=FACE_OUTER_BOUND('',#674,.T.);
#351=FACE_OUTER_BOUND('',#675,.T.);
#352=FACE_OUTER_BOUND('',#676,.T.);
#353=FACE_OUTER_BOUND('',#677,.T.);
#354=FACE_OUTER_BOUND('',#678,.T.);
#355=FACE_OUTER_BOUND('',#679,.T.);
#356=FACE_OUTER_BOUND('',#680,.T.);
#357=FACE_OUTER_BOUND('',#681,.T.);
#358=FACE_OUTER_BOUND('',#682,.T.);
#359=FACE_OUTER_BOUND('',#683,.T.);
#360=FACE_OUTER_BOUND('',#684,.T.);
#361=FACE_OUTER_BOUND('',#685,.T.);
#362=FACE_OUTER_BOUND('',#686,.T.);
#363=FACE_OUTER_BOUND('',#687,.T.);
#364=FACE_OUTER_BOUND('',#688,.T.);
#365=FACE_OUTER_BOUND('',#689,.T.);
#366=FACE_OUTER_BOUND('',#690,.T.);
#367=FACE_OUTER_BOUND('',#691,.T.);
#368=FACE_OUTER_BOUND('',#692,.T.);
#369=FACE_OUTER_BOUND('',#693,.T.);
#370=FACE_OUTER_BOUND('',#694,.T.);
#371=FACE_OUTER_BOUND('',#695,.T.);
#372=FACE_OUTER_BOUND('',#696,.T.);
#373=FACE_OUTER_BOUND('',#697,.T.);
#374=FACE_OUTER_BOUND('',#698,.T.);
#375=FACE_OUTER_BOUND('',#699,.T.);
#376=FACE_OUTER_BOUND('',#700,.T.);
#377=FACE_OUTER_BOUND('',#701,.T.);
#378=FACE_OUTER_BOUND('',#702,.T.);
#379=FACE_OUTER_BOUND('',#703,.T.);
#380=FACE_OUTER_BOUND('',#704,.T.);
#381=FACE_OUTER_BOUND('',#705,.T.);
#382=FACE_OUTER_BOUND('',#706,.T.);
#383=FACE_OUTER_BOUND('',#707,.T.);
#384=FACE_OUTER_BOUND('',#708,.T.);
#385=FACE_OUTER_BOUND('',#709,.T.);
#386=FACE_OUTER_BOUND('',#710,.T.);
#387=FACE_OUTER_BOUND('',#711,.T.);
#388=FACE_OUTER_BOUND('',#712,.T.);
#389=FACE_OUTER_BOUND('',#713,.T.);
#390=FACE_OUTER_BOUND('',#714,.T.);
#391=FACE_OUTER_BOUND('',#715,.T.);
#392=FACE_OUTER_BOUND('',#716,.T.);
#393=FACE_OUTER_BOUND('',#717,.T.);
#394=FACE_OUTER_BOUND('',#718,.T.);
#395=FACE_OUTER_BOUND('',#719,.T.);
#396=FACE_OUTER_BOUND('',#720,.T.);
#397=FACE_OUTER_BOUND('',#721,.T.);
#398=FACE_OUTER_BOUND('',#722,.T.);
#399=FACE_OUTER_BOUND('',#723,.T.);
#400=FACE_OUTER_BOUND('',#724,.T.);
#401=FACE_OUTER_BOUND('',#725,.T.);
#402=FACE_OUTER_BOUND('',#726,.T.);
#403=FACE_OUTER_BOUND('',#727,.T.);
#404=FACE_OUTER_BOUND('',#728,.T.);
#405=FACE_OUTER_BOUND('',#729,.T.);
#406=FACE_OUTER_BOUND('',#730,.T.);
#407=FACE_OUTER_BOUND('',#731,.T.);
#408=FACE_OUTER_BOUND('',#732,.T.);
#409=FACE_OUTER_BOUND('',#733,.T.);
#410=FACE_OUTER_BOUND('',#734,.T.);
#411=FACE_OUTER_BOUND('',#735,.T.);
#412=FACE_OUTER_BOUND('',#736,.T.);
#413=FACE_OUTER_BOUND('',#737,.T.);
#414=FACE_OUTER_BOUND('',#738,.T.);
#415=FACE_OUTER_BOUND('',#739,.T.);
#416=FACE_OUTER_BOUND('',#740,.T.);
#417=FACE_OUTER_BOUND('',#741,.T.);
#418=FACE_OUTER_BOUND('',#742,.T.);
#419=FACE_OUTER_BOUND('',#743,.T.);
#420=FACE_OUTER_BOUND('',#744,.T.);
#421=FACE_OUTER_BOUND('',#745,.T.);
#422=FACE_OUTER_BOUND('',#746,.T.);
#423=FACE_OUTER_BOUND('',#747,.T.);
#424=FACE_OUTER_BOUND('',#748,.T.);
#425=FACE_OUTER_BOUND('',#749,.T.);
#426=FACE_OUTER_BOUND('',#750,.T.);
#427=FACE_OUTER_BOUND('',#751,.T.);
#428=FACE_OUTER_BOUND('',#752,.T.);
#429=FACE_OUTER_BOUND('',#753,.T.);
#430=FACE_OUTER_BOUND('',#754,.T.);
#431=FACE_OUTER_BOUND('',#755,.T.);
#432=FACE_OUTER_BOUND('',#756,.T.);
#433=FACE_OUTER_BOUND('',#757,.T.);
#434=FACE_OUTER_BOUND('',#758,.T.);
#435=FACE_OUTER_BOUND('',#759,.T.);
#436=FACE_OUTER_BOUND('',#760,.T.);
#437=FACE_OUTER_BOUND('',#761,.T.);
#438=FACE_OUTER_BOUND('',#762,.T.);
#439=FACE_OUTER_BOUND('',#763,.T.);
#440=FACE_OUTER_BOUND('',#764,.T.);
#441=FACE_OUTER_BOUND('',#765,.T.);
#442=FACE_OUTER_BOUND('',#766,.T.);
#443=FACE_OUTER_BOUND('',#767,.T.);
#444=FACE_OUTER_BOUND('',#768,.T.);
#445=FACE_OUTER_BOUND('',#769,.T.);
#446=FACE_OUTER_BOUND('',#770,.T.);
#447=FACE_OUTER_BOUND('',#771,.T.);
#448=FACE_OUTER_BOUND('',#772,.T.);
#449=FACE_OUTER_BOUND('',#773,.T.);
#450=FACE_OUTER_BOUND('',#774,.T.);
#451=FACE_OUTER_BOUND('',#775,.T.);
#452=FACE_OUTER_BOUND('',#776,.T.);
#453=FACE_OUTER_BOUND('',#777,.T.);
#454=FACE_OUTER_BOUND('',#778,.T.);
#455=EDGE_LOOP('',(#3155,#3156,#3157,#3158));
#456=EDGE_LOOP('',(#3159,#3160,#3161,#3162));
#457=EDGE_LOOP('',(#3163,#3164,#3165,#3166));
#458=EDGE_LOOP('',(#3167,#3168,#3169,#3170));
#459=EDGE_LOOP('',(#3171,#3172,#3173,#3174));
#460=EDGE_LOOP('',(#3175,#3176,#3177,#3178));
#461=EDGE_LOOP('',(#3179,#3180,#3181,#3182));
#462=EDGE_LOOP('',(#3183,#3184,#3185,#3186));
#463=EDGE_LOOP('',(#3187,#3188,#3189,#3190));
#464=EDGE_LOOP('',(#3191,#3192,#3193,#3194));
#465=EDGE_LOOP('',(#3195,#3196,#3197,#3198));
#466=EDGE_LOOP('',(#3199,#3200,#3201,#3202));
#467=EDGE_LOOP('',(#3203,#3204,#3205,#3206));
#468=EDGE_LOOP('',(#3207,#3208,#3209,#3210));
#469=EDGE_LOOP('',(#3211,#3212,#3213,#3214));
#470=EDGE_LOOP('',(#3215,#3216,#3217,#3218));
#471=EDGE_LOOP('',(#3219,#3220,#3221,#3222));
#472=EDGE_LOOP('',(#3223,#3224,#3225,#3226));
#473=EDGE_LOOP('',(#3227,#3228,#3229,#3230));
#474=EDGE_LOOP('',(#3231,#3232,#3233,#3234));
#475=EDGE_LOOP('',(#3235,#3236,#3237,#3238));
#476=EDGE_LOOP('',(#3239,#3240,#3241,#3242));
#477=EDGE_LOOP('',(#3243,#3244,#3245,#3246));
#478=EDGE_LOOP('',(#3247,#3248,#3249,#3250));
#479=EDGE_LOOP('',(#3251,#3252,#3253,#3254));
#480=EDGE_LOOP('',(#3255,#3256,#3257,#3258));
#481=EDGE_LOOP('',(#3259,#3260,#3261,#3262));
#482=EDGE_LOOP('',(#3263,#3264,#3265,#3266));
#483=EDGE_LOOP('',(#3267,#3268,#3269,#3270));
#484=EDGE_LOOP('',(#3271,#3272,#3273,#3274));
#485=EDGE_LOOP('',(#3275,#3276,#3277,#3278));
#486=EDGE_LOOP('',(#3279,#3280,#3281,#3282));
#487=EDGE_LOOP('',(#3283,#3284,#3285,#3286));
#488=EDGE_LOOP('',(#3287,#3288,#3289,#3290));
#489=EDGE_LOOP('',(#3291,#3292,#3293,#3294));
#490=EDGE_LOOP('',(#3295,#3296,#3297,#3298));
#491=EDGE_LOOP('',(#3299,#3300,#3301,#3302));
#492=EDGE_LOOP('',(#3303,#3304,#3305,#3306));
#493=EDGE_LOOP('',(#3307,#3308,#3309,#3310));
#494=EDGE_LOOP('',(#3311,#3312,#3313,#3314));
#495=EDGE_LOOP('',(#3315,#3316,#3317,#3318));
#496=EDGE_LOOP('',(#3319,#3320,#3321,#3322));
#497=EDGE_LOOP('',(#3323,#3324,#3325,#3326));
#498=EDGE_LOOP('',(#3327,#3328,#3329,#3330));
#499=EDGE_LOOP('',(#3331,#3332,#3333,#3334));
#500=EDGE_LOOP('',(#3335,#3336,#3337,#3338));
#501=EDGE_LOOP('',(#3339,#3340,#3341,#3342));
#502=EDGE_LOOP('',(#3343,#3344,#3345,#3346));
#503=EDGE_LOOP('',(#3347,#3348,#3349,#3350));
#504=EDGE_LOOP('',(#3351,#3352,#3353,#3354));
#505=EDGE_LOOP('',(#3355,#3356,#3357,#3358));
#506=EDGE_LOOP('',(#3359,#3360,#3361,#3362));
#507=EDGE_LOOP('',(#3363,#3364,#3365,#3366));
#508=EDGE_LOOP('',(#3367,#3368,#3369,#3370));
#509=EDGE_LOOP('',(#3371,#3372,#3373,#3374));
#510=EDGE_LOOP('',(#3375,#3376,#3377,#3378));
#511=EDGE_LOOP('',(#3379,#3380,#3381,#3382));
#512=EDGE_LOOP('',(#3383,#3384,#3385,#3386));
#513=EDGE_LOOP('',(#3387,#3388,#3389,#3390));
#514=EDGE_LOOP('',(#3391,#3392,#3393,#3394));
#515=EDGE_LOOP('',(#3395,#3396,#3397,#3398));
#516=EDGE_LOOP('',(#3399,#3400,#3401,#3402));
#517=EDGE_LOOP('',(#3403,#3404,#3405,#3406));
#518=EDGE_LOOP('',(#3407,#3408,#3409,#3410));
#519=EDGE_LOOP('',(#3411,#3412,#3413,#3414));
#520=EDGE_LOOP('',(#3415,#3416,#3417,#3418));
#521=EDGE_LOOP('',(#3419,#3420,#3421,#3422));
#522=EDGE_LOOP('',(#3423,#3424,#3425,#3426));
#523=EDGE_LOOP('',(#3427,#3428,#3429,#3430));
#524=EDGE_LOOP('',(#3431,#3432,#3433,#3434));
#525=EDGE_LOOP('',(#3435,#3436,#3437,#3438));
#526=EDGE_LOOP('',(#3439,#3440,#3441,#3442));
#527=EDGE_LOOP('',(#3443,#3444,#3445,#3446));
#528=EDGE_LOOP('',(#3447,#3448,#3449,#3450));
#529=EDGE_LOOP('',(#3451,#3452,#3453,#3454));
#530=EDGE_LOOP('',(#3455,#3456,#3457,#3458));
#531=EDGE_LOOP('',(#3459,#3460,#3461,#3462));
#532=EDGE_LOOP('',(#3463,#3464,#3465,#3466));
#533=EDGE_LOOP('',(#3467,#3468,#3469,#3470));
#534=EDGE_LOOP('',(#3471,#3472,#3473,#3474));
#535=EDGE_LOOP('',(#3475,#3476,#3477,#3478));
#536=EDGE_LOOP('',(#3479,#3480,#3481,#3482));
#537=EDGE_LOOP('',(#3483,#3484,#3485,#3486));
#538=EDGE_LOOP('',(#3487,#3488,#3489,#3490));
#539=EDGE_LOOP('',(#3491,#3492,#3493,#3494));
#540=EDGE_LOOP('',(#3495,#3496,#3497,#3498));
#541=EDGE_LOOP('',(#3499,#3500,#3501,#3502));
#542=EDGE_LOOP('',(#3503,#3504,#3505,#3506));
#543=EDGE_LOOP('',(#3507,#3508,#3509,#3510));
#544=EDGE_LOOP('',(#3511,#3512,#3513,#3514));
#545=EDGE_LOOP('',(#3515,#3516,#3517,#3518));
#546=EDGE_LOOP('',(#3519,#3520,#3521,#3522));
#547=EDGE_LOOP('',(#3523,#3524,#3525,#3526));
#548=EDGE_LOOP('',(#3527,#3528,#3529,#3530));
#549=EDGE_LOOP('',(#3531,#3532,#3533,#3534));
#550=EDGE_LOOP('',(#3535,#3536,#3537,#3538));
#551=EDGE_LOOP('',(#3539,#3540,#3541,#3542));
#552=EDGE_LOOP('',(#3543,#3544,#3545,#3546));
#553=EDGE_LOOP('',(#3547,#3548,#3549,#3550));
#554=EDGE_LOOP('',(#3551,#3552,#3553,#3554));
#555=EDGE_LOOP('',(#3555,#3556,#3557,#3558));
#556=EDGE_LOOP('',(#3559,#3560,#3561,#3562));
#557=EDGE_LOOP('',(#3563,#3564,#3565,#3566));
#558=EDGE_LOOP('',(#3567,#3568,#3569,#3570));
#559=EDGE_LOOP('',(#3571,#3572,#3573,#3574));
#560=EDGE_LOOP('',(#3575,#3576,#3577,#3578));
#561=EDGE_LOOP('',(#3579,#3580,#3581,#3582));
#562=EDGE_LOOP('',(#3583,#3584,#3585,#3586));
#563=EDGE_LOOP('',(#3587,#3588,#3589,#3590));
#564=EDGE_LOOP('',(#3591,#3592,#3593,#3594));
#565=EDGE_LOOP('',(#3595,#3596,#3597,#3598));
#566=EDGE_LOOP('',(#3599,#3600,#3601,#3602));
#567=EDGE_LOOP('',(#3603,#3604,#3605,#3606));
#568=EDGE_LOOP('',(#3607,#3608,#3609,#3610));
#569=EDGE_LOOP('',(#3611,#3612,#3613,#3614));
#570=EDGE_LOOP('',(#3615,#3616,#3617,#3618));
#571=EDGE_LOOP('',(#3619,#3620,#3621,#3622));
#572=EDGE_LOOP('',(#3623,#3624,#3625,#3626));
#573=EDGE_LOOP('',(#3627,#3628,#3629,#3630));
#574=EDGE_LOOP('',(#3631,#3632,#3633,#3634));
#575=EDGE_LOOP('',(#3635,#3636,#3637,#3638));
#576=EDGE_LOOP('',(#3639,#3640,#3641,#3642));
#577=EDGE_LOOP('',(#3643,#3644,#3645,#3646));
#578=EDGE_LOOP('',(#3647,#3648,#3649,#3650));
#579=EDGE_LOOP('',(#3651,#3652,#3653,#3654));
#580=EDGE_LOOP('',(#3655,#3656,#3657,#3658));
#581=EDGE_LOOP('',(#3659,#3660,#3661,#3662));
#582=EDGE_LOOP('',(#3663,#3664,#3665,#3666));
#583=EDGE_LOOP('',(#3667,#3668,#3669,#3670));
#584=EDGE_LOOP('',(#3671,#3672,#3673,#3674));
#585=EDGE_LOOP('',(#3675,#3676,#3677,#3678));
#586=EDGE_LOOP('',(#3679,#3680,#3681,#3682));
#587=EDGE_LOOP('',(#3683,#3684,#3685,#3686));
#588=EDGE_LOOP('',(#3687,#3688,#3689,#3690));
#589=EDGE_LOOP('',(#3691,#3692,#3693,#3694));
#590=EDGE_LOOP('',(#3695,#3696,#3697,#3698));
#591=EDGE_LOOP('',(#3699,#3700,#3701,#3702));
#592=EDGE_LOOP('',(#3703,#3704,#3705,#3706));
#593=EDGE_LOOP('',(#3707,#3708,#3709,#3710));
#594=EDGE_LOOP('',(#3711,#3712,#3713,#3714));
#595=EDGE_LOOP('',(#3715,#3716,#3717,#3718));
#596=EDGE_LOOP('',(#3719,#3720,#3721,#3722));
#597=EDGE_LOOP('',(#3723,#3724,#3725,#3726));
#598=EDGE_LOOP('',(#3727,#3728,#3729,#3730));
#599=EDGE_LOOP('',(#3731,#3732,#3733,#3734));
#600=EDGE_LOOP('',(#3735,#3736,#3737,#3738));
#601=EDGE_LOOP('',(#3739,#3740,#3741,#3742));
#602=EDGE_LOOP('',(#3743,#3744,#3745,#3746));
#603=EDGE_LOOP('',(#3747,#3748,#3749,#3750));
#604=EDGE_LOOP('',(#3751,#3752,#3753,#3754));
#605=EDGE_LOOP('',(#3755,#3756,#3757,#3758));
#606=EDGE_LOOP('',(#3759,#3760,#3761,#3762));
#607=EDGE_LOOP('',(#3763,#3764,#3765,#3766));
#608=EDGE_LOOP('',(#3767,#3768,#3769,#3770));
#609=EDGE_LOOP('',(#3771,#3772,#3773,#3774));
#610=EDGE_LOOP('',(#3775,#3776,#3777,#3778));
#611=EDGE_LOOP('',(#3779,#3780,#3781,#3782));
#612=EDGE_LOOP('',(#3783,#3784,#3785,#3786));
#613=EDGE_LOOP('',(#3787,#3788,#3789,#3790));
#614=EDGE_LOOP('',(#3791,#3792,#3793,#3794));
#615=EDGE_LOOP('',(#3795,#3796,#3797,#3798));
#616=EDGE_LOOP('',(#3799,#3800,#3801,#3802));
#617=EDGE_LOOP('',(#3803,#3804,#3805,#3806));
#618=EDGE_LOOP('',(#3807,#3808,#3809,#3810));
#619=EDGE_LOOP('',(#3811,#3812,#3813,#3814));
#620=EDGE_LOOP('',(#3815,#3816,#3817,#3818));
#621=EDGE_LOOP('',(#3819,#3820,#3821,#3822));
#622=EDGE_LOOP('',(#3823,#3824,#3825,#3826));
#623=EDGE_LOOP('',(#3827,#3828,#3829,#3830));
#624=EDGE_LOOP('',(#3831,#3832,#3833,#3834));
#625=EDGE_LOOP('',(#3835,#3836,#3837,#3838));
#626=EDGE_LOOP('',(#3839,#3840,#3841,#3842));
#627=EDGE_LOOP('',(#3843,#3844,#3845,#3846));
#628=EDGE_LOOP('',(#3847,#3848,#3849,#3850));
#629=EDGE_LOOP('',(#3851,#3852,#3853,#3854));
#630=EDGE_LOOP('',(#3855,#3856,#3857,#3858));
#631=EDGE_LOOP('',(#3859,#3860,#3861,#3862));
#632=EDGE_LOOP('',(#3863,#3864,#3865,#3866));
#633=EDGE_LOOP('',(#3867,#3868,#3869,#3870));
#634=EDGE_LOOP('',(#3871,#3872,#3873,#3874));
#635=EDGE_LOOP('',(#3875,#3876,#3877,#3878));
#636=EDGE_LOOP('',(#3879,#3880,#3881,#3882));
#637=EDGE_LOOP('',(#3883,#3884,#3885,#3886));
#638=EDGE_LOOP('',(#3887,#3888,#3889,#3890));
#639=EDGE_LOOP('',(#3891,#3892,#3893,#3894));
#640=EDGE_LOOP('',(#3895,#3896,#3897,#3898));
#641=EDGE_LOOP('',(#3899,#3900,#3901,#3902));
#642=EDGE_LOOP('',(#3903,#3904,#3905,#3906));
#643=EDGE_LOOP('',(#3907,#3908,#3909,#3910));
#644=EDGE_LOOP('',(#3911,#3912,#3913,#3914));
#645=EDGE_LOOP('',(#3915,#3916,#3917,#3918));
#646=EDGE_LOOP('',(#3919,#3920,#3921,#3922));
#647=EDGE_LOOP('',(#3923,#3924,#3925,#3926));
#648=EDGE_LOOP('',(#3927,#3928,#3929,#3930));
#649=EDGE_LOOP('',(#3931,#3932,#3933,#3934));
#650=EDGE_LOOP('',(#3935,#3936,#3937,#3938));
#651=EDGE_LOOP('',(#3939,#3940,#3941,#3942));
#652=EDGE_LOOP('',(#3943,#3944,#3945,#3946));
#653=EDGE_LOOP('',(#3947,#3948,#3949,#3950));
#654=EDGE_LOOP('',(#3951,#3952,#3953,#3954));
#655=EDGE_LOOP('',(#3955,#3956,#3957,#3958));
#656=EDGE_LOOP('',(#3959,#3960,#3961,#3962));
#657=EDGE_LOOP('',(#3963,#3964,#3965,#3966));
#658=EDGE_LOOP('',(#3967,#3968,#3969,#3970));
#659=EDGE_LOOP('',(#3971,#3972,#3973,#3974));
#660=EDGE_LOOP('',(#3975,#3976,#3977,#3978));
#661=EDGE_LOOP('',(#3979,#3980,#3981,#3982));
#662=EDGE_LOOP('',(#3983,#3984,#3985,#3986));
#663=EDGE_LOOP('',(#3987,#3988,#3989,#3990));
#664=EDGE_LOOP('',(#3991,#3992,#3993,#3994));
#665=EDGE_LOOP('',(#3995,#3996,#3997,#3998));
#666=EDGE_LOOP('',(#3999,#4000,#4001,#4002));
#667=EDGE_LOOP('',(#4003,#4004,#4005,#4006));
#668=EDGE_LOOP('',(#4007,#4008,#4009,#4010));
#669=EDGE_LOOP('',(#4011,#4012,#4013,#4014));
#670=EDGE_LOOP('',(#4015,#4016,#4017,#4018));
#671=EDGE_LOOP('',(#4019,#4020,#4021,#4022));
#672=EDGE_LOOP('',(#4023,#4024,#4025,#4026));
#673=EDGE_LOOP('',(#4027,#4028,#4029,#4030));
#674=EDGE_LOOP('',(#4031,#4032,#4033,#4034));
#675=EDGE_LOOP('',(#4035,#4036,#4037,#4038));
#676=EDGE_LOOP('',(#4039,#4040,#4041,#4042));
#677=EDGE_LOOP('',(#4043,#4044,#4045,#4046));
#678=EDGE_LOOP('',(#4047,#4048,#4049,#4050));
#679=EDGE_LOOP('',(#4051,#4052,#4053,#4054));
#680=EDGE_LOOP('',(#4055,#4056,#4057,#4058));
#681=EDGE_LOOP('',(#4059,#4060,#4061,#4062));
#682=EDGE_LOOP('',(#4063,#4064,#4065,#4066));
#683=EDGE_LOOP('',(#4067,#4068,#4069,#4070));
#684=EDGE_LOOP('',(#4071,#4072,#4073,#4074));
#685=EDGE_LOOP('',(#4075,#4076,#4077,#4078));
#686=EDGE_LOOP('',(#4079,#4080,#4081,#4082));
#687=EDGE_LOOP('',(#4083,#4084,#4085,#4086));
#688=EDGE_LOOP('',(#4087,#4088,#4089,#4090));
#689=EDGE_LOOP('',(#4091,#4092,#4093,#4094));
#690=EDGE_LOOP('',(#4095,#4096,#4097,#4098));
#691=EDGE_LOOP('',(#4099,#4100,#4101,#4102));
#692=EDGE_LOOP('',(#4103,#4104,#4105,#4106));
#693=EDGE_LOOP('',(#4107,#4108,#4109,#4110));
#694=EDGE_LOOP('',(#4111,#4112,#4113,#4114));
#695=EDGE_LOOP('',(#4115,#4116,#4117,#4118));
#696=EDGE_LOOP('',(#4119,#4120,#4121,#4122));
#697=EDGE_LOOP('',(#4123,#4124,#4125,#4126));
#698=EDGE_LOOP('',(#4127,#4128,#4129,#4130));
#699=EDGE_LOOP('',(#4131,#4132,#4133,#4134));
#700=EDGE_LOOP('',(#4135,#4136,#4137,#4138));
#701=EDGE_LOOP('',(#4139,#4140,#4141,#4142));
#702=EDGE_LOOP('',(#4143,#4144,#4145,#4146));
#703=EDGE_LOOP('',(#4147,#4148,#4149,#4150));
#704=EDGE_LOOP('',(#4151,#4152,#4153,#4154));
#705=EDGE_LOOP('',(#4155,#4156,#4157,#4158));
#706=EDGE_LOOP('',(#4159,#4160,#4161,#4162));
#707=EDGE_LOOP('',(#4163,#4164,#4165,#4166));
#708=EDGE_LOOP('',(#4167,#4168,#4169,#4170));
#709=EDGE_LOOP('',(#4171,#4172,#4173,#4174));
#710=EDGE_LOOP('',(#4175,#4176,#4177,#4178));
#711=EDGE_LOOP('',(#4179,#4180,#4181,#4182));
#712=EDGE_LOOP('',(#4183,#4184,#4185,#4186));
#713=EDGE_LOOP('',(#4187,#4188,#4189,#4190));
#714=EDGE_LOOP('',(#4191,#4192,#4193,#4194));
#715=EDGE_LOOP('',(#4195,#4196,#4197,#4198));
#716=EDGE_LOOP('',(#4199,#4200,#4201,#4202));
#717=EDGE_LOOP('',(#4203,#4204,#4205,#4206));
#718=EDGE_LOOP('',(#4207,#4208,#4209,#4210));
#719=EDGE_LOOP('',(#4211,#4212,#4213,#4214));
#720=EDGE_LOOP('',(#4215,#4216,#4217,#4218));
#721=EDGE_LOOP('',(#4219,#4220,#4221,#4222));
#722=EDGE_LOOP('',(#4223,#4224,#4225,#4226));
#723=EDGE_LOOP('',(#4227,#4228,#4229,#4230));
#724=EDGE_LOOP('',(#4231,#4232,#4233,#4234));
#725=EDGE_LOOP('',(#4235,#4236,#4237,#4238));
#726=EDGE_LOOP('',(#4239,#4240,#4241,#4242));
#727=EDGE_LOOP('',(#4243,#4244,#4245,#4246));
#728=EDGE_LOOP('',(#4247,#4248,#4249,#4250));
#729=EDGE_LOOP('',(#4251,#4252,#4253,#4254));
#730=EDGE_LOOP('',(#4255,#4256,#4257,#4258));
#731=EDGE_LOOP('',(#4259,#4260,#4261,#4262));
#732=EDGE_LOOP('',(#4263,#4264,#4265,#4266));
#733=EDGE_LOOP('',(#4267,#4268,#4269,#4270));
#734=EDGE_LOOP('',(#4271,#4272,#4273,#4274));
#735=EDGE_LOOP('',(#4275,#4276,#4277,#4278));
#736=EDGE_LOOP('',(#4279,#4280,#4281,#4282));
#737=EDGE_LOOP('',(#4283,#4284,#4285,#4286));
#738=EDGE_LOOP('',(#4287,#4288,#4289,#4290));
#739=EDGE_LOOP('',(#4291,#4292,#4293,#4294));
#740=EDGE_LOOP('',(#4295,#4296,#4297,#4298));
#741=EDGE_LOOP('',(#4299,#4300,#4301,#4302));
#742=EDGE_LOOP('',(#4303,#4304,#4305,#4306));
#743=EDGE_LOOP('',(#4307,#4308,#4309,#4310));
#744=EDGE_LOOP('',(#4311,#4312,#4313,#4314));
#745=EDGE_LOOP('',(#4315,#4316,#4317,#4318));
#746=EDGE_LOOP('',(#4319,#4320,#4321,#4322));
#747=EDGE_LOOP('',(#4323,#4324,#4325,#4326));
#748=EDGE_LOOP('',(#4327,#4328,#4329,#4330));
#749=EDGE_LOOP('',(#4331,#4332,#4333,#4334));
#750=EDGE_LOOP('',(#4335,#4336,#4337,#4338));
#751=EDGE_LOOP('',(#4339,#4340,#4341,#4342));
#752=EDGE_LOOP('',(#4343,#4344,#4345,#4346));
#753=EDGE_LOOP('',(#4347,#4348,#4349,#4350));
#754=EDGE_LOOP('',(#4351,#4352,#4353,#4354));
#755=EDGE_LOOP('',(#4355,#4356,#4357,#4358));
#756=EDGE_LOOP('',(#4359,#4360,#4361,#4362));
#757=EDGE_LOOP('',(#4363,#4364,#4365,#4366));
#758=EDGE_LOOP('',(#4367,#4368,#4369,#4370));
#759=EDGE_LOOP('',(#4371,#4372,#4373,#4374));
#760=EDGE_LOOP('',(#4375,#4376,#4377,#4378));
#761=EDGE_LOOP('',(#4379,#4380,#4381,#4382));
#762=EDGE_LOOP('',(#4383,#4384,#4385,#4386));
#763=EDGE_LOOP('',(#4387,#4388,#4389,#4390));
#764=EDGE_LOOP('',(#4391,#4392,#4393,#4394));
#765=EDGE_LOOP('',(#4395,#4396,#4397,#4398));
#766=EDGE_LOOP('',(#4399,#4400,#4401,#4402));
#767=EDGE_LOOP('',(#4403,#4404,#4405,#4406));
#768=EDGE_LOOP('',(#4407,#4408,#4409,#4410));
#769=EDGE_LOOP('',(#4411,#4412,#4413,#4414));
#770=EDGE_LOOP('',(#4415,#4416,#4417,#4418));
#771=EDGE_LOOP('',(#4419,#4420,#4421,#4422));
#772=EDGE_LOOP('',(#4423,#4424,#4425,#4426));
#773=EDGE_LOOP('',(#4427,#4428,#4429,#4430));
#774=EDGE_LOOP('',(#4431,#4432,#4433,#4434));
#775=EDGE_LOOP('',(#4435,#4436,#4437,#4438));
#776=EDGE_LOOP('',(#4439,#4440,#4441,#4442));
#777=EDGE_LOOP('',(#4443,#4444,#4445,#4446));
#778=EDGE_LOOP('',(#4447,#4448,#4449,#4450));
#779=LINE('',#6816,#1427);
#780=LINE('',#6818,#1428);
#781=LINE('',#6820,#1429);
#782=LINE('',#6821,#1430);
#783=LINE('',#6824,#1431);
#784=LINE('',#6826,#1432);
#785=LINE('',#6827,#1433);
#786=LINE('',#6830,#1434);
#787=LINE('',#6832,#1435);
#788=LINE('',#6833,#1436);
#789=LINE('',#6835,#1437);
#790=LINE('',#6836,#1438);
#791=LINE('',#6843,#1439);
#792=LINE('',#6845,#1440);
#793=LINE('',#6847,#1441);
#794=LINE('',#6848,#1442);
#795=LINE('',#6852,#1443);
#796=LINE('',#6854,#1444);
#797=LINE('',#6856,#1445);
#798=LINE('',#6857,#1446);
#799=LINE('',#6859,#1447);
#800=LINE('',#6860,#1448);
#801=LINE('',#6862,#1449);
#802=LINE('',#6863,#1450);
#803=LINE('',#6869,#1451);
#804=LINE('',#6871,#1452);
#805=LINE('',#6873,#1453);
#806=LINE('',#6874,#1454);
#807=LINE('',#6878,#1455);
#808=LINE('',#6880,#1456);
#809=LINE('',#6882,#1457);
#810=LINE('',#6883,#1458);
#811=LINE('',#6885,#1459);
#812=LINE('',#6886,#1460);
#813=LINE('',#6888,#1461);
#814=LINE('',#6889,#1462);
#815=LINE('',#6895,#1463);
#816=LINE('',#6897,#1464);
#817=LINE('',#6899,#1465);
#818=LINE('',#6900,#1466);
#819=LINE('',#6904,#1467);
#820=LINE('',#6906,#1468);
#821=LINE('',#6908,#1469);
#822=LINE('',#6909,#1470);
#823=LINE('',#6911,#1471);
#824=LINE('',#6912,#1472);
#825=LINE('',#6914,#1473);
#826=LINE('',#6915,#1474);
#827=LINE('',#6921,#1475);
#828=LINE('',#6923,#1476);
#829=LINE('',#6925,#1477);
#830=LINE('',#6926,#1478);
#831=LINE('',#6930,#1479);
#832=LINE('',#6932,#1480);
#833=LINE('',#6934,#1481);
#834=LINE('',#6935,#1482);
#835=LINE('',#6937,#1483);
#836=LINE('',#6938,#1484);
#837=LINE('',#6940,#1485);
#838=LINE('',#6941,#1486);
#839=LINE('',#6947,#1487);
#840=LINE('',#6949,#1488);
#841=LINE('',#6951,#1489);
#842=LINE('',#6952,#1490);
#843=LINE('',#6956,#1491);
#844=LINE('',#6958,#1492);
#845=LINE('',#6960,#1493);
#846=LINE('',#6961,#1494);
#847=LINE('',#6963,#1495);
#848=LINE('',#6964,#1496);
#849=LINE('',#6966,#1497);
#850=LINE('',#6967,#1498);
#851=LINE('',#6973,#1499);
#852=LINE('',#6975,#1500);
#853=LINE('',#6977,#1501);
#854=LINE('',#6978,#1502);
#855=LINE('',#6982,#1503);
#856=LINE('',#6984,#1504);
#857=LINE('',#6986,#1505);
#858=LINE('',#6987,#1506);
#859=LINE('',#6989,#1507);
#860=LINE('',#6990,#1508);
#861=LINE('',#6992,#1509);
#862=LINE('',#6993,#1510);
#863=LINE('',#6999,#1511);
#864=LINE('',#7001,#1512);
#865=LINE('',#7003,#1513);
#866=LINE('',#7004,#1514);
#867=LINE('',#7008,#1515);
#868=LINE('',#7010,#1516);
#869=LINE('',#7012,#1517);
#870=LINE('',#7013,#1518);
#871=LINE('',#7015,#1519);
#872=LINE('',#7016,#1520);
#873=LINE('',#7018,#1521);
#874=LINE('',#7019,#1522);
#875=LINE('',#7025,#1523);
#876=LINE('',#7027,#1524);
#877=LINE('',#7029,#1525);
#878=LINE('',#7030,#1526);
#879=LINE('',#7034,#1527);
#880=LINE('',#7036,#1528);
#881=LINE('',#7038,#1529);
#882=LINE('',#7039,#1530);
#883=LINE('',#7041,#1531);
#884=LINE('',#7042,#1532);
#885=LINE('',#7044,#1533);
#886=LINE('',#7045,#1534);
#887=LINE('',#7051,#1535);
#888=LINE('',#7053,#1536);
#889=LINE('',#7055,#1537);
#890=LINE('',#7056,#1538);
#891=LINE('',#7060,#1539);
#892=LINE('',#7062,#1540);
#893=LINE('',#7064,#1541);
#894=LINE('',#7065,#1542);
#895=LINE('',#7067,#1543);
#896=LINE('',#7068,#1544);
#897=LINE('',#7070,#1545);
#898=LINE('',#7071,#1546);
#899=LINE('',#7077,#1547);
#900=LINE('',#7079,#1548);
#901=LINE('',#7081,#1549);
#902=LINE('',#7082,#1550);
#903=LINE('',#7086,#1551);
#904=LINE('',#7088,#1552);
#905=LINE('',#7090,#1553);
#906=LINE('',#7091,#1554);
#907=LINE('',#7093,#1555);
#908=LINE('',#7094,#1556);
#909=LINE('',#7096,#1557);
#910=LINE('',#7097,#1558);
#911=LINE('',#7103,#1559);
#912=LINE('',#7105,#1560);
#913=LINE('',#7107,#1561);
#914=LINE('',#7108,#1562);
#915=LINE('',#7112,#1563);
#916=LINE('',#7114,#1564);
#917=LINE('',#7116,#1565);
#918=LINE('',#7117,#1566);
#919=LINE('',#7119,#1567);
#920=LINE('',#7120,#1568);
#921=LINE('',#7122,#1569);
#922=LINE('',#7123,#1570);
#923=LINE('',#7129,#1571);
#924=LINE('',#7131,#1572);
#925=LINE('',#7133,#1573);
#926=LINE('',#7134,#1574);
#927=LINE('',#7138,#1575);
#928=LINE('',#7140,#1576);
#929=LINE('',#7142,#1577);
#930=LINE('',#7143,#1578);
#931=LINE('',#7145,#1579);
#932=LINE('',#7146,#1580);
#933=LINE('',#7148,#1581);
#934=LINE('',#7149,#1582);
#935=LINE('',#7155,#1583);
#936=LINE('',#7157,#1584);
#937=LINE('',#7159,#1585);
#938=LINE('',#7160,#1586);
#939=LINE('',#7164,#1587);
#940=LINE('',#7166,#1588);
#941=LINE('',#7168,#1589);
#942=LINE('',#7169,#1590);
#943=LINE('',#7171,#1591);
#944=LINE('',#7172,#1592);
#945=LINE('',#7174,#1593);
#946=LINE('',#7175,#1594);
#947=LINE('',#7181,#1595);
#948=LINE('',#7183,#1596);
#949=LINE('',#7185,#1597);
#950=LINE('',#7186,#1598);
#951=LINE('',#7190,#1599);
#952=LINE('',#7192,#1600);
#953=LINE('',#7194,#1601);
#954=LINE('',#7195,#1602);
#955=LINE('',#7197,#1603);
#956=LINE('',#7198,#1604);
#957=LINE('',#7200,#1605);
#958=LINE('',#7201,#1606);
#959=LINE('',#7207,#1607);
#960=LINE('',#7209,#1608);
#961=LINE('',#7211,#1609);
#962=LINE('',#7212,#1610);
#963=LINE('',#7216,#1611);
#964=LINE('',#7218,#1612);
#965=LINE('',#7220,#1613);
#966=LINE('',#7221,#1614);
#967=LINE('',#7223,#1615);
#968=LINE('',#7224,#1616);
#969=LINE('',#7226,#1617);
#970=LINE('',#7227,#1618);
#971=LINE('',#7233,#1619);
#972=LINE('',#7235,#1620);
#973=LINE('',#7237,#1621);
#974=LINE('',#7238,#1622);
#975=LINE('',#7242,#1623);
#976=LINE('',#7244,#1624);
#977=LINE('',#7246,#1625);
#978=LINE('',#7247,#1626);
#979=LINE('',#7249,#1627);
#980=LINE('',#7250,#1628);
#981=LINE('',#7252,#1629);
#982=LINE('',#7253,#1630);
#983=LINE('',#7259,#1631);
#984=LINE('',#7261,#1632);
#985=LINE('',#7263,#1633);
#986=LINE('',#7264,#1634);
#987=LINE('',#7268,#1635);
#988=LINE('',#7270,#1636);
#989=LINE('',#7272,#1637);
#990=LINE('',#7273,#1638);
#991=LINE('',#7275,#1639);
#992=LINE('',#7276,#1640);
#993=LINE('',#7278,#1641);
#994=LINE('',#7279,#1642);
#995=LINE('',#7285,#1643);
#996=LINE('',#7287,#1644);
#997=LINE('',#7289,#1645);
#998=LINE('',#7290,#1646);
#999=LINE('',#7294,#1647);
#1000=LINE('',#7296,#1648);
#1001=LINE('',#7298,#1649);
#1002=LINE('',#7299,#1650);
#1003=LINE('',#7301,#1651);
#1004=LINE('',#7302,#1652);
#1005=LINE('',#7304,#1653);
#1006=LINE('',#7305,#1654);
#1007=LINE('',#7311,#1655);
#1008=LINE('',#7313,#1656);
#1009=LINE('',#7315,#1657);
#1010=LINE('',#7316,#1658);
#1011=LINE('',#7320,#1659);
#1012=LINE('',#7322,#1660);
#1013=LINE('',#7324,#1661);
#1014=LINE('',#7325,#1662);
#1015=LINE('',#7327,#1663);
#1016=LINE('',#7328,#1664);
#1017=LINE('',#7330,#1665);
#1018=LINE('',#7331,#1666);
#1019=LINE('',#7337,#1667);
#1020=LINE('',#7339,#1668);
#1021=LINE('',#7341,#1669);
#1022=LINE('',#7342,#1670);
#1023=LINE('',#7346,#1671);
#1024=LINE('',#7348,#1672);
#1025=LINE('',#7350,#1673);
#1026=LINE('',#7351,#1674);
#1027=LINE('',#7353,#1675);
#1028=LINE('',#7354,#1676);
#1029=LINE('',#7356,#1677);
#1030=LINE('',#7357,#1678);
#1031=LINE('',#7363,#1679);
#1032=LINE('',#7365,#1680);
#1033=LINE('',#7367,#1681);
#1034=LINE('',#7368,#1682);
#1035=LINE('',#7372,#1683);
#1036=LINE('',#7374,#1684);
#1037=LINE('',#7376,#1685);
#1038=LINE('',#7377,#1686);
#1039=LINE('',#7379,#1687);
#1040=LINE('',#7380,#1688);
#1041=LINE('',#7382,#1689);
#1042=LINE('',#7383,#1690);
#1043=LINE('',#7389,#1691);
#1044=LINE('',#7391,#1692);
#1045=LINE('',#7393,#1693);
#1046=LINE('',#7394,#1694);
#1047=LINE('',#7398,#1695);
#1048=LINE('',#7400,#1696);
#1049=LINE('',#7402,#1697);
#1050=LINE('',#7403,#1698);
#1051=LINE('',#7405,#1699);
#1052=LINE('',#7406,#1700);
#1053=LINE('',#7408,#1701);
#1054=LINE('',#7409,#1702);
#1055=LINE('',#7415,#1703);
#1056=LINE('',#7417,#1704);
#1057=LINE('',#7419,#1705);
#1058=LINE('',#7420,#1706);
#1059=LINE('',#7424,#1707);
#1060=LINE('',#7426,#1708);
#1061=LINE('',#7428,#1709);
#1062=LINE('',#7429,#1710);
#1063=LINE('',#7431,#1711);
#1064=LINE('',#7432,#1712);
#1065=LINE('',#7434,#1713);
#1066=LINE('',#7435,#1714);
#1067=LINE('',#7441,#1715);
#1068=LINE('',#7443,#1716);
#1069=LINE('',#7445,#1717);
#1070=LINE('',#7446,#1718);
#1071=LINE('',#7450,#1719);
#1072=LINE('',#7452,#1720);
#1073=LINE('',#7454,#1721);
#1074=LINE('',#7455,#1722);
#1075=LINE('',#7457,#1723);
#1076=LINE('',#7458,#1724);
#1077=LINE('',#7460,#1725);
#1078=LINE('',#7461,#1726);
#1079=LINE('',#7467,#1727);
#1080=LINE('',#7469,#1728);
#1081=LINE('',#7471,#1729);
#1082=LINE('',#7472,#1730);
#1083=LINE('',#7476,#1731);
#1084=LINE('',#7478,#1732);
#1085=LINE('',#7480,#1733);
#1086=LINE('',#7481,#1734);
#1087=LINE('',#7483,#1735);
#1088=LINE('',#7484,#1736);
#1089=LINE('',#7486,#1737);
#1090=LINE('',#7487,#1738);
#1091=LINE('',#7493,#1739);
#1092=LINE('',#7495,#1740);
#1093=LINE('',#7497,#1741);
#1094=LINE('',#7498,#1742);
#1095=LINE('',#7502,#1743);
#1096=LINE('',#7504,#1744);
#1097=LINE('',#7506,#1745);
#1098=LINE('',#7507,#1746);
#1099=LINE('',#7509,#1747);
#1100=LINE('',#7510,#1748);
#1101=LINE('',#7512,#1749);
#1102=LINE('',#7513,#1750);
#1103=LINE('',#7519,#1751);
#1104=LINE('',#7521,#1752);
#1105=LINE('',#7523,#1753);
#1106=LINE('',#7524,#1754);
#1107=LINE('',#7528,#1755);
#1108=LINE('',#7530,#1756);
#1109=LINE('',#7532,#1757);
#1110=LINE('',#7533,#1758);
#1111=LINE('',#7535,#1759);
#1112=LINE('',#7536,#1760);
#1113=LINE('',#7538,#1761);
#1114=LINE('',#7539,#1762);
#1115=LINE('',#7545,#1763);
#1116=LINE('',#7547,#1764);
#1117=LINE('',#7549,#1765);
#1118=LINE('',#7550,#1766);
#1119=LINE('',#7554,#1767);
#1120=LINE('',#7556,#1768);
#1121=LINE('',#7558,#1769);
#1122=LINE('',#7559,#1770);
#1123=LINE('',#7561,#1771);
#1124=LINE('',#7562,#1772);
#1125=LINE('',#7564,#1773);
#1126=LINE('',#7565,#1774);
#1127=LINE('',#7571,#1775);
#1128=LINE('',#7573,#1776);
#1129=LINE('',#7575,#1777);
#1130=LINE('',#7576,#1778);
#1131=LINE('',#7580,#1779);
#1132=LINE('',#7582,#1780);
#1133=LINE('',#7584,#1781);
#1134=LINE('',#7585,#1782);
#1135=LINE('',#7587,#1783);
#1136=LINE('',#7588,#1784);
#1137=LINE('',#7590,#1785);
#1138=LINE('',#7591,#1786);
#1139=LINE('',#7597,#1787);
#1140=LINE('',#7599,#1788);
#1141=LINE('',#7601,#1789);
#1142=LINE('',#7602,#1790);
#1143=LINE('',#7606,#1791);
#1144=LINE('',#7608,#1792);
#1145=LINE('',#7610,#1793);
#1146=LINE('',#7611,#1794);
#1147=LINE('',#7613,#1795);
#1148=LINE('',#7614,#1796);
#1149=LINE('',#7616,#1797);
#1150=LINE('',#7617,#1798);
#1151=LINE('',#7623,#1799);
#1152=LINE('',#7625,#1800);
#1153=LINE('',#7627,#1801);
#1154=LINE('',#7628,#1802);
#1155=LINE('',#7632,#1803);
#1156=LINE('',#7634,#1804);
#1157=LINE('',#7636,#1805);
#1158=LINE('',#7637,#1806);
#1159=LINE('',#7639,#1807);
#1160=LINE('',#7640,#1808);
#1161=LINE('',#7642,#1809);
#1162=LINE('',#7643,#1810);
#1163=LINE('',#7649,#1811);
#1164=LINE('',#7651,#1812);
#1165=LINE('',#7653,#1813);
#1166=LINE('',#7654,#1814);
#1167=LINE('',#7658,#1815);
#1168=LINE('',#7660,#1816);
#1169=LINE('',#7662,#1817);
#1170=LINE('',#7663,#1818);
#1171=LINE('',#7665,#1819);
#1172=LINE('',#7666,#1820);
#1173=LINE('',#7668,#1821);
#1174=LINE('',#7669,#1822);
#1175=LINE('',#7675,#1823);
#1176=LINE('',#7677,#1824);
#1177=LINE('',#7679,#1825);
#1178=LINE('',#7680,#1826);
#1179=LINE('',#7684,#1827);
#1180=LINE('',#7686,#1828);
#1181=LINE('',#7688,#1829);
#1182=LINE('',#7689,#1830);
#1183=LINE('',#7691,#1831);
#1184=LINE('',#7692,#1832);
#1185=LINE('',#7694,#1833);
#1186=LINE('',#7695,#1834);
#1187=LINE('',#7701,#1835);
#1188=LINE('',#7703,#1836);
#1189=LINE('',#7705,#1837);
#1190=LINE('',#7706,#1838);
#1191=LINE('',#7710,#1839);
#1192=LINE('',#7712,#1840);
#1193=LINE('',#7714,#1841);
#1194=LINE('',#7715,#1842);
#1195=LINE('',#7717,#1843);
#1196=LINE('',#7718,#1844);
#1197=LINE('',#7720,#1845);
#1198=LINE('',#7721,#1846);
#1199=LINE('',#7727,#1847);
#1200=LINE('',#7729,#1848);
#1201=LINE('',#7731,#1849);
#1202=LINE('',#7732,#1850);
#1203=LINE('',#7736,#1851);
#1204=LINE('',#7738,#1852);
#1205=LINE('',#7740,#1853);
#1206=LINE('',#7741,#1854);
#1207=LINE('',#7743,#1855);
#1208=LINE('',#7744,#1856);
#1209=LINE('',#7746,#1857);
#1210=LINE('',#7747,#1858);
#1211=LINE('',#7753,#1859);
#1212=LINE('',#7755,#1860);
#1213=LINE('',#7757,#1861);
#1214=LINE('',#7758,#1862);
#1215=LINE('',#7762,#1863);
#1216=LINE('',#7764,#1864);
#1217=LINE('',#7766,#1865);
#1218=LINE('',#7767,#1866);
#1219=LINE('',#7769,#1867);
#1220=LINE('',#7770,#1868);
#1221=LINE('',#7772,#1869);
#1222=LINE('',#7773,#1870);
#1223=LINE('',#7779,#1871);
#1224=LINE('',#7781,#1872);
#1225=LINE('',#7783,#1873);
#1226=LINE('',#7784,#1874);
#1227=LINE('',#7788,#1875);
#1228=LINE('',#7790,#1876);
#1229=LINE('',#7792,#1877);
#1230=LINE('',#7793,#1878);
#1231=LINE('',#7795,#1879);
#1232=LINE('',#7796,#1880);
#1233=LINE('',#7798,#1881);
#1234=LINE('',#7799,#1882);
#1235=LINE('',#7805,#1883);
#1236=LINE('',#7807,#1884);
#1237=LINE('',#7809,#1885);
#1238=LINE('',#7810,#1886);
#1239=LINE('',#7814,#1887);
#1240=LINE('',#7816,#1888);
#1241=LINE('',#7818,#1889);
#1242=LINE('',#7819,#1890);
#1243=LINE('',#7821,#1891);
#1244=LINE('',#7822,#1892);
#1245=LINE('',#7824,#1893);
#1246=LINE('',#7825,#1894);
#1247=LINE('',#7831,#1895);
#1248=LINE('',#7833,#1896);
#1249=LINE('',#7835,#1897);
#1250=LINE('',#7836,#1898);
#1251=LINE('',#7840,#1899);
#1252=LINE('',#7842,#1900);
#1253=LINE('',#7844,#1901);
#1254=LINE('',#7845,#1902);
#1255=LINE('',#7847,#1903);
#1256=LINE('',#7848,#1904);
#1257=LINE('',#7850,#1905);
#1258=LINE('',#7851,#1906);
#1259=LINE('',#7857,#1907);
#1260=LINE('',#7859,#1908);
#1261=LINE('',#7861,#1909);
#1262=LINE('',#7862,#1910);
#1263=LINE('',#7866,#1911);
#1264=LINE('',#7868,#1912);
#1265=LINE('',#7870,#1913);
#1266=LINE('',#7871,#1914);
#1267=LINE('',#7873,#1915);
#1268=LINE('',#7874,#1916);
#1269=LINE('',#7876,#1917);
#1270=LINE('',#7877,#1918);
#1271=LINE('',#7883,#1919);
#1272=LINE('',#7885,#1920);
#1273=LINE('',#7887,#1921);
#1274=LINE('',#7888,#1922);
#1275=LINE('',#7892,#1923);
#1276=LINE('',#7894,#1924);
#1277=LINE('',#7896,#1925);
#1278=LINE('',#7897,#1926);
#1279=LINE('',#7899,#1927);
#1280=LINE('',#7900,#1928);
#1281=LINE('',#7902,#1929);
#1282=LINE('',#7903,#1930);
#1283=LINE('',#7909,#1931);
#1284=LINE('',#7911,#1932);
#1285=LINE('',#7913,#1933);
#1286=LINE('',#7914,#1934);
#1287=LINE('',#7918,#1935);
#1288=LINE('',#7920,#1936);
#1289=LINE('',#7922,#1937);
#1290=LINE('',#7923,#1938);
#1291=LINE('',#7925,#1939);
#1292=LINE('',#7926,#1940);
#1293=LINE('',#7928,#1941);
#1294=LINE('',#7929,#1942);
#1295=LINE('',#7935,#1943);
#1296=LINE('',#7937,#1944);
#1297=LINE('',#7939,#1945);
#1298=LINE('',#7940,#1946);
#1299=LINE('',#7944,#1947);
#1300=LINE('',#7946,#1948);
#1301=LINE('',#7948,#1949);
#1302=LINE('',#7949,#1950);
#1303=LINE('',#7951,#1951);
#1304=LINE('',#7952,#1952);
#1305=LINE('',#7954,#1953);
#1306=LINE('',#7955,#1954);
#1307=LINE('',#7961,#1955);
#1308=LINE('',#7963,#1956);
#1309=LINE('',#7965,#1957);
#1310=LINE('',#7966,#1958);
#1311=LINE('',#7970,#1959);
#1312=LINE('',#7972,#1960);
#1313=LINE('',#7974,#1961);
#1314=LINE('',#7975,#1962);
#1315=LINE('',#7977,#1963);
#1316=LINE('',#7978,#1964);
#1317=LINE('',#7980,#1965);
#1318=LINE('',#7981,#1966);
#1319=LINE('',#7987,#1967);
#1320=LINE('',#7989,#1968);
#1321=LINE('',#7991,#1969);
#1322=LINE('',#7992,#1970);
#1323=LINE('',#7996,#1971);
#1324=LINE('',#7998,#1972);
#1325=LINE('',#8000,#1973);
#1326=LINE('',#8001,#1974);
#1327=LINE('',#8003,#1975);
#1328=LINE('',#8004,#1976);
#1329=LINE('',#8006,#1977);
#1330=LINE('',#8007,#1978);
#1331=LINE('',#8013,#1979);
#1332=LINE('',#8015,#1980);
#1333=LINE('',#8017,#1981);
#1334=LINE('',#8018,#1982);
#1335=LINE('',#8022,#1983);
#1336=LINE('',#8024,#1984);
#1337=LINE('',#8026,#1985);
#1338=LINE('',#8027,#1986);
#1339=LINE('',#8029,#1987);
#1340=LINE('',#8030,#1988);
#1341=LINE('',#8032,#1989);
#1342=LINE('',#8033,#1990);
#1343=LINE('',#8039,#1991);
#1344=LINE('',#8041,#1992);
#1345=LINE('',#8043,#1993);
#1346=LINE('',#8044,#1994);
#1347=LINE('',#8048,#1995);
#1348=LINE('',#8050,#1996);
#1349=LINE('',#8052,#1997);
#1350=LINE('',#8053,#1998);
#1351=LINE('',#8055,#1999);
#1352=LINE('',#8056,#2000);
#1353=LINE('',#8058,#2001);
#1354=LINE('',#8059,#2002);
#1355=LINE('',#8065,#2003);
#1356=LINE('',#8067,#2004);
#1357=LINE('',#8069,#2005);
#1358=LINE('',#8070,#2006);
#1359=LINE('',#8074,#2007);
#1360=LINE('',#8076,#2008);
#1361=LINE('',#8078,#2009);
#1362=LINE('',#8079,#2010);
#1363=LINE('',#8081,#2011);
#1364=LINE('',#8082,#2012);
#1365=LINE('',#8084,#2013);
#1366=LINE('',#8085,#2014);
#1367=LINE('',#8091,#2015);
#1368=LINE('',#8093,#2016);
#1369=LINE('',#8095,#2017);
#1370=LINE('',#8096,#2018);
#1371=LINE('',#8100,#2019);
#1372=LINE('',#8102,#2020);
#1373=LINE('',#8104,#2021);
#1374=LINE('',#8105,#2022);
#1375=LINE('',#8107,#2023);
#1376=LINE('',#8108,#2024);
#1377=LINE('',#8110,#2025);
#1378=LINE('',#8111,#2026);
#1379=LINE('',#8117,#2027);
#1380=LINE('',#8119,#2028);
#1381=LINE('',#8121,#2029);
#1382=LINE('',#8122,#2030);
#1383=LINE('',#8126,#2031);
#1384=LINE('',#8128,#2032);
#1385=LINE('',#8130,#2033);
#1386=LINE('',#8131,#2034);
#1387=LINE('',#8133,#2035);
#1388=LINE('',#8134,#2036);
#1389=LINE('',#8136,#2037);
#1390=LINE('',#8137,#2038);
#1391=LINE('',#8143,#2039);
#1392=LINE('',#8145,#2040);
#1393=LINE('',#8147,#2041);
#1394=LINE('',#8148,#2042);
#1395=LINE('',#8152,#2043);
#1396=LINE('',#8154,#2044);
#1397=LINE('',#8156,#2045);
#1398=LINE('',#8157,#2046);
#1399=LINE('',#8159,#2047);
#1400=LINE('',#8160,#2048);
#1401=LINE('',#8162,#2049);
#1402=LINE('',#8163,#2050);
#1403=LINE('',#8169,#2051);
#1404=LINE('',#8171,#2052);
#1405=LINE('',#8173,#2053);
#1406=LINE('',#8174,#2054);
#1407=LINE('',#8178,#2055);
#1408=LINE('',#8180,#2056);
#1409=LINE('',#8182,#2057);
#1410=LINE('',#8183,#2058);
#1411=LINE('',#8185,#2059);
#1412=LINE('',#8186,#2060);
#1413=LINE('',#8188,#2061);
#1414=LINE('',#8189,#2062);
#1415=LINE('',#8195,#2063);
#1416=LINE('',#8197,#2064);
#1417=LINE('',#8199,#2065);
#1418=LINE('',#8200,#2066);
#1419=LINE('',#8204,#2067);
#1420=LINE('',#8206,#2068);
#1421=LINE('',#8208,#2069);
#1422=LINE('',#8209,#2070);
#1423=LINE('',#8211,#2071);
#1424=LINE('',#8212,#2072);
#1425=LINE('',#8214,#2073);
#1426=LINE('',#8215,#2074);
#1427=VECTOR('',#5511,1.);
#1428=VECTOR('',#5512,1.);
#1429=VECTOR('',#5513,1.);
#1430=VECTOR('',#5514,1.);
#1431=VECTOR('',#5517,1.);
#1432=VECTOR('',#5518,1.);
#1433=VECTOR('',#5519,1.);
#1434=VECTOR('',#5522,1.);
#1435=VECTOR('',#5523,1.);
#1436=VECTOR('',#5524,1.);
#1437=VECTOR('',#5527,1.);
#1438=VECTOR('',#5528,1.);
#1439=VECTOR('',#5537,1.);
#1440=VECTOR('',#5538,1.);
#1441=VECTOR('',#5539,1.);
#1442=VECTOR('',#5540,1.);
#1443=VECTOR('',#5543,1.);
#1444=VECTOR('',#5544,1.);
#1445=VECTOR('',#5545,1.);
#1446=VECTOR('',#5546,1.);
#1447=VECTOR('',#5549,1.);
#1448=VECTOR('',#5550,1.);
#1449=VECTOR('',#5553,1.);
#1450=VECTOR('',#5554,1.);
#1451=VECTOR('',#5561,1.);
#1452=VECTOR('',#5562,1.);
#1453=VECTOR('',#5563,1.);
#1454=VECTOR('',#5564,1.);
#1455=VECTOR('',#5567,1.);
#1456=VECTOR('',#5568,1.);
#1457=VECTOR('',#5569,1.);
#1458=VECTOR('',#5570,1.);
#1459=VECTOR('',#5573,1.);
#1460=VECTOR('',#5574,1.);
#1461=VECTOR('',#5577,1.);
#1462=VECTOR('',#5578,1.);
#1463=VECTOR('',#5585,1.);
#1464=VECTOR('',#5586,1.);
#1465=VECTOR('',#5587,1.);
#1466=VECTOR('',#5588,1.);
#1467=VECTOR('',#5591,1.);
#1468=VECTOR('',#5592,1.);
#1469=VECTOR('',#5593,1.);
#1470=VECTOR('',#5594,1.);
#1471=VECTOR('',#5597,1.);
#1472=VECTOR('',#5598,1.);
#1473=VECTOR('',#5601,1.);
#1474=VECTOR('',#5602,1.);
#1475=VECTOR('',#5609,1.);
#1476=VECTOR('',#5610,1.);
#1477=VECTOR('',#5611,1.);
#1478=VECTOR('',#5612,1.);
#1479=VECTOR('',#5615,1.);
#1480=VECTOR('',#5616,1.);
#1481=VECTOR('',#5617,1.);
#1482=VECTOR('',#5618,1.);
#1483=VECTOR('',#5621,1.);
#1484=VECTOR('',#5622,1.);
#1485=VECTOR('',#5625,1.);
#1486=VECTOR('',#5626,1.);
#1487=VECTOR('',#5633,1.);
#1488=VECTOR('',#5634,1.);
#1489=VECTOR('',#5635,1.);
#1490=VECTOR('',#5636,1.);
#1491=VECTOR('',#5639,1.);
#1492=VECTOR('',#5640,1.);
#1493=VECTOR('',#5641,1.);
#1494=VECTOR('',#5642,1.);
#1495=VECTOR('',#5645,1.);
#1496=VECTOR('',#5646,1.);
#1497=VECTOR('',#5649,1.);
#1498=VECTOR('',#5650,1.);
#1499=VECTOR('',#5657,1.);
#1500=VECTOR('',#5658,1.);
#1501=VECTOR('',#5659,1.);
#1502=VECTOR('',#5660,1.);
#1503=VECTOR('',#5663,1.);
#1504=VECTOR('',#5664,1.);
#1505=VECTOR('',#5665,1.);
#1506=VECTOR('',#5666,1.);
#1507=VECTOR('',#5669,1.);
#1508=VECTOR('',#5670,1.);
#1509=VECTOR('',#5673,1.);
#1510=VECTOR('',#5674,1.);
#1511=VECTOR('',#5681,1.);
#1512=VECTOR('',#5682,1.);
#1513=VECTOR('',#5683,1.);
#1514=VECTOR('',#5684,1.);
#1515=VECTOR('',#5687,1.);
#1516=VECTOR('',#5688,1.);
#1517=VECTOR('',#5689,1.);
#1518=VECTOR('',#5690,1.);
#1519=VECTOR('',#5693,1.);
#1520=VECTOR('',#5694,1.);
#1521=VECTOR('',#5697,1.);
#1522=VECTOR('',#5698,1.);
#1523=VECTOR('',#5705,1.);
#1524=VECTOR('',#5706,1.);
#1525=VECTOR('',#5707,1.);
#1526=VECTOR('',#5708,1.);
#1527=VECTOR('',#5711,1.);
#1528=VECTOR('',#5712,1.);
#1529=VECTOR('',#5713,1.);
#1530=VECTOR('',#5714,1.);
#1531=VECTOR('',#5717,1.);
#1532=VECTOR('',#5718,1.);
#1533=VECTOR('',#5721,1.);
#1534=VECTOR('',#5722,1.);
#1535=VECTOR('',#5729,1.);
#1536=VECTOR('',#5730,1.);
#1537=VECTOR('',#5731,1.);
#1538=VECTOR('',#5732,1.);
#1539=VECTOR('',#5735,1.);
#1540=VECTOR('',#5736,1.);
#1541=VECTOR('',#5737,1.);
#1542=VECTOR('',#5738,1.);
#1543=VECTOR('',#5741,1.);
#1544=VECTOR('',#5742,1.);
#1545=VECTOR('',#5745,1.);
#1546=VECTOR('',#5746,1.);
#1547=VECTOR('',#5753,1.);
#1548=VECTOR('',#5754,1.);
#1549=VECTOR('',#5755,1.);
#1550=VECTOR('',#5756,1.);
#1551=VECTOR('',#5759,1.);
#1552=VECTOR('',#5760,1.);
#1553=VECTOR('',#5761,1.);
#1554=VECTOR('',#5762,1.);
#1555=VECTOR('',#5765,1.);
#1556=VECTOR('',#5766,1.);
#1557=VECTOR('',#5769,1.);
#1558=VECTOR('',#5770,1.);
#1559=VECTOR('',#5777,1.);
#1560=VECTOR('',#5778,1.);
#1561=VECTOR('',#5779,1.);
#1562=VECTOR('',#5780,1.);
#1563=VECTOR('',#5783,1.);
#1564=VECTOR('',#5784,1.);
#1565=VECTOR('',#5785,1.);
#1566=VECTOR('',#5786,1.);
#1567=VECTOR('',#5789,1.);
#1568=VECTOR('',#5790,1.);
#1569=VECTOR('',#5793,1.);
#1570=VECTOR('',#5794,1.);
#1571=VECTOR('',#5801,1.);
#1572=VECTOR('',#5802,1.);
#1573=VECTOR('',#5803,1.);
#1574=VECTOR('',#5804,1.);
#1575=VECTOR('',#5807,1.);
#1576=VECTOR('',#5808,1.);
#1577=VECTOR('',#5809,1.);
#1578=VECTOR('',#5810,1.);
#1579=VECTOR('',#5813,1.);
#1580=VECTOR('',#5814,1.);
#1581=VECTOR('',#5817,1.);
#1582=VECTOR('',#5818,1.);
#1583=VECTOR('',#5825,1.);
#1584=VECTOR('',#5826,1.);
#1585=VECTOR('',#5827,1.);
#1586=VECTOR('',#5828,1.);
#1587=VECTOR('',#5831,1.);
#1588=VECTOR('',#5832,1.);
#1589=VECTOR('',#5833,1.);
#1590=VECTOR('',#5834,1.);
#1591=VECTOR('',#5837,1.);
#1592=VECTOR('',#5838,1.);
#1593=VECTOR('',#5841,1.);
#1594=VECTOR('',#5842,1.);
#1595=VECTOR('',#5849,1.);
#1596=VECTOR('',#5850,1.);
#1597=VECTOR('',#5851,1.);
#1598=VECTOR('',#5852,1.);
#1599=VECTOR('',#5855,1.);
#1600=VECTOR('',#5856,1.);
#1601=VECTOR('',#5857,1.);
#1602=VECTOR('',#5858,1.);
#1603=VECTOR('',#5861,1.);
#1604=VECTOR('',#5862,1.);
#1605=VECTOR('',#5865,1.);
#1606=VECTOR('',#5866,1.);
#1607=VECTOR('',#5873,1.);
#1608=VECTOR('',#5874,1.);
#1609=VECTOR('',#5875,1.);
#1610=VECTOR('',#5876,1.);
#1611=VECTOR('',#5879,1.);
#1612=VECTOR('',#5880,1.);
#1613=VECTOR('',#5881,1.);
#1614=VECTOR('',#5882,1.);
#1615=VECTOR('',#5885,1.);
#1616=VECTOR('',#5886,1.);
#1617=VECTOR('',#5889,1.);
#1618=VECTOR('',#5890,1.);
#1619=VECTOR('',#5897,1.);
#1620=VECTOR('',#5898,1.);
#1621=VECTOR('',#5899,1.);
#1622=VECTOR('',#5900,1.);
#1623=VECTOR('',#5903,1.);
#1624=VECTOR('',#5904,1.);
#1625=VECTOR('',#5905,1.);
#1626=VECTOR('',#5906,1.);
#1627=VECTOR('',#5909,1.);
#1628=VECTOR('',#5910,1.);
#1629=VECTOR('',#5913,1.);
#1630=VECTOR('',#5914,1.);
#1631=VECTOR('',#5921,1.);
#1632=VECTOR('',#5922,1.);
#1633=VECTOR('',#5923,1.);
#1634=VECTOR('',#5924,1.);
#1635=VECTOR('',#5927,1.);
#1636=VECTOR('',#5928,1.);
#1637=VECTOR('',#5929,1.);
#1638=VECTOR('',#5930,1.);
#1639=VECTOR('',#5933,1.);
#1640=VECTOR('',#5934,1.);
#1641=VECTOR('',#5937,1.);
#1642=VECTOR('',#5938,1.);
#1643=VECTOR('',#5945,1.);
#1644=VECTOR('',#5946,1.);
#1645=VECTOR('',#5947,1.);
#1646=VECTOR('',#5948,1.);
#1647=VECTOR('',#5951,1.);
#1648=VECTOR('',#5952,1.);
#1649=VECTOR('',#5953,1.);
#1650=VECTOR('',#5954,1.);
#1651=VECTOR('',#5957,1.);
#1652=VECTOR('',#5958,1.);
#1653=VECTOR('',#5961,1.);
#1654=VECTOR('',#5962,1.);
#1655=VECTOR('',#5969,1.);
#1656=VECTOR('',#5970,1.);
#1657=VECTOR('',#5971,1.);
#1658=VECTOR('',#5972,1.);
#1659=VECTOR('',#5975,1.);
#1660=VECTOR('',#5976,1.);
#1661=VECTOR('',#5977,1.);
#1662=VECTOR('',#5978,1.);
#1663=VECTOR('',#5981,1.);
#1664=VECTOR('',#5982,1.);
#1665=VECTOR('',#5985,1.);
#1666=VECTOR('',#5986,1.);
#1667=VECTOR('',#5993,1.);
#1668=VECTOR('',#5994,1.);
#1669=VECTOR('',#5995,1.);
#1670=VECTOR('',#5996,1.);
#1671=VECTOR('',#5999,1.);
#1672=VECTOR('',#6000,1.);
#1673=VECTOR('',#6001,1.);
#1674=VECTOR('',#6002,1.);
#1675=VECTOR('',#6005,1.);
#1676=VECTOR('',#6006,1.);
#1677=VECTOR('',#6009,1.);
#1678=VECTOR('',#6010,1.);
#1679=VECTOR('',#6017,1.);
#1680=VECTOR('',#6018,1.);
#1681=VECTOR('',#6019,1.);
#1682=VECTOR('',#6020,1.);
#1683=VECTOR('',#6023,1.);
#1684=VECTOR('',#6024,1.);
#1685=VECTOR('',#6025,1.);
#1686=VECTOR('',#6026,1.);
#1687=VECTOR('',#6029,1.);
#1688=VECTOR('',#6030,1.);
#1689=VECTOR('',#6033,1.);
#1690=VECTOR('',#6034,1.);
#1691=VECTOR('',#6041,1.);
#1692=VECTOR('',#6042,1.);
#1693=VECTOR('',#6043,1.);
#1694=VECTOR('',#6044,1.);
#1695=VECTOR('',#6047,1.);
#1696=VECTOR('',#6048,1.);
#1697=VECTOR('',#6049,1.);
#1698=VECTOR('',#6050,1.);
#1699=VECTOR('',#6053,1.);
#1700=VECTOR('',#6054,1.);
#1701=VECTOR('',#6057,1.);
#1702=VECTOR('',#6058,1.);
#1703=VECTOR('',#6065,1.);
#1704=VECTOR('',#6066,1.);
#1705=VECTOR('',#6067,1.);
#1706=VECTOR('',#6068,1.);
#1707=VECTOR('',#6071,1.);
#1708=VECTOR('',#6072,1.);
#1709=VECTOR('',#6073,1.);
#1710=VECTOR('',#6074,1.);
#1711=VECTOR('',#6077,1.);
#1712=VECTOR('',#6078,1.);
#1713=VECTOR('',#6081,1.);
#1714=VECTOR('',#6082,1.);
#1715=VECTOR('',#6089,1.);
#1716=VECTOR('',#6090,1.);
#1717=VECTOR('',#6091,1.);
#1718=VECTOR('',#6092,1.);
#1719=VECTOR('',#6095,1.);
#1720=VECTOR('',#6096,1.);
#1721=VECTOR('',#6097,1.);
#1722=VECTOR('',#6098,1.);
#1723=VECTOR('',#6101,1.);
#1724=VECTOR('',#6102,1.);
#1725=VECTOR('',#6105,1.);
#1726=VECTOR('',#6106,1.);
#1727=VECTOR('',#6113,1.);
#1728=VECTOR('',#6114,1.);
#1729=VECTOR('',#6115,1.);
#1730=VECTOR('',#6116,1.);
#1731=VECTOR('',#6119,1.);
#1732=VECTOR('',#6120,1.);
#1733=VECTOR('',#6121,1.);
#1734=VECTOR('',#6122,1.);
#1735=VECTOR('',#6125,1.);
#1736=VECTOR('',#6126,1.);
#1737=VECTOR('',#6129,1.);
#1738=VECTOR('',#6130,1.);
#1739=VECTOR('',#6137,1.);
#1740=VECTOR('',#6138,1.);
#1741=VECTOR('',#6139,1.);
#1742=VECTOR('',#6140,1.);
#1743=VECTOR('',#6143,1.);
#1744=VECTOR('',#6144,1.);
#1745=VECTOR('',#6145,1.);
#1746=VECTOR('',#6146,1.);
#1747=VECTOR('',#6149,1.);
#1748=VECTOR('',#6150,1.);
#1749=VECTOR('',#6153,1.);
#1750=VECTOR('',#6154,1.);
#1751=VECTOR('',#6161,1.);
#1752=VECTOR('',#6162,1.);
#1753=VECTOR('',#6163,1.);
#1754=VECTOR('',#6164,1.);
#1755=VECTOR('',#6167,1.);
#1756=VECTOR('',#6168,1.);
#1757=VECTOR('',#6169,1.);
#1758=VECTOR('',#6170,1.);
#1759=VECTOR('',#6173,1.);
#1760=VECTOR('',#6174,1.);
#1761=VECTOR('',#6177,1.);
#1762=VECTOR('',#6178,1.);
#1763=VECTOR('',#6185,1.);
#1764=VECTOR('',#6186,1.);
#1765=VECTOR('',#6187,1.);
#1766=VECTOR('',#6188,1.);
#1767=VECTOR('',#6191,1.);
#1768=VECTOR('',#6192,1.);
#1769=VECTOR('',#6193,1.);
#1770=VECTOR('',#6194,1.);
#1771=VECTOR('',#6197,1.);
#1772=VECTOR('',#6198,1.);
#1773=VECTOR('',#6201,1.);
#1774=VECTOR('',#6202,1.);
#1775=VECTOR('',#6209,1.);
#1776=VECTOR('',#6210,1.);
#1777=VECTOR('',#6211,1.);
#1778=VECTOR('',#6212,1.);
#1779=VECTOR('',#6215,1.);
#1780=VECTOR('',#6216,1.);
#1781=VECTOR('',#6217,1.);
#1782=VECTOR('',#6218,1.);
#1783=VECTOR('',#6221,1.);
#1784=VECTOR('',#6222,1.);
#1785=VECTOR('',#6225,1.);
#1786=VECTOR('',#6226,1.);
#1787=VECTOR('',#6233,1.);
#1788=VECTOR('',#6234,1.);
#1789=VECTOR('',#6235,1.);
#1790=VECTOR('',#6236,1.);
#1791=VECTOR('',#6239,1.);
#1792=VECTOR('',#6240,1.);
#1793=VECTOR('',#6241,1.);
#1794=VECTOR('',#6242,1.);
#1795=VECTOR('',#6245,1.);
#1796=VECTOR('',#6246,1.);
#1797=VECTOR('',#6249,1.);
#1798=VECTOR('',#6250,1.);
#1799=VECTOR('',#6257,1.);
#1800=VECTOR('',#6258,1.);
#1801=VECTOR('',#6259,1.);
#1802=VECTOR('',#6260,1.);
#1803=VECTOR('',#6263,1.);
#1804=VECTOR('',#6264,1.);
#1805=VECTOR('',#6265,1.);
#1806=VECTOR('',#6266,1.);
#1807=VECTOR('',#6269,1.);
#1808=VECTOR('',#6270,1.);
#1809=VECTOR('',#6273,1.);
#1810=VECTOR('',#6274,1.);
#1811=VECTOR('',#6281,1.);
#1812=VECTOR('',#6282,1.);
#1813=VECTOR('',#6283,1.);
#1814=VECTOR('',#6284,1.);
#1815=VECTOR('',#6287,1.);
#1816=VECTOR('',#6288,1.);
#1817=VECTOR('',#6289,1.);
#1818=VECTOR('',#6290,1.);
#1819=VECTOR('',#6293,1.);
#1820=VECTOR('',#6294,1.);
#1821=VECTOR('',#6297,1.);
#1822=VECTOR('',#6298,1.);
#1823=VECTOR('',#6305,1.);
#1824=VECTOR('',#6306,1.);
#1825=VECTOR('',#6307,1.);
#1826=VECTOR('',#6308,1.);
#1827=VECTOR('',#6311,1.);
#1828=VECTOR('',#6312,1.);
#1829=VECTOR('',#6313,1.);
#1830=VECTOR('',#6314,1.);
#1831=VECTOR('',#6317,1.);
#1832=VECTOR('',#6318,1.);
#1833=VECTOR('',#6321,1.);
#1834=VECTOR('',#6322,1.);
#1835=VECTOR('',#6329,1.);
#1836=VECTOR('',#6330,1.);
#1837=VECTOR('',#6331,1.);
#1838=VECTOR('',#6332,1.);
#1839=VECTOR('',#6335,1.);
#1840=VECTOR('',#6336,1.);
#1841=VECTOR('',#6337,1.);
#1842=VECTOR('',#6338,1.);
#1843=VECTOR('',#6341,1.);
#1844=VECTOR('',#6342,1.);
#1845=VECTOR('',#6345,1.);
#1846=VECTOR('',#6346,1.);
#1847=VECTOR('',#6353,1.);
#1848=VECTOR('',#6354,1.);
#1849=VECTOR('',#6355,1.);
#1850=VECTOR('',#6356,1.);
#1851=VECTOR('',#6359,1.);
#1852=VECTOR('',#6360,1.);
#1853=VECTOR('',#6361,1.);
#1854=VECTOR('',#6362,1.);
#1855=VECTOR('',#6365,1.);
#1856=VECTOR('',#6366,1.);
#1857=VECTOR('',#6369,1.);
#1858=VECTOR('',#6370,1.);
#1859=VECTOR('',#6377,1.);
#1860=VECTOR('',#6378,1.);
#1861=VECTOR('',#6379,1.);
#1862=VECTOR('',#6380,1.);
#1863=VECTOR('',#6383,1.);
#1864=VECTOR('',#6384,1.);
#1865=VECTOR('',#6385,1.);
#1866=VECTOR('',#6386,1.);
#1867=VECTOR('',#6389,1.);
#1868=VECTOR('',#6390,1.);
#1869=VECTOR('',#6393,1.);
#1870=VECTOR('',#6394,1.);
#1871=VECTOR('',#6401,1.);
#1872=VECTOR('',#6402,1.);
#1873=VECTOR('',#6403,1.);
#1874=VECTOR('',#6404,1.);
#1875=VECTOR('',#6407,1.);
#1876=VECTOR('',#6408,1.);
#1877=VECTOR('',#6409,1.);
#1878=VECTOR('',#6410,1.);
#1879=VECTOR('',#6413,1.);
#1880=VECTOR('',#6414,1.);
#1881=VECTOR('',#6417,1.);
#1882=VECTOR('',#6418,1.);
#1883=VECTOR('',#6425,1.);
#1884=VECTOR('',#6426,1.);
#1885=VECTOR('',#6427,1.);
#1886=VECTOR('',#6428,1.);
#1887=VECTOR('',#6431,1.);
#1888=VECTOR('',#6432,1.);
#1889=VECTOR('',#6433,1.);
#1890=VECTOR('',#6434,1.);
#1891=VECTOR('',#6437,1.);
#1892=VECTOR('',#6438,1.);
#1893=VECTOR('',#6441,1.);
#1894=VECTOR('',#6442,1.);
#1895=VECTOR('',#6449,1.);
#1896=VECTOR('',#6450,1.);
#1897=VECTOR('',#6451,1.);
#1898=VECTOR('',#6452,1.);
#1899=VECTOR('',#6455,1.);
#1900=VECTOR('',#6456,1.);
#1901=VECTOR('',#6457,1.);
#1902=VECTOR('',#6458,1.);
#1903=VECTOR('',#6461,1.);
#1904=VECTOR('',#6462,1.);
#1905=VECTOR('',#6465,1.);
#1906=VECTOR('',#6466,1.);
#1907=VECTOR('',#6473,1.);
#1908=VECTOR('',#6474,1.);
#1909=VECTOR('',#6475,1.);
#1910=VECTOR('',#6476,1.);
#1911=VECTOR('',#6479,1.);
#1912=VECTOR('',#6480,1.);
#1913=VECTOR('',#6481,1.);
#1914=VECTOR('',#6482,1.);
#1915=VECTOR('',#6485,1.);
#1916=VECTOR('',#6486,1.);
#1917=VECTOR('',#6489,1.);
#1918=VECTOR('',#6490,1.);
#1919=VECTOR('',#6497,1.);
#1920=VECTOR('',#6498,1.);
#1921=VECTOR('',#6499,1.);
#1922=VECTOR('',#6500,1.);
#1923=VECTOR('',#6503,1.);
#1924=VECTOR('',#6504,1.);
#1925=VECTOR('',#6505,1.);
#1926=VECTOR('',#6506,1.);
#1927=VECTOR('',#6509,1.);
#1928=VECTOR('',#6510,1.);
#1929=VECTOR('',#6513,1.);
#1930=VECTOR('',#6514,1.);
#1931=VECTOR('',#6521,1.);
#1932=VECTOR('',#6522,1.);
#1933=VECTOR('',#6523,1.);
#1934=VECTOR('',#6524,1.);
#1935=VECTOR('',#6527,1.);
#1936=VECTOR('',#6528,1.);
#1937=VECTOR('',#6529,1.);
#1938=VECTOR('',#6530,1.);
#1939=VECTOR('',#6533,1.);
#1940=VECTOR('',#6534,1.);
#1941=VECTOR('',#6537,1.);
#1942=VECTOR('',#6538,1.);
#1943=VECTOR('',#6545,1.);
#1944=VECTOR('',#6546,1.);
#1945=VECTOR('',#6547,1.);
#1946=VECTOR('',#6548,1.);
#1947=VECTOR('',#6551,1.);
#1948=VECTOR('',#6552,1.);
#1949=VECTOR('',#6553,1.);
#1950=VECTOR('',#6554,1.);
#1951=VECTOR('',#6557,1.);
#1952=VECTOR('',#6558,1.);
#1953=VECTOR('',#6561,1.);
#1954=VECTOR('',#6562,1.);
#1955=VECTOR('',#6569,1.);
#1956=VECTOR('',#6570,1.);
#1957=VECTOR('',#6571,1.);
#1958=VECTOR('',#6572,1.);
#1959=VECTOR('',#6575,1.);
#1960=VECTOR('',#6576,1.);
#1961=VECTOR('',#6577,1.);
#1962=VECTOR('',#6578,1.);
#1963=VECTOR('',#6581,1.);
#1964=VECTOR('',#6582,1.);
#1965=VECTOR('',#6585,1.);
#1966=VECTOR('',#6586,1.);
#1967=VECTOR('',#6593,1.);
#1968=VECTOR('',#6594,1.);
#1969=VECTOR('',#6595,1.);
#1970=VECTOR('',#6596,1.);
#1971=VECTOR('',#6599,1.);
#1972=VECTOR('',#6600,1.);
#1973=VECTOR('',#6601,1.);
#1974=VECTOR('',#6602,1.);
#1975=VECTOR('',#6605,1.);
#1976=VECTOR('',#6606,1.);
#1977=VECTOR('',#6609,1.);
#1978=VECTOR('',#6610,1.);
#1979=VECTOR('',#6617,1.);
#1980=VECTOR('',#6618,1.);
#1981=VECTOR('',#6619,1.);
#1982=VECTOR('',#6620,1.);
#1983=VECTOR('',#6623,1.);
#1984=VECTOR('',#6624,1.);
#1985=VECTOR('',#6625,1.);
#1986=VECTOR('',#6626,1.);
#1987=VECTOR('',#6629,1.);
#1988=VECTOR('',#6630,1.);
#1989=VECTOR('',#6633,1.);
#1990=VECTOR('',#6634,1.);
#1991=VECTOR('',#6641,1.);
#1992=VECTOR('',#6642,1.);
#1993=VECTOR('',#6643,1.);
#1994=VECTOR('',#6644,1.);
#1995=VECTOR('',#6647,1.);
#1996=VECTOR('',#6648,1.);
#1997=VECTOR('',#6649,1.);
#1998=VECTOR('',#6650,1.);
#1999=VECTOR('',#6653,1.);
#2000=VECTOR('',#6654,1.);
#2001=VECTOR('',#6657,1.);
#2002=VECTOR('',#6658,1.);
#2003=VECTOR('',#6665,1.);
#2004=VECTOR('',#6666,1.);
#2005=VECTOR('',#6667,1.);
#2006=VECTOR('',#6668,1.);
#2007=VECTOR('',#6671,1.);
#2008=VECTOR('',#6672,1.);
#2009=VECTOR('',#6673,1.);
#2010=VECTOR('',#6674,1.);
#2011=VECTOR('',#6677,1.);
#2012=VECTOR('',#6678,1.);
#2013=VECTOR('',#6681,1.);
#2014=VECTOR('',#6682,1.);
#2015=VECTOR('',#6689,1.);
#2016=VECTOR('',#6690,1.);
#2017=VECTOR('',#6691,1.);
#2018=VECTOR('',#6692,1.);
#2019=VECTOR('',#6695,1.);
#2020=VECTOR('',#6696,1.);
#2021=VECTOR('',#6697,1.);
#2022=VECTOR('',#6698,1.);
#2023=VECTOR('',#6701,1.);
#2024=VECTOR('',#6702,1.);
#2025=VECTOR('',#6705,1.);
#2026=VECTOR('',#6706,1.);
#2027=VECTOR('',#6713,1.);
#2028=VECTOR('',#6714,1.);
#2029=VECTOR('',#6715,1.);
#2030=VECTOR('',#6716,1.);
#2031=VECTOR('',#6719,1.);
#2032=VECTOR('',#6720,1.);
#2033=VECTOR('',#6721,1.);
#2034=VECTOR('',#6722,1.);
#2035=VECTOR('',#6725,1.);
#2036=VECTOR('',#6726,1.);
#2037=VECTOR('',#6729,1.);
#2038=VECTOR('',#6730,1.);
#2039=VECTOR('',#6737,1.);
#2040=VECTOR('',#6738,1.);
#2041=VECTOR('',#6739,1.);
#2042=VECTOR('',#6740,1.);
#2043=VECTOR('',#6743,1.);
#2044=VECTOR('',#6744,1.);
#2045=VECTOR('',#6745,1.);
#2046=VECTOR('',#6746,1.);
#2047=VECTOR('',#6749,1.);
#2048=VECTOR('',#6750,1.);
#2049=VECTOR('',#6753,1.);
#2050=VECTOR('',#6754,1.);
#2051=VECTOR('',#6761,1.);
#2052=VECTOR('',#6762,1.);
#2053=VECTOR('',#6763,1.);
#2054=VECTOR('',#6764,1.);
#2055=VECTOR('',#6767,1.);
#2056=VECTOR('',#6768,1.);
#2057=VECTOR('',#6769,1.);
#2058=VECTOR('',#6770,1.);
#2059=VECTOR('',#6773,1.);
#2060=VECTOR('',#6774,1.);
#2061=VECTOR('',#6777,1.);
#2062=VECTOR('',#6778,1.);
#2063=VECTOR('',#6785,1.);
#2064=VECTOR('',#6786,1.);
#2065=VECTOR('',#6787,1.);
#2066=VECTOR('',#6788,1.);
#2067=VECTOR('',#6791,1.);
#2068=VECTOR('',#6792,1.);
#2069=VECTOR('',#6793,1.);
#2070=VECTOR('',#6794,1.);
#2071=VECTOR('',#6797,1.);
#2072=VECTOR('',#6798,1.);
#2073=VECTOR('',#6801,1.);
#2074=VECTOR('',#6802,1.);
#2075=VERTEX_POINT('',#6814);
#2076=VERTEX_POINT('',#6815);
#2077=VERTEX_POINT('',#6817);
#2078=VERTEX_POINT('',#6819);
#2079=VERTEX_POINT('',#6823);
#2080=VERTEX_POINT('',#6825);
#2081=VERTEX_POINT('',#6829);
#2082=VERTEX_POINT('',#6831);
#2083=VERTEX_POINT('',#6841);
#2084=VERTEX_POINT('',#6842);
#2085=VERTEX_POINT('',#6844);
#2086=VERTEX_POINT('',#6846);
#2087=VERTEX_POINT('',#6850);
#2088=VERTEX_POINT('',#6851);
#2089=VERTEX_POINT('',#6853);
#2090=VERTEX_POINT('',#6855);
#2091=VERTEX_POINT('',#6867);
#2092=VERTEX_POINT('',#6868);
#2093=VERTEX_POINT('',#6870);
#2094=VERTEX_POINT('',#6872);
#2095=VERTEX_POINT('',#6876);
#2096=VERTEX_POINT('',#6877);
#2097=VERTEX_POINT('',#6879);
#2098=VERTEX_POINT('',#6881);
#2099=VERTEX_POINT('',#6893);
#2100=VERTEX_POINT('',#6894);
#2101=VERTEX_POINT('',#6896);
#2102=VERTEX_POINT('',#6898);
#2103=VERTEX_POINT('',#6902);
#2104=VERTEX_POINT('',#6903);
#2105=VERTEX_POINT('',#6905);
#2106=VERTEX_POINT('',#6907);
#2107=VERTEX_POINT('',#6919);
#2108=VERTEX_POINT('',#6920);
#2109=VERTEX_POINT('',#6922);
#2110=VERTEX_POINT('',#6924);
#2111=VERTEX_POINT('',#6928);
#2112=VERTEX_POINT('',#6929);
#2113=VERTEX_POINT('',#6931);
#2114=VERTEX_POINT('',#6933);
#2115=VERTEX_POINT('',#6945);
#2116=VERTEX_POINT('',#6946);
#2117=VERTEX_POINT('',#6948);
#2118=VERTEX_POINT('',#6950);
#2119=VERTEX_POINT('',#6954);
#2120=VERTEX_POINT('',#6955);
#2121=VERTEX_POINT('',#6957);
#2122=VERTEX_POINT('',#6959);
#2123=VERTEX_POINT('',#6971);
#2124=VERTEX_POINT('',#6972);
#2125=VERTEX_POINT('',#6974);
#2126=VERTEX_POINT('',#6976);
#2127=VERTEX_POINT('',#6980);
#2128=VERTEX_POINT('',#6981);
#2129=VERTEX_POINT('',#6983);
#2130=VERTEX_POINT('',#6985);
#2131=VERTEX_POINT('',#6997);
#2132=VERTEX_POINT('',#6998);
#2133=VERTEX_POINT('',#7000);
#2134=VERTEX_POINT('',#7002);
#2135=VERTEX_POINT('',#7006);
#2136=VERTEX_POINT('',#7007);
#2137=VERTEX_POINT('',#7009);
#2138=VERTEX_POINT('',#7011);
#2139=VERTEX_POINT('',#7023);
#2140=VERTEX_POINT('',#7024);
#2141=VERTEX_POINT('',#7026);
#2142=VERTEX_POINT('',#7028);
#2143=VERTEX_POINT('',#7032);
#2144=VERTEX_POINT('',#7033);
#2145=VERTEX_POINT('',#7035);
#2146=VERTEX_POINT('',#7037);
#2147=VERTEX_POINT('',#7049);
#2148=VERTEX_POINT('',#7050);
#2149=VERTEX_POINT('',#7052);
#2150=VERTEX_POINT('',#7054);
#2151=VERTEX_POINT('',#7058);
#2152=VERTEX_POINT('',#7059);
#2153=VERTEX_POINT('',#7061);
#2154=VERTEX_POINT('',#7063);
#2155=VERTEX_POINT('',#7075);
#2156=VERTEX_POINT('',#7076);
#2157=VERTEX_POINT('',#7078);
#2158=VERTEX_POINT('',#7080);
#2159=VERTEX_POINT('',#7084);
#2160=VERTEX_POINT('',#7085);
#2161=VERTEX_POINT('',#7087);
#2162=VERTEX_POINT('',#7089);
#2163=VERTEX_POINT('',#7101);
#2164=VERTEX_POINT('',#7102);
#2165=VERTEX_POINT('',#7104);
#2166=VERTEX_POINT('',#7106);
#2167=VERTEX_POINT('',#7110);
#2168=VERTEX_POINT('',#7111);
#2169=VERTEX_POINT('',#7113);
#2170=VERTEX_POINT('',#7115);
#2171=VERTEX_POINT('',#7127);
#2172=VERTEX_POINT('',#7128);
#2173=VERTEX_POINT('',#7130);
#2174=VERTEX_POINT('',#7132);
#2175=VERTEX_POINT('',#7136);
#2176=VERTEX_POINT('',#7137);
#2177=VERTEX_POINT('',#7139);
#2178=VERTEX_POINT('',#7141);
#2179=VERTEX_POINT('',#7153);
#2180=VERTEX_POINT('',#7154);
#2181=VERTEX_POINT('',#7156);
#2182=VERTEX_POINT('',#7158);
#2183=VERTEX_POINT('',#7162);
#2184=VERTEX_POINT('',#7163);
#2185=VERTEX_POINT('',#7165);
#2186=VERTEX_POINT('',#7167);
#2187=VERTEX_POINT('',#7179);
#2188=VERTEX_POINT('',#7180);
#2189=VERTEX_POINT('',#7182);
#2190=VERTEX_POINT('',#7184);
#2191=VERTEX_POINT('',#7188);
#2192=VERTEX_POINT('',#7189);
#2193=VERTEX_POINT('',#7191);
#2194=VERTEX_POINT('',#7193);
#2195=VERTEX_POINT('',#7205);
#2196=VERTEX_POINT('',#7206);
#2197=VERTEX_POINT('',#7208);
#2198=VERTEX_POINT('',#7210);
#2199=VERTEX_POINT('',#7214);
#2200=VERTEX_POINT('',#7215);
#2201=VERTEX_POINT('',#7217);
#2202=VERTEX_POINT('',#7219);
#2203=VERTEX_POINT('',#7231);
#2204=VERTEX_POINT('',#7232);
#2205=VERTEX_POINT('',#7234);
#2206=VERTEX_POINT('',#7236);
#2207=VERTEX_POINT('',#7240);
#2208=VERTEX_POINT('',#7241);
#2209=VERTEX_POINT('',#7243);
#2210=VERTEX_POINT('',#7245);
#2211=VERTEX_POINT('',#7257);
#2212=VERTEX_POINT('',#7258);
#2213=VERTEX_POINT('',#7260);
#2214=VERTEX_POINT('',#7262);
#2215=VERTEX_POINT('',#7266);
#2216=VERTEX_POINT('',#7267);
#2217=VERTEX_POINT('',#7269);
#2218=VERTEX_POINT('',#7271);
#2219=VERTEX_POINT('',#7283);
#2220=VERTEX_POINT('',#7284);
#2221=VERTEX_POINT('',#7286);
#2222=VERTEX_POINT('',#7288);
#2223=VERTEX_POINT('',#7292);
#2224=VERTEX_POINT('',#7293);
#2225=VERTEX_POINT('',#7295);
#2226=VERTEX_POINT('',#7297);
#2227=VERTEX_POINT('',#7309);
#2228=VERTEX_POINT('',#7310);
#2229=VERTEX_POINT('',#7312);
#2230=VERTEX_POINT('',#7314);
#2231=VERTEX_POINT('',#7318);
#2232=VERTEX_POINT('',#7319);
#2233=VERTEX_POINT('',#7321);
#2234=VERTEX_POINT('',#7323);
#2235=VERTEX_POINT('',#7335);
#2236=VERTEX_POINT('',#7336);
#2237=VERTEX_POINT('',#7338);
#2238=VERTEX_POINT('',#7340);
#2239=VERTEX_POINT('',#7344);
#2240=VERTEX_POINT('',#7345);
#2241=VERTEX_POINT('',#7347);
#2242=VERTEX_POINT('',#7349);
#2243=VERTEX_POINT('',#7361);
#2244=VERTEX_POINT('',#7362);
#2245=VERTEX_POINT('',#7364);
#2246=VERTEX_POINT('',#7366);
#2247=VERTEX_POINT('',#7370);
#2248=VERTEX_POINT('',#7371);
#2249=VERTEX_POINT('',#7373);
#2250=VERTEX_POINT('',#7375);
#2251=VERTEX_POINT('',#7387);
#2252=VERTEX_POINT('',#7388);
#2253=VERTEX_POINT('',#7390);
#2254=VERTEX_POINT('',#7392);
#2255=VERTEX_POINT('',#7396);
#2256=VERTEX_POINT('',#7397);
#2257=VERTEX_POINT('',#7399);
#2258=VERTEX_POINT('',#7401);
#2259=VERTEX_POINT('',#7413);
#2260=VERTEX_POINT('',#7414);
#2261=VERTEX_POINT('',#7416);
#2262=VERTEX_POINT('',#7418);
#2263=VERTEX_POINT('',#7422);
#2264=VERTEX_POINT('',#7423);
#2265=VERTEX_POINT('',#7425);
#2266=VERTEX_POINT('',#7427);
#2267=VERTEX_POINT('',#7439);
#2268=VERTEX_POINT('',#7440);
#2269=VERTEX_POINT('',#7442);
#2270=VERTEX_POINT('',#7444);
#2271=VERTEX_POINT('',#7448);
#2272=VERTEX_POINT('',#7449);
#2273=VERTEX_POINT('',#7451);
#2274=VERTEX_POINT('',#7453);
#2275=VERTEX_POINT('',#7465);
#2276=VERTEX_POINT('',#7466);
#2277=VERTEX_POINT('',#7468);
#2278=VERTEX_POINT('',#7470);
#2279=VERTEX_POINT('',#7474);
#2280=VERTEX_POINT('',#7475);
#2281=VERTEX_POINT('',#7477);
#2282=VERTEX_POINT('',#7479);
#2283=VERTEX_POINT('',#7491);
#2284=VERTEX_POINT('',#7492);
#2285=VERTEX_POINT('',#7494);
#2286=VERTEX_POINT('',#7496);
#2287=VERTEX_POINT('',#7500);
#2288=VERTEX_POINT('',#7501);
#2289=VERTEX_POINT('',#7503);
#2290=VERTEX_POINT('',#7505);
#2291=VERTEX_POINT('',#7517);
#2292=VERTEX_POINT('',#7518);
#2293=VERTEX_POINT('',#7520);
#2294=VERTEX_POINT('',#7522);
#2295=VERTEX_POINT('',#7526);
#2296=VERTEX_POINT('',#7527);
#2297=VERTEX_POINT('',#7529);
#2298=VERTEX_POINT('',#7531);
#2299=VERTEX_POINT('',#7543);
#2300=VERTEX_POINT('',#7544);
#2301=VERTEX_POINT('',#7546);
#2302=VERTEX_POINT('',#7548);
#2303=VERTEX_POINT('',#7552);
#2304=VERTEX_POINT('',#7553);
#2305=VERTEX_POINT('',#7555);
#2306=VERTEX_POINT('',#7557);
#2307=VERTEX_POINT('',#7569);
#2308=VERTEX_POINT('',#7570);
#2309=VERTEX_POINT('',#7572);
#2310=VERTEX_POINT('',#7574);
#2311=VERTEX_POINT('',#7578);
#2312=VERTEX_POINT('',#7579);
#2313=VERTEX_POINT('',#7581);
#2314=VERTEX_POINT('',#7583);
#2315=VERTEX_POINT('',#7595);
#2316=VERTEX_POINT('',#7596);
#2317=VERTEX_POINT('',#7598);
#2318=VERTEX_POINT('',#7600);
#2319=VERTEX_POINT('',#7604);
#2320=VERTEX_POINT('',#7605);
#2321=VERTEX_POINT('',#7607);
#2322=VERTEX_POINT('',#7609);
#2323=VERTEX_POINT('',#7621);
#2324=VERTEX_POINT('',#7622);
#2325=VERTEX_POINT('',#7624);
#2326=VERTEX_POINT('',#7626);
#2327=VERTEX_POINT('',#7630);
#2328=VERTEX_POINT('',#7631);
#2329=VERTEX_POINT('',#7633);
#2330=VERTEX_POINT('',#7635);
#2331=VERTEX_POINT('',#7647);
#2332=VERTEX_POINT('',#7648);
#2333=VERTEX_POINT('',#7650);
#2334=VERTEX_POINT('',#7652);
#2335=VERTEX_POINT('',#7656);
#2336=VERTEX_POINT('',#7657);
#2337=VERTEX_POINT('',#7659);
#2338=VERTEX_POINT('',#7661);
#2339=VERTEX_POINT('',#7673);
#2340=VERTEX_POINT('',#7674);
#2341=VERTEX_POINT('',#7676);
#2342=VERTEX_POINT('',#7678);
#2343=VERTEX_POINT('',#7682);
#2344=VERTEX_POINT('',#7683);
#2345=VERTEX_POINT('',#7685);
#2346=VERTEX_POINT('',#7687);
#2347=VERTEX_POINT('',#7699);
#2348=VERTEX_POINT('',#7700);
#2349=VERTEX_POINT('',#7702);
#2350=VERTEX_POINT('',#7704);
#2351=VERTEX_POINT('',#7708);
#2352=VERTEX_POINT('',#7709);
#2353=VERTEX_POINT('',#7711);
#2354=VERTEX_POINT('',#7713);
#2355=VERTEX_POINT('',#7725);
#2356=VERTEX_POINT('',#7726);
#2357=VERTEX_POINT('',#7728);
#2358=VERTEX_POINT('',#7730);
#2359=VERTEX_POINT('',#7734);
#2360=VERTEX_POINT('',#7735);
#2361=VERTEX_POINT('',#7737);
#2362=VERTEX_POINT('',#7739);
#2363=VERTEX_POINT('',#7751);
#2364=VERTEX_POINT('',#7752);
#2365=VERTEX_POINT('',#7754);
#2366=VERTEX_POINT('',#7756);
#2367=VERTEX_POINT('',#7760);
#2368=VERTEX_POINT('',#7761);
#2369=VERTEX_POINT('',#7763);
#2370=VERTEX_POINT('',#7765);
#2371=VERTEX_POINT('',#7777);
#2372=VERTEX_POINT('',#7778);
#2373=VERTEX_POINT('',#7780);
#2374=VERTEX_POINT('',#7782);
#2375=VERTEX_POINT('',#7786);
#2376=VERTEX_POINT('',#7787);
#2377=VERTEX_POINT('',#7789);
#2378=VERTEX_POINT('',#7791);
#2379=VERTEX_POINT('',#7803);
#2380=VERTEX_POINT('',#7804);
#2381=VERTEX_POINT('',#7806);
#2382=VERTEX_POINT('',#7808);
#2383=VERTEX_POINT('',#7812);
#2384=VERTEX_POINT('',#7813);
#2385=VERTEX_POINT('',#7815);
#2386=VERTEX_POINT('',#7817);
#2387=VERTEX_POINT('',#7829);
#2388=VERTEX_POINT('',#7830);
#2389=VERTEX_POINT('',#7832);
#2390=VERTEX_POINT('',#7834);
#2391=VERTEX_POINT('',#7838);
#2392=VERTEX_POINT('',#7839);
#2393=VERTEX_POINT('',#7841);
#2394=VERTEX_POINT('',#7843);
#2395=VERTEX_POINT('',#7855);
#2396=VERTEX_POINT('',#7856);
#2397=VERTEX_POINT('',#7858);
#2398=VERTEX_POINT('',#7860);
#2399=VERTEX_POINT('',#7864);
#2400=VERTEX_POINT('',#7865);
#2401=VERTEX_POINT('',#7867);
#2402=VERTEX_POINT('',#7869);
#2403=VERTEX_POINT('',#7881);
#2404=VERTEX_POINT('',#7882);
#2405=VERTEX_POINT('',#7884);
#2406=VERTEX_POINT('',#7886);
#2407=VERTEX_POINT('',#7890);
#2408=VERTEX_POINT('',#7891);
#2409=VERTEX_POINT('',#7893);
#2410=VERTEX_POINT('',#7895);
#2411=VERTEX_POINT('',#7907);
#2412=VERTEX_POINT('',#7908);
#2413=VERTEX_POINT('',#7910);
#2414=VERTEX_POINT('',#7912);
#2415=VERTEX_POINT('',#7916);
#2416=VERTEX_POINT('',#7917);
#2417=VERTEX_POINT('',#7919);
#2418=VERTEX_POINT('',#7921);
#2419=VERTEX_POINT('',#7933);
#2420=VERTEX_POINT('',#7934);
#2421=VERTEX_POINT('',#7936);
#2422=VERTEX_POINT('',#7938);
#2423=VERTEX_POINT('',#7942);
#2424=VERTEX_POINT('',#7943);
#2425=VERTEX_POINT('',#7945);
#2426=VERTEX_POINT('',#7947);
#2427=VERTEX_POINT('',#7959);
#2428=VERTEX_POINT('',#7960);
#2429=VERTEX_POINT('',#7962);
#2430=VERTEX_POINT('',#7964);
#2431=VERTEX_POINT('',#7968);
#2432=VERTEX_POINT('',#7969);
#2433=VERTEX_POINT('',#7971);
#2434=VERTEX_POINT('',#7973);
#2435=VERTEX_POINT('',#7985);
#2436=VERTEX_POINT('',#7986);
#2437=VERTEX_POINT('',#7988);
#2438=VERTEX_POINT('',#7990);
#2439=VERTEX_POINT('',#7994);
#2440=VERTEX_POINT('',#7995);
#2441=VERTEX_POINT('',#7997);
#2442=VERTEX_POINT('',#7999);
#2443=VERTEX_POINT('',#8011);
#2444=VERTEX_POINT('',#8012);
#2445=VERTEX_POINT('',#8014);
#2446=VERTEX_POINT('',#8016);
#2447=VERTEX_POINT('',#8020);
#2448=VERTEX_POINT('',#8021);
#2449=VERTEX_POINT('',#8023);
#2450=VERTEX_POINT('',#8025);
#2451=VERTEX_POINT('',#8037);
#2452=VERTEX_POINT('',#8038);
#2453=VERTEX_POINT('',#8040);
#2454=VERTEX_POINT('',#8042);
#2455=VERTEX_POINT('',#8046);
#2456=VERTEX_POINT('',#8047);
#2457=VERTEX_POINT('',#8049);
#2458=VERTEX_POINT('',#8051);
#2459=VERTEX_POINT('',#8063);
#2460=VERTEX_POINT('',#8064);
#2461=VERTEX_POINT('',#8066);
#2462=VERTEX_POINT('',#8068);
#2463=VERTEX_POINT('',#8072);
#2464=VERTEX_POINT('',#8073);
#2465=VERTEX_POINT('',#8075);
#2466=VERTEX_POINT('',#8077);
#2467=VERTEX_POINT('',#8089);
#2468=VERTEX_POINT('',#8090);
#2469=VERTEX_POINT('',#8092);
#2470=VERTEX_POINT('',#8094);
#2471=VERTEX_POINT('',#8098);
#2472=VERTEX_POINT('',#8099);
#2473=VERTEX_POINT('',#8101);
#2474=VERTEX_POINT('',#8103);
#2475=VERTEX_POINT('',#8115);
#2476=VERTEX_POINT('',#8116);
#2477=VERTEX_POINT('',#8118);
#2478=VERTEX_POINT('',#8120);
#2479=VERTEX_POINT('',#8124);
#2480=VERTEX_POINT('',#8125);
#2481=VERTEX_POINT('',#8127);
#2482=VERTEX_POINT('',#8129);
#2483=VERTEX_POINT('',#8141);
#2484=VERTEX_POINT('',#8142);
#2485=VERTEX_POINT('',#8144);
#2486=VERTEX_POINT('',#8146);
#2487=VERTEX_POINT('',#8150);
#2488=VERTEX_POINT('',#8151);
#2489=VERTEX_POINT('',#8153);
#2490=VERTEX_POINT('',#8155);
#2491=VERTEX_POINT('',#8167);
#2492=VERTEX_POINT('',#8168);
#2493=VERTEX_POINT('',#8170);
#2494=VERTEX_POINT('',#8172);
#2495=VERTEX_POINT('',#8176);
#2496=VERTEX_POINT('',#8177);
#2497=VERTEX_POINT('',#8179);
#2498=VERTEX_POINT('',#8181);
#2499=VERTEX_POINT('',#8193);
#2500=VERTEX_POINT('',#8194);
#2501=VERTEX_POINT('',#8196);
#2502=VERTEX_POINT('',#8198);
#2503=VERTEX_POINT('',#8202);
#2504=VERTEX_POINT('',#8203);
#2505=VERTEX_POINT('',#8205);
#2506=VERTEX_POINT('',#8207);
#2507=EDGE_CURVE('',#2075,#2076,#779,.T.);
#2508=EDGE_CURVE('',#2076,#2077,#780,.T.);
#2509=EDGE_CURVE('',#2078,#2077,#781,.T.);
#2510=EDGE_CURVE('',#2075,#2078,#782,.T.);
#2511=EDGE_CURVE('',#2077,#2079,#783,.T.);
#2512=EDGE_CURVE('',#2080,#2079,#784,.T.);
#2513=EDGE_CURVE('',#2078,#2080,#785,.T.);
#2514=EDGE_CURVE('',#2079,#2081,#786,.T.);
#2515=EDGE_CURVE('',#2082,#2081,#787,.T.);
#2516=EDGE_CURVE('',#2080,#2082,#788,.T.);
#2517=EDGE_CURVE('',#2081,#2076,#789,.T.);
#2518=EDGE_CURVE('',#2082,#2075,#790,.T.);
#2519=EDGE_CURVE('',#2083,#2084,#791,.T.);
#2520=EDGE_CURVE('',#2084,#2085,#792,.T.);
#2521=EDGE_CURVE('',#2086,#2085,#793,.T.);
#2522=EDGE_CURVE('',#2083,#2086,#794,.T.);
#2523=EDGE_CURVE('',#2087,#2088,#795,.T.);
#2524=EDGE_CURVE('',#2087,#2089,#796,.T.);
#2525=EDGE_CURVE('',#2089,#2090,#797,.T.);
#2526=EDGE_CURVE('',#2088,#2090,#798,.T.);
#2527=EDGE_CURVE('',#2083,#2087,#799,.T.);
#2528=EDGE_CURVE('',#2084,#2088,#800,.T.);
#2529=EDGE_CURVE('',#2086,#2089,#801,.T.);
#2530=EDGE_CURVE('',#2085,#2090,#802,.T.);
#2531=EDGE_CURVE('',#2091,#2092,#803,.T.);
#2532=EDGE_CURVE('',#2092,#2093,#804,.T.);
#2533=EDGE_CURVE('',#2094,#2093,#805,.T.);
#2534=EDGE_CURVE('',#2091,#2094,#806,.T.);
#2535=EDGE_CURVE('',#2095,#2096,#807,.T.);
#2536=EDGE_CURVE('',#2095,#2097,#808,.T.);
#2537=EDGE_CURVE('',#2097,#2098,#809,.T.);
#2538=EDGE_CURVE('',#2096,#2098,#810,.T.);
#2539=EDGE_CURVE('',#2091,#2095,#811,.T.);
#2540=EDGE_CURVE('',#2092,#2096,#812,.T.);
#2541=EDGE_CURVE('',#2094,#2097,#813,.T.);
#2542=EDGE_CURVE('',#2093,#2098,#814,.T.);
#2543=EDGE_CURVE('',#2099,#2100,#815,.T.);
#2544=EDGE_CURVE('',#2100,#2101,#816,.T.);
#2545=EDGE_CURVE('',#2102,#2101,#817,.T.);
#2546=EDGE_CURVE('',#2099,#2102,#818,.T.);
#2547=EDGE_CURVE('',#2103,#2104,#819,.T.);
#2548=EDGE_CURVE('',#2103,#2105,#820,.T.);
#2549=EDGE_CURVE('',#2105,#2106,#821,.T.);
#2550=EDGE_CURVE('',#2104,#2106,#822,.T.);
#2551=EDGE_CURVE('',#2099,#2103,#823,.T.);
#2552=EDGE_CURVE('',#2100,#2104,#824,.T.);
#2553=EDGE_CURVE('',#2102,#2105,#825,.T.);
#2554=EDGE_CURVE('',#2101,#2106,#826,.T.);
#2555=EDGE_CURVE('',#2107,#2108,#827,.T.);
#2556=EDGE_CURVE('',#2108,#2109,#828,.T.);
#2557=EDGE_CURVE('',#2110,#2109,#829,.T.);
#2558=EDGE_CURVE('',#2107,#2110,#830,.T.);
#2559=EDGE_CURVE('',#2111,#2112,#831,.T.);
#2560=EDGE_CURVE('',#2111,#2113,#832,.T.);
#2561=EDGE_CURVE('',#2113,#2114,#833,.T.);
#2562=EDGE_CURVE('',#2112,#2114,#834,.T.);
#2563=EDGE_CURVE('',#2107,#2111,#835,.T.);
#2564=EDGE_CURVE('',#2108,#2112,#836,.T.);
#2565=EDGE_CURVE('',#2110,#2113,#837,.T.);
#2566=EDGE_CURVE('',#2109,#2114,#838,.T.);
#2567=EDGE_CURVE('',#2115,#2116,#839,.T.);
#2568=EDGE_CURVE('',#2116,#2117,#840,.T.);
#2569=EDGE_CURVE('',#2118,#2117,#841,.T.);
#2570=EDGE_CURVE('',#2115,#2118,#842,.T.);
#2571=EDGE_CURVE('',#2119,#2120,#843,.T.);
#2572=EDGE_CURVE('',#2119,#2121,#844,.T.);
#2573=EDGE_CURVE('',#2121,#2122,#845,.T.);
#2574=EDGE_CURVE('',#2120,#2122,#846,.T.);
#2575=EDGE_CURVE('',#2115,#2119,#847,.T.);
#2576=EDGE_CURVE('',#2116,#2120,#848,.T.);
#2577=EDGE_CURVE('',#2118,#2121,#849,.T.);
#2578=EDGE_CURVE('',#2117,#2122,#850,.T.);
#2579=EDGE_CURVE('',#2123,#2124,#851,.T.);
#2580=EDGE_CURVE('',#2124,#2125,#852,.T.);
#2581=EDGE_CURVE('',#2126,#2125,#853,.T.);
#2582=EDGE_CURVE('',#2123,#2126,#854,.T.);
#2583=EDGE_CURVE('',#2127,#2128,#855,.T.);
#2584=EDGE_CURVE('',#2127,#2129,#856,.T.);
#2585=EDGE_CURVE('',#2129,#2130,#857,.T.);
#2586=EDGE_CURVE('',#2128,#2130,#858,.T.);
#2587=EDGE_CURVE('',#2123,#2127,#859,.T.);
#2588=EDGE_CURVE('',#2124,#2128,#860,.T.);
#2589=EDGE_CURVE('',#2126,#2129,#861,.T.);
#2590=EDGE_CURVE('',#2125,#2130,#862,.T.);
#2591=EDGE_CURVE('',#2131,#2132,#863,.T.);
#2592=EDGE_CURVE('',#2132,#2133,#864,.T.);
#2593=EDGE_CURVE('',#2134,#2133,#865,.T.);
#2594=EDGE_CURVE('',#2131,#2134,#866,.T.);
#2595=EDGE_CURVE('',#2135,#2136,#867,.T.);
#2596=EDGE_CURVE('',#2135,#2137,#868,.T.);
#2597=EDGE_CURVE('',#2137,#2138,#869,.T.);
#2598=EDGE_CURVE('',#2136,#2138,#870,.T.);
#2599=EDGE_CURVE('',#2131,#2135,#871,.T.);
#2600=EDGE_CURVE('',#2132,#2136,#872,.T.);
#2601=EDGE_CURVE('',#2134,#2137,#873,.T.);
#2602=EDGE_CURVE('',#2133,#2138,#874,.T.);
#2603=EDGE_CURVE('',#2139,#2140,#875,.T.);
#2604=EDGE_CURVE('',#2140,#2141,#876,.T.);
#2605=EDGE_CURVE('',#2142,#2141,#877,.T.);
#2606=EDGE_CURVE('',#2139,#2142,#878,.T.);
#2607=EDGE_CURVE('',#2143,#2144,#879,.T.);
#2608=EDGE_CURVE('',#2143,#2145,#880,.T.);
#2609=EDGE_CURVE('',#2145,#2146,#881,.T.);
#2610=EDGE_CURVE('',#2144,#2146,#882,.T.);
#2611=EDGE_CURVE('',#2139,#2143,#883,.T.);
#2612=EDGE_CURVE('',#2140,#2144,#884,.T.);
#2613=EDGE_CURVE('',#2142,#2145,#885,.T.);
#2614=EDGE_CURVE('',#2141,#2146,#886,.T.);
#2615=EDGE_CURVE('',#2147,#2148,#887,.T.);
#2616=EDGE_CURVE('',#2148,#2149,#888,.T.);
#2617=EDGE_CURVE('',#2150,#2149,#889,.T.);
#2618=EDGE_CURVE('',#2147,#2150,#890,.T.);
#2619=EDGE_CURVE('',#2151,#2152,#891,.T.);
#2620=EDGE_CURVE('',#2151,#2153,#892,.T.);
#2621=EDGE_CURVE('',#2153,#2154,#893,.T.);
#2622=EDGE_CURVE('',#2152,#2154,#894,.T.);
#2623=EDGE_CURVE('',#2147,#2151,#895,.T.);
#2624=EDGE_CURVE('',#2148,#2152,#896,.T.);
#2625=EDGE_CURVE('',#2150,#2153,#897,.T.);
#2626=EDGE_CURVE('',#2149,#2154,#898,.T.);
#2627=EDGE_CURVE('',#2155,#2156,#899,.T.);
#2628=EDGE_CURVE('',#2156,#2157,#900,.T.);
#2629=EDGE_CURVE('',#2158,#2157,#901,.T.);
#2630=EDGE_CURVE('',#2155,#2158,#902,.T.);
#2631=EDGE_CURVE('',#2159,#2160,#903,.T.);
#2632=EDGE_CURVE('',#2159,#2161,#904,.T.);
#2633=EDGE_CURVE('',#2161,#2162,#905,.T.);
#2634=EDGE_CURVE('',#2160,#2162,#906,.T.);
#2635=EDGE_CURVE('',#2155,#2159,#907,.T.);
#2636=EDGE_CURVE('',#2156,#2160,#908,.T.);
#2637=EDGE_CURVE('',#2158,#2161,#909,.T.);
#2638=EDGE_CURVE('',#2157,#2162,#910,.T.);
#2639=EDGE_CURVE('',#2163,#2164,#911,.T.);
#2640=EDGE_CURVE('',#2164,#2165,#912,.T.);
#2641=EDGE_CURVE('',#2166,#2165,#913,.T.);
#2642=EDGE_CURVE('',#2163,#2166,#914,.T.);
#2643=EDGE_CURVE('',#2167,#2168,#915,.T.);
#2644=EDGE_CURVE('',#2167,#2169,#916,.T.);
#2645=EDGE_CURVE('',#2169,#2170,#917,.T.);
#2646=EDGE_CURVE('',#2168,#2170,#918,.T.);
#2647=EDGE_CURVE('',#2163,#2167,#919,.T.);
#2648=EDGE_CURVE('',#2164,#2168,#920,.T.);
#2649=EDGE_CURVE('',#2166,#2169,#921,.T.);
#2650=EDGE_CURVE('',#2165,#2170,#922,.T.);
#2651=EDGE_CURVE('',#2171,#2172,#923,.T.);
#2652=EDGE_CURVE('',#2172,#2173,#924,.T.);
#2653=EDGE_CURVE('',#2174,#2173,#925,.T.);
#2654=EDGE_CURVE('',#2171,#2174,#926,.T.);
#2655=EDGE_CURVE('',#2175,#2176,#927,.T.);
#2656=EDGE_CURVE('',#2175,#2177,#928,.T.);
#2657=EDGE_CURVE('',#2177,#2178,#929,.T.);
#2658=EDGE_CURVE('',#2176,#2178,#930,.T.);
#2659=EDGE_CURVE('',#2171,#2175,#931,.T.);
#2660=EDGE_CURVE('',#2172,#2176,#932,.T.);
#2661=EDGE_CURVE('',#2174,#2177,#933,.T.);
#2662=EDGE_CURVE('',#2173,#2178,#934,.T.);
#2663=EDGE_CURVE('',#2179,#2180,#935,.T.);
#2664=EDGE_CURVE('',#2180,#2181,#936,.T.);
#2665=EDGE_CURVE('',#2182,#2181,#937,.T.);
#2666=EDGE_CURVE('',#2179,#2182,#938,.T.);
#2667=EDGE_CURVE('',#2183,#2184,#939,.T.);
#2668=EDGE_CURVE('',#2183,#2185,#940,.T.);
#2669=EDGE_CURVE('',#2185,#2186,#941,.T.);
#2670=EDGE_CURVE('',#2184,#2186,#942,.T.);
#2671=EDGE_CURVE('',#2179,#2183,#943,.T.);
#2672=EDGE_CURVE('',#2180,#2184,#944,.T.);
#2673=EDGE_CURVE('',#2182,#2185,#945,.T.);
#2674=EDGE_CURVE('',#2181,#2186,#946,.T.);
#2675=EDGE_CURVE('',#2187,#2188,#947,.T.);
#2676=EDGE_CURVE('',#2188,#2189,#948,.T.);
#2677=EDGE_CURVE('',#2190,#2189,#949,.T.);
#2678=EDGE_CURVE('',#2187,#2190,#950,.T.);
#2679=EDGE_CURVE('',#2191,#2192,#951,.T.);
#2680=EDGE_CURVE('',#2191,#2193,#952,.T.);
#2681=EDGE_CURVE('',#2193,#2194,#953,.T.);
#2682=EDGE_CURVE('',#2192,#2194,#954,.T.);
#2683=EDGE_CURVE('',#2187,#2191,#955,.T.);
#2684=EDGE_CURVE('',#2188,#2192,#956,.T.);
#2685=EDGE_CURVE('',#2190,#2193,#957,.T.);
#2686=EDGE_CURVE('',#2189,#2194,#958,.T.);
#2687=EDGE_CURVE('',#2195,#2196,#959,.T.);
#2688=EDGE_CURVE('',#2196,#2197,#960,.T.);
#2689=EDGE_CURVE('',#2198,#2197,#961,.T.);
#2690=EDGE_CURVE('',#2195,#2198,#962,.T.);
#2691=EDGE_CURVE('',#2199,#2200,#963,.T.);
#2692=EDGE_CURVE('',#2199,#2201,#964,.T.);
#2693=EDGE_CURVE('',#2201,#2202,#965,.T.);
#2694=EDGE_CURVE('',#2200,#2202,#966,.T.);
#2695=EDGE_CURVE('',#2195,#2199,#967,.T.);
#2696=EDGE_CURVE('',#2196,#2200,#968,.T.);
#2697=EDGE_CURVE('',#2198,#2201,#969,.T.);
#2698=EDGE_CURVE('',#2197,#2202,#970,.T.);
#2699=EDGE_CURVE('',#2203,#2204,#971,.T.);
#2700=EDGE_CURVE('',#2204,#2205,#972,.T.);
#2701=EDGE_CURVE('',#2206,#2205,#973,.T.);
#2702=EDGE_CURVE('',#2203,#2206,#974,.T.);
#2703=EDGE_CURVE('',#2207,#2208,#975,.T.);
#2704=EDGE_CURVE('',#2207,#2209,#976,.T.);
#2705=EDGE_CURVE('',#2209,#2210,#977,.T.);
#2706=EDGE_CURVE('',#2208,#2210,#978,.T.);
#2707=EDGE_CURVE('',#2203,#2207,#979,.T.);
#2708=EDGE_CURVE('',#2204,#2208,#980,.T.);
#2709=EDGE_CURVE('',#2206,#2209,#981,.T.);
#2710=EDGE_CURVE('',#2205,#2210,#982,.T.);
#2711=EDGE_CURVE('',#2211,#2212,#983,.T.);
#2712=EDGE_CURVE('',#2212,#2213,#984,.T.);
#2713=EDGE_CURVE('',#2214,#2213,#985,.T.);
#2714=EDGE_CURVE('',#2211,#2214,#986,.T.);
#2715=EDGE_CURVE('',#2215,#2216,#987,.T.);
#2716=EDGE_CURVE('',#2215,#2217,#988,.T.);
#2717=EDGE_CURVE('',#2217,#2218,#989,.T.);
#2718=EDGE_CURVE('',#2216,#2218,#990,.T.);
#2719=EDGE_CURVE('',#2211,#2215,#991,.T.);
#2720=EDGE_CURVE('',#2212,#2216,#992,.T.);
#2721=EDGE_CURVE('',#2214,#2217,#993,.T.);
#2722=EDGE_CURVE('',#2213,#2218,#994,.T.);
#2723=EDGE_CURVE('',#2219,#2220,#995,.T.);
#2724=EDGE_CURVE('',#2220,#2221,#996,.T.);
#2725=EDGE_CURVE('',#2222,#2221,#997,.T.);
#2726=EDGE_CURVE('',#2219,#2222,#998,.T.);
#2727=EDGE_CURVE('',#2223,#2224,#999,.T.);
#2728=EDGE_CURVE('',#2223,#2225,#1000,.T.);
#2729=EDGE_CURVE('',#2225,#2226,#1001,.T.);
#2730=EDGE_CURVE('',#2224,#2226,#1002,.T.);
#2731=EDGE_CURVE('',#2219,#2223,#1003,.T.);
#2732=EDGE_CURVE('',#2220,#2224,#1004,.T.);
#2733=EDGE_CURVE('',#2222,#2225,#1005,.T.);
#2734=EDGE_CURVE('',#2221,#2226,#1006,.T.);
#2735=EDGE_CURVE('',#2227,#2228,#1007,.T.);
#2736=EDGE_CURVE('',#2228,#2229,#1008,.T.);
#2737=EDGE_CURVE('',#2230,#2229,#1009,.T.);
#2738=EDGE_CURVE('',#2227,#2230,#1010,.T.);
#2739=EDGE_CURVE('',#2231,#2232,#1011,.T.);
#2740=EDGE_CURVE('',#2231,#2233,#1012,.T.);
#2741=EDGE_CURVE('',#2233,#2234,#1013,.T.);
#2742=EDGE_CURVE('',#2232,#2234,#1014,.T.);
#2743=EDGE_CURVE('',#2227,#2231,#1015,.T.);
#2744=EDGE_CURVE('',#2228,#2232,#1016,.T.);
#2745=EDGE_CURVE('',#2230,#2233,#1017,.T.);
#2746=EDGE_CURVE('',#2229,#2234,#1018,.T.);
#2747=EDGE_CURVE('',#2235,#2236,#1019,.T.);
#2748=EDGE_CURVE('',#2236,#2237,#1020,.T.);
#2749=EDGE_CURVE('',#2238,#2237,#1021,.T.);
#2750=EDGE_CURVE('',#2235,#2238,#1022,.T.);
#2751=EDGE_CURVE('',#2239,#2240,#1023,.T.);
#2752=EDGE_CURVE('',#2239,#2241,#1024,.T.);
#2753=EDGE_CURVE('',#2241,#2242,#1025,.T.);
#2754=EDGE_CURVE('',#2240,#2242,#1026,.T.);
#2755=EDGE_CURVE('',#2235,#2239,#1027,.T.);
#2756=EDGE_CURVE('',#2236,#2240,#1028,.T.);
#2757=EDGE_CURVE('',#2238,#2241,#1029,.T.);
#2758=EDGE_CURVE('',#2237,#2242,#1030,.T.);
#2759=EDGE_CURVE('',#2243,#2244,#1031,.T.);
#2760=EDGE_CURVE('',#2244,#2245,#1032,.T.);
#2761=EDGE_CURVE('',#2246,#2245,#1033,.T.);
#2762=EDGE_CURVE('',#2243,#2246,#1034,.T.);
#2763=EDGE_CURVE('',#2247,#2248,#1035,.T.);
#2764=EDGE_CURVE('',#2247,#2249,#1036,.T.);
#2765=EDGE_CURVE('',#2249,#2250,#1037,.T.);
#2766=EDGE_CURVE('',#2248,#2250,#1038,.T.);
#2767=EDGE_CURVE('',#2243,#2247,#1039,.T.);
#2768=EDGE_CURVE('',#2244,#2248,#1040,.T.);
#2769=EDGE_CURVE('',#2246,#2249,#1041,.T.);
#2770=EDGE_CURVE('',#2245,#2250,#1042,.T.);
#2771=EDGE_CURVE('',#2251,#2252,#1043,.T.);
#2772=EDGE_CURVE('',#2252,#2253,#1044,.T.);
#2773=EDGE_CURVE('',#2254,#2253,#1045,.T.);
#2774=EDGE_CURVE('',#2251,#2254,#1046,.T.);
#2775=EDGE_CURVE('',#2255,#2256,#1047,.T.);
#2776=EDGE_CURVE('',#2255,#2257,#1048,.T.);
#2777=EDGE_CURVE('',#2257,#2258,#1049,.T.);
#2778=EDGE_CURVE('',#2256,#2258,#1050,.T.);
#2779=EDGE_CURVE('',#2251,#2255,#1051,.T.);
#2780=EDGE_CURVE('',#2252,#2256,#1052,.T.);
#2781=EDGE_CURVE('',#2254,#2257,#1053,.T.);
#2782=EDGE_CURVE('',#2253,#2258,#1054,.T.);
#2783=EDGE_CURVE('',#2259,#2260,#1055,.T.);
#2784=EDGE_CURVE('',#2260,#2261,#1056,.T.);
#2785=EDGE_CURVE('',#2262,#2261,#1057,.T.);
#2786=EDGE_CURVE('',#2259,#2262,#1058,.T.);
#2787=EDGE_CURVE('',#2263,#2264,#1059,.T.);
#2788=EDGE_CURVE('',#2263,#2265,#1060,.T.);
#2789=EDGE_CURVE('',#2265,#2266,#1061,.T.);
#2790=EDGE_CURVE('',#2264,#2266,#1062,.T.);
#2791=EDGE_CURVE('',#2259,#2263,#1063,.T.);
#2792=EDGE_CURVE('',#2260,#2264,#1064,.T.);
#2793=EDGE_CURVE('',#2262,#2265,#1065,.T.);
#2794=EDGE_CURVE('',#2261,#2266,#1066,.T.);
#2795=EDGE_CURVE('',#2267,#2268,#1067,.T.);
#2796=EDGE_CURVE('',#2268,#2269,#1068,.T.);
#2797=EDGE_CURVE('',#2270,#2269,#1069,.T.);
#2798=EDGE_CURVE('',#2267,#2270,#1070,.T.);
#2799=EDGE_CURVE('',#2271,#2272,#1071,.T.);
#2800=EDGE_CURVE('',#2271,#2273,#1072,.T.);
#2801=EDGE_CURVE('',#2273,#2274,#1073,.T.);
#2802=EDGE_CURVE('',#2272,#2274,#1074,.T.);
#2803=EDGE_CURVE('',#2267,#2271,#1075,.T.);
#2804=EDGE_CURVE('',#2268,#2272,#1076,.T.);
#2805=EDGE_CURVE('',#2270,#2273,#1077,.T.);
#2806=EDGE_CURVE('',#2269,#2274,#1078,.T.);
#2807=EDGE_CURVE('',#2275,#2276,#1079,.T.);
#2808=EDGE_CURVE('',#2276,#2277,#1080,.T.);
#2809=EDGE_CURVE('',#2278,#2277,#1081,.T.);
#2810=EDGE_CURVE('',#2275,#2278,#1082,.T.);
#2811=EDGE_CURVE('',#2279,#2280,#1083,.T.);
#2812=EDGE_CURVE('',#2279,#2281,#1084,.T.);
#2813=EDGE_CURVE('',#2281,#2282,#1085,.T.);
#2814=EDGE_CURVE('',#2280,#2282,#1086,.T.);
#2815=EDGE_CURVE('',#2275,#2279,#1087,.T.);
#2816=EDGE_CURVE('',#2276,#2280,#1088,.T.);
#2817=EDGE_CURVE('',#2278,#2281,#1089,.T.);
#2818=EDGE_CURVE('',#2277,#2282,#1090,.T.);
#2819=EDGE_CURVE('',#2283,#2284,#1091,.T.);
#2820=EDGE_CURVE('',#2284,#2285,#1092,.T.);
#2821=EDGE_CURVE('',#2286,#2285,#1093,.T.);
#2822=EDGE_CURVE('',#2283,#2286,#1094,.T.);
#2823=EDGE_CURVE('',#2287,#2288,#1095,.T.);
#2824=EDGE_CURVE('',#2287,#2289,#1096,.T.);
#2825=EDGE_CURVE('',#2289,#2290,#1097,.T.);
#2826=EDGE_CURVE('',#2288,#2290,#1098,.T.);
#2827=EDGE_CURVE('',#2283,#2287,#1099,.T.);
#2828=EDGE_CURVE('',#2284,#2288,#1100,.T.);
#2829=EDGE_CURVE('',#2286,#2289,#1101,.T.);
#2830=EDGE_CURVE('',#2285,#2290,#1102,.T.);
#2831=EDGE_CURVE('',#2291,#2292,#1103,.T.);
#2832=EDGE_CURVE('',#2292,#2293,#1104,.T.);
#2833=EDGE_CURVE('',#2294,#2293,#1105,.T.);
#2834=EDGE_CURVE('',#2291,#2294,#1106,.T.);
#2835=EDGE_CURVE('',#2295,#2296,#1107,.T.);
#2836=EDGE_CURVE('',#2295,#2297,#1108,.T.);
#2837=EDGE_CURVE('',#2297,#2298,#1109,.T.);
#2838=EDGE_CURVE('',#2296,#2298,#1110,.T.);
#2839=EDGE_CURVE('',#2291,#2295,#1111,.T.);
#2840=EDGE_CURVE('',#2292,#2296,#1112,.T.);
#2841=EDGE_CURVE('',#2294,#2297,#1113,.T.);
#2842=EDGE_CURVE('',#2293,#2298,#1114,.T.);
#2843=EDGE_CURVE('',#2299,#2300,#1115,.T.);
#2844=EDGE_CURVE('',#2300,#2301,#1116,.T.);
#2845=EDGE_CURVE('',#2302,#2301,#1117,.T.);
#2846=EDGE_CURVE('',#2299,#2302,#1118,.T.);
#2847=EDGE_CURVE('',#2303,#2304,#1119,.T.);
#2848=EDGE_CURVE('',#2303,#2305,#1120,.T.);
#2849=EDGE_CURVE('',#2305,#2306,#1121,.T.);
#2850=EDGE_CURVE('',#2304,#2306,#1122,.T.);
#2851=EDGE_CURVE('',#2299,#2303,#1123,.T.);
#2852=EDGE_CURVE('',#2300,#2304,#1124,.T.);
#2853=EDGE_CURVE('',#2302,#2305,#1125,.T.);
#2854=EDGE_CURVE('',#2301,#2306,#1126,.T.);
#2855=EDGE_CURVE('',#2307,#2308,#1127,.T.);
#2856=EDGE_CURVE('',#2308,#2309,#1128,.T.);
#2857=EDGE_CURVE('',#2310,#2309,#1129,.T.);
#2858=EDGE_CURVE('',#2307,#2310,#1130,.T.);
#2859=EDGE_CURVE('',#2311,#2312,#1131,.T.);
#2860=EDGE_CURVE('',#2311,#2313,#1132,.T.);
#2861=EDGE_CURVE('',#2313,#2314,#1133,.T.);
#2862=EDGE_CURVE('',#2312,#2314,#1134,.T.);
#2863=EDGE_CURVE('',#2307,#2311,#1135,.T.);
#2864=EDGE_CURVE('',#2308,#2312,#1136,.T.);
#2865=EDGE_CURVE('',#2310,#2313,#1137,.T.);
#2866=EDGE_CURVE('',#2309,#2314,#1138,.T.);
#2867=EDGE_CURVE('',#2315,#2316,#1139,.T.);
#2868=EDGE_CURVE('',#2316,#2317,#1140,.T.);
#2869=EDGE_CURVE('',#2318,#2317,#1141,.T.);
#2870=EDGE_CURVE('',#2315,#2318,#1142,.T.);
#2871=EDGE_CURVE('',#2319,#2320,#1143,.T.);
#2872=EDGE_CURVE('',#2319,#2321,#1144,.T.);
#2873=EDGE_CURVE('',#2321,#2322,#1145,.T.);
#2874=EDGE_CURVE('',#2320,#2322,#1146,.T.);
#2875=EDGE_CURVE('',#2315,#2319,#1147,.T.);
#2876=EDGE_CURVE('',#2316,#2320,#1148,.T.);
#2877=EDGE_CURVE('',#2318,#2321,#1149,.T.);
#2878=EDGE_CURVE('',#2317,#2322,#1150,.T.);
#2879=EDGE_CURVE('',#2323,#2324,#1151,.T.);
#2880=EDGE_CURVE('',#2324,#2325,#1152,.T.);
#2881=EDGE_CURVE('',#2326,#2325,#1153,.T.);
#2882=EDGE_CURVE('',#2323,#2326,#1154,.T.);
#2883=EDGE_CURVE('',#2327,#2328,#1155,.T.);
#2884=EDGE_CURVE('',#2327,#2329,#1156,.T.);
#2885=EDGE_CURVE('',#2329,#2330,#1157,.T.);
#2886=EDGE_CURVE('',#2328,#2330,#1158,.T.);
#2887=EDGE_CURVE('',#2323,#2327,#1159,.T.);
#2888=EDGE_CURVE('',#2324,#2328,#1160,.T.);
#2889=EDGE_CURVE('',#2326,#2329,#1161,.T.);
#2890=EDGE_CURVE('',#2325,#2330,#1162,.T.);
#2891=EDGE_CURVE('',#2331,#2332,#1163,.T.);
#2892=EDGE_CURVE('',#2332,#2333,#1164,.T.);
#2893=EDGE_CURVE('',#2334,#2333,#1165,.T.);
#2894=EDGE_CURVE('',#2331,#2334,#1166,.T.);
#2895=EDGE_CURVE('',#2335,#2336,#1167,.T.);
#2896=EDGE_CURVE('',#2335,#2337,#1168,.T.);
#2897=EDGE_CURVE('',#2337,#2338,#1169,.T.);
#2898=EDGE_CURVE('',#2336,#2338,#1170,.T.);
#2899=EDGE_CURVE('',#2331,#2335,#1171,.T.);
#2900=EDGE_CURVE('',#2332,#2336,#1172,.T.);
#2901=EDGE_CURVE('',#2334,#2337,#1173,.T.);
#2902=EDGE_CURVE('',#2333,#2338,#1174,.T.);
#2903=EDGE_CURVE('',#2339,#2340,#1175,.T.);
#2904=EDGE_CURVE('',#2340,#2341,#1176,.T.);
#2905=EDGE_CURVE('',#2342,#2341,#1177,.T.);
#2906=EDGE_CURVE('',#2339,#2342,#1178,.T.);
#2907=EDGE_CURVE('',#2343,#2344,#1179,.T.);
#2908=EDGE_CURVE('',#2343,#2345,#1180,.T.);
#2909=EDGE_CURVE('',#2345,#2346,#1181,.T.);
#2910=EDGE_CURVE('',#2344,#2346,#1182,.T.);
#2911=EDGE_CURVE('',#2339,#2343,#1183,.T.);
#2912=EDGE_CURVE('',#2340,#2344,#1184,.T.);
#2913=EDGE_CURVE('',#2342,#2345,#1185,.T.);
#2914=EDGE_CURVE('',#2341,#2346,#1186,.T.);
#2915=EDGE_CURVE('',#2347,#2348,#1187,.T.);
#2916=EDGE_CURVE('',#2348,#2349,#1188,.T.);
#2917=EDGE_CURVE('',#2350,#2349,#1189,.T.);
#2918=EDGE_CURVE('',#2347,#2350,#1190,.T.);
#2919=EDGE_CURVE('',#2351,#2352,#1191,.T.);
#2920=EDGE_CURVE('',#2351,#2353,#1192,.T.);
#2921=EDGE_CURVE('',#2353,#2354,#1193,.T.);
#2922=EDGE_CURVE('',#2352,#2354,#1194,.T.);
#2923=EDGE_CURVE('',#2347,#2351,#1195,.T.);
#2924=EDGE_CURVE('',#2348,#2352,#1196,.T.);
#2925=EDGE_CURVE('',#2350,#2353,#1197,.T.);
#2926=EDGE_CURVE('',#2349,#2354,#1198,.T.);
#2927=EDGE_CURVE('',#2355,#2356,#1199,.T.);
#2928=EDGE_CURVE('',#2356,#2357,#1200,.T.);
#2929=EDGE_CURVE('',#2358,#2357,#1201,.T.);
#2930=EDGE_CURVE('',#2355,#2358,#1202,.T.);
#2931=EDGE_CURVE('',#2359,#2360,#1203,.T.);
#2932=EDGE_CURVE('',#2359,#2361,#1204,.T.);
#2933=EDGE_CURVE('',#2361,#2362,#1205,.T.);
#2934=EDGE_CURVE('',#2360,#2362,#1206,.T.);
#2935=EDGE_CURVE('',#2355,#2359,#1207,.T.);
#2936=EDGE_CURVE('',#2356,#2360,#1208,.T.);
#2937=EDGE_CURVE('',#2358,#2361,#1209,.T.);
#2938=EDGE_CURVE('',#2357,#2362,#1210,.T.);
#2939=EDGE_CURVE('',#2363,#2364,#1211,.T.);
#2940=EDGE_CURVE('',#2364,#2365,#1212,.T.);
#2941=EDGE_CURVE('',#2366,#2365,#1213,.T.);
#2942=EDGE_CURVE('',#2363,#2366,#1214,.T.);
#2943=EDGE_CURVE('',#2367,#2368,#1215,.T.);
#2944=EDGE_CURVE('',#2367,#2369,#1216,.T.);
#2945=EDGE_CURVE('',#2369,#2370,#1217,.T.);
#2946=EDGE_CURVE('',#2368,#2370,#1218,.T.);
#2947=EDGE_CURVE('',#2363,#2367,#1219,.T.);
#2948=EDGE_CURVE('',#2364,#2368,#1220,.T.);
#2949=EDGE_CURVE('',#2366,#2369,#1221,.T.);
#2950=EDGE_CURVE('',#2365,#2370,#1222,.T.);
#2951=EDGE_CURVE('',#2371,#2372,#1223,.T.);
#2952=EDGE_CURVE('',#2372,#2373,#1224,.T.);
#2953=EDGE_CURVE('',#2374,#2373,#1225,.T.);
#2954=EDGE_CURVE('',#2371,#2374,#1226,.T.);
#2955=EDGE_CURVE('',#2375,#2376,#1227,.T.);
#2956=EDGE_CURVE('',#2375,#2377,#1228,.T.);
#2957=EDGE_CURVE('',#2377,#2378,#1229,.T.);
#2958=EDGE_CURVE('',#2376,#2378,#1230,.T.);
#2959=EDGE_CURVE('',#2371,#2375,#1231,.T.);
#2960=EDGE_CURVE('',#2372,#2376,#1232,.T.);
#2961=EDGE_CURVE('',#2374,#2377,#1233,.T.);
#2962=EDGE_CURVE('',#2373,#2378,#1234,.T.);
#2963=EDGE_CURVE('',#2379,#2380,#1235,.T.);
#2964=EDGE_CURVE('',#2380,#2381,#1236,.T.);
#2965=EDGE_CURVE('',#2382,#2381,#1237,.T.);
#2966=EDGE_CURVE('',#2379,#2382,#1238,.T.);
#2967=EDGE_CURVE('',#2383,#2384,#1239,.T.);
#2968=EDGE_CURVE('',#2383,#2385,#1240,.T.);
#2969=EDGE_CURVE('',#2385,#2386,#1241,.T.);
#2970=EDGE_CURVE('',#2384,#2386,#1242,.T.);
#2971=EDGE_CURVE('',#2379,#2383,#1243,.T.);
#2972=EDGE_CURVE('',#2380,#2384,#1244,.T.);
#2973=EDGE_CURVE('',#2382,#2385,#1245,.T.);
#2974=EDGE_CURVE('',#2381,#2386,#1246,.T.);
#2975=EDGE_CURVE('',#2387,#2388,#1247,.T.);
#2976=EDGE_CURVE('',#2388,#2389,#1248,.T.);
#2977=EDGE_CURVE('',#2390,#2389,#1249,.T.);
#2978=EDGE_CURVE('',#2387,#2390,#1250,.T.);
#2979=EDGE_CURVE('',#2391,#2392,#1251,.T.);
#2980=EDGE_CURVE('',#2391,#2393,#1252,.T.);
#2981=EDGE_CURVE('',#2393,#2394,#1253,.T.);
#2982=EDGE_CURVE('',#2392,#2394,#1254,.T.);
#2983=EDGE_CURVE('',#2387,#2391,#1255,.T.);
#2984=EDGE_CURVE('',#2388,#2392,#1256,.T.);
#2985=EDGE_CURVE('',#2390,#2393,#1257,.T.);
#2986=EDGE_CURVE('',#2389,#2394,#1258,.T.);
#2987=EDGE_CURVE('',#2395,#2396,#1259,.T.);
#2988=EDGE_CURVE('',#2396,#2397,#1260,.T.);
#2989=EDGE_CURVE('',#2398,#2397,#1261,.T.);
#2990=EDGE_CURVE('',#2395,#2398,#1262,.T.);
#2991=EDGE_CURVE('',#2399,#2400,#1263,.T.);
#2992=EDGE_CURVE('',#2399,#2401,#1264,.T.);
#2993=EDGE_CURVE('',#2401,#2402,#1265,.T.);
#2994=EDGE_CURVE('',#2400,#2402,#1266,.T.);
#2995=EDGE_CURVE('',#2395,#2399,#1267,.T.);
#2996=EDGE_CURVE('',#2396,#2400,#1268,.T.);
#2997=EDGE_CURVE('',#2398,#2401,#1269,.T.);
#2998=EDGE_CURVE('',#2397,#2402,#1270,.T.);
#2999=EDGE_CURVE('',#2403,#2404,#1271,.T.);
#3000=EDGE_CURVE('',#2404,#2405,#1272,.T.);
#3001=EDGE_CURVE('',#2406,#2405,#1273,.T.);
#3002=EDGE_CURVE('',#2403,#2406,#1274,.T.);
#3003=EDGE_CURVE('',#2407,#2408,#1275,.T.);
#3004=EDGE_CURVE('',#2407,#2409,#1276,.T.);
#3005=EDGE_CURVE('',#2409,#2410,#1277,.T.);
#3006=EDGE_CURVE('',#2408,#2410,#1278,.T.);
#3007=EDGE_CURVE('',#2403,#2407,#1279,.T.);
#3008=EDGE_CURVE('',#2404,#2408,#1280,.T.);
#3009=EDGE_CURVE('',#2406,#2409,#1281,.T.);
#3010=EDGE_CURVE('',#2405,#2410,#1282,.T.);
#3011=EDGE_CURVE('',#2411,#2412,#1283,.T.);
#3012=EDGE_CURVE('',#2412,#2413,#1284,.T.);
#3013=EDGE_CURVE('',#2414,#2413,#1285,.T.);
#3014=EDGE_CURVE('',#2411,#2414,#1286,.T.);
#3015=EDGE_CURVE('',#2415,#2416,#1287,.T.);
#3016=EDGE_CURVE('',#2415,#2417,#1288,.T.);
#3017=EDGE_CURVE('',#2417,#2418,#1289,.T.);
#3018=EDGE_CURVE('',#2416,#2418,#1290,.T.);
#3019=EDGE_CURVE('',#2411,#2415,#1291,.T.);
#3020=EDGE_CURVE('',#2412,#2416,#1292,.T.);
#3021=EDGE_CURVE('',#2414,#2417,#1293,.T.);
#3022=EDGE_CURVE('',#2413,#2418,#1294,.T.);
#3023=EDGE_CURVE('',#2419,#2420,#1295,.T.);
#3024=EDGE_CURVE('',#2420,#2421,#1296,.T.);
#3025=EDGE_CURVE('',#2422,#2421,#1297,.T.);
#3026=EDGE_CURVE('',#2419,#2422,#1298,.T.);
#3027=EDGE_CURVE('',#2423,#2424,#1299,.T.);
#3028=EDGE_CURVE('',#2423,#2425,#1300,.T.);
#3029=EDGE_CURVE('',#2425,#2426,#1301,.T.);
#3030=EDGE_CURVE('',#2424,#2426,#1302,.T.);
#3031=EDGE_CURVE('',#2419,#2423,#1303,.T.);
#3032=EDGE_CURVE('',#2420,#2424,#1304,.T.);
#3033=EDGE_CURVE('',#2422,#2425,#1305,.T.);
#3034=EDGE_CURVE('',#2421,#2426,#1306,.T.);
#3035=EDGE_CURVE('',#2427,#2428,#1307,.T.);
#3036=EDGE_CURVE('',#2428,#2429,#1308,.T.);
#3037=EDGE_CURVE('',#2430,#2429,#1309,.T.);
#3038=EDGE_CURVE('',#2427,#2430,#1310,.T.);
#3039=EDGE_CURVE('',#2431,#2432,#1311,.T.);
#3040=EDGE_CURVE('',#2431,#2433,#1312,.T.);
#3041=EDGE_CURVE('',#2433,#2434,#1313,.T.);
#3042=EDGE_CURVE('',#2432,#2434,#1314,.T.);
#3043=EDGE_CURVE('',#2427,#2431,#1315,.T.);
#3044=EDGE_CURVE('',#2428,#2432,#1316,.T.);
#3045=EDGE_CURVE('',#2430,#2433,#1317,.T.);
#3046=EDGE_CURVE('',#2429,#2434,#1318,.T.);
#3047=EDGE_CURVE('',#2435,#2436,#1319,.T.);
#3048=EDGE_CURVE('',#2436,#2437,#1320,.T.);
#3049=EDGE_CURVE('',#2438,#2437,#1321,.T.);
#3050=EDGE_CURVE('',#2435,#2438,#1322,.T.);
#3051=EDGE_CURVE('',#2439,#2440,#1323,.T.);
#3052=EDGE_CURVE('',#2439,#2441,#1324,.T.);
#3053=EDGE_CURVE('',#2441,#2442,#1325,.T.);
#3054=EDGE_CURVE('',#2440,#2442,#1326,.T.);
#3055=EDGE_CURVE('',#2435,#2439,#1327,.T.);
#3056=EDGE_CURVE('',#2436,#2440,#1328,.T.);
#3057=EDGE_CURVE('',#2438,#2441,#1329,.T.);
#3058=EDGE_CURVE('',#2437,#2442,#1330,.T.);
#3059=EDGE_CURVE('',#2443,#2444,#1331,.T.);
#3060=EDGE_CURVE('',#2444,#2445,#1332,.T.);
#3061=EDGE_CURVE('',#2446,#2445,#1333,.T.);
#3062=EDGE_CURVE('',#2443,#2446,#1334,.T.);
#3063=EDGE_CURVE('',#2447,#2448,#1335,.T.);
#3064=EDGE_CURVE('',#2447,#2449,#1336,.T.);
#3065=EDGE_CURVE('',#2449,#2450,#1337,.T.);
#3066=EDGE_CURVE('',#2448,#2450,#1338,.T.);
#3067=EDGE_CURVE('',#2443,#2447,#1339,.T.);
#3068=EDGE_CURVE('',#2444,#2448,#1340,.T.);
#3069=EDGE_CURVE('',#2446,#2449,#1341,.T.);
#3070=EDGE_CURVE('',#2445,#2450,#1342,.T.);
#3071=EDGE_CURVE('',#2451,#2452,#1343,.T.);
#3072=EDGE_CURVE('',#2452,#2453,#1344,.T.);
#3073=EDGE_CURVE('',#2454,#2453,#1345,.T.);
#3074=EDGE_CURVE('',#2451,#2454,#1346,.T.);
#3075=EDGE_CURVE('',#2455,#2456,#1347,.T.);
#3076=EDGE_CURVE('',#2455,#2457,#1348,.T.);
#3077=EDGE_CURVE('',#2457,#2458,#1349,.T.);
#3078=EDGE_CURVE('',#2456,#2458,#1350,.T.);
#3079=EDGE_CURVE('',#2451,#2455,#1351,.T.);
#3080=EDGE_CURVE('',#2452,#2456,#1352,.T.);
#3081=EDGE_CURVE('',#2454,#2457,#1353,.T.);
#3082=EDGE_CURVE('',#2453,#2458,#1354,.T.);
#3083=EDGE_CURVE('',#2459,#2460,#1355,.T.);
#3084=EDGE_CURVE('',#2460,#2461,#1356,.T.);
#3085=EDGE_CURVE('',#2462,#2461,#1357,.T.);
#3086=EDGE_CURVE('',#2459,#2462,#1358,.T.);
#3087=EDGE_CURVE('',#2463,#2464,#1359,.T.);
#3088=EDGE_CURVE('',#2463,#2465,#1360,.T.);
#3089=EDGE_CURVE('',#2465,#2466,#1361,.T.);
#3090=EDGE_CURVE('',#2464,#2466,#1362,.T.);
#3091=EDGE_CURVE('',#2459,#2463,#1363,.T.);
#3092=EDGE_CURVE('',#2460,#2464,#1364,.T.);
#3093=EDGE_CURVE('',#2462,#2465,#1365,.T.);
#3094=EDGE_CURVE('',#2461,#2466,#1366,.T.);
#3095=EDGE_CURVE('',#2467,#2468,#1367,.T.);
#3096=EDGE_CURVE('',#2468,#2469,#1368,.T.);
#3097=EDGE_CURVE('',#2470,#2469,#1369,.T.);
#3098=EDGE_CURVE('',#2467,#2470,#1370,.T.);
#3099=EDGE_CURVE('',#2471,#2472,#1371,.T.);
#3100=EDGE_CURVE('',#2471,#2473,#1372,.T.);
#3101=EDGE_CURVE('',#2473,#2474,#1373,.T.);
#3102=EDGE_CURVE('',#2472,#2474,#1374,.T.);
#3103=EDGE_CURVE('',#2467,#2471,#1375,.T.);
#3104=EDGE_CURVE('',#2468,#2472,#1376,.T.);
#3105=EDGE_CURVE('',#2470,#2473,#1377,.T.);
#3106=EDGE_CURVE('',#2469,#2474,#1378,.T.);
#3107=EDGE_CURVE('',#2475,#2476,#1379,.T.);
#3108=EDGE_CURVE('',#2476,#2477,#1380,.T.);
#3109=EDGE_CURVE('',#2478,#2477,#1381,.T.);
#3110=EDGE_CURVE('',#2475,#2478,#1382,.T.);
#3111=EDGE_CURVE('',#2479,#2480,#1383,.T.);
#3112=EDGE_CURVE('',#2479,#2481,#1384,.T.);
#3113=EDGE_CURVE('',#2481,#2482,#1385,.T.);
#3114=EDGE_CURVE('',#2480,#2482,#1386,.T.);
#3115=EDGE_CURVE('',#2475,#2479,#1387,.T.);
#3116=EDGE_CURVE('',#2476,#2480,#1388,.T.);
#3117=EDGE_CURVE('',#2478,#2481,#1389,.T.);
#3118=EDGE_CURVE('',#2477,#2482,#1390,.T.);
#3119=EDGE_CURVE('',#2483,#2484,#1391,.T.);
#3120=EDGE_CURVE('',#2484,#2485,#1392,.T.);
#3121=EDGE_CURVE('',#2486,#2485,#1393,.T.);
#3122=EDGE_CURVE('',#2483,#2486,#1394,.T.);
#3123=EDGE_CURVE('',#2487,#2488,#1395,.T.);
#3124=EDGE_CURVE('',#2487,#2489,#1396,.T.);
#3125=EDGE_CURVE('',#2489,#2490,#1397,.T.);
#3126=EDGE_CURVE('',#2488,#2490,#1398,.T.);
#3127=EDGE_CURVE('',#2483,#2487,#1399,.T.);
#3128=EDGE_CURVE('',#2484,#2488,#1400,.T.);
#3129=EDGE_CURVE('',#2486,#2489,#1401,.T.);
#3130=EDGE_CURVE('',#2485,#2490,#1402,.T.);
#3131=EDGE_CURVE('',#2491,#2492,#1403,.T.);
#3132=EDGE_CURVE('',#2492,#2493,#1404,.T.);
#3133=EDGE_CURVE('',#2494,#2493,#1405,.T.);
#3134=EDGE_CURVE('',#2491,#2494,#1406,.T.);
#3135=EDGE_CURVE('',#2495,#2496,#1407,.T.);
#3136=EDGE_CURVE('',#2495,#2497,#1408,.T.);
#3137=EDGE_CURVE('',#2497,#2498,#1409,.T.);
#3138=EDGE_CURVE('',#2496,#2498,#1410,.T.);
#3139=EDGE_CURVE('',#2491,#2495,#1411,.T.);
#3140=EDGE_CURVE('',#2492,#2496,#1412,.T.);
#3141=EDGE_CURVE('',#2494,#2497,#1413,.T.);
#3142=EDGE_CURVE('',#2493,#2498,#1414,.T.);
#3143=EDGE_CURVE('',#2499,#2500,#1415,.T.);
#3144=EDGE_CURVE('',#2500,#2501,#1416,.T.);
#3145=EDGE_CURVE('',#2502,#2501,#1417,.T.);
#3146=EDGE_CURVE('',#2499,#2502,#1418,.T.);
#3147=EDGE_CURVE('',#2503,#2504,#1419,.T.);
#3148=EDGE_CURVE('',#2503,#2505,#1420,.T.);
#3149=EDGE_CURVE('',#2505,#2506,#1421,.T.);
#3150=EDGE_CURVE('',#2504,#2506,#1422,.T.);
#3151=EDGE_CURVE('',#2499,#2503,#1423,.T.);
#3152=EDGE_CURVE('',#2500,#2504,#1424,.T.);
#3153=EDGE_CURVE('',#2502,#2505,#1425,.T.);
#3154=EDGE_CURVE('',#2501,#2506,#1426,.T.);
#3155=ORIENTED_EDGE('',*,*,#2507,.T.);
#3156=ORIENTED_EDGE('',*,*,#2508,.T.);
#3157=ORIENTED_EDGE('',*,*,#2509,.F.);
#3158=ORIENTED_EDGE('',*,*,#2510,.F.);
#3159=ORIENTED_EDGE('',*,*,#2509,.T.);
#3160=ORIENTED_EDGE('',*,*,#2511,.T.);
#3161=ORIENTED_EDGE('',*,*,#2512,.F.);
#3162=ORIENTED_EDGE('',*,*,#2513,.F.);
#3163=ORIENTED_EDGE('',*,*,#2512,.T.);
#3164=ORIENTED_EDGE('',*,*,#2514,.T.);
#3165=ORIENTED_EDGE('',*,*,#2515,.F.);
#3166=ORIENTED_EDGE('',*,*,#2516,.F.);
#3167=ORIENTED_EDGE('',*,*,#2515,.T.);
#3168=ORIENTED_EDGE('',*,*,#2517,.T.);
#3169=ORIENTED_EDGE('',*,*,#2507,.F.);
#3170=ORIENTED_EDGE('',*,*,#2518,.F.);
#3171=ORIENTED_EDGE('',*,*,#2510,.T.);
#3172=ORIENTED_EDGE('',*,*,#2513,.T.);
#3173=ORIENTED_EDGE('',*,*,#2516,.T.);
#3174=ORIENTED_EDGE('',*,*,#2518,.T.);
#3175=ORIENTED_EDGE('',*,*,#2508,.F.);
#3176=ORIENTED_EDGE('',*,*,#2517,.F.);
#3177=ORIENTED_EDGE('',*,*,#2514,.F.);
#3178=ORIENTED_EDGE('',*,*,#2511,.F.);
#3179=ORIENTED_EDGE('',*,*,#2519,.T.);
#3180=ORIENTED_EDGE('',*,*,#2520,.T.);
#3181=ORIENTED_EDGE('',*,*,#2521,.F.);
#3182=ORIENTED_EDGE('',*,*,#2522,.F.);
#3183=ORIENTED_EDGE('',*,*,#2523,.F.);
#3184=ORIENTED_EDGE('',*,*,#2524,.T.);
#3185=ORIENTED_EDGE('',*,*,#2525,.T.);
#3186=ORIENTED_EDGE('',*,*,#2526,.F.);
#3187=ORIENTED_EDGE('',*,*,#2527,.T.);
#3188=ORIENTED_EDGE('',*,*,#2523,.T.);
#3189=ORIENTED_EDGE('',*,*,#2528,.F.);
#3190=ORIENTED_EDGE('',*,*,#2519,.F.);
#3191=ORIENTED_EDGE('',*,*,#2529,.F.);
#3192=ORIENTED_EDGE('',*,*,#2521,.T.);
#3193=ORIENTED_EDGE('',*,*,#2530,.T.);
#3194=ORIENTED_EDGE('',*,*,#2525,.F.);
#3195=ORIENTED_EDGE('',*,*,#2522,.T.);
#3196=ORIENTED_EDGE('',*,*,#2529,.T.);
#3197=ORIENTED_EDGE('',*,*,#2524,.F.);
#3198=ORIENTED_EDGE('',*,*,#2527,.F.);
#3199=ORIENTED_EDGE('',*,*,#2520,.F.);
#3200=ORIENTED_EDGE('',*,*,#2528,.T.);
#3201=ORIENTED_EDGE('',*,*,#2526,.T.);
#3202=ORIENTED_EDGE('',*,*,#2530,.F.);
#3203=ORIENTED_EDGE('',*,*,#2531,.T.);
#3204=ORIENTED_EDGE('',*,*,#2532,.T.);
#3205=ORIENTED_EDGE('',*,*,#2533,.F.);
#3206=ORIENTED_EDGE('',*,*,#2534,.F.);
#3207=ORIENTED_EDGE('',*,*,#2535,.F.);
#3208=ORIENTED_EDGE('',*,*,#2536,.T.);
#3209=ORIENTED_EDGE('',*,*,#2537,.T.);
#3210=ORIENTED_EDGE('',*,*,#2538,.F.);
#3211=ORIENTED_EDGE('',*,*,#2539,.T.);
#3212=ORIENTED_EDGE('',*,*,#2535,.T.);
#3213=ORIENTED_EDGE('',*,*,#2540,.F.);
#3214=ORIENTED_EDGE('',*,*,#2531,.F.);
#3215=ORIENTED_EDGE('',*,*,#2541,.F.);
#3216=ORIENTED_EDGE('',*,*,#2533,.T.);
#3217=ORIENTED_EDGE('',*,*,#2542,.T.);
#3218=ORIENTED_EDGE('',*,*,#2537,.F.);
#3219=ORIENTED_EDGE('',*,*,#2534,.T.);
#3220=ORIENTED_EDGE('',*,*,#2541,.T.);
#3221=ORIENTED_EDGE('',*,*,#2536,.F.);
#3222=ORIENTED_EDGE('',*,*,#2539,.F.);
#3223=ORIENTED_EDGE('',*,*,#2532,.F.);
#3224=ORIENTED_EDGE('',*,*,#2540,.T.);
#3225=ORIENTED_EDGE('',*,*,#2538,.T.);
#3226=ORIENTED_EDGE('',*,*,#2542,.F.);
#3227=ORIENTED_EDGE('',*,*,#2543,.T.);
#3228=ORIENTED_EDGE('',*,*,#2544,.T.);
#3229=ORIENTED_EDGE('',*,*,#2545,.F.);
#3230=ORIENTED_EDGE('',*,*,#2546,.F.);
#3231=ORIENTED_EDGE('',*,*,#2547,.F.);
#3232=ORIENTED_EDGE('',*,*,#2548,.T.);
#3233=ORIENTED_EDGE('',*,*,#2549,.T.);
#3234=ORIENTED_EDGE('',*,*,#2550,.F.);
#3235=ORIENTED_EDGE('',*,*,#2551,.T.);
#3236=ORIENTED_EDGE('',*,*,#2547,.T.);
#3237=ORIENTED_EDGE('',*,*,#2552,.F.);
#3238=ORIENTED_EDGE('',*,*,#2543,.F.);
#3239=ORIENTED_EDGE('',*,*,#2553,.F.);
#3240=ORIENTED_EDGE('',*,*,#2545,.T.);
#3241=ORIENTED_EDGE('',*,*,#2554,.T.);
#3242=ORIENTED_EDGE('',*,*,#2549,.F.);
#3243=ORIENTED_EDGE('',*,*,#2546,.T.);
#3244=ORIENTED_EDGE('',*,*,#2553,.T.);
#3245=ORIENTED_EDGE('',*,*,#2548,.F.);
#3246=ORIENTED_EDGE('',*,*,#2551,.F.);
#3247=ORIENTED_EDGE('',*,*,#2544,.F.);
#3248=ORIENTED_EDGE('',*,*,#2552,.T.);
#3249=ORIENTED_EDGE('',*,*,#2550,.T.);
#3250=ORIENTED_EDGE('',*,*,#2554,.F.);
#3251=ORIENTED_EDGE('',*,*,#2555,.T.);
#3252=ORIENTED_EDGE('',*,*,#2556,.T.);
#3253=ORIENTED_EDGE('',*,*,#2557,.F.);
#3254=ORIENTED_EDGE('',*,*,#2558,.F.);
#3255=ORIENTED_EDGE('',*,*,#2559,.F.);
#3256=ORIENTED_EDGE('',*,*,#2560,.T.);
#3257=ORIENTED_EDGE('',*,*,#2561,.T.);
#3258=ORIENTED_EDGE('',*,*,#2562,.F.);
#3259=ORIENTED_EDGE('',*,*,#2563,.T.);
#3260=ORIENTED_EDGE('',*,*,#2559,.T.);
#3261=ORIENTED_EDGE('',*,*,#2564,.F.);
#3262=ORIENTED_EDGE('',*,*,#2555,.F.);
#3263=ORIENTED_EDGE('',*,*,#2565,.F.);
#3264=ORIENTED_EDGE('',*,*,#2557,.T.);
#3265=ORIENTED_EDGE('',*,*,#2566,.T.);
#3266=ORIENTED_EDGE('',*,*,#2561,.F.);
#3267=ORIENTED_EDGE('',*,*,#2558,.T.);
#3268=ORIENTED_EDGE('',*,*,#2565,.T.);
#3269=ORIENTED_EDGE('',*,*,#2560,.F.);
#3270=ORIENTED_EDGE('',*,*,#2563,.F.);
#3271=ORIENTED_EDGE('',*,*,#2556,.F.);
#3272=ORIENTED_EDGE('',*,*,#2564,.T.);
#3273=ORIENTED_EDGE('',*,*,#2562,.T.);
#3274=ORIENTED_EDGE('',*,*,#2566,.F.);
#3275=ORIENTED_EDGE('',*,*,#2567,.T.);
#3276=ORIENTED_EDGE('',*,*,#2568,.T.);
#3277=ORIENTED_EDGE('',*,*,#2569,.F.);
#3278=ORIENTED_EDGE('',*,*,#2570,.F.);
#3279=ORIENTED_EDGE('',*,*,#2571,.F.);
#3280=ORIENTED_EDGE('',*,*,#2572,.T.);
#3281=ORIENTED_EDGE('',*,*,#2573,.T.);
#3282=ORIENTED_EDGE('',*,*,#2574,.F.);
#3283=ORIENTED_EDGE('',*,*,#2575,.T.);
#3284=ORIENTED_EDGE('',*,*,#2571,.T.);
#3285=ORIENTED_EDGE('',*,*,#2576,.F.);
#3286=ORIENTED_EDGE('',*,*,#2567,.F.);
#3287=ORIENTED_EDGE('',*,*,#2577,.F.);
#3288=ORIENTED_EDGE('',*,*,#2569,.T.);
#3289=ORIENTED_EDGE('',*,*,#2578,.T.);
#3290=ORIENTED_EDGE('',*,*,#2573,.F.);
#3291=ORIENTED_EDGE('',*,*,#2570,.T.);
#3292=ORIENTED_EDGE('',*,*,#2577,.T.);
#3293=ORIENTED_EDGE('',*,*,#2572,.F.);
#3294=ORIENTED_EDGE('',*,*,#2575,.F.);
#3295=ORIENTED_EDGE('',*,*,#2568,.F.);
#3296=ORIENTED_EDGE('',*,*,#2576,.T.);
#3297=ORIENTED_EDGE('',*,*,#2574,.T.);
#3298=ORIENTED_EDGE('',*,*,#2578,.F.);
#3299=ORIENTED_EDGE('',*,*,#2579,.T.);
#3300=ORIENTED_EDGE('',*,*,#2580,.T.);
#3301=ORIENTED_EDGE('',*,*,#2581,.F.);
#3302=ORIENTED_EDGE('',*,*,#2582,.F.);
#3303=ORIENTED_EDGE('',*,*,#2583,.F.);
#3304=ORIENTED_EDGE('',*,*,#2584,.T.);
#3305=ORIENTED_EDGE('',*,*,#2585,.T.);
#3306=ORIENTED_EDGE('',*,*,#2586,.F.);
#3307=ORIENTED_EDGE('',*,*,#2587,.T.);
#3308=ORIENTED_EDGE('',*,*,#2583,.T.);
#3309=ORIENTED_EDGE('',*,*,#2588,.F.);
#3310=ORIENTED_EDGE('',*,*,#2579,.F.);
#3311=ORIENTED_EDGE('',*,*,#2589,.F.);
#3312=ORIENTED_EDGE('',*,*,#2581,.T.);
#3313=ORIENTED_EDGE('',*,*,#2590,.T.);
#3314=ORIENTED_EDGE('',*,*,#2585,.F.);
#3315=ORIENTED_EDGE('',*,*,#2582,.T.);
#3316=ORIENTED_EDGE('',*,*,#2589,.T.);
#3317=ORIENTED_EDGE('',*,*,#2584,.F.);
#3318=ORIENTED_EDGE('',*,*,#2587,.F.);
#3319=ORIENTED_EDGE('',*,*,#2580,.F.);
#3320=ORIENTED_EDGE('',*,*,#2588,.T.);
#3321=ORIENTED_EDGE('',*,*,#2586,.T.);
#3322=ORIENTED_EDGE('',*,*,#2590,.F.);
#3323=ORIENTED_EDGE('',*,*,#2591,.T.);
#3324=ORIENTED_EDGE('',*,*,#2592,.T.);
#3325=ORIENTED_EDGE('',*,*,#2593,.F.);
#3326=ORIENTED_EDGE('',*,*,#2594,.F.);
#3327=ORIENTED_EDGE('',*,*,#2595,.F.);
#3328=ORIENTED_EDGE('',*,*,#2596,.T.);
#3329=ORIENTED_EDGE('',*,*,#2597,.T.);
#3330=ORIENTED_EDGE('',*,*,#2598,.F.);
#3331=ORIENTED_EDGE('',*,*,#2599,.T.);
#3332=ORIENTED_EDGE('',*,*,#2595,.T.);
#3333=ORIENTED_EDGE('',*,*,#2600,.F.);
#3334=ORIENTED_EDGE('',*,*,#2591,.F.);
#3335=ORIENTED_EDGE('',*,*,#2601,.F.);
#3336=ORIENTED_EDGE('',*,*,#2593,.T.);
#3337=ORIENTED_EDGE('',*,*,#2602,.T.);
#3338=ORIENTED_EDGE('',*,*,#2597,.F.);
#3339=ORIENTED_EDGE('',*,*,#2594,.T.);
#3340=ORIENTED_EDGE('',*,*,#2601,.T.);
#3341=ORIENTED_EDGE('',*,*,#2596,.F.);
#3342=ORIENTED_EDGE('',*,*,#2599,.F.);
#3343=ORIENTED_EDGE('',*,*,#2592,.F.);
#3344=ORIENTED_EDGE('',*,*,#2600,.T.);
#3345=ORIENTED_EDGE('',*,*,#2598,.T.);
#3346=ORIENTED_EDGE('',*,*,#2602,.F.);
#3347=ORIENTED_EDGE('',*,*,#2603,.T.);
#3348=ORIENTED_EDGE('',*,*,#2604,.T.);
#3349=ORIENTED_EDGE('',*,*,#2605,.F.);
#3350=ORIENTED_EDGE('',*,*,#2606,.F.);
#3351=ORIENTED_EDGE('',*,*,#2607,.F.);
#3352=ORIENTED_EDGE('',*,*,#2608,.T.);
#3353=ORIENTED_EDGE('',*,*,#2609,.T.);
#3354=ORIENTED_EDGE('',*,*,#2610,.F.);
#3355=ORIENTED_EDGE('',*,*,#2611,.T.);
#3356=ORIENTED_EDGE('',*,*,#2607,.T.);
#3357=ORIENTED_EDGE('',*,*,#2612,.F.);
#3358=ORIENTED_EDGE('',*,*,#2603,.F.);
#3359=ORIENTED_EDGE('',*,*,#2613,.F.);
#3360=ORIENTED_EDGE('',*,*,#2605,.T.);
#3361=ORIENTED_EDGE('',*,*,#2614,.T.);
#3362=ORIENTED_EDGE('',*,*,#2609,.F.);
#3363=ORIENTED_EDGE('',*,*,#2606,.T.);
#3364=ORIENTED_EDGE('',*,*,#2613,.T.);
#3365=ORIENTED_EDGE('',*,*,#2608,.F.);
#3366=ORIENTED_EDGE('',*,*,#2611,.F.);
#3367=ORIENTED_EDGE('',*,*,#2604,.F.);
#3368=ORIENTED_EDGE('',*,*,#2612,.T.);
#3369=ORIENTED_EDGE('',*,*,#2610,.T.);
#3370=ORIENTED_EDGE('',*,*,#2614,.F.);
#3371=ORIENTED_EDGE('',*,*,#2615,.T.);
#3372=ORIENTED_EDGE('',*,*,#2616,.T.);
#3373=ORIENTED_EDGE('',*,*,#2617,.F.);
#3374=ORIENTED_EDGE('',*,*,#2618,.F.);
#3375=ORIENTED_EDGE('',*,*,#2619,.F.);
#3376=ORIENTED_EDGE('',*,*,#2620,.T.);
#3377=ORIENTED_EDGE('',*,*,#2621,.T.);
#3378=ORIENTED_EDGE('',*,*,#2622,.F.);
#3379=ORIENTED_EDGE('',*,*,#2623,.T.);
#3380=ORIENTED_EDGE('',*,*,#2619,.T.);
#3381=ORIENTED_EDGE('',*,*,#2624,.F.);
#3382=ORIENTED_EDGE('',*,*,#2615,.F.);
#3383=ORIENTED_EDGE('',*,*,#2625,.F.);
#3384=ORIENTED_EDGE('',*,*,#2617,.T.);
#3385=ORIENTED_EDGE('',*,*,#2626,.T.);
#3386=ORIENTED_EDGE('',*,*,#2621,.F.);
#3387=ORIENTED_EDGE('',*,*,#2618,.T.);
#3388=ORIENTED_EDGE('',*,*,#2625,.T.);
#3389=ORIENTED_EDGE('',*,*,#2620,.F.);
#3390=ORIENTED_EDGE('',*,*,#2623,.F.);
#3391=ORIENTED_EDGE('',*,*,#2616,.F.);
#3392=ORIENTED_EDGE('',*,*,#2624,.T.);
#3393=ORIENTED_EDGE('',*,*,#2622,.T.);
#3394=ORIENTED_EDGE('',*,*,#2626,.F.);
#3395=ORIENTED_EDGE('',*,*,#2627,.T.);
#3396=ORIENTED_EDGE('',*,*,#2628,.T.);
#3397=ORIENTED_EDGE('',*,*,#2629,.F.);
#3398=ORIENTED_EDGE('',*,*,#2630,.F.);
#3399=ORIENTED_EDGE('',*,*,#2631,.F.);
#3400=ORIENTED_EDGE('',*,*,#2632,.T.);
#3401=ORIENTED_EDGE('',*,*,#2633,.T.);
#3402=ORIENTED_EDGE('',*,*,#2634,.F.);
#3403=ORIENTED_EDGE('',*,*,#2635,.T.);
#3404=ORIENTED_EDGE('',*,*,#2631,.T.);
#3405=ORIENTED_EDGE('',*,*,#2636,.F.);
#3406=ORIENTED_EDGE('',*,*,#2627,.F.);
#3407=ORIENTED_EDGE('',*,*,#2637,.F.);
#3408=ORIENTED_EDGE('',*,*,#2629,.T.);
#3409=ORIENTED_EDGE('',*,*,#2638,.T.);
#3410=ORIENTED_EDGE('',*,*,#2633,.F.);
#3411=ORIENTED_EDGE('',*,*,#2630,.T.);
#3412=ORIENTED_EDGE('',*,*,#2637,.T.);
#3413=ORIENTED_EDGE('',*,*,#2632,.F.);
#3414=ORIENTED_EDGE('',*,*,#2635,.F.);
#3415=ORIENTED_EDGE('',*,*,#2628,.F.);
#3416=ORIENTED_EDGE('',*,*,#2636,.T.);
#3417=ORIENTED_EDGE('',*,*,#2634,.T.);
#3418=ORIENTED_EDGE('',*,*,#2638,.F.);
#3419=ORIENTED_EDGE('',*,*,#2639,.T.);
#3420=ORIENTED_EDGE('',*,*,#2640,.T.);
#3421=ORIENTED_EDGE('',*,*,#2641,.F.);
#3422=ORIENTED_EDGE('',*,*,#2642,.F.);
#3423=ORIENTED_EDGE('',*,*,#2643,.F.);
#3424=ORIENTED_EDGE('',*,*,#2644,.T.);
#3425=ORIENTED_EDGE('',*,*,#2645,.T.);
#3426=ORIENTED_EDGE('',*,*,#2646,.F.);
#3427=ORIENTED_EDGE('',*,*,#2647,.T.);
#3428=ORIENTED_EDGE('',*,*,#2643,.T.);
#3429=ORIENTED_EDGE('',*,*,#2648,.F.);
#3430=ORIENTED_EDGE('',*,*,#2639,.F.);
#3431=ORIENTED_EDGE('',*,*,#2649,.F.);
#3432=ORIENTED_EDGE('',*,*,#2641,.T.);
#3433=ORIENTED_EDGE('',*,*,#2650,.T.);
#3434=ORIENTED_EDGE('',*,*,#2645,.F.);
#3435=ORIENTED_EDGE('',*,*,#2642,.T.);
#3436=ORIENTED_EDGE('',*,*,#2649,.T.);
#3437=ORIENTED_EDGE('',*,*,#2644,.F.);
#3438=ORIENTED_EDGE('',*,*,#2647,.F.);
#3439=ORIENTED_EDGE('',*,*,#2640,.F.);
#3440=ORIENTED_EDGE('',*,*,#2648,.T.);
#3441=ORIENTED_EDGE('',*,*,#2646,.T.);
#3442=ORIENTED_EDGE('',*,*,#2650,.F.);
#3443=ORIENTED_EDGE('',*,*,#2651,.T.);
#3444=ORIENTED_EDGE('',*,*,#2652,.T.);
#3445=ORIENTED_EDGE('',*,*,#2653,.F.);
#3446=ORIENTED_EDGE('',*,*,#2654,.F.);
#3447=ORIENTED_EDGE('',*,*,#2655,.F.);
#3448=ORIENTED_EDGE('',*,*,#2656,.T.);
#3449=ORIENTED_EDGE('',*,*,#2657,.T.);
#3450=ORIENTED_EDGE('',*,*,#2658,.F.);
#3451=ORIENTED_EDGE('',*,*,#2659,.T.);
#3452=ORIENTED_EDGE('',*,*,#2655,.T.);
#3453=ORIENTED_EDGE('',*,*,#2660,.F.);
#3454=ORIENTED_EDGE('',*,*,#2651,.F.);
#3455=ORIENTED_EDGE('',*,*,#2661,.F.);
#3456=ORIENTED_EDGE('',*,*,#2653,.T.);
#3457=ORIENTED_EDGE('',*,*,#2662,.T.);
#3458=ORIENTED_EDGE('',*,*,#2657,.F.);
#3459=ORIENTED_EDGE('',*,*,#2654,.T.);
#3460=ORIENTED_EDGE('',*,*,#2661,.T.);
#3461=ORIENTED_EDGE('',*,*,#2656,.F.);
#3462=ORIENTED_EDGE('',*,*,#2659,.F.);
#3463=ORIENTED_EDGE('',*,*,#2652,.F.);
#3464=ORIENTED_EDGE('',*,*,#2660,.T.);
#3465=ORIENTED_EDGE('',*,*,#2658,.T.);
#3466=ORIENTED_EDGE('',*,*,#2662,.F.);
#3467=ORIENTED_EDGE('',*,*,#2663,.T.);
#3468=ORIENTED_EDGE('',*,*,#2664,.T.);
#3469=ORIENTED_EDGE('',*,*,#2665,.F.);
#3470=ORIENTED_EDGE('',*,*,#2666,.F.);
#3471=ORIENTED_EDGE('',*,*,#2667,.F.);
#3472=ORIENTED_EDGE('',*,*,#2668,.T.);
#3473=ORIENTED_EDGE('',*,*,#2669,.T.);
#3474=ORIENTED_EDGE('',*,*,#2670,.F.);
#3475=ORIENTED_EDGE('',*,*,#2671,.T.);
#3476=ORIENTED_EDGE('',*,*,#2667,.T.);
#3477=ORIENTED_EDGE('',*,*,#2672,.F.);
#3478=ORIENTED_EDGE('',*,*,#2663,.F.);
#3479=ORIENTED_EDGE('',*,*,#2673,.F.);
#3480=ORIENTED_EDGE('',*,*,#2665,.T.);
#3481=ORIENTED_EDGE('',*,*,#2674,.T.);
#3482=ORIENTED_EDGE('',*,*,#2669,.F.);
#3483=ORIENTED_EDGE('',*,*,#2666,.T.);
#3484=ORIENTED_EDGE('',*,*,#2673,.T.);
#3485=ORIENTED_EDGE('',*,*,#2668,.F.);
#3486=ORIENTED_EDGE('',*,*,#2671,.F.);
#3487=ORIENTED_EDGE('',*,*,#2664,.F.);
#3488=ORIENTED_EDGE('',*,*,#2672,.T.);
#3489=ORIENTED_EDGE('',*,*,#2670,.T.);
#3490=ORIENTED_EDGE('',*,*,#2674,.F.);
#3491=ORIENTED_EDGE('',*,*,#2675,.T.);
#3492=ORIENTED_EDGE('',*,*,#2676,.T.);
#3493=ORIENTED_EDGE('',*,*,#2677,.F.);
#3494=ORIENTED_EDGE('',*,*,#2678,.F.);
#3495=ORIENTED_EDGE('',*,*,#2679,.F.);
#3496=ORIENTED_EDGE('',*,*,#2680,.T.);
#3497=ORIENTED_EDGE('',*,*,#2681,.T.);
#3498=ORIENTED_EDGE('',*,*,#2682,.F.);
#3499=ORIENTED_EDGE('',*,*,#2683,.T.);
#3500=ORIENTED_EDGE('',*,*,#2679,.T.);
#3501=ORIENTED_EDGE('',*,*,#2684,.F.);
#3502=ORIENTED_EDGE('',*,*,#2675,.F.);
#3503=ORIENTED_EDGE('',*,*,#2685,.F.);
#3504=ORIENTED_EDGE('',*,*,#2677,.T.);
#3505=ORIENTED_EDGE('',*,*,#2686,.T.);
#3506=ORIENTED_EDGE('',*,*,#2681,.F.);
#3507=ORIENTED_EDGE('',*,*,#2678,.T.);
#3508=ORIENTED_EDGE('',*,*,#2685,.T.);
#3509=ORIENTED_EDGE('',*,*,#2680,.F.);
#3510=ORIENTED_EDGE('',*,*,#2683,.F.);
#3511=ORIENTED_EDGE('',*,*,#2676,.F.);
#3512=ORIENTED_EDGE('',*,*,#2684,.T.);
#3513=ORIENTED_EDGE('',*,*,#2682,.T.);
#3514=ORIENTED_EDGE('',*,*,#2686,.F.);
#3515=ORIENTED_EDGE('',*,*,#2687,.T.);
#3516=ORIENTED_EDGE('',*,*,#2688,.T.);
#3517=ORIENTED_EDGE('',*,*,#2689,.F.);
#3518=ORIENTED_EDGE('',*,*,#2690,.F.);
#3519=ORIENTED_EDGE('',*,*,#2691,.F.);
#3520=ORIENTED_EDGE('',*,*,#2692,.T.);
#3521=ORIENTED_EDGE('',*,*,#2693,.T.);
#3522=ORIENTED_EDGE('',*,*,#2694,.F.);
#3523=ORIENTED_EDGE('',*,*,#2695,.T.);
#3524=ORIENTED_EDGE('',*,*,#2691,.T.);
#3525=ORIENTED_EDGE('',*,*,#2696,.F.);
#3526=ORIENTED_EDGE('',*,*,#2687,.F.);
#3527=ORIENTED_EDGE('',*,*,#2697,.F.);
#3528=ORIENTED_EDGE('',*,*,#2689,.T.);
#3529=ORIENTED_EDGE('',*,*,#2698,.T.);
#3530=ORIENTED_EDGE('',*,*,#2693,.F.);
#3531=ORIENTED_EDGE('',*,*,#2690,.T.);
#3532=ORIENTED_EDGE('',*,*,#2697,.T.);
#3533=ORIENTED_EDGE('',*,*,#2692,.F.);
#3534=ORIENTED_EDGE('',*,*,#2695,.F.);
#3535=ORIENTED_EDGE('',*,*,#2688,.F.);
#3536=ORIENTED_EDGE('',*,*,#2696,.T.);
#3537=ORIENTED_EDGE('',*,*,#2694,.T.);
#3538=ORIENTED_EDGE('',*,*,#2698,.F.);
#3539=ORIENTED_EDGE('',*,*,#2699,.T.);
#3540=ORIENTED_EDGE('',*,*,#2700,.T.);
#3541=ORIENTED_EDGE('',*,*,#2701,.F.);
#3542=ORIENTED_EDGE('',*,*,#2702,.F.);
#3543=ORIENTED_EDGE('',*,*,#2703,.F.);
#3544=ORIENTED_EDGE('',*,*,#2704,.T.);
#3545=ORIENTED_EDGE('',*,*,#2705,.T.);
#3546=ORIENTED_EDGE('',*,*,#2706,.F.);
#3547=ORIENTED_EDGE('',*,*,#2707,.T.);
#3548=ORIENTED_EDGE('',*,*,#2703,.T.);
#3549=ORIENTED_EDGE('',*,*,#2708,.F.);
#3550=ORIENTED_EDGE('',*,*,#2699,.F.);
#3551=ORIENTED_EDGE('',*,*,#2709,.F.);
#3552=ORIENTED_EDGE('',*,*,#2701,.T.);
#3553=ORIENTED_EDGE('',*,*,#2710,.T.);
#3554=ORIENTED_EDGE('',*,*,#2705,.F.);
#3555=ORIENTED_EDGE('',*,*,#2702,.T.);
#3556=ORIENTED_EDGE('',*,*,#2709,.T.);
#3557=ORIENTED_EDGE('',*,*,#2704,.F.);
#3558=ORIENTED_EDGE('',*,*,#2707,.F.);
#3559=ORIENTED_EDGE('',*,*,#2700,.F.);
#3560=ORIENTED_EDGE('',*,*,#2708,.T.);
#3561=ORIENTED_EDGE('',*,*,#2706,.T.);
#3562=ORIENTED_EDGE('',*,*,#2710,.F.);
#3563=ORIENTED_EDGE('',*,*,#2711,.T.);
#3564=ORIENTED_EDGE('',*,*,#2712,.T.);
#3565=ORIENTED_EDGE('',*,*,#2713,.F.);
#3566=ORIENTED_EDGE('',*,*,#2714,.F.);
#3567=ORIENTED_EDGE('',*,*,#2715,.F.);
#3568=ORIENTED_EDGE('',*,*,#2716,.T.);
#3569=ORIENTED_EDGE('',*,*,#2717,.T.);
#3570=ORIENTED_EDGE('',*,*,#2718,.F.);
#3571=ORIENTED_EDGE('',*,*,#2719,.T.);
#3572=ORIENTED_EDGE('',*,*,#2715,.T.);
#3573=ORIENTED_EDGE('',*,*,#2720,.F.);
#3574=ORIENTED_EDGE('',*,*,#2711,.F.);
#3575=ORIENTED_EDGE('',*,*,#2721,.F.);
#3576=ORIENTED_EDGE('',*,*,#2713,.T.);
#3577=ORIENTED_EDGE('',*,*,#2722,.T.);
#3578=ORIENTED_EDGE('',*,*,#2717,.F.);
#3579=ORIENTED_EDGE('',*,*,#2714,.T.);
#3580=ORIENTED_EDGE('',*,*,#2721,.T.);
#3581=ORIENTED_EDGE('',*,*,#2716,.F.);
#3582=ORIENTED_EDGE('',*,*,#2719,.F.);
#3583=ORIENTED_EDGE('',*,*,#2712,.F.);
#3584=ORIENTED_EDGE('',*,*,#2720,.T.);
#3585=ORIENTED_EDGE('',*,*,#2718,.T.);
#3586=ORIENTED_EDGE('',*,*,#2722,.F.);
#3587=ORIENTED_EDGE('',*,*,#2723,.T.);
#3588=ORIENTED_EDGE('',*,*,#2724,.T.);
#3589=ORIENTED_EDGE('',*,*,#2725,.F.);
#3590=ORIENTED_EDGE('',*,*,#2726,.F.);
#3591=ORIENTED_EDGE('',*,*,#2727,.F.);
#3592=ORIENTED_EDGE('',*,*,#2728,.T.);
#3593=ORIENTED_EDGE('',*,*,#2729,.T.);
#3594=ORIENTED_EDGE('',*,*,#2730,.F.);
#3595=ORIENTED_EDGE('',*,*,#2731,.T.);
#3596=ORIENTED_EDGE('',*,*,#2727,.T.);
#3597=ORIENTED_EDGE('',*,*,#2732,.F.);
#3598=ORIENTED_EDGE('',*,*,#2723,.F.);
#3599=ORIENTED_EDGE('',*,*,#2733,.F.);
#3600=ORIENTED_EDGE('',*,*,#2725,.T.);
#3601=ORIENTED_EDGE('',*,*,#2734,.T.);
#3602=ORIENTED_EDGE('',*,*,#2729,.F.);
#3603=ORIENTED_EDGE('',*,*,#2726,.T.);
#3604=ORIENTED_EDGE('',*,*,#2733,.T.);
#3605=ORIENTED_EDGE('',*,*,#2728,.F.);
#3606=ORIENTED_EDGE('',*,*,#2731,.F.);
#3607=ORIENTED_EDGE('',*,*,#2724,.F.);
#3608=ORIENTED_EDGE('',*,*,#2732,.T.);
#3609=ORIENTED_EDGE('',*,*,#2730,.T.);
#3610=ORIENTED_EDGE('',*,*,#2734,.F.);
#3611=ORIENTED_EDGE('',*,*,#2735,.T.);
#3612=ORIENTED_EDGE('',*,*,#2736,.T.);
#3613=ORIENTED_EDGE('',*,*,#2737,.F.);
#3614=ORIENTED_EDGE('',*,*,#2738,.F.);
#3615=ORIENTED_EDGE('',*,*,#2739,.F.);
#3616=ORIENTED_EDGE('',*,*,#2740,.T.);
#3617=ORIENTED_EDGE('',*,*,#2741,.T.);
#3618=ORIENTED_EDGE('',*,*,#2742,.F.);
#3619=ORIENTED_EDGE('',*,*,#2743,.T.);
#3620=ORIENTED_EDGE('',*,*,#2739,.T.);
#3621=ORIENTED_EDGE('',*,*,#2744,.F.);
#3622=ORIENTED_EDGE('',*,*,#2735,.F.);
#3623=ORIENTED_EDGE('',*,*,#2745,.F.);
#3624=ORIENTED_EDGE('',*,*,#2737,.T.);
#3625=ORIENTED_EDGE('',*,*,#2746,.T.);
#3626=ORIENTED_EDGE('',*,*,#2741,.F.);
#3627=ORIENTED_EDGE('',*,*,#2738,.T.);
#3628=ORIENTED_EDGE('',*,*,#2745,.T.);
#3629=ORIENTED_EDGE('',*,*,#2740,.F.);
#3630=ORIENTED_EDGE('',*,*,#2743,.F.);
#3631=ORIENTED_EDGE('',*,*,#2736,.F.);
#3632=ORIENTED_EDGE('',*,*,#2744,.T.);
#3633=ORIENTED_EDGE('',*,*,#2742,.T.);
#3634=ORIENTED_EDGE('',*,*,#2746,.F.);
#3635=ORIENTED_EDGE('',*,*,#2747,.T.);
#3636=ORIENTED_EDGE('',*,*,#2748,.T.);
#3637=ORIENTED_EDGE('',*,*,#2749,.F.);
#3638=ORIENTED_EDGE('',*,*,#2750,.F.);
#3639=ORIENTED_EDGE('',*,*,#2751,.F.);
#3640=ORIENTED_EDGE('',*,*,#2752,.T.);
#3641=ORIENTED_EDGE('',*,*,#2753,.T.);
#3642=ORIENTED_EDGE('',*,*,#2754,.F.);
#3643=ORIENTED_EDGE('',*,*,#2755,.T.);
#3644=ORIENTED_EDGE('',*,*,#2751,.T.);
#3645=ORIENTED_EDGE('',*,*,#2756,.F.);
#3646=ORIENTED_EDGE('',*,*,#2747,.F.);
#3647=ORIENTED_EDGE('',*,*,#2757,.F.);
#3648=ORIENTED_EDGE('',*,*,#2749,.T.);
#3649=ORIENTED_EDGE('',*,*,#2758,.T.);
#3650=ORIENTED_EDGE('',*,*,#2753,.F.);
#3651=ORIENTED_EDGE('',*,*,#2750,.T.);
#3652=ORIENTED_EDGE('',*,*,#2757,.T.);
#3653=ORIENTED_EDGE('',*,*,#2752,.F.);
#3654=ORIENTED_EDGE('',*,*,#2755,.F.);
#3655=ORIENTED_EDGE('',*,*,#2748,.F.);
#3656=ORIENTED_EDGE('',*,*,#2756,.T.);
#3657=ORIENTED_EDGE('',*,*,#2754,.T.);
#3658=ORIENTED_EDGE('',*,*,#2758,.F.);
#3659=ORIENTED_EDGE('',*,*,#2759,.T.);
#3660=ORIENTED_EDGE('',*,*,#2760,.T.);
#3661=ORIENTED_EDGE('',*,*,#2761,.F.);
#3662=ORIENTED_EDGE('',*,*,#2762,.F.);
#3663=ORIENTED_EDGE('',*,*,#2763,.F.);
#3664=ORIENTED_EDGE('',*,*,#2764,.T.);
#3665=ORIENTED_EDGE('',*,*,#2765,.T.);
#3666=ORIENTED_EDGE('',*,*,#2766,.F.);
#3667=ORIENTED_EDGE('',*,*,#2767,.T.);
#3668=ORIENTED_EDGE('',*,*,#2763,.T.);
#3669=ORIENTED_EDGE('',*,*,#2768,.F.);
#3670=ORIENTED_EDGE('',*,*,#2759,.F.);
#3671=ORIENTED_EDGE('',*,*,#2769,.F.);
#3672=ORIENTED_EDGE('',*,*,#2761,.T.);
#3673=ORIENTED_EDGE('',*,*,#2770,.T.);
#3674=ORIENTED_EDGE('',*,*,#2765,.F.);
#3675=ORIENTED_EDGE('',*,*,#2762,.T.);
#3676=ORIENTED_EDGE('',*,*,#2769,.T.);
#3677=ORIENTED_EDGE('',*,*,#2764,.F.);
#3678=ORIENTED_EDGE('',*,*,#2767,.F.);
#3679=ORIENTED_EDGE('',*,*,#2760,.F.);
#3680=ORIENTED_EDGE('',*,*,#2768,.T.);
#3681=ORIENTED_EDGE('',*,*,#2766,.T.);
#3682=ORIENTED_EDGE('',*,*,#2770,.F.);
#3683=ORIENTED_EDGE('',*,*,#2771,.T.);
#3684=ORIENTED_EDGE('',*,*,#2772,.T.);
#3685=ORIENTED_EDGE('',*,*,#2773,.F.);
#3686=ORIENTED_EDGE('',*,*,#2774,.F.);
#3687=ORIENTED_EDGE('',*,*,#2775,.F.);
#3688=ORIENTED_EDGE('',*,*,#2776,.T.);
#3689=ORIENTED_EDGE('',*,*,#2777,.T.);
#3690=ORIENTED_EDGE('',*,*,#2778,.F.);
#3691=ORIENTED_EDGE('',*,*,#2779,.T.);
#3692=ORIENTED_EDGE('',*,*,#2775,.T.);
#3693=ORIENTED_EDGE('',*,*,#2780,.F.);
#3694=ORIENTED_EDGE('',*,*,#2771,.F.);
#3695=ORIENTED_EDGE('',*,*,#2781,.F.);
#3696=ORIENTED_EDGE('',*,*,#2773,.T.);
#3697=ORIENTED_EDGE('',*,*,#2782,.T.);
#3698=ORIENTED_EDGE('',*,*,#2777,.F.);
#3699=ORIENTED_EDGE('',*,*,#2774,.T.);
#3700=ORIENTED_EDGE('',*,*,#2781,.T.);
#3701=ORIENTED_EDGE('',*,*,#2776,.F.);
#3702=ORIENTED_EDGE('',*,*,#2779,.F.);
#3703=ORIENTED_EDGE('',*,*,#2772,.F.);
#3704=ORIENTED_EDGE('',*,*,#2780,.T.);
#3705=ORIENTED_EDGE('',*,*,#2778,.T.);
#3706=ORIENTED_EDGE('',*,*,#2782,.F.);
#3707=ORIENTED_EDGE('',*,*,#2783,.T.);
#3708=ORIENTED_EDGE('',*,*,#2784,.T.);
#3709=ORIENTED_EDGE('',*,*,#2785,.F.);
#3710=ORIENTED_EDGE('',*,*,#2786,.F.);
#3711=ORIENTED_EDGE('',*,*,#2787,.F.);
#3712=ORIENTED_EDGE('',*,*,#2788,.T.);
#3713=ORIENTED_EDGE('',*,*,#2789,.T.);
#3714=ORIENTED_EDGE('',*,*,#2790,.F.);
#3715=ORIENTED_EDGE('',*,*,#2791,.T.);
#3716=ORIENTED_EDGE('',*,*,#2787,.T.);
#3717=ORIENTED_EDGE('',*,*,#2792,.F.);
#3718=ORIENTED_EDGE('',*,*,#2783,.F.);
#3719=ORIENTED_EDGE('',*,*,#2793,.F.);
#3720=ORIENTED_EDGE('',*,*,#2785,.T.);
#3721=ORIENTED_EDGE('',*,*,#2794,.T.);
#3722=ORIENTED_EDGE('',*,*,#2789,.F.);
#3723=ORIENTED_EDGE('',*,*,#2786,.T.);
#3724=ORIENTED_EDGE('',*,*,#2793,.T.);
#3725=ORIENTED_EDGE('',*,*,#2788,.F.);
#3726=ORIENTED_EDGE('',*,*,#2791,.F.);
#3727=ORIENTED_EDGE('',*,*,#2784,.F.);
#3728=ORIENTED_EDGE('',*,*,#2792,.T.);
#3729=ORIENTED_EDGE('',*,*,#2790,.T.);
#3730=ORIENTED_EDGE('',*,*,#2794,.F.);
#3731=ORIENTED_EDGE('',*,*,#2795,.T.);
#3732=ORIENTED_EDGE('',*,*,#2796,.T.);
#3733=ORIENTED_EDGE('',*,*,#2797,.F.);
#3734=ORIENTED_EDGE('',*,*,#2798,.F.);
#3735=ORIENTED_EDGE('',*,*,#2799,.F.);
#3736=ORIENTED_EDGE('',*,*,#2800,.T.);
#3737=ORIENTED_EDGE('',*,*,#2801,.T.);
#3738=ORIENTED_EDGE('',*,*,#2802,.F.);
#3739=ORIENTED_EDGE('',*,*,#2803,.T.);
#3740=ORIENTED_EDGE('',*,*,#2799,.T.);
#3741=ORIENTED_EDGE('',*,*,#2804,.F.);
#3742=ORIENTED_EDGE('',*,*,#2795,.F.);
#3743=ORIENTED_EDGE('',*,*,#2805,.F.);
#3744=ORIENTED_EDGE('',*,*,#2797,.T.);
#3745=ORIENTED_EDGE('',*,*,#2806,.T.);
#3746=ORIENTED_EDGE('',*,*,#2801,.F.);
#3747=ORIENTED_EDGE('',*,*,#2798,.T.);
#3748=ORIENTED_EDGE('',*,*,#2805,.T.);
#3749=ORIENTED_EDGE('',*,*,#2800,.F.);
#3750=ORIENTED_EDGE('',*,*,#2803,.F.);
#3751=ORIENTED_EDGE('',*,*,#2796,.F.);
#3752=ORIENTED_EDGE('',*,*,#2804,.T.);
#3753=ORIENTED_EDGE('',*,*,#2802,.T.);
#3754=ORIENTED_EDGE('',*,*,#2806,.F.);
#3755=ORIENTED_EDGE('',*,*,#2807,.T.);
#3756=ORIENTED_EDGE('',*,*,#2808,.T.);
#3757=ORIENTED_EDGE('',*,*,#2809,.F.);
#3758=ORIENTED_EDGE('',*,*,#2810,.F.);
#3759=ORIENTED_EDGE('',*,*,#2811,.F.);
#3760=ORIENTED_EDGE('',*,*,#2812,.T.);
#3761=ORIENTED_EDGE('',*,*,#2813,.T.);
#3762=ORIENTED_EDGE('',*,*,#2814,.F.);
#3763=ORIENTED_EDGE('',*,*,#2815,.T.);
#3764=ORIENTED_EDGE('',*,*,#2811,.T.);
#3765=ORIENTED_EDGE('',*,*,#2816,.F.);
#3766=ORIENTED_EDGE('',*,*,#2807,.F.);
#3767=ORIENTED_EDGE('',*,*,#2817,.F.);
#3768=ORIENTED_EDGE('',*,*,#2809,.T.);
#3769=ORIENTED_EDGE('',*,*,#2818,.T.);
#3770=ORIENTED_EDGE('',*,*,#2813,.F.);
#3771=ORIENTED_EDGE('',*,*,#2810,.T.);
#3772=ORIENTED_EDGE('',*,*,#2817,.T.);
#3773=ORIENTED_EDGE('',*,*,#2812,.F.);
#3774=ORIENTED_EDGE('',*,*,#2815,.F.);
#3775=ORIENTED_EDGE('',*,*,#2808,.F.);
#3776=ORIENTED_EDGE('',*,*,#2816,.T.);
#3777=ORIENTED_EDGE('',*,*,#2814,.T.);
#3778=ORIENTED_EDGE('',*,*,#2818,.F.);
#3779=ORIENTED_EDGE('',*,*,#2819,.T.);
#3780=ORIENTED_EDGE('',*,*,#2820,.T.);
#3781=ORIENTED_EDGE('',*,*,#2821,.F.);
#3782=ORIENTED_EDGE('',*,*,#2822,.F.);
#3783=ORIENTED_EDGE('',*,*,#2823,.F.);
#3784=ORIENTED_EDGE('',*,*,#2824,.T.);
#3785=ORIENTED_EDGE('',*,*,#2825,.T.);
#3786=ORIENTED_EDGE('',*,*,#2826,.F.);
#3787=ORIENTED_EDGE('',*,*,#2827,.T.);
#3788=ORIENTED_EDGE('',*,*,#2823,.T.);
#3789=ORIENTED_EDGE('',*,*,#2828,.F.);
#3790=ORIENTED_EDGE('',*,*,#2819,.F.);
#3791=ORIENTED_EDGE('',*,*,#2829,.F.);
#3792=ORIENTED_EDGE('',*,*,#2821,.T.);
#3793=ORIENTED_EDGE('',*,*,#2830,.T.);
#3794=ORIENTED_EDGE('',*,*,#2825,.F.);
#3795=ORIENTED_EDGE('',*,*,#2822,.T.);
#3796=ORIENTED_EDGE('',*,*,#2829,.T.);
#3797=ORIENTED_EDGE('',*,*,#2824,.F.);
#3798=ORIENTED_EDGE('',*,*,#2827,.F.);
#3799=ORIENTED_EDGE('',*,*,#2820,.F.);
#3800=ORIENTED_EDGE('',*,*,#2828,.T.);
#3801=ORIENTED_EDGE('',*,*,#2826,.T.);
#3802=ORIENTED_EDGE('',*,*,#2830,.F.);
#3803=ORIENTED_EDGE('',*,*,#2831,.T.);
#3804=ORIENTED_EDGE('',*,*,#2832,.T.);
#3805=ORIENTED_EDGE('',*,*,#2833,.F.);
#3806=ORIENTED_EDGE('',*,*,#2834,.F.);
#3807=ORIENTED_EDGE('',*,*,#2835,.F.);
#3808=ORIENTED_EDGE('',*,*,#2836,.T.);
#3809=ORIENTED_EDGE('',*,*,#2837,.T.);
#3810=ORIENTED_EDGE('',*,*,#2838,.F.);
#3811=ORIENTED_EDGE('',*,*,#2839,.T.);
#3812=ORIENTED_EDGE('',*,*,#2835,.T.);
#3813=ORIENTED_EDGE('',*,*,#2840,.F.);
#3814=ORIENTED_EDGE('',*,*,#2831,.F.);
#3815=ORIENTED_EDGE('',*,*,#2841,.F.);
#3816=ORIENTED_EDGE('',*,*,#2833,.T.);
#3817=ORIENTED_EDGE('',*,*,#2842,.T.);
#3818=ORIENTED_EDGE('',*,*,#2837,.F.);
#3819=ORIENTED_EDGE('',*,*,#2834,.T.);
#3820=ORIENTED_EDGE('',*,*,#2841,.T.);
#3821=ORIENTED_EDGE('',*,*,#2836,.F.);
#3822=ORIENTED_EDGE('',*,*,#2839,.F.);
#3823=ORIENTED_EDGE('',*,*,#2832,.F.);
#3824=ORIENTED_EDGE('',*,*,#2840,.T.);
#3825=ORIENTED_EDGE('',*,*,#2838,.T.);
#3826=ORIENTED_EDGE('',*,*,#2842,.F.);
#3827=ORIENTED_EDGE('',*,*,#2843,.T.);
#3828=ORIENTED_EDGE('',*,*,#2844,.T.);
#3829=ORIENTED_EDGE('',*,*,#2845,.F.);
#3830=ORIENTED_EDGE('',*,*,#2846,.F.);
#3831=ORIENTED_EDGE('',*,*,#2847,.F.);
#3832=ORIENTED_EDGE('',*,*,#2848,.T.);
#3833=ORIENTED_EDGE('',*,*,#2849,.T.);
#3834=ORIENTED_EDGE('',*,*,#2850,.F.);
#3835=ORIENTED_EDGE('',*,*,#2851,.T.);
#3836=ORIENTED_EDGE('',*,*,#2847,.T.);
#3837=ORIENTED_EDGE('',*,*,#2852,.F.);
#3838=ORIENTED_EDGE('',*,*,#2843,.F.);
#3839=ORIENTED_EDGE('',*,*,#2853,.F.);
#3840=ORIENTED_EDGE('',*,*,#2845,.T.);
#3841=ORIENTED_EDGE('',*,*,#2854,.T.);
#3842=ORIENTED_EDGE('',*,*,#2849,.F.);
#3843=ORIENTED_EDGE('',*,*,#2846,.T.);
#3844=ORIENTED_EDGE('',*,*,#2853,.T.);
#3845=ORIENTED_EDGE('',*,*,#2848,.F.);
#3846=ORIENTED_EDGE('',*,*,#2851,.F.);
#3847=ORIENTED_EDGE('',*,*,#2844,.F.);
#3848=ORIENTED_EDGE('',*,*,#2852,.T.);
#3849=ORIENTED_EDGE('',*,*,#2850,.T.);
#3850=ORIENTED_EDGE('',*,*,#2854,.F.);
#3851=ORIENTED_EDGE('',*,*,#2855,.T.);
#3852=ORIENTED_EDGE('',*,*,#2856,.T.);
#3853=ORIENTED_EDGE('',*,*,#2857,.F.);
#3854=ORIENTED_EDGE('',*,*,#2858,.F.);
#3855=ORIENTED_EDGE('',*,*,#2859,.F.);
#3856=ORIENTED_EDGE('',*,*,#2860,.T.);
#3857=ORIENTED_EDGE('',*,*,#2861,.T.);
#3858=ORIENTED_EDGE('',*,*,#2862,.F.);
#3859=ORIENTED_EDGE('',*,*,#2863,.T.);
#3860=ORIENTED_EDGE('',*,*,#2859,.T.);
#3861=ORIENTED_EDGE('',*,*,#2864,.F.);
#3862=ORIENTED_EDGE('',*,*,#2855,.F.);
#3863=ORIENTED_EDGE('',*,*,#2865,.F.);
#3864=ORIENTED_EDGE('',*,*,#2857,.T.);
#3865=ORIENTED_EDGE('',*,*,#2866,.T.);
#3866=ORIENTED_EDGE('',*,*,#2861,.F.);
#3867=ORIENTED_EDGE('',*,*,#2858,.T.);
#3868=ORIENTED_EDGE('',*,*,#2865,.T.);
#3869=ORIENTED_EDGE('',*,*,#2860,.F.);
#3870=ORIENTED_EDGE('',*,*,#2863,.F.);
#3871=ORIENTED_EDGE('',*,*,#2856,.F.);
#3872=ORIENTED_EDGE('',*,*,#2864,.T.);
#3873=ORIENTED_EDGE('',*,*,#2862,.T.);
#3874=ORIENTED_EDGE('',*,*,#2866,.F.);
#3875=ORIENTED_EDGE('',*,*,#2867,.T.);
#3876=ORIENTED_EDGE('',*,*,#2868,.T.);
#3877=ORIENTED_EDGE('',*,*,#2869,.F.);
#3878=ORIENTED_EDGE('',*,*,#2870,.F.);
#3879=ORIENTED_EDGE('',*,*,#2871,.F.);
#3880=ORIENTED_EDGE('',*,*,#2872,.T.);
#3881=ORIENTED_EDGE('',*,*,#2873,.T.);
#3882=ORIENTED_EDGE('',*,*,#2874,.F.);
#3883=ORIENTED_EDGE('',*,*,#2875,.T.);
#3884=ORIENTED_EDGE('',*,*,#2871,.T.);
#3885=ORIENTED_EDGE('',*,*,#2876,.F.);
#3886=ORIENTED_EDGE('',*,*,#2867,.F.);
#3887=ORIENTED_EDGE('',*,*,#2877,.F.);
#3888=ORIENTED_EDGE('',*,*,#2869,.T.);
#3889=ORIENTED_EDGE('',*,*,#2878,.T.);
#3890=ORIENTED_EDGE('',*,*,#2873,.F.);
#3891=ORIENTED_EDGE('',*,*,#2870,.T.);
#3892=ORIENTED_EDGE('',*,*,#2877,.T.);
#3893=ORIENTED_EDGE('',*,*,#2872,.F.);
#3894=ORIENTED_EDGE('',*,*,#2875,.F.);
#3895=ORIENTED_EDGE('',*,*,#2868,.F.);
#3896=ORIENTED_EDGE('',*,*,#2876,.T.);
#3897=ORIENTED_EDGE('',*,*,#2874,.T.);
#3898=ORIENTED_EDGE('',*,*,#2878,.F.);
#3899=ORIENTED_EDGE('',*,*,#2879,.T.);
#3900=ORIENTED_EDGE('',*,*,#2880,.T.);
#3901=ORIENTED_EDGE('',*,*,#2881,.F.);
#3902=ORIENTED_EDGE('',*,*,#2882,.F.);
#3903=ORIENTED_EDGE('',*,*,#2883,.F.);
#3904=ORIENTED_EDGE('',*,*,#2884,.T.);
#3905=ORIENTED_EDGE('',*,*,#2885,.T.);
#3906=ORIENTED_EDGE('',*,*,#2886,.F.);
#3907=ORIENTED_EDGE('',*,*,#2887,.T.);
#3908=ORIENTED_EDGE('',*,*,#2883,.T.);
#3909=ORIENTED_EDGE('',*,*,#2888,.F.);
#3910=ORIENTED_EDGE('',*,*,#2879,.F.);
#3911=ORIENTED_EDGE('',*,*,#2889,.F.);
#3912=ORIENTED_EDGE('',*,*,#2881,.T.);
#3913=ORIENTED_EDGE('',*,*,#2890,.T.);
#3914=ORIENTED_EDGE('',*,*,#2885,.F.);
#3915=ORIENTED_EDGE('',*,*,#2882,.T.);
#3916=ORIENTED_EDGE('',*,*,#2889,.T.);
#3917=ORIENTED_EDGE('',*,*,#2884,.F.);
#3918=ORIENTED_EDGE('',*,*,#2887,.F.);
#3919=ORIENTED_EDGE('',*,*,#2880,.F.);
#3920=ORIENTED_EDGE('',*,*,#2888,.T.);
#3921=ORIENTED_EDGE('',*,*,#2886,.T.);
#3922=ORIENTED_EDGE('',*,*,#2890,.F.);
#3923=ORIENTED_EDGE('',*,*,#2891,.T.);
#3924=ORIENTED_EDGE('',*,*,#2892,.T.);
#3925=ORIENTED_EDGE('',*,*,#2893,.F.);
#3926=ORIENTED_EDGE('',*,*,#2894,.F.);
#3927=ORIENTED_EDGE('',*,*,#2895,.F.);
#3928=ORIENTED_EDGE('',*,*,#2896,.T.);
#3929=ORIENTED_EDGE('',*,*,#2897,.T.);
#3930=ORIENTED_EDGE('',*,*,#2898,.F.);
#3931=ORIENTED_EDGE('',*,*,#2899,.T.);
#3932=ORIENTED_EDGE('',*,*,#2895,.T.);
#3933=ORIENTED_EDGE('',*,*,#2900,.F.);
#3934=ORIENTED_EDGE('',*,*,#2891,.F.);
#3935=ORIENTED_EDGE('',*,*,#2901,.F.);
#3936=ORIENTED_EDGE('',*,*,#2893,.T.);
#3937=ORIENTED_EDGE('',*,*,#2902,.T.);
#3938=ORIENTED_EDGE('',*,*,#2897,.F.);
#3939=ORIENTED_EDGE('',*,*,#2894,.T.);
#3940=ORIENTED_EDGE('',*,*,#2901,.T.);
#3941=ORIENTED_EDGE('',*,*,#2896,.F.);
#3942=ORIENTED_EDGE('',*,*,#2899,.F.);
#3943=ORIENTED_EDGE('',*,*,#2892,.F.);
#3944=ORIENTED_EDGE('',*,*,#2900,.T.);
#3945=ORIENTED_EDGE('',*,*,#2898,.T.);
#3946=ORIENTED_EDGE('',*,*,#2902,.F.);
#3947=ORIENTED_EDGE('',*,*,#2903,.T.);
#3948=ORIENTED_EDGE('',*,*,#2904,.T.);
#3949=ORIENTED_EDGE('',*,*,#2905,.F.);
#3950=ORIENTED_EDGE('',*,*,#2906,.F.);
#3951=ORIENTED_EDGE('',*,*,#2907,.F.);
#3952=ORIENTED_EDGE('',*,*,#2908,.T.);
#3953=ORIENTED_EDGE('',*,*,#2909,.T.);
#3954=ORIENTED_EDGE('',*,*,#2910,.F.);
#3955=ORIENTED_EDGE('',*,*,#2911,.T.);
#3956=ORIENTED_EDGE('',*,*,#2907,.T.);
#3957=ORIENTED_EDGE('',*,*,#2912,.F.);
#3958=ORIENTED_EDGE('',*,*,#2903,.F.);
#3959=ORIENTED_EDGE('',*,*,#2913,.F.);
#3960=ORIENTED_EDGE('',*,*,#2905,.T.);
#3961=ORIENTED_EDGE('',*,*,#2914,.T.);
#3962=ORIENTED_EDGE('',*,*,#2909,.F.);
#3963=ORIENTED_EDGE('',*,*,#2906,.T.);
#3964=ORIENTED_EDGE('',*,*,#2913,.T.);
#3965=ORIENTED_EDGE('',*,*,#2908,.F.);
#3966=ORIENTED_EDGE('',*,*,#2911,.F.);
#3967=ORIENTED_EDGE('',*,*,#2904,.F.);
#3968=ORIENTED_EDGE('',*,*,#2912,.T.);
#3969=ORIENTED_EDGE('',*,*,#2910,.T.);
#3970=ORIENTED_EDGE('',*,*,#2914,.F.);
#3971=ORIENTED_EDGE('',*,*,#2915,.T.);
#3972=ORIENTED_EDGE('',*,*,#2916,.T.);
#3973=ORIENTED_EDGE('',*,*,#2917,.F.);
#3974=ORIENTED_EDGE('',*,*,#2918,.F.);
#3975=ORIENTED_EDGE('',*,*,#2919,.F.);
#3976=ORIENTED_EDGE('',*,*,#2920,.T.);
#3977=ORIENTED_EDGE('',*,*,#2921,.T.);
#3978=ORIENTED_EDGE('',*,*,#2922,.F.);
#3979=ORIENTED_EDGE('',*,*,#2923,.T.);
#3980=ORIENTED_EDGE('',*,*,#2919,.T.);
#3981=ORIENTED_EDGE('',*,*,#2924,.F.);
#3982=ORIENTED_EDGE('',*,*,#2915,.F.);
#3983=ORIENTED_EDGE('',*,*,#2925,.F.);
#3984=ORIENTED_EDGE('',*,*,#2917,.T.);
#3985=ORIENTED_EDGE('',*,*,#2926,.T.);
#3986=ORIENTED_EDGE('',*,*,#2921,.F.);
#3987=ORIENTED_EDGE('',*,*,#2918,.T.);
#3988=ORIENTED_EDGE('',*,*,#2925,.T.);
#3989=ORIENTED_EDGE('',*,*,#2920,.F.);
#3990=ORIENTED_EDGE('',*,*,#2923,.F.);
#3991=ORIENTED_EDGE('',*,*,#2916,.F.);
#3992=ORIENTED_EDGE('',*,*,#2924,.T.);
#3993=ORIENTED_EDGE('',*,*,#2922,.T.);
#3994=ORIENTED_EDGE('',*,*,#2926,.F.);
#3995=ORIENTED_EDGE('',*,*,#2927,.T.);
#3996=ORIENTED_EDGE('',*,*,#2928,.T.);
#3997=ORIENTED_EDGE('',*,*,#2929,.F.);
#3998=ORIENTED_EDGE('',*,*,#2930,.F.);
#3999=ORIENTED_EDGE('',*,*,#2931,.F.);
#4000=ORIENTED_EDGE('',*,*,#2932,.T.);
#4001=ORIENTED_EDGE('',*,*,#2933,.T.);
#4002=ORIENTED_EDGE('',*,*,#2934,.F.);
#4003=ORIENTED_EDGE('',*,*,#2935,.T.);
#4004=ORIENTED_EDGE('',*,*,#2931,.T.);
#4005=ORIENTED_EDGE('',*,*,#2936,.F.);
#4006=ORIENTED_EDGE('',*,*,#2927,.F.);
#4007=ORIENTED_EDGE('',*,*,#2937,.F.);
#4008=ORIENTED_EDGE('',*,*,#2929,.T.);
#4009=ORIENTED_EDGE('',*,*,#2938,.T.);
#4010=ORIENTED_EDGE('',*,*,#2933,.F.);
#4011=ORIENTED_EDGE('',*,*,#2930,.T.);
#4012=ORIENTED_EDGE('',*,*,#2937,.T.);
#4013=ORIENTED_EDGE('',*,*,#2932,.F.);
#4014=ORIENTED_EDGE('',*,*,#2935,.F.);
#4015=ORIENTED_EDGE('',*,*,#2928,.F.);
#4016=ORIENTED_EDGE('',*,*,#2936,.T.);
#4017=ORIENTED_EDGE('',*,*,#2934,.T.);
#4018=ORIENTED_EDGE('',*,*,#2938,.F.);
#4019=ORIENTED_EDGE('',*,*,#2939,.T.);
#4020=ORIENTED_EDGE('',*,*,#2940,.T.);
#4021=ORIENTED_EDGE('',*,*,#2941,.F.);
#4022=ORIENTED_EDGE('',*,*,#2942,.F.);
#4023=ORIENTED_EDGE('',*,*,#2943,.F.);
#4024=ORIENTED_EDGE('',*,*,#2944,.T.);
#4025=ORIENTED_EDGE('',*,*,#2945,.T.);
#4026=ORIENTED_EDGE('',*,*,#2946,.F.);
#4027=ORIENTED_EDGE('',*,*,#2947,.T.);
#4028=ORIENTED_EDGE('',*,*,#2943,.T.);
#4029=ORIENTED_EDGE('',*,*,#2948,.F.);
#4030=ORIENTED_EDGE('',*,*,#2939,.F.);
#4031=ORIENTED_EDGE('',*,*,#2949,.F.);
#4032=ORIENTED_EDGE('',*,*,#2941,.T.);
#4033=ORIENTED_EDGE('',*,*,#2950,.T.);
#4034=ORIENTED_EDGE('',*,*,#2945,.F.);
#4035=ORIENTED_EDGE('',*,*,#2942,.T.);
#4036=ORIENTED_EDGE('',*,*,#2949,.T.);
#4037=ORIENTED_EDGE('',*,*,#2944,.F.);
#4038=ORIENTED_EDGE('',*,*,#2947,.F.);
#4039=ORIENTED_EDGE('',*,*,#2940,.F.);
#4040=ORIENTED_EDGE('',*,*,#2948,.T.);
#4041=ORIENTED_EDGE('',*,*,#2946,.T.);
#4042=ORIENTED_EDGE('',*,*,#2950,.F.);
#4043=ORIENTED_EDGE('',*,*,#2951,.T.);
#4044=ORIENTED_EDGE('',*,*,#2952,.T.);
#4045=ORIENTED_EDGE('',*,*,#2953,.F.);
#4046=ORIENTED_EDGE('',*,*,#2954,.F.);
#4047=ORIENTED_EDGE('',*,*,#2955,.F.);
#4048=ORIENTED_EDGE('',*,*,#2956,.T.);
#4049=ORIENTED_EDGE('',*,*,#2957,.T.);
#4050=ORIENTED_EDGE('',*,*,#2958,.F.);
#4051=ORIENTED_EDGE('',*,*,#2959,.T.);
#4052=ORIENTED_EDGE('',*,*,#2955,.T.);
#4053=ORIENTED_EDGE('',*,*,#2960,.F.);
#4054=ORIENTED_EDGE('',*,*,#2951,.F.);
#4055=ORIENTED_EDGE('',*,*,#2961,.F.);
#4056=ORIENTED_EDGE('',*,*,#2953,.T.);
#4057=ORIENTED_EDGE('',*,*,#2962,.T.);
#4058=ORIENTED_EDGE('',*,*,#2957,.F.);
#4059=ORIENTED_EDGE('',*,*,#2954,.T.);
#4060=ORIENTED_EDGE('',*,*,#2961,.T.);
#4061=ORIENTED_EDGE('',*,*,#2956,.F.);
#4062=ORIENTED_EDGE('',*,*,#2959,.F.);
#4063=ORIENTED_EDGE('',*,*,#2952,.F.);
#4064=ORIENTED_EDGE('',*,*,#2960,.T.);
#4065=ORIENTED_EDGE('',*,*,#2958,.T.);
#4066=ORIENTED_EDGE('',*,*,#2962,.F.);
#4067=ORIENTED_EDGE('',*,*,#2963,.T.);
#4068=ORIENTED_EDGE('',*,*,#2964,.T.);
#4069=ORIENTED_EDGE('',*,*,#2965,.F.);
#4070=ORIENTED_EDGE('',*,*,#2966,.F.);
#4071=ORIENTED_EDGE('',*,*,#2967,.F.);
#4072=ORIENTED_EDGE('',*,*,#2968,.T.);
#4073=ORIENTED_EDGE('',*,*,#2969,.T.);
#4074=ORIENTED_EDGE('',*,*,#2970,.F.);
#4075=ORIENTED_EDGE('',*,*,#2971,.T.);
#4076=ORIENTED_EDGE('',*,*,#2967,.T.);
#4077=ORIENTED_EDGE('',*,*,#2972,.F.);
#4078=ORIENTED_EDGE('',*,*,#2963,.F.);
#4079=ORIENTED_EDGE('',*,*,#2973,.F.);
#4080=ORIENTED_EDGE('',*,*,#2965,.T.);
#4081=ORIENTED_EDGE('',*,*,#2974,.T.);
#4082=ORIENTED_EDGE('',*,*,#2969,.F.);
#4083=ORIENTED_EDGE('',*,*,#2966,.T.);
#4084=ORIENTED_EDGE('',*,*,#2973,.T.);
#4085=ORIENTED_EDGE('',*,*,#2968,.F.);
#4086=ORIENTED_EDGE('',*,*,#2971,.F.);
#4087=ORIENTED_EDGE('',*,*,#2964,.F.);
#4088=ORIENTED_EDGE('',*,*,#2972,.T.);
#4089=ORIENTED_EDGE('',*,*,#2970,.T.);
#4090=ORIENTED_EDGE('',*,*,#2974,.F.);
#4091=ORIENTED_EDGE('',*,*,#2975,.T.);
#4092=ORIENTED_EDGE('',*,*,#2976,.T.);
#4093=ORIENTED_EDGE('',*,*,#2977,.F.);
#4094=ORIENTED_EDGE('',*,*,#2978,.F.);
#4095=ORIENTED_EDGE('',*,*,#2979,.F.);
#4096=ORIENTED_EDGE('',*,*,#2980,.T.);
#4097=ORIENTED_EDGE('',*,*,#2981,.T.);
#4098=ORIENTED_EDGE('',*,*,#2982,.F.);
#4099=ORIENTED_EDGE('',*,*,#2983,.T.);
#4100=ORIENTED_EDGE('',*,*,#2979,.T.);
#4101=ORIENTED_EDGE('',*,*,#2984,.F.);
#4102=ORIENTED_EDGE('',*,*,#2975,.F.);
#4103=ORIENTED_EDGE('',*,*,#2985,.F.);
#4104=ORIENTED_EDGE('',*,*,#2977,.T.);
#4105=ORIENTED_EDGE('',*,*,#2986,.T.);
#4106=ORIENTED_EDGE('',*,*,#2981,.F.);
#4107=ORIENTED_EDGE('',*,*,#2978,.T.);
#4108=ORIENTED_EDGE('',*,*,#2985,.T.);
#4109=ORIENTED_EDGE('',*,*,#2980,.F.);
#4110=ORIENTED_EDGE('',*,*,#2983,.F.);
#4111=ORIENTED_EDGE('',*,*,#2976,.F.);
#4112=ORIENTED_EDGE('',*,*,#2984,.T.);
#4113=ORIENTED_EDGE('',*,*,#2982,.T.);
#4114=ORIENTED_EDGE('',*,*,#2986,.F.);
#4115=ORIENTED_EDGE('',*,*,#2987,.T.);
#4116=ORIENTED_EDGE('',*,*,#2988,.T.);
#4117=ORIENTED_EDGE('',*,*,#2989,.F.);
#4118=ORIENTED_EDGE('',*,*,#2990,.F.);
#4119=ORIENTED_EDGE('',*,*,#2991,.F.);
#4120=ORIENTED_EDGE('',*,*,#2992,.T.);
#4121=ORIENTED_EDGE('',*,*,#2993,.T.);
#4122=ORIENTED_EDGE('',*,*,#2994,.F.);
#4123=ORIENTED_EDGE('',*,*,#2995,.T.);
#4124=ORIENTED_EDGE('',*,*,#2991,.T.);
#4125=ORIENTED_EDGE('',*,*,#2996,.F.);
#4126=ORIENTED_EDGE('',*,*,#2987,.F.);
#4127=ORIENTED_EDGE('',*,*,#2997,.F.);
#4128=ORIENTED_EDGE('',*,*,#2989,.T.);
#4129=ORIENTED_EDGE('',*,*,#2998,.T.);
#4130=ORIENTED_EDGE('',*,*,#2993,.F.);
#4131=ORIENTED_EDGE('',*,*,#2990,.T.);
#4132=ORIENTED_EDGE('',*,*,#2997,.T.);
#4133=ORIENTED_EDGE('',*,*,#2992,.F.);
#4134=ORIENTED_EDGE('',*,*,#2995,.F.);
#4135=ORIENTED_EDGE('',*,*,#2988,.F.);
#4136=ORIENTED_EDGE('',*,*,#2996,.T.);
#4137=ORIENTED_EDGE('',*,*,#2994,.T.);
#4138=ORIENTED_EDGE('',*,*,#2998,.F.);
#4139=ORIENTED_EDGE('',*,*,#2999,.T.);
#4140=ORIENTED_EDGE('',*,*,#3000,.T.);
#4141=ORIENTED_EDGE('',*,*,#3001,.F.);
#4142=ORIENTED_EDGE('',*,*,#3002,.F.);
#4143=ORIENTED_EDGE('',*,*,#3003,.F.);
#4144=ORIENTED_EDGE('',*,*,#3004,.T.);
#4145=ORIENTED_EDGE('',*,*,#3005,.T.);
#4146=ORIENTED_EDGE('',*,*,#3006,.F.);
#4147=ORIENTED_EDGE('',*,*,#3007,.T.);
#4148=ORIENTED_EDGE('',*,*,#3003,.T.);
#4149=ORIENTED_EDGE('',*,*,#3008,.F.);
#4150=ORIENTED_EDGE('',*,*,#2999,.F.);
#4151=ORIENTED_EDGE('',*,*,#3009,.F.);
#4152=ORIENTED_EDGE('',*,*,#3001,.T.);
#4153=ORIENTED_EDGE('',*,*,#3010,.T.);
#4154=ORIENTED_EDGE('',*,*,#3005,.F.);
#4155=ORIENTED_EDGE('',*,*,#3002,.T.);
#4156=ORIENTED_EDGE('',*,*,#3009,.T.);
#4157=ORIENTED_EDGE('',*,*,#3004,.F.);
#4158=ORIENTED_EDGE('',*,*,#3007,.F.);
#4159=ORIENTED_EDGE('',*,*,#3000,.F.);
#4160=ORIENTED_EDGE('',*,*,#3008,.T.);
#4161=ORIENTED_EDGE('',*,*,#3006,.T.);
#4162=ORIENTED_EDGE('',*,*,#3010,.F.);
#4163=ORIENTED_EDGE('',*,*,#3011,.T.);
#4164=ORIENTED_EDGE('',*,*,#3012,.T.);
#4165=ORIENTED_EDGE('',*,*,#3013,.F.);
#4166=ORIENTED_EDGE('',*,*,#3014,.F.);
#4167=ORIENTED_EDGE('',*,*,#3015,.F.);
#4168=ORIENTED_EDGE('',*,*,#3016,.T.);
#4169=ORIENTED_EDGE('',*,*,#3017,.T.);
#4170=ORIENTED_EDGE('',*,*,#3018,.F.);
#4171=ORIENTED_EDGE('',*,*,#3019,.T.);
#4172=ORIENTED_EDGE('',*,*,#3015,.T.);
#4173=ORIENTED_EDGE('',*,*,#3020,.F.);
#4174=ORIENTED_EDGE('',*,*,#3011,.F.);
#4175=ORIENTED_EDGE('',*,*,#3021,.F.);
#4176=ORIENTED_EDGE('',*,*,#3013,.T.);
#4177=ORIENTED_EDGE('',*,*,#3022,.T.);
#4178=ORIENTED_EDGE('',*,*,#3017,.F.);
#4179=ORIENTED_EDGE('',*,*,#3014,.T.);
#4180=ORIENTED_EDGE('',*,*,#3021,.T.);
#4181=ORIENTED_EDGE('',*,*,#3016,.F.);
#4182=ORIENTED_EDGE('',*,*,#3019,.F.);
#4183=ORIENTED_EDGE('',*,*,#3012,.F.);
#4184=ORIENTED_EDGE('',*,*,#3020,.T.);
#4185=ORIENTED_EDGE('',*,*,#3018,.T.);
#4186=ORIENTED_EDGE('',*,*,#3022,.F.);
#4187=ORIENTED_EDGE('',*,*,#3023,.T.);
#4188=ORIENTED_EDGE('',*,*,#3024,.T.);
#4189=ORIENTED_EDGE('',*,*,#3025,.F.);
#4190=ORIENTED_EDGE('',*,*,#3026,.F.);
#4191=ORIENTED_EDGE('',*,*,#3027,.F.);
#4192=ORIENTED_EDGE('',*,*,#3028,.T.);
#4193=ORIENTED_EDGE('',*,*,#3029,.T.);
#4194=ORIENTED_EDGE('',*,*,#3030,.F.);
#4195=ORIENTED_EDGE('',*,*,#3031,.T.);
#4196=ORIENTED_EDGE('',*,*,#3027,.T.);
#4197=ORIENTED_EDGE('',*,*,#3032,.F.);
#4198=ORIENTED_EDGE('',*,*,#3023,.F.);
#4199=ORIENTED_EDGE('',*,*,#3033,.F.);
#4200=ORIENTED_EDGE('',*,*,#3025,.T.);
#4201=ORIENTED_EDGE('',*,*,#3034,.T.);
#4202=ORIENTED_EDGE('',*,*,#3029,.F.);
#4203=ORIENTED_EDGE('',*,*,#3026,.T.);
#4204=ORIENTED_EDGE('',*,*,#3033,.T.);
#4205=ORIENTED_EDGE('',*,*,#3028,.F.);
#4206=ORIENTED_EDGE('',*,*,#3031,.F.);
#4207=ORIENTED_EDGE('',*,*,#3024,.F.);
#4208=ORIENTED_EDGE('',*,*,#3032,.T.);
#4209=ORIENTED_EDGE('',*,*,#3030,.T.);
#4210=ORIENTED_EDGE('',*,*,#3034,.F.);
#4211=ORIENTED_EDGE('',*,*,#3035,.T.);
#4212=ORIENTED_EDGE('',*,*,#3036,.T.);
#4213=ORIENTED_EDGE('',*,*,#3037,.F.);
#4214=ORIENTED_EDGE('',*,*,#3038,.F.);
#4215=ORIENTED_EDGE('',*,*,#3039,.F.);
#4216=ORIENTED_EDGE('',*,*,#3040,.T.);
#4217=ORIENTED_EDGE('',*,*,#3041,.T.);
#4218=ORIENTED_EDGE('',*,*,#3042,.F.);
#4219=ORIENTED_EDGE('',*,*,#3043,.T.);
#4220=ORIENTED_EDGE('',*,*,#3039,.T.);
#4221=ORIENTED_EDGE('',*,*,#3044,.F.);
#4222=ORIENTED_EDGE('',*,*,#3035,.F.);
#4223=ORIENTED_EDGE('',*,*,#3045,.F.);
#4224=ORIENTED_EDGE('',*,*,#3037,.T.);
#4225=ORIENTED_EDGE('',*,*,#3046,.T.);
#4226=ORIENTED_EDGE('',*,*,#3041,.F.);
#4227=ORIENTED_EDGE('',*,*,#3038,.T.);
#4228=ORIENTED_EDGE('',*,*,#3045,.T.);
#4229=ORIENTED_EDGE('',*,*,#3040,.F.);
#4230=ORIENTED_EDGE('',*,*,#3043,.F.);
#4231=ORIENTED_EDGE('',*,*,#3036,.F.);
#4232=ORIENTED_EDGE('',*,*,#3044,.T.);
#4233=ORIENTED_EDGE('',*,*,#3042,.T.);
#4234=ORIENTED_EDGE('',*,*,#3046,.F.);
#4235=ORIENTED_EDGE('',*,*,#3047,.T.);
#4236=ORIENTED_EDGE('',*,*,#3048,.T.);
#4237=ORIENTED_EDGE('',*,*,#3049,.F.);
#4238=ORIENTED_EDGE('',*,*,#3050,.F.);
#4239=ORIENTED_EDGE('',*,*,#3051,.F.);
#4240=ORIENTED_EDGE('',*,*,#3052,.T.);
#4241=ORIENTED_EDGE('',*,*,#3053,.T.);
#4242=ORIENTED_EDGE('',*,*,#3054,.F.);
#4243=ORIENTED_EDGE('',*,*,#3055,.T.);
#4244=ORIENTED_EDGE('',*,*,#3051,.T.);
#4245=ORIENTED_EDGE('',*,*,#3056,.F.);
#4246=ORIENTED_EDGE('',*,*,#3047,.F.);
#4247=ORIENTED_EDGE('',*,*,#3057,.F.);
#4248=ORIENTED_EDGE('',*,*,#3049,.T.);
#4249=ORIENTED_EDGE('',*,*,#3058,.T.);
#4250=ORIENTED_EDGE('',*,*,#3053,.F.);
#4251=ORIENTED_EDGE('',*,*,#3050,.T.);
#4252=ORIENTED_EDGE('',*,*,#3057,.T.);
#4253=ORIENTED_EDGE('',*,*,#3052,.F.);
#4254=ORIENTED_EDGE('',*,*,#3055,.F.);
#4255=ORIENTED_EDGE('',*,*,#3048,.F.);
#4256=ORIENTED_EDGE('',*,*,#3056,.T.);
#4257=ORIENTED_EDGE('',*,*,#3054,.T.);
#4258=ORIENTED_EDGE('',*,*,#3058,.F.);
#4259=ORIENTED_EDGE('',*,*,#3059,.T.);
#4260=ORIENTED_EDGE('',*,*,#3060,.T.);
#4261=ORIENTED_EDGE('',*,*,#3061,.F.);
#4262=ORIENTED_EDGE('',*,*,#3062,.F.);
#4263=ORIENTED_EDGE('',*,*,#3063,.F.);
#4264=ORIENTED_EDGE('',*,*,#3064,.T.);
#4265=ORIENTED_EDGE('',*,*,#3065,.T.);
#4266=ORIENTED_EDGE('',*,*,#3066,.F.);
#4267=ORIENTED_EDGE('',*,*,#3067,.T.);
#4268=ORIENTED_EDGE('',*,*,#3063,.T.);
#4269=ORIENTED_EDGE('',*,*,#3068,.F.);
#4270=ORIENTED_EDGE('',*,*,#3059,.F.);
#4271=ORIENTED_EDGE('',*,*,#3069,.F.);
#4272=ORIENTED_EDGE('',*,*,#3061,.T.);
#4273=ORIENTED_EDGE('',*,*,#3070,.T.);
#4274=ORIENTED_EDGE('',*,*,#3065,.F.);
#4275=ORIENTED_EDGE('',*,*,#3062,.T.);
#4276=ORIENTED_EDGE('',*,*,#3069,.T.);
#4277=ORIENTED_EDGE('',*,*,#3064,.F.);
#4278=ORIENTED_EDGE('',*,*,#3067,.F.);
#4279=ORIENTED_EDGE('',*,*,#3060,.F.);
#4280=ORIENTED_EDGE('',*,*,#3068,.T.);
#4281=ORIENTED_EDGE('',*,*,#3066,.T.);
#4282=ORIENTED_EDGE('',*,*,#3070,.F.);
#4283=ORIENTED_EDGE('',*,*,#3071,.T.);
#4284=ORIENTED_EDGE('',*,*,#3072,.T.);
#4285=ORIENTED_EDGE('',*,*,#3073,.F.);
#4286=ORIENTED_EDGE('',*,*,#3074,.F.);
#4287=ORIENTED_EDGE('',*,*,#3075,.F.);
#4288=ORIENTED_EDGE('',*,*,#3076,.T.);
#4289=ORIENTED_EDGE('',*,*,#3077,.T.);
#4290=ORIENTED_EDGE('',*,*,#3078,.F.);
#4291=ORIENTED_EDGE('',*,*,#3079,.T.);
#4292=ORIENTED_EDGE('',*,*,#3075,.T.);
#4293=ORIENTED_EDGE('',*,*,#3080,.F.);
#4294=ORIENTED_EDGE('',*,*,#3071,.F.);
#4295=ORIENTED_EDGE('',*,*,#3081,.F.);
#4296=ORIENTED_EDGE('',*,*,#3073,.T.);
#4297=ORIENTED_EDGE('',*,*,#3082,.T.);
#4298=ORIENTED_EDGE('',*,*,#3077,.F.);
#4299=ORIENTED_EDGE('',*,*,#3074,.T.);
#4300=ORIENTED_EDGE('',*,*,#3081,.T.);
#4301=ORIENTED_EDGE('',*,*,#3076,.F.);
#4302=ORIENTED_EDGE('',*,*,#3079,.F.);
#4303=ORIENTED_EDGE('',*,*,#3072,.F.);
#4304=ORIENTED_EDGE('',*,*,#3080,.T.);
#4305=ORIENTED_EDGE('',*,*,#3078,.T.);
#4306=ORIENTED_EDGE('',*,*,#3082,.F.);
#4307=ORIENTED_EDGE('',*,*,#3083,.T.);
#4308=ORIENTED_EDGE('',*,*,#3084,.T.);
#4309=ORIENTED_EDGE('',*,*,#3085,.F.);
#4310=ORIENTED_EDGE('',*,*,#3086,.F.);
#4311=ORIENTED_EDGE('',*,*,#3087,.F.);
#4312=ORIENTED_EDGE('',*,*,#3088,.T.);
#4313=ORIENTED_EDGE('',*,*,#3089,.T.);
#4314=ORIENTED_EDGE('',*,*,#3090,.F.);
#4315=ORIENTED_EDGE('',*,*,#3091,.T.);
#4316=ORIENTED_EDGE('',*,*,#3087,.T.);
#4317=ORIENTED_EDGE('',*,*,#3092,.F.);
#4318=ORIENTED_EDGE('',*,*,#3083,.F.);
#4319=ORIENTED_EDGE('',*,*,#3093,.F.);
#4320=ORIENTED_EDGE('',*,*,#3085,.T.);
#4321=ORIENTED_EDGE('',*,*,#3094,.T.);
#4322=ORIENTED_EDGE('',*,*,#3089,.F.);
#4323=ORIENTED_EDGE('',*,*,#3086,.T.);
#4324=ORIENTED_EDGE('',*,*,#3093,.T.);
#4325=ORIENTED_EDGE('',*,*,#3088,.F.);
#4326=ORIENTED_EDGE('',*,*,#3091,.F.);
#4327=ORIENTED_EDGE('',*,*,#3084,.F.);
#4328=ORIENTED_EDGE('',*,*,#3092,.T.);
#4329=ORIENTED_EDGE('',*,*,#3090,.T.);
#4330=ORIENTED_EDGE('',*,*,#3094,.F.);
#4331=ORIENTED_EDGE('',*,*,#3095,.T.);
#4332=ORIENTED_EDGE('',*,*,#3096,.T.);
#4333=ORIENTED_EDGE('',*,*,#3097,.F.);
#4334=ORIENTED_EDGE('',*,*,#3098,.F.);
#4335=ORIENTED_EDGE('',*,*,#3099,.F.);
#4336=ORIENTED_EDGE('',*,*,#3100,.T.);
#4337=ORIENTED_EDGE('',*,*,#3101,.T.);
#4338=ORIENTED_EDGE('',*,*,#3102,.F.);
#4339=ORIENTED_EDGE('',*,*,#3103,.T.);
#4340=ORIENTED_EDGE('',*,*,#3099,.T.);
#4341=ORIENTED_EDGE('',*,*,#3104,.F.);
#4342=ORIENTED_EDGE('',*,*,#3095,.F.);
#4343=ORIENTED_EDGE('',*,*,#3105,.F.);
#4344=ORIENTED_EDGE('',*,*,#3097,.T.);
#4345=ORIENTED_EDGE('',*,*,#3106,.T.);
#4346=ORIENTED_EDGE('',*,*,#3101,.F.);
#4347=ORIENTED_EDGE('',*,*,#3098,.T.);
#4348=ORIENTED_EDGE('',*,*,#3105,.T.);
#4349=ORIENTED_EDGE('',*,*,#3100,.F.);
#4350=ORIENTED_EDGE('',*,*,#3103,.F.);
#4351=ORIENTED_EDGE('',*,*,#3096,.F.);
#4352=ORIENTED_EDGE('',*,*,#3104,.T.);
#4353=ORIENTED_EDGE('',*,*,#3102,.T.);
#4354=ORIENTED_EDGE('',*,*,#3106,.F.);
#4355=ORIENTED_EDGE('',*,*,#3107,.T.);
#4356=ORIENTED_EDGE('',*,*,#3108,.T.);
#4357=ORIENTED_EDGE('',*,*,#3109,.F.);
#4358=ORIENTED_EDGE('',*,*,#3110,.F.);
#4359=ORIENTED_EDGE('',*,*,#3111,.F.);
#4360=ORIENTED_EDGE('',*,*,#3112,.T.);
#4361=ORIENTED_EDGE('',*,*,#3113,.T.);
#4362=ORIENTED_EDGE('',*,*,#3114,.F.);
#4363=ORIENTED_EDGE('',*,*,#3115,.T.);
#4364=ORIENTED_EDGE('',*,*,#3111,.T.);
#4365=ORIENTED_EDGE('',*,*,#3116,.F.);
#4366=ORIENTED_EDGE('',*,*,#3107,.F.);
#4367=ORIENTED_EDGE('',*,*,#3117,.F.);
#4368=ORIENTED_EDGE('',*,*,#3109,.T.);
#4369=ORIENTED_EDGE('',*,*,#3118,.T.);
#4370=ORIENTED_EDGE('',*,*,#3113,.F.);
#4371=ORIENTED_EDGE('',*,*,#3110,.T.);
#4372=ORIENTED_EDGE('',*,*,#3117,.T.);
#4373=ORIENTED_EDGE('',*,*,#3112,.F.);
#4374=ORIENTED_EDGE('',*,*,#3115,.F.);
#4375=ORIENTED_EDGE('',*,*,#3108,.F.);
#4376=ORIENTED_EDGE('',*,*,#3116,.T.);
#4377=ORIENTED_EDGE('',*,*,#3114,.T.);
#4378=ORIENTED_EDGE('',*,*,#3118,.F.);
#4379=ORIENTED_EDGE('',*,*,#3119,.T.);
#4380=ORIENTED_EDGE('',*,*,#3120,.T.);
#4381=ORIENTED_EDGE('',*,*,#3121,.F.);
#4382=ORIENTED_EDGE('',*,*,#3122,.F.);
#4383=ORIENTED_EDGE('',*,*,#3123,.F.);
#4384=ORIENTED_EDGE('',*,*,#3124,.T.);
#4385=ORIENTED_EDGE('',*,*,#3125,.T.);
#4386=ORIENTED_EDGE('',*,*,#3126,.F.);
#4387=ORIENTED_EDGE('',*,*,#3127,.T.);
#4388=ORIENTED_EDGE('',*,*,#3123,.T.);
#4389=ORIENTED_EDGE('',*,*,#3128,.F.);
#4390=ORIENTED_EDGE('',*,*,#3119,.F.);
#4391=ORIENTED_EDGE('',*,*,#3129,.F.);
#4392=ORIENTED_EDGE('',*,*,#3121,.T.);
#4393=ORIENTED_EDGE('',*,*,#3130,.T.);
#4394=ORIENTED_EDGE('',*,*,#3125,.F.);
#4395=ORIENTED_EDGE('',*,*,#3122,.T.);
#4396=ORIENTED_EDGE('',*,*,#3129,.T.);
#4397=ORIENTED_EDGE('',*,*,#3124,.F.);
#4398=ORIENTED_EDGE('',*,*,#3127,.F.);
#4399=ORIENTED_EDGE('',*,*,#3120,.F.);
#4400=ORIENTED_EDGE('',*,*,#3128,.T.);
#4401=ORIENTED_EDGE('',*,*,#3126,.T.);
#4402=ORIENTED_EDGE('',*,*,#3130,.F.);
#4403=ORIENTED_EDGE('',*,*,#3131,.T.);
#4404=ORIENTED_EDGE('',*,*,#3132,.T.);
#4405=ORIENTED_EDGE('',*,*,#3133,.F.);
#4406=ORIENTED_EDGE('',*,*,#3134,.F.);
#4407=ORIENTED_EDGE('',*,*,#3135,.F.);
#4408=ORIENTED_EDGE('',*,*,#3136,.T.);
#4409=ORIENTED_EDGE('',*,*,#3137,.T.);
#4410=ORIENTED_EDGE('',*,*,#3138,.F.);
#4411=ORIENTED_EDGE('',*,*,#3139,.T.);
#4412=ORIENTED_EDGE('',*,*,#3135,.T.);
#4413=ORIENTED_EDGE('',*,*,#3140,.F.);
#4414=ORIENTED_EDGE('',*,*,#3131,.F.);
#4415=ORIENTED_EDGE('',*,*,#3141,.F.);
#4416=ORIENTED_EDGE('',*,*,#3133,.T.);
#4417=ORIENTED_EDGE('',*,*,#3142,.T.);
#4418=ORIENTED_EDGE('',*,*,#3137,.F.);
#4419=ORIENTED_EDGE('',*,*,#3134,.T.);
#4420=ORIENTED_EDGE('',*,*,#3141,.T.);
#4421=ORIENTED_EDGE('',*,*,#3136,.F.);
#4422=ORIENTED_EDGE('',*,*,#3139,.F.);
#4423=ORIENTED_EDGE('',*,*,#3132,.F.);
#4424=ORIENTED_EDGE('',*,*,#3140,.T.);
#4425=ORIENTED_EDGE('',*,*,#3138,.T.);
#4426=ORIENTED_EDGE('',*,*,#3142,.F.);
#4427=ORIENTED_EDGE('',*,*,#3143,.T.);
#4428=ORIENTED_EDGE('',*,*,#3144,.T.);
#4429=ORIENTED_EDGE('',*,*,#3145,.F.);
#4430=ORIENTED_EDGE('',*,*,#3146,.F.);
#4431=ORIENTED_EDGE('',*,*,#3147,.F.);
#4432=ORIENTED_EDGE('',*,*,#3148,.T.);
#4433=ORIENTED_EDGE('',*,*,#3149,.T.);
#4434=ORIENTED_EDGE('',*,*,#3150,.F.);
#4435=ORIENTED_EDGE('',*,*,#3151,.T.);
#4436=ORIENTED_EDGE('',*,*,#3147,.T.);
#4437=ORIENTED_EDGE('',*,*,#3152,.F.);
#4438=ORIENTED_EDGE('',*,*,#3143,.F.);
#4439=ORIENTED_EDGE('',*,*,#3153,.F.);
#4440=ORIENTED_EDGE('',*,*,#3145,.T.);
#4441=ORIENTED_EDGE('',*,*,#3154,.T.);
#4442=ORIENTED_EDGE('',*,*,#3149,.F.);
#4443=ORIENTED_EDGE('',*,*,#3146,.T.);
#4444=ORIENTED_EDGE('',*,*,#3153,.T.);
#4445=ORIENTED_EDGE('',*,*,#3148,.F.);
#4446=ORIENTED_EDGE('',*,*,#3151,.F.);
#4447=ORIENTED_EDGE('',*,*,#3144,.F.);
#4448=ORIENTED_EDGE('',*,*,#3152,.T.);
#4449=ORIENTED_EDGE('',*,*,#3150,.T.);
#4450=ORIENTED_EDGE('',*,*,#3154,.F.);
#4451=PLANE('',#5178);
#4452=PLANE('',#5179);
#4453=PLANE('',#5180);
#4454=PLANE('',#5181);
#4455=PLANE('',#5182);
#4456=PLANE('',#5183);
#4457=PLANE('',#5185);
#4458=PLANE('',#5186);
#4459=PLANE('',#5187);
#4460=PLANE('',#5188);
#4461=PLANE('',#5189);
#4462=PLANE('',#5190);
#4463=PLANE('',#5191);
#4464=PLANE('',#5192);
#4465=PLANE('',#5193);
#4466=PLANE('',#5194);
#4467=PLANE('',#5195);
#4468=PLANE('',#5196);
#4469=PLANE('',#5197);
#4470=PLANE('',#5198);
#4471=PLANE('',#5199);
#4472=PLANE('',#5200);
#4473=PLANE('',#5201);
#4474=PLANE('',#5202);
#4475=PLANE('',#5203);
#4476=PLANE('',#5204);
#4477=PLANE('',#5205);
#4478=PLANE('',#5206);
#4479=PLANE('',#5207);
#4480=PLANE('',#5208);
#4481=PLANE('',#5209);
#4482=PLANE('',#5210);
#4483=PLANE('',#5211);
#4484=PLANE('',#5212);
#4485=PLANE('',#5213);
#4486=PLANE('',#5214);
#4487=PLANE('',#5215);
#4488=PLANE('',#5216);
#4489=PLANE('',#5217);
#4490=PLANE('',#5218);
#4491=PLANE('',#5219);
#4492=PLANE('',#5220);
#4493=PLANE('',#5221);
#4494=PLANE('',#5222);
#4495=PLANE('',#5223);
#4496=PLANE('',#5224);
#4497=PLANE('',#5225);
#4498=PLANE('',#5226);
#4499=PLANE('',#5227);
#4500=PLANE('',#5228);
#4501=PLANE('',#5229);
#4502=PLANE('',#5230);
#4503=PLANE('',#5231);
#4504=PLANE('',#5232);
#4505=PLANE('',#5233);
#4506=PLANE('',#5234);
#4507=PLANE('',#5235);
#4508=PLANE('',#5236);
#4509=PLANE('',#5237);
#4510=PLANE('',#5238);
#4511=PLANE('',#5239);
#4512=PLANE('',#5240);
#4513=PLANE('',#5241);
#4514=PLANE('',#5242);
#4515=PLANE('',#5243);
#4516=PLANE('',#5244);
#4517=PLANE('',#5245);
#4518=PLANE('',#5246);
#4519=PLANE('',#5247);
#4520=PLANE('',#5248);
#4521=PLANE('',#5249);
#4522=PLANE('',#5250);
#4523=PLANE('',#5251);
#4524=PLANE('',#5252);
#4525=PLANE('',#5253);
#4526=PLANE('',#5254);
#4527=PLANE('',#5255);
#4528=PLANE('',#5256);
#4529=PLANE('',#5257);
#4530=PLANE('',#5258);
#4531=PLANE('',#5259);
#4532=PLANE('',#5260);
#4533=PLANE('',#5261);
#4534=PLANE('',#5262);
#4535=PLANE('',#5263);
#4536=PLANE('',#5264);
#4537=PLANE('',#5265);
#4538=PLANE('',#5266);
#4539=PLANE('',#5267);
#4540=PLANE('',#5268);
#4541=PLANE('',#5269);
#4542=PLANE('',#5270);
#4543=PLANE('',#5271);
#4544=PLANE('',#5272);
#4545=PLANE('',#5273);
#4546=PLANE('',#5274);
#4547=PLANE('',#5275);
#4548=PLANE('',#5276);
#4549=PLANE('',#5277);
#4550=PLANE('',#5278);
#4551=PLANE('',#5279);
#4552=PLANE('',#5280);
#4553=PLANE('',#5281);
#4554=PLANE('',#5282);
#4555=PLANE('',#5283);
#4556=PLANE('',#5284);
#4557=PLANE('',#5285);
#4558=PLANE('',#5286);
#4559=PLANE('',#5287);
#4560=PLANE('',#5288);
#4561=PLANE('',#5289);
#4562=PLANE('',#5290);
#4563=PLANE('',#5291);
#4564=PLANE('',#5292);
#4565=PLANE('',#5293);
#4566=PLANE('',#5294);
#4567=PLANE('',#5295);
#4568=PLANE('',#5296);
#4569=PLANE('',#5297);
#4570=PLANE('',#5298);
#4571=PLANE('',#5299);
#4572=PLANE('',#5300);
#4573=PLANE('',#5301);
#4574=PLANE('',#5302);
#4575=PLANE('',#5303);
#4576=PLANE('',#5304);
#4577=PLANE('',#5305);
#4578=PLANE('',#5306);
#4579=PLANE('',#5307);
#4580=PLANE('',#5308);
#4581=PLANE('',#5309);
#4582=PLANE('',#5310);
#4583=PLANE('',#5311);
#4584=PLANE('',#5312);
#4585=PLANE('',#5313);
#4586=PLANE('',#5314);
#4587=PLANE('',#5315);
#4588=PLANE('',#5316);
#4589=PLANE('',#5317);
#4590=PLANE('',#5318);
#4591=PLANE('',#5319);
#4592=PLANE('',#5320);
#4593=PLANE('',#5321);
#4594=PLANE('',#5322);
#4595=PLANE('',#5323);
#4596=PLANE('',#5324);
#4597=PLANE('',#5325);
#4598=PLANE('',#5326);
#4599=PLANE('',#5327);
#4600=PLANE('',#5328);
#4601=PLANE('',#5329);
#4602=PLANE('',#5330);
#4603=PLANE('',#5331);
#4604=PLANE('',#5332);
#4605=PLANE('',#5333);
#4606=PLANE('',#5334);
#4607=PLANE('',#5335);
#4608=PLANE('',#5336);
#4609=PLANE('',#5337);
#4610=PLANE('',#5338);
#4611=PLANE('',#5339);
#4612=PLANE('',#5340);
#4613=PLANE('',#5341);
#4614=PLANE('',#5342);
#4615=PLANE('',#5343);
#4616=PLANE('',#5344);
#4617=PLANE('',#5345);
#4618=PLANE('',#5346);
#4619=PLANE('',#5347);
#4620=PLANE('',#5348);
#4621=PLANE('',#5349);
#4622=PLANE('',#5350);
#4623=PLANE('',#5351);
#4624=PLANE('',#5352);
#4625=PLANE('',#5353);
#4626=PLANE('',#5354);
#4627=PLANE('',#5355);
#4628=PLANE('',#5356);
#4629=PLANE('',#5357);
#4630=PLANE('',#5358);
#4631=PLANE('',#5359);
#4632=PLANE('',#5360);
#4633=PLANE('',#5361);
#4634=PLANE('',#5362);
#4635=PLANE('',#5363);
#4636=PLANE('',#5364);
#4637=PLANE('',#5365);
#4638=PLANE('',#5366);
#4639=PLANE('',#5367);
#4640=PLANE('',#5368);
#4641=PLANE('',#5369);
#4642=PLANE('',#5370);
#4643=PLANE('',#5371);
#4644=PLANE('',#5372);
#4645=PLANE('',#5373);
#4646=PLANE('',#5374);
#4647=PLANE('',#5375);
#4648=PLANE('',#5376);
#4649=PLANE('',#5377);
#4650=PLANE('',#5378);
#4651=PLANE('',#5379);
#4652=PLANE('',#5380);
#4653=PLANE('',#5381);
#4654=PLANE('',#5382);
#4655=PLANE('',#5383);
#4656=PLANE('',#5384);
#4657=PLANE('',#5385);
#4658=PLANE('',#5386);
#4659=PLANE('',#5387);
#4660=PLANE('',#5388);
#4661=PLANE('',#5389);
#4662=PLANE('',#5390);
#4663=PLANE('',#5391);
#4664=PLANE('',#5392);
#4665=PLANE('',#5393);
#4666=PLANE('',#5394);
#4667=PLANE('',#5395);
#4668=PLANE('',#5396);
#4669=PLANE('',#5397);
#4670=PLANE('',#5398);
#4671=PLANE('',#5399);
#4672=PLANE('',#5400);
#4673=PLANE('',#5401);
#4674=PLANE('',#5402);
#4675=PLANE('',#5403);
#4676=PLANE('',#5404);
#4677=PLANE('',#5405);
#4678=PLANE('',#5406);
#4679=PLANE('',#5407);
#4680=PLANE('',#5408);
#4681=PLANE('',#5409);
#4682=PLANE('',#5410);
#4683=PLANE('',#5411);
#4684=PLANE('',#5412);
#4685=PLANE('',#5413);
#4686=PLANE('',#5414);
#4687=PLANE('',#5415);
#4688=PLANE('',#5416);
#4689=PLANE('',#5417);
#4690=PLANE('',#5418);
#4691=PLANE('',#5419);
#4692=PLANE('',#5420);
#4693=PLANE('',#5421);
#4694=PLANE('',#5422);
#4695=PLANE('',#5423);
#4696=PLANE('',#5424);
#4697=PLANE('',#5425);
#4698=PLANE('',#5426);
#4699=PLANE('',#5427);
#4700=PLANE('',#5428);
#4701=PLANE('',#5429);
#4702=PLANE('',#5430);
#4703=PLANE('',#5431);
#4704=PLANE('',#5432);
#4705=PLANE('',#5433);
#4706=PLANE('',#5434);
#4707=PLANE('',#5435);
#4708=PLANE('',#5436);
#4709=PLANE('',#5437);
#4710=PLANE('',#5438);
#4711=PLANE('',#5439);
#4712=PLANE('',#5440);
#4713=PLANE('',#5441);
#4714=PLANE('',#5442);
#4715=PLANE('',#5443);
#4716=PLANE('',#5444);
#4717=PLANE('',#5445);
#4718=PLANE('',#5446);
#4719=PLANE('',#5447);
#4720=PLANE('',#5448);
#4721=PLANE('',#5449);
#4722=PLANE('',#5450);
#4723=PLANE('',#5451);
#4724=PLANE('',#5452);
#4725=PLANE('',#5453);
#4726=PLANE('',#5454);
#4727=PLANE('',#5455);
#4728=PLANE('',#5456);
#4729=PLANE('',#5457);
#4730=PLANE('',#5458);
#4731=PLANE('',#5459);
#4732=PLANE('',#5460);
#4733=PLANE('',#5461);
#4734=PLANE('',#5462);
#4735=PLANE('',#5463);
#4736=PLANE('',#5464);
#4737=PLANE('',#5465);
#4738=PLANE('',#5466);
#4739=PLANE('',#5467);
#4740=PLANE('',#5468);
#4741=PLANE('',#5469);
#4742=PLANE('',#5470);
#4743=PLANE('',#5471);
#4744=PLANE('',#5472);
#4745=PLANE('',#5473);
#4746=PLANE('',#5474);
#4747=PLANE('',#5475);
#4748=PLANE('',#5476);
#4749=PLANE('',#5477);
#4750=PLANE('',#5478);
#4751=PLANE('',#5479);
#4752=PLANE('',#5480);
#4753=PLANE('',#5481);
#4754=PLANE('',#5482);
#4755=PLANE('',#5483);
#4756=PLANE('',#5484);
#4757=PLANE('',#5485);
#4758=PLANE('',#5486);
#4759=PLANE('',#5487);
#4760=PLANE('',#5488);
#4761=PLANE('',#5489);
#4762=PLANE('',#5490);
#4763=PLANE('',#5491);
#4764=PLANE('',#5492);
#4765=PLANE('',#5493);
#4766=PLANE('',#5494);
#4767=PLANE('',#5495);
#4768=PLANE('',#5496);
#4769=PLANE('',#5497);
#4770=PLANE('',#5498);
#4771=PLANE('',#5499);
#4772=PLANE('',#5500);
#4773=PLANE('',#5501);
#4774=PLANE('',#5502);
#4775=ADVANCED_FACE('',(#131),#4451,.T.);
#4776=ADVANCED_FACE('',(#132),#4452,.T.);
#4777=ADVANCED_FACE('',(#133),#4453,.T.);
#4778=ADVANCED_FACE('',(#134),#4454,.T.);
#4779=ADVANCED_FACE('',(#135),#4455,.T.);
#4780=ADVANCED_FACE('',(#136),#4456,.F.);
#4781=ADVANCED_FACE('',(#137),#4457,.F.);
#4782=ADVANCED_FACE('',(#138),#4458,.T.);
#4783=ADVANCED_FACE('',(#139),#4459,.F.);
#4784=ADVANCED_FACE('',(#140),#4460,.T.);
#4785=ADVANCED_FACE('',(#141),#4461,.F.);
#4786=ADVANCED_FACE('',(#142),#4462,.T.);
#4787=ADVANCED_FACE('',(#143),#4463,.F.);
#4788=ADVANCED_FACE('',(#144),#4464,.T.);
#4789=ADVANCED_FACE('',(#145),#4465,.F.);
#4790=ADVANCED_FACE('',(#146),#4466,.T.);
#4791=ADVANCED_FACE('',(#147),#4467,.F.);
#4792=ADVANCED_FACE('',(#148),#4468,.T.);
#4793=ADVANCED_FACE('',(#149),#4469,.F.);
#4794=ADVANCED_FACE('',(#150),#4470,.T.);
#4795=ADVANCED_FACE('',(#151),#4471,.F.);
#4796=ADVANCED_FACE('',(#152),#4472,.T.);
#4797=ADVANCED_FACE('',(#153),#4473,.F.);
#4798=ADVANCED_FACE('',(#154),#4474,.T.);
#4799=ADVANCED_FACE('',(#155),#4475,.F.);
#4800=ADVANCED_FACE('',(#156),#4476,.T.);
#4801=ADVANCED_FACE('',(#157),#4477,.F.);
#4802=ADVANCED_FACE('',(#158),#4478,.T.);
#4803=ADVANCED_FACE('',(#159),#4479,.F.);
#4804=ADVANCED_FACE('',(#160),#4480,.T.);
#4805=ADVANCED_FACE('',(#161),#4481,.F.);
#4806=ADVANCED_FACE('',(#162),#4482,.T.);
#4807=ADVANCED_FACE('',(#163),#4483,.F.);
#4808=ADVANCED_FACE('',(#164),#4484,.T.);
#4809=ADVANCED_FACE('',(#165),#4485,.F.);
#4810=ADVANCED_FACE('',(#166),#4486,.T.);
#4811=ADVANCED_FACE('',(#167),#4487,.F.);
#4812=ADVANCED_FACE('',(#168),#4488,.T.);
#4813=ADVANCED_FACE('',(#169),#4489,.F.);
#4814=ADVANCED_FACE('',(#170),#4490,.T.);
#4815=ADVANCED_FACE('',(#171),#4491,.F.);
#4816=ADVANCED_FACE('',(#172),#4492,.T.);
#4817=ADVANCED_FACE('',(#173),#4493,.F.);
#4818=ADVANCED_FACE('',(#174),#4494,.T.);
#4819=ADVANCED_FACE('',(#175),#4495,.F.);
#4820=ADVANCED_FACE('',(#176),#4496,.T.);
#4821=ADVANCED_FACE('',(#177),#4497,.F.);
#4822=ADVANCED_FACE('',(#178),#4498,.T.);
#4823=ADVANCED_FACE('',(#179),#4499,.F.);
#4824=ADVANCED_FACE('',(#180),#4500,.T.);
#4825=ADVANCED_FACE('',(#181),#4501,.F.);
#4826=ADVANCED_FACE('',(#182),#4502,.T.);
#4827=ADVANCED_FACE('',(#183),#4503,.F.);
#4828=ADVANCED_FACE('',(#184),#4504,.T.);
#4829=ADVANCED_FACE('',(#185),#4505,.F.);
#4830=ADVANCED_FACE('',(#186),#4506,.T.);
#4831=ADVANCED_FACE('',(#187),#4507,.F.);
#4832=ADVANCED_FACE('',(#188),#4508,.T.);
#4833=ADVANCED_FACE('',(#189),#4509,.F.);
#4834=ADVANCED_FACE('',(#190),#4510,.T.);
#4835=ADVANCED_FACE('',(#191),#4511,.F.);
#4836=ADVANCED_FACE('',(#192),#4512,.T.);
#4837=ADVANCED_FACE('',(#193),#4513,.F.);
#4838=ADVANCED_FACE('',(#194),#4514,.T.);
#4839=ADVANCED_FACE('',(#195),#4515,.F.);
#4840=ADVANCED_FACE('',(#196),#4516,.T.);
#4841=ADVANCED_FACE('',(#197),#4517,.F.);
#4842=ADVANCED_FACE('',(#198),#4518,.T.);
#4843=ADVANCED_FACE('',(#199),#4519,.F.);
#4844=ADVANCED_FACE('',(#200),#4520,.T.);
#4845=ADVANCED_FACE('',(#201),#4521,.F.);
#4846=ADVANCED_FACE('',(#202),#4522,.T.);
#4847=ADVANCED_FACE('',(#203),#4523,.F.);
#4848=ADVANCED_FACE('',(#204),#4524,.T.);
#4849=ADVANCED_FACE('',(#205),#4525,.F.);
#4850=ADVANCED_FACE('',(#206),#4526,.T.);
#4851=ADVANCED_FACE('',(#207),#4527,.F.);
#4852=ADVANCED_FACE('',(#208),#4528,.T.);
#4853=ADVANCED_FACE('',(#209),#4529,.F.);
#4854=ADVANCED_FACE('',(#210),#4530,.T.);
#4855=ADVANCED_FACE('',(#211),#4531,.F.);
#4856=ADVANCED_FACE('',(#212),#4532,.T.);
#4857=ADVANCED_FACE('',(#213),#4533,.F.);
#4858=ADVANCED_FACE('',(#214),#4534,.T.);
#4859=ADVANCED_FACE('',(#215),#4535,.F.);
#4860=ADVANCED_FACE('',(#216),#4536,.T.);
#4861=ADVANCED_FACE('',(#217),#4537,.F.);
#4862=ADVANCED_FACE('',(#218),#4538,.T.);
#4863=ADVANCED_FACE('',(#219),#4539,.F.);
#4864=ADVANCED_FACE('',(#220),#4540,.T.);
#4865=ADVANCED_FACE('',(#221),#4541,.F.);
#4866=ADVANCED_FACE('',(#222),#4542,.T.);
#4867=ADVANCED_FACE('',(#223),#4543,.F.);
#4868=ADVANCED_FACE('',(#224),#4544,.T.);
#4869=ADVANCED_FACE('',(#225),#4545,.F.);
#4870=ADVANCED_FACE('',(#226),#4546,.T.);
#4871=ADVANCED_FACE('',(#227),#4547,.F.);
#4872=ADVANCED_FACE('',(#228),#4548,.T.);
#4873=ADVANCED_FACE('',(#229),#4549,.F.);
#4874=ADVANCED_FACE('',(#230),#4550,.T.);
#4875=ADVANCED_FACE('',(#231),#4551,.F.);
#4876=ADVANCED_FACE('',(#232),#4552,.T.);
#4877=ADVANCED_FACE('',(#233),#4553,.F.);
#4878=ADVANCED_FACE('',(#234),#4554,.T.);
#4879=ADVANCED_FACE('',(#235),#4555,.F.);
#4880=ADVANCED_FACE('',(#236),#4556,.T.);
#4881=ADVANCED_FACE('',(#237),#4557,.F.);
#4882=ADVANCED_FACE('',(#238),#4558,.T.);
#4883=ADVANCED_FACE('',(#239),#4559,.F.);
#4884=ADVANCED_FACE('',(#240),#4560,.T.);
#4885=ADVANCED_FACE('',(#241),#4561,.F.);
#4886=ADVANCED_FACE('',(#242),#4562,.T.);
#4887=ADVANCED_FACE('',(#243),#4563,.F.);
#4888=ADVANCED_FACE('',(#244),#4564,.T.);
#4889=ADVANCED_FACE('',(#245),#4565,.F.);
#4890=ADVANCED_FACE('',(#246),#4566,.T.);
#4891=ADVANCED_FACE('',(#247),#4567,.F.);
#4892=ADVANCED_FACE('',(#248),#4568,.T.);
#4893=ADVANCED_FACE('',(#249),#4569,.F.);
#4894=ADVANCED_FACE('',(#250),#4570,.T.);
#4895=ADVANCED_FACE('',(#251),#4571,.F.);
#4896=ADVANCED_FACE('',(#252),#4572,.T.);
#4897=ADVANCED_FACE('',(#253),#4573,.F.);
#4898=ADVANCED_FACE('',(#254),#4574,.T.);
#4899=ADVANCED_FACE('',(#255),#4575,.F.);
#4900=ADVANCED_FACE('',(#256),#4576,.T.);
#4901=ADVANCED_FACE('',(#257),#4577,.F.);
#4902=ADVANCED_FACE('',(#258),#4578,.T.);
#4903=ADVANCED_FACE('',(#259),#4579,.F.);
#4904=ADVANCED_FACE('',(#260),#4580,.T.);
#4905=ADVANCED_FACE('',(#261),#4581,.F.);
#4906=ADVANCED_FACE('',(#262),#4582,.T.);
#4907=ADVANCED_FACE('',(#263),#4583,.F.);
#4908=ADVANCED_FACE('',(#264),#4584,.T.);
#4909=ADVANCED_FACE('',(#265),#4585,.F.);
#4910=ADVANCED_FACE('',(#266),#4586,.T.);
#4911=ADVANCED_FACE('',(#267),#4587,.F.);
#4912=ADVANCED_FACE('',(#268),#4588,.T.);
#4913=ADVANCED_FACE('',(#269),#4589,.F.);
#4914=ADVANCED_FACE('',(#270),#4590,.T.);
#4915=ADVANCED_FACE('',(#271),#4591,.F.);
#4916=ADVANCED_FACE('',(#272),#4592,.T.);
#4917=ADVANCED_FACE('',(#273),#4593,.F.);
#4918=ADVANCED_FACE('',(#274),#4594,.T.);
#4919=ADVANCED_FACE('',(#275),#4595,.F.);
#4920=ADVANCED_FACE('',(#276),#4596,.T.);
#4921=ADVANCED_FACE('',(#277),#4597,.F.);
#4922=ADVANCED_FACE('',(#278),#4598,.T.);
#4923=ADVANCED_FACE('',(#279),#4599,.F.);
#4924=ADVANCED_FACE('',(#280),#4600,.T.);
#4925=ADVANCED_FACE('',(#281),#4601,.F.);
#4926=ADVANCED_FACE('',(#282),#4602,.T.);
#4927=ADVANCED_FACE('',(#283),#4603,.F.);
#4928=ADVANCED_FACE('',(#284),#4604,.T.);
#4929=ADVANCED_FACE('',(#285),#4605,.F.);
#4930=ADVANCED_FACE('',(#286),#4606,.T.);
#4931=ADVANCED_FACE('',(#287),#4607,.F.);
#4932=ADVANCED_FACE('',(#288),#4608,.T.);
#4933=ADVANCED_FACE('',(#289),#4609,.F.);
#4934=ADVANCED_FACE('',(#290),#4610,.T.);
#4935=ADVANCED_FACE('',(#291),#4611,.F.);
#4936=ADVANCED_FACE('',(#292),#4612,.T.);
#4937=ADVANCED_FACE('',(#293),#4613,.F.);
#4938=ADVANCED_FACE('',(#294),#4614,.T.);
#4939=ADVANCED_FACE('',(#295),#4615,.F.);
#4940=ADVANCED_FACE('',(#296),#4616,.T.);
#4941=ADVANCED_FACE('',(#297),#4617,.F.);
#4942=ADVANCED_FACE('',(#298),#4618,.T.);
#4943=ADVANCED_FACE('',(#299),#4619,.F.);
#4944=ADVANCED_FACE('',(#300),#4620,.T.);
#4945=ADVANCED_FACE('',(#301),#4621,.F.);
#4946=ADVANCED_FACE('',(#302),#4622,.T.);
#4947=ADVANCED_FACE('',(#303),#4623,.F.);
#4948=ADVANCED_FACE('',(#304),#4624,.T.);
#4949=ADVANCED_FACE('',(#305),#4625,.F.);
#4950=ADVANCED_FACE('',(#306),#4626,.T.);
#4951=ADVANCED_FACE('',(#307),#4627,.F.);
#4952=ADVANCED_FACE('',(#308),#4628,.T.);
#4953=ADVANCED_FACE('',(#309),#4629,.F.);
#4954=ADVANCED_FACE('',(#310),#4630,.T.);
#4955=ADVANCED_FACE('',(#311),#4631,.F.);
#4956=ADVANCED_FACE('',(#312),#4632,.T.);
#4957=ADVANCED_FACE('',(#313),#4633,.F.);
#4958=ADVANCED_FACE('',(#314),#4634,.T.);
#4959=ADVANCED_FACE('',(#315),#4635,.F.);
#4960=ADVANCED_FACE('',(#316),#4636,.T.);
#4961=ADVANCED_FACE('',(#317),#4637,.F.);
#4962=ADVANCED_FACE('',(#318),#4638,.T.);
#4963=ADVANCED_FACE('',(#319),#4639,.F.);
#4964=ADVANCED_FACE('',(#320),#4640,.T.);
#4965=ADVANCED_FACE('',(#321),#4641,.F.);
#4966=ADVANCED_FACE('',(#322),#4642,.T.);
#4967=ADVANCED_FACE('',(#323),#4643,.F.);
#4968=ADVANCED_FACE('',(#324),#4644,.T.);
#4969=ADVANCED_FACE('',(#325),#4645,.F.);
#4970=ADVANCED_FACE('',(#326),#4646,.T.);
#4971=ADVANCED_FACE('',(#327),#4647,.F.);
#4972=ADVANCED_FACE('',(#328),#4648,.T.);
#4973=ADVANCED_FACE('',(#329),#4649,.F.);
#4974=ADVANCED_FACE('',(#330),#4650,.T.);
#4975=ADVANCED_FACE('',(#331),#4651,.F.);
#4976=ADVANCED_FACE('',(#332),#4652,.T.);
#4977=ADVANCED_FACE('',(#333),#4653,.F.);
#4978=ADVANCED_FACE('',(#334),#4654,.T.);
#4979=ADVANCED_FACE('',(#335),#4655,.F.);
#4980=ADVANCED_FACE('',(#336),#4656,.T.);
#4981=ADVANCED_FACE('',(#337),#4657,.F.);
#4982=ADVANCED_FACE('',(#338),#4658,.T.);
#4983=ADVANCED_FACE('',(#339),#4659,.F.);
#4984=ADVANCED_FACE('',(#340),#4660,.T.);
#4985=ADVANCED_FACE('',(#341),#4661,.F.);
#4986=ADVANCED_FACE('',(#342),#4662,.T.);
#4987=ADVANCED_FACE('',(#343),#4663,.F.);
#4988=ADVANCED_FACE('',(#344),#4664,.T.);
#4989=ADVANCED_FACE('',(#345),#4665,.F.);
#4990=ADVANCED_FACE('',(#346),#4666,.T.);
#4991=ADVANCED_FACE('',(#347),#4667,.F.);
#4992=ADVANCED_FACE('',(#348),#4668,.T.);
#4993=ADVANCED_FACE('',(#349),#4669,.F.);
#4994=ADVANCED_FACE('',(#350),#4670,.T.);
#4995=ADVANCED_FACE('',(#351),#4671,.F.);
#4996=ADVANCED_FACE('',(#352),#4672,.T.);
#4997=ADVANCED_FACE('',(#353),#4673,.F.);
#4998=ADVANCED_FACE('',(#354),#4674,.T.);
#4999=ADVANCED_FACE('',(#355),#4675,.F.);
#5000=ADVANCED_FACE('',(#356),#4676,.T.);
#5001=ADVANCED_FACE('',(#357),#4677,.F.);
#5002=ADVANCED_FACE('',(#358),#4678,.T.);
#5003=ADVANCED_FACE('',(#359),#4679,.F.);
#5004=ADVANCED_FACE('',(#360),#4680,.T.);
#5005=ADVANCED_FACE('',(#361),#4681,.F.);
#5006=ADVANCED_FACE('',(#362),#4682,.T.);
#5007=ADVANCED_FACE('',(#363),#4683,.F.);
#5008=ADVANCED_FACE('',(#364),#4684,.T.);
#5009=ADVANCED_FACE('',(#365),#4685,.F.);
#5010=ADVANCED_FACE('',(#366),#4686,.T.);
#5011=ADVANCED_FACE('',(#367),#4687,.F.);
#5012=ADVANCED_FACE('',(#368),#4688,.T.);
#5013=ADVANCED_FACE('',(#369),#4689,.F.);
#5014=ADVANCED_FACE('',(#370),#4690,.T.);
#5015=ADVANCED_FACE('',(#371),#4691,.F.);
#5016=ADVANCED_FACE('',(#372),#4692,.T.);
#5017=ADVANCED_FACE('',(#373),#4693,.F.);
#5018=ADVANCED_FACE('',(#374),#4694,.T.);
#5019=ADVANCED_FACE('',(#375),#4695,.F.);
#5020=ADVANCED_FACE('',(#376),#4696,.T.);
#5021=ADVANCED_FACE('',(#377),#4697,.F.);
#5022=ADVANCED_FACE('',(#378),#4698,.T.);
#5023=ADVANCED_FACE('',(#379),#4699,.F.);
#5024=ADVANCED_FACE('',(#380),#4700,.T.);
#5025=ADVANCED_FACE('',(#381),#4701,.F.);
#5026=ADVANCED_FACE('',(#382),#4702,.T.);
#5027=ADVANCED_FACE('',(#383),#4703,.F.);
#5028=ADVANCED_FACE('',(#384),#4704,.T.);
#5029=ADVANCED_FACE('',(#385),#4705,.F.);
#5030=ADVANCED_FACE('',(#386),#4706,.T.);
#5031=ADVANCED_FACE('',(#387),#4707,.F.);
#5032=ADVANCED_FACE('',(#388),#4708,.T.);
#5033=ADVANCED_FACE('',(#389),#4709,.F.);
#5034=ADVANCED_FACE('',(#390),#4710,.T.);
#5035=ADVANCED_FACE('',(#391),#4711,.F.);
#5036=ADVANCED_FACE('',(#392),#4712,.T.);
#5037=ADVANCED_FACE('',(#393),#4713,.F.);
#5038=ADVANCED_FACE('',(#394),#4714,.T.);
#5039=ADVANCED_FACE('',(#395),#4715,.F.);
#5040=ADVANCED_FACE('',(#396),#4716,.T.);
#5041=ADVANCED_FACE('',(#397),#4717,.F.);
#5042=ADVANCED_FACE('',(#398),#4718,.T.);
#5043=ADVANCED_FACE('',(#399),#4719,.F.);
#5044=ADVANCED_FACE('',(#400),#4720,.T.);
#5045=ADVANCED_FACE('',(#401),#4721,.F.);
#5046=ADVANCED_FACE('',(#402),#4722,.T.);
#5047=ADVANCED_FACE('',(#403),#4723,.F.);
#5048=ADVANCED_FACE('',(#404),#4724,.T.);
#5049=ADVANCED_FACE('',(#405),#4725,.F.);
#5050=ADVANCED_FACE('',(#406),#4726,.T.);
#5051=ADVANCED_FACE('',(#407),#4727,.F.);
#5052=ADVANCED_FACE('',(#408),#4728,.T.);
#5053=ADVANCED_FACE('',(#409),#4729,.F.);
#5054=ADVANCED_FACE('',(#410),#4730,.T.);
#5055=ADVANCED_FACE('',(#411),#4731,.F.);
#5056=ADVANCED_FACE('',(#412),#4732,.T.);
#5057=ADVANCED_FACE('',(#413),#4733,.F.);
#5058=ADVANCED_FACE('',(#414),#4734,.T.);
#5059=ADVANCED_FACE('',(#415),#4735,.F.);
#5060=ADVANCED_FACE('',(#416),#4736,.T.);
#5061=ADVANCED_FACE('',(#417),#4737,.F.);
#5062=ADVANCED_FACE('',(#418),#4738,.T.);
#5063=ADVANCED_FACE('',(#419),#4739,.F.);
#5064=ADVANCED_FACE('',(#420),#4740,.T.);
#5065=ADVANCED_FACE('',(#421),#4741,.F.);
#5066=ADVANCED_FACE('',(#422),#4742,.T.);
#5067=ADVANCED_FACE('',(#423),#4743,.F.);
#5068=ADVANCED_FACE('',(#424),#4744,.T.);
#5069=ADVANCED_FACE('',(#425),#4745,.F.);
#5070=ADVANCED_FACE('',(#426),#4746,.T.);
#5071=ADVANCED_FACE('',(#427),#4747,.F.);
#5072=ADVANCED_FACE('',(#428),#4748,.T.);
#5073=ADVANCED_FACE('',(#429),#4749,.F.);
#5074=ADVANCED_FACE('',(#430),#4750,.T.);
#5075=ADVANCED_FACE('',(#431),#4751,.F.);
#5076=ADVANCED_FACE('',(#432),#4752,.T.);
#5077=ADVANCED_FACE('',(#433),#4753,.F.);
#5078=ADVANCED_FACE('',(#434),#4754,.T.);
#5079=ADVANCED_FACE('',(#435),#4755,.F.);
#5080=ADVANCED_FACE('',(#436),#4756,.T.);
#5081=ADVANCED_FACE('',(#437),#4757,.F.);
#5082=ADVANCED_FACE('',(#438),#4758,.T.);
#5083=ADVANCED_FACE('',(#439),#4759,.F.);
#5084=ADVANCED_FACE('',(#440),#4760,.T.);
#5085=ADVANCED_FACE('',(#441),#4761,.F.);
#5086=ADVANCED_FACE('',(#442),#4762,.T.);
#5087=ADVANCED_FACE('',(#443),#4763,.F.);
#5088=ADVANCED_FACE('',(#444),#4764,.T.);
#5089=ADVANCED_FACE('',(#445),#4765,.F.);
#5090=ADVANCED_FACE('',(#446),#4766,.T.);
#5091=ADVANCED_FACE('',(#447),#4767,.F.);
#5092=ADVANCED_FACE('',(#448),#4768,.T.);
#5093=ADVANCED_FACE('',(#449),#4769,.F.);
#5094=ADVANCED_FACE('',(#450),#4770,.T.);
#5095=ADVANCED_FACE('',(#451),#4771,.F.);
#5096=ADVANCED_FACE('',(#452),#4772,.T.);
#5097=ADVANCED_FACE('',(#453),#4773,.F.);
#5098=ADVANCED_FACE('',(#454),#4774,.T.);
#5099=CLOSED_SHELL('',(#4775,#4776,#4777,#4778,#4779,#4780));
#5100=CLOSED_SHELL('',(#4781,#4782,#4783,#4784,#4785,#4786));
#5101=CLOSED_SHELL('',(#4787,#4788,#4789,#4790,#4791,#4792));
#5102=CLOSED_SHELL('',(#4793,#4794,#4795,#4796,#4797,#4798));
#5103=CLOSED_SHELL('',(#4799,#4800,#4801,#4802,#4803,#4804));
#5104=CLOSED_SHELL('',(#4805,#4806,#4807,#4808,#4809,#4810));
#5105=CLOSED_SHELL('',(#4811,#4812,#4813,#4814,#4815,#4816));
#5106=CLOSED_SHELL('',(#4817,#4818,#4819,#4820,#4821,#4822));
#5107=CLOSED_SHELL('',(#4823,#4824,#4825,#4826,#4827,#4828));
#5108=CLOSED_SHELL('',(#4829,#4830,#4831,#4832,#4833,#4834));
#5109=CLOSED_SHELL('',(#4835,#4836,#4837,#4838,#4839,#4840));
#5110=CLOSED_SHELL('',(#4841,#4842,#4843,#4844,#4845,#4846));
#5111=CLOSED_SHELL('',(#4847,#4848,#4849,#4850,#4851,#4852));
#5112=CLOSED_SHELL('',(#4853,#4854,#4855,#4856,#4857,#4858));
#5113=CLOSED_SHELL('',(#4859,#4860,#4861,#4862,#4863,#4864));
#5114=CLOSED_SHELL('',(#4865,#4866,#4867,#4868,#4869,#4870));
#5115=CLOSED_SHELL('',(#4871,#4872,#4873,#4874,#4875,#4876));
#5116=CLOSED_SHELL('',(#4877,#4878,#4879,#4880,#4881,#4882));
#5117=CLOSED_SHELL('',(#4883,#4884,#4885,#4886,#4887,#4888));
#5118=CLOSED_SHELL('',(#4889,#4890,#4891,#4892,#4893,#4894));
#5119=CLOSED_SHELL('',(#4895,#4896,#4897,#4898,#4899,#4900));
#5120=CLOSED_SHELL('',(#4901,#4902,#4903,#4904,#4905,#4906));
#5121=CLOSED_SHELL('',(#4907,#4908,#4909,#4910,#4911,#4912));
#5122=CLOSED_SHELL('',(#4913,#4914,#4915,#4916,#4917,#4918));
#5123=CLOSED_SHELL('',(#4919,#4920,#4921,#4922,#4923,#4924));
#5124=CLOSED_SHELL('',(#4925,#4926,#4927,#4928,#4929,#4930));
#5125=CLOSED_SHELL('',(#4931,#4932,#4933,#4934,#4935,#4936));
#5126=CLOSED_SHELL('',(#4937,#4938,#4939,#4940,#4941,#4942));
#5127=CLOSED_SHELL('',(#4943,#4944,#4945,#4946,#4947,#4948));
#5128=CLOSED_SHELL('',(#4949,#4950,#4951,#4952,#4953,#4954));
#5129=CLOSED_SHELL('',(#4955,#4956,#4957,#4958,#4959,#4960));
#5130=CLOSED_SHELL('',(#4961,#4962,#4963,#4964,#4965,#4966));
#5131=CLOSED_SHELL('',(#4967,#4968,#4969,#4970,#4971,#4972));
#5132=CLOSED_SHELL('',(#4973,#4974,#4975,#4976,#4977,#4978));
#5133=CLOSED_SHELL('',(#4979,#4980,#4981,#4982,#4983,#4984));
#5134=CLOSED_SHELL('',(#4985,#4986,#4987,#4988,#4989,#4990));
#5135=CLOSED_SHELL('',(#4991,#4992,#4993,#4994,#4995,#4996));
#5136=CLOSED_SHELL('',(#4997,#4998,#4999,#5000,#5001,#5002));
#5137=CLOSED_SHELL('',(#5003,#5004,#5005,#5006,#5007,#5008));
#5138=CLOSED_SHELL('',(#5009,#5010,#5011,#5012,#5013,#5014));
#5139=CLOSED_SHELL('',(#5015,#5016,#5017,#5018,#5019,#5020));
#5140=CLOSED_SHELL('',(#5021,#5022,#5023,#5024,#5025,#5026));
#5141=CLOSED_SHELL('',(#5027,#5028,#5029,#5030,#5031,#5032));
#5142=CLOSED_SHELL('',(#5033,#5034,#5035,#5036,#5037,#5038));
#5143=CLOSED_SHELL('',(#5039,#5040,#5041,#5042,#5043,#5044));
#5144=CLOSED_SHELL('',(#5045,#5046,#5047,#5048,#5049,#5050));
#5145=CLOSED_SHELL('',(#5051,#5052,#5053,#5054,#5055,#5056));
#5146=CLOSED_SHELL('',(#5057,#5058,#5059,#5060,#5061,#5062));
#5147=CLOSED_SHELL('',(#5063,#5064,#5065,#5066,#5067,#5068));
#5148=CLOSED_SHELL('',(#5069,#5070,#5071,#5072,#5073,#5074));
#5149=CLOSED_SHELL('',(#5075,#5076,#5077,#5078,#5079,#5080));
#5150=CLOSED_SHELL('',(#5081,#5082,#5083,#5084,#5085,#5086));
#5151=CLOSED_SHELL('',(#5087,#5088,#5089,#5090,#5091,#5092));
#5152=CLOSED_SHELL('',(#5093,#5094,#5095,#5096,#5097,#5098));
#5153=DERIVED_UNIT_ELEMENT(#5157,1.);
#5154=DERIVED_UNIT_ELEMENT(#8229,-3.);
#5155=DERIVED_UNIT_ELEMENT(#5157,1.);
#5156=DERIVED_UNIT_ELEMENT(#8229,-3.);
#5157=(
MASS_UNIT()
NAMED_UNIT(*)
SI_UNIT(.KILO.,.GRAM.)
);
#5158=DERIVED_UNIT((#5153,#5154));
#5159=DERIVED_UNIT((#5155,#5156));
#5160=MEASURE_REPRESENTATION_ITEM('density measure',
POSITIVE_RATIO_MEASURE(7850.),#5158);
#5161=MEASURE_REPRESENTATION_ITEM('density measure',
POSITIVE_RATIO_MEASURE(7850.),#5159);
#5162=PROPERTY_DEFINITION_REPRESENTATION(#5172,#5166);
#5163=PROPERTY_DEFINITION_REPRESENTATION(#5173,#5167);
#5164=PROPERTY_DEFINITION_REPRESENTATION(#5174,#5168);
#5165=PROPERTY_DEFINITION_REPRESENTATION(#5175,#5169);
#5166=REPRESENTATION('material name',(#5170),#8225);
#5167=REPRESENTATION('density',(#5160),#8225);
#5168=REPRESENTATION('material name',(#5171),#8226);
#5169=REPRESENTATION('density',(#5161),#8226);
#5170=DESCRIPTIVE_REPRESENTATION_ITEM('Steel','Steel');
#5171=DESCRIPTIVE_REPRESENTATION_ITEM('Steel','Steel');
#5172=PROPERTY_DEFINITION('material property','material name',#8245);
#5173=PROPERTY_DEFINITION('material property','density of part',#8245);
#5174=PROPERTY_DEFINITION('material property','material name',#8246);
#5175=PROPERTY_DEFINITION('material property','density of part',#8246);
#5176=AXIS2_PLACEMENT_3D('',#6811,#5505,#5506);
#5177=AXIS2_PLACEMENT_3D('',#6812,#5507,#5508);
#5178=AXIS2_PLACEMENT_3D('',#6813,#5509,#5510);
#5179=AXIS2_PLACEMENT_3D('',#6822,#5515,#5516);
#5180=AXIS2_PLACEMENT_3D('',#6828,#5520,#5521);
#5181=AXIS2_PLACEMENT_3D('',#6834,#5525,#5526);
#5182=AXIS2_PLACEMENT_3D('',#6837,#5529,#5530);
#5183=AXIS2_PLACEMENT_3D('',#6838,#5531,#5532);
#5184=AXIS2_PLACEMENT_3D('',#6839,#5533,#5534);
#5185=AXIS2_PLACEMENT_3D('',#6840,#5535,#5536);
#5186=AXIS2_PLACEMENT_3D('',#6849,#5541,#5542);
#5187=AXIS2_PLACEMENT_3D('',#6858,#5547,#5548);
#5188=AXIS2_PLACEMENT_3D('',#6861,#5551,#5552);
#5189=AXIS2_PLACEMENT_3D('',#6864,#5555,#5556);
#5190=AXIS2_PLACEMENT_3D('',#6865,#5557,#5558);
#5191=AXIS2_PLACEMENT_3D('',#6866,#5559,#5560);
#5192=AXIS2_PLACEMENT_3D('',#6875,#5565,#5566);
#5193=AXIS2_PLACEMENT_3D('',#6884,#5571,#5572);
#5194=AXIS2_PLACEMENT_3D('',#6887,#5575,#5576);
#5195=AXIS2_PLACEMENT_3D('',#6890,#5579,#5580);
#5196=AXIS2_PLACEMENT_3D('',#6891,#5581,#5582);
#5197=AXIS2_PLACEMENT_3D('',#6892,#5583,#5584);
#5198=AXIS2_PLACEMENT_3D('',#6901,#5589,#5590);
#5199=AXIS2_PLACEMENT_3D('',#6910,#5595,#5596);
#5200=AXIS2_PLACEMENT_3D('',#6913,#5599,#5600);
#5201=AXIS2_PLACEMENT_3D('',#6916,#5603,#5604);
#5202=AXIS2_PLACEMENT_3D('',#6917,#5605,#5606);
#5203=AXIS2_PLACEMENT_3D('',#6918,#5607,#5608);
#5204=AXIS2_PLACEMENT_3D('',#6927,#5613,#5614);
#5205=AXIS2_PLACEMENT_3D('',#6936,#5619,#5620);
#5206=AXIS2_PLACEMENT_3D('',#6939,#5623,#5624);
#5207=AXIS2_PLACEMENT_3D('',#6942,#5627,#5628);
#5208=AXIS2_PLACEMENT_3D('',#6943,#5629,#5630);
#5209=AXIS2_PLACEMENT_3D('',#6944,#5631,#5632);
#5210=AXIS2_PLACEMENT_3D('',#6953,#5637,#5638);
#5211=AXIS2_PLACEMENT_3D('',#6962,#5643,#5644);
#5212=AXIS2_PLACEMENT_3D('',#6965,#5647,#5648);
#5213=AXIS2_PLACEMENT_3D('',#6968,#5651,#5652);
#5214=AXIS2_PLACEMENT_3D('',#6969,#5653,#5654);
#5215=AXIS2_PLACEMENT_3D('',#6970,#5655,#5656);
#5216=AXIS2_PLACEMENT_3D('',#6979,#5661,#5662);
#5217=AXIS2_PLACEMENT_3D('',#6988,#5667,#5668);
#5218=AXIS2_PLACEMENT_3D('',#6991,#5671,#5672);
#5219=AXIS2_PLACEMENT_3D('',#6994,#5675,#5676);
#5220=AXIS2_PLACEMENT_3D('',#6995,#5677,#5678);
#5221=AXIS2_PLACEMENT_3D('',#6996,#5679,#5680);
#5222=AXIS2_PLACEMENT_3D('',#7005,#5685,#5686);
#5223=AXIS2_PLACEMENT_3D('',#7014,#5691,#5692);
#5224=AXIS2_PLACEMENT_3D('',#7017,#5695,#5696);
#5225=AXIS2_PLACEMENT_3D('',#7020,#5699,#5700);
#5226=AXIS2_PLACEMENT_3D('',#7021,#5701,#5702);
#5227=AXIS2_PLACEMENT_3D('',#7022,#5703,#5704);
#5228=AXIS2_PLACEMENT_3D('',#7031,#5709,#5710);
#5229=AXIS2_PLACEMENT_3D('',#7040,#5715,#5716);
#5230=AXIS2_PLACEMENT_3D('',#7043,#5719,#5720);
#5231=AXIS2_PLACEMENT_3D('',#7046,#5723,#5724);
#5232=AXIS2_PLACEMENT_3D('',#7047,#5725,#5726);
#5233=AXIS2_PLACEMENT_3D('',#7048,#5727,#5728);
#5234=AXIS2_PLACEMENT_3D('',#7057,#5733,#5734);
#5235=AXIS2_PLACEMENT_3D('',#7066,#5739,#5740);
#5236=AXIS2_PLACEMENT_3D('',#7069,#5743,#5744);
#5237=AXIS2_PLACEMENT_3D('',#7072,#5747,#5748);
#5238=AXIS2_PLACEMENT_3D('',#7073,#5749,#5750);
#5239=AXIS2_PLACEMENT_3D('',#7074,#5751,#5752);
#5240=AXIS2_PLACEMENT_3D('',#7083,#5757,#5758);
#5241=AXIS2_PLACEMENT_3D('',#7092,#5763,#5764);
#5242=AXIS2_PLACEMENT_3D('',#7095,#5767,#5768);
#5243=AXIS2_PLACEMENT_3D('',#7098,#5771,#5772);
#5244=AXIS2_PLACEMENT_3D('',#7099,#5773,#5774);
#5245=AXIS2_PLACEMENT_3D('',#7100,#5775,#5776);
#5246=AXIS2_PLACEMENT_3D('',#7109,#5781,#5782);
#5247=AXIS2_PLACEMENT_3D('',#7118,#5787,#5788);
#5248=AXIS2_PLACEMENT_3D('',#7121,#5791,#5792);
#5249=AXIS2_PLACEMENT_3D('',#7124,#5795,#5796);
#5250=AXIS2_PLACEMENT_3D('',#7125,#5797,#5798);
#5251=AXIS2_PLACEMENT_3D('',#7126,#5799,#5800);
#5252=AXIS2_PLACEMENT_3D('',#7135,#5805,#5806);
#5253=AXIS2_PLACEMENT_3D('',#7144,#5811,#5812);
#5254=AXIS2_PLACEMENT_3D('',#7147,#5815,#5816);
#5255=AXIS2_PLACEMENT_3D('',#7150,#5819,#5820);
#5256=AXIS2_PLACEMENT_3D('',#7151,#5821,#5822);
#5257=AXIS2_PLACEMENT_3D('',#7152,#5823,#5824);
#5258=AXIS2_PLACEMENT_3D('',#7161,#5829,#5830);
#5259=AXIS2_PLACEMENT_3D('',#7170,#5835,#5836);
#5260=AXIS2_PLACEMENT_3D('',#7173,#5839,#5840);
#5261=AXIS2_PLACEMENT_3D('',#7176,#5843,#5844);
#5262=AXIS2_PLACEMENT_3D('',#7177,#5845,#5846);
#5263=AXIS2_PLACEMENT_3D('',#7178,#5847,#5848);
#5264=AXIS2_PLACEMENT_3D('',#7187,#5853,#5854);
#5265=AXIS2_PLACEMENT_3D('',#7196,#5859,#5860);
#5266=AXIS2_PLACEMENT_3D('',#7199,#5863,#5864);
#5267=AXIS2_PLACEMENT_3D('',#7202,#5867,#5868);
#5268=AXIS2_PLACEMENT_3D('',#7203,#5869,#5870);
#5269=AXIS2_PLACEMENT_3D('',#7204,#5871,#5872);
#5270=AXIS2_PLACEMENT_3D('',#7213,#5877,#5878);
#5271=AXIS2_PLACEMENT_3D('',#7222,#5883,#5884);
#5272=AXIS2_PLACEMENT_3D('',#7225,#5887,#5888);
#5273=AXIS2_PLACEMENT_3D('',#7228,#5891,#5892);
#5274=AXIS2_PLACEMENT_3D('',#7229,#5893,#5894);
#5275=AXIS2_PLACEMENT_3D('',#7230,#5895,#5896);
#5276=AXIS2_PLACEMENT_3D('',#7239,#5901,#5902);
#5277=AXIS2_PLACEMENT_3D('',#7248,#5907,#5908);
#5278=AXIS2_PLACEMENT_3D('',#7251,#5911,#5912);
#5279=AXIS2_PLACEMENT_3D('',#7254,#5915,#5916);
#5280=AXIS2_PLACEMENT_3D('',#7255,#5917,#5918);
#5281=AXIS2_PLACEMENT_3D('',#7256,#5919,#5920);
#5282=AXIS2_PLACEMENT_3D('',#7265,#5925,#5926);
#5283=AXIS2_PLACEMENT_3D('',#7274,#5931,#5932);
#5284=AXIS2_PLACEMENT_3D('',#7277,#5935,#5936);
#5285=AXIS2_PLACEMENT_3D('',#7280,#5939,#5940);
#5286=AXIS2_PLACEMENT_3D('',#7281,#5941,#5942);
#5287=AXIS2_PLACEMENT_3D('',#7282,#5943,#5944);
#5288=AXIS2_PLACEMENT_3D('',#7291,#5949,#5950);
#5289=AXIS2_PLACEMENT_3D('',#7300,#5955,#5956);
#5290=AXIS2_PLACEMENT_3D('',#7303,#5959,#5960);
#5291=AXIS2_PLACEMENT_3D('',#7306,#5963,#5964);
#5292=AXIS2_PLACEMENT_3D('',#7307,#5965,#5966);
#5293=AXIS2_PLACEMENT_3D('',#7308,#5967,#5968);
#5294=AXIS2_PLACEMENT_3D('',#7317,#5973,#5974);
#5295=AXIS2_PLACEMENT_3D('',#7326,#5979,#5980);
#5296=AXIS2_PLACEMENT_3D('',#7329,#5983,#5984);
#5297=AXIS2_PLACEMENT_3D('',#7332,#5987,#5988);
#5298=AXIS2_PLACEMENT_3D('',#7333,#5989,#5990);
#5299=AXIS2_PLACEMENT_3D('',#7334,#5991,#5992);
#5300=AXIS2_PLACEMENT_3D('',#7343,#5997,#5998);
#5301=AXIS2_PLACEMENT_3D('',#7352,#6003,#6004);
#5302=AXIS2_PLACEMENT_3D('',#7355,#6007,#6008);
#5303=AXIS2_PLACEMENT_3D('',#7358,#6011,#6012);
#5304=AXIS2_PLACEMENT_3D('',#7359,#6013,#6014);
#5305=AXIS2_PLACEMENT_3D('',#7360,#6015,#6016);
#5306=AXIS2_PLACEMENT_3D('',#7369,#6021,#6022);
#5307=AXIS2_PLACEMENT_3D('',#7378,#6027,#6028);
#5308=AXIS2_PLACEMENT_3D('',#7381,#6031,#6032);
#5309=AXIS2_PLACEMENT_3D('',#7384,#6035,#6036);
#5310=AXIS2_PLACEMENT_3D('',#7385,#6037,#6038);
#5311=AXIS2_PLACEMENT_3D('',#7386,#6039,#6040);
#5312=AXIS2_PLACEMENT_3D('',#7395,#6045,#6046);
#5313=AXIS2_PLACEMENT_3D('',#7404,#6051,#6052);
#5314=AXIS2_PLACEMENT_3D('',#7407,#6055,#6056);
#5315=AXIS2_PLACEMENT_3D('',#7410,#6059,#6060);
#5316=AXIS2_PLACEMENT_3D('',#7411,#6061,#6062);
#5317=AXIS2_PLACEMENT_3D('',#7412,#6063,#6064);
#5318=AXIS2_PLACEMENT_3D('',#7421,#6069,#6070);
#5319=AXIS2_PLACEMENT_3D('',#7430,#6075,#6076);
#5320=AXIS2_PLACEMENT_3D('',#7433,#6079,#6080);
#5321=AXIS2_PLACEMENT_3D('',#7436,#6083,#6084);
#5322=AXIS2_PLACEMENT_3D('',#7437,#6085,#6086);
#5323=AXIS2_PLACEMENT_3D('',#7438,#6087,#6088);
#5324=AXIS2_PLACEMENT_3D('',#7447,#6093,#6094);
#5325=AXIS2_PLACEMENT_3D('',#7456,#6099,#6100);
#5326=AXIS2_PLACEMENT_3D('',#7459,#6103,#6104);
#5327=AXIS2_PLACEMENT_3D('',#7462,#6107,#6108);
#5328=AXIS2_PLACEMENT_3D('',#7463,#6109,#6110);
#5329=AXIS2_PLACEMENT_3D('',#7464,#6111,#6112);
#5330=AXIS2_PLACEMENT_3D('',#7473,#6117,#6118);
#5331=AXIS2_PLACEMENT_3D('',#7482,#6123,#6124);
#5332=AXIS2_PLACEMENT_3D('',#7485,#6127,#6128);
#5333=AXIS2_PLACEMENT_3D('',#7488,#6131,#6132);
#5334=AXIS2_PLACEMENT_3D('',#7489,#6133,#6134);
#5335=AXIS2_PLACEMENT_3D('',#7490,#6135,#6136);
#5336=AXIS2_PLACEMENT_3D('',#7499,#6141,#6142);
#5337=AXIS2_PLACEMENT_3D('',#7508,#6147,#6148);
#5338=AXIS2_PLACEMENT_3D('',#7511,#6151,#6152);
#5339=AXIS2_PLACEMENT_3D('',#7514,#6155,#6156);
#5340=AXIS2_PLACEMENT_3D('',#7515,#6157,#6158);
#5341=AXIS2_PLACEMENT_3D('',#7516,#6159,#6160);
#5342=AXIS2_PLACEMENT_3D('',#7525,#6165,#6166);
#5343=AXIS2_PLACEMENT_3D('',#7534,#6171,#6172);
#5344=AXIS2_PLACEMENT_3D('',#7537,#6175,#6176);
#5345=AXIS2_PLACEMENT_3D('',#7540,#6179,#6180);
#5346=AXIS2_PLACEMENT_3D('',#7541,#6181,#6182);
#5347=AXIS2_PLACEMENT_3D('',#7542,#6183,#6184);
#5348=AXIS2_PLACEMENT_3D('',#7551,#6189,#6190);
#5349=AXIS2_PLACEMENT_3D('',#7560,#6195,#6196);
#5350=AXIS2_PLACEMENT_3D('',#7563,#6199,#6200);
#5351=AXIS2_PLACEMENT_3D('',#7566,#6203,#6204);
#5352=AXIS2_PLACEMENT_3D('',#7567,#6205,#6206);
#5353=AXIS2_PLACEMENT_3D('',#7568,#6207,#6208);
#5354=AXIS2_PLACEMENT_3D('',#7577,#6213,#6214);
#5355=AXIS2_PLACEMENT_3D('',#7586,#6219,#6220);
#5356=AXIS2_PLACEMENT_3D('',#7589,#6223,#6224);
#5357=AXIS2_PLACEMENT_3D('',#7592,#6227,#6228);
#5358=AXIS2_PLACEMENT_3D('',#7593,#6229,#6230);
#5359=AXIS2_PLACEMENT_3D('',#7594,#6231,#6232);
#5360=AXIS2_PLACEMENT_3D('',#7603,#6237,#6238);
#5361=AXIS2_PLACEMENT_3D('',#7612,#6243,#6244);
#5362=AXIS2_PLACEMENT_3D('',#7615,#6247,#6248);
#5363=AXIS2_PLACEMENT_3D('',#7618,#6251,#6252);
#5364=AXIS2_PLACEMENT_3D('',#7619,#6253,#6254);
#5365=AXIS2_PLACEMENT_3D('',#7620,#6255,#6256);
#5366=AXIS2_PLACEMENT_3D('',#7629,#6261,#6262);
#5367=AXIS2_PLACEMENT_3D('',#7638,#6267,#6268);
#5368=AXIS2_PLACEMENT_3D('',#7641,#6271,#6272);
#5369=AXIS2_PLACEMENT_3D('',#7644,#6275,#6276);
#5370=AXIS2_PLACEMENT_3D('',#7645,#6277,#6278);
#5371=AXIS2_PLACEMENT_3D('',#7646,#6279,#6280);
#5372=AXIS2_PLACEMENT_3D('',#7655,#6285,#6286);
#5373=AXIS2_PLACEMENT_3D('',#7664,#6291,#6292);
#5374=AXIS2_PLACEMENT_3D('',#7667,#6295,#6296);
#5375=AXIS2_PLACEMENT_3D('',#7670,#6299,#6300);
#5376=AXIS2_PLACEMENT_3D('',#7671,#6301,#6302);
#5377=AXIS2_PLACEMENT_3D('',#7672,#6303,#6304);
#5378=AXIS2_PLACEMENT_3D('',#7681,#6309,#6310);
#5379=AXIS2_PLACEMENT_3D('',#7690,#6315,#6316);
#5380=AXIS2_PLACEMENT_3D('',#7693,#6319,#6320);
#5381=AXIS2_PLACEMENT_3D('',#7696,#6323,#6324);
#5382=AXIS2_PLACEMENT_3D('',#7697,#6325,#6326);
#5383=AXIS2_PLACEMENT_3D('',#7698,#6327,#6328);
#5384=AXIS2_PLACEMENT_3D('',#7707,#6333,#6334);
#5385=AXIS2_PLACEMENT_3D('',#7716,#6339,#6340);
#5386=AXIS2_PLACEMENT_3D('',#7719,#6343,#6344);
#5387=AXIS2_PLACEMENT_3D('',#7722,#6347,#6348);
#5388=AXIS2_PLACEMENT_3D('',#7723,#6349,#6350);
#5389=AXIS2_PLACEMENT_3D('',#7724,#6351,#6352);
#5390=AXIS2_PLACEMENT_3D('',#7733,#6357,#6358);
#5391=AXIS2_PLACEMENT_3D('',#7742,#6363,#6364);
#5392=AXIS2_PLACEMENT_3D('',#7745,#6367,#6368);
#5393=AXIS2_PLACEMENT_3D('',#7748,#6371,#6372);
#5394=AXIS2_PLACEMENT_3D('',#7749,#6373,#6374);
#5395=AXIS2_PLACEMENT_3D('',#7750,#6375,#6376);
#5396=AXIS2_PLACEMENT_3D('',#7759,#6381,#6382);
#5397=AXIS2_PLACEMENT_3D('',#7768,#6387,#6388);
#5398=AXIS2_PLACEMENT_3D('',#7771,#6391,#6392);
#5399=AXIS2_PLACEMENT_3D('',#7774,#6395,#6396);
#5400=AXIS2_PLACEMENT_3D('',#7775,#6397,#6398);
#5401=AXIS2_PLACEMENT_3D('',#7776,#6399,#6400);
#5402=AXIS2_PLACEMENT_3D('',#7785,#6405,#6406);
#5403=AXIS2_PLACEMENT_3D('',#7794,#6411,#6412);
#5404=AXIS2_PLACEMENT_3D('',#7797,#6415,#6416);
#5405=AXIS2_PLACEMENT_3D('',#7800,#6419,#6420);
#5406=AXIS2_PLACEMENT_3D('',#7801,#6421,#6422);
#5407=AXIS2_PLACEMENT_3D('',#7802,#6423,#6424);
#5408=AXIS2_PLACEMENT_3D('',#7811,#6429,#6430);
#5409=AXIS2_PLACEMENT_3D('',#7820,#6435,#6436);
#5410=AXIS2_PLACEMENT_3D('',#7823,#6439,#6440);
#5411=AXIS2_PLACEMENT_3D('',#7826,#6443,#6444);
#5412=AXIS2_PLACEMENT_3D('',#7827,#6445,#6446);
#5413=AXIS2_PLACEMENT_3D('',#7828,#6447,#6448);
#5414=AXIS2_PLACEMENT_3D('',#7837,#6453,#6454);
#5415=AXIS2_PLACEMENT_3D('',#7846,#6459,#6460);
#5416=AXIS2_PLACEMENT_3D('',#7849,#6463,#6464);
#5417=AXIS2_PLACEMENT_3D('',#7852,#6467,#6468);
#5418=AXIS2_PLACEMENT_3D('',#7853,#6469,#6470);
#5419=AXIS2_PLACEMENT_3D('',#7854,#6471,#6472);
#5420=AXIS2_PLACEMENT_3D('',#7863,#6477,#6478);
#5421=AXIS2_PLACEMENT_3D('',#7872,#6483,#6484);
#5422=AXIS2_PLACEMENT_3D('',#7875,#6487,#6488);
#5423=AXIS2_PLACEMENT_3D('',#7878,#6491,#6492);
#5424=AXIS2_PLACEMENT_3D('',#7879,#6493,#6494);
#5425=AXIS2_PLACEMENT_3D('',#7880,#6495,#6496);
#5426=AXIS2_PLACEMENT_3D('',#7889,#6501,#6502);
#5427=AXIS2_PLACEMENT_3D('',#7898,#6507,#6508);
#5428=AXIS2_PLACEMENT_3D('',#7901,#6511,#6512);
#5429=AXIS2_PLACEMENT_3D('',#7904,#6515,#6516);
#5430=AXIS2_PLACEMENT_3D('',#7905,#6517,#6518);
#5431=AXIS2_PLACEMENT_3D('',#7906,#6519,#6520);
#5432=AXIS2_PLACEMENT_3D('',#7915,#6525,#6526);
#5433=AXIS2_PLACEMENT_3D('',#7924,#6531,#6532);
#5434=AXIS2_PLACEMENT_3D('',#7927,#6535,#6536);
#5435=AXIS2_PLACEMENT_3D('',#7930,#6539,#6540);
#5436=AXIS2_PLACEMENT_3D('',#7931,#6541,#6542);
#5437=AXIS2_PLACEMENT_3D('',#7932,#6543,#6544);
#5438=AXIS2_PLACEMENT_3D('',#7941,#6549,#6550);
#5439=AXIS2_PLACEMENT_3D('',#7950,#6555,#6556);
#5440=AXIS2_PLACEMENT_3D('',#7953,#6559,#6560);
#5441=AXIS2_PLACEMENT_3D('',#7956,#6563,#6564);
#5442=AXIS2_PLACEMENT_3D('',#7957,#6565,#6566);
#5443=AXIS2_PLACEMENT_3D('',#7958,#6567,#6568);
#5444=AXIS2_PLACEMENT_3D('',#7967,#6573,#6574);
#5445=AXIS2_PLACEMENT_3D('',#7976,#6579,#6580);
#5446=AXIS2_PLACEMENT_3D('',#7979,#6583,#6584);
#5447=AXIS2_PLACEMENT_3D('',#7982,#6587,#6588);
#5448=AXIS2_PLACEMENT_3D('',#7983,#6589,#6590);
#5449=AXIS2_PLACEMENT_3D('',#7984,#6591,#6592);
#5450=AXIS2_PLACEMENT_3D('',#7993,#6597,#6598);
#5451=AXIS2_PLACEMENT_3D('',#8002,#6603,#6604);
#5452=AXIS2_PLACEMENT_3D('',#8005,#6607,#6608);
#5453=AXIS2_PLACEMENT_3D('',#8008,#6611,#6612);
#5454=AXIS2_PLACEMENT_3D('',#8009,#6613,#6614);
#5455=AXIS2_PLACEMENT_3D('',#8010,#6615,#6616);
#5456=AXIS2_PLACEMENT_3D('',#8019,#6621,#6622);
#5457=AXIS2_PLACEMENT_3D('',#8028,#6627,#6628);
#5458=AXIS2_PLACEMENT_3D('',#8031,#6631,#6632);
#5459=AXIS2_PLACEMENT_3D('',#8034,#6635,#6636);
#5460=AXIS2_PLACEMENT_3D('',#8035,#6637,#6638);
#5461=AXIS2_PLACEMENT_3D('',#8036,#6639,#6640);
#5462=AXIS2_PLACEMENT_3D('',#8045,#6645,#6646);
#5463=AXIS2_PLACEMENT_3D('',#8054,#6651,#6652);
#5464=AXIS2_PLACEMENT_3D('',#8057,#6655,#6656);
#5465=AXIS2_PLACEMENT_3D('',#8060,#6659,#6660);
#5466=AXIS2_PLACEMENT_3D('',#8061,#6661,#6662);
#5467=AXIS2_PLACEMENT_3D('',#8062,#6663,#6664);
#5468=AXIS2_PLACEMENT_3D('',#8071,#6669,#6670);
#5469=AXIS2_PLACEMENT_3D('',#8080,#6675,#6676);
#5470=AXIS2_PLACEMENT_3D('',#8083,#6679,#6680);
#5471=AXIS2_PLACEMENT_3D('',#8086,#6683,#6684);
#5472=AXIS2_PLACEMENT_3D('',#8087,#6685,#6686);
#5473=AXIS2_PLACEMENT_3D('',#8088,#6687,#6688);
#5474=AXIS2_PLACEMENT_3D('',#8097,#6693,#6694);
#5475=AXIS2_PLACEMENT_3D('',#8106,#6699,#6700);
#5476=AXIS2_PLACEMENT_3D('',#8109,#6703,#6704);
#5477=AXIS2_PLACEMENT_3D('',#8112,#6707,#6708);
#5478=AXIS2_PLACEMENT_3D('',#8113,#6709,#6710);
#5479=AXIS2_PLACEMENT_3D('',#8114,#6711,#6712);
#5480=AXIS2_PLACEMENT_3D('',#8123,#6717,#6718);
#5481=AXIS2_PLACEMENT_3D('',#8132,#6723,#6724);
#5482=AXIS2_PLACEMENT_3D('',#8135,#6727,#6728);
#5483=AXIS2_PLACEMENT_3D('',#8138,#6731,#6732);
#5484=AXIS2_PLACEMENT_3D('',#8139,#6733,#6734);
#5485=AXIS2_PLACEMENT_3D('',#8140,#6735,#6736);
#5486=AXIS2_PLACEMENT_3D('',#8149,#6741,#6742);
#5487=AXIS2_PLACEMENT_3D('',#8158,#6747,#6748);
#5488=AXIS2_PLACEMENT_3D('',#8161,#6751,#6752);
#5489=AXIS2_PLACEMENT_3D('',#8164,#6755,#6756);
#5490=AXIS2_PLACEMENT_3D('',#8165,#6757,#6758);
#5491=AXIS2_PLACEMENT_3D('',#8166,#6759,#6760);
#5492=AXIS2_PLACEMENT_3D('',#8175,#6765,#6766);
#5493=AXIS2_PLACEMENT_3D('',#8184,#6771,#6772);
#5494=AXIS2_PLACEMENT_3D('',#8187,#6775,#6776);
#5495=AXIS2_PLACEMENT_3D('',#8190,#6779,#6780);
#5496=AXIS2_PLACEMENT_3D('',#8191,#6781,#6782);
#5497=AXIS2_PLACEMENT_3D('',#8192,#6783,#6784);
#5498=AXIS2_PLACEMENT_3D('',#8201,#6789,#6790);
#5499=AXIS2_PLACEMENT_3D('',#8210,#6795,#6796);
#5500=AXIS2_PLACEMENT_3D('',#8213,#6799,#6800);
#5501=AXIS2_PLACEMENT_3D('',#8216,#6803,#6804);
#5502=AXIS2_PLACEMENT_3D('',#8217,#6805,#6806);
#5503=AXIS2_PLACEMENT_3D('',#8218,#6807,#6808);
#5504=AXIS2_PLACEMENT_3D('',#8219,#6809,#6810);
#5505=DIRECTION('axis',(0.,0.,1.));
#5506=DIRECTION('refdir',(1.,0.,0.));
#5507=DIRECTION('axis',(0.,0.,1.));
#5508=DIRECTION('refdir',(1.,0.,0.));
#5509=DIRECTION('center_axis',(0.,1.,0.));
#5510=DIRECTION('ref_axis',(1.,0.,0.));
#5511=DIRECTION('',(0.,0.,1.));
#5512=DIRECTION('',(1.,0.,0.));
#5513=DIRECTION('',(0.,0.,1.));
#5514=DIRECTION('',(1.,0.,0.));
#5515=DIRECTION('center_axis',(1.,0.,0.));
#5516=DIRECTION('ref_axis',(0.,-1.,0.));
#5517=DIRECTION('',(0.,-1.,0.));
#5518=DIRECTION('',(0.,0.,1.));
#5519=DIRECTION('',(0.,-1.,0.));
#5520=DIRECTION('center_axis',(0.,-1.,0.));
#5521=DIRECTION('ref_axis',(-1.,0.,0.));
#5522=DIRECTION('',(-1.,0.,0.));
#5523=DIRECTION('',(0.,0.,1.));
#5524=DIRECTION('',(-1.,0.,0.));
#5525=DIRECTION('center_axis',(-1.,0.,0.));
#5526=DIRECTION('ref_axis',(0.,1.,0.));
#5527=DIRECTION('',(0.,1.,0.));
#5528=DIRECTION('',(0.,1.,0.));
#5529=DIRECTION('center_axis',(0.,0.,-1.));
#5530=DIRECTION('ref_axis',(-1.,0.,0.));
#5531=DIRECTION('center_axis',(0.,0.,-1.));
#5532=DIRECTION('ref_axis',(-1.,0.,0.));
#5533=DIRECTION('axis',(0.,0.,1.));
#5534=DIRECTION('refdir',(1.,0.,0.));
#5535=DIRECTION('center_axis',(1.,0.,0.));
#5536=DIRECTION('ref_axis',(0.,0.,1.));
#5537=DIRECTION('',(0.,0.,1.));
#5538=DIRECTION('',(0.,1.,0.));
#5539=DIRECTION('',(0.,0.,1.));
#5540=DIRECTION('',(0.,1.,0.));
#5541=DIRECTION('center_axis',(1.,0.,0.));
#5542=DIRECTION('ref_axis',(0.,0.,1.));
#5543=DIRECTION('',(0.,0.,1.));
#5544=DIRECTION('',(0.,1.,0.));
#5545=DIRECTION('',(0.,0.,1.));
#5546=DIRECTION('',(0.,1.,0.));
#5547=DIRECTION('center_axis',(0.,1.,0.));
#5548=DIRECTION('ref_axis',(0.,0.,1.));
#5549=DIRECTION('',(1.,0.,0.));
#5550=DIRECTION('',(1.,0.,0.));
#5551=DIRECTION('center_axis',(0.,1.,0.));
#5552=DIRECTION('ref_axis',(0.,0.,1.));
#5553=DIRECTION('',(1.,0.,0.));
#5554=DIRECTION('',(1.,0.,0.));
#5555=DIRECTION('center_axis',(0.,0.,1.));
#5556=DIRECTION('ref_axis',(1.,0.,0.));
#5557=DIRECTION('center_axis',(0.,0.,1.));
#5558=DIRECTION('ref_axis',(1.,0.,0.));
#5559=DIRECTION('center_axis',(1.,0.,0.));
#5560=DIRECTION('ref_axis',(0.,0.,1.));
#5561=DIRECTION('',(0.,0.,1.));
#5562=DIRECTION('',(0.,1.,0.));
#5563=DIRECTION('',(0.,0.,1.));
#5564=DIRECTION('',(0.,1.,0.));
#5565=DIRECTION('center_axis',(1.,0.,0.));
#5566=DIRECTION('ref_axis',(0.,0.,1.));
#5567=DIRECTION('',(0.,0.,1.));
#5568=DIRECTION('',(0.,1.,0.));
#5569=DIRECTION('',(0.,0.,1.));
#5570=DIRECTION('',(0.,1.,0.));
#5571=DIRECTION('center_axis',(0.,1.,0.));
#5572=DIRECTION('ref_axis',(0.,0.,1.));
#5573=DIRECTION('',(1.,0.,0.));
#5574=DIRECTION('',(1.,0.,0.));
#5575=DIRECTION('center_axis',(0.,1.,0.));
#5576=DIRECTION('ref_axis',(0.,0.,1.));
#5577=DIRECTION('',(1.,0.,0.));
#5578=DIRECTION('',(1.,0.,0.));
#5579=DIRECTION('center_axis',(0.,0.,1.));
#5580=DIRECTION('ref_axis',(1.,0.,0.));
#5581=DIRECTION('center_axis',(0.,0.,1.));
#5582=DIRECTION('ref_axis',(1.,0.,0.));
#5583=DIRECTION('center_axis',(1.,0.,0.));
#5584=DIRECTION('ref_axis',(0.,0.,1.));
#5585=DIRECTION('',(0.,0.,1.));
#5586=DIRECTION('',(0.,1.,0.));
#5587=DIRECTION('',(0.,0.,1.));
#5588=DIRECTION('',(0.,1.,0.));
#5589=DIRECTION('center_axis',(1.,0.,0.));
#5590=DIRECTION('ref_axis',(0.,0.,1.));
#5591=DIRECTION('',(0.,0.,1.));
#5592=DIRECTION('',(0.,1.,0.));
#5593=DIRECTION('',(0.,0.,1.));
#5594=DIRECTION('',(0.,1.,0.));
#5595=DIRECTION('center_axis',(0.,1.,0.));
#5596=DIRECTION('ref_axis',(0.,0.,1.));
#5597=DIRECTION('',(1.,0.,0.));
#5598=DIRECTION('',(1.,0.,0.));
#5599=DIRECTION('center_axis',(0.,1.,0.));
#5600=DIRECTION('ref_axis',(0.,0.,1.));
#5601=DIRECTION('',(1.,0.,0.));
#5602=DIRECTION('',(1.,0.,0.));
#5603=DIRECTION('center_axis',(0.,0.,1.));
#5604=DIRECTION('ref_axis',(1.,0.,0.));
#5605=DIRECTION('center_axis',(0.,0.,1.));
#5606=DIRECTION('ref_axis',(1.,0.,0.));
#5607=DIRECTION('center_axis',(1.,0.,0.));
#5608=DIRECTION('ref_axis',(0.,0.,1.));
#5609=DIRECTION('',(0.,0.,1.));
#5610=DIRECTION('',(0.,1.,0.));
#5611=DIRECTION('',(0.,0.,1.));
#5612=DIRECTION('',(0.,1.,0.));
#5613=DIRECTION('center_axis',(1.,0.,0.));
#5614=DIRECTION('ref_axis',(0.,0.,1.));
#5615=DIRECTION('',(0.,0.,1.));
#5616=DIRECTION('',(0.,1.,0.));
#5617=DIRECTION('',(0.,0.,1.));
#5618=DIRECTION('',(0.,1.,0.));
#5619=DIRECTION('center_axis',(0.,1.,0.));
#5620=DIRECTION('ref_axis',(0.,0.,1.));
#5621=DIRECTION('',(1.,0.,0.));
#5622=DIRECTION('',(1.,0.,0.));
#5623=DIRECTION('center_axis',(0.,1.,0.));
#5624=DIRECTION('ref_axis',(0.,0.,1.));
#5625=DIRECTION('',(1.,0.,0.));
#5626=DIRECTION('',(1.,0.,0.));
#5627=DIRECTION('center_axis',(0.,0.,1.));
#5628=DIRECTION('ref_axis',(1.,0.,0.));
#5629=DIRECTION('center_axis',(0.,0.,1.));
#5630=DIRECTION('ref_axis',(1.,0.,0.));
#5631=DIRECTION('center_axis',(1.,0.,0.));
#5632=DIRECTION('ref_axis',(0.,0.,1.));
#5633=DIRECTION('',(0.,0.,1.));
#5634=DIRECTION('',(0.,1.,0.));
#5635=DIRECTION('',(0.,0.,1.));
#5636=DIRECTION('',(0.,1.,0.));
#5637=DIRECTION('center_axis',(1.,0.,0.));
#5638=DIRECTION('ref_axis',(0.,0.,1.));
#5639=DIRECTION('',(0.,0.,1.));
#5640=DIRECTION('',(0.,1.,0.));
#5641=DIRECTION('',(0.,0.,1.));
#5642=DIRECTION('',(0.,1.,0.));
#5643=DIRECTION('center_axis',(0.,1.,0.));
#5644=DIRECTION('ref_axis',(0.,0.,1.));
#5645=DIRECTION('',(1.,0.,0.));
#5646=DIRECTION('',(1.,0.,0.));
#5647=DIRECTION('center_axis',(0.,1.,0.));
#5648=DIRECTION('ref_axis',(0.,0.,1.));
#5649=DIRECTION('',(1.,0.,0.));
#5650=DIRECTION('',(1.,0.,0.));
#5651=DIRECTION('center_axis',(0.,0.,1.));
#5652=DIRECTION('ref_axis',(1.,0.,0.));
#5653=DIRECTION('center_axis',(0.,0.,1.));
#5654=DIRECTION('ref_axis',(1.,0.,0.));
#5655=DIRECTION('center_axis',(1.,0.,0.));
#5656=DIRECTION('ref_axis',(0.,0.,1.));
#5657=DIRECTION('',(0.,0.,1.));
#5658=DIRECTION('',(0.,1.,0.));
#5659=DIRECTION('',(0.,0.,1.));
#5660=DIRECTION('',(0.,1.,0.));
#5661=DIRECTION('center_axis',(1.,0.,0.));
#5662=DIRECTION('ref_axis',(0.,0.,1.));
#5663=DIRECTION('',(0.,0.,1.));
#5664=DIRECTION('',(0.,1.,0.));
#5665=DIRECTION('',(0.,0.,1.));
#5666=DIRECTION('',(0.,1.,0.));
#5667=DIRECTION('center_axis',(0.,1.,0.));
#5668=DIRECTION('ref_axis',(0.,0.,1.));
#5669=DIRECTION('',(1.,0.,0.));
#5670=DIRECTION('',(1.,0.,0.));
#5671=DIRECTION('center_axis',(0.,1.,0.));
#5672=DIRECTION('ref_axis',(0.,0.,1.));
#5673=DIRECTION('',(1.,0.,0.));
#5674=DIRECTION('',(1.,0.,0.));
#5675=DIRECTION('center_axis',(0.,0.,1.));
#5676=DIRECTION('ref_axis',(1.,0.,0.));
#5677=DIRECTION('center_axis',(0.,0.,1.));
#5678=DIRECTION('ref_axis',(1.,0.,0.));
#5679=DIRECTION('center_axis',(1.,0.,0.));
#5680=DIRECTION('ref_axis',(0.,0.,1.));
#5681=DIRECTION('',(0.,0.,1.));
#5682=DIRECTION('',(0.,1.,0.));
#5683=DIRECTION('',(0.,0.,1.));
#5684=DIRECTION('',(0.,1.,0.));
#5685=DIRECTION('center_axis',(1.,0.,0.));
#5686=DIRECTION('ref_axis',(0.,0.,1.));
#5687=DIRECTION('',(0.,0.,1.));
#5688=DIRECTION('',(0.,1.,0.));
#5689=DIRECTION('',(0.,0.,1.));
#5690=DIRECTION('',(0.,1.,0.));
#5691=DIRECTION('center_axis',(0.,1.,0.));
#5692=DIRECTION('ref_axis',(0.,0.,1.));
#5693=DIRECTION('',(1.,0.,0.));
#5694=DIRECTION('',(1.,0.,0.));
#5695=DIRECTION('center_axis',(0.,1.,0.));
#5696=DIRECTION('ref_axis',(0.,0.,1.));
#5697=DIRECTION('',(1.,0.,0.));
#5698=DIRECTION('',(1.,0.,0.));
#5699=DIRECTION('center_axis',(0.,0.,1.));
#5700=DIRECTION('ref_axis',(1.,0.,0.));
#5701=DIRECTION('center_axis',(0.,0.,1.));
#5702=DIRECTION('ref_axis',(1.,0.,0.));
#5703=DIRECTION('center_axis',(1.,0.,0.));
#5704=DIRECTION('ref_axis',(0.,0.,1.));
#5705=DIRECTION('',(0.,0.,1.));
#5706=DIRECTION('',(0.,1.,0.));
#5707=DIRECTION('',(0.,0.,1.));
#5708=DIRECTION('',(0.,1.,0.));
#5709=DIRECTION('center_axis',(1.,0.,0.));
#5710=DIRECTION('ref_axis',(0.,0.,1.));
#5711=DIRECTION('',(0.,0.,1.));
#5712=DIRECTION('',(0.,1.,0.));
#5713=DIRECTION('',(0.,0.,1.));
#5714=DIRECTION('',(0.,1.,0.));
#5715=DIRECTION('center_axis',(0.,1.,0.));
#5716=DIRECTION('ref_axis',(0.,0.,1.));
#5717=DIRECTION('',(1.,0.,0.));
#5718=DIRECTION('',(1.,0.,0.));
#5719=DIRECTION('center_axis',(0.,1.,0.));
#5720=DIRECTION('ref_axis',(0.,0.,1.));
#5721=DIRECTION('',(1.,0.,0.));
#5722=DIRECTION('',(1.,0.,0.));
#5723=DIRECTION('center_axis',(0.,0.,1.));
#5724=DIRECTION('ref_axis',(1.,0.,0.));
#5725=DIRECTION('center_axis',(0.,0.,1.));
#5726=DIRECTION('ref_axis',(1.,0.,0.));
#5727=DIRECTION('center_axis',(1.,0.,0.));
#5728=DIRECTION('ref_axis',(0.,0.,1.));
#5729=DIRECTION('',(0.,0.,1.));
#5730=DIRECTION('',(0.,1.,0.));
#5731=DIRECTION('',(0.,0.,1.));
#5732=DIRECTION('',(0.,1.,0.));
#5733=DIRECTION('center_axis',(1.,0.,0.));
#5734=DIRECTION('ref_axis',(0.,0.,1.));
#5735=DIRECTION('',(0.,0.,1.));
#5736=DIRECTION('',(0.,1.,0.));
#5737=DIRECTION('',(0.,0.,1.));
#5738=DIRECTION('',(0.,1.,0.));
#5739=DIRECTION('center_axis',(0.,1.,0.));
#5740=DIRECTION('ref_axis',(0.,0.,1.));
#5741=DIRECTION('',(1.,0.,0.));
#5742=DIRECTION('',(1.,0.,0.));
#5743=DIRECTION('center_axis',(0.,1.,0.));
#5744=DIRECTION('ref_axis',(0.,0.,1.));
#5745=DIRECTION('',(1.,0.,0.));
#5746=DIRECTION('',(1.,0.,0.));
#5747=DIRECTION('center_axis',(0.,0.,1.));
#5748=DIRECTION('ref_axis',(1.,0.,0.));
#5749=DIRECTION('center_axis',(0.,0.,1.));
#5750=DIRECTION('ref_axis',(1.,0.,0.));
#5751=DIRECTION('center_axis',(1.,0.,0.));
#5752=DIRECTION('ref_axis',(0.,0.,1.));
#5753=DIRECTION('',(0.,0.,1.));
#5754=DIRECTION('',(0.,1.,0.));
#5755=DIRECTION('',(0.,0.,1.));
#5756=DIRECTION('',(0.,1.,0.));
#5757=DIRECTION('center_axis',(1.,0.,0.));
#5758=DIRECTION('ref_axis',(0.,0.,1.));
#5759=DIRECTION('',(0.,0.,1.));
#5760=DIRECTION('',(0.,1.,0.));
#5761=DIRECTION('',(0.,0.,1.));
#5762=DIRECTION('',(0.,1.,0.));
#5763=DIRECTION('center_axis',(0.,1.,0.));
#5764=DIRECTION('ref_axis',(0.,0.,1.));
#5765=DIRECTION('',(1.,0.,0.));
#5766=DIRECTION('',(1.,0.,0.));
#5767=DIRECTION('center_axis',(0.,1.,0.));
#5768=DIRECTION('ref_axis',(0.,0.,1.));
#5769=DIRECTION('',(1.,0.,0.));
#5770=DIRECTION('',(1.,0.,0.));
#5771=DIRECTION('center_axis',(0.,0.,1.));
#5772=DIRECTION('ref_axis',(1.,0.,0.));
#5773=DIRECTION('center_axis',(0.,0.,1.));
#5774=DIRECTION('ref_axis',(1.,0.,0.));
#5775=DIRECTION('center_axis',(1.,0.,0.));
#5776=DIRECTION('ref_axis',(0.,0.,1.));
#5777=DIRECTION('',(0.,0.,1.));
#5778=DIRECTION('',(0.,1.,0.));
#5779=DIRECTION('',(0.,0.,1.));
#5780=DIRECTION('',(0.,1.,0.));
#5781=DIRECTION('center_axis',(1.,0.,0.));
#5782=DIRECTION('ref_axis',(0.,0.,1.));
#5783=DIRECTION('',(0.,0.,1.));
#5784=DIRECTION('',(0.,1.,0.));
#5785=DIRECTION('',(0.,0.,1.));
#5786=DIRECTION('',(0.,1.,0.));
#5787=DIRECTION('center_axis',(0.,1.,0.));
#5788=DIRECTION('ref_axis',(0.,0.,1.));
#5789=DIRECTION('',(1.,0.,0.));
#5790=DIRECTION('',(1.,0.,0.));
#5791=DIRECTION('center_axis',(0.,1.,0.));
#5792=DIRECTION('ref_axis',(0.,0.,1.));
#5793=DIRECTION('',(1.,0.,0.));
#5794=DIRECTION('',(1.,0.,0.));
#5795=DIRECTION('center_axis',(0.,0.,1.));
#5796=DIRECTION('ref_axis',(1.,0.,0.));
#5797=DIRECTION('center_axis',(0.,0.,1.));
#5798=DIRECTION('ref_axis',(1.,0.,0.));
#5799=DIRECTION('center_axis',(1.,0.,0.));
#5800=DIRECTION('ref_axis',(0.,0.,1.));
#5801=DIRECTION('',(0.,0.,1.));
#5802=DIRECTION('',(0.,1.,0.));
#5803=DIRECTION('',(0.,0.,1.));
#5804=DIRECTION('',(0.,1.,0.));
#5805=DIRECTION('center_axis',(1.,0.,0.));
#5806=DIRECTION('ref_axis',(0.,0.,1.));
#5807=DIRECTION('',(0.,0.,1.));
#5808=DIRECTION('',(0.,1.,0.));
#5809=DIRECTION('',(0.,0.,1.));
#5810=DIRECTION('',(0.,1.,0.));
#5811=DIRECTION('center_axis',(0.,1.,0.));
#5812=DIRECTION('ref_axis',(0.,0.,1.));
#5813=DIRECTION('',(1.,0.,0.));
#5814=DIRECTION('',(1.,0.,0.));
#5815=DIRECTION('center_axis',(0.,1.,0.));
#5816=DIRECTION('ref_axis',(0.,0.,1.));
#5817=DIRECTION('',(1.,0.,0.));
#5818=DIRECTION('',(1.,0.,0.));
#5819=DIRECTION('center_axis',(0.,0.,1.));
#5820=DIRECTION('ref_axis',(1.,0.,0.));
#5821=DIRECTION('center_axis',(0.,0.,1.));
#5822=DIRECTION('ref_axis',(1.,0.,0.));
#5823=DIRECTION('center_axis',(1.,0.,0.));
#5824=DIRECTION('ref_axis',(0.,0.,1.));
#5825=DIRECTION('',(0.,0.,1.));
#5826=DIRECTION('',(0.,1.,0.));
#5827=DIRECTION('',(0.,0.,1.));
#5828=DIRECTION('',(0.,1.,0.));
#5829=DIRECTION('center_axis',(1.,0.,0.));
#5830=DIRECTION('ref_axis',(0.,0.,1.));
#5831=DIRECTION('',(0.,0.,1.));
#5832=DIRECTION('',(0.,1.,0.));
#5833=DIRECTION('',(0.,0.,1.));
#5834=DIRECTION('',(0.,1.,0.));
#5835=DIRECTION('center_axis',(0.,1.,0.));
#5836=DIRECTION('ref_axis',(0.,0.,1.));
#5837=DIRECTION('',(1.,0.,0.));
#5838=DIRECTION('',(1.,0.,0.));
#5839=DIRECTION('center_axis',(0.,1.,0.));
#5840=DIRECTION('ref_axis',(0.,0.,1.));
#5841=DIRECTION('',(1.,0.,0.));
#5842=DIRECTION('',(1.,0.,0.));
#5843=DIRECTION('center_axis',(0.,0.,1.));
#5844=DIRECTION('ref_axis',(1.,0.,0.));
#5845=DIRECTION('center_axis',(0.,0.,1.));
#5846=DIRECTION('ref_axis',(1.,0.,0.));
#5847=DIRECTION('center_axis',(1.,0.,0.));
#5848=DIRECTION('ref_axis',(0.,0.,1.));
#5849=DIRECTION('',(0.,0.,1.));
#5850=DIRECTION('',(0.,1.,0.));
#5851=DIRECTION('',(0.,0.,1.));
#5852=DIRECTION('',(0.,1.,0.));
#5853=DIRECTION('center_axis',(1.,0.,0.));
#5854=DIRECTION('ref_axis',(0.,0.,1.));
#5855=DIRECTION('',(0.,0.,1.));
#5856=DIRECTION('',(0.,1.,0.));
#5857=DIRECTION('',(0.,0.,1.));
#5858=DIRECTION('',(0.,1.,0.));
#5859=DIRECTION('center_axis',(0.,1.,0.));
#5860=DIRECTION('ref_axis',(0.,0.,1.));
#5861=DIRECTION('',(1.,0.,0.));
#5862=DIRECTION('',(1.,0.,0.));
#5863=DIRECTION('center_axis',(0.,1.,0.));
#5864=DIRECTION('ref_axis',(0.,0.,1.));
#5865=DIRECTION('',(1.,0.,0.));
#5866=DIRECTION('',(1.,0.,0.));
#5867=DIRECTION('center_axis',(0.,0.,1.));
#5868=DIRECTION('ref_axis',(1.,0.,0.));
#5869=DIRECTION('center_axis',(0.,0.,1.));
#5870=DIRECTION('ref_axis',(1.,0.,0.));
#5871=DIRECTION('center_axis',(1.,0.,0.));
#5872=DIRECTION('ref_axis',(0.,0.,1.));
#5873=DIRECTION('',(0.,0.,1.));
#5874=DIRECTION('',(0.,1.,0.));
#5875=DIRECTION('',(0.,0.,1.));
#5876=DIRECTION('',(0.,1.,0.));
#5877=DIRECTION('center_axis',(1.,0.,0.));
#5878=DIRECTION('ref_axis',(0.,0.,1.));
#5879=DIRECTION('',(0.,0.,1.));
#5880=DIRECTION('',(0.,1.,0.));
#5881=DIRECTION('',(0.,0.,1.));
#5882=DIRECTION('',(0.,1.,0.));
#5883=DIRECTION('center_axis',(0.,1.,0.));
#5884=DIRECTION('ref_axis',(0.,0.,1.));
#5885=DIRECTION('',(1.,0.,0.));
#5886=DIRECTION('',(1.,0.,0.));
#5887=DIRECTION('center_axis',(0.,1.,0.));
#5888=DIRECTION('ref_axis',(0.,0.,1.));
#5889=DIRECTION('',(1.,0.,0.));
#5890=DIRECTION('',(1.,0.,0.));
#5891=DIRECTION('center_axis',(0.,0.,1.));
#5892=DIRECTION('ref_axis',(1.,0.,0.));
#5893=DIRECTION('center_axis',(0.,0.,1.));
#5894=DIRECTION('ref_axis',(1.,0.,0.));
#5895=DIRECTION('center_axis',(1.,0.,0.));
#5896=DIRECTION('ref_axis',(0.,0.,1.));
#5897=DIRECTION('',(0.,0.,1.));
#5898=DIRECTION('',(0.,1.,0.));
#5899=DIRECTION('',(0.,0.,1.));
#5900=DIRECTION('',(0.,1.,0.));
#5901=DIRECTION('center_axis',(1.,0.,0.));
#5902=DIRECTION('ref_axis',(0.,0.,1.));
#5903=DIRECTION('',(0.,0.,1.));
#5904=DIRECTION('',(0.,1.,0.));
#5905=DIRECTION('',(0.,0.,1.));
#5906=DIRECTION('',(0.,1.,0.));
#5907=DIRECTION('center_axis',(0.,1.,0.));
#5908=DIRECTION('ref_axis',(0.,0.,1.));
#5909=DIRECTION('',(1.,0.,0.));
#5910=DIRECTION('',(1.,0.,0.));
#5911=DIRECTION('center_axis',(0.,1.,0.));
#5912=DIRECTION('ref_axis',(0.,0.,1.));
#5913=DIRECTION('',(1.,0.,0.));
#5914=DIRECTION('',(1.,0.,0.));
#5915=DIRECTION('center_axis',(0.,0.,1.));
#5916=DIRECTION('ref_axis',(1.,0.,0.));
#5917=DIRECTION('center_axis',(0.,0.,1.));
#5918=DIRECTION('ref_axis',(1.,0.,0.));
#5919=DIRECTION('center_axis',(1.,0.,0.));
#5920=DIRECTION('ref_axis',(0.,0.,1.));
#5921=DIRECTION('',(0.,0.,1.));
#5922=DIRECTION('',(0.,1.,0.));
#5923=DIRECTION('',(0.,0.,1.));
#5924=DIRECTION('',(0.,1.,0.));
#5925=DIRECTION('center_axis',(1.,0.,0.));
#5926=DIRECTION('ref_axis',(0.,0.,1.));
#5927=DIRECTION('',(0.,0.,1.));
#5928=DIRECTION('',(0.,1.,0.));
#5929=DIRECTION('',(0.,0.,1.));
#5930=DIRECTION('',(0.,1.,0.));
#5931=DIRECTION('center_axis',(0.,1.,0.));
#5932=DIRECTION('ref_axis',(0.,0.,1.));
#5933=DIRECTION('',(1.,0.,0.));
#5934=DIRECTION('',(1.,0.,0.));
#5935=DIRECTION('center_axis',(0.,1.,0.));
#5936=DIRECTION('ref_axis',(0.,0.,1.));
#5937=DIRECTION('',(1.,0.,0.));
#5938=DIRECTION('',(1.,0.,0.));
#5939=DIRECTION('center_axis',(0.,0.,1.));
#5940=DIRECTION('ref_axis',(1.,0.,0.));
#5941=DIRECTION('center_axis',(0.,0.,1.));
#5942=DIRECTION('ref_axis',(1.,0.,0.));
#5943=DIRECTION('center_axis',(1.,0.,0.));
#5944=DIRECTION('ref_axis',(0.,0.,1.));
#5945=DIRECTION('',(0.,0.,1.));
#5946=DIRECTION('',(0.,1.,0.));
#5947=DIRECTION('',(0.,0.,1.));
#5948=DIRECTION('',(0.,1.,0.));
#5949=DIRECTION('center_axis',(1.,0.,0.));
#5950=DIRECTION('ref_axis',(0.,0.,1.));
#5951=DIRECTION('',(0.,0.,1.));
#5952=DIRECTION('',(0.,1.,0.));
#5953=DIRECTION('',(0.,0.,1.));
#5954=DIRECTION('',(0.,1.,0.));
#5955=DIRECTION('center_axis',(0.,1.,0.));
#5956=DIRECTION('ref_axis',(0.,0.,1.));
#5957=DIRECTION('',(1.,0.,0.));
#5958=DIRECTION('',(1.,0.,0.));
#5959=DIRECTION('center_axis',(0.,1.,0.));
#5960=DIRECTION('ref_axis',(0.,0.,1.));
#5961=DIRECTION('',(1.,0.,0.));
#5962=DIRECTION('',(1.,0.,0.));
#5963=DIRECTION('center_axis',(0.,0.,1.));
#5964=DIRECTION('ref_axis',(1.,0.,0.));
#5965=DIRECTION('center_axis',(0.,0.,1.));
#5966=DIRECTION('ref_axis',(1.,0.,0.));
#5967=DIRECTION('center_axis',(1.,0.,0.));
#5968=DIRECTION('ref_axis',(0.,0.,1.));
#5969=DIRECTION('',(0.,0.,1.));
#5970=DIRECTION('',(0.,1.,0.));
#5971=DIRECTION('',(0.,0.,1.));
#5972=DIRECTION('',(0.,1.,0.));
#5973=DIRECTION('center_axis',(1.,0.,0.));
#5974=DIRECTION('ref_axis',(0.,0.,1.));
#5975=DIRECTION('',(0.,0.,1.));
#5976=DIRECTION('',(0.,1.,0.));
#5977=DIRECTION('',(0.,0.,1.));
#5978=DIRECTION('',(0.,1.,0.));
#5979=DIRECTION('center_axis',(0.,1.,0.));
#5980=DIRECTION('ref_axis',(0.,0.,1.));
#5981=DIRECTION('',(1.,0.,0.));
#5982=DIRECTION('',(1.,0.,0.));
#5983=DIRECTION('center_axis',(0.,1.,0.));
#5984=DIRECTION('ref_axis',(0.,0.,1.));
#5985=DIRECTION('',(1.,0.,0.));
#5986=DIRECTION('',(1.,0.,0.));
#5987=DIRECTION('center_axis',(0.,0.,1.));
#5988=DIRECTION('ref_axis',(1.,0.,0.));
#5989=DIRECTION('center_axis',(0.,0.,1.));
#5990=DIRECTION('ref_axis',(1.,0.,0.));
#5991=DIRECTION('center_axis',(1.,0.,0.));
#5992=DIRECTION('ref_axis',(0.,0.,1.));
#5993=DIRECTION('',(0.,0.,1.));
#5994=DIRECTION('',(0.,1.,0.));
#5995=DIRECTION('',(0.,0.,1.));
#5996=DIRECTION('',(0.,1.,0.));
#5997=DIRECTION('center_axis',(1.,0.,0.));
#5998=DIRECTION('ref_axis',(0.,0.,1.));
#5999=DIRECTION('',(0.,0.,1.));
#6000=DIRECTION('',(0.,1.,0.));
#6001=DIRECTION('',(0.,0.,1.));
#6002=DIRECTION('',(0.,1.,0.));
#6003=DIRECTION('center_axis',(0.,1.,0.));
#6004=DIRECTION('ref_axis',(0.,0.,1.));
#6005=DIRECTION('',(1.,0.,0.));
#6006=DIRECTION('',(1.,0.,0.));
#6007=DIRECTION('center_axis',(0.,1.,0.));
#6008=DIRECTION('ref_axis',(0.,0.,1.));
#6009=DIRECTION('',(1.,0.,0.));
#6010=DIRECTION('',(1.,0.,0.));
#6011=DIRECTION('center_axis',(0.,0.,1.));
#6012=DIRECTION('ref_axis',(1.,0.,0.));
#6013=DIRECTION('center_axis',(0.,0.,1.));
#6014=DIRECTION('ref_axis',(1.,0.,0.));
#6015=DIRECTION('center_axis',(1.,0.,0.));
#6016=DIRECTION('ref_axis',(0.,0.,1.));
#6017=DIRECTION('',(0.,0.,1.));
#6018=DIRECTION('',(0.,1.,0.));
#6019=DIRECTION('',(0.,0.,1.));
#6020=DIRECTION('',(0.,1.,0.));
#6021=DIRECTION('center_axis',(1.,0.,0.));
#6022=DIRECTION('ref_axis',(0.,0.,1.));
#6023=DIRECTION('',(0.,0.,1.));
#6024=DIRECTION('',(0.,1.,0.));
#6025=DIRECTION('',(0.,0.,1.));
#6026=DIRECTION('',(0.,1.,0.));
#6027=DIRECTION('center_axis',(0.,1.,0.));
#6028=DIRECTION('ref_axis',(0.,0.,1.));
#6029=DIRECTION('',(1.,0.,0.));
#6030=DIRECTION('',(1.,0.,0.));
#6031=DIRECTION('center_axis',(0.,1.,0.));
#6032=DIRECTION('ref_axis',(0.,0.,1.));
#6033=DIRECTION('',(1.,0.,0.));
#6034=DIRECTION('',(1.,0.,0.));
#6035=DIRECTION('center_axis',(0.,0.,1.));
#6036=DIRECTION('ref_axis',(1.,0.,0.));
#6037=DIRECTION('center_axis',(0.,0.,1.));
#6038=DIRECTION('ref_axis',(1.,0.,0.));
#6039=DIRECTION('center_axis',(1.,0.,0.));
#6040=DIRECTION('ref_axis',(0.,0.,1.));
#6041=DIRECTION('',(0.,0.,1.));
#6042=DIRECTION('',(0.,1.,0.));
#6043=DIRECTION('',(0.,0.,1.));
#6044=DIRECTION('',(0.,1.,0.));
#6045=DIRECTION('center_axis',(1.,0.,0.));
#6046=DIRECTION('ref_axis',(0.,0.,1.));
#6047=DIRECTION('',(0.,0.,1.));
#6048=DIRECTION('',(0.,1.,0.));
#6049=DIRECTION('',(0.,0.,1.));
#6050=DIRECTION('',(0.,1.,0.));
#6051=DIRECTION('center_axis',(0.,1.,0.));
#6052=DIRECTION('ref_axis',(0.,0.,1.));
#6053=DIRECTION('',(1.,0.,0.));
#6054=DIRECTION('',(1.,0.,0.));
#6055=DIRECTION('center_axis',(0.,1.,0.));
#6056=DIRECTION('ref_axis',(0.,0.,1.));
#6057=DIRECTION('',(1.,0.,0.));
#6058=DIRECTION('',(1.,0.,0.));
#6059=DIRECTION('center_axis',(0.,0.,1.));
#6060=DIRECTION('ref_axis',(1.,0.,0.));
#6061=DIRECTION('center_axis',(0.,0.,1.));
#6062=DIRECTION('ref_axis',(1.,0.,0.));
#6063=DIRECTION('center_axis',(1.,0.,0.));
#6064=DIRECTION('ref_axis',(0.,0.,1.));
#6065=DIRECTION('',(0.,0.,1.));
#6066=DIRECTION('',(0.,1.,0.));
#6067=DIRECTION('',(0.,0.,1.));
#6068=DIRECTION('',(0.,1.,0.));
#6069=DIRECTION('center_axis',(1.,0.,0.));
#6070=DIRECTION('ref_axis',(0.,0.,1.));
#6071=DIRECTION('',(0.,0.,1.));
#6072=DIRECTION('',(0.,1.,0.));
#6073=DIRECTION('',(0.,0.,1.));
#6074=DIRECTION('',(0.,1.,0.));
#6075=DIRECTION('center_axis',(0.,1.,0.));
#6076=DIRECTION('ref_axis',(0.,0.,1.));
#6077=DIRECTION('',(1.,0.,0.));
#6078=DIRECTION('',(1.,0.,0.));
#6079=DIRECTION('center_axis',(0.,1.,0.));
#6080=DIRECTION('ref_axis',(0.,0.,1.));
#6081=DIRECTION('',(1.,0.,0.));
#6082=DIRECTION('',(1.,0.,0.));
#6083=DIRECTION('center_axis',(0.,0.,1.));
#6084=DIRECTION('ref_axis',(1.,0.,0.));
#6085=DIRECTION('center_axis',(0.,0.,1.));
#6086=DIRECTION('ref_axis',(1.,0.,0.));
#6087=DIRECTION('center_axis',(1.,0.,0.));
#6088=DIRECTION('ref_axis',(0.,0.,1.));
#6089=DIRECTION('',(0.,0.,1.));
#6090=DIRECTION('',(0.,1.,0.));
#6091=DIRECTION('',(0.,0.,1.));
#6092=DIRECTION('',(0.,1.,0.));
#6093=DIRECTION('center_axis',(1.,0.,0.));
#6094=DIRECTION('ref_axis',(0.,0.,1.));
#6095=DIRECTION('',(0.,0.,1.));
#6096=DIRECTION('',(0.,1.,0.));
#6097=DIRECTION('',(0.,0.,1.));
#6098=DIRECTION('',(0.,1.,0.));
#6099=DIRECTION('center_axis',(0.,1.,0.));
#6100=DIRECTION('ref_axis',(0.,0.,1.));
#6101=DIRECTION('',(1.,0.,0.));
#6102=DIRECTION('',(1.,0.,0.));
#6103=DIRECTION('center_axis',(0.,1.,0.));
#6104=DIRECTION('ref_axis',(0.,0.,1.));
#6105=DIRECTION('',(1.,0.,0.));
#6106=DIRECTION('',(1.,0.,0.));
#6107=DIRECTION('center_axis',(0.,0.,1.));
#6108=DIRECTION('ref_axis',(1.,0.,0.));
#6109=DIRECTION('center_axis',(0.,0.,1.));
#6110=DIRECTION('ref_axis',(1.,0.,0.));
#6111=DIRECTION('center_axis',(1.,0.,0.));
#6112=DIRECTION('ref_axis',(0.,0.,1.));
#6113=DIRECTION('',(0.,0.,1.));
#6114=DIRECTION('',(0.,1.,0.));
#6115=DIRECTION('',(0.,0.,1.));
#6116=DIRECTION('',(0.,1.,0.));
#6117=DIRECTION('center_axis',(1.,0.,0.));
#6118=DIRECTION('ref_axis',(0.,0.,1.));
#6119=DIRECTION('',(0.,0.,1.));
#6120=DIRECTION('',(0.,1.,0.));
#6121=DIRECTION('',(0.,0.,1.));
#6122=DIRECTION('',(0.,1.,0.));
#6123=DIRECTION('center_axis',(0.,1.,0.));
#6124=DIRECTION('ref_axis',(0.,0.,1.));
#6125=DIRECTION('',(1.,0.,0.));
#6126=DIRECTION('',(1.,0.,0.));
#6127=DIRECTION('center_axis',(0.,1.,0.));
#6128=DIRECTION('ref_axis',(0.,0.,1.));
#6129=DIRECTION('',(1.,0.,0.));
#6130=DIRECTION('',(1.,0.,0.));
#6131=DIRECTION('center_axis',(0.,0.,1.));
#6132=DIRECTION('ref_axis',(1.,0.,0.));
#6133=DIRECTION('center_axis',(0.,0.,1.));
#6134=DIRECTION('ref_axis',(1.,0.,0.));
#6135=DIRECTION('center_axis',(1.,0.,0.));
#6136=DIRECTION('ref_axis',(0.,0.,1.));
#6137=DIRECTION('',(0.,0.,1.));
#6138=DIRECTION('',(0.,1.,0.));
#6139=DIRECTION('',(0.,0.,1.));
#6140=DIRECTION('',(0.,1.,0.));
#6141=DIRECTION('center_axis',(1.,0.,0.));
#6142=DIRECTION('ref_axis',(0.,0.,1.));
#6143=DIRECTION('',(0.,0.,1.));
#6144=DIRECTION('',(0.,1.,0.));
#6145=DIRECTION('',(0.,0.,1.));
#6146=DIRECTION('',(0.,1.,0.));
#6147=DIRECTION('center_axis',(0.,1.,0.));
#6148=DIRECTION('ref_axis',(0.,0.,1.));
#6149=DIRECTION('',(1.,0.,0.));
#6150=DIRECTION('',(1.,0.,0.));
#6151=DIRECTION('center_axis',(0.,1.,0.));
#6152=DIRECTION('ref_axis',(0.,0.,1.));
#6153=DIRECTION('',(1.,0.,0.));
#6154=DIRECTION('',(1.,0.,0.));
#6155=DIRECTION('center_axis',(0.,0.,1.));
#6156=DIRECTION('ref_axis',(1.,0.,0.));
#6157=DIRECTION('center_axis',(0.,0.,1.));
#6158=DIRECTION('ref_axis',(1.,0.,0.));
#6159=DIRECTION('center_axis',(1.,0.,0.));
#6160=DIRECTION('ref_axis',(0.,0.,1.));
#6161=DIRECTION('',(0.,0.,1.));
#6162=DIRECTION('',(0.,1.,0.));
#6163=DIRECTION('',(0.,0.,1.));
#6164=DIRECTION('',(0.,1.,0.));
#6165=DIRECTION('center_axis',(1.,0.,0.));
#6166=DIRECTION('ref_axis',(0.,0.,1.));
#6167=DIRECTION('',(0.,0.,1.));
#6168=DIRECTION('',(0.,1.,0.));
#6169=DIRECTION('',(0.,0.,1.));
#6170=DIRECTION('',(0.,1.,0.));
#6171=DIRECTION('center_axis',(0.,1.,0.));
#6172=DIRECTION('ref_axis',(0.,0.,1.));
#6173=DIRECTION('',(1.,0.,0.));
#6174=DIRECTION('',(1.,0.,0.));
#6175=DIRECTION('center_axis',(0.,1.,0.));
#6176=DIRECTION('ref_axis',(0.,0.,1.));
#6177=DIRECTION('',(1.,0.,0.));
#6178=DIRECTION('',(1.,0.,0.));
#6179=DIRECTION('center_axis',(0.,0.,1.));
#6180=DIRECTION('ref_axis',(1.,0.,0.));
#6181=DIRECTION('center_axis',(0.,0.,1.));
#6182=DIRECTION('ref_axis',(1.,0.,0.));
#6183=DIRECTION('center_axis',(1.,0.,0.));
#6184=DIRECTION('ref_axis',(0.,0.,1.));
#6185=DIRECTION('',(0.,0.,1.));
#6186=DIRECTION('',(0.,1.,0.));
#6187=DIRECTION('',(0.,0.,1.));
#6188=DIRECTION('',(0.,1.,0.));
#6189=DIRECTION('center_axis',(1.,0.,0.));
#6190=DIRECTION('ref_axis',(0.,0.,1.));
#6191=DIRECTION('',(0.,0.,1.));
#6192=DIRECTION('',(0.,1.,0.));
#6193=DIRECTION('',(0.,0.,1.));
#6194=DIRECTION('',(0.,1.,0.));
#6195=DIRECTION('center_axis',(0.,1.,0.));
#6196=DIRECTION('ref_axis',(0.,0.,1.));
#6197=DIRECTION('',(1.,0.,0.));
#6198=DIRECTION('',(1.,0.,0.));
#6199=DIRECTION('center_axis',(0.,1.,0.));
#6200=DIRECTION('ref_axis',(0.,0.,1.));
#6201=DIRECTION('',(1.,0.,0.));
#6202=DIRECTION('',(1.,0.,0.));
#6203=DIRECTION('center_axis',(0.,0.,1.));
#6204=DIRECTION('ref_axis',(1.,0.,0.));
#6205=DIRECTION('center_axis',(0.,0.,1.));
#6206=DIRECTION('ref_axis',(1.,0.,0.));
#6207=DIRECTION('center_axis',(1.,0.,0.));
#6208=DIRECTION('ref_axis',(0.,0.,1.));
#6209=DIRECTION('',(0.,0.,1.));
#6210=DIRECTION('',(0.,1.,0.));
#6211=DIRECTION('',(0.,0.,1.));
#6212=DIRECTION('',(0.,1.,0.));
#6213=DIRECTION('center_axis',(1.,0.,0.));
#6214=DIRECTION('ref_axis',(0.,0.,1.));
#6215=DIRECTION('',(0.,0.,1.));
#6216=DIRECTION('',(0.,1.,0.));
#6217=DIRECTION('',(0.,0.,1.));
#6218=DIRECTION('',(0.,1.,0.));
#6219=DIRECTION('center_axis',(0.,1.,0.));
#6220=DIRECTION('ref_axis',(0.,0.,1.));
#6221=DIRECTION('',(1.,0.,0.));
#6222=DIRECTION('',(1.,0.,0.));
#6223=DIRECTION('center_axis',(0.,1.,0.));
#6224=DIRECTION('ref_axis',(0.,0.,1.));
#6225=DIRECTION('',(1.,0.,0.));
#6226=DIRECTION('',(1.,0.,0.));
#6227=DIRECTION('center_axis',(0.,0.,1.));
#6228=DIRECTION('ref_axis',(1.,0.,0.));
#6229=DIRECTION('center_axis',(0.,0.,1.));
#6230=DIRECTION('ref_axis',(1.,0.,0.));
#6231=DIRECTION('center_axis',(1.,0.,0.));
#6232=DIRECTION('ref_axis',(0.,0.,1.));
#6233=DIRECTION('',(0.,0.,1.));
#6234=DIRECTION('',(0.,1.,0.));
#6235=DIRECTION('',(0.,0.,1.));
#6236=DIRECTION('',(0.,1.,0.));
#6237=DIRECTION('center_axis',(1.,0.,0.));
#6238=DIRECTION('ref_axis',(0.,0.,1.));
#6239=DIRECTION('',(0.,0.,1.));
#6240=DIRECTION('',(0.,1.,0.));
#6241=DIRECTION('',(0.,0.,1.));
#6242=DIRECTION('',(0.,1.,0.));
#6243=DIRECTION('center_axis',(0.,1.,0.));
#6244=DIRECTION('ref_axis',(0.,0.,1.));
#6245=DIRECTION('',(1.,0.,0.));
#6246=DIRECTION('',(1.,0.,0.));
#6247=DIRECTION('center_axis',(0.,1.,0.));
#6248=DIRECTION('ref_axis',(0.,0.,1.));
#6249=DIRECTION('',(1.,0.,0.));
#6250=DIRECTION('',(1.,0.,0.));
#6251=DIRECTION('center_axis',(0.,0.,1.));
#6252=DIRECTION('ref_axis',(1.,0.,0.));
#6253=DIRECTION('center_axis',(0.,0.,1.));
#6254=DIRECTION('ref_axis',(1.,0.,0.));
#6255=DIRECTION('center_axis',(1.,0.,0.));
#6256=DIRECTION('ref_axis',(0.,0.,1.));
#6257=DIRECTION('',(0.,0.,1.));
#6258=DIRECTION('',(0.,1.,0.));
#6259=DIRECTION('',(0.,0.,1.));
#6260=DIRECTION('',(0.,1.,0.));
#6261=DIRECTION('center_axis',(1.,0.,0.));
#6262=DIRECTION('ref_axis',(0.,0.,1.));
#6263=DIRECTION('',(0.,0.,1.));
#6264=DIRECTION('',(0.,1.,0.));
#6265=DIRECTION('',(0.,0.,1.));
#6266=DIRECTION('',(0.,1.,0.));
#6267=DIRECTION('center_axis',(0.,1.,0.));
#6268=DIRECTION('ref_axis',(0.,0.,1.));
#6269=DIRECTION('',(1.,0.,0.));
#6270=DIRECTION('',(1.,0.,0.));
#6271=DIRECTION('center_axis',(0.,1.,0.));
#6272=DIRECTION('ref_axis',(0.,0.,1.));
#6273=DIRECTION('',(1.,0.,0.));
#6274=DIRECTION('',(1.,0.,0.));
#6275=DIRECTION('center_axis',(0.,0.,1.));
#6276=DIRECTION('ref_axis',(1.,0.,0.));
#6277=DIRECTION('center_axis',(0.,0.,1.));
#6278=DIRECTION('ref_axis',(1.,0.,0.));
#6279=DIRECTION('center_axis',(1.,0.,0.));
#6280=DIRECTION('ref_axis',(0.,0.,1.));
#6281=DIRECTION('',(0.,0.,1.));
#6282=DIRECTION('',(0.,1.,0.));
#6283=DIRECTION('',(0.,0.,1.));
#6284=DIRECTION('',(0.,1.,0.));
#6285=DIRECTION('center_axis',(1.,0.,0.));
#6286=DIRECTION('ref_axis',(0.,0.,1.));
#6287=DIRECTION('',(0.,0.,1.));
#6288=DIRECTION('',(0.,1.,0.));
#6289=DIRECTION('',(0.,0.,1.));
#6290=DIRECTION('',(0.,1.,0.));
#6291=DIRECTION('center_axis',(0.,1.,0.));
#6292=DIRECTION('ref_axis',(0.,0.,1.));
#6293=DIRECTION('',(1.,0.,0.));
#6294=DIRECTION('',(1.,0.,0.));
#6295=DIRECTION('center_axis',(0.,1.,0.));
#6296=DIRECTION('ref_axis',(0.,0.,1.));
#6297=DIRECTION('',(1.,0.,0.));
#6298=DIRECTION('',(1.,0.,0.));
#6299=DIRECTION('center_axis',(0.,0.,1.));
#6300=DIRECTION('ref_axis',(1.,0.,0.));
#6301=DIRECTION('center_axis',(0.,0.,1.));
#6302=DIRECTION('ref_axis',(1.,0.,0.));
#6303=DIRECTION('center_axis',(1.,0.,0.));
#6304=DIRECTION('ref_axis',(0.,0.,1.));
#6305=DIRECTION('',(0.,0.,1.));
#6306=DIRECTION('',(0.,1.,0.));
#6307=DIRECTION('',(0.,0.,1.));
#6308=DIRECTION('',(0.,1.,0.));
#6309=DIRECTION('center_axis',(1.,0.,0.));
#6310=DIRECTION('ref_axis',(0.,0.,1.));
#6311=DIRECTION('',(0.,0.,1.));
#6312=DIRECTION('',(0.,1.,0.));
#6313=DIRECTION('',(0.,0.,1.));
#6314=DIRECTION('',(0.,1.,0.));
#6315=DIRECTION('center_axis',(0.,1.,0.));
#6316=DIRECTION('ref_axis',(0.,0.,1.));
#6317=DIRECTION('',(1.,0.,0.));
#6318=DIRECTION('',(1.,0.,0.));
#6319=DIRECTION('center_axis',(0.,1.,0.));
#6320=DIRECTION('ref_axis',(0.,0.,1.));
#6321=DIRECTION('',(1.,0.,0.));
#6322=DIRECTION('',(1.,0.,0.));
#6323=DIRECTION('center_axis',(0.,0.,1.));
#6324=DIRECTION('ref_axis',(1.,0.,0.));
#6325=DIRECTION('center_axis',(0.,0.,1.));
#6326=DIRECTION('ref_axis',(1.,0.,0.));
#6327=DIRECTION('center_axis',(1.,0.,0.));
#6328=DIRECTION('ref_axis',(0.,0.,1.));
#6329=DIRECTION('',(0.,0.,1.));
#6330=DIRECTION('',(0.,1.,0.));
#6331=DIRECTION('',(0.,0.,1.));
#6332=DIRECTION('',(0.,1.,0.));
#6333=DIRECTION('center_axis',(1.,0.,0.));
#6334=DIRECTION('ref_axis',(0.,0.,1.));
#6335=DIRECTION('',(0.,0.,1.));
#6336=DIRECTION('',(0.,1.,0.));
#6337=DIRECTION('',(0.,0.,1.));
#6338=DIRECTION('',(0.,1.,0.));
#6339=DIRECTION('center_axis',(0.,1.,0.));
#6340=DIRECTION('ref_axis',(0.,0.,1.));
#6341=DIRECTION('',(1.,0.,0.));
#6342=DIRECTION('',(1.,0.,0.));
#6343=DIRECTION('center_axis',(0.,1.,0.));
#6344=DIRECTION('ref_axis',(0.,0.,1.));
#6345=DIRECTION('',(1.,0.,0.));
#6346=DIRECTION('',(1.,0.,0.));
#6347=DIRECTION('center_axis',(0.,0.,1.));
#6348=DIRECTION('ref_axis',(1.,0.,0.));
#6349=DIRECTION('center_axis',(0.,0.,1.));
#6350=DIRECTION('ref_axis',(1.,0.,0.));
#6351=DIRECTION('center_axis',(1.,0.,0.));
#6352=DIRECTION('ref_axis',(0.,0.,1.));
#6353=DIRECTION('',(0.,0.,1.));
#6354=DIRECTION('',(0.,1.,0.));
#6355=DIRECTION('',(0.,0.,1.));
#6356=DIRECTION('',(0.,1.,0.));
#6357=DIRECTION('center_axis',(1.,0.,0.));
#6358=DIRECTION('ref_axis',(0.,0.,1.));
#6359=DIRECTION('',(0.,0.,1.));
#6360=DIRECTION('',(0.,1.,0.));
#6361=DIRECTION('',(0.,0.,1.));
#6362=DIRECTION('',(0.,1.,0.));
#6363=DIRECTION('center_axis',(0.,1.,0.));
#6364=DIRECTION('ref_axis',(0.,0.,1.));
#6365=DIRECTION('',(1.,0.,0.));
#6366=DIRECTION('',(1.,0.,0.));
#6367=DIRECTION('center_axis',(0.,1.,0.));
#6368=DIRECTION('ref_axis',(0.,0.,1.));
#6369=DIRECTION('',(1.,0.,0.));
#6370=DIRECTION('',(1.,0.,0.));
#6371=DIRECTION('center_axis',(0.,0.,1.));
#6372=DIRECTION('ref_axis',(1.,0.,0.));
#6373=DIRECTION('center_axis',(0.,0.,1.));
#6374=DIRECTION('ref_axis',(1.,0.,0.));
#6375=DIRECTION('center_axis',(1.,0.,0.));
#6376=DIRECTION('ref_axis',(0.,0.,1.));
#6377=DIRECTION('',(0.,0.,1.));
#6378=DIRECTION('',(0.,1.,0.));
#6379=DIRECTION('',(0.,0.,1.));
#6380=DIRECTION('',(0.,1.,0.));
#6381=DIRECTION('center_axis',(1.,0.,0.));
#6382=DIRECTION('ref_axis',(0.,0.,1.));
#6383=DIRECTION('',(0.,0.,1.));
#6384=DIRECTION('',(0.,1.,0.));
#6385=DIRECTION('',(0.,0.,1.));
#6386=DIRECTION('',(0.,1.,0.));
#6387=DIRECTION('center_axis',(0.,1.,0.));
#6388=DIRECTION('ref_axis',(0.,0.,1.));
#6389=DIRECTION('',(1.,0.,0.));
#6390=DIRECTION('',(1.,0.,0.));
#6391=DIRECTION('center_axis',(0.,1.,0.));
#6392=DIRECTION('ref_axis',(0.,0.,1.));
#6393=DIRECTION('',(1.,0.,0.));
#6394=DIRECTION('',(1.,0.,0.));
#6395=DIRECTION('center_axis',(0.,0.,1.));
#6396=DIRECTION('ref_axis',(1.,0.,0.));
#6397=DIRECTION('center_axis',(0.,0.,1.));
#6398=DIRECTION('ref_axis',(1.,0.,0.));
#6399=DIRECTION('center_axis',(1.,0.,0.));
#6400=DIRECTION('ref_axis',(0.,0.,1.));
#6401=DIRECTION('',(0.,0.,1.));
#6402=DIRECTION('',(0.,1.,0.));
#6403=DIRECTION('',(0.,0.,1.));
#6404=DIRECTION('',(0.,1.,0.));
#6405=DIRECTION('center_axis',(1.,0.,0.));
#6406=DIRECTION('ref_axis',(0.,0.,1.));
#6407=DIRECTION('',(0.,0.,1.));
#6408=DIRECTION('',(0.,1.,0.));
#6409=DIRECTION('',(0.,0.,1.));
#6410=DIRECTION('',(0.,1.,0.));
#6411=DIRECTION('center_axis',(0.,1.,0.));
#6412=DIRECTION('ref_axis',(0.,0.,1.));
#6413=DIRECTION('',(1.,0.,0.));
#6414=DIRECTION('',(1.,0.,0.));
#6415=DIRECTION('center_axis',(0.,1.,0.));
#6416=DIRECTION('ref_axis',(0.,0.,1.));
#6417=DIRECTION('',(1.,0.,0.));
#6418=DIRECTION('',(1.,0.,0.));
#6419=DIRECTION('center_axis',(0.,0.,1.));
#6420=DIRECTION('ref_axis',(1.,0.,0.));
#6421=DIRECTION('center_axis',(0.,0.,1.));
#6422=DIRECTION('ref_axis',(1.,0.,0.));
#6423=DIRECTION('center_axis',(1.,0.,0.));
#6424=DIRECTION('ref_axis',(0.,0.,1.));
#6425=DIRECTION('',(0.,0.,1.));
#6426=DIRECTION('',(0.,1.,0.));
#6427=DIRECTION('',(0.,0.,1.));
#6428=DIRECTION('',(0.,1.,0.));
#6429=DIRECTION('center_axis',(1.,0.,0.));
#6430=DIRECTION('ref_axis',(0.,0.,1.));
#6431=DIRECTION('',(0.,0.,1.));
#6432=DIRECTION('',(0.,1.,0.));
#6433=DIRECTION('',(0.,0.,1.));
#6434=DIRECTION('',(0.,1.,0.));
#6435=DIRECTION('center_axis',(0.,1.,0.));
#6436=DIRECTION('ref_axis',(0.,0.,1.));
#6437=DIRECTION('',(1.,0.,0.));
#6438=DIRECTION('',(1.,0.,0.));
#6439=DIRECTION('center_axis',(0.,1.,0.));
#6440=DIRECTION('ref_axis',(0.,0.,1.));
#6441=DIRECTION('',(1.,0.,0.));
#6442=DIRECTION('',(1.,0.,0.));
#6443=DIRECTION('center_axis',(0.,0.,1.));
#6444=DIRECTION('ref_axis',(1.,0.,0.));
#6445=DIRECTION('center_axis',(0.,0.,1.));
#6446=DIRECTION('ref_axis',(1.,0.,0.));
#6447=DIRECTION('center_axis',(1.,0.,0.));
#6448=DIRECTION('ref_axis',(0.,0.,1.));
#6449=DIRECTION('',(0.,0.,1.));
#6450=DIRECTION('',(0.,1.,0.));
#6451=DIRECTION('',(0.,0.,1.));
#6452=DIRECTION('',(0.,1.,0.));
#6453=DIRECTION('center_axis',(1.,0.,0.));
#6454=DIRECTION('ref_axis',(0.,0.,1.));
#6455=DIRECTION('',(0.,0.,1.));
#6456=DIRECTION('',(0.,1.,0.));
#6457=DIRECTION('',(0.,0.,1.));
#6458=DIRECTION('',(0.,1.,0.));
#6459=DIRECTION('center_axis',(0.,1.,0.));
#6460=DIRECTION('ref_axis',(0.,0.,1.));
#6461=DIRECTION('',(1.,0.,0.));
#6462=DIRECTION('',(1.,0.,0.));
#6463=DIRECTION('center_axis',(0.,1.,0.));
#6464=DIRECTION('ref_axis',(0.,0.,1.));
#6465=DIRECTION('',(1.,0.,0.));
#6466=DIRECTION('',(1.,0.,0.));
#6467=DIRECTION('center_axis',(0.,0.,1.));
#6468=DIRECTION('ref_axis',(1.,0.,0.));
#6469=DIRECTION('center_axis',(0.,0.,1.));
#6470=DIRECTION('ref_axis',(1.,0.,0.));
#6471=DIRECTION('center_axis',(1.,0.,0.));
#6472=DIRECTION('ref_axis',(0.,0.,1.));
#6473=DIRECTION('',(0.,0.,1.));
#6474=DIRECTION('',(0.,1.,0.));
#6475=DIRECTION('',(0.,0.,1.));
#6476=DIRECTION('',(0.,1.,0.));
#6477=DIRECTION('center_axis',(1.,0.,0.));
#6478=DIRECTION('ref_axis',(0.,0.,1.));
#6479=DIRECTION('',(0.,0.,1.));
#6480=DIRECTION('',(0.,1.,0.));
#6481=DIRECTION('',(0.,0.,1.));
#6482=DIRECTION('',(0.,1.,0.));
#6483=DIRECTION('center_axis',(0.,1.,0.));
#6484=DIRECTION('ref_axis',(0.,0.,1.));
#6485=DIRECTION('',(1.,0.,0.));
#6486=DIRECTION('',(1.,0.,0.));
#6487=DIRECTION('center_axis',(0.,1.,0.));
#6488=DIRECTION('ref_axis',(0.,0.,1.));
#6489=DIRECTION('',(1.,0.,0.));
#6490=DIRECTION('',(1.,0.,0.));
#6491=DIRECTION('center_axis',(0.,0.,1.));
#6492=DIRECTION('ref_axis',(1.,0.,0.));
#6493=DIRECTION('center_axis',(0.,0.,1.));
#6494=DIRECTION('ref_axis',(1.,0.,0.));
#6495=DIRECTION('center_axis',(1.,0.,0.));
#6496=DIRECTION('ref_axis',(0.,0.,1.));
#6497=DIRECTION('',(0.,0.,1.));
#6498=DIRECTION('',(0.,1.,0.));
#6499=DIRECTION('',(0.,0.,1.));
#6500=DIRECTION('',(0.,1.,0.));
#6501=DIRECTION('center_axis',(1.,0.,0.));
#6502=DIRECTION('ref_axis',(0.,0.,1.));
#6503=DIRECTION('',(0.,0.,1.));
#6504=DIRECTION('',(0.,1.,0.));
#6505=DIRECTION('',(0.,0.,1.));
#6506=DIRECTION('',(0.,1.,0.));
#6507=DIRECTION('center_axis',(0.,1.,0.));
#6508=DIRECTION('ref_axis',(0.,0.,1.));
#6509=DIRECTION('',(1.,0.,0.));
#6510=DIRECTION('',(1.,0.,0.));
#6511=DIRECTION('center_axis',(0.,1.,0.));
#6512=DIRECTION('ref_axis',(0.,0.,1.));
#6513=DIRECTION('',(1.,0.,0.));
#6514=DIRECTION('',(1.,0.,0.));
#6515=DIRECTION('center_axis',(0.,0.,1.));
#6516=DIRECTION('ref_axis',(1.,0.,0.));
#6517=DIRECTION('center_axis',(0.,0.,1.));
#6518=DIRECTION('ref_axis',(1.,0.,0.));
#6519=DIRECTION('center_axis',(1.,0.,0.));
#6520=DIRECTION('ref_axis',(0.,0.,1.));
#6521=DIRECTION('',(0.,0.,1.));
#6522=DIRECTION('',(0.,1.,0.));
#6523=DIRECTION('',(0.,0.,1.));
#6524=DIRECTION('',(0.,1.,0.));
#6525=DIRECTION('center_axis',(1.,0.,0.));
#6526=DIRECTION('ref_axis',(0.,0.,1.));
#6527=DIRECTION('',(0.,0.,1.));
#6528=DIRECTION('',(0.,1.,0.));
#6529=DIRECTION('',(0.,0.,1.));
#6530=DIRECTION('',(0.,1.,0.));
#6531=DIRECTION('center_axis',(0.,1.,0.));
#6532=DIRECTION('ref_axis',(0.,0.,1.));
#6533=DIRECTION('',(1.,0.,0.));
#6534=DIRECTION('',(1.,0.,0.));
#6535=DIRECTION('center_axis',(0.,1.,0.));
#6536=DIRECTION('ref_axis',(0.,0.,1.));
#6537=DIRECTION('',(1.,0.,0.));
#6538=DIRECTION('',(1.,0.,0.));
#6539=DIRECTION('center_axis',(0.,0.,1.));
#6540=DIRECTION('ref_axis',(1.,0.,0.));
#6541=DIRECTION('center_axis',(0.,0.,1.));
#6542=DIRECTION('ref_axis',(1.,0.,0.));
#6543=DIRECTION('center_axis',(1.,0.,0.));
#6544=DIRECTION('ref_axis',(0.,0.,1.));
#6545=DIRECTION('',(0.,0.,1.));
#6546=DIRECTION('',(0.,1.,0.));
#6547=DIRECTION('',(0.,0.,1.));
#6548=DIRECTION('',(0.,1.,0.));
#6549=DIRECTION('center_axis',(1.,0.,0.));
#6550=DIRECTION('ref_axis',(0.,0.,1.));
#6551=DIRECTION('',(0.,0.,1.));
#6552=DIRECTION('',(0.,1.,0.));
#6553=DIRECTION('',(0.,0.,1.));
#6554=DIRECTION('',(0.,1.,0.));
#6555=DIRECTION('center_axis',(0.,1.,0.));
#6556=DIRECTION('ref_axis',(0.,0.,1.));
#6557=DIRECTION('',(1.,0.,0.));
#6558=DIRECTION('',(1.,0.,0.));
#6559=DIRECTION('center_axis',(0.,1.,0.));
#6560=DIRECTION('ref_axis',(0.,0.,1.));
#6561=DIRECTION('',(1.,0.,0.));
#6562=DIRECTION('',(1.,0.,0.));
#6563=DIRECTION('center_axis',(0.,0.,1.));
#6564=DIRECTION('ref_axis',(1.,0.,0.));
#6565=DIRECTION('center_axis',(0.,0.,1.));
#6566=DIRECTION('ref_axis',(1.,0.,0.));
#6567=DIRECTION('center_axis',(1.,0.,0.));
#6568=DIRECTION('ref_axis',(0.,0.,1.));
#6569=DIRECTION('',(0.,0.,1.));
#6570=DIRECTION('',(0.,1.,0.));
#6571=DIRECTION('',(0.,0.,1.));
#6572=DIRECTION('',(0.,1.,0.));
#6573=DIRECTION('center_axis',(1.,0.,0.));
#6574=DIRECTION('ref_axis',(0.,0.,1.));
#6575=DIRECTION('',(0.,0.,1.));
#6576=DIRECTION('',(0.,1.,0.));
#6577=DIRECTION('',(0.,0.,1.));
#6578=DIRECTION('',(0.,1.,0.));
#6579=DIRECTION('center_axis',(0.,1.,0.));
#6580=DIRECTION('ref_axis',(0.,0.,1.));
#6581=DIRECTION('',(1.,0.,0.));
#6582=DIRECTION('',(1.,0.,0.));
#6583=DIRECTION('center_axis',(0.,1.,0.));
#6584=DIRECTION('ref_axis',(0.,0.,1.));
#6585=DIRECTION('',(1.,0.,0.));
#6586=DIRECTION('',(1.,0.,0.));
#6587=DIRECTION('center_axis',(0.,0.,1.));
#6588=DIRECTION('ref_axis',(1.,0.,0.));
#6589=DIRECTION('center_axis',(0.,0.,1.));
#6590=DIRECTION('ref_axis',(1.,0.,0.));
#6591=DIRECTION('center_axis',(1.,0.,0.));
#6592=DIRECTION('ref_axis',(0.,0.,1.));
#6593=DIRECTION('',(0.,0.,1.));
#6594=DIRECTION('',(0.,1.,0.));
#6595=DIRECTION('',(0.,0.,1.));
#6596=DIRECTION('',(0.,1.,0.));
#6597=DIRECTION('center_axis',(1.,0.,0.));
#6598=DIRECTION('ref_axis',(0.,0.,1.));
#6599=DIRECTION('',(0.,0.,1.));
#6600=DIRECTION('',(0.,1.,0.));
#6601=DIRECTION('',(0.,0.,1.));
#6602=DIRECTION('',(0.,1.,0.));
#6603=DIRECTION('center_axis',(0.,1.,0.));
#6604=DIRECTION('ref_axis',(0.,0.,1.));
#6605=DIRECTION('',(1.,0.,0.));
#6606=DIRECTION('',(1.,0.,0.));
#6607=DIRECTION('center_axis',(0.,1.,0.));
#6608=DIRECTION('ref_axis',(0.,0.,1.));
#6609=DIRECTION('',(1.,0.,0.));
#6610=DIRECTION('',(1.,0.,0.));
#6611=DIRECTION('center_axis',(0.,0.,1.));
#6612=DIRECTION('ref_axis',(1.,0.,0.));
#6613=DIRECTION('center_axis',(0.,0.,1.));
#6614=DIRECTION('ref_axis',(1.,0.,0.));
#6615=DIRECTION('center_axis',(1.,0.,0.));
#6616=DIRECTION('ref_axis',(0.,0.,1.));
#6617=DIRECTION('',(0.,0.,1.));
#6618=DIRECTION('',(0.,1.,0.));
#6619=DIRECTION('',(0.,0.,1.));
#6620=DIRECTION('',(0.,1.,0.));
#6621=DIRECTION('center_axis',(1.,0.,0.));
#6622=DIRECTION('ref_axis',(0.,0.,1.));
#6623=DIRECTION('',(0.,0.,1.));
#6624=DIRECTION('',(0.,1.,0.));
#6625=DIRECTION('',(0.,0.,1.));
#6626=DIRECTION('',(0.,1.,0.));
#6627=DIRECTION('center_axis',(0.,1.,0.));
#6628=DIRECTION('ref_axis',(0.,0.,1.));
#6629=DIRECTION('',(1.,0.,0.));
#6630=DIRECTION('',(1.,0.,0.));
#6631=DIRECTION('center_axis',(0.,1.,0.));
#6632=DIRECTION('ref_axis',(0.,0.,1.));
#6633=DIRECTION('',(1.,0.,0.));
#6634=DIRECTION('',(1.,0.,0.));
#6635=DIRECTION('center_axis',(0.,0.,1.));
#6636=DIRECTION('ref_axis',(1.,0.,0.));
#6637=DIRECTION('center_axis',(0.,0.,1.));
#6638=DIRECTION('ref_axis',(1.,0.,0.));
#6639=DIRECTION('center_axis',(1.,0.,0.));
#6640=DIRECTION('ref_axis',(0.,0.,1.));
#6641=DIRECTION('',(0.,0.,1.));
#6642=DIRECTION('',(0.,1.,0.));
#6643=DIRECTION('',(0.,0.,1.));
#6644=DIRECTION('',(0.,1.,0.));
#6645=DIRECTION('center_axis',(1.,0.,0.));
#6646=DIRECTION('ref_axis',(0.,0.,1.));
#6647=DIRECTION('',(0.,0.,1.));
#6648=DIRECTION('',(0.,1.,0.));
#6649=DIRECTION('',(0.,0.,1.));
#6650=DIRECTION('',(0.,1.,0.));
#6651=DIRECTION('center_axis',(0.,1.,0.));
#6652=DIRECTION('ref_axis',(0.,0.,1.));
#6653=DIRECTION('',(1.,0.,0.));
#6654=DIRECTION('',(1.,0.,0.));
#6655=DIRECTION('center_axis',(0.,1.,0.));
#6656=DIRECTION('ref_axis',(0.,0.,1.));
#6657=DIRECTION('',(1.,0.,0.));
#6658=DIRECTION('',(1.,0.,0.));
#6659=DIRECTION('center_axis',(0.,0.,1.));
#6660=DIRECTION('ref_axis',(1.,0.,0.));
#6661=DIRECTION('center_axis',(0.,0.,1.));
#6662=DIRECTION('ref_axis',(1.,0.,0.));
#6663=DIRECTION('center_axis',(1.,0.,0.));
#6664=DIRECTION('ref_axis',(0.,0.,1.));
#6665=DIRECTION('',(0.,0.,1.));
#6666=DIRECTION('',(0.,1.,0.));
#6667=DIRECTION('',(0.,0.,1.));
#6668=DIRECTION('',(0.,1.,0.));
#6669=DIRECTION('center_axis',(1.,0.,0.));
#6670=DIRECTION('ref_axis',(0.,0.,1.));
#6671=DIRECTION('',(0.,0.,1.));
#6672=DIRECTION('',(0.,1.,0.));
#6673=DIRECTION('',(0.,0.,1.));
#6674=DIRECTION('',(0.,1.,0.));
#6675=DIRECTION('center_axis',(0.,1.,0.));
#6676=DIRECTION('ref_axis',(0.,0.,1.));
#6677=DIRECTION('',(1.,0.,0.));
#6678=DIRECTION('',(1.,0.,0.));
#6679=DIRECTION('center_axis',(0.,1.,0.));
#6680=DIRECTION('ref_axis',(0.,0.,1.));
#6681=DIRECTION('',(1.,0.,0.));
#6682=DIRECTION('',(1.,0.,0.));
#6683=DIRECTION('center_axis',(0.,0.,1.));
#6684=DIRECTION('ref_axis',(1.,0.,0.));
#6685=DIRECTION('center_axis',(0.,0.,1.));
#6686=DIRECTION('ref_axis',(1.,0.,0.));
#6687=DIRECTION('center_axis',(1.,0.,0.));
#6688=DIRECTION('ref_axis',(0.,0.,1.));
#6689=DIRECTION('',(0.,0.,1.));
#6690=DIRECTION('',(0.,1.,0.));
#6691=DIRECTION('',(0.,0.,1.));
#6692=DIRECTION('',(0.,1.,0.));
#6693=DIRECTION('center_axis',(1.,0.,0.));
#6694=DIRECTION('ref_axis',(0.,0.,1.));
#6695=DIRECTION('',(0.,0.,1.));
#6696=DIRECTION('',(0.,1.,0.));
#6697=DIRECTION('',(0.,0.,1.));
#6698=DIRECTION('',(0.,1.,0.));
#6699=DIRECTION('center_axis',(0.,1.,0.));
#6700=DIRECTION('ref_axis',(0.,0.,1.));
#6701=DIRECTION('',(1.,0.,0.));
#6702=DIRECTION('',(1.,0.,0.));
#6703=DIRECTION('center_axis',(0.,1.,0.));
#6704=DIRECTION('ref_axis',(0.,0.,1.));
#6705=DIRECTION('',(1.,0.,0.));
#6706=DIRECTION('',(1.,0.,0.));
#6707=DIRECTION('center_axis',(0.,0.,1.));
#6708=DIRECTION('ref_axis',(1.,0.,0.));
#6709=DIRECTION('center_axis',(0.,0.,1.));
#6710=DIRECTION('ref_axis',(1.,0.,0.));
#6711=DIRECTION('center_axis',(1.,0.,0.));
#6712=DIRECTION('ref_axis',(0.,0.,1.));
#6713=DIRECTION('',(0.,0.,1.));
#6714=DIRECTION('',(0.,1.,0.));
#6715=DIRECTION('',(0.,0.,1.));
#6716=DIRECTION('',(0.,1.,0.));
#6717=DIRECTION('center_axis',(1.,0.,0.));
#6718=DIRECTION('ref_axis',(0.,0.,1.));
#6719=DIRECTION('',(0.,0.,1.));
#6720=DIRECTION('',(0.,1.,0.));
#6721=DIRECTION('',(0.,0.,1.));
#6722=DIRECTION('',(0.,1.,0.));
#6723=DIRECTION('center_axis',(0.,1.,0.));
#6724=DIRECTION('ref_axis',(0.,0.,1.));
#6725=DIRECTION('',(1.,0.,0.));
#6726=DIRECTION('',(1.,0.,0.));
#6727=DIRECTION('center_axis',(0.,1.,0.));
#6728=DIRECTION('ref_axis',(0.,0.,1.));
#6729=DIRECTION('',(1.,0.,0.));
#6730=DIRECTION('',(1.,0.,0.));
#6731=DIRECTION('center_axis',(0.,0.,1.));
#6732=DIRECTION('ref_axis',(1.,0.,0.));
#6733=DIRECTION('center_axis',(0.,0.,1.));
#6734=DIRECTION('ref_axis',(1.,0.,0.));
#6735=DIRECTION('center_axis',(1.,0.,0.));
#6736=DIRECTION('ref_axis',(0.,0.,1.));
#6737=DIRECTION('',(0.,0.,1.));
#6738=DIRECTION('',(0.,1.,0.));
#6739=DIRECTION('',(0.,0.,1.));
#6740=DIRECTION('',(0.,1.,0.));
#6741=DIRECTION('center_axis',(1.,0.,0.));
#6742=DIRECTION('ref_axis',(0.,0.,1.));
#6743=DIRECTION('',(0.,0.,1.));
#6744=DIRECTION('',(0.,1.,0.));
#6745=DIRECTION('',(0.,0.,1.));
#6746=DIRECTION('',(0.,1.,0.));
#6747=DIRECTION('center_axis',(0.,1.,0.));
#6748=DIRECTION('ref_axis',(0.,0.,1.));
#6749=DIRECTION('',(1.,0.,0.));
#6750=DIRECTION('',(1.,0.,0.));
#6751=DIRECTION('center_axis',(0.,1.,0.));
#6752=DIRECTION('ref_axis',(0.,0.,1.));
#6753=DIRECTION('',(1.,0.,0.));
#6754=DIRECTION('',(1.,0.,0.));
#6755=DIRECTION('center_axis',(0.,0.,1.));
#6756=DIRECTION('ref_axis',(1.,0.,0.));
#6757=DIRECTION('center_axis',(0.,0.,1.));
#6758=DIRECTION('ref_axis',(1.,0.,0.));
#6759=DIRECTION('center_axis',(1.,0.,0.));
#6760=DIRECTION('ref_axis',(0.,0.,1.));
#6761=DIRECTION('',(0.,0.,1.));
#6762=DIRECTION('',(0.,1.,0.));
#6763=DIRECTION('',(0.,0.,1.));
#6764=DIRECTION('',(0.,1.,0.));
#6765=DIRECTION('center_axis',(1.,0.,0.));
#6766=DIRECTION('ref_axis',(0.,0.,1.));
#6767=DIRECTION('',(0.,0.,1.));
#6768=DIRECTION('',(0.,1.,0.));
#6769=DIRECTION('',(0.,0.,1.));
#6770=DIRECTION('',(0.,1.,0.));
#6771=DIRECTION('center_axis',(0.,1.,0.));
#6772=DIRECTION('ref_axis',(0.,0.,1.));
#6773=DIRECTION('',(1.,0.,0.));
#6774=DIRECTION('',(1.,0.,0.));
#6775=DIRECTION('center_axis',(0.,1.,0.));
#6776=DIRECTION('ref_axis',(0.,0.,1.));
#6777=DIRECTION('',(1.,0.,0.));
#6778=DIRECTION('',(1.,0.,0.));
#6779=DIRECTION('center_axis',(0.,0.,1.));
#6780=DIRECTION('ref_axis',(1.,0.,0.));
#6781=DIRECTION('center_axis',(0.,0.,1.));
#6782=DIRECTION('ref_axis',(1.,0.,0.));
#6783=DIRECTION('center_axis',(1.,0.,0.));
#6784=DIRECTION('ref_axis',(0.,0.,1.));
#6785=DIRECTION('',(0.,0.,1.));
#6786=DIRECTION('',(0.,1.,0.));
#6787=DIRECTION('',(0.,0.,1.));
#6788=DIRECTION('',(0.,1.,0.));
#6789=DIRECTION('center_axis',(1.,0.,0.));
#6790=DIRECTION('ref_axis',(0.,0.,1.));
#6791=DIRECTION('',(0.,0.,1.));
#6792=DIRECTION('',(0.,1.,0.));
#6793=DIRECTION('',(0.,0.,1.));
#6794=DIRECTION('',(0.,1.,0.));
#6795=DIRECTION('center_axis',(0.,1.,0.));
#6796=DIRECTION('ref_axis',(0.,0.,1.));
#6797=DIRECTION('',(1.,0.,0.));
#6798=DIRECTION('',(1.,0.,0.));
#6799=DIRECTION('center_axis',(0.,1.,0.));
#6800=DIRECTION('ref_axis',(0.,0.,1.));
#6801=DIRECTION('',(1.,0.,0.));
#6802=DIRECTION('',(1.,0.,0.));
#6803=DIRECTION('center_axis',(0.,0.,1.));
#6804=DIRECTION('ref_axis',(1.,0.,0.));
#6805=DIRECTION('center_axis',(0.,0.,1.));
#6806=DIRECTION('ref_axis',(1.,0.,0.));
#6807=DIRECTION('',(0.,0.,1.));
#6808=DIRECTION('',(1.,0.,0.));
#6809=DIRECTION('',(0.,0.,1.));
#6810=DIRECTION('',(1.,0.,0.));
#6811=CARTESIAN_POINT('',(0.,0.,0.));
#6812=CARTESIAN_POINT('',(0.,0.,0.));
#6813=CARTESIAN_POINT('Origin',(-3.,3.,0.));
#6814=CARTESIAN_POINT('',(-3.,3.,0.));
#6815=CARTESIAN_POINT('',(-3.,3.,0.8));
#6816=CARTESIAN_POINT('',(-3.,3.,0.));
#6817=CARTESIAN_POINT('',(3.,3.,0.8));
#6818=CARTESIAN_POINT('',(-3.,3.,0.8));
#6819=CARTESIAN_POINT('',(3.,3.,0.));
#6820=CARTESIAN_POINT('',(3.,3.,0.));
#6821=CARTESIAN_POINT('',(-3.,3.,0.));
#6822=CARTESIAN_POINT('Origin',(3.,3.,0.));
#6823=CARTESIAN_POINT('',(3.,-3.,0.8));
#6824=CARTESIAN_POINT('',(3.,3.,0.8));
#6825=CARTESIAN_POINT('',(3.,-3.,0.));
#6826=CARTESIAN_POINT('',(3.,-3.,0.));
#6827=CARTESIAN_POINT('',(3.,3.,0.));
#6828=CARTESIAN_POINT('Origin',(3.,-3.,0.));
#6829=CARTESIAN_POINT('',(-3.,-3.,0.8));
#6830=CARTESIAN_POINT('',(3.,-3.,0.8));
#6831=CARTESIAN_POINT('',(-3.,-3.,0.));
#6832=CARTESIAN_POINT('',(-3.,-3.,0.));
#6833=CARTESIAN_POINT('',(3.,-3.,0.));
#6834=CARTESIAN_POINT('Origin',(-3.,-3.,0.));
#6835=CARTESIAN_POINT('',(-3.,-3.,0.8));
#6836=CARTESIAN_POINT('',(-3.,-3.,0.));
#6837=CARTESIAN_POINT('Origin',(0.,0.,1.387778780781E-17));
#6838=CARTESIAN_POINT('Origin',(0.,0.,0.8));
#6839=CARTESIAN_POINT('',(0.,0.,0.));
#6840=CARTESIAN_POINT('Origin',(-2.98,2.32,0.));
#6841=CARTESIAN_POINT('',(-2.98,2.32,0.));
#6842=CARTESIAN_POINT('',(-2.98,2.32,0.1));
#6843=CARTESIAN_POINT('',(-2.98,2.32,0.));
#6844=CARTESIAN_POINT('',(-2.98,2.48,0.1));
#6845=CARTESIAN_POINT('',(-2.98,2.32,0.1));
#6846=CARTESIAN_POINT('',(-2.98,2.48,0.));
#6847=CARTESIAN_POINT('',(-2.98,2.48,0.));
#6848=CARTESIAN_POINT('',(-2.98,2.32,0.));
#6849=CARTESIAN_POINT('Origin',(-2.62,2.32,0.));
#6850=CARTESIAN_POINT('',(-2.62,2.32,0.));
#6851=CARTESIAN_POINT('',(-2.62,2.32,0.1));
#6852=CARTESIAN_POINT('',(-2.62,2.32,0.));
#6853=CARTESIAN_POINT('',(-2.62,2.48,0.));
#6854=CARTESIAN_POINT('',(-2.62,2.32,0.));
#6855=CARTESIAN_POINT('',(-2.62,2.48,0.1));
#6856=CARTESIAN_POINT('',(-2.62,2.48,0.));
#6857=CARTESIAN_POINT('',(-2.62,2.32,0.1));
#6858=CARTESIAN_POINT('Origin',(-2.98,2.32,0.));
#6859=CARTESIAN_POINT('',(-2.98,2.32,0.));
#6860=CARTESIAN_POINT('',(-2.98,2.32,0.1));
#6861=CARTESIAN_POINT('Origin',(-2.98,2.48,0.));
#6862=CARTESIAN_POINT('',(-2.98,2.48,0.));
#6863=CARTESIAN_POINT('',(-2.98,2.48,0.1));
#6864=CARTESIAN_POINT('Origin',(-2.98,2.32,0.));
#6865=CARTESIAN_POINT('Origin',(-2.98,2.32,0.1));
#6866=CARTESIAN_POINT('Origin',(-2.98,1.92,0.));
#6867=CARTESIAN_POINT('',(-2.98,1.92,0.));
#6868=CARTESIAN_POINT('',(-2.98,1.92,0.1));
#6869=CARTESIAN_POINT('',(-2.98,1.92,0.));
#6870=CARTESIAN_POINT('',(-2.98,2.08,0.1));
#6871=CARTESIAN_POINT('',(-2.98,1.92,0.1));
#6872=CARTESIAN_POINT('',(-2.98,2.08,0.));
#6873=CARTESIAN_POINT('',(-2.98,2.08,0.));
#6874=CARTESIAN_POINT('',(-2.98,1.92,0.));
#6875=CARTESIAN_POINT('Origin',(-2.62,1.92,0.));
#6876=CARTESIAN_POINT('',(-2.62,1.92,0.));
#6877=CARTESIAN_POINT('',(-2.62,1.92,0.1));
#6878=CARTESIAN_POINT('',(-2.62,1.92,0.));
#6879=CARTESIAN_POINT('',(-2.62,2.08,0.));
#6880=CARTESIAN_POINT('',(-2.62,1.92,0.));
#6881=CARTESIAN_POINT('',(-2.62,2.08,0.1));
#6882=CARTESIAN_POINT('',(-2.62,2.08,0.));
#6883=CARTESIAN_POINT('',(-2.62,1.92,0.1));
#6884=CARTESIAN_POINT('Origin',(-2.98,1.92,0.));
#6885=CARTESIAN_POINT('',(-2.98,1.92,0.));
#6886=CARTESIAN_POINT('',(-2.98,1.92,0.1));
#6887=CARTESIAN_POINT('Origin',(-2.98,2.08,0.));
#6888=CARTESIAN_POINT('',(-2.98,2.08,0.));
#6889=CARTESIAN_POINT('',(-2.98,2.08,0.1));
#6890=CARTESIAN_POINT('Origin',(-2.98,1.92,0.));
#6891=CARTESIAN_POINT('Origin',(-2.98,1.92,0.1));
#6892=CARTESIAN_POINT('Origin',(-2.98,1.52,0.));
#6893=CARTESIAN_POINT('',(-2.98,1.52,0.));
#6894=CARTESIAN_POINT('',(-2.98,1.52,0.1));
#6895=CARTESIAN_POINT('',(-2.98,1.52,0.));
#6896=CARTESIAN_POINT('',(-2.98,1.68,0.1));
#6897=CARTESIAN_POINT('',(-2.98,1.52,0.1));
#6898=CARTESIAN_POINT('',(-2.98,1.68,0.));
#6899=CARTESIAN_POINT('',(-2.98,1.68,0.));
#6900=CARTESIAN_POINT('',(-2.98,1.52,0.));
#6901=CARTESIAN_POINT('Origin',(-2.62,1.52,0.));
#6902=CARTESIAN_POINT('',(-2.62,1.52,0.));
#6903=CARTESIAN_POINT('',(-2.62,1.52,0.1));
#6904=CARTESIAN_POINT('',(-2.62,1.52,0.));
#6905=CARTESIAN_POINT('',(-2.62,1.68,0.));
#6906=CARTESIAN_POINT('',(-2.62,1.52,0.));
#6907=CARTESIAN_POINT('',(-2.62,1.68,0.1));
#6908=CARTESIAN_POINT('',(-2.62,1.68,0.));
#6909=CARTESIAN_POINT('',(-2.62,1.52,0.1));
#6910=CARTESIAN_POINT('Origin',(-2.98,1.52,0.));
#6911=CARTESIAN_POINT('',(-2.98,1.52,0.));
#6912=CARTESIAN_POINT('',(-2.98,1.52,0.1));
#6913=CARTESIAN_POINT('Origin',(-2.98,1.68,0.));
#6914=CARTESIAN_POINT('',(-2.98,1.68,0.));
#6915=CARTESIAN_POINT('',(-2.98,1.68,0.1));
#6916=CARTESIAN_POINT('Origin',(-2.98,1.52,0.));
#6917=CARTESIAN_POINT('Origin',(-2.98,1.52,0.1));
#6918=CARTESIAN_POINT('Origin',(-2.98,1.12,0.));
#6919=CARTESIAN_POINT('',(-2.98,1.12,0.));
#6920=CARTESIAN_POINT('',(-2.98,1.12,0.1));
#6921=CARTESIAN_POINT('',(-2.98,1.12,0.));
#6922=CARTESIAN_POINT('',(-2.98,1.28,0.1));
#6923=CARTESIAN_POINT('',(-2.98,1.12,0.1));
#6924=CARTESIAN_POINT('',(-2.98,1.28,0.));
#6925=CARTESIAN_POINT('',(-2.98,1.28,0.));
#6926=CARTESIAN_POINT('',(-2.98,1.12,0.));
#6927=CARTESIAN_POINT('Origin',(-2.62,1.12,0.));
#6928=CARTESIAN_POINT('',(-2.62,1.12,0.));
#6929=CARTESIAN_POINT('',(-2.62,1.12,0.1));
#6930=CARTESIAN_POINT('',(-2.62,1.12,0.));
#6931=CARTESIAN_POINT('',(-2.62,1.28,0.));
#6932=CARTESIAN_POINT('',(-2.62,1.12,0.));
#6933=CARTESIAN_POINT('',(-2.62,1.28,0.1));
#6934=CARTESIAN_POINT('',(-2.62,1.28,0.));
#6935=CARTESIAN_POINT('',(-2.62,1.12,0.1));
#6936=CARTESIAN_POINT('Origin',(-2.98,1.12,0.));
#6937=CARTESIAN_POINT('',(-2.98,1.12,0.));
#6938=CARTESIAN_POINT('',(-2.98,1.12,0.1));
#6939=CARTESIAN_POINT('Origin',(-2.98,1.28,0.));
#6940=CARTESIAN_POINT('',(-2.98,1.28,0.));
#6941=CARTESIAN_POINT('',(-2.98,1.28,0.1));
#6942=CARTESIAN_POINT('Origin',(-2.98,1.12,0.));
#6943=CARTESIAN_POINT('Origin',(-2.98,1.12,0.1));
#6944=CARTESIAN_POINT('Origin',(-2.98,0.72,0.));
#6945=CARTESIAN_POINT('',(-2.98,0.72,0.));
#6946=CARTESIAN_POINT('',(-2.98,0.72,0.1));
#6947=CARTESIAN_POINT('',(-2.98,0.72,0.));
#6948=CARTESIAN_POINT('',(-2.98,0.88,0.1));
#6949=CARTESIAN_POINT('',(-2.98,0.72,0.1));
#6950=CARTESIAN_POINT('',(-2.98,0.88,0.));
#6951=CARTESIAN_POINT('',(-2.98,0.88,0.));
#6952=CARTESIAN_POINT('',(-2.98,0.72,0.));
#6953=CARTESIAN_POINT('Origin',(-2.62,0.72,0.));
#6954=CARTESIAN_POINT('',(-2.62,0.72,0.));
#6955=CARTESIAN_POINT('',(-2.62,0.72,0.1));
#6956=CARTESIAN_POINT('',(-2.62,0.72,0.));
#6957=CARTESIAN_POINT('',(-2.62,0.88,0.));
#6958=CARTESIAN_POINT('',(-2.62,0.72,0.));
#6959=CARTESIAN_POINT('',(-2.62,0.88,0.1));
#6960=CARTESIAN_POINT('',(-2.62,0.88,0.));
#6961=CARTESIAN_POINT('',(-2.62,0.72,0.1));
#6962=CARTESIAN_POINT('Origin',(-2.98,0.72,0.));
#6963=CARTESIAN_POINT('',(-2.98,0.72,0.));
#6964=CARTESIAN_POINT('',(-2.98,0.72,0.1));
#6965=CARTESIAN_POINT('Origin',(-2.98,0.88,0.));
#6966=CARTESIAN_POINT('',(-2.98,0.88,0.));
#6967=CARTESIAN_POINT('',(-2.98,0.88,0.1));
#6968=CARTESIAN_POINT('Origin',(-2.98,0.72,0.));
#6969=CARTESIAN_POINT('Origin',(-2.98,0.72,0.1));
#6970=CARTESIAN_POINT('Origin',(-2.98,0.32,0.));
#6971=CARTESIAN_POINT('',(-2.98,0.32,0.));
#6972=CARTESIAN_POINT('',(-2.98,0.32,0.1));
#6973=CARTESIAN_POINT('',(-2.98,0.32,0.));
#6974=CARTESIAN_POINT('',(-2.98,0.48,0.1));
#6975=CARTESIAN_POINT('',(-2.98,0.32,0.1));
#6976=CARTESIAN_POINT('',(-2.98,0.48,0.));
#6977=CARTESIAN_POINT('',(-2.98,0.48,0.));
#6978=CARTESIAN_POINT('',(-2.98,0.32,0.));
#6979=CARTESIAN_POINT('Origin',(-2.62,0.32,0.));
#6980=CARTESIAN_POINT('',(-2.62,0.32,0.));
#6981=CARTESIAN_POINT('',(-2.62,0.32,0.1));
#6982=CARTESIAN_POINT('',(-2.62,0.32,0.));
#6983=CARTESIAN_POINT('',(-2.62,0.48,0.));
#6984=CARTESIAN_POINT('',(-2.62,0.32,0.));
#6985=CARTESIAN_POINT('',(-2.62,0.48,0.1));
#6986=CARTESIAN_POINT('',(-2.62,0.48,0.));
#6987=CARTESIAN_POINT('',(-2.62,0.32,0.1));
#6988=CARTESIAN_POINT('Origin',(-2.98,0.32,0.));
#6989=CARTESIAN_POINT('',(-2.98,0.32,0.));
#6990=CARTESIAN_POINT('',(-2.98,0.32,0.1));
#6991=CARTESIAN_POINT('Origin',(-2.98,0.48,0.));
#6992=CARTESIAN_POINT('',(-2.98,0.48,0.));
#6993=CARTESIAN_POINT('',(-2.98,0.48,0.1));
#6994=CARTESIAN_POINT('Origin',(-2.98,0.32,0.));
#6995=CARTESIAN_POINT('Origin',(-2.98,0.32,0.1));
#6996=CARTESIAN_POINT('Origin',(-2.98,-0.08,0.));
#6997=CARTESIAN_POINT('',(-2.98,-0.08,0.));
#6998=CARTESIAN_POINT('',(-2.98,-0.08,0.1));
#6999=CARTESIAN_POINT('',(-2.98,-0.08,0.));
#7000=CARTESIAN_POINT('',(-2.98,0.08,0.1));
#7001=CARTESIAN_POINT('',(-2.98,-0.08,0.1));
#7002=CARTESIAN_POINT('',(-2.98,0.08,0.));
#7003=CARTESIAN_POINT('',(-2.98,0.08,0.));
#7004=CARTESIAN_POINT('',(-2.98,-0.08,0.));
#7005=CARTESIAN_POINT('Origin',(-2.62,-0.08,0.));
#7006=CARTESIAN_POINT('',(-2.62,-0.08,0.));
#7007=CARTESIAN_POINT('',(-2.62,-0.08,0.1));
#7008=CARTESIAN_POINT('',(-2.62,-0.08,0.));
#7009=CARTESIAN_POINT('',(-2.62,0.08,0.));
#7010=CARTESIAN_POINT('',(-2.62,-0.08,0.));
#7011=CARTESIAN_POINT('',(-2.62,0.08,0.1));
#7012=CARTESIAN_POINT('',(-2.62,0.08,0.));
#7013=CARTESIAN_POINT('',(-2.62,-0.08,0.1));
#7014=CARTESIAN_POINT('Origin',(-2.98,-0.08,0.));
#7015=CARTESIAN_POINT('',(-2.98,-0.08,0.));
#7016=CARTESIAN_POINT('',(-2.98,-0.08,0.1));
#7017=CARTESIAN_POINT('Origin',(-2.98,0.08,0.));
#7018=CARTESIAN_POINT('',(-2.98,0.08,0.));
#7019=CARTESIAN_POINT('',(-2.98,0.08,0.1));
#7020=CARTESIAN_POINT('Origin',(-2.98,-0.08,0.));
#7021=CARTESIAN_POINT('Origin',(-2.98,-0.08,0.1));
#7022=CARTESIAN_POINT('Origin',(-2.98,-0.48,0.));
#7023=CARTESIAN_POINT('',(-2.98,-0.48,0.));
#7024=CARTESIAN_POINT('',(-2.98,-0.48,0.1));
#7025=CARTESIAN_POINT('',(-2.98,-0.48,0.));
#7026=CARTESIAN_POINT('',(-2.98,-0.32,0.1));
#7027=CARTESIAN_POINT('',(-2.98,-0.48,0.1));
#7028=CARTESIAN_POINT('',(-2.98,-0.32,0.));
#7029=CARTESIAN_POINT('',(-2.98,-0.32,0.));
#7030=CARTESIAN_POINT('',(-2.98,-0.48,0.));
#7031=CARTESIAN_POINT('Origin',(-2.62,-0.48,0.));
#7032=CARTESIAN_POINT('',(-2.62,-0.48,0.));
#7033=CARTESIAN_POINT('',(-2.62,-0.48,0.1));
#7034=CARTESIAN_POINT('',(-2.62,-0.48,0.));
#7035=CARTESIAN_POINT('',(-2.62,-0.32,0.));
#7036=CARTESIAN_POINT('',(-2.62,-0.48,0.));
#7037=CARTESIAN_POINT('',(-2.62,-0.32,0.1));
#7038=CARTESIAN_POINT('',(-2.62,-0.32,0.));
#7039=CARTESIAN_POINT('',(-2.62,-0.48,0.1));
#7040=CARTESIAN_POINT('Origin',(-2.98,-0.48,0.));
#7041=CARTESIAN_POINT('',(-2.98,-0.48,0.));
#7042=CARTESIAN_POINT('',(-2.98,-0.48,0.1));
#7043=CARTESIAN_POINT('Origin',(-2.98,-0.32,0.));
#7044=CARTESIAN_POINT('',(-2.98,-0.32,0.));
#7045=CARTESIAN_POINT('',(-2.98,-0.32,0.1));
#7046=CARTESIAN_POINT('Origin',(-2.98,-0.48,0.));
#7047=CARTESIAN_POINT('Origin',(-2.98,-0.48,0.1));
#7048=CARTESIAN_POINT('Origin',(-2.98,-0.88,0.));
#7049=CARTESIAN_POINT('',(-2.98,-0.88,0.));
#7050=CARTESIAN_POINT('',(-2.98,-0.88,0.1));
#7051=CARTESIAN_POINT('',(-2.98,-0.88,0.));
#7052=CARTESIAN_POINT('',(-2.98,-0.72,0.1));
#7053=CARTESIAN_POINT('',(-2.98,-0.88,0.1));
#7054=CARTESIAN_POINT('',(-2.98,-0.72,0.));
#7055=CARTESIAN_POINT('',(-2.98,-0.72,0.));
#7056=CARTESIAN_POINT('',(-2.98,-0.88,0.));
#7057=CARTESIAN_POINT('Origin',(-2.62,-0.88,0.));
#7058=CARTESIAN_POINT('',(-2.62,-0.88,0.));
#7059=CARTESIAN_POINT('',(-2.62,-0.88,0.1));
#7060=CARTESIAN_POINT('',(-2.62,-0.88,0.));
#7061=CARTESIAN_POINT('',(-2.62,-0.72,0.));
#7062=CARTESIAN_POINT('',(-2.62,-0.88,0.));
#7063=CARTESIAN_POINT('',(-2.62,-0.72,0.1));
#7064=CARTESIAN_POINT('',(-2.62,-0.72,0.));
#7065=CARTESIAN_POINT('',(-2.62,-0.88,0.1));
#7066=CARTESIAN_POINT('Origin',(-2.98,-0.88,0.));
#7067=CARTESIAN_POINT('',(-2.98,-0.88,0.));
#7068=CARTESIAN_POINT('',(-2.98,-0.88,0.1));
#7069=CARTESIAN_POINT('Origin',(-2.98,-0.72,0.));
#7070=CARTESIAN_POINT('',(-2.98,-0.72,0.));
#7071=CARTESIAN_POINT('',(-2.98,-0.72,0.1));
#7072=CARTESIAN_POINT('Origin',(-2.98,-0.88,0.));
#7073=CARTESIAN_POINT('Origin',(-2.98,-0.88,0.1));
#7074=CARTESIAN_POINT('Origin',(-2.98,-1.28,0.));
#7075=CARTESIAN_POINT('',(-2.98,-1.28,0.));
#7076=CARTESIAN_POINT('',(-2.98,-1.28,0.1));
#7077=CARTESIAN_POINT('',(-2.98,-1.28,0.));
#7078=CARTESIAN_POINT('',(-2.98,-1.12,0.1));
#7079=CARTESIAN_POINT('',(-2.98,-1.28,0.1));
#7080=CARTESIAN_POINT('',(-2.98,-1.12,0.));
#7081=CARTESIAN_POINT('',(-2.98,-1.12,0.));
#7082=CARTESIAN_POINT('',(-2.98,-1.28,0.));
#7083=CARTESIAN_POINT('Origin',(-2.62,-1.28,0.));
#7084=CARTESIAN_POINT('',(-2.62,-1.28,0.));
#7085=CARTESIAN_POINT('',(-2.62,-1.28,0.1));
#7086=CARTESIAN_POINT('',(-2.62,-1.28,0.));
#7087=CARTESIAN_POINT('',(-2.62,-1.12,0.));
#7088=CARTESIAN_POINT('',(-2.62,-1.28,0.));
#7089=CARTESIAN_POINT('',(-2.62,-1.12,0.1));
#7090=CARTESIAN_POINT('',(-2.62,-1.12,0.));
#7091=CARTESIAN_POINT('',(-2.62,-1.28,0.1));
#7092=CARTESIAN_POINT('Origin',(-2.98,-1.28,0.));
#7093=CARTESIAN_POINT('',(-2.98,-1.28,0.));
#7094=CARTESIAN_POINT('',(-2.98,-1.28,0.1));
#7095=CARTESIAN_POINT('Origin',(-2.98,-1.12,0.));
#7096=CARTESIAN_POINT('',(-2.98,-1.12,0.));
#7097=CARTESIAN_POINT('',(-2.98,-1.12,0.1));
#7098=CARTESIAN_POINT('Origin',(-2.98,-1.28,0.));
#7099=CARTESIAN_POINT('Origin',(-2.98,-1.28,0.1));
#7100=CARTESIAN_POINT('Origin',(-2.98,-1.68,0.));
#7101=CARTESIAN_POINT('',(-2.98,-1.68,0.));
#7102=CARTESIAN_POINT('',(-2.98,-1.68,0.1));
#7103=CARTESIAN_POINT('',(-2.98,-1.68,0.));
#7104=CARTESIAN_POINT('',(-2.98,-1.52,0.1));
#7105=CARTESIAN_POINT('',(-2.98,-1.68,0.1));
#7106=CARTESIAN_POINT('',(-2.98,-1.52,0.));
#7107=CARTESIAN_POINT('',(-2.98,-1.52,0.));
#7108=CARTESIAN_POINT('',(-2.98,-1.68,0.));
#7109=CARTESIAN_POINT('Origin',(-2.62,-1.68,0.));
#7110=CARTESIAN_POINT('',(-2.62,-1.68,0.));
#7111=CARTESIAN_POINT('',(-2.62,-1.68,0.1));
#7112=CARTESIAN_POINT('',(-2.62,-1.68,0.));
#7113=CARTESIAN_POINT('',(-2.62,-1.52,0.));
#7114=CARTESIAN_POINT('',(-2.62,-1.68,0.));
#7115=CARTESIAN_POINT('',(-2.62,-1.52,0.1));
#7116=CARTESIAN_POINT('',(-2.62,-1.52,0.));
#7117=CARTESIAN_POINT('',(-2.62,-1.68,0.1));
#7118=CARTESIAN_POINT('Origin',(-2.98,-1.68,0.));
#7119=CARTESIAN_POINT('',(-2.98,-1.68,0.));
#7120=CARTESIAN_POINT('',(-2.98,-1.68,0.1));
#7121=CARTESIAN_POINT('Origin',(-2.98,-1.52,0.));
#7122=CARTESIAN_POINT('',(-2.98,-1.52,0.));
#7123=CARTESIAN_POINT('',(-2.98,-1.52,0.1));
#7124=CARTESIAN_POINT('Origin',(-2.98,-1.68,0.));
#7125=CARTESIAN_POINT('Origin',(-2.98,-1.68,0.1));
#7126=CARTESIAN_POINT('Origin',(-2.98,-2.08,0.));
#7127=CARTESIAN_POINT('',(-2.98,-2.08,0.));
#7128=CARTESIAN_POINT('',(-2.98,-2.08,0.1));
#7129=CARTESIAN_POINT('',(-2.98,-2.08,0.));
#7130=CARTESIAN_POINT('',(-2.98,-1.92,0.1));
#7131=CARTESIAN_POINT('',(-2.98,-2.08,0.1));
#7132=CARTESIAN_POINT('',(-2.98,-1.92,0.));
#7133=CARTESIAN_POINT('',(-2.98,-1.92,0.));
#7134=CARTESIAN_POINT('',(-2.98,-2.08,0.));
#7135=CARTESIAN_POINT('Origin',(-2.62,-2.08,0.));
#7136=CARTESIAN_POINT('',(-2.62,-2.08,0.));
#7137=CARTESIAN_POINT('',(-2.62,-2.08,0.1));
#7138=CARTESIAN_POINT('',(-2.62,-2.08,0.));
#7139=CARTESIAN_POINT('',(-2.62,-1.92,0.));
#7140=CARTESIAN_POINT('',(-2.62,-2.08,0.));
#7141=CARTESIAN_POINT('',(-2.62,-1.92,0.1));
#7142=CARTESIAN_POINT('',(-2.62,-1.92,0.));
#7143=CARTESIAN_POINT('',(-2.62,-2.08,0.1));
#7144=CARTESIAN_POINT('Origin',(-2.98,-2.08,0.));
#7145=CARTESIAN_POINT('',(-2.98,-2.08,0.));
#7146=CARTESIAN_POINT('',(-2.98,-2.08,0.1));
#7147=CARTESIAN_POINT('Origin',(-2.98,-1.92,0.));
#7148=CARTESIAN_POINT('',(-2.98,-1.92,0.));
#7149=CARTESIAN_POINT('',(-2.98,-1.92,0.1));
#7150=CARTESIAN_POINT('Origin',(-2.98,-2.08,0.));
#7151=CARTESIAN_POINT('Origin',(-2.98,-2.08,0.1));
#7152=CARTESIAN_POINT('Origin',(-2.98,-2.48,0.));
#7153=CARTESIAN_POINT('',(-2.98,-2.48,0.));
#7154=CARTESIAN_POINT('',(-2.98,-2.48,0.1));
#7155=CARTESIAN_POINT('',(-2.98,-2.48,0.));
#7156=CARTESIAN_POINT('',(-2.98,-2.32,0.1));
#7157=CARTESIAN_POINT('',(-2.98,-2.48,0.1));
#7158=CARTESIAN_POINT('',(-2.98,-2.32,0.));
#7159=CARTESIAN_POINT('',(-2.98,-2.32,0.));
#7160=CARTESIAN_POINT('',(-2.98,-2.48,0.));
#7161=CARTESIAN_POINT('Origin',(-2.62,-2.48,0.));
#7162=CARTESIAN_POINT('',(-2.62,-2.48,0.));
#7163=CARTESIAN_POINT('',(-2.62,-2.48,0.1));
#7164=CARTESIAN_POINT('',(-2.62,-2.48,0.));
#7165=CARTESIAN_POINT('',(-2.62,-2.32,0.));
#7166=CARTESIAN_POINT('',(-2.62,-2.48,0.));
#7167=CARTESIAN_POINT('',(-2.62,-2.32,0.1));
#7168=CARTESIAN_POINT('',(-2.62,-2.32,0.));
#7169=CARTESIAN_POINT('',(-2.62,-2.48,0.1));
#7170=CARTESIAN_POINT('Origin',(-2.98,-2.48,0.));
#7171=CARTESIAN_POINT('',(-2.98,-2.48,0.));
#7172=CARTESIAN_POINT('',(-2.98,-2.48,0.1));
#7173=CARTESIAN_POINT('Origin',(-2.98,-2.32,0.));
#7174=CARTESIAN_POINT('',(-2.98,-2.32,0.));
#7175=CARTESIAN_POINT('',(-2.98,-2.32,0.1));
#7176=CARTESIAN_POINT('Origin',(-2.98,-2.48,0.));
#7177=CARTESIAN_POINT('Origin',(-2.98,-2.48,0.1));
#7178=CARTESIAN_POINT('Origin',(-2.48,-2.98,0.));
#7179=CARTESIAN_POINT('',(-2.48,-2.98,0.));
#7180=CARTESIAN_POINT('',(-2.48,-2.98,0.1));
#7181=CARTESIAN_POINT('',(-2.48,-2.98,0.));
#7182=CARTESIAN_POINT('',(-2.48,-2.62,0.1));
#7183=CARTESIAN_POINT('',(-2.48,-2.98,0.1));
#7184=CARTESIAN_POINT('',(-2.48,-2.62,0.));
#7185=CARTESIAN_POINT('',(-2.48,-2.62,0.));
#7186=CARTESIAN_POINT('',(-2.48,-2.98,0.));
#7187=CARTESIAN_POINT('Origin',(-2.32,-2.98,0.));
#7188=CARTESIAN_POINT('',(-2.32,-2.98,0.));
#7189=CARTESIAN_POINT('',(-2.32,-2.98,0.1));
#7190=CARTESIAN_POINT('',(-2.32,-2.98,0.));
#7191=CARTESIAN_POINT('',(-2.32,-2.62,0.));
#7192=CARTESIAN_POINT('',(-2.32,-2.98,0.));
#7193=CARTESIAN_POINT('',(-2.32,-2.62,0.1));
#7194=CARTESIAN_POINT('',(-2.32,-2.62,0.));
#7195=CARTESIAN_POINT('',(-2.32,-2.98,0.1));
#7196=CARTESIAN_POINT('Origin',(-2.48,-2.98,0.));
#7197=CARTESIAN_POINT('',(-2.48,-2.98,0.));
#7198=CARTESIAN_POINT('',(-2.48,-2.98,0.1));
#7199=CARTESIAN_POINT('Origin',(-2.48,-2.62,0.));
#7200=CARTESIAN_POINT('',(-2.48,-2.62,0.));
#7201=CARTESIAN_POINT('',(-2.48,-2.62,0.1));
#7202=CARTESIAN_POINT('Origin',(-2.48,-2.98,0.));
#7203=CARTESIAN_POINT('Origin',(-2.48,-2.98,0.1));
#7204=CARTESIAN_POINT('Origin',(-2.08,-2.98,0.));
#7205=CARTESIAN_POINT('',(-2.08,-2.98,0.));
#7206=CARTESIAN_POINT('',(-2.08,-2.98,0.1));
#7207=CARTESIAN_POINT('',(-2.08,-2.98,0.));
#7208=CARTESIAN_POINT('',(-2.08,-2.62,0.1));
#7209=CARTESIAN_POINT('',(-2.08,-2.98,0.1));
#7210=CARTESIAN_POINT('',(-2.08,-2.62,0.));
#7211=CARTESIAN_POINT('',(-2.08,-2.62,0.));
#7212=CARTESIAN_POINT('',(-2.08,-2.98,0.));
#7213=CARTESIAN_POINT('Origin',(-1.92,-2.98,0.));
#7214=CARTESIAN_POINT('',(-1.92,-2.98,0.));
#7215=CARTESIAN_POINT('',(-1.92,-2.98,0.1));
#7216=CARTESIAN_POINT('',(-1.92,-2.98,0.));
#7217=CARTESIAN_POINT('',(-1.92,-2.62,0.));
#7218=CARTESIAN_POINT('',(-1.92,-2.98,0.));
#7219=CARTESIAN_POINT('',(-1.92,-2.62,0.1));
#7220=CARTESIAN_POINT('',(-1.92,-2.62,0.));
#7221=CARTESIAN_POINT('',(-1.92,-2.98,0.1));
#7222=CARTESIAN_POINT('Origin',(-2.08,-2.98,0.));
#7223=CARTESIAN_POINT('',(-2.08,-2.98,0.));
#7224=CARTESIAN_POINT('',(-2.08,-2.98,0.1));
#7225=CARTESIAN_POINT('Origin',(-2.08,-2.62,0.));
#7226=CARTESIAN_POINT('',(-2.08,-2.62,0.));
#7227=CARTESIAN_POINT('',(-2.08,-2.62,0.1));
#7228=CARTESIAN_POINT('Origin',(-2.08,-2.98,0.));
#7229=CARTESIAN_POINT('Origin',(-2.08,-2.98,0.1));
#7230=CARTESIAN_POINT('Origin',(-1.68,-2.98,0.));
#7231=CARTESIAN_POINT('',(-1.68,-2.98,0.));
#7232=CARTESIAN_POINT('',(-1.68,-2.98,0.1));
#7233=CARTESIAN_POINT('',(-1.68,-2.98,0.));
#7234=CARTESIAN_POINT('',(-1.68,-2.62,0.1));
#7235=CARTESIAN_POINT('',(-1.68,-2.98,0.1));
#7236=CARTESIAN_POINT('',(-1.68,-2.62,0.));
#7237=CARTESIAN_POINT('',(-1.68,-2.62,0.));
#7238=CARTESIAN_POINT('',(-1.68,-2.98,0.));
#7239=CARTESIAN_POINT('Origin',(-1.52,-2.98,0.));
#7240=CARTESIAN_POINT('',(-1.52,-2.98,0.));
#7241=CARTESIAN_POINT('',(-1.52,-2.98,0.1));
#7242=CARTESIAN_POINT('',(-1.52,-2.98,0.));
#7243=CARTESIAN_POINT('',(-1.52,-2.62,0.));
#7244=CARTESIAN_POINT('',(-1.52,-2.98,0.));
#7245=CARTESIAN_POINT('',(-1.52,-2.62,0.1));
#7246=CARTESIAN_POINT('',(-1.52,-2.62,0.));
#7247=CARTESIAN_POINT('',(-1.52,-2.98,0.1));
#7248=CARTESIAN_POINT('Origin',(-1.68,-2.98,0.));
#7249=CARTESIAN_POINT('',(-1.68,-2.98,0.));
#7250=CARTESIAN_POINT('',(-1.68,-2.98,0.1));
#7251=CARTESIAN_POINT('Origin',(-1.68,-2.62,0.));
#7252=CARTESIAN_POINT('',(-1.68,-2.62,0.));
#7253=CARTESIAN_POINT('',(-1.68,-2.62,0.1));
#7254=CARTESIAN_POINT('Origin',(-1.68,-2.98,0.));
#7255=CARTESIAN_POINT('Origin',(-1.68,-2.98,0.1));
#7256=CARTESIAN_POINT('Origin',(-1.28,-2.98,0.));
#7257=CARTESIAN_POINT('',(-1.28,-2.98,0.));
#7258=CARTESIAN_POINT('',(-1.28,-2.98,0.1));
#7259=CARTESIAN_POINT('',(-1.28,-2.98,0.));
#7260=CARTESIAN_POINT('',(-1.28,-2.62,0.1));
#7261=CARTESIAN_POINT('',(-1.28,-2.98,0.1));
#7262=CARTESIAN_POINT('',(-1.28,-2.62,0.));
#7263=CARTESIAN_POINT('',(-1.28,-2.62,0.));
#7264=CARTESIAN_POINT('',(-1.28,-2.98,0.));
#7265=CARTESIAN_POINT('Origin',(-1.12,-2.98,0.));
#7266=CARTESIAN_POINT('',(-1.12,-2.98,0.));
#7267=CARTESIAN_POINT('',(-1.12,-2.98,0.1));
#7268=CARTESIAN_POINT('',(-1.12,-2.98,0.));
#7269=CARTESIAN_POINT('',(-1.12,-2.62,0.));
#7270=CARTESIAN_POINT('',(-1.12,-2.98,0.));
#7271=CARTESIAN_POINT('',(-1.12,-2.62,0.1));
#7272=CARTESIAN_POINT('',(-1.12,-2.62,0.));
#7273=CARTESIAN_POINT('',(-1.12,-2.98,0.1));
#7274=CARTESIAN_POINT('Origin',(-1.28,-2.98,0.));
#7275=CARTESIAN_POINT('',(-1.28,-2.98,0.));
#7276=CARTESIAN_POINT('',(-1.28,-2.98,0.1));
#7277=CARTESIAN_POINT('Origin',(-1.28,-2.62,0.));
#7278=CARTESIAN_POINT('',(-1.28,-2.62,0.));
#7279=CARTESIAN_POINT('',(-1.28,-2.62,0.1));
#7280=CARTESIAN_POINT('Origin',(-1.28,-2.98,0.));
#7281=CARTESIAN_POINT('Origin',(-1.28,-2.98,0.1));
#7282=CARTESIAN_POINT('Origin',(-0.88,-2.98,0.));
#7283=CARTESIAN_POINT('',(-0.88,-2.98,0.));
#7284=CARTESIAN_POINT('',(-0.88,-2.98,0.1));
#7285=CARTESIAN_POINT('',(-0.88,-2.98,0.));
#7286=CARTESIAN_POINT('',(-0.88,-2.62,0.1));
#7287=CARTESIAN_POINT('',(-0.88,-2.98,0.1));
#7288=CARTESIAN_POINT('',(-0.88,-2.62,0.));
#7289=CARTESIAN_POINT('',(-0.88,-2.62,0.));
#7290=CARTESIAN_POINT('',(-0.88,-2.98,0.));
#7291=CARTESIAN_POINT('Origin',(-0.72,-2.98,0.));
#7292=CARTESIAN_POINT('',(-0.72,-2.98,0.));
#7293=CARTESIAN_POINT('',(-0.72,-2.98,0.1));
#7294=CARTESIAN_POINT('',(-0.72,-2.98,0.));
#7295=CARTESIAN_POINT('',(-0.72,-2.62,0.));
#7296=CARTESIAN_POINT('',(-0.72,-2.98,0.));
#7297=CARTESIAN_POINT('',(-0.72,-2.62,0.1));
#7298=CARTESIAN_POINT('',(-0.72,-2.62,0.));
#7299=CARTESIAN_POINT('',(-0.72,-2.98,0.1));
#7300=CARTESIAN_POINT('Origin',(-0.88,-2.98,0.));
#7301=CARTESIAN_POINT('',(-0.88,-2.98,0.));
#7302=CARTESIAN_POINT('',(-0.88,-2.98,0.1));
#7303=CARTESIAN_POINT('Origin',(-0.88,-2.62,0.));
#7304=CARTESIAN_POINT('',(-0.88,-2.62,0.));
#7305=CARTESIAN_POINT('',(-0.88,-2.62,0.1));
#7306=CARTESIAN_POINT('Origin',(-0.88,-2.98,0.));
#7307=CARTESIAN_POINT('Origin',(-0.88,-2.98,0.1));
#7308=CARTESIAN_POINT('Origin',(-0.48,-2.98,0.));
#7309=CARTESIAN_POINT('',(-0.48,-2.98,0.));
#7310=CARTESIAN_POINT('',(-0.48,-2.98,0.1));
#7311=CARTESIAN_POINT('',(-0.48,-2.98,0.));
#7312=CARTESIAN_POINT('',(-0.48,-2.62,0.1));
#7313=CARTESIAN_POINT('',(-0.48,-2.98,0.1));
#7314=CARTESIAN_POINT('',(-0.48,-2.62,0.));
#7315=CARTESIAN_POINT('',(-0.48,-2.62,0.));
#7316=CARTESIAN_POINT('',(-0.48,-2.98,0.));
#7317=CARTESIAN_POINT('Origin',(-0.32,-2.98,0.));
#7318=CARTESIAN_POINT('',(-0.32,-2.98,0.));
#7319=CARTESIAN_POINT('',(-0.32,-2.98,0.1));
#7320=CARTESIAN_POINT('',(-0.32,-2.98,0.));
#7321=CARTESIAN_POINT('',(-0.32,-2.62,0.));
#7322=CARTESIAN_POINT('',(-0.32,-2.98,0.));
#7323=CARTESIAN_POINT('',(-0.32,-2.62,0.1));
#7324=CARTESIAN_POINT('',(-0.32,-2.62,0.));
#7325=CARTESIAN_POINT('',(-0.32,-2.98,0.1));
#7326=CARTESIAN_POINT('Origin',(-0.48,-2.98,0.));
#7327=CARTESIAN_POINT('',(-0.48,-2.98,0.));
#7328=CARTESIAN_POINT('',(-0.48,-2.98,0.1));
#7329=CARTESIAN_POINT('Origin',(-0.48,-2.62,0.));
#7330=CARTESIAN_POINT('',(-0.48,-2.62,0.));
#7331=CARTESIAN_POINT('',(-0.48,-2.62,0.1));
#7332=CARTESIAN_POINT('Origin',(-0.48,-2.98,0.));
#7333=CARTESIAN_POINT('Origin',(-0.48,-2.98,0.1));
#7334=CARTESIAN_POINT('Origin',(-0.08,-2.98,0.));
#7335=CARTESIAN_POINT('',(-0.08,-2.98,0.));
#7336=CARTESIAN_POINT('',(-0.08,-2.98,0.1));
#7337=CARTESIAN_POINT('',(-0.08,-2.98,0.));
#7338=CARTESIAN_POINT('',(-0.08,-2.62,0.1));
#7339=CARTESIAN_POINT('',(-0.08,-2.98,0.1));
#7340=CARTESIAN_POINT('',(-0.08,-2.62,0.));
#7341=CARTESIAN_POINT('',(-0.08,-2.62,0.));
#7342=CARTESIAN_POINT('',(-0.08,-2.98,0.));
#7343=CARTESIAN_POINT('Origin',(0.08,-2.98,0.));
#7344=CARTESIAN_POINT('',(0.08,-2.98,0.));
#7345=CARTESIAN_POINT('',(0.08,-2.98,0.1));
#7346=CARTESIAN_POINT('',(0.08,-2.98,0.));
#7347=CARTESIAN_POINT('',(0.08,-2.62,0.));
#7348=CARTESIAN_POINT('',(0.08,-2.98,0.));
#7349=CARTESIAN_POINT('',(0.08,-2.62,0.1));
#7350=CARTESIAN_POINT('',(0.08,-2.62,0.));
#7351=CARTESIAN_POINT('',(0.08,-2.98,0.1));
#7352=CARTESIAN_POINT('Origin',(-0.08,-2.98,0.));
#7353=CARTESIAN_POINT('',(-0.08,-2.98,0.));
#7354=CARTESIAN_POINT('',(-0.08,-2.98,0.1));
#7355=CARTESIAN_POINT('Origin',(-0.08,-2.62,0.));
#7356=CARTESIAN_POINT('',(-0.08,-2.62,0.));
#7357=CARTESIAN_POINT('',(-0.08,-2.62,0.1));
#7358=CARTESIAN_POINT('Origin',(-0.08,-2.98,0.));
#7359=CARTESIAN_POINT('Origin',(-0.08,-2.98,0.1));
#7360=CARTESIAN_POINT('Origin',(0.32,-2.98,0.));
#7361=CARTESIAN_POINT('',(0.32,-2.98,0.));
#7362=CARTESIAN_POINT('',(0.32,-2.98,0.1));
#7363=CARTESIAN_POINT('',(0.32,-2.98,0.));
#7364=CARTESIAN_POINT('',(0.32,-2.62,0.1));
#7365=CARTESIAN_POINT('',(0.32,-2.98,0.1));
#7366=CARTESIAN_POINT('',(0.32,-2.62,0.));
#7367=CARTESIAN_POINT('',(0.32,-2.62,0.));
#7368=CARTESIAN_POINT('',(0.32,-2.98,0.));
#7369=CARTESIAN_POINT('Origin',(0.48,-2.98,0.));
#7370=CARTESIAN_POINT('',(0.48,-2.98,0.));
#7371=CARTESIAN_POINT('',(0.48,-2.98,0.1));
#7372=CARTESIAN_POINT('',(0.48,-2.98,0.));
#7373=CARTESIAN_POINT('',(0.48,-2.62,0.));
#7374=CARTESIAN_POINT('',(0.48,-2.98,0.));
#7375=CARTESIAN_POINT('',(0.48,-2.62,0.1));
#7376=CARTESIAN_POINT('',(0.48,-2.62,0.));
#7377=CARTESIAN_POINT('',(0.48,-2.98,0.1));
#7378=CARTESIAN_POINT('Origin',(0.32,-2.98,0.));
#7379=CARTESIAN_POINT('',(0.32,-2.98,0.));
#7380=CARTESIAN_POINT('',(0.32,-2.98,0.1));
#7381=CARTESIAN_POINT('Origin',(0.32,-2.62,0.));
#7382=CARTESIAN_POINT('',(0.32,-2.62,0.));
#7383=CARTESIAN_POINT('',(0.32,-2.62,0.1));
#7384=CARTESIAN_POINT('Origin',(0.32,-2.98,0.));
#7385=CARTESIAN_POINT('Origin',(0.32,-2.98,0.1));
#7386=CARTESIAN_POINT('Origin',(0.72,-2.98,0.));
#7387=CARTESIAN_POINT('',(0.72,-2.98,0.));
#7388=CARTESIAN_POINT('',(0.72,-2.98,0.1));
#7389=CARTESIAN_POINT('',(0.72,-2.98,0.));
#7390=CARTESIAN_POINT('',(0.72,-2.62,0.1));
#7391=CARTESIAN_POINT('',(0.72,-2.98,0.1));
#7392=CARTESIAN_POINT('',(0.72,-2.62,0.));
#7393=CARTESIAN_POINT('',(0.72,-2.62,0.));
#7394=CARTESIAN_POINT('',(0.72,-2.98,0.));
#7395=CARTESIAN_POINT('Origin',(0.88,-2.98,0.));
#7396=CARTESIAN_POINT('',(0.88,-2.98,0.));
#7397=CARTESIAN_POINT('',(0.88,-2.98,0.1));
#7398=CARTESIAN_POINT('',(0.88,-2.98,0.));
#7399=CARTESIAN_POINT('',(0.88,-2.62,0.));
#7400=CARTESIAN_POINT('',(0.88,-2.98,0.));
#7401=CARTESIAN_POINT('',(0.88,-2.62,0.1));
#7402=CARTESIAN_POINT('',(0.88,-2.62,0.));
#7403=CARTESIAN_POINT('',(0.88,-2.98,0.1));
#7404=CARTESIAN_POINT('Origin',(0.72,-2.98,0.));
#7405=CARTESIAN_POINT('',(0.72,-2.98,0.));
#7406=CARTESIAN_POINT('',(0.72,-2.98,0.1));
#7407=CARTESIAN_POINT('Origin',(0.72,-2.62,0.));
#7408=CARTESIAN_POINT('',(0.72,-2.62,0.));
#7409=CARTESIAN_POINT('',(0.72,-2.62,0.1));
#7410=CARTESIAN_POINT('Origin',(0.72,-2.98,0.));
#7411=CARTESIAN_POINT('Origin',(0.72,-2.98,0.1));
#7412=CARTESIAN_POINT('Origin',(1.12,-2.98,0.));
#7413=CARTESIAN_POINT('',(1.12,-2.98,0.));
#7414=CARTESIAN_POINT('',(1.12,-2.98,0.1));
#7415=CARTESIAN_POINT('',(1.12,-2.98,0.));
#7416=CARTESIAN_POINT('',(1.12,-2.62,0.1));
#7417=CARTESIAN_POINT('',(1.12,-2.98,0.1));
#7418=CARTESIAN_POINT('',(1.12,-2.62,0.));
#7419=CARTESIAN_POINT('',(1.12,-2.62,0.));
#7420=CARTESIAN_POINT('',(1.12,-2.98,0.));
#7421=CARTESIAN_POINT('Origin',(1.28,-2.98,0.));
#7422=CARTESIAN_POINT('',(1.28,-2.98,0.));
#7423=CARTESIAN_POINT('',(1.28,-2.98,0.1));
#7424=CARTESIAN_POINT('',(1.28,-2.98,0.));
#7425=CARTESIAN_POINT('',(1.28,-2.62,0.));
#7426=CARTESIAN_POINT('',(1.28,-2.98,0.));
#7427=CARTESIAN_POINT('',(1.28,-2.62,0.1));
#7428=CARTESIAN_POINT('',(1.28,-2.62,0.));
#7429=CARTESIAN_POINT('',(1.28,-2.98,0.1));
#7430=CARTESIAN_POINT('Origin',(1.12,-2.98,0.));
#7431=CARTESIAN_POINT('',(1.12,-2.98,0.));
#7432=CARTESIAN_POINT('',(1.12,-2.98,0.1));
#7433=CARTESIAN_POINT('Origin',(1.12,-2.62,0.));
#7434=CARTESIAN_POINT('',(1.12,-2.62,0.));
#7435=CARTESIAN_POINT('',(1.12,-2.62,0.1));
#7436=CARTESIAN_POINT('Origin',(1.12,-2.98,0.));
#7437=CARTESIAN_POINT('Origin',(1.12,-2.98,0.1));
#7438=CARTESIAN_POINT('Origin',(1.52,-2.98,0.));
#7439=CARTESIAN_POINT('',(1.52,-2.98,0.));
#7440=CARTESIAN_POINT('',(1.52,-2.98,0.1));
#7441=CARTESIAN_POINT('',(1.52,-2.98,0.));
#7442=CARTESIAN_POINT('',(1.52,-2.62,0.1));
#7443=CARTESIAN_POINT('',(1.52,-2.98,0.1));
#7444=CARTESIAN_POINT('',(1.52,-2.62,0.));
#7445=CARTESIAN_POINT('',(1.52,-2.62,0.));
#7446=CARTESIAN_POINT('',(1.52,-2.98,0.));
#7447=CARTESIAN_POINT('Origin',(1.68,-2.98,0.));
#7448=CARTESIAN_POINT('',(1.68,-2.98,0.));
#7449=CARTESIAN_POINT('',(1.68,-2.98,0.1));
#7450=CARTESIAN_POINT('',(1.68,-2.98,0.));
#7451=CARTESIAN_POINT('',(1.68,-2.62,0.));
#7452=CARTESIAN_POINT('',(1.68,-2.98,0.));
#7453=CARTESIAN_POINT('',(1.68,-2.62,0.1));
#7454=CARTESIAN_POINT('',(1.68,-2.62,0.));
#7455=CARTESIAN_POINT('',(1.68,-2.98,0.1));
#7456=CARTESIAN_POINT('Origin',(1.52,-2.98,0.));
#7457=CARTESIAN_POINT('',(1.52,-2.98,0.));
#7458=CARTESIAN_POINT('',(1.52,-2.98,0.1));
#7459=CARTESIAN_POINT('Origin',(1.52,-2.62,0.));
#7460=CARTESIAN_POINT('',(1.52,-2.62,0.));
#7461=CARTESIAN_POINT('',(1.52,-2.62,0.1));
#7462=CARTESIAN_POINT('Origin',(1.52,-2.98,0.));
#7463=CARTESIAN_POINT('Origin',(1.52,-2.98,0.1));
#7464=CARTESIAN_POINT('Origin',(1.92,-2.98,0.));
#7465=CARTESIAN_POINT('',(1.92,-2.98,0.));
#7466=CARTESIAN_POINT('',(1.92,-2.98,0.1));
#7467=CARTESIAN_POINT('',(1.92,-2.98,0.));
#7468=CARTESIAN_POINT('',(1.92,-2.62,0.1));
#7469=CARTESIAN_POINT('',(1.92,-2.98,0.1));
#7470=CARTESIAN_POINT('',(1.92,-2.62,0.));
#7471=CARTESIAN_POINT('',(1.92,-2.62,0.));
#7472=CARTESIAN_POINT('',(1.92,-2.98,0.));
#7473=CARTESIAN_POINT('Origin',(2.08,-2.98,0.));
#7474=CARTESIAN_POINT('',(2.08,-2.98,0.));
#7475=CARTESIAN_POINT('',(2.08,-2.98,0.1));
#7476=CARTESIAN_POINT('',(2.08,-2.98,0.));
#7477=CARTESIAN_POINT('',(2.08,-2.62,0.));
#7478=CARTESIAN_POINT('',(2.08,-2.98,0.));
#7479=CARTESIAN_POINT('',(2.08,-2.62,0.1));
#7480=CARTESIAN_POINT('',(2.08,-2.62,0.));
#7481=CARTESIAN_POINT('',(2.08,-2.98,0.1));
#7482=CARTESIAN_POINT('Origin',(1.92,-2.98,0.));
#7483=CARTESIAN_POINT('',(1.92,-2.98,0.));
#7484=CARTESIAN_POINT('',(1.92,-2.98,0.1));
#7485=CARTESIAN_POINT('Origin',(1.92,-2.62,0.));
#7486=CARTESIAN_POINT('',(1.92,-2.62,0.));
#7487=CARTESIAN_POINT('',(1.92,-2.62,0.1));
#7488=CARTESIAN_POINT('Origin',(1.92,-2.98,0.));
#7489=CARTESIAN_POINT('Origin',(1.92,-2.98,0.1));
#7490=CARTESIAN_POINT('Origin',(2.32,-2.98,0.));
#7491=CARTESIAN_POINT('',(2.32,-2.98,0.));
#7492=CARTESIAN_POINT('',(2.32,-2.98,0.1));
#7493=CARTESIAN_POINT('',(2.32,-2.98,0.));
#7494=CARTESIAN_POINT('',(2.32,-2.62,0.1));
#7495=CARTESIAN_POINT('',(2.32,-2.98,0.1));
#7496=CARTESIAN_POINT('',(2.32,-2.62,0.));
#7497=CARTESIAN_POINT('',(2.32,-2.62,0.));
#7498=CARTESIAN_POINT('',(2.32,-2.98,0.));
#7499=CARTESIAN_POINT('Origin',(2.48,-2.98,0.));
#7500=CARTESIAN_POINT('',(2.48,-2.98,0.));
#7501=CARTESIAN_POINT('',(2.48,-2.98,0.1));
#7502=CARTESIAN_POINT('',(2.48,-2.98,0.));
#7503=CARTESIAN_POINT('',(2.48,-2.62,0.));
#7504=CARTESIAN_POINT('',(2.48,-2.98,0.));
#7505=CARTESIAN_POINT('',(2.48,-2.62,0.1));
#7506=CARTESIAN_POINT('',(2.48,-2.62,0.));
#7507=CARTESIAN_POINT('',(2.48,-2.98,0.1));
#7508=CARTESIAN_POINT('Origin',(2.32,-2.98,0.));
#7509=CARTESIAN_POINT('',(2.32,-2.98,0.));
#7510=CARTESIAN_POINT('',(2.32,-2.98,0.1));
#7511=CARTESIAN_POINT('Origin',(2.32,-2.62,0.));
#7512=CARTESIAN_POINT('',(2.32,-2.62,0.));
#7513=CARTESIAN_POINT('',(2.32,-2.62,0.1));
#7514=CARTESIAN_POINT('Origin',(2.32,-2.98,0.));
#7515=CARTESIAN_POINT('Origin',(2.32,-2.98,0.1));
#7516=CARTESIAN_POINT('Origin',(2.62,-2.48,0.));
#7517=CARTESIAN_POINT('',(2.62,-2.48,0.));
#7518=CARTESIAN_POINT('',(2.62,-2.48,0.1));
#7519=CARTESIAN_POINT('',(2.62,-2.48,0.));
#7520=CARTESIAN_POINT('',(2.62,-2.32,0.1));
#7521=CARTESIAN_POINT('',(2.62,-2.48,0.1));
#7522=CARTESIAN_POINT('',(2.62,-2.32,0.));
#7523=CARTESIAN_POINT('',(2.62,-2.32,0.));
#7524=CARTESIAN_POINT('',(2.62,-2.48,0.));
#7525=CARTESIAN_POINT('Origin',(2.98,-2.48,0.));
#7526=CARTESIAN_POINT('',(2.98,-2.48,0.));
#7527=CARTESIAN_POINT('',(2.98,-2.48,0.1));
#7528=CARTESIAN_POINT('',(2.98,-2.48,0.));
#7529=CARTESIAN_POINT('',(2.98,-2.32,0.));
#7530=CARTESIAN_POINT('',(2.98,-2.48,0.));
#7531=CARTESIAN_POINT('',(2.98,-2.32,0.1));
#7532=CARTESIAN_POINT('',(2.98,-2.32,0.));
#7533=CARTESIAN_POINT('',(2.98,-2.48,0.1));
#7534=CARTESIAN_POINT('Origin',(2.62,-2.48,0.));
#7535=CARTESIAN_POINT('',(2.62,-2.48,0.));
#7536=CARTESIAN_POINT('',(2.62,-2.48,0.1));
#7537=CARTESIAN_POINT('Origin',(2.62,-2.32,0.));
#7538=CARTESIAN_POINT('',(2.62,-2.32,0.));
#7539=CARTESIAN_POINT('',(2.62,-2.32,0.1));
#7540=CARTESIAN_POINT('Origin',(2.62,-2.48,0.));
#7541=CARTESIAN_POINT('Origin',(2.62,-2.48,0.1));
#7542=CARTESIAN_POINT('Origin',(2.62,-2.08,0.));
#7543=CARTESIAN_POINT('',(2.62,-2.08,0.));
#7544=CARTESIAN_POINT('',(2.62,-2.08,0.1));
#7545=CARTESIAN_POINT('',(2.62,-2.08,0.));
#7546=CARTESIAN_POINT('',(2.62,-1.92,0.1));
#7547=CARTESIAN_POINT('',(2.62,-2.08,0.1));
#7548=CARTESIAN_POINT('',(2.62,-1.92,0.));
#7549=CARTESIAN_POINT('',(2.62,-1.92,0.));
#7550=CARTESIAN_POINT('',(2.62,-2.08,0.));
#7551=CARTESIAN_POINT('Origin',(2.98,-2.08,0.));
#7552=CARTESIAN_POINT('',(2.98,-2.08,0.));
#7553=CARTESIAN_POINT('',(2.98,-2.08,0.1));
#7554=CARTESIAN_POINT('',(2.98,-2.08,0.));
#7555=CARTESIAN_POINT('',(2.98,-1.92,0.));
#7556=CARTESIAN_POINT('',(2.98,-2.08,0.));
#7557=CARTESIAN_POINT('',(2.98,-1.92,0.1));
#7558=CARTESIAN_POINT('',(2.98,-1.92,0.));
#7559=CARTESIAN_POINT('',(2.98,-2.08,0.1));
#7560=CARTESIAN_POINT('Origin',(2.62,-2.08,0.));
#7561=CARTESIAN_POINT('',(2.62,-2.08,0.));
#7562=CARTESIAN_POINT('',(2.62,-2.08,0.1));
#7563=CARTESIAN_POINT('Origin',(2.62,-1.92,0.));
#7564=CARTESIAN_POINT('',(2.62,-1.92,0.));
#7565=CARTESIAN_POINT('',(2.62,-1.92,0.1));
#7566=CARTESIAN_POINT('Origin',(2.62,-2.08,0.));
#7567=CARTESIAN_POINT('Origin',(2.62,-2.08,0.1));
#7568=CARTESIAN_POINT('Origin',(2.62,-1.68,0.));
#7569=CARTESIAN_POINT('',(2.62,-1.68,0.));
#7570=CARTESIAN_POINT('',(2.62,-1.68,0.1));
#7571=CARTESIAN_POINT('',(2.62,-1.68,0.));
#7572=CARTESIAN_POINT('',(2.62,-1.52,0.1));
#7573=CARTESIAN_POINT('',(2.62,-1.68,0.1));
#7574=CARTESIAN_POINT('',(2.62,-1.52,0.));
#7575=CARTESIAN_POINT('',(2.62,-1.52,0.));
#7576=CARTESIAN_POINT('',(2.62,-1.68,0.));
#7577=CARTESIAN_POINT('Origin',(2.98,-1.68,0.));
#7578=CARTESIAN_POINT('',(2.98,-1.68,0.));
#7579=CARTESIAN_POINT('',(2.98,-1.68,0.1));
#7580=CARTESIAN_POINT('',(2.98,-1.68,0.));
#7581=CARTESIAN_POINT('',(2.98,-1.52,0.));
#7582=CARTESIAN_POINT('',(2.98,-1.68,0.));
#7583=CARTESIAN_POINT('',(2.98,-1.52,0.1));
#7584=CARTESIAN_POINT('',(2.98,-1.52,0.));
#7585=CARTESIAN_POINT('',(2.98,-1.68,0.1));
#7586=CARTESIAN_POINT('Origin',(2.62,-1.68,0.));
#7587=CARTESIAN_POINT('',(2.62,-1.68,0.));
#7588=CARTESIAN_POINT('',(2.62,-1.68,0.1));
#7589=CARTESIAN_POINT('Origin',(2.62,-1.52,0.));
#7590=CARTESIAN_POINT('',(2.62,-1.52,0.));
#7591=CARTESIAN_POINT('',(2.62,-1.52,0.1));
#7592=CARTESIAN_POINT('Origin',(2.62,-1.68,0.));
#7593=CARTESIAN_POINT('Origin',(2.62,-1.68,0.1));
#7594=CARTESIAN_POINT('Origin',(2.62,-1.28,0.));
#7595=CARTESIAN_POINT('',(2.62,-1.28,0.));
#7596=CARTESIAN_POINT('',(2.62,-1.28,0.1));
#7597=CARTESIAN_POINT('',(2.62,-1.28,0.));
#7598=CARTESIAN_POINT('',(2.62,-1.12,0.1));
#7599=CARTESIAN_POINT('',(2.62,-1.28,0.1));
#7600=CARTESIAN_POINT('',(2.62,-1.12,0.));
#7601=CARTESIAN_POINT('',(2.62,-1.12,0.));
#7602=CARTESIAN_POINT('',(2.62,-1.28,0.));
#7603=CARTESIAN_POINT('Origin',(2.98,-1.28,0.));
#7604=CARTESIAN_POINT('',(2.98,-1.28,0.));
#7605=CARTESIAN_POINT('',(2.98,-1.28,0.1));
#7606=CARTESIAN_POINT('',(2.98,-1.28,0.));
#7607=CARTESIAN_POINT('',(2.98,-1.12,0.));
#7608=CARTESIAN_POINT('',(2.98,-1.28,0.));
#7609=CARTESIAN_POINT('',(2.98,-1.12,0.1));
#7610=CARTESIAN_POINT('',(2.98,-1.12,0.));
#7611=CARTESIAN_POINT('',(2.98,-1.28,0.1));
#7612=CARTESIAN_POINT('Origin',(2.62,-1.28,0.));
#7613=CARTESIAN_POINT('',(2.62,-1.28,0.));
#7614=CARTESIAN_POINT('',(2.62,-1.28,0.1));
#7615=CARTESIAN_POINT('Origin',(2.62,-1.12,0.));
#7616=CARTESIAN_POINT('',(2.62,-1.12,0.));
#7617=CARTESIAN_POINT('',(2.62,-1.12,0.1));
#7618=CARTESIAN_POINT('Origin',(2.62,-1.28,0.));
#7619=CARTESIAN_POINT('Origin',(2.62,-1.28,0.1));
#7620=CARTESIAN_POINT('Origin',(2.62,-0.88,0.));
#7621=CARTESIAN_POINT('',(2.62,-0.88,0.));
#7622=CARTESIAN_POINT('',(2.62,-0.88,0.1));
#7623=CARTESIAN_POINT('',(2.62,-0.88,0.));
#7624=CARTESIAN_POINT('',(2.62,-0.72,0.1));
#7625=CARTESIAN_POINT('',(2.62,-0.88,0.1));
#7626=CARTESIAN_POINT('',(2.62,-0.72,0.));
#7627=CARTESIAN_POINT('',(2.62,-0.72,0.));
#7628=CARTESIAN_POINT('',(2.62,-0.88,0.));
#7629=CARTESIAN_POINT('Origin',(2.98,-0.88,0.));
#7630=CARTESIAN_POINT('',(2.98,-0.88,0.));
#7631=CARTESIAN_POINT('',(2.98,-0.88,0.1));
#7632=CARTESIAN_POINT('',(2.98,-0.88,0.));
#7633=CARTESIAN_POINT('',(2.98,-0.72,0.));
#7634=CARTESIAN_POINT('',(2.98,-0.88,0.));
#7635=CARTESIAN_POINT('',(2.98,-0.72,0.1));
#7636=CARTESIAN_POINT('',(2.98,-0.72,0.));
#7637=CARTESIAN_POINT('',(2.98,-0.88,0.1));
#7638=CARTESIAN_POINT('Origin',(2.62,-0.88,0.));
#7639=CARTESIAN_POINT('',(2.62,-0.88,0.));
#7640=CARTESIAN_POINT('',(2.62,-0.88,0.1));
#7641=CARTESIAN_POINT('Origin',(2.62,-0.72,0.));
#7642=CARTESIAN_POINT('',(2.62,-0.72,0.));
#7643=CARTESIAN_POINT('',(2.62,-0.72,0.1));
#7644=CARTESIAN_POINT('Origin',(2.62,-0.88,0.));
#7645=CARTESIAN_POINT('Origin',(2.62,-0.88,0.1));
#7646=CARTESIAN_POINT('Origin',(2.62,-0.48,0.));
#7647=CARTESIAN_POINT('',(2.62,-0.48,0.));
#7648=CARTESIAN_POINT('',(2.62,-0.48,0.1));
#7649=CARTESIAN_POINT('',(2.62,-0.48,0.));
#7650=CARTESIAN_POINT('',(2.62,-0.32,0.1));
#7651=CARTESIAN_POINT('',(2.62,-0.48,0.1));
#7652=CARTESIAN_POINT('',(2.62,-0.32,0.));
#7653=CARTESIAN_POINT('',(2.62,-0.32,0.));
#7654=CARTESIAN_POINT('',(2.62,-0.48,0.));
#7655=CARTESIAN_POINT('Origin',(2.98,-0.48,0.));
#7656=CARTESIAN_POINT('',(2.98,-0.48,0.));
#7657=CARTESIAN_POINT('',(2.98,-0.48,0.1));
#7658=CARTESIAN_POINT('',(2.98,-0.48,0.));
#7659=CARTESIAN_POINT('',(2.98,-0.32,0.));
#7660=CARTESIAN_POINT('',(2.98,-0.48,0.));
#7661=CARTESIAN_POINT('',(2.98,-0.32,0.1));
#7662=CARTESIAN_POINT('',(2.98,-0.32,0.));
#7663=CARTESIAN_POINT('',(2.98,-0.48,0.1));
#7664=CARTESIAN_POINT('Origin',(2.62,-0.48,0.));
#7665=CARTESIAN_POINT('',(2.62,-0.48,0.));
#7666=CARTESIAN_POINT('',(2.62,-0.48,0.1));
#7667=CARTESIAN_POINT('Origin',(2.62,-0.32,0.));
#7668=CARTESIAN_POINT('',(2.62,-0.32,0.));
#7669=CARTESIAN_POINT('',(2.62,-0.32,0.1));
#7670=CARTESIAN_POINT('Origin',(2.62,-0.48,0.));
#7671=CARTESIAN_POINT('Origin',(2.62,-0.48,0.1));
#7672=CARTESIAN_POINT('Origin',(2.62,-0.08,0.));
#7673=CARTESIAN_POINT('',(2.62,-0.08,0.));
#7674=CARTESIAN_POINT('',(2.62,-0.08,0.1));
#7675=CARTESIAN_POINT('',(2.62,-0.08,0.));
#7676=CARTESIAN_POINT('',(2.62,0.08,0.1));
#7677=CARTESIAN_POINT('',(2.62,-0.08,0.1));
#7678=CARTESIAN_POINT('',(2.62,0.08,0.));
#7679=CARTESIAN_POINT('',(2.62,0.08,0.));
#7680=CARTESIAN_POINT('',(2.62,-0.08,0.));
#7681=CARTESIAN_POINT('Origin',(2.98,-0.08,0.));
#7682=CARTESIAN_POINT('',(2.98,-0.08,0.));
#7683=CARTESIAN_POINT('',(2.98,-0.08,0.1));
#7684=CARTESIAN_POINT('',(2.98,-0.08,0.));
#7685=CARTESIAN_POINT('',(2.98,0.08,0.));
#7686=CARTESIAN_POINT('',(2.98,-0.08,0.));
#7687=CARTESIAN_POINT('',(2.98,0.08,0.1));
#7688=CARTESIAN_POINT('',(2.98,0.08,0.));
#7689=CARTESIAN_POINT('',(2.98,-0.08,0.1));
#7690=CARTESIAN_POINT('Origin',(2.62,-0.08,0.));
#7691=CARTESIAN_POINT('',(2.62,-0.08,0.));
#7692=CARTESIAN_POINT('',(2.62,-0.08,0.1));
#7693=CARTESIAN_POINT('Origin',(2.62,0.08,0.));
#7694=CARTESIAN_POINT('',(2.62,0.08,0.));
#7695=CARTESIAN_POINT('',(2.62,0.08,0.1));
#7696=CARTESIAN_POINT('Origin',(2.62,-0.08,0.));
#7697=CARTESIAN_POINT('Origin',(2.62,-0.08,0.1));
#7698=CARTESIAN_POINT('Origin',(2.62,0.32,0.));
#7699=CARTESIAN_POINT('',(2.62,0.32,0.));
#7700=CARTESIAN_POINT('',(2.62,0.32,0.1));
#7701=CARTESIAN_POINT('',(2.62,0.32,0.));
#7702=CARTESIAN_POINT('',(2.62,0.48,0.1));
#7703=CARTESIAN_POINT('',(2.62,0.32,0.1));
#7704=CARTESIAN_POINT('',(2.62,0.48,0.));
#7705=CARTESIAN_POINT('',(2.62,0.48,0.));
#7706=CARTESIAN_POINT('',(2.62,0.32,0.));
#7707=CARTESIAN_POINT('Origin',(2.98,0.32,0.));
#7708=CARTESIAN_POINT('',(2.98,0.32,0.));
#7709=CARTESIAN_POINT('',(2.98,0.32,0.1));
#7710=CARTESIAN_POINT('',(2.98,0.32,0.));
#7711=CARTESIAN_POINT('',(2.98,0.48,0.));
#7712=CARTESIAN_POINT('',(2.98,0.32,0.));
#7713=CARTESIAN_POINT('',(2.98,0.48,0.1));
#7714=CARTESIAN_POINT('',(2.98,0.48,0.));
#7715=CARTESIAN_POINT('',(2.98,0.32,0.1));
#7716=CARTESIAN_POINT('Origin',(2.62,0.32,0.));
#7717=CARTESIAN_POINT('',(2.62,0.32,0.));
#7718=CARTESIAN_POINT('',(2.62,0.32,0.1));
#7719=CARTESIAN_POINT('Origin',(2.62,0.48,0.));
#7720=CARTESIAN_POINT('',(2.62,0.48,0.));
#7721=CARTESIAN_POINT('',(2.62,0.48,0.1));
#7722=CARTESIAN_POINT('Origin',(2.62,0.32,0.));
#7723=CARTESIAN_POINT('Origin',(2.62,0.32,0.1));
#7724=CARTESIAN_POINT('Origin',(2.62,0.72,0.));
#7725=CARTESIAN_POINT('',(2.62,0.72,0.));
#7726=CARTESIAN_POINT('',(2.62,0.72,0.1));
#7727=CARTESIAN_POINT('',(2.62,0.72,0.));
#7728=CARTESIAN_POINT('',(2.62,0.88,0.1));
#7729=CARTESIAN_POINT('',(2.62,0.72,0.1));
#7730=CARTESIAN_POINT('',(2.62,0.88,0.));
#7731=CARTESIAN_POINT('',(2.62,0.88,0.));
#7732=CARTESIAN_POINT('',(2.62,0.72,0.));
#7733=CARTESIAN_POINT('Origin',(2.98,0.72,0.));
#7734=CARTESIAN_POINT('',(2.98,0.72,0.));
#7735=CARTESIAN_POINT('',(2.98,0.72,0.1));
#7736=CARTESIAN_POINT('',(2.98,0.72,0.));
#7737=CARTESIAN_POINT('',(2.98,0.88,0.));
#7738=CARTESIAN_POINT('',(2.98,0.72,0.));
#7739=CARTESIAN_POINT('',(2.98,0.88,0.1));
#7740=CARTESIAN_POINT('',(2.98,0.88,0.));
#7741=CARTESIAN_POINT('',(2.98,0.72,0.1));
#7742=CARTESIAN_POINT('Origin',(2.62,0.72,0.));
#7743=CARTESIAN_POINT('',(2.62,0.72,0.));
#7744=CARTESIAN_POINT('',(2.62,0.72,0.1));
#7745=CARTESIAN_POINT('Origin',(2.62,0.88,0.));
#7746=CARTESIAN_POINT('',(2.62,0.88,0.));
#7747=CARTESIAN_POINT('',(2.62,0.88,0.1));
#7748=CARTESIAN_POINT('Origin',(2.62,0.72,0.));
#7749=CARTESIAN_POINT('Origin',(2.62,0.72,0.1));
#7750=CARTESIAN_POINT('Origin',(2.62,1.12,0.));
#7751=CARTESIAN_POINT('',(2.62,1.12,0.));
#7752=CARTESIAN_POINT('',(2.62,1.12,0.1));
#7753=CARTESIAN_POINT('',(2.62,1.12,0.));
#7754=CARTESIAN_POINT('',(2.62,1.28,0.1));
#7755=CARTESIAN_POINT('',(2.62,1.12,0.1));
#7756=CARTESIAN_POINT('',(2.62,1.28,0.));
#7757=CARTESIAN_POINT('',(2.62,1.28,0.));
#7758=CARTESIAN_POINT('',(2.62,1.12,0.));
#7759=CARTESIAN_POINT('Origin',(2.98,1.12,0.));
#7760=CARTESIAN_POINT('',(2.98,1.12,0.));
#7761=CARTESIAN_POINT('',(2.98,1.12,0.1));
#7762=CARTESIAN_POINT('',(2.98,1.12,0.));
#7763=CARTESIAN_POINT('',(2.98,1.28,0.));
#7764=CARTESIAN_POINT('',(2.98,1.12,0.));
#7765=CARTESIAN_POINT('',(2.98,1.28,0.1));
#7766=CARTESIAN_POINT('',(2.98,1.28,0.));
#7767=CARTESIAN_POINT('',(2.98,1.12,0.1));
#7768=CARTESIAN_POINT('Origin',(2.62,1.12,0.));
#7769=CARTESIAN_POINT('',(2.62,1.12,0.));
#7770=CARTESIAN_POINT('',(2.62,1.12,0.1));
#7771=CARTESIAN_POINT('Origin',(2.62,1.28,0.));
#7772=CARTESIAN_POINT('',(2.62,1.28,0.));
#7773=CARTESIAN_POINT('',(2.62,1.28,0.1));
#7774=CARTESIAN_POINT('Origin',(2.62,1.12,0.));
#7775=CARTESIAN_POINT('Origin',(2.62,1.12,0.1));
#7776=CARTESIAN_POINT('Origin',(2.62,1.52,0.));
#7777=CARTESIAN_POINT('',(2.62,1.52,0.));
#7778=CARTESIAN_POINT('',(2.62,1.52,0.1));
#7779=CARTESIAN_POINT('',(2.62,1.52,0.));
#7780=CARTESIAN_POINT('',(2.62,1.68,0.1));
#7781=CARTESIAN_POINT('',(2.62,1.52,0.1));
#7782=CARTESIAN_POINT('',(2.62,1.68,0.));
#7783=CARTESIAN_POINT('',(2.62,1.68,0.));
#7784=CARTESIAN_POINT('',(2.62,1.52,0.));
#7785=CARTESIAN_POINT('Origin',(2.98,1.52,0.));
#7786=CARTESIAN_POINT('',(2.98,1.52,0.));
#7787=CARTESIAN_POINT('',(2.98,1.52,0.1));
#7788=CARTESIAN_POINT('',(2.98,1.52,0.));
#7789=CARTESIAN_POINT('',(2.98,1.68,0.));
#7790=CARTESIAN_POINT('',(2.98,1.52,0.));
#7791=CARTESIAN_POINT('',(2.98,1.68,0.1));
#7792=CARTESIAN_POINT('',(2.98,1.68,0.));
#7793=CARTESIAN_POINT('',(2.98,1.52,0.1));
#7794=CARTESIAN_POINT('Origin',(2.62,1.52,0.));
#7795=CARTESIAN_POINT('',(2.62,1.52,0.));
#7796=CARTESIAN_POINT('',(2.62,1.52,0.1));
#7797=CARTESIAN_POINT('Origin',(2.62,1.68,0.));
#7798=CARTESIAN_POINT('',(2.62,1.68,0.));
#7799=CARTESIAN_POINT('',(2.62,1.68,0.1));
#7800=CARTESIAN_POINT('Origin',(2.62,1.52,0.));
#7801=CARTESIAN_POINT('Origin',(2.62,1.52,0.1));
#7802=CARTESIAN_POINT('Origin',(2.62,1.92,0.));
#7803=CARTESIAN_POINT('',(2.62,1.92,0.));
#7804=CARTESIAN_POINT('',(2.62,1.92,0.1));
#7805=CARTESIAN_POINT('',(2.62,1.92,0.));
#7806=CARTESIAN_POINT('',(2.62,2.08,0.1));
#7807=CARTESIAN_POINT('',(2.62,1.92,0.1));
#7808=CARTESIAN_POINT('',(2.62,2.08,0.));
#7809=CARTESIAN_POINT('',(2.62,2.08,0.));
#7810=CARTESIAN_POINT('',(2.62,1.92,0.));
#7811=CARTESIAN_POINT('Origin',(2.98,1.92,0.));
#7812=CARTESIAN_POINT('',(2.98,1.92,0.));
#7813=CARTESIAN_POINT('',(2.98,1.92,0.1));
#7814=CARTESIAN_POINT('',(2.98,1.92,0.));
#7815=CARTESIAN_POINT('',(2.98,2.08,0.));
#7816=CARTESIAN_POINT('',(2.98,1.92,0.));
#7817=CARTESIAN_POINT('',(2.98,2.08,0.1));
#7818=CARTESIAN_POINT('',(2.98,2.08,0.));
#7819=CARTESIAN_POINT('',(2.98,1.92,0.1));
#7820=CARTESIAN_POINT('Origin',(2.62,1.92,0.));
#7821=CARTESIAN_POINT('',(2.62,1.92,0.));
#7822=CARTESIAN_POINT('',(2.62,1.92,0.1));
#7823=CARTESIAN_POINT('Origin',(2.62,2.08,0.));
#7824=CARTESIAN_POINT('',(2.62,2.08,0.));
#7825=CARTESIAN_POINT('',(2.62,2.08,0.1));
#7826=CARTESIAN_POINT('Origin',(2.62,1.92,0.));
#7827=CARTESIAN_POINT('Origin',(2.62,1.92,0.1));
#7828=CARTESIAN_POINT('Origin',(2.62,2.32,0.));
#7829=CARTESIAN_POINT('',(2.62,2.32,0.));
#7830=CARTESIAN_POINT('',(2.62,2.32,0.1));
#7831=CARTESIAN_POINT('',(2.62,2.32,0.));
#7832=CARTESIAN_POINT('',(2.62,2.48,0.1));
#7833=CARTESIAN_POINT('',(2.62,2.32,0.1));
#7834=CARTESIAN_POINT('',(2.62,2.48,0.));
#7835=CARTESIAN_POINT('',(2.62,2.48,0.));
#7836=CARTESIAN_POINT('',(2.62,2.32,0.));
#7837=CARTESIAN_POINT('Origin',(2.98,2.32,0.));
#7838=CARTESIAN_POINT('',(2.98,2.32,0.));
#7839=CARTESIAN_POINT('',(2.98,2.32,0.1));
#7840=CARTESIAN_POINT('',(2.98,2.32,0.));
#7841=CARTESIAN_POINT('',(2.98,2.48,0.));
#7842=CARTESIAN_POINT('',(2.98,2.32,0.));
#7843=CARTESIAN_POINT('',(2.98,2.48,0.1));
#7844=CARTESIAN_POINT('',(2.98,2.48,0.));
#7845=CARTESIAN_POINT('',(2.98,2.32,0.1));
#7846=CARTESIAN_POINT('Origin',(2.62,2.32,0.));
#7847=CARTESIAN_POINT('',(2.62,2.32,0.));
#7848=CARTESIAN_POINT('',(2.62,2.32,0.1));
#7849=CARTESIAN_POINT('Origin',(2.62,2.48,0.));
#7850=CARTESIAN_POINT('',(2.62,2.48,0.));
#7851=CARTESIAN_POINT('',(2.62,2.48,0.1));
#7852=CARTESIAN_POINT('Origin',(2.62,2.32,0.));
#7853=CARTESIAN_POINT('Origin',(2.62,2.32,0.1));
#7854=CARTESIAN_POINT('Origin',(2.32,2.62,0.));
#7855=CARTESIAN_POINT('',(2.32,2.62,0.));
#7856=CARTESIAN_POINT('',(2.32,2.62,0.1));
#7857=CARTESIAN_POINT('',(2.32,2.62,0.));
#7858=CARTESIAN_POINT('',(2.32,2.98,0.1));
#7859=CARTESIAN_POINT('',(2.32,2.62,0.1));
#7860=CARTESIAN_POINT('',(2.32,2.98,0.));
#7861=CARTESIAN_POINT('',(2.32,2.98,0.));
#7862=CARTESIAN_POINT('',(2.32,2.62,0.));
#7863=CARTESIAN_POINT('Origin',(2.48,2.62,0.));
#7864=CARTESIAN_POINT('',(2.48,2.62,0.));
#7865=CARTESIAN_POINT('',(2.48,2.62,0.1));
#7866=CARTESIAN_POINT('',(2.48,2.62,0.));
#7867=CARTESIAN_POINT('',(2.48,2.98,0.));
#7868=CARTESIAN_POINT('',(2.48,2.62,0.));
#7869=CARTESIAN_POINT('',(2.48,2.98,0.1));
#7870=CARTESIAN_POINT('',(2.48,2.98,0.));
#7871=CARTESIAN_POINT('',(2.48,2.62,0.1));
#7872=CARTESIAN_POINT('Origin',(2.32,2.62,0.));
#7873=CARTESIAN_POINT('',(2.32,2.62,0.));
#7874=CARTESIAN_POINT('',(2.32,2.62,0.1));
#7875=CARTESIAN_POINT('Origin',(2.32,2.98,0.));
#7876=CARTESIAN_POINT('',(2.32,2.98,0.));
#7877=CARTESIAN_POINT('',(2.32,2.98,0.1));
#7878=CARTESIAN_POINT('Origin',(2.32,2.62,0.));
#7879=CARTESIAN_POINT('Origin',(2.32,2.62,0.1));
#7880=CARTESIAN_POINT('Origin',(1.92,2.62,0.));
#7881=CARTESIAN_POINT('',(1.92,2.62,0.));
#7882=CARTESIAN_POINT('',(1.92,2.62,0.1));
#7883=CARTESIAN_POINT('',(1.92,2.62,0.));
#7884=CARTESIAN_POINT('',(1.92,2.98,0.1));
#7885=CARTESIAN_POINT('',(1.92,2.62,0.1));
#7886=CARTESIAN_POINT('',(1.92,2.98,0.));
#7887=CARTESIAN_POINT('',(1.92,2.98,0.));
#7888=CARTESIAN_POINT('',(1.92,2.62,0.));
#7889=CARTESIAN_POINT('Origin',(2.08,2.62,0.));
#7890=CARTESIAN_POINT('',(2.08,2.62,0.));
#7891=CARTESIAN_POINT('',(2.08,2.62,0.1));
#7892=CARTESIAN_POINT('',(2.08,2.62,0.));
#7893=CARTESIAN_POINT('',(2.08,2.98,0.));
#7894=CARTESIAN_POINT('',(2.08,2.62,0.));
#7895=CARTESIAN_POINT('',(2.08,2.98,0.1));
#7896=CARTESIAN_POINT('',(2.08,2.98,0.));
#7897=CARTESIAN_POINT('',(2.08,2.62,0.1));
#7898=CARTESIAN_POINT('Origin',(1.92,2.62,0.));
#7899=CARTESIAN_POINT('',(1.92,2.62,0.));
#7900=CARTESIAN_POINT('',(1.92,2.62,0.1));
#7901=CARTESIAN_POINT('Origin',(1.92,2.98,0.));
#7902=CARTESIAN_POINT('',(1.92,2.98,0.));
#7903=CARTESIAN_POINT('',(1.92,2.98,0.1));
#7904=CARTESIAN_POINT('Origin',(1.92,2.62,0.));
#7905=CARTESIAN_POINT('Origin',(1.92,2.62,0.1));
#7906=CARTESIAN_POINT('Origin',(1.52,2.62,0.));
#7907=CARTESIAN_POINT('',(1.52,2.62,0.));
#7908=CARTESIAN_POINT('',(1.52,2.62,0.1));
#7909=CARTESIAN_POINT('',(1.52,2.62,0.));
#7910=CARTESIAN_POINT('',(1.52,2.98,0.1));
#7911=CARTESIAN_POINT('',(1.52,2.62,0.1));
#7912=CARTESIAN_POINT('',(1.52,2.98,0.));
#7913=CARTESIAN_POINT('',(1.52,2.98,0.));
#7914=CARTESIAN_POINT('',(1.52,2.62,0.));
#7915=CARTESIAN_POINT('Origin',(1.68,2.62,0.));
#7916=CARTESIAN_POINT('',(1.68,2.62,0.));
#7917=CARTESIAN_POINT('',(1.68,2.62,0.1));
#7918=CARTESIAN_POINT('',(1.68,2.62,0.));
#7919=CARTESIAN_POINT('',(1.68,2.98,0.));
#7920=CARTESIAN_POINT('',(1.68,2.62,0.));
#7921=CARTESIAN_POINT('',(1.68,2.98,0.1));
#7922=CARTESIAN_POINT('',(1.68,2.98,0.));
#7923=CARTESIAN_POINT('',(1.68,2.62,0.1));
#7924=CARTESIAN_POINT('Origin',(1.52,2.62,0.));
#7925=CARTESIAN_POINT('',(1.52,2.62,0.));
#7926=CARTESIAN_POINT('',(1.52,2.62,0.1));
#7927=CARTESIAN_POINT('Origin',(1.52,2.98,0.));
#7928=CARTESIAN_POINT('',(1.52,2.98,0.));
#7929=CARTESIAN_POINT('',(1.52,2.98,0.1));
#7930=CARTESIAN_POINT('Origin',(1.52,2.62,0.));
#7931=CARTESIAN_POINT('Origin',(1.52,2.62,0.1));
#7932=CARTESIAN_POINT('Origin',(1.12,2.62,0.));
#7933=CARTESIAN_POINT('',(1.12,2.62,0.));
#7934=CARTESIAN_POINT('',(1.12,2.62,0.1));
#7935=CARTESIAN_POINT('',(1.12,2.62,0.));
#7936=CARTESIAN_POINT('',(1.12,2.98,0.1));
#7937=CARTESIAN_POINT('',(1.12,2.62,0.1));
#7938=CARTESIAN_POINT('',(1.12,2.98,0.));
#7939=CARTESIAN_POINT('',(1.12,2.98,0.));
#7940=CARTESIAN_POINT('',(1.12,2.62,0.));
#7941=CARTESIAN_POINT('Origin',(1.28,2.62,0.));
#7942=CARTESIAN_POINT('',(1.28,2.62,0.));
#7943=CARTESIAN_POINT('',(1.28,2.62,0.1));
#7944=CARTESIAN_POINT('',(1.28,2.62,0.));
#7945=CARTESIAN_POINT('',(1.28,2.98,0.));
#7946=CARTESIAN_POINT('',(1.28,2.62,0.));
#7947=CARTESIAN_POINT('',(1.28,2.98,0.1));
#7948=CARTESIAN_POINT('',(1.28,2.98,0.));
#7949=CARTESIAN_POINT('',(1.28,2.62,0.1));
#7950=CARTESIAN_POINT('Origin',(1.12,2.62,0.));
#7951=CARTESIAN_POINT('',(1.12,2.62,0.));
#7952=CARTESIAN_POINT('',(1.12,2.62,0.1));
#7953=CARTESIAN_POINT('Origin',(1.12,2.98,0.));
#7954=CARTESIAN_POINT('',(1.12,2.98,0.));
#7955=CARTESIAN_POINT('',(1.12,2.98,0.1));
#7956=CARTESIAN_POINT('Origin',(1.12,2.62,0.));
#7957=CARTESIAN_POINT('Origin',(1.12,2.62,0.1));
#7958=CARTESIAN_POINT('Origin',(0.72,2.62,0.));
#7959=CARTESIAN_POINT('',(0.72,2.62,0.));
#7960=CARTESIAN_POINT('',(0.72,2.62,0.1));
#7961=CARTESIAN_POINT('',(0.72,2.62,0.));
#7962=CARTESIAN_POINT('',(0.72,2.98,0.1));
#7963=CARTESIAN_POINT('',(0.72,2.62,0.1));
#7964=CARTESIAN_POINT('',(0.72,2.98,0.));
#7965=CARTESIAN_POINT('',(0.72,2.98,0.));
#7966=CARTESIAN_POINT('',(0.72,2.62,0.));
#7967=CARTESIAN_POINT('Origin',(0.88,2.62,0.));
#7968=CARTESIAN_POINT('',(0.88,2.62,0.));
#7969=CARTESIAN_POINT('',(0.88,2.62,0.1));
#7970=CARTESIAN_POINT('',(0.88,2.62,0.));
#7971=CARTESIAN_POINT('',(0.88,2.98,0.));
#7972=CARTESIAN_POINT('',(0.88,2.62,0.));
#7973=CARTESIAN_POINT('',(0.88,2.98,0.1));
#7974=CARTESIAN_POINT('',(0.88,2.98,0.));
#7975=CARTESIAN_POINT('',(0.88,2.62,0.1));
#7976=CARTESIAN_POINT('Origin',(0.72,2.62,0.));
#7977=CARTESIAN_POINT('',(0.72,2.62,0.));
#7978=CARTESIAN_POINT('',(0.72,2.62,0.1));
#7979=CARTESIAN_POINT('Origin',(0.72,2.98,0.));
#7980=CARTESIAN_POINT('',(0.72,2.98,0.));
#7981=CARTESIAN_POINT('',(0.72,2.98,0.1));
#7982=CARTESIAN_POINT('Origin',(0.72,2.62,0.));
#7983=CARTESIAN_POINT('Origin',(0.72,2.62,0.1));
#7984=CARTESIAN_POINT('Origin',(0.32,2.62,0.));
#7985=CARTESIAN_POINT('',(0.32,2.62,0.));
#7986=CARTESIAN_POINT('',(0.32,2.62,0.1));
#7987=CARTESIAN_POINT('',(0.32,2.62,0.));
#7988=CARTESIAN_POINT('',(0.32,2.98,0.1));
#7989=CARTESIAN_POINT('',(0.32,2.62,0.1));
#7990=CARTESIAN_POINT('',(0.32,2.98,0.));
#7991=CARTESIAN_POINT('',(0.32,2.98,0.));
#7992=CARTESIAN_POINT('',(0.32,2.62,0.));
#7993=CARTESIAN_POINT('Origin',(0.48,2.62,0.));
#7994=CARTESIAN_POINT('',(0.48,2.62,0.));
#7995=CARTESIAN_POINT('',(0.48,2.62,0.1));
#7996=CARTESIAN_POINT('',(0.48,2.62,0.));
#7997=CARTESIAN_POINT('',(0.48,2.98,0.));
#7998=CARTESIAN_POINT('',(0.48,2.62,0.));
#7999=CARTESIAN_POINT('',(0.48,2.98,0.1));
#8000=CARTESIAN_POINT('',(0.48,2.98,0.));
#8001=CARTESIAN_POINT('',(0.48,2.62,0.1));
#8002=CARTESIAN_POINT('Origin',(0.32,2.62,0.));
#8003=CARTESIAN_POINT('',(0.32,2.62,0.));
#8004=CARTESIAN_POINT('',(0.32,2.62,0.1));
#8005=CARTESIAN_POINT('Origin',(0.32,2.98,0.));
#8006=CARTESIAN_POINT('',(0.32,2.98,0.));
#8007=CARTESIAN_POINT('',(0.32,2.98,0.1));
#8008=CARTESIAN_POINT('Origin',(0.32,2.62,0.));
#8009=CARTESIAN_POINT('Origin',(0.32,2.62,0.1));
#8010=CARTESIAN_POINT('Origin',(-0.08,2.62,0.));
#8011=CARTESIAN_POINT('',(-0.08,2.62,0.));
#8012=CARTESIAN_POINT('',(-0.08,2.62,0.1));
#8013=CARTESIAN_POINT('',(-0.08,2.62,0.));
#8014=CARTESIAN_POINT('',(-0.08,2.98,0.1));
#8015=CARTESIAN_POINT('',(-0.08,2.62,0.1));
#8016=CARTESIAN_POINT('',(-0.08,2.98,0.));
#8017=CARTESIAN_POINT('',(-0.08,2.98,0.));
#8018=CARTESIAN_POINT('',(-0.08,2.62,0.));
#8019=CARTESIAN_POINT('Origin',(0.08,2.62,0.));
#8020=CARTESIAN_POINT('',(0.08,2.62,0.));
#8021=CARTESIAN_POINT('',(0.08,2.62,0.1));
#8022=CARTESIAN_POINT('',(0.08,2.62,0.));
#8023=CARTESIAN_POINT('',(0.08,2.98,0.));
#8024=CARTESIAN_POINT('',(0.08,2.62,0.));
#8025=CARTESIAN_POINT('',(0.08,2.98,0.1));
#8026=CARTESIAN_POINT('',(0.08,2.98,0.));
#8027=CARTESIAN_POINT('',(0.08,2.62,0.1));
#8028=CARTESIAN_POINT('Origin',(-0.08,2.62,0.));
#8029=CARTESIAN_POINT('',(-0.08,2.62,0.));
#8030=CARTESIAN_POINT('',(-0.08,2.62,0.1));
#8031=CARTESIAN_POINT('Origin',(-0.08,2.98,0.));
#8032=CARTESIAN_POINT('',(-0.08,2.98,0.));
#8033=CARTESIAN_POINT('',(-0.08,2.98,0.1));
#8034=CARTESIAN_POINT('Origin',(-0.08,2.62,0.));
#8035=CARTESIAN_POINT('Origin',(-0.08,2.62,0.1));
#8036=CARTESIAN_POINT('Origin',(-0.48,2.62,0.));
#8037=CARTESIAN_POINT('',(-0.48,2.62,0.));
#8038=CARTESIAN_POINT('',(-0.48,2.62,0.1));
#8039=CARTESIAN_POINT('',(-0.48,2.62,0.));
#8040=CARTESIAN_POINT('',(-0.48,2.98,0.1));
#8041=CARTESIAN_POINT('',(-0.48,2.62,0.1));
#8042=CARTESIAN_POINT('',(-0.48,2.98,0.));
#8043=CARTESIAN_POINT('',(-0.48,2.98,0.));
#8044=CARTESIAN_POINT('',(-0.48,2.62,0.));
#8045=CARTESIAN_POINT('Origin',(-0.32,2.62,0.));
#8046=CARTESIAN_POINT('',(-0.32,2.62,0.));
#8047=CARTESIAN_POINT('',(-0.32,2.62,0.1));
#8048=CARTESIAN_POINT('',(-0.32,2.62,0.));
#8049=CARTESIAN_POINT('',(-0.32,2.98,0.));
#8050=CARTESIAN_POINT('',(-0.32,2.62,0.));
#8051=CARTESIAN_POINT('',(-0.32,2.98,0.1));
#8052=CARTESIAN_POINT('',(-0.32,2.98,0.));
#8053=CARTESIAN_POINT('',(-0.32,2.62,0.1));
#8054=CARTESIAN_POINT('Origin',(-0.48,2.62,0.));
#8055=CARTESIAN_POINT('',(-0.48,2.62,0.));
#8056=CARTESIAN_POINT('',(-0.48,2.62,0.1));
#8057=CARTESIAN_POINT('Origin',(-0.48,2.98,0.));
#8058=CARTESIAN_POINT('',(-0.48,2.98,0.));
#8059=CARTESIAN_POINT('',(-0.48,2.98,0.1));
#8060=CARTESIAN_POINT('Origin',(-0.48,2.62,0.));
#8061=CARTESIAN_POINT('Origin',(-0.48,2.62,0.1));
#8062=CARTESIAN_POINT('Origin',(-0.88,2.62,0.));
#8063=CARTESIAN_POINT('',(-0.88,2.62,0.));
#8064=CARTESIAN_POINT('',(-0.88,2.62,0.1));
#8065=CARTESIAN_POINT('',(-0.88,2.62,0.));
#8066=CARTESIAN_POINT('',(-0.88,2.98,0.1));
#8067=CARTESIAN_POINT('',(-0.88,2.62,0.1));
#8068=CARTESIAN_POINT('',(-0.88,2.98,0.));
#8069=CARTESIAN_POINT('',(-0.88,2.98,0.));
#8070=CARTESIAN_POINT('',(-0.88,2.62,0.));
#8071=CARTESIAN_POINT('Origin',(-0.72,2.62,0.));
#8072=CARTESIAN_POINT('',(-0.72,2.62,0.));
#8073=CARTESIAN_POINT('',(-0.72,2.62,0.1));
#8074=CARTESIAN_POINT('',(-0.72,2.62,0.));
#8075=CARTESIAN_POINT('',(-0.72,2.98,0.));
#8076=CARTESIAN_POINT('',(-0.72,2.62,0.));
#8077=CARTESIAN_POINT('',(-0.72,2.98,0.1));
#8078=CARTESIAN_POINT('',(-0.72,2.98,0.));
#8079=CARTESIAN_POINT('',(-0.72,2.62,0.1));
#8080=CARTESIAN_POINT('Origin',(-0.88,2.62,0.));
#8081=CARTESIAN_POINT('',(-0.88,2.62,0.));
#8082=CARTESIAN_POINT('',(-0.88,2.62,0.1));
#8083=CARTESIAN_POINT('Origin',(-0.88,2.98,0.));
#8084=CARTESIAN_POINT('',(-0.88,2.98,0.));
#8085=CARTESIAN_POINT('',(-0.88,2.98,0.1));
#8086=CARTESIAN_POINT('Origin',(-0.88,2.62,0.));
#8087=CARTESIAN_POINT('Origin',(-0.88,2.62,0.1));
#8088=CARTESIAN_POINT('Origin',(-1.28,2.62,0.));
#8089=CARTESIAN_POINT('',(-1.28,2.62,0.));
#8090=CARTESIAN_POINT('',(-1.28,2.62,0.1));
#8091=CARTESIAN_POINT('',(-1.28,2.62,0.));
#8092=CARTESIAN_POINT('',(-1.28,2.98,0.1));
#8093=CARTESIAN_POINT('',(-1.28,2.62,0.1));
#8094=CARTESIAN_POINT('',(-1.28,2.98,0.));
#8095=CARTESIAN_POINT('',(-1.28,2.98,0.));
#8096=CARTESIAN_POINT('',(-1.28,2.62,0.));
#8097=CARTESIAN_POINT('Origin',(-1.12,2.62,0.));
#8098=CARTESIAN_POINT('',(-1.12,2.62,0.));
#8099=CARTESIAN_POINT('',(-1.12,2.62,0.1));
#8100=CARTESIAN_POINT('',(-1.12,2.62,0.));
#8101=CARTESIAN_POINT('',(-1.12,2.98,0.));
#8102=CARTESIAN_POINT('',(-1.12,2.62,0.));
#8103=CARTESIAN_POINT('',(-1.12,2.98,0.1));
#8104=CARTESIAN_POINT('',(-1.12,2.98,0.));
#8105=CARTESIAN_POINT('',(-1.12,2.62,0.1));
#8106=CARTESIAN_POINT('Origin',(-1.28,2.62,0.));
#8107=CARTESIAN_POINT('',(-1.28,2.62,0.));
#8108=CARTESIAN_POINT('',(-1.28,2.62,0.1));
#8109=CARTESIAN_POINT('Origin',(-1.28,2.98,0.));
#8110=CARTESIAN_POINT('',(-1.28,2.98,0.));
#8111=CARTESIAN_POINT('',(-1.28,2.98,0.1));
#8112=CARTESIAN_POINT('Origin',(-1.28,2.62,0.));
#8113=CARTESIAN_POINT('Origin',(-1.28,2.62,0.1));
#8114=CARTESIAN_POINT('Origin',(-1.68,2.62,0.));
#8115=CARTESIAN_POINT('',(-1.68,2.62,0.));
#8116=CARTESIAN_POINT('',(-1.68,2.62,0.1));
#8117=CARTESIAN_POINT('',(-1.68,2.62,0.));
#8118=CARTESIAN_POINT('',(-1.68,2.98,0.1));
#8119=CARTESIAN_POINT('',(-1.68,2.62,0.1));
#8120=CARTESIAN_POINT('',(-1.68,2.98,0.));
#8121=CARTESIAN_POINT('',(-1.68,2.98,0.));
#8122=CARTESIAN_POINT('',(-1.68,2.62,0.));
#8123=CARTESIAN_POINT('Origin',(-1.52,2.62,0.));
#8124=CARTESIAN_POINT('',(-1.52,2.62,0.));
#8125=CARTESIAN_POINT('',(-1.52,2.62,0.1));
#8126=CARTESIAN_POINT('',(-1.52,2.62,0.));
#8127=CARTESIAN_POINT('',(-1.52,2.98,0.));
#8128=CARTESIAN_POINT('',(-1.52,2.62,0.));
#8129=CARTESIAN_POINT('',(-1.52,2.98,0.1));
#8130=CARTESIAN_POINT('',(-1.52,2.98,0.));
#8131=CARTESIAN_POINT('',(-1.52,2.62,0.1));
#8132=CARTESIAN_POINT('Origin',(-1.68,2.62,0.));
#8133=CARTESIAN_POINT('',(-1.68,2.62,0.));
#8134=CARTESIAN_POINT('',(-1.68,2.62,0.1));
#8135=CARTESIAN_POINT('Origin',(-1.68,2.98,0.));
#8136=CARTESIAN_POINT('',(-1.68,2.98,0.));
#8137=CARTESIAN_POINT('',(-1.68,2.98,0.1));
#8138=CARTESIAN_POINT('Origin',(-1.68,2.62,0.));
#8139=CARTESIAN_POINT('Origin',(-1.68,2.62,0.1));
#8140=CARTESIAN_POINT('Origin',(-2.08,2.62,0.));
#8141=CARTESIAN_POINT('',(-2.08,2.62,0.));
#8142=CARTESIAN_POINT('',(-2.08,2.62,0.1));
#8143=CARTESIAN_POINT('',(-2.08,2.62,0.));
#8144=CARTESIAN_POINT('',(-2.08,2.98,0.1));
#8145=CARTESIAN_POINT('',(-2.08,2.62,0.1));
#8146=CARTESIAN_POINT('',(-2.08,2.98,0.));
#8147=CARTESIAN_POINT('',(-2.08,2.98,0.));
#8148=CARTESIAN_POINT('',(-2.08,2.62,0.));
#8149=CARTESIAN_POINT('Origin',(-1.92,2.62,0.));
#8150=CARTESIAN_POINT('',(-1.92,2.62,0.));
#8151=CARTESIAN_POINT('',(-1.92,2.62,0.1));
#8152=CARTESIAN_POINT('',(-1.92,2.62,0.));
#8153=CARTESIAN_POINT('',(-1.92,2.98,0.));
#8154=CARTESIAN_POINT('',(-1.92,2.62,0.));
#8155=CARTESIAN_POINT('',(-1.92,2.98,0.1));
#8156=CARTESIAN_POINT('',(-1.92,2.98,0.));
#8157=CARTESIAN_POINT('',(-1.92,2.62,0.1));
#8158=CARTESIAN_POINT('Origin',(-2.08,2.62,0.));
#8159=CARTESIAN_POINT('',(-2.08,2.62,0.));
#8160=CARTESIAN_POINT('',(-2.08,2.62,0.1));
#8161=CARTESIAN_POINT('Origin',(-2.08,2.98,0.));
#8162=CARTESIAN_POINT('',(-2.08,2.98,0.));
#8163=CARTESIAN_POINT('',(-2.08,2.98,0.1));
#8164=CARTESIAN_POINT('Origin',(-2.08,2.62,0.));
#8165=CARTESIAN_POINT('Origin',(-2.08,2.62,0.1));
#8166=CARTESIAN_POINT('Origin',(-2.48,2.62,0.));
#8167=CARTESIAN_POINT('',(-2.48,2.62,0.));
#8168=CARTESIAN_POINT('',(-2.48,2.62,0.1));
#8169=CARTESIAN_POINT('',(-2.48,2.62,0.));
#8170=CARTESIAN_POINT('',(-2.48,2.98,0.1));
#8171=CARTESIAN_POINT('',(-2.48,2.62,0.1));
#8172=CARTESIAN_POINT('',(-2.48,2.98,0.));
#8173=CARTESIAN_POINT('',(-2.48,2.98,0.));
#8174=CARTESIAN_POINT('',(-2.48,2.62,0.));
#8175=CARTESIAN_POINT('Origin',(-2.32,2.62,0.));
#8176=CARTESIAN_POINT('',(-2.32,2.62,0.));
#8177=CARTESIAN_POINT('',(-2.32,2.62,0.1));
#8178=CARTESIAN_POINT('',(-2.32,2.62,0.));
#8179=CARTESIAN_POINT('',(-2.32,2.98,0.));
#8180=CARTESIAN_POINT('',(-2.32,2.62,0.));
#8181=CARTESIAN_POINT('',(-2.32,2.98,0.1));
#8182=CARTESIAN_POINT('',(-2.32,2.98,0.));
#8183=CARTESIAN_POINT('',(-2.32,2.62,0.1));
#8184=CARTESIAN_POINT('Origin',(-2.48,2.62,0.));
#8185=CARTESIAN_POINT('',(-2.48,2.62,0.));
#8186=CARTESIAN_POINT('',(-2.48,2.62,0.1));
#8187=CARTESIAN_POINT('Origin',(-2.48,2.98,0.));
#8188=CARTESIAN_POINT('',(-2.48,2.98,0.));
#8189=CARTESIAN_POINT('',(-2.48,2.98,0.1));
#8190=CARTESIAN_POINT('Origin',(-2.48,2.62,0.));
#8191=CARTESIAN_POINT('Origin',(-2.48,2.62,0.1));
#8192=CARTESIAN_POINT('Origin',(-1.8,-1.8,0.));
#8193=CARTESIAN_POINT('',(-1.8,-1.8,0.));
#8194=CARTESIAN_POINT('',(-1.8,-1.8,0.1));
#8195=CARTESIAN_POINT('',(-1.8,-1.8,0.));
#8196=CARTESIAN_POINT('',(-1.8,1.8,0.1));
#8197=CARTESIAN_POINT('',(-1.8,-1.8,0.1));
#8198=CARTESIAN_POINT('',(-1.8,1.8,0.));
#8199=CARTESIAN_POINT('',(-1.8,1.8,0.));
#8200=CARTESIAN_POINT('',(-1.8,-1.8,0.));
#8201=CARTESIAN_POINT('Origin',(1.8,-1.8,0.));
#8202=CARTESIAN_POINT('',(1.8,-1.8,0.));
#8203=CARTESIAN_POINT('',(1.8,-1.8,0.1));
#8204=CARTESIAN_POINT('',(1.8,-1.8,0.));
#8205=CARTESIAN_POINT('',(1.8,1.8,0.));
#8206=CARTESIAN_POINT('',(1.8,-1.8,0.));
#8207=CARTESIAN_POINT('',(1.8,1.8,0.1));
#8208=CARTESIAN_POINT('',(1.8,1.8,0.));
#8209=CARTESIAN_POINT('',(1.8,-1.8,0.1));
#8210=CARTESIAN_POINT('Origin',(-1.8,-1.8,0.));
#8211=CARTESIAN_POINT('',(-1.8,-1.8,0.));
#8212=CARTESIAN_POINT('',(-1.8,-1.8,0.1));
#8213=CARTESIAN_POINT('Origin',(-1.8,1.8,0.));
#8214=CARTESIAN_POINT('',(-1.8,1.8,0.));
#8215=CARTESIAN_POINT('',(-1.8,1.8,0.1));
#8216=CARTESIAN_POINT('Origin',(-1.8,-1.8,0.));
#8217=CARTESIAN_POINT('Origin',(-1.8,-1.8,0.1));
#8218=CARTESIAN_POINT('',(0.,0.,0.1));
#8219=CARTESIAN_POINT('',(0.,0.,0.));
#8220=UNCERTAINTY_MEASURE_WITH_UNIT(LENGTH_MEASURE(0.01),#8228,
'DISTANCE_ACCURACY_VALUE',
'Maximum model space distance between geometric entities at asserted c
onnectivities');
#8221=UNCERTAINTY_MEASURE_WITH_UNIT(LENGTH_MEASURE(0.01),#8228,
'DISTANCE_ACCURACY_VALUE',
'Maximum model space distance between geometric entities at asserted c
onnectivities');
#8222=UNCERTAINTY_MEASURE_WITH_UNIT(LENGTH_MEASURE(0.01),#8228,
'DISTANCE_ACCURACY_VALUE',
'Maximum model space distance between geometric entities at asserted c
onnectivities');
#8223=UNCERTAINTY_MEASURE_WITH_UNIT(LENGTH_MEASURE(0.01),#8228,
'DISTANCE_ACCURACY_VALUE',
'Maximum model space distance between geometric entities at asserted c
onnectivities');
#8224=(
GEOMETRIC_REPRESENTATION_CONTEXT(3)
GLOBAL_UNCERTAINTY_ASSIGNED_CONTEXT((#8220))
GLOBAL_UNIT_ASSIGNED_CONTEXT((#8228,#8230,#8231))
REPRESENTATION_CONTEXT('','3D')
);
#8225=(
GEOMETRIC_REPRESENTATION_CONTEXT(3)
GLOBAL_UNCERTAINTY_ASSIGNED_CONTEXT((#8221))
GLOBAL_UNIT_ASSIGNED_CONTEXT((#8228,#8230,#8231))
REPRESENTATION_CONTEXT('','3D')
);
#8226=(
GEOMETRIC_REPRESENTATION_CONTEXT(3)
GLOBAL_UNCERTAINTY_ASSIGNED_CONTEXT((#8222))
GLOBAL_UNIT_ASSIGNED_CONTEXT((#8228,#8230,#8231))
REPRESENTATION_CONTEXT('','3D')
);
#8227=(
GEOMETRIC_REPRESENTATION_CONTEXT(3)
GLOBAL_UNCERTAINTY_ASSIGNED_CONTEXT((#8223))
GLOBAL_UNIT_ASSIGNED_CONTEXT((#8228,#8230,#8231))
REPRESENTATION_CONTEXT('','3D')
);
#8228=(
LENGTH_UNIT()
NAMED_UNIT(*)
SI_UNIT(.MILLI.,.METRE.)
);
#8229=(
LENGTH_UNIT()
NAMED_UNIT(*)
SI_UNIT($,.METRE.)
);
#8230=(
NAMED_UNIT(*)
PLANE_ANGLE_UNIT()
SI_UNIT($,.RADIAN.)
);
#8231=(
NAMED_UNIT(*)
SI_UNIT($,.STERADIAN.)
SOLID_ANGLE_UNIT()
);
#8232=SHAPE_DEFINITION_REPRESENTATION(#8235,#8240);
#8233=SHAPE_DEFINITION_REPRESENTATION(#8236,#8241);
#8234=SHAPE_DEFINITION_REPRESENTATION(#8237,#8242);
#8235=PRODUCT_DEFINITION_SHAPE('',$,#8244);
#8236=PRODUCT_DEFINITION_SHAPE('',$,#8245);
#8237=PRODUCT_DEFINITION_SHAPE('',$,#8246);
#8238=PRODUCT_DEFINITION_SHAPE($,$,#17);
#8239=PRODUCT_DEFINITION_SHAPE($,$,#18);
#8240=SHAPE_REPRESENTATION('',(#5176,#5503,#5504),#8224);
#8241=SHAPE_REPRESENTATION('',(#5177),#8225);
#8242=SHAPE_REPRESENTATION('',(#5184),#8226);
#8243=PRODUCT_DEFINITION_CONTEXT('part definition',#8254,'design');
#8244=PRODUCT_DEFINITION('ASSEMBLY','IQS9150-000QFR v1',#8247,#8243);
#8245=PRODUCT_DEFINITION('Body','Body',#8248,#8243);
#8246=PRODUCT_DEFINITION('Pins','Pins',#8249,#8243);
#8247=PRODUCT_DEFINITION_FORMATION('',$,#8256);
#8248=PRODUCT_DEFINITION_FORMATION('',$,#8257);
#8249=PRODUCT_DEFINITION_FORMATION('',$,#8258);
#8250=PRODUCT_RELATED_PRODUCT_CATEGORY('IQS9150-000QFR v1',
'IQS9150-000QFR v1',(#8256));
#8251=PRODUCT_RELATED_PRODUCT_CATEGORY('Body','Body',(#8257));
#8252=PRODUCT_RELATED_PRODUCT_CATEGORY('Pins','Pins',(#8258));
#8253=APPLICATION_PROTOCOL_DEFINITION('international standard',
'automotive_design',2009,#8254);
#8254=APPLICATION_CONTEXT(
'Core Data for Automotive Mechanical Design Process');
#8255=PRODUCT_CONTEXT('part definition',#8254,'mechanical');
#8256=PRODUCT('ASSEMBLY','IQS9150-000QFR v1','FreeCAD Model',(#8255));
#8257=PRODUCT('Body','Body',$,(#8255));
#8258=PRODUCT('Pins','Pins',$,(#8255));
#8259=PRESENTATION_STYLE_ASSIGNMENT((#8262));
#8260=PRESENTATION_STYLE_ASSIGNMENT((#8263));
#8261=PRESENTATION_STYLE_ASSIGNMENT((#8264));
#8262=SURFACE_STYLE_USAGE(.BOTH.,#8265);
#8263=SURFACE_STYLE_USAGE(.BOTH.,#8266);
#8264=SURFACE_STYLE_USAGE(.BOTH.,#8267);
#8265=SURFACE_SIDE_STYLE('',(#8268));
#8266=SURFACE_SIDE_STYLE('',(#8269));
#8267=SURFACE_SIDE_STYLE('',(#8270));
#8268=SURFACE_STYLE_FILL_AREA(#8271);
#8269=SURFACE_STYLE_FILL_AREA(#8272);
#8270=SURFACE_STYLE_FILL_AREA(#8273);
#8271=FILL_AREA_STYLE('Steel - Satin',(#8274));
#8272=FILL_AREA_STYLE('Opaque(77,77,77)',(#8275));
#8273=FILL_AREA_STYLE('Opaque(187,197,203)',(#8276));
#8274=FILL_AREA_STYLE_COLOUR('Steel - Satin',#8277);
#8275=FILL_AREA_STYLE_COLOUR('Opaque(77,77,77)',#8278);
#8276=FILL_AREA_STYLE_COLOUR('Opaque(187,197,203)',#8279);
#8277=COLOUR_RGB('Steel - Satin',0.627450980392157,0.627450980392157,0.627450980392157);
#8278=COLOUR_RGB('Opaque(77,77,77)',0.301960784313725,0.301960784313725,
0.301960784313725);
#8279=COLOUR_RGB('Opaque(187,197,203)',0.733333333333333,0.772549019607843,
0.796078431372549);
ENDSEC;
END-ISO-10303-21;
