ISO-10303-21;
HEADER;
FILE_DESCRIPTION (( 'STEP AP214' ),
    '1' );
FILE_NAME ('L4CA0612LR005FNR.STEP',
    '2023-08-01T08:59:45',
    ( '' ),
    ( '' ),
    'SwSTEP 2.0',
    'SolidWorks 2022',
    '' );
FILE_SCHEMA (( 'AUTOMOTIVE_DESIGN' ));
ENDSEC;

DATA;
#1 = CARTESIAN_POINT ( 'NONE',  ( 0.7750000000000000222, 1.600000000000000311, 0.000000000000000000 ) ) ;
#2 =( LENGTH_UNIT ( ) NAMED_UNIT ( * ) SI_UNIT ( .MILLI., .METRE. ) );
#3 = PLANE ( 'NONE',  #931 ) ;
#4 = SURFACE_SIDE_STYLE ('',( #551 ) ) ;
#5 = ORIENTED_EDGE ( 'NONE', *, *, #1209, .F. ) ;
#6 = STYLED_ITEM ( 'NONE', ( #310 ), #612 ) ;
#7 = CARTESIAN_POINT ( 'NONE',  ( 0.000000000000000000, 0.000000000000000000, 0.05000000000000000278 ) ) ;
#8 = CARTESIAN_POINT ( 'NONE',  ( -0.7749999999999995781, 0.5599999999999997202, 0.000000000000000000 ) ) ;
#9 = VERTEX_POINT ( 'NONE', #215 ) ;
#10 = AXIS2_PLACEMENT_3D ( 'NONE', #488, #714, #940 ) ;
#11 = CARTESIAN_POINT ( 'NONE',  ( -0.7749999999999995781, -1.599999999999999867, 0.6999999999999999556 ) ) ;
#12 = VECTOR ( 'NONE', #950, 1000.000000000000000 ) ;
#13 = FACE_OUTER_BOUND ( 'NONE', #565, .T. ) ;
#14 = VECTOR ( 'NONE', #1252, 1000.000000000000000 ) ;
#15 = LINE ( 'NONE', #1346, #1268 ) ;
#16 =( GEOMETRIC_REPRESENTATION_CONTEXT ( 3 ) GLOBAL_UNCERTAINTY_ASSIGNED_CONTEXT ( ( #373 ) ) GLOBAL_UNIT_ASSIGNED_CONTEXT ( ( #22, #804, #340 ) ) REPRESENTATION_CONTEXT ( 'NONE', 'WORKASPACE' ) );
#17 = PLANE ( 'NONE',  #227 ) ;
#18 = CARTESIAN_POINT ( 'NONE',  ( 0.7750000000000000222, 1.600000000000000311, 0.000000000000000000 ) ) ;
#19 = PRESENTATION_LAYER_ASSIGNMENT (  '', '', ( #549 ) ) ;
#20 = FILL_AREA_STYLE ('',( #909 ) ) ;
#21 = VERTEX_POINT ( 'NONE', #771 ) ;
#22 =( LENGTH_UNIT ( ) NAMED_UNIT ( * ) SI_UNIT ( .MILLI., .METRE. ) );
#23 = FACE_OUTER_BOUND ( 'NONE', #191, .T. ) ;
#24 = FACE_OUTER_BOUND ( 'NONE', #482, .T. ) ;
#25 = ADVANCED_FACE ( 'NONE', ( #455 ), #1311, .F. ) ;
#26 =( NAMED_UNIT ( * ) PLANE_ANGLE_UNIT ( ) SI_UNIT ( $, .RADIAN. ) );
#27 = UNCERTAINTY_MEASURE_WITH_UNIT (LENGTH_MEASURE( 1.000000000000000082E-05 ), #1393, 'distance_accuracy_value', 'NONE');
#28 = PRESENTATION_STYLE_ASSIGNMENT (( #915 ) ) ;
#29 = SURFACE_SIDE_STYLE ('',( #124 ) ) ;
#30 = ORIENTED_EDGE ( 'NONE', *, *, #34, .F. ) ;
#31 = DIRECTION ( 'NONE',  ( 1.398970545142586788E-16, 1.000000000000000000, -0.000000000000000000 ) ) ;
#32 = CARTESIAN_POINT ( 'NONE',  ( -0.7749999999999995781, -1.599999999999999867, 0.000000000000000000 ) ) ;
#33 = AXIS2_PLACEMENT_3D ( 'NONE', #1140, #118, #917 ) ;
#34 = EDGE_CURVE ( 'NONE', #67, #539, #1039, .T. ) ;
#35 = FILL_AREA_STYLE_COLOUR ( '', #248 ) ;
#36 =( NAMED_UNIT ( * ) PLANE_ANGLE_UNIT ( ) SI_UNIT ( $, .RADIAN. ) );
#37 = UNCERTAINTY_MEASURE_WITH_UNIT (LENGTH_MEASURE( 1.000000000000000082E-05 ), #512, 'distance_accuracy_value', 'NONE');
#38 = FILL_AREA_STYLE ('',( #150 ) ) ;
#39 = ORIENTED_EDGE ( 'NONE', *, *, #754, .T. ) ;
#40 =( GEOMETRIC_REPRESENTATION_CONTEXT ( 3 ) GLOBAL_UNCERTAINTY_ASSIGNED_CONTEXT ( ( #1053 ) ) GLOBAL_UNIT_ASSIGNED_CONTEXT ( ( #923, #36, #810 ) ) REPRESENTATION_CONTEXT ( 'NONE', 'WORKASPACE' ) );
#41 = ADVANCED_FACE ( 'NONE', ( #252 ), #472, .T. ) ;
#42 = PRESENTATION_LAYER_ASSIGNMENT (  '', '', ( #195 ) ) ;
#43 = EDGE_CURVE ( 'NONE', #89, #1293, #1349, .T. ) ;
#44 = MECHANICAL_DESIGN_GEOMETRIC_PRESENTATION_REPRESENTATION (  '', ( #960 ), #936 ) ;
#45 =( LENGTH_UNIT ( ) NAMED_UNIT ( * ) SI_UNIT ( .MILLI., .METRE. ) );
#46 = ORIENTED_EDGE ( 'NONE', *, *, #266, .F. ) ;
#47 = VECTOR ( 'NONE', #1426, 1000.000000000000000 ) ;
#48 =( NAMED_UNIT ( * ) PLANE_ANGLE_UNIT ( ) SI_UNIT ( $, .RADIAN. ) );
#49 = CARTESIAN_POINT ( 'NONE',  ( -0.7750000000000000222, 1.140000000000000346, 0.000000000000000000 ) ) ;
#50 = UNCERTAINTY_MEASURE_WITH_UNIT (LENGTH_MEASURE( 1.000000000000000082E-05 ), #815, 'distance_accuracy_value', 'NONE');
#51 = ORIENTED_EDGE ( 'NONE', *, *, #138, .T. ) ;
#52 =( NAMED_UNIT ( * ) PLANE_ANGLE_UNIT ( ) SI_UNIT ( $, .RADIAN. ) );
#53 = DIRECTION ( 'NONE',  ( -0.000000000000000000, -0.000000000000000000, 1.000000000000000000 ) ) ;
#54 = LINE ( 'NONE', #934, #199 ) ;
#55 = ORIENTED_EDGE ( 'NONE', *, *, #1069, .F. ) ;
#56 = EDGE_CURVE ( 'NONE', #1138, #1394, #1147, .T. ) ;
#57 = LINE ( 'NONE', #844, #284 ) ;
#58 =( NAMED_UNIT ( * ) PLANE_ANGLE_UNIT ( ) SI_UNIT ( $, .RADIAN. ) );
#59 = CARTESIAN_POINT ( 'NONE',  ( 0.7750000000000000222, 0.5599999999999999423, 0.000000000000000000 ) ) ;
#60 = VECTOR ( 'NONE', #795, 1000.000000000000000 ) ;
#61 = SURFACE_STYLE_USAGE ( .BOTH. , #635 ) ;
#62 = ORIENTED_EDGE ( 'NONE', *, *, #327, .T. ) ;
#63 = SURFACE_STYLE_USAGE ( .BOTH. , #1081 ) ;
#64 = MECHANICAL_DESIGN_GEOMETRIC_PRESENTATION_REPRESENTATION (  '', ( #816 ), #442 ) ;
#65 =( NAMED_UNIT ( * ) SI_UNIT ( $, .STERADIAN. ) SOLID_ANGLE_UNIT ( ) );
#66 = ADVANCED_FACE ( 'NONE', ( #102, #112 ), #875, .T. ) ;
#67 = VERTEX_POINT ( 'NONE', #863 ) ;
#68 = DIRECTION ( 'NONE',  ( 0.000000000000000000, 0.000000000000000000, -1.000000000000000000 ) ) ;
#69 = FILL_AREA_STYLE ('',( #890 ) ) ;
#70 = EDGE_CURVE ( 'NONE', #1079, #992, #1193, .T. ) ;
#71 = SURFACE_STYLE_FILL_AREA ( #1099 ) ;
#72 = CARTESIAN_POINT ( 'NONE',  ( -0.5694073523147183957, 0.8518518518518414240, 0.6999999999999999556 ) ) ;
#73 = ORIENTED_EDGE ( 'NONE', *, *, #1386, .T. ) ;
#74 = FILL_AREA_STYLE_COLOUR ( '', #1333 ) ;
#75 = DIRECTION ( 'NONE',  ( 1.000000000000000000, 0.000000000000000000, 0.000000000000000000 ) ) ;
#76 = CARTESIAN_POINT ( 'NONE',  ( 0.000000000000000000, 0.000000000000000000, 0.000000000000000000 ) ) ;
#77 = PRESENTATION_LAYER_ASSIGNMENT (  '', '', ( #1312 ) ) ;
#78 =( NAMED_UNIT ( * ) SI_UNIT ( $, .STERADIAN. ) SOLID_ANGLE_UNIT ( ) );
#79 = ORIENTED_EDGE ( 'NONE', *, *, #524, .F. ) ;
#80 = COLOUR_RGB ( '',0.8431372549019607865, 0.8431372549019607865, 0.8431372549019607865 ) ;
#81 = ADVANCED_FACE ( 'NONE', ( #189 ), #633, .F. ) ;
#82 = DIRECTION ( 'NONE',  ( -1.000000000000000000, 0.000000000000000000, 0.000000000000000000 ) ) ;
#83 = SURFACE_STYLE_FILL_AREA ( #760 ) ;
#84 = MECHANICAL_DESIGN_GEOMETRIC_PRESENTATION_REPRESENTATION (  '', ( #1365 ), #1430 ) ;
#85 = LINE ( 'NONE', #776, #616 ) ;
#86 =( GEOMETRIC_REPRESENTATION_CONTEXT ( 3 ) GLOBAL_UNCERTAINTY_ASSIGNED_CONTEXT ( ( #149 ) ) GLOBAL_UNIT_ASSIGNED_CONTEXT ( ( #1304, #643, #969 ) ) REPRESENTATION_CONTEXT ( 'NONE', 'WORKASPACE' ) );
#87 = SURFACE_STYLE_FILL_AREA ( #1107 ) ;
#88 = PRESENTATION_STYLE_ASSIGNMENT (( #61 ) ) ;
#89 = VERTEX_POINT ( 'NONE', #985 ) ;
#90 =( NAMED_UNIT ( * ) PLANE_ANGLE_UNIT ( ) SI_UNIT ( $, .RADIAN. ) );
#91 = SURFACE_SIDE_STYLE ('',( #750 ) ) ;
#92 = LINE ( 'NONE', #129, #106 ) ;
#93 = SURFACE_STYLE_FILL_AREA ( #486 ) ;
#94 = UNCERTAINTY_MEASURE_WITH_UNIT (LENGTH_MEASURE( 1.000000000000000082E-05 ), #685, 'distance_accuracy_value', 'NONE');
#95 = DIRECTION ( 'NONE',  ( -0.000000000000000000, -0.000000000000000000, -1.000000000000000000 ) ) ;
#96 = ORIENTED_EDGE ( 'NONE', *, *, #847, .F. ) ;
#97 =( NAMED_UNIT ( * ) SI_UNIT ( $, .STERADIAN. ) SOLID_ANGLE_UNIT ( ) );
#98 = ORIENTED_EDGE ( 'NONE', *, *, #173, .T. ) ;
#99 = LINE ( 'NONE', #312, #1185 ) ;
#100 = CARTESIAN_POINT ( 'NONE',  ( 0.3649999999999999911, -1.600000000000000089, 0.05000000000000000278 ) ) ;
#101 =( NAMED_UNIT ( * ) SI_UNIT ( $, .STERADIAN. ) SOLID_ANGLE_UNIT ( ) );
#102 = FACE_OUTER_BOUND ( 'NONE', #636, .T. ) ;
#103 =( NAMED_UNIT ( * ) PLANE_ANGLE_UNIT ( ) SI_UNIT ( $, .RADIAN. ) );
#104 = MANIFOLD_SOLID_BREP ( 'Boss-Extrude2[2]', #594 ) ;
#105 = PLANE ( 'NONE',  #436 ) ;
#106 = VECTOR ( 'NONE', #452, 1000.000000000000000 ) ;
#107 = ORIENTED_EDGE ( 'NONE', *, *, #419, .F. ) ;
#108 = APPLICATION_PROTOCOL_DEFINITION ( 'draft international standard', 'automotive_design', 1998, #983 ) ;
#109 = VECTOR ( 'NONE', #456, 1000.000000000000000 ) ;
#110 = DIRECTION ( 'NONE',  ( 1.000000000000000000, 0.000000000000000000, -0.000000000000000000 ) ) ;
#111 = VECTOR ( 'NONE', #1020, 1000.000000000000000 ) ;
#112 = FACE_BOUND ( 'NONE', #365, .T. ) ;
#113 = PRESENTATION_LAYER_ASSIGNMENT (  '', '', ( #887 ) ) ;
#114 = CARTESIAN_POINT ( 'NONE',  ( -0.7750000000000000222, 1.600000000000000311, 0.000000000000000000 ) ) ;
#115 = SURFACE_SIDE_STYLE ('',( #223 ) ) ;
#116 = SURFACE_SIDE_STYLE ('',( #1348 ) ) ;
#117 = FILL_AREA_STYLE ('',( #1323 ) ) ;
#118 = DIRECTION ( 'NONE',  ( 0.000000000000000000, 0.000000000000000000, 1.000000000000000000 ) ) ;
#119 = LINE ( 'NONE', #1012, #1334 ) ;
#120 = EDGE_CURVE ( 'NONE', #519, #787, #92, .T. ) ;
#121 = UNCERTAINTY_MEASURE_WITH_UNIT (LENGTH_MEASURE( 1.000000000000000082E-05 ), #773, 'distance_accuracy_value', 'NONE');
#122 = CARTESIAN_POINT ( 'NONE',  ( 0.7750000000000000222, -1.600000000000000089, 0.6999999999999999556 ) ) ;
#123 = CARTESIAN_POINT ( 'NONE',  ( 0.000000000000000000, 0.000000000000000000, 0.000000000000000000 ) ) ;
#124 = SURFACE_STYLE_FILL_AREA ( #224 ) ;
#125 = AXIS2_PLACEMENT_3D ( 'NONE', #1395, #485, #1176 ) ;
#126 = FILL_AREA_STYLE ('',( #1143 ) ) ;
#127 =( GEOMETRIC_REPRESENTATION_CONTEXT ( 3 ) GLOBAL_UNCERTAINTY_ASSIGNED_CONTEXT ( ( #1144 ) ) GLOBAL_UNIT_ASSIGNED_CONTEXT ( ( #135, #898, #1022 ) ) REPRESENTATION_CONTEXT ( 'NONE', 'WORKASPACE' ) );
#128 = VECTOR ( 'NONE', #684, 1000.000000000000000 ) ;
#129 = CARTESIAN_POINT ( 'NONE',  ( 0.7750000000000000222, -1.600000000000000089, 0.000000000000000000 ) ) ;
#130 = MANIFOLD_SOLID_BREP ( 'Wrap1', #1404 ) ;
#131 = COLOUR_RGB ( '',0.8431372549019607865, 0.8431372549019607865, 0.8431372549019607865 ) ;
#132 = CARTESIAN_POINT ( 'NONE',  ( -0.3194073523147363813, -1.000000000000005107, 0.6999999999999999556 ) ) ;
#133 = FILL_AREA_STYLE_COLOUR ( '', #1228 ) ;
#134 = VECTOR ( 'NONE', #424, 1000.000000000000000 ) ;
#135 =( LENGTH_UNIT ( ) NAMED_UNIT ( * ) SI_UNIT ( .MILLI., .METRE. ) );
#136 = ORIENTED_EDGE ( 'NONE', *, *, #1369, .T. ) ;
#137 =( NAMED_UNIT ( * ) SI_UNIT ( $, .STERADIAN. ) SOLID_ANGLE_UNIT ( ) );
#138 = EDGE_CURVE ( 'NONE', #878, #871, #894, .T. ) ;
#139 = PRESENTATION_STYLE_ASSIGNMENT (( #1037 ) ) ;
#140 = CARTESIAN_POINT ( 'NONE',  ( -0.3194073523146876425, 0.1851851851851864239, 0.6999999999999999556 ) ) ;
#141 = FILL_AREA_STYLE ('',( #133 ) ) ;
#142 = PLANE ( 'NONE',  #1316 ) ;
#143 = ORIENTED_EDGE ( 'NONE', *, *, #173, .F. ) ;
#144 = FILL_AREA_STYLE_COLOUR ( '', #836 ) ;
#145 = CARTESIAN_POINT ( 'NONE',  ( -0.7749999999999995781, -1.599999999999999867, 0.000000000000000000 ) ) ;
#146 = PRODUCT_DEFINITION_FORMATION_WITH_SPECIFIED_SOURCE ( 'ANY', '', #1175, .NOT_KNOWN. ) ;
#147 = CARTESIAN_POINT ( 'NONE',  ( -0.7749999999999995781, 0.5599999999999997202, 0.000000000000000000 ) ) ;
#148 = UNCERTAINTY_MEASURE_WITH_UNIT (LENGTH_MEASURE( 1.000000000000000082E-05 ), #1027, 'distance_accuracy_value', 'NONE');
#149 = UNCERTAINTY_MEASURE_WITH_UNIT (LENGTH_MEASURE( 1.000000000000000082E-05 ), #1304, 'distance_accuracy_value', 'NONE');
#150 = FILL_AREA_STYLE_COLOUR ( '', #984 ) ;
#151 = ORIENTED_EDGE ( 'NONE', *, *, #853, .F. ) ;
#152 = EDGE_CURVE ( 'NONE', #992, #1301, #928, .T. ) ;
#153 = LINE ( 'NONE', #968, #12 ) ;
#154 = SURFACE_STYLE_USAGE ( .BOTH. , #1161 ) ;
#155 = VECTOR ( 'NONE', #656, 1000.000000000000000 ) ;
#156 =( NAMED_UNIT ( * ) PLANE_ANGLE_UNIT ( ) SI_UNIT ( $, .RADIAN. ) );
#157 = AXIS2_PLACEMENT_3D ( 'NONE', #123, #1243, #562 ) ;
#158 = DIRECTION ( 'NONE',  ( 0.000000000000000000, -1.000000000000000000, 0.000000000000000000 ) ) ;
#159 = ORIENTED_EDGE ( 'NONE', *, *, #661, .T. ) ;
#160 = COLOUR_RGB ( '',0.2862745098039215508, 0.2862745098039215508, 0.2862745098039215508 ) ;
#161 = FACE_OUTER_BOUND ( 'NONE', #574, .T. ) ;
#162 = SURFACE_SIDE_STYLE ('',( #260 ) ) ;
#163 =( GEOMETRIC_REPRESENTATION_CONTEXT ( 3 ) GLOBAL_UNCERTAINTY_ASSIGNED_CONTEXT ( ( #121 ) ) GLOBAL_UNIT_ASSIGNED_CONTEXT ( ( #773, #90, #1210 ) ) REPRESENTATION_CONTEXT ( 'NONE', 'WORKASPACE' ) );
#164 = PLANE ( 'NONE',  #487 ) ;
#165 = ADVANCED_FACE ( 'NONE', ( #1330 ), #919, .F. ) ;
#166 = CARTESIAN_POINT ( 'NONE',  ( 0.7750000000000000222, -1.600000000000000089, 0.05000000000000000278 ) ) ;
#167 = ORIENTED_EDGE ( 'NONE', *, *, #432, .F. ) ;
#168 = FILL_AREA_STYLE ('',( #366 ) ) ;
#169 =( NAMED_UNIT ( * ) SI_UNIT ( $, .STERADIAN. ) SOLID_ANGLE_UNIT ( ) );
#170 = SURFACE_SIDE_STYLE ('',( #876 ) ) ;
#171 = FACE_OUTER_BOUND ( 'NONE', #694, .T. ) ;
#172 = ORIENTED_EDGE ( 'NONE', *, *, #853, .T. ) ;
#173 = EDGE_CURVE ( 'NONE', #519, #330, #807, .T. ) ;
#174 = VECTOR ( 'NONE', #700, 1000.000000000000000 ) ;
#175 = DIRECTION ( 'NONE',  ( -0.000000000000000000, -0.000000000000000000, 1.000000000000000000 ) ) ;
#176 = COLOUR_RGB ( '',0.8431372549019607865, 0.8431372549019607865, 0.8431372549019607865 ) ;
#177 =( GEOMETRIC_REPRESENTATION_CONTEXT ( 3 ) GLOBAL_UNCERTAINTY_ASSIGNED_CONTEXT ( ( #710 ) ) GLOBAL_UNIT_ASSIGNED_CONTEXT ( ( #1170, #1256, #1271 ) ) REPRESENTATION_CONTEXT ( 'NONE', 'WORKASPACE' ) );
#178 = CARTESIAN_POINT ( 'NONE',  ( -0.5694073523146865323, 0.03703703703703593864, 0.6999999999999999556 ) ) ;
#179 = ORIENTED_EDGE ( 'NONE', *, *, #711, .T. ) ;
#180 = CARTESIAN_POINT ( 'NONE',  ( 0.7750000000000000222, 1.600000000000000311, 0.000000000000000000 ) ) ;
#181 = PLANE ( 'NONE',  #1133 ) ;
#182 = EDGE_CURVE ( 'NONE', #308, #1351, #1255, .T. ) ;
#183 = PRESENTATION_LAYER_ASSIGNMENT (  '', '', ( #816 ) ) ;
#184 = CARTESIAN_POINT ( 'NONE',  ( -0.5694073523146959692, 0.4074074074074007235, 0.6999999999999999556 ) ) ;
#185 = ORIENTED_EDGE ( 'NONE', *, *, #900, .T. ) ;
#186 = CARTESIAN_POINT ( 'NONE',  ( -0.4860740189814024559, -0.9999999999999922284, 0.6999999999999999556 ) ) ;
#187 =( NAMED_UNIT ( * ) SI_UNIT ( $, .STERADIAN. ) SOLID_ANGLE_UNIT ( ) );
#188 =( LENGTH_UNIT ( ) NAMED_UNIT ( * ) SI_UNIT ( .MILLI., .METRE. ) );
#189 = FACE_OUTER_BOUND ( 'NONE', #1403, .T. ) ;
#190 = CARTESIAN_POINT ( 'NONE',  ( -0.5694073523146947480, -0.4074074074073993912, 0.6999999999999999556 ) ) ;
#191 = EDGE_LOOP ( 'NONE', ( #326, #316, #107, #646 ) ) ;
#192 = DIRECTION ( 'NONE',  ( 0.000000000000000000, -1.000000000000000000, 0.000000000000000000 ) ) ;
#193 = DIRECTION ( 'NONE',  ( 1.000000000000000000, 0.000000000000000000, -0.000000000000000000 ) ) ;
#194 = LINE ( 'NONE', #1392, #134 ) ;
#195 = STYLED_ITEM ( 'NONE', ( #584 ), #532 ) ;
#196 = CLOSED_SHELL ( 'NONE', ( #1179, #1014, #226, #165, #321, #792 ) ) ;
#197 = CARTESIAN_POINT ( 'NONE',  ( -0.5694073523147292759, -0.9259259259259116082, 0.6999999999999999556 ) ) ;
#198 = VERTEX_POINT ( 'NONE', #334 ) ;
#199 = VECTOR ( 'NONE', #1373, 1000.000000000000000 ) ;
#200 = CARTESIAN_POINT ( 'NONE',  ( -0.5694073523147357152, -0.9999999999999852340, 0.6999999999999999556 ) ) ;
#201 = AXIS2_PLACEMENT_3D ( 'NONE', #331, #31, #458 ) ;
#202 = LINE ( 'NONE', #517, #789 ) ;
#203 = VECTOR ( 'NONE', #757, 1000.000000000000000 ) ;
#204 = EDGE_CURVE ( 'NONE', #1378, #949, #1050, .T. ) ;
#205 = DIRECTION ( 'NONE',  ( -0.000000000000000000, -1.000000000000000000, -0.000000000000000000 ) ) ;
#206 = EDGE_CURVE ( 'NONE', #1314, #828, #15, .T. ) ;
#207 = CARTESIAN_POINT ( 'NONE',  ( -0.5694073523147026306, 0.5555555555555478087, 0.6999999999999999556 ) ) ;
#208 = ORIENTED_EDGE ( 'NONE', *, *, #1428, .F. ) ;
#209 =( LENGTH_UNIT ( ) NAMED_UNIT ( * ) SI_UNIT ( .MILLI., .METRE. ) );
#210 = PRESENTATION_STYLE_ASSIGNMENT (( #973 ) ) ;
#211 = LINE ( 'NONE', #1121, #1421 ) ;
#212 = FILL_AREA_STYLE_COLOUR ( '', #563 ) ;
#213 = PRESENTATION_STYLE_ASSIGNMENT (( #577 ) ) ;
#214 = CARTESIAN_POINT ( 'NONE',  ( 0.3649999999999999911, -1.600000000000000089, 0.000000000000000000 ) ) ;
#215 = CARTESIAN_POINT ( 'NONE',  ( 0.7750000000000000222, 1.600000000000000311, 0.05000000000000000278 ) ) ;
#216 = PLANE ( 'NONE',  #620 ) ;
#217 = VERTEX_POINT ( 'NONE', #598 ) ;
#218 = SURFACE_SIDE_STYLE ('',( #1191 ) ) ;
#219 = SURFACE_SIDE_STYLE ('',( #639 ) ) ;
#220 = PRESENTATION_LAYER_ASSIGNMENT (  '', '', ( #1294 ) ) ;
#221 = MECHANICAL_DESIGN_GEOMETRIC_PRESENTATION_REPRESENTATION (  '', ( #856 ), #590 ) ;
#222 = PLANE ( 'NONE',  #437 ) ;
#223 = SURFACE_STYLE_FILL_AREA ( #117 ) ;
#224 = FILL_AREA_STYLE ('',( #329 ) ) ;
#225 = STYLED_ITEM ( 'NONE', ( #1150 ), #696 ) ;
#226 = ADVANCED_FACE ( 'NONE', ( #1169 ), #1278, .F. ) ;
#227 = AXIS2_PLACEMENT_3D ( 'NONE', #147, #158, #573 ) ;
#228 = FILL_AREA_STYLE_COLOUR ( '', #1222 ) ;
#229 = PRESENTATION_LAYER_ASSIGNMENT (  '', '', ( #1365 ) ) ;
#230 = ORIENTED_EDGE ( 'NONE', *, *, #43, .T. ) ;
#231 =( NAMED_UNIT ( * ) PLANE_ANGLE_UNIT ( ) SI_UNIT ( $, .RADIAN. ) );
#232 = EDGE_CURVE ( 'NONE', #1021, #1314, #1397, .T. ) ;
#233 = DIRECTION ( 'NONE',  ( 0.000000000000000000, 0.000000000000000000, 1.000000000000000000 ) ) ;
#234 = CARTESIAN_POINT ( 'NONE',  ( -0.7749999999999995781, -1.599999999999999867, 0.000000000000000000 ) ) ;
#235 = FILL_AREA_STYLE ('',( #474 ) ) ;
#236 = FILL_AREA_STYLE ('',( #460 ) ) ;
#237 = PLANE ( 'NONE',  #647 ) ;
#238 = CARTESIAN_POINT ( 'NONE',  ( 0.3649999999999999911, 1.600000000000000311, 0.05000000000000000278 ) ) ;
#239 = UNCERTAINTY_MEASURE_WITH_UNIT (LENGTH_MEASURE( 1.000000000000000082E-05 ), #209, 'distance_accuracy_value', 'NONE');
#240 =( NAMED_UNIT ( * ) PLANE_ANGLE_UNIT ( ) SI_UNIT ( $, .RADIAN. ) );
#241 = DIRECTION ( 'NONE',  ( 1.000000000000000000, -0.000000000000000000, -0.000000000000000000 ) ) ;
#242 = VECTOR ( 'NONE', #273, 1000.000000000000000 ) ;
#243 = ORIENTED_EDGE ( 'NONE', *, *, #327, .F. ) ;
#244 = B_SPLINE_CURVE_WITH_KNOTS ( 'NONE', 3,
 ( #880, #858, #1307, #1418, #775, #1297 ),
 .UNSPECIFIED., .F., .F.,
 ( 4, 1, 1, 4 ),
 ( 0.000000000000000000, 0.3333333333333342585, 0.6666666666666674068, 0.9999979999999999425 ),
 .UNSPECIFIED. ) ;
#245 = VECTOR ( 'NONE', #241, 1000.000000000000000 ) ;
#246 = SURFACE_STYLE_FILL_AREA ( #236 ) ;
#247 =( GEOMETRIC_REPRESENTATION_CONTEXT ( 3 ) GLOBAL_UNCERTAINTY_ASSIGNED_CONTEXT ( ( #1028 ) ) GLOBAL_UNIT_ASSIGNED_CONTEXT ( ( #779, #1215, #893 ) ) REPRESENTATION_CONTEXT ( 'NONE', 'WORKASPACE' ) );
#248 = COLOUR_RGB ( '',0.8431372549019607865, 0.8431372549019607865, 0.8431372549019607865 ) ;
#249 = CARTESIAN_POINT ( 'NONE',  ( 0.7750000000000000222, -1.600000000000000089, 0.000000000000000000 ) ) ;
#250 = MECHANICAL_DESIGN_GEOMETRIC_PRESENTATION_REPRESENTATION (  '', ( #887 ), #939 ) ;
#251 = CARTESIAN_POINT ( 'NONE',  ( -0.3194073523146929161, -0.4074074074074093277, 0.6999999999999999556 ) ) ;
#252 = FACE_OUTER_BOUND ( 'NONE', #1411, .T. ) ;
#253 = UNCERTAINTY_MEASURE_WITH_UNIT (LENGTH_MEASURE( 1.000000000000000082E-05 ), #283, 'distance_accuracy_value', 'NONE');
#254 = EDGE_CURVE ( 'NONE', #415, #999, #494, .T. ) ;
#255 =( NAMED_UNIT ( * ) SI_UNIT ( $, .STERADIAN. ) SOLID_ANGLE_UNIT ( ) );
#256 = VERTEX_POINT ( 'NONE', #1177 ) ;
#257 = VERTEX_POINT ( 'NONE', #952 ) ;
#258 = PLANE ( 'NONE',  #125 ) ;
#259 = SURFACE_STYLE_FILL_AREA ( #1262 ) ;
#260 = SURFACE_STYLE_FILL_AREA ( #368 ) ;
#261 = FACE_OUTER_BOUND ( 'NONE', #1023, .T. ) ;
#262 = ADVANCED_BREP_SHAPE_REPRESENTATION ( 'L4CA0612LR005FNR', ( #130, #1076, #104, #578, #612, #33 ), #699 ) ;
#263 = UNCERTAINTY_MEASURE_WITH_UNIT (LENGTH_MEASURE( 1.000000000000000082E-05 ), #371, 'distance_accuracy_value', 'NONE');
#264 = SURFACE_STYLE_USAGE ( .BOTH. , #1057 ) ;
#265 = ORIENTED_EDGE ( 'NONE', *, *, #1260, .F. ) ;
#266 = EDGE_CURVE ( 'NONE', #21, #198, #945, .T. ) ;
#267 = DIRECTION ( 'NONE',  ( 1.000000000000000000, 1.355252715606880543E-16, -0.000000000000000000 ) ) ;
#268 = PRESENTATION_STYLE_ASSIGNMENT (( #1074 ) ) ;
#269 = COLOUR_RGB ( '',0.2862745098039215508, 0.2862745098039215508, 0.2862745098039215508 ) ;
#270 = CARTESIAN_POINT ( 'NONE',  ( 0.7750000000000000222, 1.600000000000000311, 0.05000000000000000278 ) ) ;
#271 = ORIENTED_EDGE ( 'NONE', *, *, #1325, .T. ) ;
#272 =( NAMED_UNIT ( * ) SI_UNIT ( $, .STERADIAN. ) SOLID_ANGLE_UNIT ( ) );
#273 = DIRECTION ( 'NONE',  ( 1.000000000000000000, -0.000000000000000000, -0.000000000000000000 ) ) ;
#274 = SURFACE_STYLE_USAGE ( .BOTH. , #1109 ) ;
#275 = CARTESIAN_POINT ( 'NONE',  ( -0.7749999999999995781, 0.5599999999999997202, 0.000000000000000000 ) ) ;
#276 = EDGE_LOOP ( 'NONE', ( #295, #51, #774, #780 ) ) ;
#277 = SURFACE_STYLE_USAGE ( .BOTH. , #627 ) ;
#278 = CARTESIAN_POINT ( 'NONE',  ( -0.5694073523147237248, -0.8518518518518383154, 0.6999999999999999556 ) ) ;
#279 = ORIENTED_EDGE ( 'NONE', *, *, #1260, .T. ) ;
#280 = SURFACE_STYLE_FILL_AREA ( #1276 ) ;
#281 =( GEOMETRIC_REPRESENTATION_CONTEXT ( 3 ) GLOBAL_UNCERTAINTY_ASSIGNED_CONTEXT ( ( #709 ) ) GLOBAL_UNIT_ASSIGNED_CONTEXT ( ( #642, #1319, #1204 ) ) REPRESENTATION_CONTEXT ( 'NONE', 'WORKASPACE' ) );
#282 =( GEOMETRIC_REPRESENTATION_CONTEXT ( 3 ) GLOBAL_UNCERTAINTY_ASSIGNED_CONTEXT ( ( #148 ) ) GLOBAL_UNIT_ASSIGNED_CONTEXT ( ( #1027, #26, #914 ) ) REPRESENTATION_CONTEXT ( 'NONE', 'WORKASPACE' ) );
#283 =( LENGTH_UNIT ( ) NAMED_UNIT ( * ) SI_UNIT ( .MILLI., .METRE. ) );
#284 = VECTOR ( 'NONE', #378, 1000.000000000000000 ) ;
#285 = PRESENTATION_LAYER_ASSIGNMENT (  '', '', ( #502 ) ) ;
#286 = STYLED_ITEM ( 'NONE', ( #1102 ), #680 ) ;
#287 = VECTOR ( 'NONE', #1340, 1000.000000000000000 ) ;
#288 = CARTESIAN_POINT ( 'NONE',  ( -0.5694073523146985227, 0.4814814814814740718, 0.6999999999999999556 ) ) ;
#289 = ORIENTED_EDGE ( 'NONE', *, *, #419, .T. ) ;
#290 = ADVANCED_FACE ( 'NONE', ( #742 ), #1287, .T. ) ;
#291 = STYLED_ITEM ( 'NONE', ( #951 ), #1240 ) ;
#292 = FILL_AREA_STYLE ('',( #1002 ) ) ;
#293 = PRESENTATION_STYLE_ASSIGNMENT (( #1212 ) ) ;
#294 = CARTESIAN_POINT ( 'NONE',  ( -0.5694073523146874205, 0.1111111111111088151, 0.6999999999999999556 ) ) ;
#295 = ORIENTED_EDGE ( 'NONE', *, *, #302, .T. ) ;
#296 = LINE ( 'NONE', #879, #155 ) ;
#297 = DIRECTION ( 'NONE',  ( 0.000000000000000000, -1.000000000000000000, 0.000000000000000000 ) ) ;
#298 = FACE_OUTER_BOUND ( 'NONE', #924, .T. ) ;
#299 = CARTESIAN_POINT ( 'NONE',  ( -0.7749999999999995781, -1.599999999999999867, 0.05000000000000000278 ) ) ;
#300 = CARTESIAN_POINT ( 'NONE',  ( -0.5694073523147020754, -0.5555555555555448111, 0.6999999999999999556 ) ) ;
#301 = EDGE_LOOP ( 'NONE', ( #791, #899, #435, #151 ) ) ;
#302 = EDGE_CURVE ( 'NONE', #949, #878, #1269, .T. ) ;
#303 =( GEOMETRIC_REPRESENTATION_CONTEXT ( 3 ) GLOBAL_UNCERTAINTY_ASSIGNED_CONTEXT ( ( #37 ) ) GLOBAL_UNIT_ASSIGNED_CONTEXT ( ( #512, #611, #394 ) ) REPRESENTATION_CONTEXT ( 'NONE', 'WORKASPACE' ) );
#304 =( NAMED_UNIT ( * ) PLANE_ANGLE_UNIT ( ) SI_UNIT ( $, .RADIAN. ) );
#305 =( LENGTH_UNIT ( ) NAMED_UNIT ( * ) SI_UNIT ( .MILLI., .METRE. ) );
#306 = PRESENTATION_LAYER_ASSIGNMENT (  '', '', ( #1402 ) ) ;
#307 = CARTESIAN_POINT ( 'NONE',  ( -0.7750000000000000222, 1.140000000000000346, 0.05000000000000000278 ) ) ;
#308 = VERTEX_POINT ( 'NONE', #270 ) ;
#309 = PRESENTATION_LAYER_ASSIGNMENT (  '', '', ( #384 ) ) ;
#310 = PRESENTATION_STYLE_ASSIGNMENT (( #648 ) ) ;
#311 = VERTEX_POINT ( 'NONE', #722 ) ;
#312 = CARTESIAN_POINT ( 'NONE',  ( -0.3649999999999999911, -1.599999999999999867, 0.05000000000000000278 ) ) ;
#313 = DIRECTION ( 'NONE',  ( -1.000000000000000000, 0.000000000000000000, -0.000000000000000000 ) ) ;
#314 = MECHANICAL_DESIGN_GEOMETRIC_PRESENTATION_REPRESENTATION (  '', ( #549 ), #464 ) ;
#315 = CARTESIAN_POINT ( 'NONE',  ( 0.3649999999999999911, 0.5599999999999999423, 0.05000000000000000278 ) ) ;
#316 = ORIENTED_EDGE ( 'NONE', *, *, #120, .F. ) ;
#317 = CARTESIAN_POINT ( 'NONE',  ( -0.7750000000000000222, 1.600000000000000311, 0.6999999999999999556 ) ) ;
#318 = DIRECTION ( 'NONE',  ( 1.000000000000000000, 0.000000000000000000, 0.000000000000000000 ) ) ;
#319 = DIRECTION ( 'NONE',  ( 1.000000000000000000, -1.398970545142586788E-16, 0.000000000000000000 ) ) ;
#320 = ORIENTED_EDGE ( 'NONE', *, *, #1006, .F. ) ;
#321 = ADVANCED_FACE ( 'NONE', ( #1263 ), #536, .T. ) ;
#322 = EDGE_LOOP ( 'NONE', ( #727, #1285, #370, #1220 ) ) ;
#323 = SURFACE_STYLE_FILL_AREA ( #1230 ) ;
#324 = VECTOR ( 'NONE', #559, 1000.000000000000000 ) ;
#325 = LINE ( 'NONE', #214, #287 ) ;
#326 = ORIENTED_EDGE ( 'NONE', *, *, #1183, .T. ) ;
#327 = EDGE_CURVE ( 'NONE', #1132, #1374, #202, .T. ) ;
#328 = VECTOR ( 'NONE', #470, 1000.000000000000000 ) ;
#329 = FILL_AREA_STYLE_COLOUR ( '', #1295 ) ;
#330 = VERTEX_POINT ( 'NONE', #649 ) ;
#331 = CARTESIAN_POINT ( 'NONE',  ( -0.7749999999999995781, -1.599999999999999867, 0.6999999999999999556 ) ) ;
#332 = PRESENTATION_LAYER_ASSIGNMENT (  '', '', ( #1336 ) ) ;
#333 =( LENGTH_UNIT ( ) NAMED_UNIT ( * ) SI_UNIT ( .MILLI., .METRE. ) );
#334 = CARTESIAN_POINT ( 'NONE',  ( -0.3649999999999999911, 1.140000000000000346, 0.05000000000000000278 ) ) ;
#335 = UNCERTAINTY_MEASURE_WITH_UNIT (LENGTH_MEASURE( 1.000000000000000082E-05 ), #447, 'distance_accuracy_value', 'NONE');
#336 = MECHANICAL_DESIGN_GEOMETRIC_PRESENTATION_REPRESENTATION (  '', ( #772 ), #408 ) ;
#337 = DIRECTION ( 'NONE',  ( 0.000000000000000000, -1.000000000000000000, 0.000000000000000000 ) ) ;
#338 = ORIENTED_EDGE ( 'NONE', *, *, #897, .F. ) ;
#339 = FACE_OUTER_BOUND ( 'NONE', #322, .T. ) ;
#340 =( NAMED_UNIT ( * ) SI_UNIT ( $, .STERADIAN. ) SOLID_ANGLE_UNIT ( ) );
#341 = FILL_AREA_STYLE_COLOUR ( '', #1051 ) ;
#342 = DIRECTION ( 'NONE',  ( 0.000000000000000000, -1.000000000000000000, 0.000000000000000000 ) ) ;
#343 = DIRECTION ( 'NONE',  ( -0.000000000000000000, -0.000000000000000000, 1.000000000000000000 ) ) ;
#344 = DIRECTION ( 'NONE',  ( 0.000000000000000000, 1.000000000000000000, 0.000000000000000000 ) ) ;
#345 = ORIENTED_EDGE ( 'NONE', *, *, #994, .T. ) ;
#346 = LINE ( 'NONE', #356, #523 ) ;
#347 = DIRECTION ( 'NONE',  ( 0.000000000000000000, -0.000000000000000000, -1.000000000000000000 ) ) ;
#348 = ADVANCED_FACE ( 'NONE', ( #298 ), #1419, .T. ) ;
#349 = PRESENTATION_STYLE_ASSIGNMENT (( #360 ) ) ;
#350 = LINE ( 'NONE', #634, #1005 ) ;
#351 = SURFACE_SIDE_STYLE ('',( #580 ) ) ;
#352 = CARTESIAN_POINT ( 'NONE',  ( 0.7750000000000000222, 0.5599999999999999423, 0.05000000000000000278 ) ) ;
#353 = ORIENTED_EDGE ( 'NONE', *, *, #1086, .T. ) ;
#354 = MECHANICAL_DESIGN_GEOMETRIC_PRESENTATION_REPRESENTATION (  '', ( #1103 ), #641 ) ;
#355 =( GEOMETRIC_REPRESENTATION_CONTEXT ( 3 ) GLOBAL_UNCERTAINTY_ASSIGNED_CONTEXT ( ( #1371 ) ) GLOBAL_UNIT_ASSIGNED_CONTEXT ( ( #1013, #530, #423 ) ) REPRESENTATION_CONTEXT ( 'NONE', 'WORKASPACE' ) );
#356 = CARTESIAN_POINT ( 'NONE',  ( 0.7750000000000000222, -1.600000000000000089, 0.000000000000000000 ) ) ;
#357 = PRESENTATION_STYLE_ASSIGNMENT (( #926 ) ) ;
#358 = VECTOR ( 'NONE', #1310, 1000.000000000000000 ) ;
#359 = COLOUR_RGB ( '',0.7921568627450980005, 0.8196078431372548767, 0.9333333333333333481 ) ;
#360 = SURFACE_STYLE_USAGE ( .BOTH. , #1152 ) ;
#361 = CARTESIAN_POINT ( 'NONE',  ( -0.3194073523147177296, -0.7777777777777815649, 0.6999999999999999556 ) ) ;
#362 = UNCERTAINTY_MEASURE_WITH_UNIT (LENGTH_MEASURE( 1.000000000000000082E-05 ), #1122, 'distance_accuracy_value', 'NONE');
#363 = VECTOR ( 'NONE', #975, 1000.000000000000000 ) ;
#364 = DIRECTION ( 'NONE',  ( -0.000000000000000000, 1.000000000000000000, -0.000000000000000000 ) ) ;
#365 = EDGE_LOOP ( 'NONE', ( #473, #1018, #1156, #279 ) ) ;
#366 = FILL_AREA_STYLE_COLOUR ( '', #955 ) ;
#367 = FILL_AREA_STYLE_COLOUR ( '', #131 ) ;
#368 = FILL_AREA_STYLE ('',( #503 ) ) ;
#369 = CARTESIAN_POINT ( 'NONE',  ( -0.3194073523146924720, 0.3333333333333352577, 0.6999999999999999556 ) ) ;
#370 = ORIENTED_EDGE ( 'NONE', *, *, #661, .F. ) ;
#371 =( LENGTH_UNIT ( ) NAMED_UNIT ( * ) SI_UNIT ( .MILLI., .METRE. ) );
#372 = CARTESIAN_POINT ( 'NONE',  ( -0.7749999999999995781, -1.599999999999999867, 0.000000000000000000 ) ) ;
#373 = UNCERTAINTY_MEASURE_WITH_UNIT (LENGTH_MEASURE( 1.000000000000000082E-05 ), #22, 'distance_accuracy_value', 'NONE');
#374 = EDGE_CURVE ( 'NONE', #999, #828, #85, .T. ) ;
#375 = CARTESIAN_POINT ( 'NONE',  ( -0.7750000000000000222, 1.140000000000000346, 0.05000000000000000278 ) ) ;
#376 = ORIENTED_EDGE ( 'NONE', *, *, #232, .T. ) ;
#377 = MECHANICAL_DESIGN_GEOMETRIC_PRESENTATION_REPRESENTATION (  '', ( #1026 ), #303 ) ;
#378 = DIRECTION ( 'NONE',  ( 1.355252715606880543E-16, -1.000000000000000000, 0.000000000000000000 ) ) ;
#379 = STYLED_ITEM ( 'NONE', ( #697 ), #416 ) ;
#380 =( NAMED_UNIT ( * ) SI_UNIT ( $, .STERADIAN. ) SOLID_ANGLE_UNIT ( ) );
#381 = MECHANICAL_DESIGN_GEOMETRIC_PRESENTATION_REPRESENTATION (  '', ( #619 ), #281 ) ;
#382 = FILL_AREA_STYLE_COLOUR ( '', #1101 ) ;
#383 = COLOUR_RGB ( '',0.8431372549019607865, 0.8431372549019607865, 0.8431372549019607865 ) ;
#384 = STYLED_ITEM ( 'NONE', ( #88 ), #840 ) ;
#385 = CARTESIAN_POINT ( 'NONE',  ( 0.3649999999999999911, 0.5599999999999999423, 0.000000000000000000 ) ) ;
#386 = CARTESIAN_POINT ( 'NONE',  ( -0.7749999999999995781, -1.599999999999999867, 0.05000000000000000278 ) ) ;
#387 = ORIENTED_EDGE ( 'NONE', *, *, #927, .F. ) ;
#388 = STYLED_ITEM ( 'NONE', ( #390 ), #1076 ) ;
#389 = CARTESIAN_POINT ( 'NONE',  ( 0.3649999999999999911, -1.600000000000000089, 0.05000000000000000278 ) ) ;
#390 = PRESENTATION_STYLE_ASSIGNMENT (( #274 ) ) ;
#391 = PRODUCT_RELATED_PRODUCT_CATEGORY ( 'part', '', ( #1175 ) ) ;
#392 =( NAMED_UNIT ( * ) PLANE_ANGLE_UNIT ( ) SI_UNIT ( $, .RADIAN. ) );
#393 = ORIENTED_EDGE ( 'NONE', *, *, #266, .T. ) ;
#394 =( NAMED_UNIT ( * ) SI_UNIT ( $, .STERADIAN. ) SOLID_ANGLE_UNIT ( ) );
#395 = EDGE_CURVE ( 'NONE', #848, #21, #211, .T. ) ;
#396 = FILL_AREA_STYLE_COLOUR ( '', #701 ) ;
#397 = B_SPLINE_CURVE_WITH_KNOTS ( 'NONE', 3,
 ( #1202, #540, #998, #186, #535, #200 ),
 .UNSPECIFIED., .F., .F.,
 ( 4, 1, 1, 4 ),
 ( 0.000000000000000000, 0.3333333333333326487, 0.6666666666666658525, 0.9999979999999084601 ),
 .UNSPECIFIED. ) ;
#398 = CARTESIAN_POINT ( 'NONE',  ( -0.3649999999999999911, 0.5599999999999997202, 0.000000000000000000 ) ) ;
#399 = EDGE_LOOP ( 'NONE', ( #943, #497, #320, #179 ) ) ;
#400 = SURFACE_STYLE_USAGE ( .BOTH. , #1296 ) ;
#401 = DIRECTION ( 'NONE',  ( 0.000000000000000000, -0.000000000000000000, 1.000000000000000000 ) ) ;
#402 = MECHANICAL_DESIGN_GEOMETRIC_PRESENTATION_REPRESENTATION (  '', ( #788 ), #976 ) ;
#403 = DIRECTION ( 'NONE',  ( 0.000000000000000000, 0.000000000000000000, -1.000000000000000000 ) ) ;
#404 = MECHANICAL_DESIGN_GEOMETRIC_PRESENTATION_REPRESENTATION (  '', ( #195 ), #762 ) ;
#405 = DIRECTION ( 'NONE',  ( 0.000000000000000000, -1.000000000000000000, 0.000000000000000000 ) ) ;
#406 = SURFACE_STYLE_FILL_AREA ( #414 ) ;
#407 = ORIENTED_EDGE ( 'NONE', *, *, #138, .F. ) ;
#408 =( GEOMETRIC_REPRESENTATION_CONTEXT ( 3 ) GLOBAL_UNCERTAINTY_ASSIGNED_CONTEXT ( ( #50 ) ) GLOBAL_UNIT_ASSIGNED_CONTEXT ( ( #815, #103, #1309 ) ) REPRESENTATION_CONTEXT ( 'NONE', 'WORKASPACE' ) );
#409 = PLANE ( 'NONE',  #1361 ) ;
#410 = CARTESIAN_POINT ( 'NONE',  ( 0.3649999999999999911, 1.600000000000000311, 0.05000000000000000278 ) ) ;
#411 = SURFACE_STYLE_USAGE ( .BOTH. , #219 ) ;
#412 = SURFACE_STYLE_FILL_AREA ( #1408 ) ;
#413 = SURFACE_STYLE_USAGE ( .BOTH. , #170 ) ;
#414 = FILL_AREA_STYLE ('',( #1046 ) ) ;
#415 = VERTEX_POINT ( 'NONE', #100 ) ;
#416 = ADVANCED_FACE ( 'NONE', ( #1218 ), #1399, .F. ) ;
#417 = SURFACE_SIDE_STYLE ('',( #747 ) ) ;
#418 = CARTESIAN_POINT ( 'NONE',  ( -0.3649999999999999911, -1.599999999999999867, 0.000000000000000000 ) ) ;
#419 = EDGE_CURVE ( 'NONE', #1314, #519, #346, .T. ) ;
#420 = B_SPLINE_CURVE_WITH_KNOTS ( 'NONE', 3,
 ( #425, #1084, #197, #278, #977, #533, #1415, #300, #865, #190, #513, #1188, #736, #1300, #758, #178, #294, #770, #1292, #623, #184, #288, #207, #877, #1200, #745, #72, #645, #654, #508 ),
 .UNSPECIFIED., .F., .F.,
 ( 4, 1, 1, 1, 1, 1, 1, 1, 1, 1, 1, 1, 1, 1, 1, 1, 1, 1, 1, 1, 1, 1, 1, 1, 1, 1, 1, 4 ),
 ( 0.000000000000000000, 0.03703703703703729172, 0.07407407407407447242, 0.1111111111111116601, 0.1481481481481488338, 0.1851851851851860353, 0.2222222222222229315, 0.2592592592592599665, 0.2962962962962967794, 0.3333333333333337034, 0.3703703703703703498, 0.4074074074074071072, 0.4444444444444436981, 0.4814814814814805666, 0.5185185185185172685, 0.5555555555555541369, 0.5925925925925908944, 0.6296296296296278738, 0.6666666666666647423, 0.7037037037037019438, 0.7407407407407390343, 0.7777777777777763468, 0.8148148148148135483, 0.8518518518518507499, 0.8888888888888878403, 0.9259259259259253749, 0.9629629629629624654, 0.9999997499999999651 ),
 .UNSPECIFIED. ) ;
#421 = DIRECTION ( 'NONE',  ( 0.000000000000000000, 0.000000000000000000, 1.000000000000000000 ) ) ;
#422 = ADVANCED_FACE ( 'NONE', ( #23 ), #805, .F. ) ;
#423 =( NAMED_UNIT ( * ) SI_UNIT ( $, .STERADIAN. ) SOLID_ANGLE_UNIT ( ) );
#424 = DIRECTION ( 'NONE',  ( -1.000000000000000000, -0.000000000000000000, -0.000000000000000000 ) ) ;
#425 = CARTESIAN_POINT ( 'NONE',  ( -0.5694073523147357152, -0.9999999999999852340, 0.6999999999999999556 ) ) ;
#426 = EDGE_LOOP ( 'NONE', ( #910, #96, #387, #1033 ) ) ;
#427 = ORIENTED_EDGE ( 'NONE', *, *, #900, .F. ) ;
#428 = FILL_AREA_STYLE ('',( #74 ) ) ;
#429 =( GEOMETRIC_REPRESENTATION_CONTEXT ( 3 ) GLOBAL_UNCERTAINTY_ASSIGNED_CONTEXT ( ( #490 ) ) GLOBAL_UNIT_ASSIGNED_CONTEXT ( ( #1097, #522, #763 ) ) REPRESENTATION_CONTEXT ( 'NONE', 'WORKASPACE' ) );
#430 = CARTESIAN_POINT ( 'NONE',  ( 0.7750000000000000222, 1.140000000000000346, 0.000000000000000000 ) ) ;
#431 = COLOUR_RGB ( '',0.8431372549019607865, 0.8431372549019607865, 0.8431372549019607865 ) ;
#432 = EDGE_CURVE ( 'NONE', #871, #1378, #1344, .T. ) ;
#433 = MECHANICAL_DESIGN_GEOMETRIC_PRESENTATION_REPRESENTATION (  '', ( #502 ), #40 ) ;
#434 = PRODUCT_DEFINITION_CONTEXT ( 'detailed design', #983, 'design' ) ;
#435 = ORIENTED_EDGE ( 'NONE', *, *, #254, .F. ) ;
#436 = AXIS2_PLACEMENT_3D ( 'NONE', #1, #467, #445 ) ;
#437 = AXIS2_PLACEMENT_3D ( 'NONE', #1326, #1422, #1219 ) ;
#438 = FILL_AREA_STYLE_COLOUR ( '', #80 ) ;
#439 = LINE ( 'NONE', #1113, #962 ) ;
#440 = AXIS2_PLACEMENT_3D ( 'NONE', #889, #297, #1120 ) ;
#441 = SURFACE_SIDE_STYLE ('',( #874 ) ) ;
#442 =( GEOMETRIC_REPRESENTATION_CONTEXT ( 3 ) GLOBAL_UNCERTAINTY_ASSIGNED_CONTEXT ( ( #1165 ) ) GLOBAL_UNIT_ASSIGNED_CONTEXT ( ( #1077, #506, #1083 ) ) REPRESENTATION_CONTEXT ( 'NONE', 'WORKASPACE' ) );
#443 = CARTESIAN_POINT ( 'NONE',  ( -0.7750000000000000222, 1.600000000000000311, 0.05000000000000000278 ) ) ;
#444 = ORIENTED_EDGE ( 'NONE', *, *, #1369, .F. ) ;
#445 = DIRECTION ( 'NONE',  ( 0.000000000000000000, 0.000000000000000000, -1.000000000000000000 ) ) ;
#446 =( NAMED_UNIT ( * ) SI_UNIT ( $, .STERADIAN. ) SOLID_ANGLE_UNIT ( ) );
#447 =( LENGTH_UNIT ( ) NAMED_UNIT ( * ) SI_UNIT ( .MILLI., .METRE. ) );
#448 = DIRECTION ( 'NONE',  ( -1.000000000000000000, -0.000000000000000000, -0.000000000000000000 ) ) ;
#449 = SURFACE_STYLE_USAGE ( .BOTH. , #4 ) ;
#450 = FACE_OUTER_BOUND ( 'NONE', #1211, .T. ) ;
#451 = ORIENTED_EDGE ( 'NONE', *, *, #905, .T. ) ;
#452 = DIRECTION ( 'NONE',  ( -0.000000000000000000, -0.000000000000000000, 1.000000000000000000 ) ) ;
#453 = COLOUR_RGB ( '',0.9607843137254902244, 0.9607843137254902244, 0.9607843137254902244 ) ;
#454 =( NAMED_UNIT ( * ) PLANE_ANGLE_UNIT ( ) SI_UNIT ( $, .RADIAN. ) );
#455 = FACE_OUTER_BOUND ( 'NONE', #732, .T. ) ;
#456 = DIRECTION ( 'NONE',  ( -0.000000000000000000, -0.000000000000000000, -1.000000000000000000 ) ) ;
#457 = ORIENTED_EDGE ( 'NONE', *, *, #479, .F. ) ;
#458 = DIRECTION ( 'NONE',  ( -1.000000000000000000, 1.398970545142586788E-16, 0.000000000000000000 ) ) ;
#459 = VECTOR ( 'NONE', #613, 1000.000000000000000 ) ;
#460 = FILL_AREA_STYLE_COLOUR ( '', #881 ) ;
#461 = PRESENTATION_LAYER_ASSIGNMENT (  '', '', ( #1232 ) ) ;
#462 = DIRECTION ( 'NONE',  ( 1.000000000000000000, 0.000000000000000000, 0.000000000000000000 ) ) ;
#463 = UNCERTAINTY_MEASURE_WITH_UNIT (LENGTH_MEASURE( 1.000000000000000082E-05 ), #703, 'distance_accuracy_value', 'NONE');
#464 =( GEOMETRIC_REPRESENTATION_CONTEXT ( 3 ) GLOBAL_UNCERTAINTY_ASSIGNED_CONTEXT ( ( #1055 ) ) GLOBAL_UNIT_ASSIGNED_CONTEXT ( ( #305, #1157, #1043 ) ) REPRESENTATION_CONTEXT ( 'NONE', 'WORKASPACE' ) );
#465 = SURFACE_STYLE_USAGE ( .BOTH. , #116 ) ;
#466 = EDGE_CURVE ( 'NONE', #9, #1079, #119, .T. ) ;
#467 = DIRECTION ( 'NONE',  ( 0.000000000000000000, -1.000000000000000000, -0.000000000000000000 ) ) ;
#468 = VERTEX_POINT ( 'NONE', #1025 ) ;
#469 = DIRECTION ( 'NONE',  ( -0.000000000000000000, 1.000000000000000000, -0.000000000000000000 ) ) ;
#470 = DIRECTION ( 'NONE',  ( -0.000000000000000000, -1.000000000000000000, -0.000000000000000000 ) ) ;
#471 = LINE ( 'NONE', #652, #841 ) ;
#472 = PLANE ( 'NONE',  #157 ) ;
#473 = ORIENTED_EDGE ( 'NONE', *, *, #1019, .T. ) ;
#474 = FILL_AREA_STYLE_COLOUR ( '', #1254 ) ;
#475 = CARTESIAN_POINT ( 'NONE',  ( 0.7750000000000000222, -1.600000000000000089, 0.05000000000000000278 ) ) ;
#476 = CLOSED_SHELL ( 'NONE', ( #586, #683, #81, #696, #41, #947 ) ) ;
#477 = CARTESIAN_POINT ( 'NONE',  ( -0.3194073523146839788, -0.03703703703703671579, 0.6999999999999999556 ) ) ;
#478 = ADVANCED_FACE ( 'NONE', ( #13 ), #3, .F. ) ;
#479 = EDGE_CURVE ( 'NONE', #256, #1132, #153, .T. ) ;
#480 = MECHANICAL_DESIGN_GEOMETRIC_PRESENTATION_REPRESENTATION (  '', ( #808 ), #667 ) ;
#481 = PLANE ( 'NONE',  #1080 ) ;
#482 = EDGE_LOOP ( 'NONE', ( #1417, #509, #1244, #677 ) ) ;
#483 = VECTOR ( 'NONE', #937, 1000.000000000000000 ) ;
#484 = VECTOR ( 'NONE', #691, 1000.000000000000000 ) ;
#485 = DIRECTION ( 'NONE',  ( 0.000000000000000000, -1.000000000000000000, -0.000000000000000000 ) ) ;
#486 = FILL_AREA_STYLE ('',( #1115 ) ) ;
#487 = AXIS2_PLACEMENT_3D ( 'NONE', #49, #606, #499 ) ;
#488 = CARTESIAN_POINT ( 'NONE',  ( 0.000000000000000000, 0.000000000000000000, 0.05000000000000000278 ) ) ;
#489 =( NAMED_UNIT ( * ) SI_UNIT ( $, .STERADIAN. ) SOLID_ANGLE_UNIT ( ) );
#490 = UNCERTAINTY_MEASURE_WITH_UNIT (LENGTH_MEASURE( 1.000000000000000082E-05 ), #1097, 'distance_accuracy_value', 'NONE');
#491 = UNCERTAINTY_MEASURE_WITH_UNIT (LENGTH_MEASURE( 1.000000000000000082E-05 ), #659, 'distance_accuracy_value', 'NONE');
#492 = FILL_AREA_STYLE_COLOUR ( '', #1056 ) ;
#493 = ORIENTED_EDGE ( 'NONE', *, *, #56, .F. ) ;
#494 = LINE ( 'NONE', #389, #1001 ) ;
#495 = CARTESIAN_POINT ( 'NONE',  ( -0.3194073523147142879, 0.7777777777777820090, 0.6999999999999999556 ) ) ;
#496 = DIRECTION ( 'NONE',  ( -1.000000000000000000, 0.000000000000000000, 0.000000000000000000 ) ) ;
#497 = ORIENTED_EDGE ( 'NONE', *, *, #993, .F. ) ;
#498 =( NAMED_UNIT ( * ) PLANE_ANGLE_UNIT ( ) SI_UNIT ( $, .RADIAN. ) );
#499 = DIRECTION ( 'NONE',  ( 0.000000000000000000, -0.000000000000000000, 1.000000000000000000 ) ) ;
#500 = SURFACE_STYLE_FILL_AREA ( #1273 ) ;
#501 = VERTEX_POINT ( 'NONE', #720 ) ;
#502 = STYLED_ITEM ( 'NONE', ( #28 ), #41 ) ;
#503 = FILL_AREA_STYLE_COLOUR ( '', #1078 ) ;
#504 =( GEOMETRIC_REPRESENTATION_CONTEXT ( 3 ) GLOBAL_UNCERTAINTY_ASSIGNED_CONTEXT ( ( #27 ) ) GLOBAL_UNIT_ASSIGNED_CONTEXT ( ( #1393, #392, #78 ) ) REPRESENTATION_CONTEXT ( 'NONE', 'WORKASPACE' ) );
#505 = PRESENTATION_LAYER_ASSIGNMENT (  '', '', ( #1131 ) ) ;
#506 =( NAMED_UNIT ( * ) PLANE_ANGLE_UNIT ( ) SI_UNIT ( $, .RADIAN. ) );
#507 = COLOUR_RGB ( '',0.8431372549019607865, 0.8431372549019607865, 0.8431372549019607865 ) ;
#508 = CARTESIAN_POINT ( 'NONE',  ( -0.5694073523147281657, 0.9999999999999892308, 0.6999999999999999556 ) ) ;
#509 = ORIENTED_EDGE ( 'NONE', *, *, #837, .F. ) ;
#510 = VECTOR ( 'NONE', #405, 1000.000000000000000 ) ;
#511 = PRESENTATION_STYLE_ASSIGNMENT (( #63 ) ) ;
#512 =( LENGTH_UNIT ( ) NAMED_UNIT ( * ) SI_UNIT ( .MILLI., .METRE. ) );
#513 = CARTESIAN_POINT ( 'NONE',  ( -0.5694073523146916394, -0.3333333333333265425, 0.6999999999999999556 ) ) ;
#514 = ORIENTED_EDGE ( 'NONE', *, *, #1283, .T. ) ;
#515 = DIRECTION ( 'NONE',  ( -0.000000000000000000, -0.000000000000000000, 1.000000000000000000 ) ) ;
#516 = FACE_OUTER_BOUND ( 'NONE', #399, .T. ) ;
#517 = CARTESIAN_POINT ( 'NONE',  ( -0.7750000000000000222, 1.600000000000000311, 0.6999999999999999556 ) ) ;
#518 = CARTESIAN_POINT ( 'NONE',  ( -0.3649999999999999911, 0.5599999999999997202, 0.000000000000000000 ) ) ;
#519 = VERTEX_POINT ( 'NONE', #1073 ) ;
#520 = CARTESIAN_POINT ( 'NONE',  ( 0.7750000000000000222, 0.5599999999999999423, 0.000000000000000000 ) ) ;
#521 = PRESENTATION_LAYER_ASSIGNMENT (  '', '', ( #788 ) ) ;
#522 =( NAMED_UNIT ( * ) PLANE_ANGLE_UNIT ( ) SI_UNIT ( $, .RADIAN. ) );
#523 = VECTOR ( 'NONE', #1128, 1000.000000000000000 ) ;
#524 = EDGE_CURVE ( 'NONE', #1374, #1016, #57, .T. ) ;
#525 = DIRECTION ( 'NONE',  ( 0.000000000000000000, 0.000000000000000000, -1.000000000000000000 ) ) ;
#526 = PRESENTATION_STYLE_ASSIGNMENT (( #449 ) ) ;
#527 = LINE ( 'NONE', #744, #363 ) ;
#528 = ORIENTED_EDGE ( 'NONE', *, *, #43, .F. ) ;
#529 = SURFACE_STYLE_USAGE ( .BOTH. , #990 ) ;
#530 =( NAMED_UNIT ( * ) PLANE_ANGLE_UNIT ( ) SI_UNIT ( $, .RADIAN. ) );
#531 = LINE ( 'NONE', #864, #672 ) ;
#532 = ADVANCED_FACE ( 'NONE', ( #161 ), #258, .F. ) ;
#533 = CARTESIAN_POINT ( 'NONE',  ( -0.5694073523147116234, -0.7037037037036913967, 0.6999999999999999556 ) ) ;
#534 = ORIENTED_EDGE ( 'NONE', *, *, #837, .T. ) ;
#535 = CARTESIAN_POINT ( 'NONE',  ( -0.5416295745369580361, -0.9999999999999876765, 0.6999999999999999556 ) ) ;
#536 = PLANE ( 'NONE',  #761 ) ;
#537 = PRESENTATION_STYLE_ASSIGNMENT (( #658 ) ) ;
#538 = SURFACE_SIDE_STYLE ('',( #93 ) ) ;
#539 = VERTEX_POINT ( 'NONE', #728 ) ;
#540 = CARTESIAN_POINT ( 'NONE',  ( -0.3471851300925140604, -1.000000000000002665, 0.6999999999999999556 ) ) ;
#541 = ORIENTED_EDGE ( 'NONE', *, *, #152, .F. ) ;
#542 = DIRECTION ( 'NONE',  ( -0.000000000000000000, -1.000000000000000000, -0.000000000000000000 ) ) ;
#543 = SURFACE_STYLE_USAGE ( .BOTH. , #91 ) ;
#544 = LINE ( 'NONE', #1322, #1251 ) ;
#545 =( NAMED_UNIT ( * ) SI_UNIT ( $, .STERADIAN. ) SOLID_ANGLE_UNIT ( ) );
#546 = VECTOR ( 'NONE', #906, 1000.000000000000000 ) ;
#547 = MECHANICAL_DESIGN_GEOMETRIC_PRESENTATION_REPRESENTATION (  '', ( #1232 ), #16 ) ;
#548 =( NAMED_UNIT ( * ) PLANE_ANGLE_UNIT ( ) SI_UNIT ( $, .RADIAN. ) );
#549 = STYLED_ITEM ( 'NONE', ( #213 ), #1179 ) ;
#550 = SURFACE_SIDE_STYLE ('',( #87 ) ) ;
#551 = SURFACE_STYLE_FILL_AREA ( #1205 ) ;
#552 = LINE ( 'NONE', #790, #128 ) ;
#553 = ORIENTED_EDGE ( 'NONE', *, *, #749, .F. ) ;
#554 = ORIENTED_EDGE ( 'NONE', *, *, #817, .F. ) ;
#555 = SURFACE_STYLE_USAGE ( .BOTH. , #679 ) ;
#556 =( NAMED_UNIT ( * ) SI_UNIT ( $, .STERADIAN. ) SOLID_ANGLE_UNIT ( ) );
#557 = LINE ( 'NONE', #11, #109 ) ;
#558 = APPLICATION_PROTOCOL_DEFINITION ( 'draft international standard', 'automotive_design', 1998, #825 ) ;
#559 = DIRECTION ( 'NONE',  ( -0.000000000000000000, 1.000000000000000000, -0.000000000000000000 ) ) ;
#560 = EDGE_CURVE ( 'NONE', #835, #501, #1172, .T. ) ;
#561 = LINE ( 'NONE', #1030, #884 ) ;
#562 = DIRECTION ( 'NONE',  ( -1.000000000000000000, 0.000000000000000000, 0.000000000000000000 ) ) ;
#563 = COLOUR_RGB ( '',0.7921568627450980005, 0.8196078431372548767, 0.9333333333333333481 ) ;
#564 = PRESENTATION_LAYER_ASSIGNMENT (  '', '', ( #286 ) ) ;
#565 = EDGE_LOOP ( 'NONE', ( #136, #753, #79, #345 ) ) ;
#566 = SURFACE_STYLE_FILL_AREA ( #235 ) ;
#567 =( GEOMETRIC_REPRESENTATION_CONTEXT ( 3 ) GLOBAL_UNCERTAINTY_ASSIGNED_CONTEXT ( ( #491 ) ) GLOBAL_UNIT_ASSIGNED_CONTEXT ( ( #659, #240, #556 ) ) REPRESENTATION_CONTEXT ( 'NONE', 'WORKASPACE' ) );
#568 = CARTESIAN_POINT ( 'NONE',  ( 0.7750000000000000222, -1.600000000000000089, 0.000000000000000000 ) ) ;
#569 = LINE ( 'NONE', #1320, #1277 ) ;
#570 = PRESENTATION_LAYER_ASSIGNMENT (  '', '', ( #772 ) ) ;
#571 = UNCERTAINTY_MEASURE_WITH_UNIT (LENGTH_MEASURE( 1.000000000000000082E-05 ), #45, 'distance_accuracy_value', 'NONE');
#572 = VECTOR ( 'NONE', #687, 1000.000000000000000 ) ;
#573 = DIRECTION ( 'NONE',  ( 0.000000000000000000, -0.000000000000000000, -1.000000000000000000 ) ) ;
#574 = EDGE_LOOP ( 'NONE', ( #704, #1416, #1047, #514 ) ) ;
#575 = SURFACE_STYLE_USAGE ( .BOTH. , #793 ) ;
#576 = SURFACE_SIDE_STYLE ('',( #246 ) ) ;
#577 = SURFACE_STYLE_USAGE ( .BOTH. , #585 ) ;
#578 = MANIFOLD_SOLID_BREP ( 'Boss-Extrude2[3]', #665 ) ;
#579 = CARTESIAN_POINT ( 'NONE',  ( -0.3194073523147283877, 1.000000000000004663, 0.6999999999999999556 ) ) ;
#580 = SURFACE_STYLE_FILL_AREA ( #141 ) ;
#581 = UNCERTAINTY_MEASURE_WITH_UNIT (LENGTH_MEASURE( 1.000000000000000082E-05 ), #333, 'distance_accuracy_value', 'NONE');
#582 = FACE_OUTER_BOUND ( 'NONE', #1072, .T. ) ;
#583 = ORIENTED_EDGE ( 'NONE', *, *, #921, .T. ) ;
#584 = PRESENTATION_STYLE_ASSIGNMENT (( #1048 ) ) ;
#585 = SURFACE_SIDE_STYLE ('',( #706 ) ) ;
#586 = ADVANCED_FACE ( 'NONE', ( #829 ), #1366, .F. ) ;
#587 = CARTESIAN_POINT ( 'NONE',  ( -0.7750000000000000222, 1.600000000000000311, 0.05000000000000000278 ) ) ;
#588 = STYLED_ITEM ( 'NONE', ( #349 ), #165 ) ;
#589 = CARTESIAN_POINT ( 'NONE',  ( -0.3194073523147099580, 0.7037037037037071618, 0.6999999999999999556 ) ) ;
#590 =( GEOMETRIC_REPRESENTATION_CONTEXT ( 3 ) GLOBAL_UNCERTAINTY_ASSIGNED_CONTEXT ( ( #1154 ) ) GLOBAL_UNIT_ASSIGNED_CONTEXT ( ( #188, #991, #860 ) ) REPRESENTATION_CONTEXT ( 'NONE', 'WORKASPACE' ) );
#591 = LINE ( 'NONE', #731, #14 ) ;
#592 = ORIENTED_EDGE ( 'NONE', *, *, #1110, .T. ) ;
#593 =( GEOMETRIC_REPRESENTATION_CONTEXT ( 3 ) GLOBAL_UNCERTAINTY_ASSIGNED_CONTEXT ( ( #581 ) ) GLOBAL_UNIT_ASSIGNED_CONTEXT ( ( #333, #548, #912 ) ) REPRESENTATION_CONTEXT ( 'NONE', 'WORKASPACE' ) );
#594 = CLOSED_SHELL ( 'NONE', ( #1240, #1265, #25, #1062, #1106, #290 ) ) ;
#595 = PRESENTATION_STYLE_ASSIGNMENT (( #154 ) ) ;
#596 = MECHANICAL_DESIGN_GEOMETRIC_PRESENTATION_REPRESENTATION (  '', ( #286 ), #127 ) ;
#597 = EDGE_CURVE ( 'NONE', #1343, #468, #397, .T. ) ;
#598 = CARTESIAN_POINT ( 'NONE',  ( -0.7749999999999995781, -1.599999999999999867, 0.05000000000000000278 ) ) ;
#599 = PRESENTATION_LAYER_ASSIGNMENT (  '', '', ( #291 ) ) ;
#600 = CARTESIAN_POINT ( 'NONE',  ( -0.3194073523146895854, -0.3333333333333348691, 0.6999999999999999556 ) ) ;
#601 = UNCERTAINTY_MEASURE_WITH_UNIT (LENGTH_MEASURE( 1.000000000000000082E-05 ), #1213, 'distance_accuracy_value', 'NONE');
#602 = DIRECTION ( 'NONE',  ( 0.000000000000000000, 0.000000000000000000, -1.000000000000000000 ) ) ;
#603 = VERTEX_POINT ( 'NONE', #989 ) ;
#604 = SURFACE_SIDE_STYLE ('',( #1066 ) ) ;
#605 = PLANE ( 'NONE',  #911 ) ;
#606 = DIRECTION ( 'NONE',  ( -0.000000000000000000, 1.000000000000000000, 0.000000000000000000 ) ) ;
#607 =( NAMED_UNIT ( * ) PLANE_ANGLE_UNIT ( ) SI_UNIT ( $, .RADIAN. ) );
#608 = ORIENTED_EDGE ( 'NONE', *, *, #754, .F. ) ;
#609 = DIRECTION ( 'NONE',  ( -1.355252715606880543E-16, 1.000000000000000000, 0.000000000000000000 ) ) ;
#610 = PLANE ( 'NONE',  #1108 ) ;
#611 =( NAMED_UNIT ( * ) PLANE_ANGLE_UNIT ( ) SI_UNIT ( $, .RADIAN. ) );
#612 = MANIFOLD_SOLID_BREP ( 'Boss-Extrude2[4]', #196 ) ;
#613 = DIRECTION ( 'NONE',  ( -0.000000000000000000, -0.000000000000000000, 1.000000000000000000 ) ) ;
#614 = ORIENTED_EDGE ( 'NONE', *, *, #1162, .T. ) ;
#615 = EDGE_CURVE ( 'NONE', #813, #1196, #296, .T. ) ;
#616 = VECTOR ( 'NONE', #1407, 1000.000000000000000 ) ;
#617 = SURFACE_STYLE_FILL_AREA ( #168 ) ;
#618 = PRESENTATION_LAYER_ASSIGNMENT (  '', '', ( #1247 ) ) ;
#619 = STYLED_ITEM ( 'NONE', ( #526 ), #66 ) ;
#620 = AXIS2_PLACEMENT_3D ( 'NONE', #1010, #344, #1134 ) ;
#621 = COLOUR_RGB ( '',0.8431372549019607865, 0.8431372549019607865, 0.8431372549019607865 ) ;
#622 = STYLED_ITEM ( 'NONE', ( #925 ), #262 ) ;
#623 = CARTESIAN_POINT ( 'NONE',  ( -0.5694073523146923055, 0.3333333333333276527, 0.6999999999999999556 ) ) ;
#624 = ORIENTED_EDGE ( 'NONE', *, *, #1095, .F. ) ;
#625 = VECTOR ( 'NONE', #751, 1000.000000000000000 ) ;
#626 = CARTESIAN_POINT ( 'NONE',  ( -0.7750000000000000222, 1.600000000000000311, 0.000000000000000000 ) ) ;
#627 = SURFACE_SIDE_STYLE ('',( #961 ) ) ;
#628 = PLANE ( 'NONE',  #1009 ) ;
#629 = LINE ( 'NONE', #1090, #358 ) ;
#630 = ORIENTED_EDGE ( 'NONE', *, *, #994, .F. ) ;
#631 = FILL_AREA_STYLE_COLOUR ( '', #708 ) ;
#632 = LINE ( 'NONE', #1094, #47 ) ;
#633 = PLANE ( 'NONE',  #859 ) ;
#634 = CARTESIAN_POINT ( 'NONE',  ( -0.7749999999999995781, -1.599999999999999867, 0.000000000000000000 ) ) ;
#635 = SURFACE_SIDE_STYLE ('',( #406 ) ) ;
#636 = EDGE_LOOP ( 'NONE', ( #657, #62, #1356, #660 ) ) ;
#637 = CARTESIAN_POINT ( 'NONE',  ( 0.7750000000000000222, 1.140000000000000346, 0.000000000000000000 ) ) ;
#638 = CARTESIAN_POINT ( 'NONE',  ( -0.7750000000000000222, 1.600000000000000311, 0.000000000000000000 ) ) ;
#639 = SURFACE_STYLE_FILL_AREA ( #292 ) ;
#640 = EDGE_CURVE ( 'NONE', #848, #257, #1118, .T. ) ;
#641 =( GEOMETRIC_REPRESENTATION_CONTEXT ( 3 ) GLOBAL_UNCERTAINTY_ASSIGNED_CONTEXT ( ( #335 ) ) GLOBAL_UNIT_ASSIGNED_CONTEXT ( ( #447, #1329, #1167 ) ) REPRESENTATION_CONTEXT ( 'NONE', 'WORKASPACE' ) );
#642 =( LENGTH_UNIT ( ) NAMED_UNIT ( * ) SI_UNIT ( .MILLI., .METRE. ) );
#643 =( NAMED_UNIT ( * ) PLANE_ANGLE_UNIT ( ) SI_UNIT ( $, .RADIAN. ) );
#644 = PRESENTATION_LAYER_ASSIGNMENT (  '', '', ( #225 ) ) ;
#645 = CARTESIAN_POINT ( 'NONE',  ( -0.5694073523147232807, 0.9259259259259153829, 0.6999999999999999556 ) ) ;
#646 = ORIENTED_EDGE ( 'NONE', *, *, #206, .T. ) ;
#647 = AXIS2_PLACEMENT_3D ( 'NONE', #32, #806, #883 ) ;
#648 = SURFACE_STYLE_USAGE ( .BOTH. , #1302 ) ;
#649 = CARTESIAN_POINT ( 'NONE',  ( 0.3649999999999999911, -1.600000000000000089, 0.000000000000000000 ) ) ;
#650 = DIRECTION ( 'NONE',  ( 0.000000000000000000, 0.000000000000000000, 1.000000000000000000 ) ) ;
#651 = CARTESIAN_POINT ( 'NONE',  ( -0.7749999999999995781, 0.5599999999999997202, 0.05000000000000000278 ) ) ;
#652 = CARTESIAN_POINT ( 'NONE',  ( 0.7750000000000000222, 1.600000000000000311, 0.6999999999999999556 ) ) ;
#653 = UNCERTAINTY_MEASURE_WITH_UNIT (LENGTH_MEASURE( 1.000000000000000082E-05 ), #2, 'distance_accuracy_value', 'NONE');
#654 = CARTESIAN_POINT ( 'NONE',  ( -0.5694073523147265004, 0.9753086419752979852, 0.6999999999999999556 ) ) ;
#655 = ORIENTED_EDGE ( 'NONE', *, *, #1198, .F. ) ;
#656 = DIRECTION ( 'NONE',  ( 1.000000000000000000, -1.398970545142586788E-16, 0.000000000000000000 ) ) ;
#657 = ORIENTED_EDGE ( 'NONE', *, *, #479, .T. ) ;
#658 = SURFACE_STYLE_USAGE ( .BOTH. , #869 ) ;
#659 =( LENGTH_UNIT ( ) NAMED_UNIT ( * ) SI_UNIT ( .MILLI., .METRE. ) );
#660 = ORIENTED_EDGE ( 'NONE', *, *, #1006, .T. ) ;
#661 = EDGE_CURVE ( 'NONE', #1092, #603, #972, .T. ) ;
#662 = FACE_OUTER_BOUND ( 'NONE', #796, .T. ) ;
#663 = ORIENTED_EDGE ( 'NONE', *, *, #615, .F. ) ;
#664 = CARTESIAN_POINT ( 'NONE',  ( 0.3649999999999999911, 1.140000000000000346, 0.000000000000000000 ) ) ;
#665 = CLOSED_SHELL ( 'NONE', ( #422, #1241, #1224, #532, #680, #840 ) ) ;
#666 = FILL_AREA_STYLE ('',( #341 ) ) ;
#667 =( GEOMETRIC_REPRESENTATION_CONTEXT ( 3 ) GLOBAL_UNCERTAINTY_ASSIGNED_CONTEXT ( ( #253 ) ) GLOBAL_UNIT_ASSIGNED_CONTEXT ( ( #283, #156, #65 ) ) REPRESENTATION_CONTEXT ( 'NONE', 'WORKASPACE' ) );
#668 = MECHANICAL_DESIGN_GEOMETRIC_PRESENTATION_REPRESENTATION (  '', ( #1312 ), #1291 ) ;
#669 = MECHANICAL_DESIGN_GEOMETRIC_PRESENTATION_REPRESENTATION (  '', ( #1294 ), #355 ) ;
#670 = FILL_AREA_STYLE ('',( #892 ) ) ;
#671 = VECTOR ( 'NONE', #82, 1000.000000000000000 ) ;
#672 = VECTOR ( 'NONE', #730, 1000.000000000000000 ) ;
#673 =( NAMED_UNIT ( * ) SI_UNIT ( $, .STERADIAN. ) SOLID_ANGLE_UNIT ( ) );
#674 = COLOUR_RGB ( '',0.8431372549019607865, 0.8431372549019607865, 0.8431372549019607865 ) ;
#675 = FILL_AREA_STYLE ('',( #228 ) ) ;
#676 = SURFACE_SIDE_STYLE ('',( #1124 ) ) ;
#677 = ORIENTED_EDGE ( 'NONE', *, *, #1064, .T. ) ;
#678 =( NAMED_UNIT ( * ) PLANE_ANGLE_UNIT ( ) SI_UNIT ( $, .RADIAN. ) );
#679 = SURFACE_SIDE_STYLE ('',( #798 ) ) ;
#680 = ADVANCED_FACE ( 'NONE', ( #1405 ), #409, .F. ) ;
#681 = DIRECTION ( 'NONE',  ( -1.000000000000000000, -0.000000000000000000, -0.000000000000000000 ) ) ;
#682 = UNCERTAINTY_MEASURE_WITH_UNIT (LENGTH_MEASURE( 1.000000000000000082E-05 ), #1261, 'distance_accuracy_value', 'NONE');
#683 = ADVANCED_FACE ( 'NONE', ( #339 ), #216, .F. ) ;
#684 = DIRECTION ( 'NONE',  ( -0.000000000000000000, -0.000000000000000000, 1.000000000000000000 ) ) ;
#685 =( LENGTH_UNIT ( ) NAMED_UNIT ( * ) SI_UNIT ( .MILLI., .METRE. ) );
#686 = SURFACE_STYLE_USAGE ( .BOTH. , #576 ) ;
#687 = DIRECTION ( 'NONE',  ( 1.000000000000000000, 0.000000000000000000, 0.000000000000000000 ) ) ;
#688 = SURFACE_STYLE_FILL_AREA ( #675 ) ;
#689 = VECTOR ( 'NONE', #53, 1000.000000000000000 ) ;
#690 =( GEOMETRIC_REPRESENTATION_CONTEXT ( 3 ) GLOBAL_UNCERTAINTY_ASSIGNED_CONTEXT ( ( #682 ) ) GLOBAL_UNIT_ASSIGNED_CONTEXT ( ( #1261, #48, #1160 ) ) REPRESENTATION_CONTEXT ( 'NONE', 'WORKASPACE' ) );
#691 = DIRECTION ( 'NONE',  ( -0.000000000000000000, 1.000000000000000000, -0.000000000000000000 ) ) ;
#692 = MECHANICAL_DESIGN_GEOMETRIC_PRESENTATION_REPRESENTATION (  '', ( #1029 ), #1003 ) ;
#693 =( NAMED_UNIT ( * ) SI_UNIT ( $, .STERADIAN. ) SOLID_ANGLE_UNIT ( ) );
#694 = EDGE_LOOP ( 'NONE', ( #1266, #624, #1233, #493 ) ) ;
#695 = PRESENTATION_LAYER_ASSIGNMENT (  '', '', ( #1318 ) ) ;
#696 = ADVANCED_FACE ( 'NONE', ( #662 ), #105, .F. ) ;
#697 = PRESENTATION_STYLE_ASSIGNMENT (( #411 ) ) ;
#698 = DIRECTION ( 'NONE',  ( -0.000000000000000000, -0.000000000000000000, -1.000000000000000000 ) ) ;
#699 =( GEOMETRIC_REPRESENTATION_CONTEXT ( 3 ) GLOBAL_UNCERTAINTY_ASSIGNED_CONTEXT ( ( #653 ) ) GLOBAL_UNIT_ASSIGNED_CONTEXT ( ( #2, #1352, #446 ) ) REPRESENTATION_CONTEXT ( 'NONE', 'WORKASPACE' ) );
#700 = DIRECTION ( 'NONE',  ( -1.000000000000000000, 0.000000000000000000, 0.000000000000000000 ) ) ;
#701 = COLOUR_RGB ( '',0.8431372549019607865, 0.8431372549019607865, 0.8431372549019607865 ) ;
#702 = CARTESIAN_POINT ( 'NONE',  ( -0.3194073523147117344, -0.7037037037037074949, 0.6999999999999999556 ) ) ;
#703 =( LENGTH_UNIT ( ) NAMED_UNIT ( * ) SI_UNIT ( .MILLI., .METRE. ) );
#704 = ORIENTED_EDGE ( 'NONE', *, *, #374, .T. ) ;
#705 = PRODUCT_CONTEXT ( 'NONE', #825, 'mechanical' ) ;
#706 = SURFACE_STYLE_FILL_AREA ( #126 ) ;
#707 = CARTESIAN_POINT ( 'NONE',  ( -0.3194073523146990223, 0.4814814814814844524, 0.6999999999999999556 ) ) ;
#708 = COLOUR_RGB ( '',0.7921568627450980005, 0.8196078431372548767, 0.9333333333333333481 ) ;
#709 = UNCERTAINTY_MEASURE_WITH_UNIT (LENGTH_MEASURE( 1.000000000000000082E-05 ), #642, 'distance_accuracy_value', 'NONE');
#710 = UNCERTAINTY_MEASURE_WITH_UNIT (LENGTH_MEASURE( 1.000000000000000082E-05 ), #1170, 'distance_accuracy_value', 'NONE');
#711 = EDGE_CURVE ( 'NONE', #1016, #813, #557, .T. ) ;
#712 =( NAMED_UNIT ( * ) PLANE_ANGLE_UNIT ( ) SI_UNIT ( $, .RADIAN. ) );
#713 = ORIENTED_EDGE ( 'NONE', *, *, #929, .F. ) ;
#714 = DIRECTION ( 'NONE',  ( -0.000000000000000000, 0.000000000000000000, 1.000000000000000000 ) ) ;
#715 = VECTOR ( 'NONE', #462, 1000.000000000000000 ) ;
#716 = PRESENTATION_LAYER_ASSIGNMENT (  '', '', ( #856 ) ) ;
#717 = ORIENTED_EDGE ( 'NONE', *, *, #817, .T. ) ;
#718 = AXIS2_PLACEMENT_3D ( 'NONE', #568, #1245, #233 ) ;
#719 = COLOUR_RGB ( '',0.2862745098039215508, 0.2862745098039215508, 0.2862745098039215508 ) ;
#720 = CARTESIAN_POINT ( 'NONE',  ( -0.7750000000000000222, 1.600000000000000311, 0.05000000000000000278 ) ) ;
#721 = DIRECTION ( 'NONE',  ( 0.000000000000000000, 0.000000000000000000, -1.000000000000000000 ) ) ;
#722 = CARTESIAN_POINT ( 'NONE',  ( -0.3649999999999999911, -1.599999999999999867, 0.05000000000000000278 ) ) ;
#723 = AXIS2_PLACEMENT_3D ( 'NONE', #1345, #342, #347 ) ;
#724 =( GEOMETRIC_REPRESENTATION_CONTEXT ( 3 ) GLOBAL_UNCERTAINTY_ASSIGNED_CONTEXT ( ( #827 ) ) GLOBAL_UNIT_ASSIGNED_CONTEXT ( ( #734, #938, #944 ) ) REPRESENTATION_CONTEXT ( 'NONE', 'WORKASPACE' ) );
#725 = SURFACE_STYLE_FILL_AREA ( #932 ) ;
#726 = SURFACE_STYLE_FILL_AREA ( #38 ) ;
#727 = ORIENTED_EDGE ( 'NONE', *, *, #70, .T. ) ;
#728 = CARTESIAN_POINT ( 'NONE',  ( 0.7750000000000000222, 1.600000000000000311, 0.000000000000000000 ) ) ;
#729 = SURFACE_SIDE_STYLE ('',( #280 ) ) ;
#730 = DIRECTION ( 'NONE',  ( -0.000000000000000000, -0.000000000000000000, 1.000000000000000000 ) ) ;
#731 = CARTESIAN_POINT ( 'NONE',  ( 0.7750000000000000222, 1.600000000000000311, 0.05000000000000000278 ) ) ;
#732 = EDGE_LOOP ( 'NONE', ( #821, #46, #1327, #1331 ) ) ;
#733 = FILL_AREA_STYLE ('',( #144 ) ) ;
#734 =( LENGTH_UNIT ( ) NAMED_UNIT ( * ) SI_UNIT ( .MILLI., .METRE. ) );
#735 = FILL_AREA_STYLE_COLOUR ( '', #359 ) ;
#736 = CARTESIAN_POINT ( 'NONE',  ( -0.5694073523146878646, -0.1851851851851816222, 0.6999999999999999556 ) ) ;
#737 = ORIENTED_EDGE ( 'NONE', *, *, #254, .T. ) ;
#738 = PRESENTATION_LAYER_ASSIGNMENT (  '', '', ( #1026 ) ) ;
#739 = AXIS2_PLACEMENT_3D ( 'NONE', #7, #1358, #110 ) ;
#740 = FILL_AREA_STYLE ('',( #1388 ) ) ;
#741 = AXIS2_PLACEMENT_3D ( 'NONE', #1153, #1031, #1250 ) ;
#742 = FACE_OUTER_BOUND ( 'NONE', #426, .T. ) ;
#743 = MECHANICAL_DESIGN_GEOMETRIC_PRESENTATION_REPRESENTATION (  '', ( #1203 ), #247 ) ;
#744 = CARTESIAN_POINT ( 'NONE',  ( -0.3649999999999999911, -1.599999999999999867, 0.000000000000000000 ) ) ;
#745 = CARTESIAN_POINT ( 'NONE',  ( -0.5694073523147139548, 0.7777777777777681312, 0.6999999999999999556 ) ) ;
#746 = ORIENTED_EDGE ( 'NONE', *, *, #1088, .T. ) ;
#747 = SURFACE_STYLE_FILL_AREA ( #1412 ) ;
#748 =( LENGTH_UNIT ( ) NAMED_UNIT ( * ) SI_UNIT ( .MILLI., .METRE. ) );
#749 = EDGE_CURVE ( 'NONE', #603, #67, #1342, .T. ) ;
#750 = SURFACE_STYLE_FILL_AREA ( #69 ) ;
#751 = DIRECTION ( 'NONE',  ( -0.000000000000000000, -0.000000000000000000, 1.000000000000000000 ) ) ;
#752 = LINE ( 'NONE', #518, #546 ) ;
#753 = ORIENTED_EDGE ( 'NONE', *, *, #711, .F. ) ;
#754 = EDGE_CURVE ( 'NONE', #1301, #9, #591, .T. ) ;
#755 =( NAMED_UNIT ( * ) PLANE_ANGLE_UNIT ( ) SI_UNIT ( $, .RADIAN. ) );
#756 =( NAMED_UNIT ( * ) PLANE_ANGLE_UNIT ( ) SI_UNIT ( $, .RADIAN. ) );
#757 = DIRECTION ( 'NONE',  ( 0.000000000000000000, 1.000000000000000000, 0.000000000000000000 ) ) ;
#758 = CARTESIAN_POINT ( 'NONE',  ( -0.5694073523146863103, -0.03703703703703641048, 0.6999999999999999556 ) ) ;
#759 = ORIENTED_EDGE ( 'NONE', *, *, #921, .F. ) ;
#760 = FILL_AREA_STYLE ('',( #1104 ) ) ;
#761 = AXIS2_PLACEMENT_3D ( 'NONE', #1317, #403, #313 ) ;
#762 =( GEOMETRIC_REPRESENTATION_CONTEXT ( 3 ) GLOBAL_UNCERTAINTY_ASSIGNED_CONTEXT ( ( #1347 ) ) GLOBAL_UNIT_ASSIGNED_CONTEXT ( ( #838, #498, #272 ) ) REPRESENTATION_CONTEXT ( 'NONE', 'WORKASPACE' ) );
#763 =( NAMED_UNIT ( * ) SI_UNIT ( $, .STERADIAN. ) SOLID_ANGLE_UNIT ( ) );
#764 = PRESENTATION_LAYER_ASSIGNMENT (  '', '', ( #1054 ) ) ;
#765 = MECHANICAL_DESIGN_GEOMETRIC_PRESENTATION_REPRESENTATION (  '', ( #1336 ), #1105 ) ;
#766 = CARTESIAN_POINT ( 'NONE',  ( 0.000000000000000000, 0.000000000000000000, 0.6999999999999999556 ) ) ;
#767 = FILL_AREA_STYLE_COLOUR ( '', #719 ) ;
#768 = DIRECTION ( 'NONE',  ( -0.000000000000000000, -0.000000000000000000, 1.000000000000000000 ) ) ;
#769 = COLOUR_RGB ( '',0.8431372549019607865, 0.8431372549019607865, 0.8431372549019607865 ) ;
#770 = CARTESIAN_POINT ( 'NONE',  ( -0.5694073523146881977, 0.1851851851851814834, 0.6999999999999999556 ) ) ;
#771 = CARTESIAN_POINT ( 'NONE',  ( -0.3649999999999999911, 1.140000000000000346, 0.000000000000000000 ) ) ;
#772 = STYLED_ITEM ( 'NONE', ( #357 ), #1221 ) ;
#773 =( LENGTH_UNIT ( ) NAMED_UNIT ( * ) SI_UNIT ( .MILLI., .METRE. ) );
#774 = ORIENTED_EDGE ( 'NONE', *, *, #432, .T. ) ;
#775 = CARTESIAN_POINT ( 'NONE',  ( -0.3471851300925060668, 1.000000000000002887, 0.6999999999999999556 ) ) ;
#776 = CARTESIAN_POINT ( 'NONE',  ( 0.7750000000000000222, 0.5599999999999999423, 0.05000000000000000278 ) ) ;
#777 = PRESENTATION_STYLE_ASSIGNMENT (( #465 ) ) ;
#778 = SURFACE_STYLE_USAGE ( .BOTH. , #115 ) ;
#779 =( LENGTH_UNIT ( ) NAMED_UNIT ( * ) SI_UNIT ( .MILLI., .METRE. ) );
#780 = ORIENTED_EDGE ( 'NONE', *, *, #204, .T. ) ;
#781 = PLANE ( 'NONE',  #440 ) ;
#782 = PRESENTATION_STYLE_ASSIGNMENT (( #543 ) ) ;
#783 = MECHANICAL_DESIGN_GEOMETRIC_PRESENTATION_REPRESENTATION (  '', ( #622 ), #1096 ) ;
#784 = LINE ( 'NONE', #114, #60 ) ;
#785 = ORIENTED_EDGE ( 'NONE', *, *, #152, .T. ) ;
#786 = CARTESIAN_POINT ( 'NONE',  ( 0.000000000000000000, 0.000000000000000000, 0.000000000000000000 ) ) ;
#787 = VERTEX_POINT ( 'NONE', #166 ) ;
#788 = STYLED_ITEM ( 'NONE', ( #139 ), #130 ) ;
#789 = VECTOR ( 'NONE', #995, 1000.000000000000000 ) ;
#790 = CARTESIAN_POINT ( 'NONE',  ( 0.7750000000000000222, 1.600000000000000311, 0.000000000000000000 ) ) ;
#791 = ORIENTED_EDGE ( 'NONE', *, *, #1183, .F. ) ;
#792 = ADVANCED_FACE ( 'NONE', ( #171 ), #1384, .F. ) ;
#793 = SURFACE_SIDE_STYLE ('',( #566 ) ) ;
#794 =( NAMED_UNIT ( * ) SI_UNIT ( $, .STERADIAN. ) SOLID_ANGLE_UNIT ( ) );
#795 = DIRECTION ( 'NONE',  ( 1.000000000000000000, 0.000000000000000000, 0.000000000000000000 ) ) ;
#796 = EDGE_LOOP ( 'NONE', ( #39, #1117, #30, #1231 ) ) ;
#797 = CARTESIAN_POINT ( 'NONE',  ( -0.3649999999999999911, 0.5599999999999997202, 0.05000000000000000278 ) ) ;
#798 = SURFACE_STYLE_FILL_AREA ( #666 ) ;
#799 = FILL_AREA_STYLE_COLOUR ( '', #1400 ) ;
#800 = UNCERTAINTY_MEASURE_WITH_UNIT (LENGTH_MEASURE( 1.000000000000000082E-05 ), #901, 'distance_accuracy_value', 'NONE');
#801 = CARTESIAN_POINT ( 'NONE',  ( -0.7750000000000000222, 1.600000000000000311, 0.000000000000000000 ) ) ;
#802 = SURFACE_STYLE_FILL_AREA ( #20 ) ;
#803 = EDGE_LOOP ( 'NONE', ( #737, #1332, #759, #1125 ) ) ;
#804 =( NAMED_UNIT ( * ) PLANE_ANGLE_UNIT ( ) SI_UNIT ( $, .RADIAN. ) );
#805 = PLANE ( 'NONE',  #718 ) ;
#806 = DIRECTION ( 'NONE',  ( 1.000000000000000000, -0.000000000000000000, 0.000000000000000000 ) ) ;
#807 = LINE ( 'NONE', #249, #174 ) ;
#808 = STYLED_ITEM ( 'NONE', ( #1068 ), #290 ) ;
#809 = CARTESIAN_POINT ( 'NONE',  ( -0.3194073523147266669, 0.9753086419753129732, 0.6999999999999999556 ) ) ;
#810 =( NAMED_UNIT ( * ) SI_UNIT ( $, .STERADIAN. ) SOLID_ANGLE_UNIT ( ) );
#811 = VECTOR ( 'NONE', #1195, 1000.000000000000000 ) ;
#812 = FACE_OUTER_BOUND ( 'NONE', #301, .T. ) ;
#813 = VERTEX_POINT ( 'NONE', #386 ) ;
#814 = CARTESIAN_POINT ( 'NONE',  ( 0.7750000000000000222, 1.600000000000000311, 0.05000000000000000278 ) ) ;
#815 =( LENGTH_UNIT ( ) NAMED_UNIT ( * ) SI_UNIT ( .MILLI., .METRE. ) );
#816 = STYLED_ITEM ( 'NONE', ( #1194 ), #1106 ) ;
#817 = EDGE_CURVE ( 'NONE', #1293, #501, #54, .T. ) ;
#818 = SURFACE_STYLE_USAGE ( .BOTH. , #1279 ) ;
#819 = ADVANCED_FACE ( 'NONE', ( #582 ), #481, .F. ) ;
#820 = SURFACE_STYLE_USAGE ( .BOTH. , #956 ) ;
#821 = ORIENTED_EDGE ( 'NONE', *, *, #927, .T. ) ;
#822 = CARTESIAN_POINT ( 'NONE',  ( 0.3649999999999999911, -1.600000000000000089, 0.000000000000000000 ) ) ;
#823 = DIRECTION ( 'NONE',  ( 0.000000000000000000, 1.000000000000000000, 0.000000000000000000 ) ) ;
#824 = CARTESIAN_POINT ( 'NONE',  ( -0.3194073523147021865, 0.5555555555555584668, 0.6999999999999999556 ) ) ;
#825 = APPLICATION_CONTEXT ( 'automotive_design' ) ;
#826 = UNCERTAINTY_MEASURE_WITH_UNIT (LENGTH_MEASURE( 1.000000000000000082E-05 ), #903, 'distance_accuracy_value', 'NONE');
#827 = UNCERTAINTY_MEASURE_WITH_UNIT (LENGTH_MEASURE( 1.000000000000000082E-05 ), #734, 'distance_accuracy_value', 'NONE');
#828 = VERTEX_POINT ( 'NONE', #352 ) ;
#829 = FACE_OUTER_BOUND ( 'NONE', #1385, .T. ) ;
#830 = DIRECTION ( 'NONE',  ( 0.000000000000000000, 0.000000000000000000, 1.000000000000000000 ) ) ;
#831 = CARTESIAN_POINT ( 'NONE',  ( -0.3194073523146871985, -0.2592592592592603551, 0.6999999999999999556 ) ) ;
#832 = VECTOR ( 'NONE', #823, 1000.000000000000000 ) ;
#833 = PRESENTATION_LAYER_ASSIGNMENT (  '', '', ( #1103 ) ) ;
#834 = CARTESIAN_POINT ( 'NONE',  ( 0.3649999999999999911, 1.600000000000000311, 0.000000000000000000 ) ) ;
#835 = VERTEX_POINT ( 'NONE', #375 ) ;
#836 = COLOUR_RGB ( '',0.8431372549019607865, 0.8431372549019607865, 0.8431372549019607865 ) ;
#837 = EDGE_CURVE ( 'NONE', #878, #1138, #1071, .T. ) ;
#838 =( LENGTH_UNIT ( ) NAMED_UNIT ( * ) SI_UNIT ( .MILLI., .METRE. ) );
#839 =( GEOMETRIC_REPRESENTATION_CONTEXT ( 3 ) GLOBAL_UNCERTAINTY_ASSIGNED_CONTEXT ( ( #920 ) ) GLOBAL_UNIT_ASSIGNED_CONTEXT ( ( #1139, #678, #693 ) ) REPRESENTATION_CONTEXT ( 'NONE', 'WORKASPACE' ) );
#840 = ADVANCED_FACE ( 'NONE', ( #812 ), #142, .T. ) ;
#841 = VECTOR ( 'NONE', #698, 1000.000000000000000 ) ;
#842 = CARTESIAN_POINT ( 'NONE',  ( 0.7750000000000000222, 1.600000000000000311, 0.6999999999999999556 ) ) ;
#843 = ORIENTED_EDGE ( 'NONE', *, *, #993, .T. ) ;
#844 = CARTESIAN_POINT ( 'NONE',  ( -0.7750000000000000222, 1.600000000000000311, 0.6999999999999999556 ) ) ;
#845 = SURFACE_STYLE_FILL_AREA ( #740 ) ;
#846 = PRESENTATION_STYLE_ASSIGNMENT (( #277 ) ) ;
#847 = EDGE_CURVE ( 'NONE', #198, #835, #1410, .T. ) ;
#848 = VERTEX_POINT ( 'NONE', #1305 ) ;
#849 =( LENGTH_UNIT ( ) NAMED_UNIT ( * ) SI_UNIT ( .MILLI., .METRE. ) );
#850 = DIRECTION ( 'NONE',  ( 0.000000000000000000, 1.000000000000000000, 0.000000000000000000 ) ) ;
#851 = DIRECTION ( 'NONE',  ( -0.000000000000000000, 0.000000000000000000, 1.000000000000000000 ) ) ;
#852 = PRESENTATION_LAYER_ASSIGNMENT (  '', '', ( #619 ) ) ;
#853 = EDGE_CURVE ( 'NONE', #787, #415, #1284, .T. ) ;
#854 = CARTESIAN_POINT ( 'NONE',  ( 0.000000000000000000, 0.000000000000000000, 0.05000000000000000278 ) ) ;
#855 = ORIENTED_EDGE ( 'NONE', *, *, #1019, .F. ) ;
#856 = STYLED_ITEM ( 'NONE', ( #1192 ), #321 ) ;
#857 = PRODUCT_DEFINITION ( 'UNKNOWN', '', #146, #434 ) ;
#858 = CARTESIAN_POINT ( 'NONE',  ( -0.5416295745369502646, 0.9999999999999906741, 0.6999999999999999556 ) ) ;
#859 = AXIS2_PLACEMENT_3D ( 'NONE', #1098, #75, #525 ) ;
#860 =( NAMED_UNIT ( * ) SI_UNIT ( $, .STERADIAN. ) SOLID_ANGLE_UNIT ( ) );
#861 = PRESENTATION_LAYER_ASSIGNMENT (  '', '', ( #1203 ) ) ;
#862 = PRESENTATION_LAYER_ASSIGNMENT (  '', '', ( #960 ) ) ;
#863 = CARTESIAN_POINT ( 'NONE',  ( 0.3649999999999999911, 1.600000000000000311, 0.000000000000000000 ) ) ;
#864 = CARTESIAN_POINT ( 'NONE',  ( 0.3649999999999999911, -1.600000000000000089, 0.000000000000000000 ) ) ;
#865 = CARTESIAN_POINT ( 'NONE',  ( -0.5694073523146979676, -0.4814814814814722954, 0.6999999999999999556 ) ) ;
#866 = EDGE_LOOP ( 'NONE', ( #1041, #1189, #407, #534 ) ) ;
#867 = SURFACE_STYLE_FILL_AREA ( #872 ) ;
#868 = CARTESIAN_POINT ( 'NONE',  ( -0.7750000000000000222, 1.600000000000000311, 0.05000000000000000278 ) ) ;
#869 = SURFACE_SIDE_STYLE ('',( #412 ) ) ;
#870 = CARTESIAN_POINT ( 'NONE',  ( 0.7750000000000000222, -1.600000000000000089, 0.05000000000000000278 ) ) ;
#871 = VERTEX_POINT ( 'NONE', #398 ) ;
#872 = FILL_AREA_STYLE ('',( #438 ) ) ;
#873 = DIRECTION ( 'NONE',  ( 0.000000000000000000, 1.000000000000000000, 0.000000000000000000 ) ) ;
#874 = SURFACE_STYLE_FILL_AREA ( #428 ) ;
#875 = PLANE ( 'NONE',  #904 ) ;
#876 = SURFACE_STYLE_FILL_AREA ( #966 ) ;
#877 = CARTESIAN_POINT ( 'NONE',  ( -0.5694073523147058502, 0.6296296296296208794, 0.6999999999999999556 ) ) ;
#878 = VERTEX_POINT ( 'NONE', #1207 ) ;
#879 = CARTESIAN_POINT ( 'NONE',  ( -0.7749999999999995781, -1.599999999999999867, 0.05000000000000000278 ) ) ;
#880 = CARTESIAN_POINT ( 'NONE',  ( -0.5694073523147281657, 0.9999999999999892308, 0.6999999999999999556 ) ) ;
#881 = COLOUR_RGB ( '',0.2862745098039215508, 0.2862745098039215508, 0.2862745098039215508 ) ;
#882 = PRESENTATION_LAYER_ASSIGNMENT (  '', '', ( #1032 ) ) ;
#883 = DIRECTION ( 'NONE',  ( 0.000000000000000000, 0.000000000000000000, -1.000000000000000000 ) ) ;
#884 = VECTOR ( 'NONE', #95, 1000.000000000000000 ) ;
#885 = LINE ( 'NONE', #1015, #1429 ) ;
#886 = EDGE_LOOP ( 'NONE', ( #271, #1008, #167, #451 ) ) ;
#887 = STYLED_ITEM ( 'NONE', ( #268 ), #1224 ) ;
#888 = EDGE_LOOP ( 'NONE', ( #289, #98, #583, #376 ) ) ;
#889 = CARTESIAN_POINT ( 'NONE',  ( -0.7750000000000000222, 1.600000000000000311, 0.000000000000000000 ) ) ;
#890 = FILL_AREA_STYLE_COLOUR ( '', #453 ) ;
#891 = CARTESIAN_POINT ( 'NONE',  ( 0.7750000000000000222, 1.140000000000000346, 0.05000000000000000278 ) ) ;
#892 = FILL_AREA_STYLE_COLOUR ( '', #769 ) ;
#893 =( NAMED_UNIT ( * ) SI_UNIT ( $, .STERADIAN. ) SOLID_ANGLE_UNIT ( ) );
#894 = LINE ( 'NONE', #8, #715 ) ;
#895 = PRESENTATION_STYLE_ASSIGNMENT (( #1235 ) ) ;
#896 = EDGE_LOOP ( 'NONE', ( #1011, #630, #243, #1151 ) ) ;
#897 = EDGE_CURVE ( 'NONE', #468, #1058, #420, .T. ) ;
#898 =( NAMED_UNIT ( * ) PLANE_ANGLE_UNIT ( ) SI_UNIT ( $, .RADIAN. ) );
#899 = ORIENTED_EDGE ( 'NONE', *, *, #374, .F. ) ;
#900 = EDGE_CURVE ( 'NONE', #21, #89, #629, .T. ) ;
#901 =( LENGTH_UNIT ( ) NAMED_UNIT ( * ) SI_UNIT ( .MILLI., .METRE. ) );
#902 = AXIS2_PLACEMENT_3D ( 'NONE', #145, #1234, #1337 ) ;
#903 =( LENGTH_UNIT ( ) NAMED_UNIT ( * ) SI_UNIT ( .MILLI., .METRE. ) );
#904 = AXIS2_PLACEMENT_3D ( 'NONE', #766, #650, #193 ) ;
#905 = EDGE_CURVE ( 'NONE', #871, #1394, #752, .T. ) ;
#906 = DIRECTION ( 'NONE',  ( -0.000000000000000000, -0.000000000000000000, 1.000000000000000000 ) ) ;
#907 =( LENGTH_UNIT ( ) NAMED_UNIT ( * ) SI_UNIT ( .MILLI., .METRE. ) );
#908 = VECTOR ( 'NONE', #364, 1000.000000000000000 ) ;
#909 = FILL_AREA_STYLE_COLOUR ( '', #176 ) ;
#910 = ORIENTED_EDGE ( 'NONE', *, *, #560, .F. ) ;
#911 = AXIS2_PLACEMENT_3D ( 'NONE', #1000, #873, #401 ) ;
#912 =( NAMED_UNIT ( * ) SI_UNIT ( $, .STERADIAN. ) SOLID_ANGLE_UNIT ( ) );
#913 = CARTESIAN_POINT ( 'NONE',  ( 0.3649999999999999911, 1.600000000000000311, 0.000000000000000000 ) ) ;
#914 =( NAMED_UNIT ( * ) SI_UNIT ( $, .STERADIAN. ) SOLID_ANGLE_UNIT ( ) );
#915 = SURFACE_STYLE_USAGE ( .BOTH. , #351 ) ;
#916 = ORIENTED_EDGE ( 'NONE', *, *, #70, .F. ) ;
#917 = DIRECTION ( 'NONE',  ( 1.000000000000000000, 0.000000000000000000, 0.000000000000000000 ) ) ;
#918 = LINE ( 'NONE', #913, #1035 ) ;
#919 = PLANE ( 'NONE',  #902 ) ;
#920 = UNCERTAINTY_MEASURE_WITH_UNIT (LENGTH_MEASURE( 1.000000000000000082E-05 ), #1139, 'distance_accuracy_value', 'NONE');
#921 = EDGE_CURVE ( 'NONE', #330, #1021, #325, .T. ) ;
#922 = CARTESIAN_POINT ( 'NONE',  ( -0.7749999999999995781, -1.599999999999999867, 0.6999999999999999556 ) ) ;
#923 =( LENGTH_UNIT ( ) NAMED_UNIT ( * ) SI_UNIT ( .MILLI., .METRE. ) );
#924 = EDGE_LOOP ( 'NONE', ( #1159, #855, #265, #338 ) ) ;
#925 = PRESENTATION_STYLE_ASSIGNMENT (( #575 ) ) ;
#926 = SURFACE_STYLE_USAGE ( .BOTH. , #538 ) ;
#927 = EDGE_CURVE ( 'NONE', #257, #198, #544, .T. ) ;
#928 = LINE ( 'NONE', #238, #324 ) ;
#929 = EDGE_CURVE ( 'NONE', #1293, #848, #784, .T. ) ;
#930 = MECHANICAL_DESIGN_GEOMETRIC_PRESENTATION_REPRESENTATION (  '', ( #588 ), #282 ) ;
#931 = AXIS2_PLACEMENT_3D ( 'NONE', #1379, #267, #609 ) ;
#932 = FILL_AREA_STYLE ('',( #35 ) ) ;
#933 =( GEOMETRIC_REPRESENTATION_CONTEXT ( 3 ) GLOBAL_UNCERTAINTY_ASSIGNED_CONTEXT ( ( #463 ) ) GLOBAL_UNIT_ASSIGNED_CONTEXT ( ( #703, #712, #255 ) ) REPRESENTATION_CONTEXT ( 'NONE', 'WORKASPACE' ) );
#934 = CARTESIAN_POINT ( 'NONE',  ( -0.7750000000000000222, 1.600000000000000311, 0.000000000000000000 ) ) ;
#935 = ORIENTED_EDGE ( 'NONE', *, *, #182, .F. ) ;
#936 =( GEOMETRIC_REPRESENTATION_CONTEXT ( 3 ) GLOBAL_UNCERTAINTY_ASSIGNED_CONTEXT ( ( #601 ) ) GLOBAL_UNIT_ASSIGNED_CONTEXT ( ( #1213, #454, #489 ) ) REPRESENTATION_CONTEXT ( 'NONE', 'WORKASPACE' ) );
#937 = DIRECTION ( 'NONE',  ( -0.000000000000000000, 1.000000000000000000, -0.000000000000000000 ) ) ;
#938 =( NAMED_UNIT ( * ) PLANE_ANGLE_UNIT ( ) SI_UNIT ( $, .RADIAN. ) );
#939 =( GEOMETRIC_REPRESENTATION_CONTEXT ( 3 ) GLOBAL_UNCERTAINTY_ASSIGNED_CONTEXT ( ( #1372 ) ) GLOBAL_UNIT_ASSIGNED_CONTEXT ( ( #849, #58, #169 ) ) REPRESENTATION_CONTEXT ( 'NONE', 'WORKASPACE' ) );
#940 = DIRECTION ( 'NONE',  ( 1.000000000000000000, 0.000000000000000000, 0.000000000000000000 ) ) ;
#941 = CARTESIAN_POINT ( 'NONE',  ( -0.3194073523146966354, -0.4814814814814838972, 0.6999999999999999556 ) ) ;
#942 = DIRECTION ( 'NONE',  ( -1.000000000000000000, 0.000000000000000000, -0.000000000000000000 ) ) ;
#943 = ORIENTED_EDGE ( 'NONE', *, *, #615, .T. ) ;
#944 =( NAMED_UNIT ( * ) SI_UNIT ( $, .STERADIAN. ) SOLID_ANGLE_UNIT ( ) );
#945 = LINE ( 'NONE', #1375, #689 ) ;
#946 = CARTESIAN_POINT ( 'NONE',  ( -0.3194073523146844229, -0.1111111111111113409, 0.6999999999999999556 ) ) ;
#947 = ADVANCED_FACE ( 'NONE', ( #450 ), #222, .F. ) ;
#948 = UNCERTAINTY_MEASURE_WITH_UNIT (LENGTH_MEASURE( 1.000000000000000082E-05 ), #748, 'distance_accuracy_value', 'NONE');
#949 = VERTEX_POINT ( 'NONE', #1116 ) ;
#950 = DIRECTION ( 'NONE',  ( -0.000000000000000000, 1.000000000000000000, -0.000000000000000000 ) ) ;
#951 = PRESENTATION_STYLE_ASSIGNMENT (( #1168 ) ) ;
#952 = CARTESIAN_POINT ( 'NONE',  ( -0.3649999999999999911, 1.600000000000000311, 0.05000000000000000278 ) ) ;
#953 = CARTESIAN_POINT ( 'NONE',  ( -0.3194073523146859217, 0.1111111111111120209, 0.6999999999999999556 ) ) ;
#954 = STYLED_ITEM ( 'NONE', ( #782 ), #348 ) ;
#955 = COLOUR_RGB ( '',0.7921568627450980005, 0.8196078431372548767, 0.9333333333333333481 ) ;
#956 = SURFACE_SIDE_STYLE ('',( #500 ) ) ;
#957 = ORIENTED_EDGE ( 'NONE', *, *, #395, .T. ) ;
#958 = COLOUR_RGB ( '',0.8431372549019607865, 0.8431372549019607865, 0.8431372549019607865 ) ;
#959 = DIRECTION ( 'NONE',  ( 1.000000000000000000, -0.000000000000000000, 0.000000000000000000 ) ) ;
#960 = STYLED_ITEM ( 'NONE', ( #777 ), #1014 ) ;
#961 = SURFACE_STYLE_FILL_AREA ( #1391 ) ;
#962 = VECTOR ( 'NONE', #1324, 1000.000000000000000 ) ;
#963 = EDGE_CURVE ( 'NONE', #539, #9, #552, .T. ) ;
#964 = COLOUR_RGB ( '',0.8431372549019607865, 0.8431372549019607865, 0.8431372549019607865 ) ;
#965 = PRODUCT_DEFINITION_SHAPE ( 'NONE', 'NONE',  #857 ) ;
#966 = FILL_AREA_STYLE ('',( #396 ) ) ;
#967 = ORIENTED_EDGE ( 'NONE', *, *, #1095, .T. ) ;
#968 = CARTESIAN_POINT ( 'NONE',  ( 0.7750000000000000222, 1.600000000000000311, 0.6999999999999999556 ) ) ;
#969 =( NAMED_UNIT ( * ) SI_UNIT ( $, .STERADIAN. ) SOLID_ANGLE_UNIT ( ) );
#970 = DIRECTION ( 'NONE',  ( -1.000000000000000000, 0.000000000000000000, 0.000000000000000000 ) ) ;
#971 = ORIENTED_EDGE ( 'NONE', *, *, #1428, .T. ) ;
#972 = LINE ( 'NONE', #637, #671 ) ;
#973 = SURFACE_STYLE_USAGE ( .BOTH. , #218 ) ;
#974 = PRESENTATION_LAYER_ASSIGNMENT (  '', '', ( #622 ) ) ;
#975 = DIRECTION ( 'NONE',  ( -0.000000000000000000, -0.000000000000000000, 1.000000000000000000 ) ) ;
#976 =( GEOMETRIC_REPRESENTATION_CONTEXT ( 3 ) GLOBAL_UNCERTAINTY_ASSIGNED_CONTEXT ( ( #826 ) ) GLOBAL_UNIT_ASSIGNED_CONTEXT ( ( #903, #1136, #794 ) ) REPRESENTATION_CONTEXT ( 'NONE', 'WORKASPACE' ) );
#977 = CARTESIAN_POINT ( 'NONE',  ( -0.5694073523147172855, -0.7777777777777646895, 0.6999999999999999556 ) ) ;
#978 = ORIENTED_EDGE ( 'NONE', *, *, #466, .T. ) ;
#979 = VECTOR ( 'NONE', #515, 1000.000000000000000 ) ;
#980 = FILL_AREA_STYLE ('',( #631 ) ) ;
#981 =( GEOMETRIC_REPRESENTATION_CONTEXT ( 3 ) GLOBAL_UNCERTAINTY_ASSIGNED_CONTEXT ( ( #239 ) ) GLOBAL_UNIT_ASSIGNED_CONTEXT ( ( #209, #755, #97 ) ) REPRESENTATION_CONTEXT ( 'NONE', 'WORKASPACE' ) );
#982 = LINE ( 'NONE', #664, #1060 ) ;
#983 = APPLICATION_CONTEXT ( 'automotive_design' ) ;
#984 = COLOUR_RGB ( '',0.2862745098039215508, 0.2862745098039215508, 0.2862745098039215508 ) ;
#985 = CARTESIAN_POINT ( 'NONE',  ( -0.7750000000000000222, 1.140000000000000346, 0.000000000000000000 ) ) ;
#986 = LINE ( 'NONE', #299, #203 ) ;
#987 = DIRECTION ( 'NONE',  ( 0.000000000000000000, -0.000000000000000000, 1.000000000000000000 ) ) ;
#988 = ORIENTED_EDGE ( 'NONE', *, *, #640, .F. ) ;
#989 = CARTESIAN_POINT ( 'NONE',  ( 0.3649999999999999911, 1.140000000000000346, 0.000000000000000000 ) ) ;
#990 = SURFACE_SIDE_STYLE ('',( #83 ) ) ;
#991 =( NAMED_UNIT ( * ) PLANE_ANGLE_UNIT ( ) SI_UNIT ( $, .RADIAN. ) );
#992 = VERTEX_POINT ( 'NONE', #1007 ) ;
#993 = EDGE_CURVE ( 'NONE', #256, #1196, #996, .T. ) ;
#994 = EDGE_CURVE ( 'NONE', #1374, #1351, #561, .T. ) ;
#995 = DIRECTION ( 'NONE',  ( -1.000000000000000000, -0.000000000000000000, -0.000000000000000000 ) ) ;
#996 = LINE ( 'NONE', #122, #111 ) ;
#997 = ORIENTED_EDGE ( 'NONE', *, *, #1149, .F. ) ;
#998 = CARTESIAN_POINT ( 'NONE',  ( -0.4027406856480693076, -0.9999999999999976685, 0.6999999999999999556 ) ) ;
#999 = VERTEX_POINT ( 'NONE', #315 ) ;
#1000 = CARTESIAN_POINT ( 'NONE',  ( 0.7750000000000000222, -1.600000000000000089, 0.000000000000000000 ) ) ;
#1001 = VECTOR ( 'NONE', #850, 1000.000000000000000 ) ;
#1002 = FILL_AREA_STYLE_COLOUR ( '', #269 ) ;
#1003 =( GEOMETRIC_REPRESENTATION_CONTEXT ( 3 ) GLOBAL_UNCERTAINTY_ASSIGNED_CONTEXT ( ( #1257 ) ) GLOBAL_UNIT_ASSIGNED_CONTEXT ( ( #907, #1208, #545 ) ) REPRESENTATION_CONTEXT ( 'NONE', 'WORKASPACE' ) );
#1004 = VECTOR ( 'NONE', #970, 1000.000000000000000 ) ;
#1005 = VECTOR ( 'NONE', #175, 1000.000000000000000 ) ;
#1006 = EDGE_CURVE ( 'NONE', #1016, #256, #885, .T. ) ;
#1007 = CARTESIAN_POINT ( 'NONE',  ( 0.3649999999999999911, 1.140000000000000346, 0.05000000000000000278 ) ) ;
#1008 = ORIENTED_EDGE ( 'NONE', *, *, #1110, .F. ) ;
#1009 = AXIS2_PLACEMENT_3D ( 'NONE', #76, #851, #1289 ) ;
#1010 = CARTESIAN_POINT ( 'NONE',  ( 0.7750000000000000222, 1.140000000000000346, 0.000000000000000000 ) ) ;
#1011 = ORIENTED_EDGE ( 'NONE', *, *, #182, .T. ) ;
#1012 = CARTESIAN_POINT ( 'NONE',  ( 0.7750000000000000222, 1.600000000000000311, 0.05000000000000000278 ) ) ;
#1013 =( LENGTH_UNIT ( ) NAMED_UNIT ( * ) SI_UNIT ( .MILLI., .METRE. ) );
#1014 = ADVANCED_FACE ( 'NONE', ( #1137 ), #17, .F. ) ;
#1015 = CARTESIAN_POINT ( 'NONE',  ( -0.7749999999999995781, -1.599999999999999867, 0.6999999999999999556 ) ) ;
#1016 = VERTEX_POINT ( 'NONE', #922 ) ;
#1017 = SURFACE_STYLE_USAGE ( .BOTH. , #1223 ) ;
#1018 = ORIENTED_EDGE ( 'NONE', *, *, #597, .T. ) ;
#1019 = EDGE_CURVE ( 'NONE', #1100, #1343, #1338, .T. ) ;
#1020 = DIRECTION ( 'NONE',  ( -0.000000000000000000, -0.000000000000000000, -1.000000000000000000 ) ) ;
#1021 = VERTEX_POINT ( 'NONE', #385 ) ;
#1022 =( NAMED_UNIT ( * ) SI_UNIT ( $, .STERADIAN. ) SOLID_ANGLE_UNIT ( ) );
#1023 = EDGE_LOOP ( 'NONE', ( #1182, #1201, #427, #393 ) ) ;
#1024 = SHAPE_DEFINITION_REPRESENTATION ( #965, #262 ) ;
#1025 = CARTESIAN_POINT ( 'NONE',  ( -0.5694073523147357152, -0.9999999999999852340, 0.6999999999999999556 ) ) ;
#1026 = STYLED_ITEM ( 'NONE', ( #846 ), #226 ) ;
#1027 =( LENGTH_UNIT ( ) NAMED_UNIT ( * ) SI_UNIT ( .MILLI., .METRE. ) );
#1028 = UNCERTAINTY_MEASURE_WITH_UNIT (LENGTH_MEASURE( 1.000000000000000082E-05 ), #779, 'distance_accuracy_value', 'NONE');
#1029 = STYLED_ITEM ( 'NONE', ( #1111 ), #25 ) ;
#1030 = CARTESIAN_POINT ( 'NONE',  ( -0.7750000000000000222, 1.600000000000000311, 0.6999999999999999556 ) ) ;
#1031 = DIRECTION ( 'NONE',  ( -1.000000000000000000, 0.000000000000000000, -0.000000000000000000 ) ) ;
#1032 = STYLED_ITEM ( 'NONE', ( #1258 ), #792 ) ;
#1033 = ORIENTED_EDGE ( 'NONE', *, *, #1162, .F. ) ;
#1034 = VECTOR ( 'NONE', #469, 1000.000000000000000 ) ;
#1035 = VECTOR ( 'NONE', #1353, 1000.000000000000000 ) ;
#1036 = CARTESIAN_POINT ( 'NONE',  ( -0.7749999999999995781, 0.5599999999999997202, 0.05000000000000000278 ) ) ;
#1037 = SURFACE_STYLE_USAGE ( .BOTH. , #1359 ) ;
#1038 = CARTESIAN_POINT ( 'NONE',  ( -0.3194073523146900850, 0.2592592592592609657, 0.6999999999999999556 ) ) ;
#1039 = LINE ( 'NONE', #18, #245 ) ;
#1040 = DIRECTION ( 'NONE',  ( 1.000000000000000000, 0.000000000000000000, -0.000000000000000000 ) ) ;
#1041 = ORIENTED_EDGE ( 'NONE', *, *, #56, .T. ) ;
#1042 = PRESENTATION_STYLE_ASSIGNMENT (( #686 ) ) ;
#1043 =( NAMED_UNIT ( * ) SI_UNIT ( $, .STERADIAN. ) SOLID_ANGLE_UNIT ( ) );
#1044 = MECHANICAL_DESIGN_GEOMETRIC_PRESENTATION_REPRESENTATION (  '', ( #6 ), #163 ) ;
#1045 = CARTESIAN_POINT ( 'NONE',  ( -0.3194073523147062943, -0.6296296296296326478, 0.6999999999999999556 ) ) ;
#1046 = FILL_AREA_STYLE_COLOUR ( '', #383 ) ;
#1047 = ORIENTED_EDGE ( 'NONE', *, *, #232, .F. ) ;
#1048 = SURFACE_STYLE_USAGE ( .BOTH. , #604 ) ;
#1049 = LINE ( 'NONE', #430, #1186 ) ;
#1050 = LINE ( 'NONE', #234, #1290 ) ;
#1051 = COLOUR_RGB ( '',0.8431372549019607865, 0.8431372549019607865, 0.8431372549019607865 ) ;
#1052 = CARTESIAN_POINT ( 'NONE',  ( -0.3194073523146852001, -0.1851851851851858688, 0.6999999999999999556 ) ) ;
#1053 = UNCERTAINTY_MEASURE_WITH_UNIT (LENGTH_MEASURE( 1.000000000000000082E-05 ), #923, 'distance_accuracy_value', 'NONE');
#1054 = STYLED_ITEM ( 'NONE', ( #537 ), #104 ) ;
#1055 = UNCERTAINTY_MEASURE_WITH_UNIT (LENGTH_MEASURE( 1.000000000000000082E-05 ), #305, 'distance_accuracy_value', 'NONE');
#1056 = COLOUR_RGB ( '',0.8431372549019607865, 0.8431372549019607865, 0.8431372549019607865 ) ;
#1057 = SURFACE_SIDE_STYLE ('',( #726 ) ) ;
#1058 = VERTEX_POINT ( 'NONE', #1264 ) ;
#1059 = CARTESIAN_POINT ( 'NONE',  ( -0.7750000000000000222, 1.600000000000000311, 0.05000000000000000278 ) ) ;
#1060 = VECTOR ( 'NONE', #1126, 1000.000000000000000 ) ;
#1061 = SURFACE_STYLE_USAGE ( .BOTH. , #162 ) ;
#1062 = ADVANCED_FACE ( 'NONE', ( #261 ), #164, .F. ) ;
#1063 = CARTESIAN_POINT ( 'NONE',  ( -0.3194073523147342719, -0.9753086419753135283, 0.6999999999999999556 ) ) ;
#1064 = EDGE_CURVE ( 'NONE', #949, #217, #350, .T. ) ;
#1065 = EDGE_LOOP ( 'NONE', ( #172, #55, #143, #1166 ) ) ;
#1066 = SURFACE_STYLE_FILL_AREA ( #733 ) ;
#1067 = FACE_OUTER_BOUND ( 'NONE', #803, .T. ) ;
#1068 = PRESENTATION_STYLE_ASSIGNMENT (( #1061 ) ) ;
#1069 = EDGE_CURVE ( 'NONE', #330, #415, #531, .T. ) ;
#1070 = CARTESIAN_POINT ( 'NONE',  ( -0.3194073523146844229, 0.03703703703703749989, 0.6999999999999999556 ) ) ;
#1071 = LINE ( 'NONE', #275, #459 ) ;
#1072 = EDGE_LOOP ( 'NONE', ( #971, #655, #457, #843 ) ) ;
#1073 = CARTESIAN_POINT ( 'NONE',  ( 0.7750000000000000222, -1.600000000000000089, 0.000000000000000000 ) ) ;
#1074 = SURFACE_STYLE_USAGE ( .BOTH. , #729 ) ;
#1075 = DIRECTION ( 'NONE',  ( -1.000000000000000000, 0.000000000000000000, 0.000000000000000000 ) ) ;
#1076 = MANIFOLD_SOLID_BREP ( 'Boss-Extrude2[1]', #476 ) ;
#1077 =( LENGTH_UNIT ( ) NAMED_UNIT ( * ) SI_UNIT ( .MILLI., .METRE. ) );
#1078 = COLOUR_RGB ( '',0.8431372549019607865, 0.8431372549019607865, 0.8431372549019607865 ) ;
#1079 = VERTEX_POINT ( 'NONE', #1187 ) ;
#1080 = AXIS2_PLACEMENT_3D ( 'NONE', #842, #496, #1377 ) ;
#1081 = SURFACE_SIDE_STYLE ('',( #617 ) ) ;
#1082 = STYLED_ITEM ( 'NONE', ( #595 ), #1241 ) ;
#1083 =( NAMED_UNIT ( * ) SI_UNIT ( $, .STERADIAN. ) SOLID_ANGLE_UNIT ( ) );
#1084 = CARTESIAN_POINT ( 'NONE',  ( -0.5694073523147337168, -0.9753086419752940994, 0.6999999999999999556 ) ) ;
#1085 = ORIENTED_EDGE ( 'NONE', *, *, #749, .T. ) ;
#1086 = EDGE_CURVE ( 'NONE', #539, #1092, #1173, .T. ) ;
#1087 = DIRECTION ( 'NONE',  ( 1.000000000000000000, 0.000000000000000000, 0.000000000000000000 ) ) ;
#1088 = EDGE_CURVE ( 'NONE', #89, #835, #1299, .T. ) ;
#1089 = SURFACE_STYLE_USAGE ( .BOTH. , #441 ) ;
#1090 = CARTESIAN_POINT ( 'NONE',  ( -0.7750000000000000222, 1.140000000000000346, 0.000000000000000000 ) ) ;
#1091 = PRESENTATION_LAYER_ASSIGNMENT (  '', '', ( #6 ) ) ;
#1092 = VERTEX_POINT ( 'NONE', #1199 ) ;
#1093 = SURFACE_STYLE_FILL_AREA ( #980 ) ;
#1094 = CARTESIAN_POINT ( 'NONE',  ( 0.3649999999999999911, 0.5599999999999999423, 0.000000000000000000 ) ) ;
#1095 = EDGE_CURVE ( 'NONE', #311, #217, #194, .T. ) ;
#1096 =( GEOMETRIC_REPRESENTATION_CONTEXT ( 3 ) GLOBAL_UNCERTAINTY_ASSIGNED_CONTEXT ( ( #94 ) ) GLOBAL_UNIT_ASSIGNED_CONTEXT ( ( #685, #231, #673 ) ) REPRESENTATION_CONTEXT ( 'NONE', 'WORKASPACE' ) );
#1097 =( LENGTH_UNIT ( ) NAMED_UNIT ( * ) SI_UNIT ( .MILLI., .METRE. ) );
#1098 = CARTESIAN_POINT ( 'NONE',  ( 0.3649999999999999911, 1.600000000000000311, 0.000000000000000000 ) ) ;
#1099 = FILL_AREA_STYLE ('',( #735 ) ) ;
#1100 = VERTEX_POINT ( 'NONE', #1178 ) ;
#1101 = COLOUR_RGB ( '',0.8431372549019607865, 0.8431372549019607865, 0.8431372549019607865 ) ;
#1102 = PRESENTATION_STYLE_ASSIGNMENT (( #400 ) ) ;
#1103 = STYLED_ITEM ( 'NONE', ( #1042 ), #478 ) ;
#1104 = FILL_AREA_STYLE_COLOUR ( '', #160 ) ;
#1105 =( GEOMETRIC_REPRESENTATION_CONTEXT ( 3 ) GLOBAL_UNCERTAINTY_ASSIGNED_CONTEXT ( ( #571 ) ) GLOBAL_UNIT_ASSIGNED_CONTEXT ( ( #45, #607, #1155 ) ) REPRESENTATION_CONTEXT ( 'NONE', 'WORKASPACE' ) );
#1106 = ADVANCED_FACE ( 'NONE', ( #1414 ), #628, .F. ) ;
#1107 = FILL_AREA_STYLE ('',( #1114 ) ) ;
#1108 = AXIS2_PLACEMENT_3D ( 'NONE', #822, #959, #721 ) ;
#1109 = SURFACE_SIDE_STYLE ('',( #71 ) ) ;
#1110 = EDGE_CURVE ( 'NONE', #1378, #311, #527, .T. ) ;
#1111 = PRESENTATION_STYLE_ASSIGNMENT (( #778 ) ) ;
#1112 = DIRECTION ( 'NONE',  ( -1.000000000000000000, 0.000000000000000000, -0.000000000000000000 ) ) ;
#1113 = CARTESIAN_POINT ( 'NONE',  ( -0.7750000000000000222, 1.600000000000000311, 0.05000000000000000278 ) ) ;
#1114 = FILL_AREA_STYLE_COLOUR ( '', #958 ) ;
#1115 = FILL_AREA_STYLE_COLOUR ( '', #1389 ) ;
#1116 = CARTESIAN_POINT ( 'NONE',  ( -0.7749999999999995781, -1.599999999999999867, 0.000000000000000000 ) ) ;
#1117 = ORIENTED_EDGE ( 'NONE', *, *, #963, .F. ) ;
#1118 = LINE ( 'NONE', #1425, #979 ) ;
#1119 = ORIENTED_EDGE ( 'NONE', *, *, #963, .T. ) ;
#1120 = DIRECTION ( 'NONE',  ( 0.000000000000000000, -0.000000000000000000, -1.000000000000000000 ) ) ;
#1121 = CARTESIAN_POINT ( 'NONE',  ( -0.3649999999999999911, 1.600000000000000311, 0.000000000000000000 ) ) ;
#1122 =( LENGTH_UNIT ( ) NAMED_UNIT ( * ) SI_UNIT ( .MILLI., .METRE. ) );
#1123 = CARTESIAN_POINT ( 'NONE',  ( 0.7750000000000000222, 1.600000000000000311, 0.6999999999999999556 ) ) ;
#1124 = SURFACE_STYLE_FILL_AREA ( #1433 ) ;
#1125 = ORIENTED_EDGE ( 'NONE', *, *, #1069, .T. ) ;
#1126 = DIRECTION ( 'NONE',  ( -0.000000000000000000, -0.000000000000000000, 1.000000000000000000 ) ) ;
#1127 = VECTOR ( 'NONE', #448, 1000.000000000000000 ) ;
#1128 = DIRECTION ( 'NONE',  ( -0.000000000000000000, -1.000000000000000000, -0.000000000000000000 ) ) ;
#1129 = EDGE_CURVE ( 'NONE', #217, #1138, #986, .T. ) ;
#1130 = DIRECTION ( 'NONE',  ( -1.000000000000000000, 0.000000000000000000, 0.000000000000000000 ) ) ;
#1131 = STYLED_ITEM ( 'NONE', ( #1354 ), #1062 ) ;
#1132 = VERTEX_POINT ( 'NONE', #1123 ) ;
#1133 = AXIS2_PLACEMENT_3D ( 'NONE', #626, #1087, #68 ) ;
#1134 = DIRECTION ( 'NONE',  ( 0.000000000000000000, -0.000000000000000000, 1.000000000000000000 ) ) ;
#1135 = PRESENTATION_STYLE_ASSIGNMENT (( #555 ) ) ;
#1136 =( NAMED_UNIT ( * ) PLANE_ANGLE_UNIT ( ) SI_UNIT ( $, .RADIAN. ) );
#1137 = FACE_OUTER_BOUND ( 'NONE', #866, .T. ) ;
#1138 = VERTEX_POINT ( 'NONE', #1036 ) ;
#1139 =( LENGTH_UNIT ( ) NAMED_UNIT ( * ) SI_UNIT ( .MILLI., .METRE. ) );
#1140 = CARTESIAN_POINT ( 'NONE',  ( 0.000000000000000000, 0.000000000000000000, 0.000000000000000000 ) ) ;
#1141 = CARTESIAN_POINT ( 'NONE',  ( -0.3649999999999999911, -1.599999999999999867, 0.000000000000000000 ) ) ;
#1142 = MECHANICAL_DESIGN_GEOMETRIC_PRESENTATION_REPRESENTATION (  '', ( #954 ), #429 ) ;
#1143 = FILL_AREA_STYLE_COLOUR ( '', #964 ) ;
#1144 = UNCERTAINTY_MEASURE_WITH_UNIT (LENGTH_MEASURE( 1.000000000000000082E-05 ), #135, 'distance_accuracy_value', 'NONE');
#1145 = MECHANICAL_DESIGN_GEOMETRIC_PRESENTATION_REPRESENTATION (  '', ( #1054 ), #1360 ) ;
#1146 = CARTESIAN_POINT ( 'NONE',  ( -0.3194073523147060722, 0.6296296296296332029, 0.6999999999999999556 ) ) ;
#1147 = LINE ( 'NONE', #651, #1248 ) ;
#1148 = MECHANICAL_DESIGN_GEOMETRIC_PRESENTATION_REPRESENTATION (  '', ( #1131 ), #177 ) ;
#1149 = EDGE_CURVE ( 'NONE', #1092, #1079, #1049, .T. ) ;
#1150 = PRESENTATION_STYLE_ASSIGNMENT (( #1017 ) ) ;
#1151 = ORIENTED_EDGE ( 'NONE', *, *, #1198, .T. ) ;
#1152 = SURFACE_SIDE_STYLE ('',( #688 ) ) ;
#1153 = CARTESIAN_POINT ( 'NONE',  ( -0.3649999999999999911, 1.600000000000000311, 0.000000000000000000 ) ) ;
#1154 = UNCERTAINTY_MEASURE_WITH_UNIT (LENGTH_MEASURE( 1.000000000000000082E-05 ), #188, 'distance_accuracy_value', 'NONE');
#1155 =( NAMED_UNIT ( * ) SI_UNIT ( $, .STERADIAN. ) SOLID_ANGLE_UNIT ( ) );
#1156 = ORIENTED_EDGE ( 'NONE', *, *, #897, .T. ) ;
#1157 =( NAMED_UNIT ( * ) PLANE_ANGLE_UNIT ( ) SI_UNIT ( $, .RADIAN. ) );
#1158 = CARTESIAN_POINT ( 'NONE',  ( -0.3194073523147236693, -0.8518518518518561899, 0.6999999999999999556 ) ) ;
#1159 = ORIENTED_EDGE ( 'NONE', *, *, #597, .F. ) ;
#1160 =( NAMED_UNIT ( * ) SI_UNIT ( $, .STERADIAN. ) SOLID_ANGLE_UNIT ( ) );
#1161 = SURFACE_SIDE_STYLE ('',( #259 ) ) ;
#1162 = EDGE_CURVE ( 'NONE', #501, #257, #1239, .T. ) ;
#1163 = PRESENTATION_LAYER_ASSIGNMENT (  '', '', ( #808 ) ) ;
#1164 = PRESENTATION_LAYER_ASSIGNMENT (  '', '', ( #379 ) ) ;
#1165 = UNCERTAINTY_MEASURE_WITH_UNIT (LENGTH_MEASURE( 1.000000000000000082E-05 ), #1077, 'distance_accuracy_value', 'NONE');
#1166 = ORIENTED_EDGE ( 'NONE', *, *, #120, .T. ) ;
#1167 =( NAMED_UNIT ( * ) SI_UNIT ( $, .STERADIAN. ) SOLID_ANGLE_UNIT ( ) );
#1168 = SURFACE_STYLE_USAGE ( .BOTH. , #1282 ) ;
#1169 = FACE_OUTER_BOUND ( 'NONE', #886, .T. ) ;
#1170 =( LENGTH_UNIT ( ) NAMED_UNIT ( * ) SI_UNIT ( .MILLI., .METRE. ) );
#1171 = ORIENTED_EDGE ( 'NONE', *, *, #560, .T. ) ;
#1172 = LINE ( 'NONE', #1059, #483 ) ;
#1173 = LINE ( 'NONE', #1401, #510 ) ;
#1174 = ORIENTED_EDGE ( 'NONE', *, *, #204, .F. ) ;
#1175 = PRODUCT ( 'L4CA0612LR005FNR', 'L4CA0612LR005FNR', '', ( #705 ) ) ;
#1176 = DIRECTION ( 'NONE',  ( 0.000000000000000000, 0.000000000000000000, -1.000000000000000000 ) ) ;
#1177 = CARTESIAN_POINT ( 'NONE',  ( 0.7750000000000000222, -1.600000000000000089, 0.6999999999999999556 ) ) ;
#1178 = CARTESIAN_POINT ( 'NONE',  ( -0.3194073523147283877, 1.000000000000004663, 0.6999999999999999556 ) ) ;
#1179 = ADVANCED_FACE ( 'NONE', ( #24 ), #237, .F. ) ;
#1180 = MECHANICAL_DESIGN_GEOMETRIC_PRESENTATION_REPRESENTATION (  '', ( #379 ), #593 ) ;
#1181 = DIRECTION ( 'NONE',  ( 1.000000000000000000, 0.000000000000000000, -0.000000000000000000 ) ) ;
#1182 = ORIENTED_EDGE ( 'NONE', *, *, #847, .T. ) ;
#1183 = EDGE_CURVE ( 'NONE', #828, #787, #569, .T. ) ;
#1184 = FACE_OUTER_BOUND ( 'NONE', #1306, .T. ) ;
#1185 = VECTOR ( 'NONE', #542, 1000.000000000000000 ) ;
#1186 = VECTOR ( 'NONE', #768, 1000.000000000000000 ) ;
#1187 = CARTESIAN_POINT ( 'NONE',  ( 0.7750000000000000222, 1.140000000000000346, 0.05000000000000000278 ) ) ;
#1188 = CARTESIAN_POINT ( 'NONE',  ( -0.5694073523146891969, -0.2592592592592540268, 0.6999999999999999556 ) ) ;
#1189 = ORIENTED_EDGE ( 'NONE', *, *, #905, .F. ) ;
#1190 = DIRECTION ( 'NONE',  ( -0.000000000000000000, 0.000000000000000000, 1.000000000000000000 ) ) ;
#1191 = SURFACE_STYLE_FILL_AREA ( #1197 ) ;
#1192 = PRESENTATION_STYLE_ASSIGNMENT (( #1089 ) ) ;
#1193 = LINE ( 'NONE', #891, #1288 ) ;
#1194 = PRESENTATION_STYLE_ASSIGNMENT (( #413 ) ) ;
#1195 = DIRECTION ( 'NONE',  ( -1.000000000000000000, -0.000000000000000000, -0.000000000000000000 ) ) ;
#1196 = VERTEX_POINT ( 'NONE', #475 ) ;
#1197 = FILL_AREA_STYLE ('',( #1315 ) ) ;
#1198 = EDGE_CURVE ( 'NONE', #1132, #308, #471, .T. ) ;
#1199 = CARTESIAN_POINT ( 'NONE',  ( 0.7750000000000000222, 1.140000000000000346, 0.000000000000000000 ) ) ;
#1200 = CARTESIAN_POINT ( 'NONE',  ( -0.5694073523147100691, 0.7037037037036949494, 0.6999999999999999556 ) ) ;
#1201 = ORIENTED_EDGE ( 'NONE', *, *, #1088, .F. ) ;
#1202 = CARTESIAN_POINT ( 'NONE',  ( -0.3194073523147363813, -1.000000000000005107, 0.6999999999999999556 ) ) ;
#1203 = STYLED_ITEM ( 'NONE', ( #1350 ), #683 ) ;
#1204 =( NAMED_UNIT ( * ) SI_UNIT ( $, .STERADIAN. ) SOLID_ANGLE_UNIT ( ) );
#1205 = FILL_AREA_STYLE ('',( #767 ) ) ;
#1206 =( GEOMETRIC_REPRESENTATION_CONTEXT ( 3 ) GLOBAL_UNCERTAINTY_ASSIGNED_CONTEXT ( ( #263 ) ) GLOBAL_UNIT_ASSIGNED_CONTEXT ( ( #371, #52, #380 ) ) REPRESENTATION_CONTEXT ( 'NONE', 'WORKASPACE' ) );
#1207 = CARTESIAN_POINT ( 'NONE',  ( -0.7749999999999995781, 0.5599999999999997202, 0.000000000000000000 ) ) ;
#1208 =( NAMED_UNIT ( * ) PLANE_ANGLE_UNIT ( ) SI_UNIT ( $, .RADIAN. ) );
#1209 = EDGE_CURVE ( 'NONE', #67, #1301, #918, .T. ) ;
#1210 =( NAMED_UNIT ( * ) SI_UNIT ( $, .STERADIAN. ) SOLID_ANGLE_UNIT ( ) );
#1211 = EDGE_LOOP ( 'NONE', ( #1281, #608, #541, #916 ) ) ;
#1212 = SURFACE_STYLE_USAGE ( .BOTH. , #550 ) ;
#1213 =( LENGTH_UNIT ( ) NAMED_UNIT ( * ) SI_UNIT ( .MILLI., .METRE. ) );
#1214 = AXIS2_PLACEMENT_3D ( 'NONE', #180, #1112, #1190 ) ;
#1215 =( NAMED_UNIT ( * ) PLANE_ANGLE_UNIT ( ) SI_UNIT ( $, .RADIAN. ) );
#1216 = EDGE_LOOP ( 'NONE', ( #230, #1274, #957, #185 ) ) ;
#1217 = FACE_OUTER_BOUND ( 'NONE', #1364, .T. ) ;
#1218 = FACE_OUTER_BOUND ( 'NONE', #1237, .T. ) ;
#1219 = DIRECTION ( 'NONE',  ( -1.000000000000000000, 0.000000000000000000, 0.000000000000000000 ) ) ;
#1220 = ORIENTED_EDGE ( 'NONE', *, *, #1149, .T. ) ;
#1221 = ADVANCED_FACE ( 'NONE', ( #1420 ), #1431, .F. ) ;
#1222 = COLOUR_RGB ( '',0.8431372549019607865, 0.8431372549019607865, 0.8431372549019607865 ) ;
#1223 = SURFACE_SIDE_STYLE ('',( #802 ) ) ;
#1224 = ADVANCED_FACE ( 'NONE', ( #1067 ), #610, .F. ) ;
#1225 = PRESENTATION_LAYER_ASSIGNMENT (  '', '', ( #588 ) ) ;
#1226 = MECHANICAL_DESIGN_GEOMETRIC_PRESENTATION_REPRESENTATION (  '', ( #1402 ), #690 ) ;
#1227 =( NAMED_UNIT ( * ) PLANE_ANGLE_UNIT ( ) SI_UNIT ( $, .RADIAN. ) );
#1228 = COLOUR_RGB ( '',0.8431372549019607865, 0.8431372549019607865, 0.8431372549019607865 ) ;
#1229 = AXIS2_PLACEMENT_3D ( 'NONE', #1280, #602, #942 ) ;
#1230 = FILL_AREA_STYLE ('',( #799 ) ) ;
#1231 = ORIENTED_EDGE ( 'NONE', *, *, #1209, .T. ) ;
#1232 = STYLED_ITEM ( 'NONE', ( #1413 ), #1390 ) ;
#1233 = ORIENTED_EDGE ( 'NONE', *, *, #1325, .F. ) ;
#1234 = DIRECTION ( 'NONE',  ( -0.000000000000000000, 1.000000000000000000, 0.000000000000000000 ) ) ;
#1235 = SURFACE_STYLE_USAGE ( .BOTH. , #676 ) ;
#1236 = SURFACE_STYLE_USAGE ( .BOTH. , #29 ) ;
#1237 = EDGE_LOOP ( 'NONE', ( #208, #663, #444, #935 ) ) ;
#1238 = DIRECTION ( 'NONE',  ( 0.000000000000000000, -1.000000000000000000, 0.000000000000000000 ) ) ;
#1239 = LINE ( 'NONE', #443, #572 ) ;
#1240 = ADVANCED_FACE ( 'NONE', ( #1184 ), #181, .F. ) ;
#1241 = ADVANCED_FACE ( 'NONE', ( #1367 ), #605, .F. ) ;
#1242 = FILL_AREA_STYLE_COLOUR ( '', #621 ) ;
#1243 = DIRECTION ( 'NONE',  ( -0.000000000000000000, 0.000000000000000000, -1.000000000000000000 ) ) ;
#1244 = ORIENTED_EDGE ( 'NONE', *, *, #302, .F. ) ;
#1245 = DIRECTION ( 'NONE',  ( -1.000000000000000000, 0.000000000000000000, 0.000000000000000000 ) ) ;
#1246 = AXIS2_PLACEMENT_3D ( 'NONE', #1308, #421, #1298 ) ;
#1247 = STYLED_ITEM ( 'NONE', ( #1313 ), #586 ) ;
#1248 = VECTOR ( 'NONE', #318, 1000.000000000000000 ) ;
#1249 = CARTESIAN_POINT ( 'NONE',  ( -0.3194073523147188398, 0.8518518518518559679, 0.6999999999999999556 ) ) ;
#1250 = DIRECTION ( 'NONE',  ( -0.000000000000000000, 0.000000000000000000, 1.000000000000000000 ) ) ;
#1251 = VECTOR ( 'NONE', #337, 1000.000000000000000 ) ;
#1252 = DIRECTION ( 'NONE',  ( 1.000000000000000000, -0.000000000000000000, -0.000000000000000000 ) ) ;
#1253 = ORIENTED_EDGE ( 'NONE', *, *, #1064, .F. ) ;
#1254 = COLOUR_RGB ( '',0.7921568627450980005, 0.8196078431372548767, 0.9333333333333333481 ) ;
#1255 = LINE ( 'NONE', #587, #1127 ) ;
#1256 =( NAMED_UNIT ( * ) PLANE_ANGLE_UNIT ( ) SI_UNIT ( $, .RADIAN. ) );
#1257 = UNCERTAINTY_MEASURE_WITH_UNIT (LENGTH_MEASURE( 1.000000000000000082E-05 ), #907, 'distance_accuracy_value', 'NONE');
#1258 = PRESENTATION_STYLE_ASSIGNMENT (( #820 ) ) ;
#1259 = EDGE_LOOP ( 'NONE', ( #967, #1253, #1174, #592 ) ) ;
#1260 = EDGE_CURVE ( 'NONE', #1058, #1100, #244, .T. ) ;
#1261 =( LENGTH_UNIT ( ) NAMED_UNIT ( * ) SI_UNIT ( .MILLI., .METRE. ) );
#1262 = FILL_AREA_STYLE ('',( #367 ) ) ;
#1263 = FACE_OUTER_BOUND ( 'NONE', #276, .T. ) ;
#1264 = CARTESIAN_POINT ( 'NONE',  ( -0.5694073523147281657, 0.9999999999999892308, 0.6999999999999999556 ) ) ;
#1265 = ADVANCED_FACE ( 'NONE', ( #1217 ), #781, .F. ) ;
#1266 = ORIENTED_EDGE ( 'NONE', *, *, #1129, .F. ) ;
#1267 = FILL_AREA_STYLE_COLOUR ( '', #431 ) ;
#1268 = VECTOR ( 'NONE', #343, 1000.000000000000000 ) ;
#1269 = LINE ( 'NONE', #372, #832 ) ;
#1270 = PRESENTATION_LAYER_ASSIGNMENT (  '', '', ( #954 ) ) ;
#1271 =( NAMED_UNIT ( * ) SI_UNIT ( $, .STERADIAN. ) SOLID_ANGLE_UNIT ( ) );
#1272 = MECHANICAL_DESIGN_GEOMETRIC_PRESENTATION_REPRESENTATION (  '', ( #384 ), #504 ) ;
#1273 = FILL_AREA_STYLE ('',( #492 ) ) ;
#1274 = ORIENTED_EDGE ( 'NONE', *, *, #929, .T. ) ;
#1275 = COLOUR_RGB ( '',0.8431372549019607865, 0.8431372549019607865, 0.8431372549019607865 ) ;
#1276 = FILL_AREA_STYLE ('',( #1396 ) ) ;
#1277 = VECTOR ( 'NONE', #205, 1000.000000000000000 ) ;
#1278 = PLANE ( 'NONE',  #1380 ) ;
#1279 = SURFACE_SIDE_STYLE ('',( #725 ) ) ;
#1280 = CARTESIAN_POINT ( 'NONE',  ( 0.000000000000000000, 0.000000000000000000, 0.05000000000000000278 ) ) ;
#1281 = ORIENTED_EDGE ( 'NONE', *, *, #466, .F. ) ;
#1282 = SURFACE_SIDE_STYLE ('',( #845 ) ) ;
#1283 = EDGE_CURVE ( 'NONE', #1021, #999, #632, .T. ) ;
#1284 = LINE ( 'NONE', #870, #1004 ) ;
#1285 = ORIENTED_EDGE ( 'NONE', *, *, #1386, .F. ) ;
#1286 = SURFACE_STYLE_USAGE ( .BOTH. , #417 ) ;
#1287 = PLANE ( 'NONE',  #10 ) ;
#1288 = VECTOR ( 'NONE', #1130, 1000.000000000000000 ) ;
#1289 = DIRECTION ( 'NONE',  ( 1.000000000000000000, 0.000000000000000000, 0.000000000000000000 ) ) ;
#1290 = VECTOR ( 'NONE', #681, 1000.000000000000000 ) ;
#1291 =( GEOMETRIC_REPRESENTATION_CONTEXT ( 3 ) GLOBAL_UNCERTAINTY_ASSIGNED_CONTEXT ( ( #800 ) ) GLOBAL_UNIT_ASSIGNED_CONTEXT ( ( #901, #1227, #137 ) ) REPRESENTATION_CONTEXT ( 'NONE', 'WORKASPACE' ) );
#1292 = CARTESIAN_POINT ( 'NONE',  ( -0.5694073523146905291, 0.2592592592592544154, 0.6999999999999999556 ) ) ;
#1293 = VERTEX_POINT ( 'NONE', #638 ) ;
#1294 = STYLED_ITEM ( 'NONE', ( #293 ), #81 ) ;
#1295 = COLOUR_RGB ( '',0.8431372549019607865, 0.8431372549019607865, 0.8431372549019607865 ) ;
#1296 = SURFACE_SIDE_STYLE ('',( #867 ) ) ;
#1297 = CARTESIAN_POINT ( 'NONE',  ( -0.3194073523147283877, 1.000000000000004663, 0.6999999999999999556 ) ) ;
#1298 = DIRECTION ( 'NONE',  ( 1.000000000000000000, 0.000000000000000000, -0.000000000000000000 ) ) ;
#1299 = LINE ( 'NONE', #1409, #625 ) ;
#1300 = CARTESIAN_POINT ( 'NONE',  ( -0.5694073523146868654, -0.1111111111111089955, 0.6999999999999999556 ) ) ;
#1301 = VERTEX_POINT ( 'NONE', #410 ) ;
#1302 = SURFACE_SIDE_STYLE ('',( #1093 ) ) ;
#1303 = PLANE ( 'NONE',  #201 ) ;
#1304 =( LENGTH_UNIT ( ) NAMED_UNIT ( * ) SI_UNIT ( .MILLI., .METRE. ) );
#1305 = CARTESIAN_POINT ( 'NONE',  ( -0.3649999999999999911, 1.600000000000000311, 0.000000000000000000 ) ) ;
#1306 = EDGE_LOOP ( 'NONE', ( #1171, #554, #528, #746 ) ) ;
#1307 = CARTESIAN_POINT ( 'NONE',  ( -0.4860740189813946288, 0.9999999999999940048, 0.6999999999999999556 ) ) ;
#1308 = CARTESIAN_POINT ( 'NONE',  ( 0.000000000000000000, 0.000000000000000000, 0.6999999999999999556 ) ) ;
#1309 =( NAMED_UNIT ( * ) SI_UNIT ( $, .STERADIAN. ) SOLID_ANGLE_UNIT ( ) );
#1310 = DIRECTION ( 'NONE',  ( -1.000000000000000000, -0.000000000000000000, -0.000000000000000000 ) ) ;
#1311 = PLANE ( 'NONE',  #741 ) ;
#1312 = STYLED_ITEM ( 'NONE', ( #1135 ), #422 ) ;
#1313 = PRESENTATION_STYLE_ASSIGNMENT (( #1286 ) ) ;
#1314 = VERTEX_POINT ( 'NONE', #520 ) ;
#1315 = FILL_AREA_STYLE_COLOUR ( '', #674 ) ;
#1316 = AXIS2_PLACEMENT_3D ( 'NONE', #854, #987, #1181 ) ;
#1317 = CARTESIAN_POINT ( 'NONE',  ( 0.000000000000000000, 0.000000000000000000, 0.000000000000000000 ) ) ;
#1318 = STYLED_ITEM ( 'NONE', ( #895 ), #947 ) ;
#1319 =( NAMED_UNIT ( * ) PLANE_ANGLE_UNIT ( ) SI_UNIT ( $, .RADIAN. ) );
#1320 = CARTESIAN_POINT ( 'NONE',  ( 0.7750000000000000222, -1.600000000000000089, 0.05000000000000000278 ) ) ;
#1321 = MECHANICAL_DESIGN_GEOMETRIC_PRESENTATION_REPRESENTATION (  '', ( #388 ), #86 ) ;
#1322 = CARTESIAN_POINT ( 'NONE',  ( -0.3649999999999999911, 1.600000000000000311, 0.05000000000000000278 ) ) ;
#1323 = FILL_AREA_STYLE_COLOUR ( '', #1381 ) ;
#1324 = DIRECTION ( 'NONE',  ( 1.355252715606880543E-16, -1.000000000000000000, 0.000000000000000000 ) ) ;
#1325 = EDGE_CURVE ( 'NONE', #1394, #311, #99, .T. ) ;
#1326 = CARTESIAN_POINT ( 'NONE',  ( 0.000000000000000000, 0.000000000000000000, 0.05000000000000000278 ) ) ;
#1327 = ORIENTED_EDGE ( 'NONE', *, *, #395, .F. ) ;
#1328 = DIRECTION ( 'NONE',  ( 0.000000000000000000, -0.000000000000000000, 1.000000000000000000 ) ) ;
#1329 =( NAMED_UNIT ( * ) PLANE_ANGLE_UNIT ( ) SI_UNIT ( $, .RADIAN. ) );
#1330 = FACE_OUTER_BOUND ( 'NONE', #1259, .T. ) ;
#1331 = ORIENTED_EDGE ( 'NONE', *, *, #640, .T. ) ;
#1332 = ORIENTED_EDGE ( 'NONE', *, *, #1283, .F. ) ;
#1333 = COLOUR_RGB ( '',0.8431372549019607865, 0.8431372549019607865, 0.8431372549019607865 ) ;
#1334 = VECTOR ( 'NONE', #1238, 1000.000000000000000 ) ;
#1335 = PRESENTATION_LAYER_ASSIGNMENT (  '', '', ( #1029 ) ) ;
#1336 = STYLED_ITEM ( 'NONE', ( #1355 ), #819 ) ;
#1337 = DIRECTION ( 'NONE',  ( 0.000000000000000000, -0.000000000000000000, 1.000000000000000000 ) ) ;
#1338 = B_SPLINE_CURVE_WITH_KNOTS ( 'NONE', 3,
 ( #579, #809, #1370, #1249, #495, #589, #1146, #824, #707, #1362, #369, #1038, #140, #953, #1070, #477, #946, #1052, #831, #600, #251, #941, #1382, #1045, #702, #361, #1158, #1376, #1063, #132 ),
 .UNSPECIFIED., .F., .F.,
 ( 4, 1, 1, 1, 1, 1, 1, 1, 1, 1, 1, 1, 1, 1, 1, 1, 1, 1, 1, 1, 1, 1, 1, 1, 1, 1, 1, 4 ),
 ( 0.000000000000000000, 0.03703703703703706968, 0.07407407407407402833, 0.1111111111111108829, 0.1481481481481477236, 0.1851851851851848696, 0.2222222222222218768, 0.2592592592592590228, 0.2962962962962959468, 0.3333333333333330928, 0.3703703703703700723, 0.4074074074074072183, 0.4444444444444441422, 0.4814814814814813437, 0.5185185185185182677, 0.5555555555555553582, 0.5925925925925923377, 0.6296296296296296502, 0.6666666666666666297, 0.7037037037037038312, 0.7407407407407406996, 0.7777777777777777901, 0.8148148148148148806, 0.8518518518518519711, 0.8888888888888889506, 0.9259259259259260411, 0.9629629629629629095, 1.000000000000000000 ),
 .UNSPECIFIED. ) ;
#1339 = MECHANICAL_DESIGN_GEOMETRIC_PRESENTATION_REPRESENTATION (  '', ( #1082 ), #1206 ) ;
#1340 = DIRECTION ( 'NONE',  ( 0.000000000000000000, 1.000000000000000000, 0.000000000000000000 ) ) ;
#1341 = MECHANICAL_DESIGN_GEOMETRIC_PRESENTATION_REPRESENTATION (  '', ( #291 ), #724 ) ;
#1342 = LINE ( 'NONE', #834, #908 ) ;
#1343 = VERTEX_POINT ( 'NONE', #1406 ) ;
#1344 = LINE ( 'NONE', #1141, #328 ) ;
#1345 = CARTESIAN_POINT ( 'NONE',  ( -0.7750000000000000222, 1.600000000000000311, 0.6999999999999999556 ) ) ;
#1346 = CARTESIAN_POINT ( 'NONE',  ( 0.7750000000000000222, 0.5599999999999999423, 0.000000000000000000 ) ) ;
#1347 = UNCERTAINTY_MEASURE_WITH_UNIT (LENGTH_MEASURE( 1.000000000000000082E-05 ), #838, 'distance_accuracy_value', 'NONE');
#1348 = SURFACE_STYLE_FILL_AREA ( #670 ) ;
#1349 = LINE ( 'NONE', #801, #484 ) ;
#1350 = PRESENTATION_STYLE_ASSIGNMENT (( #1236 ) ) ;
#1351 = VERTEX_POINT ( 'NONE', #868 ) ;
#1352 =( NAMED_UNIT ( * ) PLANE_ANGLE_UNIT ( ) SI_UNIT ( $, .RADIAN. ) );
#1353 = DIRECTION ( 'NONE',  ( -0.000000000000000000, -0.000000000000000000, 1.000000000000000000 ) ) ;
#1354 = PRESENTATION_STYLE_ASSIGNMENT (( #818 ) ) ;
#1355 = PRESENTATION_STYLE_ASSIGNMENT (( #264 ) ) ;
#1356 = ORIENTED_EDGE ( 'NONE', *, *, #524, .T. ) ;
#1357 = LINE ( 'NONE', #814, #1034 ) ;
#1358 = DIRECTION ( 'NONE',  ( 0.000000000000000000, 0.000000000000000000, 1.000000000000000000 ) ) ;
#1359 = SURFACE_SIDE_STYLE ('',( #323 ) ) ;
#1360 =( GEOMETRIC_REPRESENTATION_CONTEXT ( 3 ) GLOBAL_UNCERTAINTY_ASSIGNED_CONTEXT ( ( #362 ) ) GLOBAL_UNIT_ASSIGNED_CONTEXT ( ( #1122, #304, #101 ) ) REPRESENTATION_CONTEXT ( 'NONE', 'WORKASPACE' ) );
#1361 = AXIS2_PLACEMENT_3D ( 'NONE', #786, #1328, #1040 ) ;
#1362 = CARTESIAN_POINT ( 'NONE',  ( -0.3194073523146955251, 0.4074074074074095497, 0.6999999999999999556 ) ) ;
#1363 = MECHANICAL_DESIGN_GEOMETRIC_PRESENTATION_REPRESENTATION (  '', ( #1318 ), #567 ) ;
#1364 = EDGE_LOOP ( 'NONE', ( #614, #988, #713, #717 ) ) ;
#1365 = STYLED_ITEM ( 'NONE', ( #210 ), #1265 ) ;
#1366 = PLANE ( 'NONE',  #1214 ) ;
#1367 = FACE_OUTER_BOUND ( 'NONE', #1065, .T. ) ;
#1368 = CARTESIAN_POINT ( 'NONE',  ( -0.3649999999999999911, -1.599999999999999867, 0.000000000000000000 ) ) ;
#1369 = EDGE_CURVE ( 'NONE', #1351, #813, #439, .T. ) ;
#1370 = CARTESIAN_POINT ( 'NONE',  ( -0.3194073523147232807, 0.9259259259259301489, 0.6999999999999999556 ) ) ;
#1371 = UNCERTAINTY_MEASURE_WITH_UNIT (LENGTH_MEASURE( 1.000000000000000082E-05 ), #1013, 'distance_accuracy_value', 'NONE');
#1372 = UNCERTAINTY_MEASURE_WITH_UNIT (LENGTH_MEASURE( 1.000000000000000082E-05 ), #849, 'distance_accuracy_value', 'NONE');
#1373 = DIRECTION ( 'NONE',  ( -0.000000000000000000, -0.000000000000000000, 1.000000000000000000 ) ) ;
#1374 = VERTEX_POINT ( 'NONE', #317 ) ;
#1375 = CARTESIAN_POINT ( 'NONE',  ( -0.3649999999999999911, 1.140000000000000346, 0.000000000000000000 ) ) ;
#1376 = CARTESIAN_POINT ( 'NONE',  ( -0.3194073523147298310, -0.9259259259259301489, 0.6999999999999999556 ) ) ;
#1377 = DIRECTION ( 'NONE',  ( 0.000000000000000000, 0.000000000000000000, 1.000000000000000000 ) ) ;
#1378 = VERTEX_POINT ( 'NONE', #418 ) ;
#1379 = CARTESIAN_POINT ( 'NONE',  ( -0.7750000000000000222, 1.600000000000000311, 0.6999999999999999556 ) ) ;
#1380 = AXIS2_PLACEMENT_3D ( 'NONE', #1368, #1075, #830 ) ;
#1381 = COLOUR_RGB ( '',0.8431372549019607865, 0.8431372549019607865, 0.8431372549019607865 ) ;
#1382 = CARTESIAN_POINT ( 'NONE',  ( -0.3194073523147011318, -0.5555555555555583558, 0.6999999999999999556 ) ) ;
#1383 = MECHANICAL_DESIGN_GEOMETRIC_PRESENTATION_REPRESENTATION (  '', ( #225 ), #839 ) ;
#1384 = PLANE ( 'NONE',  #1229 ) ;
#1385 = EDGE_LOOP ( 'NONE', ( #978, #997, #1423, #1119 ) ) ;
#1386 = EDGE_CURVE ( 'NONE', #603, #992, #982, .T. ) ;
#1387 = PRESENTATION_LAYER_ASSIGNMENT (  '', '', ( #1082 ) ) ;
#1388 = FILL_AREA_STYLE_COLOUR ( '', #507 ) ;
#1389 = COLOUR_RGB ( '',0.2862745098039215508, 0.2862745098039215508, 0.2862745098039215508 ) ;
#1390 = ADVANCED_FACE ( 'NONE', ( #516 ), #1303, .F. ) ;
#1391 = FILL_AREA_STYLE ('',( #382 ) ) ;
#1392 = CARTESIAN_POINT ( 'NONE',  ( -0.7749999999999995781, -1.599999999999999867, 0.05000000000000000278 ) ) ;
#1393 =( LENGTH_UNIT ( ) NAMED_UNIT ( * ) SI_UNIT ( .MILLI., .METRE. ) );
#1394 = VERTEX_POINT ( 'NONE', #797 ) ;
#1395 = CARTESIAN_POINT ( 'NONE',  ( 0.7750000000000000222, 0.5599999999999999423, 0.000000000000000000 ) ) ;
#1396 = FILL_AREA_STYLE_COLOUR ( '', #1275 ) ;
#1397 = LINE ( 'NONE', #59, #242 ) ;
#1398 = ORIENTED_EDGE ( 'NONE', *, *, #34, .T. ) ;
#1399 = PLANE ( 'NONE',  #739 ) ;
#1400 = COLOUR_RGB ( '',0.7921568627450980005, 0.8196078431372548767, 0.9333333333333333481 ) ;
#1401 = CARTESIAN_POINT ( 'NONE',  ( 0.7750000000000000222, 1.600000000000000311, 0.000000000000000000 ) ) ;
#1402 = STYLED_ITEM ( 'NONE', ( #511 ), #578 ) ;
#1403 = EDGE_LOOP ( 'NONE', ( #785, #5, #553, #73 ) ) ;
#1404 = CLOSED_SHELL ( 'NONE', ( #66, #819, #1221, #478, #1390, #348, #416 ) ) ;
#1405 = FACE_OUTER_BOUND ( 'NONE', #888, .T. ) ;
#1406 = CARTESIAN_POINT ( 'NONE',  ( -0.3194073523147363813, -1.000000000000005107, 0.6999999999999999556 ) ) ;
#1407 = DIRECTION ( 'NONE',  ( 1.000000000000000000, -0.000000000000000000, -0.000000000000000000 ) ) ;
#1408 = FILL_AREA_STYLE ('',( #212 ) ) ;
#1409 = CARTESIAN_POINT ( 'NONE',  ( -0.7750000000000000222, 1.140000000000000346, 0.000000000000000000 ) ) ;
#1410 = LINE ( 'NONE', #307, #811 ) ;
#1411 = EDGE_LOOP ( 'NONE', ( #353, #159, #1085, #1398 ) ) ;
#1412 = FILL_AREA_STYLE ('',( #1267 ) ) ;
#1413 = PRESENTATION_STYLE_ASSIGNMENT (( #529 ) ) ;
#1414 = FACE_OUTER_BOUND ( 'NONE', #1216, .T. ) ;
#1415 = CARTESIAN_POINT ( 'NONE',  ( -0.5694073523147070715, -0.6296296296296182149, 0.6999999999999999556 ) ) ;
#1416 = ORIENTED_EDGE ( 'NONE', *, *, #206, .F. ) ;
#1417 = ORIENTED_EDGE ( 'NONE', *, *, #1129, .T. ) ;
#1418 = CARTESIAN_POINT ( 'NONE',  ( -0.4027406856480615360, 0.9999999999999995559, 0.6999999999999999556 ) ) ;
#1419 = PLANE ( 'NONE',  #1246 ) ;
#1420 = FACE_OUTER_BOUND ( 'NONE', #896, .T. ) ;
#1421 = VECTOR ( 'NONE', #192, 1000.000000000000000 ) ;
#1422 = DIRECTION ( 'NONE',  ( -0.000000000000000000, 0.000000000000000000, -1.000000000000000000 ) ) ;
#1423 = ORIENTED_EDGE ( 'NONE', *, *, #1086, .F. ) ;
#1424 = MECHANICAL_DESIGN_GEOMETRIC_PRESENTATION_REPRESENTATION (  '', ( #1247 ), #981 ) ;
#1425 = CARTESIAN_POINT ( 'NONE',  ( -0.3649999999999999911, 1.600000000000000311, 0.000000000000000000 ) ) ;
#1426 = DIRECTION ( 'NONE',  ( -0.000000000000000000, -0.000000000000000000, 1.000000000000000000 ) ) ;
#1427 = MECHANICAL_DESIGN_GEOMETRIC_PRESENTATION_REPRESENTATION (  '', ( #1032 ), #933 ) ;
#1428 = EDGE_CURVE ( 'NONE', #1196, #308, #1357, .T. ) ;
#1429 = VECTOR ( 'NONE', #319, 1000.000000000000000 ) ;
#1430 =( GEOMETRIC_REPRESENTATION_CONTEXT ( 3 ) GLOBAL_UNCERTAINTY_ASSIGNED_CONTEXT ( ( #948 ) ) GLOBAL_UNIT_ASSIGNED_CONTEXT ( ( #748, #756, #187 ) ) REPRESENTATION_CONTEXT ( 'NONE', 'WORKASPACE' ) );
#1431 = PLANE ( 'NONE',  #723 ) ;
#1432 = PRESENTATION_LAYER_ASSIGNMENT (  '', '', ( #388 ) ) ;
#1433 = FILL_AREA_STYLE ('',( #1242 ) ) ;
ENDSEC;
END-ISO-10303-21;
