ISO-10303-21;
HEADER;
FILE_DESCRIPTION((''),'2;1');
FILE_NAME('S7131-45','2016-04-18T',('wpreston'),(''),
'CREO PARAMETRIC BY PTC INC, 2015290','CREO PARAMETRIC BY PTC INC, 2015290','');
FILE_SCHEMA(('CONFIG_CONTROL_DESIGN'));
ENDSEC;
DATA;
#12=DIRECTION('',(0.E0,1.E0,0.E0));
#13=VECTOR('',#12,1.5E-1);
#14=CARTESIAN_POINT('',(4.E-1,8.5E-1,-2.877118914131E0));
#15=LINE('',#14,#13);
#16=DRAUGHTING_PRE_DEFINED_CURVE_FONT('continuous');
#17=CURVE_STYLE('',#16,POSITIVE_LENGTH_MEASURE(2.E-2),#10);
#18=PRESENTATION_STYLE_ASSIGNMENT((#17));
#19=STYLED_ITEM('',(#18),#15);
#20=DIRECTION('',(0.E0,0.E0,-1.E0));
#21=VECTOR('',#20,4.771189141307E-1);
#22=CARTESIAN_POINT('',(4.E-1,8.5E-1,-2.4E0));
#23=LINE('',#22,#21);
#24=CURVE_STYLE('',#16,POSITIVE_LENGTH_MEASURE(2.E-2),#10);
#25=PRESENTATION_STYLE_ASSIGNMENT((#24));
#26=STYLED_ITEM('',(#25),#23);
#27=CARTESIAN_POINT('',(1.E0,8.5E-1,-2.877118914131E0));
#28=DIRECTION('',(0.E0,1.E0,0.E0));
#29=DIRECTION('',(-9.194893581723E-1,0.E0,-3.931148944112E-1));
#30=AXIS2_PLACEMENT_3D('',#27,#28,#29);
#32=CURVE_STYLE('',#16,POSITIVE_LENGTH_MEASURE(2.E-2),#10);
#33=PRESENTATION_STYLE_ASSIGNMENT((#32));
#34=STYLED_ITEM('',(#33),#31);
#35=DIRECTION('',(3.931148944112E-1,0.E0,-9.194893581723E-1));
#36=VECTOR('',#35,7.081574210604E-1);
#37=CARTESIAN_POINT('',(4.483063850966E-1,8.5E-1,-3.112987850777E0));
#38=LINE('',#37,#36);
#39=CURVE_STYLE('',#16,POSITIVE_LENGTH_MEASURE(2.E-2),#10);
#40=PRESENTATION_STYLE_ASSIGNMENT((#39));
#41=STYLED_ITEM('',(#40),#38);
#42=CARTESIAN_POINT('',(1.75E-1,8.5E-1,-4.E0));
#43=DIRECTION('',(0.E0,1.E0,0.E0));
#44=DIRECTION('',(9.194893581723E-1,0.E0,3.931148944112E-1));
#45=AXIS2_PLACEMENT_3D('',#42,#43,#44);
#47=CURVE_STYLE('',#16,POSITIVE_LENGTH_MEASURE(2.E-2),#10);
#48=PRESENTATION_STYLE_ASSIGNMENT((#47));
#49=STYLED_ITEM('',(#48),#46);
#50=DIRECTION('',(0.E0,0.E0,1.E0));
#51=VECTOR('',#50,3.E-1);
#52=CARTESIAN_POINT('',(7.75E-1,8.5E-1,-4.3E0));
#53=LINE('',#52,#51);
#54=CURVE_STYLE('',#16,POSITIVE_LENGTH_MEASURE(2.E-2),#10);
#55=PRESENTATION_STYLE_ASSIGNMENT((#54));
#56=STYLED_ITEM('',(#55),#53);
#57=DIRECTION('',(-1.E0,0.E0,0.E0));
#58=VECTOR('',#57,1.55E0);
#59=CARTESIAN_POINT('',(7.75E-1,8.5E-1,-4.3E0));
#60=LINE('',#59,#58);
#61=CURVE_STYLE('',#16,POSITIVE_LENGTH_MEASURE(2.E-2),#10);
#62=PRESENTATION_STYLE_ASSIGNMENT((#61));
#63=STYLED_ITEM('',(#62),#60);
#64=DIRECTION('',(0.E0,0.E0,1.E0));
#65=VECTOR('',#64,3.E-1);
#66=CARTESIAN_POINT('',(-7.75E-1,8.5E-1,-4.3E0));
#67=LINE('',#66,#65);
#68=CURVE_STYLE('',#16,POSITIVE_LENGTH_MEASURE(2.E-2),#10);
#69=PRESENTATION_STYLE_ASSIGNMENT((#68));
#70=STYLED_ITEM('',(#69),#67);
#71=CARTESIAN_POINT('',(-1.75E-1,8.5E-1,-4.E0));
#72=DIRECTION('',(0.E0,1.E0,0.E0));
#73=DIRECTION('',(-1.E0,0.E0,0.E0));
#74=AXIS2_PLACEMENT_3D('',#71,#72,#73);
#76=CURVE_STYLE('',#16,POSITIVE_LENGTH_MEASURE(2.E-2),#10);
#77=PRESENTATION_STYLE_ASSIGNMENT((#76));
#78=STYLED_ITEM('',(#77),#75);
#79=DIRECTION('',(3.931148944112E-1,0.E0,9.194893581723E-1));
#80=VECTOR('',#79,7.081574210604E-1);
#81=CARTESIAN_POINT('',(-7.266936149034E-1,8.5E-1,-3.764131063353E0));
#82=LINE('',#81,#80);
#83=CURVE_STYLE('',#16,POSITIVE_LENGTH_MEASURE(2.E-2),#10);
#84=PRESENTATION_STYLE_ASSIGNMENT((#83));
#85=STYLED_ITEM('',(#84),#82);
#86=CARTESIAN_POINT('',(-1.E0,8.5E-1,-2.877118914131E0));
#87=DIRECTION('',(0.E0,1.E0,0.E0));
#88=DIRECTION('',(1.E0,0.E0,0.E0));
#89=AXIS2_PLACEMENT_3D('',#86,#87,#88);
#91=CURVE_STYLE('',#16,POSITIVE_LENGTH_MEASURE(2.E-2),#10);
#92=PRESENTATION_STYLE_ASSIGNMENT((#91));
#93=STYLED_ITEM('',(#92),#90);
#94=DIRECTION('',(0.E0,0.E0,-1.E0));
#95=VECTOR('',#94,4.771189141307E-1);
#96=CARTESIAN_POINT('',(-4.E-1,8.5E-1,-2.4E0));
#97=LINE('',#96,#95);
#98=CURVE_STYLE('',#16,POSITIVE_LENGTH_MEASURE(2.E-2),#10);
#99=PRESENTATION_STYLE_ASSIGNMENT((#98));
#100=STYLED_ITEM('',(#99),#97);
#101=DIRECTION('',(0.E0,1.E0,0.E0));
#102=VECTOR('',#101,1.5E-1);
#103=CARTESIAN_POINT('',(4.E-1,8.5E-1,-2.4E0));
#104=LINE('',#103,#102);
#105=CURVE_STYLE('',#16,POSITIVE_LENGTH_MEASURE(2.E-2),#10);
#106=PRESENTATION_STYLE_ASSIGNMENT((#105));
#107=STYLED_ITEM('',(#106),#104);
#108=DIRECTION('',(0.E0,7.386705019310E-1,-6.740666803640E-1));
#109=VECTOR('',#108,1.5E-1);
#110=CARTESIAN_POINT('',(4.E-1,1.012024288803E0,-1.982078658174E0));
#111=LINE('',#110,#109);
#112=CURVE_STYLE('',#16,POSITIVE_LENGTH_MEASURE(2.E-2),#10);
#113=PRESENTATION_STYLE_ASSIGNMENT((#112));
#114=STYLED_ITEM('',(#113),#111);
#115=CARTESIAN_POINT('',(4.E-1,1.47E0,-2.4E0));
#116=DIRECTION('',(-1.E0,0.E0,0.E0));
#117=DIRECTION('',(0.E0,-1.E0,0.E0));
#118=AXIS2_PLACEMENT_3D('',#115,#116,#117);
#120=CURVE_STYLE('',#16,POSITIVE_LENGTH_MEASURE(2.E-2),#10);
#121=PRESENTATION_STYLE_ASSIGNMENT((#120));
#122=STYLED_ITEM('',(#121),#119);
#123=DIRECTION('',(-1.E0,0.E0,0.E0));
#124=VECTOR('',#123,8.E-1);
#125=CARTESIAN_POINT('',(4.E-1,8.5E-1,-2.4E0));
#126=LINE('',#125,#124);
#127=CURVE_STYLE('',#16,POSITIVE_LENGTH_MEASURE(2.E-2),#10);
#128=PRESENTATION_STYLE_ASSIGNMENT((#127));
#129=STYLED_ITEM('',(#128),#126);
#130=CARTESIAN_POINT('',(-4.E-1,1.47E0,-2.4E0));
#131=DIRECTION('',(-1.E0,0.E0,0.E0));
#132=DIRECTION('',(0.E0,-1.E0,0.E0));
#133=AXIS2_PLACEMENT_3D('',#130,#131,#132);
#135=CURVE_STYLE('',#16,POSITIVE_LENGTH_MEASURE(2.E-2),#10);
#136=PRESENTATION_STYLE_ASSIGNMENT((#135));
#137=STYLED_ITEM('',(#136),#134);
#138=DIRECTION('',(0.E0,1.E0,0.E0));
#139=VECTOR('',#138,1.5E-1);
#140=CARTESIAN_POINT('',(-4.E-1,8.5E-1,-2.4E0));
#141=LINE('',#140,#139);
#142=CURVE_STYLE('',#16,POSITIVE_LENGTH_MEASURE(2.E-2),#10);
#143=PRESENTATION_STYLE_ASSIGNMENT((#142));
#144=STYLED_ITEM('',(#143),#141);
#145=DIRECTION('',(0.E0,1.E0,0.E0));
#146=VECTOR('',#145,1.5E-1);
#147=CARTESIAN_POINT('',(-4.E-1,8.5E-1,-2.877118914131E0));
#148=LINE('',#147,#146);
#149=CURVE_STYLE('',#16,POSITIVE_LENGTH_MEASURE(2.E-2),#10);
#150=PRESENTATION_STYLE_ASSIGNMENT((#149));
#151=STYLED_ITEM('',(#150),#148);
#152=DIRECTION('',(0.E0,1.E0,0.E0));
#153=VECTOR('',#152,1.5E-1);
#154=CARTESIAN_POINT('',(-4.483063850966E-1,8.5E-1,-3.112987850777E0));
#155=LINE('',#154,#153);
#156=CURVE_STYLE('',#16,POSITIVE_LENGTH_MEASURE(2.E-2),#10);
#157=PRESENTATION_STYLE_ASSIGNMENT((#156));
#158=STYLED_ITEM('',(#157),#155);
#159=DIRECTION('',(0.E0,1.E0,0.E0));
#160=VECTOR('',#159,1.5E-1);
#161=CARTESIAN_POINT('',(-7.266936149034E-1,8.5E-1,-3.764131063353E0));
#162=LINE('',#161,#160);
#163=CURVE_STYLE('',#16,POSITIVE_LENGTH_MEASURE(2.E-2),#10);
#164=PRESENTATION_STYLE_ASSIGNMENT((#163));
#165=STYLED_ITEM('',(#164),#162);
#166=DIRECTION('',(0.E0,1.E0,0.E0));
#167=VECTOR('',#166,1.5E-1);
#168=CARTESIAN_POINT('',(-7.75E-1,8.5E-1,-4.E0));
#169=LINE('',#168,#167);
#170=CURVE_STYLE('',#16,POSITIVE_LENGTH_MEASURE(2.E-2),#10);
#171=PRESENTATION_STYLE_ASSIGNMENT((#170));
#172=STYLED_ITEM('',(#171),#169);
#173=CARTESIAN_POINT('',(-7.75E-1,7.E-1,-4.3E0));
#174=DIRECTION('',(1.E0,0.E0,0.E0));
#175=DIRECTION('',(0.E0,0.E0,-1.E0));
#176=AXIS2_PLACEMENT_3D('',#173,#174,#175);
#178=CURVE_STYLE('',#16,POSITIVE_LENGTH_MEASURE(2.E-2),#10);
#179=PRESENTATION_STYLE_ASSIGNMENT((#178));
#180=STYLED_ITEM('',(#179),#177);
#181=DIRECTION('',(0.E0,-1.E0,0.E0));
#182=VECTOR('',#181,1.5E-1);
#183=CARTESIAN_POINT('',(-7.75E-1,1.E0,-4.3E0));
#184=LINE('',#183,#182);
#185=CURVE_STYLE('',#16,POSITIVE_LENGTH_MEASURE(2.E-2),#10);
#186=PRESENTATION_STYLE_ASSIGNMENT((#185));
#187=STYLED_ITEM('',(#186),#184);
#188=CARTESIAN_POINT('',(-7.75E-1,7.E-1,-4.3E0));
#189=DIRECTION('',(1.E0,0.E0,0.E0));
#190=DIRECTION('',(0.E0,0.E0,-1.E0));
#191=AXIS2_PLACEMENT_3D('',#188,#189,#190);
#193=CURVE_STYLE('',#16,POSITIVE_LENGTH_MEASURE(2.E-2),#10);
#194=PRESENTATION_STYLE_ASSIGNMENT((#193));
#195=STYLED_ITEM('',(#194),#192);
#196=DIRECTION('',(-1.E0,0.E0,0.E0));
#197=VECTOR('',#196,1.55E0);
#198=CARTESIAN_POINT('',(7.75E-1,7.E-1,-4.6E0));
#199=LINE('',#198,#197);
#200=CURVE_STYLE('',#16,POSITIVE_LENGTH_MEASURE(2.E-2),#10);
#201=PRESENTATION_STYLE_ASSIGNMENT((#200));
#202=STYLED_ITEM('',(#201),#199);
#203=DIRECTION('',(0.E0,0.E0,-1.E0));
#204=VECTOR('',#203,4.771189141307E-1);
#205=CARTESIAN_POINT('',(4.E-1,1.E0,-2.4E0));
#206=LINE('',#205,#204);
#207=CURVE_STYLE('',#16,POSITIVE_LENGTH_MEASURE(2.E-2),#10);
#208=PRESENTATION_STYLE_ASSIGNMENT((#207));
#209=STYLED_ITEM('',(#208),#206);
#210=DIRECTION('',(0.E0,0.E0,-1.E0));
#211=VECTOR('',#210,4.771189141307E-1);
#212=CARTESIAN_POINT('',(-4.E-1,1.E0,-2.4E0));
#213=LINE('',#212,#211);
#214=CURVE_STYLE('',#16,POSITIVE_LENGTH_MEASURE(2.E-2),#10);
#215=PRESENTATION_STYLE_ASSIGNMENT((#214));
#216=STYLED_ITEM('',(#215),#213);
#217=CARTESIAN_POINT('',(-1.E0,1.E0,-2.877118914131E0));
#218=DIRECTION('',(0.E0,1.E0,0.E0));
#219=DIRECTION('',(1.E0,0.E0,0.E0));
#220=AXIS2_PLACEMENT_3D('',#217,#218,#219);
#222=CURVE_STYLE('',#16,POSITIVE_LENGTH_MEASURE(2.E-2),#10);
#223=PRESENTATION_STYLE_ASSIGNMENT((#222));
#224=STYLED_ITEM('',(#223),#221);
#225=DIRECTION('',(3.931148944112E-1,0.E0,9.194893581723E-1));
#226=VECTOR('',#225,7.081574210604E-1);
#227=CARTESIAN_POINT('',(-7.266936149034E-1,1.E0,-3.764131063353E0));
#228=LINE('',#227,#226);
#229=CURVE_STYLE('',#16,POSITIVE_LENGTH_MEASURE(2.E-2),#10);
#230=PRESENTATION_STYLE_ASSIGNMENT((#229));
#231=STYLED_ITEM('',(#230),#228);
#232=CARTESIAN_POINT('',(-1.75E-1,1.E0,-4.E0));
#233=DIRECTION('',(0.E0,1.E0,0.E0));
#234=DIRECTION('',(-1.E0,0.E0,0.E0));
#235=AXIS2_PLACEMENT_3D('',#232,#233,#234);
#237=CURVE_STYLE('',#16,POSITIVE_LENGTH_MEASURE(2.E-2),#10);
#238=PRESENTATION_STYLE_ASSIGNMENT((#237));
#239=STYLED_ITEM('',(#238),#236);
#240=DIRECTION('',(0.E0,0.E0,1.E0));
#241=VECTOR('',#240,3.E-1);
#242=CARTESIAN_POINT('',(-7.75E-1,1.E0,-4.3E0));
#243=LINE('',#242,#241);
#244=CURVE_STYLE('',#16,POSITIVE_LENGTH_MEASURE(2.E-2),#10);
#245=PRESENTATION_STYLE_ASSIGNMENT((#244));
#246=STYLED_ITEM('',(#245),#243);
#247=DIRECTION('',(-1.E0,0.E0,0.E0));
#248=VECTOR('',#247,1.55E0);
#249=CARTESIAN_POINT('',(7.75E-1,1.E0,-4.3E0));
#250=LINE('',#249,#248);
#251=CURVE_STYLE('',#16,POSITIVE_LENGTH_MEASURE(2.E-2),#10);
#252=PRESENTATION_STYLE_ASSIGNMENT((#251));
#253=STYLED_ITEM('',(#252),#250);
#254=DIRECTION('',(0.E0,0.E0,1.E0));
#255=VECTOR('',#254,3.E-1);
#256=CARTESIAN_POINT('',(7.75E-1,1.E0,-4.3E0));
#257=LINE('',#256,#255);
#258=CURVE_STYLE('',#16,POSITIVE_LENGTH_MEASURE(2.E-2),#10);
#259=PRESENTATION_STYLE_ASSIGNMENT((#258));
#260=STYLED_ITEM('',(#259),#257);
#261=CARTESIAN_POINT('',(1.75E-1,1.E0,-4.E0));
#262=DIRECTION('',(0.E0,1.E0,0.E0));
#263=DIRECTION('',(9.194893581723E-1,0.E0,3.931148944112E-1));
#264=AXIS2_PLACEMENT_3D('',#261,#262,#263);
#266=CURVE_STYLE('',#16,POSITIVE_LENGTH_MEASURE(2.E-2),#10);
#267=PRESENTATION_STYLE_ASSIGNMENT((#266));
#268=STYLED_ITEM('',(#267),#265);
#269=DIRECTION('',(3.931148944112E-1,0.E0,-9.194893581723E-1));
#270=VECTOR('',#269,7.081574210604E-1);
#271=CARTESIAN_POINT('',(4.483063850966E-1,1.E0,-3.112987850777E0));
#272=LINE('',#271,#270);
#273=CURVE_STYLE('',#16,POSITIVE_LENGTH_MEASURE(2.E-2),#10);
#274=PRESENTATION_STYLE_ASSIGNMENT((#273));
#275=STYLED_ITEM('',(#274),#272);
#276=CARTESIAN_POINT('',(1.E0,1.E0,-2.877118914131E0));
#277=DIRECTION('',(0.E0,1.E0,0.E0));
#278=DIRECTION('',(-9.194893581723E-1,0.E0,-3.931148944112E-1));
#279=AXIS2_PLACEMENT_3D('',#276,#277,#278);
#281=CURVE_STYLE('',#16,POSITIVE_LENGTH_MEASURE(2.E-2),#10);
#282=PRESENTATION_STYLE_ASSIGNMENT((#281));
#283=STYLED_ITEM('',(#282),#280);
#284=CARTESIAN_POINT('',(4.E-1,1.47E0,-2.4E0));
#285=DIRECTION('',(-1.E0,0.E0,0.E0));
#286=DIRECTION('',(0.E0,-1.E0,0.E0));
#287=AXIS2_PLACEMENT_3D('',#284,#285,#286);
#289=CURVE_STYLE('',#16,POSITIVE_LENGTH_MEASURE(2.E-2),#10);
#290=PRESENTATION_STYLE_ASSIGNMENT((#289));
#291=STYLED_ITEM('',(#290),#288);
#292=CARTESIAN_POINT('',(-4.E-1,1.47E0,-2.4E0));
#293=DIRECTION('',(-1.E0,0.E0,0.E0));
#294=DIRECTION('',(0.E0,-1.E0,0.E0));
#295=AXIS2_PLACEMENT_3D('',#292,#293,#294);
#297=CURVE_STYLE('',#16,POSITIVE_LENGTH_MEASURE(2.E-2),#10);
#298=PRESENTATION_STYLE_ASSIGNMENT((#297));
#299=STYLED_ITEM('',(#298),#296);
#300=DIRECTION('',(-1.E0,0.E0,0.E0));
#301=VECTOR('',#300,8.E-1);
#302=CARTESIAN_POINT('',(4.E-1,1.E0,-2.4E0));
#303=LINE('',#302,#301);
#304=CURVE_STYLE('',#16,POSITIVE_LENGTH_MEASURE(2.E-2),#10);
#305=PRESENTATION_STYLE_ASSIGNMENT((#304));
#306=STYLED_ITEM('',(#305),#303);
#307=DIRECTION('',(0.E0,6.740666803640E-1,7.386705019310E-1));
#308=VECTOR('',#307,1.037509036105E0);
#309=CARTESIAN_POINT('',(4.E-1,1.122824864092E0,-2.083188660229E0));
#310=LINE('',#309,#308);
#311=CURVE_STYLE('',#16,POSITIVE_LENGTH_MEASURE(2.E-2),#10);
#312=PRESENTATION_STYLE_ASSIGNMENT((#311));
#313=STYLED_ITEM('',(#312),#310);
#314=DIRECTION('',(0.E0,6.740666803640E-1,7.386705019310E-1));
#315=VECTOR('',#314,1.037509036105E0);
#316=CARTESIAN_POINT('',(-4.E-1,1.122824864092E0,-2.083188660229E0));
#317=LINE('',#316,#315);
#318=CURVE_STYLE('',#16,POSITIVE_LENGTH_MEASURE(2.E-2),#10);
#319=PRESENTATION_STYLE_ASSIGNMENT((#318));
#320=STYLED_ITEM('',(#319),#317);
#321=DIRECTION('',(-1.E0,0.E0,0.E0));
#322=VECTOR('',#321,8.E-1);
#323=CARTESIAN_POINT('',(4.E-1,1.122824864092E0,-2.083188660229E0));
#324=LINE('',#323,#322);
#325=CURVE_STYLE('',#16,POSITIVE_LENGTH_MEASURE(2.E-2),#10);
#326=PRESENTATION_STYLE_ASSIGNMENT((#325));
#327=STYLED_ITEM('',(#326),#324);
#328=DIRECTION('',(0.E0,7.386705019310E-1,-6.740666803640E-1));
#329=VECTOR('',#328,1.5E-1);
#330=CARTESIAN_POINT('',(4.E-1,1.711374560618E0,-1.215701337716E0));
#331=LINE('',#330,#329);
#332=CURVE_STYLE('',#16,POSITIVE_LENGTH_MEASURE(2.E-2),#10);
#333=PRESENTATION_STYLE_ASSIGNMENT((#332));
#334=STYLED_ITEM('',(#333),#331);
#335=CARTESIAN_POINT('',(-1.750000366694E-1,1.164643287477E0,
-1.814832379092E0));
#336=CARTESIAN_POINT('',(-1.749997386121E-1,1.163292740620E0,
-1.816312364906E0));
#337=CARTESIAN_POINT('',(-1.747198049806E-1,1.160737522684E0,
-1.819112461913E0));
#338=CARTESIAN_POINT('',(-1.736116552883E-1,1.157331792220E0,
-1.822844611174E0));
#339=CARTESIAN_POINT('',(-1.719639316616E-1,1.154378385779E0,
-1.826081075737E0));
#340=CARTESIAN_POINT('',(-1.698974859661E-1,1.151880167301E0,
-1.828818728698E0));
#341=CARTESIAN_POINT('',(-1.675356963699E-1,1.149839021284E0,
-1.831055501860E0));
#342=CARTESIAN_POINT('',(-1.649385435485E-1,1.148265651504E0,
-1.832779666403E0));
#343=CARTESIAN_POINT('',(-1.622891591354E-1,1.147130915465E0,
-1.834023157674E0));
#344=CARTESIAN_POINT('',(-1.594288548858E-1,1.146759037899E0,
-1.834430676689E0));
#345=CARTESIAN_POINT('',(-1.561655203801E-1,1.146858682192E0,
-1.834321482298E0));
#346=CARTESIAN_POINT('',(-1.526577477380E-1,1.146831982585E0,
-1.834350740847E0));
#347=CARTESIAN_POINT('',(-1.488331852257E-1,1.146839136723E0,
-1.834342901042E0));
#348=CARTESIAN_POINT('',(-1.446862130733E-1,1.146837219777E0,
-1.834345001712E0));
#349=CARTESIAN_POINT('',(-1.401909857215E-1,1.146837733421E0,
-1.834344438839E0));
#350=CARTESIAN_POINT('',(-1.353225037881E-1,1.146837595791E0,
-1.834344589660E0));
#351=CARTESIAN_POINT('',(-1.300520447375E-1,1.146837632669E0,
-1.834344549248E0));
#352=CARTESIAN_POINT('',(-1.243487047064E-1,1.146837622787E0,
-1.834344560076E0));
#353=CARTESIAN_POINT('',(-1.181789098195E-1,1.146837625435E0,
-1.834344557175E0));
#354=CARTESIAN_POINT('',(-1.115059764656E-1,1.146837624726E0,
-1.834344557952E0));
#355=CARTESIAN_POINT('',(-1.042901017326E-1,1.146837624916E0,
-1.834344557744E0));
#356=CARTESIAN_POINT('',(-9.648837484675E-2,1.146837624865E0,
-1.834344557800E0));
#357=CARTESIAN_POINT('',(-8.805414019561E-2,1.146837624878E0,
-1.834344557785E0));
#358=CARTESIAN_POINT('',(-7.893720669929E-2,1.146837624875E0,
-1.834344557789E0));
#359=CARTESIAN_POINT('',(-6.908299180353E-2,1.146837624876E0,
-1.834344557788E0));
#360=CARTESIAN_POINT('',(-5.843446953853E-2,1.146837624876E0,
-1.834344557788E0));
#361=CARTESIAN_POINT('',(-4.692485461408E-2,1.146837624876E0,
-1.834344557788E0));
#362=CARTESIAN_POINT('',(-3.450160987129E-2,1.146837624876E0,
-1.834344557788E0));
#363=CARTESIAN_POINT('',(-2.105658414805E-2,1.146837624876E0,
-1.834344557788E0));
#364=CARTESIAN_POINT('',(-6.624029409170E-3,1.146837624876E0,
-1.834344557788E0));
#365=CARTESIAN_POINT('',(9.074173470778E-3,1.146837624876E0,-1.834344557788E0));
#366=CARTESIAN_POINT('',(2.588532448659E-2,1.146837624876E0,-1.834344557788E0));
#367=CARTESIAN_POINT('',(4.170774035408E-2,1.146837624876E0,-1.834344557788E0));
#368=CARTESIAN_POINT('',(5.549190811839E-2,1.146837624876E0,-1.834344557788E0));
#369=CARTESIAN_POINT('',(6.772148425770E-2,1.146837624876E0,-1.834344557788E0));
#370=CARTESIAN_POINT('',(7.865603368729E-2,1.146837624876E0,-1.834344557788E0));
#371=CARTESIAN_POINT('',(8.847393532019E-2,1.146837624876E0,-1.834344557788E0));
#372=CARTESIAN_POINT('',(9.733462638176E-2,1.146837624876E0,-1.834344557788E0));
#373=CARTESIAN_POINT('',(1.053582175346E-1,1.146837624876E0,-1.834344557788E0));
#374=CARTESIAN_POINT('',(1.126467456055E-1,1.146837624876E0,-1.834344557788E0));
#375=CARTESIAN_POINT('',(1.192844042379E-1,1.146837624875E0,-1.834344557789E0));
#376=CARTESIAN_POINT('',(1.253425488139E-1,1.146837624878E0,-1.834344557785E0));
#377=CARTESIAN_POINT('',(1.308823053118E-1,1.146837624865E0,-1.834344557800E0));
#378=CARTESIAN_POINT('',(1.359560501400E-1,1.146837624915E0,-1.834344557745E0));
#379=CARTESIAN_POINT('',(1.406106556340E-1,1.146837624730E0,-1.834344557948E0));
#380=CARTESIAN_POINT('',(1.448828145803E-1,1.146837625419E0,-1.834344557193E0));
#381=CARTESIAN_POINT('',(1.488198915232E-1,1.146837622849E0,-1.834344560009E0));
#382=CARTESIAN_POINT('',(1.524113010065E-1,1.146837632438E0,-1.834344549501E0));
#383=CARTESIAN_POINT('',(1.558290227279E-1,1.146837596652E0,-1.834344588716E0));
#384=CARTESIAN_POINT('',(1.585905182503E-1,1.146837730206E0,-1.834344442364E0));
#385=CARTESIAN_POINT('',(1.613683560691E-1,1.146837231778E0,-1.834344988558E0));
#386=CARTESIAN_POINT('',(1.645550694662E-1,1.148060077905E0,-1.833004942565E0));
#387=CARTESIAN_POINT('',(1.671532918007E-1,1.149569037201E0,-1.831351361719E0));
#388=CARTESIAN_POINT('',(1.696540609499E-1,1.151625484338E0,-1.829097820983E0));
#389=CARTESIAN_POINT('',(1.718102244102E-1,1.154150340483E0,-1.826330977224E0));
#390=CARTESIAN_POINT('',(1.735413134701E-1,1.157157480435E0,-1.823035629697E0));
#391=CARTESIAN_POINT('',(1.747049727927E-1,1.160639331241E0,-1.819220062836E0));
#392=CARTESIAN_POINT('',(1.749997364746E-1,1.163257769991E0,-1.816350690144E0));
#393=CARTESIAN_POINT('',(1.750000455637E-1,1.164643314344E0,-1.814832352608E0));
#395=CURVE_STYLE('',#16,POSITIVE_LENGTH_MEASURE(2.E-2),#10);
#396=PRESENTATION_STYLE_ASSIGNMENT((#395));
#397=STYLED_ITEM('',(#396),#394);
#398=DIRECTION('',(-5.617562826017E-8,6.740666710703E-1,7.386705104119E-1));
#399=VECTOR('',#398,8.110937237193E-1);
#400=CARTESIAN_POINT('',(1.750000455637E-1,1.164643314344E0,-1.814832352608E0));
#401=LINE('',#400,#399);
#402=CURVE_STYLE('',#16,POSITIVE_LENGTH_MEASURE(2.E-2),#10);
#403=PRESENTATION_STYLE_ASSIGNMENT((#402));
#404=STYLED_ITEM('',(#403),#401);
#405=DIRECTION('',(0.E0,6.740666803640E-1,7.386705019310E-1));
#406=VECTOR('',#405,1.037509036105E0);
#407=CARTESIAN_POINT('',(4.E-1,1.012024288803E0,-1.982078658174E0));
#408=LINE('',#407,#406);
#409=CURVE_STYLE('',#16,POSITIVE_LENGTH_MEASURE(2.E-2),#10);
#410=PRESENTATION_STYLE_ASSIGNMENT((#409));
#411=STYLED_ITEM('',(#410),#408);
#412=DIRECTION('',(-1.E0,0.E0,0.E0));
#413=VECTOR('',#412,8.E-1);
#414=CARTESIAN_POINT('',(4.E-1,1.012024288803E0,-1.982078658174E0));
#415=LINE('',#414,#413);
#416=CURVE_STYLE('',#16,POSITIVE_LENGTH_MEASURE(2.E-2),#10);
#417=PRESENTATION_STYLE_ASSIGNMENT((#416));
#418=STYLED_ITEM('',(#417),#415);
#419=DIRECTION('',(0.E0,6.740666803640E-1,7.386705019310E-1));
#420=VECTOR('',#419,1.037509036105E0);
#421=CARTESIAN_POINT('',(-4.E-1,1.012024288803E0,-1.982078658174E0));
#422=LINE('',#421,#420);
#423=CURVE_STYLE('',#16,POSITIVE_LENGTH_MEASURE(2.E-2),#10);
#424=PRESENTATION_STYLE_ASSIGNMENT((#423));
#425=STYLED_ITEM('',(#424),#422);
#426=DIRECTION('',(4.520979351730E-8,6.740666728864E-1,7.386705087547E-1));
#427=VECTOR('',#426,8.110937613926E-1);
#428=CARTESIAN_POINT('',(-1.750000366694E-1,1.164643287477E0,
-1.814832379092E0));
#429=LINE('',#428,#427);
#430=CURVE_STYLE('',#16,POSITIVE_LENGTH_MEASURE(2.E-2),#10);
#431=PRESENTATION_STYLE_ASSIGNMENT((#430));
#432=STYLED_ITEM('',(#431),#429);
#433=CARTESIAN_POINT('',(-1.750000366694E-1,1.164643287477E0,
-1.814832379092E0));
#434=CARTESIAN_POINT('',(-1.735556342929E-1,1.166134827576E0,
-1.814531413132E0));
#435=CARTESIAN_POINT('',(-1.703681123889E-1,1.169211801470E0,
-1.814056197067E0));
#436=CARTESIAN_POINT('',(-1.646376606272E-1,1.174040905024E0,
-1.813759608903E0));
#437=CARTESIAN_POINT('',(-1.578439542120E-1,1.179043773452E0,
-1.813908954226E0));
#438=CARTESIAN_POINT('',(-1.498704329842E-1,1.184160315064E0,
-1.814525282013E0));
#439=CARTESIAN_POINT('',(-1.405811321100E-1,1.189320176288E0,
-1.815616648177E0));
#440=CARTESIAN_POINT('',(-1.298206922688E-1,1.194439208608E0,
-1.817173104435E0));
#441=CARTESIAN_POINT('',(-1.174052502014E-1,1.199418293701E0,
-1.819160087266E0));
#442=CARTESIAN_POINT('',(-1.031461882402E-1,1.204135306903E0,
-1.821503913521E0));
#443=CARTESIAN_POINT('',(-8.674648812039E-2,1.208463958845E0,
-1.824091544314E0));
#444=CARTESIAN_POINT('',(-6.802392799587E-2,1.212222586386E0,
-1.826719219482E0));
#445=CARTESIAN_POINT('',(-4.614845578219E-2,1.215277058769E0,
-1.829158050363E0));
#446=CARTESIAN_POINT('',(-2.150794994301E-2,1.217192502049E0,
-1.830851233566E0));
#447=CARTESIAN_POINT('',(3.190978560481E-3,1.217690487851E0,-1.831314366547E0));
#448=CARTESIAN_POINT('',(2.811414075560E-2,1.216822722368E0,-1.830513877250E0));
#449=CARTESIAN_POINT('',(5.178649101675E-2,1.214606284070E0,-1.828598203938E0));
#450=CARTESIAN_POINT('',(7.241418372006E-2,1.211435755935E0,-1.826139459201E0));
#451=CARTESIAN_POINT('',(9.032292445284E-2,1.207603401291E0,-1.823543884905E0));
#452=CARTESIAN_POINT('',(1.059557562776E-1,1.203274562752E0,-1.821043900643E0));
#453=CARTESIAN_POINT('',(1.195982149909E-1,1.198596705471E0,-1.818802012507E0));
#454=CARTESIAN_POINT('',(1.314813994346E-1,1.193695751894E0,-1.816920555891E0));
#455=CARTESIAN_POINT('',(1.418006922767E-1,1.188679558781E0,-1.815458857454E0));
#456=CARTESIAN_POINT('',(1.507245252414E-1,1.183639808357E0,-1.814444987096E0));
#457=CARTESIAN_POINT('',(1.584000423362E-1,1.178653289598E0,-1.813884653822E0));
#458=CARTESIAN_POINT('',(1.649550732771E-1,1.173784167730E0,-1.813768015732E0));
#459=CARTESIAN_POINT('',(1.704991225041E-1,1.169087917878E0,-1.814073390108E0));
#460=CARTESIAN_POINT('',(1.735943444045E-1,1.166094693013E0,-1.814539667957E0));
#461=CARTESIAN_POINT('',(1.750000455637E-1,1.164643314344E0,-1.814832352608E0));
#463=CURVE_STYLE('',#16,POSITIVE_LENGTH_MEASURE(2.E-2),#10);
#464=PRESENTATION_STYLE_ASSIGNMENT((#463));
#465=STYLED_ITEM('',(#464),#462);
#466=CARTESIAN_POINT('',(0.E0,1.503623481950E0,-1.026120083864E0));
#467=DIRECTION('',(0.E0,6.740666803640E-1,7.386705019310E-1));
#468=DIRECTION('',(5.283018867925E-1,6.271730676773E-1,-5.723207663468E-1));
#469=AXIS2_PLACEMENT_3D('',#466,#467,#468);
#471=CURVE_STYLE('',#16,POSITIVE_LENGTH_MEASURE(2.E-2),#10);
#472=PRESENTATION_STYLE_ASSIGNMENT((#471));
#473=STYLED_ITEM('',(#472),#470);
#474=DIRECTION('',(-1.E0,0.E0,0.E0));
#475=VECTOR('',#474,2.25E-1);
#476=CARTESIAN_POINT('',(4.E-1,1.711374560618E0,-1.215701337716E0));
#477=LINE('',#476,#475);
#478=CURVE_STYLE('',#16,POSITIVE_LENGTH_MEASURE(2.E-2),#10);
#479=PRESENTATION_STYLE_ASSIGNMENT((#478));
#480=STYLED_ITEM('',(#479),#477);
#481=CARTESIAN_POINT('',(1.75E-1,1.475E0,-1.E0));
#482=DIRECTION('',(-1.E0,0.E0,0.E0));
#483=DIRECTION('',(0.E0,7.649332773263E-1,6.441095258098E-1));
#484=AXIS2_PLACEMENT_3D('',#481,#482,#483);
#486=CURVE_STYLE('',#16,POSITIVE_LENGTH_MEASURE(2.E-2),#10);
#487=PRESENTATION_STYLE_ASSIGNMENT((#486));
#488=STYLED_ITEM('',(#487),#485);
#489=CARTESIAN_POINT('',(4.E-1,1.475E0,-1.E0));
#490=DIRECTION('',(-1.E0,0.E0,0.E0));
#491=DIRECTION('',(0.E0,7.649332773263E-1,6.441095258098E-1));
#492=AXIS2_PLACEMENT_3D('',#489,#490,#491);
#494=CURVE_STYLE('',#16,POSITIVE_LENGTH_MEASURE(2.E-2),#10);
#495=PRESENTATION_STYLE_ASSIGNMENT((#494));
#496=STYLED_ITEM('',(#495),#493);
#497=DIRECTION('',(-1.E0,0.E0,0.E0));
#498=VECTOR('',#497,2.25E-1);
#499=CARTESIAN_POINT('',(-1.75E-1,1.711374560618E0,-1.215701337716E0));
#500=LINE('',#499,#498);
#501=CURVE_STYLE('',#16,POSITIVE_LENGTH_MEASURE(2.E-2),#10);
#502=PRESENTATION_STYLE_ASSIGNMENT((#501));
#503=STYLED_ITEM('',(#502),#500);
#504=CARTESIAN_POINT('',(-4.E-1,1.475E0,-1.E0));
#505=DIRECTION('',(-1.E0,0.E0,0.E0));
#506=DIRECTION('',(0.E0,7.649332773263E-1,6.441095258098E-1));
#507=AXIS2_PLACEMENT_3D('',#504,#505,#506);
#509=CURVE_STYLE('',#16,POSITIVE_LENGTH_MEASURE(2.E-2),#10);
#510=PRESENTATION_STYLE_ASSIGNMENT((#509));
#511=STYLED_ITEM('',(#510),#508);
#512=CARTESIAN_POINT('',(-1.75E-1,1.475E0,-1.E0));
#513=DIRECTION('',(-1.E0,0.E0,0.E0));
#514=DIRECTION('',(0.E0,7.649332773263E-1,6.441095258098E-1));
#515=AXIS2_PLACEMENT_3D('',#512,#513,#514);
#517=CURVE_STYLE('',#16,POSITIVE_LENGTH_MEASURE(2.E-2),#10);
#518=PRESENTATION_STYLE_ASSIGNMENT((#517));
#519=STYLED_ITEM('',(#518),#516);
#520=CARTESIAN_POINT('',(1.750000270748E-1,1.531096256791E0,
-5.698090132097E-1));
#521=CARTESIAN_POINT('',(1.749998387300E-1,1.530188350459E0,
-5.687307994313E-1));
#522=CARTESIAN_POINT('',(1.748608423544E-1,1.528456221964E0,
-5.666737675164E-1));
#523=CARTESIAN_POINT('',(1.743122486646E-1,1.526110045854E0,
-5.638874840095E-1));
#524=CARTESIAN_POINT('',(1.734945193388E-1,1.524007739447E0,
-5.613908229450E-1));
#525=CARTESIAN_POINT('',(1.724697689224E-1,1.522142282218E0,
-5.591754379668E-1));
#526=CARTESIAN_POINT('',(1.712885879833E-1,1.520501936265E0,
-5.572273917316E-1));
#527=CARTESIAN_POINT('',(1.699934816004E-1,1.519071056480E0,
-5.555281037407E-1));
#528=CARTESIAN_POINT('',(1.686265106453E-1,1.517842949847E0,
-5.540696256573E-1));
#529=CARTESIAN_POINT('',(1.672133172024E-1,1.516798691122E0,
-5.528294821442E-1));
#530=CARTESIAN_POINT('',(1.657756129200E-1,1.515926825389E0,
-5.517940695545E-1));
#531=CARTESIAN_POINT('',(1.643445378864E-1,1.515218601410E0,
-5.509529950665E-1));
#532=CARTESIAN_POINT('',(1.629143846211E-1,1.514672473024E0,
-5.503044224877E-1));
#533=CARTESIAN_POINT('',(1.616387294382E-1,1.514280760296E0,
-5.498392312610E-1));
#534=CARTESIAN_POINT('',(1.598930833864E-1,1.514029595800E0,
-5.495409526709E-1));
#535=CARTESIAN_POINT('',(1.594206238262E-1,1.514095932065E0,
-5.496197324664E-1));
#536=CARTESIAN_POINT('',(1.570644323314E-1,1.514078157317E0,
-5.495986234838E-1));
#537=CARTESIAN_POINT('',(1.555852796435E-1,1.514082920046E0,
-5.496042796187E-1));
#538=CARTESIAN_POINT('',(1.536922659519E-1,1.514081643877E0,
-5.496027640619E-1));
#539=CARTESIAN_POINT('',(1.517260692044E-1,1.514081985825E0,
-5.496031701541E-1));
#540=CARTESIAN_POINT('',(1.495777443240E-1,1.514081894200E0,
-5.496030613420E-1));
#541=CARTESIAN_POINT('',(1.472569302656E-1,1.514081918751E0,
-5.496030904981E-1));
#542=CARTESIAN_POINT('',(1.447455817747E-1,1.514081912173E0,
-5.496030826858E-1));
#543=CARTESIAN_POINT('',(1.420312529866E-1,1.514081913936E0,
-5.496030847791E-1));
#544=CARTESIAN_POINT('',(1.390959148371E-1,1.514081913463E0,
-5.496030842182E-1));
#545=CARTESIAN_POINT('',(1.359230194425E-1,1.514081913590E0,
-5.496030843685E-1));
#546=CARTESIAN_POINT('',(1.324935483946E-1,1.514081913556E0,
-5.496030843282E-1));
#547=CARTESIAN_POINT('',(1.287870189768E-1,1.514081913565E0,
-5.496030843390E-1));
#548=CARTESIAN_POINT('',(1.247814478671E-1,1.514081913562E0,
-5.496030843361E-1));
#549=CARTESIAN_POINT('',(1.204527682172E-1,1.514081913563E0,
-5.496030843369E-1));
#550=CARTESIAN_POINT('',(1.157752497908E-1,1.514081913563E0,
-5.496030843367E-1));
#551=CARTESIAN_POINT('',(1.107208809546E-1,1.514081913563E0,
-5.496030843367E-1));
#552=CARTESIAN_POINT('',(1.052595964370E-1,1.514081913563E0,
-5.496030843367E-1));
#553=CARTESIAN_POINT('',(9.935859416122E-2,1.514081913563E0,
-5.496030843367E-1));
#554=CARTESIAN_POINT('',(9.298262709388E-2,1.514081913563E0,
-5.496030843367E-1));
#555=CARTESIAN_POINT('',(8.609350744197E-2,1.514081913563E0,
-5.496030843367E-1));
#556=CARTESIAN_POINT('',(7.865012627323E-2,1.514081913563E0,
-5.496030843367E-1));
#557=CARTESIAN_POINT('',(7.060797514797E-2,1.514081913563E0,
-5.496030843367E-1));
#558=CARTESIAN_POINT('',(6.191907935675E-2,1.514081913563E0,
-5.496030843367E-1));
#559=CARTESIAN_POINT('',(5.253205730106E-2,1.514081913563E0,
-5.496030843367E-1));
#560=CARTESIAN_POINT('',(4.239242435222E-2,1.514081913563E0,
-5.496030843367E-1));
#561=CARTESIAN_POINT('',(3.143789309162E-2,1.514081913563E0,
-5.496030843367E-1));
#562=CARTESIAN_POINT('',(1.962328582124E-2,1.514081913563E0,
-5.496030843367E-1));
#563=CARTESIAN_POINT('',(6.831206117209E-3,1.514081913563E0,
-5.496030843367E-1));
#564=CARTESIAN_POINT('',(-6.829573791922E-3,1.514081913563E0,
-5.496030843367E-1));
#565=CARTESIAN_POINT('',(-2.184957503466E-2,1.514081913563E0,
-5.496030843367E-1));
#566=CARTESIAN_POINT('',(-3.782732579245E-2,1.514081913563E0,
-5.496030843367E-1));
#567=CARTESIAN_POINT('',(-5.260352409592E-2,1.514081913563E0,
-5.496030843367E-1));
#568=CARTESIAN_POINT('',(-6.538080030226E-2,1.514081913563E0,
-5.496030843367E-1));
#569=CARTESIAN_POINT('',(-7.679138633572E-2,1.514081913563E0,
-5.496030843368E-1));
#570=CARTESIAN_POINT('',(-8.696495341026E-2,1.514081913563E0,
-5.496030843364E-1));
#571=CARTESIAN_POINT('',(-9.611153474563E-2,1.514081913564E0,
-5.496030843378E-1));
#572=CARTESIAN_POINT('',(-1.043625214421E-1,1.514081913560E0,
-5.496030843327E-1));
#573=CARTESIAN_POINT('',(-1.118348540274E-1,1.514081913576E0,
-5.496030843518E-1));
#574=CARTESIAN_POINT('',(-1.186216530605E-1,1.514081913516E0,
-5.496030842803E-1));
#575=CARTESIAN_POINT('',(-1.248015444294E-1,1.514081913740E0,
-5.496030845472E-1));
#576=CARTESIAN_POINT('',(-1.304410291552E-1,1.514081912902E0,
-5.496030835512E-1));
#577=CARTESIAN_POINT('',(-1.355966929256E-1,1.514081916032E0,
-5.496030872684E-1));
#578=CARTESIAN_POINT('',(-1.403187237617E-1,1.514081904350E0,
-5.496030733956E-1));
#579=CARTESIAN_POINT('',(-1.446462768941E-1,1.514081947946E0,
-5.496031251696E-1));
#580=CARTESIAN_POINT('',(-1.486291807185E-1,1.514081785243E0,
-5.496029319465E-1));
#581=CARTESIAN_POINT('',(-1.522573438045E-1,1.514082392459E0,
-5.496036530648E-1));
#582=CARTESIAN_POINT('',(-1.557077519459E-1,1.514080126300E0,
-5.496009618144E-1));
#583=CARTESIAN_POINT('',(-1.584908177422E-1,1.514088583719E0,
-5.496110056977E-1));
#584=CARTESIAN_POINT('',(-1.612697961016E-1,1.514057020201E0,
-5.495735214151E-1));
#585=CARTESIAN_POINT('',(-1.645030937348E-1,1.515224138746E0,
-5.509595711008E-1));
#586=CARTESIAN_POINT('',(-1.671129987882E-1,1.516665003820E0,
-5.526707174670E-1));
#587=CARTESIAN_POINT('',(-1.696296102643E-1,1.518632865809E0,
-5.550077159791E-1));
#588=CARTESIAN_POINT('',(-1.717971591382E-1,1.521050964811E0,
-5.578794090001E-1));
#589=CARTESIAN_POINT('',(-1.735362408412E-1,1.523930971171E0,
-5.612996519707E-1));
#590=CARTESIAN_POINT('',(-1.747040731084E-1,1.527264212673E0,
-5.652581610636E-1));
#591=CARTESIAN_POINT('',(-1.749997355520E-1,1.529770319017E0,
-5.682343459578E-1));
#592=CARTESIAN_POINT('',(-1.750000460425E-1,1.531096277009E0,
-5.698090306222E-1));
#594=CURVE_STYLE('',#16,POSITIVE_LENGTH_MEASURE(2.E-2),#10);
#595=PRESENTATION_STYLE_ASSIGNMENT((#594));
#596=STYLED_ITEM('',(#595),#593);
#597=DIRECTION('',(-1.571762133450E-7,-6.441094988819E-1,7.649333000007E-1));
#598=VECTOR('',#597,2.929352416982E-1);
#599=CARTESIAN_POINT('',(-1.75E-1,1.719778648744E0,-7.938849517409E-1));
#600=LINE('',#599,#598);
#601=CURVE_STYLE('',#16,POSITIVE_LENGTH_MEASURE(2.E-2),#10);
#602=PRESENTATION_STYLE_ASSIGNMENT((#601));
#603=STYLED_ITEM('',(#602),#600);
#604=DIRECTION('',(-1.E0,0.E0,0.E0));
#605=VECTOR('',#604,2.25E-1);
#606=CARTESIAN_POINT('',(-1.75E-1,1.719778648744E0,-7.938849517409E-1));
#607=LINE('',#606,#605);
#608=CURVE_STYLE('',#16,POSITIVE_LENGTH_MEASURE(2.E-2),#10);
#609=PRESENTATION_STYLE_ASSIGNMENT((#608));
#610=STYLED_ITEM('',(#609),#607);
#611=DIRECTION('',(0.E0,-6.441095258098E-1,7.649332773263E-1));
#612=VECTOR('',#611,3.193505559831E-1);
#613=CARTESIAN_POINT('',(-4.E-1,1.719778648744E0,-7.938849517409E-1));
#614=LINE('',#613,#612);
#615=CURVE_STYLE('',#16,POSITIVE_LENGTH_MEASURE(2.E-2),#10);
#616=PRESENTATION_STYLE_ASSIGNMENT((#615));
#617=STYLED_ITEM('',(#616),#614);
#618=CARTESIAN_POINT('',(-2.E-1,1.514081913563E0,-5.496030843367E-1));
#619=DIRECTION('',(0.E0,-7.649332773263E-1,-6.441095258098E-1));
#620=DIRECTION('',(0.E0,-6.441095258098E-1,7.649332773263E-1));
#621=AXIS2_PLACEMENT_3D('',#618,#619,#620);
#623=CURVE_STYLE('',#16,POSITIVE_LENGTH_MEASURE(2.E-2),#10);
#624=PRESENTATION_STYLE_ASSIGNMENT((#623));
#625=STYLED_ITEM('',(#624),#622);
#626=CARTESIAN_POINT('',(2.E-1,1.514081913563E0,-5.496030843367E-1));
#627=DIRECTION('',(0.E0,-7.649332773263E-1,-6.441095258098E-1));
#628=DIRECTION('',(1.E0,0.E0,0.E0));
#629=AXIS2_PLACEMENT_3D('',#626,#627,#628);
#631=CURVE_STYLE('',#16,POSITIVE_LENGTH_MEASURE(2.E-2),#10);
#632=PRESENTATION_STYLE_ASSIGNMENT((#631));
#633=STYLED_ITEM('',(#632),#630);
#634=DIRECTION('',(0.E0,-6.441095258098E-1,7.649332773263E-1));
#635=VECTOR('',#634,3.193505559831E-1);
#636=CARTESIAN_POINT('',(4.E-1,1.719778648744E0,-7.938849517409E-1));
#637=LINE('',#636,#635);
#638=CURVE_STYLE('',#16,POSITIVE_LENGTH_MEASURE(2.E-2),#10);
#639=PRESENTATION_STYLE_ASSIGNMENT((#638));
#640=STYLED_ITEM('',(#639),#637);
#641=DIRECTION('',(-1.E0,0.E0,0.E0));
#642=VECTOR('',#641,2.25E-1);
#643=CARTESIAN_POINT('',(4.E-1,1.719778648744E0,-7.938849517409E-1));
#644=LINE('',#643,#642);
#645=CURVE_STYLE('',#16,POSITIVE_LENGTH_MEASURE(2.E-2),#10);
#646=PRESENTATION_STYLE_ASSIGNMENT((#645));
#647=STYLED_ITEM('',(#646),#644);
#648=DIRECTION('',(9.242583006039E-8,-6.441095099809E-1,7.649332906549E-1));
#649=VECTOR('',#648,2.929352680406E-1);
#650=CARTESIAN_POINT('',(1.75E-1,1.719778648744E0,-7.938849517409E-1));
#651=LINE('',#650,#649);
#652=CURVE_STYLE('',#16,POSITIVE_LENGTH_MEASURE(2.E-2),#10);
#653=PRESENTATION_STYLE_ASSIGNMENT((#652));
#654=STYLED_ITEM('',(#653),#651);
#655=CARTESIAN_POINT('',(1.750000270748E-1,1.531096256791E0,
-5.698090132097E-1));
#656=CARTESIAN_POINT('',(1.735575704764E-1,1.532572720627E0,
-5.701687905458E-1));
#657=CARTESIAN_POINT('',(1.703740596889E-1,1.535624535106E0,
-5.707653905833E-1));
#658=CARTESIAN_POINT('',(1.646510028863E-1,1.540432944697E0,
-5.712544752171E-1));
#659=CARTESIAN_POINT('',(1.578657766373E-1,1.545433244998E0,
-5.713056473525E-1));
#660=CARTESIAN_POINT('',(1.499022287531E-1,1.550566225912E0,
-5.708955223727E-1));
#661=CARTESIAN_POINT('',(1.406241955789E-1,1.555762200976E0,
-5.700130096820E-1));
#662=CARTESIAN_POINT('',(1.298780299468E-1,1.560936030710E0,
-5.686646989861E-1));
#663=CARTESIAN_POINT('',(1.174817174905E-1,1.565987380670E0,
-5.668812393050E-1));
#664=CARTESIAN_POINT('',(1.032417182763E-1,1.570793317754E0,
-5.647302267738E-1));
#665=CARTESIAN_POINT('',(8.687091894557E-2,1.575221187734E0,
-5.623202880973E-1));
#666=CARTESIAN_POINT('',(6.816016715860E-2,1.579087425725E0,
-5.598431560154E-1));
#667=CARTESIAN_POINT('',(4.633422599468E-2,1.582237627266E0,
-5.575291522473E-1));
#668=CARTESIAN_POINT('',(2.180977472512E-2,1.584225960711E0,
-5.559093552277E-1));
#669=CARTESIAN_POINT('',(-2.930191964147E-3,1.584760575982E0,
-5.554507177506E-1));
#670=CARTESIAN_POINT('',(-2.785661363443E-2,1.583875315316E0,
-5.562045705451E-1));
#671=CARTESIAN_POINT('',(-5.153232968738E-2,1.581600368241E0,
-5.580194725135E-1));
#672=CARTESIAN_POINT('',(-7.221226670317E-2,1.578340735910E0,
-5.603488825464E-1));
#673=CARTESIAN_POINT('',(-9.016933101249E-2,1.574408290784E0,
-5.627933174717E-1));
#674=CARTESIAN_POINT('',(-1.058377934249E-1,1.569981917913E0,
-5.651232761265E-1));
#675=CARTESIAN_POINT('',(-1.195088862968E-1,1.565215426667E0,
-5.671817633258E-1));
#676=CARTESIAN_POINT('',(-1.314146760437E-1,1.560239452801E0,
-5.688708397413E-1));
#677=CARTESIAN_POINT('',(-1.417526310757E-1,1.555164134378E0,
-5.701353208765E-1));
#678=CARTESIAN_POINT('',(-1.506916928814E-1,1.550082543135E0,
-5.709505483425E-1));
#679=CARTESIAN_POINT('',(-1.583791284939E-1,1.545072186247E0,
-5.713137484150E-1));
#680=CARTESIAN_POINT('',(-1.649434373059E-1,1.540196920256E0,
-5.712373357266E-1));
#681=CARTESIAN_POINT('',(-1.704945630049E-1,1.535511433942E0,
-5.707452226881E-1));
#682=CARTESIAN_POINT('',(-1.735930271572E-1,1.532536190524E0,
-5.701596164474E-1));
#683=CARTESIAN_POINT('',(-1.750000460425E-1,1.531096277009E0,
-5.698090306222E-1));
#685=CURVE_STYLE('',#16,POSITIVE_LENGTH_MEASURE(2.E-2),#10);
#686=PRESENTATION_STYLE_ASSIGNMENT((#685));
#687=STYLED_ITEM('',(#686),#684);
#688=CARTESIAN_POINT('',(0.E0,1.504641164496E0,-9.750407558749E-1));
#689=DIRECTION('',(0.E0,-6.441095258098E-1,7.649332773263E-1));
#690=DIRECTION('',(5.283018867925E-1,6.494716505600E-1,5.468854464423E-1));
#691=AXIS2_PLACEMENT_3D('',#688,#689,#690);
#693=CURVE_STYLE('',#16,POSITIVE_LENGTH_MEASURE(2.E-2),#10);
#694=PRESENTATION_STYLE_ASSIGNMENT((#693));
#695=STYLED_ITEM('',(#694),#692);
#696=DIRECTION('',(0.E0,-7.649332773263E-1,-6.441095258098E-1));
#697=VECTOR('',#696,1.5E-1);
#698=CARTESIAN_POINT('',(-4.E-1,1.628821905162E0,-4.529866554653E-1));
#699=LINE('',#698,#697);
#700=CURVE_STYLE('',#16,POSITIVE_LENGTH_MEASURE(2.E-2),#10);
#701=PRESENTATION_STYLE_ASSIGNMENT((#700));
#702=STYLED_ITEM('',(#701),#699);
#703=DIRECTION('',(0.E0,7.649332773263E-1,6.441095258098E-1));
#704=VECTOR('',#703,1.5E-1);
#705=CARTESIAN_POINT('',(-4.E-1,1.719778648744E0,-7.938849517409E-1));
#706=LINE('',#705,#704);
#707=CURVE_STYLE('',#16,POSITIVE_LENGTH_MEASURE(2.E-2),#10);
#708=PRESENTATION_STYLE_ASSIGNMENT((#707));
#709=STYLED_ITEM('',(#708),#706);
#710=CARTESIAN_POINT('',(2.E-1,1.628821905162E0,-4.529866554653E-1));
#711=DIRECTION('',(0.E0,7.649332773263E-1,6.441095258098E-1));
#712=DIRECTION('',(-1.013078509970E-14,-6.441095258098E-1,7.649332773263E-1));
#713=AXIS2_PLACEMENT_3D('',#710,#711,#712);
#715=CURVE_STYLE('',#16,POSITIVE_LENGTH_MEASURE(2.E-2),#10);
#716=PRESENTATION_STYLE_ASSIGNMENT((#715));
#717=STYLED_ITEM('',(#716),#714);
#718=CARTESIAN_POINT('',(-2.E-1,1.628821905162E0,-4.529866554653E-1));
#719=DIRECTION('',(0.E0,7.649332773263E-1,6.441095258098E-1));
#720=DIRECTION('',(-1.E0,0.E0,0.E0));
#721=AXIS2_PLACEMENT_3D('',#718,#719,#720);
#723=CURVE_STYLE('',#16,POSITIVE_LENGTH_MEASURE(2.E-2),#10);
#724=PRESENTATION_STYLE_ASSIGNMENT((#723));
#725=STYLED_ITEM('',(#724),#722);
#726=DIRECTION('',(0.E0,-6.441095258098E-1,7.649332773263E-1));
#727=VECTOR('',#726,3.193505559831E-1);
#728=CARTESIAN_POINT('',(-4.E-1,1.834518640343E0,-6.972685228694E-1));
#729=LINE('',#728,#727);
#730=CURVE_STYLE('',#16,POSITIVE_LENGTH_MEASURE(2.E-2),#10);
#731=PRESENTATION_STYLE_ASSIGNMENT((#730));
#732=STYLED_ITEM('',(#731),#729);
#733=DIRECTION('',(-1.E0,0.E0,0.E0));
#734=VECTOR('',#733,8.E-1);
#735=CARTESIAN_POINT('',(4.E-1,1.834518640343E0,-6.972685228694E-1));
#736=LINE('',#735,#734);
#737=CURVE_STYLE('',#16,POSITIVE_LENGTH_MEASURE(2.E-2),#10);
#738=PRESENTATION_STYLE_ASSIGNMENT((#737));
#739=STYLED_ITEM('',(#738),#736);
#740=DIRECTION('',(0.E0,-6.441095258098E-1,7.649332773263E-1));
#741=VECTOR('',#740,3.193505559831E-1);
#742=CARTESIAN_POINT('',(4.E-1,1.834518640343E0,-6.972685228694E-1));
#743=LINE('',#742,#741);
#744=CURVE_STYLE('',#16,POSITIVE_LENGTH_MEASURE(2.E-2),#10);
#745=PRESENTATION_STYLE_ASSIGNMENT((#744));
#746=STYLED_ITEM('',(#745),#743);
#747=DIRECTION('',(0.E0,-7.649332773263E-1,-6.441095258098E-1));
#748=VECTOR('',#747,1.5E-1);
#749=CARTESIAN_POINT('',(2.E-1,1.5E0,-3.E-1));
#750=LINE('',#749,#748);
#751=CURVE_STYLE('',#16,POSITIVE_LENGTH_MEASURE(2.E-2),#10);
#752=PRESENTATION_STYLE_ASSIGNMENT((#751));
#753=STYLED_ITEM('',(#752),#750);
#754=DIRECTION('',(-1.E0,0.E0,0.E0));
#755=VECTOR('',#754,4.E-1);
#756=CARTESIAN_POINT('',(2.E-1,1.385260008401E0,-3.966164288715E-1));
#757=LINE('',#756,#755);
#758=CURVE_STYLE('',#16,POSITIVE_LENGTH_MEASURE(2.E-2),#10);
#759=PRESENTATION_STYLE_ASSIGNMENT((#758));
#760=STYLED_ITEM('',(#759),#757);
#761=DIRECTION('',(0.E0,-7.649332773263E-1,-6.441095258098E-1));
#762=VECTOR('',#761,1.5E-1);
#763=CARTESIAN_POINT('',(-2.E-1,1.5E0,-3.E-1));
#764=LINE('',#763,#762);
#765=CURVE_STYLE('',#16,POSITIVE_LENGTH_MEASURE(2.E-2),#10);
#766=PRESENTATION_STYLE_ASSIGNMENT((#765));
#767=STYLED_ITEM('',(#766),#764);
#768=DIRECTION('',(-1.E0,0.E0,0.E0));
#769=VECTOR('',#768,4.E-1);
#770=CARTESIAN_POINT('',(2.E-1,1.5E0,-3.E-1));
#771=LINE('',#770,#769);
#772=CURVE_STYLE('',#16,POSITIVE_LENGTH_MEASURE(2.E-2),#10);
#773=PRESENTATION_STYLE_ASSIGNMENT((#772));
#774=STYLED_ITEM('',(#773),#771);
#775=DIRECTION('',(0.E0,-7.649332773263E-1,-6.441095258098E-1));
#776=VECTOR('',#775,1.5E-1);
#777=CARTESIAN_POINT('',(4.E-1,1.628821905162E0,-4.529866554653E-1));
#778=LINE('',#777,#776);
#779=CURVE_STYLE('',#16,POSITIVE_LENGTH_MEASURE(2.E-2),#10);
#780=PRESENTATION_STYLE_ASSIGNMENT((#779));
#781=STYLED_ITEM('',(#780),#778);
#782=DIRECTION('',(0.E0,7.649332773263E-1,6.441095258098E-1));
#783=VECTOR('',#782,1.5E-1);
#784=CARTESIAN_POINT('',(4.E-1,1.719778648744E0,-7.938849517409E-1));
#785=LINE('',#784,#783);
#786=CURVE_STYLE('',#16,POSITIVE_LENGTH_MEASURE(2.E-2),#10);
#787=PRESENTATION_STYLE_ASSIGNMENT((#786));
#788=STYLED_ITEM('',(#787),#785);
#789=CARTESIAN_POINT('',(4.E-1,1.475E0,-1.E0));
#790=DIRECTION('',(-1.E0,0.E0,0.E0));
#791=DIRECTION('',(0.E0,7.649332773263E-1,6.441095258098E-1));
#792=AXIS2_PLACEMENT_3D('',#789,#790,#791);
#794=CURVE_STYLE('',#16,POSITIVE_LENGTH_MEASURE(2.E-2),#10);
#795=PRESENTATION_STYLE_ASSIGNMENT((#794));
#796=STYLED_ITEM('',(#795),#793);
#797=CARTESIAN_POINT('',(-4.E-1,1.475E0,-1.E0));
#798=DIRECTION('',(-1.E0,0.E0,0.E0));
#799=DIRECTION('',(0.E0,7.649332773263E-1,6.441095258098E-1));
#800=AXIS2_PLACEMENT_3D('',#797,#798,#799);
#802=CURVE_STYLE('',#16,POSITIVE_LENGTH_MEASURE(2.E-2),#10);
#803=PRESENTATION_STYLE_ASSIGNMENT((#802));
#804=STYLED_ITEM('',(#803),#801);
#805=DIRECTION('',(-1.E0,0.E0,0.E0));
#806=VECTOR('',#805,8.E-1);
#807=CARTESIAN_POINT('',(4.E-1,1.822175135908E0,-1.316811339771E0));
#808=LINE('',#807,#806);
#809=CURVE_STYLE('',#16,POSITIVE_LENGTH_MEASURE(2.E-2),#10);
#810=PRESENTATION_STYLE_ASSIGNMENT((#809));
#811=STYLED_ITEM('',(#810),#808);
#812=DIRECTION('',(0.E0,7.386705019310E-1,-6.740666803640E-1));
#813=VECTOR('',#812,1.5E-1);
#814=CARTESIAN_POINT('',(-4.E-1,1.711374560618E0,-1.215701337716E0));
#815=LINE('',#814,#813);
#816=CURVE_STYLE('',#16,POSITIVE_LENGTH_MEASURE(2.E-2),#10);
#817=PRESENTATION_STYLE_ASSIGNMENT((#816));
#818=STYLED_ITEM('',(#817),#815);
#819=DIRECTION('',(0.E0,7.386705019310E-1,-6.740666803640E-1));
#820=VECTOR('',#819,1.5E-1);
#821=CARTESIAN_POINT('',(-4.E-1,1.012024288803E0,-1.982078658174E0));
#822=LINE('',#821,#820);
#823=CURVE_STYLE('',#16,POSITIVE_LENGTH_MEASURE(2.E-2),#10);
#824=PRESENTATION_STYLE_ASSIGNMENT((#823));
#825=STYLED_ITEM('',(#824),#822);
#826=DIRECTION('',(0.E0,1.E0,0.E0));
#827=VECTOR('',#826,1.5E-1);
#828=CARTESIAN_POINT('',(7.75E-1,8.5E-1,-4.E0));
#829=LINE('',#828,#827);
#830=CURVE_STYLE('',#16,POSITIVE_LENGTH_MEASURE(2.E-2),#10);
#831=PRESENTATION_STYLE_ASSIGNMENT((#830));
#832=STYLED_ITEM('',(#831),#829);
#833=DIRECTION('',(0.E0,-1.E0,0.E0));
#834=VECTOR('',#833,1.5E-1);
#835=CARTESIAN_POINT('',(7.75E-1,1.E0,-4.3E0));
#836=LINE('',#835,#834);
#837=CURVE_STYLE('',#16,POSITIVE_LENGTH_MEASURE(2.E-2),#10);
#838=PRESENTATION_STYLE_ASSIGNMENT((#837));
#839=STYLED_ITEM('',(#838),#836);
#840=DIRECTION('',(0.E0,1.E0,0.E0));
#841=VECTOR('',#840,1.5E-1);
#842=CARTESIAN_POINT('',(7.266936149034E-1,8.5E-1,-3.764131063353E0));
#843=LINE('',#842,#841);
#844=CURVE_STYLE('',#16,POSITIVE_LENGTH_MEASURE(2.E-2),#10);
#845=PRESENTATION_STYLE_ASSIGNMENT((#844));
#846=STYLED_ITEM('',(#845),#843);
#847=DIRECTION('',(0.E0,1.E0,0.E0));
#848=VECTOR('',#847,1.5E-1);
#849=CARTESIAN_POINT('',(4.483063850966E-1,8.5E-1,-3.112987850777E0));
#850=LINE('',#849,#848);
#851=CURVE_STYLE('',#16,POSITIVE_LENGTH_MEASURE(2.E-2),#10);
#852=PRESENTATION_STYLE_ASSIGNMENT((#851));
#853=STYLED_ITEM('',(#852),#850);
#854=CARTESIAN_POINT('',(7.75E-1,7.E-1,-4.3E0));
#855=DIRECTION('',(1.E0,0.E0,0.E0));
#856=DIRECTION('',(0.E0,0.E0,-1.E0));
#857=AXIS2_PLACEMENT_3D('',#854,#855,#856);
#859=CURVE_STYLE('',#16,POSITIVE_LENGTH_MEASURE(2.E-2),#10);
#860=PRESENTATION_STYLE_ASSIGNMENT((#859));
#861=STYLED_ITEM('',(#860),#858);
#862=DIRECTION('',(0.E0,0.E0,1.E0));
#863=VECTOR('',#862,1.5E-1);
#864=CARTESIAN_POINT('',(7.75E-1,7.E-1,-4.6E0));
#865=LINE('',#864,#863);
#866=CURVE_STYLE('',#16,POSITIVE_LENGTH_MEASURE(2.E-2),#10);
#867=PRESENTATION_STYLE_ASSIGNMENT((#866));
#868=STYLED_ITEM('',(#867),#865);
#869=CARTESIAN_POINT('',(7.75E-1,7.E-1,-4.3E0));
#870=DIRECTION('',(1.E0,0.E0,0.E0));
#871=DIRECTION('',(0.E0,0.E0,-1.E0));
#872=AXIS2_PLACEMENT_3D('',#869,#870,#871);
#874=CURVE_STYLE('',#16,POSITIVE_LENGTH_MEASURE(2.E-2),#10);
#875=PRESENTATION_STYLE_ASSIGNMENT((#874));
#876=STYLED_ITEM('',(#875),#873);
#877=DIRECTION('',(0.E0,1.E0,0.E0));
#878=VECTOR('',#877,4.E-1);
#879=CARTESIAN_POINT('',(7.75E-1,3.E-1,-4.6E0));
#880=LINE('',#879,#878);
#881=CURVE_STYLE('',#16,POSITIVE_LENGTH_MEASURE(2.E-2),#10);
#882=PRESENTATION_STYLE_ASSIGNMENT((#881));
#883=STYLED_ITEM('',(#882),#880);
#884=DIRECTION('',(0.E0,0.E0,1.E0));
#885=VECTOR('',#884,1.5E-1);
#886=CARTESIAN_POINT('',(7.75E-1,3.E-1,-4.6E0));
#887=LINE('',#886,#885);
#888=CURVE_STYLE('',#16,POSITIVE_LENGTH_MEASURE(2.E-2),#10);
#889=PRESENTATION_STYLE_ASSIGNMENT((#888));
#890=STYLED_ITEM('',(#889),#887);
#891=DIRECTION('',(0.E0,1.E0,0.E0));
#892=VECTOR('',#891,4.E-1);
#893=CARTESIAN_POINT('',(7.75E-1,3.E-1,-4.45E0));
#894=LINE('',#893,#892);
#895=CURVE_STYLE('',#16,POSITIVE_LENGTH_MEASURE(2.E-2),#10);
#896=PRESENTATION_STYLE_ASSIGNMENT((#895));
#897=STYLED_ITEM('',(#896),#894);
#898=DIRECTION('',(-1.E0,0.E0,0.E0));
#899=VECTOR('',#898,1.55E0);
#900=CARTESIAN_POINT('',(7.75E-1,3.E-1,-4.6E0));
#901=LINE('',#900,#899);
#902=CURVE_STYLE('',#16,POSITIVE_LENGTH_MEASURE(2.E-2),#10);
#903=PRESENTATION_STYLE_ASSIGNMENT((#902));
#904=STYLED_ITEM('',(#903),#901);
#905=DIRECTION('',(0.E0,1.E0,0.E0));
#906=VECTOR('',#905,4.E-1);
#907=CARTESIAN_POINT('',(-7.75E-1,3.E-1,-4.6E0));
#908=LINE('',#907,#906);
#909=CURVE_STYLE('',#16,POSITIVE_LENGTH_MEASURE(2.E-2),#10);
#910=PRESENTATION_STYLE_ASSIGNMENT((#909));
#911=STYLED_ITEM('',(#910),#908);
#912=DIRECTION('',(0.E0,0.E0,1.E0));
#913=VECTOR('',#912,1.5E-1);
#914=CARTESIAN_POINT('',(-7.75E-1,7.E-1,-4.6E0));
#915=LINE('',#914,#913);
#916=CURVE_STYLE('',#16,POSITIVE_LENGTH_MEASURE(2.E-2),#10);
#917=PRESENTATION_STYLE_ASSIGNMENT((#916));
#918=STYLED_ITEM('',(#917),#915);
#919=DIRECTION('',(0.E0,1.E0,0.E0));
#920=VECTOR('',#919,4.E-1);
#921=CARTESIAN_POINT('',(-7.75E-1,3.E-1,-4.45E0));
#922=LINE('',#921,#920);
#923=CURVE_STYLE('',#16,POSITIVE_LENGTH_MEASURE(2.E-2),#10);
#924=PRESENTATION_STYLE_ASSIGNMENT((#923));
#925=STYLED_ITEM('',(#924),#922);
#926=DIRECTION('',(-1.E0,0.E0,0.E0));
#927=VECTOR('',#926,1.55E0);
#928=CARTESIAN_POINT('',(7.75E-1,3.E-1,-4.45E0));
#929=LINE('',#928,#927);
#930=CURVE_STYLE('',#16,POSITIVE_LENGTH_MEASURE(2.E-2),#10);
#931=PRESENTATION_STYLE_ASSIGNMENT((#930));
#932=STYLED_ITEM('',(#931),#929);
#933=DIRECTION('',(-1.E0,0.E0,0.E0));
#934=VECTOR('',#933,1.55E0);
#935=CARTESIAN_POINT('',(7.75E-1,1.5E-1,-4.3E0));
#936=LINE('',#935,#934);
#937=CURVE_STYLE('',#16,POSITIVE_LENGTH_MEASURE(2.E-2),#10);
#938=PRESENTATION_STYLE_ASSIGNMENT((#937));
#939=STYLED_ITEM('',(#938),#936);
#940=CARTESIAN_POINT('',(7.75E-1,3.E-1,-4.3E0));
#941=DIRECTION('',(1.E0,0.E0,0.E0));
#942=DIRECTION('',(0.E0,-1.E0,0.E0));
#943=AXIS2_PLACEMENT_3D('',#940,#941,#942);
#945=CURVE_STYLE('',#16,POSITIVE_LENGTH_MEASURE(2.E-2),#10);
#946=PRESENTATION_STYLE_ASSIGNMENT((#945));
#947=STYLED_ITEM('',(#946),#944);
#948=DIRECTION('',(0.E0,1.E0,0.E0));
#949=VECTOR('',#948,1.5E-1);
#950=CARTESIAN_POINT('',(7.75E-1,0.E0,-4.3E0));
#951=LINE('',#950,#949);
#952=CURVE_STYLE('',#16,POSITIVE_LENGTH_MEASURE(2.E-2),#10);
#953=PRESENTATION_STYLE_ASSIGNMENT((#952));
#954=STYLED_ITEM('',(#953),#951);
#955=CARTESIAN_POINT('',(7.75E-1,3.E-1,-4.3E0));
#956=DIRECTION('',(1.E0,0.E0,0.E0));
#957=DIRECTION('',(0.E0,-1.E0,0.E0));
#958=AXIS2_PLACEMENT_3D('',#955,#956,#957);
#960=CURVE_STYLE('',#16,POSITIVE_LENGTH_MEASURE(2.E-2),#10);
#961=PRESENTATION_STYLE_ASSIGNMENT((#960));
#962=STYLED_ITEM('',(#961),#959);
#963=DIRECTION('',(-1.E0,0.E0,0.E0));
#964=VECTOR('',#963,1.55E0);
#965=CARTESIAN_POINT('',(7.75E-1,0.E0,-4.3E0));
#966=LINE('',#965,#964);
#967=CURVE_STYLE('',#16,POSITIVE_LENGTH_MEASURE(2.E-2),#10);
#968=PRESENTATION_STYLE_ASSIGNMENT((#967));
#969=STYLED_ITEM('',(#968),#966);
#970=CARTESIAN_POINT('',(-7.75E-1,3.E-1,-4.3E0));
#971=DIRECTION('',(1.E0,0.E0,0.E0));
#972=DIRECTION('',(0.E0,-1.E0,0.E0));
#973=AXIS2_PLACEMENT_3D('',#970,#971,#972);
#975=CURVE_STYLE('',#16,POSITIVE_LENGTH_MEASURE(2.E-2),#10);
#976=PRESENTATION_STYLE_ASSIGNMENT((#975));
#977=STYLED_ITEM('',(#976),#974);
#978=DIRECTION('',(0.E0,0.E0,1.E0));
#979=VECTOR('',#978,1.5E-1);
#980=CARTESIAN_POINT('',(-7.75E-1,3.E-1,-4.6E0));
#981=LINE('',#980,#979);
#982=CURVE_STYLE('',#16,POSITIVE_LENGTH_MEASURE(2.E-2),#10);
#983=PRESENTATION_STYLE_ASSIGNMENT((#982));
#984=STYLED_ITEM('',(#983),#981);
#985=CARTESIAN_POINT('',(-7.75E-1,3.E-1,-4.3E0));
#986=DIRECTION('',(1.E0,0.E0,0.E0));
#987=DIRECTION('',(0.E0,-1.E0,0.E0));
#988=AXIS2_PLACEMENT_3D('',#985,#986,#987);
#990=CURVE_STYLE('',#16,POSITIVE_LENGTH_MEASURE(2.E-2),#10);
#991=PRESENTATION_STYLE_ASSIGNMENT((#990));
#992=STYLED_ITEM('',(#991),#989);
#993=DIRECTION('',(0.E0,1.E0,0.E0));
#994=VECTOR('',#993,1.5E-1);
#995=CARTESIAN_POINT('',(-7.75E-1,0.E0,-4.3E0));
#996=LINE('',#995,#994);
#997=CURVE_STYLE('',#16,POSITIVE_LENGTH_MEASURE(2.E-2),#10);
#998=PRESENTATION_STYLE_ASSIGNMENT((#997));
#999=STYLED_ITEM('',(#998),#996);
#1000=DIRECTION('',(0.E0,-9.282352758837E-1,3.719936459203E-1));
#1001=VECTOR('',#1000,1.615969613493E-1);
#1002=CARTESIAN_POINT('',(-7.75E-1,1.5E-1,-3.554351332383E0));
#1003=LINE('',#1002,#1001);
#1004=CURVE_STYLE('',#16,POSITIVE_LENGTH_MEASURE(2.E-2),#10);
#1005=PRESENTATION_STYLE_ASSIGNMENT((#1004));
#1006=STYLED_ITEM('',(#1005),#1003);
#1007=DIRECTION('',(0.E0,0.E0,1.E0));
#1008=VECTOR('',#1007,7.456486676169E-1);
#1009=CARTESIAN_POINT('',(7.75E-1,1.5E-1,-4.3E0));
#1010=LINE('',#1009,#1008);
#1011=CURVE_STYLE('',#16,POSITIVE_LENGTH_MEASURE(2.E-2),#10);
#1012=PRESENTATION_STYLE_ASSIGNMENT((#1011));
#1013=STYLED_ITEM('',(#1012),#1010);
#1014=DIRECTION('',(0.E0,0.E0,1.E0));
#1015=VECTOR('',#1014,7.456486676169E-1);
#1016=CARTESIAN_POINT('',(-7.75E-1,1.5E-1,-4.3E0));
#1017=LINE('',#1016,#1015);
#1018=CURVE_STYLE('',#16,POSITIVE_LENGTH_MEASURE(2.E-2),#10);
#1019=PRESENTATION_STYLE_ASSIGNMENT((#1018));
#1020=STYLED_ITEM('',(#1019),#1017);
#1021=DIRECTION('',(0.E0,0.E0,1.E0));
#1022=VECTOR('',#1021,8.057617104388E-1);
#1023=CARTESIAN_POINT('',(-7.75E-1,0.E0,-4.3E0));
#1024=LINE('',#1023,#1022);
#1025=CURVE_STYLE('',#16,POSITIVE_LENGTH_MEASURE(2.E-2),#10);
#1026=PRESENTATION_STYLE_ASSIGNMENT((#1025));
#1027=STYLED_ITEM('',(#1026),#1024);
#1028=DIRECTION('',(0.E0,0.E0,1.E0));
#1029=VECTOR('',#1028,8.057617104388E-1);
#1030=CARTESIAN_POINT('',(7.75E-1,0.E0,-4.3E0));
#1031=LINE('',#1030,#1029);
#1032=CURVE_STYLE('',#16,POSITIVE_LENGTH_MEASURE(2.E-2),#10);
#1033=PRESENTATION_STYLE_ASSIGNMENT((#1032));
#1034=STYLED_ITEM('',(#1033),#1031);
#1035=CARTESIAN_POINT('',(-7.75E-1,-3.2E-1,-3.15E0));
#1036=DIRECTION('',(1.E0,0.E0,0.E0));
#1037=DIRECTION('',(0.E0,6.808510638298E-1,-7.324218926833E-1));
#1038=AXIS2_PLACEMENT_3D('',#1035,#1036,#1037);
#1040=CURVE_STYLE('',#16,POSITIVE_LENGTH_MEASURE(2.E-2),#10);
#1041=PRESENTATION_STYLE_ASSIGNMENT((#1040));
#1042=STYLED_ITEM('',(#1041),#1039);
#1043=DIRECTION('',(1.E0,0.E0,0.E0));
#1044=VECTOR('',#1043,1.551655603812E0);
#1045=CARTESIAN_POINT('',(-7.758278019058E-1,0.E0,-2.805761710439E0));
#1046=LINE('',#1045,#1044);
#1047=CURVE_STYLE('',#16,POSITIVE_LENGTH_MEASURE(2.E-2),#10);
#1048=PRESENTATION_STYLE_ASSIGNMENT((#1047));
#1049=STYLED_ITEM('',(#1048),#1046);
#1050=CARTESIAN_POINT('',(7.75E-1,-3.2E-1,-3.15E0));
#1051=DIRECTION('',(1.E0,0.E0,0.E0));
#1052=DIRECTION('',(0.E0,6.808510638298E-1,-7.324218926833E-1));
#1053=AXIS2_PLACEMENT_3D('',#1050,#1051,#1052);
#1055=CURVE_STYLE('',#16,POSITIVE_LENGTH_MEASURE(2.E-2),#10);
#1056=PRESENTATION_STYLE_ASSIGNMENT((#1055));
#1057=STYLED_ITEM('',(#1056),#1054);
#1058=DIRECTION('',(-1.E0,0.E0,0.E0));
#1059=VECTOR('',#1058,1.55E0);
#1060=CARTESIAN_POINT('',(7.75E-1,0.E0,-3.494238289561E0));
#1061=LINE('',#1060,#1059);
#1062=CURVE_STYLE('',#16,POSITIVE_LENGTH_MEASURE(2.E-2),#10);
#1063=PRESENTATION_STYLE_ASSIGNMENT((#1062));
#1064=STYLED_ITEM('',(#1063),#1061);
#1065=DIRECTION('',(0.E0,-1.E0,0.E0));
#1066=VECTOR('',#1065,1.844947471539E-1);
#1067=CARTESIAN_POINT('',(-7.75E-1,2.153494199014E-1,-2.837268487978E0));
#1068=LINE('',#1067,#1066);
#1069=CURVE_STYLE('',#16,POSITIVE_LENGTH_MEASURE(2.E-2),#10);
#1070=PRESENTATION_STYLE_ASSIGNMENT((#1069));
#1071=STYLED_ITEM('',(#1070),#1068);
#1072=CARTESIAN_POINT('',(-7.75E-1,2.153494199014E-1,-2.837268487978E0));
#1073=CARTESIAN_POINT('',(-7.75E-1,2.061878302050E-1,-2.821585221212E0));
#1074=CARTESIAN_POINT('',(-7.762311735838E-1,1.862041937286E-1,
-2.790537108561E0));
#1075=CARTESIAN_POINT('',(-7.797571068330E-1,1.626912206229E-1,
-2.760400377863E0));
#1076=CARTESIAN_POINT('',(-7.820364188950E-1,1.5E-1,-2.745648667617E0));
#1078=CURVE_STYLE('',#16,POSITIVE_LENGTH_MEASURE(2.E-2),#10);
#1079=PRESENTATION_STYLE_ASSIGNMENT((#1078));
#1080=STYLED_ITEM('',(#1079),#1077);
#1081=CARTESIAN_POINT('',(-1.375E0,1.5E-1,-2.837268487978E0));
#1082=DIRECTION('',(0.E0,-1.E0,0.E0));
#1083=DIRECTION('',(9.882726351751E-1,0.E0,1.526997006026E-1));
#1084=AXIS2_PLACEMENT_3D('',#1081,#1082,#1083);
#1086=CURVE_STYLE('',#16,POSITIVE_LENGTH_MEASURE(2.E-2),#10);
#1087=PRESENTATION_STYLE_ASSIGNMENT((#1086));
#1088=STYLED_ITEM('',(#1087),#1085);
#1089=CARTESIAN_POINT('',(-1.375E0,0.E0,-2.837268487978E0));
#1090=DIRECTION('',(0.E0,1.E0,0.E0));
#1091=DIRECTION('',(7.295372041401E-1,0.E0,6.839411288813E-1));
#1092=AXIS2_PLACEMENT_3D('',#1089,#1090,#1091);
#1094=CURVE_STYLE('',#16,POSITIVE_LENGTH_MEASURE(2.E-2),#10);
#1095=PRESENTATION_STYLE_ASSIGNMENT((#1094));
#1096=STYLED_ITEM('',(#1095),#1093);
#1097=CARTESIAN_POINT('',(-7.758278019058E-1,0.E0,-2.805761710439E0));
#1098=CARTESIAN_POINT('',(-7.755634649465E-1,5.407726938336E-3,
-2.810788671915E0));
#1099=CARTESIAN_POINT('',(-7.751496857754E-1,1.595681260716E-2,
-2.821069838700E0));
#1100=CARTESIAN_POINT('',(-7.75E-1,2.597681880451E-2,-2.831796005088E0));
#1101=CARTESIAN_POINT('',(-7.75E-1,3.085467274745E-2,-2.837268487978E0));
#1103=CURVE_STYLE('',#16,POSITIVE_LENGTH_MEASURE(2.E-2),#10);
#1104=PRESENTATION_STYLE_ASSIGNMENT((#1103));
#1105=STYLED_ITEM('',(#1104),#1102);
#1106=CARTESIAN_POINT('',(-7.75E-1,-3.2E-1,-3.15E0));
#1107=DIRECTION('',(1.E0,0.E0,0.E0));
#1108=DIRECTION('',(0.E0,7.580645161290E-1,-6.521795683599E-1));
#1109=AXIS2_PLACEMENT_3D('',#1106,#1107,#1108);
#1111=CURVE_STYLE('',#16,POSITIVE_LENGTH_MEASURE(2.E-2),#10);
#1112=PRESENTATION_STYLE_ASSIGNMENT((#1111));
#1113=STYLED_ITEM('',(#1112),#1110);
#1114=DIRECTION('',(-1.E0,0.E0,0.E0));
#1115=VECTOR('',#1114,1.55E0);
#1116=CARTESIAN_POINT('',(7.75E-1,1.5E-1,-3.554351332383E0));
#1117=LINE('',#1116,#1115);
#1118=CURVE_STYLE('',#16,POSITIVE_LENGTH_MEASURE(2.E-2),#10);
#1119=PRESENTATION_STYLE_ASSIGNMENT((#1118));
#1120=STYLED_ITEM('',(#1119),#1117);
#1121=CARTESIAN_POINT('',(7.75E-1,-3.2E-1,-3.15E0));
#1122=DIRECTION('',(1.E0,0.E0,0.E0));
#1123=DIRECTION('',(0.E0,7.580645161290E-1,-6.521795683599E-1));
#1124=AXIS2_PLACEMENT_3D('',#1121,#1122,#1123);
#1126=CURVE_STYLE('',#16,POSITIVE_LENGTH_MEASURE(2.E-2),#10);
#1127=PRESENTATION_STYLE_ASSIGNMENT((#1126));
#1128=STYLED_ITEM('',(#1127),#1125);
#1129=CARTESIAN_POINT('',(5.5E-1,1.5E-1,-1.962731512022E0));
#1130=DIRECTION('',(0.E0,1.E0,0.E0));
#1131=DIRECTION('',(1.E0,0.E0,0.E0));
#1132=AXIS2_PLACEMENT_3D('',#1129,#1130,#1131);
#1134=CURVE_STYLE('',#16,POSITIVE_LENGTH_MEASURE(2.E-2),#10);
#1135=PRESENTATION_STYLE_ASSIGNMENT((#1134));
#1136=STYLED_ITEM('',(#1135),#1133);
#1137=DIRECTION('',(0.E0,0.E0,1.E0));
#1138=VECTOR('',#1137,1.962731512022E0);
#1139=CARTESIAN_POINT('',(1.15E0,1.5E-1,-1.962731512022E0));
#1140=LINE('',#1139,#1138);
#1141=CURVE_STYLE('',#16,POSITIVE_LENGTH_MEASURE(2.E-2),#10);
#1142=PRESENTATION_STYLE_ASSIGNMENT((#1141));
#1143=STYLED_ITEM('',(#1142),#1140);
#1144=CARTESIAN_POINT('',(-5.5E-1,1.5E-1,-1.962731512022E0));
#1145=DIRECTION('',(0.E0,1.E0,0.E0));
#1146=DIRECTION('',(-7.295372041401E-1,0.E0,-6.839411288813E-1));
#1147=AXIS2_PLACEMENT_3D('',#1144,#1145,#1146);
#1149=CURVE_STYLE('',#16,POSITIVE_LENGTH_MEASURE(2.E-2),#10);
#1150=PRESENTATION_STYLE_ASSIGNMENT((#1149));
#1151=STYLED_ITEM('',(#1150),#1148);
#1152=DIRECTION('',(6.839411288813E-1,0.E0,-7.295372041401E-1));
#1153=VECTOR('',#1152,7.375582902963E-2);
#1154=CARTESIAN_POINT('',(-9.877223224841E-1,1.5E-1,-2.373096189350E0));
#1155=LINE('',#1154,#1153);
#1156=CURVE_STYLE('',#16,POSITIVE_LENGTH_MEASURE(2.E-2),#10);
#1157=PRESENTATION_STYLE_ASSIGNMENT((#1156));
#1158=STYLED_ITEM('',(#1157),#1155);
#1159=DIRECTION('',(1.E0,0.E0,0.E0));
#1160=VECTOR('',#1159,1.564072837790E0);
#1161=CARTESIAN_POINT('',(-7.820364188950E-1,1.5E-1,-2.745648667617E0));
#1162=LINE('',#1161,#1160);
#1163=CURVE_STYLE('',#16,POSITIVE_LENGTH_MEASURE(2.E-2),#10);
#1164=PRESENTATION_STYLE_ASSIGNMENT((#1163));
#1165=STYLED_ITEM('',(#1164),#1162);
#1166=DIRECTION('',(6.839411288813E-1,0.E0,7.295372041401E-1));
#1167=VECTOR('',#1166,7.375582902963E-2);
#1168=CARTESIAN_POINT('',(9.372776775159E-1,1.5E-1,-2.426903810650E0));
#1169=LINE('',#1168,#1167);
#1170=CURVE_STYLE('',#16,POSITIVE_LENGTH_MEASURE(2.E-2),#10);
#1171=PRESENTATION_STYLE_ASSIGNMENT((#1170));
#1172=STYLED_ITEM('',(#1171),#1169);
#1173=CARTESIAN_POINT('',(0.E0,1.5E-1,-1.2E0));
#1174=DIRECTION('',(0.E0,-1.E0,0.E0));
#1175=DIRECTION('',(1.E0,0.E0,0.E0));
#1176=AXIS2_PLACEMENT_3D('',#1173,#1174,#1175);
#1178=CURVE_STYLE('',#16,POSITIVE_LENGTH_MEASURE(2.E-2),#10);
#1179=PRESENTATION_STYLE_ASSIGNMENT((#1178));
#1180=STYLED_ITEM('',(#1179),#1177);
#1181=CARTESIAN_POINT('',(0.E0,1.5E-1,-1.2E0));
#1182=DIRECTION('',(0.E0,-1.E0,0.E0));
#1183=DIRECTION('',(-1.E0,0.E0,0.E0));
#1184=AXIS2_PLACEMENT_3D('',#1181,#1182,#1183);
#1186=CURVE_STYLE('',#16,POSITIVE_LENGTH_MEASURE(2.E-2),#10);
#1187=PRESENTATION_STYLE_ASSIGNMENT((#1186));
#1188=STYLED_ITEM('',(#1187),#1185);
#1189=DIRECTION('',(0.E0,1.E0,0.E0));
#1190=VECTOR('',#1189,1.5E-1);
#1191=CARTESIAN_POINT('',(9.877223224841E-1,0.E0,-2.373096189350E0));
#1192=LINE('',#1191,#1190);
#1193=CURVE_STYLE('',#16,POSITIVE_LENGTH_MEASURE(2.E-2),#10);
#1194=PRESENTATION_STYLE_ASSIGNMENT((#1193));
#1195=STYLED_ITEM('',(#1194),#1192);
#1196=DIRECTION('',(0.E0,-1.E0,0.E0));
#1197=VECTOR('',#1196,1.5E-1);
#1198=CARTESIAN_POINT('',(9.372776775159E-1,1.5E-1,-2.426903810650E0));
#1199=LINE('',#1198,#1197);
#1200=CURVE_STYLE('',#16,POSITIVE_LENGTH_MEASURE(2.E-2),#10);
#1201=PRESENTATION_STYLE_ASSIGNMENT((#1200));
#1202=STYLED_ITEM('',(#1201),#1199);
#1203=CARTESIAN_POINT('',(1.375E0,1.5E-1,-2.837268487978E0));
#1204=DIRECTION('',(0.E0,-1.E0,0.E0));
#1205=DIRECTION('',(-7.295372041401E-1,0.E0,6.839411288813E-1));
#1206=AXIS2_PLACEMENT_3D('',#1203,#1204,#1205);
#1208=CURVE_STYLE('',#16,POSITIVE_LENGTH_MEASURE(2.E-2),#10);
#1209=PRESENTATION_STYLE_ASSIGNMENT((#1208));
#1210=STYLED_ITEM('',(#1209),#1207);
#1211=CARTESIAN_POINT('',(7.820364188950E-1,1.5E-1,-2.745648667617E0));
#1212=CARTESIAN_POINT('',(7.797607569351E-1,1.626708968365E-1,
-2.760376754397E0));
#1213=CARTESIAN_POINT('',(7.762353248473E-1,1.861676326453E-1,
-2.790485617170E0));
#1214=CARTESIAN_POINT('',(7.75E-1,2.061720100490E-1,-2.821558139479E0));
#1215=CARTESIAN_POINT('',(7.75E-1,2.153494199014E-1,-2.837268487978E0));
#1217=CURVE_STYLE('',#16,POSITIVE_LENGTH_MEASURE(2.E-2),#10);
#1218=PRESENTATION_STYLE_ASSIGNMENT((#1217));
#1219=STYLED_ITEM('',(#1218),#1216);
#1220=CARTESIAN_POINT('',(7.75E-1,3.085467274745E-2,-2.837268487978E0));
#1221=CARTESIAN_POINT('',(7.75E-1,2.597629964235E-2,-2.831795422638E0));
#1222=CARTESIAN_POINT('',(7.751497167186E-1,1.595571864747E-2,
-2.821068721360E0));
#1223=CARTESIAN_POINT('',(7.755634928630E-1,5.407155830215E-3,
-2.810788141019E0));
#1224=CARTESIAN_POINT('',(7.758278019058E-1,0.E0,-2.805761710439E0));
#1226=CURVE_STYLE('',#16,POSITIVE_LENGTH_MEASURE(2.E-2),#10);
#1227=PRESENTATION_STYLE_ASSIGNMENT((#1226));
#1228=STYLED_ITEM('',(#1227),#1225);
#1229=CARTESIAN_POINT('',(1.375E0,0.E0,-2.837268487978E0));
#1230=DIRECTION('',(0.E0,1.E0,0.E0));
#1231=DIRECTION('',(-9.986203301570E-1,0.E0,5.251129589937E-2));
#1232=AXIS2_PLACEMENT_3D('',#1229,#1230,#1231);
#1234=CURVE_STYLE('',#16,POSITIVE_LENGTH_MEASURE(2.E-2),#10);
#1235=PRESENTATION_STYLE_ASSIGNMENT((#1234));
#1236=STYLED_ITEM('',(#1235),#1233);
#1237=DIRECTION('',(0.E0,-1.E0,0.E0));
#1238=VECTOR('',#1237,1.844947471539E-1);
#1239=CARTESIAN_POINT('',(7.75E-1,2.153494199014E-1,-2.837268487978E0));
#1240=LINE('',#1239,#1238);
#1241=CURVE_STYLE('',#16,POSITIVE_LENGTH_MEASURE(2.E-2),#10);
#1242=PRESENTATION_STYLE_ASSIGNMENT((#1241));
#1243=STYLED_ITEM('',(#1242),#1240);
#1244=DIRECTION('',(0.E0,-9.282352758837E-1,3.719936459203E-1));
#1245=VECTOR('',#1244,1.615969613493E-1);
#1246=CARTESIAN_POINT('',(7.75E-1,1.5E-1,-3.554351332383E0));
#1247=LINE('',#1246,#1245);
#1248=CURVE_STYLE('',#16,POSITIVE_LENGTH_MEASURE(2.E-2),#10);
#1249=PRESENTATION_STYLE_ASSIGNMENT((#1248));
#1250=STYLED_ITEM('',(#1249),#1247);
#1251=CARTESIAN_POINT('',(5.5E-1,0.E0,-1.962731512022E0));
#1252=DIRECTION('',(0.E0,-1.E0,0.E0));
#1253=DIRECTION('',(7.295372041401E-1,0.E0,-6.839411288813E-1));
#1254=AXIS2_PLACEMENT_3D('',#1251,#1252,#1253);
#1256=CURVE_STYLE('',#16,POSITIVE_LENGTH_MEASURE(2.E-2),#10);
#1257=PRESENTATION_STYLE_ASSIGNMENT((#1256));
#1258=STYLED_ITEM('',(#1257),#1255);
#1259=DIRECTION('',(6.839411288813E-1,0.E0,7.295372041401E-1));
#1260=VECTOR('',#1259,7.375582902963E-2);
#1261=CARTESIAN_POINT('',(9.372776775159E-1,0.E0,-2.426903810650E0));
#1262=LINE('',#1261,#1260);
#1263=CURVE_STYLE('',#16,POSITIVE_LENGTH_MEASURE(2.E-2),#10);
#1264=PRESENTATION_STYLE_ASSIGNMENT((#1263));
#1265=STYLED_ITEM('',(#1264),#1262);
#1266=DIRECTION('',(6.839411288813E-1,0.E0,-7.295372041401E-1));
#1267=VECTOR('',#1266,7.375582902963E-2);
#1268=CARTESIAN_POINT('',(-9.877223224841E-1,0.E0,-2.373096189350E0));
#1269=LINE('',#1268,#1267);
#1270=CURVE_STYLE('',#16,POSITIVE_LENGTH_MEASURE(2.E-2),#10);
#1271=PRESENTATION_STYLE_ASSIGNMENT((#1270));
#1272=STYLED_ITEM('',(#1271),#1269);
#1273=CARTESIAN_POINT('',(-5.5E-1,0.E0,-1.962731512022E0));
#1274=DIRECTION('',(0.E0,-1.E0,0.E0));
#1275=DIRECTION('',(-1.E0,0.E0,0.E0));
#1276=AXIS2_PLACEMENT_3D('',#1273,#1274,#1275);
#1278=CURVE_STYLE('',#16,POSITIVE_LENGTH_MEASURE(2.E-2),#10);
#1279=PRESENTATION_STYLE_ASSIGNMENT((#1278));
#1280=STYLED_ITEM('',(#1279),#1277);
#1281=DIRECTION('',(0.E0,0.E0,1.E0));
#1282=VECTOR('',#1281,1.962731512022E0);
#1283=CARTESIAN_POINT('',(1.15E0,0.E0,-1.962731512022E0));
#1284=LINE('',#1283,#1282);
#1285=CURVE_STYLE('',#16,POSITIVE_LENGTH_MEASURE(2.E-2),#10);
#1286=PRESENTATION_STYLE_ASSIGNMENT((#1285));
#1287=STYLED_ITEM('',(#1286),#1284);
#1288=CARTESIAN_POINT('',(0.E0,0.E0,-1.2E0));
#1289=DIRECTION('',(0.E0,-1.E0,0.E0));
#1290=DIRECTION('',(1.E0,0.E0,0.E0));
#1291=AXIS2_PLACEMENT_3D('',#1288,#1289,#1290);
#1293=CURVE_STYLE('',#16,POSITIVE_LENGTH_MEASURE(2.E-2),#10);
#1294=PRESENTATION_STYLE_ASSIGNMENT((#1293));
#1295=STYLED_ITEM('',(#1294),#1292);
#1296=CARTESIAN_POINT('',(0.E0,0.E0,-1.2E0));
#1297=DIRECTION('',(0.E0,-1.E0,0.E0));
#1298=DIRECTION('',(-1.E0,0.E0,0.E0));
#1299=AXIS2_PLACEMENT_3D('',#1296,#1297,#1298);
#1301=CURVE_STYLE('',#16,POSITIVE_LENGTH_MEASURE(2.E-2),#10);
#1302=PRESENTATION_STYLE_ASSIGNMENT((#1301));
#1303=STYLED_ITEM('',(#1302),#1300);
#1304=DIRECTION('',(0.E0,1.E0,0.E0));
#1305=VECTOR('',#1304,1.5E-1);
#1306=CARTESIAN_POINT('',(-9.877223224841E-1,0.E0,-2.373096189350E0));
#1307=LINE('',#1306,#1305);
#1308=CURVE_STYLE('',#16,POSITIVE_LENGTH_MEASURE(2.E-2),#10);
#1309=PRESENTATION_STYLE_ASSIGNMENT((#1308));
#1310=STYLED_ITEM('',(#1309),#1307);
#1311=DIRECTION('',(0.E0,-1.E0,0.E0));
#1312=VECTOR('',#1311,1.5E-1);
#1313=CARTESIAN_POINT('',(-9.372776775159E-1,1.5E-1,-2.426903810650E0));
#1314=LINE('',#1313,#1312);
#1315=CURVE_STYLE('',#16,POSITIVE_LENGTH_MEASURE(2.E-2),#10);
#1316=PRESENTATION_STYLE_ASSIGNMENT((#1315));
#1317=STYLED_ITEM('',(#1316),#1314);
#1318=DIRECTION('',(0.E0,1.E0,0.E0));
#1319=VECTOR('',#1318,1.5E-1);
#1320=CARTESIAN_POINT('',(-1.15E0,0.E0,-1.962731512022E0));
#1321=LINE('',#1320,#1319);
#1322=CURVE_STYLE('',#16,POSITIVE_LENGTH_MEASURE(2.E-2),#10);
#1323=PRESENTATION_STYLE_ASSIGNMENT((#1322));
#1324=STYLED_ITEM('',(#1323),#1321);
#1325=DIRECTION('',(0.E0,0.E0,1.E0));
#1326=VECTOR('',#1325,1.962731512022E0);
#1327=CARTESIAN_POINT('',(-1.15E0,1.5E-1,-1.962731512022E0));
#1328=LINE('',#1327,#1326);
#1329=CURVE_STYLE('',#16,POSITIVE_LENGTH_MEASURE(2.E-2),#10);
#1330=PRESENTATION_STYLE_ASSIGNMENT((#1329));
#1331=STYLED_ITEM('',(#1330),#1328);
#1332=DIRECTION('',(0.E0,-1.E0,0.E0));
#1333=VECTOR('',#1332,1.5E-1);
#1334=CARTESIAN_POINT('',(-1.15E0,1.5E-1,0.E0));
#1335=LINE('',#1334,#1333);
#1336=CURVE_STYLE('',#16,POSITIVE_LENGTH_MEASURE(2.E-2),#10);
#1337=PRESENTATION_STYLE_ASSIGNMENT((#1336));
#1338=STYLED_ITEM('',(#1337),#1335);
#1339=DIRECTION('',(0.E0,0.E0,1.E0));
#1340=VECTOR('',#1339,1.962731512022E0);
#1341=CARTESIAN_POINT('',(-1.15E0,0.E0,-1.962731512022E0));
#1342=LINE('',#1341,#1340);
#1343=CURVE_STYLE('',#16,POSITIVE_LENGTH_MEASURE(2.E-2),#10);
#1344=PRESENTATION_STYLE_ASSIGNMENT((#1343));
#1345=STYLED_ITEM('',(#1344),#1342);
#1346=DIRECTION('',(-1.E0,0.E0,0.E0));
#1347=VECTOR('',#1346,2.3E0);
#1348=CARTESIAN_POINT('',(1.15E0,1.5E-1,0.E0));
#1349=LINE('',#1348,#1347);
#1350=CURVE_STYLE('',#16,POSITIVE_LENGTH_MEASURE(2.E-2),#10);
#1351=PRESENTATION_STYLE_ASSIGNMENT((#1350));
#1352=STYLED_ITEM('',(#1351),#1349);
#1353=DIRECTION('',(0.E0,-1.E0,0.E0));
#1354=VECTOR('',#1353,1.5E-1);
#1355=CARTESIAN_POINT('',(1.15E0,1.5E-1,0.E0));
#1356=LINE('',#1355,#1354);
#1357=CURVE_STYLE('',#16,POSITIVE_LENGTH_MEASURE(2.E-2),#10);
#1358=PRESENTATION_STYLE_ASSIGNMENT((#1357));
#1359=STYLED_ITEM('',(#1358),#1356);
#1360=DIRECTION('',(-1.E0,0.E0,0.E0));
#1361=VECTOR('',#1360,2.3E0);
#1362=CARTESIAN_POINT('',(1.15E0,0.E0,0.E0));
#1363=LINE('',#1362,#1361);
#1364=CURVE_STYLE('',#16,POSITIVE_LENGTH_MEASURE(2.E-2),#10);
#1365=PRESENTATION_STYLE_ASSIGNMENT((#1364));
#1366=STYLED_ITEM('',(#1365),#1363);
#1367=DIRECTION('',(0.E0,1.E0,0.E0));
#1368=VECTOR('',#1367,1.5E-1);
#1369=CARTESIAN_POINT('',(1.15E0,0.E0,-1.962731512022E0));
#1370=LINE('',#1369,#1368);
#1371=CURVE_STYLE('',#16,POSITIVE_LENGTH_MEASURE(2.E-2),#10);
#1372=PRESENTATION_STYLE_ASSIGNMENT((#1371));
#1373=STYLED_ITEM('',(#1372),#1370);
#1374=DIRECTION('',(0.E0,-1.E0,0.E0));
#1375=VECTOR('',#1374,1.5E-1);
#1376=CARTESIAN_POINT('',(5.E-1,1.5E-1,-1.2E0));
#1377=LINE('',#1376,#1375);
#1378=CURVE_STYLE('',#16,POSITIVE_LENGTH_MEASURE(2.E-2),#10);
#1379=PRESENTATION_STYLE_ASSIGNMENT((#1378));
#1380=STYLED_ITEM('',(#1379),#1377);
#1381=DIRECTION('',(0.E0,-1.E0,0.E0));
#1382=VECTOR('',#1381,1.5E-1);
#1383=CARTESIAN_POINT('',(-5.E-1,1.5E-1,-1.2E0));
#1384=LINE('',#1383,#1382);
#1385=CURVE_STYLE('',#16,POSITIVE_LENGTH_MEASURE(2.E-2),#10);
#1386=PRESENTATION_STYLE_ASSIGNMENT((#1385));
#1387=STYLED_ITEM('',(#1386),#1384);
#1388=DIRECTION('',(-1.E0,0.E0,0.E0));
#1389=VECTOR('',#1388,1.55E0);
#1390=CARTESIAN_POINT('',(7.75E-1,7.E-1,-4.45E0));
#1391=LINE('',#1390,#1389);
#1392=CURVE_STYLE('',#16,POSITIVE_LENGTH_MEASURE(2.E-2),#10);
#1393=PRESENTATION_STYLE_ASSIGNMENT((#1392));
#1394=STYLED_ITEM('',(#1393),#1391);
#1395=CARTESIAN_POINT('',(7.75E-1,1.5E-1,-3.554351332383E0));
#1396=CARTESIAN_POINT('',(-7.75E-1,1.5E-1,-3.554351332383E0));
#1397=VERTEX_POINT('',#1395);
#1398=VERTEX_POINT('',#1396);
#1399=CARTESIAN_POINT('',(1.15E0,1.5E-1,0.E0));
#1400=CARTESIAN_POINT('',(-1.15E0,1.5E-1,0.E0));
#1401=VERTEX_POINT('',#1399);
#1402=VERTEX_POINT('',#1400);
#1403=CARTESIAN_POINT('',(7.75E-1,0.E0,-3.494238289561E0));
#1404=CARTESIAN_POINT('',(-7.75E-1,0.E0,-3.494238289561E0));
#1405=VERTEX_POINT('',#1403);
#1406=VERTEX_POINT('',#1404);
#1407=CARTESIAN_POINT('',(1.15E0,0.E0,0.E0));
#1408=CARTESIAN_POINT('',(-1.15E0,0.E0,0.E0));
#1409=VERTEX_POINT('',#1407);
#1410=VERTEX_POINT('',#1408);
#1411=CARTESIAN_POINT('',(9.372776775159E-1,1.5E-1,-2.426903810650E0));
#1412=CARTESIAN_POINT('',(9.372776775159E-1,0.E0,-2.426903810650E0));
#1413=VERTEX_POINT('',#1411);
#1414=VERTEX_POINT('',#1412);
#1415=CARTESIAN_POINT('',(7.75E-1,2.153494199014E-1,-2.837268487978E0));
#1416=CARTESIAN_POINT('',(7.75E-1,3.085467274745E-2,-2.837268487978E0));
#1417=VERTEX_POINT('',#1415);
#1418=VERTEX_POINT('',#1416);
#1419=CARTESIAN_POINT('',(-7.75E-1,2.153494199014E-1,-2.837268487978E0));
#1420=CARTESIAN_POINT('',(-7.75E-1,3.085467274745E-2,-2.837268487978E0));
#1421=VERTEX_POINT('',#1419);
#1422=VERTEX_POINT('',#1420);
#1423=CARTESIAN_POINT('',(-9.372776775159E-1,1.5E-1,-2.426903810650E0));
#1424=CARTESIAN_POINT('',(-9.372776775159E-1,0.E0,-2.426903810650E0));
#1425=VERTEX_POINT('',#1423);
#1426=VERTEX_POINT('',#1424);
#1427=CARTESIAN_POINT('',(7.820364188950E-1,1.5E-1,-2.745648667617E0));
#1428=VERTEX_POINT('',#1427);
#1429=VERTEX_POINT('',#1224);
#1430=VERTEX_POINT('',#1076);
#1431=CARTESIAN_POINT('',(-7.758278019058E-1,0.E0,-2.805761710439E0));
#1432=VERTEX_POINT('',#1431);
#1433=CARTESIAN_POINT('',(1.15E0,1.5E-1,-1.962731512022E0));
#1434=CARTESIAN_POINT('',(9.877223224841E-1,1.5E-1,-2.373096189350E0));
#1435=VERTEX_POINT('',#1433);
#1436=VERTEX_POINT('',#1434);
#1437=CARTESIAN_POINT('',(9.877223224841E-1,0.E0,-2.373096189350E0));
#1438=VERTEX_POINT('',#1437);
#1439=CARTESIAN_POINT('',(1.15E0,0.E0,-1.962731512022E0));
#1440=VERTEX_POINT('',#1439);
#1441=CARTESIAN_POINT('',(-9.877223224841E-1,1.5E-1,-2.373096189350E0));
#1442=CARTESIAN_POINT('',(-1.15E0,1.5E-1,-1.962731512022E0));
#1443=VERTEX_POINT('',#1441);
#1444=VERTEX_POINT('',#1442);
#1445=CARTESIAN_POINT('',(-1.15E0,0.E0,-1.962731512022E0));
#1446=VERTEX_POINT('',#1445);
#1447=CARTESIAN_POINT('',(-9.877223224841E-1,0.E0,-2.373096189350E0));
#1448=VERTEX_POINT('',#1447);
#1449=CARTESIAN_POINT('',(-7.75E-1,0.E0,-4.3E0));
#1450=VERTEX_POINT('',#1449);
#1451=CARTESIAN_POINT('',(7.75E-1,0.E0,-4.3E0));
#1452=VERTEX_POINT('',#1451);
#1453=CARTESIAN_POINT('',(7.75E-1,3.E-1,-4.6E0));
#1454=VERTEX_POINT('',#1453);
#1455=CARTESIAN_POINT('',(7.75E-1,7.E-1,-4.6E0));
#1456=VERTEX_POINT('',#1455);
#1457=CARTESIAN_POINT('',(7.75E-1,1.E0,-4.3E0));
#1458=VERTEX_POINT('',#1457);
#1459=CARTESIAN_POINT('',(-7.75E-1,3.E-1,-4.6E0));
#1460=VERTEX_POINT('',#1459);
#1461=CARTESIAN_POINT('',(-7.75E-1,7.E-1,-4.6E0));
#1462=VERTEX_POINT('',#1461);
#1463=CARTESIAN_POINT('',(-7.75E-1,1.E0,-4.3E0));
#1464=VERTEX_POINT('',#1463);
#1465=CARTESIAN_POINT('',(-7.75E-1,1.5E-1,-4.3E0));
#1466=VERTEX_POINT('',#1465);
#1467=CARTESIAN_POINT('',(7.75E-1,1.5E-1,-4.3E0));
#1468=VERTEX_POINT('',#1467);
#1469=CARTESIAN_POINT('',(7.75E-1,3.E-1,-4.45E0));
#1470=VERTEX_POINT('',#1469);
#1471=CARTESIAN_POINT('',(7.75E-1,7.E-1,-4.45E0));
#1472=VERTEX_POINT('',#1471);
#1473=CARTESIAN_POINT('',(7.75E-1,8.5E-1,-4.3E0));
#1474=VERTEX_POINT('',#1473);
#1475=CARTESIAN_POINT('',(-7.75E-1,3.E-1,-4.45E0));
#1476=VERTEX_POINT('',#1475);
#1477=CARTESIAN_POINT('',(-7.75E-1,7.E-1,-4.45E0));
#1478=VERTEX_POINT('',#1477);
#1479=CARTESIAN_POINT('',(-7.75E-1,8.5E-1,-4.3E0));
#1480=VERTEX_POINT('',#1479);
#1481=CARTESIAN_POINT('',(4.E-1,8.5E-1,-2.4E0));
#1482=CARTESIAN_POINT('',(4.E-1,8.5E-1,-2.877118914131E0));
#1483=VERTEX_POINT('',#1481);
#1484=VERTEX_POINT('',#1482);
#1485=CARTESIAN_POINT('',(4.483063850966E-1,8.5E-1,-3.112987850777E0));
#1486=VERTEX_POINT('',#1485);
#1487=CARTESIAN_POINT('',(7.266936149034E-1,8.5E-1,-3.764131063353E0));
#1488=VERTEX_POINT('',#1487);
#1489=CARTESIAN_POINT('',(7.75E-1,8.5E-1,-4.E0));
#1490=VERTEX_POINT('',#1489);
#1491=CARTESIAN_POINT('',(-7.75E-1,8.5E-1,-4.E0));
#1492=VERTEX_POINT('',#1491);
#1493=CARTESIAN_POINT('',(-7.266936149034E-1,8.5E-1,-3.764131063353E0));
#1494=VERTEX_POINT('',#1493);
#1495=CARTESIAN_POINT('',(-4.483063850966E-1,8.5E-1,-3.112987850777E0));
#1496=VERTEX_POINT('',#1495);
#1497=CARTESIAN_POINT('',(-4.E-1,8.5E-1,-2.877118914131E0));
#1498=VERTEX_POINT('',#1497);
#1499=CARTESIAN_POINT('',(-4.E-1,8.5E-1,-2.4E0));
#1500=VERTEX_POINT('',#1499);
#1501=CARTESIAN_POINT('',(4.E-1,1.012024288803E0,-1.982078658174E0));
#1502=VERTEX_POINT('',#1501);
#1503=CARTESIAN_POINT('',(-4.E-1,1.012024288803E0,-1.982078658174E0));
#1504=VERTEX_POINT('',#1503);
#1505=CARTESIAN_POINT('',(4.E-1,1.711374560618E0,-1.215701337716E0));
#1506=VERTEX_POINT('',#1505);
#1507=CARTESIAN_POINT('',(-4.E-1,1.711374560618E0,-1.215701337716E0));
#1508=VERTEX_POINT('',#1507);
#1509=CARTESIAN_POINT('',(4.E-1,1.719778648744E0,-7.938849517409E-1));
#1510=VERTEX_POINT('',#1509);
#1511=CARTESIAN_POINT('',(-4.E-1,1.719778648744E0,-7.938849517409E-1));
#1512=VERTEX_POINT('',#1511);
#1513=CARTESIAN_POINT('',(4.E-1,1.E0,-2.4E0));
#1514=CARTESIAN_POINT('',(4.E-1,1.E0,-2.877118914131E0));
#1515=VERTEX_POINT('',#1513);
#1516=VERTEX_POINT('',#1514);
#1517=CARTESIAN_POINT('',(4.483063850966E-1,1.E0,-3.112987850777E0));
#1518=VERTEX_POINT('',#1517);
#1519=CARTESIAN_POINT('',(7.266936149034E-1,1.E0,-3.764131063353E0));
#1520=VERTEX_POINT('',#1519);
#1521=CARTESIAN_POINT('',(7.75E-1,1.E0,-4.E0));
#1522=VERTEX_POINT('',#1521);
#1523=CARTESIAN_POINT('',(-7.75E-1,1.E0,-4.E0));
#1524=VERTEX_POINT('',#1523);
#1525=CARTESIAN_POINT('',(-7.266936149034E-1,1.E0,-3.764131063353E0));
#1526=VERTEX_POINT('',#1525);
#1527=CARTESIAN_POINT('',(-4.483063850966E-1,1.E0,-3.112987850777E0));
#1528=VERTEX_POINT('',#1527);
#1529=CARTESIAN_POINT('',(-4.E-1,1.E0,-2.877118914131E0));
#1530=VERTEX_POINT('',#1529);
#1531=CARTESIAN_POINT('',(-4.E-1,1.E0,-2.4E0));
#1532=VERTEX_POINT('',#1531);
#1533=CARTESIAN_POINT('',(4.E-1,1.122824864092E0,-2.083188660229E0));
#1534=VERTEX_POINT('',#1533);
#1535=CARTESIAN_POINT('',(-4.E-1,1.122824864092E0,-2.083188660229E0));
#1536=VERTEX_POINT('',#1535);
#1537=CARTESIAN_POINT('',(4.E-1,1.822175135908E0,-1.316811339771E0));
#1538=VERTEX_POINT('',#1537);
#1539=CARTESIAN_POINT('',(-4.E-1,1.822175135908E0,-1.316811339771E0));
#1540=VERTEX_POINT('',#1539);
#1541=CARTESIAN_POINT('',(4.E-1,1.834518640343E0,-6.972685228694E-1));
#1542=VERTEX_POINT('',#1541);
#1543=CARTESIAN_POINT('',(-4.E-1,1.834518640343E0,-6.972685228694E-1));
#1544=VERTEX_POINT('',#1543);
#1545=CARTESIAN_POINT('',(4.E-1,1.514081913563E0,-5.496030843367E-1));
#1546=CARTESIAN_POINT('',(2.E-1,1.385260008401E0,-3.966164288715E-1));
#1547=VERTEX_POINT('',#1545);
#1548=VERTEX_POINT('',#1546);
#1549=CARTESIAN_POINT('',(2.E-1,1.5E0,-3.E-1));
#1550=VERTEX_POINT('',#1549);
#1551=CARTESIAN_POINT('',(4.E-1,1.628821905162E0,-4.529866554653E-1));
#1552=VERTEX_POINT('',#1551);
#1553=CARTESIAN_POINT('',(-2.E-1,1.385260008401E0,-3.966164288715E-1));
#1554=CARTESIAN_POINT('',(-4.E-1,1.514081913563E0,-5.496030843367E-1));
#1555=VERTEX_POINT('',#1553);
#1556=VERTEX_POINT('',#1554);
#1557=CARTESIAN_POINT('',(-4.E-1,1.628821905162E0,-4.529866554653E-1));
#1558=VERTEX_POINT('',#1557);
#1559=CARTESIAN_POINT('',(-2.E-1,1.5E0,-3.E-1));
#1560=VERTEX_POINT('',#1559);
#1561=CARTESIAN_POINT('',(5.E-1,1.5E-1,-1.2E0));
#1562=CARTESIAN_POINT('',(-5.E-1,1.5E-1,-1.2E0));
#1563=VERTEX_POINT('',#1561);
#1564=VERTEX_POINT('',#1562);
#1565=CARTESIAN_POINT('',(5.E-1,0.E0,-1.2E0));
#1566=CARTESIAN_POINT('',(-5.E-1,0.E0,-1.2E0));
#1567=VERTEX_POINT('',#1565);
#1568=VERTEX_POINT('',#1566);
#1569=CARTESIAN_POINT('',(1.75E-1,1.711374560618E0,-1.215701337716E0));
#1570=VERTEX_POINT('',#1569);
#1571=CARTESIAN_POINT('',(-1.75E-1,1.711374560618E0,-1.215701337716E0));
#1572=VERTEX_POINT('',#1571);
#1573=CARTESIAN_POINT('',(1.75E-1,1.719778648744E0,-7.938849517409E-1));
#1574=VERTEX_POINT('',#1573);
#1575=CARTESIAN_POINT('',(-1.75E-1,1.719778648744E0,-7.938849517409E-1));
#1576=VERTEX_POINT('',#1575);
#1577=VERTEX_POINT('',#433);
#1578=VERTEX_POINT('',#461);
#1579=VERTEX_POINT('',#655);
#1580=VERTEX_POINT('',#683);
#1581=CARTESIAN_POINT('',(1.E0,9.25E-1,-2.877118914131E0));
#1582=DIRECTION('',(0.E0,1.E0,0.E0));
#1583=DIRECTION('',(-9.194893581723E-1,0.E0,-3.931148944112E-1));
#1584=AXIS2_PLACEMENT_3D('',#1581,#1582,#1583);
#1585=CYLINDRICAL_SURFACE('',#1584,6.E-1);
#1587=ORIENTED_EDGE('',*,*,#1586,.T.);
#1589=ORIENTED_EDGE('',*,*,#1588,.T.);
#1591=ORIENTED_EDGE('',*,*,#1590,.F.);
#1593=ORIENTED_EDGE('',*,*,#1592,.F.);
#1594=EDGE_LOOP('',(#1587,#1589,#1591,#1593));
#1595=FACE_OUTER_BOUND('',#1594,.F.);
#1596=ADVANCED_FACE('',(#1595),#1585,.F.);
#1597=CARTESIAN_POINT('',(7.75E-1,8.5E-1,-4.3E0));
#1598=DIRECTION('',(0.E0,-1.E0,0.E0));
#1599=DIRECTION('',(0.E0,0.E0,1.E0));
#1600=AXIS2_PLACEMENT_3D('',#1597,#1598,#1599);
#1601=PLANE('',#1600);
#1603=ORIENTED_EDGE('',*,*,#1602,.T.);
#1604=ORIENTED_EDGE('',*,*,#1586,.F.);
#1606=ORIENTED_EDGE('',*,*,#1605,.T.);
#1608=ORIENTED_EDGE('',*,*,#1607,.T.);
#1610=ORIENTED_EDGE('',*,*,#1609,.F.);
#1612=ORIENTED_EDGE('',*,*,#1611,.T.);
#1614=ORIENTED_EDGE('',*,*,#1613,.T.);
#1616=ORIENTED_EDGE('',*,*,#1615,.T.);
#1618=ORIENTED_EDGE('',*,*,#1617,.T.);
#1620=ORIENTED_EDGE('',*,*,#1619,.F.);
#1622=ORIENTED_EDGE('',*,*,#1621,.F.);
#1624=ORIENTED_EDGE('',*,*,#1623,.F.);
#1625=EDGE_LOOP('',(#1603,#1604,#1606,#1608,#1610,#1612,#1614,#1616,#1618,#1620,
#1622,#1624));
#1626=FACE_OUTER_BOUND('',#1625,.F.);
#1627=ADVANCED_FACE('',(#1626),#1601,.T.);
#1628=CARTESIAN_POINT('',(4.E-1,9.25E-1,-2.638559457065E0));
#1629=DIRECTION('',(-1.E0,0.E0,0.E0));
#1630=DIRECTION('',(0.E0,0.E0,-1.E0));
#1631=AXIS2_PLACEMENT_3D('',#1628,#1629,#1630);
#1632=PLANE('',#1631);
#1633=ORIENTED_EDGE('',*,*,#1602,.F.);
#1635=ORIENTED_EDGE('',*,*,#1634,.T.);
#1637=ORIENTED_EDGE('',*,*,#1636,.T.);
#1638=ORIENTED_EDGE('',*,*,#1588,.F.);
#1639=EDGE_LOOP('',(#1633,#1635,#1637,#1638));
#1640=FACE_OUTER_BOUND('',#1639,.F.);
#1641=ADVANCED_FACE('',(#1640),#1632,.F.);
#1642=CARTESIAN_POINT('',(4.E-1,9.618520855912E-1,-2.202995692732E0));
#1643=DIRECTION('',(1.E0,0.E0,0.E0));
#1644=DIRECTION('',(0.E0,0.E0,1.E0));
#1645=AXIS2_PLACEMENT_3D('',#1642,#1643,#1644);
#1646=PLANE('',#1645);
#1648=ORIENTED_EDGE('',*,*,#1647,.T.);
#1650=ORIENTED_EDGE('',*,*,#1649,.T.);
#1652=ORIENTED_EDGE('',*,*,#1651,.F.);
#1653=ORIENTED_EDGE('',*,*,#1634,.F.);
#1654=EDGE_LOOP('',(#1648,#1650,#1652,#1653));
#1655=FACE_OUTER_BOUND('',#1654,.F.);
#1656=ADVANCED_FACE('',(#1655),#1646,.T.);
#1657=CARTESIAN_POINT('',(7.75E-1,1.47E0,-2.4E0));
#1658=DIRECTION('',(-1.E0,0.E0,0.E0));
#1659=DIRECTION('',(0.E0,0.E0,-1.E0));
#1660=AXIS2_PLACEMENT_3D('',#1657,#1658,#1659);
#1661=CYLINDRICAL_SURFACE('',#1660,6.2E-1);
#1662=ORIENTED_EDGE('',*,*,#1647,.F.);
#1663=ORIENTED_EDGE('',*,*,#1623,.T.);
#1665=ORIENTED_EDGE('',*,*,#1664,.T.);
#1667=ORIENTED_EDGE('',*,*,#1666,.F.);
#1668=EDGE_LOOP('',(#1662,#1663,#1665,#1667));
#1669=FACE_OUTER_BOUND('',#1668,.F.);
#1670=ADVANCED_FACE('',(#1669),#1661,.T.);
#1671=CARTESIAN_POINT('',(-4.E-1,9.618520855912E-1,-2.202995692732E0));
#1672=DIRECTION('',(1.E0,0.E0,0.E0));
#1673=DIRECTION('',(0.E0,0.E0,1.E0));
#1674=AXIS2_PLACEMENT_3D('',#1671,#1672,#1673);
#1675=PLANE('',#1674);
#1676=ORIENTED_EDGE('',*,*,#1664,.F.);
#1678=ORIENTED_EDGE('',*,*,#1677,.T.);
#1680=ORIENTED_EDGE('',*,*,#1679,.T.);
#1682=ORIENTED_EDGE('',*,*,#1681,.F.);
#1683=EDGE_LOOP('',(#1676,#1678,#1680,#1682));
#1684=FACE_OUTER_BOUND('',#1683,.F.);
#1685=ADVANCED_FACE('',(#1684),#1675,.F.);
#1686=CARTESIAN_POINT('',(-4.E-1,9.25E-1,-2.638559457065E0));
#1687=DIRECTION('',(-1.E0,0.E0,0.E0));
#1688=DIRECTION('',(0.E0,0.E0,-1.E0));
#1689=AXIS2_PLACEMENT_3D('',#1686,#1687,#1688);
#1690=PLANE('',#1689);
#1691=ORIENTED_EDGE('',*,*,#1621,.T.);
#1693=ORIENTED_EDGE('',*,*,#1692,.T.);
#1695=ORIENTED_EDGE('',*,*,#1694,.F.);
#1696=ORIENTED_EDGE('',*,*,#1677,.F.);
#1697=EDGE_LOOP('',(#1691,#1693,#1695,#1696));
#1698=FACE_OUTER_BOUND('',#1697,.F.);
#1699=ADVANCED_FACE('',(#1698),#1690,.T.);
#1700=CARTESIAN_POINT('',(-1.E0,9.25E-1,-2.877118914131E0));
#1701=DIRECTION('',(0.E0,1.E0,0.E0));
#1702=DIRECTION('',(1.E0,0.E0,0.E0));
#1703=AXIS2_PLACEMENT_3D('',#1700,#1701,#1702);
#1704=CYLINDRICAL_SURFACE('',#1703,6.E-1);
#1705=ORIENTED_EDGE('',*,*,#1619,.T.);
#1707=ORIENTED_EDGE('',*,*,#1706,.T.);
#1709=ORIENTED_EDGE('',*,*,#1708,.F.);
#1710=ORIENTED_EDGE('',*,*,#1692,.F.);
#1711=EDGE_LOOP('',(#1705,#1707,#1709,#1710));
#1712=FACE_OUTER_BOUND('',#1711,.F.);
#1713=ADVANCED_FACE('',(#1712),#1704,.F.);
#1714=CARTESIAN_POINT('',(-5.875E-1,9.25E-1,-3.438559457065E0));
#1715=DIRECTION('',(9.194893581723E-1,0.E0,-3.931148944112E-1));
#1716=DIRECTION('',(3.931148944112E-1,0.E0,9.194893581723E-1));
#1717=AXIS2_PLACEMENT_3D('',#1714,#1715,#1716);
#1718=PLANE('',#1717);
#1719=ORIENTED_EDGE('',*,*,#1617,.F.);
#1721=ORIENTED_EDGE('',*,*,#1720,.T.);
#1723=ORIENTED_EDGE('',*,*,#1722,.T.);
#1724=ORIENTED_EDGE('',*,*,#1706,.F.);
#1725=EDGE_LOOP('',(#1719,#1721,#1723,#1724));
#1726=FACE_OUTER_BOUND('',#1725,.F.);
#1727=ADVANCED_FACE('',(#1726),#1718,.F.);
#1728=CARTESIAN_POINT('',(-1.75E-1,9.25E-1,-4.E0));
#1729=DIRECTION('',(0.E0,1.E0,0.E0));
#1730=DIRECTION('',(-1.E0,0.E0,0.E0));
#1731=AXIS2_PLACEMENT_3D('',#1728,#1729,#1730);
#1732=CYLINDRICAL_SURFACE('',#1731,6.E-1);
#1733=ORIENTED_EDGE('',*,*,#1615,.F.);
#1735=ORIENTED_EDGE('',*,*,#1734,.T.);
#1737=ORIENTED_EDGE('',*,*,#1736,.T.);
#1738=ORIENTED_EDGE('',*,*,#1720,.F.);
#1739=EDGE_LOOP('',(#1733,#1735,#1737,#1738));
#1740=FACE_OUTER_BOUND('',#1739,.F.);
#1741=ADVANCED_FACE('',(#1740),#1732,.T.);
#1742=CARTESIAN_POINT('',(-7.75E-1,9.25E-1,-4.15E0));
#1743=DIRECTION('',(1.E0,0.E0,0.E0));
#1744=DIRECTION('',(0.E0,0.E0,1.E0));
#1745=AXIS2_PLACEMENT_3D('',#1742,#1743,#1744);
#1746=PLANE('',#1745);
#1747=ORIENTED_EDGE('',*,*,#1613,.F.);
#1749=ORIENTED_EDGE('',*,*,#1748,.F.);
#1751=ORIENTED_EDGE('',*,*,#1750,.T.);
#1752=ORIENTED_EDGE('',*,*,#1734,.F.);
#1753=EDGE_LOOP('',(#1747,#1749,#1751,#1752));
#1754=FACE_OUTER_BOUND('',#1753,.F.);
#1755=ADVANCED_FACE('',(#1754),#1746,.F.);
#1756=CARTESIAN_POINT('',(-7.75E-1,8.590990257670E-1,-4.459099025767E0));
#1757=DIRECTION('',(-1.E0,0.E0,0.E0));
#1758=DIRECTION('',(0.E0,1.E0,0.E0));
#1759=AXIS2_PLACEMENT_3D('',#1756,#1757,#1758);
#1760=PLANE('',#1759);
#1762=ORIENTED_EDGE('',*,*,#1761,.T.);
#1763=ORIENTED_EDGE('',*,*,#1748,.T.);
#1765=ORIENTED_EDGE('',*,*,#1764,.F.);
#1767=ORIENTED_EDGE('',*,*,#1766,.F.);
#1768=EDGE_LOOP('',(#1762,#1763,#1765,#1767));
#1769=FACE_OUTER_BOUND('',#1768,.F.);
#1770=ADVANCED_FACE('',(#1769),#1760,.T.);
#1771=CARTESIAN_POINT('',(7.75E-1,7.E-1,-4.3E0));
#1772=DIRECTION('',(-1.E0,0.E0,0.E0));
#1773=DIRECTION('',(0.E0,0.E0,-1.E0));
#1774=AXIS2_PLACEMENT_3D('',#1771,#1772,#1773);
#1775=CYLINDRICAL_SURFACE('',#1774,3.E-1);
#1777=ORIENTED_EDGE('',*,*,#1776,.T.);
#1778=ORIENTED_EDGE('',*,*,#1761,.F.);
#1780=ORIENTED_EDGE('',*,*,#1779,.F.);
#1782=ORIENTED_EDGE('',*,*,#1781,.T.);
#1783=EDGE_LOOP('',(#1777,#1778,#1780,#1782));
#1784=FACE_OUTER_BOUND('',#1783,.F.);
#1785=ADVANCED_FACE('',(#1784),#1775,.T.);
#1786=CARTESIAN_POINT('',(7.75E-1,1.E0,-4.3E0));
#1787=DIRECTION('',(0.E0,-1.E0,0.E0));
#1788=DIRECTION('',(0.E0,0.E0,1.E0));
#1789=AXIS2_PLACEMENT_3D('',#1786,#1787,#1788);
#1790=PLANE('',#1789);
#1791=ORIENTED_EDGE('',*,*,#1636,.F.);
#1793=ORIENTED_EDGE('',*,*,#1792,.T.);
#1794=ORIENTED_EDGE('',*,*,#1694,.T.);
#1795=ORIENTED_EDGE('',*,*,#1708,.T.);
#1796=ORIENTED_EDGE('',*,*,#1722,.F.);
#1797=ORIENTED_EDGE('',*,*,#1736,.F.);
#1798=ORIENTED_EDGE('',*,*,#1750,.F.);
#1799=ORIENTED_EDGE('',*,*,#1776,.F.);
#1801=ORIENTED_EDGE('',*,*,#1800,.T.);
#1803=ORIENTED_EDGE('',*,*,#1802,.F.);
#1805=ORIENTED_EDGE('',*,*,#1804,.F.);
#1806=ORIENTED_EDGE('',*,*,#1590,.T.);
#1807=EDGE_LOOP('',(#1791,#1793,#1794,#1795,#1796,#1797,#1798,#1799,#1801,#1803,
#1805,#1806));
#1808=FACE_OUTER_BOUND('',#1807,.F.);
#1809=ADVANCED_FACE('',(#1808),#1790,.F.);
#1810=CARTESIAN_POINT('',(7.75E-1,1.47E0,-2.4E0));
#1811=DIRECTION('',(-1.E0,0.E0,0.E0));
#1812=DIRECTION('',(0.E0,0.E0,-1.E0));
#1813=AXIS2_PLACEMENT_3D('',#1810,#1811,#1812);
#1814=CYLINDRICAL_SURFACE('',#1813,4.7E-1);
#1815=ORIENTED_EDGE('',*,*,#1651,.T.);
#1817=ORIENTED_EDGE('',*,*,#1816,.T.);
#1818=ORIENTED_EDGE('',*,*,#1679,.F.);
#1819=ORIENTED_EDGE('',*,*,#1792,.F.);
#1820=EDGE_LOOP('',(#1815,#1817,#1818,#1819));
#1821=FACE_OUTER_BOUND('',#1820,.F.);
#1822=ADVANCED_FACE('',(#1821),#1814,.F.);
#1823=CARTESIAN_POINT('',(7.75E-1,1.122824864092E0,-2.083188660229E0));
#1824=DIRECTION('',(0.E0,-7.386705019310E-1,6.740666803640E-1));
#1825=DIRECTION('',(0.E0,6.740666803640E-1,7.386705019310E-1));
#1826=AXIS2_PLACEMENT_3D('',#1823,#1824,#1825);
#1827=PLANE('',#1826);
#1829=ORIENTED_EDGE('',*,*,#1828,.T.);
#1831=ORIENTED_EDGE('',*,*,#1830,.T.);
#1833=ORIENTED_EDGE('',*,*,#1832,.F.);
#1834=ORIENTED_EDGE('',*,*,#1816,.F.);
#1835=EDGE_LOOP('',(#1829,#1831,#1833,#1834));
#1836=FACE_OUTER_BOUND('',#1835,.F.);
#1837=ADVANCED_FACE('',(#1836),#1827,.F.);
#1838=CARTESIAN_POINT('',(4.E-1,1.417099712355E0,-1.649444998973E0));
#1839=DIRECTION('',(1.E0,0.E0,0.E0));
#1840=DIRECTION('',(0.E0,6.740666803640E-1,7.386705019310E-1));
#1841=AXIS2_PLACEMENT_3D('',#1838,#1839,#1840);
#1842=PLANE('',#1841);
#1844=ORIENTED_EDGE('',*,*,#1843,.T.);
#1846=ORIENTED_EDGE('',*,*,#1845,.T.);
#1847=ORIENTED_EDGE('',*,*,#1828,.F.);
#1848=ORIENTED_EDGE('',*,*,#1649,.F.);
#1849=EDGE_LOOP('',(#1844,#1846,#1847,#1848));
#1850=FACE_OUTER_BOUND('',#1849,.F.);
#1851=ADVANCED_FACE('',(#1850),#1842,.T.);
#1852=CARTESIAN_POINT('',(7.75E-1,1.012024288803E0,-1.982078658174E0));
#1853=DIRECTION('',(0.E0,-7.386705019310E-1,6.740666803640E-1));
#1854=DIRECTION('',(0.E0,6.740666803640E-1,7.386705019310E-1));
#1855=AXIS2_PLACEMENT_3D('',#1852,#1853,#1854);
#1856=PLANE('',#1855);
#1858=ORIENTED_EDGE('',*,*,#1857,.T.);
#1860=ORIENTED_EDGE('',*,*,#1859,.T.);
#1862=ORIENTED_EDGE('',*,*,#1861,.F.);
#1863=ORIENTED_EDGE('',*,*,#1843,.F.);
#1864=ORIENTED_EDGE('',*,*,#1666,.T.);
#1866=ORIENTED_EDGE('',*,*,#1865,.T.);
#1868=ORIENTED_EDGE('',*,*,#1867,.F.);
#1870=ORIENTED_EDGE('',*,*,#1869,.F.);
#1871=EDGE_LOOP('',(#1858,#1860,#1862,#1863,#1864,#1866,#1868,#1870));
#1872=FACE_OUTER_BOUND('',#1871,.F.);
#1873=ADVANCED_FACE('',(#1872),#1856,.T.);
#1874=CARTESIAN_POINT('',(-1.528105032103E-1,1.145919801786E0,
-1.834512161673E0));
#1875=CARTESIAN_POINT('',(-1.527122934661E-1,1.145753135249E0,
-1.834644947970E0));
#1876=CARTESIAN_POINT('',(-1.524078397804E-1,1.145378742712E0,
-1.834902011748E0));
#1877=CARTESIAN_POINT('',(-1.516289977172E-1,1.144776194244E0,
-1.835192176237E0));
#1878=CARTESIAN_POINT('',(-1.504190835320E-1,1.144130363109E0,
-1.835374648426E0));
#1879=CARTESIAN_POINT('',(-1.487212949944E-1,1.143484124688E0,
-1.835428465061E0));
#1880=CARTESIAN_POINT('',(-1.464544596724E-1,1.142866776101E0,
-1.835348887668E0));
#1881=CARTESIAN_POINT('',(-1.435399724262E-1,1.142304622225E0,
-1.835141410070E0));
#1882=CARTESIAN_POINT('',(-1.398946057123E-1,1.141816977827E0,
-1.834818869686E0));
#1883=CARTESIAN_POINT('',(-1.354277199522E-1,1.141416787603E0,
-1.834398102696E0));
#1884=CARTESIAN_POINT('',(-1.300412913636E-1,1.141111987640E0,
-1.833897943143E0));
#1885=CARTESIAN_POINT('',(-1.236275420891E-1,1.140906416500E0,
-1.833337979289E0));
#1886=CARTESIAN_POINT('',(-1.160662980239E-1,1.140800391473E0,
-1.832737995422E0));
#1887=CARTESIAN_POINT('',(-1.072221907338E-1,1.140790825484E0,
-1.832117883938E0));
#1888=CARTESIAN_POINT('',(-9.694198118037E-2,1.140870794934E0,
-1.831497874895E0));
#1889=CARTESIAN_POINT('',(-8.504471436438E-2,1.141028583544E0,
-1.830898595954E0));
#1890=CARTESIAN_POINT('',(-7.131720281331E-2,1.141246096020E0,
-1.830342040646E0));
#1891=CARTESIAN_POINT('',(-5.545413450722E-2,1.141497075731E0,
-1.829851342719E0));
#1892=CARTESIAN_POINT('',(-3.737512365619E-2,1.141738455501E0,
-1.829463022517E0));
#1893=CARTESIAN_POINT('',(-1.761707843790E-2,1.141908674206E0,
-1.829222501518E0));
#1894=CARTESIAN_POINT('',(2.958000125827E-3,1.141957467252E0,
-1.829157484713E0));
#1895=CARTESIAN_POINT('',(2.328513775312E-2,1.141871189007E0,
-1.829273558736E0));
#1896=CARTESIAN_POINT('',(4.243645445214E-2,1.141677364459E0,
-1.829555724926E0));
#1897=CARTESIAN_POINT('',(5.966025802321E-2,1.141432554324E0,
-1.829967880656E0));
#1898=CARTESIAN_POINT('',(7.469053328512E-2,1.141191398267E0,
-1.830467451270E0));
#1899=CARTESIAN_POINT('',(8.773485362133E-2,1.140989345294E0,
-1.831024726657E0));
#1900=CARTESIAN_POINT('',(9.905234488667E-2,1.140849241254E0,
-1.831617667246E0));
#1901=CARTESIAN_POINT('',(1.088450649E-1,1.140786467717E0,-1.832226018851E0));
#1902=CARTESIAN_POINT('',(1.172806373475E-1,1.140810854259E0,
-1.832830450853E0));
#1903=CARTESIAN_POINT('',(1.245039575355E-1,1.140927988161E0,
-1.833412213799E0));
#1904=CARTESIAN_POINT('',(1.306421586662E-1,1.141140028254E0,
-1.833952853410E0));
#1905=CARTESIAN_POINT('',(1.358082850035E-1,1.141446036449E0,
-1.834434109709E0));
#1906=CARTESIAN_POINT('',(1.401042551466E-1,1.141841883551E0,
-1.834838075180E0));
#1907=CARTESIAN_POINT('',(1.436235646521E-1,1.142319871435E0,
-1.835147749232E0));
#1908=CARTESIAN_POINT('',(1.464495495556E-1,1.142867497947E0,
-1.835347783434E0));
#1909=CARTESIAN_POINT('',(1.486589428224E-1,1.143466208441E0,
-1.835426696261E0));
#1910=CARTESIAN_POINT('',(1.503331940791E-1,1.144093819011E0,
-1.835380033464E0));
#1911=CARTESIAN_POINT('',(1.515562600939E-1,1.144730490854E0,
-1.835209065153E0));
#1912=CARTESIAN_POINT('',(1.523997033197E-1,1.145363191555E0,
-1.834914358455E0));
#1913=CARTESIAN_POINT('',(1.528233331581E-1,1.145886298439E0,
-1.834554950796E0));
#1914=CARTESIAN_POINT('',(1.529376650773E-1,1.146181900689E0,
-1.834289939118E0));
#1915=CARTESIAN_POINT('',(1.529598057582E-1,1.146284642414E0,
-1.834188970693E0));
#1916=CARTESIAN_POINT('',(-1.884632695269E-1,1.152328765112E0,
-1.835549137949E0));
#1917=CARTESIAN_POINT('',(-1.882393667793E-1,1.152962703876E0,
-1.835050026923E0));
#1918=CARTESIAN_POINT('',(-1.875497690664E-1,1.154387926024E0,
-1.834089178069E0));
#1919=CARTESIAN_POINT('',(-1.858454512175E-1,1.156680083923E0,
-1.833027271155E0));
#1920=CARTESIAN_POINT('',(-1.833346601877E-1,1.159128692656E0,
-1.832397069616E0));
#1921=CARTESIAN_POINT('',(-1.800343019432E-1,1.161563564681E0,
-1.832278478037E0));
#1922=CARTESIAN_POINT('',(-1.759367221611E-1,1.163866722829E0,
-1.832688065492E0));
#1923=CARTESIAN_POINT('',(-1.710460431715E-1,1.165933211290E0,
-1.833600892892E0));
#1924=CARTESIAN_POINT('',(-1.653509856534E-1,1.167686547840E0,
-1.834962624929E0));
#1925=CARTESIAN_POINT('',(-1.588152319779E-1,1.169076265686E0,
-1.836703020833E0));
#1926=CARTESIAN_POINT('',(-1.513771613237E-1,1.170072612431E0,
-1.838744038148E0));
#1927=CARTESIAN_POINT('',(-1.429484438173E-1,1.170662924972E0,
-1.841004981600E0));
#1928=CARTESIAN_POINT('',(-1.334132481965E-1,1.170849362381E0,
-1.843404939739E0));
#1929=CARTESIAN_POINT('',(-1.226270623709E-1,1.170648504965E0,
-1.845863397291E0));
#1930=CARTESIAN_POINT('',(-1.104147789127E-1,1.170093184507E0,
-1.848299677662E0));
#1931=CARTESIAN_POINT('',(-9.655926742073E-2,1.169236300736E0,
-1.850633175072E0));
#1932=CARTESIAN_POINT('',(-8.079594441631E-2,1.168157464720E0,
-1.852780156976E0));
#1933=CARTESIAN_POINT('',(-6.274372689773E-2,1.166969909080E0,
-1.854655353148E0));
#1934=CARTESIAN_POINT('',(-4.226685831382E-2,1.165859427877E0,
-1.856126010414E0));
#1935=CARTESIAN_POINT('',(-1.992215180209E-2,1.165089038467E0,
-1.857030315860E0));
#1936=CARTESIAN_POINT('',(3.345134822445E-3,1.164869720509E0,
-1.857273867421E0));
#1937=CARTESIAN_POINT('',(2.633151868797E-2,1.165257957808E0,
-1.856838787443E0));
#1938=CARTESIAN_POINT('',(4.799432501473E-2,1.166138360369E0,
-1.855776022781E0));
#1939=CARTESIAN_POINT('',(6.751984665082E-2,1.167271572030E0,
-1.854211514258E0));
#1940=CARTESIAN_POINT('',(8.465467913162E-2,1.168423255280E0,
-1.852298040045E0));
#1941=CARTESIAN_POINT('',(9.967409926347E-2,1.169440671200E0,
-1.850143710363E0));
#1942=CARTESIAN_POINT('',(1.129017048173E-1,1.170224712959E0,
-1.847830527243E0));
#1943=CARTESIAN_POINT('',(1.245855125534E-1,1.170707336395E0,
-1.845436101604E0));
#1944=CARTESIAN_POINT('',(1.349242949888E-1,1.170843686123E0,
-1.843036353299E0));
#1945=CARTESIAN_POINT('',(1.440815868963E-1,1.170606776216E0,
-1.840706322407E0));
#1946=CARTESIAN_POINT('',(1.521912092665E-1,1.169984141146E0,
-1.838520890338E0));
#1947=CARTESIAN_POINT('',(1.593604592585E-1,1.168976443458E0,
-1.836554874204E0));
#1948=CARTESIAN_POINT('',(1.656718777506E-1,1.167597806814E0,
-1.834882160490E0));
#1949=CARTESIAN_POINT('',(1.711848603092E-1,1.165877320845E0,
-1.833573286640E0));
#1950=CARTESIAN_POINT('',(1.759312150806E-1,1.163863755220E0,
-1.832692374787E0));
#1951=CARTESIAN_POINT('',(1.799200520505E-1,1.161630531889E0,
-1.832288201200E0));
#1952=CARTESIAN_POINT('',(1.831635220545E-1,1.159266728443E0,
-1.832381028430E0));
#1953=CARTESIAN_POINT('',(1.856901578979E-1,1.156853710991E0,
-1.832966913723E0));
#1954=CARTESIAN_POINT('',(1.875294325066E-1,1.154447219868E0,
-1.834042665984E0));
#1955=CARTESIAN_POINT('',(1.884917059381E-1,1.152455704806E0,
-1.835386243079E0));
#1956=CARTESIAN_POINT('',(1.887537516425E-1,1.151332237466E0,
-1.836386134950E0));
#1957=CARTESIAN_POINT('',(1.888014713252E-1,1.150942176290E0,
-1.836767908785E0));
#1958=CARTESIAN_POINT('',(-2.140042454720E-1,1.136899864700E0,
-1.814985140568E0));
#1959=CARTESIAN_POINT('',(-2.136902986043E-1,1.138579267395E0,
-1.813589960315E0));
#1960=CARTESIAN_POINT('',(-2.127247909031E-1,1.142340587732E0,
-1.810837290773E0));
#1961=CARTESIAN_POINT('',(-2.103574794852E-1,1.148409405589E0,
-1.807512753825E0));
#1962=CARTESIAN_POINT('',(-2.069147645789E-1,1.154992832553E0,
-1.805061533381E0));
#1963=CARTESIAN_POINT('',(-2.024663553258E-1,1.161726996359E0,
-1.803693252458E0));
#1964=CARTESIAN_POINT('',(-1.970572644029E-1,1.168379438513E0,
-1.803469609010E0));
#1965=CARTESIAN_POINT('',(-1.907508785554E-1,1.174732119941E0,
-1.804374024372E0));
#1966=CARTESIAN_POINT('',(-1.835874608248E-1,1.180619347358E0,
-1.806329965006E0));
#1967=CARTESIAN_POINT('',(-1.755696088125E-1,1.185922482508E0,
-1.809227277034E0));
#1968=CARTESIAN_POINT('',(-1.666617800986E-1,1.190557398719E0,
-1.812937618280E0));
#1969=CARTESIAN_POINT('',(-1.567895769820E-1,1.194466832273E0,
-1.817322975244E0));
#1970=CARTESIAN_POINT('',(-1.458402793319E-1,1.197615297615E0,
-1.822238280261E0));
#1971=CARTESIAN_POINT('',(-1.336628247134E-1,1.199987490026E0,
-1.827529631560E0));
#1972=CARTESIAN_POINT('',(-1.200664395928E-1,1.201590851496E0,
-1.833028951914E0));
#1973=CARTESIAN_POINT('',(-1.048080781868E-1,1.202463482325E0,
-1.838548971186E0));
#1974=CARTESIAN_POINT('',(-8.758633787757E-2,1.202684278723E0,
-1.843868813473E0));
#1975=CARTESIAN_POINT('',(-6.796585474728E-2,1.202389636213E0,
-1.848729260816E0));
#1976=CARTESIAN_POINT('',(-4.577120566546E-2,1.201802648979E0,
-1.852703257390E0));
#1977=CARTESIAN_POINT('',(-2.157346331109E-2,1.201266775330E0,
-1.855228040229E0));
#1978=CARTESIAN_POINT('',(3.622470889050E-3,1.201098648995E0,
-1.855919136990E0));
#1979=CARTESIAN_POINT('',(2.851388909608E-2,1.201391826946E0,
-1.854687909115E0));
#1980=CARTESIAN_POINT('',(5.197587968807E-2,1.201971549378E0,
-1.851744029677E0));
#1981=CARTESIAN_POINT('',(7.315030915950E-2,1.202500220102E0,
-1.847560453088E0));
#1982=CARTESIAN_POINT('',(9.179280712761E-2,1.202681551423E0,
-1.842654051634E0));
#1983=CARTESIAN_POINT('',(1.082271518665E-1,1.202330090110E0,
-1.837371164998E0));
#1984=CARTESIAN_POINT('',(1.228231276236E-1,1.201332754343E0,
-1.831951413027E0));
#1985=CARTESIAN_POINT('',(1.358616752867E-1,1.199626050760E0,
-1.826593404564E0));
#1986=CARTESIAN_POINT('',(1.475638818134E-1,1.197182563582E0,
-1.821468965629E0));
#1987=CARTESIAN_POINT('',(1.581066349424E-1,1.194000997024E0,
-1.816731300374E0));
#1988=CARTESIAN_POINT('',(1.676285466708E-1,1.190100406381E0,
-1.812521390916E0));
#1989=CARTESIAN_POINT('',(1.762327970389E-1,1.185518116799E0,
-1.808971788553E0));
#1990=CARTESIAN_POINT('',(1.839880450881E-1,1.180310914249E0,
-1.806207560092E0));
#1991=CARTESIAN_POINT('',(1.909292577887E-1,1.174558202749E0,
-1.804343668929E0));
#1992=CARTESIAN_POINT('',(1.970513296688E-1,1.168374294201E0,
-1.803479688277E0));
#1993=CARTESIAN_POINT('',(2.023149268751E-1,1.161918844244E0,
-1.803682342640E0));
#1994=CARTESIAN_POINT('',(2.066825558832E-1,1.155370319917E0,
-1.804964665146E0));
#1995=CARTESIAN_POINT('',(2.101430448067E-1,1.148871965660E0,
-1.807305336536E0));
#1996=CARTESIAN_POINT('',(2.126957144202E-1,1.142495916867E0,
-1.810708560619E0));
#1997=CARTESIAN_POINT('',(2.140438620622E-1,1.137242205347E0,
-1.814555328351E0));
#1998=CARTESIAN_POINT('',(2.144117271636E-1,1.134254997794E0,
-1.817303552411E0));
#1999=CARTESIAN_POINT('',(2.144777711656E-1,1.133212717303E0,
-1.818342759758E0));
#2000=CARTESIAN_POINT('',(-2.090954421607E-1,1.111918958608E0,
-1.789195046946E0));
#2001=CARTESIAN_POINT('',(-2.087988011654E-1,1.114056192816E0,
-1.787353155305E0));
#2002=CARTESIAN_POINT('',(-2.078863215031E-1,1.118829886406E0,
-1.783661563468E0));
#2003=CARTESIAN_POINT('',(-2.056464329775E-1,1.126550006407E0,
-1.778965544438E0));
#2004=CARTESIAN_POINT('',(-2.023828275547E-1,1.135016121197E0,
-1.775135016571E0));
#2005=CARTESIAN_POINT('',(-1.981550659623E-1,1.143844280935E0,
-1.772434878595E0));
#2006=CARTESIAN_POINT('',(-1.929980386350E-1,1.152811498939E0,
-1.770959843066E0));
#2007=CARTESIAN_POINT('',(-1.869637420971E-1,1.161694877214E0,
-1.770733827766E0));
#2008=CARTESIAN_POINT('',(-1.800825332957E-1,1.170317135100E0,
-1.771720751619E0));
#2009=CARTESIAN_POINT('',(-1.723495305875E-1,1.178540987062E0,
-1.773849493839E0));
#2010=CARTESIAN_POINT('',(-1.637241794597E-1,1.186254543982E0,
-1.777028042402E0));
#2011=CARTESIAN_POINT('',(-1.541294045415E-1,1.193363357539E0,
-1.781149672748E0));
#2012=CARTESIAN_POINT('',(-1.434518877638E-1,1.199784787129E0,
-1.786092787381E0));
#2013=CARTESIAN_POINT('',(-1.315418256237E-1,1.205445480285E0,
-1.791715556042E0));
#2014=CARTESIAN_POINT('',(-1.182114555073E-1,1.210282561631E0,
-1.797845603020E0));
#2015=CARTESIAN_POINT('',(-1.032227123930E-1,1.214251701224E0,
-1.804268498520E0));
#2016=CARTESIAN_POINT('',(-8.628127005323E-2,1.217333228418E0,
-1.810704011695E0));
#2017=CARTESIAN_POINT('',(-6.696219699609E-2,1.219551930941E0,
-1.816791945701E0));
#2018=CARTESIAN_POINT('',(-4.509769374011E-2,1.220946940319E0,
-1.821920262779E0));
#2019=CARTESIAN_POINT('',(-2.125609237660E-2,1.221633964074E0,
-1.825250806230E0));
#2020=CARTESIAN_POINT('',(3.569168767586E-3,1.221795568681E0,
-1.826172049867E0));
#2021=CARTESIAN_POINT('',(2.809445222299E-2,1.221499807069E0,
-1.824533643722E0));
#2022=CARTESIAN_POINT('',(5.121065173410E-2,1.220643370303E0,
-1.820670375900E0));
#2023=CARTESIAN_POINT('',(7.206817224090E-2,1.219066326436E0,
-1.815310861572E0));
#2024=CARTESIAN_POINT('',(9.042090707105E-2,1.216686794805E0,
-1.809214884410E0));
#2025=CARTESIAN_POINT('',(1.065833128436E-1,1.213468131516E0,
-1.802877723283E0));
#2026=CARTESIAN_POINT('',(1.209162970769E-1,1.209402385579E0,
-1.796624682789E0));
#2027=CARTESIAN_POINT('',(1.336944728633E-1,1.204514967208E0,
-1.790702153246E0));
#2028=CARTESIAN_POINT('',(1.451346384755E-1,1.198854137843E0,
-1.785302153543E0));
#2029=CARTESIAN_POINT('',(1.554111153021E-1,1.192482098420E0,
-1.780578185282E0));
#2030=CARTESIAN_POINT('',(1.646615945413E-1,1.185470470565E0,
-1.776657461063E0));
#2031=CARTESIAN_POINT('',(1.729900475158E-1,1.177899109978E0,
-1.773648950392E0));
#2032=CARTESIAN_POINT('',(1.804678012622E-1,1.169857902884E0,
-1.771647532412E0));
#2033=CARTESIAN_POINT('',(1.871345177624E-1,1.161450029541E0,
-1.770734108502E0));
#2034=CARTESIAN_POINT('',(1.929921860930E-1,1.152807423960E0,
-1.770971454186E0));
#2035=CARTESIAN_POINT('',(1.980107829797E-1,1.144101565655E0,
-1.772387640663E0));
#2036=CARTESIAN_POINT('',(2.021623562092E-1,1.135507259261E0,
-1.774962282123E0));
#2037=CARTESIAN_POINT('',(2.054433648693E-1,1.127141027959E0,
-1.778658355875E0));
#2038=CARTESIAN_POINT('',(2.078589247745E-1,1.119025969314E0,
-1.783492725283E0));
#2039=CARTESIAN_POINT('',(2.091329099958E-1,1.112360136789E0,
-1.788649627277E0));
#2040=CARTESIAN_POINT('',(2.094804373228E-1,1.108548593549E0,
-1.792237435113E0));
#2041=CARTESIAN_POINT('',(2.095429595142E-1,1.107214032158E0,
-1.793585260391E0));
#2042=(BOUNDED_SURFACE()B_SPLINE_SURFACE(3,3,((#1874,#1875,#1876,#1877,#1878,
#1879,#1880,#1881,#1882,#1883,#1884,#1885,#1886,#1887,#1888,#1889,#1890,#1891,
#1892,#1893,#1894,#1895,#1896,#1897,#1898,#1899,#1900,#1901,#1902,#1903,#1904,
#1905,#1906,#1907,#1908,#1909,#1910,#1911,#1912,#1913,#1914,#1915),(#1916,#1917,
#1918,#1919,#1920,#1921,#1922,#1923,#1924,#1925,#1926,#1927,#1928,#1929,#1930,
#1931,#1932,#1933,#1934,#1935,#1936,#1937,#1938,#1939,#1940,#1941,#1942,#1943,
#1944,#1945,#1946,#1947,#1948,#1949,#1950,#1951,#1952,#1953,#1954,#1955,#1956,
#1957),(#1958,#1959,#1960,#1961,#1962,#1963,#1964,#1965,#1966,#1967,#1968,#1969,
#1970,#1971,#1972,#1973,#1974,#1975,#1976,#1977,#1978,#1979,#1980,#1981,#1982,
#1983,#1984,#1985,#1986,#1987,#1988,#1989,#1990,#1991,#1992,#1993,#1994,#1995,
#1996,#1997,#1998,#1999),(#2000,#2001,#2002,#2003,#2004,#2005,#2006,#2007,#2008,
#2009,#2010,#2011,#2012,#2013,#2014,#2015,#2016,#2017,#2018,#2019,#2020,#2021,
#2022,#2023,#2024,#2025,#2026,#2027,#2028,#2029,#2030,#2031,#2032,#2033,#2034,
#2035,#2036,#2037,#2038,#2039,#2040,#2041)),.UNSPECIFIED.,.F.,.F.,.F.)B_SPLINE_SURFACE_WITH_KNOTS((4,4),(4,1,1,1,1,1,1,1,1,1,1,1,1,1,1,1,1,1,1,1,1,1,1,1,1,1,1,1,
1,1,1,1,1,1,1,1,1,1,1,4),(0.E0,1.E0),(6.868387807636E-4,7.873815798252E-3,
1.627362085442E-2,2.549837258543E-2,3.583662227416E-2,4.746993329639E-2,
6.059054756589E-2,7.543435215651E-2,9.225239745255E-2,1.113196653570E-1,
1.329389102186E-1,1.574442042828E-1,1.852122090034E-1,2.166681777566E-1,
2.522904103971E-1,2.926901270128E-1,3.385683123347E-1,3.912186144360E-1,
4.493269346365E-1,5.084890367644E-1,5.675601168559E-1,6.236420997389E-1,
6.734717182233E-1,7.171652881144E-1,7.556823796148E-1,7.897175387652E-1,
8.198128594327E-1,8.464264692741E-1,8.699568977979E-1,8.907572788751E-1,
9.091409215578E-1,9.253923079856E-1,9.397739475928E-1,9.525311464758E-1,
9.638486896476E-1,9.739072099631E-1,9.830290027651E-1,9.915868192579E-1,1.E0,
1.004754694473E0),.UNSPECIFIED.)GEOMETRIC_REPRESENTATION_ITEM()RATIONAL_B_SPLINE_SURFACE(((1.248551927724E0,1.248551927724E0,1.248551927724E0,1.248551927724E0,
1.248551927724E0,1.248551927724E0,1.248551927724E0,1.248551927724E0,
1.248551927724E0,1.248551927724E0,1.248551927724E0,1.248551927724E0,
1.248551927724E0,1.248551927724E0,1.248551927724E0,1.248551927724E0,
1.248551927724E0,1.248551927724E0,1.248551927724E0,1.248551927724E0,
1.248551927724E0,1.248551927724E0,1.248551927724E0,1.248551927724E0,
1.248551927724E0,1.248551927724E0,1.248551927724E0,1.248551927724E0,
1.248551927724E0,1.248551927724E0,1.248551927724E0,1.248551927724E0,
1.248551927724E0,1.248551927724E0,1.248551927724E0,1.248551927724E0,
1.248551927724E0,1.248551927724E0,1.248551927724E0,1.248551927724E0,
1.248551927724E0,1.248551927724E0),(9.171493574254E-1,9.171493574254E-1,
9.171493574254E-1,9.171493574254E-1,9.171493574254E-1,9.171493574254E-1,
9.171493574254E-1,9.171493574254E-1,9.171493574254E-1,9.171493574254E-1,
9.171493574254E-1,9.171493574254E-1,9.171493574254E-1,9.171493574254E-1,
9.171493574254E-1,9.171493574254E-1,9.171493574254E-1,9.171493574254E-1,
9.171493574254E-1,9.171493574254E-1,9.171493574254E-1,9.171493574254E-1,
9.171493574254E-1,9.171493574254E-1,9.171493574254E-1,9.171493574254E-1,
9.171493574254E-1,9.171493574254E-1,9.171493574254E-1,9.171493574254E-1,
9.171493574254E-1,9.171493574254E-1,9.171493574254E-1,9.171493574254E-1,
9.171493574254E-1,9.171493574254E-1,9.171493574254E-1,9.171493574254E-1,
9.171493574254E-1,9.171493574254E-1,9.171493574254E-1,9.171493574254E-1),(
9.171493574254E-1,9.171493574254E-1,9.171493574254E-1,9.171493574254E-1,
9.171493574254E-1,9.171493574254E-1,9.171493574254E-1,9.171493574254E-1,
9.171493574254E-1,9.171493574254E-1,9.171493574254E-1,9.171493574254E-1,
9.171493574254E-1,9.171493574254E-1,9.171493574254E-1,9.171493574254E-1,
9.171493574254E-1,9.171493574254E-1,9.171493574254E-1,9.171493574254E-1,
9.171493574254E-1,9.171493574254E-1,9.171493574254E-1,9.171493574254E-1,
9.171493574254E-1,9.171493574254E-1,9.171493574254E-1,9.171493574254E-1,
9.171493574254E-1,9.171493574254E-1,9.171493574254E-1,9.171493574254E-1,
9.171493574254E-1,9.171493574254E-1,9.171493574254E-1,9.171493574254E-1,
9.171493574254E-1,9.171493574254E-1,9.171493574254E-1,9.171493574254E-1,
9.171493574254E-1,9.171493574254E-1),(1.248551927724E0,1.248551927724E0,
1.248551927724E0,1.248551927724E0,1.248551927724E0,1.248551927724E0,
1.248551927724E0,1.248551927724E0,1.248551927724E0,1.248551927724E0,
1.248551927724E0,1.248551927724E0,1.248551927724E0,1.248551927724E0,
1.248551927724E0,1.248551927724E0,1.248551927724E0,1.248551927724E0,
1.248551927724E0,1.248551927724E0,1.248551927724E0,1.248551927724E0,
1.248551927724E0,1.248551927724E0,1.248551927724E0,1.248551927724E0,
1.248551927724E0,1.248551927724E0,1.248551927724E0,1.248551927724E0,
1.248551927724E0,1.248551927724E0,1.248551927724E0,1.248551927724E0,
1.248551927724E0,1.248551927724E0,1.248551927724E0,1.248551927724E0,
1.248551927724E0,1.248551927724E0,1.248551927724E0,1.248551927724E0)))REPRESENTATION_ITEM('')SURFACE());
#2043=ORIENTED_EDGE('',*,*,#1857,.F.);
#2045=ORIENTED_EDGE('',*,*,#2044,.T.);
#2046=EDGE_LOOP('',(#2043,#2045));
#2047=FACE_OUTER_BOUND('',#2046,.F.);
#2048=ADVANCED_FACE('',(#2047),#2042,.F.);
#2049=CARTESIAN_POINT('',(0.E0,9.390865462075E-1,-1.644763303936E0));
#2050=DIRECTION('',(0.E0,6.740666803640E-1,7.386705019310E-1));
#2051=DIRECTION('',(0.E0,-7.386705019310E-1,6.740666803640E-1));
#2052=AXIS2_PLACEMENT_3D('',#2049,#2050,#2051);
#2053=CYLINDRICAL_SURFACE('',#2052,3.3125E-1);
#2054=ORIENTED_EDGE('',*,*,#2044,.F.);
#2055=ORIENTED_EDGE('',*,*,#1869,.T.);
#2057=ORIENTED_EDGE('',*,*,#2056,.F.);
#2058=ORIENTED_EDGE('',*,*,#1859,.F.);
#2059=EDGE_LOOP('',(#2054,#2055,#2057,#2058));
#2060=FACE_OUTER_BOUND('',#2059,.F.);
#2061=ADVANCED_FACE('',(#2060),#2053,.F.);
#2062=CARTESIAN_POINT('',(-1.812178544318E-1,1.702216069743E0,
-1.219660225661E0));
#2063=CARTESIAN_POINT('',(-6.776601607677E-2,1.755523985196E0,
-1.271195439483E0));
#2064=CARTESIAN_POINT('',(6.776601607677E-2,1.755523985196E0,
-1.271195439483E0));
#2065=CARTESIAN_POINT('',(1.812178544318E-1,1.702216069743E0,
-1.219660225661E0));
#2066=CARTESIAN_POINT('',(-1.812178544318E-1,1.823497495107E0,
-1.094206977486E0));
#2067=CARTESIAN_POINT('',(-6.776601607677E-2,1.905259647871E0,
-1.116309188815E0));
#2068=CARTESIAN_POINT('',(6.776601607677E-2,1.905259647871E0,
-1.116309188815E0));
#2069=CARTESIAN_POINT('',(1.812178544318E-1,1.823497495107E0,
-1.094206977486E0));
#2070=CARTESIAN_POINT('',(-1.812178544318E-1,1.826973322725E0,
-9.197489016094E-1));
#2071=CARTESIAN_POINT('',(-6.776601607677E-2,1.909550950930E0,
-9.009209253450E-1));
#2072=CARTESIAN_POINT('',(6.776601607677E-2,1.909550950930E0,
-9.009209253450E-1));
#2073=CARTESIAN_POINT('',(1.812178544318E-1,1.826973322725E0,
-9.197489016094E-1));
#2074=CARTESIAN_POINT('',(-1.812178544318E-1,1.710785113650E0,
-7.895644106432E-1));
#2075=CARTESIAN_POINT('',(-6.776601607677E-2,1.766103440905E0,
-7.401934193292E-1));
#2076=CARTESIAN_POINT('',(6.776601607677E-2,1.766103440905E0,
-7.401934193292E-1));
#2077=CARTESIAN_POINT('',(1.812178544318E-1,1.710785113650E0,
-7.895644106432E-1));
#2078=(BOUNDED_SURFACE()B_SPLINE_SURFACE(3,3,((#2062,#2063,#2064,#2065),(#2066,
#2067,#2068,#2069),(#2070,#2071,#2072,#2073),(#2074,#2075,#2076,#2077)),
.UNSPECIFIED.,.F.,.F.,.F.)B_SPLINE_SURFACE_WITH_KNOTS((4,4),(4,4),(0.E0,1.E0),(
0.E0,1.E0),.UNSPECIFIED.)GEOMETRIC_REPRESENTATION_ITEM()RATIONAL_B_SPLINE_SURFACE(((1.256657075745E0,1.120171595376E0,1.120171595376E0,1.256657075745E0),(
1.032689270235E0,9.205289252690E-1,9.205289252690E-1,1.032689270235E0),(
1.032689270235E0,9.205289252690E-1,9.205289252690E-1,1.032689270235E0),(
1.256657075745E0,1.120171595376E0,1.120171595376E0,1.256657075745E0)))REPRESENTATION_ITEM('')SURFACE());
#2080=ORIENTED_EDGE('',*,*,#2079,.F.);
#2082=ORIENTED_EDGE('',*,*,#2081,.F.);
#2084=ORIENTED_EDGE('',*,*,#2083,.T.);
#2085=ORIENTED_EDGE('',*,*,#2056,.T.);
#2086=EDGE_LOOP('',(#2080,#2082,#2084,#2085));
#2087=FACE_OUTER_BOUND('',#2086,.F.);
#2088=ADVANCED_FACE('',(#2087),#2078,.F.);
#2089=CARTESIAN_POINT('',(7.75E-1,1.475E0,-1.E0));
#2090=DIRECTION('',(-1.E0,0.E0,0.E0));
#2091=DIRECTION('',(0.E0,0.E0,-1.E0));
#2092=AXIS2_PLACEMENT_3D('',#2089,#2090,#2091);
#2093=CYLINDRICAL_SURFACE('',#2092,3.2E-1);
#2094=ORIENTED_EDGE('',*,*,#1861,.T.);
#2095=ORIENTED_EDGE('',*,*,#2083,.F.);
#2097=ORIENTED_EDGE('',*,*,#2096,.F.);
#2099=ORIENTED_EDGE('',*,*,#2098,.T.);
#2100=EDGE_LOOP('',(#2094,#2095,#2097,#2099));
#2101=FACE_OUTER_BOUND('',#2100,.F.);
#2102=ADVANCED_FACE('',(#2101),#2093,.F.);
#2103=CARTESIAN_POINT('',(7.75E-1,1.475E0,-1.E0));
#2104=DIRECTION('',(-1.E0,0.E0,0.E0));
#2105=DIRECTION('',(0.E0,0.E0,-1.E0));
#2106=AXIS2_PLACEMENT_3D('',#2103,#2104,#2105);
#2107=CYLINDRICAL_SURFACE('',#2106,3.2E-1);
#2108=ORIENTED_EDGE('',*,*,#1867,.T.);
#2110=ORIENTED_EDGE('',*,*,#2109,.F.);
#2112=ORIENTED_EDGE('',*,*,#2111,.F.);
#2113=ORIENTED_EDGE('',*,*,#2079,.T.);
#2114=EDGE_LOOP('',(#2108,#2110,#2112,#2113));
#2115=FACE_OUTER_BOUND('',#2114,.F.);
#2116=ADVANCED_FACE('',(#2115),#2107,.F.);
#2117=CARTESIAN_POINT('',(7.75E-1,1.719778648744E0,-7.938849517409E-1));
#2118=DIRECTION('',(0.E0,-7.649332773263E-1,-6.441095258098E-1));
#2119=DIRECTION('',(0.E0,-6.441095258098E-1,7.649332773263E-1));
#2120=AXIS2_PLACEMENT_3D('',#2117,#2118,#2119);
#2121=PLANE('',#2120);
#2123=ORIENTED_EDGE('',*,*,#2122,.T.);
#2125=ORIENTED_EDGE('',*,*,#2124,.F.);
#2126=ORIENTED_EDGE('',*,*,#2111,.T.);
#2128=ORIENTED_EDGE('',*,*,#2127,.T.);
#2130=ORIENTED_EDGE('',*,*,#2129,.F.);
#2132=ORIENTED_EDGE('',*,*,#2131,.F.);
#2134=ORIENTED_EDGE('',*,*,#2133,.F.);
#2136=ORIENTED_EDGE('',*,*,#2135,.F.);
#2137=ORIENTED_EDGE('',*,*,#2096,.T.);
#2139=ORIENTED_EDGE('',*,*,#2138,.T.);
#2140=EDGE_LOOP('',(#2123,#2125,#2126,#2128,#2130,#2132,#2134,#2136,#2137,
#2139));
#2141=FACE_OUTER_BOUND('',#2140,.F.);
#2142=ADVANCED_FACE('',(#2141),#2121,.T.);
#2143=CARTESIAN_POINT('',(1.581992639478E-1,1.514041304159E0,
-5.496096613313E-1));
#2144=CARTESIAN_POINT('',(1.581900104850E-1,1.514003094487E0,
-5.495657302297E-1));
#2145=CARTESIAN_POINT('',(1.580615380142E-1,1.513915935959E0,
-5.494780040569E-1));
#2146=CARTESIAN_POINT('',(1.575258321440E-1,1.513767430275E0,
-5.493658267157E-1));
#2147=CARTESIAN_POINT('',(1.565757196165E-1,1.513601568481E0,
-5.492770917296E-1));
#2148=CARTESIAN_POINT('',(1.551667348503E-1,1.513427204999E0,
-5.492188366662E-1));
#2149=CARTESIAN_POINT('',(1.532251942793E-1,1.513250843513E0,
-5.491947533426E-1));
#2150=CARTESIAN_POINT('',(1.506821510667E-1,1.513080269940E0,
-5.492064643017E-1));
#2151=CARTESIAN_POINT('',(1.474714934409E-1,1.512922472402E0,
-5.492528585518E-1));
#2152=CARTESIAN_POINT('',(1.435198705499E-1,1.512782658203E0,
-5.493308519901E-1));
#2153=CARTESIAN_POINT('',(1.387446332507E-1,1.512664462193E0,
-5.494362384780E-1));
#2154=CARTESIAN_POINT('',(1.330529561042E-1,1.512570245031E0,
-5.495642305899E-1));
#2155=CARTESIAN_POINT('',(1.263400023085E-1,1.512501325498E0,
-5.497097794300E-1));
#2156=CARTESIAN_POINT('',(1.184867145874E-1,1.512458122603E0,
-5.498677167429E-1));
#2157=CARTESIAN_POINT('',(1.093570901559E-1,1.512440180031E0,
-5.500327763441E-1));
#2158=CARTESIAN_POINT('',(9.879489643128E-2,1.512446059709E0,
-5.501995300837E-1));
#2159=CARTESIAN_POINT('',(8.661425600692E-2,1.512473097222E0,
-5.503623267044E-1));
#2160=CARTESIAN_POINT('',(7.259131678014E-2,1.512517010074E0,
-5.505150346526E-1));
#2161=CARTESIAN_POINT('',(5.641983426793E-2,1.512571364316E0,
-5.506508681343E-1));
#2162=CARTESIAN_POINT('',(3.802392176358E-2,1.512625611805E0,
-5.507591820586E-1));
#2163=CARTESIAN_POINT('',(1.792405670170E-2,1.512664697411E0,
-5.508267831074E-1));
#2164=CARTESIAN_POINT('',(-3.013425732709E-3,1.512676013958E0,
-5.508451421546E-1));
#2165=CARTESIAN_POINT('',(-2.371398660116E-2,1.512656012155E0,
-5.508123516474E-1));
#2166=CARTESIAN_POINT('',(-4.321999275322E-2,1.512611626096E0,
-5.507330259788E-1));
#2167=CARTESIAN_POINT('',(-6.077656744386E-2,1.512556923314E0,
-5.506179740747E-1));
#2168=CARTESIAN_POINT('',(-7.612075671491E-2,1.512505326581E0,
-5.504796414047E-1));
#2169=CARTESIAN_POINT('',(-8.946020141219E-2,1.512465559554E0,
-5.503267553456E-1));
#2170=CARTESIAN_POINT('',(-1.010608241522E-1,1.512443176117E0,
-5.501656840641E-1));
#2171=CARTESIAN_POINT('',(-1.111324752943E-1,1.512441797828E0,
-5.500020946097E-1));
#2172=CARTESIAN_POINT('',(-1.198478783070E-1,1.512463620935E0,
-5.498412752105E-1));
#2173=CARTESIAN_POINT('',(-1.273549056337E-1,1.512509757499E0,
-5.496882626216E-1));
#2174=CARTESIAN_POINT('',(-1.337817160527E-1,1.512580442009E0,
-5.495479446680E-1));
#2175=CARTESIAN_POINT('',(-1.392405615161E-1,1.512675115032E0,
-5.494250985727E-1));
#2176=CARTESIAN_POINT('',(-1.438305838007E-1,1.512792398392E0,
-5.493243561931E-1));
#2177=CARTESIAN_POINT('',(-1.476403874053E-1,1.512929999709E0,
-5.492500590318E-1));
#2178=CARTESIAN_POINT('',(-1.507459363468E-1,1.513084385793E0,
-5.492060485580E-1));
#2179=CARTESIAN_POINT('',(-1.532141479045E-1,1.513250470067E0,
-5.491950704988E-1));
#2180=CARTESIAN_POINT('',(-1.551162887438E-1,1.513422304080E0,
-5.492179760521E-1));
#2181=CARTESIAN_POINT('',(-1.565282476824E-1,1.513594675272E0,
-5.492741517316E-1));
#2182=CARTESIAN_POINT('',(-1.575156946963E-1,1.513764244258E0,
-5.493633109168E-1));
#2183=CARTESIAN_POINT('',(-1.580558522416E-1,1.513913785480E0,
-5.494761256502E-1));
#2184=CARTESIAN_POINT('',(-1.581848638505E-1,1.514000638352E0,
-5.495634375115E-1));
#2185=CARTESIAN_POINT('',(-1.581976834181E-1,1.514035993119E0,
-5.496035922571E-1));
#2186=CARTESIAN_POINT('',(1.916718143263E-1,1.515244159872E0,
-5.490837267036E-1));
#2187=CARTESIAN_POINT('',(1.916603764937E-1,1.515879832030E0,
-5.498143694590E-1));
#2188=CARTESIAN_POINT('',(1.914003573292E-1,1.517330420092E0,
-5.512726900462E-1));
#2189=CARTESIAN_POINT('',(1.903289575530E-1,1.519803058401E0,
-5.531340880019E-1));
#2190=CARTESIAN_POINT('',(1.884827042980E-1,1.522564371095E0,
-5.546009592711E-1));
#2191=CARTESIAN_POINT('',(1.858545437546E-1,1.525465439718E0,
-5.555555146014E-1));
#2192=CARTESIAN_POINT('',(1.824140752013E-1,1.528396362470E0,
-5.559359119932E-1));
#2193=CARTESIAN_POINT('',(1.781617779675E-1,1.531226008046E0,
-5.557154498583E-1));
#2194=CARTESIAN_POINT('',(1.731082597256E-1,1.533836885969E0,
-5.549135285958E-1));
#2195=CARTESIAN_POINT('',(1.672462438795E-1,1.536141567264E0,
-5.535827383831E-1));
#2196=CARTESIAN_POINT('',(1.605432468467E-1,1.538079208679E0,
-5.517945293476E-1));
#2197=CARTESIAN_POINT('',(1.529399686044E-1,1.539610560248E0,
-5.496300882096E-1));
#2198=CARTESIAN_POINT('',(1.443494803809E-1,1.540714068323E0,
-5.471749186015E-1));
#2199=CARTESIAN_POINT('',(1.346567087692E-1,1.541383497093E0,
-5.445164016433E-1));
#2200=CARTESIAN_POINT('',(1.237170953341E-1,1.541627533132E0,
-5.417433724296E-1));
#2201=CARTESIAN_POINT('',(1.113538894724E-1,1.541471598773E0,
-5.389471121416E-1));
#2202=CARTESIAN_POINT('',(9.734745297645E-2,1.540961974665E0,
-5.362222640982E-1));
#2203=CARTESIAN_POINT('',(8.142552898886E-2,1.540172452145E0,
-5.336710035794E-1));
#2204=CARTESIAN_POINT('',(6.321258857405E-2,1.539213320776E0,
-5.314057761401E-1));
#2205=CARTESIAN_POINT('',(4.258252749940E-2,1.538265369949E0,
-5.296025304938E-1));
#2206=CARTESIAN_POINT('',(2.007230036382E-2,1.537585951596E0,
-5.284785869813E-1));
#2207=CARTESIAN_POINT('',(-3.374684449102E-3,1.537389658372E0,
-5.281735511571E-1));
#2208=CARTESIAN_POINT('',(-2.655587984540E-2,1.537736721856E0,
-5.287184272205E-1));
#2209=CARTESIAN_POINT('',(-4.840491653578E-2,1.538509158485E0,
-5.300377330444E-1));
#2210=CARTESIAN_POINT('',(-6.810962742361E-2,1.539467057540E0,
-5.319539810426E-1));
#2211=CARTESIAN_POINT('',(-8.541907591232E-2,1.540380728232E0,
-5.342619141362E-1));
#2212=CARTESIAN_POINT('',(-1.006030149429E-1,1.541100691135E0,
-5.368172439309E-1));
#2213=CARTESIAN_POINT('',(-1.139872161499E-1,1.541531602908E0,
-5.395142809700E-1));
#2214=CARTESIAN_POINT('',(-1.258245763841E-1,1.541610951053E0,
-5.422584705384E-1));
#2215=CARTESIAN_POINT('',(-1.363169783262E-1,1.541300450474E0,
-5.449611561122E-1));
#2216=CARTESIAN_POINT('',(-1.456297426222E-1,1.540580281189E0,
-5.475375713743E-1));
#2217=CARTESIAN_POINT('',(-1.538972689460E-1,1.539445585805E0,
-5.499052161154E-1));
#2218=CARTESIAN_POINT('',(-1.612264228220E-1,1.537905044988E0,
-5.519832853225E-1));
#2219=CARTESIAN_POINT('',(-1.676982221776E-1,1.535981282276E0,
-5.536933099195E-1));
#2220=CARTESIAN_POINT('',(-1.733693952889E-1,1.533712466280E0,
-5.549616435813E-1));
#2221=CARTESIAN_POINT('',(-1.782677849774E-1,1.531157749026E0,
-5.557230081170E-1));
#2222=CARTESIAN_POINT('',(-1.823971297066E-1,1.528402515502E0,
-5.559305291128E-1));
#2223=CARTESIAN_POINT('',(-1.857638544246E-1,1.525546914357E0,
-5.555693023191E-1));
#2224=CARTESIAN_POINT('',(-1.883920016691E-1,1.522679106318E0,
-5.546493869408E-1));
#2225=CARTESIAN_POINT('',(-1.903081331039E-1,1.519856115533E0,
-5.531758569815E-1));
#2226=CARTESIAN_POINT('',(-1.913892027772E-1,1.517366213946E0,
-5.513038848832E-1));
#2227=CARTESIAN_POINT('',(-1.916498103056E-1,1.515920718493E0,
-5.498524711340E-1));
#2228=CARTESIAN_POINT('',(-1.916696616496E-1,1.515332518836E0,
-5.491846628945E-1));
#2229=CARTESIAN_POINT('',(2.141531681490E-1,1.496539325707E0,
-5.654290517690E-1));
#2230=CARTESIAN_POINT('',(2.141402632161E-1,1.497989424795E0,
-5.671046582545E-1));
#2231=CARTESIAN_POINT('',(2.137918926195E-1,1.501274357907E0,
-5.704782320049E-1));
#2232=CARTESIAN_POINT('',(2.123607017873E-1,1.506830497855E0,
-5.749249478243E-1));
#2233=CARTESIAN_POINT('',(2.099125685877E-1,1.513048032449E0,
-5.786596346263E-1));
#2234=CARTESIAN_POINT('',(2.064655662856E-1,1.519654164125E0,
-5.814430246399E-1));
#2235=CARTESIAN_POINT('',(2.020183644554E-1,1.526468882600E0,
-5.831516118563E-1));
#2236=CARTESIAN_POINT('',(1.966180715062E-1,1.533259506798E0,
-5.837123794309E-1));
#2237=CARTESIAN_POINT('',(1.903268226138E-1,1.539809186776E0,
-5.831315124927E-1));
#2238=CARTESIAN_POINT('',(1.831817189994E-1,1.545951595446E0,
-5.814757931871E-1));
#2239=CARTESIAN_POINT('',(1.751839700529E-1,1.551563389020E0,
-5.788470061675E-1));
#2240=CARTESIAN_POINT('',(1.662967926120E-1,1.556554077245E0,
-5.753664064251E-1));
#2241=CARTESIAN_POINT('',(1.564452855744E-1,1.560858468077E0,
-5.711664665613E-1));
#2242=CARTESIAN_POINT('',(1.455170512409E-1,1.564431837980E0,
-5.663884330895E-1));
#2243=CARTESIAN_POINT('',(1.333617848979E-1,1.567248559784E0,
-5.611841400782E-1));
#2244=CARTESIAN_POINT('',(1.197889553106E-1,1.569304467737E0,
-5.557213108266E-1));
#2245=CARTESIAN_POINT('',(1.045562493183E-1,1.570624042087E0,
-5.501898438258E-1));
#2246=CARTESIAN_POINT('',(8.735889971095E-2,1.571269972164E0,
-5.448158433583E-1));
#2247=CARTESIAN_POINT('',(6.777484365352E-2,1.571358918779E0,
-5.398743182071E-1));
#2248=CARTESIAN_POINT('',(4.564424903918E-2,1.571083122501E0,
-5.358142595609E-1));
#2249=CARTESIAN_POINT('',(2.151513711572E-2,1.570743814513E0,
-5.332214341580E-1));
#2250=CARTESIAN_POINT('',(-3.617318635412E-3,1.570629089460E0,
-5.325092767964E-1));
#2251=CARTESIAN_POINT('',(-2.846459629597E-2,1.570827214294E0,
-5.337788332522E-1));
#2252=CARTESIAN_POINT('',(-5.188729552338E-2,1.571177971588E0,
-5.368045973682E-1));
#2253=CARTESIAN_POINT('',(-7.303477098584E-2,1.571377960332E0,
-5.410848223425E-1));
#2254=CARTESIAN_POINT('',(-9.166415737370E-2,1.571168112501E0,-5.460769563E-1));
#2255=CARTESIAN_POINT('',(-1.080869243174E-1,1.570387899555E0,
-5.514143393239E-1));
#2256=CARTESIAN_POINT('',(-1.226690401778E-1,1.568942095064E0,
-5.568453302586E-1));
#2257=CARTESIAN_POINT('',(-1.356923133585E-1,1.566781988195E0,
-5.621656541925E-1));
#2258=CARTESIAN_POINT('',(-1.473782109029E-1,1.563892751345E0,
-5.672012567787E-1));
#2259=CARTESIAN_POINT('',(-1.579037722896E-1,1.560283916771E0,
-5.717991332333E-1));
#2260=CARTESIAN_POINT('',(-1.674075887998E-1,1.555984085955E0,
-5.758202267661E-1));
#2261=CARTESIAN_POINT('',(-1.759929082414E-1,1.551039050119E0,
-5.791353574408E-1));
#2262=CARTESIAN_POINT('',(-1.837285759211E-1,1.545513049183E0,
-5.816240943047E-1));
#2263=CARTESIAN_POINT('',(-1.906499109114E-1,1.539491841462E0,
-5.831773280989E-1));
#2264=CARTESIAN_POINT('',(-1.967524361296E-1,1.533094911994E0,
-5.837029906363E-1));
#2265=CARTESIAN_POINT('',(-2.019974569025E-1,1.526485399216E0,
-5.831437532110E-1));
#2266=CARTESIAN_POINT('',(-2.063478481773E-1,1.519842477010E0,
-5.814964625091E-1));
#2267=CARTESIAN_POINT('',(-2.097928306885E-1,1.513307406005E0,
-5.787901660230E-1));
#2268=CARTESIAN_POINT('',(-2.123326995686E-1,1.506949323716E0,
-5.750237548273E-1));
#2269=CARTESIAN_POINT('',(-2.137770650409E-1,1.501355281195E0,
-5.705516813880E-1));
#2270=CARTESIAN_POINT('',(-2.141260570633E-1,1.498081650571E0,
-5.671932752356E-1));
#2271=CARTESIAN_POINT('',(-2.141506311980E-1,1.496740796362E0,
-5.656606142150E-1));
#2272=CARTESIAN_POINT('',(2.095874781748E-1,1.471285514951E0,
-5.869720494104E-1));
#2273=CARTESIAN_POINT('',(2.095748711921E-1,1.473108934516E0,
-5.890881305121E-1));
#2274=CARTESIAN_POINT('',(2.092444436986E-1,1.477214749292E0,
-5.933783186153E-1));
#2275=CARTESIAN_POINT('',(2.078863220610E-1,1.484114557691E0,
-5.991756994473E-1));
#2276=CARTESIAN_POINT('',(2.055604233696E-1,1.491848979520E0,
-6.042707710657E-1));
#2277=CARTESIAN_POINT('',(2.022797178856E-1,1.500143704483E0,
-6.083928936270E-1));
#2278=CARTESIAN_POINT('',(1.980369713594E-1,1.508844981248E0,
-6.114048064350E-1));
#2279=CARTESIAN_POINT('',(1.928698224001E-1,1.517728471748E0,
-6.132022639284E-1));
#2280=CARTESIAN_POINT('',(1.868299415732E-1,1.526574046755E0,
-6.137539474534E-1));
#2281=CARTESIAN_POINT('',(1.799454175042E-1,1.535206567091E0,
-6.130892131196E-1));
#2282=CARTESIAN_POINT('',(1.722106169494E-1,1.543486802944E0,
-6.112731939011E-1));
#2283=CARTESIAN_POINT('',(1.635841838456E-1,1.551299989160E0,
-6.083926910243E-1));
#2284=CARTESIAN_POINT('',(1.539887744169E-1,1.558547695222E0,
-6.045500179634E-1));
#2285=CARTESIAN_POINT('',(1.433114475601E-1,1.565142364327E0,
-5.998631327839E-1));
#2286=CARTESIAN_POINT('',(1.314030655613E-1,1.571005105288E0,
-5.944707732966E-1));
#2287=CARTESIAN_POINT('',(1.180758958644E-1,1.576066847146E0,
-5.885422438858E-1));
#2288=CARTESIAN_POINT('',(1.030922303164E-1,1.580275093807E0,
-5.822896289893E-1));
#2289=CARTESIAN_POINT('',(8.615390416518E-2,1.583600185636E0,
-5.759900758177E-1));
#2290=CARTESIAN_POINT('',(6.684830504555E-2,1.586050252183E0,
-5.700083880309E-1));
#2291=CARTESIAN_POINT('',(4.502245057241E-2,1.587640920576E0,
-5.649580451048E-1));
#2292=CARTESIAN_POINT('',(2.122211449152E-2,1.588457435533E0,
-5.616680539973E-1));
#2293=CARTESIAN_POINT('',(-3.568042578437E-3,1.588655201822E0,
-5.607558085557E-1));
#2294=CARTESIAN_POINT('',(-2.807695916207E-2,1.588294753831E0,
-5.623795033094E-1));
#2295=CARTESIAN_POINT('',(-5.118006663692E-2,1.587286486850E0,
-5.662008254831E-1));
#2296=CARTESIAN_POINT('',(-7.203453413351E-2,1.585499341362E0,
-5.714893874464E-1));
#2297=CARTESIAN_POINT('',(-9.039585716183E-2,1.582879589215E0,
-5.774866411877E-1));
#2298=CARTESIAN_POINT('',(-1.065670331992E-1,1.579410697834E0,
-5.836930139376E-1));
#2299=CARTESIAN_POINT('',(-1.209058671396E-1,1.575098488340E0,
-5.897812552903E-1));
#2300=CARTESIAN_POINT('',(-1.336882958012E-1,1.569978130345E0,
-5.955062322315E-1));
#2301=CARTESIAN_POINT('',(-1.451318088812E-1,1.564105439583E0,
-6.006780293710E-1));
#2302=CARTESIAN_POINT('',(-1.554110659055E-1,1.557548621897E0,
-6.051457029575E-1));
#2303=CARTESIAN_POINT('',(-1.646638068910E-1,1.550384392582E0,
-6.087848629387E-1));
#2304=CARTESIAN_POINT('',(-1.729940143596E-1,1.542697020059E0,
-6.114897104161E-1));
#2305=CARTESIAN_POINT('',(-1.804730057296E-1,1.534580253502E0,
-6.131689601626E-1));
#2306=CARTESIAN_POINT('',(-1.871404480227E-1,1.526140581788E0,
-6.137458919779E-1));
#2307=CARTESIAN_POINT('',(-1.929984279365E-1,1.517512381827E0,
-6.131631103572E-1));
#2308=CARTESIAN_POINT('',(-1.980168684523E-1,1.508868297036E0,
-6.113994644509E-1));
#2309=CARTESIAN_POINT('',(-2.021674889940E-1,1.500383016024E0,
-6.084826659212E-1));
#2310=CARTESIAN_POINT('',(-2.054465821812E-1,1.492172702772E0,
-6.044555049928E-1));
#2311=CARTESIAN_POINT('',(-2.078597775601E-1,1.484261706816E0,
-5.993035620137E-1));
#2312=CARTESIAN_POINT('',(-2.092303620670E-1,1.477315756347E0,
-5.934730262810E-1));
#2313=CARTESIAN_POINT('',(-2.095614042720E-1,1.473223830550E0,
-5.892013064346E-1));
#2314=CARTESIAN_POINT('',(-2.095850192653E-1,1.471538756302E0,
-5.872645677805E-1));
#2315=(BOUNDED_SURFACE()B_SPLINE_SURFACE(3,3,((#2143,#2144,#2145,#2146,#2147,
#2148,#2149,#2150,#2151,#2152,#2153,#2154,#2155,#2156,#2157,#2158,#2159,#2160,
#2161,#2162,#2163,#2164,#2165,#2166,#2167,#2168,#2169,#2170,#2171,#2172,#2173,
#2174,#2175,#2176,#2177,#2178,#2179,#2180,#2181,#2182,#2183,#2184,#2185),(#2186,
#2187,#2188,#2189,#2190,#2191,#2192,#2193,#2194,#2195,#2196,#2197,#2198,#2199,
#2200,#2201,#2202,#2203,#2204,#2205,#2206,#2207,#2208,#2209,#2210,#2211,#2212,
#2213,#2214,#2215,#2216,#2217,#2218,#2219,#2220,#2221,#2222,#2223,#2224,#2225,
#2226,#2227,#2228),(#2229,#2230,#2231,#2232,#2233,#2234,#2235,#2236,#2237,#2238,
#2239,#2240,#2241,#2242,#2243,#2244,#2245,#2246,#2247,#2248,#2249,#2250,#2251,
#2252,#2253,#2254,#2255,#2256,#2257,#2258,#2259,#2260,#2261,#2262,#2263,#2264,
#2265,#2266,#2267,#2268,#2269,#2270,#2271),(#2272,#2273,#2274,#2275,#2276,#2277,
#2278,#2279,#2280,#2281,#2282,#2283,#2284,#2285,#2286,#2287,#2288,#2289,#2290,
#2291,#2292,#2293,#2294,#2295,#2296,#2297,#2298,#2299,#2300,#2301,#2302,#2303,
#2304,#2305,#2306,#2307,#2308,#2309,#2310,#2311,#2312,#2313,#2314)),
.UNSPECIFIED.,.F.,.F.,.F.)B_SPLINE_SURFACE_WITH_KNOTS((4,4),(4,1,1,1,1,1,1,1,1,
1,1,1,1,1,1,1,1,1,1,1,1,1,1,1,1,1,1,1,1,1,1,1,1,1,1,1,1,1,1,1,4),(0.E0,1.E0),(
-6.985349461384E-3,0.E0,7.891417925436E-3,1.627046926917E-2,2.550377431295E-2,
3.585558987809E-2,4.749717260749E-2,6.062917322733E-2,7.548440134162E-2,
9.231520111270E-2,1.113960434400E-1,1.330288657612E-1,1.575472063055E-1,
1.853240865480E-1,2.167826825059E-1,2.524058909957E-1,2.927998710237E-1,
3.386944699593E-1,3.912725008E-1,4.491982560818E-1,5.083659234332E-1,
5.674121956762E-1,6.234442612998E-1,6.732989052771E-1,7.170346797889E-1,
7.555817579242E-1,7.896396099105E-1,8.197525253451E-1,8.463812170789E-1,
8.699246122479E-1,8.907354978876E-1,9.091278168544E-1,9.253863172845E-1,
9.397731399681E-1,9.525344563226E-1,9.638559295161E-1,9.739168075138E-1,
9.830381180352E-1,9.915927401450E-1,1.E0,1.006422352545E0),.UNSPECIFIED.)GEOMETRIC_REPRESENTATION_ITEM()RATIONAL_B_SPLINE_SURFACE(((1.217354015532E0,
1.217354015532E0,1.217354015532E0,1.217354015532E0,1.217354015532E0,
1.217354015532E0,1.217354015532E0,1.217354015532E0,1.217354015532E0,
1.217354015532E0,1.217354015532E0,1.217354015532E0,1.217354015532E0,
1.217354015532E0,1.217354015532E0,1.217354015532E0,1.217354015532E0,
1.217354015532E0,1.217354015532E0,1.217354015532E0,1.217354015532E0,
1.217354015532E0,1.217354015532E0,1.217354015532E0,1.217354015532E0,
1.217354015532E0,1.217354015532E0,1.217354015532E0,1.217354015532E0,
1.217354015532E0,1.217354015532E0,1.217354015532E0,1.217354015532E0,
1.217354015532E0,1.217354015532E0,1.217354015532E0,1.217354015532E0,
1.217354015532E0,1.217354015532E0,1.217354015532E0,1.217354015532E0,
1.217354015532E0,1.217354015532E0),(9.275486614893E-1,9.275486614893E-1,
9.275486614893E-1,9.275486614893E-1,9.275486614893E-1,9.275486614893E-1,
9.275486614893E-1,9.275486614893E-1,9.275486614893E-1,9.275486614893E-1,
9.275486614893E-1,9.275486614893E-1,9.275486614893E-1,9.275486614893E-1,
9.275486614893E-1,9.275486614893E-1,9.275486614893E-1,9.275486614893E-1,
9.275486614893E-1,9.275486614893E-1,9.275486614893E-1,9.275486614893E-1,
9.275486614893E-1,9.275486614893E-1,9.275486614893E-1,9.275486614893E-1,
9.275486614893E-1,9.275486614893E-1,9.275486614893E-1,9.275486614893E-1,
9.275486614893E-1,9.275486614893E-1,9.275486614893E-1,9.275486614893E-1,
9.275486614893E-1,9.275486614893E-1,9.275486614893E-1,9.275486614893E-1,
9.275486614893E-1,9.275486614893E-1,9.275486614893E-1,9.275486614893E-1,
9.275486614893E-1),(9.275486614893E-1,9.275486614893E-1,9.275486614893E-1,
9.275486614893E-1,9.275486614893E-1,9.275486614893E-1,9.275486614893E-1,
9.275486614893E-1,9.275486614893E-1,9.275486614893E-1,9.275486614893E-1,
9.275486614893E-1,9.275486614893E-1,9.275486614893E-1,9.275486614893E-1,
9.275486614893E-1,9.275486614893E-1,9.275486614893E-1,9.275486614893E-1,
9.275486614893E-1,9.275486614893E-1,9.275486614893E-1,9.275486614893E-1,
9.275486614893E-1,9.275486614893E-1,9.275486614893E-1,9.275486614893E-1,
9.275486614893E-1,9.275486614893E-1,9.275486614893E-1,9.275486614893E-1,
9.275486614893E-1,9.275486614893E-1,9.275486614893E-1,9.275486614893E-1,
9.275486614893E-1,9.275486614893E-1,9.275486614893E-1,9.275486614893E-1,
9.275486614893E-1,9.275486614893E-1,9.275486614893E-1,9.275486614893E-1),(
1.217354015532E0,1.217354015532E0,1.217354015532E0,1.217354015532E0,
1.217354015532E0,1.217354015532E0,1.217354015532E0,1.217354015532E0,
1.217354015532E0,1.217354015532E0,1.217354015532E0,1.217354015532E0,
1.217354015532E0,1.217354015532E0,1.217354015532E0,1.217354015532E0,
1.217354015532E0,1.217354015532E0,1.217354015532E0,1.217354015532E0,
1.217354015532E0,1.217354015532E0,1.217354015532E0,1.217354015532E0,
1.217354015532E0,1.217354015532E0,1.217354015532E0,1.217354015532E0,
1.217354015532E0,1.217354015532E0,1.217354015532E0,1.217354015532E0,
1.217354015532E0,1.217354015532E0,1.217354015532E0,1.217354015532E0,
1.217354015532E0,1.217354015532E0,1.217354015532E0,1.217354015532E0,
1.217354015532E0,1.217354015532E0,1.217354015532E0)))REPRESENTATION_ITEM('')SURFACE());
#2316=ORIENTED_EDGE('',*,*,#2122,.F.);
#2318=ORIENTED_EDGE('',*,*,#2317,.T.);
#2319=EDGE_LOOP('',(#2316,#2318));
#2320=FACE_OUTER_BOUND('',#2319,.F.);
#2321=ADVANCED_FACE('',(#2320),#2315,.F.);
#2322=CARTESIAN_POINT('',(0.E0,1.504641164496E0,-9.750407558749E-1));
#2323=DIRECTION('',(0.E0,-6.441095258098E-1,7.649332773263E-1));
#2324=DIRECTION('',(0.E0,-7.649332773263E-1,-6.441095258098E-1));
#2325=AXIS2_PLACEMENT_3D('',#2322,#2323,#2324);
#2326=CYLINDRICAL_SURFACE('',#2325,3.3125E-1);
#2327=ORIENTED_EDGE('',*,*,#2317,.F.);
#2328=ORIENTED_EDGE('',*,*,#2138,.F.);
#2329=ORIENTED_EDGE('',*,*,#2081,.T.);
#2330=ORIENTED_EDGE('',*,*,#2124,.T.);
#2331=EDGE_LOOP('',(#2327,#2328,#2329,#2330));
#2332=FACE_OUTER_BOUND('',#2331,.F.);
#2333=ADVANCED_FACE('',(#2332),#2326,.F.);
#2334=CARTESIAN_POINT('',(-4.E-1,1.609889324372E0,-5.469424758704E-1));
#2335=DIRECTION('',(1.E0,0.E0,0.E0));
#2336=DIRECTION('',(0.E0,-6.441095258098E-1,7.649332773263E-1));
#2337=AXIS2_PLACEMENT_3D('',#2334,#2335,#2336);
#2338=PLANE('',#2337);
#2340=ORIENTED_EDGE('',*,*,#2339,.T.);
#2341=ORIENTED_EDGE('',*,*,#2127,.F.);
#2343=ORIENTED_EDGE('',*,*,#2342,.T.);
#2345=ORIENTED_EDGE('',*,*,#2344,.T.);
#2346=EDGE_LOOP('',(#2340,#2341,#2343,#2345));
#2347=FACE_OUTER_BOUND('',#2346,.F.);
#2348=ADVANCED_FACE('',(#2347),#2338,.F.);
#2349=CARTESIAN_POINT('',(-2.E-1,5.317670307550E0,2.653195891007E0));
#2350=DIRECTION('',(0.E0,-7.649332773263E-1,-6.441095258098E-1));
#2351=DIRECTION('',(0.E0,-6.441095258098E-1,7.649332773263E-1));
#2352=AXIS2_PLACEMENT_3D('',#2349,#2350,#2351);
#2353=CYLINDRICAL_SURFACE('',#2352,2.E-1);
#2354=ORIENTED_EDGE('',*,*,#2129,.T.);
#2355=ORIENTED_EDGE('',*,*,#2339,.F.);
#2357=ORIENTED_EDGE('',*,*,#2356,.T.);
#2359=ORIENTED_EDGE('',*,*,#2358,.T.);
#2360=EDGE_LOOP('',(#2354,#2355,#2357,#2359));
#2361=FACE_OUTER_BOUND('',#2360,.F.);
#2362=ADVANCED_FACE('',(#2361),#2353,.T.);
#2363=CARTESIAN_POINT('',(7.75E-1,1.834518640343E0,-6.972685228694E-1));
#2364=DIRECTION('',(0.E0,-7.649332773263E-1,-6.441095258098E-1));
#2365=DIRECTION('',(0.E0,-6.441095258098E-1,7.649332773263E-1));
#2366=AXIS2_PLACEMENT_3D('',#2363,#2364,#2365);
#2367=PLANE('',#2366);
#2369=ORIENTED_EDGE('',*,*,#2368,.F.);
#2371=ORIENTED_EDGE('',*,*,#2370,.T.);
#2372=ORIENTED_EDGE('',*,*,#2356,.F.);
#2373=ORIENTED_EDGE('',*,*,#2344,.F.);
#2375=ORIENTED_EDGE('',*,*,#2374,.F.);
#2377=ORIENTED_EDGE('',*,*,#2376,.T.);
#2378=EDGE_LOOP('',(#2369,#2371,#2372,#2373,#2375,#2377));
#2379=FACE_OUTER_BOUND('',#2378,.F.);
#2380=ADVANCED_FACE('',(#2379),#2367,.F.);
#2381=CARTESIAN_POINT('',(2.E-1,5.317670307550E0,2.653195891007E0));
#2382=DIRECTION('',(0.E0,-7.649332773263E-1,-6.441095258098E-1));
#2383=DIRECTION('',(1.E0,0.E0,0.E0));
#2384=AXIS2_PLACEMENT_3D('',#2381,#2382,#2383);
#2385=CYLINDRICAL_SURFACE('',#2384,2.E-1);
#2386=ORIENTED_EDGE('',*,*,#2133,.T.);
#2388=ORIENTED_EDGE('',*,*,#2387,.F.);
#2389=ORIENTED_EDGE('',*,*,#2368,.T.);
#2391=ORIENTED_EDGE('',*,*,#2390,.T.);
#2392=EDGE_LOOP('',(#2386,#2388,#2389,#2391));
#2393=FACE_OUTER_BOUND('',#2392,.F.);
#2394=ADVANCED_FACE('',(#2393),#2385,.T.);
#2395=CARTESIAN_POINT('',(0.E0,1.442630004201E0,-3.483082144357E-1));
#2396=DIRECTION('',(0.E0,6.441095258098E-1,-7.649332773263E-1));
#2397=DIRECTION('',(-1.E0,0.E0,0.E0));
#2398=AXIS2_PLACEMENT_3D('',#2395,#2396,#2397);
#2399=PLANE('',#2398);
#2400=ORIENTED_EDGE('',*,*,#2387,.T.);
#2401=ORIENTED_EDGE('',*,*,#2131,.T.);
#2402=ORIENTED_EDGE('',*,*,#2358,.F.);
#2403=ORIENTED_EDGE('',*,*,#2370,.F.);
#2404=EDGE_LOOP('',(#2400,#2401,#2402,#2403));
#2405=FACE_OUTER_BOUND('',#2404,.F.);
#2406=ADVANCED_FACE('',(#2405),#2399,.F.);
#2407=CARTESIAN_POINT('',(4.E-1,1.609889324372E0,-5.469424758704E-1));
#2408=DIRECTION('',(1.E0,0.E0,0.E0));
#2409=DIRECTION('',(0.E0,-6.441095258098E-1,7.649332773263E-1));
#2410=AXIS2_PLACEMENT_3D('',#2407,#2408,#2409);
#2411=PLANE('',#2410);
#2412=ORIENTED_EDGE('',*,*,#2390,.F.);
#2413=ORIENTED_EDGE('',*,*,#2376,.F.);
#2415=ORIENTED_EDGE('',*,*,#2414,.F.);
#2416=ORIENTED_EDGE('',*,*,#2135,.T.);
#2417=EDGE_LOOP('',(#2412,#2413,#2415,#2416));
#2418=FACE_OUTER_BOUND('',#2417,.F.);
#2419=ADVANCED_FACE('',(#2418),#2411,.T.);
#2420=CARTESIAN_POINT('',(4.E-1,1.869921625978E0,-1.007868248504E0));
#2421=DIRECTION('',(-1.E0,0.E0,0.E0));
#2422=DIRECTION('',(0.E0,6.441095258098E-1,-7.649332773263E-1));
#2423=AXIS2_PLACEMENT_3D('',#2420,#2421,#2422);
#2424=PLANE('',#2423);
#2425=ORIENTED_EDGE('',*,*,#2098,.F.);
#2426=ORIENTED_EDGE('',*,*,#2414,.T.);
#2428=ORIENTED_EDGE('',*,*,#2427,.T.);
#2429=ORIENTED_EDGE('',*,*,#1845,.F.);
#2430=EDGE_LOOP('',(#2425,#2426,#2428,#2429));
#2431=FACE_OUTER_BOUND('',#2430,.F.);
#2432=ADVANCED_FACE('',(#2431),#2424,.F.);
#2433=CARTESIAN_POINT('',(7.75E-1,1.475E0,-1.E0));
#2434=DIRECTION('',(-1.E0,0.E0,0.E0));
#2435=DIRECTION('',(0.E0,0.E0,-1.E0));
#2436=AXIS2_PLACEMENT_3D('',#2433,#2434,#2435);
#2437=CYLINDRICAL_SURFACE('',#2436,4.7E-1);
#2438=ORIENTED_EDGE('',*,*,#2427,.F.);
#2439=ORIENTED_EDGE('',*,*,#2374,.T.);
#2441=ORIENTED_EDGE('',*,*,#2440,.T.);
#2442=ORIENTED_EDGE('',*,*,#1830,.F.);
#2443=EDGE_LOOP('',(#2438,#2439,#2441,#2442));
#2444=FACE_OUTER_BOUND('',#2443,.F.);
#2445=ADVANCED_FACE('',(#2444),#2437,.T.);
#2446=CARTESIAN_POINT('',(-4.E-1,1.869921625978E0,-1.007868248504E0));
#2447=DIRECTION('',(-1.E0,0.E0,0.E0));
#2448=DIRECTION('',(0.E0,6.441095258098E-1,-7.649332773263E-1));
#2449=AXIS2_PLACEMENT_3D('',#2446,#2447,#2448);
#2450=PLANE('',#2449);
#2451=ORIENTED_EDGE('',*,*,#2109,.T.);
#2453=ORIENTED_EDGE('',*,*,#2452,.T.);
#2454=ORIENTED_EDGE('',*,*,#2440,.F.);
#2455=ORIENTED_EDGE('',*,*,#2342,.F.);
#2456=EDGE_LOOP('',(#2451,#2453,#2454,#2455));
#2457=FACE_OUTER_BOUND('',#2456,.F.);
#2458=ADVANCED_FACE('',(#2457),#2450,.T.);
#2459=CARTESIAN_POINT('',(-4.E-1,1.417099712355E0,-1.649444998973E0));
#2460=DIRECTION('',(1.E0,0.E0,0.E0));
#2461=DIRECTION('',(0.E0,6.740666803640E-1,7.386705019310E-1));
#2462=AXIS2_PLACEMENT_3D('',#2459,#2460,#2461);
#2463=PLANE('',#2462);
#2464=ORIENTED_EDGE('',*,*,#1865,.F.);
#2465=ORIENTED_EDGE('',*,*,#1681,.T.);
#2466=ORIENTED_EDGE('',*,*,#1832,.T.);
#2467=ORIENTED_EDGE('',*,*,#2452,.F.);
#2468=EDGE_LOOP('',(#2464,#2465,#2466,#2467));
#2469=FACE_OUTER_BOUND('',#2468,.F.);
#2470=ADVANCED_FACE('',(#2469),#2463,.F.);
#2471=CARTESIAN_POINT('',(7.75E-1,9.25E-1,-4.15E0));
#2472=DIRECTION('',(1.E0,0.E0,0.E0));
#2473=DIRECTION('',(0.E0,0.E0,1.E0));
#2474=AXIS2_PLACEMENT_3D('',#2471,#2472,#2473);
#2475=PLANE('',#2474);
#2476=ORIENTED_EDGE('',*,*,#1609,.T.);
#2478=ORIENTED_EDGE('',*,*,#2477,.T.);
#2479=ORIENTED_EDGE('',*,*,#1800,.F.);
#2481=ORIENTED_EDGE('',*,*,#2480,.T.);
#2482=EDGE_LOOP('',(#2476,#2478,#2479,#2481));
#2483=FACE_OUTER_BOUND('',#2482,.F.);
#2484=ADVANCED_FACE('',(#2483),#2475,.T.);
#2485=CARTESIAN_POINT('',(1.75E-1,9.25E-1,-4.E0));
#2486=DIRECTION('',(0.E0,1.E0,0.E0));
#2487=DIRECTION('',(9.194893581723E-1,0.E0,3.931148944112E-1));
#2488=AXIS2_PLACEMENT_3D('',#2485,#2486,#2487);
#2489=CYLINDRICAL_SURFACE('',#2488,6.E-1);
#2490=ORIENTED_EDGE('',*,*,#1607,.F.);
#2492=ORIENTED_EDGE('',*,*,#2491,.T.);
#2493=ORIENTED_EDGE('',*,*,#1802,.T.);
#2494=ORIENTED_EDGE('',*,*,#2477,.F.);
#2495=EDGE_LOOP('',(#2490,#2492,#2493,#2494));
#2496=FACE_OUTER_BOUND('',#2495,.F.);
#2497=ADVANCED_FACE('',(#2496),#2489,.T.);
#2498=CARTESIAN_POINT('',(5.875E-1,9.25E-1,-3.438559457065E0));
#2499=DIRECTION('',(-9.194893581723E-1,0.E0,-3.931148944112E-1));
#2500=DIRECTION('',(3.931148944112E-1,0.E0,-9.194893581723E-1));
#2501=AXIS2_PLACEMENT_3D('',#2498,#2499,#2500);
#2502=PLANE('',#2501);
#2503=ORIENTED_EDGE('',*,*,#1605,.F.);
#2504=ORIENTED_EDGE('',*,*,#1592,.T.);
#2505=ORIENTED_EDGE('',*,*,#1804,.T.);
#2506=ORIENTED_EDGE('',*,*,#2491,.F.);
#2507=EDGE_LOOP('',(#2503,#2504,#2505,#2506));
#2508=FACE_OUTER_BOUND('',#2507,.F.);
#2509=ADVANCED_FACE('',(#2508),#2502,.F.);
#2510=CARTESIAN_POINT('',(7.75E-1,8.590990257670E-1,-4.459099025767E0));
#2511=DIRECTION('',(-1.E0,0.E0,0.E0));
#2512=DIRECTION('',(0.E0,1.E0,0.E0));
#2513=AXIS2_PLACEMENT_3D('',#2510,#2511,#2512);
#2514=PLANE('',#2513);
#2515=ORIENTED_EDGE('',*,*,#1781,.F.);
#2517=ORIENTED_EDGE('',*,*,#2516,.T.);
#2519=ORIENTED_EDGE('',*,*,#2518,.T.);
#2520=ORIENTED_EDGE('',*,*,#2480,.F.);
#2521=EDGE_LOOP('',(#2515,#2517,#2519,#2520));
#2522=FACE_OUTER_BOUND('',#2521,.F.);
#2523=ADVANCED_FACE('',(#2522),#2514,.F.);
#2524=CARTESIAN_POINT('',(7.75E-1,5.E-1,-4.525E0));
#2525=DIRECTION('',(-1.E0,0.E0,0.E0));
#2526=DIRECTION('',(0.E0,1.E0,0.E0));
#2527=AXIS2_PLACEMENT_3D('',#2524,#2525,#2526);
#2528=PLANE('',#2527);
#2530=ORIENTED_EDGE('',*,*,#2529,.F.);
#2532=ORIENTED_EDGE('',*,*,#2531,.T.);
#2534=ORIENTED_EDGE('',*,*,#2533,.T.);
#2535=ORIENTED_EDGE('',*,*,#2516,.F.);
#2536=EDGE_LOOP('',(#2530,#2532,#2534,#2535));
#2537=FACE_OUTER_BOUND('',#2536,.F.);
#2538=ADVANCED_FACE('',(#2537),#2528,.F.);
#2539=CARTESIAN_POINT('',(7.75E-1,3.E-1,-4.6E0));
#2540=DIRECTION('',(0.E0,0.E0,1.E0));
#2541=DIRECTION('',(0.E0,1.E0,0.E0));
#2542=AXIS2_PLACEMENT_3D('',#2539,#2540,#2541);
#2543=PLANE('',#2542);
#2544=ORIENTED_EDGE('',*,*,#2529,.T.);
#2545=ORIENTED_EDGE('',*,*,#1779,.T.);
#2547=ORIENTED_EDGE('',*,*,#2546,.F.);
#2549=ORIENTED_EDGE('',*,*,#2548,.F.);
#2550=EDGE_LOOP('',(#2544,#2545,#2547,#2549));
#2551=FACE_OUTER_BOUND('',#2550,.F.);
#2552=ADVANCED_FACE('',(#2551),#2543,.F.);
#2553=CARTESIAN_POINT('',(-7.75E-1,5.E-1,-4.525E0));
#2554=DIRECTION('',(-1.E0,0.E0,0.E0));
#2555=DIRECTION('',(0.E0,1.E0,0.E0));
#2556=AXIS2_PLACEMENT_3D('',#2553,#2554,#2555);
#2557=PLANE('',#2556);
#2558=ORIENTED_EDGE('',*,*,#2546,.T.);
#2559=ORIENTED_EDGE('',*,*,#1766,.T.);
#2561=ORIENTED_EDGE('',*,*,#2560,.F.);
#2563=ORIENTED_EDGE('',*,*,#2562,.F.);
#2564=EDGE_LOOP('',(#2558,#2559,#2561,#2563));
#2565=FACE_OUTER_BOUND('',#2564,.F.);
#2566=ADVANCED_FACE('',(#2565),#2557,.T.);
#2567=CARTESIAN_POINT('',(7.75E-1,3.E-1,-4.45E0));
#2568=DIRECTION('',(0.E0,0.E0,1.E0));
#2569=DIRECTION('',(0.E0,1.E0,0.E0));
#2570=AXIS2_PLACEMENT_3D('',#2567,#2568,#2569);
#2571=PLANE('',#2570);
#2572=ORIENTED_EDGE('',*,*,#2533,.F.);
#2574=ORIENTED_EDGE('',*,*,#2573,.T.);
#2575=ORIENTED_EDGE('',*,*,#2560,.T.);
#2577=ORIENTED_EDGE('',*,*,#2576,.F.);
#2578=EDGE_LOOP('',(#2572,#2574,#2575,#2577));
#2579=FACE_OUTER_BOUND('',#2578,.F.);
#2580=ADVANCED_FACE('',(#2579),#2571,.T.);
#2581=CARTESIAN_POINT('',(7.75E-1,3.E-1,-4.3E0));
#2582=DIRECTION('',(-1.E0,0.E0,0.E0));
#2583=DIRECTION('',(0.E0,0.E0,-1.E0));
#2584=AXIS2_PLACEMENT_3D('',#2581,#2582,#2583);
#2585=CYLINDRICAL_SURFACE('',#2584,1.5E-1);
#2587=ORIENTED_EDGE('',*,*,#2586,.F.);
#2589=ORIENTED_EDGE('',*,*,#2588,.T.);
#2591=ORIENTED_EDGE('',*,*,#2590,.T.);
#2592=ORIENTED_EDGE('',*,*,#2573,.F.);
#2593=EDGE_LOOP('',(#2587,#2589,#2591,#2592));
#2594=FACE_OUTER_BOUND('',#2593,.F.);
#2595=ADVANCED_FACE('',(#2594),#2585,.F.);
#2596=CARTESIAN_POINT('',(7.75E-1,1.409009742330E-1,-4.459099025767E0));
#2597=DIRECTION('',(-1.E0,0.E0,0.E0));
#2598=DIRECTION('',(0.E0,0.E0,-1.E0));
#2599=AXIS2_PLACEMENT_3D('',#2596,#2597,#2598);
#2600=PLANE('',#2599);
#2602=ORIENTED_EDGE('',*,*,#2601,.F.);
#2604=ORIENTED_EDGE('',*,*,#2603,.T.);
#2605=ORIENTED_EDGE('',*,*,#2586,.T.);
#2606=ORIENTED_EDGE('',*,*,#2531,.F.);
#2607=EDGE_LOOP('',(#2602,#2604,#2605,#2606));
#2608=FACE_OUTER_BOUND('',#2607,.F.);
#2609=ADVANCED_FACE('',(#2608),#2600,.F.);
#2610=CARTESIAN_POINT('',(7.75E-1,3.E-1,-4.3E0));
#2611=DIRECTION('',(-1.E0,0.E0,0.E0));
#2612=DIRECTION('',(0.E0,0.E0,-1.E0));
#2613=AXIS2_PLACEMENT_3D('',#2610,#2611,#2612);
#2614=CYLINDRICAL_SURFACE('',#2613,3.E-1);
#2615=ORIENTED_EDGE('',*,*,#2601,.T.);
#2616=ORIENTED_EDGE('',*,*,#2548,.T.);
#2618=ORIENTED_EDGE('',*,*,#2617,.F.);
#2620=ORIENTED_EDGE('',*,*,#2619,.F.);
#2621=EDGE_LOOP('',(#2615,#2616,#2618,#2620));
#2622=FACE_OUTER_BOUND('',#2621,.F.);
#2623=ADVANCED_FACE('',(#2622),#2614,.T.);
#2624=CARTESIAN_POINT('',(-7.75E-1,1.409009742330E-1,-4.459099025767E0));
#2625=DIRECTION('',(-1.E0,0.E0,0.E0));
#2626=DIRECTION('',(0.E0,0.E0,-1.E0));
#2627=AXIS2_PLACEMENT_3D('',#2624,#2625,#2626);
#2628=PLANE('',#2627);
#2629=ORIENTED_EDGE('',*,*,#2617,.T.);
#2630=ORIENTED_EDGE('',*,*,#2562,.T.);
#2631=ORIENTED_EDGE('',*,*,#2590,.F.);
#2633=ORIENTED_EDGE('',*,*,#2632,.F.);
#2634=EDGE_LOOP('',(#2629,#2630,#2631,#2633));
#2635=FACE_OUTER_BOUND('',#2634,.F.);
#2636=ADVANCED_FACE('',(#2635),#2628,.T.);
#2637=CARTESIAN_POINT('',(-7.75E-1,7.5E-2,-4.062147405486E0));
#2638=DIRECTION('',(-1.E0,0.E0,0.E0));
#2639=DIRECTION('',(0.E0,0.E0,1.E0));
#2640=AXIS2_PLACEMENT_3D('',#2637,#2638,#2639);
#2641=PLANE('',#2640);
#2642=ORIENTED_EDGE('',*,*,#2632,.T.);
#2644=ORIENTED_EDGE('',*,*,#2643,.T.);
#2646=ORIENTED_EDGE('',*,*,#2645,.T.);
#2648=ORIENTED_EDGE('',*,*,#2647,.F.);
#2649=EDGE_LOOP('',(#2642,#2644,#2646,#2648));
#2650=FACE_OUTER_BOUND('',#2649,.F.);
#2651=ADVANCED_FACE('',(#2650),#2641,.T.);
#2652=CARTESIAN_POINT('',(1.15E0,1.5E-1,-4.6E0));
#2653=DIRECTION('',(0.E0,1.E0,0.E0));
#2654=DIRECTION('',(-1.E0,0.E0,0.E0));
#2655=AXIS2_PLACEMENT_3D('',#2652,#2653,#2654);
#2656=PLANE('',#2655);
#2657=ORIENTED_EDGE('',*,*,#2588,.F.);
#2659=ORIENTED_EDGE('',*,*,#2658,.T.);
#2661=ORIENTED_EDGE('',*,*,#2660,.T.);
#2662=ORIENTED_EDGE('',*,*,#2643,.F.);
#2663=EDGE_LOOP('',(#2657,#2659,#2661,#2662));
#2664=FACE_OUTER_BOUND('',#2663,.F.);
#2665=ADVANCED_FACE('',(#2664),#2656,.T.);
#2666=CARTESIAN_POINT('',(7.75E-1,7.5E-2,-4.062147405486E0));
#2667=DIRECTION('',(-1.E0,0.E0,0.E0));
#2668=DIRECTION('',(0.E0,0.E0,1.E0));
#2669=AXIS2_PLACEMENT_3D('',#2666,#2667,#2668);
#2670=PLANE('',#2669);
#2671=ORIENTED_EDGE('',*,*,#2603,.F.);
#2673=ORIENTED_EDGE('',*,*,#2672,.T.);
#2675=ORIENTED_EDGE('',*,*,#2674,.F.);
#2676=ORIENTED_EDGE('',*,*,#2658,.F.);
#2677=EDGE_LOOP('',(#2671,#2673,#2675,#2676));
#2678=FACE_OUTER_BOUND('',#2677,.F.);
#2679=ADVANCED_FACE('',(#2678),#2670,.F.);
#2680=CARTESIAN_POINT('',(1.15E0,0.E0,-4.6E0));
#2681=DIRECTION('',(0.E0,1.E0,0.E0));
#2682=DIRECTION('',(-1.E0,0.E0,0.E0));
#2683=AXIS2_PLACEMENT_3D('',#2680,#2681,#2682);
#2684=PLANE('',#2683);
#2685=ORIENTED_EDGE('',*,*,#2619,.T.);
#2686=ORIENTED_EDGE('',*,*,#2647,.T.);
#2688=ORIENTED_EDGE('',*,*,#2687,.F.);
#2689=ORIENTED_EDGE('',*,*,#2672,.F.);
#2690=EDGE_LOOP('',(#2685,#2686,#2688,#2689));
#2691=FACE_OUTER_BOUND('',#2690,.F.);
#2692=ADVANCED_FACE('',(#2691),#2684,.F.);
#2693=CARTESIAN_POINT('',(-1.E0,-3.2E-1,-3.15E0));
#2694=DIRECTION('',(1.E0,0.E0,0.E0));
#2695=DIRECTION('',(0.E0,-6.808510638298E-1,7.324218926833E-1));
#2696=AXIS2_PLACEMENT_3D('',#2693,#2694,#2695);
#2697=CYLINDRICAL_SURFACE('',#2696,4.7E-1);
#2699=ORIENTED_EDGE('',*,*,#2698,.T.);
#2701=ORIENTED_EDGE('',*,*,#2700,.F.);
#2703=ORIENTED_EDGE('',*,*,#2702,.T.);
#2705=ORIENTED_EDGE('',*,*,#2704,.F.);
#2707=ORIENTED_EDGE('',*,*,#2706,.F.);
#2708=ORIENTED_EDGE('',*,*,#2687,.T.);
#2709=EDGE_LOOP('',(#2699,#2701,#2703,#2705,#2707,#2708));
#2710=FACE_OUTER_BOUND('',#2709,.F.);
#2711=ADVANCED_FACE('',(#2710),#2697,.F.);
#2712=CARTESIAN_POINT('',(-7.75E-1,2.25E-1,-3.15E0));
#2713=DIRECTION('',(-1.E0,0.E0,0.E0));
#2714=DIRECTION('',(0.E0,6.521795683599E-1,7.580645161290E-1));
#2715=AXIS2_PLACEMENT_3D('',#2712,#2713,#2714);
#2716=PLANE('',#2715);
#2718=ORIENTED_EDGE('',*,*,#2717,.T.);
#2719=ORIENTED_EDGE('',*,*,#2698,.F.);
#2720=ORIENTED_EDGE('',*,*,#2645,.F.);
#2722=ORIENTED_EDGE('',*,*,#2721,.T.);
#2723=EDGE_LOOP('',(#2718,#2719,#2720,#2722));
#2724=FACE_OUTER_BOUND('',#2723,.F.);
#2725=ADVANCED_FACE('',(#2724),#2716,.T.);
#2726=CARTESIAN_POINT('',(-1.375E0,1.710278339539E0,-2.837268487978E0));
#2727=DIRECTION('',(0.E0,-1.E0,0.E0));
#2728=DIRECTION('',(1.E0,0.E0,0.E0));
#2729=AXIS2_PLACEMENT_3D('',#2726,#2727,#2728);
#2730=CYLINDRICAL_SURFACE('',#2729,6.E-1);
#2731=ORIENTED_EDGE('',*,*,#2717,.F.);
#2733=ORIENTED_EDGE('',*,*,#2732,.T.);
#2735=ORIENTED_EDGE('',*,*,#2734,.T.);
#2737=ORIENTED_EDGE('',*,*,#2736,.T.);
#2739=ORIENTED_EDGE('',*,*,#2738,.T.);
#2740=ORIENTED_EDGE('',*,*,#2700,.T.);
#2741=EDGE_LOOP('',(#2731,#2733,#2735,#2737,#2739,#2740));
#2742=FACE_OUTER_BOUND('',#2741,.F.);
#2743=ADVANCED_FACE('',(#2742),#2730,.F.);
#2744=CARTESIAN_POINT('',(-1.E0,-3.2E-1,-3.15E0));
#2745=DIRECTION('',(1.E0,0.E0,0.E0));
#2746=DIRECTION('',(0.E0,-6.808510638298E-1,7.324218926833E-1));
#2747=AXIS2_PLACEMENT_3D('',#2744,#2745,#2746);
#2748=CYLINDRICAL_SURFACE('',#2747,6.2E-1);
#2750=ORIENTED_EDGE('',*,*,#2749,.F.);
#2751=ORIENTED_EDGE('',*,*,#2732,.F.);
#2752=ORIENTED_EDGE('',*,*,#2721,.F.);
#2753=ORIENTED_EDGE('',*,*,#2660,.F.);
#2755=ORIENTED_EDGE('',*,*,#2754,.T.);
#2757=ORIENTED_EDGE('',*,*,#2756,.F.);
#2758=EDGE_LOOP('',(#2750,#2751,#2752,#2753,#2755,#2757));
#2759=FACE_OUTER_BOUND('',#2758,.F.);
#2760=ADVANCED_FACE('',(#2759),#2748,.T.);
#2761=CARTESIAN_POINT('',(1.15E0,1.5E-1,-2.805761710439E0));
#2762=DIRECTION('',(0.E0,1.E0,0.E0));
#2763=DIRECTION('',(-1.E0,0.E0,0.E0));
#2764=AXIS2_PLACEMENT_3D('',#2761,#2762,#2763);
#2765=PLANE('',#2764);
#2767=ORIENTED_EDGE('',*,*,#2766,.F.);
#2769=ORIENTED_EDGE('',*,*,#2768,.T.);
#2771=ORIENTED_EDGE('',*,*,#2770,.T.);
#2773=ORIENTED_EDGE('',*,*,#2772,.F.);
#2775=ORIENTED_EDGE('',*,*,#2774,.F.);
#2777=ORIENTED_EDGE('',*,*,#2776,.T.);
#2778=ORIENTED_EDGE('',*,*,#2734,.F.);
#2779=ORIENTED_EDGE('',*,*,#2749,.T.);
#2781=ORIENTED_EDGE('',*,*,#2780,.F.);
#2783=ORIENTED_EDGE('',*,*,#2782,.T.);
#2784=EDGE_LOOP('',(#2767,#2769,#2771,#2773,#2775,#2777,#2778,#2779,#2781,
#2783));
#2785=FACE_OUTER_BOUND('',#2784,.F.);
#2787=ORIENTED_EDGE('',*,*,#2786,.F.);
#2789=ORIENTED_EDGE('',*,*,#2788,.F.);
#2790=EDGE_LOOP('',(#2787,#2789));
#2791=FACE_BOUND('',#2790,.F.);
#2792=ADVANCED_FACE('',(#2785,#2791),#2765,.T.);
#2793=CARTESIAN_POINT('',(5.5E-1,-1.500839261440E0,-1.962731512022E0));
#2794=DIRECTION('',(0.E0,1.E0,0.E0));
#2795=DIRECTION('',(1.E0,0.E0,0.E0));
#2796=AXIS2_PLACEMENT_3D('',#2793,#2794,#2795);
#2797=CYLINDRICAL_SURFACE('',#2796,6.E-1);
#2798=ORIENTED_EDGE('',*,*,#2766,.T.);
#2800=ORIENTED_EDGE('',*,*,#2799,.F.);
#2802=ORIENTED_EDGE('',*,*,#2801,.T.);
#2804=ORIENTED_EDGE('',*,*,#2803,.T.);
#2805=EDGE_LOOP('',(#2798,#2800,#2802,#2804));
#2806=FACE_OUTER_BOUND('',#2805,.F.);
#2807=ADVANCED_FACE('',(#2806),#2797,.T.);
#2808=CARTESIAN_POINT('',(9.625E-1,7.5E-2,-2.4E0));
#2809=DIRECTION('',(-7.295372041401E-1,0.E0,6.839411288813E-1));
#2810=DIRECTION('',(6.839411288813E-1,0.E0,7.295372041401E-1));
#2811=AXIS2_PLACEMENT_3D('',#2808,#2809,#2810);
#2812=PLANE('',#2811);
#2813=ORIENTED_EDGE('',*,*,#2799,.T.);
#2814=ORIENTED_EDGE('',*,*,#2782,.F.);
#2816=ORIENTED_EDGE('',*,*,#2815,.T.);
#2818=ORIENTED_EDGE('',*,*,#2817,.T.);
#2819=EDGE_LOOP('',(#2813,#2814,#2816,#2818));
#2820=FACE_OUTER_BOUND('',#2819,.F.);
#2821=ADVANCED_FACE('',(#2820),#2812,.F.);
#2822=CARTESIAN_POINT('',(1.375E0,1.710278339539E0,-2.837268487978E0));
#2823=DIRECTION('',(0.E0,-1.E0,0.E0));
#2824=DIRECTION('',(-7.295372041401E-1,0.E0,6.839411288813E-1));
#2825=AXIS2_PLACEMENT_3D('',#2822,#2823,#2824);
#2826=CYLINDRICAL_SURFACE('',#2825,6.E-1);
#2827=ORIENTED_EDGE('',*,*,#2815,.F.);
#2828=ORIENTED_EDGE('',*,*,#2780,.T.);
#2829=ORIENTED_EDGE('',*,*,#2756,.T.);
#2831=ORIENTED_EDGE('',*,*,#2830,.T.);
#2832=ORIENTED_EDGE('',*,*,#2704,.T.);
#2834=ORIENTED_EDGE('',*,*,#2833,.T.);
#2835=EDGE_LOOP('',(#2827,#2828,#2829,#2831,#2832,#2834));
#2836=FACE_OUTER_BOUND('',#2835,.F.);
#2837=ADVANCED_FACE('',(#2836),#2826,.F.);
#2838=CARTESIAN_POINT('',(7.75E-1,2.25E-1,-3.15E0));
#2839=DIRECTION('',(-1.E0,0.E0,0.E0));
#2840=DIRECTION('',(0.E0,6.521795683599E-1,7.580645161290E-1));
#2841=AXIS2_PLACEMENT_3D('',#2838,#2839,#2840);
#2842=PLANE('',#2841);
#2843=ORIENTED_EDGE('',*,*,#2830,.F.);
#2844=ORIENTED_EDGE('',*,*,#2754,.F.);
#2845=ORIENTED_EDGE('',*,*,#2674,.T.);
#2846=ORIENTED_EDGE('',*,*,#2706,.T.);
#2847=EDGE_LOOP('',(#2843,#2844,#2845,#2846));
#2848=FACE_OUTER_BOUND('',#2847,.F.);
#2849=ADVANCED_FACE('',(#2848),#2842,.F.);
#2850=CARTESIAN_POINT('',(1.15E0,0.E0,-2.805761710439E0));
#2851=DIRECTION('',(0.E0,1.E0,0.E0));
#2852=DIRECTION('',(-1.E0,0.E0,0.E0));
#2853=AXIS2_PLACEMENT_3D('',#2850,#2851,#2852);
#2854=PLANE('',#2853);
#2855=ORIENTED_EDGE('',*,*,#2801,.F.);
#2856=ORIENTED_EDGE('',*,*,#2817,.F.);
#2857=ORIENTED_EDGE('',*,*,#2833,.F.);
#2858=ORIENTED_EDGE('',*,*,#2702,.F.);
#2859=ORIENTED_EDGE('',*,*,#2738,.F.);
#2861=ORIENTED_EDGE('',*,*,#2860,.F.);
#2863=ORIENTED_EDGE('',*,*,#2862,.F.);
#2865=ORIENTED_EDGE('',*,*,#2864,.T.);
#2867=ORIENTED_EDGE('',*,*,#2866,.F.);
#2869=ORIENTED_EDGE('',*,*,#2868,.F.);
#2870=EDGE_LOOP('',(#2855,#2856,#2857,#2858,#2859,#2861,#2863,#2865,#2867,
#2869));
#2871=FACE_OUTER_BOUND('',#2870,.F.);
#2873=ORIENTED_EDGE('',*,*,#2872,.T.);
#2875=ORIENTED_EDGE('',*,*,#2874,.T.);
#2876=EDGE_LOOP('',(#2873,#2875));
#2877=FACE_BOUND('',#2876,.F.);
#2878=ADVANCED_FACE('',(#2871,#2877),#2854,.F.);
#2879=CARTESIAN_POINT('',(-9.625E-1,7.5E-2,-2.4E0));
#2880=DIRECTION('',(7.295372041401E-1,0.E0,6.839411288813E-1));
#2881=DIRECTION('',(6.839411288813E-1,0.E0,-7.295372041401E-1));
#2882=AXIS2_PLACEMENT_3D('',#2879,#2880,#2881);
#2883=PLANE('',#2882);
#2885=ORIENTED_EDGE('',*,*,#2884,.F.);
#2886=ORIENTED_EDGE('',*,*,#2860,.T.);
#2887=ORIENTED_EDGE('',*,*,#2736,.F.);
#2888=ORIENTED_EDGE('',*,*,#2776,.F.);
#2889=EDGE_LOOP('',(#2885,#2886,#2887,#2888));
#2890=FACE_OUTER_BOUND('',#2889,.F.);
#2891=ADVANCED_FACE('',(#2890),#2883,.F.);
#2892=CARTESIAN_POINT('',(-5.5E-1,-1.500839261440E0,-1.962731512022E0));
#2893=DIRECTION('',(0.E0,1.E0,0.E0));
#2894=DIRECTION('',(-7.295372041401E-1,0.E0,-6.839411288813E-1));
#2895=AXIS2_PLACEMENT_3D('',#2892,#2893,#2894);
#2896=CYLINDRICAL_SURFACE('',#2895,6.E-1);
#2897=ORIENTED_EDGE('',*,*,#2774,.T.);
#2899=ORIENTED_EDGE('',*,*,#2898,.F.);
#2900=ORIENTED_EDGE('',*,*,#2862,.T.);
#2901=ORIENTED_EDGE('',*,*,#2884,.T.);
#2902=EDGE_LOOP('',(#2897,#2899,#2900,#2901));
#2903=FACE_OUTER_BOUND('',#2902,.F.);
#2904=ADVANCED_FACE('',(#2903),#2896,.T.);
#2905=CARTESIAN_POINT('',(-1.15E0,7.5E-2,-1.1E0));
#2906=DIRECTION('',(-1.E0,0.E0,0.E0));
#2907=DIRECTION('',(0.E0,0.E0,1.E0));
#2908=AXIS2_PLACEMENT_3D('',#2905,#2906,#2907);
#2909=PLANE('',#2908);
#2910=ORIENTED_EDGE('',*,*,#2898,.T.);
#2911=ORIENTED_EDGE('',*,*,#2772,.T.);
#2913=ORIENTED_EDGE('',*,*,#2912,.T.);
#2914=ORIENTED_EDGE('',*,*,#2864,.F.);
#2915=EDGE_LOOP('',(#2910,#2911,#2913,#2914));
#2916=FACE_OUTER_BOUND('',#2915,.F.);
#2917=ADVANCED_FACE('',(#2916),#2909,.T.);
#2918=CARTESIAN_POINT('',(0.E0,7.5E-2,0.E0));
#2919=DIRECTION('',(0.E0,0.E0,-1.E0));
#2920=DIRECTION('',(-1.E0,0.E0,0.E0));
#2921=AXIS2_PLACEMENT_3D('',#2918,#2919,#2920);
#2922=PLANE('',#2921);
#2923=ORIENTED_EDGE('',*,*,#2770,.F.);
#2925=ORIENTED_EDGE('',*,*,#2924,.T.);
#2926=ORIENTED_EDGE('',*,*,#2866,.T.);
#2927=ORIENTED_EDGE('',*,*,#2912,.F.);
#2928=EDGE_LOOP('',(#2923,#2925,#2926,#2927));
#2929=FACE_OUTER_BOUND('',#2928,.F.);
#2930=ADVANCED_FACE('',(#2929),#2922,.F.);
#2931=CARTESIAN_POINT('',(1.15E0,7.5E-2,-1.1E0));
#2932=DIRECTION('',(-1.E0,0.E0,0.E0));
#2933=DIRECTION('',(0.E0,0.E0,1.E0));
#2934=AXIS2_PLACEMENT_3D('',#2931,#2932,#2933);
#2935=PLANE('',#2934);
#2936=ORIENTED_EDGE('',*,*,#2803,.F.);
#2937=ORIENTED_EDGE('',*,*,#2868,.T.);
#2938=ORIENTED_EDGE('',*,*,#2924,.F.);
#2939=ORIENTED_EDGE('',*,*,#2768,.F.);
#2940=EDGE_LOOP('',(#2936,#2937,#2938,#2939));
#2941=FACE_OUTER_BOUND('',#2940,.F.);
#2942=ADVANCED_FACE('',(#2941),#2935,.F.);
#2943=CARTESIAN_POINT('',(0.E0,1.5E-1,-1.2E0));
#2944=DIRECTION('',(0.E0,-1.E0,0.E0));
#2945=DIRECTION('',(1.E0,0.E0,0.E0));
#2946=AXIS2_PLACEMENT_3D('',#2943,#2944,#2945);
#2947=CYLINDRICAL_SURFACE('',#2946,5.E-1);
#2948=ORIENTED_EDGE('',*,*,#2786,.T.);
#2950=ORIENTED_EDGE('',*,*,#2949,.T.);
#2951=ORIENTED_EDGE('',*,*,#2872,.F.);
#2953=ORIENTED_EDGE('',*,*,#2952,.F.);
#2954=EDGE_LOOP('',(#2948,#2950,#2951,#2953));
#2955=FACE_OUTER_BOUND('',#2954,.F.);
#2956=ADVANCED_FACE('',(#2955),#2947,.F.);
#2957=CARTESIAN_POINT('',(0.E0,1.5E-1,-1.2E0));
#2958=DIRECTION('',(0.E0,-1.E0,0.E0));
#2959=DIRECTION('',(1.E0,0.E0,0.E0));
#2960=AXIS2_PLACEMENT_3D('',#2957,#2958,#2959);
#2961=CYLINDRICAL_SURFACE('',#2960,5.E-1);
#2962=ORIENTED_EDGE('',*,*,#2788,.T.);
#2963=ORIENTED_EDGE('',*,*,#2952,.T.);
#2964=ORIENTED_EDGE('',*,*,#2874,.F.);
#2965=ORIENTED_EDGE('',*,*,#2949,.F.);
#2966=EDGE_LOOP('',(#2962,#2963,#2964,#2965));
#2967=FACE_OUTER_BOUND('',#2966,.F.);
#2968=ADVANCED_FACE('',(#2967),#2961,.F.);
#2969=CARTESIAN_POINT('',(7.75E-1,7.E-1,-4.3E0));
#2970=DIRECTION('',(-1.E0,0.E0,0.E0));
#2971=DIRECTION('',(0.E0,0.E0,-1.E0));
#2972=AXIS2_PLACEMENT_3D('',#2969,#2970,#2971);
#2973=CYLINDRICAL_SURFACE('',#2972,1.5E-1);
#2974=ORIENTED_EDGE('',*,*,#1611,.F.);
#2975=ORIENTED_EDGE('',*,*,#2518,.F.);
#2976=ORIENTED_EDGE('',*,*,#2576,.T.);
#2977=ORIENTED_EDGE('',*,*,#1764,.T.);
#2978=EDGE_LOOP('',(#2974,#2975,#2976,#2977));
#2979=FACE_OUTER_BOUND('',#2978,.F.);
#2980=ADVANCED_FACE('',(#2979),#2973,.F.);
#2981=CLOSED_SHELL('',(#1596,#1627,#1641,#1656,#1670,#1685,#1699,#1713,#1727,
#1741,#1755,#1770,#1785,#1809,#1822,#1837,#1851,#1873,#2048,#2061,#2088,#2102,
#2116,#2142,#2321,#2333,#2348,#2362,#2380,#2394,#2406,#2419,#2432,#2445,#2458,
#2470,#2484,#2497,#2509,#2523,#2538,#2552,#2566,#2580,#2595,#2609,#2623,#2636,
#2651,#2665,#2679,#2692,#2711,#2725,#2743,#2760,#2792,#2807,#2821,#2837,#2849,
#2878,#2891,#2904,#2917,#2930,#2942,#2956,#2968,#2980));
#2982=MANIFOLD_SOLID_BREP('',#2981);
#2983=FILL_AREA_STYLE_COLOUR('',#10);
#2984=FILL_AREA_STYLE('',(#2983));
#2985=SURFACE_STYLE_FILL_AREA(#2984);
#2986=SURFACE_SIDE_STYLE('',(#2985));
#2987=SURFACE_STYLE_USAGE(.BOTH.,#2986);
#2988=PRESENTATION_STYLE_ASSIGNMENT((#2987));
#11=STYLED_ITEM('',(#2988),#2982);
#2990=CARTESIAN_POINT('',(-1.485849056604E-1,1.632378465311E0,
-5.153570440246E-1));
#2991=DIRECTION('',(-8.490566037736E-1,-4.041156936818E-1,-3.402842777863E-1));
#2992=DIRECTION('',(0.E0,-6.441095258098E-1,7.649332773263E-1));
#2993=AXIS2_PLACEMENT_3D('',#2990,#2991,#2992);
#2995=CURVE_STYLE('',#16,POSITIVE_LENGTH_MEASURE(2.E-2),#10);
#2996=PRESENTATION_STYLE_ASSIGNMENT((#2995));
#2997=STYLED_ITEM('',(#2996),#2994);
#2998=DIRECTION('',(5.283018867925E-1,-6.494716505600E-1,-5.468854464423E-1));
#2999=VECTOR('',#2998,9.188474747524E-2);
#3000=CARTESIAN_POINT('',(-1.485849056604E-1,1.600172989021E0,
-4.771103801583E-1));
#3001=LINE('',#3000,#2999);
#3002=CURVE_STYLE('',#16,POSITIVE_LENGTH_MEASURE(2.E-2),#10);
#3003=PRESENTATION_STYLE_ASSIGNMENT((#3002));
#3004=STYLED_ITEM('',(#3003),#3001);
#3005=DIRECTION('',(0.E0,-6.441095258098E-1,7.649332773263E-1));
#3006=VECTOR('',#3005,3.193505559831E-1);
#3007=CARTESIAN_POINT('',(-1.000420202018E-1,1.746193185598E0,
-7.716426787067E-1));
#3008=LINE('',#3007,#3006);
#3009=CURVE_STYLE('',#16,POSITIVE_LENGTH_MEASURE(2.E-2),#10);
#3010=PRESENTATION_STYLE_ASSIGNMENT((#3009));
#3011=STYLED_ITEM('',(#3010),#3008);
#3012=DIRECTION('',(0.E0,-6.441095258098E-1,7.649332773263E-1));
#3013=VECTOR('',#3012,2.693505559831E-1);
#3014=CARTESIAN_POINT('',(-1.75E-1,1.838343306730E0,-6.940479752403E-1));
#3015=LINE('',#3014,#3013);
#3016=CURVE_STYLE('',#16,POSITIVE_LENGTH_MEASURE(2.E-2),#10);
#3017=PRESENTATION_STYLE_ASSIGNMENT((#3016));
#3018=STYLED_ITEM('',(#3017),#3015);
#3019=CARTESIAN_POINT('',(0.E0,1.417509087301E0,-6.309219119702E-1));
#3020=DIRECTION('',(0.E0,-6.441095258098E-1,7.649332773263E-1));
#3021=DIRECTION('',(5.283018867925E-1,6.494716505600E-1,5.468854464423E-1));
#3022=AXIS2_PLACEMENT_3D('',#3019,#3020,#3021);
#3024=CURVE_STYLE('',#16,POSITIVE_LENGTH_MEASURE(2.E-2),#10);
#3025=PRESENTATION_STYLE_ASSIGNMENT((#3024));
#3026=STYLED_ITEM('',(#3025),#3023);
#3027=DIRECTION('',(-5.283018867925E-1,-6.494716505600E-1,-5.468854464423E-1));
#3028=VECTOR('',#3027,9.188474747524E-2);
#3029=CARTESIAN_POINT('',(1.485849056604E-1,1.600172989021E0,
-4.771103801583E-1));
#3030=LINE('',#3029,#3028);
#3031=CURVE_STYLE('',#16,POSITIVE_LENGTH_MEASURE(2.E-2),#10);
#3032=PRESENTATION_STYLE_ASSIGNMENT((#3031));
#3033=STYLED_ITEM('',(#3032),#3030);
#3034=CARTESIAN_POINT('',(0.E0,1.298944429315E0,-7.307588884707E-1));
#3035=DIRECTION('',(0.E0,-6.441095258098E-1,7.649332773263E-1));
#3036=DIRECTION('',(3.020136458921E-1,7.292136486084E-1,6.140319310737E-1));
#3037=AXIS2_PLACEMENT_3D('',#3034,#3035,#3036);
#3039=CURVE_STYLE('',#16,POSITIVE_LENGTH_MEASURE(2.E-2),#10);
#3040=PRESENTATION_STYLE_ASSIGNMENT((#3039));
#3041=STYLED_ITEM('',(#3040),#3038);
#3042=CARTESIAN_POINT('',(0.E0,1.417509087301E0,-6.309219119702E-1));
#3043=DIRECTION('',(0.E0,-6.441095258098E-1,7.649332773263E-1));
#3044=DIRECTION('',(3.395149252554E-1,7.194967511758E-1,6.058498498607E-1));
#3045=AXIS2_PLACEMENT_3D('',#3042,#3043,#3044);
#3047=CURVE_STYLE('',#16,POSITIVE_LENGTH_MEASURE(2.E-2),#10);
#3048=PRESENTATION_STYLE_ASSIGNMENT((#3047));
#3049=STYLED_ITEM('',(#3048),#3046);
#3050=CARTESIAN_POINT('',(0.E0,1.298944429315E0,-7.307588884707E-1));
#3051=DIRECTION('',(0.E0,-6.441095258098E-1,7.649332773263E-1));
#3052=DIRECTION('',(-1.857723175926E-1,7.516179445621E-1,6.328973940763E-1));
#3053=AXIS2_PLACEMENT_3D('',#3050,#3051,#3052);
#3055=CURVE_STYLE('',#16,POSITIVE_LENGTH_MEASURE(2.E-2),#10);
#3056=PRESENTATION_STYLE_ASSIGNMENT((#3055));
#3057=STYLED_ITEM('',(#3056),#3054);
#3058=CARTESIAN_POINT('',(1.485849056604E-1,1.632378465311E0,
-5.153570440246E-1));
#3059=DIRECTION('',(8.490566037736E-1,-4.041156936818E-1,-3.402842777863E-1));
#3060=DIRECTION('',(5.283018867925E-1,6.494716505600E-1,5.468854464423E-1));
#3061=AXIS2_PLACEMENT_3D('',#3058,#3059,#3060);
#3063=CURVE_STYLE('',#16,POSITIVE_LENGTH_MEASURE(2.E-2),#10);
#3064=PRESENTATION_STYLE_ASSIGNMENT((#3063));
#3065=STYLED_ITEM('',(#3064),#3062);
#3066=DIRECTION('',(-5.283018867925E-1,-6.494716505600E-1,-5.468854464423E-1));
#3067=VECTOR('',#3066,1.418847474752E-1);
#3068=CARTESIAN_POINT('',(1.75E-1,1.838343306730E0,-6.940479752403E-1));
#3069=LINE('',#3068,#3067);
#3070=CURVE_STYLE('',#16,POSITIVE_LENGTH_MEASURE(2.E-2),#10);
#3071=PRESENTATION_STYLE_ASSIGNMENT((#3070));
#3072=STYLED_ITEM('',(#3071),#3069);
#3073=DIRECTION('',(0.E0,-6.441095258098E-1,7.649332773263E-1));
#3074=VECTOR('',#3073,3.193505559831E-1);
#3075=CARTESIAN_POINT('',(1.000420202018E-1,1.746193185598E0,
-7.716426787067E-1));
#3076=LINE('',#3075,#3074);
#3077=CURVE_STYLE('',#16,POSITIVE_LENGTH_MEASURE(2.E-2),#10);
#3078=PRESENTATION_STYLE_ASSIGNMENT((#3077));
#3079=STYLED_ITEM('',(#3078),#3076);
#3080=CARTESIAN_POINT('',(0.E0,1.449714563591E0,-6.691685758365E-1));
#3081=DIRECTION('',(0.E0,-6.441095258098E-1,7.649332773263E-1));
#3082=DIRECTION('',(5.283018867925E-1,6.494716505600E-1,5.468854464423E-1));
#3083=AXIS2_PLACEMENT_3D('',#3080,#3081,#3082);
#3085=CURVE_STYLE('',#16,POSITIVE_LENGTH_MEASURE(2.E-2),#10);
#3086=PRESENTATION_STYLE_ASSIGNMENT((#3085));
#3087=STYLED_ITEM('',(#3086),#3084);
#3088=CARTESIAN_POINT('',(0.E0,1.623205822482E0,-8.752037793744E-1));
#3089=DIRECTION('',(0.E0,-6.441095258098E-1,7.649332773263E-1));
#3090=DIRECTION('',(5.283018867925E-1,6.494716505600E-1,5.468854464423E-1));
#3091=AXIS2_PLACEMENT_3D('',#3088,#3089,#3090);
#3093=CURVE_STYLE('',#16,POSITIVE_LENGTH_MEASURE(2.E-2),#10);
#3094=PRESENTATION_STYLE_ASSIGNMENT((#3093));
#3095=STYLED_ITEM('',(#3094),#3092);
#3096=DIRECTION('',(0.E0,-6.441095258098E-1,7.649332773263E-1));
#3097=VECTOR('',#3096,2.693505559831E-1);
#3098=CARTESIAN_POINT('',(1.75E-1,1.838343306730E0,-6.940479752403E-1));
#3099=LINE('',#3098,#3097);
#3100=CURVE_STYLE('',#16,POSITIVE_LENGTH_MEASURE(2.E-2),#10);
#3101=PRESENTATION_STYLE_ASSIGNMENT((#3100));
#3102=STYLED_ITEM('',(#3101),#3099);
#3103=CARTESIAN_POINT('',(0.E0,1.618117409749E0,-1.130600419321E0));
#3104=DIRECTION('',(0.E0,6.740666803640E-1,7.386705019310E-1));
#3105=DIRECTION('',(5.283018867925E-1,6.271730676773E-1,-5.723207663468E-1));
#3106=AXIS2_PLACEMENT_3D('',#3103,#3104,#3105);
#3108=CURVE_STYLE('',#16,POSITIVE_LENGTH_MEASURE(2.E-2),#10);
#3109=PRESENTATION_STYLE_ASSIGNMENT((#3108));
#3110=STYLED_ITEM('',(#3109),#3107);
#3111=CARTESIAN_POINT('',(1.75E-1,1.475E0,-1.E0));
#3112=DIRECTION('',(1.E0,0.E0,0.E0));
#3113=DIRECTION('',(0.E0,7.386705019310E-1,-6.740666803640E-1));
#3114=AXIS2_PLACEMENT_3D('',#3111,#3112,#3113);
#3116=CURVE_STYLE('',#16,POSITIVE_LENGTH_MEASURE(2.E-2),#10);
#3117=PRESENTATION_STYLE_ASSIGNMENT((#3116));
#3118=STYLED_ITEM('',(#3117),#3115);
#3119=CARTESIAN_POINT('',(0.E0,1.087283808025E0,-1.712310114296E0));
#3120=DIRECTION('',(0.E0,-6.740666803640E-1,-7.386705019310E-1));
#3121=DIRECTION('',(-5.283018867925E-1,6.271730676773E-1,-5.723207663468E-1));
#3122=AXIS2_PLACEMENT_3D('',#3119,#3120,#3121);
#3124=CURVE_STYLE('',#16,POSITIVE_LENGTH_MEASURE(2.E-2),#10);
#3125=PRESENTATION_STYLE_ASSIGNMENT((#3124));
#3126=STYLED_ITEM('',(#3125),#3123);
#3127=DIRECTION('',(0.E0,6.740666803640E-1,7.386705019310E-1));
#3128=VECTOR('',#3127,7.875090361052E-1);
#3129=CARTESIAN_POINT('',(1.75E-1,1.295034886693E0,-1.901891368148E0));
#3130=LINE('',#3129,#3128);
#3131=CURVE_STYLE('',#16,POSITIVE_LENGTH_MEASURE(2.E-2),#10);
#3132=PRESENTATION_STYLE_ASSIGNMENT((#3131));
#3133=STYLED_ITEM('',(#3132),#3130);
#3134=CARTESIAN_POINT('',(1.485849056604E-1,1.263676233309E0,
-1.873275329831E0));
#3135=DIRECTION('',(8.490566037736E-1,-3.902410198881E-1,3.561106990602E-1));
#3136=DIRECTION('',(-1.221245327088E-14,-6.740666803641E-1,-7.386705019310E-1));
#3137=AXIS2_PLACEMENT_3D('',#3134,#3135,#3136);
#3139=CURVE_STYLE('',#16,POSITIVE_LENGTH_MEASURE(2.E-2),#10);
#3140=PRESENTATION_STYLE_ASSIGNMENT((#3139));
#3141=STYLED_ITEM('',(#3140),#3138);
#3142=DIRECTION('',(-5.283018867925E-1,-6.271730676773E-1,5.723207663468E-1));
#3143=VECTOR('',#3142,9.188474747524E-2);
#3144=CARTESIAN_POINT('',(1.485849056604E-1,1.229972899291E0,
-1.910208854927E0));
#3145=LINE('',#3144,#3143);
#3146=CURVE_STYLE('',#16,POSITIVE_LENGTH_MEASURE(2.E-2),#10);
#3147=PRESENTATION_STYLE_ASSIGNMENT((#3146));
#3148=STYLED_ITEM('',(#3147),#3145);
#3149=DIRECTION('',(0.E0,6.740666803640E-1,7.386705019310E-1));
#3150=VECTOR('',#3149,8.375090361052E-1);
#3151=CARTESIAN_POINT('',(1.000420202018E-1,1.172345260344E0,
-1.857621305837E0));
#3152=LINE('',#3151,#3150);
#3153=CURVE_STYLE('',#16,POSITIVE_LENGTH_MEASURE(2.E-2),#10);
#3154=PRESENTATION_STYLE_ASSIGNMENT((#3153));
#3155=STYLED_ITEM('',(#3154),#3152);
#3156=CARTESIAN_POINT('',(0.E0,1.053580474007E0,-1.749243639392E0));
#3157=DIRECTION('',(0.E0,-6.740666803640E-1,-7.386705019310E-1));
#3158=DIRECTION('',(-5.283018867925E-1,6.271730676773E-1,-5.723207663468E-1));
#3159=AXIS2_PLACEMENT_3D('',#3156,#3157,#3158);
#3161=CURVE_STYLE('',#16,POSITIVE_LENGTH_MEASURE(2.E-2),#10);
#3162=PRESENTATION_STYLE_ASSIGNMENT((#3161));
#3163=STYLED_ITEM('',(#3162),#3160);
#3164=DIRECTION('',(5.283018867925E-1,-6.271730676773E-1,5.723207663468E-1));
#3165=VECTOR('',#3164,9.188474747524E-2);
#3166=CARTESIAN_POINT('',(-1.485849056604E-1,1.229972899291E0,
-1.910208854927E0));
#3167=LINE('',#3166,#3165);
#3168=CURVE_STYLE('',#16,POSITIVE_LENGTH_MEASURE(2.E-2),#10);
#3169=PRESENTATION_STYLE_ASSIGNMENT((#3168));
#3170=STYLED_ITEM('',(#3169),#3167);
#3171=CARTESIAN_POINT('',(0.E0,9.390865462075E-1,-1.644763303936E0));
#3172=DIRECTION('',(0.E0,6.740666803640E-1,7.386705019310E-1));
#3173=DIRECTION('',(-1.857723175926E-1,7.258123300776E-1,-6.623330789895E-1));
#3174=AXIS2_PLACEMENT_3D('',#3171,#3172,#3173);
#3176=CURVE_STYLE('',#16,POSITIVE_LENGTH_MEASURE(2.E-2),#10);
#3177=PRESENTATION_STYLE_ASSIGNMENT((#3176));
#3178=STYLED_ITEM('',(#3177),#3175);
#3179=CARTESIAN_POINT('',(0.E0,1.053580474007E0,-1.749243639392E0));
#3180=DIRECTION('',(0.E0,6.740666803640E-1,7.386705019310E-1));
#3181=DIRECTION('',(3.395149252554E-1,6.947939671111E-1,-6.340275694281E-1));
#3182=AXIS2_PLACEMENT_3D('',#3179,#3180,#3181);
#3184=CURVE_STYLE('',#16,POSITIVE_LENGTH_MEASURE(2.E-2),#10);
#3185=PRESENTATION_STYLE_ASSIGNMENT((#3184));
#3186=STYLED_ITEM('',(#3185),#3183);
#3187=CARTESIAN_POINT('',(0.E0,9.390865462075E-1,-1.644763303936E0));
#3188=DIRECTION('',(0.E0,6.740666803640E-1,7.386705019310E-1));
#3189=DIRECTION('',(3.020136458921E-1,7.041772502241E-1,-6.425901944177E-1));
#3190=AXIS2_PLACEMENT_3D('',#3187,#3188,#3189);
#3192=CURVE_STYLE('',#16,POSITIVE_LENGTH_MEASURE(2.E-2),#10);
#3193=PRESENTATION_STYLE_ASSIGNMENT((#3192));
#3194=STYLED_ITEM('',(#3193),#3191);
#3195=CARTESIAN_POINT('',(-1.485849056604E-1,1.263676233309E0,
-1.873275329831E0));
#3196=DIRECTION('',(-8.490566037736E-1,-3.902410198881E-1,3.561106990602E-1));
#3197=DIRECTION('',(-5.283018867925E-1,6.271730676773E-1,-5.723207663468E-1));
#3198=AXIS2_PLACEMENT_3D('',#3195,#3196,#3197);
#3200=CURVE_STYLE('',#16,POSITIVE_LENGTH_MEASURE(2.E-2),#10);
#3201=PRESENTATION_STYLE_ASSIGNMENT((#3200));
#3202=STYLED_ITEM('',(#3201),#3199);
#3203=DIRECTION('',(0.E0,6.740666803640E-1,7.386705019310E-1));
#3204=VECTOR('',#3203,7.875090361052E-1);
#3205=CARTESIAN_POINT('',(-1.75E-1,1.295034886693E0,-1.901891368148E0));
#3206=LINE('',#3205,#3204);
#3207=CURVE_STYLE('',#16,POSITIVE_LENGTH_MEASURE(2.E-2),#10);
#3208=PRESENTATION_STYLE_ASSIGNMENT((#3207));
#3209=STYLED_ITEM('',(#3208),#3206);
#3210=DIRECTION('',(5.283018867925E-1,-6.271730676773E-1,5.723207663468E-1));
#3211=VECTOR('',#3210,1.418847474752E-1);
#3212=CARTESIAN_POINT('',(-1.75E-1,1.825868488417E0,-1.320181673173E0));
#3213=LINE('',#3212,#3211);
#3214=CURVE_STYLE('',#16,POSITIVE_LENGTH_MEASURE(2.E-2),#10);
#3215=PRESENTATION_STYLE_ASSIGNMENT((#3214));
#3216=STYLED_ITEM('',(#3215),#3213);
#3217=DIRECTION('',(0.E0,6.740666803640E-1,7.386705019310E-1));
#3218=VECTOR('',#3217,8.375090361052E-1);
#3219=CARTESIAN_POINT('',(-1.000420202018E-1,1.172345260344E0,
-1.857621305837E0));
#3220=LINE('',#3219,#3218);
#3221=CURVE_STYLE('',#16,POSITIVE_LENGTH_MEASURE(2.E-2),#10);
#3222=PRESENTATION_STYLE_ASSIGNMENT((#3221));
#3223=STYLED_ITEM('',(#3222),#3220);
#3224=CARTESIAN_POINT('',(-1.000420202018E-1,1.475E0,-1.E0));
#3225=DIRECTION('',(-1.E0,0.E0,0.E0));
#3226=DIRECTION('',(0.E0,7.649332773263E-1,6.441095258098E-1));
#3227=AXIS2_PLACEMENT_3D('',#3224,#3225,#3226);
#3229=CURVE_STYLE('',#16,POSITIVE_LENGTH_MEASURE(2.E-2),#10);
#3230=PRESENTATION_STYLE_ASSIGNMENT((#3229));
#3231=STYLED_ITEM('',(#3230),#3228);
#3232=CARTESIAN_POINT('',(-1.75E-1,1.475E0,-1.E0));
#3233=DIRECTION('',(1.E0,0.E0,0.E0));
#3234=DIRECTION('',(0.E0,7.386705019310E-1,-6.740666803640E-1));
#3235=AXIS2_PLACEMENT_3D('',#3232,#3233,#3234);
#3237=CURVE_STYLE('',#16,POSITIVE_LENGTH_MEASURE(2.E-2),#10);
#3238=PRESENTATION_STYLE_ASSIGNMENT((#3237));
#3239=STYLED_ITEM('',(#3238),#3236);
#3240=DIRECTION('',(5.283018867925E-1,-6.494716505600E-1,-5.468854464423E-1));
#3241=VECTOR('',#3240,1.418847474752E-1);
#3242=CARTESIAN_POINT('',(-1.75E-1,1.838343306730E0,-6.940479752403E-1));
#3243=LINE('',#3242,#3241);
#3244=CURVE_STYLE('',#16,POSITIVE_LENGTH_MEASURE(2.E-2),#10);
#3245=PRESENTATION_STYLE_ASSIGNMENT((#3244));
#3246=STYLED_ITEM('',(#3245),#3243);
#3247=CARTESIAN_POINT('',(0.E0,1.503623481950E0,-1.026120083864E0));
#3248=DIRECTION('',(0.E0,6.740666803640E-1,7.386705019310E-1));
#3249=DIRECTION('',(3.020136458921E-1,7.041772502241E-1,-6.425901944177E-1));
#3250=AXIS2_PLACEMENT_3D('',#3247,#3248,#3249);
#3252=CURVE_STYLE('',#16,POSITIVE_LENGTH_MEASURE(2.E-2),#10);
#3253=PRESENTATION_STYLE_ASSIGNMENT((#3252));
#3254=STYLED_ITEM('',(#3253),#3251);
#3255=CARTESIAN_POINT('',(0.E0,1.503623481950E0,-1.026120083864E0));
#3256=DIRECTION('',(0.E0,6.740666803640E-1,7.386705019310E-1));
#3257=DIRECTION('',(-1.857723175926E-1,7.258123300776E-1,-6.623330789895E-1));
#3258=AXIS2_PLACEMENT_3D('',#3255,#3256,#3257);
#3260=CURVE_STYLE('',#16,POSITIVE_LENGTH_MEASURE(2.E-2),#10);
#3261=PRESENTATION_STYLE_ASSIGNMENT((#3260));
#3262=STYLED_ITEM('',(#3261),#3259);
#3263=CARTESIAN_POINT('',(6.153708020254E-2,1.475E0,-1.E0));
#3264=DIRECTION('',(1.E0,0.E0,0.E0));
#3265=DIRECTION('',(0.E0,7.386705019310E-1,-6.740666803640E-1));
#3266=AXIS2_PLACEMENT_3D('',#3263,#3264,#3265);
#3268=CURVE_STYLE('',#16,POSITIVE_LENGTH_MEASURE(2.E-2),#10);
#3269=PRESENTATION_STYLE_ASSIGNMENT((#3268));
#3270=STYLED_ITEM('',(#3269),#3267);
#3271=CARTESIAN_POINT('',(0.E0,1.618117409749E0,-1.130600419321E0));
#3272=DIRECTION('',(0.E0,6.740666803640E-1,7.386705019310E-1));
#3273=DIRECTION('',(3.395149252554E-1,6.947939671111E-1,-6.340275694281E-1));
#3274=AXIS2_PLACEMENT_3D('',#3271,#3272,#3273);
#3276=CURVE_STYLE('',#16,POSITIVE_LENGTH_MEASURE(2.E-2),#10);
#3277=PRESENTATION_STYLE_ASSIGNMENT((#3276));
#3278=STYLED_ITEM('',(#3277),#3275);
#3279=CARTESIAN_POINT('',(-6.153708020254E-2,1.475E0,-1.E0));
#3280=DIRECTION('',(1.E0,0.E0,0.E0));
#3281=DIRECTION('',(0.E0,7.386705019310E-1,-6.740666803640E-1));
#3282=AXIS2_PLACEMENT_3D('',#3279,#3280,#3281);
#3284=CURVE_STYLE('',#16,POSITIVE_LENGTH_MEASURE(2.E-2),#10);
#3285=PRESENTATION_STYLE_ASSIGNMENT((#3284));
#3286=STYLED_ITEM('',(#3285),#3283);
#3287=DIRECTION('',(0.E0,6.740666803640E-1,7.386705019310E-1));
#3288=VECTOR('',#3287,8.375090361052E-1);
#3289=CARTESIAN_POINT('',(-6.153708020254E-2,1.179511880546E0,
-1.864161136351E0));
#3290=LINE('',#3289,#3288);
#3291=CURVE_STYLE('',#16,POSITIVE_LENGTH_MEASURE(2.E-2),#10);
#3292=PRESENTATION_STYLE_ASSIGNMENT((#3291));
#3293=STYLED_ITEM('',(#3292),#3290);
#3294=DIRECTION('',(0.E0,6.740666803640E-1,7.386705019310E-1));
#3295=VECTOR('',#3294,8.375090361052E-1);
#3296=CARTESIAN_POINT('',(6.153708020255E-2,1.179511880546E0,
-1.864161136351E0));
#3297=LINE('',#3296,#3295);
#3298=CURVE_STYLE('',#16,POSITIVE_LENGTH_MEASURE(2.E-2),#10);
#3299=PRESENTATION_STYLE_ASSIGNMENT((#3298));
#3300=STYLED_ITEM('',(#3299),#3297);
#3301=DIRECTION('',(0.E0,-6.441095258098E-1,7.649332773263E-1));
#3302=VECTOR('',#3301,3.193505559831E-1);
#3303=CARTESIAN_POINT('',(-6.153708020254E-2,1.753614608633E0,
-7.653934940871E-1));
#3304=LINE('',#3303,#3302);
#3305=CURVE_STYLE('',#16,POSITIVE_LENGTH_MEASURE(2.E-2),#10);
#3306=PRESENTATION_STYLE_ASSIGNMENT((#3305));
#3307=STYLED_ITEM('',(#3306),#3304);
#3308=DIRECTION('',(0.E0,-6.441095258098E-1,7.649332773263E-1));
#3309=VECTOR('',#3308,3.193505559831E-1);
#3310=CARTESIAN_POINT('',(6.153708020254E-2,1.753614608633E0,
-7.653934940871E-1));
#3311=LINE('',#3310,#3309);
#3312=CURVE_STYLE('',#16,POSITIVE_LENGTH_MEASURE(2.E-2),#10);
#3313=PRESENTATION_STYLE_ASSIGNMENT((#3312));
#3314=STYLED_ITEM('',(#3313),#3311);
#3315=CARTESIAN_POINT('',(0.E0,1.623205822482E0,-8.752037793744E-1));
#3316=DIRECTION('',(0.E0,-6.441095258098E-1,7.649332773263E-1));
#3317=DIRECTION('',(3.395149252554E-1,7.194967511758E-1,6.058498498607E-1));
#3318=AXIS2_PLACEMENT_3D('',#3315,#3316,#3317);
#3320=CURVE_STYLE('',#16,POSITIVE_LENGTH_MEASURE(2.E-2),#10);
#3321=PRESENTATION_STYLE_ASSIGNMENT((#3320));
#3322=STYLED_ITEM('',(#3321),#3319);
#3323=CARTESIAN_POINT('',(0.E0,1.504641164496E0,-9.750407558749E-1));
#3324=DIRECTION('',(0.E0,-6.441095258098E-1,7.649332773263E-1));
#3325=DIRECTION('',(-1.857723175926E-1,7.516179445621E-1,6.328973940763E-1));
#3326=AXIS2_PLACEMENT_3D('',#3323,#3324,#3325);
#3328=CURVE_STYLE('',#16,POSITIVE_LENGTH_MEASURE(2.E-2),#10);
#3329=PRESENTATION_STYLE_ASSIGNMENT((#3328));
#3330=STYLED_ITEM('',(#3329),#3327);
#3331=CARTESIAN_POINT('',(0.E0,1.504641164496E0,-9.750407558749E-1));
#3332=DIRECTION('',(0.E0,-6.441095258098E-1,7.649332773263E-1));
#3333=DIRECTION('',(3.020136458921E-1,7.292136486084E-1,6.140319310737E-1));
#3334=AXIS2_PLACEMENT_3D('',#3331,#3332,#3333);
#3336=CURVE_STYLE('',#16,POSITIVE_LENGTH_MEASURE(2.E-2),#10);
#3337=PRESENTATION_STYLE_ASSIGNMENT((#3336));
#3338=STYLED_ITEM('',(#3337),#3335);
#3339=CARTESIAN_POINT('',(1.000420202018E-1,1.475E0,-1.E0));
#3340=DIRECTION('',(1.E0,0.E0,0.E0));
#3341=DIRECTION('',(0.E0,7.386705019310E-1,-6.740666803640E-1));
#3342=AXIS2_PLACEMENT_3D('',#3339,#3340,#3341);
#3344=CURVE_STYLE('',#16,POSITIVE_LENGTH_MEASURE(2.E-2),#10);
#3345=PRESENTATION_STYLE_ASSIGNMENT((#3344));
#3346=STYLED_ITEM('',(#3345),#3343);
#3347=DIRECTION('',(-5.283018867925E-1,-6.271730676773E-1,5.723207663468E-1));
#3348=VECTOR('',#3347,1.418847474752E-1);
#3349=CARTESIAN_POINT('',(1.75E-1,1.825868488417E0,-1.320181673173E0));
#3350=LINE('',#3349,#3348);
#3351=CURVE_STYLE('',#16,POSITIVE_LENGTH_MEASURE(2.E-2),#10);
#3352=PRESENTATION_STYLE_ASSIGNMENT((#3351));
#3353=STYLED_ITEM('',(#3352),#3350);
#3354=CARTESIAN_POINT('',(1.75E-1,1.825868488417E0,-1.320181673173E0));
#3355=CARTESIAN_POINT('',(-1.75E-1,1.825868488417E0,-1.320181673173E0));
#3356=VERTEX_POINT('',#3354);
#3357=VERTEX_POINT('',#3355);
#3358=CARTESIAN_POINT('',(1.75E-1,1.838343306730E0,-6.940479752403E-1));
#3359=CARTESIAN_POINT('',(-1.75E-1,1.838343306730E0,-6.940479752403E-1));
#3360=VERTEX_POINT('',#3358);
#3361=VERTEX_POINT('',#3359);
#3362=CARTESIAN_POINT('',(-6.153708020254E-2,1.179511880546E0,
-1.864161136351E0));
#3363=CARTESIAN_POINT('',(-6.153708020254E-2,1.744048816288E0,
-1.245517916279E0));
#3364=VERTEX_POINT('',#3362);
#3365=VERTEX_POINT('',#3363);
#3366=CARTESIAN_POINT('',(6.153708020255E-2,1.179511880546E0,
-1.864161136351E0));
#3367=CARTESIAN_POINT('',(6.153708020254E-2,1.744048816288E0,
-1.245517916279E0));
#3368=VERTEX_POINT('',#3366);
#3369=VERTEX_POINT('',#3367);
#3370=CARTESIAN_POINT('',(6.153708020254E-2,1.753614608633E0,
-7.653934940871E-1));
#3371=VERTEX_POINT('',#3370);
#3372=CARTESIAN_POINT('',(-6.153708020254E-2,1.753614608633E0,
-7.653934940871E-1));
#3373=VERTEX_POINT('',#3372);
#3374=CARTESIAN_POINT('',(-6.153708020254E-2,1.547917873451E0,
-5.211116266830E-1));
#3375=VERTEX_POINT('',#3374);
#3376=CARTESIAN_POINT('',(6.153708020255E-2,1.547917873451E0,
-5.211116266830E-1));
#3377=VERTEX_POINT('',#3376);
#3378=CARTESIAN_POINT('',(1.000420202018E-1,1.746193185598E0,
-7.716426787067E-1));
#3379=CARTESIAN_POINT('',(1.000420202018E-1,1.540496450417E0,
-5.273608113025E-1));
#3380=VERTEX_POINT('',#3378);
#3381=VERTEX_POINT('',#3379);
#3382=CARTESIAN_POINT('',(-1.000420202018E-1,1.540496450417E0,
-5.273608113025E-1));
#3383=VERTEX_POINT('',#3382);
#3384=CARTESIAN_POINT('',(-1.000420202018E-1,1.746193185598E0,
-7.716426787067E-1));
#3385=VERTEX_POINT('',#3384);
#3386=CARTESIAN_POINT('',(1.000420202018E-1,1.736882196087E0,
-1.238978085765E0));
#3387=VERTEX_POINT('',#3386);
#3388=CARTESIAN_POINT('',(-1.000420202018E-1,1.736882196087E0,
-1.238978085765E0));
#3389=VERTEX_POINT('',#3388);
#3390=CARTESIAN_POINT('',(1.000420202018E-1,1.172345260344E0,
-1.857621305837E0));
#3391=VERTEX_POINT('',#3390);
#3392=CARTESIAN_POINT('',(-1.000420202018E-1,1.172345260344E0,
-1.857621305837E0));
#3393=VERTEX_POINT('',#3392);
#3394=CARTESIAN_POINT('',(-1.485849056604E-1,1.600172989021E0,
-4.771103801583E-1));
#3395=CARTESIAN_POINT('',(-1.75E-1,1.664852047839E0,-4.880127717025E-1));
#3396=VERTEX_POINT('',#3394);
#3397=VERTEX_POINT('',#3395);
#3398=CARTESIAN_POINT('',(1.75E-1,1.664852047839E0,-4.880127717025E-1));
#3399=VERTEX_POINT('',#3398);
#3400=CARTESIAN_POINT('',(1.485849056604E-1,1.600172989021E0,
-4.771103801583E-1));
#3401=VERTEX_POINT('',#3400);
#3402=CARTESIAN_POINT('',(1.485849056604E-1,1.229972899291E0,
-1.910208854927E0));
#3403=CARTESIAN_POINT('',(1.75E-1,1.295034886693E0,-1.901891368148E0));
#3404=VERTEX_POINT('',#3402);
#3405=VERTEX_POINT('',#3403);
#3406=CARTESIAN_POINT('',(-1.75E-1,1.295034886693E0,-1.901891368148E0));
#3407=VERTEX_POINT('',#3406);
#3408=CARTESIAN_POINT('',(-1.485849056604E-1,1.229972899291E0,
-1.910208854927E0));
#3409=VERTEX_POINT('',#3408);
#3410=CARTESIAN_POINT('',(0.E0,1.449714563591E0,-6.691685758365E-1));
#3411=DIRECTION('',(0.E0,-6.441095258098E-1,7.649332773263E-1));
#3412=DIRECTION('',(1.485959642860E-3,-7.649324328104E-1,-6.441088146880E-1));
#3413=AXIS2_PLACEMENT_3D('',#3410,#3411,#3412);
#3414=TOROIDAL_SURFACE('',#3413,2.8125E-1,5.E-2);
#3416=ORIENTED_EDGE('',*,*,#3415,.T.);
#3418=ORIENTED_EDGE('',*,*,#3417,.F.);
#3420=ORIENTED_EDGE('',*,*,#3419,.T.);
#3422=ORIENTED_EDGE('',*,*,#3421,.T.);
#3423=EDGE_LOOP('',(#3416,#3418,#3420,#3422));
#3424=FACE_OUTER_BOUND('',#3423,.F.);
#3425=ADVANCED_FACE('',(#3424),#3414,.T.);
#3426=CARTESIAN_POINT('',(-1.353773584906E-1,1.686784565347E0,
-6.129234500214E-1));
#3427=DIRECTION('',(-8.490566037736E-1,-4.041156936818E-1,-3.402842777863E-1));
#3428=DIRECTION('',(0.E0,-6.441095258098E-1,7.649332773263E-1));
#3429=AXIS2_PLACEMENT_3D('',#3426,#3427,#3428);
#3430=PLANE('',#3429);
#3431=ORIENTED_EDGE('',*,*,#3415,.F.);
#3433=ORIENTED_EDGE('',*,*,#3432,.T.);
#3435=ORIENTED_EDGE('',*,*,#3434,.F.);
#3437=ORIENTED_EDGE('',*,*,#3436,.F.);
#3439=ORIENTED_EDGE('',*,*,#3438,.T.);
#3440=EDGE_LOOP('',(#3431,#3433,#3435,#3437,#3439));
#3441=FACE_OUTER_BOUND('',#3440,.F.);
#3442=ADVANCED_FACE('',(#3441),#3430,.T.);
#3443=CARTESIAN_POINT('',(0.E0,1.613523239615E0,-4.658688459814E-1));
#3444=DIRECTION('',(0.E0,6.441095258098E-1,-7.649332773263E-1));
#3445=DIRECTION('',(-8.490566037736E-1,4.041156936818E-1,3.402842777863E-1));
#3446=AXIS2_PLACEMENT_3D('',#3443,#3444,#3445);
#3447=PLANE('',#3446);
#3448=ORIENTED_EDGE('',*,*,#3421,.F.);
#3450=ORIENTED_EDGE('',*,*,#3449,.T.);
#3452=ORIENTED_EDGE('',*,*,#3451,.T.);
#3454=ORIENTED_EDGE('',*,*,#3453,.T.);
#3456=ORIENTED_EDGE('',*,*,#3455,.T.);
#3457=ORIENTED_EDGE('',*,*,#3432,.F.);
#3458=EDGE_LOOP('',(#3448,#3450,#3452,#3454,#3456,#3457));
#3459=FACE_OUTER_BOUND('',#3458,.F.);
#3460=ADVANCED_FACE('',(#3459),#3447,.F.);
#3461=CARTESIAN_POINT('',(1.353773584906E-1,1.686784565347E0,
-6.129234500214E-1));
#3462=DIRECTION('',(-8.490566037736E-1,4.041156936818E-1,3.402842777863E-1));
#3463=DIRECTION('',(0.E0,-6.441095258098E-1,7.649332773263E-1));
#3464=AXIS2_PLACEMENT_3D('',#3461,#3462,#3463);
#3465=PLANE('',#3464);
#3466=ORIENTED_EDGE('',*,*,#3419,.F.);
#3468=ORIENTED_EDGE('',*,*,#3467,.F.);
#3470=ORIENTED_EDGE('',*,*,#3469,.T.);
#3472=ORIENTED_EDGE('',*,*,#3471,.T.);
#3473=ORIENTED_EDGE('',*,*,#3449,.F.);
#3474=EDGE_LOOP('',(#3466,#3468,#3470,#3472,#3473));
#3475=FACE_OUTER_BOUND('',#3474,.F.);
#3476=ADVANCED_FACE('',(#3475),#3465,.F.);
#3477=CARTESIAN_POINT('',(0.E0,1.623205822482E0,-8.752037793744E-1));
#3478=DIRECTION('',(0.E0,-6.441095258098E-1,7.649332773263E-1));
#3479=DIRECTION('',(0.E0,-7.649332773263E-1,-6.441095258098E-1));
#3480=AXIS2_PLACEMENT_3D('',#3477,#3478,#3479);
#3481=CYLINDRICAL_SURFACE('',#3480,3.3125E-1);
#3482=ORIENTED_EDGE('',*,*,#3417,.T.);
#3483=ORIENTED_EDGE('',*,*,#3438,.F.);
#3485=ORIENTED_EDGE('',*,*,#3484,.F.);
#3486=ORIENTED_EDGE('',*,*,#3467,.T.);
#3487=EDGE_LOOP('',(#3482,#3483,#3485,#3486));
#3488=FACE_OUTER_BOUND('',#3487,.F.);
#3489=ADVANCED_FACE('',(#3488),#3481,.T.);
#3490=CARTESIAN_POINT('',(-1.812178544318E-1,1.813654850291E0,
-1.327393220560E0));
#3491=CARTESIAN_POINT('',(-6.776601607677E-2,1.866962765744E0,
-1.378928434382E0));
#3492=CARTESIAN_POINT('',(6.776601607677E-2,1.866962765744E0,
-1.378928434382E0));
#3493=CARTESIAN_POINT('',(1.812178544318E-1,1.813654850291E0,
-1.327393220560E0));
#3494=CARTESIAN_POINT('',(-1.812178544318E-1,1.994419102557E0,
-1.140411062884E0));
#3495=CARTESIAN_POINT('',(-6.776601607677E-2,2.076181255321E0,
-1.162513274213E0));
#3496=CARTESIAN_POINT('',(6.776601607677E-2,2.076181255321E0,
-1.162513274213E0));
#3497=CARTESIAN_POINT('',(1.812178544318E-1,1.994419102557E0,
-1.140411062884E0));
#3498=CARTESIAN_POINT('',(-1.812178544318E-1,1.999599659913E0,
-8.803895175992E-1));
#3499=CARTESIAN_POINT('',(-6.776601607677E-2,2.082177288118E0,
-8.615615413349E-1));
#3500=CARTESIAN_POINT('',(6.776601607677E-2,2.082177288118E0,
-8.615615413349E-1));
#3501=CARTESIAN_POINT('',(1.812178544318E-1,1.999599659913E0,
-8.803895175992E-1));
#3502=CARTESIAN_POINT('',(-1.812178544318E-1,1.826426606641E0,
-6.863556653798E-1));
#3503=CARTESIAN_POINT('',(-6.776601607677E-2,1.881744933896E0,
-6.369846740659E-1));
#3504=CARTESIAN_POINT('',(6.776601607677E-2,1.881744933896E0,
-6.369846740659E-1));
#3505=CARTESIAN_POINT('',(1.812178544318E-1,1.826426606641E0,
-6.863556653798E-1));
#3506=(BOUNDED_SURFACE()B_SPLINE_SURFACE(3,3,((#3490,#3491,#3492,#3493),(#3494,
#3495,#3496,#3497),(#3498,#3499,#3500,#3501),(#3502,#3503,#3504,#3505)),
.UNSPECIFIED.,.F.,.F.,.F.)B_SPLINE_SURFACE_WITH_KNOTS((4,4),(4,4),(0.E0,1.E0),(
0.E0,1.E0),.UNSPECIFIED.)GEOMETRIC_REPRESENTATION_ITEM()RATIONAL_B_SPLINE_SURFACE(((1.256657075745E0,1.120171595376E0,1.120171595376E0,1.256657075745E0),(
1.032689270235E0,9.205289252690E-1,9.205289252690E-1,1.032689270235E0),(
1.032689270235E0,9.205289252690E-1,9.205289252690E-1,1.032689270235E0),(
1.256657075745E0,1.120171595376E0,1.120171595376E0,1.256657075745E0)))REPRESENTATION_ITEM('')SURFACE());
#3508=ORIENTED_EDGE('',*,*,#3507,.F.);
#3510=ORIENTED_EDGE('',*,*,#3509,.T.);
#3511=ORIENTED_EDGE('',*,*,#3484,.T.);
#3513=ORIENTED_EDGE('',*,*,#3512,.F.);
#3514=EDGE_LOOP('',(#3508,#3510,#3511,#3513));
#3515=FACE_OUTER_BOUND('',#3514,.F.);
#3516=ADVANCED_FACE('',(#3515),#3506,.T.);
#3517=CARTESIAN_POINT('',(0.E0,1.053580474007E0,-1.749243639392E0));
#3518=DIRECTION('',(0.E0,6.740666803640E-1,7.386705019310E-1));
#3519=DIRECTION('',(0.E0,-7.386705019310E-1,6.740666803640E-1));
#3520=AXIS2_PLACEMENT_3D('',#3517,#3518,#3519);
#3521=CYLINDRICAL_SURFACE('',#3520,3.3125E-1);
#3523=ORIENTED_EDGE('',*,*,#3522,.T.);
#3525=ORIENTED_EDGE('',*,*,#3524,.T.);
#3526=ORIENTED_EDGE('',*,*,#3507,.T.);
#3528=ORIENTED_EDGE('',*,*,#3527,.F.);
#3529=EDGE_LOOP('',(#3523,#3525,#3526,#3528));
#3530=FACE_OUTER_BOUND('',#3529,.F.);
#3531=ADVANCED_FACE('',(#3530),#3521,.T.);
#3532=CARTESIAN_POINT('',(0.E0,1.087283808025E0,-1.712310114296E0));
#3533=DIRECTION('',(0.E0,6.740666803640E-1,7.386705019310E-1));
#3534=DIRECTION('',(-9.333331978282E-4,-7.386701801990E-1,6.740663867706E-1));
#3535=AXIS2_PLACEMENT_3D('',#3532,#3533,#3534);
#3536=TOROIDAL_SURFACE('',#3535,2.8125E-1,5.E-2);
#3538=ORIENTED_EDGE('',*,*,#3537,.T.);
#3539=ORIENTED_EDGE('',*,*,#3522,.F.);
#3541=ORIENTED_EDGE('',*,*,#3540,.T.);
#3543=ORIENTED_EDGE('',*,*,#3542,.T.);
#3544=EDGE_LOOP('',(#3538,#3539,#3541,#3543));
#3545=FACE_OUTER_BOUND('',#3544,.F.);
#3546=ADVANCED_FACE('',(#3545),#3536,.T.);
#3547=CARTESIAN_POINT('',(1.353773584906E-1,1.496562040470E0,
-1.586579225733E0));
#3548=DIRECTION('',(-8.490566037736E-1,3.902410198881E-1,-3.561106990602E-1));
#3549=DIRECTION('',(0.E0,6.740666803640E-1,7.386705019310E-1));
#3550=AXIS2_PLACEMENT_3D('',#3547,#3548,#3549);
#3551=PLANE('',#3550);
#3552=ORIENTED_EDGE('',*,*,#3537,.F.);
#3554=ORIENTED_EDGE('',*,*,#3553,.T.);
#3556=ORIENTED_EDGE('',*,*,#3555,.T.);
#3558=ORIENTED_EDGE('',*,*,#3557,.F.);
#3559=ORIENTED_EDGE('',*,*,#3524,.F.);
#3560=EDGE_LOOP('',(#3552,#3554,#3556,#3558,#3559));
#3561=FACE_OUTER_BOUND('',#3560,.F.);
#3562=ADVANCED_FACE('',(#3561),#3551,.F.);
#3563=CARTESIAN_POINT('',(0.E0,1.242864790127E0,-1.921973226235E0));
#3564=DIRECTION('',(0.E0,-6.740666803640E-1,-7.386705019310E-1));
#3565=DIRECTION('',(-8.490566037736E-1,3.902410198881E-1,-3.561106990602E-1));
#3566=AXIS2_PLACEMENT_3D('',#3563,#3564,#3565);
#3567=PLANE('',#3566);
#3568=ORIENTED_EDGE('',*,*,#3542,.F.);
#3570=ORIENTED_EDGE('',*,*,#3569,.T.);
#3572=ORIENTED_EDGE('',*,*,#3571,.F.);
#3574=ORIENTED_EDGE('',*,*,#3573,.F.);
#3576=ORIENTED_EDGE('',*,*,#3575,.F.);
#3577=ORIENTED_EDGE('',*,*,#3553,.F.);
#3578=EDGE_LOOP('',(#3568,#3570,#3572,#3574,#3576,#3577));
#3579=FACE_OUTER_BOUND('',#3578,.F.);
#3580=ADVANCED_FACE('',(#3579),#3567,.T.);
#3581=CARTESIAN_POINT('',(-1.353773584906E-1,1.496562040470E0,
-1.586579225733E0));
#3582=DIRECTION('',(-8.490566037736E-1,-3.902410198881E-1,3.561106990602E-1));
#3583=DIRECTION('',(0.E0,6.740666803640E-1,7.386705019310E-1));
#3584=AXIS2_PLACEMENT_3D('',#3581,#3582,#3583);
#3585=PLANE('',#3584);
#3586=ORIENTED_EDGE('',*,*,#3540,.F.);
#3587=ORIENTED_EDGE('',*,*,#3527,.T.);
#3589=ORIENTED_EDGE('',*,*,#3588,.T.);
#3591=ORIENTED_EDGE('',*,*,#3590,.F.);
#3592=ORIENTED_EDGE('',*,*,#3569,.F.);
#3593=EDGE_LOOP('',(#3586,#3587,#3589,#3591,#3592));
#3594=FACE_OUTER_BOUND('',#3593,.F.);
#3595=ADVANCED_FACE('',(#3594),#3585,.T.);
#3596=CARTESIAN_POINT('',(-1.375210101009E-1,1.475E0,-1.E0));
#3597=DIRECTION('',(-1.E0,0.E0,0.E0));
#3598=DIRECTION('',(0.E0,7.649332773263E-1,6.441095258098E-1));
#3599=AXIS2_PLACEMENT_3D('',#3596,#3597,#3598);
#3600=CONICAL_SURFACE('',#3599,4.147659090907E-1,5.810920819815E1);
#3602=ORIENTED_EDGE('',*,*,#3601,.T.);
#3603=ORIENTED_EDGE('',*,*,#3588,.F.);
#3604=ORIENTED_EDGE('',*,*,#3512,.T.);
#3605=ORIENTED_EDGE('',*,*,#3436,.T.);
#3606=EDGE_LOOP('',(#3602,#3603,#3604,#3605));
#3607=FACE_OUTER_BOUND('',#3606,.F.);
#3608=ADVANCED_FACE('',(#3607),#3600,.F.);
#3609=CARTESIAN_POINT('',(-1.065338331399E-1,1.728362356492E0,
-1.244937043688E0));
#3610=CARTESIAN_POINT('',(-3.681523174855E-2,1.745387620442E0,
-1.261396149443E0));
#3611=CARTESIAN_POINT('',(3.681523174855E-2,1.745387620442E0,
-1.261396149443E0));
#3612=CARTESIAN_POINT('',(1.065338331399E-1,1.728362356492E0,
-1.244937043688E0));
#3613=CARTESIAN_POINT('',(-1.065338331399E-1,1.863599920296E0,
-1.105047595625E0));
#3614=CARTESIAN_POINT('',(-3.681523174855E-2,1.889712782150E0,
-1.112106509457E0));
#3615=CARTESIAN_POINT('',(3.681523174855E-2,1.889712782150E0,
-1.112106509457E0));
#3616=CARTESIAN_POINT('',(1.065338331399E-1,1.863599920296E0,
-1.105047595625E0));
#3617=CARTESIAN_POINT('',(-1.065338331399E-1,1.867475719561E0,
-9.105142192524E-1));
#3618=CARTESIAN_POINT('',(-3.681523174855E-2,1.893849024625E0,
-9.045010172200E-1));
#3619=CARTESIAN_POINT('',(3.681523174855E-2,1.893849024625E0,
-9.045010172200E-1));
#3620=CARTESIAN_POINT('',(1.065338331399E-1,1.867475719561E0,
-9.105142192524E-1));
#3621=CARTESIAN_POINT('',(-1.065338331399E-1,1.737917460406E0,
-7.653490931799E-1));
#3622=CARTESIAN_POINT('',(-3.681523174855E-2,1.755584801452E0,
-7.495811879550E-1));
#3623=CARTESIAN_POINT('',(3.681523174855E-2,1.755584801452E0,
-7.495811879550E-1));
#3624=CARTESIAN_POINT('',(1.065338331399E-1,1.737917460406E0,
-7.653490931799E-1));
#3625=(BOUNDED_SURFACE()B_SPLINE_SURFACE(3,3,((#3609,#3610,#3611,#3612),(#3613,
#3614,#3615,#3616),(#3617,#3618,#3619,#3620),(#3621,#3622,#3623,#3624)),
.UNSPECIFIED.,.F.,.F.,.F.)B_SPLINE_SURFACE_WITH_KNOTS((4,4),(4,4),(0.E0,1.E0),(
0.E0,1.E0),.UNSPECIFIED.)GEOMETRIC_REPRESENTATION_ITEM()RATIONAL_B_SPLINE_SURFACE(((1.185792542491E0,1.143793106461E0,1.143793106461E0,1.185792542491E0),(
9.744545739571E-1,9.399404906950E-1,9.399404906950E-1,9.744545739571E-1),(
9.744545739571E-1,9.399404906950E-1,9.399404906950E-1,9.744545739571E-1),(
1.185792542491E0,1.143793106461E0,1.143793106461E0,1.185792542491E0)))REPRESENTATION_ITEM('')SURFACE());
#3627=ORIENTED_EDGE('',*,*,#3626,.T.);
#3629=ORIENTED_EDGE('',*,*,#3628,.F.);
#3631=ORIENTED_EDGE('',*,*,#3630,.F.);
#3633=ORIENTED_EDGE('',*,*,#3632,.T.);
#3634=EDGE_LOOP('',(#3627,#3629,#3631,#3633));
#3635=FACE_OUTER_BOUND('',#3634,.F.);
#3636=ADVANCED_FACE('',(#3635),#3625,.F.);
#3637=CARTESIAN_POINT('',(-1.065338331399E-1,1.728362356492E0,
-1.244937043688E0));
#3638=CARTESIAN_POINT('',(-3.681523174855E-2,1.745387620442E0,
-1.261396149443E0));
#3639=CARTESIAN_POINT('',(3.681523174855E-2,1.745387620442E0,
-1.261396149443E0));
#3640=CARTESIAN_POINT('',(1.065338331399E-1,1.728362356492E0,
-1.244937043688E0));
#3641=CARTESIAN_POINT('',(-1.065338331399E-1,1.863599920296E0,
-1.105047595625E0));
#3642=CARTESIAN_POINT('',(-3.681523174855E-2,1.889712782150E0,
-1.112106509457E0));
#3643=CARTESIAN_POINT('',(3.681523174855E-2,1.889712782150E0,
-1.112106509457E0));
#3644=CARTESIAN_POINT('',(1.065338331399E-1,1.863599920296E0,
-1.105047595625E0));
#3645=CARTESIAN_POINT('',(-1.065338331399E-1,1.867475719561E0,
-9.105142192524E-1));
#3646=CARTESIAN_POINT('',(-3.681523174855E-2,1.893849024625E0,
-9.045010172200E-1));
#3647=CARTESIAN_POINT('',(3.681523174855E-2,1.893849024625E0,
-9.045010172200E-1));
#3648=CARTESIAN_POINT('',(1.065338331399E-1,1.867475719561E0,
-9.105142192524E-1));
#3649=CARTESIAN_POINT('',(-1.065338331399E-1,1.737917460406E0,
-7.653490931799E-1));
#3650=CARTESIAN_POINT('',(-3.681523174855E-2,1.755584801452E0,
-7.495811879550E-1));
#3651=CARTESIAN_POINT('',(3.681523174855E-2,1.755584801452E0,
-7.495811879550E-1));
#3652=CARTESIAN_POINT('',(1.065338331399E-1,1.737917460406E0,
-7.653490931799E-1));
#3653=(BOUNDED_SURFACE()B_SPLINE_SURFACE(3,3,((#3637,#3638,#3639,#3640),(#3641,
#3642,#3643,#3644),(#3645,#3646,#3647,#3648),(#3649,#3650,#3651,#3652)),
.UNSPECIFIED.,.F.,.F.,.F.)B_SPLINE_SURFACE_WITH_KNOTS((4,4),(4,4),(0.E0,1.E0),(
0.E0,1.E0),.UNSPECIFIED.)GEOMETRIC_REPRESENTATION_ITEM()RATIONAL_B_SPLINE_SURFACE(((1.185792542491E0,1.143793106461E0,1.143793106461E0,1.185792542491E0),(
9.744545739571E-1,9.399404906950E-1,9.399404906950E-1,9.744545739571E-1),(
9.744545739571E-1,9.399404906950E-1,9.399404906950E-1,9.744545739571E-1),(
1.185792542491E0,1.143793106461E0,1.143793106461E0,1.185792542491E0)))REPRESENTATION_ITEM('')SURFACE());
#3655=ORIENTED_EDGE('',*,*,#3654,.F.);
#3657=ORIENTED_EDGE('',*,*,#3656,.T.);
#3658=ORIENTED_EDGE('',*,*,#3601,.F.);
#3660=ORIENTED_EDGE('',*,*,#3659,.F.);
#3661=EDGE_LOOP('',(#3655,#3657,#3658,#3660));
#3662=FACE_OUTER_BOUND('',#3661,.F.);
#3663=ADVANCED_FACE('',(#3662),#3653,.F.);
#3664=CARTESIAN_POINT('',(0.E0,1.475E0,-1.E0));
#3665=DIRECTION('',(1.E0,0.E0,0.E0));
#3666=DIRECTION('',(0.E0,-7.386705019310E-1,6.740666803640E-1));
#3667=AXIS2_PLACEMENT_3D('',#3664,#3665,#3666);
#3668=TOROIDAL_SURFACE('',#3667,1.9375E-1,1.8125E-1);
#3669=ORIENTED_EDGE('',*,*,#3626,.F.);
#3671=ORIENTED_EDGE('',*,*,#3670,.T.);
#3672=ORIENTED_EDGE('',*,*,#3654,.T.);
#3674=ORIENTED_EDGE('',*,*,#3673,.F.);
#3675=EDGE_LOOP('',(#3669,#3671,#3672,#3674));
#3676=FACE_OUTER_BOUND('',#3675,.F.);
#3677=ADVANCED_FACE('',(#3676),#3668,.F.);
#3678=CARTESIAN_POINT('',(0.E0,1.053580474007E0,-1.749243639392E0));
#3679=DIRECTION('',(0.E0,6.740666803640E-1,7.386705019310E-1));
#3680=DIRECTION('',(0.E0,-7.386705019310E-1,6.740666803640E-1));
#3681=AXIS2_PLACEMENT_3D('',#3678,#3679,#3680);
#3682=CYLINDRICAL_SURFACE('',#3681,1.8125E-1);
#3684=ORIENTED_EDGE('',*,*,#3683,.T.);
#3685=ORIENTED_EDGE('',*,*,#3670,.F.);
#3687=ORIENTED_EDGE('',*,*,#3686,.F.);
#3688=ORIENTED_EDGE('',*,*,#3573,.T.);
#3689=EDGE_LOOP('',(#3684,#3685,#3687,#3688));
#3690=FACE_OUTER_BOUND('',#3689,.F.);
#3691=ADVANCED_FACE('',(#3690),#3682,.F.);
#3692=CARTESIAN_POINT('',(0.E0,9.390865462075E-1,-1.644763303936E0));
#3693=DIRECTION('',(0.E0,6.740666803640E-1,7.386705019310E-1));
#3694=DIRECTION('',(0.E0,-7.386705019310E-1,6.740666803640E-1));
#3695=AXIS2_PLACEMENT_3D('',#3692,#3693,#3694);
#3696=CYLINDRICAL_SURFACE('',#3695,3.3125E-1);
#3697=ORIENTED_EDGE('',*,*,#3683,.F.);
#3698=ORIENTED_EDGE('',*,*,#3571,.T.);
#3699=ORIENTED_EDGE('',*,*,#3590,.T.);
#3700=ORIENTED_EDGE('',*,*,#3656,.F.);
#3701=EDGE_LOOP('',(#3697,#3698,#3699,#3700));
#3702=FACE_OUTER_BOUND('',#3701,.F.);
#3703=ADVANCED_FACE('',(#3702),#3696,.F.);
#3704=CARTESIAN_POINT('',(0.E0,9.390865462075E-1,-1.644763303936E0));
#3705=DIRECTION('',(0.E0,6.740666803640E-1,7.386705019310E-1));
#3706=DIRECTION('',(0.E0,-7.386705019310E-1,6.740666803640E-1));
#3707=AXIS2_PLACEMENT_3D('',#3704,#3705,#3706);
#3708=CYLINDRICAL_SURFACE('',#3707,3.3125E-1);
#3709=ORIENTED_EDGE('',*,*,#3686,.T.);
#3710=ORIENTED_EDGE('',*,*,#3632,.F.);
#3711=ORIENTED_EDGE('',*,*,#3555,.F.);
#3712=ORIENTED_EDGE('',*,*,#3575,.T.);
#3713=EDGE_LOOP('',(#3709,#3710,#3711,#3712));
#3714=FACE_OUTER_BOUND('',#3713,.F.);
#3715=ADVANCED_FACE('',(#3714),#3708,.F.);
#3716=CARTESIAN_POINT('',(0.E0,1.623205822482E0,-8.752037793744E-1));
#3717=DIRECTION('',(0.E0,-6.441095258098E-1,7.649332773263E-1));
#3718=DIRECTION('',(0.E0,-7.649332773263E-1,-6.441095258098E-1));
#3719=AXIS2_PLACEMENT_3D('',#3716,#3717,#3718);
#3720=CYLINDRICAL_SURFACE('',#3719,1.8125E-1);
#3722=ORIENTED_EDGE('',*,*,#3721,.T.);
#3723=ORIENTED_EDGE('',*,*,#3453,.F.);
#3725=ORIENTED_EDGE('',*,*,#3724,.F.);
#3726=ORIENTED_EDGE('',*,*,#3673,.T.);
#3727=EDGE_LOOP('',(#3722,#3723,#3725,#3726));
#3728=FACE_OUTER_BOUND('',#3727,.F.);
#3729=ADVANCED_FACE('',(#3728),#3720,.F.);
#3730=CARTESIAN_POINT('',(0.E0,1.504641164496E0,-9.750407558749E-1));
#3731=DIRECTION('',(0.E0,-6.441095258098E-1,7.649332773263E-1));
#3732=DIRECTION('',(0.E0,-7.649332773263E-1,-6.441095258098E-1));
#3733=AXIS2_PLACEMENT_3D('',#3730,#3731,#3732);
#3734=CYLINDRICAL_SURFACE('',#3733,3.3125E-1);
#3735=ORIENTED_EDGE('',*,*,#3721,.F.);
#3736=ORIENTED_EDGE('',*,*,#3659,.T.);
#3737=ORIENTED_EDGE('',*,*,#3434,.T.);
#3738=ORIENTED_EDGE('',*,*,#3455,.F.);
#3739=EDGE_LOOP('',(#3735,#3736,#3737,#3738));
#3740=FACE_OUTER_BOUND('',#3739,.F.);
#3741=ADVANCED_FACE('',(#3740),#3734,.F.);
#3742=CARTESIAN_POINT('',(0.E0,1.504641164496E0,-9.750407558749E-1));
#3743=DIRECTION('',(0.E0,-6.441095258098E-1,7.649332773263E-1));
#3744=DIRECTION('',(0.E0,-7.649332773263E-1,-6.441095258098E-1));
#3745=AXIS2_PLACEMENT_3D('',#3742,#3743,#3744);
#3746=CYLINDRICAL_SURFACE('',#3745,3.3125E-1);
#3747=ORIENTED_EDGE('',*,*,#3724,.T.);
#3748=ORIENTED_EDGE('',*,*,#3451,.F.);
#3749=ORIENTED_EDGE('',*,*,#3471,.F.);
#3750=ORIENTED_EDGE('',*,*,#3628,.T.);
#3751=EDGE_LOOP('',(#3747,#3748,#3749,#3750));
#3752=FACE_OUTER_BOUND('',#3751,.F.);
#3753=ADVANCED_FACE('',(#3752),#3746,.F.);
#3754=CARTESIAN_POINT('',(1.375210101009E-1,1.475E0,-1.E0));
#3755=DIRECTION('',(1.E0,0.E0,0.E0));
#3756=DIRECTION('',(0.E0,7.386705019310E-1,-6.740666803640E-1));
#3757=AXIS2_PLACEMENT_3D('',#3754,#3755,#3756);
#3758=CONICAL_SURFACE('',#3757,4.147659090907E-1,5.810920819815E1);
#3759=ORIENTED_EDGE('',*,*,#3630,.T.);
#3760=ORIENTED_EDGE('',*,*,#3469,.F.);
#3761=ORIENTED_EDGE('',*,*,#3509,.F.);
#3762=ORIENTED_EDGE('',*,*,#3557,.T.);
#3763=EDGE_LOOP('',(#3759,#3760,#3761,#3762));
#3764=FACE_OUTER_BOUND('',#3763,.F.);
#3765=ADVANCED_FACE('',(#3764),#3758,.F.);
#3766=CLOSED_SHELL('',(#3425,#3442,#3460,#3476,#3489,#3516,#3531,#3546,#3562,
#3580,#3595,#3608,#3636,#3663,#3677,#3691,#3703,#3715,#3729,#3741,#3753,#3765));
#3767=MANIFOLD_SOLID_BREP('',#3766);
#3768=FILL_AREA_STYLE_COLOUR('',#10);
#3769=FILL_AREA_STYLE('',(#3768));
#3770=SURFACE_STYLE_FILL_AREA(#3769);
#3771=SURFACE_SIDE_STYLE('',(#3770));
#3772=SURFACE_STYLE_USAGE(.POSITIVE.,#3771);
#3773=PRESENTATION_STYLE_ASSIGNMENT((#3772));
#2989=STYLED_ITEM('',(#3773),#3767);
#3775=DIMENSIONAL_EXPONENTS(0.E0,0.E0,0.E0,0.E0,0.E0,0.E0,0.E0);
#3777=PLANE_ANGLE_MEASURE_WITH_UNIT(PLANE_ANGLE_MEASURE(1.745329251994E-2),
#3776);
#3778=(CONVERSION_BASED_UNIT('DEGREE',#3777)NAMED_UNIT(*)PLANE_ANGLE_UNIT());
#3780=UNCERTAINTY_MEASURE_WITH_UNIT(LENGTH_MEASURE(5.693617787130E-4),#3774,
'closure',
'Maximum model space distance between geometric entities at asserted connectivities');
#3781=(GEOMETRIC_REPRESENTATION_CONTEXT(3)GLOBAL_UNCERTAINTY_ASSIGNED_CONTEXT((
#3780))GLOBAL_UNIT_ASSIGNED_CONTEXT((#3774,#3778,#3779))REPRESENTATION_CONTEXT(
'ID1','3'));
#3783=MECHANICAL_DESIGN_GEOMETRIC_PRESENTATION_REPRESENTATION('',(#19,#26,#34,
#41,#49,#56,#63,#70,#78,#85,#93,#100,#107,#114,#122,#129,#137,#144,#151,#158,
#165,#172,#180,#187,#195,#202,#209,#216,#224,#231,#239,#246,#253,#260,#268,#275,
#283,#291,#299,#306,#313,#320,#327,#334,#397,#404,#411,#418,#425,#432,#465,#473,
#480,#488,#496,#503,#511,#519,#596,#603,#610,#617,#625,#633,#640,#647,#654,#687,
#695,#702,#709,#717,#725,#732,#739,#746,#753,#760,#767,#774,#781,#788,#796,#804,
#811,#818,#825,#832,#839,#846,#853,#861,#868,#876,#883,#890,#897,#904,#911,#918,
#925,#932,#939,#947,#954,#962,#969,#977,#984,#992,#999,#1006,#1013,#1020,#1027,
#1034,#1042,#1049,#1057,#1064,#1071,#1080,#1088,#1096,#1105,#1113,#1120,#1128,
#1136,#1143,#1151,#1158,#1165,#1172,#1180,#1188,#1195,#1202,#1210,#1219,#1228,
#1236,#1243,#1250,#1258,#1265,#1272,#1280,#1287,#1295,#1303,#1310,#1317,#1324,
#1331,#1338,#1345,#1352,#1359,#1366,#1373,#1380,#1387,#1394,#11,#2997,#3004,
#3011,#3018,#3026,#3033,#3041,#3049,#3057,#3065,#3072,#3079,#3087,#3095,#3102,
#3110,#3118,#3126,#3133,#3141,#3148,#3155,#3163,#3170,#3178,#3186,#3194,#3202,
#3209,#3216,#3223,#3231,#3239,#3246,#3254,#3262,#3270,#3278,#3286,#3293,#3300,
#3307,#3314,#3322,#3330,#3338,#3346,#3353,#2989),#3781);
#3784=APPLICATION_CONTEXT(
'CONFIGURATION CONTROLLED 3D DESIGNS OF MECHANICAL PARTS AND ASSEMBLIES');
#3785=APPLICATION_PROTOCOL_DEFINITION('international standard',
'config_control_design',1994,#3784);
#3786=DESIGN_CONTEXT('',#3784,'design');
#3787=MECHANICAL_CONTEXT('',#3784,'mechanical');
#3788=PRODUCT('S7131-45','S7131-45','NOT SPECIFIED',(#3787));
#3789=PRODUCT_DEFINITION_FORMATION_WITH_SPECIFIED_SOURCE('6','LAST_VERSION',
#3788,.MADE.);
#3793=PRODUCT_CATEGORY('part','');
#3794=PRODUCT_RELATED_PRODUCT_CATEGORY('detail','',(#3788));
#3795=PRODUCT_CATEGORY_RELATIONSHIP('','',#3793,#3794);
#3796=SECURITY_CLASSIFICATION_LEVEL('unclassified');
#3797=SECURITY_CLASSIFICATION('','',#3796);
#3798=CC_DESIGN_SECURITY_CLASSIFICATION(#3797,(#3789));
#3799=APPROVAL_STATUS('approved');
#3800=APPROVAL(#3799,'');
#3801=CC_DESIGN_APPROVAL(#3800,(#3797,#3789,#3790));
#3802=CALENDAR_DATE(116,18,4);
#3803=COORDINATED_UNIVERSAL_TIME_OFFSET(1,0,.AHEAD.);
#3804=LOCAL_TIME(10,13,2.7E1,#3803);
#3805=DATE_AND_TIME(#3802,#3804);
#3806=APPROVAL_DATE_TIME(#3805,#3800);
#3807=DATE_TIME_ROLE('creation_date');
#3808=CC_DESIGN_DATE_AND_TIME_ASSIGNMENT(#3805,#3807,(#3790));
#3809=DATE_TIME_ROLE('classification_date');
#3810=CC_DESIGN_DATE_AND_TIME_ASSIGNMENT(#3805,#3809,(#3797));
#3811=PERSON('UNSPECIFIED','UNSPECIFIED',$,$,$,$);
#3812=ORGANIZATION('UNSPECIFIED','UNSPECIFIED','UNSPECIFIED');
#3813=PERSON_AND_ORGANIZATION(#3811,#3812);
#3814=APPROVAL_ROLE('approver');
#3815=APPROVAL_PERSON_ORGANIZATION(#3813,#3800,#3814);
#3816=PERSON_AND_ORGANIZATION_ROLE('creator');
#3817=CC_DESIGN_PERSON_AND_ORGANIZATION_ASSIGNMENT(#3813,#3816,(#3789,#3790));
#3818=PERSON_AND_ORGANIZATION_ROLE('design_supplier');
#3819=CC_DESIGN_PERSON_AND_ORGANIZATION_ASSIGNMENT(#3813,#3818,(#3789));
#3820=PERSON_AND_ORGANIZATION_ROLE('classification_officer');
#3821=CC_DESIGN_PERSON_AND_ORGANIZATION_ASSIGNMENT(#3813,#3820,(#3797));
#3822=PERSON_AND_ORGANIZATION_ROLE('design_owner');
#3823=CC_DESIGN_PERSON_AND_ORGANIZATION_ASSIGNMENT(#3813,#3822,(#3788));
#1=COLOUR_RGB('',1.73616E-1,4.26579E-1,1.E0);
#2=COLOUR_RGB('',2.5E-1,7.4E-1,3.4E-1);
#3=COLOUR_RGB('',2.96117E-1,2.96117E-1,2.96117E-1);
#4=COLOUR_RGB('',4.85437E-1,3.0377E-1,1.57841E-1);
#5=COLOUR_RGB('',6.952E-1,7.426E-1,7.9E-1);
#6=COLOUR_RGB('',9.27184E-1,9.27184E-1,9.27184E-1);
#7=COLOUR_RGB('',9.32515E-1,9.41748E-1,9.41748E-1);
#8=COLOUR_RGB('',9.74868E-1,1.E0,8.54254E-1);
#9=COLOUR_RGB('',1.E0,2.30389E-1,2.01445E-1);
#10=COLOUR_RGB('',1.E0,8.07843E-1,4.58824E-1);
#31=CIRCLE('',#30,6.E-1);
#46=CIRCLE('',#45,6.E-1);
#75=CIRCLE('',#74,6.E-1);
#90=CIRCLE('',#89,6.E-1);
#119=CIRCLE('',#118,6.2E-1);
#134=CIRCLE('',#133,6.2E-1);
#177=CIRCLE('',#176,3.E-1);
#192=CIRCLE('',#191,1.5E-1);
#221=CIRCLE('',#220,6.E-1);
#236=CIRCLE('',#235,6.E-1);
#265=CIRCLE('',#264,6.E-1);
#280=CIRCLE('',#279,6.E-1);
#288=CIRCLE('',#287,4.7E-1);
#296=CIRCLE('',#295,4.7E-1);
#394=B_SPLINE_CURVE_WITH_KNOTS('',3,(#335,#336,#337,#338,#339,#340,#341,#342,
#343,#344,#345,#346,#347,#348,#349,#350,#351,#352,#353,#354,#355,#356,#357,#358,
#359,#360,#361,#362,#363,#364,#365,#366,#367,#368,#369,#370,#371,#372,#373,#374,
#375,#376,#377,#378,#379,#380,#381,#382,#383,#384,#385,#386,#387,#388,#389,#390,
#391,#392,#393),.UNSPECIFIED.,.F.,.F.,(4,1,1,1,1,1,1,1,1,1,1,1,1,1,1,1,1,1,1,1,
1,1,1,1,1,1,1,1,1,1,1,1,1,1,1,1,1,1,1,1,1,1,1,1,1,1,1,1,1,1,1,1,1,1,1,1,4),
(0.E0,1.785714285714E-2,3.571428571429E-2,5.357142857143E-2,7.142857142857E-2,
8.928571428571E-2,1.071428571429E-1,1.25E-1,1.428571428571E-1,1.607142857143E-1,
1.785714285714E-1,1.964285714286E-1,2.142857142857E-1,2.321428571429E-1,2.5E-1,
2.678571428571E-1,2.857142857143E-1,3.035714285714E-1,3.214285714286E-1,
3.392857142857E-1,3.571428571429E-1,3.75E-1,3.928571428571E-1,4.107142857143E-1,
4.285714285714E-1,4.464285714286E-1,4.642857142857E-1,4.821428571429E-1,5.E-1,
5.178571428571E-1,5.357142857143E-1,5.535714285714E-1,5.714285714286E-1,
5.892857142857E-1,6.071428571429E-1,6.25E-1,6.428571428571E-1,6.607142857143E-1,
6.785714285714E-1,6.964285714286E-1,7.142857142857E-1,7.321428571429E-1,7.5E-1,
7.678571428571E-1,7.857142857143E-1,8.035714285714E-1,8.214285714286E-1,
8.392857142857E-1,8.571428571429E-1,8.75E-1,8.928571428571E-1,9.107142857143E-1,
9.285714285714E-1,9.464285714286E-1,9.642857142857E-1,9.821428571429E-1,1.E0),
.UNSPECIFIED.);
#462=B_SPLINE_CURVE_WITH_KNOTS('',3,(#433,#434,#435,#436,#437,#438,#439,#440,
#441,#442,#443,#444,#445,#446,#447,#448,#449,#450,#451,#452,#453,#454,#455,#456,
#457,#458,#459,#460,#461),.UNSPECIFIED.,.F.,.F.,(4,1,1,1,1,1,1,1,1,1,1,1,1,1,1,
1,1,1,1,1,1,1,1,1,1,1,4),(0.E0,3.846153846154E-2,7.692307692308E-2,
1.153846153846E-1,1.538461538462E-1,1.923076923077E-1,2.307692307692E-1,
2.692307692308E-1,3.076923076923E-1,3.461538461538E-1,3.846153846154E-1,
4.230769230769E-1,4.615384615385E-1,5.E-1,5.384615384615E-1,5.769230769231E-1,
6.153846153846E-1,6.538461538462E-1,6.923076923077E-1,7.307692307692E-1,
7.692307692308E-1,8.076923076923E-1,8.461538461538E-1,8.846153846154E-1,
9.230769230769E-1,9.615384615385E-1,1.E0),.UNSPECIFIED.);
#470=CIRCLE('',#469,3.3125E-1);
#485=CIRCLE('',#484,3.2E-1);
#493=CIRCLE('',#492,3.2E-1);
#508=CIRCLE('',#507,3.2E-1);
#516=CIRCLE('',#515,3.2E-1);
#593=B_SPLINE_CURVE_WITH_KNOTS('',3,(#520,#521,#522,#523,#524,#525,#526,#527,
#528,#529,#530,#531,#532,#533,#534,#535,#536,#537,#538,#539,#540,#541,#542,#543,
#544,#545,#546,#547,#548,#549,#550,#551,#552,#553,#554,#555,#556,#557,#558,#559,
#560,#561,#562,#563,#564,#565,#566,#567,#568,#569,#570,#571,#572,#573,#574,#575,
#576,#577,#578,#579,#580,#581,#582,#583,#584,#585,#586,#587,#588,#589,#590,#591,
#592),.UNSPECIFIED.,.F.,.F.,(4,1,1,1,1,1,1,1,1,1,1,1,1,1,1,1,1,1,1,1,1,1,1,1,1,
1,1,1,1,1,1,1,1,1,1,1,1,1,1,1,1,1,1,1,1,1,1,1,1,1,1,1,1,1,1,1,1,1,1,1,1,1,1,1,1,
1,1,1,1,1,4),(0.E0,1.428571428571E-2,2.857142857143E-2,4.285714285714E-2,
5.714285714286E-2,7.142857142857E-2,8.571428571429E-2,1.E-1,1.142857142857E-1,
1.285714285714E-1,1.428571428571E-1,1.571428571429E-1,1.714285714286E-1,
1.857142857143E-1,2.E-1,2.142857142857E-1,2.285714285714E-1,2.428571428571E-1,
2.571428571429E-1,2.714285714286E-1,2.857142857143E-1,3.E-1,3.142857142857E-1,
3.285714285714E-1,3.428571428571E-1,3.571428571429E-1,3.714285714286E-1,
3.857142857143E-1,4.E-1,4.142857142857E-1,4.285714285714E-1,4.428571428571E-1,
4.571428571429E-1,4.714285714286E-1,4.857142857143E-1,5.E-1,5.142857142857E-1,
5.285714285714E-1,5.428571428571E-1,5.571428571429E-1,5.714285714286E-1,
5.857142857143E-1,6.E-1,6.142857142857E-1,6.285714285714E-1,6.428571428571E-1,
6.571428571429E-1,6.714285714286E-1,6.857142857143E-1,7.E-1,7.142857142857E-1,
7.285714285714E-1,7.428571428571E-1,7.571428571429E-1,7.714285714286E-1,
7.857142857143E-1,8.E-1,8.142857142857E-1,8.285714285714E-1,8.428571428571E-1,
8.571428571429E-1,8.714285714286E-1,8.857142857143E-1,9.E-1,9.142857142857E-1,
9.285714285714E-1,9.428571428571E-1,9.571428571429E-1,9.714285714286E-1,
9.857142857143E-1,1.E0),.UNSPECIFIED.);
#622=CIRCLE('',#621,2.E-1);
#630=CIRCLE('',#629,2.E-1);
#684=B_SPLINE_CURVE_WITH_KNOTS('',3,(#655,#656,#657,#658,#659,#660,#661,#662,
#663,#664,#665,#666,#667,#668,#669,#670,#671,#672,#673,#674,#675,#676,#677,#678,
#679,#680,#681,#682,#683),.UNSPECIFIED.,.F.,.F.,(4,1,1,1,1,1,1,1,1,1,1,1,1,1,1,
1,1,1,1,1,1,1,1,1,1,1,4),(0.E0,3.846153846154E-2,7.692307692308E-2,
1.153846153846E-1,1.538461538462E-1,1.923076923077E-1,2.307692307692E-1,
2.692307692308E-1,3.076923076923E-1,3.461538461538E-1,3.846153846154E-1,
4.230769230769E-1,4.615384615385E-1,5.E-1,5.384615384615E-1,5.769230769231E-1,
6.153846153846E-1,6.538461538462E-1,6.923076923077E-1,7.307692307692E-1,
7.692307692308E-1,8.076923076923E-1,8.461538461538E-1,8.846153846154E-1,
9.230769230769E-1,9.615384615385E-1,1.E0),.UNSPECIFIED.);
#692=CIRCLE('',#691,3.3125E-1);
#714=CIRCLE('',#713,2.E-1);
#722=CIRCLE('',#721,2.E-1);
#793=CIRCLE('',#792,4.7E-1);
#801=CIRCLE('',#800,4.7E-1);
#858=CIRCLE('',#857,3.E-1);
#873=CIRCLE('',#872,1.5E-1);
#944=CIRCLE('',#943,3.E-1);
#959=CIRCLE('',#958,1.5E-1);
#974=CIRCLE('',#973,3.E-1);
#989=CIRCLE('',#988,1.5E-1);
#1039=CIRCLE('',#1038,4.7E-1);
#1054=CIRCLE('',#1053,4.7E-1);
#1077=B_SPLINE_CURVE_WITH_KNOTS('',3,(#1072,#1073,#1074,#1075,#1076),
.UNSPECIFIED.,.F.,.F.,(4,1,4),(0.E0,5.E-1,1.E0),.UNSPECIFIED.);
#1085=CIRCLE('',#1084,6.E-1);
#1093=CIRCLE('',#1092,6.E-1);
#1102=B_SPLINE_CURVE_WITH_KNOTS('',3,(#1097,#1098,#1099,#1100,#1101),
.UNSPECIFIED.,.F.,.F.,(4,1,4),(0.E0,5.E-1,1.E0),.UNSPECIFIED.);
#1110=CIRCLE('',#1109,6.2E-1);
#1125=CIRCLE('',#1124,6.2E-1);
#1133=CIRCLE('',#1132,6.E-1);
#1148=CIRCLE('',#1147,6.E-1);
#1177=CIRCLE('',#1176,5.E-1);
#1185=CIRCLE('',#1184,5.E-1);
#1207=CIRCLE('',#1206,6.E-1);
#1216=B_SPLINE_CURVE_WITH_KNOTS('',3,(#1211,#1212,#1213,#1214,#1215),
.UNSPECIFIED.,.F.,.F.,(4,1,4),(0.E0,5.E-1,1.E0),.UNSPECIFIED.);
#1225=B_SPLINE_CURVE_WITH_KNOTS('',3,(#1220,#1221,#1222,#1223,#1224),
.UNSPECIFIED.,.F.,.F.,(4,1,4),(0.E0,5.E-1,1.E0),.UNSPECIFIED.);
#1233=CIRCLE('',#1232,6.E-1);
#1255=CIRCLE('',#1254,6.E-1);
#1277=CIRCLE('',#1276,6.E-1);
#1292=CIRCLE('',#1291,5.E-1);
#1300=CIRCLE('',#1299,5.E-1);
#1586=EDGE_CURVE('',#1486,#1484,#31,.T.);
#1588=EDGE_CURVE('',#1484,#1516,#15,.T.);
#1590=EDGE_CURVE('',#1518,#1516,#280,.T.);
#1592=EDGE_CURVE('',#1486,#1518,#850,.T.);
#1602=EDGE_CURVE('',#1483,#1484,#23,.T.);
#1605=EDGE_CURVE('',#1486,#1488,#38,.T.);
#1607=EDGE_CURVE('',#1488,#1490,#46,.T.);
#1609=EDGE_CURVE('',#1474,#1490,#53,.T.);
#1611=EDGE_CURVE('',#1474,#1480,#60,.T.);
#1613=EDGE_CURVE('',#1480,#1492,#67,.T.);
#1615=EDGE_CURVE('',#1492,#1494,#75,.T.);
#1617=EDGE_CURVE('',#1494,#1496,#82,.T.);
#1619=EDGE_CURVE('',#1498,#1496,#90,.T.);
#1621=EDGE_CURVE('',#1500,#1498,#97,.T.);
#1623=EDGE_CURVE('',#1483,#1500,#126,.T.);
#1634=EDGE_CURVE('',#1483,#1515,#104,.T.);
#1636=EDGE_CURVE('',#1515,#1516,#206,.T.);
#1647=EDGE_CURVE('',#1483,#1502,#119,.T.);
#1649=EDGE_CURVE('',#1502,#1534,#111,.T.);
#1651=EDGE_CURVE('',#1515,#1534,#288,.T.);
#1664=EDGE_CURVE('',#1500,#1504,#134,.T.);
#1666=EDGE_CURVE('',#1502,#1504,#415,.T.);
#1677=EDGE_CURVE('',#1500,#1532,#141,.T.);
#1679=EDGE_CURVE('',#1532,#1536,#296,.T.);
#1681=EDGE_CURVE('',#1504,#1536,#822,.T.);
#1692=EDGE_CURVE('',#1498,#1530,#148,.T.);
#1694=EDGE_CURVE('',#1532,#1530,#213,.T.);
#1706=EDGE_CURVE('',#1496,#1528,#155,.T.);
#1708=EDGE_CURVE('',#1530,#1528,#221,.T.);
#1720=EDGE_CURVE('',#1494,#1526,#162,.T.);
#1722=EDGE_CURVE('',#1526,#1528,#228,.T.);
#1734=EDGE_CURVE('',#1492,#1524,#169,.T.);
#1736=EDGE_CURVE('',#1524,#1526,#236,.T.);
#1748=EDGE_CURVE('',#1464,#1480,#184,.T.);
#1750=EDGE_CURVE('',#1464,#1524,#243,.T.);
#1761=EDGE_CURVE('',#1462,#1464,#177,.T.);
#1764=EDGE_CURVE('',#1478,#1480,#192,.T.);
#1766=EDGE_CURVE('',#1462,#1478,#915,.T.);
#1776=EDGE_CURVE('',#1458,#1464,#250,.T.);
#1779=EDGE_CURVE('',#1456,#1462,#199,.T.);
#1781=EDGE_CURVE('',#1456,#1458,#858,.T.);
#1792=EDGE_CURVE('',#1515,#1532,#303,.T.);
#1800=EDGE_CURVE('',#1458,#1522,#257,.T.);
#1802=EDGE_CURVE('',#1520,#1522,#265,.T.);
#1804=EDGE_CURVE('',#1518,#1520,#272,.T.);
#1816=EDGE_CURVE('',#1534,#1536,#324,.T.);
#1828=EDGE_CURVE('',#1534,#1538,#310,.T.);
#1830=EDGE_CURVE('',#1538,#1540,#808,.T.);
#1832=EDGE_CURVE('',#1536,#1540,#317,.T.);
#1843=EDGE_CURVE('',#1502,#1506,#408,.T.);
#1845=EDGE_CURVE('',#1506,#1538,#331,.T.);
#1857=EDGE_CURVE('',#1577,#1578,#394,.T.);
#1859=EDGE_CURVE('',#1578,#1570,#401,.T.);
#1861=EDGE_CURVE('',#1506,#1570,#477,.T.);
#1865=EDGE_CURVE('',#1504,#1508,#422,.T.);
#1867=EDGE_CURVE('',#1572,#1508,#500,.T.);
#1869=EDGE_CURVE('',#1577,#1572,#429,.T.);
#2044=EDGE_CURVE('',#1577,#1578,#462,.T.);
#2056=EDGE_CURVE('',#1570,#1572,#470,.T.);
#2079=EDGE_CURVE('',#1576,#1572,#516,.T.);
#2081=EDGE_CURVE('',#1574,#1576,#692,.T.);
#2083=EDGE_CURVE('',#1574,#1570,#485,.T.);
#2096=EDGE_CURVE('',#1510,#1574,#644,.T.);
#2098=EDGE_CURVE('',#1510,#1506,#493,.T.);
#2109=EDGE_CURVE('',#1512,#1508,#508,.T.);
#2111=EDGE_CURVE('',#1576,#1512,#607,.T.);
#2122=EDGE_CURVE('',#1579,#1580,#593,.T.);
#2124=EDGE_CURVE('',#1576,#1580,#600,.T.);
#2127=EDGE_CURVE('',#1512,#1556,#614,.T.);
#2129=EDGE_CURVE('',#1555,#1556,#622,.T.);
#2131=EDGE_CURVE('',#1548,#1555,#757,.T.);
#2133=EDGE_CURVE('',#1547,#1548,#630,.T.);
#2135=EDGE_CURVE('',#1510,#1547,#637,.T.);
#2138=EDGE_CURVE('',#1574,#1579,#651,.T.);
#2317=EDGE_CURVE('',#1579,#1580,#684,.T.);
#2339=EDGE_CURVE('',#1558,#1556,#699,.T.);
#2342=EDGE_CURVE('',#1512,#1544,#706,.T.);
#2344=EDGE_CURVE('',#1544,#1558,#729,.T.);
#2356=EDGE_CURVE('',#1558,#1560,#722,.T.);
#2358=EDGE_CURVE('',#1560,#1555,#764,.T.);
#2368=EDGE_CURVE('',#1550,#1552,#714,.T.);
#2370=EDGE_CURVE('',#1550,#1560,#771,.T.);
#2374=EDGE_CURVE('',#1542,#1544,#736,.T.);
#2376=EDGE_CURVE('',#1542,#1552,#743,.T.);
#2387=EDGE_CURVE('',#1550,#1548,#750,.T.);
#2390=EDGE_CURVE('',#1552,#1547,#778,.T.);
#2414=EDGE_CURVE('',#1510,#1542,#785,.T.);
#2427=EDGE_CURVE('',#1542,#1538,#793,.T.);
#2440=EDGE_CURVE('',#1544,#1540,#801,.T.);
#2452=EDGE_CURVE('',#1508,#1540,#815,.T.);
#2477=EDGE_CURVE('',#1490,#1522,#829,.T.);
#2480=EDGE_CURVE('',#1458,#1474,#836,.T.);
#2491=EDGE_CURVE('',#1488,#1520,#843,.T.);
#2516=EDGE_CURVE('',#1456,#1472,#865,.T.);
#2518=EDGE_CURVE('',#1472,#1474,#873,.T.);
#2529=EDGE_CURVE('',#1454,#1456,#880,.T.);
#2531=EDGE_CURVE('',#1454,#1470,#887,.T.);
#2533=EDGE_CURVE('',#1470,#1472,#894,.T.);
#2546=EDGE_CURVE('',#1460,#1462,#908,.T.);
#2548=EDGE_CURVE('',#1454,#1460,#901,.T.);
#2560=EDGE_CURVE('',#1476,#1478,#922,.T.);
#2562=EDGE_CURVE('',#1460,#1476,#981,.T.);
#2573=EDGE_CURVE('',#1470,#1476,#929,.T.);
#2576=EDGE_CURVE('',#1472,#1478,#1391,.T.);
#2586=EDGE_CURVE('',#1468,#1470,#959,.T.);
#2588=EDGE_CURVE('',#1468,#1466,#936,.T.);
#2590=EDGE_CURVE('',#1466,#1476,#989,.T.);
#2601=EDGE_CURVE('',#1452,#1454,#944,.T.);
#2603=EDGE_CURVE('',#1452,#1468,#951,.T.);
#2617=EDGE_CURVE('',#1450,#1460,#974,.T.);
#2619=EDGE_CURVE('',#1452,#1450,#966,.T.);
#2632=EDGE_CURVE('',#1450,#1466,#996,.T.);
#2643=EDGE_CURVE('',#1466,#1398,#1017,.T.);
#2645=EDGE_CURVE('',#1398,#1406,#1003,.T.);
#2647=EDGE_CURVE('',#1450,#1406,#1024,.T.);
#2658=EDGE_CURVE('',#1468,#1397,#1010,.T.);
#2660=EDGE_CURVE('',#1397,#1398,#1117,.T.);
#2672=EDGE_CURVE('',#1452,#1405,#1031,.T.);
#2674=EDGE_CURVE('',#1397,#1405,#1247,.T.);
#2687=EDGE_CURVE('',#1405,#1406,#1061,.T.);
#2698=EDGE_CURVE('',#1406,#1422,#1039,.T.);
#2700=EDGE_CURVE('',#1432,#1422,#1102,.T.);
#2702=EDGE_CURVE('',#1432,#1429,#1046,.T.);
#2704=EDGE_CURVE('',#1418,#1429,#1225,.T.);
#2706=EDGE_CURVE('',#1405,#1418,#1054,.T.);
#2717=EDGE_CURVE('',#1421,#1422,#1068,.T.);
#2721=EDGE_CURVE('',#1398,#1421,#1110,.T.);
#2732=EDGE_CURVE('',#1421,#1430,#1077,.T.);
#2734=EDGE_CURVE('',#1430,#1425,#1085,.T.);
#2736=EDGE_CURVE('',#1425,#1426,#1314,.T.);
#2738=EDGE_CURVE('',#1426,#1432,#1093,.T.);
#2749=EDGE_CURVE('',#1430,#1428,#1162,.T.);
#2754=EDGE_CURVE('',#1397,#1417,#1125,.T.);
#2756=EDGE_CURVE('',#1428,#1417,#1216,.T.);
#2766=EDGE_CURVE('',#1435,#1436,#1133,.T.);
#2768=EDGE_CURVE('',#1435,#1401,#1140,.T.);
#2770=EDGE_CURVE('',#1401,#1402,#1349,.T.);
#2772=EDGE_CURVE('',#1444,#1402,#1328,.T.);
#2774=EDGE_CURVE('',#1443,#1444,#1148,.T.);
#2776=EDGE_CURVE('',#1443,#1425,#1155,.T.);
#2780=EDGE_CURVE('',#1413,#1428,#1207,.T.);
#2782=EDGE_CURVE('',#1413,#1436,#1169,.T.);
#2786=EDGE_CURVE('',#1563,#1564,#1177,.T.);
#2788=EDGE_CURVE('',#1564,#1563,#1185,.T.);
#2799=EDGE_CURVE('',#1438,#1436,#1192,.T.);
#2801=EDGE_CURVE('',#1438,#1440,#1255,.T.);
#2803=EDGE_CURVE('',#1440,#1435,#1370,.T.);
#2815=EDGE_CURVE('',#1413,#1414,#1199,.T.);
#2817=EDGE_CURVE('',#1414,#1438,#1262,.T.);
#2830=EDGE_CURVE('',#1417,#1418,#1240,.T.);
#2833=EDGE_CURVE('',#1429,#1414,#1233,.T.);
#2860=EDGE_CURVE('',#1448,#1426,#1269,.T.);
#2862=EDGE_CURVE('',#1446,#1448,#1277,.T.);
#2864=EDGE_CURVE('',#1446,#1410,#1342,.T.);
#2866=EDGE_CURVE('',#1409,#1410,#1363,.T.);
#2868=EDGE_CURVE('',#1440,#1409,#1284,.T.);
#2872=EDGE_CURVE('',#1567,#1568,#1292,.T.);
#2874=EDGE_CURVE('',#1568,#1567,#1300,.T.);
#2884=EDGE_CURVE('',#1448,#1443,#1307,.T.);
#2898=EDGE_CURVE('',#1446,#1444,#1321,.T.);
#2912=EDGE_CURVE('',#1402,#1410,#1335,.T.);
#2924=EDGE_CURVE('',#1401,#1409,#1356,.T.);
#2949=EDGE_CURVE('',#1564,#1568,#1384,.T.);
#2952=EDGE_CURVE('',#1563,#1567,#1377,.T.);
#2994=CIRCLE('',#2993,5.E-2);
#3023=CIRCLE('',#3022,2.8125E-1);
#3038=CIRCLE('',#3037,3.3125E-1);
#3046=CIRCLE('',#3045,1.8125E-1);
#3054=CIRCLE('',#3053,3.3125E-1);
#3062=CIRCLE('',#3061,5.E-2);
#3084=CIRCLE('',#3083,3.3125E-1);
#3092=CIRCLE('',#3091,3.3125E-1);
#3107=CIRCLE('',#3106,3.3125E-1);
#3115=CIRCLE('',#3114,4.75E-1);
#3123=CIRCLE('',#3122,3.3125E-1);
#3138=CIRCLE('',#3137,5.E-2);
#3160=CIRCLE('',#3159,2.8125E-1);
#3175=CIRCLE('',#3174,3.3125E-1);
#3183=CIRCLE('',#3182,1.8125E-1);
#3191=CIRCLE('',#3190,3.3125E-1);
#3199=CIRCLE('',#3198,5.E-2);
#3228=CIRCLE('',#3227,3.545318181814E-1);
#3236=CIRCLE('',#3235,4.75E-1);
#3251=CIRCLE('',#3250,3.3125E-1);
#3259=CIRCLE('',#3258,3.3125E-1);
#3267=CIRCLE('',#3266,3.642338709677E-1);
#3275=CIRCLE('',#3274,1.8125E-1);
#3283=CIRCLE('',#3282,3.642338709677E-1);
#3319=CIRCLE('',#3318,1.8125E-1);
#3327=CIRCLE('',#3326,3.3125E-1);
#3335=CIRCLE('',#3334,3.3125E-1);
#3343=CIRCLE('',#3342,3.545318181814E-1);
#3415=EDGE_CURVE('',#3396,#3397,#2994,.T.);
#3417=EDGE_CURVE('',#3399,#3397,#3084,.T.);
#3419=EDGE_CURVE('',#3399,#3401,#3062,.T.);
#3421=EDGE_CURVE('',#3401,#3396,#3023,.T.);
#3432=EDGE_CURVE('',#3396,#3383,#3001,.T.);
#3434=EDGE_CURVE('',#3385,#3383,#3008,.T.);
#3436=EDGE_CURVE('',#3361,#3385,#3243,.T.);
#3438=EDGE_CURVE('',#3361,#3397,#3015,.T.);
#3449=EDGE_CURVE('',#3401,#3381,#3030,.T.);
#3451=EDGE_CURVE('',#3381,#3377,#3038,.T.);
#3453=EDGE_CURVE('',#3377,#3375,#3046,.T.);
#3455=EDGE_CURVE('',#3375,#3383,#3054,.T.);
#3467=EDGE_CURVE('',#3360,#3399,#3099,.T.);
#3469=EDGE_CURVE('',#3360,#3380,#3069,.T.);
#3471=EDGE_CURVE('',#3380,#3381,#3076,.T.);
#3484=EDGE_CURVE('',#3360,#3361,#3092,.T.);
#3507=EDGE_CURVE('',#3356,#3357,#3107,.T.);
#3509=EDGE_CURVE('',#3356,#3360,#3115,.T.);
#3512=EDGE_CURVE('',#3357,#3361,#3236,.T.);
#3522=EDGE_CURVE('',#3407,#3405,#3123,.T.);
#3524=EDGE_CURVE('',#3405,#3356,#3130,.T.);
#3527=EDGE_CURVE('',#3407,#3357,#3206,.T.);
#3537=EDGE_CURVE('',#3404,#3405,#3138,.T.);
#3540=EDGE_CURVE('',#3407,#3409,#3199,.T.);
#3542=EDGE_CURVE('',#3409,#3404,#3160,.T.);
#3553=EDGE_CURVE('',#3404,#3391,#3145,.T.);
#3555=EDGE_CURVE('',#3391,#3387,#3152,.T.);
#3557=EDGE_CURVE('',#3356,#3387,#3350,.T.);
#3569=EDGE_CURVE('',#3409,#3393,#3167,.T.);
#3571=EDGE_CURVE('',#3364,#3393,#3175,.T.);
#3573=EDGE_CURVE('',#3368,#3364,#3183,.T.);
#3575=EDGE_CURVE('',#3391,#3368,#3191,.T.);
#3588=EDGE_CURVE('',#3357,#3389,#3213,.T.);
#3590=EDGE_CURVE('',#3393,#3389,#3220,.T.);
#3601=EDGE_CURVE('',#3385,#3389,#3228,.T.);
#3626=EDGE_CURVE('',#3369,#3371,#3267,.T.);
#3628=EDGE_CURVE('',#3380,#3371,#3335,.T.);
#3630=EDGE_CURVE('',#3387,#3380,#3343,.T.);
#3632=EDGE_CURVE('',#3387,#3369,#3251,.T.);
#3654=EDGE_CURVE('',#3365,#3373,#3283,.T.);
#3656=EDGE_CURVE('',#3365,#3389,#3259,.T.);
#3659=EDGE_CURVE('',#3373,#3385,#3327,.T.);
#3670=EDGE_CURVE('',#3369,#3365,#3275,.T.);
#3673=EDGE_CURVE('',#3371,#3373,#3319,.T.);
#3683=EDGE_CURVE('',#3364,#3365,#3290,.T.);
#3686=EDGE_CURVE('',#3368,#3369,#3297,.T.);
#3721=EDGE_CURVE('',#3373,#3375,#3304,.T.);
#3724=EDGE_CURVE('',#3371,#3377,#3311,.T.);
#3774=(LENGTH_UNIT()NAMED_UNIT(*)SI_UNIT(.MILLI.,.METRE.));
#3776=(NAMED_UNIT(*)PLANE_ANGLE_UNIT()SI_UNIT($,.RADIAN.));
#3779=(NAMED_UNIT(*)SI_UNIT($,.STERADIAN.)SOLID_ANGLE_UNIT());
#3782=ADVANCED_BREP_SHAPE_REPRESENTATION('',(#2982,#3767),#3781);
#3790=PRODUCT_DEFINITION('design','',#3789,#3786);
#3791=PRODUCT_DEFINITION_SHAPE('','SHAPE FOR S7131-45.',#3790);
#3792=SHAPE_DEFINITION_REPRESENTATION(#3791,#3782);
ENDSEC;
END-ISO-10303-21;
