ISO-10303-21;
HEADER;
FILE_DESCRIPTION (( 'STEP AP214' ),
    '1' );
FILE_NAME ('CYUSB3065-BZXC.STEP',
    '2020-06-22T21:55:52',
    ( '' ),
    ( '' ),
    'SwSTEP 2.0',
    'SolidWorks 2018',
    '' );
FILE_SCHEMA (( 'AUTOMOTIVE_DESIGN' ));
ENDSEC;

DATA;
#1 = AXIS2_PLACEMENT_3D ( 'NONE', #8925, #2928, #8183 ) ;
#2 = PLANE ( 'NONE',  #906 ) ;
#3 = FACE_OUTER_BOUND ( 'NONE', #8855, .T. ) ;
#4 = DIRECTION ( 'NONE',  ( 1.000000000000000000, 0.0000000000000000000, 0.0000000000000000000 ) ) ;
#5 = ORIENTED_EDGE ( 'NONE', *, *, #596, .T. ) ;
#6 = CARTESIAN_POINT ( 'NONE',  ( -3.199999999999999734, 0.1499999999999999667, 0.7999999999999999334 ) ) ;
#7 = CLOSED_SHELL ( 'NONE', ( #2240, #144, #6151 ) ) ;
#8 = DIRECTION ( 'NONE',  ( 1.224646799147353207E-16, -3.540705920434613265E-31, -1.000000000000000000 ) ) ;
#9 = EDGE_CURVE ( 'NONE', #6720, #111, #7903, .T. ) ;
#10 = ORIENTED_EDGE ( 'NONE', *, *, #8907, .T. ) ;
#11 = FILL_AREA_STYLE ('',( #8021 ) ) ;
#12 = MANIFOLD_SOLID_BREP ( 'Sketch-Pattern1[85]', #7123 ) ;
#13 = SPHERICAL_SURFACE ( 'NONE', #5000, 0.1499999999999999667 ) ;
#14 = AXIS2_PLACEMENT_3D ( 'NONE', #5720, #3865, #4056 ) ;
#15 = CARTESIAN_POINT ( 'NONE',  ( 1.000000000000000000, 0.2000000000000005107, -1.799999999999999156 ) ) ;
#16 = ORIENTED_EDGE ( 'NONE', *, *, #5434, .T. ) ;
#17 = DIRECTION ( 'NONE',  ( 1.224646799147353207E-16, -3.540705920434613265E-31, -1.000000000000000000 ) ) ;
#18 = DIRECTION ( 'NONE',  ( 1.224646799147353207E-16, -3.540705920434613265E-31, -1.000000000000000000 ) ) ;
#19 = ADVANCED_FACE ( 'NONE', ( #4097 ), #8194, .F. ) ;
#20 = VECTOR ( 'NONE', #763, 1000.000000000000000 ) ;
#21 = DIRECTION ( 'NONE',  ( 0.0000000000000000000, -1.000000000000000000, -0.0000000000000000000 ) ) ;
#22 = DIRECTION ( 'NONE',  ( -1.000000000000000000, 0.0000000000000000000, 0.0000000000000000000 ) ) ;
#23 = EDGE_LOOP ( 'NONE', ( #7362, #7210, #6252 ) ) ;
#24 = AXIS2_PLACEMENT_3D ( 'NONE', #6292, #9389, #6382 ) ;
#25 = CARTESIAN_POINT ( 'NONE',  ( 3.999999999999999112, 0.2000000000000005107, 1.599999999999999867 ) ) ;
#26 = CIRCLE ( 'NONE', #9285, 0.1499999999999999667 ) ;
#27 = CARTESIAN_POINT ( 'NONE',  ( 2.600000000000000089, 0.2000000000000005107, -3.399999999999999467 ) ) ;
#28 = EDGE_CURVE ( 'NONE', #7125, #1642, #4441, .T. ) ;
#29 = DIRECTION ( 'NONE',  ( 1.000000000000000000, 0.0000000000000000000, 0.0000000000000000000 ) ) ;
#30 = DIRECTION ( 'NONE',  ( 0.0000000000000000000, 0.0000000000000000000, -1.000000000000000000 ) ) ;
#31 = EDGE_LOOP ( 'NONE', ( #9509, #819, #4912 ) ) ;
#32 = FACE_OUTER_BOUND ( 'NONE', #233, .T. ) ;
#33 = AXIS2_PLACEMENT_3D ( 'NONE', #4153, #6469, #1213 ) ;
#34 = AXIS2_PLACEMENT_3D ( 'NONE', #7845, #5781, #5849 ) ;
#35 = DIRECTION ( 'NONE',  ( 0.0000000000000000000, 0.0000000000000000000, -1.000000000000000000 ) ) ;
#36 = AXIS2_PLACEMENT_3D ( 'NONE', #960, #1746, #2798 ) ;
#37 = DIRECTION ( 'NONE',  ( 0.0000000000000000000, 0.0000000000000000000, -1.000000000000000000 ) ) ;
#38 = VERTEX_POINT ( 'NONE', #2242 ) ;
#39 = PRESENTATION_STYLE_ASSIGNMENT (( #1358 ) ) ;
#40 = FACE_OUTER_BOUND ( 'NONE', #9169, .T. ) ;
#41 = CARTESIAN_POINT ( 'NONE',  ( 1.599999999999999867, 0.1499999999999999667, 1.599999999999999867 ) ) ;
#42 = EDGE_CURVE ( 'NONE', #3448, #3490, #1384, .T. ) ;
#43 = DIRECTION ( 'NONE',  ( 0.0000000000000000000, 0.0000000000000000000, 1.000000000000000000 ) ) ;
#44 = ADVANCED_FACE ( 'NONE', ( #1865 ), #8709, .T. ) ;
#45 = CARTESIAN_POINT ( 'NONE',  ( -0.5999999999999998668, 0.2000000000000005107, -3.399999999999999467 ) ) ;
#46 = EDGE_CURVE ( 'NONE', #6173, #7774, #2560, .T. ) ;
#47 = DIRECTION ( 'NONE',  ( -0.0000000000000000000, -1.000000000000000000, -0.0000000000000000000 ) ) ;
#48 = VERTEX_POINT ( 'NONE', #62 ) ;
#49 = AXIS2_PLACEMENT_3D ( 'NONE', #2694, #8088, #2032 ) ;
#50 = FILL_AREA_STYLE ('',( #8379 ) ) ;
#51 = CARTESIAN_POINT ( 'NONE',  ( 1.000000000000000000, 0.2000000000000005107, -3.399999999999999467 ) ) ;
#52 = DIRECTION ( 'NONE',  ( 1.000000000000000000, 0.0000000000000000000, 0.0000000000000000000 ) ) ;
#53 = DIRECTION ( 'NONE',  ( 1.000000000000000000, -2.891205793294679411E-15, 0.0000000000000000000 ) ) ;
#54 = ADVANCED_FACE ( 'NONE', ( #4324 ), #2793, .T. ) ;
#55 = CARTESIAN_POINT ( 'NONE',  ( -1.399999999999999245, 0.2000000000000005107, -8.199999999999999289 ) ) ;
#56 = CARTESIAN_POINT ( 'NONE',  ( 0.8000000000000012657, 0.2000000000000005107, -4.000000000000000000 ) ) ;
#57 = CARTESIAN_POINT ( 'NONE',  ( -1.599999999999999423, 0.0000000000000000000, -3.200000000000000622 ) ) ;
#58 = AXIS2_PLACEMENT_3D ( 'NONE', #2488, #8571, #3360 ) ;
#59 = EDGE_LOOP ( 'NONE', ( #5763, #4948 ) ) ;
#60 = PRESENTATION_STYLE_ASSIGNMENT (( #8763 ) ) ;
#61 = MECHANICAL_DESIGN_GEOMETRIC_PRESENTATION_REPRESENTATION (  '', ( #8829 ), #549 ) ;
#62 = CARTESIAN_POINT ( 'NONE',  ( -0.1414213562373083932, 0.2000000000000005107, -1.599999999999999867 ) ) ;
#63 = VERTEX_POINT ( 'NONE', #7653 ) ;
#64 = FACE_OUTER_BOUND ( 'NONE', #7443, .T. ) ;
#65 = CARTESIAN_POINT ( 'NONE',  ( 3.200000000000000622, 0.2000000000000005107, 4.000000000000000000 ) ) ;
#66 = AXIS2_PLACEMENT_3D ( 'NONE', #7226, #4121, #6470 ) ;
#67 = STYLED_ITEM ( 'NONE', ( #6188 ), #3337 ) ;
#68 = ADVANCED_FACE ( 'NONE', ( #802 ), #8328, .F. ) ;
#69 = VERTEX_POINT ( 'NONE', #5258 ) ;
#70 = UNCERTAINTY_MEASURE_WITH_UNIT (LENGTH_MEASURE( 1.000000000000000082E-05 ), #553, 'distance_accuracy_value', 'NONE');
#71 = EDGE_CURVE ( 'NONE', #9378, #7925, #3164, .T. ) ;
#72 = PLANE ( 'NONE',  #4901 ) ;
#73 = PRESENTATION_LAYER_ASSIGNMENT (  '', '', ( #4812 ) ) ;
#74 = ORIENTED_EDGE ( 'NONE', *, *, #1836, .F. ) ;
#75 = SURFACE_STYLE_FILL_AREA ( #1935 ) ;
#76 = DIRECTION ( 'NONE',  ( 1.000000000000000000, -2.891205793294679411E-15, 0.0000000000000000000 ) ) ;
#77 = DIRECTION ( 'NONE',  ( -1.000000000000000000, 0.0000000000000000000, 0.0000000000000000000 ) ) ;
#78 = VERTEX_POINT ( 'NONE', #134 ) ;
#79 = CIRCLE ( 'NONE', #5157, 0.1499999999999999667 ) ;
#80 = STYLED_ITEM ( 'NONE', ( #8738 ), #3924 ) ;
#81 = CARTESIAN_POINT ( 'NONE',  ( -1.400000000000000133, 0.2000000000000005107, -0.9999999999999991118 ) ) ;
#82 = CARTESIAN_POINT ( 'NONE',  ( 3.400000000000002132, 0.2000000000000005107, -9.000000000000000000 ) ) ;
#83 = CLOSED_SHELL ( 'NONE', ( #3534, #550, #6518 ) ) ;
#84 = SURFACE_STYLE_FILL_AREA ( #3562 ) ;
#85 = DIRECTION ( 'NONE',  ( 0.0000000000000000000, 0.0000000000000000000, -1.000000000000000000 ) ) ;
#86 = DIRECTION ( 'NONE',  ( 0.0000000000000000000, 0.0000000000000000000, -1.000000000000000000 ) ) ;
#87 = ORIENTED_EDGE ( 'NONE', *, *, #98, .T. ) ;
#88 = CARTESIAN_POINT ( 'NONE',  ( -4.999999999999999112, -14.14213562373094923, -4.999999999999999112 ) ) ;
#89 = SPHERICAL_SURFACE ( 'NONE', #4799, 0.1499999999999999667 ) ;
#90 = ADVANCED_FACE ( 'NONE', ( #1158 ), #8921, .T. ) ;
#91 = AXIS2_PLACEMENT_3D ( 'NONE', #518, #2019, #7342 ) ;
#92 = CLOSED_SHELL ( 'NONE', ( #4268, #2689, #2993 ) ) ;
#93 = AXIS2_PLACEMENT_3D ( 'NONE', #5063, #1393, #2126 ) ;
#94 = CARTESIAN_POINT ( 'NONE',  ( -3.199999999999999289, 0.1499999999999999667, -3.200000000000000622 ) ) ;
#95 = ORIENTED_EDGE ( 'NONE', *, *, #995, .T. ) ;
#96 = DIRECTION ( 'NONE',  ( 0.0000000000000000000, 0.0000000000000000000, 1.000000000000000000 ) ) ;
#97 = CIRCLE ( 'NONE', #1693, 0.1414213562373092536 ) ;
#98 = EDGE_CURVE ( 'NONE', #6603, #3677, #6369, .T. ) ;
#99 = DIRECTION ( 'NONE',  ( -0.0000000000000000000, -1.000000000000000000, -0.0000000000000000000 ) ) ;
#100 = ADVANCED_FACE ( 'NONE', ( #8123 ), #3631, .T. ) ;
#101 = FILL_AREA_STYLE ('',( #2169 ) ) ;
#102 = ORIENTED_EDGE ( 'NONE', *, *, #8960, .F. ) ;
#103 = FACE_OUTER_BOUND ( 'NONE', #7645, .T. ) ;
#104 = EDGE_CURVE ( 'NONE', #1628, #7775, #4581, .T. ) ;
#105 = DIRECTION ( 'NONE',  ( 1.000000000000000000, -2.891205793294679411E-15, 0.0000000000000000000 ) ) ;
#106 = EDGE_LOOP ( 'NONE', ( #8512, #4843, #7889 ) ) ;
#107 = DIRECTION ( 'NONE',  ( -0.0000000000000000000, -1.000000000000000000, -0.0000000000000000000 ) ) ;
#108 = CARTESIAN_POINT ( 'NONE',  ( 0.6585786437626919287, 0.2000000000000005107, -4.000000000000000000 ) ) ;
#109 = ORIENTED_EDGE ( 'NONE', *, *, #156, .F. ) ;
#110 = CIRCLE ( 'NONE', #2955, 0.1414213562373092536 ) ;
#111 = VERTEX_POINT ( 'NONE', #5331 ) ;
#112 = ORIENTED_EDGE ( 'NONE', *, *, #1280, .T. ) ;
#113 = MECHANICAL_DESIGN_GEOMETRIC_PRESENTATION_REPRESENTATION (  '', ( #8871 ), #9263 ) ;
#114 = DIRECTION ( 'NONE',  ( -0.0000000000000000000, -1.000000000000000000, -0.0000000000000000000 ) ) ;
#115 = ORIENTED_EDGE ( 'NONE', *, *, #2379, .T. ) ;
#116 = DIRECTION ( 'NONE',  ( 1.224646799147353207E-16, -3.540705920434613265E-31, -1.000000000000000000 ) ) ;
#117 = AXIS2_PLACEMENT_3D ( 'NONE', #3891, #151, #4632 ) ;
#118 = DIRECTION ( 'NONE',  ( 0.0000000000000000000, 0.0000000000000000000, 1.000000000000000000 ) ) ;
#119 = ORIENTED_EDGE ( 'NONE', *, *, #4712, .T. ) ;
#120 = ADVANCED_FACE ( 'NONE', ( #2309 ), #7665, .T. ) ;
#121 = SURFACE_STYLE_USAGE ( .BOTH. , #6202 ) ;
#122 = SPHERICAL_SURFACE ( 'NONE', #1898, 0.1499999999999999667 ) ;
#123 = EDGE_CURVE ( 'NONE', #3645, #6140, #6136, .T. ) ;
#124 = CARTESIAN_POINT ( 'NONE',  ( 4.200000000000000178, 0.2000000000000005107, -7.399999999999999467 ) ) ;
#125 = CARTESIAN_POINT ( 'NONE',  ( 8.673617379884035472E-16, 0.1499999999999999667, -3.200000000000000622 ) ) ;
#126 = PRESENTATION_STYLE_ASSIGNMENT (( #7150 ) ) ;
#127 = DIRECTION ( 'NONE',  ( 1.000000000000000000, -2.891205793294679411E-15, 0.0000000000000000000 ) ) ;
#128 = CARTESIAN_POINT ( 'NONE',  ( -2.399999999999999467, 0.2000000000000005107, 0.7999999999999999334 ) ) ;
#129 = EDGE_LOOP ( 'NONE', ( #5651, #8772, #4543 ) ) ;
#130 = UNCERTAINTY_MEASURE_WITH_UNIT (LENGTH_MEASURE( 1.000000000000000082E-05 ), #3960, 'distance_accuracy_value', 'NONE');
#131 = ORIENTED_EDGE ( 'NONE', *, *, #7991, .F. ) ;
#132 = PRESENTATION_STYLE_ASSIGNMENT (( #8477 ) ) ;
#133 = CARTESIAN_POINT ( 'NONE',  ( -0.1414213562373083932, 0.2000000000000005107, -1.123277437107073548E-17 ) ) ;
#134 = CARTESIAN_POINT ( 'NONE',  ( 3.200000000000000178, 0.0000000000000000000, 1.599999999999999867 ) ) ;
#135 = DIRECTION ( 'NONE',  ( 0.0000000000000000000, 0.0000000000000000000, -1.000000000000000000 ) ) ;
#136 = MECHANICAL_DESIGN_GEOMETRIC_PRESENTATION_REPRESENTATION (  '', ( #4021 ), #3222 ) ;
#137 =( LENGTH_UNIT ( ) NAMED_UNIT ( * ) SI_UNIT ( .MILLI., .METRE. ) );
#138 = EDGE_LOOP ( 'NONE', ( #3705, #1744 ) ) ;
#139 = STYLED_ITEM ( 'NONE', ( #8719 ), #7820 ) ;
#140 = ORIENTED_EDGE ( 'NONE', *, *, #9254, .T. ) ;
#141 = MANIFOLD_SOLID_BREP ( 'Sketch-Pattern1[11]', #4506 ) ;
#142 = DIRECTION ( 'NONE',  ( 1.224646799147353207E-16, -3.540705920434613265E-31, -1.000000000000000000 ) ) ;
#143 = AXIS2_PLACEMENT_3D ( 'NONE', #3529, #5240, #9095 ) ;
#144 = ADVANCED_FACE ( 'NONE', ( #3975 ), #6986, .F. ) ;
#145 = DIRECTION ( 'NONE',  ( 0.0000000000000000000, 0.0000000000000000000, -1.000000000000000000 ) ) ;
#146 = EDGE_LOOP ( 'NONE', ( #5993, #1276, #2217 ) ) ;
#147 = SPHERICAL_SURFACE ( 'NONE', #5132, 0.1499999999999999667 ) ;
#148 = FILL_AREA_STYLE ('',( #8409 ) ) ;
#149 = DIRECTION ( 'NONE',  ( -0.0000000000000000000, -1.000000000000000000, -0.0000000000000000000 ) ) ;
#150 = CARTESIAN_POINT ( 'NONE',  ( 1.599999999999999867, 0.1499999999999999667, 3.200000000000000178 ) ) ;
#151 = DIRECTION ( 'NONE',  ( 0.0000000000000000000, 0.0000000000000000000, 1.000000000000000000 ) ) ;
#152 = CARTESIAN_POINT ( 'NONE',  ( -3.999999999999999112, 0.1499999999999999667, -3.200000000000000622 ) ) ;
#153 = DIRECTION ( 'NONE',  ( 1.000000000000000000, -2.891205793294679411E-15, 0.0000000000000000000 ) ) ;
#154 = AXIS2_PLACEMENT_3D ( 'NONE', #274, #9361, #4238 ) ;
#155 = ORIENTED_EDGE ( 'NONE', *, *, #2215, .F. ) ;
#156 = EDGE_CURVE ( 'NONE', #2189, #956, #9171, .T. ) ;
#157 = DIRECTION ( 'NONE',  ( 0.0000000000000000000, 0.0000000000000000000, -1.000000000000000000 ) ) ;
#158 = DIRECTION ( 'NONE',  ( 0.0000000000000000000, 0.0000000000000000000, -1.000000000000000000 ) ) ;
#159 = DIRECTION ( 'NONE',  ( -0.0000000000000000000, -1.000000000000000000, -0.0000000000000000000 ) ) ;
#160 = EDGE_CURVE ( 'NONE', #4259, #9088, #7891, .T. ) ;
#161 = CARTESIAN_POINT ( 'NONE',  ( -2.399999999999999911, 0.1499999999999999667, 2.400000000000000355 ) ) ;
#162 = CLOSED_SHELL ( 'NONE', ( #8538, #8950, #4659 ) ) ;
#163 = ADVANCED_FACE ( 'NONE', ( #9295 ), #2780, .T. ) ;
#164 =( NAMED_UNIT ( * ) PLANE_ANGLE_UNIT ( ) SI_UNIT ( $, .RADIAN. ) );
#165 = AXIS2_PLACEMENT_3D ( 'NONE', #3546, #444, #6494 ) ;
#166 =( GEOMETRIC_REPRESENTATION_CONTEXT ( 3 ) GLOBAL_UNCERTAINTY_ASSIGNED_CONTEXT ( ( #5985 ) ) GLOBAL_UNIT_ASSIGNED_CONTEXT ( ( #230, #5606, #7761 ) ) REPRESENTATION_CONTEXT ( 'NONE', 'WORKASPACE' ) );
#167 = EDGE_CURVE ( 'NONE', #3218, #4934, #4317, .T. ) ;
#168 = EDGE_LOOP ( 'NONE', ( #3552, #8872, #8455 ) ) ;
#169 = ORIENTED_EDGE ( 'NONE', *, *, #3539, .F. ) ;
#170 =( NAMED_UNIT ( * ) SI_UNIT ( $, .STERADIAN. ) SOLID_ANGLE_UNIT ( ) );
#171 = LINE ( 'NONE', #3148, #3116 ) ;
#172 = CARTESIAN_POINT ( 'NONE',  ( 0.6585786437626919287, 0.2000000000000005107, -1.123277437107073856E-17 ) ) ;
#173 = DIRECTION ( 'NONE',  ( 0.0000000000000000000, -1.000000000000000000, -0.0000000000000000000 ) ) ;
#174 = CARTESIAN_POINT ( 'NONE',  ( -2.541421356237309581, 0.2000000000000005107, 4.000000000000000000 ) ) ;
#175 = VERTEX_POINT ( 'NONE', #1053 ) ;
#176 = DIRECTION ( 'NONE',  ( 0.0000000000000000000, 0.0000000000000000000, -1.000000000000000000 ) ) ;
#177 = CIRCLE ( 'NONE', #6980, 0.1499999999999999667 ) ;
#178 = ORIENTED_EDGE ( 'NONE', *, *, #6036, .T. ) ;
#179 = AXIS2_PLACEMENT_3D ( 'NONE', #1180, #3516, #4237 ) ;
#180 = SURFACE_STYLE_FILL_AREA ( #5109 ) ;
#181 = STYLED_ITEM ( 'NONE', ( #2899 ), #473 ) ;
#182 = ADVANCED_FACE ( 'NONE', ( #214 ), #222, .F. ) ;
#183 = EDGE_LOOP ( 'NONE', ( #880, #4743 ) ) ;
#184 = MANIFOLD_SOLID_BREP ( 'Sketch-Pattern1[49]', #2335 ) ;
#185 = FACE_OUTER_BOUND ( 'NONE', #9395, .T. ) ;
#186 = DIRECTION ( 'NONE',  ( 1.224646799147353207E-16, -3.540705920434613265E-31, -1.000000000000000000 ) ) ;
#187 = SURFACE_STYLE_USAGE ( .BOTH. , #8525 ) ;
#188 = DIRECTION ( 'NONE',  ( 1.224646799147353207E-16, -3.540705920434613265E-31, -1.000000000000000000 ) ) ;
#189 = SPHERICAL_SURFACE ( 'NONE', #4460, 0.1499999999999999667 ) ;
#190 = AXIS2_PLACEMENT_3D ( 'NONE', #55, #6867, #2297 ) ;
#191 = CIRCLE ( 'NONE', #4426, 0.1414213562373096977 ) ;
#192 = EDGE_CURVE ( 'NONE', #7436, #202, #3155, .T. ) ;
#193 = ORIENTED_EDGE ( 'NONE', *, *, #3508, .F. ) ;
#194 = DIRECTION ( 'NONE',  ( 0.0000000000000000000, 0.0000000000000000000, -1.000000000000000000 ) ) ;
#195 = STYLED_ITEM ( 'NONE', ( #7195 ), #5685 ) ;
#196 = DIRECTION ( 'NONE',  ( 1.000000000000000000, -2.891205793294679411E-15, 0.0000000000000000000 ) ) ;
#197 = SURFACE_SIDE_STYLE ('',( #5850 ) ) ;
#198 = LINE ( 'NONE', #5866, #6961 ) ;
#199 =( NAMED_UNIT ( * ) PLANE_ANGLE_UNIT ( ) SI_UNIT ( $, .RADIAN. ) );
#200 = VERTEX_POINT ( 'NONE', #4809 ) ;
#201 = FACE_OUTER_BOUND ( 'NONE', #908, .T. ) ;
#202 = VERTEX_POINT ( 'NONE', #7724 ) ;
#203 = CARTESIAN_POINT ( 'NONE',  ( -0.7999999999999994893, 0.1499999999999999667, -0.8000000000000003775 ) ) ;
#204 = AXIS2_PLACEMENT_3D ( 'NONE', #8541, #5586, #7157 ) ;
#205 =( NAMED_UNIT ( * ) SI_UNIT ( $, .STERADIAN. ) SOLID_ANGLE_UNIT ( ) );
#206 = CARTESIAN_POINT ( 'NONE',  ( -4.999999999999999112, 0.2000000000000005107, 5.000000000000001776 ) ) ;
#207 = VERTEX_POINT ( 'NONE', #8596 ) ;
#208 = FACE_OUTER_BOUND ( 'NONE', #2897, .T. ) ;
#209 = FILL_AREA_STYLE_COLOUR ( '', #1905 ) ;
#210 = FILL_AREA_STYLE_COLOUR ( '', #3195 ) ;
#211 = ORIENTED_EDGE ( 'NONE', *, *, #9019, .T. ) ;
#212 = SPHERICAL_SURFACE ( 'NONE', #2980, 0.1499999999999999667 ) ;
#213 = DIRECTION ( 'NONE',  ( 1.000000000000000000, 0.0000000000000000000, 0.0000000000000000000 ) ) ;
#214 = FACE_OUTER_BOUND ( 'NONE', #759, .T. ) ;
#215 = PRESENTATION_LAYER_ASSIGNMENT (  '', '', ( #7137 ) ) ;
#216 = MECHANICAL_DESIGN_GEOMETRIC_PRESENTATION_REPRESENTATION (  '', ( #2662 ), #2017 ) ;
#217 = ORIENTED_EDGE ( 'NONE', *, *, #7026, .T. ) ;
#218 = STYLED_ITEM ( 'NONE', ( #9443 ), #2587 ) ;
#219 = DIRECTION ( 'NONE',  ( 0.0000000000000000000, 0.0000000000000000000, 1.000000000000000000 ) ) ;
#220 = DIRECTION ( 'NONE',  ( 0.0000000000000000000, -1.000000000000000000, -0.0000000000000000000 ) ) ;
#221 = MECHANICAL_DESIGN_GEOMETRIC_PRESENTATION_REPRESENTATION (  '', ( #6109 ), #8807 ) ;
#222 = PLANE ( 'NONE',  #2564 ) ;
#223 = MECHANICAL_DESIGN_GEOMETRIC_PRESENTATION_REPRESENTATION (  '', ( #5266 ), #8988 ) ;
#224 = CARTESIAN_POINT ( 'NONE',  ( -2.399999999999999911, 0.0000000000000000000, -3.200000000000000622 ) ) ;
#225 = VERTEX_POINT ( 'NONE', #9186 ) ;
#226 = FACE_OUTER_BOUND ( 'NONE', #689, .T. ) ;
#227 = DIRECTION ( 'NONE',  ( 0.0000000000000000000, 0.0000000000000000000, 1.000000000000000000 ) ) ;
#228 = ORIENTED_EDGE ( 'NONE', *, *, #2803, .T. ) ;
#229 = EDGE_CURVE ( 'NONE', #7432, #1772, #4569, .T. ) ;
#230 =( LENGTH_UNIT ( ) NAMED_UNIT ( * ) SI_UNIT ( .MILLI., .METRE. ) );
#231 = CIRCLE ( 'NONE', #6795, 0.1414213562373096977 ) ;
#232 = CARTESIAN_POINT ( 'NONE',  ( 0.0000000000000000000, 0.1499999999999999667, 4.000000000000000000 ) ) ;
#233 = EDGE_LOOP ( 'NONE', ( #6623, #6441, #3206 ) ) ;
#234 = EDGE_CURVE ( 'NONE', #1056, #6439, #97, .T. ) ;
#235 = CARTESIAN_POINT ( 'NONE',  ( -2.399999999999999023, 0.1499999999999999667, -4.000000000000000000 ) ) ;
#236 = CIRCLE ( 'NONE', #299, 0.1499999999999999667 ) ;
#237 = DIRECTION ( 'NONE',  ( -0.0000000000000000000, -1.000000000000000000, -0.0000000000000000000 ) ) ;
#238 = CARTESIAN_POINT ( 'NONE',  ( 5.000000000000000888, 0.2000000000000005107, -4.999999999999999112 ) ) ;
#239 = ORIENTED_EDGE ( 'NONE', *, *, #5576, .F. ) ;
#240 =( GEOMETRIC_REPRESENTATION_CONTEXT ( 3 ) GLOBAL_UNCERTAINTY_ASSIGNED_CONTEXT ( ( #3613 ) ) GLOBAL_UNIT_ASSIGNED_CONTEXT ( ( #453, #1240, #2751 ) ) REPRESENTATION_CONTEXT ( 'NONE', 'WORKASPACE' ) );
#241 = ADVANCED_FACE ( 'NONE', ( #3027 ), #7306, .T. ) ;
#242 = ORIENTED_EDGE ( 'NONE', *, *, #9546, .T. ) ;
#243 = CARTESIAN_POINT ( 'NONE',  ( 3.400000000000002132, 0.2000000000000005107, -6.599999999999998757 ) ) ;
#244 = CARTESIAN_POINT ( 'NONE',  ( 1.600000000000000755, 0.1499999999999999667, -0.8000000000000003775 ) ) ;
#245 = SURFACE_STYLE_FILL_AREA ( #3712 ) ;
#246 = CARTESIAN_POINT ( 'NONE',  ( -1.599999999999999867, 0.1499999999999999667, 1.599999999999999867 ) ) ;
#247 = PRESENTATION_LAYER_ASSIGNMENT (  '', '', ( #2561 ) ) ;
#248 = CARTESIAN_POINT ( 'NONE',  ( -1.399999999999999245, 0.2000000000000005107, -4.199999999999999289 ) ) ;
#249 = CARTESIAN_POINT ( 'NONE',  ( 4.000000000000002665, 0.1499999999999999667, -3.200000000000000622 ) ) ;
#250 = UNCERTAINTY_MEASURE_WITH_UNIT (LENGTH_MEASURE( 1.000000000000000082E-05 ), #4464, 'distance_accuracy_value', 'NONE');
#251 = EDGE_LOOP ( 'NONE', ( #3809, #5140, #5301 ) ) ;
#252 = AXIS2_PLACEMENT_3D ( 'NONE', #2341, #874, #9751 ) ;
#253 = DIRECTION ( 'NONE',  ( 0.0000000000000000000, 0.0000000000000000000, -1.000000000000000000 ) ) ;
#254 = ORIENTED_EDGE ( 'NONE', *, *, #8839, .T. ) ;
#255 = ADVANCED_FACE ( 'NONE', ( #5641 ), #331, .T. ) ;
#256 = FACE_OUTER_BOUND ( 'NONE', #8910, .T. ) ;
#257 = DIRECTION ( 'NONE',  ( 0.0000000000000000000, 0.0000000000000000000, -1.000000000000000000 ) ) ;
#259 = EDGE_LOOP ( 'NONE', ( #3738, #4606 ) ) ;
#258 = STYLED_ITEM ( 'NONE', ( #3681 ), #2765 ) ;
#260 = CARTESIAN_POINT ( 'NONE',  ( 1.599999999999999867, 0.1499999999999999667, 1.599999999999999867 ) ) ;
#261 =( NAMED_UNIT ( * ) PLANE_ANGLE_UNIT ( ) SI_UNIT ( $, .RADIAN. ) );
#262 = DIRECTION ( 'NONE',  ( 0.0000000000000000000, 0.0000000000000000000, -1.000000000000000000 ) ) ;
#263 = CLOSED_SHELL ( 'NONE', ( #163, #5427, #3175 ) ) ;
#264 = SPHERICAL_SURFACE ( 'NONE', #3615, 0.1499999999999999667 ) ;
#265 = MANIFOLD_SOLID_BREP ( 'Sketch-Pattern1[26]', #9037 ) ;
#266 = FACE_OUTER_BOUND ( 'NONE', #8886, .T. ) ;
#267 = AXIS2_PLACEMENT_3D ( 'NONE', #2579, #363, #1146 ) ;
#268 =( LENGTH_UNIT ( ) NAMED_UNIT ( * ) SI_UNIT ( .MILLI., .METRE. ) );
#269 = CARTESIAN_POINT ( 'NONE',  ( -2.399999999999999467, 0.1499999999999999667, 6.086346753639119761E-18 ) ) ;
#270 = EDGE_LOOP ( 'NONE', ( #4356, #1860, #6448 ) ) ;
#271 = PRESENTATION_LAYER_ASSIGNMENT (  '', '', ( #8212 ) ) ;
#272 = CARTESIAN_POINT ( 'NONE',  ( 0.8000000000000003775, 0.1499999999999999667, 3.200000000000000178 ) ) ;
#273 = CARTESIAN_POINT ( 'NONE',  ( -1.599999999999998979, 0.1499999999999999667, -3.200000000000000622 ) ) ;
#274 = CARTESIAN_POINT ( 'NONE',  ( 3.200000000000000622, 0.1499999999999999667, -0.8000000000000003775 ) ) ;
#275 = DIRECTION ( 'NONE',  ( 1.000000000000000000, -2.891205793294679411E-15, 0.0000000000000000000 ) ) ;
#276 = ORIENTED_EDGE ( 'NONE', *, *, #596, .F. ) ;
#277 = FILL_AREA_STYLE ('',( #9338 ) ) ;
#278 =( NAMED_UNIT ( * ) SI_UNIT ( $, .STERADIAN. ) SOLID_ANGLE_UNIT ( ) );
#279 = PRESENTATION_STYLE_ASSIGNMENT (( #2059 ) ) ;
#280 = DIRECTION ( 'NONE',  ( 1.000000000000000000, -2.891205793294679411E-15, 0.0000000000000000000 ) ) ;
#281 = MECHANICAL_DESIGN_GEOMETRIC_PRESENTATION_REPRESENTATION (  '', ( #9109 ), #7928 ) ;
#282 = AXIS2_PLACEMENT_3D ( 'NONE', #764, #1426, #4526 ) ;
#283 = DIRECTION ( 'NONE',  ( 1.000000000000000000, -2.891205793294679411E-15, 0.0000000000000000000 ) ) ;
#284 = CIRCLE ( 'NONE', #1070, 0.1499999999999999667 ) ;
#285 = VERTEX_POINT ( 'NONE', #8812 ) ;
#286 = SURFACE_STYLE_FILL_AREA ( #4257 ) ;
#287 = ADVANCED_FACE ( 'NONE', ( #3740 ), #1970, .F. ) ;
#288 = EDGE_CURVE ( 'NONE', #7022, #433, #5155, .T. ) ;
#289 = SURFACE_SIDE_STYLE ('',( #7203 ) ) ;
#290 = CARTESIAN_POINT ( 'NONE',  ( 3.200000000000000622, 0.2000000000000005107, 0.7999999999999999334 ) ) ;
#291 = SURFACE_SIDE_STYLE ('',( #6910 ) ) ;
#292 = EDGE_CURVE ( 'NONE', #1824, #3161, #7201, .T. ) ;
#293 = EDGE_LOOP ( 'NONE', ( #1950, #3311 ) ) ;
#294 = AXIS2_PLACEMENT_3D ( 'NONE', #6006, #1466, #3805 ) ;
#295 = CARTESIAN_POINT ( 'NONE',  ( -3.200000000000000178, 0.0000000000000000000, 3.200000000000000178 ) ) ;
#296 = DIRECTION ( 'NONE',  ( 1.000000000000000000, -2.891205793294679411E-15, 0.0000000000000000000 ) ) ;
#297 = CARTESIAN_POINT ( 'NONE',  ( 3.200000000000000622, 0.1499999999999999667, -2.400000000000000355 ) ) ;
#298 = ORIENTED_EDGE ( 'NONE', *, *, #789, .T. ) ;
#299 = AXIS2_PLACEMENT_3D ( 'NONE', #5575, #2481, #4849 ) ;
#300 =( GEOMETRIC_REPRESENTATION_CONTEXT ( 3 ) GLOBAL_UNCERTAINTY_ASSIGNED_CONTEXT ( ( #250 ) ) GLOBAL_UNIT_ASSIGNED_CONTEXT ( ( #4464, #5971, #9759 ) ) REPRESENTATION_CONTEXT ( 'NONE', 'WORKASPACE' ) );
#301 = EDGE_CURVE ( 'NONE', #7305, #4668, #2303, .T. ) ;
#302 = DIRECTION ( 'NONE',  ( 0.0000000000000000000, 0.0000000000000000000, -1.000000000000000000 ) ) ;
#303 = UNCERTAINTY_MEASURE_WITH_UNIT (LENGTH_MEASURE( 1.000000000000000082E-05 ), #1169, 'distance_accuracy_value', 'NONE');
#304 = AXIS2_PLACEMENT_3D ( 'NONE', #5326, #2157, #22 ) ;
#305 = EDGE_LOOP ( 'NONE', ( #8748, #7896 ) ) ;
#306 = CARTESIAN_POINT ( 'NONE',  ( -3.199999999999999734, 0.1499999999999999667, -0.8000000000000003775 ) ) ;
#307 = EDGE_LOOP ( 'NONE', ( #5333, #2465, #7644 ) ) ;
#308 = CIRCLE ( 'NONE', #7656, 0.1499999999999999667 ) ;
#309 = CARTESIAN_POINT ( 'NONE',  ( 0.0000000000000000000, 0.1499999999999999667, 4.000000000000000000 ) ) ;
#310 = DIRECTION ( 'NONE',  ( 0.0000000000000000000, 0.0000000000000000000, 1.000000000000000000 ) ) ;
#311 = DIRECTION ( 'NONE',  ( 0.0000000000000000000, 0.0000000000000000000, -1.000000000000000000 ) ) ;
#312 = CARTESIAN_POINT ( 'NONE',  ( -0.9414213562373087152, 0.2000000000000005107, -4.000000000000000000 ) ) ;
#313 = ORIENTED_EDGE ( 'NONE', *, *, #7322, .F. ) ;
#314 = MANIFOLD_SOLID_BREP ( 'Sketch-Pattern1[64]', #3174 ) ;
#315 = FILL_AREA_STYLE_COLOUR ( '', #9385 ) ;
#316 = AXIS2_PLACEMENT_3D ( 'NONE', #4709, #188, #1143 ) ;
#317 = FACE_OUTER_BOUND ( 'NONE', #293, .T. ) ;
#318 = EDGE_LOOP ( 'NONE', ( #4850, #6836, #1205 ) ) ;
#319 = SPHERICAL_SURFACE ( 'NONE', #2144, 0.1499999999999999667 ) ;
#320 = ORIENTED_EDGE ( 'NONE', *, *, #8524, .T. ) ;
#321 = ORIENTED_EDGE ( 'NONE', *, *, #5718, .F. ) ;
#322 = DIRECTION ( 'NONE',  ( 0.0000000000000000000, 0.0000000000000000000, -1.000000000000000000 ) ) ;
#323 = DIRECTION ( 'NONE',  ( 0.0000000000000000000, 0.0000000000000000000, -1.000000000000000000 ) ) ;
#324 = MECHANICAL_DESIGN_GEOMETRIC_PRESENTATION_REPRESENTATION (  '', ( #2510 ), #3842 ) ;
#325 = FILL_AREA_STYLE_COLOUR ( '', #6999 ) ;
#326 = EDGE_CURVE ( 'NONE', #2585, #4084, #8224, .T. ) ;
#327 =( NAMED_UNIT ( * ) PLANE_ANGLE_UNIT ( ) SI_UNIT ( $, .RADIAN. ) );
#328 = VERTEX_POINT ( 'NONE', #6017 ) ;
#329 = DIRECTION ( 'NONE',  ( 1.000000000000000000, -2.891205793294679411E-15, 0.0000000000000000000 ) ) ;
#330 = VERTEX_POINT ( 'NONE', #6688 ) ;
#331 = SPHERICAL_SURFACE ( 'NONE', #3895, 0.1499999999999999667 ) ;
#332 =( NAMED_UNIT ( * ) SI_UNIT ( $, .STERADIAN. ) SOLID_ANGLE_UNIT ( ) );
#333 = ADVANCED_FACE ( 'NONE', ( #4926 ), #2062, .T. ) ;
#334 = COLOUR_RGB ( '',0.7921568627450980005, 0.8196078431372548767, 0.9333333333333333481 ) ;
#335 = AXIS2_PLACEMENT_3D ( 'NONE', #4278, #8302, #2988 ) ;
#336 = MECHANICAL_DESIGN_GEOMETRIC_PRESENTATION_REPRESENTATION (  '', ( #6092 ), #832 ) ;
#337 = CIRCLE ( 'NONE', #3484, 0.1499999999999999667 ) ;
#338 = CARTESIAN_POINT ( 'NONE',  ( 0.8000000000000008216, 0.0000000000000000000, -1.599999999999999867 ) ) ;
#339 = VERTEX_POINT ( 'NONE', #1512 ) ;
#340 = DIRECTION ( 'NONE',  ( -1.000000000000000000, 0.0000000000000000000, 0.0000000000000000000 ) ) ;
#341 =( NAMED_UNIT ( * ) SI_UNIT ( $, .STERADIAN. ) SOLID_ANGLE_UNIT ( ) );
#342 = DIRECTION ( 'NONE',  ( 0.0000000000000000000, 0.0000000000000000000, -1.000000000000000000 ) ) ;
#343 = EDGE_CURVE ( 'NONE', #5086, #9724, #6584, .T. ) ;
#344 = ORIENTED_EDGE ( 'NONE', *, *, #3231, .F. ) ;
#345 = DIRECTION ( 'NONE',  ( 1.000000000000000000, 0.0000000000000000000, 0.0000000000000000000 ) ) ;
#346 = DIRECTION ( 'NONE',  ( -0.0000000000000000000, -1.000000000000000000, -0.0000000000000000000 ) ) ;
#347 = ADVANCED_FACE ( 'NONE', ( #2298 ), #2930, .F. ) ;
#348 = ORIENTED_EDGE ( 'NONE', *, *, #1959, .F. ) ;
#349 = AXIS2_PLACEMENT_3D ( 'NONE', #3075, #4551, #6170 ) ;
#350 = AXIS2_PLACEMENT_3D ( 'NONE', #7267, #6527, #3387 ) ;
#351 = EDGE_LOOP ( 'NONE', ( #2670, #3841, #6465 ) ) ;
#352 = ORIENTED_EDGE ( 'NONE', *, *, #3568, .F. ) ;
#353 = DIRECTION ( 'NONE',  ( 1.224646799147353207E-16, -3.540705920434613265E-31, -1.000000000000000000 ) ) ;
#354 = COLOUR_RGB ( '',0.7921568627450980005, 0.8196078431372548767, 0.9333333333333333481 ) ;
#355 = SURFACE_STYLE_USAGE ( .BOTH. , #291 ) ;
#356 = DIRECTION ( 'NONE',  ( -0.0000000000000000000, -1.000000000000000000, -0.0000000000000000000 ) ) ;
#357 = ORIENTED_EDGE ( 'NONE', *, *, #511, .T. ) ;
#358 = AXIS2_PLACEMENT_3D ( 'NONE', #6912, #3053, #3904 ) ;
#359 = PLANE ( 'NONE',  #5468 ) ;
#360 = EDGE_CURVE ( 'NONE', #4105, #7345, #7298, .T. ) ;
#361 = DIRECTION ( 'NONE',  ( 0.0000000000000000000, 0.0000000000000000000, -1.000000000000000000 ) ) ;
#362 = EDGE_LOOP ( 'NONE', ( #4818, #10, #4306 ) ) ;
#363 = DIRECTION ( 'NONE',  ( 0.0000000000000000000, 0.0000000000000000000, -1.000000000000000000 ) ) ;
#364 = ORIENTED_EDGE ( 'NONE', *, *, #6482, .T. ) ;
#365 = COLOUR_RGB ( '',0.7921568627450980005, 0.8196078431372548767, 0.9333333333333333481 ) ;
#366 = DIRECTION ( 'NONE',  ( 1.000000000000000000, -2.891205793294679411E-15, 0.0000000000000000000 ) ) ;
#367 = AXIS2_PLACEMENT_3D ( 'NONE', #8844, #5851, #4348 ) ;
#368 = CARTESIAN_POINT ( 'NONE',  ( -4.999999999999999112, -14.14213562373094923, 5.000000000000001776 ) ) ;
#369 = UNCERTAINTY_MEASURE_WITH_UNIT (LENGTH_MEASURE( 1.000000000000000082E-05 ), #2854, 'distance_accuracy_value', 'NONE');
#370 = ORIENTED_EDGE ( 'NONE', *, *, #2742, .F. ) ;
#371 = ORIENTED_EDGE ( 'NONE', *, *, #2138, .F. ) ;
#372 = PRESENTATION_STYLE_ASSIGNMENT (( #5168 ) ) ;
#373 = CARTESIAN_POINT ( 'NONE',  ( -3.199999999999999734, 0.1499999999999999667, 2.400000000000000355 ) ) ;
#374 = AXIS2_PLACEMENT_3D ( 'NONE', #6102, #5362, #6875 ) ;
#375 = DIRECTION ( 'NONE',  ( 1.000000000000000000, -2.891205793294679411E-15, 0.0000000000000000000 ) ) ;
#376 = DIRECTION ( 'NONE',  ( 0.0000000000000000000, 0.0000000000000000000, -1.000000000000000000 ) ) ;
#377 =( GEOMETRIC_REPRESENTATION_CONTEXT ( 3 ) GLOBAL_UNCERTAINTY_ASSIGNED_CONTEXT ( ( #4899 ) ) GLOBAL_UNIT_ASSIGNED_CONTEXT ( ( #7713, #2390, #3073 ) ) REPRESENTATION_CONTEXT ( 'NONE', 'WORKASPACE' ) );
#378 = FILL_AREA_STYLE_COLOUR ( '', #4675 ) ;
#379 = FACE_OUTER_BOUND ( 'NONE', #4869, .T. ) ;
#380 = ORIENTED_EDGE ( 'NONE', *, *, #4281, .F. ) ;
#381 = DIRECTION ( 'NONE',  ( 1.000000000000000000, 0.0000000000000000000, 0.0000000000000000000 ) ) ;
#382 = SPHERICAL_SURFACE ( 'NONE', #3019, 0.1499999999999999667 ) ;
#383 =( GEOMETRIC_REPRESENTATION_CONTEXT ( 3 ) GLOBAL_UNCERTAINTY_ASSIGNED_CONTEXT ( ( #2020 ) ) GLOBAL_UNIT_ASSIGNED_CONTEXT ( ( #1346, #3623, #2783 ) ) REPRESENTATION_CONTEXT ( 'NONE', 'WORKASPACE' ) );
#384 = AXIS2_PLACEMENT_3D ( 'NONE', #9393, #4155, #7165 ) ;
#385 = ADVANCED_FACE ( 'NONE', ( #9039 ), #9500, .T. ) ;
#386 = DIRECTION ( 'NONE',  ( -1.000000000000000000, 0.0000000000000000000, 0.0000000000000000000 ) ) ;
#387 = AXIS2_PLACEMENT_3D ( 'NONE', #3610, #6458, #4361 ) ;
#388 = ORIENTED_EDGE ( 'NONE', *, *, #6245, .F. ) ;
#389 = CARTESIAN_POINT ( 'NONE',  ( 1.458578643762690641, 0.2000000000000005107, 2.400000000000000355 ) ) ;
#390 = FACE_OUTER_BOUND ( 'NONE', #8731, .T. ) ;
#391 =( LENGTH_UNIT ( ) NAMED_UNIT ( * ) SI_UNIT ( .MILLI., .METRE. ) );
#392 = DIRECTION ( 'NONE',  ( -0.0000000000000000000, -1.000000000000000000, -0.0000000000000000000 ) ) ;
#393 = ADVANCED_FACE ( 'NONE', ( #8704 ), #2258, .F. ) ;
#394 = AXIS2_PLACEMENT_3D ( 'NONE', #9206, #790, #6084 ) ;
#395 = ORIENTED_EDGE ( 'NONE', *, *, #4847, .T. ) ;
#396 = FACE_OUTER_BOUND ( 'NONE', #3024, .T. ) ;
#397 = CARTESIAN_POINT ( 'NONE',  ( 3.858578643762689886, 0.2000000000000005107, -1.599999999999999867 ) ) ;
#398 = EDGE_LOOP ( 'NONE', ( #7677, #7583 ) ) ;
#399 = FILL_AREA_STYLE ('',( #4867 ) ) ;
#400 = CARTESIAN_POINT ( 'NONE',  ( -4.000000000000000000, 0.1499999999999999667, 2.400000000000000355 ) ) ;
#401 = AXIS2_PLACEMENT_3D ( 'NONE', #782, #4402, #2112 ) ;
#402 =( NAMED_UNIT ( * ) SI_UNIT ( $, .STERADIAN. ) SOLID_ANGLE_UNIT ( ) );
#403 = STYLED_ITEM ( 'NONE', ( #2409 ), #8658 ) ;
#404 = AXIS2_PLACEMENT_3D ( 'NONE', #599, #5749, #497 ) ;
#405 = FACE_OUTER_BOUND ( 'NONE', #5895, .T. ) ;
#406 = EDGE_CURVE ( 'NONE', #1787, #838, #5267, .T. ) ;
#407 = EDGE_LOOP ( 'NONE', ( #6493, #3711, #5037 ) ) ;
#408 = CIRCLE ( 'NONE', #668, 0.1499999999999999667 ) ;
#409 = DIRECTION ( 'NONE',  ( 1.000000000000000000, 0.0000000000000000000, 0.0000000000000000000 ) ) ;
#410 = EDGE_CURVE ( 'NONE', #2471, #1273, #7776, .T. ) ;
#411 = CARTESIAN_POINT ( 'NONE',  ( -3.199999999999998845, 0.2000000000000005107, -4.000000000000000000 ) ) ;
#412 = UNCERTAINTY_MEASURE_WITH_UNIT (LENGTH_MEASURE( 1.000000000000000082E-05 ), #2050, 'distance_accuracy_value', 'NONE');
#413 = CIRCLE ( 'NONE', #9431, 0.1499999999999999667 ) ;
#414 = AXIS2_PLACEMENT_3D ( 'NONE', #5467, #947, #2440 ) ;
#415 =( NAMED_UNIT ( * ) PLANE_ANGLE_UNIT ( ) SI_UNIT ( $, .RADIAN. ) );
#416 = VERTEX_POINT ( 'NONE', #8281 ) ;
#417 = DIRECTION ( 'NONE',  ( 1.000000000000000000, -2.891205793294679411E-15, 0.0000000000000000000 ) ) ;
#418 = SURFACE_STYLE_FILL_AREA ( #8147 ) ;
#419 = ADVANCED_FACE ( 'NONE', ( #4559 ), #6244, .T. ) ;
#420 = AXIS2_PLACEMENT_3D ( 'NONE', #6, #5274, #7520 ) ;
#421 = CIRCLE ( 'NONE', #7198, 0.1499999999999999667 ) ;
#422 = AXIS2_PLACEMENT_3D ( 'NONE', #2269, #7575, #3836 ) ;
#423 = ORIENTED_EDGE ( 'NONE', *, *, #3698, .T. ) ;
#424 = MANIFOLD_SOLID_BREP ( 'Sketch-Pattern1[70]', #9491 ) ;
#425 = CIRCLE ( 'NONE', #7895, 0.1414213562373092536 ) ;
#426 = CARTESIAN_POINT ( 'NONE',  ( 3.999999999999999112, 0.1499999999999999667, 3.200000000000000178 ) ) ;
#427 = DIRECTION ( 'NONE',  ( 1.000000000000000000, -2.891205793294679411E-15, 0.0000000000000000000 ) ) ;
#428 =( LENGTH_UNIT ( ) NAMED_UNIT ( * ) SI_UNIT ( .MILLI., .METRE. ) );
#429 = FILL_AREA_STYLE_COLOUR ( '', #5725 ) ;
#430 = EDGE_LOOP ( 'NONE', ( #7144, #1529, #4817 ) ) ;
#431 = DIRECTION ( 'NONE',  ( -0.0000000000000000000, -1.000000000000000000, -0.0000000000000000000 ) ) ;
#432 = ADVANCED_FACE ( 'NONE', ( #6706 ), #9072, .F. ) ;
#433 = VERTEX_POINT ( 'NONE', #8411 ) ;
#434 = DIRECTION ( 'NONE',  ( 1.224646799147353207E-16, -3.540705920434613265E-31, -1.000000000000000000 ) ) ;
#435 = PRESENTATION_STYLE_ASSIGNMENT (( #9173 ) ) ;
#436 = AXIS2_PLACEMENT_3D ( 'NONE', #624, #7445, #2895 ) ;
#437 = EDGE_LOOP ( 'NONE', ( #2455, #6187 ) ) ;
#438 = DIRECTION ( 'NONE',  ( 1.000000000000000000, 0.0000000000000000000, 0.0000000000000000000 ) ) ;
#439 = ORIENTED_EDGE ( 'NONE', *, *, #9740, .F. ) ;
#440 = SPHERICAL_SURFACE ( 'NONE', #9487, 0.1499999999999999667 ) ;
#441 = AXIS2_PLACEMENT_3D ( 'NONE', #7592, #891, #6195 ) ;
#442 = DIRECTION ( 'NONE',  ( 0.0000000000000000000, 0.0000000000000000000, -1.000000000000000000 ) ) ;
#443 = ORIENTED_EDGE ( 'NONE', *, *, #461, .T. ) ;
#444 = DIRECTION ( 'NONE',  ( -0.0000000000000000000, -1.000000000000000000, -0.0000000000000000000 ) ) ;
#445 = EDGE_LOOP ( 'NONE', ( #2444, #2901 ) ) ;
#446 = SURFACE_SIDE_STYLE ('',( #8781 ) ) ;
#447 = ORIENTED_EDGE ( 'NONE', *, *, #7942, .F. ) ;
#448 = DIRECTION ( 'NONE',  ( 0.0000000000000000000, -1.000000000000000000, -0.0000000000000000000 ) ) ;
#449 = EDGE_LOOP ( 'NONE', ( #4081, #4604, #9410 ) ) ;
#450 = AXIS2_PLACEMENT_3D ( 'NONE', #8142, #8043, #3614 ) ;
#451 = AXIS2_PLACEMENT_3D ( 'NONE', #6583, #2690, #7349 ) ;
#452 = PRESENTATION_STYLE_ASSIGNMENT (( #915 ) ) ;
#453 =( LENGTH_UNIT ( ) NAMED_UNIT ( * ) SI_UNIT ( .MILLI., .METRE. ) );
#454 = EDGE_LOOP ( 'NONE', ( #6654, #6609, #4710 ) ) ;
#455 = CARTESIAN_POINT ( 'NONE',  ( -3.999999999999999112, 0.1499999999999999667, 6.086346753639119761E-18 ) ) ;
#456 = EDGE_CURVE ( 'NONE', #2624, #9591, #2170, .T. ) ;
#457 = ORIENTED_EDGE ( 'NONE', *, *, #8238, .T. ) ;
#458 = CIRCLE ( 'NONE', #6660, 0.1499999999999999667 ) ;
#459 = CARTESIAN_POINT ( 'NONE',  ( -0.7999999999999994893, 0.1499999999999999667, -4.000000000000000000 ) ) ;
#460 = SPHERICAL_SURFACE ( 'NONE', #1846, 0.1499999999999999667 ) ;
#461 = EDGE_CURVE ( 'NONE', #3768, #3157, #2422, .T. ) ;
#462 = ADVANCED_FACE ( 'NONE', ( #4691 ), #3017, .T. ) ;
#463 = ORIENTED_EDGE ( 'NONE', *, *, #1114, .T. ) ;
#464 =( NAMED_UNIT ( * ) PLANE_ANGLE_UNIT ( ) SI_UNIT ( $, .RADIAN. ) );
#465 = AXIS2_PLACEMENT_3D ( 'NONE', #8157, #3636, #7442 ) ;
#466 = SURFACE_STYLE_USAGE ( .BOTH. , #2660 ) ;
#467 = VERTEX_POINT ( 'NONE', #6167 ) ;
#468 = DIRECTION ( 'NONE',  ( 0.0000000000000000000, 0.0000000000000000000, -1.000000000000000000 ) ) ;
#469 = EDGE_CURVE ( 'NONE', #9334, #6336, #544, .T. ) ;
#470 = FILL_AREA_STYLE_COLOUR ( '', #4448 ) ;
#471 = ORIENTED_EDGE ( 'NONE', *, *, #6739, .F. ) ;
#472 = AXIS2_PLACEMENT_3D ( 'NONE', #1004, #1792, #965 ) ;
#473 = MANIFOLD_SOLID_BREP ( 'Sketch-Pattern1[39]', #9335 ) ;
#474 = ADVANCED_FACE ( 'NONE', ( #2773 ), #89, .T. ) ;
#475 = VERTEX_POINT ( 'NONE', #5350 ) ;
#476 = SPHERICAL_SURFACE ( 'NONE', #8491, 0.1499999999999999667 ) ;
#477 = AXIS2_PLACEMENT_3D ( 'NONE', #5005, #7272, #1707 ) ;
#478 = CIRCLE ( 'NONE', #2308, 0.1414213562373092536 ) ;
#479 = DIRECTION ( 'NONE',  ( 1.000000000000000000, 0.0000000000000000000, 0.0000000000000000000 ) ) ;
#480 = CARTESIAN_POINT ( 'NONE',  ( 0.8000000000000003775, 0.1499999999999999667, 0.7999999999999999334 ) ) ;
#481 = DIRECTION ( 'NONE',  ( 0.0000000000000000000, 0.0000000000000000000, -1.000000000000000000 ) ) ;
#482 = DIRECTION ( 'NONE',  ( 1.000000000000000000, -2.891205793294679411E-15, 0.0000000000000000000 ) ) ;
#483 = EDGE_LOOP ( 'NONE', ( #3505, #1754, #9612 ) ) ;
#484 = SPHERICAL_SURFACE ( 'NONE', #2172, 0.1499999999999999667 ) ;
#485 = DIRECTION ( 'NONE',  ( 1.000000000000000000, 0.0000000000000000000, 0.0000000000000000000 ) ) ;
#486 = COLOUR_RGB ( '',0.7921568627450980005, 0.8196078431372548767, 0.9333333333333333481 ) ;
#487 = DIRECTION ( 'NONE',  ( 0.0000000000000000000, -1.000000000000000000, -0.0000000000000000000 ) ) ;
#488 = DIRECTION ( 'NONE',  ( 0.0000000000000000000, 0.0000000000000000000, -1.000000000000000000 ) ) ;
#489 = DIRECTION ( 'NONE',  ( 0.0000000000000000000, 0.0000000000000000000, -1.000000000000000000 ) ) ;
#490 = ORIENTED_EDGE ( 'NONE', *, *, #4435, .F. ) ;
#491 = AXIS2_PLACEMENT_3D ( 'NONE', #1681, #5454, #2527 ) ;
#492 = COLOUR_RGB ( '',0.7921568627450980005, 0.8196078431372548767, 0.9333333333333333481 ) ;
#493 = DIRECTION ( 'NONE',  ( 0.0000000000000000000, 0.0000000000000000000, -1.000000000000000000 ) ) ;
#494 = CARTESIAN_POINT ( 'NONE',  ( -0.7999999999999999334, 0.0000000000000000000, 4.000000000000000000 ) ) ;
#495 = EDGE_CURVE ( 'NONE', #972, #3561, #8578, .T. ) ;
#496 = DIRECTION ( 'NONE',  ( 0.0000000000000000000, 0.0000000000000000000, -1.000000000000000000 ) ) ;
#497 = DIRECTION ( 'NONE',  ( 1.000000000000000000, 0.0000000000000000000, 0.0000000000000000000 ) ) ;
#498 = FACE_OUTER_BOUND ( 'NONE', #569, .T. ) ;
#499 = FILL_AREA_STYLE_COLOUR ( '', #4883 ) ;
#500 = AXIS2_PLACEMENT_3D ( 'NONE', #8695, #4164, #9435 ) ;
#501 = ORIENTED_EDGE ( 'NONE', *, *, #9067, .F. ) ;
#502 = DIRECTION ( 'NONE',  ( 1.000000000000000000, 0.0000000000000000000, 0.0000000000000000000 ) ) ;
#503 = FACE_OUTER_BOUND ( 'NONE', #5783, .T. ) ;
#504 = CIRCLE ( 'NONE', #5973, 0.1414213562373092536 ) ;
#505 = STYLED_ITEM ( 'NONE', ( #9414 ), #4279 ) ;
#506 = MECHANICAL_DESIGN_GEOMETRIC_PRESENTATION_REPRESENTATION (  '', ( #7476 ), #8476 ) ;
#507 = ADVANCED_FACE ( 'NONE', ( #8336 ), #6355, .T. ) ;
#508 = CARTESIAN_POINT ( 'NONE',  ( -2.400000000000000355, 0.2000000000000005107, 4.000000000000000000 ) ) ;
#509 = ORIENTED_EDGE ( 'NONE', *, *, #6514, .F. ) ;
#510 = SURFACE_STYLE_FILL_AREA ( #5163 ) ;
#511 = EDGE_CURVE ( 'NONE', #4890, #7335, #6461, .T. ) ;
#512 = FILL_AREA_STYLE_COLOUR ( '', #1645 ) ;
#513 = DIRECTION ( 'NONE',  ( 0.0000000000000000000, 0.0000000000000000000, 1.000000000000000000 ) ) ;
#514 = ORIENTED_EDGE ( 'NONE', *, *, #9462, .T. ) ;
#515 = COLOUR_RGB ( '',0.7921568627450980005, 0.8196078431372548767, 0.9333333333333333481 ) ;
#516 = AXIS2_PLACEMENT_3D ( 'NONE', #1758, #6264, #3920 ) ;
#517 = SURFACE_SIDE_STYLE ('',( #2876 ) ) ;
#518 = CARTESIAN_POINT ( 'NONE',  ( 0.8000000000000012657, 0.1499999999999999667, -0.8000000000000003775 ) ) ;
#519 = FACE_OUTER_BOUND ( 'NONE', #2543, .T. ) ;
#520 = DIRECTION ( 'NONE',  ( 1.000000000000000000, 0.0000000000000000000, 0.0000000000000000000 ) ) ;
#521 = CLOSED_SHELL ( 'NONE', ( #8877, #9502, #7610 ) ) ;
#522 = CARTESIAN_POINT ( 'NONE',  ( 4.000000000000002665, 0.0000000000000000000, -3.200000000000000622 ) ) ;
#523 = CIRCLE ( 'NONE', #6500, 0.1414213562373092536 ) ;
#524 = MECHANICAL_DESIGN_GEOMETRIC_PRESENTATION_REPRESENTATION (  '', ( #7693 ), #5970 ) ;
#525 = ADVANCED_FACE ( 'NONE', ( #3495 ), #1951, .T. ) ;
#526 = CARTESIAN_POINT ( 'NONE',  ( 3.999999999999999112, 0.2000000000000005107, 6.086346753639119761E-18 ) ) ;
#527 = STYLED_ITEM ( 'NONE', ( #2025 ), #6547 ) ;
#528 = AXIS2_PLACEMENT_3D ( 'NONE', #774, #6071, #3838 ) ;
#529 = EDGE_CURVE ( 'NONE', #6299, #1264, #1734, .T. ) ;
#530 = DIRECTION ( 'NONE',  ( 1.000000000000000000, -2.891205793294679411E-15, 0.0000000000000000000 ) ) ;
#531 = UNCERTAINTY_MEASURE_WITH_UNIT (LENGTH_MEASURE( 1.000000000000000082E-05 ), #6655, 'distance_accuracy_value', 'NONE');
#532 = DIRECTION ( 'NONE',  ( 1.000000000000000000, -2.891205793294679411E-15, 0.0000000000000000000 ) ) ;
#533 = CARTESIAN_POINT ( 'NONE',  ( 4.141421356237311890, 0.2000000000000005107, -3.200000000000000622 ) ) ;
#534 = VERTEX_POINT ( 'NONE', #3986 ) ;
#535 = FILL_AREA_STYLE_COLOUR ( '', #2377 ) ;
#536 = FACE_OUTER_BOUND ( 'NONE', #454, .T. ) ;
#537 = EDGE_CURVE ( 'NONE', #2735, #7916, #9729, .T. ) ;
#538 = PRODUCT_DEFINITION_FORMATION_WITH_SPECIFIED_SOURCE ( 'ANY', '', #2833, .NOT_KNOWN. ) ;
#539 = VERTEX_POINT ( 'NONE', #4076 ) ;
#540 = CIRCLE ( 'NONE', #7311, 0.1499999999999999667 ) ;
#541 = ORIENTED_EDGE ( 'NONE', *, *, #3806, .T. ) ;
#542 = ORIENTED_EDGE ( 'NONE', *, *, #123, .T. ) ;
#543 = MANIFOLD_SOLID_BREP ( 'Sketch-Pattern1[6]', #649 ) ;
#544 = CIRCLE ( 'NONE', #7455, 0.1499999999999999667 ) ;
#545 = DIRECTION ( 'NONE',  ( 1.000000000000000000, -2.891205793294679411E-15, 0.0000000000000000000 ) ) ;
#546 = AXIS2_PLACEMENT_3D ( 'NONE', #581, #4392, #9665 ) ;
#547 = DIRECTION ( 'NONE',  ( 0.0000000000000000000, 0.0000000000000000000, -1.000000000000000000 ) ) ;
#548 = SPHERICAL_SURFACE ( 'NONE', #4355, 0.1499999999999999667 ) ;
#549 =( GEOMETRIC_REPRESENTATION_CONTEXT ( 3 ) GLOBAL_UNCERTAINTY_ASSIGNED_CONTEXT ( ( #9413 ) ) GLOBAL_UNIT_ASSIGNED_CONTEXT ( ( #1718, #1079, #8582 ) ) REPRESENTATION_CONTEXT ( 'NONE', 'WORKASPACE' ) );
#550 = ADVANCED_FACE ( 'NONE', ( #8211 ), #4016, .F. ) ;
#551 = FILL_AREA_STYLE ('',( #512 ) ) ;
#552 = VERTEX_POINT ( 'NONE', #2495 ) ;
#553 =( LENGTH_UNIT ( ) NAMED_UNIT ( * ) SI_UNIT ( .MILLI., .METRE. ) );
#554 = ORIENTED_EDGE ( 'NONE', *, *, #3184, .F. ) ;
#555 = AXIS2_PLACEMENT_3D ( 'NONE', #4762, #1040, #2498 ) ;
#556 = AXIS2_PLACEMENT_3D ( 'NONE', #1518, #9180, #1689 ) ;
#557 = DIRECTION ( 'NONE',  ( 0.0000000000000000000, 0.0000000000000000000, -1.000000000000000000 ) ) ;
#558 = SURFACE_SIDE_STYLE ('',( #765 ) ) ;
#559 = CARTESIAN_POINT ( 'NONE',  ( -2.199999999999999734, 0.2000000000000005107, -4.999999999999999112 ) ) ;
#560 = EDGE_CURVE ( 'NONE', #7774, #6173, #8693, .T. ) ;
#561 = ORIENTED_EDGE ( 'NONE', *, *, #2656, .T. ) ;
#562 = AXIS2_PLACEMENT_3D ( 'NONE', #4670, #7822, #4769 ) ;
#563 = CLOSED_SHELL ( 'NONE', ( #9461, #6807, #9102 ) ) ;
#564 = DIRECTION ( 'NONE',  ( 1.000000000000000000, -2.891205793294679411E-15, 0.0000000000000000000 ) ) ;
#565 = CARTESIAN_POINT ( 'NONE',  ( 2.258578643762691129, 0.2000000000000005107, 2.400000000000000355 ) ) ;
#566 = SURFACE_STYLE_USAGE ( .BOTH. , #5091 ) ;
#567 =( LENGTH_UNIT ( ) NAMED_UNIT ( * ) SI_UNIT ( .MILLI., .METRE. ) );
#568 =( LENGTH_UNIT ( ) NAMED_UNIT ( * ) SI_UNIT ( .MILLI., .METRE. ) );
#569 = EDGE_LOOP ( 'NONE', ( #4352, #5026 ) ) ;
#570 = FACE_OUTER_BOUND ( 'NONE', #7839, .T. ) ;
#571 = SURFACE_SIDE_STYLE ('',( #286 ) ) ;
#572 =( GEOMETRIC_REPRESENTATION_CONTEXT ( 3 ) GLOBAL_UNCERTAINTY_ASSIGNED_CONTEXT ( ( #1381 ) ) GLOBAL_UNIT_ASSIGNED_CONTEXT ( ( #5820, #3536, #9581 ) ) REPRESENTATION_CONTEXT ( 'NONE', 'WORKASPACE' ) );
#573 = VERTEX_POINT ( 'NONE', #4734 ) ;
#574 = CARTESIAN_POINT ( 'NONE',  ( 1.599999999999999867, 0.1499999999999999667, 2.400000000000000355 ) ) ;
#575 = CARTESIAN_POINT ( 'NONE',  ( 3.999999999999999112, 0.1499999999999999667, 3.200000000000000178 ) ) ;
#576 = VERTEX_POINT ( 'NONE', #206 ) ;
#577 = EDGE_LOOP ( 'NONE', ( #2578, #9222, #2580 ) ) ;
#578 = ADVANCED_FACE ( 'NONE', ( #7977 ), #7406, .T. ) ;
#579 = SPHERICAL_SURFACE ( 'NONE', #7264, 0.1499999999999999667 ) ;
#580 = ORIENTED_EDGE ( 'NONE', *, *, #2997, .F. ) ;
#581 = CARTESIAN_POINT ( 'NONE',  ( 2.400000000000002132, 0.2000000000000005107, -0.8000000000000003775 ) ) ;
#582 = SURFACE_STYLE_FILL_AREA ( #4001 ) ;
#583 = ORIENTED_EDGE ( 'NONE', *, *, #3091, .F. ) ;
#584 = CARTESIAN_POINT ( 'NONE',  ( -3.199999999999999289, 0.1499999999999999667, -1.599999999999999867 ) ) ;
#585 = VERTEX_POINT ( 'NONE', #2528 ) ;
#586 = ORIENTED_EDGE ( 'NONE', *, *, #2441, .T. ) ;
#587 = DIRECTION ( 'NONE',  ( 1.000000000000000000, -2.891205793294679411E-15, 0.0000000000000000000 ) ) ;
#588 = MECHANICAL_DESIGN_GEOMETRIC_PRESENTATION_REPRESENTATION (  '', ( #6874 ), #2268 ) ;
#589 = FILL_AREA_STYLE_COLOUR ( '', #2398 ) ;
#590 = UNCERTAINTY_MEASURE_WITH_UNIT (LENGTH_MEASURE( 1.000000000000000082E-05 ), #8387, 'distance_accuracy_value', 'NONE');
#591 = SURFACE_SIDE_STYLE ('',( #418 ) ) ;
#592 = EDGE_CURVE ( 'NONE', #6455, #5861, #2412, .T. ) ;
#593 = ORIENTED_EDGE ( 'NONE', *, *, #5214, .F. ) ;
#594 = SURFACE_STYLE_USAGE ( .BOTH. , #2563 ) ;
#595 = ORIENTED_EDGE ( 'NONE', *, *, #652, .F. ) ;
#596 = EDGE_CURVE ( 'NONE', #4848, #1174, #6698, .T. ) ;
#597 = CARTESIAN_POINT ( 'NONE',  ( 0.8000000000000012657, 0.2000000000000005107, 6.086346753639119761E-18 ) ) ;
#598 = AXIS2_PLACEMENT_3D ( 'NONE', #3256, #157, #3223 ) ;
#599 = CARTESIAN_POINT ( 'NONE',  ( 2.400000000000002132, 0.1499999999999999667, -0.8000000000000003775 ) ) ;
#600 = SURFACE_SIDE_STYLE ('',( #8653 ) ) ;
#601 = MANIFOLD_SOLID_BREP ( 'Sketch-Pattern1[83]', #2632 ) ;
#602 = ORIENTED_EDGE ( 'NONE', *, *, #8368, .F. ) ;
#603 = SURFACE_STYLE_FILL_AREA ( #7008 ) ;
#604 = AXIS2_PLACEMENT_3D ( 'NONE', #8563, #7090, #4100 ) ;
#605 = CIRCLE ( 'NONE', #3228, 0.1499999999999999667 ) ;
#606 = PRESENTATION_LAYER_ASSIGNMENT (  '', '', ( #4860 ) ) ;
#607 = AXIS2_PLACEMENT_3D ( 'NONE', #5794, #2804, #8097 ) ;
#608 = AXIS2_PLACEMENT_3D ( 'NONE', #737, #3049, #4638 ) ;
#609 = DIRECTION ( 'NONE',  ( 1.224646799147353207E-16, -3.540705920434613265E-31, -1.000000000000000000 ) ) ;
#610 = ORIENTED_EDGE ( 'NONE', *, *, #8560, .T. ) ;
#611 = CARTESIAN_POINT ( 'NONE',  ( 8.673617379884035472E-16, 0.2000000000000005107, -2.400000000000000355 ) ) ;
#612 = DIRECTION ( 'NONE',  ( 0.0000000000000000000, 0.0000000000000000000, -1.000000000000000000 ) ) ;
#613 = CARTESIAN_POINT ( 'NONE',  ( -3.999999999999999112, 0.1499999999999999667, -2.400000000000000355 ) ) ;
#614 = MECHANICAL_DESIGN_GEOMETRIC_PRESENTATION_REPRESENTATION (  '', ( #8394 ), #1138 ) ;
#615 = DIRECTION ( 'NONE',  ( 0.0000000000000000000, 0.0000000000000000000, 1.000000000000000000 ) ) ;
#616 = ORIENTED_EDGE ( 'NONE', *, *, #5886, .F. ) ;
#617 = FACE_OUTER_BOUND ( 'NONE', #7559, .T. ) ;
#618 = DIRECTION ( 'NONE',  ( 0.0000000000000000000, 0.0000000000000000000, -1.000000000000000000 ) ) ;
#619 = CARTESIAN_POINT ( 'NONE',  ( 1.599999999999999867, 0.2000000000000005107, 4.000000000000000000 ) ) ;
#620 = ADVANCED_FACE ( 'NONE', ( #3722 ), #3482, .T. ) ;
#621 = DIRECTION ( 'NONE',  ( 0.0000000000000000000, 0.0000000000000000000, -1.000000000000000000 ) ) ;
#622 = ORIENTED_EDGE ( 'NONE', *, *, #4964, .F. ) ;
#623 =( LENGTH_UNIT ( ) NAMED_UNIT ( * ) SI_UNIT ( .MILLI., .METRE. ) );
#624 = CARTESIAN_POINT ( 'NONE',  ( 0.8000000000000003775, 0.2000000000000005107, 2.400000000000000355 ) ) ;
#625 = ORIENTED_EDGE ( 'NONE', *, *, #2060, .T. ) ;
#626 = DIRECTION ( 'NONE',  ( 0.0000000000000000000, 0.0000000000000000000, 1.000000000000000000 ) ) ;
#627 = CIRCLE ( 'NONE', #8184, 0.1499999999999999667 ) ;
#628 = ORIENTED_EDGE ( 'NONE', *, *, #6682, .F. ) ;
#629 = SURFACE_STYLE_FILL_AREA ( #5693 ) ;
#630 = AXIS2_PLACEMENT_3D ( 'NONE', #2113, #9733, #6814 ) ;
#631 = PRESENTATION_LAYER_ASSIGNMENT (  '', '', ( #3990 ) ) ;
#632 = DIRECTION ( 'NONE',  ( 0.0000000000000000000, 0.0000000000000000000, -1.000000000000000000 ) ) ;
#633 = FACE_OUTER_BOUND ( 'NONE', #2940, .T. ) ;
#634 = CARTESIAN_POINT ( 'NONE',  ( -4.244960180005966572E-16, 0.0000000000000000000, 3.200000000000000178 ) ) ;
#635 = EDGE_CURVE ( 'NONE', #4934, #3218, #8448, .T. ) ;
#636 = VERTEX_POINT ( 'NONE', #7780 ) ;
#637 = SPHERICAL_SURFACE ( 'NONE', #5490, 0.1499999999999999667 ) ;
#638 = DIRECTION ( 'NONE',  ( 0.0000000000000000000, 0.0000000000000000000, -1.000000000000000000 ) ) ;
#639 = EDGE_CURVE ( 'NONE', #6216, #4445, #4914, .T. ) ;
#640 = CARTESIAN_POINT ( 'NONE',  ( -3.199999999999999734, 0.1499999999999999667, 0.7999999999999999334 ) ) ;
#641 = CARTESIAN_POINT ( 'NONE',  ( -3.858578643762690774, 0.2000000000000005107, 3.200000000000000178 ) ) ;
#642 = FACE_OUTER_BOUND ( 'NONE', #6636, .T. ) ;
#643 = FILL_AREA_STYLE_COLOUR ( '', #1102 ) ;
#644 = STYLED_ITEM ( 'NONE', ( #7036 ), #2641 ) ;
#645 = SURFACE_SIDE_STYLE ('',( #6943 ) ) ;
#646 = UNCERTAINTY_MEASURE_WITH_UNIT (LENGTH_MEASURE( 1.000000000000000082E-05 ), #1186, 'distance_accuracy_value', 'NONE');
#647 = FACE_OUTER_BOUND ( 'NONE', #6872, .T. ) ;
#648 = PRESENTATION_LAYER_ASSIGNMENT (  '', '', ( #6249 ) ) ;
#649 = CLOSED_SHELL ( 'NONE', ( #6204, #896, #7462 ) ) ;
#650 = CIRCLE ( 'NONE', #4979, 0.1414213562373092536 ) ;
#651 = AXIS2_PLACEMENT_3D ( 'NONE', #7056, #8531, #9375 ) ;
#652 = EDGE_CURVE ( 'NONE', #7012, #2307, #1723, .T. ) ;
#653 = DIRECTION ( 'NONE',  ( 1.000000000000000000, -2.891205793294679411E-15, 0.0000000000000000000 ) ) ;
#654 = COLOUR_RGB ( '',0.7921568627450980005, 0.8196078431372548767, 0.9333333333333333481 ) ;
#655 = CARTESIAN_POINT ( 'NONE',  ( 3.400000000000002132, 0.2000000000000005107, -7.399999999999999467 ) ) ;
#656 = CARTESIAN_POINT ( 'NONE',  ( 3.400000000000000355, 0.2000000000000005107, -3.399999999999999467 ) ) ;
#657 = DIRECTION ( 'NONE',  ( 0.0000000000000000000, 0.0000000000000000000, -1.000000000000000000 ) ) ;
#658 = PLANE ( 'NONE',  #1405 ) ;
#659 = ORIENTED_EDGE ( 'NONE', *, *, #2784, .F. ) ;
#660 = DIRECTION ( 'NONE',  ( 1.000000000000000000, -2.891205793294679411E-15, 0.0000000000000000000 ) ) ;
#661 = ORIENTED_EDGE ( 'NONE', *, *, #9, .F. ) ;
#662 = CARTESIAN_POINT ( 'NONE',  ( -1.458578643762689753, 0.2000000000000005107, -2.400000000000000355 ) ) ;
#663 =( NAMED_UNIT ( * ) PLANE_ANGLE_UNIT ( ) SI_UNIT ( $, .RADIAN. ) );
#664 = ADVANCED_FACE ( 'NONE', ( #1944 ), #5390, .T. ) ;
#665 = ORIENTED_EDGE ( 'NONE', *, *, #5905, .T. ) ;
#666 = DIRECTION ( 'NONE',  ( 0.0000000000000000000, 0.0000000000000000000, 1.000000000000000000 ) ) ;
#667 = DIRECTION ( 'NONE',  ( 0.0000000000000000000, 0.0000000000000000000, -1.000000000000000000 ) ) ;
#668 = AXIS2_PLACEMENT_3D ( 'NONE', #1027, #4039, #1068 ) ;
#669 = PRESENTATION_LAYER_ASSIGNMENT (  '', '', ( #181 ) ) ;
#670 = EDGE_LOOP ( 'NONE', ( #1578, #665, #4131 ) ) ;
#671 = CIRCLE ( 'NONE', #1567, 0.1499999999999999667 ) ;
#672 = FILL_AREA_STYLE_COLOUR ( '', #3520 ) ;
#673 = ORIENTED_EDGE ( 'NONE', *, *, #456, .F. ) ;
#674 = SPHERICAL_SURFACE ( 'NONE', #4137, 0.1499999999999999667 ) ;
#675 = SURFACE_SIDE_STYLE ('',( #8428 ) ) ;
#676 = AXIS2_PLACEMENT_3D ( 'NONE', #8916, #7433, #7344 ) ;
#677 =( LENGTH_UNIT ( ) NAMED_UNIT ( * ) SI_UNIT ( .MILLI., .METRE. ) );
#678 = ORIENTED_EDGE ( 'NONE', *, *, #4032, .F. ) ;
#679 = DIRECTION ( 'NONE',  ( 1.000000000000000000, -2.891205793294679411E-15, 0.0000000000000000000 ) ) ;
#680 = CLOSED_SHELL ( 'NONE', ( #3937, #8979, #120 ) ) ;
#681 = CARTESIAN_POINT ( 'NONE',  ( 2.399999999999999911, 0.0000000000000000000, 1.599999999999999867 ) ) ;
#682 = CARTESIAN_POINT ( 'NONE',  ( -0.6585786437626902634, 0.2000000000000005107, -0.8000000000000003775 ) ) ;
#683 = EDGE_CURVE ( 'NONE', #4641, #9616, #9717, .T. ) ;
#684 = ORIENTED_EDGE ( 'NONE', *, *, #2221, .T. ) ;
#685 = AXIS2_PLACEMENT_3D ( 'NONE', #6829, #4631, #52 ) ;
#686 = ORIENTED_EDGE ( 'NONE', *, *, #2922, .F. ) ;
#687 = VERTEX_POINT ( 'NONE', #9511 ) ;
#688 = DIRECTION ( 'NONE',  ( 1.000000000000000000, -2.891205793294679411E-15, 0.0000000000000000000 ) ) ;
#689 = EDGE_LOOP ( 'NONE', ( #4678, #722 ) ) ;
#690 = CARTESIAN_POINT ( 'NONE',  ( 4.428657199878068407E-16, 0.0000000000000000000, -4.000000000000000000 ) ) ;
#691 = DIRECTION ( 'NONE',  ( 0.0000000000000000000, 0.0000000000000000000, -1.000000000000000000 ) ) ;
#692 = ORIENTED_EDGE ( 'NONE', *, *, #2857, .T. ) ;
#693 = ADVANCED_FACE ( 'NONE', ( #7766 ), #3384, .T. ) ;
#694 = CARTESIAN_POINT ( 'NONE',  ( 3.058578643762691396, 0.2000000000000005107, -4.000000000000000000 ) ) ;
#695 = DIRECTION ( 'NONE',  ( 0.0000000000000000000, 0.0000000000000000000, 1.000000000000000000 ) ) ;
#696 = CIRCLE ( 'NONE', #7672, 0.1414213562373092536 ) ;
#697 = FACE_OUTER_BOUND ( 'NONE', #8602, .T. ) ;
#698 = PRESENTATION_LAYER_ASSIGNMENT (  '', '', ( #4044 ) ) ;
#699 =( LENGTH_UNIT ( ) NAMED_UNIT ( * ) SI_UNIT ( .MILLI., .METRE. ) );
#700 = FACE_OUTER_BOUND ( 'NONE', #2344, .T. ) ;
#701 = ORIENTED_EDGE ( 'NONE', *, *, #8604, .T. ) ;
#702 = ORIENTED_EDGE ( 'NONE', *, *, #8150, .T. ) ;
#703 = SPHERICAL_SURFACE ( 'NONE', #9031, 0.1499999999999999667 ) ;
#704 =( NAMED_UNIT ( * ) PLANE_ANGLE_UNIT ( ) SI_UNIT ( $, .RADIAN. ) );
#705 = CARTESIAN_POINT ( 'NONE',  ( 2.541421356237309581, 0.2000000000000005107, 2.400000000000000355 ) ) ;
#706 = PLANE ( 'NONE',  #374 ) ;
#707 =( GEOMETRIC_REPRESENTATION_CONTEXT ( 3 ) GLOBAL_UNCERTAINTY_ASSIGNED_CONTEXT ( ( #4031 ) ) GLOBAL_UNIT_ASSIGNED_CONTEXT ( ( #7254, #1908, #7162 ) ) REPRESENTATION_CONTEXT ( 'NONE', 'WORKASPACE' ) );
#708 = DIRECTION ( 'NONE',  ( 1.000000000000000000, -2.891205793294679411E-15, 0.0000000000000000000 ) ) ;
#709 =( GEOMETRIC_REPRESENTATION_CONTEXT ( 3 ) GLOBAL_UNCERTAINTY_ASSIGNED_CONTEXT ( ( #8647 ) ) GLOBAL_UNIT_ASSIGNED_CONTEXT ( ( #4634, #7572, #3731 ) ) REPRESENTATION_CONTEXT ( 'NONE', 'WORKASPACE' ) );
#710 = CARTESIAN_POINT ( 'NONE',  ( -0.7999999999999994893, 0.1499999999999999667, 1.599999999999999867 ) ) ;
#711 = ORIENTED_EDGE ( 'NONE', *, *, #1852, .F. ) ;
#712 = DIRECTION ( 'NONE',  ( 0.0000000000000000000, -1.000000000000000000, -0.0000000000000000000 ) ) ;
#713 = PRESENTATION_LAYER_ASSIGNMENT (  '', '', ( #3059 ) ) ;
#714 = DIRECTION ( 'NONE',  ( -1.000000000000000000, 0.0000000000000000000, 0.0000000000000000000 ) ) ;
#715 = CARTESIAN_POINT ( 'NONE',  ( 1.599999999999999423, 0.0000000000000000000, 0.7999999999999999334 ) ) ;
#716 = CARTESIAN_POINT ( 'NONE',  ( 1.458578643762691529, 0.2000000000000005107, -4.000000000000000000 ) ) ;
#717 = EDGE_CURVE ( 'NONE', #4486, #9325, #5028, .T. ) ;
#718 = DIRECTION ( 'NONE',  ( 1.000000000000000000, -2.891205793294679411E-15, 0.0000000000000000000 ) ) ;
#719 = ADVANCED_FACE ( 'NONE', ( #2162 ), #9493, .T. ) ;
#720 = MANIFOLD_SOLID_BREP ( 'Sketch-Pattern1[91]', #3292 ) ;
#721 = EDGE_CURVE ( 'NONE', #5288, #9564, #1473, .T. ) ;
#722 = ORIENTED_EDGE ( 'NONE', *, *, #4308, .F. ) ;
#723 = SPHERICAL_SURFACE ( 'NONE', #6303, 0.1499999999999999667 ) ;
#724 = CARTESIAN_POINT ( 'NONE',  ( 1.599999999999999867, 0.2000000000000005107, 1.599999999999999867 ) ) ;
#725 = CARTESIAN_POINT ( 'NONE',  ( 3.999999999999999112, 0.1499999999999999667, 4.000000000000000000 ) ) ;
#726 = AXIS2_PLACEMENT_3D ( 'NONE', #4468, #5236, #1406 ) ;
#727 = CARTESIAN_POINT ( 'NONE',  ( 3.999999999999999112, 0.2000000000000005107, 6.086346753639119761E-18 ) ) ;
#728 = DIRECTION ( 'NONE',  ( -0.0000000000000000000, -1.000000000000000000, -0.0000000000000000000 ) ) ;
#729 = DIRECTION ( 'NONE',  ( 0.0000000000000000000, 0.0000000000000000000, -1.000000000000000000 ) ) ;
#730 = ORIENTED_EDGE ( 'NONE', *, *, #6815, .F. ) ;
#731 = CARTESIAN_POINT ( 'NONE',  ( -3.058578643762690064, 0.2000000000000005107, -3.200000000000000622 ) ) ;
#732 = FACE_OUTER_BOUND ( 'NONE', #8726, .T. ) ;
#733 =( GEOMETRIC_REPRESENTATION_CONTEXT ( 3 ) GLOBAL_UNCERTAINTY_ASSIGNED_CONTEXT ( ( #7554 ) ) GLOBAL_UNIT_ASSIGNED_CONTEXT ( ( #4424, #2810, #8137 ) ) REPRESENTATION_CONTEXT ( 'NONE', 'WORKASPACE' ) );
#734 = AXIS2_PLACEMENT_3D ( 'NONE', #656, #7528, #8894 ) ;
#735 = CIRCLE ( 'NONE', #7006, 0.1499999999999999667 ) ;
#736 = DIRECTION ( 'NONE',  ( -1.000000000000000000, 0.0000000000000000000, 0.0000000000000000000 ) ) ;
#737 = CARTESIAN_POINT ( 'NONE',  ( 3.999999999999999112, 0.1499999999999999667, 1.599999999999999867 ) ) ;
#738 = DIRECTION ( 'NONE',  ( 0.0000000000000000000, 0.0000000000000000000, 1.000000000000000000 ) ) ;
#739 = DIRECTION ( 'NONE',  ( 0.0000000000000000000, -1.000000000000000000, -0.0000000000000000000 ) ) ;
#740 = AXIS2_PLACEMENT_3D ( 'NONE', #7812, #936, #3955 ) ;
#741 = VERTEX_POINT ( 'NONE', #4986 ) ;
#742 = AXIS2_PLACEMENT_3D ( 'NONE', #3843, #1596, #1568 ) ;
#743 = CIRCLE ( 'NONE', #1010, 0.1414213562373092536 ) ;
#744 = ADVANCED_FACE ( 'NONE', ( #2890 ), #4679, .T. ) ;
#745 = DIRECTION ( 'NONE',  ( -0.0000000000000000000, -1.000000000000000000, -0.0000000000000000000 ) ) ;
#746 = FACE_OUTER_BOUND ( 'NONE', #4009, .T. ) ;
#747 = CARTESIAN_POINT ( 'NONE',  ( -4.141421356237308338, 0.2000000000000005107, -1.599999999999999867 ) ) ;
#748 = DIRECTION ( 'NONE',  ( 0.0000000000000000000, 0.0000000000000000000, -1.000000000000000000 ) ) ;
#749 = FACE_OUTER_BOUND ( 'NONE', #2202, .T. ) ;
#750 = CARTESIAN_POINT ( 'NONE',  ( -0.9414213562373087152, 0.2000000000000005107, 4.000000000000000000 ) ) ;
#751 = ORIENTED_EDGE ( 'NONE', *, *, #234, .T. ) ;
#752 =( NAMED_UNIT ( * ) PLANE_ANGLE_UNIT ( ) SI_UNIT ( $, .RADIAN. ) );
#753 = VERTEX_POINT ( 'NONE', #2847 ) ;
#754 = AXIS2_PLACEMENT_3D ( 'NONE', #4647, #194, #5406 ) ;
#755 = DIRECTION ( 'NONE',  ( 1.000000000000000000, -2.891205793294679411E-15, 0.0000000000000000000 ) ) ;
#756 = SURFACE_SIDE_STYLE ('',( #1047 ) ) ;
#757 = PLANE ( 'NONE',  #7089 ) ;
#758 = SURFACE_SIDE_STYLE ('',( #866 ) ) ;
#759 = EDGE_LOOP ( 'NONE', ( #5621, #5839 ) ) ;
#760 = CIRCLE ( 'NONE', #3278, 0.1499999999999999667 ) ;
#761 = PLANE ( 'NONE',  #7045 ) ;
#762 = DIRECTION ( 'NONE',  ( 0.0000000000000000000, 0.0000000000000000000, -1.000000000000000000 ) ) ;
#763 = DIRECTION ( 'NONE',  ( 0.0000000000000000000, 1.000000000000000000, 0.0000000000000000000 ) ) ;
#764 = CARTESIAN_POINT ( 'NONE',  ( -0.7999999999999994893, 0.1499999999999999667, 1.599999999999999867 ) ) ;
#765 = SURFACE_STYLE_FILL_AREA ( #5774 ) ;
#766 = FACE_OUTER_BOUND ( 'NONE', #6542, .T. ) ;
#767 = ADVANCED_FACE ( 'NONE', ( #903 ), #3143, .T. ) ;
#768 = ORIENTED_EDGE ( 'NONE', *, *, #9056, .F. ) ;
#769 =( NAMED_UNIT ( * ) PLANE_ANGLE_UNIT ( ) SI_UNIT ( $, .RADIAN. ) );
#770 = STYLED_ITEM ( 'NONE', ( #3749 ), #7989 ) ;
#771 = DIRECTION ( 'NONE',  ( -0.0000000000000000000, -1.000000000000000000, -0.0000000000000000000 ) ) ;
#772 = DIRECTION ( 'NONE',  ( 0.0000000000000000000, 0.0000000000000000000, 1.000000000000000000 ) ) ;
#773 = EDGE_CURVE ( 'NONE', #8408, #8369, #425, .T. ) ;
#774 = CARTESIAN_POINT ( 'NONE',  ( 0.0000000000000000000, 0.2000000000000005107, 3.200000000000000178 ) ) ;
#775 = ORIENTED_EDGE ( 'NONE', *, *, #6419, .T. ) ;
#776 = UNCERTAINTY_MEASURE_WITH_UNIT (LENGTH_MEASURE( 1.000000000000000082E-05 ), #2704, 'distance_accuracy_value', 'NONE');
#777 = CARTESIAN_POINT ( 'NONE',  ( -3.858578643762690774, 0.2000000000000005107, 1.599999999999999867 ) ) ;
#778 = VERTEX_POINT ( 'NONE', #9481 ) ;
#779 = ADVANCED_FACE ( 'NONE', ( #6955 ), #6233, .T. ) ;
#780 = EDGE_CURVE ( 'NONE', #7115, #2735, #7396, .T. ) ;
#781 =( LENGTH_UNIT ( ) NAMED_UNIT ( * ) SI_UNIT ( .MILLI., .METRE. ) );
#782 = CARTESIAN_POINT ( 'NONE',  ( 3.200000000000000622, 0.2000000000000005107, 4.000000000000000000 ) ) ;
#783 = DIRECTION ( 'NONE',  ( 0.0000000000000000000, 0.0000000000000000000, -1.000000000000000000 ) ) ;
#784 = AXIS2_PLACEMENT_3D ( 'NONE', #2623, #9571, #8857 ) ;
#785 =( NAMED_UNIT ( * ) PLANE_ANGLE_UNIT ( ) SI_UNIT ( $, .RADIAN. ) );
#786 = ORIENTED_EDGE ( 'NONE', *, *, #4197, .F. ) ;
#787 = COLOUR_RGB ( '',0.7921568627450980005, 0.8196078431372548767, 0.9333333333333333481 ) ;
#788 = VERTEX_POINT ( 'NONE', #6060 ) ;
#789 = EDGE_CURVE ( 'NONE', #1772, #6327, #650, .T. ) ;
#790 = DIRECTION ( 'NONE',  ( -0.0000000000000000000, -1.000000000000000000, -0.0000000000000000000 ) ) ;
#791 = AXIS2_PLACEMENT_3D ( 'NONE', #6091, #4524, #660 ) ;
#792 = FILL_AREA_STYLE ('',( #3887 ) ) ;
#793 = ADVANCED_FACE ( 'NONE', ( #9605 ), #2285, .T. ) ;
#794 = FILL_AREA_STYLE ('',( #8254 ) ) ;
#795 = ORIENTED_EDGE ( 'NONE', *, *, #9348, .T. ) ;
#796 = SPHERICAL_SURFACE ( 'NONE', #2063, 0.1499999999999999667 ) ;
#797 = AXIS2_PLACEMENT_3D ( 'NONE', #4423, #6100, #7544 ) ;
#798 = SURFACE_STYLE_USAGE ( .BOTH. , #3763 ) ;
#799 = DIRECTION ( 'NONE',  ( -0.0000000000000000000, -1.000000000000000000, -0.0000000000000000000 ) ) ;
#800 = CLOSED_SHELL ( 'NONE', ( #578, #2642, #100 ) ) ;
#801 = DIRECTION ( 'NONE',  ( -0.0000000000000000000, -1.000000000000000000, -0.0000000000000000000 ) ) ;
#802 = FACE_OUTER_BOUND ( 'NONE', #1230, .T. ) ;
#803 = EDGE_LOOP ( 'NONE', ( #1832, #2896 ) ) ;
#804 = CIRCLE ( 'NONE', #5118, 0.1499999999999999667 ) ;
#805 = SURFACE_STYLE_USAGE ( .BOTH. , #836 ) ;
#806 = DIRECTION ( 'NONE',  ( 0.0000000000000000000, 1.000000000000000000, 0.0000000000000000000 ) ) ;
#807 = DIRECTION ( 'NONE',  ( 0.0000000000000000000, 0.0000000000000000000, -1.000000000000000000 ) ) ;
#808 = COLOUR_RGB ( '',0.7921568627450980005, 0.8196078431372548767, 0.9333333333333333481 ) ;
#809 = AXIS2_PLACEMENT_3D ( 'NONE', #5431, #1733, #3261 ) ;
#810 = EDGE_LOOP ( 'NONE', ( #9743, #811, #3328 ) ) ;
#811 = ORIENTED_EDGE ( 'NONE', *, *, #1059, .T. ) ;
#812 = DIRECTION ( 'NONE',  ( 1.000000000000000000, -2.891205793294679411E-15, 0.0000000000000000000 ) ) ;
#813 = DIRECTION ( 'NONE',  ( -1.000000000000000000, 0.0000000000000000000, 0.0000000000000000000 ) ) ;
#814 = CARTESIAN_POINT ( 'NONE',  ( -3.000000000000000000, 0.2000000000000005107, -0.9999999999999991118 ) ) ;
#815 = FILL_AREA_STYLE ('',( #6153 ) ) ;
#816 = ORIENTED_EDGE ( 'NONE', *, *, #8178, .F. ) ;
#817 = ADVANCED_FACE ( 'NONE', ( #8094 ), #8200, .T. ) ;
#818 = EDGE_CURVE ( 'NONE', #8853, #3638, #9379, .T. ) ;
#819 = ORIENTED_EDGE ( 'NONE', *, *, #2758, .T. ) ;
#820 = SPHERICAL_SURFACE ( 'NONE', #7524, 0.1499999999999999667 ) ;
#821 = AXIS2_PLACEMENT_3D ( 'NONE', #5235, #990, #1238 ) ;
#822 = PLANE ( 'NONE',  #9299 ) ;
#823 = ORIENTED_EDGE ( 'NONE', *, *, #8307, .F. ) ;
#824 = CARTESIAN_POINT ( 'NONE',  ( -3.058578643762690508, 0.2000000000000005107, 1.599999999999999867 ) ) ;
#825 = DIRECTION ( 'NONE',  ( -0.0000000000000000000, -1.000000000000000000, -0.0000000000000000000 ) ) ;
#826 = DIRECTION ( 'NONE',  ( 1.000000000000000000, -2.891205793294679411E-15, 0.0000000000000000000 ) ) ;
#827 = CLOSED_SHELL ( 'NONE', ( #7581, #3406, #9028 ) ) ;
#828 = AXIS2_PLACEMENT_3D ( 'NONE', #6155, #5482, #3808 ) ;
#829 = DIRECTION ( 'NONE',  ( 1.000000000000000000, 0.0000000000000000000, 0.0000000000000000000 ) ) ;
#830 = VERTEX_POINT ( 'NONE', #1515 ) ;
#831 = ADVANCED_FACE ( 'NONE', ( #2879 ), #5623, .T. ) ;
#832 =( GEOMETRIC_REPRESENTATION_CONTEXT ( 3 ) GLOBAL_UNCERTAINTY_ASSIGNED_CONTEXT ( ( #70 ) ) GLOBAL_UNIT_ASSIGNED_CONTEXT ( ( #553, #6671, #7338 ) ) REPRESENTATION_CONTEXT ( 'NONE', 'WORKASPACE' ) );
#833 = AXIS2_PLACEMENT_3D ( 'NONE', #4978, #1208, #6499 ) ;
#834 = UNCERTAINTY_MEASURE_WITH_UNIT (LENGTH_MEASURE( 1.000000000000000082E-05 ), #2274, 'distance_accuracy_value', 'NONE');
#835 = EDGE_CURVE ( 'NONE', #8148, #3638, #7876, .T. ) ;
#836 = SURFACE_SIDE_STYLE ('',( #1495 ) ) ;
#837 = CARTESIAN_POINT ( 'NONE',  ( 0.0000000000000000000, 0.2000000000000000111, 0.0000000000000000000 ) ) ;
#838 = VERTEX_POINT ( 'NONE', #3140 ) ;
#839 = DIRECTION ( 'NONE',  ( 1.000000000000000000, 0.0000000000000000000, 0.0000000000000000000 ) ) ;
#840 = AXIS2_PLACEMENT_3D ( 'NONE', #4990, #2625, #4119 ) ;
#841 = SPHERICAL_SURFACE ( 'NONE', #6209, 0.1499999999999999667 ) ;
#842 = PRESENTATION_LAYER_ASSIGNMENT (  '', '', ( #139 ) ) ;
#843 = ADVANCED_FACE ( 'NONE', ( #536 ), #5969, .T. ) ;
#844 =( NAMED_UNIT ( * ) PLANE_ANGLE_UNIT ( ) SI_UNIT ( $, .RADIAN. ) );
#845 = AXIS2_PLACEMENT_3D ( 'NONE', #4503, #6811, #638 ) ;
#846 = MANIFOLD_SOLID_BREP ( 'Sketch-Pattern1[99]', #4344 ) ;
#847 = CARTESIAN_POINT ( 'NONE',  ( -1.599999999999998979, 0.1499999999999999667, -1.599999999999999867 ) ) ;
#848 = ORIENTED_EDGE ( 'NONE', *, *, #5393, .T. ) ;
#849 = DIRECTION ( 'NONE',  ( -0.0000000000000000000, -1.000000000000000000, -0.0000000000000000000 ) ) ;
#850 = AXIS2_PLACEMENT_3D ( 'NONE', #5401, #1590, #5337 ) ;
#851 = FACE_OUTER_BOUND ( 'NONE', #9190, .T. ) ;
#852 = FACE_OUTER_BOUND ( 'NONE', #6887, .T. ) ;
#853 = CARTESIAN_POINT ( 'NONE',  ( 2.399999999999999911, 0.0000000000000000000, 3.200000000000000178 ) ) ;
#854 = EDGE_CURVE ( 'NONE', #5636, #3561, #79, .T. ) ;
#855 = DIRECTION ( 'NONE',  ( 0.0000000000000000000, -1.000000000000000000, -0.0000000000000000000 ) ) ;
#856 = DIRECTION ( 'NONE',  ( -0.0000000000000000000, -1.000000000000000000, -0.0000000000000000000 ) ) ;
#857 = DIRECTION ( 'NONE',  ( -1.000000000000000000, 0.0000000000000000000, 0.0000000000000000000 ) ) ;
#858 = EDGE_LOOP ( 'NONE', ( #3993, #2867, #5360 ) ) ;
#859 = FACE_OUTER_BOUND ( 'NONE', #8848, .T. ) ;
#860 = CARTESIAN_POINT ( 'NONE',  ( -2.399999999999999467, 0.1499999999999999667, 0.7999999999999999334 ) ) ;
#861 =( GEOMETRIC_REPRESENTATION_CONTEXT ( 3 ) GLOBAL_UNCERTAINTY_ASSIGNED_CONTEXT ( ( #5675 ) ) GLOBAL_UNIT_ASSIGNED_CONTEXT ( ( #2602, #8722, #7878 ) ) REPRESENTATION_CONTEXT ( 'NONE', 'WORKASPACE' ) );
#862 = DIRECTION ( 'NONE',  ( 1.000000000000000000, 0.0000000000000000000, 0.0000000000000000000 ) ) ;
#863 = CARTESIAN_POINT ( 'NONE',  ( 3.999999999999999112, 0.1499999999999999667, -2.400000000000000355 ) ) ;
#864 = DIRECTION ( 'NONE',  ( 0.0000000000000000000, 0.0000000000000000000, -1.000000000000000000 ) ) ;
#865 = CARTESIAN_POINT ( 'NONE',  ( -0.1414213562373092536, 0.2000000000000005107, 4.000000000000000000 ) ) ;
#866 = SURFACE_STYLE_FILL_AREA ( #5218 ) ;
#867 = CARTESIAN_POINT ( 'NONE',  ( 1.600000000000000755, 0.1499999999999999667, -0.8000000000000003775 ) ) ;
#868 = DIRECTION ( 'NONE',  ( 0.0000000000000000000, 0.0000000000000000000, -1.000000000000000000 ) ) ;
#869 =( GEOMETRIC_REPRESENTATION_CONTEXT ( 3 ) GLOBAL_UNCERTAINTY_ASSIGNED_CONTEXT ( ( #6851 ) ) GLOBAL_UNIT_ASSIGNED_CONTEXT ( ( #4109, #4753, #7063 ) ) REPRESENTATION_CONTEXT ( 'NONE', 'WORKASPACE' ) );
#870 = VERTEX_POINT ( 'NONE', #3857 ) ;
#871 = STYLED_ITEM ( 'NONE', ( #5397 ), #184 ) ;
#872 = ADVANCED_FACE ( 'NONE', ( #4189 ), #3834, .T. ) ;
#873 = DIRECTION ( 'NONE',  ( 0.0000000000000000000, 0.0000000000000000000, -1.000000000000000000 ) ) ;
#874 = DIRECTION ( 'NONE',  ( -0.0000000000000000000, -1.000000000000000000, -0.0000000000000000000 ) ) ;
#875 = DIRECTION ( 'NONE',  ( 0.0000000000000000000, 0.0000000000000000000, 1.000000000000000000 ) ) ;
#876 = ORIENTED_EDGE ( 'NONE', *, *, #5338, .T. ) ;
#877 = DIRECTION ( 'NONE',  ( 1.000000000000000000, -2.891205793294679411E-15, 0.0000000000000000000 ) ) ;
#878 = AXIS2_PLACEMENT_3D ( 'NONE', #8774, #8080, #3556 ) ;
#879 = STYLED_ITEM ( 'NONE', ( #8866 ), #3216 ) ;
#880 = ORIENTED_EDGE ( 'NONE', *, *, #2441, .F. ) ;
#881 = PLANE ( 'NONE',  #850 ) ;
#882 = DIRECTION ( 'NONE',  ( 0.0000000000000000000, 0.0000000000000000000, -1.000000000000000000 ) ) ;
#883 = CARTESIAN_POINT ( 'NONE',  ( -3.341421356237308959, 0.2000000000000005107, -0.8000000000000003775 ) ) ;
#884 = AXIS2_PLACEMENT_3D ( 'NONE', #1775, #7082, #6212 ) ;
#885 = ORIENTED_EDGE ( 'NONE', *, *, #7206, .T. ) ;
#886 = FACE_OUTER_BOUND ( 'NONE', #810, .T. ) ;
#887 = DIRECTION ( 'NONE',  ( 0.0000000000000000000, 0.0000000000000000000, -1.000000000000000000 ) ) ;
#888 = DIRECTION ( 'NONE',  ( 1.224646799147353207E-16, -3.540705920434613265E-31, -1.000000000000000000 ) ) ;
#889 = CIRCLE ( 'NONE', #3943, 0.1414213562373092536 ) ;
#890 = EDGE_LOOP ( 'NONE', ( #2018, #1496 ) ) ;
#891 = DIRECTION ( 'NONE',  ( 1.224646799147353207E-16, -3.540705920434613265E-31, -1.000000000000000000 ) ) ;
#892 = CIRCLE ( 'NONE', #3959, 0.1414213562373092536 ) ;
#893 = SURFACE_SIDE_STYLE ('',( #8768 ) ) ;
#894 = CARTESIAN_POINT ( 'NONE',  ( -4.000000000000000000, 0.1499999999999999667, 1.599999999999999867 ) ) ;
#895 =( NAMED_UNIT ( * ) SI_UNIT ( $, .STERADIAN. ) SOLID_ANGLE_UNIT ( ) );
#896 = ADVANCED_FACE ( 'NONE', ( #2051 ), #8483, .F. ) ;
#897 = DIRECTION ( 'NONE',  ( -0.0000000000000000000, -1.000000000000000000, -0.0000000000000000000 ) ) ;
#898 = PRESENTATION_STYLE_ASSIGNMENT (( #7730 ) ) ;
#899 = DIRECTION ( 'NONE',  ( -0.0000000000000000000, -1.000000000000000000, -0.0000000000000000000 ) ) ;
#900 = CARTESIAN_POINT ( 'NONE',  ( 3.999999999999999112, 0.1499999999999999667, -1.599999999999999867 ) ) ;
#901 = ORIENTED_EDGE ( 'NONE', *, *, #1674, .T. ) ;
#902 = DIRECTION ( 'NONE',  ( 1.000000000000000000, -2.891205793294679411E-15, 0.0000000000000000000 ) ) ;
#903 = FACE_OUTER_BOUND ( 'NONE', #7562, .T. ) ;
#904 = DIRECTION ( 'NONE',  ( 0.0000000000000000000, 0.0000000000000000000, 1.000000000000000000 ) ) ;
#905 = COLOUR_RGB ( '',0.7921568627450980005, 0.8196078431372548767, 0.9333333333333333481 ) ;
#906 = AXIS2_PLACEMENT_3D ( 'NONE', #8272, #5310, #6675 ) ;
#907 = FILL_AREA_STYLE ('',( #8492 ) ) ;
#908 = EDGE_LOOP ( 'NONE', ( #1936, #9017, #3250 ) ) ;
#909 = MANIFOLD_SOLID_BREP ( 'Sketch-Pattern1[101]', #8683 ) ;
#910 =( LENGTH_UNIT ( ) NAMED_UNIT ( * ) SI_UNIT ( .MILLI., .METRE. ) );
#911 = CLOSED_SHELL ( 'NONE', ( #2407, #6939, #8149 ) ) ;
#912 =( GEOMETRIC_REPRESENTATION_CONTEXT ( 3 ) GLOBAL_UNCERTAINTY_ASSIGNED_CONTEXT ( ( #3202 ) ) GLOBAL_UNIT_ASSIGNED_CONTEXT ( ( #623, #3666, #5186 ) ) REPRESENTATION_CONTEXT ( 'NONE', 'WORKASPACE' ) );
#913 = CARTESIAN_POINT ( 'NONE',  ( -1.599999999999999867, 0.1499999999999999667, 3.200000000000000178 ) ) ;
#914 = EDGE_CURVE ( 'NONE', #7327, #9325, #2534, .T. ) ;
#915 = SURFACE_STYLE_USAGE ( .BOTH. , #8461 ) ;
#916 = CIRCLE ( 'NONE', #4937, 0.1414213562373092536 ) ;
#917 = ORIENTED_EDGE ( 'NONE', *, *, #104, .F. ) ;
#918 = PRESENTATION_STYLE_ASSIGNMENT (( #3596 ) ) ;
#919 = EDGE_CURVE ( 'NONE', #8018, #1273, #4299, .T. ) ;
#920 = CLOSED_SHELL ( 'NONE', ( #1412, #1971, #6727 ) ) ;
#921 = DIRECTION ( 'NONE',  ( 0.0000000000000000000, 0.0000000000000000000, -1.000000000000000000 ) ) ;
#922 = STYLED_ITEM ( 'NONE', ( #4888 ), #9477 ) ;
#923 = ADVANCED_FACE ( 'NONE', ( #3604 ), #4414, .T. ) ;
#924 = ORIENTED_EDGE ( 'NONE', *, *, #6744, .T. ) ;
#925 = DIRECTION ( 'NONE',  ( 0.0000000000000000000, 0.0000000000000000000, -1.000000000000000000 ) ) ;
#926 = EDGE_LOOP ( 'NONE', ( #9079, #1482, #9582 ) ) ;
#927 = DIRECTION ( 'NONE',  ( 1.000000000000000000, 0.0000000000000000000, 0.0000000000000000000 ) ) ;
#928 = CARTESIAN_POINT ( 'NONE',  ( 1.000000000000000888, 0.2000000000000005107, -7.399999999999999467 ) ) ;
#929 = ORIENTED_EDGE ( 'NONE', *, *, #4774, .F. ) ;
#930 = DIRECTION ( 'NONE',  ( 0.0000000000000000000, 0.0000000000000000000, -1.000000000000000000 ) ) ;
#931 = MECHANICAL_DESIGN_GEOMETRIC_PRESENTATION_REPRESENTATION (  '', ( #7388 ), #7563 ) ;
#932 = DIRECTION ( 'NONE',  ( 0.0000000000000000000, 0.0000000000000000000, -1.000000000000000000 ) ) ;
#933 = VERTEX_POINT ( 'NONE', #3779 ) ;
#934 = SURFACE_SIDE_STYLE ('',( #8520 ) ) ;
#935 = AXIS2_PLACEMENT_3D ( 'NONE', #6032, #4567, #6945 ) ;
#936 = DIRECTION ( 'NONE',  ( 0.0000000000000000000, 0.0000000000000000000, -1.000000000000000000 ) ) ;
#937 = ADVANCED_FACE ( 'NONE', ( #3946 ), #9152, .T. ) ;
#938 = FACE_OUTER_BOUND ( 'NONE', #7170, .T. ) ;
#939 = CARTESIAN_POINT ( 'NONE',  ( 2.400000000000002132, 0.1499999999999999667, 6.086346753639119761E-18 ) ) ;
#940 = VERTEX_POINT ( 'NONE', #681 ) ;
#941 = FACE_OUTER_BOUND ( 'NONE', #7890, .T. ) ;
#942 = PRESENTATION_LAYER_ASSIGNMENT (  '', '', ( #1090 ) ) ;
#943 = VERTEX_POINT ( 'NONE', #4540 ) ;
#944 = AXIS2_PLACEMENT_3D ( 'NONE', #8607, #8566, #1024 ) ;
#945 = ORIENTED_EDGE ( 'NONE', *, *, #560, .F. ) ;
#946 = ORIENTED_EDGE ( 'NONE', *, *, #1613, .F. ) ;
#947 = DIRECTION ( 'NONE',  ( 0.0000000000000000000, 0.0000000000000000000, -1.000000000000000000 ) ) ;
#948 = FILL_AREA_STYLE ('',( #3963 ) ) ;
#949 = CARTESIAN_POINT ( 'NONE',  ( 3.400000000000000355, 0.2000000000000005107, -4.199999999999999289 ) ) ;
#950 = SURFACE_STYLE_FILL_AREA ( #2052 ) ;
#951 = CARTESIAN_POINT ( 'NONE',  ( -3.199999999999999289, 0.2000000000000005107, -1.599999999999999867 ) ) ;
#952 = AXIS2_PLACEMENT_3D ( 'NONE', #6803, #4531, #4492 ) ;
#953 = SPHERICAL_SURFACE ( 'NONE', #6029, 0.1499999999999999667 ) ;
#954 = ADVANCED_FACE ( 'NONE', ( #1359 ), #7184, .T. ) ;
#955 = CARTESIAN_POINT ( 'NONE',  ( 2.400000000000002132, 0.1499999999999999667, -2.400000000000000355 ) ) ;
#956 = VERTEX_POINT ( 'NONE', #4436 ) ;
#957 = ORIENTED_EDGE ( 'NONE', *, *, #9427, .T. ) ;
#958 = COLOUR_RGB ( '',0.7921568627450980005, 0.8196078431372548767, 0.9333333333333333481 ) ;
#959 = DIRECTION ( 'NONE',  ( -0.0000000000000000000, -1.000000000000000000, -0.0000000000000000000 ) ) ;
#960 = CARTESIAN_POINT ( 'NONE',  ( 3.999999999999999112, 0.1499999999999999667, 0.7999999999999999334 ) ) ;
#961 = DIRECTION ( 'NONE',  ( 0.0000000000000000000, 0.0000000000000000000, -1.000000000000000000 ) ) ;
#962 = VECTOR ( 'NONE', #1618, 1000.000000000000000 ) ;
#963 = ORIENTED_EDGE ( 'NONE', *, *, #6677, .T. ) ;
#964 =( NAMED_UNIT ( * ) PLANE_ANGLE_UNIT ( ) SI_UNIT ( $, .RADIAN. ) );
#965 = DIRECTION ( 'NONE',  ( 1.000000000000000000, -2.891205793294679411E-15, 0.0000000000000000000 ) ) ;
#966 = CARTESIAN_POINT ( 'NONE',  ( 4.999999999999999112, 0.2000000000000005107, -2.599999999999999201 ) ) ;
#967 = DIRECTION ( 'NONE',  ( 1.000000000000000000, 0.0000000000000000000, 0.0000000000000000000 ) ) ;
#968 = UNCERTAINTY_MEASURE_WITH_UNIT (LENGTH_MEASURE( 1.000000000000000082E-05 ), #6816, 'distance_accuracy_value', 'NONE');
#969 = DIRECTION ( 'NONE',  ( 0.0000000000000000000, 0.0000000000000000000, -1.000000000000000000 ) ) ;
#970 = AXIS2_PLACEMENT_3D ( 'NONE', #5261, #2107, #9694 ) ;
#971 = AXIS2_PLACEMENT_3D ( 'NONE', #4128, #4895, #381 ) ;
#972 = VERTEX_POINT ( 'NONE', #2216 ) ;
#973 = CIRCLE ( 'NONE', #8801, 0.1499999999999999667 ) ;
#974 = CIRCLE ( 'NONE', #2246, 0.1414213562373092536 ) ;
#975 = ADVANCED_FACE ( 'NONE', ( #185 ), #637, .T. ) ;
#976 = EDGE_CURVE ( 'NONE', #9439, #9417, #8326, .T. ) ;
#977 =( NAMED_UNIT ( * ) PLANE_ANGLE_UNIT ( ) SI_UNIT ( $, .RADIAN. ) );
#978 = FILL_AREA_STYLE ('',( #1696 ) ) ;
#979 = CARTESIAN_POINT ( 'NONE',  ( 3.200000000000000622, 0.2000000000000005107, -0.8000000000000003775 ) ) ;
#980 = MANIFOLD_SOLID_BREP ( 'Sketch-Pattern1[55]', #5339 ) ;
#981 = EDGE_CURVE ( 'NONE', #4565, #4825, #6337, .T. ) ;
#982 = CARTESIAN_POINT ( 'NONE',  ( 0.8000000000000008216, 0.0000000000000000000, -2.400000000000000355 ) ) ;
#983 = ORIENTED_EDGE ( 'NONE', *, *, #2825, .T. ) ;
#984 = CIRCLE ( 'NONE', #4236, 0.1414213562373092536 ) ;
#985 = CARTESIAN_POINT ( 'NONE',  ( 8.673617379884035472E-16, 0.1499999999999999667, -0.8000000000000003775 ) ) ;
#986 = PRESENTATION_LAYER_ASSIGNMENT (  '', '', ( #644 ) ) ;
#987 = AXIS2_PLACEMENT_3D ( 'NONE', #3821, #18, #2228 ) ;
#988 = CARTESIAN_POINT ( 'NONE',  ( -2.399999999999999911, 0.1499999999999999667, 1.599999999999999867 ) ) ;
#989 = SPHERICAL_SURFACE ( 'NONE', #9318, 0.1499999999999999667 ) ;
#990 = DIRECTION ( 'NONE',  ( 0.0000000000000000000, 0.0000000000000000000, 1.000000000000000000 ) ) ;
#991 = CARTESIAN_POINT ( 'NONE',  ( 8.673617379884035472E-16, 0.1499999999999999667, -3.200000000000000622 ) ) ;
#992 = PRESENTATION_STYLE_ASSIGNMENT (( #4150 ) ) ;
#993 = CARTESIAN_POINT ( 'NONE',  ( 2.600000000000000533, 0.2000000000000005107, -8.199999999999999289 ) ) ;
#994 = PRESENTATION_LAYER_ASSIGNMENT (  '', '', ( #6754 ) ) ;
#995 = EDGE_CURVE ( 'NONE', #9281, #9117, #3363, .T. ) ;
#996 = CLOSED_SHELL ( 'NONE', ( #5830, #6637, #8388 ) ) ;
#997 = CARTESIAN_POINT ( 'NONE',  ( 0.8000000000000012657, 0.1499999999999999667, -4.000000000000000000 ) ) ;
#998 = DIRECTION ( 'NONE',  ( 1.000000000000000000, -2.891205793294679411E-15, 0.0000000000000000000 ) ) ;
#999 = COLOUR_RGB ( '',0.7921568627450980005, 0.8196078431372548767, 0.9333333333333333481 ) ;
#1000 =( GEOMETRIC_REPRESENTATION_CONTEXT ( 3 ) GLOBAL_UNCERTAINTY_ASSIGNED_CONTEXT ( ( #2393 ) ) GLOBAL_UNIT_ASSIGNED_CONTEXT ( ( #1536, #7585, #9125 ) ) REPRESENTATION_CONTEXT ( 'NONE', 'WORKASPACE' ) );
#1001 =( NAMED_UNIT ( * ) SI_UNIT ( $, .STERADIAN. ) SOLID_ANGLE_UNIT ( ) );
#1002 = FACE_OUTER_BOUND ( 'NONE', #6146, .T. ) ;
#1003 = CARTESIAN_POINT ( 'NONE',  ( 2.400000000000000355, 0.2000000000000005107, 0.7999999999999999334 ) ) ;
#1004 = CARTESIAN_POINT ( 'NONE',  ( 3.999999999999999112, 0.1499999999999999667, -2.400000000000000355 ) ) ;
#1005 = EDGE_LOOP ( 'NONE', ( #9331, #7727, #8245 ) ) ;
#1006 = CARTESIAN_POINT ( 'NONE',  ( 5.000000000000000888, -14.14213562373094923, 5.000000000000000888 ) ) ;
#1007 = FACE_OUTER_BOUND ( 'NONE', #2273, .T. ) ;
#1008 = CARTESIAN_POINT ( 'NONE',  ( -1.599999999999999867, 0.1499999999999999667, 3.200000000000000178 ) ) ;
#1009 = DIRECTION ( 'NONE',  ( 0.0000000000000000000, 0.0000000000000000000, -1.000000000000000000 ) ) ;
#1010 = AXIS2_PLACEMENT_3D ( 'NONE', #6000, #1460, #2199 ) ;
#1011 = FACE_OUTER_BOUND ( 'NONE', #6638, .T. ) ;
#1012 = ORIENTED_EDGE ( 'NONE', *, *, #1589, .T. ) ;
#1013 = DIRECTION ( 'NONE',  ( 1.000000000000000000, -2.891205793294679411E-15, 0.0000000000000000000 ) ) ;
#1014 = FACE_OUTER_BOUND ( 'NONE', #1246, .T. ) ;
#1015 = DIRECTION ( 'NONE',  ( 1.000000000000000000, -2.891205793294679411E-15, 0.0000000000000000000 ) ) ;
#1016 = DIRECTION ( 'NONE',  ( 0.0000000000000000000, 0.0000000000000000000, -1.000000000000000000 ) ) ;
#1017 = DIRECTION ( 'NONE',  ( 1.000000000000000000, -2.891205793294679411E-15, 0.0000000000000000000 ) ) ;
#1018 = DIRECTION ( 'NONE',  ( 0.0000000000000000000, 0.0000000000000000000, 1.000000000000000000 ) ) ;
#1019 = FACE_OUTER_BOUND ( 'NONE', #5185, .T. ) ;
#1020 = EDGE_CURVE ( 'NONE', #7325, #8973, #9486, .T. ) ;
#1021 = VERTEX_POINT ( 'NONE', #6748 ) ;
#1022 = CARTESIAN_POINT ( 'NONE',  ( -4.244960180005966572E-16, 0.0000000000000000000, 1.599999999999999867 ) ) ;
#1023 = PRESENTATION_LAYER_ASSIGNMENT (  '', '', ( #195 ) ) ;
#1024 = DIRECTION ( 'NONE',  ( 1.000000000000000000, 0.0000000000000000000, 0.0000000000000000000 ) ) ;
#1025 = DIRECTION ( 'NONE',  ( 0.0000000000000000000, 0.0000000000000000000, -1.000000000000000000 ) ) ;
#1026 = FACE_OUTER_BOUND ( 'NONE', #5255, .T. ) ;
#1027 = CARTESIAN_POINT ( 'NONE',  ( -0.7999999999999994893, 0.1499999999999999667, 1.599999999999999867 ) ) ;
#1028 = UNCERTAINTY_MEASURE_WITH_UNIT (LENGTH_MEASURE( 1.000000000000000082E-05 ), #6919, 'distance_accuracy_value', 'NONE');
#1029 = ADVANCED_FACE ( 'NONE', ( #5846 ), #6783, .F. ) ;
#1030 = CARTESIAN_POINT ( 'NONE',  ( 1.600000000000000755, 0.2000000000000005107, -1.599999999999999867 ) ) ;
#1031 = EDGE_LOOP ( 'NONE', ( #4093, #1075, #6724 ) ) ;
#1032 = ORIENTED_EDGE ( 'NONE', *, *, #8994, .T. ) ;
#1033 = SURFACE_STYLE_FILL_AREA ( #7596 ) ;
#1034 = AXIS2_PLACEMENT_3D ( 'NONE', #2175, #2254, #2921 ) ;
#1035 = CARTESIAN_POINT ( 'NONE',  ( -3.341421356237308515, 0.2000000000000005107, -3.200000000000000622 ) ) ;
#1036 =( NAMED_UNIT ( * ) PLANE_ANGLE_UNIT ( ) SI_UNIT ( $, .RADIAN. ) );
#1037 = DIRECTION ( 'NONE',  ( 1.224646799147353207E-16, -3.540705920434613265E-31, -1.000000000000000000 ) ) ;
#1038 = SPHERICAL_SURFACE ( 'NONE', #4749, 0.1499999999999999667 ) ;
#1039 = DIRECTION ( 'NONE',  ( 0.0000000000000000000, 0.0000000000000000000, -1.000000000000000000 ) ) ;
#1040 = DIRECTION ( 'NONE',  ( -0.0000000000000000000, -1.000000000000000000, -0.0000000000000000000 ) ) ;
#1041 = EDGE_CURVE ( 'NONE', #7345, #7687, #8888, .T. ) ;
#1042 = ORIENTED_EDGE ( 'NONE', *, *, #1160, .F. ) ;
#1043 = MANIFOLD_SOLID_BREP ( 'Sketch-Pattern1[65]', #7389 ) ;
#1044 = SURFACE_SIDE_STYLE ('',( #2058 ) ) ;
#1045 = FACE_OUTER_BOUND ( 'NONE', #5428, .T. ) ;
#1046 = ORIENTED_EDGE ( 'NONE', *, *, #3375, .F. ) ;
#1047 = SURFACE_STYLE_FILL_AREA ( #7564 ) ;
#1048 = AXIS2_PLACEMENT_3D ( 'NONE', #6416, #2683, #7981 ) ;
#1049 = ORIENTED_EDGE ( 'NONE', *, *, #5767, .F. ) ;
#1050 = FACE_OUTER_BOUND ( 'NONE', #7416, .T. ) ;
#1051 = CARTESIAN_POINT ( 'NONE',  ( 0.8000000000000003775, 0.2000000000000005107, 0.7999999999999999334 ) ) ;
#1052 = AXIS2_PLACEMENT_3D ( 'NONE', #3828, #3791, #5357 ) ;
#1053 = CARTESIAN_POINT ( 'NONE',  ( 0.9414213562373096034, 0.2000000000000005107, 2.400000000000000355 ) ) ;
#1054 = CARTESIAN_POINT ( 'NONE',  ( 4.141421356237308338, 0.2000000000000005107, -2.400000000000000355 ) ) ;
#1055 = DIRECTION ( 'NONE',  ( 0.0000000000000000000, 0.0000000000000000000, -1.000000000000000000 ) ) ;
#1056 = VERTEX_POINT ( 'NONE', #6962 ) ;
#1057 = DIRECTION ( 'NONE',  ( 0.0000000000000000000, 0.0000000000000000000, -1.000000000000000000 ) ) ;
#1058 =( GEOMETRIC_REPRESENTATION_CONTEXT ( 3 ) GLOBAL_UNCERTAINTY_ASSIGNED_CONTEXT ( ( #6417 ) ) GLOBAL_UNIT_ASSIGNED_CONTEXT ( ( #137, #844, #2408 ) ) REPRESENTATION_CONTEXT ( 'NONE', 'WORKASPACE' ) );
#1059 = EDGE_CURVE ( 'NONE', #3878, #1439, #2868, .T. ) ;
#1060 = DIRECTION ( 'NONE',  ( 0.0000000000000000000, 0.0000000000000000000, -1.000000000000000000 ) ) ;
#1061 = CIRCLE ( 'NONE', #9739, 0.1414213562373092536 ) ;
#1062 = DIRECTION ( 'NONE',  ( 0.0000000000000000000, 0.0000000000000000000, -1.000000000000000000 ) ) ;
#1063 = ORIENTED_EDGE ( 'NONE', *, *, #5946, .F. ) ;
#1064 = SPHERICAL_SURFACE ( 'NONE', #2381, 0.1499999999999999667 ) ;
#1065 = EDGE_CURVE ( 'NONE', #8808, #3537, #523, .T. ) ;
#1066 = DIRECTION ( 'NONE',  ( -0.0000000000000000000, -1.000000000000000000, -0.0000000000000000000 ) ) ;
#1067 = SPHERICAL_SURFACE ( 'NONE', #6580, 0.1499999999999999667 ) ;
#1068 = DIRECTION ( 'NONE',  ( 1.000000000000000000, 0.0000000000000000000, 0.0000000000000000000 ) ) ;
#1069 = EDGE_LOOP ( 'NONE', ( #4863, #5083, #3663 ) ) ;
#1070 = AXIS2_PLACEMENT_3D ( 'NONE', #3340, #3309, #5453 ) ;
#1071 = DIRECTION ( 'NONE',  ( 0.0000000000000000000, 0.0000000000000000000, -1.000000000000000000 ) ) ;
#1072 = ORIENTED_EDGE ( 'NONE', *, *, #4091, .F. ) ;
#1073 = FACE_OUTER_BOUND ( 'NONE', #7531, .T. ) ;
#1074 = CARTESIAN_POINT ( 'NONE',  ( 1.599999999999999867, 0.2000000000000005107, 1.599999999999999867 ) ) ;
#1075 = ORIENTED_EDGE ( 'NONE', *, *, #8307, .T. ) ;
#1076 = FILL_AREA_STYLE_COLOUR ( '', #5594 ) ;
#1077 = DIRECTION ( 'NONE',  ( 1.000000000000000000, 0.0000000000000000000, 0.0000000000000000000 ) ) ;
#1078 = AXIS2_PLACEMENT_3D ( 'NONE', #5517, #3302, #366 ) ;
#1079 =( NAMED_UNIT ( * ) PLANE_ANGLE_UNIT ( ) SI_UNIT ( $, .RADIAN. ) );
#1080 = CARTESIAN_POINT ( 'NONE',  ( 0.9414213562373104915, 0.2000000000000005107, 6.086346753639119761E-18 ) ) ;
#1081 = DIRECTION ( 'NONE',  ( 1.000000000000000000, -2.891205793294679411E-15, 0.0000000000000000000 ) ) ;
#1082 = EDGE_LOOP ( 'NONE', ( #5292, #4830 ) ) ;
#1083 = STYLED_ITEM ( 'NONE', ( #1857 ), #314 ) ;
#1084 = CARTESIAN_POINT ( 'NONE',  ( -4.141421356237308338, 0.2000000000000005107, -3.200000000000000622 ) ) ;
#1085 = DIRECTION ( 'NONE',  ( 0.0000000000000000000, 0.0000000000000000000, -1.000000000000000000 ) ) ;
#1086 = ORIENTED_EDGE ( 'NONE', *, *, #4440, .F. ) ;
#1087 = SURFACE_SIDE_STYLE ('',( #84 ) ) ;
#1088 = FACE_OUTER_BOUND ( 'NONE', #3535, .T. ) ;
#1089 = DIRECTION ( 'NONE',  ( 1.000000000000000000, 0.0000000000000000000, 0.0000000000000000000 ) ) ;
#1090 = STYLED_ITEM ( 'NONE', ( #1717 ), #5997 ) ;
#1091 = CLOSED_SHELL ( 'NONE', ( #6169, #3044, #333 ) ) ;
#1092 = ADVANCED_FACE ( 'NONE', ( #8083 ), #3121, .T. ) ;
#1093 = ORIENTED_EDGE ( 'NONE', *, *, #3199, .T. ) ;
#1094 = PLANE ( 'NONE',  #6402 ) ;
#1095 = VERTEX_POINT ( 'NONE', #1471 ) ;
#1096 = CARTESIAN_POINT ( 'NONE',  ( 3.858578643762689886, 0.2000000000000005107, 0.7999999999999999334 ) ) ;
#1097 = FACE_OUTER_BOUND ( 'NONE', #9668, .T. ) ;
#1098 = CARTESIAN_POINT ( 'NONE',  ( -4.000000000000000000, 0.2000000000000005107, 3.200000000000000178 ) ) ;
#1099 = AXIS2_PLACEMENT_3D ( 'NONE', #6985, #220, #7692 ) ;
#1100 = CARTESIAN_POINT ( 'NONE',  ( 2.400000000000002132, 0.1499999999999999667, -4.000000000000000000 ) ) ;
#1101 = AXIS2_PLACEMENT_3D ( 'NONE', #1283, #9523, #530 ) ;
#1102 = COLOUR_RGB ( '',0.7921568627450980005, 0.8196078431372548767, 0.9333333333333333481 ) ;
#1103 = CARTESIAN_POINT ( 'NONE',  ( -0.7999999999999994893, 0.2000000000000005107, 3.200000000000000178 ) ) ;
#1104 = CARTESIAN_POINT ( 'NONE',  ( -2.399999999999999467, 0.2000000000000005107, -2.400000000000000355 ) ) ;
#1105 = UNCERTAINTY_MEASURE_WITH_UNIT (LENGTH_MEASURE( 1.000000000000000082E-05 ), #5791, 'distance_accuracy_value', 'NONE');
#1106 = PLANE ( 'NONE',  #8045 ) ;
#1107 = EDGE_LOOP ( 'NONE', ( #8241, #1560, #3473 ) ) ;
#1108 = SPHERICAL_SURFACE ( 'NONE', #8331, 0.1499999999999999667 ) ;
#1109 = DIRECTION ( 'NONE',  ( -0.0000000000000000000, -1.000000000000000000, -0.0000000000000000000 ) ) ;
#1110 = DIRECTION ( 'NONE',  ( 1.224646799147353207E-16, -3.540705920434613265E-31, -1.000000000000000000 ) ) ;
#1111 = MECHANICAL_DESIGN_GEOMETRIC_PRESENTATION_REPRESENTATION (  '', ( #8740 ), #1586 ) ;
#1112 = ORIENTED_EDGE ( 'NONE', *, *, #9494, .T. ) ;
#1113 = CIRCLE ( 'NONE', #5873, 0.1414213562373092536 ) ;
#1114 = EDGE_CURVE ( 'NONE', #9042, #1187, #3592, .T. ) ;
#1115 = CARTESIAN_POINT ( 'NONE',  ( 0.0000000000000000000, 0.1499999999999999667, 3.200000000000000178 ) ) ;
#1116 = DIRECTION ( 'NONE',  ( -0.0000000000000000000, -1.000000000000000000, -0.0000000000000000000 ) ) ;
#1117 = EDGE_CURVE ( 'NONE', #4298, #5863, #3002, .T. ) ;
#1118 = SPHERICAL_SURFACE ( 'NONE', #7499, 0.1499999999999999667 ) ;
#1119 = CARTESIAN_POINT ( 'NONE',  ( -0.5999999999999998668, 0.2000000000000005107, -1.799999999999999156 ) ) ;
#1120 = VERTEX_POINT ( 'NONE', #108 ) ;
#1121 = SURFACE_SIDE_STYLE ('',( #6996 ) ) ;
#1122 = VERTEX_POINT ( 'NONE', #3942 ) ;
#1123 = CIRCLE ( 'NONE', #3560, 0.1414213562373092536 ) ;
#1124 = AXIS2_PLACEMENT_3D ( 'NONE', #2514, #9353, #8699 ) ;
#1125 = ADVANCED_FACE ( 'NONE', ( #1464 ), #1829, .T. ) ;
#1126 = ORIENTED_EDGE ( 'NONE', *, *, #4351, .T. ) ;
#1127 = CIRCLE ( 'NONE', #7647, 0.1499999999999999667 ) ;
#1128 = ORIENTED_EDGE ( 'NONE', *, *, #2982, .T. ) ;
#1129 =( NAMED_UNIT ( * ) SI_UNIT ( $, .STERADIAN. ) SOLID_ANGLE_UNIT ( ) );
#1130 = DIRECTION ( 'NONE',  ( 1.224646799147353207E-16, -3.540705920434613265E-31, -1.000000000000000000 ) ) ;
#1131 = DIRECTION ( 'NONE',  ( 0.0000000000000000000, 0.0000000000000000000, -1.000000000000000000 ) ) ;
#1132 = CIRCLE ( 'NONE', #5024, 0.1414213562373092536 ) ;
#1133 = SURFACE_SIDE_STYLE ('',( #75 ) ) ;
#1134 = ORIENTED_EDGE ( 'NONE', *, *, #1416, .F. ) ;
#1135 = CARTESIAN_POINT ( 'NONE',  ( 8.673617379884035472E-16, 0.1499999999999999667, -2.400000000000000355 ) ) ;
#1136 = SURFACE_STYLE_FILL_AREA ( #6131 ) ;
#1137 = ADVANCED_FACE ( 'NONE', ( #1014 ), #7705, .F. ) ;
#1138 =( GEOMETRIC_REPRESENTATION_CONTEXT ( 3 ) GLOBAL_UNCERTAINTY_ASSIGNED_CONTEXT ( ( #1105 ) ) GLOBAL_UNIT_ASSIGNED_CONTEXT ( ( #5791, #3501, #1255 ) ) REPRESENTATION_CONTEXT ( 'NONE', 'WORKASPACE' ) );
#1139 = CIRCLE ( 'NONE', #845, 0.1414213562373092536 ) ;
#1140 = ORIENTED_EDGE ( 'NONE', *, *, #5143, .F. ) ;
#1141 = DIRECTION ( 'NONE',  ( 1.224646799147353207E-16, -3.540705920434613265E-31, -1.000000000000000000 ) ) ;
#1142 = ORIENTED_EDGE ( 'NONE', *, *, #3938, .T. ) ;
#1143 = DIRECTION ( 'NONE',  ( -1.000000000000000000, 0.0000000000000000000, 0.0000000000000000000 ) ) ;
#1144 = CIRCLE ( 'NONE', #14, 0.1499999999999999667 ) ;
#1145 = UNCERTAINTY_MEASURE_WITH_UNIT (LENGTH_MEASURE( 1.000000000000000082E-05 ), #5592, 'distance_accuracy_value', 'NONE');
#1146 = DIRECTION ( 'NONE',  ( 1.000000000000000000, -2.891205793294679411E-15, 0.0000000000000000000 ) ) ;
#1147 = CARTESIAN_POINT ( 'NONE',  ( -1.599999999999998979, 0.1499999999999999667, -1.599999999999999867 ) ) ;
#1148 = ORIENTED_EDGE ( 'NONE', *, *, #2012, .T. ) ;
#1149 = ORIENTED_EDGE ( 'NONE', *, *, #3863, .T. ) ;
#1150 = CARTESIAN_POINT ( 'NONE',  ( 2.400000000000002132, 0.2000000000000005107, 6.086346753639119761E-18 ) ) ;
#1151 = DIRECTION ( 'NONE',  ( -1.000000000000000000, 0.0000000000000000000, 0.0000000000000000000 ) ) ;
#1152 = AXIS2_PLACEMENT_3D ( 'NONE', #6676, #7431, #9698 ) ;
#1153 = CARTESIAN_POINT ( 'NONE',  ( -3.999999999999999112, 0.0000000000000000000, -0.8000000000000003775 ) ) ;
#1154 = EDGE_LOOP ( 'NONE', ( #6564, #4455, #5580 ) ) ;
#1155 = MANIFOLD_SOLID_BREP ( 'Sketch-Pattern1[44]', #3721 ) ;
#1156 = MECHANICAL_DESIGN_GEOMETRIC_PRESENTATION_REPRESENTATION (  '', ( #1331 ), #4885 ) ;
#1157 = DIRECTION ( 'NONE',  ( 0.0000000000000000000, 0.0000000000000000000, -1.000000000000000000 ) ) ;
#1158 = FACE_OUTER_BOUND ( 'NONE', #8720, .T. ) ;
#1159 = DIRECTION ( 'NONE',  ( 0.0000000000000000000, 0.0000000000000000000, 1.000000000000000000 ) ) ;
#1160 = EDGE_CURVE ( 'NONE', #330, #1350, #4789, .T. ) ;
#1161 = ORIENTED_EDGE ( 'NONE', *, *, #7265, .F. ) ;
#1162 = DIRECTION ( 'NONE',  ( 1.000000000000000000, -2.891205793294679411E-15, 0.0000000000000000000 ) ) ;
#1163 = ORIENTED_EDGE ( 'NONE', *, *, #1175, .T. ) ;
#1164 = EDGE_CURVE ( 'NONE', #7971, #8808, #1127, .T. ) ;
#1165 = ORIENTED_EDGE ( 'NONE', *, *, #1804, .F. ) ;
#1166 = ADVANCED_FACE ( 'NONE', ( #8317 ), #6918, .F. ) ;
#1167 = ORIENTED_EDGE ( 'NONE', *, *, #4197, .T. ) ;
#1168 = PRESENTATION_STYLE_ASSIGNMENT (( #4983 ) ) ;
#1169 =( LENGTH_UNIT ( ) NAMED_UNIT ( * ) SI_UNIT ( .MILLI., .METRE. ) );
#1170 = MECHANICAL_DESIGN_GEOMETRIC_PRESENTATION_REPRESENTATION (  '', ( #6249 ), #4194 ) ;
#1171 = CARTESIAN_POINT ( 'NONE',  ( -3.199999999999999734, 0.1499999999999999667, 6.086346753639119761E-18 ) ) ;
#1172 = DIRECTION ( 'NONE',  ( 0.0000000000000000000, 0.0000000000000000000, -1.000000000000000000 ) ) ;
#1173 = CIRCLE ( 'NONE', #8567, 0.1414213562373092536 ) ;
#1174 = VERTEX_POINT ( 'NONE', #4882 ) ;
#1175 = EDGE_CURVE ( 'NONE', #943, #1797, #760, .T. ) ;
#1176 = ORIENTED_EDGE ( 'NONE', *, *, #6786, .T. ) ;
#1177 = ORIENTED_EDGE ( 'NONE', *, *, #6245, .T. ) ;
#1178 = CIRCLE ( 'NONE', #8347, 0.1414213562373096977 ) ;
#1179 = ADVANCED_FACE ( 'NONE', ( #7391 ), #8557, .T. ) ;
#1180 = CARTESIAN_POINT ( 'NONE',  ( 4.999999999999999112, 0.2000000000000005107, -6.599999999999998757 ) ) ;
#1181 = SURFACE_STYLE_FILL_AREA ( #551 ) ;
#1182 = EDGE_LOOP ( 'NONE', ( #1506, #357, #9716 ) ) ;
#1183 = ORIENTED_EDGE ( 'NONE', *, *, #5886, .T. ) ;
#1184 = SPHERICAL_SURFACE ( 'NONE', #5824, 0.1499999999999999667 ) ;
#1185 = AXIS2_PLACEMENT_3D ( 'NONE', #9752, #3007, #1492 ) ;
#1186 =( LENGTH_UNIT ( ) NAMED_UNIT ( * ) SI_UNIT ( .MILLI., .METRE. ) );
#1187 = VERTEX_POINT ( 'NONE', #6375 ) ;
#1188 = CARTESIAN_POINT ( 'NONE',  ( -0.7999999999999994893, 0.1499999999999999667, 0.7999999999999999334 ) ) ;
#1189 = AXIS2_PLACEMENT_3D ( 'NONE', #1646, #5455, #3788 ) ;
#1190 = PLANE ( 'NONE',  #66 ) ;
#1191 = DIRECTION ( 'NONE',  ( 0.0000000000000000000, 0.0000000000000000000, -1.000000000000000000 ) ) ;
#1192 = PRESENTATION_STYLE_ASSIGNMENT (( #7332 ) ) ;
#1193 = VERTEX_POINT ( 'NONE', #1875 ) ;
#1194 = DIRECTION ( 'NONE',  ( 0.0000000000000000000, 0.0000000000000000000, 1.000000000000000000 ) ) ;
#1195 = CIRCLE ( 'NONE', #9666, 0.1414213562373092536 ) ;
#1196 = PRESENTATION_LAYER_ASSIGNMENT (  '', '', ( #67 ) ) ;
#1197 = EDGE_CURVE ( 'NONE', #9476, #8025, #1348, .T. ) ;
#1198 = DIRECTION ( 'NONE',  ( -1.000000000000000000, 0.0000000000000000000, 0.0000000000000000000 ) ) ;
#1199 = DIRECTION ( 'NONE',  ( 1.000000000000000000, -2.891205793294679411E-15, 0.0000000000000000000 ) ) ;
#1200 = ORIENTED_EDGE ( 'NONE', *, *, #6041, .T. ) ;
#1201 = CARTESIAN_POINT ( 'NONE',  ( 1.800000000000000488, 0.2000000000000005107, -4.199999999999999289 ) ) ;
#1202 = CARTESIAN_POINT ( 'NONE',  ( -3.199999999999998845, 0.1499999999999999667, -4.000000000000000000 ) ) ;
#1203 = MANIFOLD_SOLID_BREP ( 'Sketch-Pattern1[112]', #5001 ) ;
#1204 = AXIS2_PLACEMENT_3D ( 'NONE', #4045, #4792, #5615 ) ;
#1205 = ORIENTED_EDGE ( 'NONE', *, *, #9114, .T. ) ;
#1206 =( LENGTH_UNIT ( ) NAMED_UNIT ( * ) SI_UNIT ( .MILLI., .METRE. ) );
#1207 = ADVANCED_FACE ( 'NONE', ( #3936 ), #2634, .T. ) ;
#1208 = DIRECTION ( 'NONE',  ( 1.224646799147353207E-16, -3.540705920434613265E-31, -1.000000000000000000 ) ) ;
#1209 = EDGE_CURVE ( 'NONE', #7788, #2839, #1929, .T. ) ;
#1210 = DIRECTION ( 'NONE',  ( 1.000000000000000000, 0.0000000000000000000, 0.0000000000000000000 ) ) ;
#1211 =( NAMED_UNIT ( * ) SI_UNIT ( $, .STERADIAN. ) SOLID_ANGLE_UNIT ( ) );
#1212 = ORIENTED_EDGE ( 'NONE', *, *, #7422, .F. ) ;
#1213 = DIRECTION ( 'NONE',  ( -1.000000000000000000, 0.0000000000000000000, 0.0000000000000000000 ) ) ;
#1214 = DIRECTION ( 'NONE',  ( -0.0000000000000000000, -1.000000000000000000, -0.0000000000000000000 ) ) ;
#1215 = FILL_AREA_STYLE ('',( #4923 ) ) ;
#1216 = AXIS2_PLACEMENT_3D ( 'NONE', #2971, #801, #7646 ) ;
#1217 = ADVANCED_FACE ( 'NONE', ( #2394 ), #7924, .F. ) ;
#1218 = AXIS2_PLACEMENT_3D ( 'NONE', #8784, #6556, #5888 ) ;
#1219 = EDGE_CURVE ( 'NONE', #3426, #9616, #408, .T. ) ;
#1220 = CARTESIAN_POINT ( 'NONE',  ( 3.200000000000000178, 0.0000000000000000000, -4.000000000000000000 ) ) ;
#1221 = ORIENTED_EDGE ( 'NONE', *, *, #7437, .F. ) ;
#1222 = PRESENTATION_STYLE_ASSIGNMENT (( #1952 ) ) ;
#1223 = CARTESIAN_POINT ( 'NONE',  ( 1.600000000000000755, 0.1499999999999999667, -0.8000000000000003775 ) ) ;
#1224 = PLANE ( 'NONE',  #2110 ) ;
#1225 = EDGE_CURVE ( 'NONE', #2009, #8792, #5494, .T. ) ;
#1226 = VERTEX_POINT ( 'NONE', #238 ) ;
#1227 =( NAMED_UNIT ( * ) PLANE_ANGLE_UNIT ( ) SI_UNIT ( $, .RADIAN. ) );
#1228 = CIRCLE ( 'NONE', #1420, 0.1414213562373096977 ) ;
#1229 = AXIS2_PLACEMENT_3D ( 'NONE', #260, #1623, #6942 ) ;
#1230 = EDGE_LOOP ( 'NONE', ( #1093, #6790, #6479, #3526 ) ) ;
#1231 = DIRECTION ( 'NONE',  ( -0.0000000000000000000, -1.000000000000000000, -0.0000000000000000000 ) ) ;
#1232 = CARTESIAN_POINT ( 'NONE',  ( -1.741421356237309093, 0.2000000000000005107, 2.400000000000000355 ) ) ;
#1233 = AXIS2_PLACEMENT_3D ( 'NONE', #2743, #4265, #4976 ) ;
#1234 = DIRECTION ( 'NONE',  ( 1.000000000000000000, 0.0000000000000000000, 0.0000000000000000000 ) ) ;
#1235 = STYLED_ITEM ( 'NONE', ( #1604 ), #265 ) ;
#1236 = ORIENTED_EDGE ( 'NONE', *, *, #818, .F. ) ;
#1237 = DIRECTION ( 'NONE',  ( 0.0000000000000000000, 0.0000000000000000000, -1.000000000000000000 ) ) ;
#1238 = DIRECTION ( 'NONE',  ( 1.000000000000000000, 0.0000000000000000000, 0.0000000000000000000 ) ) ;
#1239 = CARTESIAN_POINT ( 'NONE',  ( 3.999999999999999112, 0.1499999999999999667, 3.200000000000000178 ) ) ;
#1240 =( NAMED_UNIT ( * ) PLANE_ANGLE_UNIT ( ) SI_UNIT ( $, .RADIAN. ) );
#1241 = VECTOR ( 'NONE', #1651, 1000.000000000000000 ) ;
#1242 = AXIS2_PLACEMENT_3D ( 'NONE', #235, #4820, #6501 ) ;
#1243 = CARTESIAN_POINT ( 'NONE',  ( -0.7999999999999994893, 0.1499999999999999667, 6.086346753639119761E-18 ) ) ;
#1244 = CLOSED_SHELL ( 'NONE', ( #5275, #1263, #8314 ) ) ;
#1245 = DIRECTION ( 'NONE',  ( 0.0000000000000000000, 0.0000000000000000000, -1.000000000000000000 ) ) ;
#1246 = EDGE_LOOP ( 'NONE', ( #3404, #9499 ) ) ;
#1247 = COLOUR_RGB ( '',0.7921568627450980005, 0.8196078431372548767, 0.9333333333333333481 ) ;
#1248 = AXIS2_PLACEMENT_3D ( 'NONE', #2945, #9440, #2668 ) ;
#1249 = ADVANCED_FACE ( 'NONE', ( #5007 ), #7745, .T. ) ;
#1250 = CARTESIAN_POINT ( 'NONE',  ( 1.599999999999999867, 0.1499999999999999667, 1.599999999999999867 ) ) ;
#1251 = CIRCLE ( 'NONE', #4034, 0.1499999999999999667 ) ;
#1252 = UNCERTAINTY_MEASURE_WITH_UNIT (LENGTH_MEASURE( 1.000000000000000082E-05 ), #3948, 'distance_accuracy_value', 'NONE');
#1253 = DIRECTION ( 'NONE',  ( 1.000000000000000000, -2.891205793294679411E-15, 0.0000000000000000000 ) ) ;
#1254 = FILL_AREA_STYLE_COLOUR ( '', #3114 ) ;
#1255 =( NAMED_UNIT ( * ) SI_UNIT ( $, .STERADIAN. ) SOLID_ANGLE_UNIT ( ) );
#1256 = CLOSED_SHELL ( 'NONE', ( #1179, #3118, #4474 ) ) ;
#1257 = VERTEX_POINT ( 'NONE', #7187 ) ;
#1258 = AXIS2_PLACEMENT_3D ( 'NONE', #6586, #4347, #5145 ) ;
#1259 = SURFACE_STYLE_FILL_AREA ( #1802 ) ;
#1260 = CARTESIAN_POINT ( 'NONE',  ( 2.400000000000000355, 0.2000000000000005107, 4.000000000000000000 ) ) ;
#1261 = DIRECTION ( 'NONE',  ( 0.0000000000000000000, 0.0000000000000000000, -1.000000000000000000 ) ) ;
#1262 = EDGE_LOOP ( 'NONE', ( #8478, #686 ) ) ;
#1263 = ADVANCED_FACE ( 'NONE', ( #7275 ), #8795, .F. ) ;
#1264 = VERTEX_POINT ( 'NONE', #1232 ) ;
#1265 = MANIFOLD_SOLID_BREP ( 'Sketch-Pattern1[69]', #9179 ) ;
#1266 = CARTESIAN_POINT ( 'NONE',  ( -2.400000000000000355, 0.1499999999999999667, 3.200000000000000178 ) ) ;
#1267 = ORIENTED_EDGE ( 'NONE', *, *, #1564, .T. ) ;
#1268 = FACE_OUTER_BOUND ( 'NONE', #4377, .T. ) ;
#1269 = PRESENTATION_LAYER_ASSIGNMENT (  '', '', ( #6874 ) ) ;
#1270 = DIRECTION ( 'NONE',  ( 0.0000000000000000000, 0.0000000000000000000, -1.000000000000000000 ) ) ;
#1271 = FACE_OUTER_BOUND ( 'NONE', #5436, .T. ) ;
#1272 = DIRECTION ( 'NONE',  ( 0.0000000000000000000, 0.0000000000000000000, 1.000000000000000000 ) ) ;
#1273 = VERTEX_POINT ( 'NONE', #8039 ) ;
#1274 = DIRECTION ( 'NONE',  ( 0.0000000000000000000, 0.0000000000000000000, -1.000000000000000000 ) ) ;
#1275 = EDGE_CURVE ( 'NONE', #1446, #6455, #177, .T. ) ;
#1276 = ORIENTED_EDGE ( 'NONE', *, *, #7147, .T. ) ;
#1277 = DIRECTION ( 'NONE',  ( -0.0000000000000000000, -1.000000000000000000, -0.0000000000000000000 ) ) ;
#1278 = COLOUR_RGB ( '',0.7921568627450980005, 0.8196078431372548767, 0.9333333333333333481 ) ;
#1279 = CARTESIAN_POINT ( 'NONE',  ( -1.599999999999998979, 0.1499999999999999667, -3.200000000000000622 ) ) ;
#1280 = EDGE_CURVE ( 'NONE', #2775, #3627, #9585, .T. ) ;
#1281 = PRESENTATION_STYLE_ASSIGNMENT (( #3872 ) ) ;
#1282 = CLOSED_SHELL ( 'NONE', ( #5628, #4142, #5351 ) ) ;
#1283 = CARTESIAN_POINT ( 'NONE',  ( -1.599999999999999867, 0.1499999999999999667, 6.086346753639119761E-18 ) ) ;
#1284 = ORIENTED_EDGE ( 'NONE', *, *, #3386, .F. ) ;
#1285 = AXIS2_PLACEMENT_3D ( 'NONE', #3928, #7017, #6984 ) ;
#1286 = ORIENTED_EDGE ( 'NONE', *, *, #4130, .T. ) ;
#1287 = ADVANCED_FACE ( 'NONE', ( #9701 ), #5762, .F. ) ;
#1288 = DIRECTION ( 'NONE',  ( -0.0000000000000000000, -1.000000000000000000, -0.0000000000000000000 ) ) ;
#1289 = FILL_AREA_STYLE ('',( #535 ) ) ;
#1290 = FACE_OUTER_BOUND ( 'NONE', #8160, .T. ) ;
#1291 = AXIS2_PLACEMENT_3D ( 'NONE', #9257, #2447, #9324 ) ;
#1292 = EDGE_CURVE ( 'NONE', #7906, #7404, #5607, .T. ) ;
#1293 = VERTEX_POINT ( 'NONE', #9533 ) ;
#1294 = AXIS2_PLACEMENT_3D ( 'NONE', #7683, #6897, #86 ) ;
#1295 = ORIENTED_EDGE ( 'NONE', *, *, #8055, .T. ) ;
#1296 = PRESENTATION_LAYER_ASSIGNMENT (  '', '', ( #7568 ) ) ;
#1297 = ORIENTED_EDGE ( 'NONE', *, *, #1416, .T. ) ;
#1298 = CARTESIAN_POINT ( 'NONE',  ( 1.600000000000000755, 0.1499999999999999667, 6.086346753639119761E-18 ) ) ;
#1299 =( LENGTH_UNIT ( ) NAMED_UNIT ( * ) SI_UNIT ( .MILLI., .METRE. ) );
#1300 = FILL_AREA_STYLE_COLOUR ( '', #6010 ) ;
#1301 = ORIENTED_EDGE ( 'NONE', *, *, #4440, .T. ) ;
#1302 = SURFACE_STYLE_FILL_AREA ( #7070 ) ;
#1303 = SURFACE_STYLE_FILL_AREA ( #6715 ) ;
#1304 = MECHANICAL_DESIGN_GEOMETRIC_PRESENTATION_REPRESENTATION (  '', ( #4674 ), #7579 ) ;
#1305 = DIRECTION ( 'NONE',  ( 0.0000000000000000000, 0.0000000000000000000, -1.000000000000000000 ) ) ;
#1306 = CARTESIAN_POINT ( 'NONE',  ( -2.399999999999999467, 0.1499999999999999667, -3.200000000000000622 ) ) ;
#1307 = UNCERTAINTY_MEASURE_WITH_UNIT (LENGTH_MEASURE( 1.000000000000000082E-05 ), #7742, 'distance_accuracy_value', 'NONE');
#1308 = DIRECTION ( 'NONE',  ( -1.000000000000000000, 0.0000000000000000000, 0.0000000000000000000 ) ) ;
#1309 = CARTESIAN_POINT ( 'NONE',  ( -2.258578643762690241, 0.2000000000000005107, -0.8000000000000003775 ) ) ;
#1310 = ADVANCED_FACE ( 'NONE', ( #7963 ), #6497, .F. ) ;
#1311 = VERTEX_POINT ( 'NONE', #9445 ) ;
#1312 = CARTESIAN_POINT ( 'NONE',  ( 3.200000000000000622, 0.1499999999999999667, -0.8000000000000003775 ) ) ;
#1313 = STYLED_ITEM ( 'NONE', ( #8392 ), #3628 ) ;
#1314 = FACE_OUTER_BOUND ( 'NONE', #4940, .T. ) ;
#1315 = SPHERICAL_SURFACE ( 'NONE', #6234, 0.1499999999999999667 ) ;
#1316 = CARTESIAN_POINT ( 'NONE',  ( -2.541421356237309581, 0.2000000000000005107, 3.200000000000000178 ) ) ;
#1317 =( LENGTH_UNIT ( ) NAMED_UNIT ( * ) SI_UNIT ( .MILLI., .METRE. ) );
#1318 = EDGE_CURVE ( 'NONE', #8792, #8721, #3246, .T. ) ;
#1319 = DIRECTION ( 'NONE',  ( 0.0000000000000000000, 0.0000000000000000000, -1.000000000000000000 ) ) ;
#1320 = CARTESIAN_POINT ( 'NONE',  ( 0.0000000000000000000, 0.1499999999999999667, 3.200000000000000178 ) ) ;
#1321 =( NAMED_UNIT ( * ) SI_UNIT ( $, .STERADIAN. ) SOLID_ANGLE_UNIT ( ) );
#1322 = CARTESIAN_POINT ( 'NONE',  ( 2.541421356237311358, 0.2000000000000005107, -4.000000000000000000 ) ) ;
#1323 = MANIFOLD_SOLID_BREP ( 'Sketch-Pattern1[51]', #5125 ) ;
#1324 = AXIS2_PLACEMENT_3D ( 'NONE', #5655, #7204, #2572 ) ;
#1325 = DIRECTION ( 'NONE',  ( 0.0000000000000000000, -1.000000000000000000, -0.0000000000000000000 ) ) ;
#1326 = ORIENTED_EDGE ( 'NONE', *, *, #8861, .F. ) ;
#1327 = FILL_AREA_STYLE_COLOUR ( '', #808 ) ;
#1328 = AXIS2_PLACEMENT_3D ( 'NONE', #1638, #5342, #6114 ) ;
#1329 = LINE ( 'NONE', #5418, #5234 ) ;
#1330 = AXIS2_PLACEMENT_3D ( 'NONE', #1403, #2844, #5042 ) ;
#1331 = STYLED_ITEM ( 'NONE', ( #6273 ), #7229 ) ;
#1332 = SURFACE_STYLE_FILL_AREA ( #2571 ) ;
#1333 = CARTESIAN_POINT ( 'NONE',  ( 3.999999999999999112, 0.1499999999999999667, 1.599999999999999867 ) ) ;
#1334 = EDGE_LOOP ( 'NONE', ( #2541, #2785, #3347 ) ) ;
#1335 = CIRCLE ( 'NONE', #1185, 0.1499999999999999667 ) ;
#1336 = EDGE_CURVE ( 'NONE', #2296, #7847, #7492, .T. ) ;
#1337 = DIRECTION ( 'NONE',  ( 0.0000000000000000000, 0.0000000000000000000, -1.000000000000000000 ) ) ;
#1338 = CARTESIAN_POINT ( 'NONE',  ( -1.599999999999998979, 0.1499999999999999667, -3.200000000000000622 ) ) ;
#1339 = ORIENTED_EDGE ( 'NONE', *, *, #1735, .T. ) ;
#1340 = SPHERICAL_SURFACE ( 'NONE', #9187, 0.1499999999999999667 ) ;
#1341 = AXIS2_PLACEMENT_3D ( 'NONE', #5287, #8316, #6895 ) ;
#1342 = DIRECTION ( 'NONE',  ( 0.0000000000000000000, 0.0000000000000000000, 1.000000000000000000 ) ) ;
#1343 = DIRECTION ( 'NONE',  ( 0.0000000000000000000, 0.0000000000000000000, -1.000000000000000000 ) ) ;
#1344 = CARTESIAN_POINT ( 'NONE',  ( 3.200000000000000178, 0.0000000000000000000, 4.000000000000000000 ) ) ;
#1345 = CIRCLE ( 'NONE', #5148, 0.1414213562373096977 ) ;
#1346 =( LENGTH_UNIT ( ) NAMED_UNIT ( * ) SI_UNIT ( .MILLI., .METRE. ) );
#1347 = EDGE_LOOP ( 'NONE', ( #4528, #1163, #242 ) ) ;
#1348 = CIRCLE ( 'NONE', #2046, 0.1499999999999999667 ) ;
#1349 = AXIS2_PLACEMENT_3D ( 'NONE', #5548, #8533, #296 ) ;
#1350 = VERTEX_POINT ( 'NONE', #9501 ) ;
#1351 = FACE_OUTER_BOUND ( 'NONE', #6096, .T. ) ;
#1352 = EDGE_CURVE ( 'NONE', #9055, #6132, #9258, .T. ) ;
#1353 =( NAMED_UNIT ( * ) SI_UNIT ( $, .STERADIAN. ) SOLID_ANGLE_UNIT ( ) );
#1354 = CARTESIAN_POINT ( 'NONE',  ( -0.1414213562373083932, 0.2000000000000005107, -2.400000000000000355 ) ) ;
#1355 = DIRECTION ( 'NONE',  ( -0.0000000000000000000, -1.000000000000000000, -0.0000000000000000000 ) ) ;
#1356 = PLANE ( 'NONE',  #2722 ) ;
#1357 = ORIENTED_EDGE ( 'NONE', *, *, #818, .T. ) ;
#1358 = SURFACE_STYLE_USAGE ( .BOTH. , #600 ) ;
#1359 = FACE_OUTER_BOUND ( 'NONE', #5413, .T. ) ;
#1360 = PLANE ( 'NONE',  #7482 ) ;
#1361 = AXIS2_PLACEMENT_3D ( 'NONE', #6821, #6165, #1644 ) ;
#1362 = ADVANCED_FACE ( 'NONE', ( #9013 ), #9634, .F. ) ;
#1363 = ORIENTED_EDGE ( 'NONE', *, *, #1721, .T. ) ;
#1364 = ORIENTED_EDGE ( 'NONE', *, *, #7828, .F. ) ;
#1365 = DIRECTION ( 'NONE',  ( -0.0000000000000000000, -1.000000000000000000, -0.0000000000000000000 ) ) ;
#1366 =( NAMED_UNIT ( * ) SI_UNIT ( $, .STERADIAN. ) SOLID_ANGLE_UNIT ( ) );
#1367 = STYLED_ITEM ( 'NONE', ( #60 ), #1265 ) ;
#1368 = DIRECTION ( 'NONE',  ( 1.000000000000000000, -2.891205793294679411E-15, 0.0000000000000000000 ) ) ;
#1369 = SURFACE_STYLE_FILL_AREA ( #4523 ) ;
#1370 = AXIS2_PLACEMENT_3D ( 'NONE', #7173, #1141, #1198 ) ;
#1371 = CARTESIAN_POINT ( 'NONE',  ( 3.200000000000000178, 0.0000000000000000000, -1.599999999999999867 ) ) ;
#1372 = EDGE_LOOP ( 'NONE', ( #8529, #7522, #924 ) ) ;
#1373 = SURFACE_SIDE_STYLE ('',( #2193 ) ) ;
#1374 = ORIENTED_EDGE ( 'NONE', *, *, #8783, .T. ) ;
#1375 = STYLED_ITEM ( 'NONE', ( #9277 ), #5815 ) ;
#1376 = FILL_AREA_STYLE ('',( #9671 ) ) ;
#1377 = PRESENTATION_LAYER_ASSIGNMENT (  '', '', ( #879 ) ) ;
#1378 = SURFACE_SIDE_STYLE ('',( #8890 ) ) ;
#1379 = SPHERICAL_SURFACE ( 'NONE', #9464, 0.1499999999999999667 ) ;
#1380 = SURFACE_SIDE_STYLE ('',( #8167 ) ) ;
#1381 = UNCERTAINTY_MEASURE_WITH_UNIT (LENGTH_MEASURE( 1.000000000000000082E-05 ), #5820, 'distance_accuracy_value', 'NONE');
#1382 = VERTEX_POINT ( 'NONE', #2946 ) ;
#1383 = CIRCLE ( 'NONE', #6539, 0.1499999999999999667 ) ;
#1384 = CIRCLE ( 'NONE', #8518, 0.1414213562373092536 ) ;
#1385 = CARTESIAN_POINT ( 'NONE',  ( 0.8000000000000012657, 0.1499999999999999667, -3.200000000000000622 ) ) ;
#1386 = CARTESIAN_POINT ( 'NONE',  ( -1.599999999999999867, 0.2000000000000005107, 6.086346753639119761E-18 ) ) ;
#1387 = CARTESIAN_POINT ( 'NONE',  ( -3.000000000000000000, 0.2000000000000005107, -3.399999999999999467 ) ) ;
#1388 = CARTESIAN_POINT ( 'NONE',  ( 3.400000000000002132, 0.2000000000000005107, -5.799999999999999822 ) ) ;
#1389 = EDGE_LOOP ( 'NONE', ( #9189, #5872 ) ) ;
#1390 = DIRECTION ( 'NONE',  ( 1.224646799147353207E-16, -3.540705920434613265E-31, -1.000000000000000000 ) ) ;
#1391 =( GEOMETRIC_REPRESENTATION_CONTEXT ( 3 ) GLOBAL_UNCERTAINTY_ASSIGNED_CONTEXT ( ( #1968 ) ) GLOBAL_UNIT_ASSIGNED_CONTEXT ( ( #9606, #3583, #9568 ) ) REPRESENTATION_CONTEXT ( 'NONE', 'WORKASPACE' ) );
#1392 = VERTEX_POINT ( 'NONE', #5198 ) ;
#1393 = DIRECTION ( 'NONE',  ( -0.0000000000000000000, -1.000000000000000000, -0.0000000000000000000 ) ) ;
#1394 = VERTEX_POINT ( 'NONE', #4323 ) ;
#1395 = VERTEX_POINT ( 'NONE', #6700 ) ;
#1396 = CIRCLE ( 'NONE', #4557, 0.1414213562373092536 ) ;
#1397 = PLANE ( 'NONE',  #1248 ) ;
#1398 = DIRECTION ( 'NONE',  ( -0.0000000000000000000, -1.000000000000000000, -0.0000000000000000000 ) ) ;
#1399 = ORIENTED_EDGE ( 'NONE', *, *, #3624, .F. ) ;
#1400 = ORIENTED_EDGE ( 'NONE', *, *, #6994, .F. ) ;
#1401 = ORIENTED_EDGE ( 'NONE', *, *, #6755, .F. ) ;
#1402 = AXIS2_PLACEMENT_3D ( 'NONE', #1551, #8320, #127 ) ;
#1403 = CARTESIAN_POINT ( 'NONE',  ( 0.8000000000000012657, 0.1499999999999999667, -4.000000000000000000 ) ) ;
#1404 = DIRECTION ( 'NONE',  ( -0.0000000000000000000, -1.000000000000000000, -0.0000000000000000000 ) ) ;
#1405 = AXIS2_PLACEMENT_3D ( 'NONE', #6020, #6717, #8928 ) ;
#1406 = DIRECTION ( 'NONE',  ( 0.0000000000000000000, 0.0000000000000000000, -1.000000000000000000 ) ) ;
#1407 = CARTESIAN_POINT ( 'NONE',  ( -1.599999999999999867, 0.1499999999999999667, 3.200000000000000178 ) ) ;
#1408 = PRESENTATION_STYLE_ASSIGNMENT (( #5553 ) ) ;
#1409 = EDGE_CURVE ( 'NONE', #7439, #7718, #2991, .T. ) ;
#1410 =( NAMED_UNIT ( * ) SI_UNIT ( $, .STERADIAN. ) SOLID_ANGLE_UNIT ( ) );
#1411 = EDGE_LOOP ( 'NONE', ( #4240, #8929 ) ) ;
#1412 = ADVANCED_FACE ( 'NONE', ( #1007 ), #2267, .T. ) ;
#1413 = CARTESIAN_POINT ( 'NONE',  ( -3.199999999999999289, 0.1499999999999999667, -1.599999999999999867 ) ) ;
#1414 = ORIENTED_EDGE ( 'NONE', *, *, #3453, .F. ) ;
#1415 = DIRECTION ( 'NONE',  ( 0.0000000000000000000, 0.0000000000000000000, -1.000000000000000000 ) ) ;
#1416 = EDGE_CURVE ( 'NONE', #2115, #2224, #4176, .T. ) ;
#1417 = CARTESIAN_POINT ( 'NONE',  ( 0.0000000000000000000, 0.1499999999999999667, 4.000000000000000000 ) ) ;
#1418 = ORIENTED_EDGE ( 'NONE', *, *, #8368, .T. ) ;
#1419 = DIRECTION ( 'NONE',  ( 0.0000000000000000000, 0.0000000000000000000, 1.000000000000000000 ) ) ;
#1420 = AXIS2_PLACEMENT_3D ( 'NONE', #2967, #1609, #4017 ) ;
#1421 = DIRECTION ( 'NONE',  ( -0.0000000000000000000, -1.000000000000000000, -0.0000000000000000000 ) ) ;
#1422 = CIRCLE ( 'NONE', #8662, 0.1499999999999999667 ) ;
#1423 = EDGE_LOOP ( 'NONE', ( #2148, #8487 ) ) ;
#1424 = FACE_OUTER_BOUND ( 'NONE', #9555, .T. ) ;
#1425 =( LENGTH_UNIT ( ) NAMED_UNIT ( * ) SI_UNIT ( .MILLI., .METRE. ) );
#1426 = DIRECTION ( 'NONE',  ( 1.224646799147353207E-16, -3.540705920434613265E-31, -1.000000000000000000 ) ) ;
#1427 = AXIS2_PLACEMENT_3D ( 'NONE', #8273, #43, #3021 ) ;
#1428 = MECHANICAL_DESIGN_GEOMETRIC_PRESENTATION_REPRESENTATION (  '', ( #7568 ), #1816 ) ;
#1429 = EDGE_LOOP ( 'NONE', ( #917, #5521 ) ) ;
#1430 = CARTESIAN_POINT ( 'NONE',  ( -3.199999999999999734, 0.1499999999999999667, -0.8000000000000003775 ) ) ;
#1431 = AXIS2_PLACEMENT_3D ( 'NONE', #7600, #9076, #6932 ) ;
#1432 = CARTESIAN_POINT ( 'NONE',  ( -1.599999999999999867, 0.1499999999999999667, -0.8000000000000003775 ) ) ;
#1433 = COLOUR_RGB ( '',0.7921568627450980005, 0.8196078431372548767, 0.9333333333333333481 ) ;
#1434 = UNCERTAINTY_MEASURE_WITH_UNIT (LENGTH_MEASURE( 1.000000000000000082E-05 ), #2359, 'distance_accuracy_value', 'NONE');
#1435 = ADVANCED_FACE ( 'NONE', ( #7057 ), #4778, .T. ) ;
#1436 = DIRECTION ( 'NONE',  ( 0.0000000000000000000, 0.0000000000000000000, 1.000000000000000000 ) ) ;
#1437 = AXIS2_PLACEMENT_3D ( 'NONE', #3769, #5297, #736 ) ;
#1438 =( NAMED_UNIT ( * ) SI_UNIT ( $, .STERADIAN. ) SOLID_ANGLE_UNIT ( ) );
#1439 = VERTEX_POINT ( 'NONE', #2872 ) ;
#1440 = CIRCLE ( 'NONE', #1528, 0.1499999999999999667 ) ;
#1441 = FILL_AREA_STYLE ('',( #6782 ) ) ;
#1442 = FILL_AREA_STYLE_COLOUR ( '', #6225 ) ;
#1443 = DIRECTION ( 'NONE',  ( -1.000000000000000000, 0.0000000000000000000, 0.0000000000000000000 ) ) ;
#1444 = MANIFOLD_SOLID_BREP ( 'Sketch-Pattern1[8]', #563 ) ;
#1445 = AXIS2_PLACEMENT_3D ( 'NONE', #6857, #9135, #927 ) ;
#1446 = VERTEX_POINT ( 'NONE', #634 ) ;
#1447 = FACE_OUTER_BOUND ( 'NONE', #8642, .T. ) ;
#1448 = DIRECTION ( 'NONE',  ( 1.000000000000000000, -2.891205793294679411E-15, 0.0000000000000000000 ) ) ;
#1449 = DIRECTION ( 'NONE',  ( 1.224646799147353207E-16, -3.540705920434613265E-31, -1.000000000000000000 ) ) ;
#1450 = DIRECTION ( 'NONE',  ( 0.0000000000000000000, 0.0000000000000000000, -1.000000000000000000 ) ) ;
#1451 = DIRECTION ( 'NONE',  ( 0.0000000000000000000, 0.0000000000000000000, -1.000000000000000000 ) ) ;
#1452 = DIRECTION ( 'NONE',  ( -1.000000000000000000, 0.0000000000000000000, 0.0000000000000000000 ) ) ;
#1453 = ORIENTED_EDGE ( 'NONE', *, *, #8783, .F. ) ;
#1454 = ADVANCED_FACE ( 'NONE', ( #6801 ), #4405, .T. ) ;
#1455 = DIRECTION ( 'NONE',  ( 1.000000000000000000, -2.891205793294679411E-15, 0.0000000000000000000 ) ) ;
#1456 = AXIS2_PLACEMENT_3D ( 'NONE', #8717, #9519, #489 ) ;
#1457 = DIRECTION ( 'NONE',  ( 1.000000000000000000, 0.0000000000000000000, 0.0000000000000000000 ) ) ;
#1458 = EDGE_LOOP ( 'NONE', ( #1140, #4232, #8333 ) ) ;
#1459 = COLOUR_RGB ( '',0.7921568627450980005, 0.8196078431372548767, 0.9333333333333333481 ) ;
#1460 = DIRECTION ( 'NONE',  ( -0.0000000000000000000, -1.000000000000000000, -0.0000000000000000000 ) ) ;
#1461 = FACE_OUTER_BOUND ( 'NONE', #2411, .T. ) ;
#1462 = EDGE_CURVE ( 'NONE', #7296, #838, #6543, .T. ) ;
#1463 = ORIENTED_EDGE ( 'NONE', *, *, #3489, .F. ) ;
#1464 = FACE_OUTER_BOUND ( 'NONE', #8130, .T. ) ;
#1465 = DIRECTION ( 'NONE',  ( 0.0000000000000000000, 0.0000000000000000000, 1.000000000000000000 ) ) ;
#1466 = DIRECTION ( 'NONE',  ( 0.0000000000000000000, 0.0000000000000000000, -1.000000000000000000 ) ) ;
#1467 = EDGE_CURVE ( 'NONE', #1670, #1311, #2737, .T. ) ;
#1468 = CARTESIAN_POINT ( 'NONE',  ( -0.7999999999999994893, 0.2000000000000005107, 1.599999999999999867 ) ) ;
#1469 = FACE_OUTER_BOUND ( 'NONE', #5131, .T. ) ;
#1470 = MECHANICAL_DESIGN_GEOMETRIC_PRESENTATION_REPRESENTATION (  '', ( #644 ), #1000 ) ;
#1471 = CARTESIAN_POINT ( 'NONE',  ( -4.141421356237308338, 0.2000000000000005107, -1.123277437107072623E-17 ) ) ;
#1472 = EDGE_LOOP ( 'NONE', ( #9293, #7348, #2270 ) ) ;
#1473 = CIRCLE ( 'NONE', #9208, 0.1499999999999999667 ) ;
#1474 = EDGE_CURVE ( 'NONE', #7500, #339, #8669, .T. ) ;
#1475 = CARTESIAN_POINT ( 'NONE',  ( -3.199999999999999734, 0.2000000000000005107, 0.7999999999999999334 ) ) ;
#1476 = SURFACE_STYLE_FILL_AREA ( #7747 ) ;
#1477 = CARTESIAN_POINT ( 'NONE',  ( -4.000000000000000000, 0.1499999999999999667, 1.599999999999999867 ) ) ;
#1478 = ADVANCED_FACE ( 'NONE', ( #3239 ), #5832, .F. ) ;
#1479 = DIRECTION ( 'NONE',  ( 0.0000000000000000000, 0.0000000000000000000, -1.000000000000000000 ) ) ;
#1480 = CARTESIAN_POINT ( 'NONE',  ( 1.000000000000000888, 0.2000000000000005107, -8.199999999999999289 ) ) ;
#1481 = CIRCLE ( 'NONE', #6177, 0.1414213562373092536 ) ;
#1482 = ORIENTED_EDGE ( 'NONE', *, *, #5073, .T. ) ;
#1483 = DIRECTION ( 'NONE',  ( 0.0000000000000000000, 0.0000000000000000000, -1.000000000000000000 ) ) ;
#1484 = EDGE_LOOP ( 'NONE', ( #2265, #9530, #9737 ) ) ;
#1485 = SURFACE_STYLE_FILL_AREA ( #792 ) ;
#1486 = DIRECTION ( 'NONE',  ( -0.0000000000000000000, -1.000000000000000000, -0.0000000000000000000 ) ) ;
#1487 = CIRCLE ( 'NONE', #6788, 0.1414213562373092536 ) ;
#1488 = ORIENTED_EDGE ( 'NONE', *, *, #5658, .F. ) ;
#1489 =( NAMED_UNIT ( * ) SI_UNIT ( $, .STERADIAN. ) SOLID_ANGLE_UNIT ( ) );
#1490 = DIRECTION ( 'NONE',  ( 0.0000000000000000000, 0.0000000000000000000, 1.000000000000000000 ) ) ;
#1491 = ORIENTED_EDGE ( 'NONE', *, *, #5374, .T. ) ;
#1492 = DIRECTION ( 'NONE',  ( -1.000000000000000000, 0.0000000000000000000, 0.0000000000000000000 ) ) ;
#1493 = AXIS2_PLACEMENT_3D ( 'NONE', #2731, #6632, #438 ) ;
#1494 = ORIENTED_EDGE ( 'NONE', *, *, #9617, .F. ) ;
#1495 = SURFACE_STYLE_FILL_AREA ( #6873 ) ;
#1496 = ORIENTED_EDGE ( 'NONE', *, *, #6297, .F. ) ;
#1497 = FACE_OUTER_BOUND ( 'NONE', #5483, .T. ) ;
#1498 = AXIS2_PLACEMENT_3D ( 'NONE', #9416, #1342, #9670 ) ;
#1499 = CARTESIAN_POINT ( 'NONE',  ( -2.541421356237308249, 0.2000000000000005107, -4.000000000000000000 ) ) ;
#1500 = ORIENTED_EDGE ( 'NONE', *, *, #7132, .T. ) ;
#1501 = DIRECTION ( 'NONE',  ( 0.0000000000000000000, 0.0000000000000000000, -1.000000000000000000 ) ) ;
#1502 = PRESENTATION_STYLE_ASSIGNMENT (( #9640 ) ) ;
#1503 = ADVANCED_FACE ( 'NONE', ( #2385 ), #5228, .F. ) ;
#1504 = CARTESIAN_POINT ( 'NONE',  ( 3.200000000000000622, 0.1499999999999999667, 4.000000000000000000 ) ) ;
#1505 = EDGE_CURVE ( 'NONE', #5536, #7788, #1335, .T. ) ;
#1506 = ORIENTED_EDGE ( 'NONE', *, *, #1538, .F. ) ;
#1507 = PRESENTATION_LAYER_ASSIGNMENT (  '', '', ( #2827 ) ) ;
#1508 = CIRCLE ( 'NONE', #9436, 0.1499999999999999667 ) ;
#1509 = SURFACE_SIDE_STYLE ('',( #2933 ) ) ;
#1510 = EDGE_LOOP ( 'NONE', ( #5533, #4896, #6662 ) ) ;
#1511 = CARTESIAN_POINT ( 'NONE',  ( 3.999999999999999112, 0.1499999999999999667, 6.086346753639119761E-18 ) ) ;
#1512 = CARTESIAN_POINT ( 'NONE',  ( 0.6585786437626919287, 0.2000000000000005107, -0.8000000000000003775 ) ) ;
#1513 = ORIENTED_EDGE ( 'NONE', *, *, #6115, .T. ) ;
#1514 = PLANE ( 'NONE',  #1732 ) ;
#1515 = CARTESIAN_POINT ( 'NONE',  ( 4.428657199878068407E-16, 0.0000000000000000000, -3.200000000000000622 ) ) ;
#1516 = AXIS2_PLACEMENT_3D ( 'NONE', #3399, #9448, #2621 ) ;
#1517 = CIRCLE ( 'NONE', #7386, 0.1414213562373096977 ) ;
#1518 = CARTESIAN_POINT ( 'NONE',  ( 3.200000000000000622, 0.1499999999999999667, 6.086346753639119761E-18 ) ) ;
#1519 = DIRECTION ( 'NONE',  ( -0.0000000000000000000, -1.000000000000000000, -0.0000000000000000000 ) ) ;
#1520 =( NAMED_UNIT ( * ) SI_UNIT ( $, .STERADIAN. ) SOLID_ANGLE_UNIT ( ) );
#1521 = ORIENTED_EDGE ( 'NONE', *, *, #2036, .T. ) ;
#1522 = CIRCLE ( 'NONE', #970, 0.1414213562373092536 ) ;
#1523 = ORIENTED_EDGE ( 'NONE', *, *, #5242, .T. ) ;
#1524 = EDGE_CURVE ( 'NONE', #7341, #3170, #3352, .T. ) ;
#1525 = ORIENTED_EDGE ( 'NONE', *, *, #5535, .F. ) ;
#1526 = CIRCLE ( 'NONE', #5640, 0.1414213562373092536 ) ;
#1527 = FILL_AREA_STYLE_COLOUR ( '', #2439 ) ;
#1528 = AXIS2_PLACEMENT_3D ( 'NONE', #8187, #5219, #3603 ) ;
#1529 = ORIENTED_EDGE ( 'NONE', *, *, #8569, .T. ) ;
#1530 = ADVANCED_FACE ( 'NONE', ( #8537 ), #4766, .T. ) ;
#1531 = CARTESIAN_POINT ( 'NONE',  ( -2.399999999999999911, 0.2000000000000005107, 2.400000000000000355 ) ) ;
#1532 = ORIENTED_EDGE ( 'NONE', *, *, #6920, .T. ) ;
#1533 = AXIS2_PLACEMENT_3D ( 'NONE', #2263, #3860, #4560 ) ;
#1534 = ORIENTED_EDGE ( 'NONE', *, *, #6802, .T. ) ;
#1535 = AXIS2_PLACEMENT_3D ( 'NONE', #2122, #1450, #4522 ) ;
#1536 =( LENGTH_UNIT ( ) NAMED_UNIT ( * ) SI_UNIT ( .MILLI., .METRE. ) );
#1537 = AXIS2_PLACEMENT_3D ( 'NONE', #7582, #1563, #812 ) ;
#1538 = EDGE_CURVE ( 'NONE', #4890, #5639, #9130, .T. ) ;
#1539 = CARTESIAN_POINT ( 'NONE',  ( -3.999999999999999112, 0.1499999999999999667, -0.8000000000000003775 ) ) ;
#1540 = PLANE ( 'NONE',  #5761 ) ;
#1541 = EDGE_CURVE ( 'NONE', #552, #328, #1692, .T. ) ;
#1542 = EDGE_LOOP ( 'NONE', ( #1960, #7608, #6901 ) ) ;
#1543 = FACE_OUTER_BOUND ( 'NONE', #5181, .T. ) ;
#1544 = CIRCLE ( 'NONE', #5573, 0.1414213562373092536 ) ;
#1545 = DIRECTION ( 'NONE',  ( 0.0000000000000000000, 0.0000000000000000000, -1.000000000000000000 ) ) ;
#1546 = CARTESIAN_POINT ( 'NONE',  ( 3.999999999999999112, 0.1499999999999999667, 1.599999999999999867 ) ) ;
#1547 = DIRECTION ( 'NONE',  ( -0.0000000000000000000, -1.000000000000000000, -0.0000000000000000000 ) ) ;
#1548 = SURFACE_STYLE_USAGE ( .BOTH. , #6086 ) ;
#1549 = CARTESIAN_POINT ( 'NONE',  ( -0.7999999999999999334, 0.0000000000000000000, 2.400000000000000355 ) ) ;
#1550 = CARTESIAN_POINT ( 'NONE',  ( 4.200000000000000178, 0.2000000000000005107, -1.799999999999999156 ) ) ;
#1551 = CARTESIAN_POINT ( 'NONE',  ( -1.599999999999998979, 0.1499999999999999667, -1.599999999999999867 ) ) ;
#1552 = EDGE_LOOP ( 'NONE', ( #678, #1072 ) ) ;
#1553 = DIRECTION ( 'NONE',  ( 0.0000000000000000000, -1.000000000000000000, -0.0000000000000000000 ) ) ;
#1554 = CIRCLE ( 'NONE', #5585, 0.1414213562373092536 ) ;
#1555 = AXIS2_PLACEMENT_3D ( 'NONE', #1298, #7393, #3678 ) ;
#1556 = UNCERTAINTY_MEASURE_WITH_UNIT (LENGTH_MEASURE( 1.000000000000000082E-05 ), #428, 'distance_accuracy_value', 'NONE');
#1557 = ADVANCED_FACE ( 'NONE', ( #4518 ), #706, .F. ) ;
#1558 = AXIS2_PLACEMENT_3D ( 'NONE', #2755, #618, #2852 ) ;
#1559 = CARTESIAN_POINT ( 'NONE',  ( -3.058578643762690508, 0.2000000000000005107, 3.200000000000000178 ) ) ;
#1560 = ORIENTED_EDGE ( 'NONE', *, *, #3630, .T. ) ;
#1561 = AXIS2_PLACEMENT_3D ( 'NONE', #8624, #5562, #1795 ) ;
#1562 = PRESENTATION_STYLE_ASSIGNMENT (( #2700 ) ) ;
#1563 = DIRECTION ( 'NONE',  ( 0.0000000000000000000, 0.0000000000000000000, -1.000000000000000000 ) ) ;
#1564 = EDGE_CURVE ( 'NONE', #1601, #5663, #5003, .T. ) ;
#1565 = MANIFOLD_SOLID_BREP ( 'Sketch-Pattern1[84]', #2096 ) ;
#1566 =( NAMED_UNIT ( * ) SI_UNIT ( $, .STERADIAN. ) SOLID_ANGLE_UNIT ( ) );
#1567 = AXIS2_PLACEMENT_3D ( 'NONE', #7049, #8523, #3996 ) ;
#1568 = DIRECTION ( 'NONE',  ( 0.0000000000000000000, 0.0000000000000000000, -1.000000000000000000 ) ) ;
#1569 = EDGE_LOOP ( 'NONE', ( #3095, #6952, #112 ) ) ;
#1570 = SURFACE_SIDE_STYLE ('',( #4294 ) ) ;
#1571 = EDGE_LOOP ( 'NONE', ( #5358, #6941, #1639 ) ) ;
#1572 = AXIS2_PLACEMENT_3D ( 'NONE', #3632, #8892, #9652 ) ;
#1573 = PLANE ( 'NONE',  #1945 ) ;
#1574 = DIRECTION ( 'NONE',  ( -0.0000000000000000000, -1.000000000000000000, -0.0000000000000000000 ) ) ;
#1575 = CARTESIAN_POINT ( 'NONE',  ( 4.000000000000002665, 0.1499999999999999667, -4.000000000000000000 ) ) ;
#1576 = ADVANCED_FACE ( 'NONE', ( #5231 ), #6906, .F. ) ;
#1577 = CARTESIAN_POINT ( 'NONE',  ( -1.599999999999998979, 0.2000000000000005107, -4.000000000000000000 ) ) ;
#1578 = ORIENTED_EDGE ( 'NONE', *, *, #4745, .F. ) ;
#1579 = CARTESIAN_POINT ( 'NONE',  ( 0.8000000000000003775, 0.1499999999999999667, 3.200000000000000178 ) ) ;
#1580 =( LENGTH_UNIT ( ) NAMED_UNIT ( * ) SI_UNIT ( .MILLI., .METRE. ) );
#1581 = SURFACE_SIDE_STYLE ('',( #1136 ) ) ;
#1582 = CARTESIAN_POINT ( 'NONE',  ( -3.199999999999999734, 0.2000000000000005107, 6.086346753639119761E-18 ) ) ;
#1583 = SPHERICAL_SURFACE ( 'NONE', #828, 0.1499999999999999667 ) ;
#1584 = ORIENTED_EDGE ( 'NONE', *, *, #6368, .T. ) ;
#1585 =( NAMED_UNIT ( * ) SI_UNIT ( $, .STERADIAN. ) SOLID_ANGLE_UNIT ( ) );
#1586 =( GEOMETRIC_REPRESENTATION_CONTEXT ( 3 ) GLOBAL_UNCERTAINTY_ASSIGNED_CONTEXT ( ( #4954 ) ) GLOBAL_UNIT_ASSIGNED_CONTEXT ( ( #268, #5633, #2608 ) ) REPRESENTATION_CONTEXT ( 'NONE', 'WORKASPACE' ) );
#1587 = CARTESIAN_POINT ( 'NONE',  ( -3.199999999999999289, 0.2000000000000005107, -2.400000000000000355 ) ) ;
#1588 = CIRCLE ( 'NONE', #3772, 0.1499999999999999667 ) ;
#1589 = EDGE_CURVE ( 'NONE', #2192, #3320, #743, .T. ) ;
#1590 = DIRECTION ( 'NONE',  ( 0.0000000000000000000, -1.000000000000000000, -0.0000000000000000000 ) ) ;
#1591 = CIRCLE ( 'NONE', #4959, 0.1499999999999999667 ) ;
#1592 = DIRECTION ( 'NONE',  ( -1.000000000000000000, 0.0000000000000000000, 0.0000000000000000000 ) ) ;
#1593 = ORIENTED_EDGE ( 'NONE', *, *, #5338, .F. ) ;
#1594 = AXIS2_PLACEMENT_3D ( 'NONE', #6694, #6663, #4292 ) ;
#1595 = EDGE_CURVE ( 'NONE', #1193, #2302, #8773, .T. ) ;
#1596 = DIRECTION ( 'NONE',  ( 0.0000000000000000000, -1.000000000000000000, -0.0000000000000000000 ) ) ;
#1597 = DIRECTION ( 'NONE',  ( -1.000000000000000000, 0.0000000000000000000, 0.0000000000000000000 ) ) ;
#1598 = SURFACE_STYLE_USAGE ( .BOTH. , #5343 ) ;
#1599 = MECHANICAL_DESIGN_GEOMETRIC_PRESENTATION_REPRESENTATION (  '', ( #6885 ), #9376 ) ;
#1600 = ADVANCED_FACE ( 'NONE', ( #6210 ), #5702, .T. ) ;
#1601 = VERTEX_POINT ( 'NONE', #8231 ) ;
#1602 = SPHERICAL_SURFACE ( 'NONE', #4250, 0.1499999999999999667 ) ;
#1603 = ORIENTED_EDGE ( 'NONE', *, *, #6316, .T. ) ;
#1604 = PRESENTATION_STYLE_ASSIGNMENT (( #6657 ) ) ;
#1605 = STYLED_ITEM ( 'NONE', ( #126 ), #4854 ) ;
#1606 = DIRECTION ( 'NONE',  ( 0.0000000000000000000, -1.000000000000000000, -0.0000000000000000000 ) ) ;
#1607 = DIRECTION ( 'NONE',  ( 1.000000000000000000, -2.891205793294679411E-15, 0.0000000000000000000 ) ) ;
#1608 = STYLED_ITEM ( 'NONE', ( #3266 ), #720 ) ;
#1609 = DIRECTION ( 'NONE',  ( -0.0000000000000000000, -1.000000000000000000, -0.0000000000000000000 ) ) ;
#1610 = DIRECTION ( 'NONE',  ( 0.0000000000000000000, 0.0000000000000000000, -1.000000000000000000 ) ) ;
#1611 = FACE_OUTER_BOUND ( 'NONE', #4210, .T. ) ;
#1612 =( NAMED_UNIT ( * ) SI_UNIT ( $, .STERADIAN. ) SOLID_ANGLE_UNIT ( ) );
#1613 = EDGE_CURVE ( 'NONE', #3173, #4002, #4168, .T. ) ;
#1614 = DIRECTION ( 'NONE',  ( 0.0000000000000000000, 0.0000000000000000000, -1.000000000000000000 ) ) ;
#1615 = DIRECTION ( 'NONE',  ( 0.0000000000000000000, -1.000000000000000000, -0.0000000000000000000 ) ) ;
#1616 = EDGE_LOOP ( 'NONE', ( #9167, #8166, #795 ) ) ;
#1617 = ORIENTED_EDGE ( 'NONE', *, *, #1474, .F. ) ;
#1618 = DIRECTION ( 'NONE',  ( 1.000000000000000000, -0.0000000000000000000, -8.673617379884035472E-17 ) ) ;
#1619 = CARTESIAN_POINT ( 'NONE',  ( -0.7999999999999994893, 0.1499999999999999667, -0.8000000000000003775 ) ) ;
#1620 = PRESENTATION_STYLE_ASSIGNMENT (( #187 ) ) ;
#1621 = VERTEX_POINT ( 'NONE', #6309 ) ;
#1622 = SURFACE_STYLE_FILL_AREA ( #9470 ) ;
#1623 = DIRECTION ( 'NONE',  ( 1.224646799147353207E-16, -3.540705920434613265E-31, -1.000000000000000000 ) ) ;
#1624 = MANIFOLD_SOLID_BREP ( 'Sketch-Pattern1[88]', #8787 ) ;
#1625 = CARTESIAN_POINT ( 'NONE',  ( 2.399999999999999911, 0.0000000000000000000, 2.400000000000000355 ) ) ;
#1626 = ORIENTED_EDGE ( 'NONE', *, *, #5479, .F. ) ;
#1627 = FACE_OUTER_BOUND ( 'NONE', #2616, .T. ) ;
#1628 = VERTEX_POINT ( 'NONE', #1697 ) ;
#1629 = ORIENTED_EDGE ( 'NONE', *, *, #2547, .T. ) ;
#1630 = ADVANCED_FACE ( 'NONE', ( #2860 ), #6669, .T. ) ;
#1631 = SURFACE_STYLE_FILL_AREA ( #7191 ) ;
#1632 = SURFACE_SIDE_STYLE ('',( #3415 ) ) ;
#1633 =( GEOMETRIC_REPRESENTATION_CONTEXT ( 3 ) GLOBAL_UNCERTAINTY_ASSIGNED_CONTEXT ( ( #8867 ) ) GLOBAL_UNIT_ASSIGNED_CONTEXT ( ( #391, #1227, #3420 ) ) REPRESENTATION_CONTEXT ( 'NONE', 'WORKASPACE' ) );
#1634 = CIRCLE ( 'NONE', #5029, 0.1499999999999999667 ) ;
#1635 = DIRECTION ( 'NONE',  ( 0.0000000000000000000, 0.0000000000000000000, -1.000000000000000000 ) ) ;
#1636 = AXIS2_PLACEMENT_3D ( 'NONE', #9601, #4534, #3416 ) ;
#1637 = PRESENTATION_STYLE_ASSIGNMENT (( #9286 ) ) ;
#1638 = CARTESIAN_POINT ( 'NONE',  ( -3.999999999999999112, 0.2000000000000005107, -0.8000000000000003775 ) ) ;
#1639 = ORIENTED_EDGE ( 'NONE', *, *, #9, .T. ) ;
#1640 = FILL_AREA_STYLE ('',( #3810 ) ) ;
#1641 = EDGE_LOOP ( 'NONE', ( #2185, #2037 ) ) ;
#1642 = VERTEX_POINT ( 'NONE', #3999 ) ;
#1643 = FACE_OUTER_BOUND ( 'NONE', #7251, .T. ) ;
#1644 = DIRECTION ( 'NONE',  ( -1.000000000000000000, 0.0000000000000000000, 0.0000000000000000000 ) ) ;
#1645 = COLOUR_RGB ( '',0.7921568627450980005, 0.8196078431372548767, 0.9333333333333333481 ) ;
#1646 = CARTESIAN_POINT ( 'NONE',  ( -3.199999999999999734, 0.1499999999999999667, 6.086346753639119761E-18 ) ) ;
#1647 = DIRECTION ( 'NONE',  ( 0.0000000000000000000, 0.0000000000000000000, -1.000000000000000000 ) ) ;
#1648 = CARTESIAN_POINT ( 'NONE',  ( -2.199999999999999734, 0.2000000000000005107, -3.399999999999999467 ) ) ;
#1649 = VERTEX_POINT ( 'NONE', #224 ) ;
#1650 = PRESENTATION_LAYER_ASSIGNMENT (  '', '', ( #4554 ) ) ;
#1651 = DIRECTION ( 'NONE',  ( 1.000000000000000000, -0.0000000000000000000, 0.0000000000000000000 ) ) ;
#1652 = ORIENTED_EDGE ( 'NONE', *, *, #2060, .F. ) ;
#1653 = DIRECTION ( 'NONE',  ( -1.000000000000000000, 0.0000000000000000000, 0.0000000000000000000 ) ) ;
#1654 = PRESENTATION_STYLE_ASSIGNMENT (( #7375 ) ) ;
#1655 = AXIS2_PLACEMENT_3D ( 'NONE', #7899, #6381, #8649 ) ;
#1656 = AXIS2_PLACEMENT_3D ( 'NONE', #4029, #7145, #3385 ) ;
#1657 = CARTESIAN_POINT ( 'NONE',  ( 8.673617379884035472E-16, 0.1499999999999999667, -3.200000000000000622 ) ) ;
#1658 = ORIENTED_EDGE ( 'NONE', *, *, #5670, .T. ) ;
#1659 = ADVANCED_FACE ( 'NONE', ( #3460 ), #4652, .T. ) ;
#1660 = EDGE_CURVE ( 'NONE', #4445, #8651, #7268, .T. ) ;
#1661 = SURFACE_SIDE_STYLE ('',( #8069 ) ) ;
#1662 = CIRCLE ( 'NONE', #3284, 0.1499999999999999667 ) ;
#1663 = DIRECTION ( 'NONE',  ( -1.000000000000000000, 0.0000000000000000000, 0.0000000000000000000 ) ) ;
#1664 = ORIENTED_EDGE ( 'NONE', *, *, #292, .F. ) ;
#1665 = FACE_OUTER_BOUND ( 'NONE', #5309, .T. ) ;
#1666 = EDGE_CURVE ( 'NONE', #6614, #4687, #9002, .T. ) ;
#1667 = AXIS2_PLACEMENT_3D ( 'NONE', #1738, #7797, #6401 ) ;
#1668 = CARTESIAN_POINT ( 'NONE',  ( -0.7999999999999999334, 0.0000000000000000000, 6.086346753639119761E-18 ) ) ;
#1669 = ADVANCED_FACE ( 'NONE', ( #1447 ), #3917, .T. ) ;
#1670 = VERTEX_POINT ( 'NONE', #7085 ) ;
#1671 = CARTESIAN_POINT ( 'NONE',  ( -4.000000000000000000, 0.2000000000000005107, 4.000000000000000000 ) ) ;
#1672 = CIRCLE ( 'NONE', #8833, 0.1499999999999999667 ) ;
#1673 = DIRECTION ( 'NONE',  ( -0.0000000000000000000, -1.000000000000000000, -0.0000000000000000000 ) ) ;
#1674 = EDGE_CURVE ( 'NONE', #3645, #2952, #3801, .T. ) ;
#1675 = COLOUR_RGB ( '',0.7921568627450980005, 0.8196078431372548767, 0.9333333333333333481 ) ;
#1676 = CARTESIAN_POINT ( 'NONE',  ( 2.400000000000000355, 0.1499999999999999667, 0.7999999999999999334 ) ) ;
#1677 = AXIS2_PLACEMENT_3D ( 'NONE', #5727, #9262, #2712 ) ;
#1678 = CLOSED_SHELL ( 'NONE', ( #8003, #5980, #6001 ) ) ;
#1679 = SURFACE_STYLE_FILL_AREA ( #1289 ) ;
#1680 = COLOUR_RGB ( '',0.7921568627450980005, 0.8196078431372548767, 0.9333333333333333481 ) ;
#1681 = CARTESIAN_POINT ( 'NONE',  ( -3.199999999999999289, 0.1499999999999999667, -3.200000000000000622 ) ) ;
#1682 = SURFACE_SIDE_STYLE ('',( #1033 ) ) ;
#1683 = ADVANCED_FACE ( 'NONE', ( #503 ), #7849, .T. ) ;
#1684 = DIRECTION ( 'NONE',  ( 0.0000000000000000000, 0.0000000000000000000, -1.000000000000000000 ) ) ;
#1685 = CARTESIAN_POINT ( 'NONE',  ( -0.7999999999999994893, 0.1499999999999999667, 0.7999999999999999334 ) ) ;
#1686 = UNCERTAINTY_MEASURE_WITH_UNIT (LENGTH_MEASURE( 1.000000000000000082E-05 ), #781, 'distance_accuracy_value', 'NONE');
#1687 = CARTESIAN_POINT ( 'NONE',  ( 0.8000000000000012657, 0.1499999999999999667, -2.400000000000000355 ) ) ;
#1688 = FACE_OUTER_BOUND ( 'NONE', #3642, .T. ) ;
#1689 = DIRECTION ( 'NONE',  ( -1.000000000000000000, 0.0000000000000000000, -1.224646799147353207E-16 ) ) ;
#1690 = DIRECTION ( 'NONE',  ( 1.000000000000000000, -2.891205793294679411E-15, 0.0000000000000000000 ) ) ;
#1691 = VERTEX_POINT ( 'NONE', #6214 ) ;
#1692 = CIRCLE ( 'NONE', #6137, 0.1499999999999999667 ) ;
#1693 = AXIS2_PLACEMENT_3D ( 'NONE', #5788, #1355, #2066 ) ;
#1694 = DIRECTION ( 'NONE',  ( -0.0000000000000000000, -1.000000000000000000, -0.0000000000000000000 ) ) ;
#1695 = DIRECTION ( 'NONE',  ( 0.0000000000000000000, 0.0000000000000000000, -1.000000000000000000 ) ) ;
#1696 = FILL_AREA_STYLE_COLOUR ( '', #1957 ) ;
#1697 = CARTESIAN_POINT ( 'NONE',  ( -3.058578643762690064, 0.2000000000000005107, -2.400000000000000355 ) ) ;
#1698 = AXIS2_PLACEMENT_3D ( 'NONE', #867, #4633, #6061 ) ;
#1699 = VECTOR ( 'NONE', #5170, 1000.000000000000000 ) ;
#1700 = ORIENTED_EDGE ( 'NONE', *, *, #6876, .T. ) ;
#1701 = CARTESIAN_POINT ( 'NONE',  ( -0.7999999999999999334, 0.0000000000000000000, -1.599999999999999867 ) ) ;
#1702 = EDGE_CURVE ( 'NONE', #5738, #3320, #9360, .T. ) ;
#1703 = DIRECTION ( 'NONE',  ( 0.0000000000000000000, 0.0000000000000000000, 1.000000000000000000 ) ) ;
#1704 = FILL_AREA_STYLE_COLOUR ( '', #958 ) ;
#1705 = AXIS2_PLACEMENT_3D ( 'NONE', #9398, #1830, #7141 ) ;
#1706 = VERTEX_POINT ( 'NONE', #3932 ) ;
#1707 = DIRECTION ( 'NONE',  ( 0.0000000000000000000, 0.0000000000000000000, -1.000000000000000000 ) ) ;
#1708 = CARTESIAN_POINT ( 'NONE',  ( 8.673617379884035472E-16, 0.1499999999999999667, 6.086346753639119761E-18 ) ) ;
#1709 = FILL_AREA_STYLE ('',( #9230 ) ) ;
#1710 = COLOUR_RGB ( '',0.7921568627450980005, 0.8196078431372548767, 0.9333333333333333481 ) ;
#1711 = ADVANCED_FACE ( 'NONE', ( #5597 ), #3573, .T. ) ;
#1712 = DIRECTION ( 'NONE',  ( 0.0000000000000000000, 0.0000000000000000000, -1.000000000000000000 ) ) ;
#1713 = ORIENTED_EDGE ( 'NONE', *, *, #6819, .F. ) ;
#1714 = PRESENTATION_LAYER_ASSIGNMENT (  '', '', ( #505 ) ) ;
#1715 = AXIS2_PLACEMENT_3D ( 'NONE', #2218, #7521, #1443 ) ;
#1716 = FILL_AREA_STYLE_COLOUR ( '', #1278 ) ;
#1717 = PRESENTATION_STYLE_ASSIGNMENT (( #4991 ) ) ;
#1718 =( LENGTH_UNIT ( ) NAMED_UNIT ( * ) SI_UNIT ( .MILLI., .METRE. ) );
#1719 = DIRECTION ( 'NONE',  ( -1.000000000000000000, 0.0000000000000000000, 0.0000000000000000000 ) ) ;
#1720 = CARTESIAN_POINT ( 'NONE',  ( 1.599999999999999867, 0.1499999999999999667, 2.400000000000000355 ) ) ;
#1721 = EDGE_CURVE ( 'NONE', #5540, #5892, #5113, .T. ) ;
#1722 = EDGE_LOOP ( 'NONE', ( #3517, #9646, #2820 ) ) ;
#1723 = CIRCLE ( 'NONE', #1978, 0.1414213562373092536 ) ;
#1724 = DIRECTION ( 'NONE',  ( 0.0000000000000000000, 0.0000000000000000000, -1.000000000000000000 ) ) ;
#1725 = AXIS2_PLACEMENT_3D ( 'NONE', #3104, #6088, #3853 ) ;
#1726 = ORIENTED_EDGE ( 'NONE', *, *, #5306, .T. ) ;
#1727 = FACE_OUTER_BOUND ( 'NONE', #8742, .T. ) ;
#1728 = AXIS2_PLACEMENT_3D ( 'NONE', #9402, #5660, #2664 ) ;
#1729 = EDGE_LOOP ( 'NONE', ( #9627, #1363, #3800 ) ) ;
#1730 = CARTESIAN_POINT ( 'NONE',  ( -3.199999999999999289, 0.1499999999999999667, -1.599999999999999867 ) ) ;
#1731 = EDGE_LOOP ( 'NONE', ( #5848, #5159, #4635 ) ) ;
#1732 = AXIS2_PLACEMENT_3D ( 'NONE', #1388, #6056, #2260 ) ;
#1733 = DIRECTION ( 'NONE',  ( 0.0000000000000000000, 0.0000000000000000000, -1.000000000000000000 ) ) ;
#1734 = CIRCLE ( 'NONE', #4080, 0.1414213562373092536 ) ;
#1735 = EDGE_CURVE ( 'NONE', #1187, #933, #1915, .T. ) ;
#1736 = PLANE ( 'NONE',  #7138 ) ;
#1737 = CARTESIAN_POINT ( 'NONE',  ( 0.1414213562373101418, 0.2000000000000005107, -3.200000000000000622 ) ) ;
#1738 = CARTESIAN_POINT ( 'NONE',  ( 3.200000000000000622, 0.1499999999999999667, 1.599999999999999867 ) ) ;
#1739 = ORIENTED_EDGE ( 'NONE', *, *, #721, .F. ) ;
#1740 = AXIS2_PLACEMENT_3D ( 'NONE', #575, #2038, #3572 ) ;
#1741 = CIRCLE ( 'NONE', #2469, 0.1499999999999999667 ) ;
#1742 = EDGE_CURVE ( 'NONE', #7225, #4909, #9687, .T. ) ;
#1743 = DIRECTION ( 'NONE',  ( 0.0000000000000000000, 0.0000000000000000000, -1.000000000000000000 ) ) ;
#1744 = ORIENTED_EDGE ( 'NONE', *, *, #5090, .F. ) ;
#1745 = PLANE ( 'NONE',  #477 ) ;
#1746 = DIRECTION ( 'NONE',  ( 0.0000000000000000000, 0.0000000000000000000, -1.000000000000000000 ) ) ;
#1747 = UNCERTAINTY_MEASURE_WITH_UNIT (LENGTH_MEASURE( 1.000000000000000082E-05 ), #3247, 'distance_accuracy_value', 'NONE');
#1748 = PRESENTATION_LAYER_ASSIGNMENT (  '', '', ( #9203 ) ) ;
#1749 = EDGE_LOOP ( 'NONE', ( #946, #7900 ) ) ;
#1750 = DIRECTION ( 'NONE',  ( 0.0000000000000000000, 0.0000000000000000000, -1.000000000000000000 ) ) ;
#1751 = ORIENTED_EDGE ( 'NONE', *, *, #6364, .T. ) ;
#1752 = FACE_OUTER_BOUND ( 'NONE', #6255, .T. ) ;
#1753 =( NAMED_UNIT ( * ) PLANE_ANGLE_UNIT ( ) SI_UNIT ( $, .RADIAN. ) );
#1754 = ORIENTED_EDGE ( 'NONE', *, *, #5604, .T. ) ;
#1755 =( NAMED_UNIT ( * ) SI_UNIT ( $, .STERADIAN. ) SOLID_ANGLE_UNIT ( ) );
#1756 = STYLED_ITEM ( 'NONE', ( #8676 ), #1203 ) ;
#1757 = DIRECTION ( 'NONE',  ( 0.0000000000000000000, 0.0000000000000000000, -1.000000000000000000 ) ) ;
#1758 = CARTESIAN_POINT ( 'NONE',  ( 3.200000000000000622, 0.1499999999999999667, -2.400000000000000355 ) ) ;
#1759 = CIRCLE ( 'NONE', #4415, 0.1499999999999999667 ) ;
#1760 = AXIS2_PLACEMENT_3D ( 'NONE', #2121, #9682, #7441 ) ;
#1761 = FILL_AREA_STYLE_COLOUR ( '', #4547 ) ;
#1762 = CIRCLE ( 'NONE', #9521, 0.1414213562373092536 ) ;
#1763 = DIRECTION ( 'NONE',  ( 0.0000000000000000000, 0.0000000000000000000, -1.000000000000000000 ) ) ;
#1764 = MANIFOLD_SOLID_BREP ( 'Sketch-Pattern1[75]', #2628 ) ;
#1765 = CARTESIAN_POINT ( 'NONE',  ( -3.199999999999999734, 0.0000000000000000000, -2.400000000000000355 ) ) ;
#1766 = DIRECTION ( 'NONE',  ( 0.0000000000000000000, 0.0000000000000000000, -1.000000000000000000 ) ) ;
#1767 = CIRCLE ( 'NONE', #5345, 0.1499999999999999667 ) ;
#1768 = MECHANICAL_DESIGN_GEOMETRIC_PRESENTATION_REPRESENTATION (  '', ( #1090 ), #6144 ) ;
#1769 = PRESENTATION_LAYER_ASSIGNMENT (  '', '', ( #2376 ) ) ;
#1770 = ORIENTED_EDGE ( 'NONE', *, *, #4063, .F. ) ;
#1771 = ADVANCED_FACE ( 'NONE', ( #617 ), #8874, .T. ) ;
#1772 = VERTEX_POINT ( 'NONE', #7236 ) ;
#1773 =( NAMED_UNIT ( * ) PLANE_ANGLE_UNIT ( ) SI_UNIT ( $, .RADIAN. ) );
#1774 = SPHERICAL_SURFACE ( 'NONE', #2961, 0.1499999999999999667 ) ;
#1775 = CARTESIAN_POINT ( 'NONE',  ( -0.7999999999999994893, 0.1499999999999999667, -2.400000000000000355 ) ) ;
#1776 = FACE_OUTER_BOUND ( 'NONE', #4425, .T. ) ;
#1777 = DIRECTION ( 'NONE',  ( 1.000000000000000000, -2.891205793294679411E-15, 0.0000000000000000000 ) ) ;
#1778 = AXIS2_PLACEMENT_3D ( 'NONE', #2905, #6665, #3446 ) ;
#1779 = DIRECTION ( 'NONE',  ( 1.224646799147353207E-16, -3.540705920434613265E-31, -1.000000000000000000 ) ) ;
#1780 = EDGE_LOOP ( 'NONE', ( #4447, #3425, #1977 ) ) ;
#1781 = ORIENTED_EDGE ( 'NONE', *, *, #1336, .F. ) ;
#1782 = SPHERICAL_SURFACE ( 'NONE', #3098, 0.1499999999999999667 ) ;
#1783 = AXIS2_PLACEMENT_3D ( 'NONE', #1417, #8249, #653 ) ;
#1784 = CARTESIAN_POINT ( 'NONE',  ( -3.199999999999999734, 0.2000000000000005107, -0.8000000000000003775 ) ) ;
#1785 = ORIENTED_EDGE ( 'NONE', *, *, #6279, .F. ) ;
#1786 = CARTESIAN_POINT ( 'NONE',  ( -2.399999999999999467, 0.1499999999999999667, 0.7999999999999999334 ) ) ;
#1787 = VERTEX_POINT ( 'NONE', #5684 ) ;
#1788 =( LENGTH_UNIT ( ) NAMED_UNIT ( * ) SI_UNIT ( .MILLI., .METRE. ) );
#1789 = SPHERICAL_SURFACE ( 'NONE', #4538, 0.1499999999999999667 ) ;
#1790 = DIRECTION ( 'NONE',  ( -0.0000000000000000000, -1.000000000000000000, -0.0000000000000000000 ) ) ;
#1791 = CARTESIAN_POINT ( 'NONE',  ( -3.858578643762689886, 0.2000000000000005107, -2.400000000000000355 ) ) ;
#1792 = DIRECTION ( 'NONE',  ( 0.0000000000000000000, 0.0000000000000000000, -1.000000000000000000 ) ) ;
#1793 = DIRECTION ( 'NONE',  ( -0.0000000000000000000, -1.000000000000000000, -0.0000000000000000000 ) ) ;
#1794 = SURFACE_SIDE_STYLE ('',( #9721 ) ) ;
#1795 = DIRECTION ( 'NONE',  ( 1.000000000000000000, 0.0000000000000000000, 0.0000000000000000000 ) ) ;
#1796 = AXIS2_PLACEMENT_3D ( 'NONE', #9111, #7752, #3219 ) ;
#1797 = VERTEX_POINT ( 'NONE', #1096 ) ;
#1798 = PLANE ( 'NONE',  #7751 ) ;
#1799 = SPHERICAL_SURFACE ( 'NONE', #5882, 0.1499999999999999667 ) ;
#1800 = EDGE_CURVE ( 'NONE', #207, #5313, #7594, .T. ) ;
#1801 = DIRECTION ( 'NONE',  ( 0.0000000000000000000, 0.0000000000000000000, -1.000000000000000000 ) ) ;
#1802 = FILL_AREA_STYLE ('',( #2508 ) ) ;
#1803 = DIRECTION ( 'NONE',  ( -0.0000000000000000000, -1.000000000000000000, -0.0000000000000000000 ) ) ;
#1804 = EDGE_CURVE ( 'NONE', #2864, #5221, #9574, .T. ) ;
#1805 = EDGE_LOOP ( 'NONE', ( #2446, #542, #4586 ) ) ;
#1806 = CIRCLE ( 'NONE', #9480, 0.1414213562373092536 ) ;
#1807 = CARTESIAN_POINT ( 'NONE',  ( 1.600000000000000311, 0.0000000000000000000, -4.000000000000000000 ) ) ;
#1808 = AXIS2_PLACEMENT_3D ( 'NONE', #8832, #5045, #4334 ) ;
#1809 = CARTESIAN_POINT ( 'NONE',  ( -3.199999999999998845, 0.1499999999999999667, -4.000000000000000000 ) ) ;
#1810 = AXIS2_PLACEMENT_3D ( 'NONE', #9121, #7623, #3840 ) ;
#1811 = EDGE_CURVE ( 'NONE', #788, #7650, #1113, .T. ) ;
#1812 = EDGE_LOOP ( 'NONE', ( #5425, #5729 ) ) ;
#1813 = ADVANCED_FACE ( 'NONE', ( #5474 ), #2851, .T. ) ;
#1814 = AXIS2_PLACEMENT_3D ( 'NONE', #6172, #1615, #1085 ) ;
#1815 = UNCERTAINTY_MEASURE_WITH_UNIT (LENGTH_MEASURE( 1.000000000000000082E-05 ), #2342, 'distance_accuracy_value', 'NONE');
#1816 =( GEOMETRIC_REPRESENTATION_CONTEXT ( 3 ) GLOBAL_UNCERTAINTY_ASSIGNED_CONTEXT ( ( #4777 ) ) GLOBAL_UNIT_ASSIGNED_CONTEXT ( ( #910, #261, #7852 ) ) REPRESENTATION_CONTEXT ( 'NONE', 'WORKASPACE' ) );
#1817 = CARTESIAN_POINT ( 'NONE',  ( 1.800000000000001155, 0.2000000000000005107, -5.799999999999999822 ) ) ;
#1818 = DIRECTION ( 'NONE',  ( 0.0000000000000000000, 0.0000000000000000000, 1.000000000000000000 ) ) ;
#1819 = FACE_OUTER_BOUND ( 'NONE', #8623, .T. ) ;
#1820 =( NAMED_UNIT ( * ) SI_UNIT ( $, .STERADIAN. ) SOLID_ANGLE_UNIT ( ) );
#1821 = CARTESIAN_POINT ( 'NONE',  ( -3.999999999999999112, 0.1499999999999999667, -3.200000000000000622 ) ) ;
#1822 = CLOSED_SHELL ( 'NONE', ( #937, #5177, #620 ) ) ;
#1823 = CARTESIAN_POINT ( 'NONE',  ( 8.673617379884035472E-16, 0.1499999999999999667, -3.200000000000000622 ) ) ;
#1824 = VERTEX_POINT ( 'NONE', #7883 ) ;
#1825 = FACE_OUTER_BOUND ( 'NONE', #1389, .T. ) ;
#1826 = PRESENTATION_LAYER_ASSIGNMENT (  '', '', ( #4674 ) ) ;
#1827 = FACE_OUTER_BOUND ( 'NONE', #8835, .T. ) ;
#1828 = EDGE_LOOP ( 'NONE', ( #8381, #9645 ) ) ;
#1829 = SPHERICAL_SURFACE ( 'NONE', #3819, 0.1499999999999999667 ) ;
#1830 = DIRECTION ( 'NONE',  ( -0.0000000000000000000, -1.000000000000000000, -0.0000000000000000000 ) ) ;
#1831 = DIRECTION ( 'NONE',  ( 0.0000000000000000000, 0.0000000000000000000, 1.000000000000000000 ) ) ;
#1832 = ORIENTED_EDGE ( 'NONE', *, *, #5475, .F. ) ;
#1833 = FACE_OUTER_BOUND ( 'NONE', #1729, .T. ) ;
#1834 = AXIS2_PLACEMENT_3D ( 'NONE', #3310, #310, #1077 ) ;
#1835 = SURFACE_SIDE_STYLE ('',( #4702 ) ) ;
#1836 = EDGE_CURVE ( 'NONE', #8973, #7325, #4040, .T. ) ;
#1837 = ORIENTED_EDGE ( 'NONE', *, *, #1117, .T. ) ;
#1838 = CARTESIAN_POINT ( 'NONE',  ( -3.999999999999999112, 0.1499999999999999667, 6.086346753639119761E-18 ) ) ;
#1839 = CARTESIAN_POINT ( 'NONE',  ( 1.741421356237309093, 0.2000000000000005107, 4.000000000000000000 ) ) ;
#1840 = AXIS2_PLACEMENT_3D ( 'NONE', #1051, #2539, #7851 ) ;
#1841 = DIRECTION ( 'NONE',  ( 1.000000000000000000, -2.891205793294679411E-15, 0.0000000000000000000 ) ) ;
#1842 = DIRECTION ( 'NONE',  ( 0.0000000000000000000, 0.0000000000000000000, 1.000000000000000000 ) ) ;
#1843 = ORIENTED_EDGE ( 'NONE', *, *, #71, .F. ) ;
#1844 = AXIS2_PLACEMENT_3D ( 'NONE', #9357, #237, #4065 ) ;
#1845 = VERTEX_POINT ( 'NONE', #4902 ) ;
#1846 = AXIS2_PLACEMENT_3D ( 'NONE', #2880, #5838, #6572 ) ;
#1847 = AXIS2_PLACEMENT_3D ( 'NONE', #2014, #481, #587 ) ;
#1848 = SURFACE_STYLE_USAGE ( .BOTH. , #5491 ) ;
#1849 = CIRCLE ( 'NONE', #9292, 0.1414213562373092536 ) ;
#1850 = DIRECTION ( 'NONE',  ( 0.0000000000000000000, -1.000000000000000000, -0.0000000000000000000 ) ) ;
#1851 = DIRECTION ( 'NONE',  ( 0.0000000000000000000, 0.0000000000000000000, -1.000000000000000000 ) ) ;
#1852 = EDGE_CURVE ( 'NONE', #6511, #5661, #8067, .T. ) ;
#1853 = EDGE_LOOP ( 'NONE', ( #7178, #9280 ) ) ;
#1854 = CARTESIAN_POINT ( 'NONE',  ( -0.7999999999999994893, 0.1499999999999999667, -2.400000000000000355 ) ) ;
#1855 = CIRCLE ( 'NONE', #7019, 0.1414213562373092536 ) ;
#1856 = ORIENTED_EDGE ( 'NONE', *, *, #2286, .F. ) ;
#1857 = PRESENTATION_STYLE_ASSIGNMENT (( #8969 ) ) ;
#1858 = AXIS2_PLACEMENT_3D ( 'NONE', #5382, #3761, #5526 ) ;
#1859 = ADVANCED_FACE ( 'NONE', ( #859 ), #3450, .T. ) ;
#1860 = ORIENTED_EDGE ( 'NONE', *, *, #7319, .T. ) ;
#1861 = DIRECTION ( 'NONE',  ( 1.000000000000000000, -2.891205793294679411E-15, 0.0000000000000000000 ) ) ;
#1862 = CARTESIAN_POINT ( 'NONE',  ( 3.200000000000000622, 0.1499999999999999667, -4.000000000000000000 ) ) ;
#1863 = PRESENTATION_LAYER_ASSIGNMENT (  '', '', ( #6045 ) ) ;
#1864 = ORIENTED_EDGE ( 'NONE', *, *, #7489, .F. ) ;
#1865 = FACE_OUTER_BOUND ( 'NONE', #6690, .T. ) ;
#1866 = EDGE_CURVE ( 'NONE', #7911, #63, #5941, .T. ) ;
#1867 = DIRECTION ( 'NONE',  ( -0.0000000000000000000, -1.000000000000000000, -0.0000000000000000000 ) ) ;
#1868 = UNCERTAINTY_MEASURE_WITH_UNIT (LENGTH_MEASURE( 1.000000000000000082E-05 ), #9162, 'distance_accuracy_value', 'NONE');
#1869 = DIRECTION ( 'NONE',  ( -0.0000000000000000000, -1.000000000000000000, -0.0000000000000000000 ) ) ;
#1870 = VERTEX_POINT ( 'NONE', #4999 ) ;
#1871 = CARTESIAN_POINT ( 'NONE',  ( 2.400000000000000355, 0.1499999999999999667, 4.000000000000000000 ) ) ;
#1872 = ADVANCED_FACE ( 'NONE', ( #2127 ), #4388, .T. ) ;
#1873 = ORIENTED_EDGE ( 'NONE', *, *, #5056, .F. ) ;
#1874 = CIRCLE ( 'NONE', #4648, 0.1414213562373092536 ) ;
#1875 = CARTESIAN_POINT ( 'NONE',  ( 3.341421356237309848, 0.2000000000000005107, -0.8000000000000003775 ) ) ;
#1876 = ORIENTED_EDGE ( 'NONE', *, *, #9373, .T. ) ;
#1877 = AXIS2_PLACEMENT_3D ( 'NONE', #4286, #5745, #1941 ) ;
#1878 = EDGE_LOOP ( 'NONE', ( #5194, #6070 ) ) ;
#1879 = PRESENTATION_STYLE_ASSIGNMENT (( #7951 ) ) ;
#1880 = MANIFOLD_SOLID_BREP ( 'Sketch-Pattern1[56]', #7161 ) ;
#1881 = AXIS2_PLACEMENT_3D ( 'NONE', #1150, #4946, #4173 ) ;
#1882 = VERTEX_POINT ( 'NONE', #1322 ) ;
#1883 = CARTESIAN_POINT ( 'NONE',  ( -0.7999999999999994893, 0.2000000000000005107, 1.599999999999999867 ) ) ;
#1884 = CARTESIAN_POINT ( 'NONE',  ( 4.141421356237308338, 0.2000000000000005107, 1.599999999999999867 ) ) ;
#1885 = CARTESIAN_POINT ( 'NONE',  ( 3.999999999999999112, 0.2000000000000005107, -1.599999999999999867 ) ) ;
#1886 = EDGE_LOOP ( 'NONE', ( #321, #3766, #457 ) ) ;
#1887 = MECHANICAL_DESIGN_GEOMETRIC_PRESENTATION_REPRESENTATION (  '', ( #1235 ), #7649 ) ;
#1888 = ORIENTED_EDGE ( 'NONE', *, *, #6185, .T. ) ;
#1889 = AXIS2_PLACEMENT_3D ( 'NONE', #7782, #3987, #7131 ) ;
#1890 = ORIENTED_EDGE ( 'NONE', *, *, #5393, .F. ) ;
#1891 = CARTESIAN_POINT ( 'NONE',  ( -2.399999999999999467, 0.1499999999999999667, -1.599999999999999867 ) ) ;
#1892 = VERTEX_POINT ( 'NONE', #1943 ) ;
#1893 =( GEOMETRIC_REPRESENTATION_CONTEXT ( 3 ) GLOBAL_UNCERTAINTY_ASSIGNED_CONTEXT ( ( #776 ) ) GLOBAL_UNIT_ASSIGNED_CONTEXT ( ( #2704, #2163, #4391 ) ) REPRESENTATION_CONTEXT ( 'NONE', 'WORKASPACE' ) );
#1894 = CARTESIAN_POINT ( 'NONE',  ( -2.399999999999999911, 0.1499999999999999667, 2.400000000000000355 ) ) ;
#1895 = DIRECTION ( 'NONE',  ( 0.0000000000000000000, 0.0000000000000000000, -1.000000000000000000 ) ) ;
#1896 = FACE_OUTER_BOUND ( 'NONE', #4555, .T. ) ;
#1897 = VERTEX_POINT ( 'NONE', #6557 ) ;
#1898 = AXIS2_PLACEMENT_3D ( 'NONE', #244, #6260, #275 ) ;
#1899 = SPHERICAL_SURFACE ( 'NONE', #9485, 0.1499999999999999667 ) ;
#1900 = CIRCLE ( 'NONE', #2637, 0.1499999999999999667 ) ;
#1901 = ADVANCED_FACE ( 'NONE', ( #3689 ), #2617, .T. ) ;
#1902 = DIRECTION ( 'NONE',  ( 0.0000000000000000000, -1.000000000000000000, -0.0000000000000000000 ) ) ;
#1903 = EDGE_LOOP ( 'NONE', ( #4955, #1837, #9204 ) ) ;
#1904 =( LENGTH_UNIT ( ) NAMED_UNIT ( * ) SI_UNIT ( .MILLI., .METRE. ) );
#1905 = COLOUR_RGB ( '',0.7921568627450980005, 0.8196078431372548767, 0.9333333333333333481 ) ;
#1906 = CARTESIAN_POINT ( 'NONE',  ( 1.600000000000000755, 0.1499999999999999667, -2.400000000000000355 ) ) ;
#1907 = CIRCLE ( 'NONE', #9015, 0.1414213562373092536 ) ;
#1908 =( NAMED_UNIT ( * ) PLANE_ANGLE_UNIT ( ) SI_UNIT ( $, .RADIAN. ) );
#1909 =( LENGTH_UNIT ( ) NAMED_UNIT ( * ) SI_UNIT ( .MILLI., .METRE. ) );
#1910 = AXIS2_PLACEMENT_3D ( 'NONE', #1582, #1519, #6900 ) ;
#1911 = ADVANCED_FACE ( 'NONE', ( #4158 ), #1224, .F. ) ;
#1912 = DIRECTION ( 'NONE',  ( 0.0000000000000000000, -1.000000000000000000, -0.0000000000000000000 ) ) ;
#1913 =( GEOMETRIC_REPRESENTATION_CONTEXT ( 3 ) GLOBAL_UNCERTAINTY_ASSIGNED_CONTEXT ( ( #6909 ) ) GLOBAL_UNIT_ASSIGNED_CONTEXT ( ( #568, #5854, #1321 ) ) REPRESENTATION_CONTEXT ( 'NONE', 'WORKASPACE' ) );
#1914 = ORIENTED_EDGE ( 'NONE', *, *, #5847, .T. ) ;
#1915 = CIRCLE ( 'NONE', #6776, 0.1414213562373096977 ) ;
#1916 = FACE_OUTER_BOUND ( 'NONE', #3736, .T. ) ;
#1917 = EDGE_CURVE ( 'NONE', #4925, #5547, #7945, .T. ) ;
#1918 = FILL_AREA_STYLE_COLOUR ( '', #3732 ) ;
#1919 = EDGE_CURVE ( 'NONE', #4005, #6614, #2505, .T. ) ;
#1920 = CARTESIAN_POINT ( 'NONE',  ( 3.200000000000000622, 0.1499999999999999667, -2.400000000000000355 ) ) ;
#1921 = EDGE_LOOP ( 'NONE', ( #5996, #7244, #5402 ) ) ;
#1922 = PRESENTATION_STYLE_ASSIGNMENT (( #6034 ) ) ;
#1923 = MANIFOLD_SOLID_BREP ( 'Sketch-Pattern1[100]', #1966 ) ;
#1924 = DIRECTION ( 'NONE',  ( 0.0000000000000000000, 0.0000000000000000000, -1.000000000000000000 ) ) ;
#1925 = FACE_OUTER_BOUND ( 'NONE', #8295, .T. ) ;
#1926 = DIRECTION ( 'NONE',  ( 1.000000000000000000, -2.891205793294679411E-15, 0.0000000000000000000 ) ) ;
#1927 = AXIS2_PLACEMENT_3D ( 'NONE', #8405, #6156, #2417 ) ;
#1928 = ORIENTED_EDGE ( 'NONE', *, *, #6115, .F. ) ;
#1929 = CIRCLE ( 'NONE', #7842, 0.1414213562373092536 ) ;
#1930 = DIRECTION ( 'NONE',  ( -0.0000000000000000000, -1.000000000000000000, -0.0000000000000000000 ) ) ;
#1931 = VERTEX_POINT ( 'NONE', #6591 ) ;
#1932 = SPHERICAL_SURFACE ( 'NONE', #6726, 0.1499999999999999667 ) ;
#1933 = DIRECTION ( 'NONE',  ( 1.000000000000000000, -2.891205793294679411E-15, 0.0000000000000000000 ) ) ;
#1934 = DIRECTION ( 'NONE',  ( 0.0000000000000000000, 0.0000000000000000000, -1.000000000000000000 ) ) ;
#1935 = FILL_AREA_STYLE ('',( #429 ) ) ;
#1936 = ORIENTED_EDGE ( 'NONE', *, *, #7256, .F. ) ;
#1937 = DIRECTION ( 'NONE',  ( 0.0000000000000000000, 0.0000000000000000000, -1.000000000000000000 ) ) ;
#1938 = AXIS2_PLACEMENT_3D ( 'NONE', #2241, #8327, #1455 ) ;
#1939 = FACE_OUTER_BOUND ( 'NONE', #7259, .T. ) ;
#1940 = ADVANCED_FACE ( 'NONE', ( #6197 ), #5818, .T. ) ;
#1941 = DIRECTION ( 'NONE',  ( -1.000000000000000000, 0.0000000000000000000, 0.0000000000000000000 ) ) ;
#1942 = VERTEX_POINT ( 'NONE', #9589 ) ;
#1943 = CARTESIAN_POINT ( 'NONE',  ( -0.1414213562373092536, 0.2000000000000005107, 0.7999999999999999334 ) ) ;
#1944 = FACE_OUTER_BOUND ( 'NONE', #1510, .T. ) ;
#1945 = AXIS2_PLACEMENT_3D ( 'NONE', #8348, #1606, #4692 ) ;
#1946 = PRESENTATION_STYLE_ASSIGNMENT (( #7072 ) ) ;
#1947 = DIRECTION ( 'NONE',  ( -1.000000000000000000, 0.0000000000000000000, -1.224646799147353207E-16 ) ) ;
#1948 = ORIENTED_EDGE ( 'NONE', *, *, #4542, .T. ) ;
#1949 = ADVANCED_FACE ( 'NONE', ( #396 ), #8290, .T. ) ;
#1950 = ORIENTED_EDGE ( 'NONE', *, *, #6430, .F. ) ;
#1951 = SPHERICAL_SURFACE ( 'NONE', #7334, 0.1499999999999999667 ) ;
#1952 = SURFACE_STYLE_USAGE ( .BOTH. , #446 ) ;
#1953 = SURFACE_STYLE_USAGE ( .BOTH. , #5836 ) ;
#1954 = EDGE_LOOP ( 'NONE', ( #8946, #2972, #2859 ) ) ;
#1955 = AXIS2_PLACEMENT_3D ( 'NONE', #6571, #3551, #9604 ) ;
#1956 = AXIS2_PLACEMENT_3D ( 'NONE', #459, #434, #7257 ) ;
#1957 = COLOUR_RGB ( '',0.7921568627450980005, 0.8196078431372548767, 0.9333333333333333481 ) ;
#1958 = DIRECTION ( 'NONE',  ( 1.224646799147353207E-16, -3.540705920434613265E-31, -1.000000000000000000 ) ) ;
#1959 = EDGE_CURVE ( 'NONE', #9479, #2655, #7040, .T. ) ;
#1960 = ORIENTED_EDGE ( 'NONE', *, *, #5604, .F. ) ;
#1961 = FACE_OUTER_BOUND ( 'NONE', #6434, .T. ) ;
#1962 = CARTESIAN_POINT ( 'NONE',  ( -0.7999999999999994893, 0.2000000000000005107, -1.599999999999999867 ) ) ;
#1963 = CARTESIAN_POINT ( 'NONE',  ( 0.6585786437626911516, 0.2000000000000005107, 2.400000000000000355 ) ) ;
#1964 = CLOSED_SHELL ( 'NONE', ( #9005, #3304, #8747 ) ) ;
#1965 = EDGE_CURVE ( 'NONE', #1601, #1120, #4028, .T. ) ;
#1966 = CLOSED_SHELL ( 'NONE', ( #8659, #1503, #7152 ) ) ;
#1967 = FILL_AREA_STYLE ('',( #9618 ) ) ;
#1968 = UNCERTAINTY_MEASURE_WITH_UNIT (LENGTH_MEASURE( 1.000000000000000082E-05 ), #9606, 'distance_accuracy_value', 'NONE');
#1969 = FILL_AREA_STYLE_COLOUR ( '', #3498 ) ;
#1970 = PLANE ( 'NONE',  #6329 ) ;
#1971 = ADVANCED_FACE ( 'NONE', ( #9112 ), #5095, .F. ) ;
#1972 = VERTEX_POINT ( 'NONE', #3667 ) ;
#1973 = CARTESIAN_POINT ( 'NONE',  ( -1.599999999999999867, 0.1499999999999999667, -0.8000000000000003775 ) ) ;
#1974 = SPHERICAL_SURFACE ( 'NONE', #6372, 0.1499999999999999667 ) ;
#1975 = EDGE_CURVE ( 'NONE', #3281, #5547, #2607, .T. ) ;
#1976 = DIRECTION ( 'NONE',  ( 1.000000000000000000, 0.0000000000000000000, 0.0000000000000000000 ) ) ;
#1977 = ORIENTED_EDGE ( 'NONE', *, *, #410, .T. ) ;
#1978 = AXIS2_PLACEMENT_3D ( 'NONE', #5770, #2648, #4917 ) ;
#1979 = CIRCLE ( 'NONE', #394, 0.1414213562373092536 ) ;
#1980 = COLOUR_RGB ( '',0.7921568627450980005, 0.8196078431372548767, 0.9333333333333333481 ) ;
#1981 = MANIFOLD_SOLID_BREP ( 'Sketch-Pattern1[106]', #6099 ) ;
#1982 = CARTESIAN_POINT ( 'NONE',  ( 0.0000000000000000000, 0.1499999999999999667, 3.200000000000000178 ) ) ;
#1983 = ADVANCED_FACE ( 'NONE', ( #4508 ), #2974, .T. ) ;
#1984 = ORIENTED_EDGE ( 'NONE', *, *, #5409, .F. ) ;
#1985 = ORIENTED_EDGE ( 'NONE', *, *, #9264, .T. ) ;
#1986 = EDGE_LOOP ( 'NONE', ( #5096, #2177 ) ) ;
#1987 = CIRCLE ( 'NONE', #5513, 0.1414213562373092536 ) ;
#1988 = CARTESIAN_POINT ( 'NONE',  ( 0.8000000000000012657, 0.1499999999999999667, -1.599999999999999867 ) ) ;
#1989 = AXIS2_PLACEMENT_3D ( 'NONE', #6021, #695, #2187 ) ;
#1990 = CARTESIAN_POINT ( 'NONE',  ( 2.400000000000000355, 0.1499999999999999667, 2.400000000000000355 ) ) ;
#1991 = SURFACE_STYLE_USAGE ( .BOTH. , #517 ) ;
#1992 = CARTESIAN_POINT ( 'NONE',  ( 0.8000000000000003775, 0.1499999999999999667, 1.599999999999999867 ) ) ;
#1993 = CARTESIAN_POINT ( 'NONE',  ( 3.858578643762689886, 0.2000000000000005107, 3.200000000000000178 ) ) ;
#1994 = PLANE ( 'NONE',  #5432 ) ;
#1995 = ADVANCED_FACE ( 'NONE', ( #5103 ), #8865, .T. ) ;
#1996 = ORIENTED_EDGE ( 'NONE', *, *, #1541, .T. ) ;
#1997 = CARTESIAN_POINT ( 'NONE',  ( -1.599999999999998979, 0.1499999999999999667, -2.400000000000000355 ) ) ;
#1998 = SPHERICAL_SURFACE ( 'NONE', #491, 0.1499999999999999667 ) ;
#1999 = CARTESIAN_POINT ( 'NONE',  ( -0.6585786437626902634, 0.2000000000000005107, 3.200000000000000178 ) ) ;
#2000 = STYLED_ITEM ( 'NONE', ( #372 ), #3748 ) ;
#2001 = DIRECTION ( 'NONE',  ( -1.000000000000000000, 0.0000000000000000000, 0.0000000000000000000 ) ) ;
#2002 = DIRECTION ( 'NONE',  ( 1.000000000000000000, 0.0000000000000000000, 0.0000000000000000000 ) ) ;
#2003 = DIRECTION ( 'NONE',  ( 0.0000000000000000000, 0.0000000000000000000, -1.000000000000000000 ) ) ;
#2004 = EDGE_CURVE ( 'NONE', #1293, #3157, #3096, .T. ) ;
#2005 =( GEOMETRIC_REPRESENTATION_CONTEXT ( 3 ) GLOBAL_UNCERTAINTY_ASSIGNED_CONTEXT ( ( #6117 ) ) GLOBAL_UNIT_ASSIGNED_CONTEXT ( ( #6763, #8159, #3641 ) ) REPRESENTATION_CONTEXT ( 'NONE', 'WORKASPACE' ) );
#2006 = ORIENTED_EDGE ( 'NONE', *, *, #167, .F. ) ;
#2007 = VECTOR ( 'NONE', #5622, 1000.000000000000000 ) ;
#2008 = AXIS2_PLACEMENT_3D ( 'NONE', #8441, #6967, #6924 ) ;
#2009 = VERTEX_POINT ( 'NONE', #6719 ) ;
#2010 =( NAMED_UNIT ( * ) PLANE_ANGLE_UNIT ( ) SI_UNIT ( $, .RADIAN. ) );
#2011 = PRESENTATION_STYLE_ASSIGNMENT (( #2711 ) ) ;
#2012 = EDGE_CURVE ( 'NONE', #175, #8111, #5340, .T. ) ;
#2013 = ADVANCED_FACE ( 'NONE', ( #851 ), #4484, .F. ) ;
#2014 = CARTESIAN_POINT ( 'NONE',  ( 0.0000000000000000000, 0.1499999999999999667, 2.400000000000000355 ) ) ;
#2015 = CARTESIAN_POINT ( 'NONE',  ( 0.8000000000000003775, 0.1499999999999999667, 3.200000000000000178 ) ) ;
#2016 = STYLED_ITEM ( 'NONE', ( #6766 ), #2339 ) ;
#2017 =( GEOMETRIC_REPRESENTATION_CONTEXT ( 3 ) GLOBAL_UNCERTAINTY_ASSIGNED_CONTEXT ( ( #2319 ) ) GLOBAL_UNIT_ASSIGNED_CONTEXT ( ( #4198, #5002, #7968 ) ) REPRESENTATION_CONTEXT ( 'NONE', 'WORKASPACE' ) );
#2018 = ORIENTED_EDGE ( 'NONE', *, *, #7813, .F. ) ;
#2019 = DIRECTION ( 'NONE',  ( 1.224646799147353207E-16, -3.540705920434613265E-31, -1.000000000000000000 ) ) ;
#2020 = UNCERTAINTY_MEASURE_WITH_UNIT (LENGTH_MEASURE( 1.000000000000000082E-05 ), #1346, 'distance_accuracy_value', 'NONE');
#2021 = DIRECTION ( 'NONE',  ( 1.224646799147353207E-16, -3.540705920434613265E-31, -1.000000000000000000 ) ) ;
#2022 = FILL_AREA_STYLE_COLOUR ( '', #3221 ) ;
#2023 = AXIS2_PLACEMENT_3D ( 'NONE', #574, #9628, #5857 ) ;
#2024 = CARTESIAN_POINT ( 'NONE',  ( -0.7999999999999994893, 0.1499999999999999667, -1.599999999999999867 ) ) ;
#2025 = PRESENTATION_STYLE_ASSIGNMENT (( #3601 ) ) ;
#2026 = AXIS2_PLACEMENT_3D ( 'NONE', #5059, #6658, #9588 ) ;
#2027 = AXIS2_PLACEMENT_3D ( 'NONE', #3935, #4572, #7658 ) ;
#2028 = CIRCLE ( 'NONE', #7038, 0.1414213562373092536 ) ;
#2029 = EDGE_CURVE ( 'NONE', #7432, #6327, #1440, .T. ) ;
#2030 = DIRECTION ( 'NONE',  ( 1.000000000000000000, -2.891205793294679411E-15, 0.0000000000000000000 ) ) ;
#2031 = ORIENTED_EDGE ( 'NONE', *, *, #8911, .F. ) ;
#2032 = DIRECTION ( 'NONE',  ( 0.0000000000000000000, 0.0000000000000000000, -1.000000000000000000 ) ) ;
#2033 = DIRECTION ( 'NONE',  ( 0.0000000000000000000, -1.000000000000000000, -0.0000000000000000000 ) ) ;
#2034 =( LENGTH_UNIT ( ) NAMED_UNIT ( * ) SI_UNIT ( .MILLI., .METRE. ) );
#2035 = MANIFOLD_SOLID_BREP ( 'Sketch-Pattern1[66]', #5614 ) ;
#2036 = EDGE_CURVE ( 'NONE', #4687, #6614, #3341, .T. ) ;
#2037 = ORIENTED_EDGE ( 'NONE', *, *, #1666, .F. ) ;
#2038 = DIRECTION ( 'NONE',  ( 0.0000000000000000000, 0.0000000000000000000, 1.000000000000000000 ) ) ;
#2039 = SPHERICAL_SURFACE ( 'NONE', #7938, 0.1499999999999999667 ) ;
#2040 = PRESENTATION_LAYER_ASSIGNMENT (  '', '', ( #4068 ) ) ;
#2041 = ORIENTED_EDGE ( 'NONE', *, *, #6882, .F. ) ;
#2042 = ADVANCED_FACE ( 'NONE', ( #1314 ), #4354, .F. ) ;
#2043 = EDGE_LOOP ( 'NONE', ( #4706, #1128, #178 ) ) ;
#2044 = LINE ( 'NONE', #7343, #3262 ) ;
#2045 = SURFACE_STYLE_USAGE ( .BOTH. , #6666 ) ;
#2046 = AXIS2_PLACEMENT_3D ( 'NONE', #1786, #1842, #6285 ) ;
#2047 = DIRECTION ( 'NONE',  ( -0.0000000000000000000, -1.000000000000000000, -0.0000000000000000000 ) ) ;
#2048 =( GEOMETRIC_REPRESENTATION_CONTEXT ( 3 ) GLOBAL_UNCERTAINTY_ASSIGNED_CONTEXT ( ( #8995 ) ) GLOBAL_UNIT_ASSIGNED_CONTEXT ( ( #3030, #8217, #4481 ) ) REPRESENTATION_CONTEXT ( 'NONE', 'WORKASPACE' ) );
#2049 = EDGE_LOOP ( 'NONE', ( #7944, #8081, #2173 ) ) ;
#2050 =( LENGTH_UNIT ( ) NAMED_UNIT ( * ) SI_UNIT ( .MILLI., .METRE. ) );
#2051 = FACE_OUTER_BOUND ( 'NONE', #3915, .T. ) ;
#2052 = FILL_AREA_STYLE ('',( #1300 ) ) ;
#2053 = SURFACE_STYLE_USAGE ( .BOTH. , #5874 ) ;
#2054 = AXIS2_PLACEMENT_3D ( 'NONE', #508, #2047, #2077 ) ;
#2055 = DIRECTION ( 'NONE',  ( 0.0000000000000000000, 0.0000000000000000000, -1.000000000000000000 ) ) ;
#2056 = ORIENTED_EDGE ( 'NONE', *, *, #5630, .T. ) ;
#2057 = FILL_AREA_STYLE_COLOUR ( '', #8278 ) ;
#2058 = SURFACE_STYLE_FILL_AREA ( #9311 ) ;
#2059 = SURFACE_STYLE_USAGE ( .BOTH. , #6618 ) ;
#2060 = EDGE_CURVE ( 'NONE', #2353, #7906, #4379, .T. ) ;
#2061 = EDGE_LOOP ( 'NONE', ( #7811, #423, #4615 ) ) ;
#2062 = SPHERICAL_SURFACE ( 'NONE', #2747, 0.1499999999999999667 ) ;
#2063 = AXIS2_PLACEMENT_3D ( 'NONE', #2507, #158, #7018 ) ;
#2064 = FACE_OUTER_BOUND ( 'NONE', #4805, .T. ) ;
#2065 = PLANE ( 'NONE',  #9097 ) ;
#2066 = DIRECTION ( 'NONE',  ( 0.0000000000000000000, 0.0000000000000000000, -1.000000000000000000 ) ) ;
#2067 = DIRECTION ( 'NONE',  ( 1.224646799147353207E-16, -3.540705920434613265E-31, -1.000000000000000000 ) ) ;
#2068 = CARTESIAN_POINT ( 'NONE',  ( 3.400000000000002132, 0.2000000000000005107, -8.199999999999999289 ) ) ;
#2069 = ORIENTED_EDGE ( 'NONE', *, *, #1409, .T. ) ;
#2070 = COLOUR_RGB ( '',0.7921568627450980005, 0.8196078431372548767, 0.9333333333333333481 ) ;
#2071 = ORIENTED_EDGE ( 'NONE', *, *, #1666, .T. ) ;
#2072 = AXIS2_PLACEMENT_3D ( 'NONE', #8024, #5021, #2001 ) ;
#2073 = DIRECTION ( 'NONE',  ( 0.0000000000000000000, 0.0000000000000000000, -1.000000000000000000 ) ) ;
#2074 = FILL_AREA_STYLE ('',( #1327 ) ) ;
#2075 = VERTEX_POINT ( 'NONE', #9104 ) ;
#2076 = DIRECTION ( 'NONE',  ( -1.000000000000000000, 0.0000000000000000000, 0.0000000000000000000 ) ) ;
#2077 = DIRECTION ( 'NONE',  ( 0.0000000000000000000, 0.0000000000000000000, -1.000000000000000000 ) ) ;
#2078 = MECHANICAL_DESIGN_GEOMETRIC_PRESENTATION_REPRESENTATION (  '', ( #7689 ), #8684 ) ;
#2079 = AXIS2_PLACEMENT_3D ( 'NONE', #4960, #8210, #7405 ) ;
#2080 = CLOSED_SHELL ( 'NONE', ( #5456, #6911, #923 ) ) ;
#2081 = EDGE_LOOP ( 'NONE', ( #4515, #3166, #5609 ) ) ;
#2082 = SURFACE_STYLE_USAGE ( .BOTH. , #675 ) ;
#2083 = ORIENTED_EDGE ( 'NONE', *, *, #3267, .T. ) ;
#2084 = EDGE_CURVE ( 'NONE', #573, #3545, #2365, .T. ) ;
#2085 = FILL_AREA_STYLE ('',( #9144 ) ) ;
#2086 = CLOSED_SHELL ( 'NONE', ( #3832, #7570, #7415 ) ) ;
#2087 = DIRECTION ( 'NONE',  ( 1.000000000000000000, 0.0000000000000000000, 0.0000000000000000000 ) ) ;
#2088 = UNCERTAINTY_MEASURE_WITH_UNIT (LENGTH_MEASURE( 1.000000000000000082E-05 ), #6899, 'distance_accuracy_value', 'NONE');
#2089 = ADVANCED_FACE ( 'NONE', ( #6065 ), #3034, .F. ) ;
#2090 = CARTESIAN_POINT ( 'NONE',  ( -1.599999999999999423, 0.0000000000000000000, -2.400000000000000355 ) ) ;
#2091 = EDGE_CURVE ( 'NONE', #4338, #7925, #1806, .T. ) ;
#2092 = VERTEX_POINT ( 'NONE', #9176 ) ;
#2093 = PLANE ( 'NONE',  #9092 ) ;
#2094 = AXIS2_PLACEMENT_3D ( 'NONE', #4024, #8422, #4707 ) ;
#2095 = DIRECTION ( 'NONE',  ( 0.0000000000000000000, 0.0000000000000000000, -1.000000000000000000 ) ) ;
#2096 = CLOSED_SHELL ( 'NONE', ( #8825, #4884, #779 ) ) ;
#2097 = CARTESIAN_POINT ( 'NONE',  ( -2.199999999999999734, 0.2000000000000005107, -5.799999999999999822 ) ) ;
#2098 = FACE_OUTER_BOUND ( 'NONE', #4315, .T. ) ;
#2099 = AXIS2_PLACEMENT_3D ( 'NONE', #232, #7794, #5435 ) ;
#2100 = CARTESIAN_POINT ( 'NONE',  ( -0.1414213562373092536, 0.2000000000000005107, 2.400000000000000355 ) ) ;
#2101 = AXIS2_PLACEMENT_3D ( 'NONE', #8972, #1451, #6764 ) ;
#2102 = EDGE_LOOP ( 'NONE', ( #6087, #9080, #8122 ) ) ;
#2103 = EDGE_LOOP ( 'NONE', ( #3042, #554 ) ) ;
#2104 = FACE_OUTER_BOUND ( 'NONE', #7235, .T. ) ;
#2105 = PLANE ( 'NONE',  #6649 ) ;
#2106 =( GEOMETRIC_REPRESENTATION_CONTEXT ( 3 ) GLOBAL_UNCERTAINTY_ASSIGNED_CONTEXT ( ( #6993 ) ) GLOBAL_UNIT_ASSIGNED_CONTEXT ( ( #5442, #3163, #3125 ) ) REPRESENTATION_CONTEXT ( 'NONE', 'WORKASPACE' ) );
#2107 = DIRECTION ( 'NONE',  ( -0.0000000000000000000, -1.000000000000000000, -0.0000000000000000000 ) ) ;
#2108 = ORIENTED_EDGE ( 'NONE', *, *, #4971, .F. ) ;
#2109 = FACE_OUTER_BOUND ( 'NONE', #6393, .T. ) ;
#2110 = AXIS2_PLACEMENT_3D ( 'NONE', #2068, #5823, #5061 ) ;
#2111 = DIRECTION ( 'NONE',  ( 0.0000000000000000000, 0.0000000000000000000, -1.000000000000000000 ) ) ;
#2112 = DIRECTION ( 'NONE',  ( 0.0000000000000000000, 0.0000000000000000000, -1.000000000000000000 ) ) ;
#2113 = CARTESIAN_POINT ( 'NONE',  ( -2.399999999999999467, 0.1499999999999999667, -3.200000000000000622 ) ) ;
#2114 =( NAMED_UNIT ( * ) PLANE_ANGLE_UNIT ( ) SI_UNIT ( $, .RADIAN. ) );
#2115 = VERTEX_POINT ( 'NONE', #6826 ) ;
#2116 = AXIS2_PLACEMENT_3D ( 'NONE', #6822, #6166, #1607 ) ;
#2117 = FACE_OUTER_BOUND ( 'NONE', #8502, .T. ) ;
#2118 = DIRECTION ( 'NONE',  ( 0.0000000000000000000, 0.0000000000000000000, -1.000000000000000000 ) ) ;
#2119 = SURFACE_STYLE_FILL_AREA ( #4507 ) ;
#2120 = DIRECTION ( 'NONE',  ( -0.0000000000000000000, -1.000000000000000000, -0.0000000000000000000 ) ) ;
#2121 = CARTESIAN_POINT ( 'NONE',  ( 3.200000000000000622, 0.1499999999999999667, 3.200000000000000178 ) ) ;
#2122 = CARTESIAN_POINT ( 'NONE',  ( -4.000000000000000000, 0.1499999999999999667, 1.599999999999999867 ) ) ;
#2123 = CARTESIAN_POINT ( 'NONE',  ( -2.399999999999999467, 0.1499999999999999667, -2.400000000000000355 ) ) ;
#2124 = DIRECTION ( 'NONE',  ( 1.224646799147353207E-16, -3.540705920434613265E-31, -1.000000000000000000 ) ) ;
#2125 = ORIENTED_EDGE ( 'NONE', *, *, #8876, .F. ) ;
#2126 = DIRECTION ( 'NONE',  ( 0.0000000000000000000, 0.0000000000000000000, -1.000000000000000000 ) ) ;
#2127 = FACE_OUTER_BOUND ( 'NONE', #6111, .T. ) ;
#2128 = CIRCLE ( 'NONE', #833, 0.1499999999999999667 ) ;
#2129 = ADVANCED_FACE ( 'NONE', ( #2493 ), #4661, .F. ) ;
#2130 = AXIS2_PLACEMENT_3D ( 'NONE', #2843, #5106, #1337 ) ;
#2131 = DIRECTION ( 'NONE',  ( 1.224646799147353207E-16, -3.540705920434613265E-31, -1.000000000000000000 ) ) ;
#2132 = AXIS2_PLACEMENT_3D ( 'NONE', #5916, #6652, #6681 ) ;
#2133 = ORIENTED_EDGE ( 'NONE', *, *, #4381, .F. ) ;
#2134 = UNCERTAINTY_MEASURE_WITH_UNIT (LENGTH_MEASURE( 1.000000000000000082E-05 ), #5974, 'distance_accuracy_value', 'NONE');
#2135 = COLOUR_RGB ( '',0.7921568627450980005, 0.8196078431372548767, 0.9333333333333333481 ) ;
#2136 = EDGE_CURVE ( 'NONE', #3014, #6460, #4266, .T. ) ;
#2137 = SPHERICAL_SURFACE ( 'NONE', #4357, 0.1499999999999999667 ) ;
#2138 = EDGE_CURVE ( 'NONE', #2307, #7012, #9566, .T. ) ;
#2139 = CARTESIAN_POINT ( 'NONE',  ( 4.000000000000002665, 0.2000000000000005107, -4.000000000000000000 ) ) ;
#2140 = DIRECTION ( 'NONE',  ( 0.0000000000000000000, 0.0000000000000000000, 1.000000000000000000 ) ) ;
#2141 = PRESENTATION_STYLE_ASSIGNMENT (( #2082 ) ) ;
#2142 = DIRECTION ( 'NONE',  ( 0.0000000000000000000, 0.0000000000000000000, 1.000000000000000000 ) ) ;
#2143 = CLOSED_SHELL ( 'NONE', ( #6760, #7958, #462 ) ) ;
#2144 = AXIS2_PLACEMENT_3D ( 'NONE', #8299, #3058, #5166 ) ;
#2145 = PLANE ( 'NONE',  #3423 ) ;
#2146 = DIRECTION ( 'NONE',  ( 1.000000000000000000, -2.891205793294679411E-15, 0.0000000000000000000 ) ) ;
#2147 = MANIFOLD_SOLID_BREP ( 'Sketch-Pattern1[15]', #1822 ) ;
#2148 = ORIENTED_EDGE ( 'NONE', *, *, #4454, .F. ) ;
#2149 = MECHANICAL_DESIGN_GEOMETRIC_PRESENTATION_REPRESENTATION (  '', ( #3644 ), #4857 ) ;
#2150 = EDGE_CURVE ( 'NONE', #3957, #9458, #3909, .T. ) ;
#2151 = STYLED_ITEM ( 'NONE', ( #5731 ), #601 ) ;
#2152 = CARTESIAN_POINT ( 'NONE',  ( -2.399999999999999467, 0.1499999999999999667, -2.400000000000000355 ) ) ;
#2153 = ADVANCED_FACE ( 'NONE', ( #7586 ), #6523, .T. ) ;
#2154 = DIRECTION ( 'NONE',  ( 0.0000000000000000000, 0.0000000000000000000, -1.000000000000000000 ) ) ;
#2155 = CLOSED_SHELL ( 'NONE', ( #7096, #9615, #2259, #4685, #7772, #68 ) ) ;
#2156 = CARTESIAN_POINT ( 'NONE',  ( 0.8000000000000012657, 0.1499999999999999667, -4.000000000000000000 ) ) ;
#2157 = DIRECTION ( 'NONE',  ( 1.224646799147353207E-16, -3.540705920434613265E-31, -1.000000000000000000 ) ) ;
#2158 = AXIS2_PLACEMENT_3D ( 'NONE', #4718, #4579, #8764 ) ;
#2159 = CARTESIAN_POINT ( 'NONE',  ( 5.000000000000002665, 0.2000000000000005107, -9.000000000000000000 ) ) ;
#2160 = CIRCLE ( 'NONE', #4574, 0.1499999999999999667 ) ;
#2161 = ORIENTED_EDGE ( 'NONE', *, *, #7347, .F. ) ;
#2162 = FACE_OUTER_BOUND ( 'NONE', #7743, .T. ) ;
#2163 =( NAMED_UNIT ( * ) PLANE_ANGLE_UNIT ( ) SI_UNIT ( $, .RADIAN. ) );
#2164 = DIRECTION ( 'NONE',  ( 0.0000000000000000000, 0.0000000000000000000, 1.000000000000000000 ) ) ;
#2165 = MECHANICAL_DESIGN_GEOMETRIC_PRESENTATION_REPRESENTATION (  '', ( #181 ), #377 ) ;
#2166 = ORIENTED_EDGE ( 'NONE', *, *, #1564, .F. ) ;
#2167 = PRESENTATION_STYLE_ASSIGNMENT (( #3107 ) ) ;
#2168 = ORIENTED_EDGE ( 'NONE', *, *, #469, .F. ) ;
#2169 = FILL_AREA_STYLE_COLOUR ( '', #7402 ) ;
#2170 = CIRCLE ( 'NONE', #1189, 0.1499999999999999667 ) ;
#2171 = DIRECTION ( 'NONE',  ( -0.0000000000000000000, -1.000000000000000000, -0.0000000000000000000 ) ) ;
#2172 = AXIS2_PLACEMENT_3D ( 'NONE', #2885, #5082, #5845 ) ;
#2173 = ORIENTED_EDGE ( 'NONE', *, *, #4008, .T. ) ;
#2174 = ADVANCED_FACE ( 'NONE', ( #32 ), #5806, .T. ) ;
#2175 = CARTESIAN_POINT ( 'NONE',  ( -0.5999999999999989786, 0.2000000000000005107, -7.399999999999999467 ) ) ;
#2176 = EDGE_CURVE ( 'NONE', #4713, #7500, #6301, .T. ) ;
#2177 = ORIENTED_EDGE ( 'NONE', *, *, #6368, .F. ) ;
#2178 = COLOUR_RGB ( '',0.7921568627450980005, 0.8196078431372548767, 0.9333333333333333481 ) ;
#2179 = AXIS2_PLACEMENT_3D ( 'NONE', #9143, #899, #7534 ) ;
#2180 = ORIENTED_EDGE ( 'NONE', *, *, #6399, .F. ) ;
#2181 = FILL_AREA_STYLE_COLOUR ( '', #9205 ) ;
#2182 = DIRECTION ( 'NONE',  ( 1.224646799147353207E-16, -3.540705920434613265E-31, -1.000000000000000000 ) ) ;
#2183 = DIRECTION ( 'NONE',  ( -1.000000000000000000, 0.0000000000000000000, 0.0000000000000000000 ) ) ;
#2184 = DIRECTION ( 'NONE',  ( 0.0000000000000000000, 0.0000000000000000000, -1.000000000000000000 ) ) ;
#2185 = ORIENTED_EDGE ( 'NONE', *, *, #2036, .F. ) ;
#2186 = FACE_OUTER_BOUND ( 'NONE', #4536, .T. ) ;
#2187 = DIRECTION ( 'NONE',  ( 1.000000000000000000, 0.0000000000000000000, 0.0000000000000000000 ) ) ;
#2188 = PRESENTATION_LAYER_ASSIGNMENT (  '', '', ( #3241 ) ) ;
#2189 = VERTEX_POINT ( 'NONE', #4797 ) ;
#2190 = CIRCLE ( 'NONE', #8046, 0.1414213562373092536 ) ;
#2191 = CARTESIAN_POINT ( 'NONE',  ( -2.199999999999999289, 0.2000000000000005107, -8.199999999999999289 ) ) ;
#2192 = VERTEX_POINT ( 'NONE', #7844 ) ;
#2193 = SURFACE_STYLE_FILL_AREA ( #4301 ) ;
#2194 = EDGE_CURVE ( 'NONE', #9591, #4717, #2716, .T. ) ;
#2195 = EDGE_LOOP ( 'NONE', ( #2108, #3898, #1603 ) ) ;
#2196 = CIRCLE ( 'NONE', #3417, 0.1499999999999999667 ) ;
#2197 = DIRECTION ( 'NONE',  ( 0.0000000000000000000, 0.0000000000000000000, -1.000000000000000000 ) ) ;
#2198 =( NAMED_UNIT ( * ) SI_UNIT ( $, .STERADIAN. ) SOLID_ANGLE_UNIT ( ) );
#2199 = DIRECTION ( 'NONE',  ( 0.0000000000000000000, 0.0000000000000000000, -1.000000000000000000 ) ) ;
#2200 = PRESENTATION_LAYER_ASSIGNMENT (  '', '', ( #8984 ) ) ;
#2201 = ORIENTED_EDGE ( 'NONE', *, *, #7116, .F. ) ;
#2202 = EDGE_LOOP ( 'NONE', ( #9429, #7448, #4304, #7003 ) ) ;
#2203 = ADVANCED_FACE ( 'NONE', ( #7035 ), #723, .T. ) ;
#2204 = DIRECTION ( 'NONE',  ( 0.0000000000000000000, 0.0000000000000000000, 1.000000000000000000 ) ) ;
#2205 = AXIS2_PLACEMENT_3D ( 'NONE', #2884, #7486, #748 ) ;
#2206 = MANIFOLD_SOLID_BREP ( 'Sketch-Pattern1[81]', #8762 ) ;
#2207 = PRESENTATION_LAYER_ASSIGNMENT (  '', '', ( #7693 ) ) ;
#2208 = DIRECTION ( 'NONE',  ( 1.000000000000000000, -2.891205793294679411E-15, 0.0000000000000000000 ) ) ;
#2209 = CIRCLE ( 'NONE', #3366, 0.1414213562373092536 ) ;
#2210 = PRESENTATION_LAYER_ASSIGNMENT (  '', '', ( #6812 ) ) ;
#2211 = SURFACE_SIDE_STYLE ('',( #5238 ) ) ;
#2212 = SURFACE_SIDE_STYLE ('',( #4870 ) ) ;
#2213 = FACE_OUTER_BOUND ( 'NONE', #6854, .T. ) ;
#2214 = CARTESIAN_POINT ( 'NONE',  ( 2.600000000000000089, 0.2000000000000005107, -4.199999999999999289 ) ) ;
#2215 = EDGE_CURVE ( 'NONE', #6332, #1706, #8049, .T. ) ;
#2216 = CARTESIAN_POINT ( 'NONE',  ( 0.6585786437626919287, 0.2000000000000005107, -2.400000000000000355 ) ) ;
#2217 = ORIENTED_EDGE ( 'NONE', *, *, #2349, .T. ) ;
#2218 = CARTESIAN_POINT ( 'NONE',  ( 0.8000000000000012657, 0.1499999999999999667, -2.400000000000000355 ) ) ;
#2219 = CLOSED_SHELL ( 'NONE', ( #3881, #1362, #90 ) ) ;
#2220 = FACE_OUTER_BOUND ( 'NONE', #7756, .T. ) ;
#2221 = EDGE_CURVE ( 'NONE', #8630, #3076, #2244, .T. ) ;
#2222 = AXIS2_PLACEMENT_3D ( 'NONE', #2667, #9403, #4906 ) ;
#2223 = DIRECTION ( 'NONE',  ( 0.0000000000000000000, 0.0000000000000000000, -1.000000000000000000 ) ) ;
#2224 = VERTEX_POINT ( 'NONE', #312 ) ;
#2225 = DIRECTION ( 'NONE',  ( 1.224646799147353207E-16, -3.540705920434613265E-31, -1.000000000000000000 ) ) ;
#2226 = MECHANICAL_DESIGN_GEOMETRIC_PRESENTATION_REPRESENTATION (  '', ( #5485 ), #861 ) ;
#2227 = DIRECTION ( 'NONE',  ( -0.0000000000000000000, -1.000000000000000000, -0.0000000000000000000 ) ) ;
#2228 = DIRECTION ( 'NONE',  ( -1.000000000000000000, 0.0000000000000000000, 0.0000000000000000000 ) ) ;
#2229 = SURFACE_STYLE_USAGE ( .BOTH. , #758 ) ;
#2230 =( LENGTH_UNIT ( ) NAMED_UNIT ( * ) SI_UNIT ( .MILLI., .METRE. ) );
#2231 = COLOUR_RGB ( '',0.7921568627450980005, 0.8196078431372548767, 0.9333333333333333481 ) ;
#2232 = DIRECTION ( 'NONE',  ( -1.000000000000000000, 0.0000000000000000000, 0.0000000000000000000 ) ) ;
#2233 = CARTESIAN_POINT ( 'NONE',  ( -1.599999999999998979, 0.2000000000000005107, -2.400000000000000355 ) ) ;
#2234 = ORIENTED_EDGE ( 'NONE', *, *, #5434, .F. ) ;
#2235 = COLOUR_RGB ( '',0.7921568627450980005, 0.8196078431372548767, 0.9333333333333333481 ) ;
#2236 =( NAMED_UNIT ( * ) PLANE_ANGLE_UNIT ( ) SI_UNIT ( $, .RADIAN. ) );
#2237 = PLANE ( 'NONE',  #5010 ) ;
#2238 = AXIS2_PLACEMENT_3D ( 'NONE', #5865, #6640, #2840 ) ;
#2239 = AXIS2_PLACEMENT_3D ( 'NONE', #9035, #6792, #5250 ) ;
#2240 = ADVANCED_FACE ( 'NONE', ( #6047 ), #2962, .T. ) ;
#2241 = CARTESIAN_POINT ( 'NONE',  ( -4.000000000000000000, 0.1499999999999999667, 4.000000000000000000 ) ) ;
#2242 = CARTESIAN_POINT ( 'NONE',  ( 4.141421356237308338, 0.2000000000000005107, -0.8000000000000003775 ) ) ;
#2243 = ORIENTED_EDGE ( 'NONE', *, *, #1318, .T. ) ;
#2244 = CIRCLE ( 'NONE', #516, 0.1499999999999999667 ) ;
#2245 = AXIS2_PLACEMENT_3D ( 'NONE', #6512, #2021, #1308 ) ;
#2246 = AXIS2_PLACEMENT_3D ( 'NONE', #619, #1277, #5115 ) ;
#2247 = DIRECTION ( 'NONE',  ( 0.0000000000000000000, 0.0000000000000000000, -1.000000000000000000 ) ) ;
#2248 = CARTESIAN_POINT ( 'NONE',  ( -0.7999999999999994893, 0.1499999999999999667, -3.200000000000000622 ) ) ;
#2249 = STYLED_ITEM ( 'NONE', ( #2450 ), #5018 ) ;
#2250 = ORIENTED_EDGE ( 'NONE', *, *, #8109, .T. ) ;
#2251 = SURFACE_STYLE_FILL_AREA ( #3944 ) ;
#2252 = DIRECTION ( 'NONE',  ( 0.0000000000000000000, 0.0000000000000000000, 1.000000000000000000 ) ) ;
#2253 = DIRECTION ( 'NONE',  ( 0.0000000000000000000, 0.0000000000000000000, -1.000000000000000000 ) ) ;
#2254 = DIRECTION ( 'NONE',  ( 0.0000000000000000000, -1.000000000000000000, -0.0000000000000000000 ) ) ;
#2255 = AXIS2_PLACEMENT_3D ( 'NONE', #3565, #5884, #621 ) ;
#2256 = CLOSED_SHELL ( 'NONE', ( #3734, #6886, #4787 ) ) ;
#2257 = CARTESIAN_POINT ( 'NONE',  ( 4.428657199878068407E-16, 0.0000000000000000000, -1.599999999999999867 ) ) ;
#2258 = PLANE ( 'NONE',  #3402 ) ;
#2259 = ADVANCED_FACE ( 'NONE', ( #2117 ), #7715, .T. ) ;
#2260 = DIRECTION ( 'NONE',  ( 0.0000000000000000000, 0.0000000000000000000, -1.000000000000000000 ) ) ;
#2261 = CARTESIAN_POINT ( 'NONE',  ( 3.200000000000000622, 0.2000000000000005107, -4.000000000000000000 ) ) ;
#2262 = DIRECTION ( 'NONE',  ( 0.0000000000000000000, -1.000000000000000000, -0.0000000000000000000 ) ) ;
#2263 = CARTESIAN_POINT ( 'NONE',  ( -0.5999999999999998668, 0.2000000000000005107, -0.9999999999999991118 ) ) ;
#2264 = CIRCLE ( 'NONE', #4733, 0.1499999999999999667 ) ;
#2265 = ORIENTED_EDGE ( 'NONE', *, *, #1541, .F. ) ;
#2266 = UNCERTAINTY_MEASURE_WITH_UNIT (LENGTH_MEASURE( 1.000000000000000082E-05 ), #4694, 'distance_accuracy_value', 'NONE');
#2267 = SPHERICAL_SURFACE ( 'NONE', #5293, 0.1499999999999999667 ) ;
#2268 =( GEOMETRIC_REPRESENTATION_CONTEXT ( 3 ) GLOBAL_UNCERTAINTY_ASSIGNED_CONTEXT ( ( #7617 ) ) GLOBAL_UNIT_ASSIGNED_CONTEXT ( ( #5142, #8962, #5117 ) ) REPRESENTATION_CONTEXT ( 'NONE', 'WORKASPACE' ) );
#2269 = CARTESIAN_POINT ( 'NONE',  ( -3.999999999999999112, 0.1499999999999999667, -2.400000000000000355 ) ) ;
#2270 = ORIENTED_EDGE ( 'NONE', *, *, #1800, .T. ) ;
#2271 = DIRECTION ( 'NONE',  ( 0.0000000000000000000, 0.0000000000000000000, -1.000000000000000000 ) ) ;
#2272 = EDGE_CURVE ( 'NONE', #3306, #6551, #973, .T. ) ;
#2273 = EDGE_LOOP ( 'NONE', ( #7512, #3792, #8594 ) ) ;
#2274 =( LENGTH_UNIT ( ) NAMED_UNIT ( * ) SI_UNIT ( .MILLI., .METRE. ) );
#2275 = MANIFOLD_SOLID_BREP ( 'Sketch-Pattern1[115]', #800 ) ;
#2276 = EDGE_CURVE ( 'NONE', #475, #1021, #7719, .T. ) ;
#2277 = FACE_OUTER_BOUND ( 'NONE', #1472, .T. ) ;
#2278 = SURFACE_SIDE_STYLE ('',( #2119 ) ) ;
#2279 = DIRECTION ( 'NONE',  ( 0.0000000000000000000, 0.0000000000000000000, -1.000000000000000000 ) ) ;
#2280 = DIRECTION ( 'NONE',  ( 1.000000000000000000, -2.891205793294679411E-15, 0.0000000000000000000 ) ) ;
#2281 =( GEOMETRIC_REPRESENTATION_CONTEXT ( 3 ) GLOBAL_UNCERTAINTY_ASSIGNED_CONTEXT ( ( #7753 ) ) GLOBAL_UNIT_ASSIGNED_CONTEXT ( ( #5735, #2781, #3524 ) ) REPRESENTATION_CONTEXT ( 'NONE', 'WORKASPACE' ) );
#2282 = ADVANCED_FACE ( 'NONE', ( #3553 ), #5689, .T. ) ;
#2283 = DIRECTION ( 'NONE',  ( 0.0000000000000000000, -1.000000000000000000, -0.0000000000000000000 ) ) ;
#2284 = CLOSED_SHELL ( 'NONE', ( #4585, #2536, #3548 ) ) ;
#2285 = SPHERICAL_SURFACE ( 'NONE', #791, 0.1499999999999999667 ) ;
#2286 = EDGE_CURVE ( 'NONE', #830, #7430, #3783, .T. ) ;
#2287 = PLANE ( 'NONE',  #3036 ) ;
#2288 = DIRECTION ( 'NONE',  ( -1.000000000000000000, 0.0000000000000000000, 0.0000000000000000000 ) ) ;
#2289 = AXIS2_PLACEMENT_3D ( 'NONE', #1539, #8305, #2280 ) ;
#2290 = DIRECTION ( 'NONE',  ( -0.0000000000000000000, -1.000000000000000000, -0.0000000000000000000 ) ) ;
#2291 = DIRECTION ( 'NONE',  ( 0.0000000000000000000, 0.0000000000000000000, -1.000000000000000000 ) ) ;
#2292 = DIRECTION ( 'NONE',  ( 0.0000000000000000000, -1.000000000000000000, -0.0000000000000000000 ) ) ;
#2293 = EDGE_LOOP ( 'NONE', ( #4181, #8288, #471, #5775 ) ) ;
#2294 = PLANE ( 'NONE',  #8330 ) ;
#2295 = EDGE_LOOP ( 'NONE', ( #2902, #2320 ) ) ;
#2296 = VERTEX_POINT ( 'NONE', #4079 ) ;
#2297 = DIRECTION ( 'NONE',  ( 0.0000000000000000000, 0.0000000000000000000, -1.000000000000000000 ) ) ;
#2298 = FACE_OUTER_BOUND ( 'NONE', #3273, .T. ) ;
#2299 = DIRECTION ( 'NONE',  ( 1.224646799147353207E-16, -3.540705920434613265E-31, -1.000000000000000000 ) ) ;
#2300 = DIRECTION ( 'NONE',  ( 0.0000000000000000000, 0.0000000000000000000, -1.000000000000000000 ) ) ;
#2301 = ORIENTED_EDGE ( 'NONE', *, *, #1219, .T. ) ;
#2302 = VERTEX_POINT ( 'NONE', #5458 ) ;
#2303 = CIRCLE ( 'NONE', #8140, 0.1414213562373092536 ) ;
#2304 = AXIS2_PLACEMENT_3D ( 'NONE', #7725, #9284, #1777 ) ;
#2305 = ADVANCED_FACE ( 'NONE', ( #5335 ), #5701, .F. ) ;
#2306 = CARTESIAN_POINT ( 'NONE',  ( 3.341421356237309848, 0.2000000000000005107, -4.000000000000000000 ) ) ;
#2307 = VERTEX_POINT ( 'NONE', #7130 ) ;
#2308 = AXIS2_PLACEMENT_3D ( 'NONE', #5489, #6262, #5618 ) ;
#2309 = FACE_OUTER_BOUND ( 'NONE', #2316, .T. ) ;
#2310 = DIRECTION ( 'NONE',  ( 0.0000000000000000000, 0.0000000000000000000, -1.000000000000000000 ) ) ;
#2311 =( LENGTH_UNIT ( ) NAMED_UNIT ( * ) SI_UNIT ( .MILLI., .METRE. ) );
#2312 = EDGE_CURVE ( 'NONE', #6028, #1257, #3679, .T. ) ;
#2313 = ORIENTED_EDGE ( 'NONE', *, *, #326, .F. ) ;
#2314 = SPHERICAL_SURFACE ( 'NONE', #267, 0.1499999999999999667 ) ;
#2315 = AXIS2_PLACEMENT_3D ( 'NONE', #4296, #8196, #8138 ) ;
#2316 = EDGE_LOOP ( 'NONE', ( #9756, #8199, #4947 ) ) ;
#2317 = FACE_OUTER_BOUND ( 'NONE', #6269, .T. ) ;
#2318 = CARTESIAN_POINT ( 'NONE',  ( -3.199999999999999734, 0.2000000000000005107, 3.200000000000000178 ) ) ;
#2319 = UNCERTAINTY_MEASURE_WITH_UNIT (LENGTH_MEASURE( 1.000000000000000082E-05 ), #4198, 'distance_accuracy_value', 'NONE');
#2320 = ORIENTED_EDGE ( 'NONE', *, *, #2532, .F. ) ;
#2321 = CARTESIAN_POINT ( 'NONE',  ( 0.8000000000000012657, 0.1499999999999999667, -1.599999999999999867 ) ) ;
#2322 = DIRECTION ( 'NONE',  ( 1.000000000000000000, -2.891205793294679411E-15, 0.0000000000000000000 ) ) ;
#2323 = ORIENTED_EDGE ( 'NONE', *, *, #2605, .F. ) ;
#2324 = DIRECTION ( 'NONE',  ( 0.0000000000000000000, 0.0000000000000000000, -1.000000000000000000 ) ) ;
#2325 = DIRECTION ( 'NONE',  ( 0.0000000000000000000, 0.0000000000000000000, -1.000000000000000000 ) ) ;
#2326 = AXIS2_PLACEMENT_3D ( 'NONE', #7000, #5610, #6253 ) ;
#2327 =( LENGTH_UNIT ( ) NAMED_UNIT ( * ) SI_UNIT ( .MILLI., .METRE. ) );
#2328 = AXIS2_PLACEMENT_3D ( 'NONE', #2015, #4427, #2909 ) ;
#2329 = CIRCLE ( 'NONE', #2099, 0.1499999999999999667 ) ;
#2330 = CARTESIAN_POINT ( 'NONE',  ( 2.400000000000000355, 0.1499999999999999667, 3.200000000000000178 ) ) ;
#2331 = SURFACE_SIDE_STYLE ('',( #3492 ) ) ;
#2332 = AXIS2_PLACEMENT_3D ( 'NONE', #613, #3011, #708 ) ;
#2333 = ORIENTED_EDGE ( 'NONE', *, *, #1742, .T. ) ;
#2334 = ORIENTED_EDGE ( 'NONE', *, *, #8817, .T. ) ;
#2335 = CLOSED_SHELL ( 'NONE', ( #2153, #1029, #7444 ) ) ;
#2336 = ADVANCED_FACE ( 'NONE', ( #1543 ), #9419, .F. ) ;
#2337 = EDGE_CURVE ( 'NONE', #7317, #741, #7358, .T. ) ;
#2338 = VERTEX_POINT ( 'NONE', #8620 ) ;
#2339 = MANIFOLD_SOLID_BREP ( 'Sketch-Pattern1[111]', #6827 ) ;
#2340 = FACE_OUTER_BOUND ( 'NONE', #9600, .T. ) ;
#2341 = CARTESIAN_POINT ( 'NONE',  ( 1.600000000000000755, 0.2000000000000005107, -4.000000000000000000 ) ) ;
#2342 =( LENGTH_UNIT ( ) NAMED_UNIT ( * ) SI_UNIT ( .MILLI., .METRE. ) );
#2343 = CARTESIAN_POINT ( 'NONE',  ( 4.200000000000000178, 0.2000000000000005107, -4.999999999999999112 ) ) ;
#2344 = EDGE_LOOP ( 'NONE', ( #3602, #6289, #1629 ) ) ;
#2345 = DIRECTION ( 'NONE',  ( -0.0000000000000000000, -1.000000000000000000, -0.0000000000000000000 ) ) ;
#2346 = ORIENTED_EDGE ( 'NONE', *, *, #919, .T. ) ;
#2347 = FACE_OUTER_BOUND ( 'NONE', #4247, .T. ) ;
#2348 = DIRECTION ( 'NONE',  ( 0.0000000000000000000, 0.0000000000000000000, -1.000000000000000000 ) ) ;
#2349 = EDGE_CURVE ( 'NONE', #7786, #7454, #4975, .T. ) ;
#2350 = CARTESIAN_POINT ( 'NONE',  ( 0.0000000000000000000, 0.1499999999999999667, 3.200000000000000178 ) ) ;
#2351 = CIRCLE ( 'NONE', #6145, 0.1499999999999999667 ) ;
#2352 = MECHANICAL_DESIGN_GEOMETRIC_PRESENTATION_REPRESENTATION (  '', ( #5144 ), #1633 ) ;
#2353 = VERTEX_POINT ( 'NONE', #7224 ) ;
#2354 = CIRCLE ( 'NONE', #401, 0.1414213562373092536 ) ;
#2355 = PRESENTATION_STYLE_ASSIGNMENT (( #5283 ) ) ;
#2356 =( LENGTH_UNIT ( ) NAMED_UNIT ( * ) SI_UNIT ( .MILLI., .METRE. ) );
#2357 = MECHANICAL_DESIGN_GEOMETRIC_PRESENTATION_REPRESENTATION (  '', ( #4068 ), #6321 ) ;
#2358 = ADVANCED_FACE ( 'NONE', ( #5463 ), #9482, .F. ) ;
#2359 =( LENGTH_UNIT ( ) NAMED_UNIT ( * ) SI_UNIT ( .MILLI., .METRE. ) );
#2360 = DIRECTION ( 'NONE',  ( 1.000000000000000000, 0.0000000000000000000, 0.0000000000000000000 ) ) ;
#2361 =( NAMED_UNIT ( * ) PLANE_ANGLE_UNIT ( ) SI_UNIT ( $, .RADIAN. ) );
#2362 =( NAMED_UNIT ( * ) SI_UNIT ( $, .STERADIAN. ) SOLID_ANGLE_UNIT ( ) );
#2363 = ORIENTED_EDGE ( 'NONE', *, *, #1164, .F. ) ;
#2364 = DIRECTION ( 'NONE',  ( 0.0000000000000000000, 0.0000000000000000000, 1.000000000000000000 ) ) ;
#2365 = CIRCLE ( 'NONE', #8486, 0.1499999999999999667 ) ;
#2366 = COLOUR_RGB ( '',0.7921568627450980005, 0.8196078431372548767, 0.9333333333333333481 ) ;
#2367 = AXIS2_PLACEMENT_3D ( 'NONE', #1266, #6566, #9691 ) ;
#2368 = MECHANICAL_DESIGN_GEOMETRIC_PRESENTATION_REPRESENTATION (  '', ( #1083 ), #2048 ) ;
#2369 = DIRECTION ( 'NONE',  ( 0.0000000000000000000, 0.0000000000000000000, -1.000000000000000000 ) ) ;
#2370 = DIRECTION ( 'NONE',  ( 1.224646799147353207E-16, -3.540705920434613265E-31, -1.000000000000000000 ) ) ;
#2371 = DIRECTION ( 'NONE',  ( 0.0000000000000000000, -0.0000000000000000000, 1.000000000000000000 ) ) ;
#2372 = SURFACE_SIDE_STYLE ('',( #9274 ) ) ;
#2373 = DIRECTION ( 'NONE',  ( -1.000000000000000000, 0.0000000000000000000, 0.0000000000000000000 ) ) ;
#2374 = AXIS2_PLACEMENT_3D ( 'NONE', #4800, #5560, #3215 ) ;
#2375 = ORIENTED_EDGE ( 'NONE', *, *, #8421, .T. ) ;
#2376 = STYLED_ITEM ( 'NONE', ( #1192 ), #2889 ) ;
#2377 = COLOUR_RGB ( '',0.7921568627450980005, 0.8196078431372548767, 0.9333333333333333481 ) ;
#2378 = CARTESIAN_POINT ( 'NONE',  ( -2.258578643762689797, 0.2000000000000005107, -4.000000000000000000 ) ) ;
#2379 = EDGE_CURVE ( 'NONE', #467, #7225, #5451, .T. ) ;
#2380 = DIRECTION ( 'NONE',  ( 1.000000000000000000, 0.0000000000000000000, 0.0000000000000000000 ) ) ;
#2381 = AXIS2_PLACEMENT_3D ( 'NONE', #1894, #4939, #2869 ) ;
#2382 = CARTESIAN_POINT ( 'NONE',  ( -3.999999999999999112, 0.1499999999999999667, -2.400000000000000355 ) ) ;
#2383 = ORIENTED_EDGE ( 'NONE', *, *, #2791, .T. ) ;
#2384 = DIRECTION ( 'NONE',  ( 1.000000000000000000, 0.0000000000000000000, 0.0000000000000000000 ) ) ;
#2385 = FACE_OUTER_BOUND ( 'NONE', #1986, .T. ) ;
#2386 = ADVANCED_FACE ( 'NONE', ( #3207 ), #3401, .F. ) ;
#2387 = CIRCLE ( 'NONE', #3364, 0.1414213562373092536 ) ;
#2388 = AXIS2_PLACEMENT_3D ( 'NONE', #5804, #3619, #6704 ) ;
#2389 = CARTESIAN_POINT ( 'NONE',  ( 0.9414213562373096034, 0.2000000000000005107, 3.200000000000000178 ) ) ;
#2390 =( NAMED_UNIT ( * ) PLANE_ANGLE_UNIT ( ) SI_UNIT ( $, .RADIAN. ) );
#2391 = VERTEX_POINT ( 'NONE', #4919 ) ;
#2392 = DIRECTION ( 'NONE',  ( 1.000000000000000000, -0.0000000000000000000, 0.0000000000000000000 ) ) ;
#2393 = UNCERTAINTY_MEASURE_WITH_UNIT (LENGTH_MEASURE( 1.000000000000000082E-05 ), #1536, 'distance_accuracy_value', 'NONE');
#2394 = FACE_OUTER_BOUND ( 'NONE', #4462, .T. ) ;
#2395 = CARTESIAN_POINT ( 'NONE',  ( -3.999999999999999112, 0.2000000000000005107, -1.599999999999999867 ) ) ;
#2396 = DIRECTION ( 'NONE',  ( 0.0000000000000000000, 0.0000000000000000000, -1.000000000000000000 ) ) ;
#2397 = SURFACE_STYLE_USAGE ( .BOTH. , #3142 ) ;
#2398 = COLOUR_RGB ( '',0.7921568627450980005, 0.8196078431372548767, 0.9333333333333333481 ) ;
#2399 = VERTEX_POINT ( 'NONE', #3588 ) ;
#2400 = AXIS2_PLACEMENT_3D ( 'NONE', #1306, #1272, #8051 ) ;
#2401 = DIRECTION ( 'NONE',  ( -1.000000000000000000, 0.0000000000000000000, 0.0000000000000000000 ) ) ;
#2402 = PRESENTATION_LAYER_ASSIGNMENT (  '', '', ( #8685 ) ) ;
#2403 = DIRECTION ( 'NONE',  ( 0.0000000000000000000, -1.000000000000000000, -0.0000000000000000000 ) ) ;
#2404 = FILL_AREA_STYLE ('',( #6101 ) ) ;
#2405 = AXIS2_PLACEMENT_3D ( 'NONE', #993, #2555, #7836 ) ;
#2406 = EDGE_CURVE ( 'NONE', #3320, #2192, #3435, .T. ) ;
#2407 = ADVANCED_FACE ( 'NONE', ( #1424 ), #476, .T. ) ;
#2408 =( NAMED_UNIT ( * ) SI_UNIT ( $, .STERADIAN. ) SOLID_ANGLE_UNIT ( ) );
#2409 = PRESENTATION_STYLE_ASSIGNMENT (( #9578 ) ) ;
#2410 = DIRECTION ( 'NONE',  ( 0.0000000000000000000, 0.0000000000000000000, -1.000000000000000000 ) ) ;
#2411 = EDGE_LOOP ( 'NONE', ( #3830, #2903, #2056 ) ) ;
#2412 = CIRCLE ( 'NONE', #6119, 0.1414213562373092536 ) ;
#2413 = EDGE_CURVE ( 'NONE', #5278, #7447, #4625, .T. ) ;
#2414 = FILL_AREA_STYLE ('',( #8989 ) ) ;
#2415 = DIRECTION ( 'NONE',  ( 0.0000000000000000000, 0.0000000000000000000, -1.000000000000000000 ) ) ;
#2416 = SURFACE_STYLE_USAGE ( .BOTH. , #197 ) ;
#2417 = DIRECTION ( 'NONE',  ( -1.000000000000000000, 0.0000000000000000000, 0.0000000000000000000 ) ) ;
#2418 = PRESENTATION_LAYER_ASSIGNMENT (  '', '', ( #922 ) ) ;
#2419 = EDGE_LOOP ( 'NONE', ( #6063, #2706, #3494 ) ) ;
#2420 = CIRCLE ( 'NONE', #7142, 0.1499999999999999667 ) ;
#2421 = VERTEX_POINT ( 'NONE', #5812 ) ;
#2422 = CIRCLE ( 'NONE', #5933, 0.1499999999999999667 ) ;
#2423 = CARTESIAN_POINT ( 'NONE',  ( -0.7999999999999994893, 0.2000000000000005107, -3.200000000000000622 ) ) ;
#2424 = CARTESIAN_POINT ( 'NONE',  ( 0.0000000000000000000, 0.0000000000000000000, 0.0000000000000000000 ) ) ;
#2425 = PRESENTATION_LAYER_ASSIGNMENT (  '', '', ( #3335 ) ) ;
#2426 = CARTESIAN_POINT ( 'NONE',  ( -4.000000000000000000, 0.1499999999999999667, 0.7999999999999999334 ) ) ;
#2427 = CARTESIAN_POINT ( 'NONE',  ( 3.341421356237309848, 0.2000000000000005107, -3.200000000000000622 ) ) ;
#2428 = SPHERICAL_SURFACE ( 'NONE', #9590, 0.1499999999999999667 ) ;
#2429 = DIRECTION ( 'NONE',  ( 1.224646799147353207E-16, -3.540705920434613265E-31, -1.000000000000000000 ) ) ;
#2430 = AXIS2_PLACEMENT_3D ( 'NONE', #8495, #6240, #7083 ) ;
#2431 = DIRECTION ( 'NONE',  ( -0.0000000000000000000, -1.000000000000000000, -0.0000000000000000000 ) ) ;
#2432 = DIRECTION ( 'NONE',  ( 0.0000000000000000000, 0.0000000000000000000, 1.000000000000000000 ) ) ;
#2433 = EDGE_LOOP ( 'NONE', ( #5566, #5411, #1914 ) ) ;
#2434 = FILL_AREA_STYLE_COLOUR ( '', #5202 ) ;
#2435 = DIRECTION ( 'NONE',  ( 1.000000000000000000, 0.0000000000000000000, 0.0000000000000000000 ) ) ;
#2436 =( GEOMETRIC_REPRESENTATION_CONTEXT ( 3 ) GLOBAL_UNCERTAINTY_ASSIGNED_CONTEXT ( ( #1145 ) ) GLOBAL_UNIT_ASSIGNED_CONTEXT ( ( #5592, #9241, #278 ) ) REPRESENTATION_CONTEXT ( 'NONE', 'WORKASPACE' ) );
#2437 = ADVANCED_FACE ( 'NONE', ( #6646 ), #264, .T. ) ;
#2438 = VERTEX_POINT ( 'NONE', #1344 ) ;
#2439 = COLOUR_RGB ( '',0.7921568627450980005, 0.8196078431372548767, 0.9333333333333333481 ) ;
#2440 = DIRECTION ( 'NONE',  ( 1.000000000000000000, -2.891205793294679411E-15, 0.0000000000000000000 ) ) ;
#2441 = EDGE_CURVE ( 'NONE', #5449, #1706, #1195, .T. ) ;
#2442 = DIRECTION ( 'NONE',  ( 1.000000000000000000, -2.891205793294679411E-15, 0.0000000000000000000 ) ) ;
#2443 = CARTESIAN_POINT ( 'NONE',  ( 3.200000000000000622, 0.2000000000000005107, -4.000000000000000000 ) ) ;
#2444 = ORIENTED_EDGE ( 'NONE', *, *, #7759, .F. ) ;
#2445 = AXIS2_PLACEMENT_3D ( 'NONE', #6176, #8457, #873 ) ;
#2446 = ORIENTED_EDGE ( 'NONE', *, *, #1674, .F. ) ;
#2447 = DIRECTION ( 'NONE',  ( 0.0000000000000000000, -1.000000000000000000, -0.0000000000000000000 ) ) ;
#2448 =( NAMED_UNIT ( * ) SI_UNIT ( $, .STERADIAN. ) SOLID_ANGLE_UNIT ( ) );
#2449 = ADVANCED_FACE ( 'NONE', ( #2708 ), #3525, .F. ) ;
#2450 = PRESENTATION_STYLE_ASSIGNMENT (( #7269 ) ) ;
#2451 = AXIS2_PLACEMENT_3D ( 'NONE', #8376, #114, #3817 ) ;
#2452 =( NAMED_UNIT ( * ) SI_UNIT ( $, .STERADIAN. ) SOLID_ANGLE_UNIT ( ) );
#2453 = SURFACE_STYLE_USAGE ( .BOTH. , #1570 ) ;
#2454 = UNCERTAINTY_MEASURE_WITH_UNIT (LENGTH_MEASURE( 1.000000000000000082E-05 ), #6751, 'distance_accuracy_value', 'NONE');
#2455 = ORIENTED_EDGE ( 'NONE', *, *, #529, .F. ) ;
#2456 = ORIENTED_EDGE ( 'NONE', *, *, #3682, .F. ) ;
#2457 = PRESENTATION_STYLE_ASSIGNMENT (( #8180 ) ) ;
#2458 = DIRECTION ( 'NONE',  ( -0.0000000000000000000, -1.000000000000000000, -0.0000000000000000000 ) ) ;
#2459 = FACE_OUTER_BOUND ( 'NONE', #1571, .T. ) ;
#2460 = DIRECTION ( 'NONE',  ( 0.0000000000000000000, -1.000000000000000000, -0.0000000000000000000 ) ) ;
#2461 = CARTESIAN_POINT ( 'NONE',  ( 3.999999999999999112, 0.2000000000000005107, -0.8000000000000003775 ) ) ;
#2462 = CARTESIAN_POINT ( 'NONE',  ( 1.600000000000000755, 0.2000000000000005107, -4.000000000000000000 ) ) ;
#2463 =( LENGTH_UNIT ( ) NAMED_UNIT ( * ) SI_UNIT ( .MILLI., .METRE. ) );
#2464 = EDGE_LOOP ( 'NONE', ( #4801, #6599, #4922 ) ) ;
#2465 = ORIENTED_EDGE ( 'NONE', *, *, #5409, .T. ) ;
#2466 = MANIFOLD_SOLID_BREP ( 'Sketch-Pattern1[47]', #3410 ) ;
#2467 = SPHERICAL_SURFACE ( 'NONE', #4106, 0.1499999999999999667 ) ;
#2468 = MECHANICAL_DESIGN_GEOMETRIC_PRESENTATION_REPRESENTATION (  '', ( #4703 ), #5977 ) ;
#2469 = AXIS2_PLACEMENT_3D ( 'NONE', #4376, #7371, #5947 ) ;
#2470 = DIRECTION ( 'NONE',  ( 0.0000000000000000000, 0.0000000000000000000, -1.000000000000000000 ) ) ;
#2471 = VERTEX_POINT ( 'NONE', #5013 ) ;
#2472 = EDGE_CURVE ( 'NONE', #1649, #1870, #6516, .T. ) ;
#2473 = CARTESIAN_POINT ( 'NONE',  ( -3.200000000000000178, 0.0000000000000000000, 0.7999999999999999334 ) ) ;
#2474 = LINE ( 'NONE', #9107, #962 ) ;
#2475 = PLANE ( 'NONE',  #1099 ) ;
#2476 = DIRECTION ( 'NONE',  ( 1.000000000000000000, 0.0000000000000000000, 0.0000000000000000000 ) ) ;
#2477 = VERTEX_POINT ( 'NONE', #6575 ) ;
#2478 = DIRECTION ( 'NONE',  ( 0.0000000000000000000, 0.0000000000000000000, -1.000000000000000000 ) ) ;
#2479 = SURFACE_STYLE_FILL_AREA ( #8543 ) ;
#2480 = EDGE_CURVE ( 'NONE', #4713, #339, #4487, .T. ) ;
#2481 = DIRECTION ( 'NONE',  ( 1.224646799147353207E-16, -3.540705920434613265E-31, -1.000000000000000000 ) ) ;
#2482 = MECHANICAL_DESIGN_GEOMETRIC_PRESENTATION_REPRESENTATION (  '', ( #8754 ), #8118 ) ;
#2483 = DIRECTION ( 'NONE',  ( 1.000000000000000000, -2.891205793294679411E-15, 0.0000000000000000000 ) ) ;
#2484 = DIRECTION ( 'NONE',  ( 0.0000000000000000000, 0.0000000000000000000, -1.000000000000000000 ) ) ;
#2485 = ORIENTED_EDGE ( 'NONE', *, *, #1800, .F. ) ;
#2486 = DIRECTION ( 'NONE',  ( -0.0000000000000000000, -1.000000000000000000, -0.0000000000000000000 ) ) ;
#2487 = EDGE_CURVE ( 'NONE', #5835, #753, #8514, .T. ) ;
#2488 = CARTESIAN_POINT ( 'NONE',  ( -1.399999999999999689, 0.2000000000000005107, -2.599999999999999201 ) ) ;
#2489 = ADVANCED_FACE ( 'NONE', ( #8268 ), #147, .T. ) ;
#2490 = DIRECTION ( 'NONE',  ( 0.0000000000000000000, 0.0000000000000000000, -1.000000000000000000 ) ) ;
#2491 = DIRECTION ( 'NONE',  ( 0.0000000000000000000, 0.0000000000000000000, -1.000000000000000000 ) ) ;
#2492 = ORIENTED_EDGE ( 'NONE', *, *, #2084, .F. ) ;
#2493 = FACE_OUTER_BOUND ( 'NONE', #1411, .T. ) ;
#2494 =( LENGTH_UNIT ( ) NAMED_UNIT ( * ) SI_UNIT ( .MILLI., .METRE. ) );
#2495 = CARTESIAN_POINT ( 'NONE',  ( 1.599999999999999423, 0.0000000000000000000, 3.200000000000000178 ) ) ;
#2496 = DIRECTION ( 'NONE',  ( 0.0000000000000000000, -1.000000000000000000, -0.0000000000000000000 ) ) ;
#2497 = DIRECTION ( 'NONE',  ( 1.000000000000000000, 0.0000000000000000000, 0.0000000000000000000 ) ) ;
#2498 = DIRECTION ( 'NONE',  ( 0.0000000000000000000, 0.0000000000000000000, -1.000000000000000000 ) ) ;
#2499 = ADVANCED_FACE ( 'NONE', ( #3670 ), #4369, .T. ) ;
#2500 = FACE_OUTER_BOUND ( 'NONE', #6008, .T. ) ;
#2501 = DIRECTION ( 'NONE',  ( 1.224646799147353207E-16, -3.540705920434613265E-31, -1.000000000000000000 ) ) ;
#2502 = SURFACE_SIDE_STYLE ('',( #6604 ) ) ;
#2503 = AXIS2_PLACEMENT_3D ( 'NONE', #9154, #3226, #3965 ) ;
#2504 = ORIENTED_EDGE ( 'NONE', *, *, #6514, .T. ) ;
#2505 = CIRCLE ( 'NONE', #3156, 0.1499999999999999667 ) ;
#2506 = CARTESIAN_POINT ( 'NONE',  ( 2.400000000000002132, 0.1499999999999999667, -1.599999999999999867 ) ) ;
#2507 = CARTESIAN_POINT ( 'NONE',  ( 0.0000000000000000000, 0.1499999999999999667, 0.7999999999999999334 ) ) ;
#2508 = FILL_AREA_STYLE_COLOUR ( '', #6124 ) ;
#2509 = DIRECTION ( 'NONE',  ( 0.0000000000000000000, -1.000000000000000000, -0.0000000000000000000 ) ) ;
#2510 = STYLED_ITEM ( 'NONE', ( #7467 ), #3391 ) ;
#2511 = CIRCLE ( 'NONE', #49, 0.1414213562373092536 ) ;
#2512 = ORIENTED_EDGE ( 'NONE', *, *, #4964, .T. ) ;
#2513 = EDGE_CURVE ( 'NONE', #7115, #7916, #4144, .T. ) ;
#2514 = CARTESIAN_POINT ( 'NONE',  ( -2.399999999999999467, 0.2000000000000005107, -0.8000000000000003775 ) ) ;
#2515 = AXIS2_PLACEMENT_3D ( 'NONE', #4900, #5567, #2603 ) ;
#2516 = VERTEX_POINT ( 'NONE', #9057 ) ;
#2517 = SPHERICAL_SURFACE ( 'NONE', #1218, 0.1499999999999999667 ) ;
#2518 = FILL_AREA_STYLE_COLOUR ( '', #515 ) ;
#2519 = CARTESIAN_POINT ( 'NONE',  ( 3.999999999999999112, 0.1499999999999999667, 0.7999999999999999334 ) ) ;
#2520 = DIRECTION ( 'NONE',  ( -0.0000000000000000000, -1.000000000000000000, -0.0000000000000000000 ) ) ;
#2521 = VERTEX_POINT ( 'NONE', #2782 ) ;
#2522 = UNCERTAINTY_MEASURE_WITH_UNIT (LENGTH_MEASURE( 1.000000000000000082E-05 ), #6313, 'distance_accuracy_value', 'NONE');
#2523 = CARTESIAN_POINT ( 'NONE',  ( -4.000000000000000000, 0.2000000000000005107, 0.7999999999999999334 ) ) ;
#2524 = AXIS2_PLACEMENT_3D ( 'NONE', #3338, #8617, #7100 ) ;
#2525 = AXIS2_PLACEMENT_3D ( 'NONE', #1504, #3022, #7493 ) ;
#2526 = CIRCLE ( 'NONE', #6840, 0.1414213562373092536 ) ;
#2527 = DIRECTION ( 'NONE',  ( 1.000000000000000000, -2.891205793294679411E-15, 0.0000000000000000000 ) ) ;
#2528 = CARTESIAN_POINT ( 'NONE',  ( 3.341421356237309848, 0.2000000000000005107, 2.400000000000000355 ) ) ;
#2529 = CARTESIAN_POINT ( 'NONE',  ( 0.8000000000000012657, 0.1499999999999999667, -0.8000000000000003775 ) ) ;
#2530 = SPHERICAL_SURFACE ( 'NONE', #6554, 0.1499999999999999667 ) ;
#2531 = CARTESIAN_POINT ( 'NONE',  ( -0.1414213562373092536, 0.2000000000000005107, 3.200000000000000178 ) ) ;
#2532 = EDGE_CURVE ( 'NONE', #3170, #7341, #2354, .T. ) ;
#2533 = ORIENTED_EDGE ( 'NONE', *, *, #1660, .T. ) ;
#2534 = CIRCLE ( 'NONE', #3136, 0.1414213562373092536 ) ;
#2535 = PRESENTATION_LAYER_ASSIGNMENT (  '', '', ( #5078 ) ) ;
#2536 = ADVANCED_FACE ( 'NONE', ( #2109 ), #2, .F. ) ;
#2537 = CARTESIAN_POINT ( 'NONE',  ( -2.400000000000000355, 0.1499999999999999667, 4.000000000000000000 ) ) ;
#2538 = ORIENTED_EDGE ( 'NONE', *, *, #2138, .T. ) ;
#2539 = DIRECTION ( 'NONE',  ( -0.0000000000000000000, -1.000000000000000000, -0.0000000000000000000 ) ) ;
#2540 = AXIS2_PLACEMENT_3D ( 'NONE', #1260, #6596, #9556 ) ;
#2541 = ORIENTED_EDGE ( 'NONE', *, *, #1197, .F. ) ;
#2542 = DIRECTION ( 'NONE',  ( -0.0000000000000000000, -1.000000000000000000, -0.0000000000000000000 ) ) ;
#2543 = EDGE_LOOP ( 'NONE', ( #3747, #6937 ) ) ;
#2544 = AXIS2_PLACEMENT_3D ( 'NONE', #9708, #2154, #3000 ) ;
#2545 = CARTESIAN_POINT ( 'NONE',  ( -1.599999999999999867, 0.1499999999999999667, -0.8000000000000003775 ) ) ;
#2546 = DIRECTION ( 'NONE',  ( 0.0000000000000000000, 0.0000000000000000000, -1.000000000000000000 ) ) ;
#2547 = EDGE_CURVE ( 'NONE', #3907, #1311, #7935, .T. ) ;
#2548 = DIRECTION ( 'NONE',  ( 0.0000000000000000000, 0.0000000000000000000, 1.000000000000000000 ) ) ;
#2549 = CARTESIAN_POINT ( 'NONE',  ( -3.199999999999999734, 0.2000000000000005107, 2.400000000000000355 ) ) ;
#2550 = ORIENTED_EDGE ( 'NONE', *, *, #7258, .F. ) ;
#2551 = PRESENTATION_STYLE_ASSIGNMENT (( #5826 ) ) ;
#2552 = EDGE_CURVE ( 'NONE', #1264, #6299, #6181, .T. ) ;
#2553 = ORIENTED_EDGE ( 'NONE', *, *, #8810, .T. ) ;
#2554 =( LENGTH_UNIT ( ) NAMED_UNIT ( * ) SI_UNIT ( .MILLI., .METRE. ) );
#2555 = DIRECTION ( 'NONE',  ( 0.0000000000000000000, -1.000000000000000000, -0.0000000000000000000 ) ) ;
#2556 = CARTESIAN_POINT ( 'NONE',  ( -2.399999999999999467, 0.1499999999999999667, 6.086346753639119761E-18 ) ) ;
#2557 = COLOUR_RGB ( '',0.7921568627450980005, 0.8196078431372548767, 0.9333333333333333481 ) ;
#2558 = ORIENTED_EDGE ( 'NONE', *, *, #3414, .F. ) ;
#2559 =( NAMED_UNIT ( * ) PLANE_ANGLE_UNIT ( ) SI_UNIT ( $, .RADIAN. ) );
#2560 = CIRCLE ( 'NONE', #252, 0.1414213562373096977 ) ;
#2561 = STYLED_ITEM ( 'NONE', ( #7609 ), #1444 ) ;
#2562 = DIRECTION ( 'NONE',  ( 1.000000000000000000, -2.891205793294679411E-15, 0.0000000000000000000 ) ) ;
#2563 = SURFACE_SIDE_STYLE ('',( #7912 ) ) ;
#2564 = AXIS2_PLACEMENT_3D ( 'NONE', #949, #2403, #7020 ) ;
#2565 = ORIENTED_EDGE ( 'NONE', *, *, #28, .T. ) ;
#2566 = CARTESIAN_POINT ( 'NONE',  ( -1.599999999999999867, 0.1499999999999999667, 2.400000000000000355 ) ) ;
#2567 = SPHERICAL_SURFACE ( 'NONE', #350, 0.1499999999999999667 ) ;
#2568 = AXIS2_PLACEMENT_3D ( 'NONE', #3921, #2651, #2626 ) ;
#2569 = VERTEX_POINT ( 'NONE', #4469 ) ;
#2570 = ORIENTED_EDGE ( 'NONE', *, *, #7898, .T. ) ;
#2571 = FILL_AREA_STYLE ('',( #3438 ) ) ;
#2572 = DIRECTION ( 'NONE',  ( 1.000000000000000000, -2.891205793294679411E-15, 0.0000000000000000000 ) ) ;
#2573 = FILL_AREA_STYLE ('',( #8635 ) ) ;
#2574 = AXIS2_PLACEMENT_3D ( 'NONE', #7723, #3257, #1015 ) ;
#2575 = FACE_OUTER_BOUND ( 'NONE', #4568, .T. ) ;
#2576 = FILL_AREA_STYLE ('',( #7860 ) ) ;
#2577 = UNCERTAINTY_MEASURE_WITH_UNIT (LENGTH_MEASURE( 1.000000000000000082E-05 ), #6484, 'distance_accuracy_value', 'NONE');
#2578 = ORIENTED_EDGE ( 'NONE', *, *, #7898, .F. ) ;
#2579 = CARTESIAN_POINT ( 'NONE',  ( -2.399999999999999023, 0.1499999999999999667, -4.000000000000000000 ) ) ;
#2580 = ORIENTED_EDGE ( 'NONE', *, *, #1959, .T. ) ;
#2581 = AXIS2_PLACEMENT_3D ( 'NONE', #5936, #8953, #714 ) ;
#2582 =( LENGTH_UNIT ( ) NAMED_UNIT ( * ) SI_UNIT ( .MILLI., .METRE. ) );
#2583 = ADVANCED_FACE ( 'NONE', ( #3086 ), #1899, .T. ) ;
#2584 = DIRECTION ( 'NONE',  ( -0.0000000000000000000, -1.000000000000000000, -0.0000000000000000000 ) ) ;
#2585 = VERTEX_POINT ( 'NONE', #9696 ) ;
#2586 = VERTEX_POINT ( 'NONE', #1499 ) ;
#2587 = MANIFOLD_SOLID_BREP ( 'Sketch-Pattern1[4]', #5844 ) ;
#2588 =( LENGTH_UNIT ( ) NAMED_UNIT ( * ) SI_UNIT ( .MILLI., .METRE. ) );
#2589 = FILL_AREA_STYLE_COLOUR ( '', #3958 ) ;
#2590 = DIRECTION ( 'NONE',  ( 0.0000000000000000000, 0.0000000000000000000, -1.000000000000000000 ) ) ;
#2591 = CARTESIAN_POINT ( 'NONE',  ( 0.1414213562373092536, 0.2000000000000005107, 4.000000000000000000 ) ) ;
#2592 =( NAMED_UNIT ( * ) PLANE_ANGLE_UNIT ( ) SI_UNIT ( $, .RADIAN. ) );
#2593 = CARTESIAN_POINT ( 'NONE',  ( 0.8000000000000003775, 0.1499999999999999667, 0.7999999999999999334 ) ) ;
#2594 = SURFACE_STYLE_FILL_AREA ( #7815 ) ;
#2595 = AXIS2_PLACEMENT_3D ( 'NONE', #5498, #2470, #6207 ) ;
#2596 = ADVANCED_FACE ( 'NONE', ( #1665 ), #8992, .F. ) ;
#2597 = VERTEX_POINT ( 'NONE', #9672 ) ;
#2598 = DIRECTION ( 'NONE',  ( 0.0000000000000000000, 0.0000000000000000000, -1.000000000000000000 ) ) ;
#2599 = FACE_OUTER_BOUND ( 'NONE', #23, .T. ) ;
#2600 = FACE_OUTER_BOUND ( 'NONE', #3651, .T. ) ;
#2601 = EDGE_CURVE ( 'NONE', #2812, #4848, #5926, .T. ) ;
#2602 =( LENGTH_UNIT ( ) NAMED_UNIT ( * ) SI_UNIT ( .MILLI., .METRE. ) );
#2603 = DIRECTION ( 'NONE',  ( 0.0000000000000000000, 0.0000000000000000000, -1.000000000000000000 ) ) ;
#2604 = CARTESIAN_POINT ( 'NONE',  ( -0.7999999999999994893, 0.1499999999999999667, 4.000000000000000000 ) ) ;
#2605 = EDGE_CURVE ( 'NONE', #8721, #8792, #5466, .T. ) ;
#2606 = ORIENTED_EDGE ( 'NONE', *, *, #1117, .F. ) ;
#2607 = CIRCLE ( 'NONE', #1989, 0.1499999999999999667 ) ;
#2608 =( NAMED_UNIT ( * ) SI_UNIT ( $, .STERADIAN. ) SOLID_ANGLE_UNIT ( ) );
#2609 = CIRCLE ( 'NONE', #676, 0.1414213562373092536 ) ;
#2610 = DIRECTION ( 'NONE',  ( 0.0000000000000000000, 0.0000000000000000000, -1.000000000000000000 ) ) ;
#2611 = AXIS2_PLACEMENT_3D ( 'NONE', #6306, #1694, #9315 ) ;
#2612 = CARTESIAN_POINT ( 'NONE',  ( 8.673617379884035472E-16, 0.2000000000000005107, -4.000000000000000000 ) ) ;
#2613 = DIRECTION ( 'NONE',  ( 1.224646799147353207E-16, -3.540705920434613265E-31, -1.000000000000000000 ) ) ;
#2614 = PRESENTATION_STYLE_ASSIGNMENT (( #3916 ) ) ;
#2615 = PRESENTATION_LAYER_ASSIGNMENT (  '', '', ( #1605 ) ) ;
#2616 = EDGE_LOOP ( 'NONE', ( #6631, #6025, #4207 ) ) ;
#2617 = SPHERICAL_SURFACE ( 'NONE', #5169, 0.1499999999999999667 ) ;
#2618 = DIRECTION ( 'NONE',  ( 0.0000000000000000000, 0.0000000000000000000, -1.000000000000000000 ) ) ;
#2619 =( GEOMETRIC_REPRESENTATION_CONTEXT ( 3 ) GLOBAL_UNCERTAINTY_ASSIGNED_CONTEXT ( ( #968 ) ) GLOBAL_UNIT_ASSIGNED_CONTEXT ( ( #6816, #6960, #6222 ) ) REPRESENTATION_CONTEXT ( 'NONE', 'WORKASPACE' ) );
#2620 = PRESENTATION_STYLE_ASSIGNMENT (( #7558 ) ) ;
#2621 = DIRECTION ( 'NONE',  ( -1.000000000000000000, 0.0000000000000000000, 0.0000000000000000000 ) ) ;
#2622 = DIRECTION ( 'NONE',  ( 0.0000000000000000000, 0.0000000000000000000, -1.000000000000000000 ) ) ;
#2623 = CARTESIAN_POINT ( 'NONE',  ( 3.200000000000000622, 0.1499999999999999667, 6.086346753639119761E-18 ) ) ;
#2624 = VERTEX_POINT ( 'NONE', #8301 ) ;
#2625 = DIRECTION ( 'NONE',  ( 0.0000000000000000000, 0.0000000000000000000, -1.000000000000000000 ) ) ;
#2626 = DIRECTION ( 'NONE',  ( 0.0000000000000000000, 0.0000000000000000000, -1.000000000000000000 ) ) ;
#2627 = SURFACE_STYLE_USAGE ( .BOTH. , #2502 ) ;
#2628 = CLOSED_SHELL ( 'NONE', ( #7271, #182, #4129 ) ) ;
#2629 = AXIS2_PLACEMENT_3D ( 'NONE', #4672, #7024, #3115 ) ;
#2630 = PRESENTATION_STYLE_ASSIGNMENT (( #2848 ) ) ;
#2631 = ADVANCED_FACE ( 'NONE', ( #3785 ), #6526, .T. ) ;
#2632 = CLOSED_SHELL ( 'NONE', ( #6477, #5764, #693 ) ) ;
#2633 = DIRECTION ( 'NONE',  ( 0.0000000000000000000, 0.0000000000000000000, -1.000000000000000000 ) ) ;
#2634 = SPHERICAL_SURFACE ( 'NONE', #1078, 0.1499999999999999667 ) ;
#2635 = DIRECTION ( 'NONE',  ( 1.224646799147353207E-16, -3.540705920434613265E-31, -1.000000000000000000 ) ) ;
#2636 = CARTESIAN_POINT ( 'NONE',  ( 8.673617379884035472E-16, 0.2000000000000005107, 6.086346753639119761E-18 ) ) ;
#2637 = AXIS2_PLACEMENT_3D ( 'NONE', #2321, #7636, #4627 ) ;
#2638 = PLANE ( 'NONE',  #3569 ) ;
#2639 = DIRECTION ( 'NONE',  ( 0.0000000000000000000, 0.0000000000000000000, -1.000000000000000000 ) ) ;
#2640 = CLOSED_SHELL ( 'NONE', ( #5723, #2740, #1249 ) ) ;
#2641 = MANIFOLD_SOLID_BREP ( 'Sketch-Pattern1[78]', #4117 ) ;
#2642 = ADVANCED_FACE ( 'NONE', ( #5097 ), #7732, .F. ) ;
#2643 =( NAMED_UNIT ( * ) SI_UNIT ( $, .STERADIAN. ) SOLID_ANGLE_UNIT ( ) );
#2644 = CARTESIAN_POINT ( 'NONE',  ( -1.599999999999998979, 0.1499999999999999667, -3.200000000000000622 ) ) ;
#2645 = ORIENTED_EDGE ( 'NONE', *, *, #4721, .T. ) ;
#2646 = AXIS2_PLACEMENT_3D ( 'NONE', #8511, #8472, #7632 ) ;
#2647 = CARTESIAN_POINT ( 'NONE',  ( 3.200000000000000622, 0.2000000000000005107, 2.400000000000000355 ) ) ;
#2648 = DIRECTION ( 'NONE',  ( -0.0000000000000000000, -1.000000000000000000, -0.0000000000000000000 ) ) ;
#2649 = PRESENTATION_STYLE_ASSIGNMENT (( #798 ) ) ;
#2650 = DIRECTION ( 'NONE',  ( -1.000000000000000000, 0.0000000000000000000, 0.0000000000000000000 ) ) ;
#2651 = DIRECTION ( 'NONE',  ( 0.0000000000000000000, -1.000000000000000000, -0.0000000000000000000 ) ) ;
#2652 = EDGE_CURVE ( 'NONE', #2995, #3775, #1907, .T. ) ;
#2653 = EDGE_LOOP ( 'NONE', ( #3653, #4594 ) ) ;
#2654 = DIRECTION ( 'NONE',  ( 0.0000000000000000000, 0.0000000000000000000, -1.000000000000000000 ) ) ;
#2655 = VERTEX_POINT ( 'NONE', #6916 ) ;
#2656 = EDGE_CURVE ( 'NONE', #6603, #5153, #6051, .T. ) ;
#2657 = CIRCLE ( 'NONE', #7967, 0.1499999999999999667 ) ;
#2658 = DIRECTION ( 'NONE',  ( 0.0000000000000000000, 0.0000000000000000000, 1.000000000000000000 ) ) ;
#2659 = AXIS2_PLACEMENT_3D ( 'NONE', #8260, #738, #5332 ) ;
#2660 = SURFACE_SIDE_STYLE ('',( #5841 ) ) ;
#2661 = CLOSED_SHELL ( 'NONE', ( #2583, #4280, #9563 ) ) ;
#2662 = STYLED_ITEM ( 'NONE', ( #4345 ), #7634 ) ;
#2663 = CLOSED_SHELL ( 'NONE', ( #2631, #5777, #6079 ) ) ;
#2664 = DIRECTION ( 'NONE',  ( 0.0000000000000000000, 0.0000000000000000000, -1.000000000000000000 ) ) ;
#2665 = MECHANICAL_DESIGN_GEOMETRIC_PRESENTATION_REPRESENTATION (  '', ( #1605 ), #7664 ) ;
#2666 = EDGE_CURVE ( 'NONE', #5661, #1892, #5810, .T. ) ;
#2667 = CARTESIAN_POINT ( 'NONE',  ( 2.400000000000000355, 0.1499999999999999667, 4.000000000000000000 ) ) ;
#2668 = DIRECTION ( 'NONE',  ( 0.0000000000000000000, 0.0000000000000000000, -1.000000000000000000 ) ) ;
#2669 = ORIENTED_EDGE ( 'NONE', *, *, #3441, .F. ) ;
#2670 = ORIENTED_EDGE ( 'NONE', *, *, #8421, .F. ) ;
#2671 = MECHANICAL_DESIGN_GEOMETRIC_PRESENTATION_REPRESENTATION (  '', ( #258 ), #3208 ) ;
#2672 = DIRECTION ( 'NONE',  ( 0.0000000000000000000, 0.0000000000000000000, -1.000000000000000000 ) ) ;
#2673 = ORIENTED_EDGE ( 'NONE', *, *, #3064, .F. ) ;
#2674 = ADVANCED_FACE ( 'NONE', ( #9345 ), #2964, .T. ) ;
#2675 = DIRECTION ( 'NONE',  ( 0.0000000000000000000, 0.0000000000000000000, -1.000000000000000000 ) ) ;
#2676 = VERTEX_POINT ( 'NONE', #6956 ) ;
#2677 = DIRECTION ( 'NONE',  ( 0.0000000000000000000, 0.0000000000000000000, 1.000000000000000000 ) ) ;
#2678 = ORIENTED_EDGE ( 'NONE', *, *, #4931, .T. ) ;
#2679 = FACE_OUTER_BOUND ( 'NONE', #2295, .T. ) ;
#2680 = AXIS2_PLACEMENT_3D ( 'NONE', #3449, #4205, #6462 ) ;
#2681 = ORIENTED_EDGE ( 'NONE', *, *, #410, .F. ) ;
#2682 =( NAMED_UNIT ( * ) SI_UNIT ( $, .STERADIAN. ) SOLID_ANGLE_UNIT ( ) );
#2683 = DIRECTION ( 'NONE',  ( 0.0000000000000000000, -1.000000000000000000, -0.0000000000000000000 ) ) ;
#2684 = ORIENTED_EDGE ( 'NONE', *, *, #639, .T. ) ;
#2685 = PRESENTATION_LAYER_ASSIGNMENT (  '', '', ( #8829 ) ) ;
#2686 = CARTESIAN_POINT ( 'NONE',  ( 3.999999999999999112, 0.2000000000000005107, 2.400000000000000355 ) ) ;
#2687 = EDGE_LOOP ( 'NONE', ( #8446, #7791, #3743 ) ) ;
#2688 = DIRECTION ( 'NONE',  ( 0.0000000000000000000, 0.0000000000000000000, -1.000000000000000000 ) ) ;
#2689 = ADVANCED_FACE ( 'NONE', ( #7360 ), #8434, .F. ) ;
#2690 = DIRECTION ( 'NONE',  ( 1.224646799147353207E-16, -3.540705920434613265E-31, -1.000000000000000000 ) ) ;
#2691 = FACE_OUTER_BOUND ( 'NONE', #8735, .T. ) ;
#2692 = MECHANICAL_DESIGN_GEOMETRIC_PRESENTATION_REPRESENTATION (  '', ( #879 ), #4219 ) ;
#2693 = CIRCLE ( 'NONE', #2130, 0.1414213562373092536 ) ;
#2694 = CARTESIAN_POINT ( 'NONE',  ( 3.999999999999999112, 0.2000000000000005107, 0.7999999999999999334 ) ) ;
#2695 = UNCERTAINTY_MEASURE_WITH_UNIT (LENGTH_MEASURE( 1.000000000000000082E-05 ), #7663, 'distance_accuracy_value', 'NONE');
#2696 = ORIENTED_EDGE ( 'NONE', *, *, #1852, .T. ) ;
#2697 = DIRECTION ( 'NONE',  ( 0.0000000000000000000, 0.0000000000000000000, -1.000000000000000000 ) ) ;
#2698 = EDGE_CURVE ( 'NONE', #6988, #6830, #7469, .T. ) ;
#2699 = EDGE_LOOP ( 'NONE', ( #3254, #5797, #1726 ) ) ;
#2700 = SURFACE_STYLE_USAGE ( .BOTH. , #571 ) ;
#2701 = AXIS2_PLACEMENT_3D ( 'NONE', #1862, #1801, #6425 ) ;
#2702 = CARTESIAN_POINT ( 'NONE',  ( -1.599999999999999867, 0.1499999999999999667, 3.200000000000000178 ) ) ;
#2703 = EDGE_LOOP ( 'NONE', ( #3119, #8864, #1374 ) ) ;
#2704 =( LENGTH_UNIT ( ) NAMED_UNIT ( * ) SI_UNIT ( .MILLI., .METRE. ) );
#2705 = CARTESIAN_POINT ( 'NONE',  ( -3.200000000000000178, 0.2000000000000005107, 4.000000000000000000 ) ) ;
#2706 = ORIENTED_EDGE ( 'NONE', *, *, #3735, .T. ) ;
#2707 = AXIS2_PLACEMENT_3D ( 'NONE', #426, #6507, #6540 ) ;
#2708 = FACE_OUTER_BOUND ( 'NONE', #8729, .T. ) ;
#2709 = MANIFOLD_SOLID_BREP ( 'Sketch-Pattern1[110]', #5405 ) ;
#2710 = CARTESIAN_POINT ( 'NONE',  ( -4.000000000000000000, 0.2000000000000005107, 4.000000000000000000 ) ) ;
#2711 = SURFACE_STYLE_USAGE ( .BOTH. , #5726 ) ;
#2712 = DIRECTION ( 'NONE',  ( 1.000000000000000000, 0.0000000000000000000, 0.0000000000000000000 ) ) ;
#2713 = EDGE_CURVE ( 'NONE', #8613, #7540, #4260, .T. ) ;
#2714 = ORIENTED_EDGE ( 'NONE', *, *, #7030, .T. ) ;
#2715 = SURFACE_SIDE_STYLE ('',( #4512 ) ) ;
#2716 = CIRCLE ( 'NONE', #6467, 0.1414213562373092536 ) ;
#2717 = AXIS2_PLACEMENT_3D ( 'NONE', #2261, #4595, #7567 ) ;
#2718 = DIRECTION ( 'NONE',  ( 1.000000000000000000, -2.891205793294679411E-15, 0.0000000000000000000 ) ) ;
#2719 = DIRECTION ( 'NONE',  ( 1.000000000000000000, 0.0000000000000000000, 0.0000000000000000000 ) ) ;
#2720 = DIRECTION ( 'NONE',  ( 1.224646799147353207E-16, -3.540705920434613265E-31, -1.000000000000000000 ) ) ;
#2721 = PRESENTATION_LAYER_ASSIGNMENT (  '', '', ( #218 ) ) ;
#2722 = AXIS2_PLACEMENT_3D ( 'NONE', #8896, #8970, #9006 ) ;
#2723 = EDGE_LOOP ( 'NONE', ( #7593, #8362, #8475 ) ) ;
#2724 = SPHERICAL_SURFACE ( 'NONE', #6797, 0.1499999999999999667 ) ;
#2725 = ADVANCED_FACE ( 'NONE', ( #4988 ), #7580, .T. ) ;
#2726 = EDGE_CURVE ( 'NONE', #9703, #3870, #3332, .T. ) ;
#2727 = DIRECTION ( 'NONE',  ( 1.000000000000000000, -2.891205793294679411E-15, 0.0000000000000000000 ) ) ;
#2728 = CARTESIAN_POINT ( 'NONE',  ( 2.400000000000002132, 0.1499999999999999667, -0.8000000000000003775 ) ) ;
#2729 = SURFACE_STYLE_USAGE ( .BOTH. , #9527 ) ;
#2730 = FACE_OUTER_BOUND ( 'NONE', #9685, .T. ) ;
#2731 = CARTESIAN_POINT ( 'NONE',  ( 0.0000000000000000000, 0.1499999999999999667, 0.7999999999999999334 ) ) ;
#2732 = AXIS2_PLACEMENT_3D ( 'NONE', #6597, #8132, #1261 ) ;
#2733 = EDGE_CURVE ( 'NONE', #6327, #1772, #9229, .T. ) ;
#2734 = DIRECTION ( 'NONE',  ( 1.224646799147353207E-16, -3.540705920434613265E-31, -1.000000000000000000 ) ) ;
#2735 = VERTEX_POINT ( 'NONE', #8469 ) ;
#2736 = SURFACE_STYLE_USAGE ( .BOTH. , #5756 ) ;
#2737 = CIRCLE ( 'NONE', #4603, 0.1499999999999999667 ) ;
#2738 = AXIS2_PLACEMENT_3D ( 'NONE', #3213, #8583, #4832 ) ;
#2739 = DIRECTION ( 'NONE',  ( -1.000000000000000000, 0.0000000000000000000, -1.224646799147353207E-16 ) ) ;
#2740 = ADVANCED_FACE ( 'NONE', ( #8761 ), #1745, .F. ) ;
#2741 = CIRCLE ( 'NONE', #7484, 0.1414213562373092536 ) ;
#2742 = EDGE_CURVE ( 'NONE', #3545, #1691, #7721, .T. ) ;
#2743 = CARTESIAN_POINT ( 'NONE',  ( -0.5999999999999998668, 0.2000000000000005107, -5.799999999999999822 ) ) ;
#2744 = AXIS2_PLACEMENT_3D ( 'NONE', #6351, #7095, #8646 ) ;
#2745 = DIRECTION ( 'NONE',  ( 0.0000000000000000000, -1.000000000000000000, -0.0000000000000000000 ) ) ;
#2746 = VERTEX_POINT ( 'NONE', #5581 ) ;
#2747 = AXIS2_PLACEMENT_3D ( 'NONE', #4521, #4384, #2999 ) ;
#2748 = CARTESIAN_POINT ( 'NONE',  ( -0.9414213562373087152, 0.2000000000000005107, 3.200000000000000178 ) ) ;
#2749 = ORIENTED_EDGE ( 'NONE', *, *, #7831, .T. ) ;
#2750 = AXIS2_PLACEMENT_3D ( 'NONE', #2395, #7044, #3179 ) ;
#2751 =( NAMED_UNIT ( * ) SI_UNIT ( $, .STERADIAN. ) SOLID_ANGLE_UNIT ( ) );
#2752 = AXIS2_PLACEMENT_3D ( 'NONE', #1135, #1937, #1162 ) ;
#2753 = UNCERTAINTY_MEASURE_WITH_UNIT (LENGTH_MEASURE( 1.000000000000000082E-05 ), #3476, 'distance_accuracy_value', 'NONE');
#2754 = SPHERICAL_SURFACE ( 'NONE', #3635, 0.1499999999999999667 ) ;
#2755 = CARTESIAN_POINT ( 'NONE',  ( -0.7999999999999994893, 0.1499999999999999667, -1.599999999999999867 ) ) ;
#2756 = ORIENTED_EDGE ( 'NONE', *, *, #3069, .T. ) ;
#2757 = CARTESIAN_POINT ( 'NONE',  ( 1.599999999999999867, 0.2000000000000005107, 0.7999999999999999334 ) ) ;
#2758 = EDGE_CURVE ( 'NONE', #9014, #1931, #8985, .T. ) ;
#2759 = AXIS2_PLACEMENT_3D ( 'NONE', #7117, #6400, #4816 ) ;
#2760 = FILL_AREA_STYLE ('',( #9524 ) ) ;
#2761 = CIRCLE ( 'NONE', #9120, 0.1499999999999999667 ) ;
#2762 = DIRECTION ( 'NONE',  ( 0.0000000000000000000, -1.000000000000000000, -0.0000000000000000000 ) ) ;
#2763 = CARTESIAN_POINT ( 'NONE',  ( -3.999999999999999112, 0.1499999999999999667, 6.086346753639119761E-18 ) ) ;
#2764 = ORIENTED_EDGE ( 'NONE', *, *, #2656, .F. ) ;
#2765 = MANIFOLD_SOLID_BREP ( 'Sketch-Pattern1[43]', #3283 ) ;
#2766 = PRESENTATION_STYLE_ASSIGNMENT (( #6974 ) ) ;
#2767 = STYLED_ITEM ( 'NONE', ( #1654 ), #3980 ) ;
#2768 = DIRECTION ( 'NONE',  ( 0.0000000000000000000, 0.0000000000000000000, -1.000000000000000000 ) ) ;
#2769 = DIRECTION ( 'NONE',  ( -0.0000000000000000000, -1.000000000000000000, -0.0000000000000000000 ) ) ;
#2770 = EDGE_LOOP ( 'NONE', ( #7016, #9038, #8703, #7920 ) ) ;
#2771 = SPHERICAL_SURFACE ( 'NONE', #6809, 0.1499999999999999667 ) ;
#2772 = ORIENTED_EDGE ( 'NONE', *, *, #4542, .F. ) ;
#2773 = FACE_OUTER_BOUND ( 'NONE', #8385, .T. ) ;
#2774 = ADVANCED_FACE ( 'NONE', ( #8396 ), #841, .T. ) ;
#2775 = VERTEX_POINT ( 'NONE', #7834 ) ;
#2776 = CIRCLE ( 'NONE', #1656, 0.1414213562373092536 ) ;
#2777 = AXIS2_PLACEMENT_3D ( 'NONE', #5894, #8189, #8898 ) ;
#2778 = SURFACE_STYLE_USAGE ( .BOTH. , #8144 ) ;
#2779 = ORIENTED_EDGE ( 'NONE', *, *, #3825, .T. ) ;
#2780 = SPHERICAL_SURFACE ( 'NONE', #6503, 0.1499999999999999667 ) ;
#2781 =( NAMED_UNIT ( * ) PLANE_ANGLE_UNIT ( ) SI_UNIT ( $, .RADIAN. ) );
#2782 = CARTESIAN_POINT ( 'NONE',  ( 1.741421356237309981, 0.2000000000000005107, -3.200000000000000622 ) ) ;
#2783 =( NAMED_UNIT ( * ) SI_UNIT ( $, .STERADIAN. ) SOLID_ANGLE_UNIT ( ) );
#2784 = EDGE_CURVE ( 'NONE', #7962, #9724, #8858, .T. ) ;
#2785 = ORIENTED_EDGE ( 'NONE', *, *, #5200, .T. ) ;
#2786 = PRESENTATION_STYLE_ASSIGNMENT (( #7612 ) ) ;
#2787 = CARTESIAN_POINT ( 'NONE',  ( -2.399999999999999467, 0.1499999999999999667, -0.8000000000000003775 ) ) ;
#2788 = ADVANCED_FACE ( 'NONE', ( #2600 ), #4239, .F. ) ;
#2789 = CARTESIAN_POINT ( 'NONE',  ( -3.341421356237308959, 0.2000000000000005107, 1.599999999999999867 ) ) ;
#2790 = CIRCLE ( 'NONE', #4704, 0.1499999999999999667 ) ;
#2791 = EDGE_CURVE ( 'NONE', #2586, #7540, #6406, .T. ) ;
#2792 = CARTESIAN_POINT ( 'NONE',  ( 0.9414213562373096034, 0.2000000000000005107, 0.7999999999999999334 ) ) ;
#2793 = SPHERICAL_SURFACE ( 'NONE', #608, 0.1499999999999999667 ) ;
#2794 = DIRECTION ( 'NONE',  ( 0.0000000000000000000, 0.0000000000000000000, -1.000000000000000000 ) ) ;
#2795 = DIRECTION ( 'NONE',  ( 0.0000000000000000000, -1.000000000000000000, -0.0000000000000000000 ) ) ;
#2796 = PRESENTATION_LAYER_ASSIGNMENT (  '', '', ( #3129 ) ) ;
#2797 = CARTESIAN_POINT ( 'NONE',  ( -0.7999999999999994893, 0.1499999999999999667, 0.7999999999999999334 ) ) ;
#2798 = DIRECTION ( 'NONE',  ( 1.000000000000000000, -2.891205793294679411E-15, 0.0000000000000000000 ) ) ;
#2799 = CIRCLE ( 'NONE', #5506, 0.1499999999999999667 ) ;
#2800 =( NAMED_UNIT ( * ) PLANE_ANGLE_UNIT ( ) SI_UNIT ( $, .RADIAN. ) );
#2801 = SPHERICAL_SURFACE ( 'NONE', #2222, 0.1499999999999999667 ) ;
#2802 = AXIS2_PLACEMENT_3D ( 'NONE', #9260, #4004, #2380 ) ;
#2803 = EDGE_CURVE ( 'NONE', #2597, #9082, #3089, .T. ) ;
#2804 = DIRECTION ( 'NONE',  ( 0.0000000000000000000, 0.0000000000000000000, -1.000000000000000000 ) ) ;
#2805 = ORIENTED_EDGE ( 'NONE', *, *, #2513, .T. ) ;
#2806 = MECHANICAL_DESIGN_GEOMETRIC_PRESENTATION_REPRESENTATION (  '', ( #4860 ), #8007 ) ;
#2807 = ORIENTED_EDGE ( 'NONE', *, *, #4774, .T. ) ;
#2808 = CIRCLE ( 'NONE', #2837, 0.1499999999999999667 ) ;
#2809 = CIRCLE ( 'NONE', #3507, 0.1414213562373092536 ) ;
#2810 =( NAMED_UNIT ( * ) PLANE_ANGLE_UNIT ( ) SI_UNIT ( $, .RADIAN. ) );
#2811 = ORIENTED_EDGE ( 'NONE', *, *, #2857, .F. ) ;
#2812 = VERTEX_POINT ( 'NONE', #6317 ) ;
#2813 = AXIS2_PLACEMENT_3D ( 'NONE', #951, #7052, #8498 ) ;
#2814 = ORIENTED_EDGE ( 'NONE', *, *, #2950, .F. ) ;
#2815 = CARTESIAN_POINT ( 'NONE',  ( -2.199999999999999734, 0.2000000000000005107, -4.199999999999999289 ) ) ;
#2816 = DIRECTION ( 'NONE',  ( -0.0000000000000000000, -1.000000000000000000, -0.0000000000000000000 ) ) ;
#2817 = UNCERTAINTY_MEASURE_WITH_UNIT (LENGTH_MEASURE( 1.000000000000000082E-05 ), #9036, 'distance_accuracy_value', 'NONE');
#2818 = ORIENTED_EDGE ( 'NONE', *, *, #7172, .F. ) ;
#2819 =( LENGTH_UNIT ( ) NAMED_UNIT ( * ) SI_UNIT ( .MILLI., .METRE. ) );
#2820 = ORIENTED_EDGE ( 'NONE', *, *, #301, .T. ) ;
#2821 = COLOUR_RGB ( '',0.7921568627450980005, 0.8196078431372548767, 0.9333333333333333481 ) ;
#2822 = AXIS2_PLACEMENT_3D ( 'NONE', #246, #6356, #427 ) ;
#2823 = CARTESIAN_POINT ( 'NONE',  ( -3.199999999999999734, 0.1499999999999999667, 3.200000000000000178 ) ) ;
#2824 = CARTESIAN_POINT ( 'NONE',  ( -1.599999999999999867, 0.2000000000000005107, 1.599999999999999867 ) ) ;
#2825 = EDGE_CURVE ( 'NONE', #2521, #3190, #6648, .T. ) ;
#2826 = CARTESIAN_POINT ( 'NONE',  ( 3.999999999999999112, 0.1499999999999999667, -0.8000000000000003775 ) ) ;
#2827 = STYLED_ITEM ( 'NONE', ( #7648 ), #5578 ) ;
#2828 = ORIENTED_EDGE ( 'NONE', *, *, #773, .T. ) ;
#2829 = CARTESIAN_POINT ( 'NONE',  ( 5.000000000000000888, 1.699999999999999956, 5.000000000000000888 ) ) ;
#2830 = SPHERICAL_SURFACE ( 'NONE', #2116, 0.1499999999999999667 ) ;
#2831 = SPHERICAL_SURFACE ( 'NONE', #4276, 0.1499999999999999667 ) ;
#2832 = CARTESIAN_POINT ( 'NONE',  ( -2.541421356237308693, 0.2000000000000005107, -2.400000000000000355 ) ) ;
#2833 = PRODUCT ( 'CYUSB3065-BZXC', 'CYUSB3065-BZXC', '', ( #6411 ) ) ;
#2834 = AXIS2_PLACEMENT_3D ( 'NONE', #8568, #3236, #9330 ) ;
#2835 = ADVANCED_FACE ( 'NONE', ( #6891 ), #7139, .T. ) ;
#2836 = PRODUCT_DEFINITION_SHAPE ( 'NONE', 'NONE',  #9630 ) ;
#2837 = AXIS2_PLACEMENT_3D ( 'NONE', #3242, #6322, #9364 ) ;
#2838 = AXIS2_PLACEMENT_3D ( 'NONE', #6532, #4911, #1151 ) ;
#2839 = VERTEX_POINT ( 'NONE', #7363 ) ;
#2840 = DIRECTION ( 'NONE',  ( 0.0000000000000000000, 0.0000000000000000000, -1.000000000000000000 ) ) ;
#2841 = FILL_AREA_STYLE_COLOUR ( '', #654 ) ;
#2842 = EDGE_CURVE ( 'NONE', #7619, #7774, #5099, .T. ) ;
#2843 = CARTESIAN_POINT ( 'NONE',  ( 0.0000000000000000000, 0.2000000000000005107, 0.7999999999999999334 ) ) ;
#2844 = DIRECTION ( 'NONE',  ( 0.0000000000000000000, 0.0000000000000000000, -1.000000000000000000 ) ) ;
#2845 = SPHERICAL_SURFACE ( 'NONE', #8134, 0.1499999999999999667 ) ;
#2846 = PRESENTATION_LAYER_ASSIGNMENT (  '', '', ( #8626 ) ) ;
#2847 = CARTESIAN_POINT ( 'NONE',  ( -3.858578643762689886, 0.2000000000000005107, -0.8000000000000003775 ) ) ;
#2848 = SURFACE_STYLE_USAGE ( .BOTH. , #2211 ) ;
#2849 = EDGE_LOOP ( 'NONE', ( #7699, #3468 ) ) ;
#2850 =( NAMED_UNIT ( * ) PLANE_ANGLE_UNIT ( ) SI_UNIT ( $, .RADIAN. ) );
#2851 = SPHERICAL_SURFACE ( 'NONE', #6907, 0.1499999999999999667 ) ;
#2852 = DIRECTION ( 'NONE',  ( 1.000000000000000000, -2.891205793294679411E-15, 0.0000000000000000000 ) ) ;
#2853 = AXIS2_PLACEMENT_3D ( 'NONE', #6998, #3061, #196 ) ;
#2854 =( LENGTH_UNIT ( ) NAMED_UNIT ( * ) SI_UNIT ( .MILLI., .METRE. ) );
#2855 = AXIS2_PLACEMENT_3D ( 'NONE', #7354, #3440, #5057 ) ;
#2856 = SPHERICAL_SURFACE ( 'NONE', #2544, 0.1499999999999999667 ) ;
#2857 = EDGE_CURVE ( 'NONE', #1845, #3173, #605, .T. ) ;
#2858 = FILL_AREA_STYLE ('',( #1704 ) ) ;
#2859 = ORIENTED_EDGE ( 'NONE', *, *, #2742, .T. ) ;
#2860 = FACE_OUTER_BOUND ( 'NONE', #7233, .T. ) ;
#2861 = CARTESIAN_POINT ( 'NONE',  ( -3.199999999999999289, 0.1499999999999999667, -2.400000000000000355 ) ) ;
#2862 =( NAMED_UNIT ( * ) PLANE_ANGLE_UNIT ( ) SI_UNIT ( $, .RADIAN. ) );
#2863 = SURFACE_STYLE_USAGE ( .BOTH. , #8129 ) ;
#2864 = VERTEX_POINT ( 'NONE', #5867 ) ;
#2865 = CARTESIAN_POINT ( 'NONE',  ( -2.258578643762691129, 0.2000000000000005107, 3.200000000000000178 ) ) ;
#2866 = PRESENTATION_LAYER_ASSIGNMENT (  '', '', ( #3394 ) ) ;
#2867 = ORIENTED_EDGE ( 'NONE', *, *, #71, .T. ) ;
#2868 = CIRCLE ( 'NONE', #1927, 0.1499999999999999667 ) ;
#2869 = DIRECTION ( 'NONE',  ( 1.000000000000000000, -2.891205793294679411E-15, 0.0000000000000000000 ) ) ;
#2870 = ORIENTED_EDGE ( 'NONE', *, *, #360, .F. ) ;
#2871 = COLOUR_RGB ( '',0.7921568627450980005, 0.8196078431372548767, 0.9333333333333333481 ) ;
#2872 = CARTESIAN_POINT ( 'NONE',  ( -0.1414213562373092536, 0.2000000000000005107, 1.599999999999999867 ) ) ;
#2873 = AXIS2_PLACEMENT_3D ( 'NONE', #6734, #9565, #8905 ) ;
#2874 = CARTESIAN_POINT ( 'NONE',  ( -2.541421356237309137, 0.2000000000000005107, 2.400000000000000355 ) ) ;
#2875 = UNCERTAINTY_MEASURE_WITH_UNIT (LENGTH_MEASURE( 1.000000000000000082E-05 ), #9706, 'distance_accuracy_value', 'NONE');
#2876 = SURFACE_STYLE_FILL_AREA ( #4246 ) ;
#2877 = AXIS2_PLACEMENT_3D ( 'NONE', #6054, #2182, #5285 ) ;
#2878 = EDGE_LOOP ( 'NONE', ( #6213, #6738, #2565 ) ) ;
#2879 = FACE_OUTER_BOUND ( 'NONE', #9747, .T. ) ;
#2880 = CARTESIAN_POINT ( 'NONE',  ( 1.600000000000000755, 0.1499999999999999667, -4.000000000000000000 ) ) ;
#2881 = CARTESIAN_POINT ( 'NONE',  ( 5.000000000000000888, 0.2000000000000005107, 5.000000000000000888 ) ) ;
#2882 = FACE_OUTER_BOUND ( 'NONE', #8879, .T. ) ;
#2883 = AXIS2_PLACEMENT_3D ( 'NONE', #5903, #8169, #902 ) ;
#2884 = CARTESIAN_POINT ( 'NONE',  ( -1.599999999999999867, 0.2000000000000005107, 2.400000000000000355 ) ) ;
#2885 = CARTESIAN_POINT ( 'NONE',  ( 1.599999999999999867, 0.1499999999999999667, 1.599999999999999867 ) ) ;
#2886 = ADVANCED_FACE ( 'NONE', ( #4873 ), #2831, .T. ) ;
#2887 = EDGE_CURVE ( 'NONE', #7477, #6439, #5678, .T. ) ;
#2888 = DIRECTION ( 'NONE',  ( 0.0000000000000000000, 0.0000000000000000000, -1.000000000000000000 ) ) ;
#2889 = MANIFOLD_SOLID_BREP ( 'Sketch-Pattern1[16]', #263 ) ;
#2890 = FACE_OUTER_BOUND ( 'NONE', #9046, .T. ) ;
#2891 = CIRCLE ( 'NONE', #6594, 0.1499999999999999667 ) ;
#2892 = PLANE ( 'NONE',  #4262 ) ;
#2893 = CARTESIAN_POINT ( 'NONE',  ( -0.7999999999999994893, 0.1499999999999999667, 0.7999999999999999334 ) ) ;
#2894 = CARTESIAN_POINT ( 'NONE',  ( -0.7999999999999999334, 0.0000000000000000000, -4.000000000000000000 ) ) ;
#2895 = DIRECTION ( 'NONE',  ( 0.0000000000000000000, 0.0000000000000000000, -1.000000000000000000 ) ) ;
#2896 = ORIENTED_EDGE ( 'NONE', *, *, #7546, .F. ) ;
#2897 = EDGE_LOOP ( 'NONE', ( #9213, #5327, #7273 ) ) ;
#2898 = STYLED_ITEM ( 'NONE', ( #9525 ), #4530 ) ;
#2899 = PRESENTATION_STYLE_ASSIGNMENT (( #4658 ) ) ;
#2900 = FILL_AREA_STYLE ('',( #9560 ) ) ;
#2901 = ORIENTED_EDGE ( 'NONE', *, *, #7026, .F. ) ;
#2902 = ORIENTED_EDGE ( 'NONE', *, *, #1524, .F. ) ;
#2903 = ORIENTED_EDGE ( 'NONE', *, *, #2784, .T. ) ;
#2904 = CIRCLE ( 'NONE', #1956, 0.1499999999999999667 ) ;
#2905 = CARTESIAN_POINT ( 'NONE',  ( -1.399999999999998801, 0.2000000000000005107, -9.000000000000000000 ) ) ;
#2906 = CARTESIAN_POINT ( 'NONE',  ( 4.200000000000000178, 0.2000000000000005107, -4.199999999999999289 ) ) ;
#2907 = ORIENTED_EDGE ( 'NONE', *, *, #8178, .T. ) ;
#2908 =( GEOMETRIC_REPRESENTATION_CONTEXT ( 3 ) GLOBAL_UNCERTAINTY_ASSIGNED_CONTEXT ( ( #7872 ) ) GLOBAL_UNIT_ASSIGNED_CONTEXT ( ( #6934, #6206, #2362 ) ) REPRESENTATION_CONTEXT ( 'NONE', 'WORKASPACE' ) );
#2909 = DIRECTION ( 'NONE',  ( -1.000000000000000000, 0.0000000000000000000, 0.0000000000000000000 ) ) ;
#2910 = CARTESIAN_POINT ( 'NONE',  ( 2.600000000000000089, 0.2000000000000005107, -1.799999999999999156 ) ) ;
#2911 = AXIS2_PLACEMENT_3D ( 'NONE', #4353, #5121, #3637 ) ;
#2912 = ORIENTED_EDGE ( 'NONE', *, *, #2406, .F. ) ;
#2913 = FACE_OUTER_BOUND ( 'NONE', #1372, .T. ) ;
#2914 = FILL_AREA_STYLE_COLOUR ( '', #1675 ) ;
#2915 = CLOSED_SHELL ( 'NONE', ( #5373, #6972, #7004 ) ) ;
#2916 = CARTESIAN_POINT ( 'NONE',  ( 0.8000000000000012657, 0.1499999999999999667, 6.086346753639119761E-18 ) ) ;
#2917 = EDGE_CURVE ( 'NONE', #6877, #207, #8036, .T. ) ;
#2918 = ORIENTED_EDGE ( 'NONE', *, *, #1292, .T. ) ;
#2919 = CARTESIAN_POINT ( 'NONE',  ( 2.400000000000002132, 0.2000000000000005107, -2.400000000000000355 ) ) ;
#2920 = SURFACE_STYLE_FILL_AREA ( #9508 ) ;
#2921 = DIRECTION ( 'NONE',  ( 0.0000000000000000000, 0.0000000000000000000, -1.000000000000000000 ) ) ;
#2922 = EDGE_CURVE ( 'NONE', #6778, #9117, #4485, .T. ) ;
#2923 = ORIENTED_EDGE ( 'NONE', *, *, #854, .T. ) ;
#2924 = SURFACE_STYLE_FILL_AREA ( #2576 ) ;
#2925 = EDGE_LOOP ( 'NONE', ( #8823, #4171, #4473 ) ) ;
#2926 = FILL_AREA_STYLE ('',( #7287 ) ) ;
#2927 = EDGE_LOOP ( 'NONE', ( #5759, #9662, #7297 ) ) ;
#2928 = DIRECTION ( 'NONE',  ( 0.0000000000000000000, 0.0000000000000000000, 1.000000000000000000 ) ) ;
#2929 =( GEOMETRIC_REPRESENTATION_CONTEXT ( 3 ) GLOBAL_UNCERTAINTY_ASSIGNED_CONTEXT ( ( #130 ) ) GLOBAL_UNIT_ASSIGNED_CONTEXT ( ( #3960, #1773, #8556 ) ) REPRESENTATION_CONTEXT ( 'NONE', 'WORKASPACE' ) );
#2930 = PLANE ( 'NONE',  #734 ) ;
#2931 = ORIENTED_EDGE ( 'NONE', *, *, #156, .T. ) ;
#2932 = CARTESIAN_POINT ( 'NONE',  ( -3.999999999999999112, 0.2000000000000005107, -4.000000000000000000 ) ) ;
#2933 = SURFACE_STYLE_FILL_AREA ( #2926 ) ;
#2934 = DIRECTION ( 'NONE',  ( 0.0000000000000000000, 0.0000000000000000000, -1.000000000000000000 ) ) ;
#2935 = CIRCLE ( 'NONE', #6561, 0.1499999999999999667 ) ;
#2936 = FILL_AREA_STYLE ('',( #6693 ) ) ;
#2937 = SURFACE_STYLE_USAGE ( .BOTH. , #4417 ) ;
#2938 = CIRCLE ( 'NONE', #7541, 0.1414213562373092536 ) ;
#2939 = AXIS2_PLACEMENT_3D ( 'NONE', #5699, #5734, #1933 ) ;
#2940 = EDGE_LOOP ( 'NONE', ( #8961, #4242, #3312 ) ) ;
#2941 = AXIS2_PLACEMENT_3D ( 'NONE', #3997, #7050, #9253 ) ;
#2942 = ADVANCED_FACE ( 'NONE', ( #6288 ), #2105, .F. ) ;
#2943 = VERTEX_POINT ( 'NONE', #5834 ) ;
#2944 = CIRCLE ( 'NONE', #3605, 0.1499999999999999667 ) ;
#2945 = CARTESIAN_POINT ( 'NONE',  ( -2.999999999999999112, 0.2000000000000005107, -4.999999999999999112 ) ) ;
#2946 = CARTESIAN_POINT ( 'NONE',  ( 3.999999999999999112, 0.0000000000000000000, 4.000000000000000000 ) ) ;
#2947 = AXIS2_PLACEMENT_3D ( 'NONE', #7103, #2431, #9306 ) ;
#2948 = EDGE_LOOP ( 'NONE', ( #4071, #1161 ) ) ;
#2949 = UNCERTAINTY_MEASURE_WITH_UNIT (LENGTH_MEASURE( 1.000000000000000082E-05 ), #5227, 'distance_accuracy_value', 'NONE');
#2950 = EDGE_CURVE ( 'NONE', #3883, #5938, #1662, .T. ) ;
#2951 = DIRECTION ( 'NONE',  ( 8.673617379884035472E-17, -0.0000000000000000000, 1.000000000000000000 ) ) ;
#2952 = VERTEX_POINT ( 'NONE', #2874 ) ;
#2953 = PRESENTATION_STYLE_ASSIGNMENT (( #5772 ) ) ;
#2954 = DIRECTION ( 'NONE',  ( 0.0000000000000000000, 0.0000000000000000000, -1.000000000000000000 ) ) ;
#2955 = AXIS2_PLACEMENT_3D ( 'NONE', #8193, #3676, #9633 ) ;
#2956 = DIRECTION ( 'NONE',  ( 0.0000000000000000000, 0.0000000000000000000, -1.000000000000000000 ) ) ;
#2957 = DIRECTION ( 'NONE',  ( -1.000000000000000000, 0.0000000000000000000, 0.0000000000000000000 ) ) ;
#2958 = PLANE ( 'NONE',  #3178 ) ;
#2959 = CARTESIAN_POINT ( 'NONE',  ( 1.800000000000000488, 0.2000000000000005107, -3.399999999999999467 ) ) ;
#2960 = ORIENTED_EDGE ( 'NONE', *, *, #2176, .T. ) ;
#2961 = AXIS2_PLACEMENT_3D ( 'NONE', #8407, #1545, #5377 ) ;
#2962 = SPHERICAL_SURFACE ( 'NONE', #3251, 0.1499999999999999667 ) ;
#2963 = CIRCLE ( 'NONE', #9346, 0.1499999999999999667 ) ;
#2964 = SPHERICAL_SURFACE ( 'NONE', #6510, 0.1499999999999999667 ) ;
#2965 = DIRECTION ( 'NONE',  ( 0.0000000000000000000, -1.000000000000000000, -0.0000000000000000000 ) ) ;
#2966 = DIRECTION ( 'NONE',  ( -0.0000000000000000000, -1.000000000000000000, -0.0000000000000000000 ) ) ;
#2967 = CARTESIAN_POINT ( 'NONE',  ( 2.400000000000002132, 0.2000000000000005107, -4.000000000000000000 ) ) ;
#2968 = ADVANCED_FACE ( 'NONE', ( #9441 ), #8971, .T. ) ;
#2969 = CARTESIAN_POINT ( 'NONE',  ( 5.000000000000000888, -14.14213562373094923, -4.999999999999999112 ) ) ;
#2970 = DIRECTION ( 'NONE',  ( 0.0000000000000000000, 0.0000000000000000000, -1.000000000000000000 ) ) ;
#2971 = CARTESIAN_POINT ( 'NONE',  ( 3.200000000000000622, 0.2000000000000005107, -2.400000000000000355 ) ) ;
#2972 = ORIENTED_EDGE ( 'NONE', *, *, #2084, .T. ) ;
#2973 = FILL_AREA_STYLE_COLOUR ( '', #8005 ) ;
#2974 = SPHERICAL_SURFACE ( 'NONE', #8154, 0.1499999999999999667 ) ;
#2975 = CIRCLE ( 'NONE', #7605, 0.1414213562373092536 ) ;
#2976 = AXIS2_PLACEMENT_3D ( 'NONE', #7518, #3752, #5272 ) ;
#2977 = CIRCLE ( 'NONE', #8300, 0.1414213562373092536 ) ;
#2978 = AXIS2_PLACEMENT_3D ( 'NONE', #5518, #1071, #4011 ) ;
#2979 = CARTESIAN_POINT ( 'NONE',  ( -4.141421356237308338, 0.2000000000000005107, -2.400000000000000355 ) ) ;
#2980 = AXIS2_PLACEMENT_3D ( 'NONE', #5178, #1415, #9030 ) ;
#2981 = ORIENTED_EDGE ( 'NONE', *, *, #8091, .F. ) ;
#2982 = EDGE_CURVE ( 'NONE', #5536, #2839, #3897, .T. ) ;
#2983 = CARTESIAN_POINT ( 'NONE',  ( -0.1414213562373083932, 0.2000000000000005107, -3.200000000000000622 ) ) ;
#2984 = DIRECTION ( 'NONE',  ( 0.0000000000000000000, 0.0000000000000000000, -1.000000000000000000 ) ) ;
#2985 = SPHERICAL_SURFACE ( 'NONE', #1535, 0.1499999999999999667 ) ;
#2986 = CARTESIAN_POINT ( 'NONE',  ( 0.8000000000000003775, 0.2000000000000005107, 4.000000000000000000 ) ) ;
#2987 = EDGE_CURVE ( 'NONE', #9709, #8315, #2474, .T. ) ;
#2988 = DIRECTION ( 'NONE',  ( 1.000000000000000000, -2.891205793294679411E-15, 0.0000000000000000000 ) ) ;
#2989 = VERTEX_POINT ( 'NONE', #5388 ) ;
#2990 = DIRECTION ( 'NONE',  ( 0.0000000000000000000, 0.0000000000000000000, 1.000000000000000000 ) ) ;
#2991 = CIRCLE ( 'NONE', #546, 0.1414213562373092536 ) ;
#2992 = AXIS2_PLACEMENT_3D ( 'NONE', #2705, #2769, #4170 ) ;
#2993 = ADVANCED_FACE ( 'NONE', ( #8746 ), #5923, .T. ) ;
#2994 = CARTESIAN_POINT ( 'NONE',  ( 3.200000000000000622, 0.1499999999999999667, -4.000000000000000000 ) ) ;
#2995 = VERTEX_POINT ( 'NONE', #6933 ) ;
#2996 = AXIS2_PLACEMENT_3D ( 'NONE', #2248, #4502, #813 ) ;
#2997 = EDGE_CURVE ( 'NONE', #6319, #2338, #1422, .T. ) ;
#2998 = DIRECTION ( 'NONE',  ( 1.000000000000000000, -2.891205793294679411E-15, 0.0000000000000000000 ) ) ;
#2999 = DIRECTION ( 'NONE',  ( 1.000000000000000000, -2.891205793294679411E-15, 0.0000000000000000000 ) ) ;
#3000 = DIRECTION ( 'NONE',  ( 1.000000000000000000, -2.891205793294679411E-15, 0.0000000000000000000 ) ) ;
#3001 = ORIENTED_EDGE ( 'NONE', *, *, #1020, .F. ) ;
#3002 = CIRCLE ( 'NONE', #3950, 0.1499999999999999667 ) ;
#3003 = DIRECTION ( 'NONE',  ( 0.0000000000000000000, -1.000000000000000000, -0.0000000000000000000 ) ) ;
#3004 = UNCERTAINTY_MEASURE_WITH_UNIT (LENGTH_MEASURE( 1.000000000000000082E-05 ), #2554, 'distance_accuracy_value', 'NONE');
#3005 = EDGE_LOOP ( 'NONE', ( #3139, #9098 ) ) ;
#3006 = SURFACE_STYLE_FILL_AREA ( #6326 ) ;
#3007 = DIRECTION ( 'NONE',  ( 1.224646799147353207E-16, -3.540705920434613265E-31, -1.000000000000000000 ) ) ;
#3008 = STYLED_ITEM ( 'NONE', ( #5223 ), #1981 ) ;
#3009 = FACE_OUTER_BOUND ( 'NONE', #4827, .T. ) ;
#3010 = ADVANCED_FACE ( 'NONE', ( #1896 ), #7684, .F. ) ;
#3011 = DIRECTION ( 'NONE',  ( 0.0000000000000000000, 0.0000000000000000000, -1.000000000000000000 ) ) ;
#3012 = ORIENTED_EDGE ( 'NONE', *, *, #780, .T. ) ;
#3013 = CIRCLE ( 'NONE', #8987, 0.1414213562373092536 ) ;
#3014 = VERTEX_POINT ( 'NONE', #9077 ) ;
#3015 = ORIENTED_EDGE ( 'NONE', *, *, #7590, .F. ) ;
#3016 = MANIFOLD_SOLID_BREP ( 'Sketch-Pattern1[61]', #2640 ) ;
#3017 = SPHERICAL_SURFACE ( 'NONE', #5294, 0.1499999999999999667 ) ;
#3018 = DIRECTION ( 'NONE',  ( 1.000000000000000000, -2.891205793294679411E-15, 0.0000000000000000000 ) ) ;
#3019 = AXIS2_PLACEMENT_3D ( 'NONE', #725, #6791, #1448 ) ;
#3020 = DIRECTION ( 'NONE',  ( 0.0000000000000000000, 0.0000000000000000000, -1.000000000000000000 ) ) ;
#3021 = DIRECTION ( 'NONE',  ( 1.000000000000000000, 0.0000000000000000000, 0.0000000000000000000 ) ) ;
#3022 = DIRECTION ( 'NONE',  ( 1.224646799147353207E-16, -3.540705920434613265E-31, -1.000000000000000000 ) ) ;
#3023 = EDGE_CURVE ( 'NONE', #5511, #1621, #4622, .T. ) ;
#3024 = EDGE_LOOP ( 'NONE', ( #2814, #4225, #3100 ) ) ;
#3025 = AXIS2_PLACEMENT_3D ( 'NONE', #6588, #7353, #8811 ) ;
#3026 = EDGE_LOOP ( 'NONE', ( #4660, #1985, #1183 ) ) ;
#3027 = FACE_OUTER_BOUND ( 'NONE', #6077, .T. ) ;
#3028 = DIRECTION ( 'NONE',  ( 0.0000000000000000000, 0.0000000000000000000, 1.000000000000000000 ) ) ;
#3029 = CARTESIAN_POINT ( 'NONE',  ( 3.999999999999999112, 0.1499999999999999667, 6.086346753639119761E-18 ) ) ;
#3030 =( LENGTH_UNIT ( ) NAMED_UNIT ( * ) SI_UNIT ( .MILLI., .METRE. ) );
#3031 = PLANE ( 'NONE',  #9004 ) ;
#3032 = CARTESIAN_POINT ( 'NONE',  ( -2.400000000000000355, 0.1499999999999999667, 3.200000000000000178 ) ) ;
#3033 = ORIENTED_EDGE ( 'NONE', *, *, #301, .F. ) ;
#3034 = PLANE ( 'NONE',  #1341 ) ;
#3035 = DIRECTION ( 'NONE',  ( 1.224646799147353207E-16, -3.540705920434613265E-31, -1.000000000000000000 ) ) ;
#3036 = AXIS2_PLACEMENT_3D ( 'NONE', #6164, #9100, #7675 ) ;
#3037 = ORIENTED_EDGE ( 'NONE', *, *, #7079, .T. ) ;
#3038 = DIRECTION ( 'NONE',  ( 1.224646799147353207E-16, -3.540705920434613265E-31, -1.000000000000000000 ) ) ;
#3039 = DIRECTION ( 'NONE',  ( -0.0000000000000000000, -1.000000000000000000, -0.0000000000000000000 ) ) ;
#3040 = SPHERICAL_SURFACE ( 'NONE', #2595, 0.1499999999999999667 ) ;
#3041 = CARTESIAN_POINT ( 'NONE',  ( -2.541421356237308693, 0.2000000000000005107, -3.200000000000000622 ) ) ;
#3042 = ORIENTED_EDGE ( 'NONE', *, *, #8292, .F. ) ;
#3043 = FACE_OUTER_BOUND ( 'NONE', #3052, .T. ) ;
#3044 = ADVANCED_FACE ( 'NONE', ( #7707 ), #5422, .F. ) ;
#3045 = EDGE_CURVE ( 'NONE', #3411, #3285, #6037, .T. ) ;
#3046 = ORIENTED_EDGE ( 'NONE', *, *, #635, .F. ) ;
#3047 = FACE_OUTER_BOUND ( 'NONE', #5316, .T. ) ;
#3048 = DIRECTION ( 'NONE',  ( -0.0000000000000000000, -1.000000000000000000, -0.0000000000000000000 ) ) ;
#3049 = DIRECTION ( 'NONE',  ( 0.0000000000000000000, 0.0000000000000000000, -1.000000000000000000 ) ) ;
#3050 = DIRECTION ( 'NONE',  ( -0.0000000000000000000, -1.000000000000000000, -0.0000000000000000000 ) ) ;
#3051 = VERTEX_POINT ( 'NONE', #4701 ) ;
#3052 = EDGE_LOOP ( 'NONE', ( #9308, #9522 ) ) ;
#3053 = DIRECTION ( 'NONE',  ( -0.0000000000000000000, -1.000000000000000000, -0.0000000000000000000 ) ) ;
#3054 = SURFACE_STYLE_FILL_AREA ( #5555 ) ;
#3055 = AXIS2_PLACEMENT_3D ( 'NONE', #7263, #7997, #8758 ) ;
#3056 = DIRECTION ( 'NONE',  ( 1.000000000000000000, -2.891205793294679411E-15, 0.0000000000000000000 ) ) ;
#3057 = CIRCLE ( 'NONE', #6889, 0.1414213562373096977 ) ;
#3058 = DIRECTION ( 'NONE',  ( 0.0000000000000000000, 0.0000000000000000000, -1.000000000000000000 ) ) ;
#3059 = STYLED_ITEM ( 'NONE', ( #8665 ), #6610 ) ;
#3060 = ORIENTED_EDGE ( 'NONE', *, *, #2652, .T. ) ;
#3061 = DIRECTION ( 'NONE',  ( 0.0000000000000000000, 0.0000000000000000000, -1.000000000000000000 ) ) ;
#3062 = COLOUR_RGB ( '',0.7921568627450980005, 0.8196078431372548767, 0.9333333333333333481 ) ;
#3063 = DIRECTION ( 'NONE',  ( 0.0000000000000000000, 0.0000000000000000000, -1.000000000000000000 ) ) ;
#3064 = EDGE_CURVE ( 'NONE', #5473, #5557, #8265, .T. ) ;
#3065 = FILL_AREA_STYLE ('',( #1442 ) ) ;
#3066 = ORIENTED_EDGE ( 'NONE', *, *, #4513, .T. ) ;
#3067 = CLOSED_SHELL ( 'NONE', ( #3851, #7722, #7188 ) ) ;
#3068 = CIRCLE ( 'NONE', #4624, 0.1414213562373092536 ) ;
#3069 = EDGE_CURVE ( 'NONE', #7962, #5086, #5448, .T. ) ;
#3070 = UNCERTAINTY_MEASURE_WITH_UNIT (LENGTH_MEASURE( 1.000000000000000082E-05 ), #7408, 'distance_accuracy_value', 'NONE');
#3071 = DIRECTION ( 'NONE',  ( 0.0000000000000000000, 0.0000000000000000000, 1.000000000000000000 ) ) ;
#3072 = AXIS2_PLACEMENT_3D ( 'NONE', #7288, #5785, #9583 ) ;
#3073 =( NAMED_UNIT ( * ) SI_UNIT ( $, .STERADIAN. ) SOLID_ANGLE_UNIT ( ) );
#3074 = ADVANCED_FACE ( 'NONE', ( #7242 ), #9217, .F. ) ;
#3075 = CARTESIAN_POINT ( 'NONE',  ( 8.673617379884035472E-16, 0.1499999999999999667, -0.8000000000000003775 ) ) ;
#3076 = VERTEX_POINT ( 'NONE', #8416 ) ;
#3077 = CARTESIAN_POINT ( 'NONE',  ( -2.399999999999999467, 0.1499999999999999667, 6.086346753639119761E-18 ) ) ;
#3078 = EDGE_LOOP ( 'NONE', ( #7365, #2234 ) ) ;
#3079 = FILL_AREA_STYLE ('',( #7717 ) ) ;
#3080 = CARTESIAN_POINT ( 'NONE',  ( -4.000000000000000000, 0.2000000000000005107, 0.7999999999999999334 ) ) ;
#3081 = AXIS2_PLACEMENT_3D ( 'NONE', #81, #173, #6200 ) ;
#3082 = MANIFOLD_SOLID_BREP ( 'Sketch-Pattern1[68]', #8490 ) ;
#3083 = DIRECTION ( 'NONE',  ( -0.0000000000000000000, -1.000000000000000000, -0.0000000000000000000 ) ) ;
#3084 = DIRECTION ( 'NONE',  ( 1.000000000000000000, -2.891205793294679411E-15, 0.0000000000000000000 ) ) ;
#3085 = EDGE_LOOP ( 'NONE', ( #4195, #4092, #7091 ) ) ;
#3086 = FACE_OUTER_BOUND ( 'NONE', #2433, .T. ) ;
#3087 = FACE_OUTER_BOUND ( 'NONE', #4349, .T. ) ;
#3088 = AXIS2_PLACEMENT_3D ( 'NONE', #3374, #1214, #342 ) ;
#3089 = CIRCLE ( 'NONE', #3146, 0.1499999999999999667 ) ;
#3090 = STYLED_ITEM ( 'NONE', ( #5796 ), #3082 ) ;
#3091 = EDGE_CURVE ( 'NONE', #8853, #8148, #2351, .T. ) ;
#3092 = CARTESIAN_POINT ( 'NONE',  ( 1.600000000000000755, 0.1499999999999999667, -1.599999999999999867 ) ) ;
#3093 = AXIS2_PLACEMENT_3D ( 'NONE', #2123, #6659, #3727 ) ;
#3094 = AXIS2_PLACEMENT_3D ( 'NONE', #8293, #8259, #3835 ) ;
#3095 = ORIENTED_EDGE ( 'NONE', *, *, #8560, .F. ) ;
#3096 = CIRCLE ( 'NONE', #4811, 0.1414213562373092536 ) ;
#3097 = ADVANCED_FACE ( 'NONE', ( #4012 ), #7821, .T. ) ;
#3098 = AXIS2_PLACEMENT_3D ( 'NONE', #1250, #8058, #564 ) ;
#3099 = SPHERICAL_SURFACE ( 'NONE', #4786, 0.1499999999999999667 ) ;
#3100 = ORIENTED_EDGE ( 'NONE', *, *, #6081, .T. ) ;
#3101 = DIRECTION ( 'NONE',  ( -1.000000000000000000, 0.0000000000000000000, -1.224646799147353207E-16 ) ) ;
#3102 = CARTESIAN_POINT ( 'NONE',  ( -3.999999999999999112, 0.2000000000000005107, 6.086346753639119761E-18 ) ) ;
#3103 = CARTESIAN_POINT ( 'NONE',  ( 4.000000000000002665, 0.1499999999999999667, -4.000000000000000000 ) ) ;
#3104 = CARTESIAN_POINT ( 'NONE',  ( -1.599999999999999867, 0.1499999999999999667, 6.086346753639119761E-18 ) ) ;
#3105 = CARTESIAN_POINT ( 'NONE',  ( 0.2000000000000005107, 0.2000000000000005107, -1.799999999999999156 ) ) ;
#3106 =( NAMED_UNIT ( * ) SI_UNIT ( $, .STERADIAN. ) SOLID_ANGLE_UNIT ( ) );
#3107 = SURFACE_STYLE_USAGE ( .BOTH. , #2331 ) ;
#3108 = CARTESIAN_POINT ( 'NONE',  ( -2.258578643762690241, 0.2000000000000005107, 0.7999999999999999334 ) ) ;
#3109 = EDGE_LOOP ( 'NONE', ( #9387, #115, #2333 ) ) ;
#3110 = DIRECTION ( 'NONE',  ( 0.0000000000000000000, 0.0000000000000000000, 1.000000000000000000 ) ) ;
#3111 = AXIS2_PLACEMENT_3D ( 'NONE', #7087, #7886, #4098 ) ;
#3112 = DIRECTION ( 'NONE',  ( -0.0000000000000000000, -1.000000000000000000, -0.0000000000000000000 ) ) ;
#3113 = ORIENTED_EDGE ( 'NONE', *, *, #5116, .F. ) ;
#3114 = COLOUR_RGB ( '',0.7921568627450980005, 0.8196078431372548767, 0.9333333333333333481 ) ;
#3115 = DIRECTION ( 'NONE',  ( 0.0000000000000000000, 0.0000000000000000000, -1.000000000000000000 ) ) ;
#3116 = VECTOR ( 'NONE', #2401, 1000.000000000000000 ) ;
#3117 = EDGE_CURVE ( 'NONE', #6332, #5449, #3220, .T. ) ;
#3118 = ADVANCED_FACE ( 'NONE', ( #6553 ), #4802, .F. ) ;
#3119 = ORIENTED_EDGE ( 'NONE', *, *, #4721, .F. ) ;
#3120 = DIRECTION ( 'NONE',  ( 0.0000000000000000000, 0.0000000000000000000, -1.000000000000000000 ) ) ;
#3121 = SPHERICAL_SURFACE ( 'NONE', #8875, 0.1499999999999999667 ) ;
#3122 = SURFACE_SIDE_STYLE ('',( #6950 ) ) ;
#3123 = EDGE_CURVE ( 'NONE', #8018, #2471, #6888, .T. ) ;
#3124 = ORIENTED_EDGE ( 'NONE', *, *, #5793, .T. ) ;
#3125 =( NAMED_UNIT ( * ) SI_UNIT ( $, .STERADIAN. ) SOLID_ANGLE_UNIT ( ) );
#3126 = CARTESIAN_POINT ( 'NONE',  ( 2.400000000000000355, 0.2000000000000005107, 3.200000000000000178 ) ) ;
#3127 = DIRECTION ( 'NONE',  ( 0.0000000000000000000, 0.0000000000000000000, -1.000000000000000000 ) ) ;
#3128 = CIRCLE ( 'NONE', #2659, 0.1499999999999999667 ) ;
#3129 = STYLED_ITEM ( 'NONE', ( #2141 ), #9367 ) ;
#3130 = PLANE ( 'NONE',  #2646 ) ;
#3131 = VERTEX_POINT ( 'NONE', #6331 ) ;
#3132 = COLOUR_RGB ( '',0.7921568627450980005, 0.8196078431372548767, 0.9333333333333333481 ) ;
#3133 = AXIS2_PLACEMENT_3D ( 'NONE', #3684, #1270, #8074 ) ;
#3134 = CARTESIAN_POINT ( 'NONE',  ( -4.999999999999999112, 1.699999999999999956, 5.000000000000001776 ) ) ;
#3135 = DIRECTION ( 'NONE',  ( 0.0000000000000000000, 0.0000000000000000000, -1.000000000000000000 ) ) ;
#3136 = AXIS2_PLACEMENT_3D ( 'NONE', #4760, #799, #2396 ) ;
#3137 = FILL_AREA_STYLE_COLOUR ( '', #1247 ) ;
#3138 = UNCERTAINTY_MEASURE_WITH_UNIT (LENGTH_MEASURE( 1.000000000000000082E-05 ), #9101, 'distance_accuracy_value', 'NONE');
#3139 = ORIENTED_EDGE ( 'NONE', *, *, #5706, .F. ) ;
#3140 = CARTESIAN_POINT ( 'NONE',  ( 1.458578643762691529, 0.2000000000000005107, -1.123277437107073856E-17 ) ) ;
#3141 = ORIENTED_EDGE ( 'NONE', *, *, #4564, .T. ) ;
#3142 = SURFACE_SIDE_STYLE ('',( #6762 ) ) ;
#3143 = SPHERICAL_SURFACE ( 'NONE', #8378, 0.1499999999999999667 ) ;
#3144 = SURFACE_STYLE_USAGE ( .BOTH. , #1044 ) ;
#3145 = DIRECTION ( 'NONE',  ( 0.0000000000000000000, 0.0000000000000000000, 1.000000000000000000 ) ) ;
#3146 = AXIS2_PLACEMENT_3D ( 'NONE', #8906, #8796, #1234 ) ;
#3147 = ADVANCED_FACE ( 'NONE', ( #6692 ), #9452, .T. ) ;
#3148 = CARTESIAN_POINT ( 'NONE',  ( 5.000000000000000888, 1.699999999999999956, -4.999999999999999112 ) ) ;
#3149 = ORIENTED_EDGE ( 'NONE', *, *, #7965, .T. ) ;
#3150 = FACE_OUTER_BOUND ( 'NONE', #577, .T. ) ;
#3151 = DIRECTION ( 'NONE',  ( -0.0000000000000000000, -1.000000000000000000, -0.0000000000000000000 ) ) ;
#3152 = FILL_AREA_STYLE_COLOUR ( '', #9635 ) ;
#3153 = ORIENTED_EDGE ( 'NONE', *, *, #9549, .F. ) ;
#3154 = DIRECTION ( 'NONE',  ( 0.0000000000000000000, 0.0000000000000000000, -1.000000000000000000 ) ) ;
#3155 = CIRCLE ( 'NONE', #3767, 0.1414213562373092536 ) ;
#3156 = AXIS2_PLACEMENT_3D ( 'NONE', #3467, #8814, #9554 ) ;
#3157 = VERTEX_POINT ( 'NONE', #7931 ) ;
#3158 = FACE_OUTER_BOUND ( 'NONE', #5647, .T. ) ;
#3159 = CARTESIAN_POINT ( 'NONE',  ( -0.7999999999999994893, 0.1499999999999999667, -4.000000000000000000 ) ) ;
#3160 = ADVANCED_FACE ( 'NONE', ( #7252 ), #4499, .T. ) ;
#3161 = VERTEX_POINT ( 'NONE', #7283 ) ;
#3162 = MECHANICAL_DESIGN_GEOMETRIC_PRESENTATION_REPRESENTATION (  '', ( #1313 ), #3662 ) ;
#3163 =( NAMED_UNIT ( * ) PLANE_ANGLE_UNIT ( ) SI_UNIT ( $, .RADIAN. ) );
#3164 = CIRCLE ( 'NONE', #4981, 0.1499999999999999667 ) ;
#3165 = CARTESIAN_POINT ( 'NONE',  ( 0.8000000000000012657, 0.1499999999999999667, -1.599999999999999867 ) ) ;
#3166 = ORIENTED_EDGE ( 'NONE', *, *, #3064, .T. ) ;
#3167 = SPHERICAL_SURFACE ( 'NONE', #7177, 0.1499999999999999667 ) ;
#3168 = PRESENTATION_LAYER_ASSIGNMENT (  '', '', ( #3234 ) ) ;
#3169 = CARTESIAN_POINT ( 'NONE',  ( 1.600000000000000311, 0.0000000000000000000, 6.086346753639119761E-18 ) ) ;
#3170 = VERTEX_POINT ( 'NONE', #3431 ) ;
#3171 = FACE_OUTER_BOUND ( 'NONE', #7804, .T. ) ;
#3172 = DIRECTION ( 'NONE',  ( 1.224646799147353207E-16, -3.540705920434613265E-31, -1.000000000000000000 ) ) ;
#3173 = VERTEX_POINT ( 'NONE', #4216 ) ;
#3174 = CLOSED_SHELL ( 'NONE', ( #6433, #5534, #8779 ) ) ;
#3175 = ADVANCED_FACE ( 'NONE', ( #6903 ), #9678, .T. ) ;
#3176 = DIRECTION ( 'NONE',  ( -0.0000000000000000000, -1.000000000000000000, -0.0000000000000000000 ) ) ;
#3177 = FACE_OUTER_BOUND ( 'NONE', #3351, .T. ) ;
#3178 = AXIS2_PLACEMENT_3D ( 'NONE', #2214, #6043, #1501 ) ;
#3179 = DIRECTION ( 'NONE',  ( 0.0000000000000000000, 0.0000000000000000000, -1.000000000000000000 ) ) ;
#3180 = AXIS2_PLACEMENT_3D ( 'NONE', #8233, #2204, #9051 ) ;
#3181 = DIRECTION ( 'NONE',  ( -0.0000000000000000000, -1.000000000000000000, -0.0000000000000000000 ) ) ;
#3182 = ORIENTED_EDGE ( 'NONE', *, *, #5214, .T. ) ;
#3183 = ORIENTED_EDGE ( 'NONE', *, *, #2472, .F. ) ;
#3184 = EDGE_CURVE ( 'NONE', #6208, #3969, #4020, .T. ) ;
#3185 = ORIENTED_EDGE ( 'NONE', *, *, #4642, .F. ) ;
#3186 = CARTESIAN_POINT ( 'NONE',  ( -3.858578643762689886, 0.2000000000000005107, -4.000000000000000000 ) ) ;
#3187 = CARTESIAN_POINT ( 'NONE',  ( -2.399999999999999467, 0.1499999999999999667, 0.7999999999999999334 ) ) ;
#3188 = EDGE_CURVE ( 'NONE', #576, #9709, #8983, .T. ) ;
#3189 = SURFACE_STYLE_FILL_AREA ( #6256 ) ;
#3190 = VERTEX_POINT ( 'NONE', #6420 ) ;
#3191 = AXIS2_PLACEMENT_3D ( 'NONE', #2549, #1231, #5722 ) ;
#3192 = SURFACE_STYLE_USAGE ( .BOTH. , #1632 ) ;
#3193 = ORIENTED_EDGE ( 'NONE', *, *, #2194, .F. ) ;
#3194 = CARTESIAN_POINT ( 'NONE',  ( 8.673617379884035472E-16, 0.1499999999999999667, 6.086346753639119761E-18 ) ) ;
#3195 = COLOUR_RGB ( '',0.7921568627450980005, 0.8196078431372548767, 0.9333333333333333481 ) ;
#3196 = DIRECTION ( 'NONE',  ( 1.000000000000000000, -2.891205793294679411E-15, 0.0000000000000000000 ) ) ;
#3197 = AXIS2_PLACEMENT_3D ( 'NONE', #985, #3230, #4776 ) ;
#3198 = DIRECTION ( 'NONE',  ( 0.0000000000000000000, 0.0000000000000000000, -1.000000000000000000 ) ) ;
#3199 = EDGE_CURVE ( 'NONE', #576, #3411, #5213, .T. ) ;
#3200 = CLOSED_SHELL ( 'NONE', ( #5303, #7231, #1125 ) ) ;
#3201 = CARTESIAN_POINT ( 'NONE',  ( 3.200000000000000622, 0.2000000000000005107, 3.200000000000000178 ) ) ;
#3202 = UNCERTAINTY_MEASURE_WITH_UNIT (LENGTH_MEASURE( 1.000000000000000082E-05 ), #623, 'distance_accuracy_value', 'NONE');
#3203 = ADVANCED_FACE ( 'NONE', ( #8403 ), #1108, .T. ) ;
#3204 = CARTESIAN_POINT ( 'NONE',  ( 1.599999999999999867, 0.2000000000000005107, 3.200000000000000178 ) ) ;
#3205 = PRESENTATION_LAYER_ASSIGNMENT (  '', '', ( #2151 ) ) ;
#3206 = ORIENTED_EDGE ( 'NONE', *, *, #7755, .T. ) ;
#3207 = FACE_OUTER_BOUND ( 'NONE', #4204, .T. ) ;
#3208 =( GEOMETRIC_REPRESENTATION_CONTEXT ( 3 ) GLOBAL_UNCERTAINTY_ASSIGNED_CONTEXT ( ( #3004 ) ) GLOBAL_UNIT_ASSIGNED_CONTEXT ( ( #2554, #3974, #2452 ) ) REPRESENTATION_CONTEXT ( 'NONE', 'WORKASPACE' ) );
#3209 = DIRECTION ( 'NONE',  ( -0.0000000000000000000, -1.000000000000000000, -0.0000000000000000000 ) ) ;
#3210 =( LENGTH_UNIT ( ) NAMED_UNIT ( * ) SI_UNIT ( .MILLI., .METRE. ) );
#3211 = DIRECTION ( 'NONE',  ( 1.224646799147353207E-16, -3.540705920434613265E-31, -1.000000000000000000 ) ) ;
#3212 = DIRECTION ( 'NONE',  ( 0.0000000000000000000, 0.0000000000000000000, -1.000000000000000000 ) ) ;
#3213 = CARTESIAN_POINT ( 'NONE',  ( 1.600000000000000755, 0.1499999999999999667, -3.200000000000000622 ) ) ;
#3214 = SURFACE_SIDE_STYLE ('',( #1302 ) ) ;
#3215 = DIRECTION ( 'NONE',  ( 1.000000000000000000, -2.891205793294679411E-15, 0.0000000000000000000 ) ) ;
#3216 = MANIFOLD_SOLID_BREP ( 'Sketch-Pattern1[27]', #7314 ) ;
#3217 = DIRECTION ( 'NONE',  ( 1.224646799147353207E-16, -3.540705920434613265E-31, -1.000000000000000000 ) ) ;
#3218 = VERTEX_POINT ( 'NONE', #5677 ) ;
#3219 = DIRECTION ( 'NONE',  ( -1.000000000000000000, 0.0000000000000000000, 0.0000000000000000000 ) ) ;
#3220 = CIRCLE ( 'NONE', #1561, 0.1499999999999999667 ) ;
#3221 = COLOUR_RGB ( '',0.7921568627450980005, 0.8196078431372548767, 0.9333333333333333481 ) ;
#3222 =( GEOMETRIC_REPRESENTATION_CONTEXT ( 3 ) GLOBAL_UNCERTAINTY_ASSIGNED_CONTEXT ( ( #3854 ) ) GLOBAL_UNIT_ASSIGNED_CONTEXT ( ( #5570, #8692, #7174 ) ) REPRESENTATION_CONTEXT ( 'NONE', 'WORKASPACE' ) );
#3223 = DIRECTION ( 'NONE',  ( 1.000000000000000000, -2.891205793294679411E-15, 0.0000000000000000000 ) ) ;
#3224 = CARTESIAN_POINT ( 'NONE',  ( 1.599999999999999867, 0.1499999999999999667, 0.7999999999999999334 ) ) ;
#3225 = DIRECTION ( 'NONE',  ( 0.0000000000000000000, 0.0000000000000000000, 1.000000000000000000 ) ) ;
#3226 = DIRECTION ( 'NONE',  ( 0.0000000000000000000, 0.0000000000000000000, -1.000000000000000000 ) ) ;
#3227 = CLOSED_SHELL ( 'NONE', ( #4501, #9380, #7140 ) ) ;
#3228 = AXIS2_PLACEMENT_3D ( 'NONE', #584, #4364, #8070 ) ;
#3229 = PRESENTATION_STYLE_ASSIGNMENT (( #8373 ) ) ;
#3230 = DIRECTION ( 'NONE',  ( 0.0000000000000000000, 0.0000000000000000000, -1.000000000000000000 ) ) ;
#3231 = EDGE_CURVE ( 'NONE', #3131, #6299, #1672, .T. ) ;
#3232 = DIRECTION ( 'NONE',  ( 1.000000000000000000, -2.891205793294679411E-15, 0.0000000000000000000 ) ) ;
#3233 = DIRECTION ( 'NONE',  ( -0.0000000000000000000, -1.000000000000000000, -0.0000000000000000000 ) ) ;
#3234 = STYLED_ITEM ( 'NONE', ( #2649 ), #5739 ) ;
#3235 = COLOUR_RGB ( '',0.7921568627450980005, 0.8196078431372548767, 0.9333333333333333481 ) ;
#3236 = DIRECTION ( 'NONE',  ( 0.0000000000000000000, 0.0000000000000000000, -1.000000000000000000 ) ) ;
#3237 = EDGE_LOOP ( 'NONE', ( #8440, #4765, #1751 ) ) ;
#3238 = CARTESIAN_POINT ( 'NONE',  ( -1.599999999999998979, 0.2000000000000005107, -3.200000000000000622 ) ) ;
#3239 = FACE_OUTER_BOUND ( 'NONE', #6232, .T. ) ;
#3240 = CIRCLE ( 'NONE', #7143, 0.1414213562373096977 ) ;
#3241 = STYLED_ITEM ( 'NONE', ( #1168 ), #4342 ) ;
#3242 = CARTESIAN_POINT ( 'NONE',  ( 0.8000000000000003775, 0.1499999999999999667, 4.000000000000000000 ) ) ;
#3243 = CARTESIAN_POINT ( 'NONE',  ( 3.200000000000000622, 0.1499999999999999667, -3.200000000000000622 ) ) ;
#3244 = ORIENTED_EDGE ( 'NONE', *, *, #592, .F. ) ;
#3245 = DIRECTION ( 'NONE',  ( 0.0000000000000000000, 0.0000000000000000000, -1.000000000000000000 ) ) ;
#3246 = CIRCLE ( 'NONE', #3578, 0.1414213562373092536 ) ;
#3247 =( LENGTH_UNIT ( ) NAMED_UNIT ( * ) SI_UNIT ( .MILLI., .METRE. ) );
#3248 = EDGE_CURVE ( 'NONE', #6002, #1439, #2609, .T. ) ;
#3249 = SURFACE_SIDE_STYLE ('',( #2594 ) ) ;
#3250 = ORIENTED_EDGE ( 'NONE', *, *, #7546, .T. ) ;
#3251 = AXIS2_PLACEMENT_3D ( 'NONE', #4696, #5591, #1081 ) ;
#3252 = SPHERICAL_SURFACE ( 'NONE', #784, 0.1499999999999999667 ) ;
#3253 = ADVANCED_FACE ( 'NONE', ( #852 ), #6413, .T. ) ;
#3254 = ORIENTED_EDGE ( 'NONE', *, *, #5273, .F. ) ;
#3255 =( GEOMETRIC_REPRESENTATION_CONTEXT ( 3 ) GLOBAL_UNCERTAINTY_ASSIGNED_CONTEXT ( ( #4160 ) ) GLOBAL_UNIT_ASSIGNED_CONTEXT ( ( #677, #8913, #3750 ) ) REPRESENTATION_CONTEXT ( 'NONE', 'WORKASPACE' ) );
#3256 = CARTESIAN_POINT ( 'NONE',  ( -3.199999999999999734, 0.1499999999999999667, 1.599999999999999867 ) ) ;
#3257 = DIRECTION ( 'NONE',  ( 0.0000000000000000000, 0.0000000000000000000, -1.000000000000000000 ) ) ;
#3258 = AXIS2_PLACEMENT_3D ( 'NONE', #5755, #6524, #8870 ) ;
#3259 = DIRECTION ( 'NONE',  ( 1.000000000000000000, 0.0000000000000000000, 0.0000000000000000000 ) ) ;
#3260 = PRESENTATION_LAYER_ASSIGNMENT (  '', '', ( #9488 ) ) ;
#3261 = DIRECTION ( 'NONE',  ( 1.000000000000000000, -2.891205793294679411E-15, 0.0000000000000000000 ) ) ;
#3262 = VECTOR ( 'NONE', #9611, 1000.000000000000000 ) ;
#3263 = EDGE_CURVE ( 'NONE', #7480, #3303, #2963, .T. ) ;
#3264 = CARTESIAN_POINT ( 'NONE',  ( 1.599999999999999867, 0.1499999999999999667, 2.400000000000000355 ) ) ;
#3265 = VERTEX_POINT ( 'NONE', #3405 ) ;
#3266 = PRESENTATION_STYLE_ASSIGNMENT (( #3428 ) ) ;
#3267 = EDGE_CURVE ( 'NONE', #9055, #38, #4380, .T. ) ;
#3268 = DIRECTION ( 'NONE',  ( -0.0000000000000000000, -1.000000000000000000, -0.0000000000000000000 ) ) ;
#3269 = DIRECTION ( 'NONE',  ( 0.0000000000000000000, 0.0000000000000000000, 1.000000000000000000 ) ) ;
#3270 = DIRECTION ( 'NONE',  ( 0.0000000000000000000, 0.0000000000000000000, 1.000000000000000000 ) ) ;
#3271 = AXIS2_PLACEMENT_3D ( 'NONE', #9512, #5012, #4400 ) ;
#3272 = DIRECTION ( 'NONE',  ( 0.0000000000000000000, 0.0000000000000000000, 1.000000000000000000 ) ) ;
#3273 = EDGE_LOOP ( 'NONE', ( #313, #4251 ) ) ;
#3274 = ORIENTED_EDGE ( 'NONE', *, *, #2982, .F. ) ;
#3275 = SURFACE_SIDE_STYLE ('',( #3189 ) ) ;
#3276 = DIRECTION ( 'NONE',  ( 0.0000000000000000000, 0.0000000000000000000, -1.000000000000000000 ) ) ;
#3277 = CARTESIAN_POINT ( 'NONE',  ( 0.0000000000000000000, 0.1499999999999999667, 4.000000000000000000 ) ) ;
#3278 = AXIS2_PLACEMENT_3D ( 'NONE', #2519, #3393, #7155 ) ;
#3279 = CARTESIAN_POINT ( 'NONE',  ( -1.599999999999999867, 0.2000000000000005107, 3.200000000000000178 ) ) ;
#3280 = AXIS2_PLACEMENT_3D ( 'NONE', #2826, #1319, #8847 ) ;
#3281 = VERTEX_POINT ( 'NONE', #3557 ) ;
#3282 = FACE_OUTER_BOUND ( 'NONE', #2849, .T. ) ;
#3283 = CLOSED_SHELL ( 'NONE', ( #3475, #3010, #1901 ) ) ;
#3284 = AXIS2_PLACEMENT_3D ( 'NONE', #152, #3038, #1653 ) ;
#3285 = VERTEX_POINT ( 'NONE', #3658 ) ;
#3286 = CIRCLE ( 'NONE', #562, 0.1499999999999999667 ) ;
#3287 = CARTESIAN_POINT ( 'NONE',  ( -2.399999999999999911, 0.1499999999999999667, 2.400000000000000355 ) ) ;
#3288 = CARTESIAN_POINT ( 'NONE',  ( 3.999999999999999112, 0.2000000000000005107, 3.200000000000000178 ) ) ;
#3289 = EDGE_LOOP ( 'NONE', ( #6363, #625, #2918 ) ) ;
#3290 = CIRCLE ( 'NONE', #1796, 0.1499999999999999667 ) ;
#3291 = AXIS2_PLACEMENT_3D ( 'NONE', #1202, #4457, #9083 ) ;
#3292 = CLOSED_SHELL ( 'NONE', ( #1435, #7529, #9183 ) ) ;
#3293 = DIRECTION ( 'NONE',  ( 1.224646799147353207E-16, -3.540705920434613265E-31, -1.000000000000000000 ) ) ;
#3294 = SPHERICAL_SURFACE ( 'NONE', #1330, 0.1499999999999999667 ) ;
#3295 = DIRECTION ( 'NONE',  ( 0.0000000000000000000, 0.0000000000000000000, 1.000000000000000000 ) ) ;
#3296 = ORIENTED_EDGE ( 'NONE', *, *, #1065, .T. ) ;
#3297 = CIRCLE ( 'NONE', #4283, 0.1499999999999999667 ) ;
#3298 = DIRECTION ( 'NONE',  ( -0.0000000000000000000, -1.000000000000000000, -0.0000000000000000000 ) ) ;
#3299 = STYLED_ITEM ( 'NONE', ( #2457 ), #4043 ) ;
#3300 = FACE_OUTER_BOUND ( 'NONE', #8949, .T. ) ;
#3301 = DIRECTION ( 'NONE',  ( 0.0000000000000000000, 0.0000000000000000000, -1.000000000000000000 ) ) ;
#3302 = DIRECTION ( 'NONE',  ( 0.0000000000000000000, 0.0000000000000000000, -1.000000000000000000 ) ) ;
#3303 = VERTEX_POINT ( 'NONE', #1309 ) ;
#3304 = ADVANCED_FACE ( 'NONE', ( #390 ), #1994, .F. ) ;
#3305 = CARTESIAN_POINT ( 'NONE',  ( 3.999999999999999112, 0.0000000000000000000, 2.400000000000000355 ) ) ;
#3306 = VERTEX_POINT ( 'NONE', #522 ) ;
#3307 = CIRCLE ( 'NONE', #8284, 0.1414213562373092536 ) ;
#3308 =( NAMED_UNIT ( * ) PLANE_ANGLE_UNIT ( ) SI_UNIT ( $, .RADIAN. ) );
#3309 = DIRECTION ( 'NONE',  ( 0.0000000000000000000, 0.0000000000000000000, 1.000000000000000000 ) ) ;
#3310 = CARTESIAN_POINT ( 'NONE',  ( 3.999999999999999112, 0.1499999999999999667, 1.599999999999999867 ) ) ;
#3311 = ORIENTED_EDGE ( 'NONE', *, *, #1660, .F. ) ;
#3312 = ORIENTED_EDGE ( 'NONE', *, *, #914, .T. ) ;
#3313 = ORIENTED_EDGE ( 'NONE', *, *, #4504, .T. ) ;
#3314 = CARTESIAN_POINT ( 'NONE',  ( 2.400000000000002132, 0.2000000000000005107, -3.200000000000000622 ) ) ;
#3315 = SURFACE_STYLE_FILL_AREA ( #1967 ) ;
#3316 = AXIS2_PLACEMENT_3D ( 'NONE', #128, #3181, #868 ) ;
#3317 = EDGE_CURVE ( 'NONE', #1311, #3907, #974, .T. ) ;
#3318 = ORIENTED_EDGE ( 'NONE', *, *, #8427, .T. ) ;
#3319 = DIRECTION ( 'NONE',  ( 0.0000000000000000000, 0.0000000000000000000, -1.000000000000000000 ) ) ;
#3320 = VERTEX_POINT ( 'NONE', #8887 ) ;
#3321 = CARTESIAN_POINT ( 'NONE',  ( 2.400000000000002132, 0.1499999999999999667, -4.000000000000000000 ) ) ;
#3322 = COLOUR_RGB ( '',0.7921568627450980005, 0.8196078431372548767, 0.9333333333333333481 ) ;
#3323 = EDGE_CURVE ( 'NONE', #9062, #6336, #5690, .T. ) ;
#3324 = CARTESIAN_POINT ( 'NONE',  ( 3.200000000000000622, 0.1499999999999999667, -3.200000000000000622 ) ) ;
#3325 = UNCERTAINTY_MEASURE_WITH_UNIT (LENGTH_MEASURE( 1.000000000000000082E-05 ), #2588, 'distance_accuracy_value', 'NONE');
#3326 =( GEOMETRIC_REPRESENTATION_CONTEXT ( 3 ) GLOBAL_UNCERTAINTY_ASSIGNED_CONTEXT ( ( #2134 ) ) GLOBAL_UNIT_ASSIGNED_CONTEXT ( ( #5974, #9761, #1438 ) ) REPRESENTATION_CONTEXT ( 'NONE', 'WORKASPACE' ) );
#3327 = FILL_AREA_STYLE ('',( #7829 ) ) ;
#3328 = ORIENTED_EDGE ( 'NONE', *, *, #8863, .T. ) ;
#3329 = CARTESIAN_POINT ( 'NONE',  ( 3.200000000000000622, 0.2000000000000005107, -1.599999999999999867 ) ) ;
#3330 = CIRCLE ( 'NONE', #8891, 0.1414213562373092536 ) ;
#3331 = AXIS2_PLACEMENT_3D ( 'NONE', #5307, #8532, #5510 ) ;
#3332 = CIRCLE ( 'NONE', #8014, 0.1414213562373092536 ) ;
#3333 = DIRECTION ( 'NONE',  ( 1.000000000000000000, -2.891205793294679411E-15, 0.0000000000000000000 ) ) ;
#3334 = CARTESIAN_POINT ( 'NONE',  ( -0.7999999999999994893, 0.2000000000000005107, -3.200000000000000622 ) ) ;
#3335 = STYLED_ITEM ( 'NONE', ( #9018 ), #1043 ) ;
#3336 = AXIS2_PLACEMENT_3D ( 'NONE', #3866, #6178, #9045 ) ;
#3337 = MANIFOLD_SOLID_BREP ( 'Sketch-Pattern1[31]', #2663 ) ;
#3338 = CARTESIAN_POINT ( 'NONE',  ( -2.200000000000000178, 0.2000000000000005107, -0.9999999999999991118 ) ) ;
#3339 = EDGE_LOOP ( 'NONE', ( #2041, #6123, #7555 ) ) ;
#3340 = CARTESIAN_POINT ( 'NONE',  ( 2.400000000000000355, 0.1499999999999999667, 1.599999999999999867 ) ) ;
#3341 = CIRCLE ( 'NONE', #2717, 0.1414213562373096977 ) ;
#3342 = FACE_OUTER_BOUND ( 'NONE', #7205, .T. ) ;
#3343 = DIRECTION ( 'NONE',  ( 0.0000000000000000000, 0.0000000000000000000, -1.000000000000000000 ) ) ;
#3344 = DIRECTION ( 'NONE',  ( 0.0000000000000000000, 0.0000000000000000000, -1.000000000000000000 ) ) ;
#3345 = DIRECTION ( 'NONE',  ( 1.000000000000000000, -2.891205793294679411E-15, 0.0000000000000000000 ) ) ;
#3346 = AXIS2_PLACEMENT_3D ( 'NONE', #913, #135, #877 ) ;
#3347 = ORIENTED_EDGE ( 'NONE', *, *, #5056, .T. ) ;
#3348 = COLOUR_RGB ( '',0.7921568627450980005, 0.8196078431372548767, 0.9333333333333333481 ) ;
#3349 = ADVANCED_FACE ( 'NONE', ( #3680 ), #484, .T. ) ;
#3350 = AXIS2_PLACEMENT_3D ( 'NONE', #5912, #1245, #9576 ) ;
#3351 = EDGE_LOOP ( 'NONE', ( #490, #9624 ) ) ;
#3352 = CIRCLE ( 'NONE', #9453, 0.1414213562373092536 ) ;
#3353 = EDGE_CURVE ( 'NONE', #63, #7911, #6775, .T. ) ;
#3354 =( NAMED_UNIT ( * ) PLANE_ANGLE_UNIT ( ) SI_UNIT ( $, .RADIAN. ) );
#3355 = CARTESIAN_POINT ( 'NONE',  ( 1.800000000000001155, 0.2000000000000005107, -4.999999999999999112 ) ) ;
#3356 = ADVANCED_FACE ( 'NONE', ( #6048 ), #3444, .T. ) ;
#3357 =( GEOMETRIC_REPRESENTATION_CONTEXT ( 3 ) GLOBAL_UNCERTAINTY_ASSIGNED_CONTEXT ( ( #6598 ) ) GLOBAL_UNIT_ASSIGNED_CONTEXT ( ( #3577, #5130, #1366 ) ) REPRESENTATION_CONTEXT ( 'NONE', 'WORKASPACE' ) );
#3358 = EDGE_LOOP ( 'NONE', ( #7084, #5239, #1418 ) ) ;
#3359 = SPHERICAL_SURFACE ( 'NONE', #2834, 0.1499999999999999667 ) ;
#3360 = DIRECTION ( 'NONE',  ( 0.0000000000000000000, 0.0000000000000000000, -1.000000000000000000 ) ) ;
#3361 = COLOUR_RGB ( '',0.7921568627450980005, 0.8196078431372548767, 0.9333333333333333481 ) ;
#3362 = ORIENTED_EDGE ( 'NONE', *, *, #4135, .F. ) ;
#3363 = CIRCLE ( 'NONE', #3646, 0.1499999999999999667 ) ;
#3364 = AXIS2_PLACEMENT_3D ( 'NONE', #4856, #5582, #7800 ) ;
#3365 = DIRECTION ( 'NONE',  ( -0.0000000000000000000, -1.000000000000000000, -0.0000000000000000000 ) ) ;
#3366 = AXIS2_PLACEMENT_3D ( 'NONE', #5935, #8170, #8909 ) ;
#3367 = STYLED_ITEM ( 'NONE', ( #3229 ), #7058 ) ;
#3368 = CARTESIAN_POINT ( 'NONE',  ( 2.400000000000001688, 0.0000000000000000000, 6.086346753639119761E-18 ) ) ;
#3369 = ORIENTED_EDGE ( 'NONE', *, *, #7703, .F. ) ;
#3370 = CIRCLE ( 'NONE', #7247, 0.1499999999999999667 ) ;
#3371 = SURFACE_STYLE_USAGE ( .BOTH. , #7843 ) ;
#3372 = SURFACE_STYLE_USAGE ( .BOTH. , #9455 ) ;
#3373 = CIRCLE ( 'NONE', #8631, 0.1414213562373092536 ) ;
#3374 = CARTESIAN_POINT ( 'NONE',  ( -3.199999999999999289, 0.2000000000000005107, -3.200000000000000622 ) ) ;
#3375 = EDGE_CURVE ( 'NONE', #48, #1394, #5464, .T. ) ;
#3376 = ORIENTED_EDGE ( 'NONE', *, *, #8506, .F. ) ;
#3377 = COLOUR_RGB ( '',0.7921568627450980005, 0.8196078431372548767, 0.9333333333333333481 ) ;
#3378 =( LENGTH_UNIT ( ) NAMED_UNIT ( * ) SI_UNIT ( .MILLI., .METRE. ) );
#3379 = AXIS2_PLACEMENT_3D ( 'NONE', #4184, #6445, #2590 ) ;
#3380 = CIRCLE ( 'NONE', #4374, 0.1499999999999999667 ) ;
#3381 = AXIS2_PLACEMENT_3D ( 'NONE', #3194, #8464, #8505 ) ;
#3382 = DIRECTION ( 'NONE',  ( 0.0000000000000000000, -1.000000000000000000, -0.0000000000000000000 ) ) ;
#3383 = CLOSED_SHELL ( 'NONE', ( #1092, #8489, #3803 ) ) ;
#3384 = SPHERICAL_SURFACE ( 'NONE', #2939, 0.1499999999999999667 ) ;
#3385 = DIRECTION ( 'NONE',  ( 0.0000000000000000000, 0.0000000000000000000, -1.000000000000000000 ) ) ;
#3386 = EDGE_CURVE ( 'NONE', #1621, #5511, #8521, .T. ) ;
#3387 = DIRECTION ( 'NONE',  ( 1.000000000000000000, -2.891205793294679411E-15, 0.0000000000000000000 ) ) ;
#3388 = CIRCLE ( 'NONE', #8786, 0.1414213562373092536 ) ;
#3389 = DIRECTION ( 'NONE',  ( 1.224646799147353207E-16, -3.540705920434613265E-31, -1.000000000000000000 ) ) ;
#3390 = EDGE_LOOP ( 'NONE', ( #2133, #2684, #2533 ) ) ;
#3391 = MANIFOLD_SOLID_BREP ( 'Sketch-Pattern1[2]', #2661 ) ;
#3392 = ORIENTED_EDGE ( 'NONE', *, *, #1804, .T. ) ;
#3393 = DIRECTION ( 'NONE',  ( 1.224646799147353207E-16, -3.540705920434613265E-31, -1.000000000000000000 ) ) ;
#3394 = STYLED_ITEM ( 'NONE', ( #7733 ), #9659 ) ;
#3395 = ADVANCED_FACE ( 'NONE', ( #6525 ), #7458, .T. ) ;
#3396 = FACE_OUTER_BOUND ( 'NONE', #1749, .T. ) ;
#3397 = ORIENTED_EDGE ( 'NONE', *, *, #2917, .F. ) ;
#3398 = CIRCLE ( 'NONE', #451, 0.1499999999999999667 ) ;
#3399 = CARTESIAN_POINT ( 'NONE',  ( -4.000000000000000000, 0.1499999999999999667, 4.000000000000000000 ) ) ;
#3400 = EDGE_LOOP ( 'NONE', ( #2764, #87, #6668 ) ) ;
#3401 = PLANE ( 'NONE',  #6359 ) ;
#3402 = AXIS2_PLACEMENT_3D ( 'NONE', #1387, #6759, #8185 ) ;
#3403 = CARTESIAN_POINT ( 'NONE',  ( 3.999999999999999112, 0.0000000000000000000, -2.400000000000000355 ) ) ;
#3404 = ORIENTED_EDGE ( 'NONE', *, *, #5653, .F. ) ;
#3405 = CARTESIAN_POINT ( 'NONE',  ( 0.6585786437626911516, 0.2000000000000005107, 4.000000000000000000 ) ) ;
#3406 = ADVANCED_FACE ( 'NONE', ( #3087 ), #2093, .F. ) ;
#3407 = ORIENTED_EDGE ( 'NONE', *, *, #8124, .F. ) ;
#3408 = AXIS2_PLACEMENT_3D ( 'NONE', #6296, #4736, #253 ) ;
#3409 = AXIS2_PLACEMENT_3D ( 'NONE', #2757, #6546, #3591 ) ;
#3410 = CLOSED_SHELL ( 'NONE', ( #7990, #8102, #4636 ) ) ;
#3411 = VERTEX_POINT ( 'NONE', #5183 ) ;
#3412 = FACE_OUTER_BOUND ( 'NONE', #7569, .T. ) ;
#3413 = DIRECTION ( 'NONE',  ( 0.0000000000000000000, 0.0000000000000000000, -1.000000000000000000 ) ) ;
#3414 = EDGE_CURVE ( 'NONE', #4084, #2585, #1544, .T. ) ;
#3415 = SURFACE_STYLE_FILL_AREA ( #7028 ) ;
#3416 = DIRECTION ( 'NONE',  ( 0.0000000000000000000, 0.0000000000000000000, -1.000000000000000000 ) ) ;
#3417 = AXIS2_PLACEMENT_3D ( 'NONE', #8165, #609, #1947 ) ;
#3418 = ORIENTED_EDGE ( 'NONE', *, *, #7291, .F. ) ;
#3419 = FACE_OUTER_BOUND ( 'NONE', #8065, .T. ) ;
#3420 =( NAMED_UNIT ( * ) SI_UNIT ( $, .STERADIAN. ) SOLID_ANGLE_UNIT ( ) );
#3421 = EDGE_LOOP ( 'NONE', ( #4808, #7333 ) ) ;
#3422 = PRESENTATION_LAYER_ASSIGNMENT (  '', '', ( #2898 ) ) ;
#3423 = AXIS2_PLACEMENT_3D ( 'NONE', #5241, #3813, #7463 ) ;
#3424 = CIRCLE ( 'NONE', #9599, 0.1499999999999999667 ) ;
#3425 = ORIENTED_EDGE ( 'NONE', *, *, #3123, .T. ) ;
#3426 = VERTEX_POINT ( 'NONE', #8252 ) ;
#3427 = DIRECTION ( 'NONE',  ( -0.0000000000000000000, -1.000000000000000000, -0.0000000000000000000 ) ) ;
#3428 = SURFACE_STYLE_USAGE ( .BOTH. , #8770 ) ;
#3429 = ORIENTED_EDGE ( 'NONE', *, *, #1041, .T. ) ;
#3430 = CARTESIAN_POINT ( 'NONE',  ( -1.599999999999999867, 0.2000000000000005107, 4.000000000000000000 ) ) ;
#3431 = CARTESIAN_POINT ( 'NONE',  ( 3.058578643762691396, 0.2000000000000005107, 4.000000000000000000 ) ) ;
#3432 =( GEOMETRIC_REPRESENTATION_CONTEXT ( 3 ) GLOBAL_UNCERTAINTY_ASSIGNED_CONTEXT ( ( #4517 ) ) GLOBAL_UNIT_ASSIGNED_CONTEXT ( ( #3378, #7316, #6389 ) ) REPRESENTATION_CONTEXT ( 'NONE', 'WORKASPACE' ) );
#3433 = ORIENTED_EDGE ( 'NONE', *, *, #5019, .T. ) ;
#3434 = PLANE ( 'NONE',  #1456 ) ;
#3435 = CIRCLE ( 'NONE', #3858, 0.1414213562373092536 ) ;
#3436 = ADVANCED_FACE ( 'NONE', ( #7709 ), #382, .T. ) ;
#3437 = EDGE_CURVE ( 'NONE', #8588, #1628, #6405, .T. ) ;
#3438 = FILL_AREA_STYLE_COLOUR ( '', #5833 ) ;
#3439 = UNCERTAINTY_MEASURE_WITH_UNIT (LENGTH_MEASURE( 1.000000000000000082E-05 ), #2463, 'distance_accuracy_value', 'NONE');
#3440 = DIRECTION ( 'NONE',  ( -0.0000000000000000000, -1.000000000000000000, -0.0000000000000000000 ) ) ;
#3441 = EDGE_CURVE ( 'NONE', #6460, #2569, #3900, .T. ) ;
#3442 = VERTEX_POINT ( 'NONE', #690 ) ;
#3443 = DIRECTION ( 'NONE',  ( 1.000000000000000000, -2.891205793294679411E-15, 0.0000000000000000000 ) ) ;
#3444 = SPHERICAL_SURFACE ( 'NONE', #3350, 0.1499999999999999667 ) ;
#3445 = DIRECTION ( 'NONE',  ( 0.0000000000000000000, 0.0000000000000000000, -1.000000000000000000 ) ) ;
#3446 = DIRECTION ( 'NONE',  ( 0.0000000000000000000, 0.0000000000000000000, -1.000000000000000000 ) ) ;
#3447 = ADVANCED_FACE ( 'NONE', ( #8977 ), #5986, .F. ) ;
#3448 = VERTEX_POINT ( 'NONE', #1354 ) ;
#3449 = CARTESIAN_POINT ( 'NONE',  ( 0.2000000000000005107, 0.2000000000000005107, -7.399999999999999467 ) ) ;
#3450 = SPHERICAL_SURFACE ( 'NONE', #7398, 0.1499999999999999667 ) ;
#3451 = SPHERICAL_SURFACE ( 'NONE', #2978, 0.1499999999999999667 ) ;
#3452 = AXIS2_PLACEMENT_3D ( 'NONE', #8242, #5175, #3717 ) ;
#3453 = EDGE_CURVE ( 'NONE', #8191, #8369, #5928, .T. ) ;
#3454 = DIRECTION ( 'NONE',  ( 0.0000000000000000000, 0.0000000000000000000, -1.000000000000000000 ) ) ;
#3455 = APPLICATION_CONTEXT ( 'automotive_design' ) ;
#3456 = PRESENTATION_LAYER_ASSIGNMENT (  '', '', ( #7508 ) ) ;
#3457 = DIRECTION ( 'NONE',  ( 1.000000000000000000, -2.891205793294679411E-15, 0.0000000000000000000 ) ) ;
#3458 = CARTESIAN_POINT ( 'NONE',  ( 0.2000000000000005107, 0.2000000000000005107, -4.199999999999999289 ) ) ;
#3459 = EDGE_LOOP ( 'NONE', ( #8001, #6157, #6196 ) ) ;
#3460 = FACE_OUTER_BOUND ( 'NONE', #5295, .T. ) ;
#3461 =( NAMED_UNIT ( * ) SI_UNIT ( $, .STERADIAN. ) SOLID_ANGLE_UNIT ( ) );
#3462 = CARTESIAN_POINT ( 'NONE',  ( 0.8000000000000003775, 0.1499999999999999667, 2.400000000000000355 ) ) ;
#3463 = EDGE_CURVE ( 'NONE', #5951, #4668, #9444, .T. ) ;
#3464 = PRESENTATION_LAYER_ASSIGNMENT (  '', '', ( #5816 ) ) ;
#3465 = EDGE_LOOP ( 'NONE', ( #74, #3001 ) ) ;
#3466 = DIRECTION ( 'NONE',  ( 0.0000000000000000000, 0.0000000000000000000, -1.000000000000000000 ) ) ;
#3467 = CARTESIAN_POINT ( 'NONE',  ( 3.200000000000000622, 0.1499999999999999667, -4.000000000000000000 ) ) ;
#3468 = ORIENTED_EDGE ( 'NONE', *, *, #5306, .F. ) ;
#3469 = SPHERICAL_SURFACE ( 'NONE', #630, 0.1499999999999999667 ) ;
#3470 = AXIS2_PLACEMENT_3D ( 'NONE', #847, #5440, #6152 ) ;
#3471 = CARTESIAN_POINT ( 'NONE',  ( 1.599999999999999867, 0.2000000000000005107, 3.200000000000000178 ) ) ;
#3472 = CIRCLE ( 'NONE', #2855, 0.1414213562373092536 ) ;
#3473 = ORIENTED_EDGE ( 'NONE', *, *, #2698, .T. ) ;
#3474 = DIRECTION ( 'NONE',  ( -0.0000000000000000000, -1.000000000000000000, -0.0000000000000000000 ) ) ;
#3475 = ADVANCED_FACE ( 'NONE', ( #7578 ), #1799, .T. ) ;
#3476 =( LENGTH_UNIT ( ) NAMED_UNIT ( * ) SI_UNIT ( .MILLI., .METRE. ) );
#3477 =( NAMED_UNIT ( * ) SI_UNIT ( $, .STERADIAN. ) SOLID_ANGLE_UNIT ( ) );
#3478 = COLOUR_RGB ( '',0.7921568627450980005, 0.8196078431372548767, 0.9333333333333333481 ) ;
#3479 = AXIS2_PLACEMENT_3D ( 'NONE', #6076, #8470, #921 ) ;
#3480 = EDGE_LOOP ( 'NONE', ( #4783, #6395 ) ) ;
#3481 = CARTESIAN_POINT ( 'NONE',  ( 1.599999999999999867, 0.1499999999999999667, 4.000000000000000000 ) ) ;
#3482 = SPHERICAL_SURFACE ( 'NONE', #9267, 0.1499999999999999667 ) ;
#3483 = PRESENTATION_LAYER_ASSIGNMENT (  '', '', ( #3367 ) ) ;
#3484 = AXIS2_PLACEMENT_3D ( 'NONE', #6024, #7573, #4562 ) ;
#3485 = CARTESIAN_POINT ( 'NONE',  ( -2.400000000000000355, 0.2000000000000005107, 4.000000000000000000 ) ) ;
#3486 = PLANE ( 'NONE',  #3271 ) ;
#3487 = UNCERTAINTY_MEASURE_WITH_UNIT (LENGTH_MEASURE( 1.000000000000000082E-05 ), #9232, 'distance_accuracy_value', 'NONE');
#3488 = CARTESIAN_POINT ( 'NONE',  ( -0.7999999999999994893, 0.1499999999999999667, 4.000000000000000000 ) ) ;
#3489 = EDGE_CURVE ( 'NONE', #9042, #933, #7025, .T. ) ;
#3490 = VERTEX_POINT ( 'NONE', #6656 ) ;
#3491 = DIRECTION ( 'NONE',  ( 1.000000000000000000, -2.891205793294679411E-15, 0.0000000000000000000 ) ) ;
#3492 = SURFACE_STYLE_FILL_AREA ( #9009 ) ;
#3493 = ADVANCED_FACE ( 'NONE', ( #2599 ), #4370, .T. ) ;
#3494 = ORIENTED_EDGE ( 'NONE', *, *, #8744, .T. ) ;
#3495 = FACE_OUTER_BOUND ( 'NONE', #2699, .T. ) ;
#3496 = EDGE_CURVE ( 'NONE', #8555, #7022, #9099, .T. ) ;
#3497 = SURFACE_SIDE_STYLE ('',( #5792 ) ) ;
#3498 = COLOUR_RGB ( '',0.7921568627450980005, 0.8196078431372548767, 0.9333333333333333481 ) ;
#3499 = CARTESIAN_POINT ( 'NONE',  ( -0.5999999999999998668, 0.2000000000000005107, -2.599999999999999201 ) ) ;
#3500 = AXIS2_PLACEMENT_3D ( 'NONE', #3797, #5829, #1457 ) ;
#3501 =( NAMED_UNIT ( * ) PLANE_ANGLE_UNIT ( ) SI_UNIT ( $, .RADIAN. ) );
#3502 = CLOSED_SHELL ( 'NONE', ( #255, #5201, #4375 ) ) ;
#3503 = MANIFOLD_SOLID_BREP ( 'Sketch-Pattern1[35]', #5034 ) ;
#3504 = FILL_AREA_STYLE_COLOUR ( '', #905 ) ;
#3505 = ORIENTED_EDGE ( 'NONE', *, *, #1462, .F. ) ;
#3506 =( LENGTH_UNIT ( ) NAMED_UNIT ( * ) SI_UNIT ( .MILLI., .METRE. ) );
#3507 = AXIS2_PLACEMENT_3D ( 'NONE', #6913, #2345, #7660 ) ;
#3508 = EDGE_CURVE ( 'NONE', #4668, #7305, #3330, .T. ) ;
#3509 = PLANE ( 'NONE',  #7473 ) ;
#3510 = AXIS2_PLACEMENT_3D ( 'NONE', #1883, #7253, #4183 ) ;
#3511 = ORIENTED_EDGE ( 'NONE', *, *, #8960, .T. ) ;
#3512 = SPHERICAL_SURFACE ( 'NONE', #6848, 0.1499999999999999667 ) ;
#3513 = FILL_AREA_STYLE ('',( #8035 ) ) ;
#3514 = ORIENTED_EDGE ( 'NONE', *, *, #4705, .F. ) ;
#3515 = CIRCLE ( 'NONE', #3316, 0.1414213562373092536 ) ;
#3516 = DIRECTION ( 'NONE',  ( 0.0000000000000000000, -1.000000000000000000, -0.0000000000000000000 ) ) ;
#3517 = ORIENTED_EDGE ( 'NONE', *, *, #3463, .F. ) ;
#3518 =( NAMED_UNIT ( * ) SI_UNIT ( $, .STERADIAN. ) SOLID_ANGLE_UNIT ( ) );
#3519 = SURFACE_SIDE_STYLE ('',( #7932 ) ) ;
#3520 = COLOUR_RGB ( '',0.7921568627450980005, 0.8196078431372548767, 0.9333333333333333481 ) ;
#3521 = ORIENTED_EDGE ( 'NONE', *, *, #288, .F. ) ;
#3522 = CARTESIAN_POINT ( 'NONE',  ( -2.399999999999999467, 0.1499999999999999667, -1.599999999999999867 ) ) ;
#3523 = AXIS2_PLACEMENT_3D ( 'NONE', #2443, #159, #4640 ) ;
#3524 =( NAMED_UNIT ( * ) SI_UNIT ( $, .STERADIAN. ) SOLID_ANGLE_UNIT ( ) );
#3525 = PLANE ( 'NONE',  #9366 ) ;
#3526 = ORIENTED_EDGE ( 'NONE', *, *, #6049, .T. ) ;
#3527 = DIRECTION ( 'NONE',  ( 1.000000000000000000, -2.891205793294679411E-15, 0.0000000000000000000 ) ) ;
#3528 = ORIENTED_EDGE ( 'NONE', *, *, #1866, .F. ) ;
#3529 = CARTESIAN_POINT ( 'NONE',  ( 8.673617379884035472E-16, 0.2000000000000005107, -1.599999999999999867 ) ) ;
#3530 = SPHERICAL_SURFACE ( 'NONE', #8105, 0.1499999999999999667 ) ;
#3532 = VERTEX_POINT ( 'NONE', #8350 ) ;
#3531 =( GEOMETRIC_REPRESENTATION_CONTEXT ( 3 ) GLOBAL_UNCERTAINTY_ASSIGNED_CONTEXT ( ( #3138 ) ) GLOBAL_UNIT_ASSIGNED_CONTEXT ( ( #9101, #5379, #9034 ) ) REPRESENTATION_CONTEXT ( 'NONE', 'WORKASPACE' ) );
#3533 = FACE_OUTER_BOUND ( 'NONE', #5665, .T. ) ;
#3534 = ADVANCED_FACE ( 'NONE', ( #3672 ), #8856, .T. ) ;
#3535 = EDGE_LOOP ( 'NONE', ( #6491, #9664, #3141 ) ) ;
#3536 =( NAMED_UNIT ( * ) PLANE_ANGLE_UNIT ( ) SI_UNIT ( $, .RADIAN. ) );
#3537 = VERTEX_POINT ( 'NONE', #9707 ) ;
#3538 = PLANE ( 'NONE',  #7120 ) ;
#3539 = EDGE_CURVE ( 'NONE', #8966, #7012, #7835, .T. ) ;
#3540 = ORIENTED_EDGE ( 'NONE', *, *, #4435, .T. ) ;
#3541 = CIRCLE ( 'NONE', #1572, 0.1499999999999999667 ) ;
#3542 = MECHANICAL_DESIGN_GEOMETRIC_PRESENTATION_REPRESENTATION (  '', ( #2827 ), #3357 ) ;
#3543 = DIRECTION ( 'NONE',  ( 1.000000000000000000, -2.891205793294679411E-15, 0.0000000000000000000 ) ) ;
#3544 = SURFACE_STYLE_USAGE ( .BOTH. , #8066 ) ;
#3545 = VERTEX_POINT ( 'NONE', #2389 ) ;
#3546 = CARTESIAN_POINT ( 'NONE',  ( 0.0000000000000000000, 0.2000000000000005107, 1.599999999999999867 ) ) ;
#3547 = VERTEX_POINT ( 'NONE', #9137 ) ;
#3548 = ADVANCED_FACE ( 'NONE', ( #7245 ), #5807, .T. ) ;
#3549 = ORIENTED_EDGE ( 'NONE', *, *, #4258, .F. ) ;
#3550 = SURFACE_STYLE_FILL_AREA ( #2414 ) ;
#3551 = DIRECTION ( 'NONE',  ( -0.0000000000000000000, -1.000000000000000000, -0.0000000000000000000 ) ) ;
#3552 = ORIENTED_EDGE ( 'NONE', *, *, #4763, .F. ) ;
#3553 = FACE_OUTER_BOUND ( 'NONE', #3846, .T. ) ;
#3554 = AXIS2_PLACEMENT_3D ( 'NONE', #51, #7641, #2325 ) ;
#3555 = DIRECTION ( 'NONE',  ( 0.0000000000000000000, -1.000000000000000000, -0.0000000000000000000 ) ) ;
#3556 = DIRECTION ( 'NONE',  ( 1.000000000000000000, 0.0000000000000000000, 0.0000000000000000000 ) ) ;
#3557 = CARTESIAN_POINT ( 'NONE',  ( 2.399999999999999911, 0.0000000000000000000, 4.000000000000000000 ) ) ;
#3558 = UNCERTAINTY_MEASURE_WITH_UNIT (LENGTH_MEASURE( 1.000000000000000082E-05 ), #8745, 'distance_accuracy_value', 'NONE');
#3559 = AXIS2_PLACEMENT_3D ( 'NONE', #7475, #3570, #5220 ) ;
#3560 = AXIS2_PLACEMENT_3D ( 'NONE', #8029, #1288, #3567 ) ;
#3561 = VERTEX_POINT ( 'NONE', #3787 ) ;
#3562 = FILL_AREA_STYLE ('',( #315 ) ) ;
#3563 =( GEOMETRIC_REPRESENTATION_CONTEXT ( 3 ) GLOBAL_UNCERTAINTY_ASSIGNED_CONTEXT ( ( #4087 ) ) GLOBAL_UNIT_ASSIGNED_CONTEXT ( ( #1580, #2361, #5353 ) ) REPRESENTATION_CONTEXT ( 'NONE', 'WORKASPACE' ) );
#3564 = EDGE_CURVE ( 'NONE', #3638, #8148, #8162, .T. ) ;
#3565 = CARTESIAN_POINT ( 'NONE',  ( -0.7999999999999994893, 0.2000000000000005107, 0.7999999999999999334 ) ) ;
#3566 = ADVANCED_FACE ( 'NONE', ( #8643 ), #2830, .T. ) ;
#3567 = DIRECTION ( 'NONE',  ( 0.0000000000000000000, 0.0000000000000000000, -1.000000000000000000 ) ) ;
#3568 = EDGE_CURVE ( 'NONE', #7613, #3190, #6182, .T. ) ;
#3569 = AXIS2_PLACEMENT_3D ( 'NONE', #1201, #6432, #4878 ) ;
#3570 = DIRECTION ( 'NONE',  ( -0.0000000000000000000, -1.000000000000000000, -0.0000000000000000000 ) ) ;
#3571 = VERTEX_POINT ( 'NONE', #6859 ) ;
#3572 = DIRECTION ( 'NONE',  ( 1.000000000000000000, 0.0000000000000000000, 0.0000000000000000000 ) ) ;
#3573 = SPHERICAL_SURFACE ( 'NONE', #4333, 0.1499999999999999667 ) ;
#3574 = SPHERICAL_SURFACE ( 'NONE', #7539, 0.1499999999999999667 ) ;
#3575 = CARTESIAN_POINT ( 'NONE',  ( 1.599999999999999867, 0.1499999999999999667, 4.000000000000000000 ) ) ;
#3576 = PRESENTATION_STYLE_ASSIGNMENT (( #7526 ) ) ;
#3577 =( LENGTH_UNIT ( ) NAMED_UNIT ( * ) SI_UNIT ( .MILLI., .METRE. ) );
#3578 = AXIS2_PLACEMENT_3D ( 'NONE', #2710, #3474, #2672 ) ;
#3579 = DIRECTION ( 'NONE',  ( 0.0000000000000000000, 0.0000000000000000000, -1.000000000000000000 ) ) ;
#3580 = ORIENTED_EDGE ( 'NONE', *, *, #8664, .F. ) ;
#3581 = PRESENTATION_LAYER_ASSIGNMENT (  '', '', ( #6981 ) ) ;
#3582 = CARTESIAN_POINT ( 'NONE',  ( 3.341421356237309848, 0.2000000000000005107, 4.000000000000000000 ) ) ;
#3583 =( NAMED_UNIT ( * ) PLANE_ANGLE_UNIT ( ) SI_UNIT ( $, .RADIAN. ) );
#3584 = ORIENTED_EDGE ( 'NONE', *, *, #5200, .F. ) ;
#3585 =( GEOMETRIC_REPRESENTATION_CONTEXT ( 3 ) GLOBAL_UNCERTAINTY_ASSIGNED_CONTEXT ( ( #1747 ) ) GLOBAL_UNIT_ASSIGNED_CONTEXT ( ( #3247, #8587, #6230 ) ) REPRESENTATION_CONTEXT ( 'NONE', 'WORKASPACE' ) );
#3586 = DIRECTION ( 'NONE',  ( -0.0000000000000000000, -1.000000000000000000, -0.0000000000000000000 ) ) ;
#3587 = AXIS2_PLACEMENT_3D ( 'NONE', #6388, #1191, #9647 ) ;
#3588 = CARTESIAN_POINT ( 'NONE',  ( 0.6585786437626911516, 0.2000000000000005107, 0.7999999999999999334 ) ) ;
#3589 = FACE_OUTER_BOUND ( 'NONE', #362, .T. ) ;
#3590 = CLOSED_SHELL ( 'NONE', ( #5058, #8793, #7783 ) ) ;
#3591 = DIRECTION ( 'NONE',  ( 0.0000000000000000000, 0.0000000000000000000, -1.000000000000000000 ) ) ;
#3592 = CIRCLE ( 'NONE', #9384, 0.1499999999999999667 ) ;
#3593 = ADVANCED_FACE ( 'NONE', ( #7359 ), #4871, .T. ) ;
#3594 =( NAMED_UNIT ( * ) PLANE_ANGLE_UNIT ( ) SI_UNIT ( $, .RADIAN. ) );
#3595 = EDGE_CURVE ( 'NONE', #4298, #285, #1900, .T. ) ;
#3596 = SURFACE_STYLE_USAGE ( .BOTH. , #8120 ) ;
#3597 = AXIS2_PLACEMENT_3D ( 'NONE', #3929, #6944, #9221 ) ;
#3598 = CARTESIAN_POINT ( 'NONE',  ( 2.400000000000001688, 0.0000000000000000000, -1.599999999999999867 ) ) ;
#3599 = FACE_OUTER_BOUND ( 'NONE', #7509, .T. ) ;
#3600 = CARTESIAN_POINT ( 'NONE',  ( -2.258578643762690241, 0.2000000000000005107, -1.599999999999999867 ) ) ;
#3601 = SURFACE_STYLE_USAGE ( .BOTH. , #8813 ) ;
#3602 = ORIENTED_EDGE ( 'NONE', *, *, #1467, .F. ) ;
#3603 = DIRECTION ( 'NONE',  ( 1.000000000000000000, 0.0000000000000000000, 0.0000000000000000000 ) ) ;
#3604 = FACE_OUTER_BOUND ( 'NONE', #2195, .T. ) ;
#3605 = AXIS2_PLACEMENT_3D ( 'NONE', #9354, #7832, #6283 ) ;
#3606 = SURFACE_STYLE_USAGE ( .BOTH. , #6634 ) ;
#3607 = CIRCLE ( 'NONE', #2750, 0.1414213562373092536 ) ;
#3608 = CIRCLE ( 'NONE', #7260, 0.1414213562373092536 ) ;
#3609 = ORIENTED_EDGE ( 'NONE', *, *, #914, .F. ) ;
#3610 = CARTESIAN_POINT ( 'NONE',  ( -2.399999999999999467, 0.1499999999999999667, 6.086346753639119761E-18 ) ) ;
#3611 = CARTESIAN_POINT ( 'NONE',  ( 2.400000000000000355, 0.1499999999999999667, 1.599999999999999867 ) ) ;
#3612 = CARTESIAN_POINT ( 'NONE',  ( 1.600000000000000755, 0.1499999999999999667, -4.000000000000000000 ) ) ;
#3613 = UNCERTAINTY_MEASURE_WITH_UNIT (LENGTH_MEASURE( 1.000000000000000082E-05 ), #453, 'distance_accuracy_value', 'NONE');
#3614 = DIRECTION ( 'NONE',  ( 1.000000000000000000, 0.0000000000000000000, 0.0000000000000000000 ) ) ;
#3615 = AXIS2_PLACEMENT_3D ( 'NONE', #5112, #8859, #9644 ) ;
#3616 = EDGE_LOOP ( 'NONE', ( #4775, #8671, #6718 ) ) ;
#3617 = FACE_OUTER_BOUND ( 'NONE', #5529, .T. ) ;
#3618 =( GEOMETRIC_REPRESENTATION_CONTEXT ( 3 ) GLOBAL_UNCERTAINTY_ASSIGNED_CONTEXT ( ( #9359 ) ) GLOBAL_UNIT_ASSIGNED_CONTEXT ( ( #5189, #663, #5961 ) ) REPRESENTATION_CONTEXT ( 'NONE', 'WORKASPACE' ) );
#3619 = DIRECTION ( 'NONE',  ( 0.0000000000000000000, -1.000000000000000000, -0.0000000000000000000 ) ) ;
#3620 = VERTEX_POINT ( 'NONE', #4591 ) ;
#3621 = SURFACE_STYLE_FILL_AREA ( #978 ) ;
#3622 = DIRECTION ( 'NONE',  ( -0.0000000000000000000, -1.000000000000000000, -0.0000000000000000000 ) ) ;
#3623 =( NAMED_UNIT ( * ) PLANE_ANGLE_UNIT ( ) SI_UNIT ( $, .RADIAN. ) );
#3624 = EDGE_CURVE ( 'NONE', #5951, #7305, #4145, .T. ) ;
#3625 = DIRECTION ( 'NONE',  ( 0.0000000000000000000, 0.0000000000000000000, -1.000000000000000000 ) ) ;
#3626 = ORIENTED_EDGE ( 'NONE', *, *, #3248, .T. ) ;
#3627 = VERTEX_POINT ( 'NONE', #6126 ) ;
#3628 = MANIFOLD_SOLID_BREP ( 'Sketch-Pattern1[45]', #4933 ) ;
#3629 = FACE_OUTER_BOUND ( 'NONE', #59, .T. ) ;
#3630 = EDGE_CURVE ( 'NONE', #539, #6988, #26, .T. ) ;
#3631 = SPHERICAL_SURFACE ( 'NONE', #935, 0.1499999999999999667 ) ;
#3632 = CARTESIAN_POINT ( 'NONE',  ( 3.200000000000000622, 0.1499999999999999667, 2.400000000000000355 ) ) ;
#3633 = DIRECTION ( 'NONE',  ( -1.000000000000000000, 0.0000000000000000000, -0.0000000000000000000 ) ) ;
#3634 = DIRECTION ( 'NONE',  ( 0.0000000000000000000, 0.0000000000000000000, 1.000000000000000000 ) ) ;
#3635 = AXIS2_PLACEMENT_3D ( 'NONE', #6085, #6168, #6927 ) ;
#3636 = DIRECTION ( 'NONE',  ( -0.0000000000000000000, -1.000000000000000000, -0.0000000000000000000 ) ) ;
#3637 = DIRECTION ( 'NONE',  ( 0.0000000000000000000, 0.0000000000000000000, -1.000000000000000000 ) ) ;
#3638 = VERTEX_POINT ( 'NONE', #824 ) ;
#3639 = FACE_OUTER_BOUND ( 'NONE', #8780, .T. ) ;
#3640 = DIRECTION ( 'NONE',  ( 0.0000000000000000000, 0.0000000000000000000, -1.000000000000000000 ) ) ;
#3641 =( NAMED_UNIT ( * ) SI_UNIT ( $, .STERADIAN. ) SOLID_ANGLE_UNIT ( ) );
#3642 = EDGE_LOOP ( 'NONE', ( #9516, #1626 ) ) ;
#3643 = DIRECTION ( 'NONE',  ( 1.224646799147353207E-16, -3.540705920434613265E-31, -1.000000000000000000 ) ) ;
#3644 = STYLED_ITEM ( 'NONE', ( #8939 ), #4727 ) ;
#3645 = VERTEX_POINT ( 'NONE', #9238 ) ;
#3646 = AXIS2_PLACEMENT_3D ( 'NONE', #5979, #2990, #7491 ) ;
#3647 = ORIENTED_EDGE ( 'NONE', *, *, #9328, .F. ) ;
#3648 = COLOUR_RGB ( '',0.7921568627450980005, 0.8196078431372548767, 0.9333333333333333481 ) ;
#3649 = EDGE_CURVE ( 'NONE', #6710, #4368, #5089, .T. ) ;
#3650 = ADVANCED_FACE ( 'NONE', ( #1097 ), #8038, .T. ) ;
#3651 = EDGE_LOOP ( 'NONE', ( #8621, #8564 ) ) ;
#3652 = AXIS2_PLACEMENT_3D ( 'NONE', #8854, #6533, #3579 ) ;
#3653 = ORIENTED_EDGE ( 'NONE', *, *, #5206, .F. ) ;
#3654 = CLOSED_SHELL ( 'NONE', ( #4928, #4993, #2835 ) ) ;
#3655 = SPHERICAL_SURFACE ( 'NONE', #4819, 0.1499999999999999667 ) ;
#3656 = STYLED_ITEM ( 'NONE', ( #9460 ), #1923 ) ;
#3657 = FILL_AREA_STYLE ('',( #643 ) ) ;
#3658 = CARTESIAN_POINT ( 'NONE',  ( -4.999999999999999112, 1.699999999999999956, -4.999999999999999112 ) ) ;
#3659 = EDGE_LOOP ( 'NONE', ( #1165, #7218 ) ) ;
#3660 = ORIENTED_EDGE ( 'NONE', *, *, #1702, .T. ) ;
#3661 = CIRCLE ( 'NONE', #9528, 0.1414213562373092536 ) ;
#3662 =( GEOMETRIC_REPRESENTATION_CONTEXT ( 3 ) GLOBAL_UNCERTAINTY_ASSIGNED_CONTEXT ( ( #6534 ) ) GLOBAL_UNIT_ASSIGNED_CONTEXT ( ( #2494, #964, #1755 ) ) REPRESENTATION_CONTEXT ( 'NONE', 'WORKASPACE' ) );
#3663 = ORIENTED_EDGE ( 'NONE', *, *, #4032, .T. ) ;
#3664 = DIRECTION ( 'NONE',  ( 0.0000000000000000000, 0.0000000000000000000, -1.000000000000000000 ) ) ;
#3665 = CARTESIAN_POINT ( 'NONE',  ( -4.000000000000000000, 0.2000000000000005107, 1.599999999999999867 ) ) ;
#3666 =( NAMED_UNIT ( * ) PLANE_ANGLE_UNIT ( ) SI_UNIT ( $, .RADIAN. ) );
#3667 = CARTESIAN_POINT ( 'NONE',  ( 1.599999999999999423, 0.0000000000000000000, 1.599999999999999867 ) ) ;
#3668 = CARTESIAN_POINT ( 'NONE',  ( 2.400000000000002132, 0.1499999999999999667, 6.086346753639119761E-18 ) ) ;
#3669 = ORIENTED_EDGE ( 'NONE', *, *, #1275, .T. ) ;
#3670 = FACE_OUTER_BOUND ( 'NONE', #2102, .T. ) ;
#3671 = PLANE ( 'NONE',  #6476 ) ;
#3672 = FACE_OUTER_BOUND ( 'NONE', #1334, .T. ) ;
#3673 = CARTESIAN_POINT ( 'NONE',  ( 0.8000000000000003775, 0.1499999999999999667, 0.7999999999999999334 ) ) ;
#3674 = PRESENTATION_LAYER_ASSIGNMENT (  '', '', ( #5008 ) ) ;
#3675 = AXIS2_PLACEMENT_3D ( 'NONE', #7423, #2247, #7456 ) ;
#3676 = DIRECTION ( 'NONE',  ( -0.0000000000000000000, -1.000000000000000000, -0.0000000000000000000 ) ) ;
#3677 = VERTEX_POINT ( 'NONE', #1791 ) ;
#3678 = DIRECTION ( 'NONE',  ( -1.000000000000000000, 0.0000000000000000000, -1.224646799147353207E-16 ) ) ;
#3679 = CIRCLE ( 'NONE', #7015, 0.1499999999999999667 ) ;
#3680 = FACE_OUTER_BOUND ( 'NONE', #2049, .T. ) ;
#3681 = PRESENTATION_STYLE_ASSIGNMENT (( #7034 ) ) ;
#3682 = EDGE_CURVE ( 'NONE', #6132, #38, #6881, .T. ) ;
#3683 = MANIFOLD_SOLID_BREP ( 'Sketch-Pattern1[77]', #5817 ) ;
#3684 = CARTESIAN_POINT ( 'NONE',  ( 0.8000000000000012657, 0.1499999999999999667, -2.400000000000000355 ) ) ;
#3685 = EDGE_CURVE ( 'NONE', #3157, #1293, #7350, .T. ) ;
#3686 = DIRECTION ( 'NONE',  ( -0.0000000000000000000, -1.000000000000000000, -0.0000000000000000000 ) ) ;
#3687 = VERTEX_POINT ( 'NONE', #172 ) ;
#3688 = DIRECTION ( 'NONE',  ( 0.0000000000000000000, 0.0000000000000000000, -1.000000000000000000 ) ) ;
#3689 = FACE_OUTER_BOUND ( 'NONE', #5167, .T. ) ;
#3690 = SPHERICAL_SURFACE ( 'NONE', #6729, 0.1499999999999999667 ) ;
#3691 = DIRECTION ( 'NONE',  ( -1.000000000000000000, 0.0000000000000000000, 0.0000000000000000000 ) ) ;
#3692 = AXIS2_PLACEMENT_3D ( 'NONE', #6241, #2509, #262 ) ;
#3693 = ADVANCED_FACE ( 'NONE', ( #3776 ), #1998, .T. ) ;
#3694 = SURFACE_SIDE_STYLE ('',( #6314 ) ) ;
#3695 = FACE_OUTER_BOUND ( 'NONE', #4700, .T. ) ;
#3696 = PRESENTATION_LAYER_ASSIGNMENT (  '', '', ( #2662 ) ) ;
#3697 = AXIS2_PLACEMENT_3D ( 'NONE', #6810, #2951, #9053 ) ;
#3698 = EDGE_CURVE ( 'NONE', #1395, #6839, #4489, .T. ) ;
#3699 = CARTESIAN_POINT ( 'NONE',  ( 1.599999999999999867, 0.2000000000000005107, 2.400000000000000355 ) ) ;
#3700 = ORIENTED_EDGE ( 'NONE', *, *, #3323, .F. ) ;
#3701 = MECHANICAL_DESIGN_GEOMETRIC_PRESENTATION_REPRESENTATION (  '', ( #2151 ), #7149 ) ;
#3702 = CARTESIAN_POINT ( 'NONE',  ( 3.200000000000000622, 0.1499999999999999667, 2.400000000000000355 ) ) ;
#3703 = CARTESIAN_POINT ( 'NONE',  ( 8.673617379884035472E-16, 0.1499999999999999667, -4.000000000000000000 ) ) ;
#3704 = DIRECTION ( 'NONE',  ( 0.0000000000000000000, 0.0000000000000000000, -1.000000000000000000 ) ) ;
#3705 = ORIENTED_EDGE ( 'NONE', *, *, #2726, .F. ) ;
#3706 = FILL_AREA_STYLE_COLOUR ( '', #7796 ) ;
#3707 = ORIENTED_EDGE ( 'NONE', *, *, #42, .T. ) ;
#3708 =( NAMED_UNIT ( * ) SI_UNIT ( $, .STERADIAN. ) SOLID_ANGLE_UNIT ( ) );
#3709 =( GEOMETRIC_REPRESENTATION_CONTEXT ( 3 ) GLOBAL_UNCERTAINTY_ASSIGNED_CONTEXT ( ( #9119 ) ) GLOBAL_UNIT_ASSIGNED_CONTEXT ( ( #2034, #2800, #8093 ) ) REPRESENTATION_CONTEXT ( 'NONE', 'WORKASPACE' ) );
#3710 = ADVANCED_FACE ( 'NONE', ( #4359 ), #1789, .T. ) ;
#3711 = ORIENTED_EDGE ( 'NONE', *, *, #721, .T. ) ;
#3712 = FILL_AREA_STYLE ('',( #3742 ) ) ;
#3713 = CARTESIAN_POINT ( 'NONE',  ( -3.199999999999999734, 0.0000000000000000000, -3.200000000000000622 ) ) ;
#3714 = SPHERICAL_SURFACE ( 'NONE', #4803, 0.1499999999999999667 ) ;
#3715 = CARTESIAN_POINT ( 'NONE',  ( -3.200000000000000178, 0.1499999999999999667, 4.000000000000000000 ) ) ;
#3716 = DIRECTION ( 'NONE',  ( 1.000000000000000000, -2.891205793294679411E-15, 0.0000000000000000000 ) ) ;
#3717 = DIRECTION ( 'NONE',  ( 0.0000000000000000000, 0.0000000000000000000, -1.000000000000000000 ) ) ;
#3718 = CIRCLE ( 'NONE', #8430, 0.1499999999999999667 ) ;
#3719 = DIRECTION ( 'NONE',  ( 0.0000000000000000000, 0.0000000000000000000, -1.000000000000000000 ) ) ;
#3720 = EDGE_CURVE ( 'NONE', #5313, #207, #478, .T. ) ;
#3721 = CLOSED_SHELL ( 'NONE', ( #4396, #8073, #664 ) ) ;
#3722 = FACE_OUTER_BOUND ( 'NONE', #8354, .T. ) ;
#3723 = PRESENTATION_LAYER_ASSIGNMENT (  '', '', ( #5441 ) ) ;
#3724 = DIRECTION ( 'NONE',  ( 0.0000000000000000000, 0.0000000000000000000, -1.000000000000000000 ) ) ;
#3725 = DIRECTION ( 'NONE',  ( 0.0000000000000000000, 0.0000000000000000000, -1.000000000000000000 ) ) ;
#3726 = CARTESIAN_POINT ( 'NONE',  ( 1.741421356237309093, 0.2000000000000005107, 3.200000000000000178 ) ) ;
#3727 = DIRECTION ( 'NONE',  ( 1.000000000000000000, -2.891205793294679411E-15, 0.0000000000000000000 ) ) ;
#3728 = ORIENTED_EDGE ( 'NONE', *, *, #683, .F. ) ;
#3729 = CLOSED_SHELL ( 'NONE', ( #8837, #8366, #5328 ) ) ;
#3730 = AXIS2_PLACEMENT_3D ( 'NONE', #2423, #3209, #4730 ) ;
#3731 =( NAMED_UNIT ( * ) SI_UNIT ( $, .STERADIAN. ) SOLID_ANGLE_UNIT ( ) );
#3732 = COLOUR_RGB ( '',0.7921568627450980005, 0.8196078431372548767, 0.9333333333333333481 ) ;
#3733 = UNCERTAINTY_MEASURE_WITH_UNIT (LENGTH_MEASURE( 1.000000000000000082E-05 ), #5769, 'distance_accuracy_value', 'NONE');
#3734 = ADVANCED_FACE ( 'NONE', ( #2347 ), #9548, .T. ) ;
#3735 = EDGE_CURVE ( 'NONE', #2989, #7189, #4616, .T. ) ;
#3736 = EDGE_LOOP ( 'NONE', ( #7403, #119, #1521 ) ) ;
#3737 =( NAMED_UNIT ( * ) PLANE_ANGLE_UNIT ( ) SI_UNIT ( $, .RADIAN. ) );
#3738 = ORIENTED_EDGE ( 'NONE', *, *, #8744, .F. ) ;
#3739 = FILL_AREA_STYLE ('',( #6774 ) ) ;
#3740 = FACE_OUTER_BOUND ( 'NONE', #3005, .T. ) ;
#3741 = PRESENTATION_LAYER_ASSIGNMENT (  '', '', ( #2016 ) ) ;
#3742 = FILL_AREA_STYLE_COLOUR ( '', #8842 ) ;
#3743 = ORIENTED_EDGE ( 'NONE', *, *, #2532, .T. ) ;
#3744 = MECHANICAL_DESIGN_GEOMETRIC_PRESENTATION_REPRESENTATION (  '', ( #218 ), #3255 ) ;
#3745 = PRESENTATION_LAYER_ASSIGNMENT (  '', '', ( #7985 ) ) ;
#3746 = CARTESIAN_POINT ( 'NONE',  ( -0.7999999999999994893, 0.1499999999999999667, -0.8000000000000003775 ) ) ;
#3747 = ORIENTED_EDGE ( 'NONE', *, *, #6004, .F. ) ;
#3748 = MANIFOLD_SOLID_BREP ( 'Sketch-Pattern1[86]', #911 ) ;
#3749 = PRESENTATION_STYLE_ASSIGNMENT (( #2937 ) ) ;
#3750 =( NAMED_UNIT ( * ) SI_UNIT ( $, .STERADIAN. ) SOLID_ANGLE_UNIT ( ) );
#3751 = EDGE_LOOP ( 'NONE', ( #4132, #1126, #8425 ) ) ;
#3752 = DIRECTION ( 'NONE',  ( 0.0000000000000000000, 0.0000000000000000000, -1.000000000000000000 ) ) ;
#3753 = EDGE_CURVE ( 'NONE', #2477, #6720, #6639, .T. ) ;
#3754 = PLANE ( 'NONE',  #8287 ) ;
#3755 = EDGE_CURVE ( 'NONE', #3014, #2569, #8153, .T. ) ;
#3756 = VERTEX_POINT ( 'NONE', #8202 ) ;
#3757 = DIRECTION ( 'NONE',  ( 0.0000000000000000000, 0.0000000000000000000, -1.000000000000000000 ) ) ;
#3758 = FILL_AREA_STYLE_COLOUR ( '', #4821 ) ;
#3759 = CARTESIAN_POINT ( 'NONE',  ( -3.858578643762690774, 0.2000000000000005107, 0.7999999999999999334 ) ) ;
#3760 = ADVANCED_FACE ( 'NONE', ( #5571 ), #6769, .T. ) ;
#3761 = DIRECTION ( 'NONE',  ( 0.0000000000000000000, 0.0000000000000000000, -1.000000000000000000 ) ) ;
#3762 = CIRCLE ( 'NONE', #7474, 0.1499999999999999667 ) ;
#3763 = SURFACE_SIDE_STYLE ('',( #1369 ) ) ;
#3764 = CIRCLE ( 'NONE', #5959, 0.1499999999999999667 ) ;
#3765 = CARTESIAN_POINT ( 'NONE',  ( 1.600000000000000755, 0.2000000000000005107, 6.086346753639119761E-18 ) ) ;
#3766 = ORIENTED_EDGE ( 'NONE', *, *, #2472, .T. ) ;
#3767 = AXIS2_PLACEMENT_3D ( 'NONE', #290, #2542, #3319 ) ;
#3768 = VERTEX_POINT ( 'NONE', #8239 ) ;
#3769 = CARTESIAN_POINT ( 'NONE',  ( 2.400000000000000355, 0.1499999999999999667, 0.7999999999999999334 ) ) ;
#3770 = DIRECTION ( 'NONE',  ( -0.0000000000000000000, -1.000000000000000000, -0.0000000000000000000 ) ) ;
#3771 = DIRECTION ( 'NONE',  ( 1.000000000000000000, 0.0000000000000000000, 0.0000000000000000000 ) ) ;
#3772 = AXIS2_PLACEMENT_3D ( 'NONE', #9421, #8743, #5737 ) ;
#3773 = EDGE_LOOP ( 'NONE', ( #5101, #3012, #6179 ) ) ;
#3774 = PLANE ( 'NONE',  #3697 ) ;
#3775 = VERTEX_POINT ( 'NONE', #747 ) ;
#3776 = FACE_OUTER_BOUND ( 'NONE', #858, .T. ) ;
#3777 =( GEOMETRIC_REPRESENTATION_CONTEXT ( 3 ) GLOBAL_UNCERTAINTY_ASSIGNED_CONTEXT ( ( #7110 ) ) GLOBAL_UNIT_ASSIGNED_CONTEXT ( ( #9690, #415, #4973 ) ) REPRESENTATION_CONTEXT ( 'NONE', 'WORKASPACE' ) );
#3778 = CARTESIAN_POINT ( 'NONE',  ( 1.599999999999999867, 0.2000000000000005107, 4.000000000000000000 ) ) ;
#3779 = CARTESIAN_POINT ( 'NONE',  ( 3.858578643762693439, 0.2000000000000005107, -4.000000000000000000 ) ) ;
#3780 = ADVANCED_FACE ( 'NONE', ( #2104 ), #6777, .F. ) ;
#3781 = DIRECTION ( 'NONE',  ( 0.0000000000000000000, -1.000000000000000000, -0.0000000000000000000 ) ) ;
#3782 = EDGE_LOOP ( 'NONE', ( #1134, #8004 ) ) ;
#3783 = CIRCLE ( 'NONE', #6421, 0.1499999999999999667 ) ;
#3784 = DIRECTION ( 'NONE',  ( -0.0000000000000000000, -1.000000000000000000, -0.0000000000000000000 ) ) ;
#3785 = FACE_OUTER_BOUND ( 'NONE', #3390, .T. ) ;
#3786 = UNCERTAINTY_MEASURE_WITH_UNIT (LENGTH_MEASURE( 1.000000000000000082E-05 ), #1425, 'distance_accuracy_value', 'NONE');
#3787 = CARTESIAN_POINT ( 'NONE',  ( 0.9414213562373104915, 0.2000000000000005107, -2.400000000000000355 ) ) ;
#3788 = DIRECTION ( 'NONE',  ( -1.000000000000000000, 0.0000000000000000000, -1.224646799147353207E-16 ) ) ;
#3789 =( NAMED_UNIT ( * ) PLANE_ANGLE_UNIT ( ) SI_UNIT ( $, .RADIAN. ) );
#3790 = DIRECTION ( 'NONE',  ( -1.000000000000000000, 0.0000000000000000000, 0.0000000000000000000 ) ) ;
#3791 = DIRECTION ( 'NONE',  ( 0.0000000000000000000, 0.0000000000000000000, -1.000000000000000000 ) ) ;
#3792 = ORIENTED_EDGE ( 'NONE', *, *, #7258, .T. ) ;
#3793 = SURFACE_STYLE_FILL_AREA ( #5956 ) ;
#3794 = CIRCLE ( 'NONE', #2838, 0.1499999999999999667 ) ;
#3795 = MANIFOLD_SOLID_BREP ( 'Sketch-Pattern1[19]', #7662 ) ;
#3796 = DIRECTION ( 'NONE',  ( 1.000000000000000000, -2.891205793294679411E-15, 0.0000000000000000000 ) ) ;
#3797 = CARTESIAN_POINT ( 'NONE',  ( 0.8000000000000012657, 0.1499999999999999667, -3.200000000000000622 ) ) ;
#3798 = CARTESIAN_POINT ( 'NONE',  ( -3.199999999999999734, 0.1499999999999999667, 3.200000000000000178 ) ) ;
#3799 = FACE_OUTER_BOUND ( 'NONE', #3339, .T. ) ;
#3800 = ORIENTED_EDGE ( 'NONE', *, *, #7813, .T. ) ;
#3801 = CIRCLE ( 'NONE', #9754, 0.1499999999999999667 ) ;
#3802 = EDGE_CURVE ( 'NONE', #7687, #7345, #1987, .T. ) ;
#3803 = ADVANCED_FACE ( 'NONE', ( #266 ), #13, .T. ) ;
#3804 = DIRECTION ( 'NONE',  ( 0.0000000000000000000, 0.0000000000000000000, -1.000000000000000000 ) ) ;
#3805 = DIRECTION ( 'NONE',  ( 1.000000000000000000, -2.891205793294679411E-15, 0.0000000000000000000 ) ) ;
#3806 = EDGE_CURVE ( 'NONE', #9128, #636, #6506, .T. ) ;
#3807 = CARTESIAN_POINT ( 'NONE',  ( 3.200000000000000622, 0.2000000000000005107, -3.200000000000000622 ) ) ;
#3808 = DIRECTION ( 'NONE',  ( 1.000000000000000000, -2.891205793294679411E-15, 0.0000000000000000000 ) ) ;
#3809 = ORIENTED_EDGE ( 'NONE', *, *, #3267, .F. ) ;
#3810 = FILL_AREA_STYLE_COLOUR ( '', #9269 ) ;
#3811 = COLOUR_RGB ( '',0.7921568627450980005, 0.8196078431372548767, 0.9333333333333333481 ) ;
#3812 = AXIS2_PLACEMENT_3D ( 'NONE', #6574, #7278, #2719 ) ;
#3813 = DIRECTION ( 'NONE',  ( 0.0000000000000000000, -1.000000000000000000, -0.0000000000000000000 ) ) ;
#3814 = ORIENTED_EDGE ( 'NONE', *, *, #1589, .F. ) ;
#3815 = PRESENTATION_LAYER_ASSIGNMENT (  '', '', ( #3876 ) ) ;
#3816 = AXIS2_PLACEMENT_3D ( 'NONE', #3092, #6038, #2208 ) ;
#3817 = DIRECTION ( 'NONE',  ( 0.0000000000000000000, 0.0000000000000000000, -1.000000000000000000 ) ) ;
#3818 = DIRECTION ( 'NONE',  ( 1.000000000000000000, -2.891205793294679411E-15, 0.0000000000000000000 ) ) ;
#3819 = AXIS2_PLACEMENT_3D ( 'NONE', #2350, #7667, #8509 ) ;
#3820 = DIRECTION ( 'NONE',  ( 0.0000000000000000000, 0.0000000000000000000, 1.000000000000000000 ) ) ;
#3821 = CARTESIAN_POINT ( 'NONE',  ( 3.999999999999999112, 0.1499999999999999667, -1.599999999999999867 ) ) ;
#3822 = DIRECTION ( 'NONE',  ( -0.0000000000000000000, -1.000000000000000000, -0.0000000000000000000 ) ) ;
#3823 = ORIENTED_EDGE ( 'NONE', *, *, #2758, .F. ) ;
#3824 = SURFACE_STYLE_USAGE ( .BOTH. , #6057 ) ;
#3825 = EDGE_CURVE ( 'NONE', #4275, #5324, #4970, .T. ) ;
#3826 = CARTESIAN_POINT ( 'NONE',  ( 0.8000000000000003775, 0.1499999999999999667, 2.400000000000000355 ) ) ;
#3827 = CARTESIAN_POINT ( 'NONE',  ( 3.400000000000000355, 0.2000000000000005107, -2.599999999999999201 ) ) ;
#3828 = CARTESIAN_POINT ( 'NONE',  ( 2.400000000000002132, 0.1499999999999999667, -1.599999999999999867 ) ) ;
#3829 = CARTESIAN_POINT ( 'NONE',  ( 2.400000000000002132, 0.1499999999999999667, -3.200000000000000622 ) ) ;
#3830 = ORIENTED_EDGE ( 'NONE', *, *, #3069, .F. ) ;
#3831 = FACE_OUTER_BOUND ( 'NONE', #351, .T. ) ;
#3832 = ADVANCED_FACE ( 'NONE', ( #7014 ), #6753, .T. ) ;
#3833 = EDGE_LOOP ( 'NONE', ( #1401, #276 ) ) ;
#3834 = SPHERICAL_SURFACE ( 'NONE', #9561, 0.1499999999999999667 ) ;
#3835 = DIRECTION ( 'NONE',  ( -1.000000000000000000, 0.0000000000000000000, 0.0000000000000000000 ) ) ;
#3836 = DIRECTION ( 'NONE',  ( 1.000000000000000000, 0.0000000000000000000, 0.0000000000000000000 ) ) ;
#3837 = AXIS2_PLACEMENT_3D ( 'NONE', #2604, #1831, #409 ) ;
#3838 = DIRECTION ( 'NONE',  ( 0.0000000000000000000, 0.0000000000000000000, -1.000000000000000000 ) ) ;
#3839 = ORIENTED_EDGE ( 'NONE', *, *, #7885, .F. ) ;
#3840 = DIRECTION ( 'NONE',  ( 0.0000000000000000000, 0.0000000000000000000, -1.000000000000000000 ) ) ;
#3841 = ORIENTED_EDGE ( 'NONE', *, *, #3539, .T. ) ;
#3842 =( GEOMETRIC_REPRESENTATION_CONTEXT ( 3 ) GLOBAL_UNCERTAINTY_ASSIGNED_CONTEXT ( ( #3439 ) ) GLOBAL_UNIT_ASSIGNED_CONTEXT ( ( #2463, #5646, #3477 ) ) REPRESENTATION_CONTEXT ( 'NONE', 'WORKASPACE' ) );
#3843 = CARTESIAN_POINT ( 'NONE',  ( 4.999999999999999112, 0.2000000000000005107, -7.399999999999999467 ) ) ;
#3844 = DIRECTION ( 'NONE',  ( 1.224646799147353207E-16, -3.540705920434613265E-31, -1.000000000000000000 ) ) ;
#3845 = EDGE_CURVE ( 'NONE', #2421, #5324, #4243, .T. ) ;
#3846 = EDGE_LOOP ( 'NONE', ( #8135, #8908, #8981 ) ) ;
#3847 = SURFACE_STYLE_FILL_AREA ( #2936 ) ;
#3848 = AXIS2_PLACEMENT_3D ( 'NONE', #124, #5325, #8383 ) ;
#3849 = ORIENTED_EDGE ( 'NONE', *, *, #3649, .F. ) ;
#3850 = DIRECTION ( 'NONE',  ( 1.000000000000000000, -2.891205793294679411E-15, 0.0000000000000000000 ) ) ;
#3851 = ADVANCED_FACE ( 'NONE', ( #5076 ), #820, .T. ) ;
#3852 = EDGE_LOOP ( 'NONE', ( #8576, #7108, #8714 ) ) ;
#3853 = DIRECTION ( 'NONE',  ( -1.000000000000000000, 0.0000000000000000000, -1.224646799147353207E-16 ) ) ;
#3854 = UNCERTAINTY_MEASURE_WITH_UNIT (LENGTH_MEASURE( 1.000000000000000082E-05 ), #5570, 'distance_accuracy_value', 'NONE');
#3855 = AXIS2_PLACEMENT_3D ( 'NONE', #1103, #4108, #1025 ) ;
#3856 = CARTESIAN_POINT ( 'NONE',  ( 4.999999999999999112, 0.2000000000000005107, -4.199999999999999289 ) ) ;
#3857 = CARTESIAN_POINT ( 'NONE',  ( 3.200000000000000178, 0.0000000000000000000, -0.8000000000000003775 ) ) ;
#3858 = AXIS2_PLACEMENT_3D ( 'NONE', #8078, #4277, #557 ) ;
#3859 = EDGE_LOOP ( 'NONE', ( #6615, #1200, #775 ) ) ;
#3860 = DIRECTION ( 'NONE',  ( 0.0000000000000000000, -1.000000000000000000, -0.0000000000000000000 ) ) ;
#3861 = FACE_OUTER_BOUND ( 'NONE', #5074, .T. ) ;
#3862 = AXIS2_PLACEMENT_3D ( 'NONE', #15, #7671, #3884 ) ;
#3863 = EDGE_CURVE ( 'NONE', #2399, #8667, #3068, .T. ) ;
#3864 = ORIENTED_EDGE ( 'NONE', *, *, #2276, .T. ) ;
#3865 = DIRECTION ( 'NONE',  ( 1.224646799147353207E-16, -3.540705920434613265E-31, -1.000000000000000000 ) ) ;
#3866 = CARTESIAN_POINT ( 'NONE',  ( -1.599999999999999867, 0.1499999999999999667, 6.086346753639119761E-18 ) ) ;
#3867 = ORIENTED_EDGE ( 'NONE', *, *, #461, .F. ) ;
#3868 = PRESENTATION_STYLE_ASSIGNMENT (( #3544 ) ) ;
#3869 = MECHANICAL_DESIGN_GEOMETRIC_PRESENTATION_REPRESENTATION (  '', ( #2016 ), #5398 ) ;
#3870 = VERTEX_POINT ( 'NONE', #883 ) ;
#3871 = ORIENTED_EDGE ( 'NONE', *, *, #8664, .T. ) ;
#3872 = SURFACE_STYLE_USAGE ( .BOTH. , #9193 ) ;
#3873 = AXIS2_PLACEMENT_3D ( 'NONE', #7494, #9321, #3443 ) ;
#3874 = SURFACE_SIDE_STYLE ('',( #4114 ) ) ;
#3875 = CIRCLE ( 'NONE', #2802, 0.1499999999999999667 ) ;
#3876 = STYLED_ITEM ( 'NONE', ( #1637 ), #7571 ) ;
#3877 = CARTESIAN_POINT ( 'NONE',  ( -0.7999999999999994893, 0.2000000000000005107, 4.000000000000000000 ) ) ;
#3878 = VERTEX_POINT ( 'NONE', #1022 ) ;
#3879 = EDGE_CURVE ( 'NONE', #7940, #2864, #2944, .T. ) ;
#3880 = CLOSED_SHELL ( 'NONE', ( #6608, #4233, #6377 ) ) ;
#3881 = ADVANCED_FACE ( 'NONE', ( #7337 ), #1184, .T. ) ;
#3882 = CARTESIAN_POINT ( 'NONE',  ( 3.858578643762689886, 0.2000000000000005107, -1.123277437107072623E-17 ) ) ;
#3883 = VERTEX_POINT ( 'NONE', #9291 ) ;
#3884 = DIRECTION ( 'NONE',  ( 0.0000000000000000000, 0.0000000000000000000, -1.000000000000000000 ) ) ;
#3885 = FILL_AREA_STYLE_COLOUR ( '', #5205 ) ;
#3886 = AXIS2_PLACEMENT_3D ( 'NONE', #1546, #6052, #2288 ) ;
#3887 = FILL_AREA_STYLE_COLOUR ( '', #6832 ) ;
#3888 = DIRECTION ( 'NONE',  ( 1.224646799147353207E-16, -3.540705920434613265E-31, -1.000000000000000000 ) ) ;
#3889 = ORIENTED_EDGE ( 'NONE', *, *, #6279, .T. ) ;
#3890 = DIRECTION ( 'NONE',  ( 0.0000000000000000000, 0.0000000000000000000, 1.000000000000000000 ) ) ;
#3891 = CARTESIAN_POINT ( 'NONE',  ( -3.199999999999999734, 0.1499999999999999667, 1.599999999999999867 ) ) ;
#3892 = ORIENTED_EDGE ( 'NONE', *, *, #9264, .F. ) ;
#3893 = ADVANCED_FACE ( 'NONE', ( #1088 ), #8963, .T. ) ;
#3894 = AXIS2_PLACEMENT_3D ( 'NONE', #4362, #1365, #8195 ) ;
#3895 = AXIS2_PLACEMENT_3D ( 'NONE', #9587, #5092, #1253 ) ;
#3896 = DIRECTION ( 'NONE',  ( 1.000000000000000000, 0.0000000000000000000, 0.0000000000000000000 ) ) ;
#3897 = CIRCLE ( 'NONE', #6989, 0.1499999999999999667 ) ;
#3898 = ORIENTED_EDGE ( 'NONE', *, *, #5143, .T. ) ;
#3899 = SURFACE_SIDE_STYLE ('',( #3926 ) ) ;
#3900 = CIRCLE ( 'NONE', #4343, 0.1414213562373092536 ) ;
#3901 = CARTESIAN_POINT ( 'NONE',  ( -1.599999999999999867, 0.1499999999999999667, 0.7999999999999999334 ) ) ;
#3902 = MECHANICAL_DESIGN_GEOMETRIC_PRESENTATION_REPRESENTATION (  '', ( #67 ), #5939 ) ;
#3903 = ADVANCED_FACE ( 'NONE', ( #2220 ), #4855, .F. ) ;
#3904 = DIRECTION ( 'NONE',  ( 0.0000000000000000000, 0.0000000000000000000, -1.000000000000000000 ) ) ;
#3905 = DIRECTION ( 'NONE',  ( 0.0000000000000000000, 0.0000000000000000000, -1.000000000000000000 ) ) ;
#3906 = MECHANICAL_DESIGN_GEOMETRIC_PRESENTATION_REPRESENTATION (  '', ( #8964 ), #4545 ) ;
#3907 = VERTEX_POINT ( 'NONE', #1839 ) ;
#3908 = DIRECTION ( 'NONE',  ( -0.0000000000000000000, -1.000000000000000000, -0.0000000000000000000 ) ) ;
#3909 = CIRCLE ( 'NONE', #5595, 0.1499999999999999667 ) ;
#3910 = SURFACE_STYLE_USAGE ( .BOTH. , #8340 ) ;
#3911 = DIRECTION ( 'NONE',  ( 0.0000000000000000000, 0.0000000000000000000, -1.000000000000000000 ) ) ;
#3912 = UNCERTAINTY_MEASURE_WITH_UNIT (LENGTH_MEASURE( 1.000000000000000082E-05 ), #2356, 'distance_accuracy_value', 'NONE');
#3913 = STYLED_ITEM ( 'NONE', ( #132 ), #4228 ) ;
#3914 = SURFACE_SIDE_STYLE ('',( #4463 ) ) ;
#3915 = EDGE_LOOP ( 'NONE', ( #1488, #3609 ) ) ;
#3916 = SURFACE_STYLE_USAGE ( .BOTH. , #893 ) ;
#3917 = SPHERICAL_SURFACE ( 'NONE', #809, 0.1499999999999999667 ) ;
#3918 = SURFACE_STYLE_USAGE ( .BOTH. , #3985 ) ;
#3919 = PLANE ( 'NONE',  #8042 ) ;
#3920 = DIRECTION ( 'NONE',  ( 1.000000000000000000, 0.0000000000000000000, 0.0000000000000000000 ) ) ;
#3921 = CARTESIAN_POINT ( 'NONE',  ( 5.000000000000002665, 0.2000000000000005107, -8.199999999999999289 ) ) ;
#3922 = CIRCLE ( 'NONE', #7625, 0.1414213562373092536 ) ;
#3923 = DIRECTION ( 'NONE',  ( 0.0000000000000000000, 0.0000000000000000000, -1.000000000000000000 ) ) ;
#3924 = MANIFOLD_SOLID_BREP ( 'Sketch-Pattern1[104]', #7001 ) ;
#3925 = ORIENTED_EDGE ( 'NONE', *, *, #6959, .F. ) ;
#3926 = SURFACE_STYLE_FILL_AREA ( #8527 ) ;
#3927 = ADVANCED_FACE ( 'NONE', ( #1290 ), #703, .T. ) ;
#3928 = CARTESIAN_POINT ( 'NONE',  ( 2.600000000000000533, 0.2000000000000005107, -9.000000000000000000 ) ) ;
#3929 = CARTESIAN_POINT ( 'NONE',  ( -3.199999999999999289, 0.1499999999999999667, -3.200000000000000622 ) ) ;
#3930 = AXIS2_PLACEMENT_3D ( 'NONE', #7502, #2299, #7604 ) ;
#3931 = CIRCLE ( 'NONE', #7988, 0.1414213562373096977 ) ;
#3932 = CARTESIAN_POINT ( 'NONE',  ( -2.541421356237309137, 0.2000000000000005107, 1.599999999999999867 ) ) ;
#3933 = EDGE_CURVE ( 'NONE', #3687, #9184, #3661, .T. ) ;
#3934 = ORIENTED_EDGE ( 'NONE', *, *, #9546, .F. ) ;
#3935 = CARTESIAN_POINT ( 'NONE',  ( 3.200000000000000622, 0.1499999999999999667, 2.400000000000000355 ) ) ;
#3936 = FACE_OUTER_BOUND ( 'NONE', #5855, .T. ) ;
#3937 = ADVANCED_FACE ( 'NONE', ( #256 ), #9434, .T. ) ;
#3938 = EDGE_CURVE ( 'NONE', #9184, #3687, #4477, .T. ) ;
#3939 = CLOSED_SHELL ( 'NONE', ( #9369, #6784, #831 ) ) ;
#3940 = CIRCLE ( 'NONE', #7124, 0.1414213562373092536 ) ;
#3941 = CARTESIAN_POINT ( 'NONE',  ( -3.341421356237309404, 0.2000000000000005107, 4.000000000000000000 ) ) ;
#3942 = CARTESIAN_POINT ( 'NONE',  ( -4.141421356237310114, 0.2000000000000005107, 0.7999999999999999334 ) ) ;
#3943 = AXIS2_PLACEMENT_3D ( 'NONE', #4987, #7308, #1343 ) ;
#3944 = FILL_AREA_STYLE ('',( #6118 ) ) ;
#3945 = ORIENTED_EDGE ( 'NONE', *, *, #2029, .T. ) ;
#3946 = FACE_OUTER_BOUND ( 'NONE', #3026, .T. ) ;
#3947 = PLANE ( 'NONE',  #5899 ) ;
#3948 =( LENGTH_UNIT ( ) NAMED_UNIT ( * ) SI_UNIT ( .MILLI., .METRE. ) );
#3949 =( NAMED_UNIT ( * ) SI_UNIT ( $, .STERADIAN. ) SOLID_ANGLE_UNIT ( ) );
#3950 = AXIS2_PLACEMENT_3D ( 'NONE', #3165, #3844, #77 ) ;
#3951 = ADVANCED_FACE ( 'NONE', ( #5672 ), #1782, .T. ) ;
#3952 = SURFACE_STYLE_USAGE ( .BOTH. , #934 ) ;
#3953 = PRESENTATION_STYLE_ASSIGNMENT (( #4202 ) ) ;
#3954 = EDGE_CURVE ( 'NONE', #1257, #5036, #7237, .T. ) ;
#3955 = DIRECTION ( 'NONE',  ( 1.000000000000000000, -2.891205793294679411E-15, 0.0000000000000000000 ) ) ;
#3956 = DIRECTION ( 'NONE',  ( 1.000000000000000000, -2.891205793294679411E-15, 0.0000000000000000000 ) ) ;
#3957 = VERTEX_POINT ( 'NONE', #3598 ) ;
#3958 = COLOUR_RGB ( '',0.7921568627450980005, 0.8196078431372548767, 0.9333333333333333481 ) ;
#3959 = AXIS2_PLACEMENT_3D ( 'NONE', #3430, #4921, #4214 ) ;
#3960 =( LENGTH_UNIT ( ) NAMED_UNIT ( * ) SI_UNIT ( .MILLI., .METRE. ) );
#3961 = ORIENTED_EDGE ( 'NONE', *, *, #854, .F. ) ;
#3962 = COLOUR_RGB ( '',0.7921568627450980005, 0.8196078431372548767, 0.9333333333333333481 ) ;
#3963 = FILL_AREA_STYLE_COLOUR ( '', #2557 ) ;
#3964 = ORIENTED_EDGE ( 'NONE', *, *, #9114, .F. ) ;
#3965 = DIRECTION ( 'NONE',  ( 1.000000000000000000, -2.891205793294679411E-15, 0.0000000000000000000 ) ) ;
#3966 =( GEOMETRIC_REPRESENTATION_CONTEXT ( 3 ) GLOBAL_UNCERTAINTY_ASSIGNED_CONTEXT ( ( #5323 ) ) GLOBAL_UNIT_ASSIGNED_CONTEXT ( ( #6771, #3737, #1585 ) ) REPRESENTATION_CONTEXT ( 'NONE', 'WORKASPACE' ) );
#3967 = DIRECTION ( 'NONE',  ( -0.0000000000000000000, -1.000000000000000000, -0.0000000000000000000 ) ) ;
#3968 = CARTESIAN_POINT ( 'NONE',  ( 0.8000000000000003775, 0.1499999999999999667, 1.599999999999999867 ) ) ;
#3969 = VERTEX_POINT ( 'NONE', #6550 ) ;
#3970 = DIRECTION ( 'NONE',  ( 0.0000000000000000000, 0.0000000000000000000, -1.000000000000000000 ) ) ;
#3971 = VERTEX_POINT ( 'NONE', #1316 ) ;
#3972 = CIRCLE ( 'NONE', #3111, 0.1414213562373092536 ) ;
#3973 = PRESENTATION_LAYER_ASSIGNMENT (  '', '', ( #2767 ) ) ;
#3974 =( NAMED_UNIT ( * ) PLANE_ANGLE_UNIT ( ) SI_UNIT ( $, .RADIAN. ) );
#3975 = FACE_OUTER_BOUND ( 'NONE', #890, .T. ) ;
#3976 = PLANE ( 'NONE',  #2405 ) ;
#3977 = ADVANCED_FACE ( 'NONE', ( #5439 ), #2467, .T. ) ;
#3978 = ORIENTED_EDGE ( 'NONE', *, *, #9328, .T. ) ;
#3979 = CIRCLE ( 'NONE', #9350, 0.1499999999999999667 ) ;
#3980 = MANIFOLD_SOLID_BREP ( 'Sketch-Pattern1[3]', #1678 ) ;
#3981 = DIRECTION ( 'NONE',  ( 1.224646799147353207E-16, -3.540705920434613265E-31, -1.000000000000000000 ) ) ;
#3982 = ORIENTED_EDGE ( 'NONE', *, *, #1965, .T. ) ;
#3983 = SURFACE_STYLE_FILL_AREA ( #7606 ) ;
#3984 = ORIENTED_EDGE ( 'NONE', *, *, #8303, .F. ) ;
#3985 = SURFACE_SIDE_STYLE ('',( #2479 ) ) ;
#3986 = CARTESIAN_POINT ( 'NONE',  ( 1.458578643762690641, 0.2000000000000005107, 1.599999999999999867 ) ) ;
#3987 = DIRECTION ( 'NONE',  ( -0.0000000000000000000, -1.000000000000000000, -0.0000000000000000000 ) ) ;
#3988 = EDGE_LOOP ( 'NONE', ( #2981, #9199, #9466 ) ) ;
#3989 =( LENGTH_UNIT ( ) NAMED_UNIT ( * ) SI_UNIT ( .MILLI., .METRE. ) );
#3990 = STYLED_ITEM ( 'NONE', ( #2011 ), #7175 ) ;
#3991 = PRESENTATION_LAYER_ASSIGNMENT (  '', '', ( #6362 ) ) ;
#3992 = FACE_OUTER_BOUND ( 'NONE', #7538, .T. ) ;
#3993 = ORIENTED_EDGE ( 'NONE', *, *, #5242, .F. ) ;
#3994 = EDGE_CURVE ( 'NONE', #5473, #585, #3541, .T. ) ;
#3995 = EDGE_LOOP ( 'NONE', ( #6570, #5827, #1149 ) ) ;
#3996 = DIRECTION ( 'NONE',  ( 1.000000000000000000, 0.0000000000000000000, 0.0000000000000000000 ) ) ;
#3997 = CARTESIAN_POINT ( 'NONE',  ( 0.2000000000000005107, 0.2000000000000005107, -0.9999999999999991118 ) ) ;
#3998 = FACE_OUTER_BOUND ( 'NONE', #2770, .T. ) ;
#3999 = CARTESIAN_POINT ( 'NONE',  ( 3.341421356237309848, 0.2000000000000005107, 1.599999999999999867 ) ) ;
#4000 = EDGE_CURVE ( 'NONE', #6511, #1892, #7450, .T. ) ;
#4001 = FILL_AREA_STYLE ('',( #325 ) ) ;
#4002 = VERTEX_POINT ( 'NONE', #4382 ) ;
#4003 = AXIS2_PLACEMENT_3D ( 'NONE', #5470, #875, #4639 ) ;
#4004 = DIRECTION ( 'NONE',  ( 0.0000000000000000000, 0.0000000000000000000, 1.000000000000000000 ) ) ;
#4005 = VERTEX_POINT ( 'NONE', #1220 ) ;
#4006 = FILL_AREA_STYLE_COLOUR ( '', #1433 ) ;
#4007 = FILL_AREA_STYLE ('',( #2518 ) ) ;
#4008 = EDGE_CURVE ( 'NONE', #4840, #534, #1526, .T. ) ;
#4009 = EDGE_LOOP ( 'NONE', ( #4019, #5172, #876 ) ) ;
#4010 = DIRECTION ( 'NONE',  ( 1.000000000000000000, 0.0000000000000000000, 0.0000000000000000000 ) ) ;
#4011 = DIRECTION ( 'NONE',  ( 1.000000000000000000, -2.891205793294679411E-15, 0.0000000000000000000 ) ) ;
#4012 = FACE_OUTER_BOUND ( 'NONE', #3852, .T. ) ;
#4013 = ORIENTED_EDGE ( 'NONE', *, *, #8462, .F. ) ;
#4014 = DIRECTION ( 'NONE',  ( 0.0000000000000000000, 0.0000000000000000000, -1.000000000000000000 ) ) ;
#4015 = SURFACE_SIDE_STYLE ('',( #603 ) ) ;
#4016 = PLANE ( 'NONE',  #6644 ) ;
#4017 = DIRECTION ( 'NONE',  ( 0.0000000000000000000, 0.0000000000000000000, -1.000000000000000000 ) ) ;
#4018 = CARTESIAN_POINT ( 'NONE',  ( -0.1414213562373083932, 0.2000000000000005107, -4.000000000000000000 ) ) ;
#4019 = ORIENTED_EDGE ( 'NONE', *, *, #2176, .F. ) ;
#4020 = CIRCLE ( 'NONE', #9643, 0.1414213562373092536 ) ;
#4021 = STYLED_ITEM ( 'NONE', ( #8296 ), #1764 ) ;
#4022 = PRESENTATION_STYLE_ASSIGNMENT (( #6113 ) ) ;
#4023 = ADVANCED_FACE ( 'NONE', ( #7119 ), #8625, .T. ) ;
#4024 = CARTESIAN_POINT ( 'NONE',  ( 3.200000000000000622, 0.1499999999999999667, -0.8000000000000003775 ) ) ;
#4025 =( NAMED_UNIT ( * ) SI_UNIT ( $, .STERADIAN. ) SOLID_ANGLE_UNIT ( ) );
#4026 = ORIENTED_EDGE ( 'NONE', *, *, #6548, .F. ) ;
#4027 = STYLED_ITEM ( 'NONE', ( #7827 ), #3683 ) ;
#4028 = CIRCLE ( 'NONE', #9276, 0.1499999999999999667 ) ;
#4029 = CARTESIAN_POINT ( 'NONE',  ( -2.399999999999999467, 0.2000000000000005107, -3.200000000000000622 ) ) ;
#4030 = FACE_OUTER_BOUND ( 'NONE', #8374, .T. ) ;
#4031 = UNCERTAINTY_MEASURE_WITH_UNIT (LENGTH_MEASURE( 1.000000000000000082E-05 ), #7254, 'distance_accuracy_value', 'NONE');
#4032 = EDGE_CURVE ( 'NONE', #2943, #8251, #7547, .T. ) ;
#4033 = CARTESIAN_POINT ( 'NONE',  ( -3.999999999999999112, 0.2000000000000005107, -2.400000000000000355 ) ) ;
#4034 = AXIS2_PLACEMENT_3D ( 'NONE', #1223, #7378, #9551 ) ;
#4035 = DIRECTION ( 'NONE',  ( -0.0000000000000000000, -1.000000000000000000, -0.0000000000000000000 ) ) ;
#4036 = FACE_OUTER_BOUND ( 'NONE', #1484, .T. ) ;
#4037 = CARTESIAN_POINT ( 'NONE',  ( 3.200000000000000622, 0.2000000000000005107, -0.8000000000000003775 ) ) ;
#4038 = ORIENTED_EDGE ( 'NONE', *, *, #4513, .F. ) ;
#4039 = DIRECTION ( 'NONE',  ( 0.0000000000000000000, 0.0000000000000000000, 1.000000000000000000 ) ) ;
#4040 = CIRCLE ( 'NONE', #4535, 0.1414213562373092536 ) ;
#4041 = COLOUR_RGB ( '',0.7921568627450980005, 0.8196078431372548767, 0.9333333333333333481 ) ;
#4042 = MECHANICAL_DESIGN_GEOMETRIC_PRESENTATION_REPRESENTATION (  '', ( #3241 ), #8794 ) ;
#4043 = MANIFOLD_SOLID_BREP ( 'Sketch-Pattern1[18]', #8277 ) ;
#4044 = STYLED_ITEM ( 'NONE', ( #279 ), #6868 ) ;
#4045 = CARTESIAN_POINT ( 'NONE',  ( 4.200000000000000178, 0.2000000000000005107, -2.599999999999999201 ) ) ;
#4046 = CIRCLE ( 'NONE', #7888, 0.1499999999999999667 ) ;
#4047 = DIRECTION ( 'NONE',  ( 0.0000000000000000000, 0.0000000000000000000, -1.000000000000000000 ) ) ;
#4048 = ORIENTED_EDGE ( 'NONE', *, *, #6183, .T. ) ;
#4049 = EDGE_CURVE ( 'NONE', #9417, #5265, #7922, .T. ) ;
#4050 = EDGE_LOOP ( 'NONE', ( #4013, #5715 ) ) ;
#4051 = SPHERICAL_SURFACE ( 'NONE', #2326, 0.1499999999999999667 ) ;
#4052 =( GEOMETRIC_REPRESENTATION_CONTEXT ( 3 ) GLOBAL_UNCERTAINTY_ASSIGNED_CONTEXT ( ( #2817 ) ) GLOBAL_UNIT_ASSIGNED_CONTEXT ( ( #9036, #3789, #1612 ) ) REPRESENTATION_CONTEXT ( 'NONE', 'WORKASPACE' ) );
#4053 = ORIENTED_EDGE ( 'NONE', *, *, #8688, .T. ) ;
#4054 = CARTESIAN_POINT ( 'NONE',  ( 3.999999999999999112, 0.2000000000000005107, 0.7999999999999999334 ) ) ;
#4055 = PRESENTATION_STYLE_ASSIGNMENT (( #1598 ) ) ;
#4056 = DIRECTION ( 'NONE',  ( -1.000000000000000000, 0.0000000000000000000, 0.0000000000000000000 ) ) ;
#4057 = AXIS2_PLACEMENT_3D ( 'NONE', #5497, #1724, #153 ) ;
#4058 = EDGE_LOOP ( 'NONE', ( #5687, #4740, #1500 ) ) ;
#4059 = EDGE_CURVE ( 'NONE', #4105, #7687, #458, .T. ) ;
#4060 = DIRECTION ( 'NONE',  ( 0.0000000000000000000, 0.0000000000000000000, -1.000000000000000000 ) ) ;
#4061 = DIRECTION ( 'NONE',  ( 0.0000000000000000000, 0.0000000000000000000, -1.000000000000000000 ) ) ;
#4062 = VERTEX_POINT ( 'NONE', #5215 ) ;
#4063 = EDGE_CURVE ( 'NONE', #7540, #2586, #1178, .T. ) ;
#4064 = DIRECTION ( 'NONE',  ( 0.0000000000000000000, 0.0000000000000000000, -1.000000000000000000 ) ) ;
#4065 = DIRECTION ( 'NONE',  ( 0.0000000000000000000, 0.0000000000000000000, -1.000000000000000000 ) ) ;
#4066 = CIRCLE ( 'NONE', #6647, 0.1499999999999999667 ) ;
#4067 = FILL_AREA_STYLE ('',( #8610 ) ) ;
#4068 = STYLED_ITEM ( 'NONE', ( #3576 ), #9598 ) ;
#4069 = ADVANCED_FACE ( 'NONE', ( #7691 ), #3655, .T. ) ;
#4070 = ORIENTED_EDGE ( 'NONE', *, *, #2552, .T. ) ;
#4071 = ORIENTED_EDGE ( 'NONE', *, *, #8427, .F. ) ;
#4072 = ORIENTED_EDGE ( 'NONE', *, *, #7942, .T. ) ;
#4073 = DIRECTION ( 'NONE',  ( 1.000000000000000000, 0.0000000000000000000, 0.0000000000000000000 ) ) ;
#4074 = DIRECTION ( 'NONE',  ( -0.0000000000000000000, -1.000000000000000000, -0.0000000000000000000 ) ) ;
#4075 =( GEOMETRIC_REPRESENTATION_CONTEXT ( 3 ) GLOBAL_UNCERTAINTY_ASSIGNED_CONTEXT ( ( #5929 ) ) GLOBAL_UNIT_ASSIGNED_CONTEXT ( ( #5038, #5666, #6436 ) ) REPRESENTATION_CONTEXT ( 'NONE', 'WORKASPACE' ) );
#4076 = CARTESIAN_POINT ( 'NONE',  ( 3.200000000000000178, 0.0000000000000000000, -3.200000000000000622 ) ) ;
#4077 = CARTESIAN_POINT ( 'NONE',  ( 0.0000000000000000000, 0.2000000000000005107, 2.400000000000000355 ) ) ;
#4078 = SPHERICAL_SURFACE ( 'NONE', #7066, 0.1499999999999999667 ) ;
#4079 = CARTESIAN_POINT ( 'NONE',  ( -2.400000000000000799, 0.0000000000000000000, 3.200000000000000178 ) ) ;
#4080 = AXIS2_PLACEMENT_3D ( 'NONE', #5525, #7870, #5589 ) ;
#4081 = ORIENTED_EDGE ( 'NONE', *, *, #9586, .F. ) ;
#4082 =( NAMED_UNIT ( * ) PLANE_ANGLE_UNIT ( ) SI_UNIT ( $, .RADIAN. ) );
#4083 = DIRECTION ( 'NONE',  ( 1.224646799147353207E-16, -3.540705920434613265E-31, -1.000000000000000000 ) ) ;
#4084 = VERTEX_POINT ( 'NONE', #7525 ) ;
#4085 = PRESENTATION_LAYER_ASSIGNMENT (  '', '', ( #1375 ) ) ;
#4086 = AXIS2_PLACEMENT_3D ( 'NONE', #9536, #8041, #4325 ) ;
#4087 = UNCERTAINTY_MEASURE_WITH_UNIT (LENGTH_MEASURE( 1.000000000000000082E-05 ), #1580, 'distance_accuracy_value', 'NONE');
#4088 = SURFACE_STYLE_FILL_AREA ( #4309 ) ;
#4089 = SURFACE_STYLE_USAGE ( .BOTH. , #7850 ) ;
#4090 = SURFACE_STYLE_USAGE ( .BOTH. , #289 ) ;
#4091 = EDGE_CURVE ( 'NONE', #8251, #2943, #696, .T. ) ;
#4092 = ORIENTED_EDGE ( 'NONE', *, *, #292, .T. ) ;
#4093 = ORIENTED_EDGE ( 'NONE', *, *, #4146, .F. ) ;
#4094 = CIRCLE ( 'NONE', #5837, 0.1414213562373092536 ) ;
#4095 = DIRECTION ( 'NONE',  ( 1.000000000000000000, -2.891205793294679411E-15, 0.0000000000000000000 ) ) ;
#4096 = AXIS2_PLACEMENT_3D ( 'NONE', #4608, #3083, #2197 ) ;
#4097 = FACE_OUTER_BOUND ( 'NONE', #8991, .T. ) ;
#4098 = DIRECTION ( 'NONE',  ( 0.0000000000000000000, 0.0000000000000000000, -1.000000000000000000 ) ) ;
#4099 = CARTESIAN_POINT ( 'NONE',  ( 2.400000000000002132, 0.1499999999999999667, 6.086346753639119761E-18 ) ) ;
#4100 = DIRECTION ( 'NONE',  ( 1.000000000000000000, -2.891205793294679411E-15, 0.0000000000000000000 ) ) ;
#4101 = ORIENTED_EDGE ( 'NONE', *, *, #28, .F. ) ;
#4102 = DIRECTION ( 'NONE',  ( 0.0000000000000000000, 0.0000000000000000000, 1.000000000000000000 ) ) ;
#4103 = MANIFOLD_SOLID_BREP ( 'Sketch-Pattern1[87]', #1244 ) ;
#4104 = DIRECTION ( 'NONE',  ( 0.0000000000000000000, -1.000000000000000000, -0.0000000000000000000 ) ) ;
#4105 = VERTEX_POINT ( 'NONE', #5983 ) ;
#4106 = AXIS2_PLACEMENT_3D ( 'NONE', #2823, #2794, #2727 ) ;
#4107 = ORIENTED_EDGE ( 'NONE', *, *, #9489, .F. ) ;
#4108 = DIRECTION ( 'NONE',  ( -0.0000000000000000000, -1.000000000000000000, -0.0000000000000000000 ) ) ;
#4109 =( LENGTH_UNIT ( ) NAMED_UNIT ( * ) SI_UNIT ( .MILLI., .METRE. ) );
#4110 = ORIENTED_EDGE ( 'NONE', *, *, #1059, .F. ) ;
#4111 = DIRECTION ( 'NONE',  ( 0.0000000000000000000, 0.0000000000000000000, -1.000000000000000000 ) ) ;
#4112 = EDGE_LOOP ( 'NONE', ( #2363, #4450, #6740 ) ) ;
#4113 = DIRECTION ( 'NONE',  ( 0.0000000000000000000, 0.0000000000000000000, -1.000000000000000000 ) ) ;
#4114 = SURFACE_STYLE_FILL_AREA ( #8431 ) ;
#4115 = DIRECTION ( 'NONE',  ( 1.000000000000000000, -2.891205793294679411E-15, 0.0000000000000000000 ) ) ;
#4116 = COLOUR_RGB ( '',0.7921568627450980005, 0.8196078431372548767, 0.9333333333333333481 ) ;
#4117 = CLOSED_SHELL ( 'NONE', ( #8895, #6505, #8438 ) ) ;
#4118 = DIRECTION ( 'NONE',  ( 0.0000000000000000000, 0.0000000000000000000, -1.000000000000000000 ) ) ;
#4119 = DIRECTION ( 'NONE',  ( 1.000000000000000000, -2.891205793294679411E-15, 0.0000000000000000000 ) ) ;
#4120 = EDGE_LOOP ( 'NONE', ( #4788, #6410, #1584 ) ) ;
#4121 = DIRECTION ( 'NONE',  ( 0.0000000000000000000, -1.000000000000000000, -0.0000000000000000000 ) ) ;
#4122 = ORIENTED_EDGE ( 'NONE', *, *, #2698, .F. ) ;
#4123 = AXIS2_PLACEMENT_3D ( 'NONE', #5270, #6780, #3688 ) ;
#4124 = CARTESIAN_POINT ( 'NONE',  ( 0.8000000000000012657, 0.1499999999999999667, -1.599999999999999867 ) ) ;
#4125 = CARTESIAN_POINT ( 'NONE',  ( -3.999999999999999112, 0.1499999999999999667, -4.000000000000000000 ) ) ;
#4126 = CIRCLE ( 'NONE', #8474, 0.1414213562373092536 ) ;
#4127 = STYLED_ITEM ( 'NONE', ( #5049 ), #8044 ) ;
#4128 = CARTESIAN_POINT ( 'NONE',  ( -0.7999999999999994893, 0.1499999999999999667, -4.000000000000000000 ) ) ;
#4129 = ADVANCED_FACE ( 'NONE', ( #2340 ), #8493, .T. ) ;
#4130 = EDGE_CURVE ( 'NONE', #5962, #5805, #1979, .T. ) ;
#4131 = ORIENTED_EDGE ( 'NONE', *, *, #4091, .T. ) ;
#4132 = ORIENTED_EDGE ( 'NONE', *, *, #1225, .F. ) ;
#4133 = DIRECTION ( 'NONE',  ( -0.0000000000000000000, -1.000000000000000000, -0.0000000000000000000 ) ) ;
#4134 = PRESENTATION_STYLE_ASSIGNMENT (( #8467 ) ) ;
#4135 = EDGE_CURVE ( 'NONE', #8630, #3051, #5429, .T. ) ;
#4136 = CARTESIAN_POINT ( 'NONE',  ( -2.400000000000000355, 0.2000000000000005107, 3.200000000000000178 ) ) ;
#4137 = AXIS2_PLACEMENT_3D ( 'NONE', #7998, #2610, #7207 ) ;
#4138 = DIRECTION ( 'NONE',  ( 0.0000000000000000000, 0.0000000000000000000, -1.000000000000000000 ) ) ;
#4139 = AXIS2_PLACEMENT_3D ( 'NONE', #6211, #9279, #9250 ) ;
#4140 = CARTESIAN_POINT ( 'NONE',  ( 2.258578643762691129, 0.2000000000000005107, 4.000000000000000000 ) ) ;
#4141 = CARTESIAN_POINT ( 'NONE',  ( 8.673617379884035472E-16, 0.1499999999999999667, -0.8000000000000003775 ) ) ;
#4142 = ADVANCED_FACE ( 'NONE', ( #9758 ), #1573, .F. ) ;
#4143 = ORIENTED_EDGE ( 'NONE', *, *, #4059, .T. ) ;
#4144 = CIRCLE ( 'NONE', #5648, 0.1499999999999999667 ) ;
#4145 = CIRCLE ( 'NONE', #8777, 0.1499999999999999667 ) ;
#4146 = EDGE_CURVE ( 'NONE', #6521, #4368, #4607, .T. ) ;
#4147 =( NAMED_UNIT ( * ) SI_UNIT ( $, .STERADIAN. ) SOLID_ANGLE_UNIT ( ) );
#4148 =( NAMED_UNIT ( * ) SI_UNIT ( $, .STERADIAN. ) SOLID_ANGLE_UNIT ( ) );
#4149 = ORIENTED_EDGE ( 'NONE', *, *, #5630, .F. ) ;
#4150 = SURFACE_STYLE_USAGE ( .BOTH. , #2715 ) ;
#4151 = DIRECTION ( 'NONE',  ( 0.0000000000000000000, 0.0000000000000000000, -1.000000000000000000 ) ) ;
#4152 = AXIS2_PLACEMENT_3D ( 'NONE', #3612, #5765, #7299 ) ;
#4153 = CARTESIAN_POINT ( 'NONE',  ( 2.400000000000002132, 0.1499999999999999667, -3.200000000000000622 ) ) ;
#4154 = CARTESIAN_POINT ( 'NONE',  ( -2.399999999999999467, 0.2000000000000005107, -2.400000000000000355 ) ) ;
#4155 = DIRECTION ( 'NONE',  ( 0.0000000000000000000, 0.0000000000000000000, -1.000000000000000000 ) ) ;
#4156 = PRESENTATION_LAYER_ASSIGNMENT (  '', '', ( #3656 ) ) ;
#4157 = EDGE_LOOP ( 'NONE', ( #3183, #7654, #16 ) ) ;
#4158 = FACE_OUTER_BOUND ( 'NONE', #1878, .T. ) ;
#4159 = DIRECTION ( 'NONE',  ( 0.0000000000000000000, -1.000000000000000000, -0.0000000000000000000 ) ) ;
#4160 = UNCERTAINTY_MEASURE_WITH_UNIT (LENGTH_MEASURE( 1.000000000000000082E-05 ), #677, 'distance_accuracy_value', 'NONE');
#4161 = DIRECTION ( 'NONE',  ( 1.000000000000000000, -2.891205793294679411E-15, 0.0000000000000000000 ) ) ;
#4162 = SURFACE_STYLE_FILL_AREA ( #8838 ) ;
#4163 = CARTESIAN_POINT ( 'NONE',  ( 0.8000000000000003775, 0.1499999999999999667, 4.000000000000000000 ) ) ;
#4164 = DIRECTION ( 'NONE',  ( -0.0000000000000000000, -1.000000000000000000, -0.0000000000000000000 ) ) ;
#4165 = COLOUR_RGB ( '',0.7921568627450980005, 0.8196078431372548767, 0.9333333333333333481 ) ;
#4166 = ORIENTED_EDGE ( 'NONE', *, *, #4781, .T. ) ;
#4167 = CARTESIAN_POINT ( 'NONE',  ( 1.458578643762691529, 0.2000000000000005107, -0.8000000000000003775 ) ) ;
#4168 = CIRCLE ( 'NONE', #2813, 0.1414213562373092536 ) ;
#4169 = DIRECTION ( 'NONE',  ( 1.000000000000000000, 0.0000000000000000000, 0.0000000000000000000 ) ) ;
#4170 = DIRECTION ( 'NONE',  ( 0.0000000000000000000, 0.0000000000000000000, -1.000000000000000000 ) ) ;
#4171 = ORIENTED_EDGE ( 'NONE', *, *, #2215, .T. ) ;
#4172 = FACE_OUTER_BOUND ( 'NONE', #4058, .T. ) ;
#4173 = DIRECTION ( 'NONE',  ( 0.0000000000000000000, 0.0000000000000000000, -1.000000000000000000 ) ) ;
#4174 = ADVANCED_FACE ( 'NONE', ( #1643 ), #1774, .T. ) ;
#4175 = ORIENTED_EDGE ( 'NONE', *, *, #6625, .F. ) ;
#4176 = CIRCLE ( 'NONE', #3894, 0.1414213562373096977 ) ;
#4177 = MECHANICAL_DESIGN_GEOMETRIC_PRESENTATION_REPRESENTATION (  '', ( #5008 ), #4697 ) ;
#4178 = MECHANICAL_DESIGN_GEOMETRIC_PRESENTATION_REPRESENTATION (  '', ( #8739 ), #7076 ) ;
#4179 = AXIS2_PLACEMENT_3D ( 'NONE', #2159, #9078, #3704 ) ;
#4180 =( NAMED_UNIT ( * ) PLANE_ANGLE_UNIT ( ) SI_UNIT ( $, .RADIAN. ) );
#4181 = ORIENTED_EDGE ( 'NONE', *, *, #3199, .F. ) ;
#4182 = SPHERICAL_SURFACE ( 'NONE', #7599, 0.1499999999999999667 ) ;
#4183 = DIRECTION ( 'NONE',  ( 0.0000000000000000000, 0.0000000000000000000, -1.000000000000000000 ) ) ;
#4184 = CARTESIAN_POINT ( 'NONE',  ( -1.399999999999999245, 0.2000000000000005107, -6.599999999999998757 ) ) ;
#4185 = CIRCLE ( 'NONE', #4972, 0.1414213562373092536 ) ;
#4186 = CARTESIAN_POINT ( 'NONE',  ( 0.1414213562373092536, 0.2000000000000005107, 1.599999999999999867 ) ) ;
#4187 = EDGE_CURVE ( 'NONE', #2092, #4714, #8143, .T. ) ;
#4188 = ORIENTED_EDGE ( 'NONE', *, *, #4281, .T. ) ;
#4189 = FACE_OUTER_BOUND ( 'NONE', #6558, .T. ) ;
#4190 = ADVANCED_FACE ( 'NONE', ( #6495 ), #6160, .T. ) ;
#4191 = EDGE_CURVE ( 'NONE', #8191, #8408, #3762, .T. ) ;
#4192 = CIRCLE ( 'NONE', #9317, 0.1414213562373092536 ) ;
#4193 = DIRECTION ( 'NONE',  ( -0.0000000000000000000, -1.000000000000000000, -0.0000000000000000000 ) ) ;
#4194 =( GEOMETRIC_REPRESENTATION_CONTEXT ( 3 ) GLOBAL_UNCERTAINTY_ASSIGNED_CONTEXT ( ( #5565 ) ) GLOBAL_UNIT_ASSIGNED_CONTEXT ( ( #7212, #9471, #5033 ) ) REPRESENTATION_CONTEXT ( 'NONE', 'WORKASPACE' ) );
#4195 = ORIENTED_EDGE ( 'NONE', *, *, #8810, .F. ) ;
#4196 = DIRECTION ( 'NONE',  ( 0.0000000000000000000, 0.0000000000000000000, -1.000000000000000000 ) ) ;
#4197 = EDGE_CURVE ( 'NONE', #5639, #7335, #4126, .T. ) ;
#4198 =( LENGTH_UNIT ( ) NAMED_UNIT ( * ) SI_UNIT ( .MILLI., .METRE. ) );
#4199 = CIRCLE ( 'NONE', #685, 0.1499999999999999667 ) ;
#4200 = AXIS2_PLACEMENT_3D ( 'NONE', #8680, #5645, #8710 ) ;
#4201 = DIRECTION ( 'NONE',  ( 0.0000000000000000000, -1.000000000000000000, -0.0000000000000000000 ) ) ;
#4202 = SURFACE_STYLE_USAGE ( .BOTH. , #4263 ) ;
#4203 = COLOUR_RGB ( '',0.7921568627450980005, 0.8196078431372548767, 0.9333333333333333481 ) ;
#4204 = EDGE_LOOP ( 'NONE', ( #7535, #5680 ) ) ;
#4205 = DIRECTION ( 'NONE',  ( 0.0000000000000000000, -1.000000000000000000, -0.0000000000000000000 ) ) ;
#4206 = VERTEX_POINT ( 'NONE', #7710 ) ;
#4207 = ORIENTED_EDGE ( 'NONE', *, *, #3386, .T. ) ;
#4208 = CIRCLE ( 'NONE', #3055, 0.1414213562373092536 ) ;
#4209 = CARTESIAN_POINT ( 'NONE',  ( -0.7999999999999994893, 0.1499999999999999667, -1.599999999999999867 ) ) ;
#4210 = EDGE_LOOP ( 'NONE', ( #4757, #6120, #2071 ) ) ;
#4211 = PRESENTATION_LAYER_ASSIGNMENT (  '', '', ( #9570 ) ) ;
#4212 = DIRECTION ( 'NONE',  ( 0.0000000000000000000, 0.0000000000000000000, -1.000000000000000000 ) ) ;
#4213 = DIRECTION ( 'NONE',  ( -0.0000000000000000000, -1.000000000000000000, -0.0000000000000000000 ) ) ;
#4214 = DIRECTION ( 'NONE',  ( 0.0000000000000000000, 0.0000000000000000000, -1.000000000000000000 ) ) ;
#4215 = ORIENTED_EDGE ( 'NONE', *, *, #5374, .F. ) ;
#4216 = CARTESIAN_POINT ( 'NONE',  ( -3.058578643762690064, 0.2000000000000005107, -1.599999999999999867 ) ) ;
#4217 = ORIENTED_EDGE ( 'NONE', *, *, #3685, .T. ) ;
#4218 = FACE_OUTER_BOUND ( 'NONE', #1828, .T. ) ;
#4219 =( GEOMETRIC_REPRESENTATION_CONTEXT ( 3 ) GLOBAL_UNCERTAINTY_ASSIGNED_CONTEXT ( ( #3558 ) ) GLOBAL_UNIT_ASSIGNED_CONTEXT ( ( #8745, #2592, #402 ) ) REPRESENTATION_CONTEXT ( 'NONE', 'WORKASPACE' ) );
#4220 = ORIENTED_EDGE ( 'NONE', *, *, #6237, .F. ) ;
#4221 = ADVANCED_FACE ( 'NONE', ( #8951 ), #2287, .F. ) ;
#4222 = SURFACE_STYLE_USAGE ( .BOTH. , #9490 ) ;
#4223 = EDGE_CURVE ( 'NONE', #1931, #3756, #9424, .T. ) ;
#4224 = FILL_AREA_STYLE ('',( #6454 ) ) ;
#4225 = ORIENTED_EDGE ( 'NONE', *, *, #5273, .T. ) ;
#4226 = FACE_OUTER_BOUND ( 'NONE', #3751, .T. ) ;
#4227 = CARTESIAN_POINT ( 'NONE',  ( 3.999999999999999112, 0.2000000000000005107, 4.000000000000000000 ) ) ;
#4228 = MANIFOLD_SOLID_BREP ( 'Sketch-Pattern1[28]', #6908 ) ;
#4229 = AXIS2_PLACEMENT_3D ( 'NONE', #1432, #2164, #4571 ) ;
#4230 = DIRECTION ( 'NONE',  ( -0.0000000000000000000, -1.000000000000000000, -0.0000000000000000000 ) ) ;
#4231 = EDGE_LOOP ( 'NONE', ( #2673, #8228, #3540 ) ) ;
#4232 = ORIENTED_EDGE ( 'NONE', *, *, #4971, .T. ) ;
#4233 = ADVANCED_FACE ( 'NONE', ( #2098 ), #822, .F. ) ;
#4234 = PRESENTATION_LAYER_ASSIGNMENT (  '', '', ( #5069 ) ) ;
#4235 = CIRCLE ( 'NONE', #5584, 0.1499999999999999667 ) ;
#4236 = AXIS2_PLACEMENT_3D ( 'NONE', #4724, #7773, #145 ) ;
#4237 = DIRECTION ( 'NONE',  ( 0.0000000000000000000, 0.0000000000000000000, -1.000000000000000000 ) ) ;
#4238 = DIRECTION ( 'NONE',  ( 1.000000000000000000, -2.891205793294679411E-15, 0.0000000000000000000 ) ) ;
#4239 = PLANE ( 'NONE',  #5724 ) ;
#4240 = ORIENTED_EDGE ( 'NONE', *, *, #3248, .F. ) ;
#4241 = EDGE_CURVE ( 'NONE', #6830, #6988, #7682, .T. ) ;
#4242 = ORIENTED_EDGE ( 'NONE', *, *, #5784, .T. ) ;
#4243 = CIRCLE ( 'NONE', #6013, 0.1414213562373092536 ) ;
#4244 = FILL_AREA_STYLE_COLOUR ( '', #3648 ) ;
#4245 = DIRECTION ( 'NONE',  ( -1.000000000000000000, 0.0000000000000000000, 0.0000000000000000000 ) ) ;
#4246 = FILL_AREA_STYLE ('',( #6541 ) ) ;
#4247 = EDGE_LOOP ( 'NONE', ( #4331, #2779, #4898 ) ) ;
#4248 =( LENGTH_UNIT ( ) NAMED_UNIT ( * ) SI_UNIT ( .MILLI., .METRE. ) );
#4249 = DIRECTION ( 'NONE',  ( -1.000000000000000000, 0.0000000000000000000, 8.673617379884035472E-17 ) ) ;
#4250 = AXIS2_PLACEMENT_3D ( 'NONE', #9661, #5098, #7385 ) ;
#4251 = ORIENTED_EDGE ( 'NONE', *, *, #4187, .F. ) ;
#4252 = AXIS2_PLACEMENT_3D ( 'NONE', #7566, #2184, #826 ) ;
#4253 = EDGE_CURVE ( 'NONE', #9069, #3265, #2808, .T. ) ;
#4254 = DIRECTION ( 'NONE',  ( 0.0000000000000000000, 0.0000000000000000000, -1.000000000000000000 ) ) ;
#4255 = DIRECTION ( 'NONE',  ( -0.0000000000000000000, -1.000000000000000000, -0.0000000000000000000 ) ) ;
#4256 = CARTESIAN_POINT ( 'NONE',  ( -3.200000000000000178, 0.0000000000000000000, 2.400000000000000355 ) ) ;
#4257 = FILL_AREA_STYLE ('',( #499 ) ) ;
#4258 = EDGE_CURVE ( 'NONE', #8901, #9564, #6380, .T. ) ;
#4259 = VERTEX_POINT ( 'NONE', #5452 ) ;
#4260 = CIRCLE ( 'NONE', #1242, 0.1499999999999999667 ) ;
#4261 = DIRECTION ( 'NONE',  ( 0.0000000000000000000, -1.000000000000000000, -0.0000000000000000000 ) ) ;
#4262 = AXIS2_PLACEMENT_3D ( 'NONE', #8250, #4516, #3633 ) ;
#4263 = SURFACE_SIDE_STYLE ('',( #6097 ) ) ;
#4264 = ORIENTED_EDGE ( 'NONE', *, *, #4842, .F. ) ;
#4265 = DIRECTION ( 'NONE',  ( 0.0000000000000000000, -1.000000000000000000, -0.0000000000000000000 ) ) ;
#4266 = CIRCLE ( 'NONE', #1725, 0.1499999999999999667 ) ;
#4267 = CIRCLE ( 'NONE', #8418, 0.1414213562373092536 ) ;
#4268 = ADVANCED_FACE ( 'NONE', ( #4339 ), #122, .T. ) ;
#4269 = PRESENTATION_LAYER_ASSIGNMENT (  '', '', ( #1367 ) ) ;
#4270 = CARTESIAN_POINT ( 'NONE',  ( -2.199999999999998845, 0.2000000000000005107, -9.000000000000000000 ) ) ;
#4271 = AXIS2_PLACEMENT_3D ( 'NONE', #2152, #3725, #5920 ) ;
#4272 = CIRCLE ( 'NONE', #2525, 0.1499999999999999667 ) ;
#4273 =( LENGTH_UNIT ( ) NAMED_UNIT ( * ) SI_UNIT ( .MILLI., .METRE. ) );
#4274 = DIRECTION ( 'NONE',  ( 0.0000000000000000000, 0.0000000000000000000, -1.000000000000000000 ) ) ;
#4275 = VERTEX_POINT ( 'NONE', #7007 ) ;
#4276 = AXIS2_PLACEMENT_3D ( 'NONE', #1333, #547, #1368 ) ;
#4277 = DIRECTION ( 'NONE',  ( -0.0000000000000000000, -1.000000000000000000, -0.0000000000000000000 ) ) ;
#4278 = CARTESIAN_POINT ( 'NONE',  ( 1.600000000000000755, 0.1499999999999999667, -2.400000000000000355 ) ) ;
#4279 = MANIFOLD_SOLID_BREP ( 'Sketch-Pattern1[67]', #3729 ) ;
#4280 = ADVANCED_FACE ( 'NONE', ( #6616 ), #8515, .F. ) ;
#4281 = EDGE_CURVE ( 'NONE', #3627, #2775, #4716, .T. ) ;
#4282 = FACE_OUTER_BOUND ( 'NONE', #1616, .T. ) ;
#4283 = AXIS2_PLACEMENT_3D ( 'NONE', #8940, #666, #4169 ) ;
#4284 = CIRCLE ( 'NONE', #367, 0.1499999999999999667 ) ;
#4285 = EDGE_LOOP ( 'NONE', ( #6354, #7005, #6046 ) ) ;
#4286 = CARTESIAN_POINT ( 'NONE',  ( -2.400000000000000355, 0.1499999999999999667, 4.000000000000000000 ) ) ;
#4287 = CARTESIAN_POINT ( 'NONE',  ( 0.8000000000000008216, 0.0000000000000000000, 6.086346753639119761E-18 ) ) ;
#4288 = DIRECTION ( 'NONE',  ( -0.0000000000000000000, -1.000000000000000000, -0.0000000000000000000 ) ) ;
#4289 = ORIENTED_EDGE ( 'NONE', *, *, #7086, .T. ) ;
#4290 = CIRCLE ( 'NONE', #7071, 0.1499999999999999667 ) ;
#4291 = AXIS2_PLACEMENT_3D ( 'NONE', #1475, #6685, #2118 ) ;
#4292 = DIRECTION ( 'NONE',  ( -1.000000000000000000, 0.0000000000000000000, 0.0000000000000000000 ) ) ;
#4293 = ORIENTED_EDGE ( 'NONE', *, *, #3806, .F. ) ;
#4294 = SURFACE_STYLE_FILL_AREA ( #1640 ) ;
#4295 = FILL_AREA_STYLE_COLOUR ( '', #8547 ) ;
#4296 = CARTESIAN_POINT ( 'NONE',  ( 1.599999999999999867, 0.1499999999999999667, 4.000000000000000000 ) ) ;
#4297 = ADVANCED_FACE ( 'NONE', ( #5176 ), #3530, .T. ) ;
#4298 = VERTEX_POINT ( 'NONE', #338 ) ;
#4299 = CIRCLE ( 'NONE', #1427, 0.1499999999999999667 ) ;
#4300 = AXIS2_PLACEMENT_3D ( 'NONE', #1997, #7312, #2146 ) ;
#4301 = FILL_AREA_STYLE ('',( #8800 ) ) ;
#4302 =( LENGTH_UNIT ( ) NAMED_UNIT ( * ) SI_UNIT ( .MILLI., .METRE. ) );
#4303 = EDGE_CURVE ( 'NONE', #5805, #5962, #9648, .T. ) ;
#4304 = ORIENTED_EDGE ( 'NONE', *, *, #9438, .F. ) ;
#4305 = PRESENTATION_STYLE_ASSIGNMENT (( #3144 ) ) ;
#4306 = ORIENTED_EDGE ( 'NONE', *, *, #3023, .T. ) ;
#4307 = ORIENTED_EDGE ( 'NONE', *, *, #360, .T. ) ;
#4308 = EDGE_CURVE ( 'NONE', #534, #4840, #3307, .T. ) ;
#4309 = FILL_AREA_STYLE ('',( #8846 ) ) ;
#4310 = DIRECTION ( 'NONE',  ( -0.0000000000000000000, -1.000000000000000000, -0.0000000000000000000 ) ) ;
#4311 = CARTESIAN_POINT ( 'NONE',  ( -4.244960180005966572E-16, 0.0000000000000000000, 0.7999999999999999334 ) ) ;
#4312 = FILL_AREA_STYLE ('',( #2057 ) ) ;
#4313 = ORIENTED_EDGE ( 'NONE', *, *, #3802, .T. ) ;
#4314 = SURFACE_STYLE_USAGE ( .BOTH. , #8095 ) ;
#4315 = EDGE_LOOP ( 'NONE', ( #1617, #1593 ) ) ;
#4316 = MECHANICAL_DESIGN_GEOMETRIC_PRESENTATION_REPRESENTATION (  '', ( #3876 ), #166 ) ;
#4317 = CIRCLE ( 'NONE', #5995, 0.1414213562373092536 ) ;
#4318 = AXIS2_PLACEMENT_3D ( 'NONE', #3746, #9020, #3056 ) ;
#4319 = AXIS2_PLACEMENT_3D ( 'NONE', #7748, #9178, #7601 ) ;
#4320 = FACE_OUTER_BOUND ( 'NONE', #6756, .T. ) ;
#4321 = ADVANCED_FACE ( 'NONE', ( #3177 ), #4886, .F. ) ;
#4322 = ORIENTED_EDGE ( 'NONE', *, *, #5138, .T. ) ;
#4323 = CARTESIAN_POINT ( 'NONE',  ( 0.1414213562373101418, 0.2000000000000005107, -1.599999999999999867 ) ) ;
#4324 = FACE_OUTER_BOUND ( 'NONE', #2061, .T. ) ;
#4325 = DIRECTION ( 'NONE',  ( 1.000000000000000000, -2.891205793294679411E-15, 0.0000000000000000000 ) ) ;
#4326 = UNCERTAINTY_MEASURE_WITH_UNIT (LENGTH_MEASURE( 1.000000000000000082E-05 ), #3506, 'distance_accuracy_value', 'NONE');
#4327 =( NAMED_UNIT ( * ) PLANE_ANGLE_UNIT ( ) SI_UNIT ( $, .RADIAN. ) );
#4328 = ORIENTED_EDGE ( 'NONE', *, *, #4879, .T. ) ;
#4329 = FACE_OUTER_BOUND ( 'NONE', #8818, .T. ) ;
#4330 = CARTESIAN_POINT ( 'NONE',  ( 2.258578643762692906, 0.2000000000000005107, -2.400000000000000355 ) ) ;
#4331 = ORIENTED_EDGE ( 'NONE', *, *, #9422, .F. ) ;
#4332 = SURFACE_STYLE_FILL_AREA ( #2074 ) ;
#4333 = AXIS2_PLACEMENT_3D ( 'NONE', #6180, #6987, #6456 ) ;
#4334 = DIRECTION ( 'NONE',  ( -1.000000000000000000, 0.0000000000000000000, 0.0000000000000000000 ) ) ;
#4335 = CARTESIAN_POINT ( 'NONE',  ( 0.2000000000000005107, 0.2000000000000005107, -2.599999999999999201 ) ) ;
#4336 = VERTEX_POINT ( 'NONE', #3368 ) ;
#4337 = FILL_AREA_STYLE_COLOUR ( '', #4418 ) ;
#4338 = VERTEX_POINT ( 'NONE', #1035 ) ;
#4339 = FACE_OUTER_BOUND ( 'NONE', #5569, .T. ) ;
#4340 = CARTESIAN_POINT ( 'NONE',  ( -4.000000000000000000, 0.0000000000000000000, 2.400000000000000355 ) ) ;
#4341 = COLOUR_RGB ( '',0.7921568627450980005, 0.8196078431372548767, 0.9333333333333333481 ) ;
#4342 = MANIFOLD_SOLID_BREP ( 'Sketch-Pattern1[117]', #6922 ) ;
#4344 = CLOSED_SHELL ( 'NONE', ( #5437, #6680, #8687 ) ) ;
#4343 = AXIS2_PLACEMENT_3D ( 'NONE', #1386, #2120, #3664 ) ;
#4345 = PRESENTATION_STYLE_ASSIGNMENT (( #7943 ) ) ;
#4346 = EDGE_LOOP ( 'NONE', ( #5060, #3945, #5674 ) ) ;
#4347 = DIRECTION ( 'NONE',  ( -0.0000000000000000000, -1.000000000000000000, -0.0000000000000000000 ) ) ;
#4348 = DIRECTION ( 'NONE',  ( 1.000000000000000000, 0.0000000000000000000, 0.0000000000000000000 ) ) ;
#4349 = EDGE_LOOP ( 'NONE', ( #5365, #5795 ) ) ;
#4350 = DIRECTION ( 'NONE',  ( -1.000000000000000000, 0.0000000000000000000, 0.0000000000000000000 ) ) ;
#4351 = EDGE_CURVE ( 'NONE', #2009, #8721, #8136, .T. ) ;
#4352 = ORIENTED_EDGE ( 'NONE', *, *, #6316, .F. ) ;
#4353 = CARTESIAN_POINT ( 'NONE',  ( -3.999999999999999112, 0.2000000000000005107, 6.086346753639119761E-18 ) ) ;
#4354 = PLANE ( 'NONE',  #9607 ) ;
#4355 = AXIS2_PLACEMENT_3D ( 'NONE', #5659, #1057, #4095 ) ;
#4356 = ORIENTED_EDGE ( 'NONE', *, *, #1175, .F. ) ;
#4357 = AXIS2_PLACEMENT_3D ( 'NONE', #272, #5515, #6350 ) ;
#4358 = EDGE_LOOP ( 'NONE', ( #5925, #8181, #1700 ) ) ;
#4359 = FACE_OUTER_BOUND ( 'NONE', #4974, .T. ) ;
#4360 =( GEOMETRIC_REPRESENTATION_CONTEXT ( 3 ) GLOBAL_UNCERTAINTY_ASSIGNED_CONTEXT ( ( #2753 ) ) GLOBAL_UNIT_ASSIGNED_CONTEXT ( ( #3476, #5004, #3518 ) ) REPRESENTATION_CONTEXT ( 'NONE', 'WORKASPACE' ) );
#4361 = DIRECTION ( 'NONE',  ( 1.000000000000000000, 0.0000000000000000000, 0.0000000000000000000 ) ) ;
#4362 = CARTESIAN_POINT ( 'NONE',  ( -0.7999999999999994893, 0.2000000000000005107, -4.000000000000000000 ) ) ;
#4363 = SURFACE_SIDE_STYLE ('',( #4815 ) ) ;
#4364 = DIRECTION ( 'NONE',  ( 0.0000000000000000000, 0.0000000000000000000, 1.000000000000000000 ) ) ;
#4365 = EDGE_CURVE ( 'NONE', #9117, #6778, #1396, .T. ) ;
#4366 = CARTESIAN_POINT ( 'NONE',  ( 2.258578643762692906, 0.2000000000000005107, -0.8000000000000003775 ) ) ;
#4367 = CARTESIAN_POINT ( 'NONE',  ( 0.8000000000000012657, 0.2000000000000005107, -4.000000000000000000 ) ) ;
#4368 = VERTEX_POINT ( 'NONE', #5488 ) ;
#4369 = SPHERICAL_SURFACE ( 'NONE', #8986, 0.1499999999999999667 ) ;
#4370 = SPHERICAL_SURFACE ( 'NONE', #5237, 0.1499999999999999667 ) ;
#4371 =( GEOMETRIC_REPRESENTATION_CONTEXT ( 3 ) GLOBAL_UNCERTAINTY_ASSIGNED_CONTEXT ( ( #5071 ) ) GLOBAL_UNIT_ASSIGNED_CONTEXT ( ( #7810, #8482, #8517 ) ) REPRESENTATION_CONTEXT ( 'NONE', 'WORKASPACE' ) );
#4372 =( NAMED_UNIT ( * ) SI_UNIT ( $, .STERADIAN. ) SOLID_ANGLE_UNIT ( ) );
#4373 = CARTESIAN_POINT ( 'NONE',  ( -0.7999999999999994893, 0.1499999999999999667, 3.200000000000000178 ) ) ;
#4374 = AXIS2_PLACEMENT_3D ( 'NONE', #6880, #5438, #6217 ) ;
#4375 = ADVANCED_FACE ( 'NONE', ( #5305 ), #9194, .T. ) ;
#4376 = CARTESIAN_POINT ( 'NONE',  ( -0.7999999999999994893, 0.1499999999999999667, -1.599999999999999867 ) ) ;
#4377 = EDGE_LOOP ( 'NONE', ( #3964, #4026 ) ) ;
#4378 = AXIS2_PLACEMENT_3D ( 'NONE', #8501, #3967, #8603 ) ;
#4379 = CIRCLE ( 'NONE', #349, 0.1499999999999999667 ) ;
#4380 = CIRCLE ( 'NONE', #4401, 0.1499999999999999667 ) ;
#4381 = EDGE_CURVE ( 'NONE', #6216, #8651, #5420, .T. ) ;
#4382 = CARTESIAN_POINT ( 'NONE',  ( -3.341421356237308515, 0.2000000000000005107, -1.599999999999999867 ) ) ;
#4383 = DIRECTION ( 'NONE',  ( 1.000000000000000000, -2.891205793294679411E-15, 0.0000000000000000000 ) ) ;
#4384 = DIRECTION ( 'NONE',  ( 0.0000000000000000000, 0.0000000000000000000, -1.000000000000000000 ) ) ;
#4385 = PLANE ( 'NONE',  #9669 ) ;
#4386 = FILL_AREA_STYLE_COLOUR ( '', #7841 ) ;
#4387 = VERTEX_POINT ( 'NONE', #8741 ) ;
#4388 = SPHERICAL_SURFACE ( 'NONE', #8884, 0.1499999999999999667 ) ;
#4389 = AXIS2_PLACEMENT_3D ( 'NONE', #4589, #6125, #3850 ) ;
#4390 = FACE_OUTER_BOUND ( 'NONE', #7114, .T. ) ;
#4391 =( NAMED_UNIT ( * ) SI_UNIT ( $, .STERADIAN. ) SOLID_ANGLE_UNIT ( ) );
#4392 = DIRECTION ( 'NONE',  ( -0.0000000000000000000, -1.000000000000000000, -0.0000000000000000000 ) ) ;
#4393 = FACE_OUTER_BOUND ( 'NONE', #5786, .T. ) ;
#4394 = AXIS2_PLACEMENT_3D ( 'NONE', #7419, #8942, #545 ) ;
#4395 = ORIENTED_EDGE ( 'NONE', *, *, #8436, .T. ) ;
#4396 = ADVANCED_FACE ( 'NONE', ( #6148 ), #7219, .T. ) ;
#4397 = MANIFOLD_SOLID_BREP ( 'Sketch-Pattern1[40]', #9268 ) ;
#4398 = PLANE ( 'NONE',  #2388 ) ;
#4399 = CIRCLE ( 'NONE', #5527, 0.1414213562373092536 ) ;
#4400 = DIRECTION ( 'NONE',  ( 0.0000000000000000000, 0.0000000000000000000, -1.000000000000000000 ) ) ;
#4401 = AXIS2_PLACEMENT_3D ( 'NONE', #6578, #8117, #2087 ) ;
#4402 = DIRECTION ( 'NONE',  ( -0.0000000000000000000, -1.000000000000000000, -0.0000000000000000000 ) ) ;
#4403 =( NAMED_UNIT ( * ) SI_UNIT ( $, .STERADIAN. ) SOLID_ANGLE_UNIT ( ) );
#4404 = ORIENTED_EDGE ( 'NONE', *, *, #2713, .T. ) ;
#4405 = SPHERICAL_SURFACE ( 'NONE', #8945, 0.1499999999999999667 ) ;
#4406 = DIRECTION ( 'NONE',  ( 0.0000000000000000000, 0.0000000000000000000, -1.000000000000000000 ) ) ;
#4407 = AXIS2_PLACEMENT_3D ( 'NONE', #2728, #2697, #5055 ) ;
#4408 = ORIENTED_EDGE ( 'NONE', *, *, #8638, .F. ) ;
#4409 = DIRECTION ( 'NONE',  ( 1.000000000000000000, -2.891205793294679411E-15, 0.0000000000000000000 ) ) ;
#4410 = FACE_OUTER_BOUND ( 'NONE', #2103, .T. ) ;
#4411 = CARTESIAN_POINT ( 'NONE',  ( 3.200000000000000622, 0.1499999999999999667, 3.200000000000000178 ) ) ;
#4412 = VERTEX_POINT ( 'NONE', #6440 ) ;
#4413 = DIRECTION ( 'NONE',  ( 0.0000000000000000000, -1.000000000000000000, -0.0000000000000000000 ) ) ;
#4414 = SPHERICAL_SURFACE ( 'NONE', #2289, 0.1499999999999999667 ) ;
#4415 = AXIS2_PLACEMENT_3D ( 'NONE', #5908, #6611, #8831 ) ;
#4416 =( NAMED_UNIT ( * ) SI_UNIT ( $, .STERADIAN. ) SOLID_ANGLE_UNIT ( ) );
#4417 = SURFACE_SIDE_STYLE ('',( #3983 ) ) ;
#4418 = COLOUR_RGB ( '',0.7921568627450980005, 0.8196078431372548767, 0.9333333333333333481 ) ;
#4419 = SPHERICAL_SURFACE ( 'NONE', #9667, 0.1499999999999999667 ) ;
#4420 = ADVANCED_FACE ( 'NONE', ( #3412 ), #4949, .T. ) ;
#4421 = ORIENTED_EDGE ( 'NONE', *, *, #3375, .T. ) ;
#4422 = SURFACE_SIDE_STYLE ('',( #1622 ) ) ;
#4423 = CARTESIAN_POINT ( 'NONE',  ( 0.2000000000000005107, 0.2000000000000005107, -4.999999999999999112 ) ) ;
#4424 =( LENGTH_UNIT ( ) NAMED_UNIT ( * ) SI_UNIT ( .MILLI., .METRE. ) );
#4425 = EDGE_LOOP ( 'NONE', ( #7424, #2301, #7098 ) ) ;
#4426 = AXIS2_PLACEMENT_3D ( 'NONE', #56, #9243, #4764 ) ;
#4427 = DIRECTION ( 'NONE',  ( 1.224646799147353207E-16, -3.540705920434613265E-31, -1.000000000000000000 ) ) ;
#4428 = ORIENTED_EDGE ( 'NONE', *, *, #7611, .T. ) ;
#4429 = DIRECTION ( 'NONE',  ( -0.0000000000000000000, -1.000000000000000000, -0.0000000000000000000 ) ) ;
#4430 =( GEOMETRIC_REPRESENTATION_CONTEXT ( 3 ) GLOBAL_UNCERTAINTY_ASSIGNED_CONTEXT ( ( #1434 ) ) GLOBAL_UNIT_ASSIGNED_CONTEXT ( ( #2359, #6229, #9174 ) ) REPRESENTATION_CONTEXT ( 'NONE', 'WORKASPACE' ) );
#4431 = COLOUR_RGB ( '',0.7921568627450980005, 0.8196078431372548767, 0.9333333333333333481 ) ;
#4432 =( NAMED_UNIT ( * ) PLANE_ANGLE_UNIT ( ) SI_UNIT ( $, .RADIAN. ) );
#4433 = DIRECTION ( 'NONE',  ( 1.000000000000000000, -2.891205793294679411E-15, 0.0000000000000000000 ) ) ;
#4434 = FILL_AREA_STYLE_COLOUR ( '', #2871 ) ;
#4435 = EDGE_CURVE ( 'NONE', #585, #5557, #5766, .T. ) ;
#4436 = CARTESIAN_POINT ( 'NONE',  ( -2.541421356237308693, 0.2000000000000005107, -1.123277437107072623E-17 ) ) ;
#4437 = CARTESIAN_POINT ( 'NONE',  ( -2.999999999999999112, 0.2000000000000005107, -5.799999999999999822 ) ) ;
#4438 = ORIENTED_EDGE ( 'NONE', *, *, #7991, .T. ) ;
#4439 = COLOUR_RGB ( '',0.7921568627450980005, 0.8196078431372548767, 0.9333333333333333481 ) ;
#4440 = EDGE_CURVE ( 'NONE', #7688, #6208, #4235, .T. ) ;
#4441 = CIRCLE ( 'NONE', #9214, 0.1414213562373092536 ) ;
#4442 = DIRECTION ( 'NONE',  ( 1.000000000000000000, 0.0000000000000000000, 0.0000000000000000000 ) ) ;
#4443 = ADVANCED_FACE ( 'NONE', ( #2691 ), #5554, .T. ) ;
#4444 = DIRECTION ( 'NONE',  ( 0.0000000000000000000, 1.000000000000000000, 0.0000000000000000000 ) ) ;
#4445 = VERTEX_POINT ( 'NONE', #2748 ) ;
#4446 = CIRCLE ( 'NONE', #8666, 0.1499999999999999667 ) ;
#4447 = ORIENTED_EDGE ( 'NONE', *, *, #919, .F. ) ;
#4448 = COLOUR_RGB ( '',0.7921568627450980005, 0.8196078431372548767, 0.9333333333333333481 ) ;
#4449 = CARTESIAN_POINT ( 'NONE',  ( -0.5999999999999989786, 0.2000000000000005107, -8.199999999999999289 ) ) ;
#4450 = ORIENTED_EDGE ( 'NONE', *, *, #8064, .T. ) ;
#4451 = STYLED_ITEM ( 'NONE', ( #4055 ), #1155 ) ;
#4452 = UNCERTAINTY_MEASURE_WITH_UNIT (LENGTH_MEASURE( 1.000000000000000082E-05 ), #4248, 'distance_accuracy_value', 'NONE');
#4453 = PRESENTATION_STYLE_ASSIGNMENT (( #6878 ) ) ;
#4454 = EDGE_CURVE ( 'NONE', #5663, #1120, #231, .T. ) ;
#4455 = ORIENTED_EDGE ( 'NONE', *, *, #8922, .T. ) ;
#4456 = FACE_OUTER_BOUND ( 'NONE', #1731, .T. ) ;
#4457 = DIRECTION ( 'NONE',  ( 0.0000000000000000000, 0.0000000000000000000, -1.000000000000000000 ) ) ;
#4458 = SURFACE_STYLE_USAGE ( .BOTH. , #6732 ) ;
#4459 = DIRECTION ( 'NONE',  ( 0.0000000000000000000, 0.0000000000000000000, -1.000000000000000000 ) ) ;
#4460 = AXIS2_PLACEMENT_3D ( 'NONE', #400, #3343, #6447 ) ;
#4461 = ORIENTED_EDGE ( 'NONE', *, *, #2666, .T. ) ;
#4462 = EDGE_LOOP ( 'NONE', ( #1864, #8048 ) ) ;
#4463 = SURFACE_STYLE_FILL_AREA ( #6890 ) ;
#4464 =( LENGTH_UNIT ( ) NAMED_UNIT ( * ) SI_UNIT ( .MILLI., .METRE. ) );
#4465 = SURFACE_STYLE_FILL_AREA ( #8334 ) ;
#4466 = MANIFOLD_SOLID_BREP ( 'Sketch-Pattern1[89]', #5016 ) ;
#4467 = AXIS2_PLACEMENT_3D ( 'NONE', #3187, #186, #1663 ) ;
#4468 = CARTESIAN_POINT ( 'NONE',  ( -1.399999999999999245, 0.2000000000000005107, -7.399999999999999467 ) ) ;
#4469 = CARTESIAN_POINT ( 'NONE',  ( -1.458578643762690641, 0.2000000000000005107, 6.086346753639119761E-18 ) ) ;
#4470 = SPHERICAL_SURFACE ( 'NONE', #3675, 0.1499999999999999667 ) ;
#4471 = SURFACE_STYLE_USAGE ( .BOTH. , #1378 ) ;
#4472 = DIRECTION ( 'NONE',  ( 0.0000000000000000000, -1.000000000000000000, -0.0000000000000000000 ) ) ;
#4473 = ORIENTED_EDGE ( 'NONE', *, *, #9049, .T. ) ;
#4474 = ADVANCED_FACE ( 'NONE', ( #697 ), #3294, .T. ) ;
#4475 = ORIENTED_EDGE ( 'NONE', *, *, #8009, .T. ) ;
#4476 = CARTESIAN_POINT ( 'NONE',  ( -2.999999999999999112, 0.2000000000000005107, -8.199999999999999289 ) ) ;
#4477 = CIRCLE ( 'NONE', #1258, 0.1414213562373092536 ) ;
#4478 = AXIS2_PLACEMENT_3D ( 'NONE', #7515, #4505, #37 ) ;
#4479 = ORIENTED_EDGE ( 'NONE', *, *, #3123, .F. ) ;
#4480 = FILL_AREA_STYLE_COLOUR ( '', #7136 ) ;
#4481 =( NAMED_UNIT ( * ) SI_UNIT ( $, .STERADIAN. ) SOLID_ANGLE_UNIT ( ) );
#4482 = CARTESIAN_POINT ( 'NONE',  ( -2.258578643762691129, 0.2000000000000005107, 4.000000000000000000 ) ) ;
#4483 = FILL_AREA_STYLE_COLOUR ( '', #4041 ) ;
#4484 = PLANE ( 'NONE',  #8112 ) ;
#4485 = CIRCLE ( 'NONE', #2054, 0.1414213562373092536 ) ;
#4486 = VERTEX_POINT ( 'NONE', #7426 ) ;
#4487 = CIRCLE ( 'NONE', #91, 0.1499999999999999667 ) ;
#4488 = SURFACE_STYLE_USAGE ( .BOTH. , #6174 ) ;
#4489 = CIRCLE ( 'NONE', #1834, 0.1499999999999999667 ) ;
#4490 = CARTESIAN_POINT ( 'NONE',  ( 4.141421356237308338, 0.2000000000000005107, 2.400000000000000355 ) ) ;
#4491 = AXIS2_PLACEMENT_3D ( 'NONE', #368, #4824, #3272 ) ;
#4492 = DIRECTION ( 'NONE',  ( 0.0000000000000000000, 0.0000000000000000000, -1.000000000000000000 ) ) ;
#4493 = AXIS2_PLACEMENT_3D ( 'NONE', #8978, #8321, #6833 ) ;
#4494 = CARTESIAN_POINT ( 'NONE',  ( 8.673617379884035472E-16, 0.2000000000000005107, -2.400000000000000355 ) ) ;
#4495 = DIRECTION ( 'NONE',  ( 0.0000000000000000000, 0.0000000000000000000, -1.000000000000000000 ) ) ;
#4496 = ORIENTED_EDGE ( 'NONE', *, *, #3802, .F. ) ;
#4497 = CARTESIAN_POINT ( 'NONE',  ( 0.8000000000000012657, 0.1499999999999999667, -4.000000000000000000 ) ) ;
#4498 = PRESENTATION_STYLE_ASSIGNMENT (( #6328 ) ) ;
#4499 = SPHERICAL_SURFACE ( 'NONE', #2752, 0.1499999999999999667 ) ;
#4500 = EDGE_CURVE ( 'NONE', #3131, #1264, #1759, .T. ) ;
#4501 = ADVANCED_FACE ( 'NONE', ( #8008 ), #460, .T. ) ;
#4502 = DIRECTION ( 'NONE',  ( 1.224646799147353207E-16, -3.540705920434613265E-31, -1.000000000000000000 ) ) ;
#4503 = CARTESIAN_POINT ( 'NONE',  ( -1.599999999999999867, 0.2000000000000005107, 0.7999999999999999334 ) ) ;
#4504 = EDGE_CURVE ( 'NONE', #573, #1691, #5054, .T. ) ;
#4505 = DIRECTION ( 'NONE',  ( 0.0000000000000000000, -1.000000000000000000, -0.0000000000000000000 ) ) ;
#4506 = CLOSED_SHELL ( 'NONE', ( #8291, #4977, #5954 ) ) ;
#4507 = FILL_AREA_STYLE ('',( #2914 ) ) ;
#4508 = FACE_OUTER_BOUND ( 'NONE', #2723, .T. ) ;
#4509 = FACE_OUTER_BOUND ( 'NONE', #3421, .T. ) ;
#4510 = AXIS2_PLACEMENT_3D ( 'NONE', #5381, #825, #6824 ) ;
#4511 = DIRECTION ( 'NONE',  ( 0.0000000000000000000, 0.0000000000000000000, -1.000000000000000000 ) ) ;
#4512 = SURFACE_STYLE_FILL_AREA ( #7979 ) ;
#4513 = EDGE_CURVE ( 'NONE', #4835, #7430, #2209, .T. ) ;
#4514 = SURFACE_SIDE_STYLE ('',( #8375 ) ) ;
#4515 = ORIENTED_EDGE ( 'NONE', *, *, #3994, .F. ) ;
#4516 = DIRECTION ( 'NONE',  ( 0.0000000000000000000, 0.0000000000000000000, -1.000000000000000000 ) ) ;
#4517 = UNCERTAINTY_MEASURE_WITH_UNIT (LENGTH_MEASURE( 1.000000000000000082E-05 ), #3378, 'distance_accuracy_value', 'NONE');
#4518 = FACE_OUTER_BOUND ( 'NONE', #8815, .T. ) ;
#4519 = DIRECTION ( 'NONE',  ( -0.0000000000000000000, -1.000000000000000000, -0.0000000000000000000 ) ) ;
#4520 = AXIS2_PLACEMENT_3D ( 'NONE', #1239, #4118, #3457 ) ;
#4521 = CARTESIAN_POINT ( 'NONE',  ( -2.399999999999999467, 0.1499999999999999667, -3.200000000000000622 ) ) ;
#4522 = DIRECTION ( 'NONE',  ( 1.000000000000000000, -2.891205793294679411E-15, 0.0000000000000000000 ) ) ;
#4523 = FILL_AREA_STYLE ('',( #4597 ) ) ;
#4524 = DIRECTION ( 'NONE',  ( 0.0000000000000000000, 0.0000000000000000000, -1.000000000000000000 ) ) ;
#4525 = FACE_OUTER_BOUND ( 'NONE', #5671, .T. ) ;
#4526 = DIRECTION ( 'NONE',  ( -1.000000000000000000, 0.0000000000000000000, 0.0000000000000000000 ) ) ;
#4527 = SPHERICAL_SURFACE ( 'NONE', #4139, 0.1499999999999999667 ) ;
#4528 = ORIENTED_EDGE ( 'NONE', *, *, #7319, .F. ) ;
#4529 = ADVANCED_FACE ( 'NONE', ( #3043 ), #4398, .F. ) ;
#4530 = MANIFOLD_SOLID_BREP ( 'Sketch-Pattern1[34]', #4590 ) ;
#4531 = DIRECTION ( 'NONE',  ( -0.0000000000000000000, -1.000000000000000000, -0.0000000000000000000 ) ) ;
#4532 = DIRECTION ( 'NONE',  ( 0.0000000000000000000, 0.0000000000000000000, -1.000000000000000000 ) ) ;
#4533 = ORIENTED_EDGE ( 'NONE', *, *, #2413, .F. ) ;
#4534 = DIRECTION ( 'NONE',  ( -0.0000000000000000000, -1.000000000000000000, -0.0000000000000000000 ) ) ;
#4535 = AXIS2_PLACEMENT_3D ( 'NONE', #7111, #7939, #6396 ) ;
#4536 = EDGE_LOOP ( 'NONE', ( #8234, #8937 ) ) ;
#4537 = DIRECTION ( 'NONE',  ( 1.000000000000000000, 0.0000000000000000000, 0.0000000000000000000 ) ) ;
#4538 = AXIS2_PLACEMENT_3D ( 'NONE', #8581, #7779, #4759 ) ;
#4539 = CARTESIAN_POINT ( 'NONE',  ( -0.9414213562373087152, 0.2000000000000005107, -1.599999999999999867 ) ) ;
#4540 = CARTESIAN_POINT ( 'NONE',  ( 3.999999999999999112, 0.0000000000000000000, 0.7999999999999999334 ) ) ;
#4541 = SPHERICAL_SURFACE ( 'NONE', #1349, 0.1499999999999999667 ) ;
#4542 = EDGE_CURVE ( 'NONE', #5499, #9184, #3764, .T. ) ;
#4543 = ORIENTED_EDGE ( 'NONE', *, *, #46, .T. ) ;
#4544 = SURFACE_STYLE_FILL_AREA ( #2085 ) ;
#4545 =( GEOMETRIC_REPRESENTATION_CONTEXT ( 3 ) GLOBAL_UNCERTAINTY_ASSIGNED_CONTEXT ( ( #5859 ) ) GLOBAL_UNIT_ASSIGNED_CONTEXT ( ( #1317, #464, #7290 ) ) REPRESENTATION_CONTEXT ( 'NONE', 'WORKASPACE' ) );
#4546 =( NAMED_UNIT ( * ) SI_UNIT ( $, .STERADIAN. ) SOLID_ANGLE_UNIT ( ) );
#4547 = COLOUR_RGB ( '',0.2509803921568627416, 0.2509803921568627416, 0.2509803921568627416 ) ;
#4548 = DIRECTION ( 'NONE',  ( 1.000000000000000000, -2.891205793294679411E-15, 0.0000000000000000000 ) ) ;
#4549 = ADVANCED_FACE ( 'NONE', ( #5779 ), #6852, .T. ) ;
#4550 = CARTESIAN_POINT ( 'NONE',  ( -1.599999999999999867, 0.2000000000000005107, 0.7999999999999999334 ) ) ;
#4551 = DIRECTION ( 'NONE',  ( 1.224646799147353207E-16, -3.540705920434613265E-31, -1.000000000000000000 ) ) ;
#4552 = EDGE_LOOP ( 'NONE', ( #4944, #501 ) ) ;
#4553 = FACE_OUTER_BOUND ( 'NONE', #445, .T. ) ;
#4554 = STYLED_ITEM ( 'NONE', ( #4666 ), #6193 ) ;
#4555 = EDGE_LOOP ( 'NONE', ( #4496, #6577 ) ) ;
#4556 = ORIENTED_EDGE ( 'NONE', *, *, #6744, .F. ) ;
#4557 = AXIS2_PLACEMENT_3D ( 'NONE', #3485, #1930, #1157 ) ;
#4558 = DIRECTION ( 'NONE',  ( 1.000000000000000000, 0.0000000000000000000, 0.0000000000000000000 ) ) ;
#4559 = FACE_OUTER_BOUND ( 'NONE', #2081, .T. ) ;
#4560 = DIRECTION ( 'NONE',  ( 0.0000000000000000000, 0.0000000000000000000, -1.000000000000000000 ) ) ;
#4561 = PRESENTATION_LAYER_ASSIGNMENT (  '', '', ( #7476 ) ) ;
#4562 = DIRECTION ( 'NONE',  ( 1.000000000000000000, 0.0000000000000000000, 0.0000000000000000000 ) ) ;
#4563 = FACE_OUTER_BOUND ( 'NONE', #6242, .T. ) ;
#4564 = EDGE_CURVE ( 'NONE', #3051, #3076, #1061, .T. ) ;
#4565 = VERTEX_POINT ( 'NONE', #4330 ) ;
#4566 = CARTESIAN_POINT ( 'NONE',  ( 3.058578643762691396, 0.2000000000000005107, -1.123277437107072623E-17 ) ) ;
#4567 = DIRECTION ( 'NONE',  ( 0.0000000000000000000, 0.0000000000000000000, -1.000000000000000000 ) ) ;
#4568 = EDGE_LOOP ( 'NONE', ( #8128, #7626, #6697 ) ) ;
#4569 = CIRCLE ( 'NONE', #1370, 0.1499999999999999667 ) ;
#4570 = MECHANICAL_DESIGN_GEOMETRIC_PRESENTATION_REPRESENTATION (  '', ( #8984 ), #7817 ) ;
#4571 = DIRECTION ( 'NONE',  ( 1.000000000000000000, 0.0000000000000000000, 0.0000000000000000000 ) ) ;
#4572 = DIRECTION ( 'NONE',  ( 0.0000000000000000000, 0.0000000000000000000, -1.000000000000000000 ) ) ;
#4573 = FACE_OUTER_BOUND ( 'NONE', #1780, .T. ) ;
#4574 = AXIS2_PLACEMENT_3D ( 'NONE', #2593, #4083, #5050 ) ;
#4575 = DIRECTION ( 'NONE',  ( 1.000000000000000000, 0.0000000000000000000, 0.0000000000000000000 ) ) ;
#4576 = PRESENTATION_LAYER_ASSIGNMENT (  '', '', ( #527 ) ) ;
#4577 = ORIENTED_EDGE ( 'NONE', *, *, #1164, .T. ) ;
#4578 = SURFACE_SIDE_STYLE ('',( #3550 ) ) ;
#4579 = DIRECTION ( 'NONE',  ( 0.0000000000000000000, 0.0000000000000000000, -1.000000000000000000 ) ) ;
#4580 = MECHANICAL_DESIGN_GEOMETRIC_PRESENTATION_REPRESENTATION (  '', ( #5782 ), #1058 ) ;
#4581 = CIRCLE ( 'NONE', #7043, 0.1414213562373092536 ) ;
#4582 = DIRECTION ( 'NONE',  ( -0.0000000000000000000, -1.000000000000000000, -0.0000000000000000000 ) ) ;
#4583 = EDGE_CURVE ( 'NONE', #9014, #3756, #6742, .T. ) ;
#4584 = DIRECTION ( 'NONE',  ( 0.0000000000000000000, 0.0000000000000000000, 1.000000000000000000 ) ) ;
#4585 = ADVANCED_FACE ( 'NONE', ( #2459 ), #6022, .T. ) ;
#4586 = ORIENTED_EDGE ( 'NONE', *, *, #7489, .T. ) ;
#4587 = CIRCLE ( 'NONE', #8724, 0.1499999999999999667 ) ;
#4588 = DIRECTION ( 'NONE',  ( -0.0000000000000000000, -1.000000000000000000, -0.0000000000000000000 ) ) ;
#4589 = CARTESIAN_POINT ( 'NONE',  ( 3.200000000000000622, 0.1499999999999999667, 4.000000000000000000 ) ) ;
#4590 = CLOSED_SHELL ( 'NONE', ( #6835, #8702, #9723 ) ) ;
#4591 = CARTESIAN_POINT ( 'NONE',  ( -3.999999999999999112, 0.0000000000000000000, -1.599999999999999867 ) ) ;
#4592 = STYLED_ITEM ( 'NONE', ( #2614 ), #9711 ) ;
#4593 = SURFACE_SIDE_STYLE ('',( #1485 ) ) ;
#4594 = ORIENTED_EDGE ( 'NONE', *, *, #1742, .F. ) ;
#4595 = DIRECTION ( 'NONE',  ( -0.0000000000000000000, -1.000000000000000000, -0.0000000000000000000 ) ) ;
#4596 = UNCERTAINTY_MEASURE_WITH_UNIT (LENGTH_MEASURE( 1.000000000000000082E-05 ), #9252, 'distance_accuracy_value', 'NONE');
#4597 = FILL_AREA_STYLE_COLOUR ( '', #5868 ) ;
#4598 = FILL_AREA_STYLE_COLOUR ( '', #3132 ) ;
#4599 = CIRCLE ( 'NONE', #7769, 0.1499999999999999667 ) ;
#4600 = CARTESIAN_POINT ( 'NONE',  ( 3.200000000000000622, 0.1499999999999999667, 2.400000000000000355 ) ) ;
#4601 = DIRECTION ( 'NONE',  ( 0.0000000000000000000, 0.0000000000000000000, 1.000000000000000000 ) ) ;
#4602 = SPHERICAL_SURFACE ( 'NONE', #1847, 0.1499999999999999667 ) ;
#4603 = AXIS2_PLACEMENT_3D ( 'NONE', #3575, #7479, #2076 ) ;
#4604 = ORIENTED_EDGE ( 'NONE', *, *, #5280, .T. ) ;
#4605 = AXIS2_PLACEMENT_3D ( 'NONE', #9209, #8444, #7638 ) ;
#4606 = ORIENTED_EDGE ( 'NONE', *, *, #6677, .F. ) ;
#4607 = CIRCLE ( 'NONE', #1445, 0.1499999999999999667 ) ;
#4608 = CARTESIAN_POINT ( 'NONE',  ( -3.199999999999999734, 0.2000000000000005107, -0.8000000000000003775 ) ) ;
#4609 = DIRECTION ( 'NONE',  ( 1.000000000000000000, 0.0000000000000000000, 0.0000000000000000000 ) ) ;
#4610 = AXIS2_PLACEMENT_3D ( 'NONE', #4892, #6386, #7982 ) ;
#4611 = ADVANCED_FACE ( 'NONE', ( #8022 ), #5544, .T. ) ;
#4612 = ORIENTED_EDGE ( 'NONE', *, *, #8500, .T. ) ;
#4613 = EDGE_CURVE ( 'NONE', #330, #778, #4729, .T. ) ;
#4614 = DIRECTION ( 'NONE',  ( 0.0000000000000000000, 0.0000000000000000000, -1.000000000000000000 ) ) ;
#4615 = ORIENTED_EDGE ( 'NONE', *, *, #5843, .T. ) ;
#4616 = CIRCLE ( 'NONE', #1498, 0.1499999999999999667 ) ;
#4617 = CARTESIAN_POINT ( 'NONE',  ( -1.599999999999999867, 0.1499999999999999667, 4.000000000000000000 ) ) ;
#4618 = AXIS2_PLACEMENT_3D ( 'NONE', #5430, #3151, #1695 ) ;
#4619 = DIRECTION ( 'NONE',  ( 0.0000000000000000000, 0.0000000000000000000, -1.000000000000000000 ) ) ;
#4620 = CARTESIAN_POINT ( 'NONE',  ( 2.400000000000002132, 0.2000000000000005107, -1.599999999999999867 ) ) ;
#4621 = DIRECTION ( 'NONE',  ( 0.0000000000000000000, 0.0000000000000000000, -1.000000000000000000 ) ) ;
#4622 = CIRCLE ( 'NONE', #9459, 0.1414213562373092536 ) ;
#4623 = ORIENTED_EDGE ( 'NONE', *, *, #5535, .T. ) ;
#4624 = AXIS2_PLACEMENT_3D ( 'NONE', #8641, #3298, #5512 ) ;
#4625 = CIRCLE ( 'NONE', #5898, 0.1499999999999999667 ) ;
#4626 = CIRCLE ( 'NONE', #7249, 0.1414213562373096977 ) ;
#4627 = DIRECTION ( 'NONE',  ( 1.000000000000000000, 0.0000000000000000000, 0.0000000000000000000 ) ) ;
#4628 = DIRECTION ( 'NONE',  ( 0.0000000000000000000, 0.0000000000000000000, -1.000000000000000000 ) ) ;
#4629 = DIRECTION ( 'NONE',  ( -0.0000000000000000000, -0.0000000000000000000, 1.000000000000000000 ) ) ;
#4630 = FILL_AREA_STYLE ('',( #9141 ) ) ;
#4631 = DIRECTION ( 'NONE',  ( 0.0000000000000000000, 0.0000000000000000000, 1.000000000000000000 ) ) ;
#4632 = DIRECTION ( 'NONE',  ( 1.000000000000000000, 0.0000000000000000000, 0.0000000000000000000 ) ) ;
#4633 = DIRECTION ( 'NONE',  ( 0.0000000000000000000, 0.0000000000000000000, -1.000000000000000000 ) ) ;
#4634 =( LENGTH_UNIT ( ) NAMED_UNIT ( * ) SI_UNIT ( .MILLI., .METRE. ) );
#4635 = ORIENTED_EDGE ( 'NONE', *, *, #529, .T. ) ;
#4636 = ADVANCED_FACE ( 'NONE', ( #1776 ), #4961, .T. ) ;
#4637 = AXIS2_PLACEMENT_3D ( 'NONE', #4813, #3293, #5574 ) ;
#4638 = DIRECTION ( 'NONE',  ( 1.000000000000000000, -2.891205793294679411E-15, 0.0000000000000000000 ) ) ;
#4639 = DIRECTION ( 'NONE',  ( 1.000000000000000000, 0.0000000000000000000, 0.0000000000000000000 ) ) ;
#4640 = DIRECTION ( 'NONE',  ( 0.0000000000000000000, 0.0000000000000000000, -1.000000000000000000 ) ) ;
#4641 = VERTEX_POINT ( 'NONE', #8266 ) ;
#4642 = EDGE_CURVE ( 'NONE', #3303, #69, #8497, .T. ) ;
#4643 = FILL_AREA_STYLE ('',( #6842 ) ) ;
#4644 = DIRECTION ( 'NONE',  ( 1.224646799147353207E-16, -3.540705920434613265E-31, -1.000000000000000000 ) ) ;
#4645 = CIRCLE ( 'NONE', #2911, 0.1414213562373092536 ) ;
#4646 = EDGE_CURVE ( 'NONE', #5906, #7454, #2935, .T. ) ;
#4647 = CARTESIAN_POINT ( 'NONE',  ( -3.999999999999999112, 0.1499999999999999667, -2.400000000000000355 ) ) ;
#4648 = AXIS2_PLACEMENT_3D ( 'NONE', #3471, #4230, #8696 ) ;
#4649 = ORIENTED_EDGE ( 'NONE', *, *, #2349, .F. ) ;
#4650 =( NAMED_UNIT ( * ) SI_UNIT ( $, .STERADIAN. ) SOLID_ANGLE_UNIT ( ) );
#4651 = UNCERTAINTY_MEASURE_WITH_UNIT (LENGTH_MEASURE( 1.000000000000000082E-05 ), #8990, 'distance_accuracy_value', 'NONE');
#4652 = SPHERICAL_SURFACE ( 'NONE', #2304, 0.1499999999999999667 ) ;
#4653 = AXIS2_PLACEMENT_3D ( 'NONE', #9542, #1958, #8771 ) ;
#4654 = ORIENTED_EDGE ( 'NONE', *, *, #1538, .T. ) ;
#4655 = COLOUR_RGB ( '',0.7921568627450980005, 0.8196078431372548767, 0.9333333333333333481 ) ;
#4656 = DIRECTION ( 'NONE',  ( 0.0000000000000000000, 0.0000000000000000000, -1.000000000000000000 ) ) ;
#4657 = AXIS2_PLACEMENT_3D ( 'NONE', #8471, #855, #961 ) ;
#4658 = SURFACE_STYLE_USAGE ( .BOTH. , #1682 ) ;
#4659 = ADVANCED_FACE ( 'NONE', ( #6496 ), #9532, .T. ) ;
#4660 = ORIENTED_EDGE ( 'NONE', *, *, #9558, .F. ) ;
#4661 = PLANE ( 'NONE',  #3554 ) ;
#4662 = DIRECTION ( 'NONE',  ( 0.0000000000000000000, 0.0000000000000000000, -1.000000000000000000 ) ) ;
#4663 = DIRECTION ( 'NONE',  ( -1.000000000000000000, 0.0000000000000000000, 0.0000000000000000000 ) ) ;
#4664 = MANIFOLD_SOLID_BREP ( 'Sketch-Pattern1[105]', #7708 ) ;
#4665 = DIRECTION ( 'NONE',  ( 0.0000000000000000000, 0.0000000000000000000, -1.000000000000000000 ) ) ;
#4666 = PRESENTATION_STYLE_ASSIGNMENT (( #4471 ) ) ;
#4667 = PRESENTATION_STYLE_ASSIGNMENT (( #1991 ) ) ;
#4668 = VERTEX_POINT ( 'NONE', #777 ) ;
#4669 = PRESENTATION_STYLE_ASSIGNMENT (( #6044 ) ) ;
#4670 = CARTESIAN_POINT ( 'NONE',  ( -3.999999999999999112, 0.1499999999999999667, -0.8000000000000003775 ) ) ;
#4671 = DIRECTION ( 'NONE',  ( 0.0000000000000000000, 0.0000000000000000000, 1.000000000000000000 ) ) ;
#4672 = CARTESIAN_POINT ( 'NONE',  ( -0.7999999999999994893, 0.2000000000000005107, 3.200000000000000178 ) ) ;
#4673 = DIRECTION ( 'NONE',  ( 1.000000000000000000, -2.891205793294679411E-15, 0.0000000000000000000 ) ) ;
#4674 = STYLED_ITEM ( 'NONE', ( #9469 ), #1624 ) ;
#4675 = COLOUR_RGB ( '',0.7921568627450980005, 0.8196078431372548767, 0.9333333333333333481 ) ;
#4676 = PLANE ( 'NONE',  #9064 ) ;
#4677 = FACE_OUTER_BOUND ( 'NONE', #3237, .T. ) ;
#4678 = ORIENTED_EDGE ( 'NONE', *, *, #4008, .F. ) ;
#4679 = SPHERICAL_SURFACE ( 'NONE', #8068, 0.1499999999999999667 ) ;
#4680 = AXIS2_PLACEMENT_3D ( 'NONE', #4732, #7128, #930 ) ;
#4681 = DIRECTION ( 'NONE',  ( 0.0000000000000000000, -1.000000000000000000, -0.0000000000000000000 ) ) ;
#4682 = CARTESIAN_POINT ( 'NONE',  ( 4.000000000000002665, 0.1499999999999999667, -3.200000000000000622 ) ) ;
#4683 = CIRCLE ( 'NONE', #2179, 0.1414213562373092536 ) ;
#4684 =( NAMED_UNIT ( * ) SI_UNIT ( $, .STERADIAN. ) SOLID_ANGLE_UNIT ( ) );
#4685 = ADVANCED_FACE ( 'NONE', ( #3998 ), #3774, .T. ) ;
#4686 = CARTESIAN_POINT ( 'NONE',  ( 2.400000000000002132, 0.2000000000000005107, -3.200000000000000622 ) ) ;
#4687 = VERTEX_POINT ( 'NONE', #2306 ) ;
#4688 = PRESENTATION_STYLE_ASSIGNMENT (( #5927 ) ) ;
#4689 = VERTEX_POINT ( 'NONE', #5203 ) ;
#4690 = DIRECTION ( 'NONE',  ( 0.0000000000000000000, -1.000000000000000000, -0.0000000000000000000 ) ) ;
#4691 = FACE_OUTER_BOUND ( 'NONE', #8325, .T. ) ;
#4692 = DIRECTION ( 'NONE',  ( 0.0000000000000000000, 0.0000000000000000000, -1.000000000000000000 ) ) ;
#4693 = DIRECTION ( 'NONE',  ( -1.000000000000000000, 0.0000000000000000000, 0.0000000000000000000 ) ) ;
#4694 =( LENGTH_UNIT ( ) NAMED_UNIT ( * ) SI_UNIT ( .MILLI., .METRE. ) );
#4695 = DIRECTION ( 'NONE',  ( 0.0000000000000000000, 0.0000000000000000000, -1.000000000000000000 ) ) ;
#4696 = CARTESIAN_POINT ( 'NONE',  ( -0.7999999999999994893, 0.1499999999999999667, 4.000000000000000000 ) ) ;
#4697 =( GEOMETRIC_REPRESENTATION_CONTEXT ( 3 ) GLOBAL_UNCERTAINTY_ASSIGNED_CONTEXT ( ( #8034 ) ) GLOBAL_UNIT_ASSIGNED_CONTEXT ( ( #8404, #6884, #9165 ) ) REPRESENTATION_CONTEXT ( 'NONE', 'WORKASPACE' ) );
#4698 = CARTESIAN_POINT ( 'NONE',  ( 0.6585786437626919287, 0.2000000000000005107, -1.599999999999999867 ) ) ;
#4699 = ADVANCED_FACE ( 'NONE', ( #1073 ), #6846, .F. ) ;
#4700 = EDGE_LOOP ( 'NONE', ( #3647, #1046 ) ) ;
#4701 = CARTESIAN_POINT ( 'NONE',  ( 3.058578643762691396, 0.2000000000000005107, -2.400000000000000355 ) ) ;
#4702 = SURFACE_STYLE_FILL_AREA ( #11 ) ;
#4703 = STYLED_ITEM ( 'NONE', ( #1281 ), #7449 ) ;
#4704 = AXIS2_PLACEMENT_3D ( 'NONE', #1657, #2364, #213 ) ;
#4705 = EDGE_CURVE ( 'NONE', #8700, #5805, #2329, .T. ) ;
#4706 = ORIENTED_EDGE ( 'NONE', *, *, #1505, .F. ) ;
#4707 = DIRECTION ( 'NONE',  ( 1.000000000000000000, 0.0000000000000000000, 0.0000000000000000000 ) ) ;
#4708 = DIRECTION ( 'NONE',  ( -1.000000000000000000, 0.0000000000000000000, 0.0000000000000000000 ) ) ;
#4709 = CARTESIAN_POINT ( 'NONE',  ( -0.7999999999999994893, 0.1499999999999999667, 2.400000000000000355 ) ) ;
#4710 = ORIENTED_EDGE ( 'NONE', *, *, #2337, .T. ) ;
#4711 = SPHERICAL_SURFACE ( 'NONE', #2777, 0.1499999999999999667 ) ;
#4712 = EDGE_CURVE ( 'NONE', #4005, #4687, #3875, .T. ) ;
#4713 = VERTEX_POINT ( 'NONE', #8235 ) ;
#4714 = VERTEX_POINT ( 'NONE', #6184 ) ;
#4715 = ADVANCED_FACE ( 'NONE', ( #4456 ), #5656, .T. ) ;
#4716 = CIRCLE ( 'NONE', #9473, 0.1414213562373092536 ) ;
#4717 = VERTEX_POINT ( 'NONE', #7700 ) ;
#4718 = CARTESIAN_POINT ( 'NONE',  ( -0.7999999999999994893, 0.1499999999999999667, 2.400000000000000355 ) ) ;
#4719 = ORIENTED_EDGE ( 'NONE', *, *, #6548, .T. ) ;
#4720 = AXIS2_PLACEMENT_3D ( 'NONE', #710, #9089, #5233 ) ;
#4721 = EDGE_CURVE ( 'NONE', #5278, #225, #4599, .T. ) ;
#4722 =( LENGTH_UNIT ( ) NAMED_UNIT ( * ) SI_UNIT ( .MILLI., .METRE. ) );
#4723 = ORIENTED_EDGE ( 'NONE', *, *, #9730, .F. ) ;
#4724 = CARTESIAN_POINT ( 'NONE',  ( 0.8000000000000003775, 0.2000000000000005107, 3.200000000000000178 ) ) ;
#4725 = AXIS2_PLACEMENT_3D ( 'NONE', #8013, #1130, #4245 ) ;
#4726 = ORIENTED_EDGE ( 'NONE', *, *, #1336, .T. ) ;
#4727 = MANIFOLD_SOLID_BREP ( 'Sketch-Pattern1[38]', #8732 ) ;
#4728 = PRESENTATION_STYLE_ASSIGNMENT (( #8999 ) ) ;
#4729 = CIRCLE ( 'NONE', #9066, 0.1499999999999999667 ) ;
#4730 = DIRECTION ( 'NONE',  ( 0.0000000000000000000, 0.0000000000000000000, -1.000000000000000000 ) ) ;
#4731 = CIRCLE ( 'NONE', #8106, 0.1499999999999999667 ) ;
#4732 = CARTESIAN_POINT ( 'NONE',  ( -3.199999999999999734, 0.2000000000000005107, 2.400000000000000355 ) ) ;
#4733 = AXIS2_PLACEMENT_3D ( 'NONE', #1385, #5247, #9680 ) ;
#4734 = CARTESIAN_POINT ( 'NONE',  ( 0.7999999999999999334, 0.0000000000000000000, 3.200000000000000178 ) ) ;
#4735 = ORIENTED_EDGE ( 'NONE', *, *, #5706, .T. ) ;
#4736 = DIRECTION ( 'NONE',  ( -0.0000000000000000000, -1.000000000000000000, -0.0000000000000000000 ) ) ;
#4737 = VERTEX_POINT ( 'NONE', #4746 ) ;
#4738 = CARTESIAN_POINT ( 'NONE',  ( 1.600000000000000755, 0.1499999999999999667, -1.599999999999999867 ) ) ;
#4739 = PRESENTATION_LAYER_ASSIGNMENT (  '', '', ( #4021 ) ) ;
#4740 = ORIENTED_EDGE ( 'NONE', *, *, #8876, .T. ) ;
#4741 = ADVANCED_FACE ( 'NONE', ( #938 ), #579, .T. ) ;
#4742 = PRESENTATION_STYLE_ASSIGNMENT (( #2397 ) ) ;
#4743 = ORIENTED_EDGE ( 'NONE', *, *, #9049, .F. ) ;
#4744 = DIRECTION ( 'NONE',  ( -0.0000000000000000000, -1.000000000000000000, -0.0000000000000000000 ) ) ;
#4745 = EDGE_CURVE ( 'NONE', #8209, #2943, #1634, .T. ) ;
#4746 = CARTESIAN_POINT ( 'NONE',  ( -3.999999999999999112, 0.0000000000000000000, -4.000000000000000000 ) ) ;
#4747 = ADVANCED_FACE ( 'NONE', ( #6866 ), #7435, .T. ) ;
#4748 = DIRECTION ( 'NONE',  ( -0.0000000000000000000, -1.000000000000000000, -0.0000000000000000000 ) ) ;
#4749 = AXIS2_PLACEMENT_3D ( 'NONE', #3901, #8393, #4673 ) ;
#4750 = ORIENTED_EDGE ( 'NONE', *, *, #4365, .T. ) ;
#4751 = DIRECTION ( 'NONE',  ( 0.0000000000000000000, 0.0000000000000000000, -1.000000000000000000 ) ) ;
#4752 = SURFACE_STYLE_FILL_AREA ( #7767 ) ;
#4753 =( NAMED_UNIT ( * ) PLANE_ANGLE_UNIT ( ) SI_UNIT ( $, .RADIAN. ) );
#4754 = DIRECTION ( 'NONE',  ( -0.0000000000000000000, -1.000000000000000000, -0.0000000000000000000 ) ) ;
#4755 = MECHANICAL_DESIGN_GEOMETRIC_PRESENTATION_REPRESENTATION (  '', ( #505 ), #5253 ) ;
#4756 = CARTESIAN_POINT ( 'NONE',  ( 2.400000000000000355, 0.2000000000000005107, 2.400000000000000355 ) ) ;
#4757 = ORIENTED_EDGE ( 'NONE', *, *, #4712, .F. ) ;
#4758 = CIRCLE ( 'NONE', #1715, 0.1499999999999999667 ) ;
#4759 = DIRECTION ( 'NONE',  ( 1.000000000000000000, -2.891205793294679411E-15, 0.0000000000000000000 ) ) ;
#4760 = CARTESIAN_POINT ( 'NONE',  ( -4.000000000000000000, 0.2000000000000005107, 3.200000000000000178 ) ) ;
#4761 = FILL_AREA_STYLE ('',( #4833 ) ) ;
#4762 = CARTESIAN_POINT ( 'NONE',  ( 3.200000000000000622, 0.2000000000000005107, 2.400000000000000355 ) ) ;
#4763 = EDGE_CURVE ( 'NONE', #7909, #6376, #9196, .T. ) ;
#4764 = DIRECTION ( 'NONE',  ( 0.0000000000000000000, 0.0000000000000000000, -1.000000000000000000 ) ) ;
#4765 = ORIENTED_EDGE ( 'NONE', *, *, #2997, .T. ) ;
#4766 = SPHERICAL_SURFACE ( 'NONE', #5800, 0.1499999999999999667 ) ;
#4767 = AXIS2_PLACEMENT_3D ( 'NONE', #1407, #8205, #2957 ) ;
#4768 = SURFACE_STYLE_USAGE ( .BOTH. , #1661 ) ;
#4769 = DIRECTION ( 'NONE',  ( 1.000000000000000000, 0.0000000000000000000, 0.0000000000000000000 ) ) ;
#4770 = PRESENTATION_LAYER_ASSIGNMENT (  '', '', ( #6109 ) ) ;
#4771 = CARTESIAN_POINT ( 'NONE',  ( -1.599999999999999867, 0.2000000000000005107, -0.8000000000000003775 ) ) ;
#4772 = AXIS2_PLACEMENT_3D ( 'NONE', #150, #5321, #8481 ) ;
#4773 = AXIS2_PLACEMENT_3D ( 'NONE', #7697, #6107, #6992 ) ;
#4774 = EDGE_CURVE ( 'NONE', #7718, #7439, #2809, .T. ) ;
#4775 = ORIENTED_EDGE ( 'NONE', *, *, #9722, .F. ) ;
#4776 = DIRECTION ( 'NONE',  ( 1.000000000000000000, -2.891205793294679411E-15, 0.0000000000000000000 ) ) ;
#4777 = UNCERTAINTY_MEASURE_WITH_UNIT (LENGTH_MEASURE( 1.000000000000000082E-05 ), #910, 'distance_accuracy_value', 'NONE');
#4778 = SPHERICAL_SURFACE ( 'NONE', #4394, 0.1499999999999999667 ) ;
#4779 = CARTESIAN_POINT ( 'NONE',  ( -1.741421356237309093, 0.2000000000000005107, 3.200000000000000178 ) ) ;
#4780 = CARTESIAN_POINT ( 'NONE',  ( -3.200000000000000178, 0.0000000000000000000, 1.599999999999999867 ) ) ;
#4781 = EDGE_CURVE ( 'NONE', #6257, #6489, #3057, .T. ) ;
#4782 = DIRECTION ( 'NONE',  ( 0.0000000000000000000, 0.0000000000000000000, -1.000000000000000000 ) ) ;
#4783 = ORIENTED_EDGE ( 'NONE', *, *, #4893, .F. ) ;
#4784 = DIRECTION ( 'NONE',  ( -1.000000000000000000, 0.0000000000000000000, 0.0000000000000000000 ) ) ;
#4785 = CIRCLE ( 'NONE', #7434, 0.1414213562373092536 ) ;
#4786 = AXIS2_PLACEMENT_3D ( 'NONE', #8182, #7676, #8377 ) ;
#4787 = ADVANCED_FACE ( 'NONE', ( #9415 ), #5421, .T. ) ;
#4788 = ORIENTED_EDGE ( 'NONE', *, *, #9373, .F. ) ;
#4789 = CIRCLE ( 'NONE', #8450, 0.1499999999999999667 ) ;
#4790 = DIRECTION ( 'NONE',  ( 1.000000000000000000, 0.0000000000000000000, 0.0000000000000000000 ) ) ;
#4791 = MANIFOLD_SOLID_BREP ( 'Sketch-Pattern1[13]', #2080 ) ;
#4792 = DIRECTION ( 'NONE',  ( 0.0000000000000000000, -1.000000000000000000, -0.0000000000000000000 ) ) ;
#4793 = CARTESIAN_POINT ( 'NONE',  ( 1.599999999999999867, 0.1499999999999999667, 3.200000000000000178 ) ) ;
#4794 = DIRECTION ( 'NONE',  ( -0.0000000000000000000, -1.000000000000000000, -0.0000000000000000000 ) ) ;
#4795 = MECHANICAL_DESIGN_GEOMETRIC_PRESENTATION_REPRESENTATION (  '', ( #8322 ), #4075 ) ;
#4796 = CARTESIAN_POINT ( 'NONE',  ( 3.999999999999999112, 0.2000000000000005107, 2.400000000000000355 ) ) ;
#4797 = CARTESIAN_POINT ( 'NONE',  ( -2.258578643762690241, 0.2000000000000005107, 6.086346753639119761E-18 ) ) ;
#4798 = SPHERICAL_SURFACE ( 'NONE', #5914, 0.1499999999999999667 ) ;
#4799 = AXIS2_PLACEMENT_3D ( 'NONE', #2426, #932, #4548 ) ;
#4800 = CARTESIAN_POINT ( 'NONE',  ( 3.999999999999999112, 0.1499999999999999667, 6.086346753639119761E-18 ) ) ;
#4801 = ORIENTED_EDGE ( 'NONE', *, *, #6098, .F. ) ;
#4802 = PLANE ( 'NONE',  #7340 ) ;
#4803 = AXIS2_PLACEMENT_3D ( 'NONE', #7401, #6650, #5813 ) ;
#4804 = AXIS2_PLACEMENT_3D ( 'NONE', #9638, #7394, #9567 ) ;
#4805 = EDGE_LOOP ( 'NONE', ( #622, #6917, #3037 ) ) ;
#4806 = SPHERICAL_SURFACE ( 'NONE', #4057, 0.1499999999999999667 ) ;
#4807 = DIRECTION ( 'NONE',  ( 0.0000000000000000000, -1.000000000000000000, -0.0000000000000000000 ) ) ;
#4808 = ORIENTED_EDGE ( 'NONE', *, *, #8275, .F. ) ;
#4809 = CARTESIAN_POINT ( 'NONE',  ( 5.000000000000000888, 1.699999999999999956, -4.999999999999999112 ) ) ;
#4810 = VERTEX_POINT ( 'NONE', #1668 ) ;
#4811 = AXIS2_PLACEMENT_3D ( 'NONE', #5989, #8931, #3640 ) ;
#4812 = STYLED_ITEM ( 'NONE', ( #5649 ), #4969 ) ;
#4813 = CARTESIAN_POINT ( 'NONE',  ( 1.600000000000000755, 0.1499999999999999667, -0.8000000000000003775 ) ) ;
#4814 = SURFACE_SIDE_STYLE ('',( #582 ) ) ;
#4815 = SURFACE_STYLE_FILL_AREA ( #8826 ) ;
#4816 = DIRECTION ( 'NONE',  ( 0.0000000000000000000, 0.0000000000000000000, -1.000000000000000000 ) ) ;
#4817 = ORIENTED_EDGE ( 'NONE', *, *, #7116, .T. ) ;
#4818 = ORIENTED_EDGE ( 'NONE', *, *, #9649, .F. ) ;
#4819 = AXIS2_PLACEMENT_3D ( 'NONE', #6789, #9679, #688 ) ;
#4820 = DIRECTION ( 'NONE',  ( 0.0000000000000000000, 0.0000000000000000000, 1.000000000000000000 ) ) ;
#4821 = COLOUR_RGB ( '',0.7921568627450980005, 0.8196078431372548767, 0.9333333333333333481 ) ;
#4822 = FILL_AREA_STYLE ('',( #8644 ) ) ;
#4823 = DIRECTION ( 'NONE',  ( -0.0000000000000000000, -1.000000000000000000, -0.0000000000000000000 ) ) ;
#4824 = DIRECTION ( 'NONE',  ( -1.000000000000000000, 0.0000000000000000000, 0.0000000000000000000 ) ) ;
#4825 = VERTEX_POINT ( 'NONE', #7209 ) ;
#4826 = CIRCLE ( 'NONE', #4467, 0.1499999999999999667 ) ;
#4827 = EDGE_LOOP ( 'NONE', ( #7134, #1284 ) ) ;
#4828 = DIRECTION ( 'NONE',  ( -0.0000000000000000000, -1.000000000000000000, -0.0000000000000000000 ) ) ;
#4829 = DIRECTION ( 'NONE',  ( 0.0000000000000000000, 0.0000000000000000000, -1.000000000000000000 ) ) ;
#4830 = ORIENTED_EDGE ( 'NONE', *, *, #5982, .F. ) ;
#4831 = CARTESIAN_POINT ( 'NONE',  ( -3.199999999999999734, 0.1499999999999999667, 3.200000000000000178 ) ) ;
#4832 = DIRECTION ( 'NONE',  ( 1.000000000000000000, -2.891205793294679411E-15, 0.0000000000000000000 ) ) ;
#4833 = FILL_AREA_STYLE_COLOUR ( '', #8757 ) ;
#4834 = DIRECTION ( 'NONE',  ( -1.000000000000000000, 0.0000000000000000000, 0.0000000000000000000 ) ) ;
#4835 = VERTEX_POINT ( 'NONE', #1737 ) ;
#4836 = MECHANICAL_DESIGN_GEOMETRIC_PRESENTATION_REPRESENTATION (  '', ( #6362 ), #5197 ) ;
#4837 =( LENGTH_UNIT ( ) NAMED_UNIT ( * ) SI_UNIT ( .MILLI., .METRE. ) );
#4838 = CIRCLE ( 'NONE', #6159, 0.1499999999999999667 ) ;
#4839 = UNCERTAINTY_MEASURE_WITH_UNIT (LENGTH_MEASURE( 1.000000000000000082E-05 ), #1788, 'distance_accuracy_value', 'NONE');
#4840 = VERTEX_POINT ( 'NONE', #8640 ) ;
#4841 = ADVANCED_FACE ( 'NONE', ( #6620 ), #8367, .T. ) ;
#4842 = EDGE_CURVE ( 'NONE', #1392, #5877, #1517, .T. ) ;
#4843 = ORIENTED_EDGE ( 'NONE', *, *, #7373, .T. ) ;
#4844 = PLANE ( 'NONE',  #5209 ) ;
#4845 = PRESENTATION_STYLE_ASSIGNMENT (( #3192 ) ) ;
#4846 = CARTESIAN_POINT ( 'NONE',  ( 1.600000000000000755, 0.2000000000000005107, -0.8000000000000003775 ) ) ;
#4847 = EDGE_CURVE ( 'NONE', #69, #3303, #8616, .T. ) ;
#4848 = VERTEX_POINT ( 'NONE', #4779 ) ;
#4849 = DIRECTION ( 'NONE',  ( -1.000000000000000000, 0.0000000000000000000, 0.0000000000000000000 ) ) ;
#4850 = ORIENTED_EDGE ( 'NONE', *, *, #6545, .F. ) ;
#4851 = AXIS2_PLACEMENT_3D ( 'NONE', #8171, #7517, #8912 ) ;
#4852 = ORIENTED_EDGE ( 'NONE', *, *, #406, .F. ) ;
#4853 = DIRECTION ( 'NONE',  ( 1.000000000000000000, 0.0000000000000000000, 0.0000000000000000000 ) ) ;
#4854 = MANIFOLD_SOLID_BREP ( 'Sketch-Pattern1[37]', #8363 ) ;
#4855 = PLANE ( 'NONE',  #6855 ) ;
#4856 = CARTESIAN_POINT ( 'NONE',  ( 3.200000000000000622, 0.2000000000000005107, 1.599999999999999867 ) ) ;
#4857 =( GEOMETRIC_REPRESENTATION_CONTEXT ( 3 ) GLOBAL_UNCERTAINTY_ASSIGNED_CONTEXT ( ( #8274 ) ) GLOBAL_UNIT_ASSIGNED_CONTEXT ( ( #6280, #5477, #2448 ) ) REPRESENTATION_CONTEXT ( 'NONE', 'WORKASPACE' ) );
#4858 = ORIENTED_EDGE ( 'NONE', *, *, #104, .T. ) ;
#4859 = DIRECTION ( 'NONE',  ( 1.224646799147353207E-16, -3.540705920434613265E-31, -1.000000000000000000 ) ) ;
#4860 = STYLED_ITEM ( 'NONE', ( #6346 ), #980 ) ;
#4861 = ORIENTED_EDGE ( 'NONE', *, *, #8109, .F. ) ;
#4862 = AXIS2_PLACEMENT_3D ( 'NONE', #6142, #8423, #3084 ) ;
#4863 = ORIENTED_EDGE ( 'NONE', *, *, #5905, .F. ) ;
#4864 = CARTESIAN_POINT ( 'NONE',  ( 2.600000000000000533, 0.2000000000000005107, -4.999999999999999112 ) ) ;
#4865 = PLANE ( 'NONE',  #5415 ) ;
#4866 = DIRECTION ( 'NONE',  ( 0.0000000000000000000, 0.0000000000000000000, -1.000000000000000000 ) ) ;
#4867 = FILL_AREA_STYLE_COLOUR ( '', #9228 ) ;
#4868 = CARTESIAN_POINT ( 'NONE',  ( -4.999999999999999112, -14.14213562373094923, 5.000000000000001776 ) ) ;
#4869 = EDGE_LOOP ( 'NONE', ( #1785, #439 ) ) ;
#4870 = SURFACE_STYLE_FILL_AREA ( #3657 ) ;
#4871 = SPHERICAL_SURFACE ( 'NONE', #5179, 0.1499999999999999667 ) ;
#4872 = AXIS2_PLACEMENT_3D ( 'NONE', #3288, #1116, #1172 ) ;
#4873 = FACE_OUTER_BOUND ( 'NONE', #5182, .T. ) ;
#4874 = CARTESIAN_POINT ( 'NONE',  ( 3.200000000000000622, 0.1499999999999999667, 4.000000000000000000 ) ) ;
#4875 = DIRECTION ( 'NONE',  ( 1.000000000000000000, 0.0000000000000000000, 0.0000000000000000000 ) ) ;
#4876 = ORIENTED_EDGE ( 'NONE', *, *, #6430, .T. ) ;
#4877 = CARTESIAN_POINT ( 'NONE',  ( -0.7999999999999999334, 0.0000000000000000000, -0.8000000000000003775 ) ) ;
#4878 = DIRECTION ( 'NONE',  ( 0.0000000000000000000, 0.0000000000000000000, -1.000000000000000000 ) ) ;
#4879 = EDGE_CURVE ( 'NONE', #3957, #9371, #804, .T. ) ;
#4880 = MECHANICAL_DESIGN_GEOMETRIC_PRESENTATION_REPRESENTATION (  '', ( #195 ), #2005 ) ;
#4881 = ORIENTED_EDGE ( 'NONE', *, *, #683, .T. ) ;
#4882 = CARTESIAN_POINT ( 'NONE',  ( -1.458578643762690641, 0.2000000000000005107, 3.200000000000000178 ) ) ;
#4883 = COLOUR_RGB ( '',0.7921568627450980005, 0.8196078431372548767, 0.9333333333333333481 ) ;
#4884 = ADVANCED_FACE ( 'NONE', ( #8606 ), #7182, .F. ) ;
#4885 =( GEOMETRIC_REPRESENTATION_CONTEXT ( 3 ) GLOBAL_UNCERTAINTY_ASSIGNED_CONTEXT ( ( #3487 ) ) GLOBAL_UNIT_ASSIGNED_CONTEXT ( ( #9232, #9738, #6622 ) ) REPRESENTATION_CONTEXT ( 'NONE', 'WORKASPACE' ) );
#4886 = PLANE ( 'NONE',  #1204 ) ;
#4887 = DIRECTION ( 'NONE',  ( 0.0000000000000000000, 0.0000000000000000000, 1.000000000000000000 ) ) ;
#4888 = PRESENTATION_STYLE_ASSIGNMENT (( #4768 ) ) ;
#4889 =( LENGTH_UNIT ( ) NAMED_UNIT ( * ) SI_UNIT ( .MILLI., .METRE. ) );
#4890 = VERTEX_POINT ( 'NONE', #295 ) ;
#4891 = CARTESIAN_POINT ( 'NONE',  ( 0.0000000000000000000, 0.2000000000000005107, 2.400000000000000355 ) ) ;
#4892 = CARTESIAN_POINT ( 'NONE',  ( 0.0000000000000000000, 0.1499999999999999667, 1.599999999999999867 ) ) ;
#4893 = EDGE_CURVE ( 'NONE', #3677, #5153, #1762, .T. ) ;
#4894 = ADVANCED_FACE ( 'NONE', ( #3047 ), #8830, .T. ) ;
#4895 = DIRECTION ( 'NONE',  ( 0.0000000000000000000, 0.0000000000000000000, 1.000000000000000000 ) ) ;
#4896 = ORIENTED_EDGE ( 'NONE', *, *, #7793, .T. ) ;
#4897 = AXIS2_PLACEMENT_3D ( 'NONE', #8546, #9212, #5493 ) ;
#4898 = ORIENTED_EDGE ( 'NONE', *, *, #5479, .T. ) ;
#4899 = UNCERTAINTY_MEASURE_WITH_UNIT (LENGTH_MEASURE( 1.000000000000000082E-05 ), #7713, 'distance_accuracy_value', 'NONE');
#4900 = CARTESIAN_POINT ( 'NONE',  ( -3.999999999999999112, 0.2000000000000005107, -3.200000000000000622 ) ) ;
#4901 = AXIS2_PLACEMENT_3D ( 'NONE', #814, #6112, #3905 ) ;
#4902 = CARTESIAN_POINT ( 'NONE',  ( -3.199999999999999734, 0.0000000000000000000, -1.599999999999999867 ) ) ;
#4903 = DIRECTION ( 'NONE',  ( 0.0000000000000000000, 0.0000000000000000000, -1.000000000000000000 ) ) ;
#4904 = FACE_OUTER_BOUND ( 'NONE', #8947, .T. ) ;
#4905 = EDGE_CURVE ( 'NONE', #9439, #5265, #9750, .T. ) ;
#4906 = DIRECTION ( 'NONE',  ( 1.000000000000000000, -2.891205793294679411E-15, 0.0000000000000000000 ) ) ;
#4907 = CIRCLE ( 'NONE', #7762, 0.1499999999999999667 ) ;
#4908 = CARTESIAN_POINT ( 'NONE',  ( 2.400000000000002132, 0.1499999999999999667, -1.599999999999999867 ) ) ;
#4909 = VERTEX_POINT ( 'NONE', #7919 ) ;
#4910 = AXIS2_PLACEMENT_3D ( 'NONE', #309, #1818, #7806 ) ;
#4911 = DIRECTION ( 'NONE',  ( 1.224646799147353207E-16, -3.540705920434613265E-31, -1.000000000000000000 ) ) ;
#4912 = ORIENTED_EDGE ( 'NONE', *, *, #4223, .T. ) ;
#4913 = CARTESIAN_POINT ( 'NONE',  ( -4.141421356237310114, 0.2000000000000005107, 1.599999999999999867 ) ) ;
#4914 = CIRCLE ( 'NONE', #4725, 0.1499999999999999667 ) ;
#4915 = FILL_AREA_STYLE_COLOUR ( '', #9074 ) ;
#4916 = AXIS2_PLACEMENT_3D ( 'NONE', #3798, #772, #3771 ) ;
#4917 = DIRECTION ( 'NONE',  ( 0.0000000000000000000, 0.0000000000000000000, -1.000000000000000000 ) ) ;
#4918 = CIRCLE ( 'NONE', #5753, 0.1499999999999999667 ) ;
#4919 = CARTESIAN_POINT ( 'NONE',  ( 0.9414213562373096034, 0.2000000000000005107, 4.000000000000000000 ) ) ;
#4920 = AXIS2_PLACEMENT_3D ( 'NONE', #8926, #149, #8351 ) ;
#4921 = DIRECTION ( 'NONE',  ( -0.0000000000000000000, -1.000000000000000000, -0.0000000000000000000 ) ) ;
#4922 = ORIENTED_EDGE ( 'NONE', *, *, #4842, .T. ) ;
#4923 = FILL_AREA_STYLE_COLOUR ( '', #2366 ) ;
#4924 = SURFACE_STYLE_FILL_AREA ( #9146 ) ;
#4925 = VERTEX_POINT ( 'NONE', #4140 ) ;
#4926 = FACE_OUTER_BOUND ( 'NONE', #1886, .T. ) ;
#4927 =( GEOMETRIC_REPRESENTATION_CONTEXT ( 3 ) GLOBAL_UNCERTAINTY_ASSIGNED_CONTEXT ( ( #6365 ) ) GLOBAL_UNIT_ASSIGNED_CONTEXT ( ( #3989, #4082, #7074 ) ) REPRESENTATION_CONTEXT ( 'NONE', 'WORKASPACE' ) );
#4928 = ADVANCED_FACE ( 'NONE', ( #7670 ), #2314, .T. ) ;
#4929 = CIRCLE ( 'NONE', #1840, 0.1414213562373092536 ) ;
#4930 = FILL_AREA_STYLE ('',( #1918 ) ) ;
#4931 = EDGE_CURVE ( 'NONE', #5499, #3687, #2196, .T. ) ;
#4932 = DIRECTION ( 'NONE',  ( 1.000000000000000000, 0.0000000000000000000, 0.0000000000000000000 ) ) ;
#4933 = CLOSED_SHELL ( 'NONE', ( #4747, #2358, #6286 ) ) ;
#4934 = VERTEX_POINT ( 'NONE', #8903 ) ;
#4935 = CIRCLE ( 'NONE', #2079, 0.1499999999999999667 ) ;
#4936 = DIRECTION ( 'NONE',  ( 1.000000000000000000, -2.891205793294679411E-15, 0.0000000000000000000 ) ) ;
#4937 = AXIS2_PLACEMENT_3D ( 'NONE', #7320, #4193, #2003 ) ;
#4938 = COLOUR_RGB ( '',0.7921568627450980005, 0.8196078431372548767, 0.9333333333333333481 ) ;
#4939 = DIRECTION ( 'NONE',  ( 0.0000000000000000000, 0.0000000000000000000, -1.000000000000000000 ) ) ;
#4940 = EDGE_LOOP ( 'NONE', ( #7983, #6019 ) ) ;
#4941 = DIRECTION ( 'NONE',  ( 1.224646799147353207E-16, -3.540705920434613265E-31, -1.000000000000000000 ) ) ;
#4942 = ADVANCED_FACE ( 'NONE', ( #570 ), #1064, .T. ) ;
#4943 = MECHANICAL_DESIGN_GEOMETRIC_PRESENTATION_REPRESENTATION (  '', ( #5069 ), #7126 ) ;
#4944 = ORIENTED_EDGE ( 'NONE', *, *, #192, .F. ) ;
#4945 = CIRCLE ( 'NONE', #1594, 0.1499999999999999667 ) ;
#4946 = DIRECTION ( 'NONE',  ( -0.0000000000000000000, -1.000000000000000000, -0.0000000000000000000 ) ) ;
#4947 = ORIENTED_EDGE ( 'NONE', *, *, #8232, .T. ) ;
#4948 = ORIENTED_EDGE ( 'NONE', *, *, #9348, .F. ) ;
#4949 = SPHERICAL_SURFACE ( 'NONE', #5758, 0.1499999999999999667 ) ;
#4950 = ORIENTED_EDGE ( 'NONE', *, *, #6845, .F. ) ;
#4951 = FACE_OUTER_BOUND ( 'NONE', #3480, .T. ) ;
#4952 = ORIENTED_EDGE ( 'NONE', *, *, #639, .F. ) ;
#4953 = CARTESIAN_POINT ( 'NONE',  ( -0.7999999999999994893, 0.1499999999999999667, 2.400000000000000355 ) ) ;
#4954 = UNCERTAINTY_MEASURE_WITH_UNIT (LENGTH_MEASURE( 1.000000000000000082E-05 ), #268, 'distance_accuracy_value', 'NONE');
#4955 = ORIENTED_EDGE ( 'NONE', *, *, #3595, .F. ) ;
#4956 = DIRECTION ( 'NONE',  ( 0.0000000000000000000, 0.0000000000000000000, -1.000000000000000000 ) ) ;
#4957 = EDGE_LOOP ( 'NONE', ( #3274, #7376, #9314 ) ) ;
#4958 = DIRECTION ( 'NONE',  ( 1.224646799147353207E-16, -3.540705920434613265E-31, -1.000000000000000000 ) ) ;
#4959 = AXIS2_PLACEMENT_3D ( 'NONE', #3829, #3145, #2435 ) ;
#4960 = CARTESIAN_POINT ( 'NONE',  ( 1.600000000000000755, 0.1499999999999999667, -4.000000000000000000 ) ) ;
#4961 = SPHERICAL_SURFACE ( 'NONE', #4720, 0.1499999999999999667 ) ;
#4962 = MECHANICAL_DESIGN_GEOMETRIC_PRESENTATION_REPRESENTATION (  '', ( #6812 ), #7313 ) ;
#4963 = CIRCLE ( 'NONE', #1955, 0.1414213562373092536 ) ;
#4964 = EDGE_CURVE ( 'NONE', #8037, #2189, #6012, .T. ) ;
#4965 = CLOSED_SHELL ( 'NONE', ( #3893, #5707, #5679 ) ) ;
#4966 = DIRECTION ( 'NONE',  ( 0.0000000000000000000, 0.0000000000000000000, 1.000000000000000000 ) ) ;
#4967 = ORIENTED_EDGE ( 'NONE', *, *, #9422, .T. ) ;
#4968 = CARTESIAN_POINT ( 'NONE',  ( 3.200000000000000622, 0.1499999999999999667, 3.200000000000000178 ) ) ;
#4969 = MANIFOLD_SOLID_BREP ( 'Sketch-Pattern1[53]', #83 ) ;
#4970 = CIRCLE ( 'NONE', #8850, 0.1499999999999999667 ) ;
#4971 = EDGE_CURVE ( 'NONE', #7321, #5835, #5296, .T. ) ;
#4972 = AXIS2_PLACEMENT_3D ( 'NONE', #5840, #3586, #1305 ) ;
#4973 =( NAMED_UNIT ( * ) SI_UNIT ( $, .STERADIAN. ) SOLID_ANGLE_UNIT ( ) );
#4974 = EDGE_LOOP ( 'NONE', ( #2031, #6733, #5561 ) ) ;
#4975 = CIRCLE ( 'NONE', #6947, 0.1414213562373092536 ) ;
#4976 = DIRECTION ( 'NONE',  ( 0.0000000000000000000, 0.0000000000000000000, -1.000000000000000000 ) ) ;
#4977 = ADVANCED_FACE ( 'NONE', ( #1268 ), #1397, .F. ) ;
#4978 = CARTESIAN_POINT ( 'NONE',  ( 0.0000000000000000000, 0.1499999999999999667, 2.400000000000000355 ) ) ;
#4979 = AXIS2_PLACEMENT_3D ( 'NONE', #8933, #5992, #762 ) ;
#4980 = CARTESIAN_POINT ( 'NONE',  ( 1.800000000000000488, 0.2000000000000005107, -0.9999999999999991118 ) ) ;
#4981 = AXIS2_PLACEMENT_3D ( 'NONE', #9084, #1490, #4609 ) ;
#4982 = CARTESIAN_POINT ( 'NONE',  ( -3.341421356237308959, 0.2000000000000005107, 3.200000000000000178 ) ) ;
#4983 = SURFACE_STYLE_USAGE ( .BOTH. , #6466 ) ;
#4984 = ORIENTED_EDGE ( 'NONE', *, *, #6312, .F. ) ;
#4985 = AXIS2_PLACEMENT_3D ( 'NONE', #2686, #7957, #1851 ) ;
#4986 = CARTESIAN_POINT ( 'NONE',  ( 4.141421356237308338, 0.2000000000000005107, -1.599999999999999867 ) ) ;
#4987 = CARTESIAN_POINT ( 'NONE',  ( 4.000000000000002665, 0.2000000000000005107, -3.200000000000000622 ) ) ;
#4988 = FACE_OUTER_BOUND ( 'NONE', #8420, .T. ) ;
#4989 = PRESENTATION_LAYER_ASSIGNMENT (  '', '', ( #6701 ) ) ;
#4990 = CARTESIAN_POINT ( 'NONE',  ( 3.999999999999999112, 0.1499999999999999667, -1.599999999999999867 ) ) ;
#4991 = SURFACE_STYLE_USAGE ( .BOTH. , #1133 ) ;
#4992 = CARTESIAN_POINT ( 'NONE',  ( -4.999999999999999112, 0.2000000000000005107, 5.000000000000001776 ) ) ;
#4993 = ADVANCED_FACE ( 'NONE', ( #4329 ), #7970, .F. ) ;
#4994 = DIRECTION ( 'NONE',  ( 1.000000000000000000, 0.0000000000000000000, 0.0000000000000000000 ) ) ;
#4995 = AXIS2_PLACEMENT_3D ( 'NONE', #1809, #4061, #9377 ) ;
#4996 = EDGE_LOOP ( 'NONE', ( #6805, #4967, #7190 ) ) ;
#4997 = DIRECTION ( 'NONE',  ( 0.0000000000000000000, 0.0000000000000000000, -1.000000000000000000 ) ) ;
#4998 = FACE_OUTER_BOUND ( 'NONE', #8488, .T. ) ;
#4999 = CARTESIAN_POINT ( 'NONE',  ( -2.258578643762690241, 0.2000000000000005107, -3.200000000000000622 ) ) ;
#5000 = AXIS2_PLACEMENT_3D ( 'NONE', #4617, #9163, #105 ) ;
#5001 = CLOSED_SHELL ( 'NONE', ( #843, #1287, #2282 ) ) ;
#5002 =( NAMED_UNIT ( * ) PLANE_ANGLE_UNIT ( ) SI_UNIT ( $, .RADIAN. ) );
#5003 = CIRCLE ( 'NONE', #9148, 0.1499999999999999667 ) ;
#5004 =( NAMED_UNIT ( * ) PLANE_ANGLE_UNIT ( ) SI_UNIT ( $, .RADIAN. ) );
#5005 = CARTESIAN_POINT ( 'NONE',  ( -1.399999999999999245, 0.2000000000000005107, -4.999999999999999112 ) ) ;
#5006 = ORIENTED_EDGE ( 'NONE', *, *, #9586, .T. ) ;
#5007 = FACE_OUTER_BOUND ( 'NONE', #7039, .T. ) ;
#5008 = STYLED_ITEM ( 'NONE', ( #6442 ), #6258 ) ;
#5009 = AXIS2_PLACEMENT_3D ( 'NONE', #2523, #2458, #925 ) ;
#5010 = AXIS2_PLACEMENT_3D ( 'NONE', #4449, #3003, #9713 ) ;
#5011 = DIRECTION ( 'NONE',  ( -1.000000000000000000, 0.0000000000000000000, 0.0000000000000000000 ) ) ;
#5012 = DIRECTION ( 'NONE',  ( 0.0000000000000000000, -1.000000000000000000, -0.0000000000000000000 ) ) ;
#5013 = CARTESIAN_POINT ( 'NONE',  ( -0.9414213562373087152, 0.2000000000000005107, -2.400000000000000355 ) ) ;
#5014 = CIRCLE ( 'NONE', #8243, 0.1499999999999999667 ) ;
#5015 = EDGE_CURVE ( 'NONE', #9564, #8901, #110, .T. ) ;
#5016 = CLOSED_SHELL ( 'NONE', ( #4549, #4699, #3927 ) ) ;
#5017 = FILL_AREA_STYLE ('',( #2022 ) ) ;
#5018 = MANIFOLD_SOLID_BREP ( 'Sketch-Pattern1[42]', #996 ) ;
#5019 = EDGE_CURVE ( 'NONE', #7477, #1056, #3297, .T. ) ;
#5020 = ADVANCED_FACE ( 'NONE', ( #3639 ), #8000, .F. ) ;
#5021 = DIRECTION ( 'NONE',  ( 1.224646799147353207E-16, -3.540705920434613265E-31, -1.000000000000000000 ) ) ;
#5022 = CARTESIAN_POINT ( 'NONE',  ( 3.200000000000000622, 0.1499999999999999667, 0.7999999999999999334 ) ) ;
#5023 = PLANE ( 'NONE',  #6997 ) ;
#5024 = AXIS2_PLACEMENT_3D ( 'NONE', #5478, #3233, #3970 ) ;
#5025 =( NAMED_UNIT ( * ) SI_UNIT ( $, .STERADIAN. ) SOLID_ANGLE_UNIT ( ) );
#5026 = ORIENTED_EDGE ( 'NONE', *, *, #2487, .F. ) ;
#5027 = DIRECTION ( 'NONE',  ( 0.0000000000000000000, 0.0000000000000000000, -1.000000000000000000 ) ) ;
#5028 = CIRCLE ( 'NONE', #5032, 0.1499999999999999667 ) ;
#5029 = AXIS2_PLACEMENT_3D ( 'NONE', #3264, #1703, #8503 ) ;
#5030 = EDGE_CURVE ( 'NONE', #2353, #7404, #2799, .T. ) ;
#5031 = DIRECTION ( 'NONE',  ( 1.000000000000000000, -2.891205793294679411E-15, 0.0000000000000000000 ) ) ;
#5032 = AXIS2_PLACEMENT_3D ( 'NONE', #9454, #1159, #485 ) ;
#5033 =( NAMED_UNIT ( * ) SI_UNIT ( $, .STERADIAN. ) SOLID_ANGLE_UNIT ( ) );
#5034 = CLOSED_SHELL ( 'NONE', ( #954, #7505, #3436 ) ) ;
#5035 = ADVANCED_FACE ( 'NONE', ( #9063 ), #9405, .T. ) ;
#5036 = VERTEX_POINT ( 'NONE', #6730 ) ;
#5037 = ORIENTED_EDGE ( 'NONE', *, *, #5015, .T. ) ;
#5038 =( LENGTH_UNIT ( ) NAMED_UNIT ( * ) SI_UNIT ( .MILLI., .METRE. ) );
#5039 =( NAMED_UNIT ( * ) PLANE_ANGLE_UNIT ( ) SI_UNIT ( $, .RADIAN. ) );
#5040 = ORIENTED_EDGE ( 'NONE', *, *, #1917, .T. ) ;
#5041 = FACE_OUTER_BOUND ( 'NONE', #4358, .T. ) ;
#5042 = DIRECTION ( 'NONE',  ( 1.000000000000000000, -2.891205793294679411E-15, 0.0000000000000000000 ) ) ;
#5043 = CLOSED_SHELL ( 'NONE', ( #3710, #2788, #1859 ) ) ;
#5044 = AXIS2_PLACEMENT_3D ( 'NONE', #3321, #1055, #8597 ) ;
#5045 = DIRECTION ( 'NONE',  ( 1.224646799147353207E-16, -3.540705920434613265E-31, -1.000000000000000000 ) ) ;
#5046 = ORIENTED_EDGE ( 'NONE', *, *, #4351, .F. ) ;
#5047 = PRESENTATION_STYLE_ASSIGNMENT (( #5504 ) ) ;
#5048 = DIRECTION ( 'NONE',  ( 0.0000000000000000000, 0.0000000000000000000, -1.000000000000000000 ) ) ;
#5049 = PRESENTATION_STYLE_ASSIGNMENT (( #2627 ) ) ;
#5050 = DIRECTION ( 'NONE',  ( -1.000000000000000000, 0.0000000000000000000, 0.0000000000000000000 ) ) ;
#5051 = AXIS2_PLACEMENT_3D ( 'NONE', #9070, #8410, #2998 ) ;
#5052 = ORIENTED_EDGE ( 'NONE', *, *, #8554, .F. ) ;
#5053 = DIRECTION ( 'NONE',  ( -0.0000000000000000000, -1.000000000000000000, -0.0000000000000000000 ) ) ;
#5054 = CIRCLE ( 'NONE', #2328, 0.1499999999999999667 ) ;
#5055 = DIRECTION ( 'NONE',  ( 1.000000000000000000, -2.891205793294679411E-15, 0.0000000000000000000 ) ) ;
#5056 = EDGE_CURVE ( 'NONE', #2075, #8025, #5412, .T. ) ;
#5057 = DIRECTION ( 'NONE',  ( 0.0000000000000000000, 0.0000000000000000000, -1.000000000000000000 ) ) ;
#5058 = ADVANCED_FACE ( 'NONE', ( #4226 ), #7425, .T. ) ;
#5059 = CARTESIAN_POINT ( 'NONE',  ( -2.399999999999999467, 0.1499999999999999667, 0.7999999999999999334 ) ) ;
#5060 = ORIENTED_EDGE ( 'NONE', *, *, #229, .F. ) ;
#5061 = DIRECTION ( 'NONE',  ( 0.0000000000000000000, 0.0000000000000000000, -1.000000000000000000 ) ) ;
#5062 = SPHERICAL_SURFACE ( 'NONE', #607, 0.1499999999999999667 ) ;
#5063 = CARTESIAN_POINT ( 'NONE',  ( -3.999999999999999112, 0.2000000000000005107, -4.000000000000000000 ) ) ;
#5064 = EDGE_LOOP ( 'NONE', ( #7701, #2749, #5386 ) ) ;
#5065 = ORIENTED_EDGE ( 'NONE', *, *, #7630, .F. ) ;
#5066 = CARTESIAN_POINT ( 'NONE',  ( 8.673617379884035472E-16, 0.1499999999999999667, -4.000000000000000000 ) ) ;
#5067 = MECHANICAL_DESIGN_GEOMETRIC_PRESENTATION_REPRESENTATION (  '', ( #4554 ), #9715 ) ;
#5068 = PRODUCT_DEFINITION_CONTEXT ( 'detailed design', #7192, 'design' ) ;
#5069 = STYLED_ITEM ( 'NONE', ( #1879 ), #4397 ) ;
#5070 = AXIS2_PLACEMENT_3D ( 'NONE', #4437, #3781, #3719 ) ;
#5071 = UNCERTAINTY_MEASURE_WITH_UNIT (LENGTH_MEASURE( 1.000000000000000082E-05 ), #7810, 'distance_accuracy_value', 'NONE');
#5072 = CLOSED_SHELL ( 'NONE', ( #2674, #9278, #3977 ) ) ;
#5073 = EDGE_CURVE ( 'NONE', #4259, #1122, #7105, .T. ) ;
#5074 = EDGE_LOOP ( 'NONE', ( #344, #5319, #4070 ) ) ;
#5075 = CARTESIAN_POINT ( 'NONE',  ( 0.1414213562373101418, 0.2000000000000005107, -0.8000000000000003775 ) ) ;
#5076 = FACE_OUTER_BOUND ( 'NONE', #3995, .T. ) ;
#5077 = DIRECTION ( 'NONE',  ( -0.0000000000000000000, -1.000000000000000000, -0.0000000000000000000 ) ) ;
#5078 = STYLED_ITEM ( 'NONE', ( #39 ), #2035 ) ;
#5079 = DIRECTION ( 'NONE',  ( 1.000000000000000000, -2.891205793294679411E-15, 0.0000000000000000000 ) ) ;
#5080 = ORIENTED_EDGE ( 'NONE', *, *, #9198, .T. ) ;
#5081 = DIRECTION ( 'NONE',  ( 1.224646799147353207E-16, -3.540705920434613265E-31, -1.000000000000000000 ) ) ;
#5082 = DIRECTION ( 'NONE',  ( 0.0000000000000000000, 0.0000000000000000000, -1.000000000000000000 ) ) ;
#5083 = ORIENTED_EDGE ( 'NONE', *, *, #4745, .T. ) ;
#5084 = MECHANICAL_DESIGN_GEOMETRIC_PRESENTATION_REPRESENTATION (  '', ( #403 ), #3432 ) ;
#5085 = ADVANCED_FACE ( 'NONE', ( #1050 ), #3167, .T. ) ;
#5086 = VERTEX_POINT ( 'NONE', #4566 ) ;
#5087 = MECHANICAL_DESIGN_GEOMETRIC_PRESENTATION_REPRESENTATION (  '', ( #3059 ), #912 ) ;
#5088 = MANIFOLD_SOLID_BREP ( 'Sketch-Pattern1[97]', #5692 ) ;
#5089 = CIRCLE ( 'NONE', #4680, 0.1414213562373092536 ) ;
#5090 = EDGE_CURVE ( 'NONE', #3870, #9703, #7532, .T. ) ;
#5091 = SURFACE_SIDE_STYLE ('',( #4088 ) ) ;
#5092 = DIRECTION ( 'NONE',  ( 0.0000000000000000000, 0.0000000000000000000, -1.000000000000000000 ) ) ;
#5093 = CARTESIAN_POINT ( 'NONE',  ( 0.7999999999999999334, 0.0000000000000000000, 4.000000000000000000 ) ) ;
#5094 = DIRECTION ( 'NONE',  ( -1.000000000000000000, 0.0000000000000000000, -1.224646799147353207E-16 ) ) ;
#5095 = PLANE ( 'NONE',  #5563 ) ;
#5096 = ORIENTED_EDGE ( 'NONE', *, *, #1595, .F. ) ;
#5097 = FACE_OUTER_BOUND ( 'NONE', #3465, .T. ) ;
#5098 = DIRECTION ( 'NONE',  ( 0.0000000000000000000, 0.0000000000000000000, -1.000000000000000000 ) ) ;
#5099 = CIRCLE ( 'NONE', #4152, 0.1499999999999999667 ) ;
#5100 = AXIS2_PLACEMENT_3D ( 'NONE', #4874, #2633, #8752 ) ;
#5101 = ORIENTED_EDGE ( 'NONE', *, *, #2513, .F. ) ;
#5102 = CARTESIAN_POINT ( 'NONE',  ( 4.999999999999999112, 0.2000000000000005107, -5.799999999999999822 ) ) ;
#5103 = FACE_OUTER_BOUND ( 'NONE', #4957, .T. ) ;
#5104 = AXIS2_PLACEMENT_3D ( 'NONE', #5102, #8982, #4459 ) ;
#5105 = CARTESIAN_POINT ( 'NONE',  ( -1.599999999999999867, 0.1499999999999999667, 4.000000000000000000 ) ) ;
#5106 = DIRECTION ( 'NONE',  ( -0.0000000000000000000, -1.000000000000000000, -0.0000000000000000000 ) ) ;
#5107 = CIRCLE ( 'NONE', #1361, 0.1499999999999999667 ) ;
#5108 = AXIS2_PLACEMENT_3D ( 'NONE', #4154, #5676, #8713 ) ;
#5109 = FILL_AREA_STYLE ('',( #589 ) ) ;
#5110 = CLOSED_SHELL ( 'NONE', ( #6106, #9231, #6862 ) ) ;
#5111 = MECHANICAL_DESIGN_GEOMETRIC_PRESENTATION_REPRESENTATION (  '', ( #7460 ), #6334 ) ;
#5112 = CARTESIAN_POINT ( 'NONE',  ( 0.8000000000000012657, 0.1499999999999999667, 6.086346753639119761E-18 ) ) ;
#5113 = CIRCLE ( 'NONE', #3837, 0.1499999999999999667 ) ;
#5114 = CARTESIAN_POINT ( 'NONE',  ( 2.400000000000000355, 0.1499999999999999667, 1.599999999999999867 ) ) ;
#5115 = DIRECTION ( 'NONE',  ( 0.0000000000000000000, 0.0000000000000000000, -1.000000000000000000 ) ) ;
#5116 = EDGE_CURVE ( 'NONE', #3768, #1293, #6600, .T. ) ;
#5117 =( NAMED_UNIT ( * ) SI_UNIT ( $, .STERADIAN. ) SOLID_ANGLE_UNIT ( ) );
#5118 = AXIS2_PLACEMENT_3D ( 'NONE', #4908, #3295, #5546 ) ;
#5119 =( NAMED_UNIT ( * ) SI_UNIT ( $, .STERADIAN. ) SOLID_ANGLE_UNIT ( ) );
#5120 = ORIENTED_EDGE ( 'NONE', *, *, #9288, .F. ) ;
#5121 = DIRECTION ( 'NONE',  ( -0.0000000000000000000, -1.000000000000000000, -0.0000000000000000000 ) ) ;
#5122 = ORIENTED_EDGE ( 'NONE', *, *, #2887, .F. ) ;
#5123 = CIRCLE ( 'NONE', #404, 0.1499999999999999667 ) ;
#5124 = UNCERTAINTY_MEASURE_WITH_UNIT (LENGTH_MEASURE( 1.000000000000000082E-05 ), #4837, 'distance_accuracy_value', 'NONE');
#5125 = CLOSED_SHELL ( 'NONE', ( #4297, #3074, #1711 ) ) ;
#5126 = ADVANCED_FACE ( 'NONE', ( #4320 ), #3512, .T. ) ;
#5127 = SURFACE_STYLE_USAGE ( .BOTH. , #8229 ) ;
#5128 = ORIENTED_EDGE ( 'NONE', *, *, #8994, .F. ) ;
#5129 = DIRECTION ( 'NONE',  ( 0.0000000000000000000, 0.0000000000000000000, -1.000000000000000000 ) ) ;
#5130 =( NAMED_UNIT ( * ) PLANE_ANGLE_UNIT ( ) SI_UNIT ( $, .RADIAN. ) );
#5131 = EDGE_LOOP ( 'NONE', ( #388, #8223, #8098 ) ) ;
#5132 = AXIS2_PLACEMENT_3D ( 'NONE', #6613, #2055, #4433 ) ;
#5133 = MANIFOLD_SOLID_BREP ( 'Sketch-Pattern1[63]', #7869 ) ;
#5134 =( GEOMETRIC_REPRESENTATION_CONTEXT ( 3 ) GLOBAL_UNCERTAINTY_ASSIGNED_CONTEXT ( ( #590 ) ) GLOBAL_UNIT_ASSIGNED_CONTEXT ( ( #8387, #2236, #9108 ) ) REPRESENTATION_CONTEXT ( 'NONE', 'WORKASPACE' ) );
#5135 = FACE_OUTER_BOUND ( 'NONE', #318, .T. ) ;
#5136 = CARTESIAN_POINT ( 'NONE',  ( -1.599999999999998979, 0.1499999999999999667, -2.400000000000000355 ) ) ;
#5137 = CARTESIAN_POINT ( 'NONE',  ( -2.258578643762690685, 0.2000000000000005107, 2.400000000000000355 ) ) ;
#5138 = EDGE_CURVE ( 'NONE', #3561, #972, #5537, .T. ) ;
#5139 = CIRCLE ( 'NONE', #34, 0.1499999999999999667 ) ;
#5140 = ORIENTED_EDGE ( 'NONE', *, *, #1352, .T. ) ;
#5141 = EDGE_LOOP ( 'NONE', ( #8958, #2250, #885 ) ) ;
#5142 =( LENGTH_UNIT ( ) NAMED_UNIT ( * ) SI_UNIT ( .MILLI., .METRE. ) );
#5143 = EDGE_CURVE ( 'NONE', #7321, #753, #3286, .T. ) ;
#5144 = STYLED_ITEM ( 'NONE', ( #9312 ), #7765 ) ;
#5145 = DIRECTION ( 'NONE',  ( 0.0000000000000000000, 0.0000000000000000000, -1.000000000000000000 ) ) ;
#5146 = CIRCLE ( 'NONE', #821, 0.1499999999999999667 ) ;
#5147 = DIRECTION ( 'NONE',  ( 1.000000000000000000, 0.0000000000000000000, 0.0000000000000000000 ) ) ;
#5148 = AXIS2_PLACEMENT_3D ( 'NONE', #2139, #2171, #5909 ) ;
#5149 = DIRECTION ( 'NONE',  ( -0.0000000000000000000, -1.000000000000000000, -0.0000000000000000000 ) ) ;
#5150 = CARTESIAN_POINT ( 'NONE',  ( 3.999999999999999112, 0.0000000000000000000, -0.8000000000000003775 ) ) ;
#5151 = CARTESIAN_POINT ( 'NONE',  ( 1.458578643762691529, 0.2000000000000005107, -1.599999999999999867 ) ) ;
#5152 = DIRECTION ( 'NONE',  ( 0.0000000000000000000, 0.0000000000000000000, -1.000000000000000000 ) ) ;
#5153 = VERTEX_POINT ( 'NONE', #2979 ) ;
#5154 = ORIENTED_EDGE ( 'NONE', *, *, #7464, .T. ) ;
#5155 = CIRCLE ( 'NONE', #8948, 0.1414213562373092536 ) ;
#5156 = DIRECTION ( 'NONE',  ( 0.0000000000000000000, 1.000000000000000000, 0.0000000000000000000 ) ) ;
#5157 = AXIS2_PLACEMENT_3D ( 'NONE', #1687, #2432, #829 ) ;
#5158 = AXIS2_PLACEMENT_3D ( 'NONE', #5162, #1398, #6699 ) ;
#5159 = ORIENTED_EDGE ( 'NONE', *, *, #3231, .T. ) ;
#5160 = SPHERICAL_SURFACE ( 'NONE', #4300, 0.1499999999999999667 ) ;
#5161 = DIRECTION ( 'NONE',  ( -1.000000000000000000, 0.0000000000000000000, 0.0000000000000000000 ) ) ;
#5162 = CARTESIAN_POINT ( 'NONE',  ( 1.600000000000000755, 0.2000000000000005107, -1.599999999999999867 ) ) ;
#5163 = FILL_AREA_STYLE ('',( #4295 ) ) ;
#5164 = DIRECTION ( 'NONE',  ( -1.000000000000000000, 0.0000000000000000000, 0.0000000000000000000 ) ) ;
#5165 = VERTEX_POINT ( 'NONE', #6239 ) ;
#5166 = DIRECTION ( 'NONE',  ( 1.000000000000000000, -2.891205793294679411E-15, 0.0000000000000000000 ) ) ;
#5167 = EDGE_LOOP ( 'NONE', ( #2870, #4143, #4313 ) ) ;
#5168 = SURFACE_STYLE_USAGE ( .BOTH. , #8269 ) ;
#5169 = AXIS2_PLACEMENT_3D ( 'NONE', #4968, #7294, #1199 ) ;
#5170 = DIRECTION ( 'NONE',  ( -0.0000000000000000000, 0.0000000000000000000, 1.000000000000000000 ) ) ;
#5171 = DIRECTION ( 'NONE',  ( 0.0000000000000000000, 0.0000000000000000000, -1.000000000000000000 ) ) ;
#5172 = ORIENTED_EDGE ( 'NONE', *, *, #2480, .T. ) ;
#5173 = DIRECTION ( 'NONE',  ( 0.0000000000000000000, 0.0000000000000000000, -1.000000000000000000 ) ) ;
#5174 = ORIENTED_EDGE ( 'NONE', *, *, #2091, .F. ) ;
#5175 = DIRECTION ( 'NONE',  ( -0.0000000000000000000, -1.000000000000000000, -0.0000000000000000000 ) ) ;
#5176 = FACE_OUTER_BOUND ( 'NONE', #407, .T. ) ;
#5177 = ADVANCED_FACE ( 'NONE', ( #1961 ), #5359, .F. ) ;
#5178 = CARTESIAN_POINT ( 'NONE',  ( 4.000000000000002665, 0.1499999999999999667, -3.200000000000000622 ) ) ;
#5179 = AXIS2_PLACEMENT_3D ( 'NONE', #3029, #3135, #3818 ) ;
#5180 = CIRCLE ( 'NONE', #528, 0.1414213562373092536 ) ;
#5181 = EDGE_LOOP ( 'NONE', ( #1713, #4649 ) ) ;
#5182 = EDGE_LOOP ( 'NONE', ( #7868, #8151, #4612 ) ) ;
#5183 = CARTESIAN_POINT ( 'NONE',  ( -4.999999999999999112, 0.2000000000000005107, -4.999999999999999112 ) ) ;
#5184 = CARTESIAN_POINT ( 'NONE',  ( -2.400000000000000355, 0.2000000000000005107, 3.200000000000000178 ) ) ;
#5185 = EDGE_LOOP ( 'NONE', ( #7383, #2323 ) ) ;
#5186 =( NAMED_UNIT ( * ) SI_UNIT ( $, .STERADIAN. ) SOLID_ANGLE_UNIT ( ) );
#5187 =( LENGTH_UNIT ( ) NAMED_UNIT ( * ) SI_UNIT ( .MILLI., .METRE. ) );
#5188 = MECHANICAL_DESIGN_GEOMETRIC_PRESENTATION_REPRESENTATION (  '', ( #3234 ), #3563 ) ;
#5189 =( LENGTH_UNIT ( ) NAMED_UNIT ( * ) SI_UNIT ( .MILLI., .METRE. ) );
#5190 = CIRCLE ( 'NONE', #1655, 0.1499999999999999667 ) ;
#5191 = UNCERTAINTY_MEASURE_WITH_UNIT (LENGTH_MEASURE( 1.000000000000000082E-05 ), #5187, 'distance_accuracy_value', 'NONE');
#5192 = ORIENTED_EDGE ( 'NONE', *, *, #1209, .F. ) ;
#5193 = STYLED_ITEM ( 'NONE', ( #5716 ), #6315 ) ;
#5194 = ORIENTED_EDGE ( 'NONE', *, *, #7030, .F. ) ;
#5195 = PRESENTATION_LAYER_ASSIGNMENT (  '', '', ( #4703 ) ) ;
#5196 = FILL_AREA_STYLE_COLOUR ( '', #9309 ) ;
#5197 =( GEOMETRIC_REPRESENTATION_CONTEXT ( 3 ) GLOBAL_UNCERTAINTY_ASSIGNED_CONTEXT ( ( #6304 ) ) GLOBAL_UNIT_ASSIGNED_CONTEXT ( ( #699, #6798, #1520 ) ) REPRESENTATION_CONTEXT ( 'NONE', 'WORKASPACE' ) );
#5198 = CARTESIAN_POINT ( 'NONE',  ( 0.1414213562373101418, 0.2000000000000005107, -4.000000000000000000 ) ) ;
#5199 = EDGE_LOOP ( 'NONE', ( #3185, #9572 ) ) ;
#5200 = EDGE_CURVE ( 'NONE', #9476, #2075, #4826, .T. ) ;
#5201 = ADVANCED_FACE ( 'NONE', ( #2186 ), #2475, .F. ) ;
#5202 = COLOUR_RGB ( '',0.7921568627450980005, 0.8196078431372548767, 0.9333333333333333481 ) ;
#5203 = CARTESIAN_POINT ( 'NONE',  ( 0.7999999999999999334, 0.0000000000000000000, 0.7999999999999999334 ) ) ;
#5204 = CLOSED_SHELL ( 'NONE', ( #1940, #1137, #2489 ) ) ;
#5205 = COLOUR_RGB ( '',0.7921568627450980005, 0.8196078431372548767, 0.9333333333333333481 ) ;
#5206 = EDGE_CURVE ( 'NONE', #4909, #7225, #6844, .T. ) ;
#5207 = CARTESIAN_POINT ( 'NONE',  ( -3.858578643762689886, 0.2000000000000005107, 6.086346753639119761E-18 ) ) ;
#5208 = SURFACE_STYLE_USAGE ( .BOTH. , #2212 ) ;
#5209 = AXIS2_PLACEMENT_3D ( 'NONE', #5600, #3382, #8632 ) ;
#5210 = PLANE ( 'NONE',  #1034 ) ;
#5211 = FILL_AREA_STYLE_COLOUR ( '', #2178 ) ;
#5212 = ORIENTED_EDGE ( 'NONE', *, *, #5593, .T. ) ;
#5213 = LINE ( 'NONE', #4992, #2007 ) ;
#5214 = EDGE_CURVE ( 'NONE', #9334, #9062, #3979, .T. ) ;
#5215 = CARTESIAN_POINT ( 'NONE',  ( 5.000000000000000888, 0.2000000000000005107, 5.000000000000000888 ) ) ;
#5216 = CARTESIAN_POINT ( 'NONE',  ( -0.7999999999999994893, 0.2000000000000005107, 6.086346753639119761E-18 ) ) ;
#5217 = DIRECTION ( 'NONE',  ( 0.0000000000000000000, 0.0000000000000000000, -1.000000000000000000 ) ) ;
#5218 = FILL_AREA_STYLE ('',( #4483 ) ) ;
#5219 = DIRECTION ( 'NONE',  ( 0.0000000000000000000, 0.0000000000000000000, 1.000000000000000000 ) ) ;
#5220 = DIRECTION ( 'NONE',  ( 0.0000000000000000000, 0.0000000000000000000, -1.000000000000000000 ) ) ;
#5221 = VERTEX_POINT ( 'NONE', #133 ) ;
#5222 = DIRECTION ( 'NONE',  ( 0.0000000000000000000, 0.0000000000000000000, -1.000000000000000000 ) ) ;
#5223 = PRESENTATION_STYLE_ASSIGNMENT (( #2863 ) ) ;
#5224 =( GEOMETRIC_REPRESENTATION_CONTEXT ( 3 ) GLOBAL_UNCERTAINTY_ASSIGNED_CONTEXT ( ( #3912 ) ) GLOBAL_UNIT_ASSIGNED_CONTEXT ( ( #2356, #5348, #8349 ) ) REPRESENTATION_CONTEXT ( 'NONE', 'WORKASPACE' ) );
#5225 = ADVANCED_FACE ( 'NONE', ( #8595 ), #796, .T. ) ;
#5226 = FILL_AREA_STYLE ('',( #1527 ) ) ;
#5227 =( LENGTH_UNIT ( ) NAMED_UNIT ( * ) SI_UNIT ( .MILLI., .METRE. ) );
#5228 = PLANE ( 'NONE',  #7159 ) ;
#5229 = SPHERICAL_SURFACE ( 'NONE', #4389, 0.1499999999999999667 ) ;
#5230 = AXIS2_PLACEMENT_3D ( 'NONE', #2636, #9349, #6427 ) ;
#5231 = FACE_OUTER_BOUND ( 'NONE', #7506, .T. ) ;
#5232 = CARTESIAN_POINT ( 'NONE',  ( -0.7999999999999994893, 0.1499999999999999667, 4.000000000000000000 ) ) ;
#5233 = DIRECTION ( 'NONE',  ( 1.000000000000000000, -2.891205793294679411E-15, 0.0000000000000000000 ) ) ;
#5234 = VECTOR ( 'NONE', #4629, 1000.000000000000000 ) ;
#5235 = CARTESIAN_POINT ( 'NONE',  ( 8.673617379884035472E-16, 0.1499999999999999667, -1.599999999999999867 ) ) ;
#5236 = DIRECTION ( 'NONE',  ( 0.0000000000000000000, -1.000000000000000000, -0.0000000000000000000 ) ) ;
#5237 = AXIS2_PLACEMENT_3D ( 'NONE', #2893, #9003, #9655 ) ;
#5238 = SURFACE_STYLE_FILL_AREA ( #5937 ) ;
#5239 = ORIENTED_EDGE ( 'NONE', *, *, #6098, .T. ) ;
#5240 = DIRECTION ( 'NONE',  ( -0.0000000000000000000, -1.000000000000000000, -0.0000000000000000000 ) ) ;
#5241 = CARTESIAN_POINT ( 'NONE',  ( 4.200000000000000178, 0.2000000000000005107, -8.199999999999999289 ) ) ;
#5242 = EDGE_CURVE ( 'NONE', #9378, #4338, #7211, .T. ) ;
#5243 = DIRECTION ( 'NONE',  ( 0.0000000000000000000, -1.000000000000000000, -0.0000000000000000000 ) ) ;
#5244 = PRESENTATION_LAYER_ASSIGNMENT (  '', '', ( #8964 ) ) ;
#5245 = SURFACE_STYLE_FILL_AREA ( #5408 ) ;
#5246 = DIRECTION ( 'NONE',  ( -0.0000000000000000000, -1.000000000000000000, -0.0000000000000000000 ) ) ;
#5247 = DIRECTION ( 'NONE',  ( 1.224646799147353207E-16, -3.540705920434613265E-31, -1.000000000000000000 ) ) ;
#5248 = UNCERTAINTY_MEASURE_WITH_UNIT (LENGTH_MEASURE( 1.000000000000000082E-05 ), #3210, 'distance_accuracy_value', 'NONE');
#5249 = CIRCLE ( 'NONE', #465, 0.1414213562373092536 ) ;
#5250 = DIRECTION ( 'NONE',  ( 0.0000000000000000000, 0.0000000000000000000, -1.000000000000000000 ) ) ;
#5251 = ADVANCED_FACE ( 'NONE', ( #8715 ), #6983, .T. ) ;
#5252 = ORIENTED_EDGE ( 'NONE', *, *, #4000, .F. ) ;
#5253 =( GEOMETRIC_REPRESENTATION_CONTEXT ( 3 ) GLOBAL_UNCERTAINTY_ASSIGNED_CONTEXT ( ( #3325 ) ) GLOBAL_UNIT_ASSIGNED_CONTEXT ( ( #2588, #2559, #1001 ) ) REPRESENTATION_CONTEXT ( 'NONE', 'WORKASPACE' ) );
#5254 = FILL_AREA_STYLE_COLOUR ( '', #3962 ) ;
#5255 = EDGE_LOOP ( 'NONE', ( #4107, #3934 ) ) ;
#5256 = MANIFOLD_SOLID_BREP ( 'Sketch-Pattern1[41]', #9358 ) ;
#5257 = SURFACE_STYLE_FILL_AREA ( #7954 ) ;
#5258 = CARTESIAN_POINT ( 'NONE',  ( -2.541421356237308693, 0.2000000000000005107, -0.8000000000000003775 ) ) ;
#5259 = SURFACE_SIDE_STYLE ('',( #7737 ) ) ;
#5260 = SPHERICAL_SURFACE ( 'NONE', #5299, 0.1499999999999999667 ) ;
#5261 = CARTESIAN_POINT ( 'NONE',  ( 0.8000000000000012657, 0.2000000000000005107, -1.599999999999999867 ) ) ;
#5262 = AXIS2_PLACEMENT_3D ( 'NONE', #6042, #9025, #5171 ) ;
#5263 = STYLED_ITEM ( 'NONE', ( #2167 ), #8522 ) ;
#5264 = CARTESIAN_POINT ( 'NONE',  ( -2.399999999999999467, 0.2000000000000005107, -0.8000000000000003775 ) ) ;
#5265 = VERTEX_POINT ( 'NONE', #5395 ) ;
#5266 = STYLED_ITEM ( 'NONE', ( #8672 ), #6475 ) ;
#5267 = CIRCLE ( 'NONE', #4920, 0.1414213562373092536 ) ;
#5268 =( NAMED_UNIT ( * ) PLANE_ANGLE_UNIT ( ) SI_UNIT ( $, .RADIAN. ) );
#5269 = CARTESIAN_POINT ( 'NONE',  ( 3.999999999999999112, 0.1499999999999999667, 4.000000000000000000 ) ) ;
#5270 = CARTESIAN_POINT ( 'NONE',  ( -3.999999999999999112, 0.2000000000000005107, -0.8000000000000003775 ) ) ;
#5271 = AXIS2_PLACEMENT_3D ( 'NONE', #1531, #99, #9087 ) ;
#5272 = DIRECTION ( 'NONE',  ( 1.000000000000000000, -2.891205793294679411E-15, 0.0000000000000000000 ) ) ;
#5273 = EDGE_CURVE ( 'NONE', #3883, #4412, #671, .T. ) ;
#5274 = DIRECTION ( 'NONE',  ( 0.0000000000000000000, 0.0000000000000000000, 1.000000000000000000 ) ) ;
#5275 = ADVANCED_FACE ( 'NONE', ( #4573 ), #6473, .T. ) ;
#5276 = DIRECTION ( 'NONE',  ( -1.000000000000000000, 0.0000000000000000000, 0.0000000000000000000 ) ) ;
#5277 = ORIENTED_EDGE ( 'NONE', *, *, #5784, .F. ) ;
#5278 = VERTEX_POINT ( 'NONE', #6307 ) ;
#5279 = FACE_OUTER_BOUND ( 'NONE', #7200, .T. ) ;
#5280 = EDGE_CURVE ( 'NONE', #3571, #202, #4446, .T. ) ;
#5281 = ORIENTED_EDGE ( 'NONE', *, *, #3720, .T. ) ;
#5282 = FILL_AREA_STYLE ('',( #2181 ) ) ;
#5283 = SURFACE_STYLE_USAGE ( .BOTH. , #9172 ) ;
#5284 = MECHANICAL_DESIGN_GEOMETRIC_PRESENTATION_REPRESENTATION (  '', ( #3394 ), #5224 ) ;
#5285 = DIRECTION ( 'NONE',  ( -1.000000000000000000, 0.0000000000000000000, 0.0000000000000000000 ) ) ;
#5286 = ORIENTED_EDGE ( 'NONE', *, *, #7549, .T. ) ;
#5287 = CARTESIAN_POINT ( 'NONE',  ( 0.2000000000000005107, 0.2000000000000005107, -9.000000000000000000 ) ) ;
#5288 = VERTEX_POINT ( 'NONE', #1625 ) ;
#5289 = DIRECTION ( 'NONE',  ( 0.0000000000000000000, 0.0000000000000000000, 1.000000000000000000 ) ) ;
#5290 = CARTESIAN_POINT ( 'NONE',  ( 3.999999999999999112, 0.0000000000000000000, 6.086346753639119761E-18 ) ) ;
#5291 = PLANE ( 'NONE',  #5330 ) ;
#5292 = ORIENTED_EDGE ( 'NONE', *, *, #234, .F. ) ;
#5293 = AXIS2_PLACEMENT_3D ( 'NONE', #1430, #5129, #6605 ) ;
#5294 = AXIS2_PLACEMENT_3D ( 'NONE', #1575, #4628, #7740 ) ;
#5295 = EDGE_LOOP ( 'NONE', ( #7490, #1888, #4166 ) ) ;
#5296 = CIRCLE ( 'NONE', #7053, 0.1499999999999999667 ) ;
#5297 = DIRECTION ( 'NONE',  ( 1.224646799147353207E-16, -3.540705920434613265E-31, -1.000000000000000000 ) ) ;
#5298 = CARTESIAN_POINT ( 'NONE',  ( 3.200000000000000622, 0.1499999999999999667, -1.599999999999999867 ) ) ;
#5299 = AXIS2_PLACEMENT_3D ( 'NONE', #455, #4956, #5703 ) ;
#5300 = AXIS2_PLACEMENT_3D ( 'NONE', #1550, #6976, #7603 ) ;
#5301 = ORIENTED_EDGE ( 'NONE', *, *, #3682, .T. ) ;
#5302 = ORIENTED_EDGE ( 'NONE', *, *, #8462, .T. ) ;
#5303 = ADVANCED_FACE ( 'NONE', ( #208 ), #9631, .T. ) ;
#5304 = CARTESIAN_POINT ( 'NONE',  ( -2.399999999999999911, 0.0000000000000000000, -0.8000000000000003775 ) ) ;
#5305 = FACE_OUTER_BOUND ( 'NONE', #31, .T. ) ;
#5306 = EDGE_CURVE ( 'NONE', #5938, #4412, #9175, .T. ) ;
#5307 = CARTESIAN_POINT ( 'NONE',  ( -1.599999999999999867, 0.1499999999999999667, 2.400000000000000355 ) ) ;
#5308 = COLOUR_RGB ( '',0.7921568627450980005, 0.8196078431372548767, 0.9333333333333333481 ) ;
#5309 = EDGE_LOOP ( 'NONE', ( #4950, #3521 ) ) ;
#5310 = DIRECTION ( 'NONE',  ( 0.0000000000000000000, -1.000000000000000000, -0.0000000000000000000 ) ) ;
#5311 = SPHERICAL_SURFACE ( 'NONE', #2332, 0.1499999999999999667 ) ;
#5312 = DIRECTION ( 'NONE',  ( 1.000000000000000000, 0.0000000000000000000, 0.0000000000000000000 ) ) ;
#5313 = VERTEX_POINT ( 'NONE', #8663 ) ;
#5314 = CARTESIAN_POINT ( 'NONE',  ( -3.999999999999999112, 0.1499999999999999667, -1.599999999999999867 ) ) ;
#5315 = ORIENTED_EDGE ( 'NONE', *, *, #2150, .F. ) ;
#5316 = EDGE_LOOP ( 'NONE', ( #1042, #6705, #7905 ) ) ;
#5317 = PRESENTATION_LAYER_ASSIGNMENT (  '', '', ( #8161 ) ) ;
#5318 = CARTESIAN_POINT ( 'NONE',  ( 3.200000000000000622, 0.1499999999999999667, 3.200000000000000178 ) ) ;
#5319 = ORIENTED_EDGE ( 'NONE', *, *, #4500, .T. ) ;
#5320 = CARTESIAN_POINT ( 'NONE',  ( -3.199999999999999734, 0.2000000000000005107, 1.599999999999999867 ) ) ;
#5321 = DIRECTION ( 'NONE',  ( 0.0000000000000000000, 0.0000000000000000000, 1.000000000000000000 ) ) ;
#5322 = CARTESIAN_POINT ( 'NONE',  ( -3.199999999999999289, 0.2000000000000005107, -3.200000000000000622 ) ) ;
#5323 = UNCERTAINTY_MEASURE_WITH_UNIT (LENGTH_MEASURE( 1.000000000000000082E-05 ), #6771, 'distance_accuracy_value', 'NONE');
#5324 = VERTEX_POINT ( 'NONE', #9430 ) ;
#5325 = DIRECTION ( 'NONE',  ( 0.0000000000000000000, -1.000000000000000000, -0.0000000000000000000 ) ) ;
#5326 = CARTESIAN_POINT ( 'NONE',  ( 3.999999999999999112, 0.1499999999999999667, 2.400000000000000355 ) ) ;
#5327 = ORIENTED_EDGE ( 'NONE', *, *, #9056, .T. ) ;
#5328 = ADVANCED_FACE ( 'NONE', ( #7781 ), #1379, .T. ) ;
#5329 = DIRECTION ( 'NONE',  ( 1.000000000000000000, -2.891205793294679411E-15, 0.0000000000000000000 ) ) ;
#5330 = AXIS2_PLACEMENT_3D ( 'NONE', #2191, #8225, #9040 ) ;
#5331 = CARTESIAN_POINT ( 'NONE',  ( 1.741421356237309981, 0.2000000000000005107, -1.599999999999999867 ) ) ;
#5332 = DIRECTION ( 'NONE',  ( 1.000000000000000000, 0.0000000000000000000, 0.0000000000000000000 ) ) ;
#5333 = ORIENTED_EDGE ( 'NONE', *, *, #8248, .F. ) ;
#5334 = CARTESIAN_POINT ( 'NONE',  ( 0.0000000000000000000, 0.1499999999999999667, 2.400000000000000355 ) ) ;
#5335 = FACE_OUTER_BOUND ( 'NONE', #5768, .T. ) ;
#5336 = EDGE_CURVE ( 'NONE', #5165, #741, #2657, .T. ) ;
#5337 = DIRECTION ( 'NONE',  ( 0.0000000000000000000, 0.0000000000000000000, -1.000000000000000000 ) ) ;
#5338 = EDGE_CURVE ( 'NONE', #339, #7500, #7414, .T. ) ;
#5339 = CLOSED_SHELL ( 'NONE', ( #3493, #9210, #2174 ) ) ;
#5340 = CIRCLE ( 'NONE', #436, 0.1414213562373092536 ) ;
#5341 = CIRCLE ( 'NONE', #7418, 0.1414213562373092536 ) ;
#5342 = DIRECTION ( 'NONE',  ( -0.0000000000000000000, -1.000000000000000000, -0.0000000000000000000 ) ) ;
#5343 = SURFACE_SIDE_STYLE ('',( #7621 ) ) ;
#5344 = AXIS2_PLACEMENT_3D ( 'NONE', #1468, #3686, #6674 ) ;
#5345 = AXIS2_PLACEMENT_3D ( 'NONE', #4099, #1018, #6342 ) ;
#5346 = CARTESIAN_POINT ( 'NONE',  ( -1.599999999999998979, 0.1499999999999999667, -2.400000000000000355 ) ) ;
#5347 = ORIENTED_EDGE ( 'NONE', *, *, #2004, .T. ) ;
#5348 =( NAMED_UNIT ( * ) PLANE_ANGLE_UNIT ( ) SI_UNIT ( $, .RADIAN. ) );
#5349 = PRESENTATION_LAYER_ASSIGNMENT (  '', '', ( #7388 ) ) ;
#5350 = CARTESIAN_POINT ( 'NONE',  ( 2.400000000000001688, 0.0000000000000000000, -3.200000000000000622 ) ) ;
#5351 = ADVANCED_FACE ( 'NONE', ( #5744 ), #7300, .T. ) ;
#5352 = AXIS2_PLACEMENT_3D ( 'NONE', #3287, #3225, #3259 ) ;
#5353 =( NAMED_UNIT ( * ) SI_UNIT ( $, .STERADIAN. ) SOLID_ANGLE_UNIT ( ) );
#5354 = DIRECTION ( 'NONE',  ( 0.0000000000000000000, 0.0000000000000000000, -1.000000000000000000 ) ) ;
#5355 = FACE_OUTER_BOUND ( 'NONE', #7824, .T. ) ;
#5356 = DIRECTION ( 'NONE',  ( 1.224646799147353207E-16, -3.540705920434613265E-31, -1.000000000000000000 ) ) ;
#5357 = DIRECTION ( 'NONE',  ( 1.000000000000000000, -2.891205793294679411E-15, 0.0000000000000000000 ) ) ;
#5358 = ORIENTED_EDGE ( 'NONE', *, *, #8569, .F. ) ;
#5359 = PLANE ( 'NONE',  #2445 ) ;
#5360 = ORIENTED_EDGE ( 'NONE', *, *, #5946, .T. ) ;
#5361 = CIRCLE ( 'NONE', #1844, 0.1414213562373092536 ) ;
#5362 = DIRECTION ( 'NONE',  ( 0.0000000000000000000, -1.000000000000000000, -0.0000000000000000000 ) ) ;
#5363 = MECHANICAL_DESIGN_GEOMETRIC_PRESENTATION_REPRESENTATION (  '', ( #9570 ), #9085 ) ;
#5364 = CIRCLE ( 'NONE', #4653, 0.1499999999999999667 ) ;
#5365 = ORIENTED_EDGE ( 'NONE', *, *, #8751, .F. ) ;
#5366 = CARTESIAN_POINT ( 'NONE',  ( 0.9414213562373104915, 0.2000000000000005107, -0.8000000000000003775 ) ) ;
#5367 = DIRECTION ( 'NONE',  ( 0.0000000000000000000, 0.0000000000000000000, 1.000000000000000000 ) ) ;
#5368 = ORIENTED_EDGE ( 'NONE', *, *, #3564, .F. ) ;
#5369 = AXIS2_PLACEMENT_3D ( 'NONE', #1477, #1419, #4442 ) ;
#5370 = CARTESIAN_POINT ( 'NONE',  ( -1.600000000000000311, 0.0000000000000000000, -0.8000000000000003775 ) ) ;
#5371 = UNCERTAINTY_MEASURE_WITH_UNIT (LENGTH_MEASURE( 1.000000000000000082E-05 ), #2819, 'distance_accuracy_value', 'NONE');
#5372 = SPHERICAL_SURFACE ( 'NONE', #8060, 0.1499999999999999667 ) ;
#5373 = ADVANCED_FACE ( 'NONE', ( #1611 ), #9287, .T. ) ;
#5374 = EDGE_CURVE ( 'NONE', #2597, #9538, #7897, .T. ) ;
#5375 = ORIENTED_EDGE ( 'NONE', *, *, #8694, .T. ) ;
#5376 = MECHANICAL_DESIGN_GEOMETRIC_PRESENTATION_REPRESENTATION (  '', ( #8096 ), #8468 ) ;
#5377 = DIRECTION ( 'NONE',  ( 1.000000000000000000, -2.891205793294679411E-15, 0.0000000000000000000 ) ) ;
#5378 = CIRCLE ( 'NONE', #1431, 0.1499999999999999667 ) ;
#5379 =( NAMED_UNIT ( * ) PLANE_ANGLE_UNIT ( ) SI_UNIT ( $, .RADIAN. ) );
#5380 = CARTESIAN_POINT ( 'NONE',  ( 1.600000000000000755, 0.1499999999999999667, 6.086346753639119761E-18 ) ) ;
#5381 = CARTESIAN_POINT ( 'NONE',  ( -3.199999999999999289, 0.2000000000000005107, -2.400000000000000355 ) ) ;
#5382 = CARTESIAN_POINT ( 'NONE',  ( 0.8000000000000003775, 0.1499999999999999667, 1.599999999999999867 ) ) ;
#5383 = COLOUR_RGB ( '',0.7921568627450980005, 0.8196078431372548767, 0.9333333333333333481 ) ;
#5384 = AXIS2_PLACEMENT_3D ( 'NONE', #7588, #888, #1597 ) ;
#5385 = CARTESIAN_POINT ( 'NONE',  ( 3.200000000000000622, 0.1499999999999999667, -0.8000000000000003775 ) ) ;
#5386 = ORIENTED_EDGE ( 'NONE', *, *, #326, .T. ) ;
#5387 = ORIENTED_EDGE ( 'NONE', *, *, #4583, .T. ) ;
#5388 = CARTESIAN_POINT ( 'NONE',  ( -1.600000000000000311, 0.0000000000000000000, 0.7999999999999999334 ) ) ;
#5389 = MANIFOLD_SOLID_BREP ( 'Sketch-Pattern1[108]', #3227 ) ;
#5390 = SPHERICAL_SURFACE ( 'NONE', #4520, 0.1499999999999999667 ) ;
#5391 = AXIS2_PLACEMENT_3D ( 'NONE', #306, #3981, #9270 ) ;
#5392 = LINE ( 'NONE', #6059, #1241 ) ;
#5393 = EDGE_CURVE ( 'NONE', #8667, #2399, #4929, .T. ) ;
#5394 = ORIENTED_EDGE ( 'NONE', *, *, #3184, .T. ) ;
#5395 = CARTESIAN_POINT ( 'NONE',  ( -3.341421356237308959, 0.2000000000000005107, 0.7999999999999999334 ) ) ;
#5396 = ORIENTED_EDGE ( 'NONE', *, *, #9127, .F. ) ;
#5397 = PRESENTATION_STYLE_ASSIGNMENT (( #8558 ) ) ;
#5398 =( GEOMETRIC_REPRESENTATION_CONTEXT ( 3 ) GLOBAL_UNCERTAINTY_ASSIGNED_CONTEXT ( ( #1556 ) ) GLOBAL_UNIT_ASSIGNED_CONTEXT ( ( #428, #5619, #341 ) ) REPRESENTATION_CONTEXT ( 'NONE', 'WORKASPACE' ) );
#5399 = DIRECTION ( 'NONE',  ( 1.000000000000000000, 0.0000000000000000000, 0.0000000000000000000 ) ) ;
#5400 = ADVANCED_FACE ( 'NONE', ( #5878 ), #1094, .F. ) ;
#5401 = CARTESIAN_POINT ( 'NONE',  ( 4.999999999999999112, 0.2000000000000005107, -0.9999999999999991118 ) ) ;
#5402 = ORIENTED_EDGE ( 'NONE', *, *, #2194, .T. ) ;
#5403 = AXIS2_PLACEMENT_3D ( 'NONE', #9123, #8432, #1635 ) ;
#5404 =( NAMED_UNIT ( * ) SI_UNIT ( $, .STERADIAN. ) SOLID_ANGLE_UNIT ( ) );
#5405 = CLOSED_SHELL ( 'NONE', ( #9411, #7243, #8460 ) ) ;
#5406 = DIRECTION ( 'NONE',  ( 1.000000000000000000, -2.891205793294679411E-15, 0.0000000000000000000 ) ) ;
#5407 = DIRECTION ( 'NONE',  ( -0.0000000000000000000, -1.000000000000000000, -0.0000000000000000000 ) ) ;
#5408 = FILL_AREA_STYLE ('',( #7629 ) ) ;
#5409 = EDGE_CURVE ( 'NONE', #2746, #788, #1251, .T. ) ;
#5410 = CARTESIAN_POINT ( 'NONE',  ( 1.741421356237309981, 0.2000000000000005107, -2.400000000000000355 ) ) ;
#5411 = ORIENTED_EDGE ( 'NONE', *, *, #4763, .T. ) ;
#5412 = CIRCLE ( 'NONE', #952, 0.1414213562373092536 ) ;
#5413 = EDGE_LOOP ( 'NONE', ( #5708, #7496, #6224 ) ) ;
#5414 = EDGE_LOOP ( 'NONE', ( #3046, #2006 ) ) ;
#5415 = AXIS2_PLACEMENT_3D ( 'NONE', #928, #6227, #4829 ) ;
#5416 = CARTESIAN_POINT ( 'NONE',  ( 2.400000000000000355, 0.1499999999999999667, 0.7999999999999999334 ) ) ;
#5417 = CLOSED_SHELL ( 'NONE', ( #8593, #287, #3395 ) ) ;
#5418 = CARTESIAN_POINT ( 'NONE',  ( -4.999999999999999112, 1.699999999999999956, 5.000000000000001776 ) ) ;
#5419 = CARTESIAN_POINT ( 'NONE',  ( 1.600000000000000755, 0.2000000000000005107, -2.400000000000000355 ) ) ;
#5420 = CIRCLE ( 'NONE', #9597, 0.1499999999999999667 ) ;
#5421 = SPHERICAL_SURFACE ( 'NONE', #7893, 0.1499999999999999667 ) ;
#5422 = PLANE ( 'NONE',  #190 ) ;
#5423 = CIRCLE ( 'NONE', #4378, 0.1414213562373092536 ) ;
#5424 =( GEOMETRIC_REPRESENTATION_CONTEXT ( 3 ) GLOBAL_UNCERTAINTY_ASSIGNED_CONTEXT ( ( #7974 ) ) GLOBAL_UNIT_ASSIGNED_CONTEXT ( ( #1206, #2010, #2643 ) ) REPRESENTATION_CONTEXT ( 'NONE', 'WORKASPACE' ) );
#5425 = ORIENTED_EDGE ( 'NONE', *, *, #9191, .F. ) ;
#5426 =( GEOMETRIC_REPRESENTATION_CONTEXT ( 3 ) GLOBAL_UNCERTAINTY_ASSIGNED_CONTEXT ( ( #2266 ) ) GLOBAL_UNIT_ASSIGNED_CONTEXT ( ( #4694, #6971, #895 ) ) REPRESENTATION_CONTEXT ( 'NONE', 'WORKASPACE' ) );
#5427 = ADVANCED_FACE ( 'NONE', ( #3396 ), #3538, .F. ) ;
#5428 = EDGE_LOOP ( 'NONE', ( #9290, #3728 ) ) ;
#5429 = CIRCLE ( 'NONE', #441, 0.1499999999999999667 ) ;
#5430 = CARTESIAN_POINT ( 'NONE',  ( 3.999999999999999112, 0.2000000000000005107, 3.200000000000000178 ) ) ;
#5431 = CARTESIAN_POINT ( 'NONE',  ( 0.8000000000000003775, 0.1499999999999999667, 2.400000000000000355 ) ) ;
#5432 = AXIS2_PLACEMENT_3D ( 'NONE', #559, #7369, #3625 ) ;
#5433 = ORIENTED_EDGE ( 'NONE', *, *, #9198, .F. ) ;
#5434 = EDGE_CURVE ( 'NONE', #7918, #1870, #8116, .T. ) ;
#5435 = DIRECTION ( 'NONE',  ( -1.000000000000000000, 0.0000000000000000000, 0.0000000000000000000 ) ) ;
#5436 = EDGE_LOOP ( 'NONE', ( #5046, #7166, #2243 ) ) ;
#5437 = ADVANCED_FACE ( 'NONE', ( #3158 ), #7519, .T. ) ;
#5438 = DIRECTION ( 'NONE',  ( 1.224646799147353207E-16, -3.540705920434613265E-31, -1.000000000000000000 ) ) ;
#5439 = FACE_OUTER_BOUND ( 'NONE', #7927, .T. ) ;
#5440 = DIRECTION ( 'NONE',  ( 0.0000000000000000000, 0.0000000000000000000, 1.000000000000000000 ) ) ;
#5441 = STYLED_ITEM ( 'NONE', ( #8226 ), #5522 ) ;
#5442 =( LENGTH_UNIT ( ) NAMED_UNIT ( * ) SI_UNIT ( .MILLI., .METRE. ) );
#5443 =( NAMED_UNIT ( * ) SI_UNIT ( $, .STERADIAN. ) SOLID_ANGLE_UNIT ( ) );
#5444 = EDGE_LOOP ( 'NONE', ( #3867, #8841, #5347 ) ) ;
#5445 = CARTESIAN_POINT ( 'NONE',  ( -3.199999999999998845, 0.1499999999999999667, -4.000000000000000000 ) ) ;
#5446 = SURFACE_SIDE_STYLE ('',( #2251 ) ) ;
#5447 = MANIFOLD_SOLID_BREP ( 'Sketch-Pattern1[22]', #3383 ) ;
#5448 = CIRCLE ( 'NONE', #556, 0.1499999999999999667 ) ;
#5449 = VERTEX_POINT ( 'NONE', #6628 ) ;
#5450 = MECHANICAL_DESIGN_GEOMETRIC_PRESENTATION_REPRESENTATION (  '', ( #2898 ), #1391 ) ;
#5451 = CIRCLE ( 'NONE', #7936, 0.1499999999999999667 ) ;
#5452 = CARTESIAN_POINT ( 'NONE',  ( -4.000000000000000000, 0.0000000000000000000, 0.7999999999999999334 ) ) ;
#5453 = DIRECTION ( 'NONE',  ( 1.000000000000000000, 0.0000000000000000000, 0.0000000000000000000 ) ) ;
#5454 = DIRECTION ( 'NONE',  ( 0.0000000000000000000, 0.0000000000000000000, -1.000000000000000000 ) ) ;
#5455 = DIRECTION ( 'NONE',  ( 1.224646799147353207E-16, -3.540705920434613265E-31, -1.000000000000000000 ) ) ;
#5456 = ADVANCED_FACE ( 'NONE', ( #5643 ), #2428, .T. ) ;
#5457 = DIRECTION ( 'NONE',  ( -1.000000000000000000, 0.0000000000000000000, 0.0000000000000000000 ) ) ;
#5458 = CARTESIAN_POINT ( 'NONE',  ( 3.058578643762691396, 0.2000000000000005107, -0.8000000000000003775 ) ) ;
#5459 = PLANE ( 'NONE',  #2568 ) ;
#5460 = DIRECTION ( 'NONE',  ( 1.000000000000000000, -2.891205793294679411E-15, 0.0000000000000000000 ) ) ;
#5461 = CARTESIAN_POINT ( 'NONE',  ( -3.199999999999999734, 0.1499999999999999667, 1.599999999999999867 ) ) ;
#5462 = ORIENTED_EDGE ( 'NONE', *, *, #3735, .F. ) ;
#5463 = FACE_OUTER_BOUND ( 'NONE', #183, .T. ) ;
#5464 = CIRCLE ( 'NONE', #143, 0.1414213562373092536 ) ;
#5465 = MECHANICAL_DESIGN_GEOMETRIC_PRESENTATION_REPRESENTATION (  '', ( #8626 ), #4371 ) ;
#5466 = CIRCLE ( 'NONE', #6305, 0.1414213562373092536 ) ;
#5467 = CARTESIAN_POINT ( 'NONE',  ( 0.8000000000000012657, 0.1499999999999999667, -3.200000000000000622 ) ) ;
#5468 = AXIS2_PLACEMENT_3D ( 'NONE', #1119, #7858, #4138 ) ;
#5469 = DIRECTION ( 'NONE',  ( -0.0000000000000000000, -1.000000000000000000, -0.0000000000000000000 ) ) ;
#5470 = CARTESIAN_POINT ( 'NONE',  ( 3.999999999999999112, 0.1499999999999999667, 6.086346753639119761E-18 ) ) ;
#5471 =( GEOMETRIC_REPRESENTATION_CONTEXT ( 3 ) GLOBAL_UNCERTAINTY_ASSIGNED_CONTEXT ( ( #7163 ) ) GLOBAL_UNIT_ASSIGNED_CONTEXT ( ( #2582, #6374, #332 ) ) REPRESENTATION_CONTEXT ( 'NONE', 'WORKASPACE' ) );
#5472 =( LENGTH_UNIT ( ) NAMED_UNIT ( * ) SI_UNIT ( .MILLI., .METRE. ) );
#5473 = VERTEX_POINT ( 'NONE', #7992 ) ;
#5474 = FACE_OUTER_BOUND ( 'NONE', #7011, .T. ) ;
#5475 = EDGE_CURVE ( 'NONE', #6964, #8821, #916, .T. ) ;
#5476 = PLANE ( 'NONE',  #1291 ) ;
#5477 =( NAMED_UNIT ( * ) PLANE_ANGLE_UNIT ( ) SI_UNIT ( $, .RADIAN. ) );
#5478 = CARTESIAN_POINT ( 'NONE',  ( 0.8000000000000003775, 0.2000000000000005107, 1.599999999999999867 ) ) ;
#5479 = EDGE_CURVE ( 'NONE', #5324, #2421, #1487, .T. ) ;
#5480 = DIRECTION ( 'NONE',  ( -1.000000000000000000, 0.0000000000000000000, 0.0000000000000000000 ) ) ;
#5481 = DIRECTION ( 'NONE',  ( -1.000000000000000000, 0.0000000000000000000, 0.0000000000000000000 ) ) ;
#5482 = DIRECTION ( 'NONE',  ( 0.0000000000000000000, 0.0000000000000000000, -1.000000000000000000 ) ) ;
#5483 = EDGE_LOOP ( 'NONE', ( #7410, #6861, #4881 ) ) ;
#5484 = CARTESIAN_POINT ( 'NONE',  ( 4.000000000000002665, 0.1499999999999999667, -4.000000000000000000 ) ) ;
#5485 = STYLED_ITEM ( 'NONE', ( #7857 ), #9531 ) ;
#5486 = ADVANCED_FACE ( 'NONE', ( #8915 ), #2065, .F. ) ;
#5487 = CARTESIAN_POINT ( 'NONE',  ( 2.400000000000002132, 0.1499999999999999667, -3.200000000000000622 ) ) ;
#5488 = CARTESIAN_POINT ( 'NONE',  ( -3.058578643762690508, 0.2000000000000005107, 2.400000000000000355 ) ) ;
#5489 = CARTESIAN_POINT ( 'NONE',  ( -4.000000000000000000, 0.2000000000000005107, 2.400000000000000355 ) ) ;
#5490 = AXIS2_PLACEMENT_3D ( 'NONE', #6078, #8341, #6850 ) ;
#5491 = SURFACE_SIDE_STYLE ('',( #7514 ) ) ;
#5492 = ORIENTED_EDGE ( 'NONE', *, *, #8232, .F. ) ;
#5493 = DIRECTION ( 'NONE',  ( -1.000000000000000000, 0.0000000000000000000, 0.0000000000000000000 ) ) ;
#5494 = CIRCLE ( 'NONE', #6325, 0.1499999999999999667 ) ;
#5495 = AXIS2_PLACEMENT_3D ( 'NONE', #5568, #4671, #2476 ) ;
#5496 = DIRECTION ( 'NONE',  ( 0.0000000000000000000, -1.000000000000000000, -0.0000000000000000000 ) ) ;
#5497 = CARTESIAN_POINT ( 'NONE',  ( 2.400000000000000355, 0.1499999999999999667, 3.200000000000000178 ) ) ;
#5498 = CARTESIAN_POINT ( 'NONE',  ( -4.000000000000000000, 0.1499999999999999667, 2.400000000000000355 ) ) ;
#5499 = VERTEX_POINT ( 'NONE', #4287 ) ;
#5500 = PRESENTATION_LAYER_ASSIGNMENT (  '', '', ( #9155 ) ) ;
#5501 = CIRCLE ( 'NONE', #4510, 0.1414213562373092536 ) ;
#5502 = ORIENTED_EDGE ( 'NONE', *, *, #511, .F. ) ;
#5503 = COLOUR_RGB ( '',0.7921568627450980005, 0.8196078431372548767, 0.9333333333333333481 ) ;
#5504 = SURFACE_STYLE_USAGE ( .BOTH. , #9153 ) ;
#5505 =( NAMED_UNIT ( * ) PLANE_ANGLE_UNIT ( ) SI_UNIT ( $, .RADIAN. ) );
#5506 = AXIS2_PLACEMENT_3D ( 'NONE', #6141, #3110, #29 ) ;
#5507 = DIRECTION ( 'NONE',  ( 0.0000000000000000000, -1.000000000000000000, -0.0000000000000000000 ) ) ;
#5508 = UNCERTAINTY_MEASURE_WITH_UNIT (LENGTH_MEASURE( 1.000000000000000082E-05 ), #4273, 'distance_accuracy_value', 'NONE');
#5509 = CIRCLE ( 'NONE', #3500, 0.1499999999999999667 ) ;
#5510 = DIRECTION ( 'NONE',  ( 1.000000000000000000, -2.891205793294679411E-15, 0.0000000000000000000 ) ) ;
#5511 = VERTEX_POINT ( 'NONE', #9526 ) ;
#5512 = DIRECTION ( 'NONE',  ( 0.0000000000000000000, 0.0000000000000000000, -1.000000000000000000 ) ) ;
#5513 = AXIS2_PLACEMENT_3D ( 'NONE', #9124, #8337, #9224 ) ;
#5514 = DIRECTION ( 'NONE',  ( 0.0000000000000000000, 0.0000000000000000000, -1.000000000000000000 ) ) ;
#5515 = DIRECTION ( 'NONE',  ( 0.0000000000000000000, 0.0000000000000000000, -1.000000000000000000 ) ) ;
#5516 = CIRCLE ( 'NONE', #2947, 0.1414213562373092536 ) ;
#5517 = CARTESIAN_POINT ( 'NONE',  ( 1.599999999999999867, 0.1499999999999999667, 0.7999999999999999334 ) ) ;
#5518 = CARTESIAN_POINT ( 'NONE',  ( 1.600000000000000755, 0.1499999999999999667, -4.000000000000000000 ) ) ;
#5519 = ORIENTED_EDGE ( 'NONE', *, *, #3595, .T. ) ;
#5520 = ORIENTED_EDGE ( 'NONE', *, *, #3441, .T. ) ;
#5521 = ORIENTED_EDGE ( 'NONE', *, *, #9096, .F. ) ;
#5522 = MANIFOLD_SOLID_BREP ( 'Sketch-Pattern1[96]', #6464 ) ;
#5523 = PRESENTATION_STYLE_ASSIGNMENT (( #1848 ) ) ;
#5524 = SURFACE_SIDE_STYLE ('',( #3054 ) ) ;
#5525 = CARTESIAN_POINT ( 'NONE',  ( -1.599999999999999867, 0.2000000000000005107, 2.400000000000000355 ) ) ;
#5526 = DIRECTION ( 'NONE',  ( 1.000000000000000000, -2.891205793294679411E-15, 0.0000000000000000000 ) ) ;
#5527 = AXIS2_PLACEMENT_3D ( 'NONE', #3126, #4582, #4751 ) ;
#5528 = SURFACE_SIDE_STYLE ('',( #1476 ) ) ;
#5529 = EDGE_LOOP ( 'NONE', ( #5315, #4328, #3889 ) ) ;
#5530 = CIRCLE ( 'NONE', #2540, 0.1414213562373092536 ) ;
#5531 = AXIS2_PLACEMENT_3D ( 'NONE', #5487, #2491, #9233 ) ;
#5532 = AXIS2_PLACEMENT_3D ( 'NONE', #27, #1553, #8356 ) ;
#5533 = ORIENTED_EDGE ( 'NONE', *, *, #2379, .F. ) ;
#5534 = ADVANCED_FACE ( 'NONE', ( #9506 ), #5023, .F. ) ;
#5535 = EDGE_CURVE ( 'NONE', #9749, #1394, #5146, .T. ) ;
#5536 = VERTEX_POINT ( 'NONE', #8216 ) ;
#5537 = CIRCLE ( 'NONE', #8840, 0.1414213562373092536 ) ;
#5538 = SURFACE_SIDE_STYLE ('',( #1259 ) ) ;
#5539 = SURFACE_STYLE_USAGE ( .BOTH. , #3899 ) ;
#5540 = VERTEX_POINT ( 'NONE', #494 ) ;
#5541 = EDGE_CURVE ( 'NONE', #3306, #687, #1144, .T. ) ;
#5542 = ORIENTED_EDGE ( 'NONE', *, *, #3508, .T. ) ;
#5543 = CARTESIAN_POINT ( 'NONE',  ( -2.999999999999999112, 0.2000000000000005107, -7.399999999999999467 ) ) ;
#5544 = SPHERICAL_SURFACE ( 'NONE', #7094, 0.1499999999999999667 ) ;
#5545 = AXIS2_PLACEMENT_3D ( 'NONE', #1838, #4102, #4853 ) ;
#5546 = DIRECTION ( 'NONE',  ( 1.000000000000000000, 0.0000000000000000000, 0.0000000000000000000 ) ) ;
#5547 = VERTEX_POINT ( 'NONE', #8753 ) ;
#5548 = CARTESIAN_POINT ( 'NONE',  ( 2.400000000000002132, 0.1499999999999999667, 6.086346753639119761E-18 ) ) ;
#5549 = EDGE_CURVE ( 'NONE', #1670, #3907, #8451, .T. ) ;
#5550 = DIRECTION ( 'NONE',  ( 0.0000000000000000000, 0.0000000000000000000, -1.000000000000000000 ) ) ;
#5551 = ORIENTED_EDGE ( 'NONE', *, *, #8506, .T. ) ;
#5552 = ORIENTED_EDGE ( 'NONE', *, *, #5653, .T. ) ;
#5553 = SURFACE_STYLE_USAGE ( .BOTH. , #3275 ) ;
#5554 = SPHERICAL_SURFACE ( 'NONE', #6290, 0.1499999999999999667 ) ;
#5555 = FILL_AREA_STYLE ('',( #1716 ) ) ;
#5556 =( LENGTH_UNIT ( ) NAMED_UNIT ( * ) SI_UNIT ( .MILLI., .METRE. ) );
#5557 = VERTEX_POINT ( 'NONE', #8108 ) ;
#5558 = CARTESIAN_POINT ( 'NONE',  ( -3.199999999999999734, 0.2000000000000005107, 6.086346753639119761E-18 ) ) ;
#5559 = VERTEX_POINT ( 'NONE', #8168 ) ;
#5560 = DIRECTION ( 'NONE',  ( 0.0000000000000000000, 0.0000000000000000000, -1.000000000000000000 ) ) ;
#5561 = ORIENTED_EDGE ( 'NONE', *, *, #8175, .T. ) ;
#5562 = DIRECTION ( 'NONE',  ( 0.0000000000000000000, 0.0000000000000000000, 1.000000000000000000 ) ) ;
#5563 = AXIS2_PLACEMENT_3D ( 'NONE', #2097, #6761, #9710 ) ;
#5564 = ORIENTED_EDGE ( 'NONE', *, *, #5030, .T. ) ;
#5565 = UNCERTAINTY_MEASURE_WITH_UNIT (LENGTH_MEASURE( 1.000000000000000082E-05 ), #7212, 'distance_accuracy_value', 'NONE');
#5566 = ORIENTED_EDGE ( 'NONE', *, *, #6149, .F. ) ;
#5567 = DIRECTION ( 'NONE',  ( -0.0000000000000000000, -1.000000000000000000, -0.0000000000000000000 ) ) ;
#5568 = CARTESIAN_POINT ( 'NONE',  ( -4.000000000000000000, 0.1499999999999999667, 0.7999999999999999334 ) ) ;
#5569 = EDGE_LOOP ( 'NONE', ( #1984, #8304, #6515 ) ) ;
#5570 =( LENGTH_UNIT ( ) NAMED_UNIT ( * ) SI_UNIT ( .MILLI., .METRE. ) );
#5571 = FACE_OUTER_BOUND ( 'NONE', #1031, .T. ) ;
#5572 = DIRECTION ( 'NONE',  ( 0.0000000000000000000, 0.0000000000000000000, -1.000000000000000000 ) ) ;
#5573 = AXIS2_PLACEMENT_3D ( 'NONE', #5216, #5953, #5885 ) ;
#5574 = DIRECTION ( 'NONE',  ( -1.000000000000000000, 0.0000000000000000000, 0.0000000000000000000 ) ) ;
#5575 = CARTESIAN_POINT ( 'NONE',  ( -4.000000000000000000, 0.1499999999999999667, 2.400000000000000355 ) ) ;
#5576 = EDGE_CURVE ( 'NONE', #4062, #8315, #198, .T. ) ;
#5577 = CARTESIAN_POINT ( 'NONE',  ( -0.9414213562373087152, 0.2000000000000005107, -0.8000000000000003775 ) ) ;
#5578 = MANIFOLD_SOLID_BREP ( 'Sketch-Pattern1[82]', #2284 ) ;
#5579 = AXIS2_PLACEMENT_3D ( 'NONE', #1920, #4903, #4936 ) ;
#5580 = ORIENTED_EDGE ( 'NONE', *, *, #6845, .T. ) ;
#5581 = CARTESIAN_POINT ( 'NONE',  ( 1.600000000000000311, 0.0000000000000000000, -0.8000000000000003775 ) ) ;
#5582 = DIRECTION ( 'NONE',  ( -0.0000000000000000000, -1.000000000000000000, -0.0000000000000000000 ) ) ;
#5583 = ADVANCED_FACE ( 'NONE', ( #9041 ), #7453, .F. ) ;
#5584 = AXIS2_PLACEMENT_3D ( 'NONE', #4209, #8767, #5011 ) ;
#5585 = AXIS2_PLACEMENT_3D ( 'NONE', #5945, #6080, #6011 ) ;
#5586 = DIRECTION ( 'NONE',  ( -0.0000000000000000000, -1.000000000000000000, -0.0000000000000000000 ) ) ;
#5587 = ORIENTED_EDGE ( 'NONE', *, *, #6545, .T. ) ;
#5588 = FILL_AREA_STYLE_COLOUR ( '', #8750 ) ;
#5589 = DIRECTION ( 'NONE',  ( 0.0000000000000000000, 0.0000000000000000000, -1.000000000000000000 ) ) ;
#5590 = CARTESIAN_POINT ( 'NONE',  ( 2.541421356237311358, 0.2000000000000005107, -3.200000000000000622 ) ) ;
#5591 = DIRECTION ( 'NONE',  ( 0.0000000000000000000, 0.0000000000000000000, -1.000000000000000000 ) ) ;
#5592 =( LENGTH_UNIT ( ) NAMED_UNIT ( * ) SI_UNIT ( .MILLI., .METRE. ) );
#5593 = EDGE_CURVE ( 'NONE', #6360, #4934, #8214, .T. ) ;
#5594 = COLOUR_RGB ( '',0.7921568627450980005, 0.8196078431372548767, 0.9333333333333333481 ) ;
#5595 = AXIS2_PLACEMENT_3D ( 'NONE', #6864, #2429, #1719 ) ;
#5596 = EDGE_LOOP ( 'NONE', ( #1652, #5564, #3511 ) ) ;
#5597 = FACE_OUTER_BOUND ( 'NONE', #8429, .T. ) ;
#5598 = DIRECTION ( 'NONE',  ( -1.000000000000000000, 0.0000000000000000000, 0.0000000000000000000 ) ) ;
#5599 = AXIS2_PLACEMENT_3D ( 'NONE', #5960, #2124, #6721 ) ;
#5600 = CARTESIAN_POINT ( 'NONE',  ( -0.5999999999999998668, 0.2000000000000005107, -4.999999999999999112 ) ) ;
#5601 = AXIS2_PLACEMENT_3D ( 'NONE', #3032, #5988, #7472 ) ;
#5602 = DIRECTION ( 'NONE',  ( 0.0000000000000000000, 0.0000000000000000000, -1.000000000000000000 ) ) ;
#5603 = AXIS2_PLACEMENT_3D ( 'NONE', #5385, #8318, #2232 ) ;
#5604 = EDGE_CURVE ( 'NONE', #7296, #1787, #4918, .T. ) ;
#5605 = ORIENTED_EDGE ( 'NONE', *, *, #9674, .T. ) ;
#5606 =( NAMED_UNIT ( * ) PLANE_ANGLE_UNIT ( ) SI_UNIT ( $, .RADIAN. ) );
#5607 = CIRCLE ( 'NONE', #8655, 0.1414213562373092536 ) ;
#5608 = CARTESIAN_POINT ( 'NONE',  ( -3.199999999999999734, 0.1499999999999999667, 0.7999999999999999334 ) ) ;
#5609 = ORIENTED_EDGE ( 'NONE', *, *, #5814, .T. ) ;
#5610 = DIRECTION ( 'NONE',  ( 0.0000000000000000000, 0.0000000000000000000, -1.000000000000000000 ) ) ;
#5611 = FACE_OUTER_BOUND ( 'NONE', #8141, .T. ) ;
#5612 =( GEOMETRIC_REPRESENTATION_CONTEXT ( 3 ) GLOBAL_UNCERTAINTY_ASSIGNED_CONTEXT ( ( #8452 ) ) GLOBAL_UNIT_ASSIGNED_CONTEXT ( ( #6968, #9207, #170 ) ) REPRESENTATION_CONTEXT ( 'NONE', 'WORKASPACE' ) );
#5613 = CARTESIAN_POINT ( 'NONE',  ( 8.673617379884035472E-16, 0.2000000000000005107, 6.086346753639119761E-18 ) ) ;
#5614 = CLOSED_SHELL ( 'NONE', ( #507, #7318, #6390 ) ) ;
#5615 = DIRECTION ( 'NONE',  ( 0.0000000000000000000, 0.0000000000000000000, -1.000000000000000000 ) ) ;
#5616 = EDGE_LOOP ( 'NONE', ( #583, #1357, #8545 ) ) ;
#5617 = CIRCLE ( 'NONE', #1152, 0.1499999999999999667 ) ;
#5618 = DIRECTION ( 'NONE',  ( 0.0000000000000000000, 0.0000000000000000000, -1.000000000000000000 ) ) ;
#5619 =( NAMED_UNIT ( * ) PLANE_ANGLE_UNIT ( ) SI_UNIT ( $, .RADIAN. ) );
#5620 = AXIS2_PLACEMENT_3D ( 'NONE', #2462, #7160, #1757 ) ;
#5621 = ORIENTED_EDGE ( 'NONE', *, *, #3685, .F. ) ;
#5622 = DIRECTION ( 'NONE',  ( 0.0000000000000000000, 0.0000000000000000000, -1.000000000000000000 ) ) ;
#5623 = SPHERICAL_SURFACE ( 'NONE', #4319, 0.1499999999999999667 ) ;
#5624 = FILL_AREA_STYLE_COLOUR ( '', #7537 ) ;
#5625 = AXIS2_PLACEMENT_3D ( 'NONE', #3826, #3890, #9177 ) ;
#5626 = COLOUR_RGB ( '',0.7921568627450980005, 0.8196078431372548767, 0.9333333333333333481 ) ;
#5627 = MECHANICAL_DESIGN_GEOMETRIC_PRESENTATION_REPRESENTATION (  '', ( #3090 ), #4927 ) ;
#5628 = ADVANCED_FACE ( 'NONE', ( #4563 ), #1038, .T. ) ;
#5629 = UNCERTAINTY_MEASURE_WITH_UNIT (LENGTH_MEASURE( 1.000000000000000082E-05 ), #567, 'distance_accuracy_value', 'NONE');
#5630 = EDGE_CURVE ( 'NONE', #9724, #5086, #1849, .T. ) ;
#5631 = VERTEX_POINT ( 'NONE', #9223 ) ;
#5632 = MECHANICAL_DESIGN_GEOMETRIC_PRESENTATION_REPRESENTATION (  '', ( #9650 ), #6653 ) ;
#5633 =( NAMED_UNIT ( * ) PLANE_ANGLE_UNIT ( ) SI_UNIT ( $, .RADIAN. ) );
#5634 = DIRECTION ( 'NONE',  ( 1.000000000000000000, -2.891205793294679411E-15, 0.0000000000000000000 ) ) ;
#5635 = FACE_OUTER_BOUND ( 'NONE', #4050, .T. ) ;
#5636 = VERTEX_POINT ( 'NONE', #982 ) ;
#5637 = SPHERICAL_SURFACE ( 'NONE', #1402, 0.1499999999999999667 ) ;
#5638 = ADVANCED_FACE ( 'NONE', ( #7088 ), #8584, .T. ) ;
#5639 = VERTEX_POINT ( 'NONE', #1559 ) ;
#5640 = AXIS2_PLACEMENT_3D ( 'NONE', #724, #5246, #7468 ) ;
#5641 = FACE_OUTER_BOUND ( 'NONE', #7216, .T. ) ;
#5642 = MECHANICAL_DESIGN_GEOMETRIC_PRESENTATION_REPRESENTATION (  '', ( #4044 ), #6163 ) ;
#5643 = FACE_OUTER_BOUND ( 'NONE', #1458, .T. ) ;
#5644 = PRESENTATION_STYLE_ASSIGNMENT (( #4458 ) ) ;
#5645 = DIRECTION ( 'NONE',  ( -0.0000000000000000000, -1.000000000000000000, -0.0000000000000000000 ) ) ;
#5646 =( NAMED_UNIT ( * ) PLANE_ANGLE_UNIT ( ) SI_UNIT ( $, .RADIAN. ) );
#5647 = EDGE_LOOP ( 'NONE', ( #509, #1112, #2069 ) ) ;
#5648 = AXIS2_PLACEMENT_3D ( 'NONE', #6746, #2140, #8173 ) ;
#5649 = PRESENTATION_STYLE_ASSIGNMENT (( #5127 ) ) ;
#5650 = AXIS2_PLACEMENT_3D ( 'NONE', #1973, #2734, #8789 ) ;
#5651 = ORIENTED_EDGE ( 'NONE', *, *, #2842, .F. ) ;
#5652 = ORIENTED_EDGE ( 'NONE', *, *, #4130, .F. ) ;
#5653 = EDGE_CURVE ( 'NONE', #7847, #3971, #6116, .T. ) ;
#5654 = EDGE_LOOP ( 'NONE', ( #1525, #7420, #4421 ) ) ;
#5655 = CARTESIAN_POINT ( 'NONE',  ( -1.599999999999999867, 0.1499999999999999667, 0.7999999999999999334 ) ) ;
#5656 = SPHERICAL_SURFACE ( 'NONE', #3331, 0.1499999999999999667 ) ;
#5657 = CARTESIAN_POINT ( 'NONE',  ( 4.000000000000002665, 0.2000000000000005107, -4.000000000000000000 ) ) ;
#5658 = EDGE_CURVE ( 'NONE', #9325, #7327, #3388, .T. ) ;
#5659 = CARTESIAN_POINT ( 'NONE',  ( -3.199999999999999289, 0.1499999999999999667, -2.400000000000000355 ) ) ;
#5660 = DIRECTION ( 'NONE',  ( 0.0000000000000000000, -1.000000000000000000, -0.0000000000000000000 ) ) ;
#5661 = VERTEX_POINT ( 'NONE', #9320 ) ;
#5662 = DIRECTION ( 'NONE',  ( 0.0000000000000000000, 0.0000000000000000000, 1.000000000000000000 ) ) ;
#5663 = VERTEX_POINT ( 'NONE', #8636 ) ;
#5664 = MECHANICAL_DESIGN_GEOMETRIC_PRESENTATION_REPRESENTATION (  '', ( #3129 ), #3326 ) ;
#5665 = EDGE_LOOP ( 'NONE', ( #4533, #2645, #9090 ) ) ;
#5666 =( NAMED_UNIT ( * ) PLANE_ANGLE_UNIT ( ) SI_UNIT ( $, .RADIAN. ) );
#5667 = ADVANCED_FACE ( 'NONE', ( #9166 ), #548, .T. ) ;
#5668 = AXIS2_PLACEMENT_3D ( 'NONE', #5314, #2253, #9026 ) ;
#5669 = ORIENTED_EDGE ( 'NONE', *, *, #6920, .F. ) ;
#5670 = EDGE_CURVE ( 'NONE', #285, #5863, #6587, .T. ) ;
#5671 = EDGE_LOOP ( 'NONE', ( #8258, #1221 ) ) ;
#5672 = FACE_OUTER_BOUND ( 'NONE', #6218, .T. ) ;
#5674 = ORIENTED_EDGE ( 'NONE', *, *, #2733, .T. ) ;
#5673 = AXIS2_PLACEMENT_3D ( 'NONE', #6849, #5407, #2415 ) ;
#5675 = UNCERTAINTY_MEASURE_WITH_UNIT (LENGTH_MEASURE( 1.000000000000000082E-05 ), #2602, 'distance_accuracy_value', 'NONE');
#5676 = DIRECTION ( 'NONE',  ( -0.0000000000000000000, -1.000000000000000000, -0.0000000000000000000 ) ) ;
#5677 = CARTESIAN_POINT ( 'NONE',  ( -1.741421356237309093, 0.2000000000000005107, -0.8000000000000003775 ) ) ;
#5678 = CIRCLE ( 'NONE', #8145, 0.1499999999999999667 ) ;
#5679 = ADVANCED_FACE ( 'NONE', ( #6357 ), #9619, .T. ) ;
#5680 = ORIENTED_EDGE ( 'NONE', *, *, #8694, .F. ) ;
#5681 = MECHANICAL_DESIGN_GEOMETRIC_PRESENTATION_REPRESENTATION (  '', ( #3656 ), #3709 ) ;
#5682 = CARTESIAN_POINT ( 'NONE',  ( 2.400000000000002132, 0.1499999999999999667, -0.8000000000000003775 ) ) ;
#5683 = CARTESIAN_POINT ( 'NONE',  ( 3.999999999999999112, 0.1499999999999999667, -1.599999999999999867 ) ) ;
#5684 = CARTESIAN_POINT ( 'NONE',  ( 1.741421356237309981, 0.2000000000000005107, 6.086346753639119761E-18 ) ) ;
#5685 = MANIFOLD_SOLID_BREP ( 'Sketch-Pattern1[79]', #5110 ) ;
#5686 = DIRECTION ( 'NONE',  ( -0.0000000000000000000, -1.000000000000000000, -0.0000000000000000000 ) ) ;
#5687 = ORIENTED_EDGE ( 'NONE', *, *, #3879, .F. ) ;
#5688 = AXIS2_PLACEMENT_3D ( 'NONE', #6758, #7440, #8968 ) ;
#5689 = SPHERICAL_SURFACE ( 'NONE', #840, 0.1499999999999999667 ) ;
#5690 = CIRCLE ( 'NONE', #3409, 0.1414213562373092536 ) ;
#5691 = CARTESIAN_POINT ( 'NONE',  ( 0.8000000000000012657, 0.1499999999999999667, -3.200000000000000622 ) ) ;
#5692 = CLOSED_SHELL ( 'NONE', ( #7668, #5819, #9425 ) ) ;
#5693 = FILL_AREA_STYLE ('',( #8674 ) ) ;
#5694 = AXIS2_PLACEMENT_3D ( 'NONE', #4620, #107, #3063 ) ;
#5695 = MECHANICAL_DESIGN_GEOMETRIC_PRESENTATION_REPRESENTATION (  '', ( #3367 ), #8902 ) ;
#5696 = AXIS2_PLACEMENT_3D ( 'NONE', #6095, #6870, #2300 ) ;
#5697 = SURFACE_SIDE_STYLE ('',( #2920 ) ) ;
#5698 = SPHERICAL_SURFACE ( 'NONE', #5100, 0.1499999999999999667 ) ;
#5699 = CARTESIAN_POINT ( 'NONE',  ( 3.999999999999999112, 0.1499999999999999667, 0.7999999999999999334 ) ) ;
#5700 = ORIENTED_EDGE ( 'NONE', *, *, #495, .F. ) ;
#5701 = PLANE ( 'NONE',  #3379 ) ;
#5702 = SPHERICAL_SURFACE ( 'NONE', #6391, 0.1499999999999999667 ) ;
#5703 = DIRECTION ( 'NONE',  ( 1.000000000000000000, -2.891205793294679411E-15, 0.0000000000000000000 ) ) ;
#5704 = EDGE_CURVE ( 'NONE', #3442, #1392, #4199, .T. ) ;
#5705 = SURFACE_STYLE_USAGE ( .BOTH. , #8716 ) ;
#5706 = EDGE_CURVE ( 'NONE', #1897, #2338, #4683, .T. ) ;
#5707 = ADVANCED_FACE ( 'NONE', ( #5635 ), #5924, .F. ) ;
#5708 = ORIENTED_EDGE ( 'NONE', *, *, #9370, .F. ) ;
#5709 = CARTESIAN_POINT ( 'NONE',  ( 1.000000000000000888, 0.2000000000000005107, -5.799999999999999822 ) ) ;
#5710 = DIRECTION ( 'NONE',  ( 0.0000000000000000000, 0.0000000000000000000, -1.000000000000000000 ) ) ;
#5711 = AXIS2_PLACEMENT_3D ( 'NONE', #1171, #8690, #4161 ) ;
#5712 =( LENGTH_UNIT ( ) NAMED_UNIT ( * ) SI_UNIT ( .MILLI., .METRE. ) );
#5713 = DIRECTION ( 'NONE',  ( -0.0000000000000000000, -1.000000000000000000, -0.0000000000000000000 ) ) ;
#5714 = FILL_AREA_STYLE ('',( #3504 ) ) ;
#5715 = ORIENTED_EDGE ( 'NONE', *, *, #4564, .F. ) ;
#5716 = PRESENTATION_STYLE_ASSIGNMENT (( #3910 ) ) ;
#5717 = AXIS2_PLACEMENT_3D ( 'NONE', #5264, #6005, #6741 ) ;
#5718 = EDGE_CURVE ( 'NONE', #1649, #7918, #2891, .T. ) ;
#5719 = CIRCLE ( 'NONE', #6951, 0.1414213562373092536 ) ;
#5720 = CARTESIAN_POINT ( 'NONE',  ( 4.000000000000002665, 0.1499999999999999667, -3.200000000000000622 ) ) ;
#5721 = EDGE_LOOP ( 'NONE', ( #8253, #380 ) ) ;
#5722 = DIRECTION ( 'NONE',  ( 0.0000000000000000000, 0.0000000000000000000, -1.000000000000000000 ) ) ;
#5723 = ADVANCED_FACE ( 'NONE', ( #2064 ), #4078, .T. ) ;
#5724 = AXIS2_PLACEMENT_3D ( 'NONE', #4980, #448, #9294 ) ;
#5725 = COLOUR_RGB ( '',0.7921568627450980005, 0.8196078431372548767, 0.9333333333333333481 ) ;
#5726 = SURFACE_SIDE_STYLE ('',( #9237 ) ) ;
#5727 = CARTESIAN_POINT ( 'NONE',  ( -0.7999999999999994893, 0.1499999999999999667, -3.200000000000000622 ) ) ;
#5728 = FACE_OUTER_BOUND ( 'NONE', #2878, .T. ) ;
#5729 = ORIENTED_EDGE ( 'NONE', *, *, #6940, .F. ) ;
#5730 =( NAMED_UNIT ( * ) SI_UNIT ( $, .STERADIAN. ) SOLID_ANGLE_UNIT ( ) );
#5731 = PRESENTATION_STYLE_ASSIGNMENT (( #3371 ) ) ;
#5732 = CARTESIAN_POINT ( 'NONE',  ( -0.7999999999999994893, 0.1499999999999999667, 3.200000000000000178 ) ) ;
#5733 = AXIS2_PLACEMENT_3D ( 'NONE', #7826, #1803, #8559 ) ;
#5734 = DIRECTION ( 'NONE',  ( 0.0000000000000000000, 0.0000000000000000000, -1.000000000000000000 ) ) ;
#5735 =( LENGTH_UNIT ( ) NAMED_UNIT ( * ) SI_UNIT ( .MILLI., .METRE. ) );
#5736 = DIRECTION ( 'NONE',  ( -0.0000000000000000000, -1.000000000000000000, -0.0000000000000000000 ) ) ;
#5737 = DIRECTION ( 'NONE',  ( 1.000000000000000000, 0.0000000000000000000, 0.0000000000000000000 ) ) ;
#5738 = VERTEX_POINT ( 'NONE', #1549 ) ;
#5739 = MANIFOLD_SOLID_BREP ( 'Sketch-Pattern1[7]', #9412 ) ;
#5740 = FACE_OUTER_BOUND ( 'NONE', #1069, .T. ) ;
#5741 = EDGE_LOOP ( 'NONE', ( #6929, #5396 ) ) ;
#5742 = EDGE_LOOP ( 'NONE', ( #1399, #8661, #5542 ) ) ;
#5743 = PRESENTATION_LAYER_ASSIGNMENT (  '', '', ( #6915 ) ) ;
#5744 = FACE_OUTER_BOUND ( 'NONE', #2419, .T. ) ;
#5745 = DIRECTION ( 'NONE',  ( 1.224646799147353207E-16, -3.540705920434613265E-31, -1.000000000000000000 ) ) ;
#5746 = CARTESIAN_POINT ( 'NONE',  ( 1.000000000000000888, 0.2000000000000005107, -4.999999999999999112 ) ) ;
#5747 = EDGE_CURVE ( 'NONE', #3411, #1226, #5392, .T. ) ;
#5748 =( NAMED_UNIT ( * ) PLANE_ANGLE_UNIT ( ) SI_UNIT ( $, .RADIAN. ) );
#5749 = DIRECTION ( 'NONE',  ( 0.0000000000000000000, 0.0000000000000000000, 1.000000000000000000 ) ) ;
#5750 = CARTESIAN_POINT ( 'NONE',  ( 2.400000000000000355, 0.2000000000000005107, 4.000000000000000000 ) ) ;
#5751 = ORIENTED_EDGE ( 'NONE', *, *, #1197, .T. ) ;
#5752 = CIRCLE ( 'NONE', #4637, 0.1499999999999999667 ) ;
#5753 = AXIS2_PLACEMENT_3D ( 'NONE', #7726, #227, #5399 ) ;
#5754 = ORIENTED_EDGE ( 'NONE', *, *, #7301, .T. ) ;
#5755 = CARTESIAN_POINT ( 'NONE',  ( -0.7999999999999994893, 0.1499999999999999667, -2.400000000000000355 ) ) ;
#5756 = SURFACE_SIDE_STYLE ('',( #8608 ) ) ;
#5757 = ORIENTED_EDGE ( 'NONE', *, *, #9722, .T. ) ;
#5758 = AXIS2_PLACEMENT_3D ( 'NONE', #1988, #3454, #6409 ) ;
#5759 = ORIENTED_EDGE ( 'NONE', *, *, #8364, .F. ) ;
#5760 = FACE_OUTER_BOUND ( 'NONE', #8756, .T. ) ;
#5761 = AXIS2_PLACEMENT_3D ( 'NONE', #6853, #2283, #8208 ) ;
#5762 = PLANE ( 'NONE',  #179 ) ;
#5763 = ORIENTED_EDGE ( 'NONE', *, *, #1735, .F. ) ;
#5764 = ADVANCED_FACE ( 'NONE', ( #1026 ), #6090, .F. ) ;
#5765 = DIRECTION ( 'NONE',  ( 0.0000000000000000000, 0.0000000000000000000, 1.000000000000000000 ) ) ;
#5766 = CIRCLE ( 'NONE', #8615, 0.1414213562373092536 ) ;
#5767 = EDGE_CURVE ( 'NONE', #870, #2302, #5858, .T. ) ;
#5768 = EDGE_LOOP ( 'NONE', ( #6627, #628 ) ) ;
#5769 =( LENGTH_UNIT ( ) NAMED_UNIT ( * ) SI_UNIT ( .MILLI., .METRE. ) );
#5770 = CARTESIAN_POINT ( 'NONE',  ( 1.600000000000000755, 0.2000000000000005107, -2.400000000000000355 ) ) ;
#5771 = DIRECTION ( 'NONE',  ( 0.0000000000000000000, 0.0000000000000000000, -1.000000000000000000 ) ) ;
#5772 = SURFACE_STYLE_USAGE ( .BOTH. , #7400 ) ;
#5773 = ORIENTED_EDGE ( 'NONE', *, *, #7079, .F. ) ;
#5774 = FILL_AREA_STYLE ('',( #378 ) ) ;
#5775 = ORIENTED_EDGE ( 'NONE', *, *, #3045, .F. ) ;
#5776 = PRESENTATION_LAYER_ASSIGNMENT (  '', '', ( #5263 ) ) ;
#5777 = ADVANCED_FACE ( 'NONE', ( #317 ), #761, .F. ) ;
#5778 = CARTESIAN_POINT ( 'NONE',  ( 1.599999999999999423, 0.0000000000000000000, 2.400000000000000355 ) ) ;
#5779 = FACE_OUTER_BOUND ( 'NONE', #8536, .T. ) ;
#5780 = AXIS2_PLACEMENT_3D ( 'NONE', #7864, #3269, #7768 ) ;
#5781 = DIRECTION ( 'NONE',  ( 1.224646799147353207E-16, -3.540705920434613265E-31, -1.000000000000000000 ) ) ;
#5782 = STYLED_ITEM ( 'NONE', ( #452 ), #7501 ) ;
#5783 = EDGE_LOOP ( 'NONE', ( #3369, #8344, #5 ) ) ;
#5784 = EDGE_CURVE ( 'NONE', #4486, #7327, #5378, .T. ) ;
#5785 = DIRECTION ( 'NONE',  ( 0.0000000000000000000, 0.0000000000000000000, -1.000000000000000000 ) ) ;
#5786 = EDGE_LOOP ( 'NONE', ( #102, #6847 ) ) ;
#5787 = FILL_AREA_STYLE ('',( #1969 ) ) ;
#5788 = CARTESIAN_POINT ( 'NONE',  ( -1.599999999999999867, 0.2000000000000005107, 4.000000000000000000 ) ) ;
#5789 = EDGE_LOOP ( 'NONE', ( #8900, #7553, #364 ) ) ;
#5790 = CARTESIAN_POINT ( 'NONE',  ( 2.400000000000002132, 0.2000000000000005107, -4.000000000000000000 ) ) ;
#5791 =( LENGTH_UNIT ( ) NAMED_UNIT ( * ) SI_UNIT ( .MILLI., .METRE. ) );
#5792 = SURFACE_STYLE_FILL_AREA ( #2858 ) ;
#5793 = EDGE_CURVE ( 'NONE', #5559, #175, #7186, .T. ) ;
#5794 = CARTESIAN_POINT ( 'NONE',  ( -4.000000000000000000, 0.1499999999999999667, 4.000000000000000000 ) ) ;
#5795 = ORIENTED_EDGE ( 'NONE', *, *, #981, .F. ) ;
#5796 = PRESENTATION_STYLE_ASSIGNMENT (( #8485 ) ) ;
#5797 = ORIENTED_EDGE ( 'NONE', *, *, #2950, .T. ) ;
#5798 = FILL_AREA_STYLE_COLOUR ( '', #8072 ) ;
#5799 = DIRECTION ( 'NONE',  ( 1.000000000000000000, -2.891205793294679411E-15, 0.0000000000000000000 ) ) ;
#5800 = AXIS2_PLACEMENT_3D ( 'NONE', #5334, #807, #9720 ) ;
#5801 = DIRECTION ( 'NONE',  ( -1.000000000000000000, 0.0000000000000000000, 0.0000000000000000000 ) ) ;
#5802 = UNCERTAINTY_MEASURE_WITH_UNIT (LENGTH_MEASURE( 1.000000000000000082E-05 ), #2230, 'distance_accuracy_value', 'NONE');
#5803 = AXIS2_PLACEMENT_3D ( 'NONE', #6860, #2290, #7101 ) ;
#5804 = CARTESIAN_POINT ( 'NONE',  ( 4.999999999999999112, 0.2000000000000005107, -3.399999999999999467 ) ) ;
#5805 = VERTEX_POINT ( 'NONE', #865 ) ;
#5806 = SPHERICAL_SURFACE ( 'NONE', #8294, 0.1499999999999999667 ) ;
#5807 = SPHERICAL_SURFACE ( 'NONE', #5051, 0.1499999999999999667 ) ;
#5808 =( GEOMETRIC_REPRESENTATION_CONTEXT ( 3 ) GLOBAL_UNCERTAINTY_ASSIGNED_CONTEXT ( ( #9755 ) ) GLOBAL_UNIT_ASSIGNED_CONTEXT ( ( #4302, #7309, #9575 ) ) REPRESENTATION_CONTEXT ( 'NONE', 'WORKASPACE' ) );
#5809 = DIRECTION ( 'NONE',  ( 0.0000000000000000000, -1.000000000000000000, -0.0000000000000000000 ) ) ;
#5810 = CIRCLE ( 'NONE', #5673, 0.1414213562373092536 ) ;
#5811 = PRESENTATION_LAYER_ASSIGNMENT (  '', '', ( #7460 ) ) ;
#5812 = CARTESIAN_POINT ( 'NONE',  ( -1.458578643762690641, 0.2000000000000005107, 1.599999999999999867 ) ) ;
#5813 = DIRECTION ( 'NONE',  ( 1.000000000000000000, -2.891205793294679411E-15, 0.0000000000000000000 ) ) ;
#5814 = EDGE_CURVE ( 'NONE', #5557, #585, #8570, .T. ) ;
#5815 = MANIFOLD_SOLID_BREP ( 'Sketch-Pattern1[107]', #1256 ) ;
#5816 = STYLED_ITEM ( 'NONE', ( #2786 ), #5088 ) ;
#5817 = CLOSED_SHELL ( 'NONE', ( #4443, #2305, #4174 ) ) ;
#5818 = SPHERICAL_SURFACE ( 'NONE', #8261, 0.1499999999999999667 ) ;
#5819 = ADVANCED_FACE ( 'NONE', ( #3009 ), #2294, .F. ) ;
#5820 =( LENGTH_UNIT ( ) NAMED_UNIT ( * ) SI_UNIT ( .MILLI., .METRE. ) );
#5821 = DIRECTION ( 'NONE',  ( 0.0000000000000000000, 0.0000000000000000000, -1.000000000000000000 ) ) ;
#5822 = CARTESIAN_POINT ( 'NONE',  ( -0.5999999999999989786, 0.2000000000000005107, -6.599999999999998757 ) ) ;
#5823 = DIRECTION ( 'NONE',  ( 0.0000000000000000000, -1.000000000000000000, -0.0000000000000000000 ) ) ;
#5824 = AXIS2_PLACEMENT_3D ( 'NONE', #8565, #1743, #7031 ) ;
#5825 = FACE_OUTER_BOUND ( 'NONE', #5141, .T. ) ;
#5826 = SURFACE_STYLE_USAGE ( .BOTH. , #8032 ) ;
#5827 = ORIENTED_EDGE ( 'NONE', *, *, #8638, .T. ) ;
#5828 = CARTESIAN_POINT ( 'NONE',  ( -0.7999999999999994893, 0.1499999999999999667, 6.086346753639119761E-18 ) ) ;
#5829 = DIRECTION ( 'NONE',  ( 0.0000000000000000000, 0.0000000000000000000, 1.000000000000000000 ) ) ;
#5830 = ADVANCED_FACE ( 'NONE', ( #5984 ), #8803, .T. ) ;
#5831 = FACE_OUTER_BOUND ( 'NONE', #8553, .T. ) ;
#5832 = PLANE ( 'NONE',  #5104 ) ;
#5833 = COLOUR_RGB ( '',0.7921568627450980005, 0.8196078431372548767, 0.9333333333333333481 ) ;
#5834 = CARTESIAN_POINT ( 'NONE',  ( 1.741421356237309093, 0.2000000000000005107, 2.400000000000000355 ) ) ;
#5835 = VERTEX_POINT ( 'NONE', #6330 ) ;
#5836 = SURFACE_SIDE_STYLE ('',( #1181 ) ) ;
#5837 = AXIS2_PLACEMENT_3D ( 'NONE', #9396, #8552, #257 ) ;
#5838 = DIRECTION ( 'NONE',  ( 0.0000000000000000000, 0.0000000000000000000, -1.000000000000000000 ) ) ;
#5839 = ORIENTED_EDGE ( 'NONE', *, *, #2004, .F. ) ;
#5840 = CARTESIAN_POINT ( 'NONE',  ( -1.599999999999998979, 0.2000000000000005107, -3.200000000000000622 ) ) ;
#5841 = SURFACE_STYLE_FILL_AREA ( #4224 ) ;
#5842 = DIRECTION ( 'NONE',  ( -1.000000000000000000, 0.0000000000000000000, -1.224646799147353207E-16 ) ) ;
#5843 = EDGE_CURVE ( 'NONE', #6839, #8085, #6820, .T. ) ;
#5844 = CLOSED_SHELL ( 'NONE', ( #3760, #3780, #793 ) ) ;
#5845 = DIRECTION ( 'NONE',  ( 1.000000000000000000, -2.891205793294679411E-15, 0.0000000000000000000 ) ) ;
#5846 = FACE_OUTER_BOUND ( 'NONE', #7795, .T. ) ;
#5847 = EDGE_CURVE ( 'NONE', #6376, #8103, #5516, .T. ) ;
#5848 = ORIENTED_EDGE ( 'NONE', *, *, #4500, .F. ) ;
#5849 = DIRECTION ( 'NONE',  ( -1.000000000000000000, 0.0000000000000000000, 0.0000000000000000000 ) ) ;
#5850 = SURFACE_STYLE_FILL_AREA ( #7552 ) ;
#5851 = DIRECTION ( 'NONE',  ( 0.0000000000000000000, 0.0000000000000000000, 1.000000000000000000 ) ) ;
#5852 =( NAMED_UNIT ( * ) PLANE_ANGLE_UNIT ( ) SI_UNIT ( $, .RADIAN. ) );
#5853 = AXIS2_PLACEMENT_3D ( 'NONE', #2506, #2369, #1013 ) ;
#5854 =( NAMED_UNIT ( * ) PLANE_ANGLE_UNIT ( ) SI_UNIT ( $, .RADIAN. ) );
#5855 = EDGE_LOOP ( 'NONE', ( #2168, #3182, #9110 ) ) ;
#5856 = SURFACE_SIDE_STYLE ('',( #1679 ) ) ;
#5857 = DIRECTION ( 'NONE',  ( 1.000000000000000000, -2.891205793294679411E-15, 0.0000000000000000000 ) ) ;
#5858 = CIRCLE ( 'NONE', #5603, 0.1499999999999999667 ) ;
#5859 = UNCERTAINTY_MEASURE_WITH_UNIT (LENGTH_MEASURE( 1.000000000000000082E-05 ), #1317, 'distance_accuracy_value', 'NONE');
#5860 = AXIS2_PLACEMENT_3D ( 'NONE', #900, #5354, #5460 ) ;
#5861 = VERTEX_POINT ( 'NONE', #2531 ) ;
#5862 = PRESENTATION_LAYER_ASSIGNMENT (  '', '', ( #6696 ) ) ;
#5863 = VERTEX_POINT ( 'NONE', #4698 ) ;
#5864 = ORIENTED_EDGE ( 'NONE', *, *, #7877, .T. ) ;
#5865 = CARTESIAN_POINT ( 'NONE',  ( 0.8000000000000012657, 0.2000000000000005107, -0.8000000000000003775 ) ) ;
#5866 = CARTESIAN_POINT ( 'NONE',  ( 5.000000000000000888, -14.14213562373094923, 5.000000000000000888 ) ) ;
#5867 = CARTESIAN_POINT ( 'NONE',  ( 0.1414213562373101418, 0.2000000000000005107, 6.086346753639119761E-18 ) ) ;
#5868 = COLOUR_RGB ( '',0.7921568627450980005, 0.8196078431372548767, 0.9333333333333333481 ) ;
#5869 = ORIENTED_EDGE ( 'NONE', *, *, #4905, .F. ) ;
#5870 = MANIFOLD_SOLID_BREP ( 'Boss-Extrude1', #2155 ) ;
#5871 = DIRECTION ( 'NONE',  ( 1.000000000000000000, 0.0000000000000000000, 0.0000000000000000000 ) ) ;
#5872 = ORIENTED_EDGE ( 'NONE', *, *, #6589, .F. ) ;
#5873 = AXIS2_PLACEMENT_3D ( 'NONE', #4846, #4133, #322 ) ;
#5874 = SURFACE_SIDE_STYLE ('',( #180 ) ) ;
#5875 = DIRECTION ( 'NONE',  ( 1.000000000000000000, -2.891205793294679411E-15, 0.0000000000000000000 ) ) ;
#5876 = DIRECTION ( 'NONE',  ( 0.0000000000000000000, 0.0000000000000000000, 1.000000000000000000 ) ) ;
#5877 = VERTEX_POINT ( 'NONE', #4018 ) ;
#5878 = FACE_OUTER_BOUND ( 'NONE', #1429, .T. ) ;
#5879 = ADVANCED_FACE ( 'NONE', ( #6105 ), #7078, .T. ) ;
#5880 = EDGE_LOOP ( 'NONE', ( #6345, #541, #5754 ) ) ;
#5881 = CIRCLE ( 'NONE', #4493, 0.1499999999999999667 ) ;
#5882 = AXIS2_PLACEMENT_3D ( 'NONE', #4411, #3724, #4383 ) ;
#5883 = SURFACE_STYLE_FILL_AREA ( #6772 ) ;
#5884 = DIRECTION ( 'NONE',  ( -0.0000000000000000000, -1.000000000000000000, -0.0000000000000000000 ) ) ;
#5885 = DIRECTION ( 'NONE',  ( 0.0000000000000000000, 0.0000000000000000000, -1.000000000000000000 ) ) ;
#5886 = EDGE_CURVE ( 'NONE', #3775, #2995, #3607, .T. ) ;
#5887 = DIRECTION ( 'NONE',  ( 1.000000000000000000, -2.891205793294679411E-15, 0.0000000000000000000 ) ) ;
#5888 = DIRECTION ( 'NONE',  ( 1.000000000000000000, -2.891205793294679411E-15, 0.0000000000000000000 ) ) ;
#5889 = SURFACE_STYLE_FILL_AREA ( #7451 ) ;
#5890 =( NAMED_UNIT ( * ) PLANE_ANGLE_UNIT ( ) SI_UNIT ( $, .RADIAN. ) );
#5891 = PRESENTATION_LAYER_ASSIGNMENT (  '', '', ( #8096 ) ) ;
#5892 = VERTEX_POINT ( 'NONE', #8549 ) ;
#5893 = SURFACE_STYLE_FILL_AREA ( #2900 ) ;
#5894 = CARTESIAN_POINT ( 'NONE',  ( -1.599999999999998979, 0.1499999999999999667, -4.000000000000000000 ) ) ;
#5895 = EDGE_LOOP ( 'NONE', ( #3153, #95, #4750 ) ) ;
#5896 = EDGE_LOOP ( 'NONE', ( #7673, #5154, #2383 ) ) ;
#5897 = STYLED_ITEM ( 'NONE', ( #5958 ), #6428 ) ;
#5898 = AXIS2_PLACEMENT_3D ( 'NONE', #1992, #5081, #8015 ) ;
#5899 = AXIS2_PLACEMENT_3D ( 'NONE', #243, #4690, #8513 ) ;
#5900 = EDGE_LOOP ( 'NONE', ( #8611, #2681 ) ) ;
#5901 = DIRECTION ( 'NONE',  ( 1.000000000000000000, -2.891205793294679411E-15, 0.0000000000000000000 ) ) ;
#5902 = CIRCLE ( 'NONE', #5271, 0.1414213562373092536 ) ;
#5903 = CARTESIAN_POINT ( 'NONE',  ( 3.200000000000000622, 0.1499999999999999667, -3.200000000000000622 ) ) ;
#5904 = ORIENTED_EDGE ( 'NONE', *, *, #3954, .F. ) ;
#5905 = EDGE_CURVE ( 'NONE', #8209, #8251, #4066, .T. ) ;
#5906 = VERTEX_POINT ( 'NONE', #9340 ) ;
#5907 = DIRECTION ( 'NONE',  ( 1.224646799147353207E-16, -3.540705920434613265E-31, -1.000000000000000000 ) ) ;
#5908 = CARTESIAN_POINT ( 'NONE',  ( -1.599999999999999867, 0.1499999999999999667, 2.400000000000000355 ) ) ;
#5909 = DIRECTION ( 'NONE',  ( 0.0000000000000000000, 0.0000000000000000000, -1.000000000000000000 ) ) ;
#5910 = DIRECTION ( 'NONE',  ( 0.0000000000000000000, 0.0000000000000000000, -1.000000000000000000 ) ) ;
#5911 = SURFACE_SIDE_STYLE ('',( #4544 ) ) ;
#5912 = CARTESIAN_POINT ( 'NONE',  ( -4.000000000000000000, 0.1499999999999999667, 0.7999999999999999334 ) ) ;
#5913 = ORIENTED_EDGE ( 'NONE', *, *, #1702, .F. ) ;
#5914 = AXIS2_PLACEMENT_3D ( 'NONE', #1147, #9406, #417 ) ;
#5915 = ORIENTED_EDGE ( 'NONE', *, *, #7770, .T. ) ;
#5916 = CARTESIAN_POINT ( 'NONE',  ( 0.8000000000000003775, 0.2000000000000005107, 4.000000000000000000 ) ) ;
#5917 = EDGE_CURVE ( 'NONE', #7650, #788, #9382, .T. ) ;
#5918 = CARTESIAN_POINT ( 'NONE',  ( -2.399999999999999023, 0.2000000000000005107, -4.000000000000000000 ) ) ;
#5919 = CARTESIAN_POINT ( 'NONE',  ( 4.000000000000002665, 0.1499999999999999667, -4.000000000000000000 ) ) ;
#5920 = DIRECTION ( 'NONE',  ( 1.000000000000000000, -2.891205793294679411E-15, 0.0000000000000000000 ) ) ;
#5921 = DIRECTION ( 'NONE',  ( 0.0000000000000000000, 0.0000000000000000000, -1.000000000000000000 ) ) ;
#5922 = DIRECTION ( 'NONE',  ( 0.0000000000000000000, 0.0000000000000000000, -1.000000000000000000 ) ) ;
#5923 = SPHERICAL_SURFACE ( 'NONE', #1698, 0.1499999999999999667 ) ;
#5924 = PLANE ( 'NONE',  #3848 ) ;
#5925 = ORIENTED_EDGE ( 'NONE', *, *, #4191, .F. ) ;
#5926 = CIRCLE ( 'NONE', #4767, 0.1499999999999999667 ) ;
#5927 = SURFACE_STYLE_USAGE ( .BOTH. , #8976 ) ;
#5928 = CIRCLE ( 'NONE', #1, 0.1499999999999999667 ) ;
#5929 = UNCERTAINTY_MEASURE_WITH_UNIT (LENGTH_MEASURE( 1.000000000000000082E-05 ), #5038, 'distance_accuracy_value', 'NONE');
#5930 = ADVANCED_FACE ( 'NONE', ( #9033 ), #5459, .F. ) ;
#5931 = ORIENTED_EDGE ( 'NONE', *, *, #6625, .T. ) ;
#5932 = AXIS2_PLACEMENT_3D ( 'NONE', #997, #9297, #3333 ) ;
#5933 = AXIS2_PLACEMENT_3D ( 'NONE', #5416, #3820, #862 ) ;
#5934 = CARTESIAN_POINT ( 'NONE',  ( 3.341421356237309848, 0.2000000000000005107, 0.7999999999999999334 ) ) ;
#5935 = CARTESIAN_POINT ( 'NONE',  ( 8.673617379884035472E-16, 0.2000000000000005107, -3.200000000000000622 ) ) ;
#5936 = CARTESIAN_POINT ( 'NONE',  ( 1.600000000000000755, 0.1499999999999999667, -1.599999999999999867 ) ) ;
#5937 = FILL_AREA_STYLE ('',( #7399 ) ) ;
#5938 = VERTEX_POINT ( 'NONE', #1084 ) ;
#5939 =( GEOMETRIC_REPRESENTATION_CONTEXT ( 3 ) GLOBAL_UNCERTAINTY_ASSIGNED_CONTEXT ( ( #369 ) ) GLOBAL_UNIT_ASSIGNED_CONTEXT ( ( #2854, #2114, #9613 ) ) REPRESENTATION_CONTEXT ( 'NONE', 'WORKASPACE' ) );
#5940 = DIRECTION ( 'NONE',  ( 0.0000000000000000000, 0.0000000000000000000, -1.000000000000000000 ) ) ;
#5941 = CIRCLE ( 'NONE', #7277, 0.1414213562373092536 ) ;
#5942 = FACE_OUTER_BOUND ( 'NONE', #1641, .T. ) ;
#5943 = CARTESIAN_POINT ( 'NONE',  ( -0.7999999999999994893, 0.2000000000000005107, -4.000000000000000000 ) ) ;
#5944 =( LENGTH_UNIT ( ) NAMED_UNIT ( * ) SI_UNIT ( .MILLI., .METRE. ) );
#5945 = CARTESIAN_POINT ( 'NONE',  ( 4.000000000000002665, 0.2000000000000005107, -3.200000000000000622 ) ) ;
#5946 = EDGE_CURVE ( 'NONE', #7925, #4338, #9609, .T. ) ;
#5947 = DIRECTION ( 'NONE',  ( 1.000000000000000000, 0.0000000000000000000, 0.0000000000000000000 ) ) ;
#5948 = CIRCLE ( 'NONE', #7825, 0.1499999999999999667 ) ;
#5949 = MECHANICAL_DESIGN_GEOMETRIC_PRESENTATION_REPRESENTATION (  '', ( #5441 ), #6457 ) ;
#5950 = SURFACE_STYLE_FILL_AREA ( #7470 ) ;
#5951 = VERTEX_POINT ( 'NONE', #9456 ) ;
#5952 = DIRECTION ( 'NONE',  ( 0.0000000000000000000, 0.0000000000000000000, 1.000000000000000000 ) ) ;
#5953 = DIRECTION ( 'NONE',  ( -0.0000000000000000000, -1.000000000000000000, -0.0000000000000000000 ) ) ;
#5954 = ADVANCED_FACE ( 'NONE', ( #5135 ), #5260, .T. ) ;
#5955 = DIRECTION ( 'NONE',  ( -0.0000000000000000000, -1.000000000000000000, -0.0000000000000000000 ) ) ;
#5956 = FILL_AREA_STYLE ('',( #7409 ) ) ;
#5957 = DIRECTION ( 'NONE',  ( -0.0000000000000000000, -1.000000000000000000, -0.0000000000000000000 ) ) ;
#5958 = PRESENTATION_STYLE_ASSIGNMENT (( #9296 ) ) ;
#5959 = AXIS2_PLACEMENT_3D ( 'NONE', #8881, #513, #5871 ) ;
#5960 = CARTESIAN_POINT ( 'NONE',  ( 3.999999999999999112, 0.1499999999999999667, 4.000000000000000000 ) ) ;
#5961 =( NAMED_UNIT ( * ) SI_UNIT ( $, .STERADIAN. ) SOLID_ANGLE_UNIT ( ) );
#5962 = VERTEX_POINT ( 'NONE', #2591 ) ;
#5963 = CARTESIAN_POINT ( 'NONE',  ( 1.000000000000000888, 0.2000000000000005107, -9.000000000000000000 ) ) ;
#5964 = SPHERICAL_SURFACE ( 'NONE', #2976, 0.1499999999999999667 ) ;
#5965 = AXIS2_PLACEMENT_3D ( 'NONE', #2529, #7744, #2497 ) ;
#5966 = PRESENTATION_STYLE_ASSIGNMENT (( #2053 ) ) ;
#5967 = VERTEX_POINT ( 'NONE', #3403 ) ;
#5968 = CARTESIAN_POINT ( 'NONE',  ( 0.6585786437626911516, 0.2000000000000005107, 1.599999999999999867 ) ) ;
#5969 = SPHERICAL_SURFACE ( 'NONE', #5860, 0.1499999999999999667 ) ;
#5970 =( GEOMETRIC_REPRESENTATION_CONTEXT ( 3 ) GLOBAL_UNCERTAINTY_ASSIGNED_CONTEXT ( ( #4326 ) ) GLOBAL_UNIT_ASSIGNED_CONTEXT ( ( #3506, #6560, #8727 ) ) REPRESENTATION_CONTEXT ( 'NONE', 'WORKASPACE' ) );
#5971 =( NAMED_UNIT ( * ) PLANE_ANGLE_UNIT ( ) SI_UNIT ( $, .RADIAN. ) );
#5972 = PLANE ( 'NONE',  #9552 ) ;
#5973 = AXIS2_PLACEMENT_3D ( 'NONE', #9683, #8219, #8282 ) ;
#5974 =( LENGTH_UNIT ( ) NAMED_UNIT ( * ) SI_UNIT ( .MILLI., .METRE. ) );
#5975 = SPHERICAL_SURFACE ( 'NONE', #4610, 0.1499999999999999667 ) ;
#5976 = DIRECTION ( 'NONE',  ( 0.0000000000000000000, 0.0000000000000000000, -1.000000000000000000 ) ) ;
#5977 =( GEOMETRIC_REPRESENTATION_CONTEXT ( 3 ) GLOBAL_UNCERTAINTY_ASSIGNED_CONTEXT ( ( #834 ) ) GLOBAL_UNIT_ASSIGNED_CONTEXT ( ( #2274, #164, #9158 ) ) REPRESENTATION_CONTEXT ( 'NONE', 'WORKASPACE' ) );
#5978 = EDGE_CURVE ( 'NONE', #3878, #6002, #1588, .T. ) ;
#5979 = CARTESIAN_POINT ( 'NONE',  ( -2.400000000000000355, 0.1499999999999999667, 4.000000000000000000 ) ) ;
#5980 = ADVANCED_FACE ( 'NONE', ( #7771 ), #1190, .F. ) ;
#5981 = ORIENTED_EDGE ( 'NONE', *, *, #9096, .T. ) ;
#5982 = EDGE_CURVE ( 'NONE', #6439, #1056, #892, .T. ) ;
#5983 = CARTESIAN_POINT ( 'NONE',  ( 3.200000000000000178, 0.0000000000000000000, 3.200000000000000178 ) ) ;
#5984 = FACE_OUTER_BOUND ( 'NONE', #670, .T. ) ;
#5985 = UNCERTAINTY_MEASURE_WITH_UNIT (LENGTH_MEASURE( 1.000000000000000082E-05 ), #230, 'distance_accuracy_value', 'NONE');
#5986 = PLANE ( 'NONE',  #5688 ) ;
#5987 = AXIS2_PLACEMENT_3D ( 'NONE', #5709, #4159, #7232 ) ;
#5988 = DIRECTION ( 'NONE',  ( 1.224646799147353207E-16, -3.540705920434613265E-31, -1.000000000000000000 ) ) ;
#5989 = CARTESIAN_POINT ( 'NONE',  ( 2.400000000000000355, 0.2000000000000005107, 0.7999999999999999334 ) ) ;
#5990 = ORIENTED_EDGE ( 'NONE', *, *, #8303, .T. ) ;
#5991 = CIRCLE ( 'NONE', #5599, 0.1499999999999999667 ) ;
#5992 = DIRECTION ( 'NONE',  ( -0.0000000000000000000, -1.000000000000000000, -0.0000000000000000000 ) ) ;
#5993 = ORIENTED_EDGE ( 'NONE', *, *, #4646, .F. ) ;
#5994 =( GEOMETRIC_REPRESENTATION_CONTEXT ( 3 ) GLOBAL_UNCERTAINTY_ASSIGNED_CONTEXT ( ( #7698 ) ) GLOBAL_UNIT_ASSIGNED_CONTEXT ( ( #2311, #7002, #4684 ) ) REPRESENTATION_CONTEXT ( 'NONE', 'WORKASPACE' ) );
#5995 = AXIS2_PLACEMENT_3D ( 'NONE', #4771, #5469, #1016 ) ;
#5996 = ORIENTED_EDGE ( 'NONE', *, *, #6183, .F. ) ;
#5997 = MANIFOLD_SOLID_BREP ( 'Sketch-Pattern1[92]', #9202 ) ;
#5998 = FILL_AREA_STYLE_COLOUR ( '', #8002 ) ;
#5999 = CARTESIAN_POINT ( 'NONE',  ( 1.600000000000000311, 0.0000000000000000000, -2.400000000000000355 ) ) ;
#6000 = CARTESIAN_POINT ( 'NONE',  ( -0.7999999999999994893, 0.2000000000000005107, 2.400000000000000355 ) ) ;
#6001 = ADVANCED_FACE ( 'NONE', ( #2277 ), #189, .T. ) ;
#6002 = VERTEX_POINT ( 'NONE', #4186 ) ;
#6003 = SURFACE_STYLE_FILL_AREA ( #948 ) ;
#6004 = EDGE_CURVE ( 'NONE', #7916, #2735, #6341, .T. ) ;
#6005 = DIRECTION ( 'NONE',  ( -0.0000000000000000000, -1.000000000000000000, -0.0000000000000000000 ) ) ;
#6006 = CARTESIAN_POINT ( 'NONE',  ( 3.200000000000000622, 0.1499999999999999667, -1.599999999999999867 ) ) ;
#6007 = ORIENTED_EDGE ( 'NONE', *, *, #6312, .T. ) ;
#6008 = EDGE_LOOP ( 'NONE', ( #6383, #4122 ) ) ;
#6009 = CARTESIAN_POINT ( 'NONE',  ( -1.599999999999998979, 0.1499999999999999667, -4.000000000000000000 ) ) ;
#6010 = COLOUR_RGB ( '',0.7921568627450980005, 0.8196078431372548767, 0.9333333333333333481 ) ;
#6011 = DIRECTION ( 'NONE',  ( 0.0000000000000000000, 0.0000000000000000000, -1.000000000000000000 ) ) ;
#6012 = CIRCLE ( 'NONE', #387, 0.1499999999999999667 ) ;
#6013 = AXIS2_PLACEMENT_3D ( 'NONE', #7059, #4748, #8507 ) ;
#6014 = CIRCLE ( 'NONE', #358, 0.1414213562373092536 ) ;
#6015 = DIRECTION ( 'NONE',  ( 1.000000000000000000, 0.0000000000000000000, 0.0000000000000000000 ) ) ;
#6016 = ORIENTED_EDGE ( 'NONE', *, *, #9674, .F. ) ;
#6017 = CARTESIAN_POINT ( 'NONE',  ( 1.458578643762690641, 0.2000000000000005107, 3.200000000000000178 ) ) ;
#6018 = DIRECTION ( 'NONE',  ( 0.0000000000000000000, -1.000000000000000000, -0.0000000000000000000 ) ) ;
#6019 = ORIENTED_EDGE ( 'NONE', *, *, #6488, .F. ) ;
#6020 = CARTESIAN_POINT ( 'NONE',  ( 2.600000000000000089, 0.2000000000000005107, -2.599999999999999201 ) ) ;
#6021 = CARTESIAN_POINT ( 'NONE',  ( 2.400000000000000355, 0.1499999999999999667, 4.000000000000000000 ) ) ;
#6022 = SPHERICAL_SURFACE ( 'NONE', #3816, 0.1499999999999999667 ) ;
#6023 = DIRECTION ( 'NONE',  ( 0.0000000000000000000, 0.0000000000000000000, -1.000000000000000000 ) ) ;
#6024 = CARTESIAN_POINT ( 'NONE',  ( 2.400000000000002132, 0.1499999999999999667, -2.400000000000000355 ) ) ;
#6025 = ORIENTED_EDGE ( 'NONE', *, *, #9649, .T. ) ;
#6026 = AXIS2_PLACEMENT_3D ( 'NONE', #6928, #9273, #375 ) ;
#6027 = ADVANCED_FACE ( 'NONE', ( #6813 ), #5975, .T. ) ;
#6028 = VERTEX_POINT ( 'NONE', #6418 ) ;
#6029 = AXIS2_PLACEMENT_3D ( 'NONE', #1676, #1750, #998 ) ;
#6030 = DIRECTION ( 'NONE',  ( 0.0000000000000000000, 0.0000000000000000000, -1.000000000000000000 ) ) ;
#6031 = AXIS2_PLACEMENT_3D ( 'NONE', #2566, #2598, #283 ) ;
#6032 = CARTESIAN_POINT ( 'NONE',  ( 3.999999999999999112, 0.1499999999999999667, -2.400000000000000355 ) ) ;
#6033 = DIRECTION ( 'NONE',  ( 1.000000000000000000, -2.891205793294679411E-15, 0.0000000000000000000 ) ) ;
#6034 = SURFACE_STYLE_USAGE ( .BOTH. , #5259 ) ;
#6035 = ORIENTED_EDGE ( 'NONE', *, *, #3933, .F. ) ;
#6036 = EDGE_CURVE ( 'NONE', #2839, #7788, #6565, .T. ) ;
#6037 = LINE ( 'NONE', #88, #20 ) ;
#6038 = DIRECTION ( 'NONE',  ( 0.0000000000000000000, 0.0000000000000000000, -1.000000000000000000 ) ) ;
#6039 = ORIENTED_EDGE ( 'NONE', *, *, #167, .T. ) ;
#6040 = DIRECTION ( 'NONE',  ( 0.0000000000000000000, 0.0000000000000000000, -1.000000000000000000 ) ) ;
#6041 = EDGE_CURVE ( 'NONE', #78, #1642, #308, .T. ) ;
#6042 = CARTESIAN_POINT ( 'NONE',  ( 4.999999999999999112, 0.2000000000000005107, -4.999999999999999112 ) ) ;
#6043 = DIRECTION ( 'NONE',  ( 0.0000000000000000000, -1.000000000000000000, -0.0000000000000000000 ) ) ;
#6044 = SURFACE_STYLE_USAGE ( .BOTH. , #5911 ) ;
#6045 = STYLED_ITEM ( 'NONE', ( #8089 ), #8932 ) ;
#6046 = ORIENTED_EDGE ( 'NONE', *, *, #1836, .T. ) ;
#6047 = FACE_OUTER_BOUND ( 'NONE', #106, .T. ) ;
#6048 = FACE_OUTER_BOUND ( 'NONE', #926, .T. ) ;
#6049 = EDGE_CURVE ( 'NONE', #4062, #576, #7503, .T. ) ;
#6050 =( LENGTH_UNIT ( ) NAMED_UNIT ( * ) SI_UNIT ( .MILLI., .METRE. ) );
#6051 = CIRCLE ( 'NONE', #8197, 0.1499999999999999667 ) ;
#6052 = DIRECTION ( 'NONE',  ( 1.224646799147353207E-16, -3.540705920434613265E-31, -1.000000000000000000 ) ) ;
#6053 = CARTESIAN_POINT ( 'NONE',  ( 1.600000000000000755, 0.1499999999999999667, -2.400000000000000355 ) ) ;
#6054 = CARTESIAN_POINT ( 'NONE',  ( 2.400000000000002132, 0.1499999999999999667, -4.000000000000000000 ) ) ;
#6055 = ADVANCED_FACE ( 'NONE', ( #642 ), #3714, .T. ) ;
#6056 = DIRECTION ( 'NONE',  ( 0.0000000000000000000, -1.000000000000000000, -0.0000000000000000000 ) ) ;
#6057 = SURFACE_SIDE_STYLE ('',( #6302 ) ) ;
#6058 = MANIFOLD_SOLID_BREP ( 'Sketch-Pattern1[36]', #5417 ) ;
#6059 = CARTESIAN_POINT ( 'NONE',  ( 5.000000000000000888, 0.2000000000000005107, -4.999999999999999112 ) ) ;
#6060 = CARTESIAN_POINT ( 'NONE',  ( 1.741421356237309981, 0.2000000000000005107, -0.8000000000000003775 ) ) ;
#6061 = DIRECTION ( 'NONE',  ( 1.000000000000000000, -2.891205793294679411E-15, 0.0000000000000000000 ) ) ;
#6062 = DIRECTION ( 'NONE',  ( 0.0000000000000000000, 0.0000000000000000000, 1.000000000000000000 ) ) ;
#6063 = ORIENTED_EDGE ( 'NONE', *, *, #9159, .F. ) ;
#6064 = PLANE ( 'NONE',  #5532 ) ;
#6065 = FACE_OUTER_BOUND ( 'NONE', #3782, .T. ) ;
#6066 = FACE_OUTER_BOUND ( 'NONE', #2293, .T. ) ;
#6067 = CARTESIAN_POINT ( 'NONE',  ( 0.8000000000000012657, 0.2000000000000005107, -2.400000000000000355 ) ) ;
#6068 = CARTESIAN_POINT ( 'NONE',  ( 1.599999999999999867, 0.1499999999999999667, 3.200000000000000178 ) ) ;
#6069 = FACE_OUTER_BOUND ( 'NONE', #7302, .T. ) ;
#6070 = ORIENTED_EDGE ( 'NONE', *, *, #8622, .F. ) ;
#6071 = DIRECTION ( 'NONE',  ( -0.0000000000000000000, -1.000000000000000000, -0.0000000000000000000 ) ) ;
#6072 = DIRECTION ( 'NONE',  ( 1.000000000000000000, -2.891205793294679411E-15, 0.0000000000000000000 ) ) ;
#6073 = FACE_OUTER_BOUND ( 'NONE', #5742, .T. ) ;
#6074 = PRESENTATION_LAYER_ASSIGNMENT (  '', '', ( #1313 ) ) ;
#6075 = DIRECTION ( 'NONE',  ( 0.0000000000000000000, 0.0000000000000000000, -1.000000000000000000 ) ) ;
#6076 = CARTESIAN_POINT ( 'NONE',  ( 3.999999999999999112, 0.2000000000000005107, -1.599999999999999867 ) ) ;
#6077 = EDGE_LOOP ( 'NONE', ( #6702, #2083, #1032 ) ) ;
#6078 = CARTESIAN_POINT ( 'NONE',  ( 8.673617379884035472E-16, 0.1499999999999999667, -2.400000000000000355 ) ) ;
#6079 = ADVANCED_FACE ( 'NONE', ( #1939 ), #8561, .T. ) ;
#6080 = DIRECTION ( 'NONE',  ( -0.0000000000000000000, -1.000000000000000000, -0.0000000000000000000 ) ) ;
#6081 = EDGE_CURVE ( 'NONE', #4412, #5938, #2526, .T. ) ;
#6082 = EDGE_LOOP ( 'NONE', ( #4479, #2346, #4428 ) ) ;
#6083 = CIRCLE ( 'NONE', #1328, 0.1414213562373092536 ) ;
#6084 = DIRECTION ( 'NONE',  ( 0.0000000000000000000, 0.0000000000000000000, -1.000000000000000000 ) ) ;
#6085 = CARTESIAN_POINT ( 'NONE',  ( -3.199999999999999734, 0.1499999999999999667, 1.599999999999999867 ) ) ;
#6086 = SURFACE_SIDE_STYLE ('',( #9007 ) ) ;
#6087 = ORIENTED_EDGE ( 'NONE', *, *, #7831, .F. ) ;
#6088 = DIRECTION ( 'NONE',  ( 1.224646799147353207E-16, -3.540705920434613265E-31, -1.000000000000000000 ) ) ;
#6089 = AXIS2_PLACEMENT_3D ( 'NONE', #41, #2142, #5312 ) ;
#6090 = PLANE ( 'NONE',  #8637 ) ;
#6091 = CARTESIAN_POINT ( 'NONE',  ( -3.199999999999999734, 0.1499999999999999667, 2.400000000000000355 ) ) ;
#6092 = STYLED_ITEM ( 'NONE', ( #1502 ), #4466 ) ;
#6093 = DIRECTION ( 'NONE',  ( 1.224646799147353207E-16, -3.540705920434613265E-31, -1.000000000000000000 ) ) ;
#6094 = DIRECTION ( 'NONE',  ( 0.0000000000000000000, 0.0000000000000000000, -1.000000000000000000 ) ) ;
#6095 = CARTESIAN_POINT ( 'NONE',  ( -2.399999999999999911, 0.2000000000000005107, 2.400000000000000355 ) ) ;
#6096 = EDGE_LOOP ( 'NONE', ( #5433, #3700 ) ) ;
#6097 = SURFACE_STYLE_FILL_AREA ( #3513 ) ;
#6098 = EDGE_CURVE ( 'NONE', #3442, #5877, #7760, .T. ) ;
#6099 = CLOSED_SHELL ( 'NONE', ( #9050, #5020, #8918 ) ) ;
#6100 = DIRECTION ( 'NONE',  ( 0.0000000000000000000, -1.000000000000000000, -0.0000000000000000000 ) ) ;
#6101 = FILL_AREA_STYLE_COLOUR ( '', #3478 ) ;
#6102 = CARTESIAN_POINT ( 'NONE',  ( 2.600000000000000533, 0.2000000000000005107, -7.399999999999999467 ) ) ;
#6103 = MECHANICAL_DESIGN_GEOMETRIC_PRESENTATION_REPRESENTATION (  '', ( #5078 ), #4052 ) ;
#6104 = AXIS2_PLACEMENT_3D ( 'NONE', #411, #1867, #361 ) ;
#6105 = FACE_OUTER_BOUND ( 'NONE', #9133, .T. ) ;
#6106 = ADVANCED_FACE ( 'NONE', ( #2882 ), #9024, .T. ) ;
#6107 = DIRECTION ( 'NONE',  ( 1.224646799147353207E-16, -3.540705920434613265E-31, -1.000000000000000000 ) ) ;
#6108 = CIRCLE ( 'NONE', #7622, 0.1414213562373092536 ) ;
#6109 = STYLED_ITEM ( 'NONE', ( #4688 ), #8345 ) ;
#6110 = SURFACE_SIDE_STYLE ('',( #4465 ) ) ;
#6111 = EDGE_LOOP ( 'NONE', ( #2818, #9543, #6966 ) ) ;
#6112 = DIRECTION ( 'NONE',  ( 0.0000000000000000000, -1.000000000000000000, -0.0000000000000000000 ) ) ;
#6113 = SURFACE_STYLE_USAGE ( .BOTH. , #8402 ) ;
#6114 = DIRECTION ( 'NONE',  ( 0.0000000000000000000, 0.0000000000000000000, -1.000000000000000000 ) ) ;
#6115 = EDGE_CURVE ( 'NONE', #8315, #200, #2044, .T. ) ;
#6116 = CIRCLE ( 'NONE', #7799, 0.1414213562373092536 ) ;
#6117 = UNCERTAINTY_MEASURE_WITH_UNIT (LENGTH_MEASURE( 1.000000000000000082E-05 ), #6763, 'distance_accuracy_value', 'NONE');
#6118 = FILL_AREA_STYLE_COLOUR ( '', #7146 ) ;
#6119 = AXIS2_PLACEMENT_3D ( 'NONE', #6294, #8619, #9272 ) ;
#6120 = ORIENTED_EDGE ( 'NONE', *, *, #1919, .T. ) ;
#6121 = CIRCLE ( 'NONE', #3930, 0.1499999999999999667 ) ;
#6122 = EDGE_CURVE ( 'NONE', #4810, #4084, #8686, .T. ) ;
#6123 = ORIENTED_EDGE ( 'NONE', *, *, #8020, .T. ) ;
#6124 = COLOUR_RGB ( '',0.7921568627450980005, 0.8196078431372548767, 0.9333333333333333481 ) ;
#6125 = DIRECTION ( 'NONE',  ( 0.0000000000000000000, 0.0000000000000000000, -1.000000000000000000 ) ) ;
#6126 = CARTESIAN_POINT ( 'NONE',  ( 2.258578643762692906, 0.2000000000000005107, -1.123277437107072623E-17 ) ) ;
#6127 = AXIS2_PLACEMENT_3D ( 'NONE', #7068, #1790, #8580 ) ;
#6128 = DIRECTION ( 'NONE',  ( 1.000000000000000000, 0.0000000000000000000, 0.0000000000000000000 ) ) ;
#6129 = CARTESIAN_POINT ( 'NONE',  ( 1.800000000000000488, 0.2000000000000005107, -2.599999999999999201 ) ) ;
#6130 = DIRECTION ( 'NONE',  ( 0.0000000000000000000, 0.0000000000000000000, -1.000000000000000000 ) ) ;
#6131 = FILL_AREA_STYLE ('',( #4598 ) ) ;
#6132 = VERTEX_POINT ( 'NONE', #8115 ) ;
#6133 = MANIFOLD_SOLID_BREP ( 'Sketch-Pattern1[46]', #2256 ) ;
#6134 = CARTESIAN_POINT ( 'NONE',  ( 2.400000000000000355, 0.1499999999999999667, 2.400000000000000355 ) ) ;
#6135 = CIRCLE ( 'NONE', #5696, 0.1414213562373092536 ) ;
#6136 = CIRCLE ( 'NONE', #5352, 0.1499999999999999667 ) ;
#6137 = AXIS2_PLACEMENT_3D ( 'NONE', #6068, #7615, #8361 ) ;
#6138 = MECHANICAL_DESIGN_GEOMETRIC_PRESENTATION_REPRESENTATION (  '', ( #871 ), #7956 ) ;
#6139 = ADVANCED_FACE ( 'NONE', ( #1469 ), #6450, .T. ) ;
#6140 = VERTEX_POINT ( 'NONE', #5137 ) ;
#6141 = CARTESIAN_POINT ( 'NONE',  ( 8.673617379884035472E-16, 0.1499999999999999667, -0.8000000000000003775 ) ) ;
#6142 = CARTESIAN_POINT ( 'NONE',  ( 3.200000000000000622, 0.1499999999999999667, 0.7999999999999999334 ) ) ;
#6143 = EDGE_LOOP ( 'NONE', ( #8133, #8056 ) ) ;
#6144 =( GEOMETRIC_REPRESENTATION_CONTEXT ( 3 ) GLOBAL_UNCERTAINTY_ASSIGNED_CONTEXT ( ( #9182 ) ) GLOBAL_UNIT_ASSIGNED_CONTEXT ( ( #1909, #7255, #3461 ) ) REPRESENTATION_CONTEXT ( 'NONE', 'WORKASPACE' ) );
#6145 = AXIS2_PLACEMENT_3D ( 'NONE', #5461, #2501, #8550 ) ;
#6146 = EDGE_LOOP ( 'NONE', ( #945, #9432 ) ) ;
#6147 = ORIENTED_EDGE ( 'NONE', *, *, #5847, .F. ) ;
#6148 = FACE_OUTER_BOUND ( 'NONE', #3109, .T. ) ;
#6149 = EDGE_CURVE ( 'NONE', #7909, #8103, #8788, .T. ) ;
#6150 = SURFACE_STYLE_USAGE ( .BOTH. , #3874 ) ;
#6151 = ADVANCED_FACE ( 'NONE', ( #1833 ), #7179, .T. ) ;
#6152 = DIRECTION ( 'NONE',  ( 1.000000000000000000, 0.0000000000000000000, 0.0000000000000000000 ) ) ;
#6153 = FILL_AREA_STYLE_COLOUR ( '', #486 ) ;
#6154 = COLOUR_RGB ( '',0.7921568627450980005, 0.8196078431372548767, 0.9333333333333333481 ) ;
#6155 = CARTESIAN_POINT ( 'NONE',  ( -2.399999999999999911, 0.1499999999999999667, 1.599999999999999867 ) ) ;
#6156 = DIRECTION ( 'NONE',  ( 1.224646799147353207E-16, -3.540705920434613265E-31, -1.000000000000000000 ) ) ;
#6157 = ORIENTED_EDGE ( 'NONE', *, *, #1975, .T. ) ;
#6158 = VERTEX_POINT ( 'NONE', #750 ) ;
#6159 = AXIS2_PLACEMENT_3D ( 'NONE', #5828, #7413, #7361 ) ;
#6160 = SPHERICAL_SURFACE ( 'NONE', #2008, 0.1499999999999999667 ) ;
#6161 = PLANE ( 'NONE',  #3862 ) ;
#6162 = MECHANICAL_DESIGN_GEOMETRIC_PRESENTATION_REPRESENTATION (  '', ( #80 ), #572 ) ;
#6163 =( GEOMETRIC_REPRESENTATION_CONTEXT ( 3 ) GLOBAL_UNCERTAINTY_ASSIGNED_CONTEXT ( ( #5371 ) ) GLOBAL_UNIT_ASSIGNED_CONTEXT ( ( #2819, #3594, #8862 ) ) REPRESENTATION_CONTEXT ( 'NONE', 'WORKASPACE' ) );
#6164 = CARTESIAN_POINT ( 'NONE',  ( -1.399999999999999245, 0.2000000000000005107, -5.799999999999999822 ) ) ;
#6165 = DIRECTION ( 'NONE',  ( 1.224646799147353207E-16, -3.540705920434613265E-31, -1.000000000000000000 ) ) ;
#6166 = DIRECTION ( 'NONE',  ( 0.0000000000000000000, 0.0000000000000000000, -1.000000000000000000 ) ) ;
#6167 = CARTESIAN_POINT ( 'NONE',  ( 3.999999999999999112, 0.0000000000000000000, 3.200000000000000178 ) ) ;
#6168 = DIRECTION ( 'NONE',  ( 0.0000000000000000000, 0.0000000000000000000, -1.000000000000000000 ) ) ;
#6169 = ADVANCED_FACE ( 'NONE', ( #8679 ), #3469, .T. ) ;
#6170 = DIRECTION ( 'NONE',  ( -1.000000000000000000, 0.0000000000000000000, 0.0000000000000000000 ) ) ;
#6171 = ORIENTED_EDGE ( 'NONE', *, *, #6453, .T. ) ;
#6172 = CARTESIAN_POINT ( 'NONE',  ( -3.000000000000000000, 0.2000000000000005107, -1.799999999999999156 ) ) ;
#6173 = VERTEX_POINT ( 'NONE', #716 ) ;
#6174 = SURFACE_SIDE_STYLE ('',( #4924 ) ) ;
#6175 = SURFACE_STYLE_FILL_AREA ( #6414 ) ;
#6176 = CARTESIAN_POINT ( 'NONE',  ( -2.999999999999999112, 0.2000000000000005107, -6.599999999999998757 ) ) ;
#6177 = AXIS2_PLACEMENT_3D ( 'NONE', #25, #3039, #8286 ) ;
#6178 = DIRECTION ( 'NONE',  ( 0.0000000000000000000, 0.0000000000000000000, -1.000000000000000000 ) ) ;
#6179 = ORIENTED_EDGE ( 'NONE', *, *, #537, .T. ) ;
#6180 = CARTESIAN_POINT ( 'NONE',  ( 2.400000000000000355, 0.1499999999999999667, 2.400000000000000355 ) ) ;
#6181 = CIRCLE ( 'NONE', #2205, 0.1414213562373092536 ) ;
#6182 = CIRCLE ( 'NONE', #8087, 0.1499999999999999667 ) ;
#6183 = EDGE_CURVE ( 'NONE', #2624, #4717, #5617, .T. ) ;
#6184 = CARTESIAN_POINT ( 'NONE',  ( 2.541421356237309581, 0.2000000000000005107, 1.599999999999999867 ) ) ;
#6185 = EDGE_CURVE ( 'NONE', #8006, #6257, #3370, .T. ) ;
#6186 =( NAMED_UNIT ( * ) PLANE_ANGLE_UNIT ( ) SI_UNIT ( $, .RADIAN. ) );
#6187 = ORIENTED_EDGE ( 'NONE', *, *, #2552, .F. ) ;
#6188 = PRESENTATION_STYLE_ASSIGNMENT (( #6679 ) ) ;
#6189 = CARTESIAN_POINT ( 'NONE',  ( 3.341421356237309848, 0.2000000000000005107, -1.599999999999999867 ) ) ;
#6190 = DIRECTION ( 'NONE',  ( 0.0000000000000000000, 0.0000000000000000000, -1.000000000000000000 ) ) ;
#6191 = AXIS2_PLACEMENT_3D ( 'NONE', #8802, #8077, #4274 ) ;
#6192 = ADVANCED_FACE ( 'NONE', ( #3831 ), #6684, .T. ) ;
#6193 = MANIFOLD_SOLID_BREP ( 'Sketch-Pattern1[74]', #92 ) ;
#6194 = DIRECTION ( 'NONE',  ( 0.0000000000000000000, 0.0000000000000000000, 1.000000000000000000 ) ) ;
#6195 = DIRECTION ( 'NONE',  ( -1.000000000000000000, 0.0000000000000000000, 0.0000000000000000000 ) ) ;
#6196 = ORIENTED_EDGE ( 'NONE', *, *, #8275, .T. ) ;
#6197 = FACE_OUTER_BOUND ( 'NONE', #9386, .T. ) ;
#6198 = CARTESIAN_POINT ( 'NONE',  ( 1.600000000000000755, 0.1499999999999999667, -3.200000000000000622 ) ) ;
#6199 = MECHANICAL_DESIGN_GEOMETRIC_PRESENTATION_REPRESENTATION (  '', ( #3335 ), #5994 ) ;
#6200 = DIRECTION ( 'NONE',  ( 0.0000000000000000000, 0.0000000000000000000, -1.000000000000000000 ) ) ;
#6201 =( NAMED_UNIT ( * ) PLANE_ANGLE_UNIT ( ) SI_UNIT ( $, .RADIAN. ) );
#6202 = SURFACE_SIDE_STYLE ('',( #6412 ) ) ;
#6203 = DIRECTION ( 'NONE',  ( -1.000000000000000000, 0.0000000000000000000, 0.0000000000000000000 ) ) ;
#6204 = ADVANCED_FACE ( 'NONE', ( #633 ), #5964, .T. ) ;
#6205 = CIRCLE ( 'NONE', #4772, 0.1499999999999999667 ) ;
#6206 =( NAMED_UNIT ( * ) PLANE_ANGLE_UNIT ( ) SI_UNIT ( $, .RADIAN. ) );
#6207 = DIRECTION ( 'NONE',  ( 1.000000000000000000, -2.891205793294679411E-15, 0.0000000000000000000 ) ) ;
#6208 = VERTEX_POINT ( 'NONE', #4539 ) ;
#6209 = AXIS2_PLACEMENT_3D ( 'NONE', #991, #6349, #6284 ) ;
#6210 = FACE_OUTER_BOUND ( 'NONE', #7213, .T. ) ;
#6211 = CARTESIAN_POINT ( 'NONE',  ( -2.400000000000000355, 0.1499999999999999667, 4.000000000000000000 ) ) ;
#6212 = DIRECTION ( 'NONE',  ( 1.000000000000000000, -2.891205793294679411E-15, 0.0000000000000000000 ) ) ;
#6213 = ORIENTED_EDGE ( 'NONE', *, *, #6041, .F. ) ;
#6214 = CARTESIAN_POINT ( 'NONE',  ( 0.6585786437626911516, 0.2000000000000005107, 3.200000000000000178 ) ) ;
#6215 = ADVANCED_FACE ( 'NONE', ( #4904 ), #1932, .T. ) ;
#6216 = VERTEX_POINT ( 'NONE', #6747 ) ;
#6217 = DIRECTION ( 'NONE',  ( -1.000000000000000000, 0.0000000000000000000, 0.0000000000000000000 ) ) ;
#6218 = EDGE_LOOP ( 'NONE', ( #4220, #957, #8941 ) ) ;
#6219 = COLOUR_RGB ( '',0.7921568627450980005, 0.8196078431372548767, 0.9333333333333333481 ) ;
#6220 = AXIS2_PLACEMENT_3D ( 'NONE', #3277, #7808, #8443 ) ;
#6221 = CARTESIAN_POINT ( 'NONE',  ( 1.741421356237309093, 0.2000000000000005107, 0.7999999999999999334 ) ) ;
#6222 =( NAMED_UNIT ( * ) SI_UNIT ( $, .STERADIAN. ) SOLID_ANGLE_UNIT ( ) );
#6223 = FACE_OUTER_BOUND ( 'NONE', #9632, .T. ) ;
#6224 = ORIENTED_EDGE ( 'NONE', *, *, #3353, .T. ) ;
#6225 = COLOUR_RGB ( '',0.7921568627450980005, 0.8196078431372548767, 0.9333333333333333481 ) ;
#6226 = DIRECTION ( 'NONE',  ( 0.0000000000000000000, 0.0000000000000000000, -1.000000000000000000 ) ) ;
#6227 = DIRECTION ( 'NONE',  ( 0.0000000000000000000, -1.000000000000000000, -0.0000000000000000000 ) ) ;
#6228 = DIRECTION ( 'NONE',  ( -0.0000000000000000000, -1.000000000000000000, -0.0000000000000000000 ) ) ;
#6229 =( NAMED_UNIT ( * ) PLANE_ANGLE_UNIT ( ) SI_UNIT ( $, .RADIAN. ) );
#6230 =( NAMED_UNIT ( * ) SI_UNIT ( $, .STERADIAN. ) SOLID_ANGLE_UNIT ( ) );
#6231 =( NAMED_UNIT ( * ) PLANE_ANGLE_UNIT ( ) SI_UNIT ( $, .RADIAN. ) );
#6232 = EDGE_LOOP ( 'NONE', ( #5128, #2456 ) ) ;
#6233 = SPHERICAL_SURFACE ( 'NONE', #7504, 0.1499999999999999667 ) ;
#6234 = AXIS2_PLACEMENT_3D ( 'NONE', #480, #2675, #5799 ) ;
#6235 = PRESENTATION_LAYER_ASSIGNMENT (  '', '', ( #4127 ) ) ;
#6236 = ADVANCED_FACE ( 'NONE', ( #1351 ), #2958, .F. ) ;
#6237 = EDGE_CURVE ( 'NONE', #1972, #4840, #9147, .T. ) ;
#6238 = CARTESIAN_POINT ( 'NONE',  ( 2.258578643762692906, 0.2000000000000005107, -1.599999999999999867 ) ) ;
#6239 = CARTESIAN_POINT ( 'NONE',  ( 3.999999999999999112, 0.0000000000000000000, -1.599999999999999867 ) ) ;
#6240 = DIRECTION ( 'NONE',  ( -0.0000000000000000000, -1.000000000000000000, -0.0000000000000000000 ) ) ;
#6241 = CARTESIAN_POINT ( 'NONE',  ( 0.2000000000000005107, 0.2000000000000005107, -5.799999999999999822 ) ) ;
#6242 = EDGE_LOOP ( 'NONE', ( #5462, #8799, #963 ) ) ;
#6243 =( NAMED_UNIT ( * ) SI_UNIT ( $, .STERADIAN. ) SOLID_ANGLE_UNIT ( ) );
#6244 = SPHERICAL_SURFACE ( 'NONE', #8324, 0.1499999999999999667 ) ;
#6245 = EDGE_CURVE ( 'NONE', #940, #2092, #8433, .T. ) ;
#6246 = DIRECTION ( 'NONE',  ( -1.000000000000000000, 0.0000000000000000000, -1.224646799147353207E-16 ) ) ;
#6247 = PRESENTATION_STYLE_ASSIGNMENT (( #4222 ) ) ;
#6248 = UNCERTAINTY_MEASURE_WITH_UNIT (LENGTH_MEASURE( 1.000000000000000082E-05 ), #5472, 'distance_accuracy_value', 'NONE');
#6249 = STYLED_ITEM ( 'NONE', ( #3953 ), #8878 ) ;
#6250 = FILL_AREA_STYLE_COLOUR ( '', #5308 ) ;
#6251 = ORIENTED_EDGE ( 'NONE', *, *, #7511, .F. ) ;
#6252 = ORIENTED_EDGE ( 'NONE', *, *, #3954, .T. ) ;
#6253 = DIRECTION ( 'NONE',  ( 1.000000000000000000, -2.891205793294679411E-15, 0.0000000000000000000 ) ) ;
#6254 = EDGE_CURVE ( 'NONE', #8006, #6489, #7276, .T. ) ;
#6255 = EDGE_LOOP ( 'NONE', ( #6858, #4556 ) ) ;
#6256 = FILL_AREA_STYLE ('',( #7738 ) ) ;
#6257 = VERTEX_POINT ( 'NONE', #8914 ) ;
#6258 = MANIFOLD_SOLID_BREP ( 'Sketch-Pattern1[1]', #3590 ) ;
#6259 = MECHANICAL_DESIGN_GEOMETRIC_PRESENTATION_REPRESENTATION (  '', ( #6701 ), #2106 ) ;
#6260 = DIRECTION ( 'NONE',  ( 0.0000000000000000000, 0.0000000000000000000, -1.000000000000000000 ) ) ;
#6261 = ORIENTED_EDGE ( 'NONE', *, *, #8839, .F. ) ;
#6262 = DIRECTION ( 'NONE',  ( -0.0000000000000000000, -1.000000000000000000, -0.0000000000000000000 ) ) ;
#6263 = DIRECTION ( 'NONE',  ( -0.0000000000000000000, -1.000000000000000000, -0.0000000000000000000 ) ) ;
#6264 = DIRECTION ( 'NONE',  ( 0.0000000000000000000, 0.0000000000000000000, 1.000000000000000000 ) ) ;
#6265 = DIRECTION ( 'NONE',  ( 0.0000000000000000000, -1.000000000000000000, -0.0000000000000000000 ) ) ;
#6266 = SPHERICAL_SURFACE ( 'NONE', #651, 0.1499999999999999667 ) ;
#6267 = AXIS2_PLACEMENT_3D ( 'NONE', #979, #7758, #3154 ) ;
#6268 = ORIENTED_EDGE ( 'NONE', *, *, #7464, .F. ) ;
#6269 = EDGE_LOOP ( 'NONE', ( #1890, #7109 ) ) ;
#6270 = COLOUR_RGB ( '',0.7921568627450980005, 0.8196078431372548767, 0.9333333333333333481 ) ;
#6271 =( NAMED_UNIT ( * ) SI_UNIT ( $, .STERADIAN. ) SOLID_ANGLE_UNIT ( ) );
#6272 =( LENGTH_UNIT ( ) NAMED_UNIT ( * ) SI_UNIT ( .MILLI., .METRE. ) );
#6273 = PRESENTATION_STYLE_ASSIGNMENT (( #594 ) ) ;
#6274 = CARTESIAN_POINT ( 'NONE',  ( -2.399999999999999911, 0.1499999999999999667, 2.400000000000000355 ) ) ;
#6275 = CARTESIAN_POINT ( 'NONE',  ( 3.200000000000000622, 0.2000000000000005107, 6.086346753639119761E-18 ) ) ;
#6276 = AXIS2_PLACEMENT_3D ( 'NONE', #860, #4656, #755 ) ;
#6277 = CARTESIAN_POINT ( 'NONE',  ( 1.600000000000000311, 0.0000000000000000000, -3.200000000000000622 ) ) ;
#6278 = ORIENTED_EDGE ( 'NONE', *, *, #4146, .T. ) ;
#6279 = EDGE_CURVE ( 'NONE', #9371, #9458, #7627, .T. ) ;
#6280 =( LENGTH_UNIT ( ) NAMED_UNIT ( * ) SI_UNIT ( .MILLI., .METRE. ) );
#6281 = ORIENTED_EDGE ( 'NONE', *, *, #4905, .T. ) ;
#6282 = DIRECTION ( 'NONE',  ( 1.000000000000000000, 0.0000000000000000000, 0.0000000000000000000 ) ) ;
#6283 = DIRECTION ( 'NONE',  ( 1.000000000000000000, 0.0000000000000000000, 0.0000000000000000000 ) ) ;
#6284 = DIRECTION ( 'NONE',  ( 1.000000000000000000, -2.891205793294679411E-15, 0.0000000000000000000 ) ) ;
#6285 = DIRECTION ( 'NONE',  ( 1.000000000000000000, 0.0000000000000000000, 0.0000000000000000000 ) ) ;
#6286 = ADVANCED_FACE ( 'NONE', ( #6938 ), #1583, .T. ) ;
#6287 = DIRECTION ( 'NONE',  ( -0.0000000000000000000, -1.000000000000000000, -0.0000000000000000000 ) ) ;
#6288 = FACE_OUTER_BOUND ( 'NONE', #305, .T. ) ;
#6289 = ORIENTED_EDGE ( 'NONE', *, *, #5549, .T. ) ;
#6290 = AXIS2_PLACEMENT_3D ( 'NONE', #3522, #8011, #482 ) ;
#6291 = AXIS2_PLACEMENT_3D ( 'NONE', #3204, #856, #1712 ) ;
#6292 = CARTESIAN_POINT ( 'NONE',  ( 3.200000000000000622, 0.2000000000000005107, -3.200000000000000622 ) ) ;
#6293 = DIRECTION ( 'NONE',  ( -1.000000000000000000, 0.0000000000000000000, 0.0000000000000000000 ) ) ;
#6294 = CARTESIAN_POINT ( 'NONE',  ( 0.0000000000000000000, 0.2000000000000005107, 3.200000000000000178 ) ) ;
#6295 = DIRECTION ( 'NONE',  ( 0.0000000000000000000, 0.0000000000000000000, 1.000000000000000000 ) ) ;
#6296 = CARTESIAN_POINT ( 'NONE',  ( 3.999999999999999112, 0.2000000000000005107, 1.599999999999999867 ) ) ;
#6297 = EDGE_CURVE ( 'NONE', #6158, #5892, #3940, .T. ) ;
#6298 = ADVANCED_FACE ( 'NONE', ( #886 ), #4182, .T. ) ;
#6299 = VERTEX_POINT ( 'NONE', #6958 ) ;
#6300 = PLANE ( 'NONE',  #9719 ) ;
#6301 = CIRCLE ( 'NONE', #5965, 0.1499999999999999667 ) ;
#6302 = SURFACE_STYLE_FILL_AREA ( #4312 ) ;
#6303 = AXIS2_PLACEMENT_3D ( 'NONE', #7042, #8585, #7102 ) ;
#6304 = UNCERTAINTY_MEASURE_WITH_UNIT (LENGTH_MEASURE( 1.000000000000000082E-05 ), #699, 'distance_accuracy_value', 'NONE');
#6305 = AXIS2_PLACEMENT_3D ( 'NONE', #1671, #3908, #887 ) ;
#6306 = CARTESIAN_POINT ( 'NONE',  ( -3.999999999999999112, 0.2000000000000005107, -2.400000000000000355 ) ) ;
#6307 = CARTESIAN_POINT ( 'NONE',  ( 0.7999999999999999334, 0.0000000000000000000, 1.599999999999999867 ) ) ;
#6308 = AXIS2_PLACEMENT_3D ( 'NONE', #7010, #2292, #2324 ) ;
#6309 = CARTESIAN_POINT ( 'NONE',  ( 0.6585786437626919287, 0.2000000000000005107, -3.200000000000000622 ) ) ;
#6310 = EDGE_LOOP ( 'NONE', ( #4110, #7642, #3626 ) ) ;
#6311 = CIRCLE ( 'NONE', #6291, 0.1414213562373092536 ) ;
#6312 = EDGE_CURVE ( 'NONE', #8588, #7775, #9704, .T. ) ;
#6313 =( LENGTH_UNIT ( ) NAMED_UNIT ( * ) SI_UNIT ( .MILLI., .METRE. ) );
#6314 = SURFACE_STYLE_FILL_AREA ( #9675 ) ;
#6315 = MANIFOLD_SOLID_BREP ( 'Sketch-Pattern1[32]', #3200 ) ;
#6316 = EDGE_CURVE ( 'NONE', #753, #5835, #6083, .T. ) ;
#6317 = CARTESIAN_POINT ( 'NONE',  ( -1.600000000000000311, 0.0000000000000000000, 3.200000000000000178 ) ) ;
#6318 = CIRCLE ( 'NONE', #3886, 0.1499999999999999667 ) ;
#6319 = VERTEX_POINT ( 'NONE', #853 ) ;
#6320 = SURFACE_SIDE_STYLE ('',( #9142 ) ) ;
#6321 =( GEOMETRIC_REPRESENTATION_CONTEXT ( 3 ) GLOBAL_UNCERTAINTY_ASSIGNED_CONTEXT ( ( #2875 ) ) GLOBAL_UNIT_ASSIGNED_CONTEXT ( ( #9706, #9001, #1353 ) ) REPRESENTATION_CONTEXT ( 'NONE', 'WORKASPACE' ) );
#6322 = DIRECTION ( 'NONE',  ( 1.224646799147353207E-16, -3.540705920434613265E-31, -1.000000000000000000 ) ) ;
#6323 = FACE_OUTER_BOUND ( 'NONE', #2687, .T. ) ;
#6324 = DIRECTION ( 'NONE',  ( 0.0000000000000000000, 0.0000000000000000000, -1.000000000000000000 ) ) ;
#6325 = AXIS2_PLACEMENT_3D ( 'NONE', #7801, #3270, #4010 ) ;
#6326 = FILL_AREA_STYLE ('',( #2589 ) ) ;
#6327 = VERTEX_POINT ( 'NONE', #6189 ) ;
#6328 = SURFACE_STYLE_USAGE ( .BOTH. , #3214 ) ;
#6329 = AXIS2_PLACEMENT_3D ( 'NONE', #7380, #8126, #2095 ) ;
#6330 = CARTESIAN_POINT ( 'NONE',  ( -4.141421356237308338, 0.2000000000000005107, -0.8000000000000003775 ) ) ;
#6331 = CARTESIAN_POINT ( 'NONE',  ( -1.600000000000000311, 0.0000000000000000000, 2.400000000000000355 ) ) ;
#6332 = VERTEX_POINT ( 'NONE', #7666 ) ;
#6333 = SURFACE_STYLE_FILL_AREA ( #9622 ) ;
#6334 =( GEOMETRIC_REPRESENTATION_CONTEXT ( 3 ) GLOBAL_UNCERTAINTY_ASSIGNED_CONTEXT ( ( #2088 ) ) GLOBAL_UNIT_ASSIGNED_CONTEXT ( ( #6899, #8355, #8319 ) ) REPRESENTATION_CONTEXT ( 'NONE', 'WORKASPACE' ) );
#6335 = ADVANCED_FACE ( 'NONE', ( #8426 ), #7862, .T. ) ;
#6336 = VERTEX_POINT ( 'NONE', #6221 ) ;
#6337 = CIRCLE ( 'NONE', #8190, 0.1414213562373092536 ) ;
#6338 =( NAMED_UNIT ( * ) SI_UNIT ( $, .STERADIAN. ) SOLID_ANGLE_UNIT ( ) );
#6339 = EDGE_CURVE ( 'NONE', #741, #7317, #6435, .T. ) ;
#6340 = MECHANICAL_DESIGN_GEOMETRIC_PRESENTATION_REPRESENTATION (  '', ( #5816 ), #3966 ) ;
#6341 = CIRCLE ( 'NONE', #4985, 0.1414213562373092536 ) ;
#6342 = DIRECTION ( 'NONE',  ( 1.000000000000000000, 0.0000000000000000000, 0.0000000000000000000 ) ) ;
#6343 = FACE_OUTER_BOUND ( 'NONE', #2464, .T. ) ;
#6344 =( NAMED_UNIT ( * ) SI_UNIT ( $, .STERADIAN. ) SOLID_ANGLE_UNIT ( ) );
#6345 = ORIENTED_EDGE ( 'NONE', *, *, #8760, .F. ) ;
#6346 = PRESENTATION_STYLE_ASSIGNMENT (( #6817 ) ) ;
#6347 = CARTESIAN_POINT ( 'NONE',  ( 0.8000000000000012657, 0.1499999999999999667, -2.400000000000000355 ) ) ;
#6348 =( GEOMETRIC_REPRESENTATION_CONTEXT ( 3 ) GLOBAL_UNCERTAINTY_ASSIGNED_CONTEXT ( ( #531 ) ) GLOBAL_UNIT_ASSIGNED_CONTEXT ( ( #6655, #8125, #5119 ) ) REPRESENTATION_CONTEXT ( 'NONE', 'WORKASPACE' ) );
#6349 = DIRECTION ( 'NONE',  ( 0.0000000000000000000, 0.0000000000000000000, -1.000000000000000000 ) ) ;
#6350 = DIRECTION ( 'NONE',  ( 1.000000000000000000, -2.891205793294679411E-15, 0.0000000000000000000 ) ) ;
#6351 = CARTESIAN_POINT ( 'NONE',  ( 1.000000000000000000, 0.2000000000000005107, -4.199999999999999289 ) ) ;
#6352 = ORIENTED_EDGE ( 'NONE', *, *, #8751, .T. ) ;
#6353 = FACE_OUTER_BOUND ( 'NONE', #6431, .T. ) ;
#6354 = ORIENTED_EDGE ( 'NONE', *, *, #6802, .F. ) ;
#6355 = SPHERICAL_SURFACE ( 'NONE', #9639, 0.1499999999999999667 ) ;
#6356 = DIRECTION ( 'NONE',  ( 0.0000000000000000000, 0.0000000000000000000, -1.000000000000000000 ) ) ;
#6357 = FACE_OUTER_BOUND ( 'NONE', #8718, .T. ) ;
#6358 = SURFACE_STYLE_USAGE ( .BOTH. , #1794 ) ;
#6359 = AXIS2_PLACEMENT_3D ( 'NONE', #2815, #487, #8834 ) ;
#6360 = VERTEX_POINT ( 'NONE', #5370 ) ;
#6361 = DIRECTION ( 'NONE',  ( 0.0000000000000000000, 0.0000000000000000000, -1.000000000000000000 ) ) ;
#6362 = STYLED_ITEM ( 'NONE', ( #3868 ), #7884 ) ;
#6363 = ORIENTED_EDGE ( 'NONE', *, *, #5030, .F. ) ;
#6364 = EDGE_CURVE ( 'NONE', #2338, #1897, #4399, .T. ) ;
#6365 = UNCERTAINTY_MEASURE_WITH_UNIT (LENGTH_MEASURE( 1.000000000000000082E-05 ), #3989, 'distance_accuracy_value', 'NONE');
#6366 = DIRECTION ( 'NONE',  ( 1.000000000000000000, -2.891205793294679411E-15, 0.0000000000000000000 ) ) ;
#6367 = CLOSED_SHELL ( 'NONE', ( #6529, #1478, #241 ) ) ;
#6368 = EDGE_CURVE ( 'NONE', #2302, #1193, #7614, .T. ) ;
#6369 = CIRCLE ( 'NONE', #422, 0.1499999999999999667 ) ;
#6370 = DIRECTION ( 'NONE',  ( 1.000000000000000000, -2.891205793294679411E-15, 0.0000000000000000000 ) ) ;
#6371 = AXIS2_PLACEMENT_3D ( 'NONE', #6509, #3555, #5771 ) ;
#6373 = ORIENTED_EDGE ( 'NONE', *, *, #469, .T. ) ;
#6372 = AXIS2_PLACEMENT_3D ( 'NONE', #955, #1060, #6370 ) ;
#6374 =( NAMED_UNIT ( * ) PLANE_ANGLE_UNIT ( ) SI_UNIT ( $, .RADIAN. ) );
#6375 = CARTESIAN_POINT ( 'NONE',  ( 4.141421356237311890, 0.2000000000000005107, -4.000000000000000000 ) ) ;
#6376 = VERTEX_POINT ( 'NONE', #3941 ) ;
#6377 = ADVANCED_FACE ( 'NONE', ( #8309 ), #4051, .T. ) ;
#6378 = DIRECTION ( 'NONE',  ( 0.0000000000000000000, 0.0000000000000000000, -1.000000000000000000 ) ) ;
#6379 = CLOSED_SHELL ( 'NONE', ( #7199, #7910, #4611 ) ) ;
#6380 = CIRCLE ( 'NONE', #8974, 0.1414213562373092536 ) ;
#6381 = DIRECTION ( 'NONE',  ( 0.0000000000000000000, 0.0000000000000000000, 1.000000000000000000 ) ) ;
#6382 = DIRECTION ( 'NONE',  ( 0.0000000000000000000, 0.0000000000000000000, -1.000000000000000000 ) ) ;
#6383 = ORIENTED_EDGE ( 'NONE', *, *, #4241, .F. ) ;
#6384 = SPHERICAL_SURFACE ( 'NONE', #3197, 0.1499999999999999667 ) ;
#6385 = ORIENTED_EDGE ( 'NONE', *, *, #976, .T. ) ;
#6386 = DIRECTION ( 'NONE',  ( 0.0000000000000000000, 0.0000000000000000000, -1.000000000000000000 ) ) ;
#6387 = ORIENTED_EDGE ( 'NONE', *, *, #7172, .T. ) ;
#6388 = CARTESIAN_POINT ( 'NONE',  ( 1.599999999999999867, 0.1499999999999999667, 4.000000000000000000 ) ) ;
#6389 =( NAMED_UNIT ( * ) SI_UNIT ( $, .STERADIAN. ) SOLID_ANGLE_UNIT ( ) );
#6390 = ADVANCED_FACE ( 'NONE', ( #7739 ), #3359, .T. ) ;
#6391 = AXIS2_PLACEMENT_3D ( 'NONE', #5298, #2478, #1017 ) ;
#6392 = CARTESIAN_POINT ( 'NONE',  ( -2.541421356237308693, 0.2000000000000005107, -1.599999999999999867 ) ) ;
#6393 = EDGE_LOOP ( 'NONE', ( #2201, #661 ) ) ;
#6394 = DIRECTION ( 'NONE',  ( -0.0000000000000000000, -1.000000000000000000, -0.0000000000000000000 ) ) ;
#6395 = ORIENTED_EDGE ( 'NONE', *, *, #9462, .F. ) ;
#6396 = DIRECTION ( 'NONE',  ( 0.0000000000000000000, 0.0000000000000000000, -1.000000000000000000 ) ) ;
#6397 = DIRECTION ( 'NONE',  ( -0.0000000000000000000, -1.000000000000000000, -0.0000000000000000000 ) ) ;
#6398 = AXIS2_PLACEMENT_3D ( 'NONE', #1511, #17, #3101 ) ;
#6399 = EDGE_CURVE ( 'NONE', #7430, #4835, #5361, .T. ) ;
#6400 = DIRECTION ( 'NONE',  ( 0.0000000000000000000, -1.000000000000000000, -0.0000000000000000000 ) ) ;
#6401 = DIRECTION ( 'NONE',  ( 1.000000000000000000, -2.891205793294679411E-15, 0.0000000000000000000 ) ) ;
#6402 = AXIS2_PLACEMENT_3D ( 'NONE', #7234, #4807, #9347 ) ;
#6403 = EDGE_LOOP ( 'NONE', ( #8590, #2334, #5040 ) ) ;
#6404 = SURFACE_STYLE_FILL_AREA ( #399 ) ;
#6405 = CIRCLE ( 'NONE', #8271, 0.1499999999999999667 ) ;
#6406 = CIRCLE ( 'NONE', #6768, 0.1414213562373096977 ) ;
#6407 = PRESENTATION_LAYER_ASSIGNMENT (  '', '', ( #5897 ) ) ;
#6408 = AXIS2_PLACEMENT_3D ( 'NONE', #3481, #1237, #6536 ) ;
#6409 = DIRECTION ( 'NONE',  ( 1.000000000000000000, -2.891205793294679411E-15, 0.0000000000000000000 ) ) ;
#6410 = ORIENTED_EDGE ( 'NONE', *, *, #5767, .T. ) ;
#6411 = PRODUCT_CONTEXT ( 'NONE', #3455, 'mechanical' ) ;
#6412 = SURFACE_STYLE_FILL_AREA ( #4630 ) ;
#6413 = SPHERICAL_SURFACE ( 'NONE', #3587, 0.1499999999999999667 ) ;
#6414 = FILL_AREA_STYLE ('',( #5588 ) ) ;
#6415 = FILL_AREA_STYLE_COLOUR ( '', #9463 ) ;
#6416 = CARTESIAN_POINT ( 'NONE',  ( 1.000000000000000000, 0.2000000000000005107, -2.599999999999999201 ) ) ;
#6417 = UNCERTAINTY_MEASURE_WITH_UNIT (LENGTH_MEASURE( 1.000000000000000082E-05 ), #137, 'distance_accuracy_value', 'NONE');
#6418 = CARTESIAN_POINT ( 'NONE',  ( -0.7999999999999999334, 0.0000000000000000000, 0.7999999999999999334 ) ) ;
#6419 = EDGE_CURVE ( 'NONE', #1642, #7125, #2387, .T. ) ;
#6420 = CARTESIAN_POINT ( 'NONE',  ( 1.458578643762691529, 0.2000000000000005107, -3.200000000000000622 ) ) ;
#6421 = AXIS2_PLACEMENT_3D ( 'NONE', #1823, #1110, #2650 ) ;
#6422 = ORIENTED_EDGE ( 'NONE', *, *, #229, .T. ) ;
#6423 = ADVANCED_FACE ( 'NONE', ( #64 ), #2137, .T. ) ;
#6424 = DIRECTION ( 'NONE',  ( 0.0000000000000000000, 0.0000000000000000000, -1.000000000000000000 ) ) ;
#6425 = DIRECTION ( 'NONE',  ( 1.000000000000000000, -2.891205793294679411E-15, 0.0000000000000000000 ) ) ;
#6426 = PRESENTATION_LAYER_ASSIGNMENT (  '', '', ( #6750 ) ) ;
#6427 = DIRECTION ( 'NONE',  ( 0.0000000000000000000, 0.0000000000000000000, -1.000000000000000000 ) ) ;
#6428 = MANIFOLD_SOLID_BREP ( 'Sketch-Pattern1[54]', #1282 ) ;
#6429 = COLOUR_RGB ( '',0.7921568627450980005, 0.8196078431372548767, 0.9333333333333333481 ) ;
#6430 = EDGE_CURVE ( 'NONE', #8651, #4445, #9134, .T. ) ;
#6431 = EDGE_LOOP ( 'NONE', ( #2125, #6502, #3392 ) ) ;
#6432 = DIRECTION ( 'NONE',  ( 0.0000000000000000000, -1.000000000000000000, -0.0000000000000000000 ) ) ;
#6433 = ADVANCED_FACE ( 'NONE', ( #4172 ), #1340, .T. ) ;
#6434 = EDGE_LOOP ( 'NONE', ( #8220, #616 ) ) ;
#6435 = CIRCLE ( 'NONE', #3479, 0.1414213562373092536 ) ;
#6436 =( NAMED_UNIT ( * ) SI_UNIT ( $, .STERADIAN. ) SOLID_ANGLE_UNIT ( ) );
#6437 = DIRECTION ( 'NONE',  ( 1.000000000000000000, -2.891205793294679411E-15, 0.0000000000000000000 ) ) ;
#6438 = DIRECTION ( 'NONE',  ( 0.0000000000000000000, 0.0000000000000000000, -1.000000000000000000 ) ) ;
#6439 = VERTEX_POINT ( 'NONE', #7153 ) ;
#6440 = CARTESIAN_POINT ( 'NONE',  ( -3.858578643762689886, 0.2000000000000005107, -3.200000000000000622 ) ) ;
#6441 = ORIENTED_EDGE ( 'NONE', *, *, #8998, .T. ) ;
#6442 = PRESENTATION_STYLE_ASSIGNMENT (( #2416 ) ) ;
#6443 = MECHANICAL_DESIGN_GEOMETRIC_PRESENTATION_REPRESENTATION (  '', ( #1756 ), #869 ) ;
#6444 = FILL_AREA_STYLE_COLOUR ( '', #9388 ) ;
#6445 = DIRECTION ( 'NONE',  ( 0.0000000000000000000, -1.000000000000000000, -0.0000000000000000000 ) ) ;
#6446 = PRESENTATION_LAYER_ASSIGNMENT (  '', '', ( #871 ) ) ;
#6447 = DIRECTION ( 'NONE',  ( 1.000000000000000000, -2.891205793294679411E-15, 0.0000000000000000000 ) ) ;
#6448 = ORIENTED_EDGE ( 'NONE', *, *, #9489, .T. ) ;
#6449 = DIRECTION ( 'NONE',  ( 1.000000000000000000, -2.891205793294679411E-15, 0.0000000000000000000 ) ) ;
#6450 = SPHERICAL_SURFACE ( 'NONE', #8952, 0.1499999999999999667 ) ;
#6451 = AXIS2_PLACEMENT_3D ( 'NONE', #6651, #2816, #8176 ) ;
#6452 = CARTESIAN_POINT ( 'NONE',  ( 3.200000000000000622, 0.1499999999999999667, 0.7999999999999999334 ) ) ;
#6453 = EDGE_CURVE ( 'NONE', #3547, #3490, #6923, .T. ) ;
#6454 = FILL_AREA_STYLE_COLOUR ( '', #1710 ) ;
#6455 = VERTEX_POINT ( 'NONE', #8609 ) ;
#6456 = DIRECTION ( 'NONE',  ( 1.000000000000000000, -2.891205793294679411E-15, 0.0000000000000000000 ) ) ;
#6457 =( GEOMETRIC_REPRESENTATION_CONTEXT ( 3 ) GLOBAL_UNCERTAINTY_ASSIGNED_CONTEXT ( ( #2577 ) ) GLOBAL_UNIT_ASSIGNED_CONTEXT ( ( #6484, #5852, #8723 ) ) REPRESENTATION_CONTEXT ( 'NONE', 'WORKASPACE' ) );
#6458 = DIRECTION ( 'NONE',  ( 0.0000000000000000000, 0.0000000000000000000, 1.000000000000000000 ) ) ;
#6459 = CLOSED_SHELL ( 'NONE', ( #6423, #8412, #3566 ) ) ;
#6460 = VERTEX_POINT ( 'NONE', #7892 ) ;
#6461 = CIRCLE ( 'NONE', #6834, 0.1499999999999999667 ) ;
#6462 = DIRECTION ( 'NONE',  ( 0.0000000000000000000, 0.0000000000000000000, -1.000000000000000000 ) ) ;
#6463 = ADVANCED_FACE ( 'NONE', ( #1825 ), #3976, .F. ) ;
#6464 = CLOSED_SHELL ( 'NONE', ( #872, #2013, #2774 ) ) ;
#6465 = ORIENTED_EDGE ( 'NONE', *, *, #652, .T. ) ;
#6466 = SURFACE_SIDE_STYLE ('',( #1631 ) ) ;
#6467 = AXIS2_PLACEMENT_3D ( 'NONE', #5558, #1793, #3245 ) ;
#6468 =( NAMED_UNIT ( * ) PLANE_ANGLE_UNIT ( ) SI_UNIT ( $, .RADIAN. ) );
#6469 = DIRECTION ( 'NONE',  ( 1.224646799147353207E-16, -3.540705920434613265E-31, -1.000000000000000000 ) ) ;
#6470 = DIRECTION ( 'NONE',  ( 0.0000000000000000000, 0.0000000000000000000, -1.000000000000000000 ) ) ;
#6471 = ORIENTED_EDGE ( 'NONE', *, *, #1595, .T. ) ;
#6472 = AXIS2_PLACEMENT_3D ( 'NONE', #3778, #9732, #3020 ) ;
#6473 = SPHERICAL_SURFACE ( 'NONE', #884, 0.1499999999999999667 ) ;
#6474 = DIRECTION ( 'NONE',  ( 0.0000000000000000000, 0.0000000000000000000, -1.000000000000000000 ) ) ;
#6475 = MANIFOLD_SOLID_BREP ( 'Sketch-Pattern1[76]', #2219 ) ;
#6476 = AXIS2_PLACEMENT_3D ( 'NONE', #9684, #8131, #2073 ) ;
#6477 = ADVANCED_FACE ( 'NONE', ( #7384 ), #6673, .T. ) ;
#6478 = AXIS2_PLACEMENT_3D ( 'NONE', #4077, #1109, #5048 ) ;
#6479 = ORIENTED_EDGE ( 'NONE', *, *, #9288, .T. ) ;
#6480 = CIRCLE ( 'NONE', #1740, 0.1499999999999999667 ) ;
#6481 = ORIENTED_EDGE ( 'NONE', *, *, #3437, .T. ) ;
#6482 = EDGE_CURVE ( 'NONE', #1350, #778, #3931, .T. ) ;
#6483 = EDGE_LOOP ( 'NONE', ( #659, #2756, #9192 ) ) ;
#6484 =( LENGTH_UNIT ( ) NAMED_UNIT ( * ) SI_UNIT ( .MILLI., .METRE. ) );
#6485 =( NAMED_UNIT ( * ) SI_UNIT ( $, .STERADIAN. ) SOLID_ANGLE_UNIT ( ) );
#6486 = EDGE_LOOP ( 'NONE', ( #5368, #6582 ) ) ;
#6487 = CARTESIAN_POINT ( 'NONE',  ( -2.399999999999999467, 0.1499999999999999667, -0.8000000000000003775 ) ) ;
#6488 = EDGE_CURVE ( 'NONE', #8111, #175, #1123, .T. ) ;
#6489 = VERTEX_POINT ( 'NONE', #6590 ) ;
#6490 = CARTESIAN_POINT ( 'NONE',  ( -0.7999999999999994893, 0.2000000000000005107, 0.7999999999999999334 ) ) ;
#6491 = ORIENTED_EDGE ( 'NONE', *, *, #2221, .F. ) ;
#6492 = AXIS2_PLACEMENT_3D ( 'NONE', #8954, #2956, #8240 ) ;
#6493 = ORIENTED_EDGE ( 'NONE', *, *, #8436, .F. ) ;
#6494 = DIRECTION ( 'NONE',  ( 0.0000000000000000000, 0.0000000000000000000, -1.000000000000000000 ) ) ;
#6495 = FACE_OUTER_BOUND ( 'NONE', #3459, .T. ) ;
#6496 = FACE_OUTER_BOUND ( 'NONE', #3988, .T. ) ;
#6497 = PLANE ( 'NONE',  #1233 ) ;
#6498 = FACE_OUTER_BOUND ( 'NONE', #5444, .T. ) ;
#6499 = DIRECTION ( 'NONE',  ( -1.000000000000000000, 0.0000000000000000000, 0.0000000000000000000 ) ) ;
#6500 = AXIS2_PLACEMENT_3D ( 'NONE', #3238, #7631, #3127 ) ;
#6501 = DIRECTION ( 'NONE',  ( 1.000000000000000000, 0.0000000000000000000, 0.0000000000000000000 ) ) ;
#6502 = ORIENTED_EDGE ( 'NONE', *, *, #3879, .T. ) ;
#6503 = AXIS2_PLACEMENT_3D ( 'NONE', #1730, #7787, #2442 ) ;
#6504 = ORIENTED_EDGE ( 'NONE', *, *, #3117, .T. ) ;
#6505 = ADVANCED_FACE ( 'NONE', ( #7167 ), #4385, .F. ) ;
#6506 = CIRCLE ( 'NONE', #3470, 0.1499999999999999667 ) ;
#6507 = DIRECTION ( 'NONE',  ( 0.0000000000000000000, 0.0000000000000000000, -1.000000000000000000 ) ) ;
#6508 = MECHANICAL_DESIGN_GEOMETRIC_PRESENTATION_REPRESENTATION (  '', ( #1375 ), #2436 ) ;
#6509 = CARTESIAN_POINT ( 'NONE',  ( 0.2000000000000005107, 0.2000000000000005107, -6.599999999999998757 ) ) ;
#6511 = VERTEX_POINT ( 'NONE', #4311 ) ;
#6510 = AXIS2_PLACEMENT_3D ( 'NONE', #9200, #6075, #3196 ) ;
#6512 = CARTESIAN_POINT ( 'NONE',  ( 8.673617379884035472E-16, 0.1499999999999999667, -4.000000000000000000 ) ) ;
#6513 = CARTESIAN_POINT ( 'NONE',  ( -1.599999999999999867, 0.1499999999999999667, 2.400000000000000355 ) ) ;
#6514 = EDGE_CURVE ( 'NONE', #2516, #7718, #5123, .T. ) ;
#6515 = ORIENTED_EDGE ( 'NONE', *, *, #5917, .T. ) ;
#6516 = CIRCLE ( 'NONE', #2400, 0.1499999999999999667 ) ;
#6517 = AXIS2_PLACEMENT_3D ( 'NONE', #5608, #3389, #8670 ) ;
#6518 = ADVANCED_FACE ( 'NONE', ( #9695 ), #8883, .T. ) ;
#6519 = CARTESIAN_POINT ( 'NONE',  ( -0.7999999999999999334, 0.0000000000000000000, -3.200000000000000622 ) ) ;
#6520 = CARTESIAN_POINT ( 'NONE',  ( -3.999999999999999112, 0.1499999999999999667, -3.200000000000000622 ) ) ;
#6521 = VERTEX_POINT ( 'NONE', #4256 ) ;
#6522 =( GEOMETRIC_REPRESENTATION_CONTEXT ( 3 ) GLOBAL_UNCERTAINTY_ASSIGNED_CONTEXT ( ( #2695 ) ) GLOBAL_UNIT_ASSIGNED_CONTEXT ( ( #7663, #6186, #1566 ) ) REPRESENTATION_CONTEXT ( 'NONE', 'WORKASPACE' ) );
#6523 = SPHERICAL_SURFACE ( 'NONE', #1858, 0.1499999999999999667 ) ;
#6524 = DIRECTION ( 'NONE',  ( 0.0000000000000000000, 0.0000000000000000000, -1.000000000000000000 ) ) ;
#6525 = FACE_OUTER_BOUND ( 'NONE', #8357, .T. ) ;
#6526 = SPHERICAL_SURFACE ( 'NONE', #2853, 0.1499999999999999667 ) ;
#6527 = DIRECTION ( 'NONE',  ( 0.0000000000000000000, 0.0000000000000000000, -1.000000000000000000 ) ) ;
#6528 = CARTESIAN_POINT ( 'NONE',  ( 8.673617379884035472E-16, 0.1499999999999999667, 6.086346753639119761E-18 ) ) ;
#6529 = ADVANCED_FACE ( 'NONE', ( #8075 ), #2517, .T. ) ;
#6530 = ORIENTED_EDGE ( 'NONE', *, *, #2791, .F. ) ;
#6531 = SURFACE_SIDE_STYLE ('',( #629 ) ) ;
#6532 = CARTESIAN_POINT ( 'NONE',  ( -2.399999999999999467, 0.1499999999999999667, -0.8000000000000003775 ) ) ;
#6533 = DIRECTION ( 'NONE',  ( -0.0000000000000000000, -1.000000000000000000, -0.0000000000000000000 ) ) ;
#6534 = UNCERTAINTY_MEASURE_WITH_UNIT (LENGTH_MEASURE( 1.000000000000000082E-05 ), #2494, 'distance_accuracy_value', 'NONE');
#6535 = AXIS2_PLACEMENT_3D ( 'NONE', #5790, #5955, #6825 ) ;
#6536 = DIRECTION ( 'NONE',  ( 1.000000000000000000, -2.891205793294679411E-15, 0.0000000000000000000 ) ) ;
#6537 = CIRCLE ( 'NONE', #8163, 0.1414213562373092536 ) ;
#6538 = PRESENTATION_LAYER_ASSIGNMENT (  '', '', ( #8739 ) ) ;
#6539 = AXIS2_PLACEMENT_3D ( 'NONE', #1279, #1194, #4994 ) ;
#6540 = DIRECTION ( 'NONE',  ( 1.000000000000000000, -2.891205793294679411E-15, 0.0000000000000000000 ) ) ;
#6541 = FILL_AREA_STYLE_COLOUR ( '', #9016 ) ;
#6542 = EDGE_LOOP ( 'NONE', ( #3015, #610, #4188 ) ) ;
#6543 = CIRCLE ( 'NONE', #1555, 0.1499999999999999667 ) ;
#6544 = DIRECTION ( 'NONE',  ( 1.224646799147353207E-16, -3.540705920434613265E-31, -1.000000000000000000 ) ) ;
#6545 = EDGE_CURVE ( 'NONE', #4387, #1095, #4290, .T. ) ;
#6546 = DIRECTION ( 'NONE',  ( -0.0000000000000000000, -1.000000000000000000, -0.0000000000000000000 ) ) ;
#6547 = MANIFOLD_SOLID_BREP ( 'Sketch-Pattern1[12]', #1964 ) ;
#6548 = EDGE_CURVE ( 'NONE', #1095, #9351, #4645, .T. ) ;
#6549 = CIRCLE ( 'NONE', #2611, 0.1414213562373092536 ) ;
#6550 = CARTESIAN_POINT ( 'NONE',  ( -0.6585786437626902634, 0.2000000000000005107, -1.599999999999999867 ) ) ;
#6551 = VERTEX_POINT ( 'NONE', #533 ) ;
#6552 = DIRECTION ( 'NONE',  ( 0.0000000000000000000, 0.0000000000000000000, 1.000000000000000000 ) ) ;
#6553 = FACE_OUTER_BOUND ( 'NONE', #1423, .T. ) ;
#6554 = AXIS2_PLACEMENT_3D ( 'NONE', #4141, #1895, #8733 ) ;
#6555 = SURFACE_SIDE_STYLE ('',( #3621 ) ) ;
#6556 = DIRECTION ( 'NONE',  ( 0.0000000000000000000, 0.0000000000000000000, -1.000000000000000000 ) ) ;
#6557 = CARTESIAN_POINT ( 'NONE',  ( 2.541421356237309581, 0.2000000000000005107, 3.200000000000000178 ) ) ;
#6558 = EDGE_LOOP ( 'NONE', ( #131, #7859, #7861 ) ) ;
#6559 = SURFACE_STYLE_FILL_AREA ( #4822 ) ;
#6560 =( NAMED_UNIT ( * ) PLANE_ANGLE_UNIT ( ) SI_UNIT ( $, .RADIAN. ) );
#6561 = AXIS2_PLACEMENT_3D ( 'NONE', #7483, #1465, #4575 ) ;
#6562 = EDGE_CURVE ( 'NONE', #1882, #3161, #7853, .T. ) ;
#6563 = CARTESIAN_POINT ( 'NONE',  ( -3.341421356237308515, 0.2000000000000005107, -2.400000000000000355 ) ) ;
#6564 = ORIENTED_EDGE ( 'NONE', *, *, #3496, .F. ) ;
#6565 = CIRCLE ( 'NONE', #5108, 0.1414213562373092536 ) ;
#6566 = DIRECTION ( 'NONE',  ( 0.0000000000000000000, 0.0000000000000000000, 1.000000000000000000 ) ) ;
#6567 = ADVANCED_FACE ( 'NONE', ( #4525 ), #1356, .F. ) ;
#6568 = CARTESIAN_POINT ( 'NONE',  ( -1.458578643762690641, 0.2000000000000005107, 0.7999999999999999334 ) ) ;
#6569 = FACE_OUTER_BOUND ( 'NONE', #3289, .T. ) ;
#6570 = ORIENTED_EDGE ( 'NONE', *, *, #7770, .F. ) ;
#6571 = CARTESIAN_POINT ( 'NONE',  ( 2.400000000000000355, 0.2000000000000005107, 1.599999999999999867 ) ) ;
#6572 = DIRECTION ( 'NONE',  ( 1.000000000000000000, -2.891205793294679411E-15, 0.0000000000000000000 ) ) ;
#6573 = AXIS2_PLACEMENT_3D ( 'NONE', #5750, #5713, #8062 ) ;
#6574 = CARTESIAN_POINT ( 'NONE',  ( 2.400000000000000355, 0.1499999999999999667, 3.200000000000000178 ) ) ;
#6575 = CARTESIAN_POINT ( 'NONE',  ( 1.600000000000000311, 0.0000000000000000000, -1.599999999999999867 ) ) ;
#6576 = SURFACE_STYLE_USAGE ( .BOTH. , #591 ) ;
#6577 = ORIENTED_EDGE ( 'NONE', *, *, #1041, .F. ) ;
#6578 = CARTESIAN_POINT ( 'NONE',  ( 3.999999999999999112, 0.1499999999999999667, -0.8000000000000003775 ) ) ;
#6579 = FACE_OUTER_BOUND ( 'NONE', #4346, .T. ) ;
#6580 = AXIS2_PLACEMENT_3D ( 'NONE', #9593, #2768, #5031 ) ;
#6581 = ADVANCED_FACE ( 'NONE', ( #6073 ), #2985, .T. ) ;
#6582 = ORIENTED_EDGE ( 'NONE', *, *, #835, .F. ) ;
#6583 = CARTESIAN_POINT ( 'NONE',  ( -0.7999999999999994893, 0.1499999999999999667, -0.8000000000000003775 ) ) ;
#6584 = CIRCLE ( 'NONE', #8657, 0.1414213562373092536 ) ;
#6585 = AXIS2_PLACEMENT_3D ( 'NONE', #2461, #4794, #4047 ) ;
#6586 = CARTESIAN_POINT ( 'NONE',  ( 0.8000000000000012657, 0.2000000000000005107, 6.086346753639119761E-18 ) ) ;
#6587 = CIRCLE ( 'NONE', #500, 0.1414213562373092536 ) ;
#6588 = CARTESIAN_POINT ( 'NONE',  ( -2.399999999999999467, 0.2000000000000005107, -3.200000000000000622 ) ) ;
#6589 = EDGE_CURVE ( 'NONE', #3190, #2521, #504, .T. ) ;
#6590 = CARTESIAN_POINT ( 'NONE',  ( -1.741421356237308204, 0.2000000000000005107, -4.000000000000000000 ) ) ;
#6591 = CARTESIAN_POINT ( 'NONE',  ( -0.6585786437626902634, 0.2000000000000005107, -3.200000000000000622 ) ) ;
#6592 = ORIENTED_EDGE ( 'NONE', *, *, #4253, .F. ) ;
#6593 = SURFACE_STYLE_FILL_AREA ( #7941 ) ;
#6594 = AXIS2_PLACEMENT_3D ( 'NONE', #6896, #3035, #6203 ) ;
#6595 = VERTEX_POINT ( 'NONE', #2894 ) ;
#6596 = DIRECTION ( 'NONE',  ( -0.0000000000000000000, -1.000000000000000000, -0.0000000000000000000 ) ) ;
#6597 = CARTESIAN_POINT ( 'NONE',  ( -0.7999999999999994893, 0.2000000000000005107, 4.000000000000000000 ) ) ;
#6598 = UNCERTAINTY_MEASURE_WITH_UNIT (LENGTH_MEASURE( 1.000000000000000082E-05 ), #3577, 'distance_accuracy_value', 'NONE');
#6599 = ORIENTED_EDGE ( 'NONE', *, *, #5704, .T. ) ;
#6600 = CIRCLE ( 'NONE', #1437, 0.1499999999999999667 ) ;
#6601 = AXIS2_PLACEMENT_3D ( 'NONE', #7461, #8206, #3691 ) ;
#6602 = MECHANICAL_DESIGN_GEOMETRIC_PRESENTATION_REPRESENTATION (  '', ( #3913 ), #7972 ) ;
#6603 = VERTEX_POINT ( 'NONE', #8869 ) ;
#6604 = SURFACE_STYLE_FILL_AREA ( #8591 ) ;
#6605 = DIRECTION ( 'NONE',  ( 1.000000000000000000, -2.891205793294679411E-15, 0.0000000000000000000 ) ) ;
#6606 =( NAMED_UNIT ( * ) SI_UNIT ( $, .STERADIAN. ) SOLID_ANGLE_UNIT ( ) );
#6607 = EDGE_CURVE ( 'NONE', #1226, #200, #8298, .T. ) ;
#6608 = ADVANCED_FACE ( 'NONE', ( #746 ), #2856, .T. ) ;
#6609 = ORIENTED_EDGE ( 'NONE', *, *, #9075, .T. ) ;
#6610 = MANIFOLD_SOLID_BREP ( 'Sketch-Pattern1[72]', #521 ) ;
#6611 = DIRECTION ( 'NONE',  ( 1.224646799147353207E-16, -3.540705920434613265E-31, -1.000000000000000000 ) ) ;
#6612 = PLANE ( 'NONE',  #7706 ) ;
#6613 = CARTESIAN_POINT ( 'NONE',  ( -2.400000000000000355, 0.1499999999999999667, 3.200000000000000178 ) ) ;
#6614 = VERTEX_POINT ( 'NONE', #694 ) ;
#6615 = ORIENTED_EDGE ( 'NONE', *, *, #7996, .F. ) ;
#6616 = FACE_OUTER_BOUND ( 'NONE', #6975, .T. ) ;
#6617 = AXIS2_PLACEMENT_3D ( 'NONE', #6661, #3643, #1452 ) ;
#6618 = SURFACE_SIDE_STYLE ('',( #4162 ) ) ;
#6619 = FILL_AREA_STYLE ('',( #5211 ) ) ;
#6620 = FACE_OUTER_BOUND ( 'NONE', #3085, .T. ) ;
#6621 = AXIS2_PLACEMENT_3D ( 'NONE', #7530, #728, #1479 ) ;
#6622 =( NAMED_UNIT ( * ) SI_UNIT ( $, .STERADIAN. ) SOLID_ANGLE_UNIT ( ) );
#6623 = ORIENTED_EDGE ( 'NONE', *, *, #2312, .F. ) ;
#6624 = PRESENTATION_LAYER_ASSIGNMENT (  '', '', ( #5782 ) ) ;
#6625 = EDGE_CURVE ( 'NONE', #2296, #3971, #9363, .T. ) ;
#6626 = SURFACE_SIDE_STYLE ('',( #3315 ) ) ;
#6627 = ORIENTED_EDGE ( 'NONE', *, *, #8150, .F. ) ;
#6628 = CARTESIAN_POINT ( 'NONE',  ( -2.258578643762690685, 0.2000000000000005107, 1.599999999999999867 ) ) ;
#6629 = AXIS2_PLACEMENT_3D ( 'NONE', #3279, #8544, #9303 ) ;
#6630 =( NAMED_UNIT ( * ) PLANE_ANGLE_UNIT ( ) SI_UNIT ( $, .RADIAN. ) );
#6631 = ORIENTED_EDGE ( 'NONE', *, *, #8907, .F. ) ;
#6632 = DIRECTION ( 'NONE',  ( 0.0000000000000000000, 0.0000000000000000000, 1.000000000000000000 ) ) ;
#6633 = DIRECTION ( 'NONE',  ( 0.0000000000000000000, 0.0000000000000000000, -1.000000000000000000 ) ) ;
#6634 = SURFACE_SIDE_STYLE ('',( #4332 ) ) ;
#6635 = AXIS2_PLACEMENT_3D ( 'NONE', #8215, #8967, #8924 ) ;
#6636 = EDGE_LOOP ( 'NONE', ( #3984, #5212, #8139 ) ) ;
#6637 = ADVANCED_FACE ( 'NONE', ( #8540 ), #658, .F. ) ;
#6638 = EDGE_LOOP ( 'NONE', ( #5492, #2669 ) ) ;
#6639 = CIRCLE ( 'NONE', #2581, 0.1499999999999999667 ) ;
#6640 = DIRECTION ( 'NONE',  ( -0.0000000000000000000, -1.000000000000000000, -0.0000000000000000000 ) ) ;
#6641 = DIRECTION ( 'NONE',  ( 0.0000000000000000000, 1.000000000000000000, 0.0000000000000000000 ) ) ;
#6642 = MECHANICAL_DESIGN_GEOMETRIC_PRESENTATION_REPRESENTATION (  '', ( #2561 ), #733 ) ;
#6643 = FILL_AREA_STYLE ('',( #6667 ) ) ;
#6644 = AXIS2_PLACEMENT_3D ( 'NONE', #248, #7129, #4866 ) ;
#6645 = ORIENTED_EDGE ( 'NONE', *, *, #2276, .F. ) ;
#6646 = FACE_OUTER_BOUND ( 'NONE', #7329, .T. ) ;
#6647 = AXIS2_PLACEMENT_3D ( 'NONE', #1720, #9215, #4834 ) ;
#6648 = CIRCLE ( 'NONE', #3652, 0.1414213562373092536 ) ;
#6649 = AXIS2_PLACEMENT_3D ( 'NONE', #4270, #2745, #612 ) ;
#6650 = DIRECTION ( 'NONE',  ( 0.0000000000000000000, 0.0000000000000000000, -1.000000000000000000 ) ) ;
#6651 = CARTESIAN_POINT ( 'NONE',  ( 3.999999999999999112, 0.2000000000000005107, 4.000000000000000000 ) ) ;
#6652 = DIRECTION ( 'NONE',  ( -0.0000000000000000000, -1.000000000000000000, -0.0000000000000000000 ) ) ;
#6653 =( GEOMETRIC_REPRESENTATION_CONTEXT ( 3 ) GLOBAL_UNCERTAINTY_ASSIGNED_CONTEXT ( ( #4596 ) ) GLOBAL_UNIT_ASSIGNED_CONTEXT ( ( #9252, #977, #6271 ) ) REPRESENTATION_CONTEXT ( 'NONE', 'WORKASPACE' ) );
#6654 = ORIENTED_EDGE ( 'NONE', *, *, #5336, .F. ) ;
#6655 =( LENGTH_UNIT ( ) NAMED_UNIT ( * ) SI_UNIT ( .MILLI., .METRE. ) );
#6656 = CARTESIAN_POINT ( 'NONE',  ( 0.1414213562373101418, 0.2000000000000005107, -2.400000000000000355 ) ) ;
#6657 = SURFACE_STYLE_USAGE ( .BOTH. , #6555 ) ;
#6658 = DIRECTION ( 'NONE',  ( 0.0000000000000000000, 0.0000000000000000000, -1.000000000000000000 ) ) ;
#6659 = DIRECTION ( 'NONE',  ( 0.0000000000000000000, 0.0000000000000000000, -1.000000000000000000 ) ) ;
#6660 = AXIS2_PLACEMENT_3D ( 'NONE', #5318, #3028, #6015 ) ;
#6661 = CARTESIAN_POINT ( 'NONE',  ( -3.199999999999999734, 0.1499999999999999667, 2.400000000000000355 ) ) ;
#6662 = ORIENTED_EDGE ( 'NONE', *, *, #5206, .T. ) ;
#6663 = DIRECTION ( 'NONE',  ( 1.224646799147353207E-16, -3.540705920434613265E-31, -1.000000000000000000 ) ) ;
#6664 = UNCERTAINTY_MEASURE_WITH_UNIT (LENGTH_MEASURE( 1.000000000000000082E-05 ), #6272, 'distance_accuracy_value', 'NONE');
#6665 = DIRECTION ( 'NONE',  ( 0.0000000000000000000, -1.000000000000000000, -0.0000000000000000000 ) ) ;
#6666 = SURFACE_SIDE_STYLE ('',( #510 ) ) ;
#6667 = FILL_AREA_STYLE_COLOUR ( '', #8645 ) ;
#6668 = ORIENTED_EDGE ( 'NONE', *, *, #4893, .T. ) ;
#6669 = SPHERICAL_SURFACE ( 'NONE', #2503, 0.1499999999999999667 ) ;
#6670 = MECHANICAL_DESIGN_GEOMETRIC_PRESENTATION_REPRESENTATION (  '', ( #5263 ), #709 ) ;
#6671 =( NAMED_UNIT ( * ) PLANE_ANGLE_UNIT ( ) SI_UNIT ( $, .RADIAN. ) );
#6672 = ORIENTED_EDGE ( 'NONE', *, *, #8922, .F. ) ;
#6673 = SPHERICAL_SURFACE ( 'NONE', #36, 0.1499999999999999667 ) ;
#6674 = DIRECTION ( 'NONE',  ( 0.0000000000000000000, 0.0000000000000000000, -1.000000000000000000 ) ) ;
#6675 = DIRECTION ( 'NONE',  ( 0.0000000000000000000, 0.0000000000000000000, -1.000000000000000000 ) ) ;
#6676 = CARTESIAN_POINT ( 'NONE',  ( -3.199999999999999734, 0.1499999999999999667, 6.086346753639119761E-18 ) ) ;
#6677 = EDGE_CURVE ( 'NONE', #4206, #7189, #8776, .T. ) ;
#6678 = EDGE_LOOP ( 'NONE', ( #6773, #7904, #7356 ) ) ;
#6679 = SURFACE_STYLE_USAGE ( .BOTH. , #1380 ) ;
#6680 = ADVANCED_FACE ( 'NONE', ( #5831 ), #1514, .F. ) ;
#6681 = DIRECTION ( 'NONE',  ( 0.0000000000000000000, 0.0000000000000000000, -1.000000000000000000 ) ) ;
#6682 = EDGE_CURVE ( 'NONE', #9538, #9082, #7372, .T. ) ;
#6683 = EDGE_LOOP ( 'NONE', ( #711, #9407, #7196 ) ) ;
#6684 = SPHERICAL_SURFACE ( 'NONE', #335, 0.1499999999999999667 ) ;
#6685 = DIRECTION ( 'NONE',  ( -0.0000000000000000000, -1.000000000000000000, -0.0000000000000000000 ) ) ;
#6686 = CIRCLE ( 'NONE', #1808, 0.1499999999999999667 ) ;
#6687 = AXIS2_PLACEMENT_3D ( 'NONE', #7459, #9023, #2111 ) ;
#6688 = CARTESIAN_POINT ( 'NONE',  ( -3.199999999999999289, 0.0000000000000000000, -4.000000000000000000 ) ) ;
#6689 = DIRECTION ( 'NONE',  ( -0.0000000000000000000, -1.000000000000000000, -0.0000000000000000000 ) ) ;
#6690 = EDGE_LOOP ( 'NONE', ( #1843, #1523, #9692 ) ) ;
#6691 = DIRECTION ( 'NONE',  ( 1.000000000000000000, -2.891205793294679411E-15, 0.0000000000000000000 ) ) ;
#6692 = FACE_OUTER_BOUND ( 'NONE', #1903, .T. ) ;
#6693 = FILL_AREA_STYLE_COLOUR ( '', #2070 ) ;
#6694 = CARTESIAN_POINT ( 'NONE',  ( 8.673617379884035472E-16, 0.1499999999999999667, -1.599999999999999867 ) ) ;
#6695 = PRESENTATION_LAYER_ASSIGNMENT (  '', '', ( #1608 ) ) ;
#6696 = STYLED_ITEM ( 'NONE', ( #5644 ), #12 ) ;
#6697 = ORIENTED_EDGE ( 'NONE', *, *, #6819, .T. ) ;
#6698 = CIRCLE ( 'NONE', #6629, 0.1414213562373092536 ) ;
#6699 = DIRECTION ( 'NONE',  ( 0.0000000000000000000, 0.0000000000000000000, -1.000000000000000000 ) ) ;
#6700 = CARTESIAN_POINT ( 'NONE',  ( 3.999999999999999112, 0.0000000000000000000, 1.599999999999999867 ) ) ;
#6701 = STYLED_ITEM ( 'NONE', ( #4022 ), #2709 ) ;
#6702 = ORIENTED_EDGE ( 'NONE', *, *, #1352, .F. ) ;
#6703 = PRESENTATION_STYLE_ASSIGNMENT (( #4488 ) ) ;
#6704 = DIRECTION ( 'NONE',  ( 0.0000000000000000000, 0.0000000000000000000, -1.000000000000000000 ) ) ;
#6705 = ORIENTED_EDGE ( 'NONE', *, *, #4613, .T. ) ;
#6706 = FACE_OUTER_BOUND ( 'NONE', #1262, .T. ) ;
#6707 = CARTESIAN_POINT ( 'NONE',  ( -0.7999999999999994893, 0.1499999999999999667, 6.086346753639119761E-18 ) ) ;
#6708 = SURFACE_STYLE_FILL_AREA ( #5787 ) ;
#6709 = PLANE ( 'NONE',  #5070 ) ;
#6710 = VERTEX_POINT ( 'NONE', #9742 ) ;
#6711 = PRESENTATION_LAYER_ASSIGNMENT (  '', '', ( #2510 ) ) ;
#6712 =( LENGTH_UNIT ( ) NAMED_UNIT ( * ) SI_UNIT ( .MILLI., .METRE. ) );
#6713 = FILL_AREA_STYLE_COLOUR ( '', #6429 ) ;
#6714 = ADVANCED_BREP_SHAPE_REPRESENTATION ( 'CYUSB3065-BZXC', ( #5870, #6258, #3391, #3980, #2587, #7634, #543, #5739, #1444, #8044, #7229, #141, #6547, #4791, #8285, #2147, #2889, #9477, #4043, #3795, #9531, #7571, #5447, #7285, #9598, #7058, #265, #3216, #4228, #7175, #6728, #3337, #6315, #7765, #4530, #3503, #6058, #4854, #4727, #473, #4397, #5256, #5018, #2765, #1155, #3628, #6133, #2466, #9367, #184, #9711, #1323, #8164, #4969, #6428, #980, #1880, #8599, #9251, #9319, #9659, #3016, #6921, #5133, #314, #1043, #2035, #4279, #3082, #1265, #424, #7336, #6610, #8766, #6193, #1764, #6475, #3683, #2641, #5685, #8658, #2206, #5578, #601, #1565, #12, #3748, #4103, #1624, #4466, #7884, #720, #5997, #6868, #8466, #8345, #5522, #5088, #6794, #846, #1923, #909, #7989, #7820, #3924, #4664, #1981, #5815, #5389, #9197, #2709, #2339, #1203, #8878, #9008, #2275, #7449, #4342, #7501, #8221, #8522, #8932, #9332 ), #7838 ) ;
#6715 = FILL_AREA_STYLE ('',( #4480 ) ) ;
#6716 = DIRECTION ( 'NONE',  ( 0.0000000000000000000, 0.0000000000000000000, -1.000000000000000000 ) ) ;
#6717 = DIRECTION ( 'NONE',  ( 0.0000000000000000000, -1.000000000000000000, -0.0000000000000000000 ) ) ;
#6718 = ORIENTED_EDGE ( 'NONE', *, *, #4303, .T. ) ;
#6719 = CARTESIAN_POINT ( 'NONE',  ( -4.000000000000000000, 0.0000000000000000000, 4.000000000000000000 ) ) ;
#6720 = VERTEX_POINT ( 'NONE', #5151 ) ;
#6721 = DIRECTION ( 'NONE',  ( -1.000000000000000000, 0.0000000000000000000, 0.0000000000000000000 ) ) ;
#6722 = CIRCLE ( 'NONE', #93, 0.1414213562373096977 ) ;
#6723 = CARTESIAN_POINT ( 'NONE',  ( 4.428657199878068407E-16, 0.0000000000000000000, 6.086346753639119761E-18 ) ) ;
#6724 = ORIENTED_EDGE ( 'NONE', *, *, #3649, .T. ) ;
#6725 = VERTEX_POINT ( 'NONE', #3726 ) ;
#6726 = AXIS2_PLACEMENT_3D ( 'NONE', #2916, #5173, #3716 ) ;
#6727 = ADVANCED_FACE ( 'NONE', ( #5355 ), #9122, .T. ) ;
#6728 = MANIFOLD_SOLID_BREP ( 'Sketch-Pattern1[30]', #9392 ) ;
#6729 = AXIS2_PLACEMENT_3D ( 'NONE', #2644, #6438, #1926 ) ;
#6730 = CARTESIAN_POINT ( 'NONE',  ( -0.6585786437626902634, 0.2000000000000005107, 0.7999999999999999334 ) ) ;
#6731 = MECHANICAL_DESIGN_GEOMETRIC_PRESENTATION_REPRESENTATION (  '', ( #4127 ), #7250 ) ;
#6732 = SURFACE_SIDE_STYLE ('',( #5883 ) ) ;
#6733 = ORIENTED_EDGE ( 'NONE', *, *, #4253, .T. ) ;
#6734 = CARTESIAN_POINT ( 'NONE',  ( 3.999999999999999112, 0.1499999999999999667, -0.8000000000000003775 ) ) ;
#6735 = SPHERICAL_SURFACE ( 'NONE', #2027, 0.1499999999999999667 ) ;
#6736 = DIRECTION ( 'NONE',  ( 0.0000000000000000000, -1.000000000000000000, -0.0000000000000000000 ) ) ;
#6737 = CLOSED_SHELL ( 'NONE', ( #7624, #9131, #7696 ) ) ;
#6738 = ORIENTED_EDGE ( 'NONE', *, *, #7996, .T. ) ;
#6739 = EDGE_CURVE ( 'NONE', #3285, #9709, #1329, .T. ) ;
#6740 = ORIENTED_EDGE ( 'NONE', *, *, #9249, .T. ) ;
#6741 = DIRECTION ( 'NONE',  ( 0.0000000000000000000, 0.0000000000000000000, -1.000000000000000000 ) ) ;
#6742 = CIRCLE ( 'NONE', #2996, 0.1499999999999999667 ) ;
#6743 = CARTESIAN_POINT ( 'NONE',  ( -4.244960180005966572E-16, 0.0000000000000000000, 4.000000000000000000 ) ) ;
#6744 = EDGE_CURVE ( 'NONE', #6489, #6257, #3240, .T. ) ;
#6745 = CARTESIAN_POINT ( 'NONE',  ( -1.599999999999999867, 0.1499999999999999667, 6.086346753639119761E-18 ) ) ;
#6746 = CARTESIAN_POINT ( 'NONE',  ( 3.999999999999999112, 0.1499999999999999667, 2.400000000000000355 ) ) ;
#6747 = CARTESIAN_POINT ( 'NONE',  ( -0.7999999999999999334, 0.0000000000000000000, 3.200000000000000178 ) ) ;
#6748 = CARTESIAN_POINT ( 'NONE',  ( 2.258578643762692906, 0.2000000000000005107, -3.200000000000000622 ) ) ;
#6749 = ORIENTED_EDGE ( 'NONE', *, *, #8622, .T. ) ;
#6750 = STYLED_ITEM ( 'NONE', ( #9483 ), #9008 ) ;
#6751 =( LENGTH_UNIT ( ) NAMED_UNIT ( * ) SI_UNIT ( .MILLI., .METRE. ) );
#6752 = ORIENTED_EDGE ( 'NONE', *, *, #9549, .T. ) ;
#6753 = SPHERICAL_SURFACE ( 'NONE', #754, 0.1499999999999999667 ) ;
#6754 = STYLED_ITEM ( 'NONE', ( #4453 ), #4664 ) ;
#6755 = EDGE_CURVE ( 'NONE', #1174, #4848, #2741, .T. ) ;
#6756 = EDGE_LOOP ( 'NONE', ( #5869, #6385, #8824 ) ) ;
#6757 = SURFACE_SIDE_STYLE ('',( #5950 ) ) ;
#6758 = CARTESIAN_POINT ( 'NONE',  ( 2.600000000000000089, 0.2000000000000005107, -0.9999999999999991118 ) ) ;
#6759 = DIRECTION ( 'NONE',  ( 0.0000000000000000000, -1.000000000000000000, -0.0000000000000000000 ) ) ;
#6760 = ADVANCED_FACE ( 'NONE', ( #4282 ), #3574, .T. ) ;
#6761 = DIRECTION ( 'NONE',  ( 0.0000000000000000000, -1.000000000000000000, -0.0000000000000000000 ) ) ;
#6762 = SURFACE_STYLE_FILL_AREA ( #3079 ) ;
#6763 =( LENGTH_UNIT ( ) NAMED_UNIT ( * ) SI_UNIT ( .MILLI., .METRE. ) );
#6764 = DIRECTION ( 'NONE',  ( 1.000000000000000000, -2.891205793294679411E-15, 0.0000000000000000000 ) ) ;
#6765 = CLOSED_SHELL ( 'NONE', ( #9157, #6463, #7729 ) ) ;
#6766 = PRESENTATION_STYLE_ASSIGNMENT (( #3372 ) ) ;
#6767 =( NAMED_UNIT ( * ) PLANE_ANGLE_UNIT ( ) SI_UNIT ( $, .RADIAN. ) );
#6768 = AXIS2_PLACEMENT_3D ( 'NONE', #9505, #4035, #4064 ) ;
#6769 = SPHERICAL_SURFACE ( 'NONE', #9226, 0.1499999999999999667 ) ;
#6770 = CARTESIAN_POINT ( 'NONE',  ( -0.7999999999999994893, 0.1499999999999999667, 1.599999999999999867 ) ) ;
#6771 =( LENGTH_UNIT ( ) NAMED_UNIT ( * ) SI_UNIT ( .MILLI., .METRE. ) );
#6772 = FILL_AREA_STYLE ('',( #8904 ) ) ;
#6773 = ORIENTED_EDGE ( 'NONE', *, *, #5019, .F. ) ;
#6774 = FILL_AREA_STYLE_COLOUR ( '', #9693 ) ;
#6775 = CIRCLE ( 'NONE', #6451, 0.1414213562373092536 ) ;
#6776 = AXIS2_PLACEMENT_3D ( 'NONE', #5657, #7914, #7854 ) ;
#6777 = PLANE ( 'NONE',  #4478 ) ;
#6778 = VERTEX_POINT ( 'NONE', #174 ) ;
#6779 = AXIS2_PLACEMENT_3D ( 'NONE', #5320, #4519, #7595 ) ;
#6780 = DIRECTION ( 'NONE',  ( -0.0000000000000000000, -1.000000000000000000, -0.0000000000000000000 ) ) ;
#6781 = COLOUR_RGB ( '',0.7921568627450980005, 0.8196078431372548767, 0.9333333333333333481 ) ;
#6782 = FILL_AREA_STYLE_COLOUR ( '', #1459 ) ;
#6783 = PLANE ( 'NONE',  #9688 ) ;
#6784 = ADVANCED_FACE ( 'NONE', ( #3695 ), #7714, .F. ) ;
#6785 =( NAMED_UNIT ( * ) SI_UNIT ( $, .STERADIAN. ) SOLID_ANGLE_UNIT ( ) );
#6786 = EDGE_CURVE ( 'NONE', #4002, #3173, #3922, .T. ) ;
#6787 = PLANE ( 'NONE',  #8360 ) ;
#6788 = AXIS2_PLACEMENT_3D ( 'NONE', #2824, #4255, #5821 ) ;
#6789 = CARTESIAN_POINT ( 'NONE',  ( 2.400000000000002132, 0.1499999999999999667, -3.200000000000000622 ) ) ;
#6790 = ORIENTED_EDGE ( 'NONE', *, *, #5747, .T. ) ;
#6791 = DIRECTION ( 'NONE',  ( 0.0000000000000000000, 0.0000000000000000000, -1.000000000000000000 ) ) ;
#6792 = DIRECTION ( 'NONE',  ( -0.0000000000000000000, -1.000000000000000000, -0.0000000000000000000 ) ) ;
#6793 = DIRECTION ( 'NONE',  ( 0.0000000000000000000, 0.0000000000000000000, -1.000000000000000000 ) ) ;
#6794 = MANIFOLD_SOLID_BREP ( 'Sketch-Pattern1[98]', #6765 ) ;
#6795 = AXIS2_PLACEMENT_3D ( 'NONE', #4367, #5077, #7397 ) ;
#6796 = FILL_AREA_STYLE_COLOUR ( '', #4203 ) ;
#6797 = AXIS2_PLACEMENT_3D ( 'NONE', #2994, #9132, #6963 ) ;
#6798 =( NAMED_UNIT ( * ) PLANE_ANGLE_UNIT ( ) SI_UNIT ( $, .RADIAN. ) );
#6799 = CIRCLE ( 'NONE', #1229, 0.1499999999999999667 ) ;
#6800 = ORIENTED_EDGE ( 'NONE', *, *, #7877, .F. ) ;
#6801 = FACE_OUTER_BOUND ( 'NONE', #8852, .T. ) ;
#6802 = EDGE_CURVE ( 'NONE', #5967, #7325, #5948, .T. ) ;
#6803 = CARTESIAN_POINT ( 'NONE',  ( -2.399999999999999467, 0.2000000000000005107, 0.7999999999999999334 ) ) ;
#6804 = CARTESIAN_POINT ( 'NONE',  ( 3.200000000000000622, 0.2000000000000005107, 1.599999999999999867 ) ) ;
#6805 = ORIENTED_EDGE ( 'NONE', *, *, #3825, .F. ) ;
#6806 =( NAMED_UNIT ( * ) PLANE_ANGLE_UNIT ( ) SI_UNIT ( $, .RADIAN. ) );
#6807 = ADVANCED_FACE ( 'NONE', ( #8177 ), #3919, .F. ) ;
#6808 = EDGE_LOOP ( 'NONE', ( #9399, #2570, #5864 ) ) ;
#6809 = AXIS2_PLACEMENT_3D ( 'NONE', #1619, #6023, #1690 ) ;
#6810 = CARTESIAN_POINT ( 'NONE',  ( 5.000000000000000888, -14.14213562373094923, 5.000000000000000888 ) ) ;
#6811 = DIRECTION ( 'NONE',  ( -0.0000000000000000000, -1.000000000000000000, -0.0000000000000000000 ) ) ;
#6812 = STYLED_ITEM ( 'NONE', ( #9242 ), #6794 ) ;
#6813 = FACE_OUTER_BOUND ( 'NONE', #6310, .T. ) ;
#6814 = DIRECTION ( 'NONE',  ( 1.000000000000000000, -2.891205793294679411E-15, 0.0000000000000000000 ) ) ;
#6815 = EDGE_CURVE ( 'NONE', #552, #6725, #6205, .T. ) ;
#6816 =( LENGTH_UNIT ( ) NAMED_UNIT ( * ) SI_UNIT ( .MILLI., .METRE. ) );
#6817 = SURFACE_STYLE_USAGE ( .BOTH. , #645 ) ;
#6818 = EDGE_LOOP ( 'NONE', ( #8465, #4307, #3429 ) ) ;
#6819 = EDGE_CURVE ( 'NONE', #7454, #7786, #8997, .T. ) ;
#6820 = CIRCLE ( 'NONE', #3408, 0.1414213562373092536 ) ;
#6821 = CARTESIAN_POINT ( 'NONE',  ( 2.400000000000002132, 0.1499999999999999667, -2.400000000000000355 ) ) ;
#6822 = CARTESIAN_POINT ( 'NONE',  ( 0.8000000000000003775, 0.1499999999999999667, 3.200000000000000178 ) ) ;
#6823 = DIRECTION ( 'NONE',  ( 0.0000000000000000000, 0.0000000000000000000, -1.000000000000000000 ) ) ;
#6824 = DIRECTION ( 'NONE',  ( 0.0000000000000000000, 0.0000000000000000000, -1.000000000000000000 ) ) ;
#6825 = DIRECTION ( 'NONE',  ( 0.0000000000000000000, 0.0000000000000000000, -1.000000000000000000 ) ) ;
#6826 = CARTESIAN_POINT ( 'NONE',  ( -0.6585786437626902634, 0.2000000000000005107, -4.000000000000000000 ) ) ;
#6827 = CLOSED_SHELL ( 'NONE', ( #1600, #7639, #8734 ) ) ;
#6828 = CIRCLE ( 'NONE', #5403, 0.1414213562373092536 ) ;
#6829 = CARTESIAN_POINT ( 'NONE',  ( 8.673617379884035472E-16, 0.1499999999999999667, -4.000000000000000000 ) ) ;
#6830 = VERTEX_POINT ( 'NONE', #2427 ) ;
#6831 = ORIENTED_EDGE ( 'NONE', *, *, #2150, .T. ) ;
#6832 = COLOUR_RGB ( '',0.7921568627450980005, 0.8196078431372548767, 0.9333333333333333481 ) ;
#6833 = DIRECTION ( 'NONE',  ( -1.000000000000000000, 0.0000000000000000000, 0.0000000000000000000 ) ) ;
#6834 = AXIS2_PLACEMENT_3D ( 'NONE', #4831, #1037, #340 ) ;
#6835 = ADVANCED_FACE ( 'NONE', ( #4390 ), #7950, .T. ) ;
#6836 = ORIENTED_EDGE ( 'NONE', *, *, #8798, .T. ) ;
#6837 = FACE_OUTER_BOUND ( 'NONE', #2948, .T. ) ;
#6838 = CARTESIAN_POINT ( 'NONE',  ( -3.199999999999999734, 0.1499999999999999667, 0.7999999999999999334 ) ) ;
#6839 = VERTEX_POINT ( 'NONE', #1884 ) ;
#6840 = AXIS2_PLACEMENT_3D ( 'NONE', #9545, #7367, #488 ) ;
#6841 = PRESENTATION_LAYER_ASSIGNMENT (  '', '', ( #3090 ) ) ;
#6842 = FILL_AREA_STYLE_COLOUR ( '', #6154 ) ;
#6843 = EDGE_LOOP ( 'NONE', ( #4984, #6481, #4858 ) ) ;
#6844 = CIRCLE ( 'NONE', #4618, 0.1414213562373092536 ) ;
#6845 = EDGE_CURVE ( 'NONE', #433, #7022, #2977, .T. ) ;
#6846 = PLANE ( 'NONE',  #1810 ) ;
#6847 = ORIENTED_EDGE ( 'NONE', *, *, #1292, .F. ) ;
#6848 = AXIS2_PLACEMENT_3D ( 'NONE', #6838, #6030, #5329 ) ;
#6849 = CARTESIAN_POINT ( 'NONE',  ( 0.0000000000000000000, 0.2000000000000005107, 0.7999999999999999334 ) ) ;
#6850 = DIRECTION ( 'NONE',  ( 1.000000000000000000, -2.891205793294679411E-15, 0.0000000000000000000 ) ) ;
#6851 = UNCERTAINTY_MEASURE_WITH_UNIT (LENGTH_MEASURE( 1.000000000000000082E-05 ), #4109, 'distance_accuracy_value', 'NONE');
#6852 = SPHERICAL_SURFACE ( 'NONE', #3133, 0.1499999999999999667 ) ;
#6853 = CARTESIAN_POINT ( 'NONE',  ( 4.200000000000000178, 0.2000000000000005107, -9.000000000000000000 ) ) ;
#6854 = EDGE_LOOP ( 'NONE', ( #4852, #3839 ) ) ;
#6855 = AXIS2_PLACEMENT_3D ( 'NONE', #3355, #4104, #8534 ) ;
#6856 = CIRCLE ( 'NONE', #7032, 0.1414213562373092536 ) ;
#6857 = CARTESIAN_POINT ( 'NONE',  ( -3.199999999999999734, 0.1499999999999999667, 2.400000000000000355 ) ) ;
#6858 = ORIENTED_EDGE ( 'NONE', *, *, #4781, .F. ) ;
#6859 = CARTESIAN_POINT ( 'NONE',  ( 3.200000000000000178, 0.0000000000000000000, 0.7999999999999999334 ) ) ;
#6860 = CARTESIAN_POINT ( 'NONE',  ( 0.8000000000000012657, 0.2000000000000005107, -2.400000000000000355 ) ) ;
#6861 = ORIENTED_EDGE ( 'NONE', *, *, #7930, .T. ) ;
#6862 = ADVANCED_FACE ( 'NONE', ( #4998 ), #989, .T. ) ;
#6863 = SURFACE_STYLE_USAGE ( .BOTH. , #9139 ) ;
#6864 = CARTESIAN_POINT ( 'NONE',  ( 2.400000000000002132, 0.1499999999999999667, -1.599999999999999867 ) ) ;
#6865 = FILL_AREA_STYLE ('',( #8415 ) ) ;
#6866 = FACE_OUTER_BOUND ( 'NONE', #2925, .T. ) ;
#6867 = DIRECTION ( 'NONE',  ( 0.0000000000000000000, -1.000000000000000000, -0.0000000000000000000 ) ) ;
#6868 = MANIFOLD_SOLID_BREP ( 'Sketch-Pattern1[93]', #1091 ) ;
#6869 = DIRECTION ( 'NONE',  ( 1.000000000000000000, 0.0000000000000000000, 0.0000000000000000000 ) ) ;
#6870 = DIRECTION ( 'NONE',  ( -0.0000000000000000000, -1.000000000000000000, -0.0000000000000000000 ) ) ;
#6871 = CLOSED_SHELL ( 'NONE', ( #419, #4321, #7481 ) ) ;
#6872 = EDGE_LOOP ( 'NONE', ( #7523, #2504, #2807 ) ) ;
#6873 = FILL_AREA_STYLE ('',( #5998 ) ) ;
#6874 = STYLED_ITEM ( 'NONE', ( #918 ), #8164 ) ;
#6875 = DIRECTION ( 'NONE',  ( 0.0000000000000000000, 0.0000000000000000000, -1.000000000000000000 ) ) ;
#6876 = EDGE_CURVE ( 'NONE', #8369, #8408, #6537, .T. ) ;
#6877 = VERTEX_POINT ( 'NONE', #4340 ) ;
#6878 = SURFACE_STYLE_USAGE ( .BOTH. , #6110 ) ;
#6879 = ORIENTED_EDGE ( 'NONE', *, *, #9191, .T. ) ;
#6880 = CARTESIAN_POINT ( 'NONE',  ( -1.599999999999998979, 0.1499999999999999667, -1.599999999999999867 ) ) ;
#6881 = CIRCLE ( 'NONE', #6585, 0.1414213562373092536 ) ;
#6882 = EDGE_CURVE ( 'NONE', #2438, #3170, #4272, .T. ) ;
#6883 = DIRECTION ( 'NONE',  ( 1.224646799147353207E-16, -3.540705920434613265E-31, -1.000000000000000000 ) ) ;
#6884 =( NAMED_UNIT ( * ) PLANE_ANGLE_UNIT ( ) SI_UNIT ( $, .RADIAN. ) );
#6885 = STYLED_ITEM ( 'NONE', ( #2630 ), #9319 ) ;
#6886 = ADVANCED_FACE ( 'NONE', ( #1688 ), #3754, .F. ) ;
#6887 = EDGE_LOOP ( 'NONE', ( #7093, #8028, #7293 ) ) ;
#6888 = CIRCLE ( 'NONE', #7848, 0.1499999999999999667 ) ;
#6889 = AXIS2_PLACEMENT_3D ( 'NONE', #8398, #6995, #2410 ) ;
#6890 = FILL_AREA_STYLE ('',( #7635 ) ) ;
#6891 = FACE_OUTER_BOUND ( 'NONE', #6991, .T. ) ;
#6892 = AXIS2_PLACEMENT_3D ( 'NONE', #3201, #7037, #6190 ) ;
#6893 = DIRECTION ( 'NONE',  ( 0.0000000000000000000, 0.0000000000000000000, -1.000000000000000000 ) ) ;
#6894 = DIRECTION ( 'NONE',  ( 0.0000000000000000000, 0.0000000000000000000, -1.000000000000000000 ) ) ;
#6895 = DIRECTION ( 'NONE',  ( 0.0000000000000000000, 0.0000000000000000000, -1.000000000000000000 ) ) ;
#6896 = CARTESIAN_POINT ( 'NONE',  ( -2.399999999999999467, 0.1499999999999999667, -3.200000000000000622 ) ) ;
#6897 = DIRECTION ( 'NONE',  ( -0.0000000000000000000, -1.000000000000000000, -0.0000000000000000000 ) ) ;
#6898 = ADVANCED_FACE ( 'NONE', ( #2500 ), #2145, .F. ) ;
#6899 =( LENGTH_UNIT ( ) NAMED_UNIT ( * ) SI_UNIT ( .MILLI., .METRE. ) );
#6900 = DIRECTION ( 'NONE',  ( 0.0000000000000000000, 0.0000000000000000000, -1.000000000000000000 ) ) ;
#6901 = ORIENTED_EDGE ( 'NONE', *, *, #7885, .T. ) ;
#6902 = DIRECTION ( 'NONE',  ( 1.000000000000000000, -2.891205793294679411E-15, 0.0000000000000000000 ) ) ;
#6903 = FACE_OUTER_BOUND ( 'NONE', #7154, .T. ) ;
#6904 = DIRECTION ( 'NONE',  ( 0.0000000000000000000, 0.0000000000000000000, -1.000000000000000000 ) ) ;
#6905 = PLANE ( 'NONE',  #3692 ) ;
#6906 = PLANE ( 'NONE',  #7908 ) ;
#6907 = AXIS2_PLACEMENT_3D ( 'NONE', #2545, #5602, #6366 ) ;
#6908 = CLOSED_SHELL ( 'NONE', ( #9550, #7557, #9702 ) ) ;
#6909 = UNCERTAINTY_MEASURE_WITH_UNIT (LENGTH_MEASURE( 1.000000000000000082E-05 ), #568, 'distance_accuracy_value', 'NONE');
#6910 = SURFACE_STYLE_FILL_AREA ( #2573 ) ;
#6911 = ADVANCED_FACE ( 'NONE', ( #498 ), #6709, .F. ) ;
#6912 = CARTESIAN_POINT ( 'NONE',  ( -1.599999999999998979, 0.2000000000000005107, -1.599999999999999867 ) ) ;
#6913 = CARTESIAN_POINT ( 'NONE',  ( 2.400000000000002132, 0.2000000000000005107, -0.8000000000000003775 ) ) ;
#6914 = VECTOR ( 'NONE', #4444, 1000.000000000000000 ) ;
#6915 = STYLED_ITEM ( 'NONE', ( #2355 ), #3503 ) ;
#6916 = CARTESIAN_POINT ( 'NONE',  ( -4.141421356237308338, 0.2000000000000005107, -4.000000000000000000 ) ) ;
#6917 = ORIENTED_EDGE ( 'NONE', *, *, #7630, .T. ) ;
#6918 = PLANE ( 'NONE',  #2744 ) ;
#6919 =( LENGTH_UNIT ( ) NAMED_UNIT ( * ) SI_UNIT ( .MILLI., .METRE. ) );
#6920 = EDGE_CURVE ( 'NONE', #1845, #4002, #735, .T. ) ;
#6921 = MANIFOLD_SOLID_BREP ( 'Sketch-Pattern1[62]', #680 ) ;
#6922 = CLOSED_SHELL ( 'NONE', ( #2968, #6898, #1983 ) ) ;
#6923 = CIRCLE ( 'NONE', #5780, 0.1499999999999999667 ) ;
#6924 = DIRECTION ( 'NONE',  ( 1.000000000000000000, -2.891205793294679411E-15, 0.0000000000000000000 ) ) ;
#6925 = CARTESIAN_POINT ( 'NONE',  ( -3.058578643762690508, 0.2000000000000005107, -0.8000000000000003775 ) ) ;
#6926 = DIRECTION ( 'NONE',  ( 0.0000000000000000000, 0.0000000000000000000, -1.000000000000000000 ) ) ;
#6927 = DIRECTION ( 'NONE',  ( 1.000000000000000000, -2.891205793294679411E-15, 0.0000000000000000000 ) ) ;
#6928 = CARTESIAN_POINT ( 'NONE',  ( 1.599999999999999867, 0.1499999999999999667, 3.200000000000000178 ) ) ;
#6929 = ORIENTED_EDGE ( 'NONE', *, *, #6562, .F. ) ;
#6930 = COLOUR_RGB ( '',0.7921568627450980005, 0.8196078431372548767, 0.9333333333333333481 ) ;
#6931 = MECHANICAL_DESIGN_GEOMETRIC_PRESENTATION_REPRESENTATION (  '', ( #5897 ), #5471 ) ;
#6932 = DIRECTION ( 'NONE',  ( -1.000000000000000000, 0.0000000000000000000, 0.0000000000000000000 ) ) ;
#6933 = CARTESIAN_POINT ( 'NONE',  ( -3.858578643762689886, 0.2000000000000005107, -1.599999999999999867 ) ) ;
#6934 =( LENGTH_UNIT ( ) NAMED_UNIT ( * ) SI_UNIT ( .MILLI., .METRE. ) );
#6935 = MECHANICAL_DESIGN_GEOMETRIC_PRESENTATION_REPRESENTATION (  '', ( #3990 ), #4360 ) ;
#6936 = CARTESIAN_POINT ( 'NONE',  ( -1.599999999999999423, 0.0000000000000000000, -4.000000000000000000 ) ) ;
#6937 = ORIENTED_EDGE ( 'NONE', *, *, #537, .F. ) ;
#6938 = FACE_OUTER_BOUND ( 'NONE', #9235, .T. ) ;
#6939 = ADVANCED_FACE ( 'NONE', ( #2730 ), #5210, .F. ) ;
#6940 = EDGE_CURVE ( 'NONE', #687, #6551, #1554, .T. ) ;
#6941 = ORIENTED_EDGE ( 'NONE', *, *, #3753, .T. ) ;
#6942 = DIRECTION ( 'NONE',  ( -1.000000000000000000, 0.0000000000000000000, 0.0000000000000000000 ) ) ;
#6943 = SURFACE_STYLE_FILL_AREA ( #3065 ) ;
#6944 = DIRECTION ( 'NONE',  ( 1.224646799147353207E-16, -3.540705920434613265E-31, -1.000000000000000000 ) ) ;
#6945 = DIRECTION ( 'NONE',  ( 1.000000000000000000, -2.891205793294679411E-15, 0.0000000000000000000 ) ) ;
#6946 = DIRECTION ( 'NONE',  ( 1.224646799147353207E-16, -3.540705920434613265E-31, -1.000000000000000000 ) ) ;
#6947 = AXIS2_PLACEMENT_3D ( 'NONE', #4891, #5736, #376 ) ;
#6948 = VECTOR ( 'NONE', #4249, 1000.000000000000000 ) ;
#6949 = MECHANICAL_DESIGN_GEOMETRIC_PRESENTATION_REPRESENTATION (  '', ( #139 ), #8809 ) ;
#6950 = SURFACE_STYLE_FILL_AREA ( #101 ) ;
#6951 = AXIS2_PLACEMENT_3D ( 'NONE', #5184, #6689, #657 ) ;
#6952 = ORIENTED_EDGE ( 'NONE', *, *, #7590, .T. ) ;
#6953 = DIRECTION ( 'NONE',  ( 0.0000000000000000000, 0.0000000000000000000, -1.000000000000000000 ) ) ;
#6954 = ORIENTED_EDGE ( 'NONE', *, *, #1613, .T. ) ;
#6955 = FACE_OUTER_BOUND ( 'NONE', #1569, .T. ) ;
#6956 = CARTESIAN_POINT ( 'NONE',  ( 0.8000000000000008216, 0.0000000000000000000, -3.200000000000000622 ) ) ;
#6957 = AXIS2_PLACEMENT_3D ( 'NONE', #269, #1779, #6246 ) ;
#6958 = CARTESIAN_POINT ( 'NONE',  ( -1.458578643762690641, 0.2000000000000005107, 2.400000000000000355 ) ) ;
#6959 = EDGE_CURVE ( 'NONE', #5636, #972, #4758, .T. ) ;
#6960 =( NAMED_UNIT ( * ) PLANE_ANGLE_UNIT ( ) SI_UNIT ( $, .RADIAN. ) );
#6961 = VECTOR ( 'NONE', #6641, 1000.000000000000000 ) ;
#6962 = CARTESIAN_POINT ( 'NONE',  ( -1.458578643762690641, 0.2000000000000005107, 4.000000000000000000 ) ) ;
#6963 = DIRECTION ( 'NONE',  ( 1.000000000000000000, -2.891205793294679411E-15, 0.0000000000000000000 ) ) ;
#6964 = VERTEX_POINT ( 'NONE', #682 ) ;
#6965 = FACE_OUTER_BOUND ( 'NONE', #6082, .T. ) ;
#6966 = ORIENTED_EDGE ( 'NONE', *, *, #4642, .T. ) ;
#6967 = DIRECTION ( 'NONE',  ( 0.0000000000000000000, 0.0000000000000000000, -1.000000000000000000 ) ) ;
#6968 =( LENGTH_UNIT ( ) NAMED_UNIT ( * ) SI_UNIT ( .MILLI., .METRE. ) );
#6969 = DIRECTION ( 'NONE',  ( 1.000000000000000000, 0.0000000000000000000, 0.0000000000000000000 ) ) ;
#6970 = AXIS2_PLACEMENT_3D ( 'NONE', #9653, #5952, #5147 ) ;
#6971 =( NAMED_UNIT ( * ) PLANE_ANGLE_UNIT ( ) SI_UNIT ( $, .RADIAN. ) );
#6972 = ADVANCED_FACE ( 'NONE', ( #5942 ), #1540, .F. ) ;
#6973 = DIRECTION ( 'NONE',  ( 0.0000000000000000000, -1.000000000000000000, -0.0000000000000000000 ) ) ;
#6974 = SURFACE_STYLE_USAGE ( .BOTH. , #1581 ) ;
#6975 = EDGE_LOOP ( 'NONE', ( #1326, #6147 ) ) ;
#6976 = DIRECTION ( 'NONE',  ( 0.0000000000000000000, -1.000000000000000000, -0.0000000000000000000 ) ) ;
#6977 = DIRECTION ( 'NONE',  ( 1.000000000000000000, 0.0000000000000000000, 0.0000000000000000000 ) ) ;
#6978 = CARTESIAN_POINT ( 'NONE',  ( 3.200000000000000622, 0.1499999999999999667, 4.000000000000000000 ) ) ;
#6979 = SURFACE_STYLE_FILL_AREA ( #9282 ) ;
#6980 = AXIS2_PLACEMENT_3D ( 'NONE', #1982, #7246, #479 ) ;
#6981 = STYLED_ITEM ( 'NONE', ( #435 ), #424 ) ;
#6982 = ORIENTED_EDGE ( 'NONE', *, *, #6589, .T. ) ;
#6983 = SPHERICAL_SURFACE ( 'NONE', #2574, 0.1499999999999999667 ) ;
#6984 = DIRECTION ( 'NONE',  ( 0.0000000000000000000, 0.0000000000000000000, -1.000000000000000000 ) ) ;
#6985 = CARTESIAN_POINT ( 'NONE',  ( 0.2000000000000005107, 0.2000000000000005107, -8.199999999999999289 ) ) ;
#6986 = PLANE ( 'NONE',  #2941 ) ;
#6987 = DIRECTION ( 'NONE',  ( 0.0000000000000000000, 0.0000000000000000000, -1.000000000000000000 ) ) ;
#6988 = VERTEX_POINT ( 'NONE', #7589 ) ;
#6989 = AXIS2_PLACEMENT_3D ( 'NONE', #9145, #5289, #4558 ) ;
#6990 = ORIENTED_EDGE ( 'NONE', *, *, #8053, .F. ) ;
#6991 = EDGE_LOOP ( 'NONE', ( #6268, #4404, #9657 ) ) ;
#6992 = DIRECTION ( 'NONE',  ( -1.000000000000000000, 0.0000000000000000000, 0.0000000000000000000 ) ) ;
#6993 = UNCERTAINTY_MEASURE_WITH_UNIT (LENGTH_MEASURE( 1.000000000000000082E-05 ), #5442, 'distance_accuracy_value', 'NONE');
#6994 = EDGE_CURVE ( 'NONE', #1691, #3545, #984, .T. ) ;
#6995 = DIRECTION ( 'NONE',  ( -0.0000000000000000000, -1.000000000000000000, -0.0000000000000000000 ) ) ;
#6996 = SURFACE_STYLE_FILL_AREA ( #3327 ) ;
#6997 = AXIS2_PLACEMENT_3D ( 'NONE', #5746, #2795, #3466 ) ;
#6998 = CARTESIAN_POINT ( 'NONE',  ( -0.7999999999999994893, 0.1499999999999999667, 3.200000000000000178 ) ) ;
#6999 = COLOUR_RGB ( '',0.7921568627450980005, 0.8196078431372548767, 0.9333333333333333481 ) ;
#7000 = CARTESIAN_POINT ( 'NONE',  ( 0.8000000000000012657, 0.1499999999999999667, -0.8000000000000003775 ) ) ;
#7001 = CLOSED_SHELL ( 'NONE', ( #7867, #8040, #1659 ) ) ;
#7002 =( NAMED_UNIT ( * ) PLANE_ANGLE_UNIT ( ) SI_UNIT ( $, .RADIAN. ) );
#7003 = ORIENTED_EDGE ( 'NONE', *, *, #6607, .F. ) ;
#7004 = ADVANCED_FACE ( 'NONE', ( #1916 ), #2724, .T. ) ;
#7005 = ORIENTED_EDGE ( 'NONE', *, *, #7291, .T. ) ;
#7006 = AXIS2_PLACEMENT_3D ( 'NONE', #1413, #8, #5276 ) ;
#7007 = CARTESIAN_POINT ( 'NONE',  ( -1.600000000000000311, 0.0000000000000000000, 1.599999999999999867 ) ) ;
#7008 = FILL_AREA_STYLE ('',( #3885 ) ) ;
#7009 = CARTESIAN_POINT ( 'NONE',  ( 1.599999999999999867, 0.1499999999999999667, 0.7999999999999999334 ) ) ;
#7010 = CARTESIAN_POINT ( 'NONE',  ( 1.000000000000000888, 0.2000000000000005107, -6.599999999999998757 ) ) ;
#7011 = EDGE_LOOP ( 'NONE', ( #7240, #5990, #6039 ) ) ;
#7012 = VERTEX_POINT ( 'NONE', #5410 ) ;
#7013 = CARTESIAN_POINT ( 'NONE',  ( 0.8000000000000003775, 0.2000000000000005107, 1.599999999999999867 ) ) ;
#7014 = FACE_OUTER_BOUND ( 'NONE', #8267, .T. ) ;
#7015 = AXIS2_PLACEMENT_3D ( 'NONE', #1188, #8712, #9391 ) ;
#7016 = ORIENTED_EDGE ( 'NONE', *, *, #6049, .F. ) ;
#7017 = DIRECTION ( 'NONE',  ( 0.0000000000000000000, -1.000000000000000000, -0.0000000000000000000 ) ) ;
#7018 = DIRECTION ( 'NONE',  ( 1.000000000000000000, -2.891205793294679411E-15, 0.0000000000000000000 ) ) ;
#7019 = AXIS2_PLACEMENT_3D ( 'NONE', #3080, #1486, #6094 ) ;
#7020 = DIRECTION ( 'NONE',  ( 0.0000000000000000000, 0.0000000000000000000, -1.000000000000000000 ) ) ;
#7021 =( LENGTH_UNIT ( ) NAMED_UNIT ( * ) SI_UNIT ( .MILLI., .METRE. ) );
#7022 = VERTEX_POINT ( 'NONE', #3882 ) ;
#7023 = PRESENTATION_LAYER_ASSIGNMENT (  '', '', ( #5266 ) ) ;
#7024 = DIRECTION ( 'NONE',  ( -0.0000000000000000000, -1.000000000000000000, -0.0000000000000000000 ) ) ;
#7025 = CIRCLE ( 'NONE', #7915, 0.1499999999999999667 ) ;
#7026 = EDGE_CURVE ( 'NONE', #328, #6725, #6311, .T. ) ;
#7027 = DIRECTION ( 'NONE',  ( 0.0000000000000000000, 0.0000000000000000000, -1.000000000000000000 ) ) ;
#7028 = FILL_AREA_STYLE ('',( #9160 ) ) ;
#7029 =( NAMED_UNIT ( * ) PLANE_ANGLE_UNIT ( ) SI_UNIT ( $, .RADIAN. ) );
#7030 = EDGE_CURVE ( 'NONE', #9181, #1021, #4267, .T. ) ;
#7031 = DIRECTION ( 'NONE',  ( 1.000000000000000000, -2.891205793294679411E-15, 0.0000000000000000000 ) ) ;
#7032 = AXIS2_PLACEMENT_3D ( 'NONE', #6490, #7239, #3445 ) ;
#7033 = ORIENTED_EDGE ( 'NONE', *, *, #495, .T. ) ;
#7034 = SURFACE_STYLE_USAGE ( .BOTH. , #7121 ) ;
#7035 = FACE_OUTER_BOUND ( 'NONE', #5064, .T. ) ;
#7036 = PRESENTATION_STYLE_ASSIGNMENT (( #7704 ) ) ;
#7037 = DIRECTION ( 'NONE',  ( -0.0000000000000000000, -1.000000000000000000, -0.0000000000000000000 ) ) ;
#7038 = AXIS2_PLACEMENT_3D ( 'NONE', #4054, #8629, #9372 ) ;
#7039 = EDGE_LOOP ( 'NONE', ( #5065, #2512, #2931 ) ) ;
#7040 = CIRCLE ( 'NONE', #7785, 0.1414213562373096977 ) ;
#7041 = PRESENTATION_LAYER_ASSIGNMENT (  '', '', ( #4451 ) ) ;
#7042 = CARTESIAN_POINT ( 'NONE',  ( -0.7999999999999994893, 0.1499999999999999667, 6.086346753639119761E-18 ) ) ;
#7043 = AXIS2_PLACEMENT_3D ( 'NONE', #1587, #3112, #4532 ) ;
#7044 = DIRECTION ( 'NONE',  ( -0.0000000000000000000, -1.000000000000000000, -0.0000000000000000000 ) ) ;
#7045 = AXIS2_PLACEMENT_3D ( 'NONE', #3105, #2262, #85 ) ;
#7046 = ORIENTED_EDGE ( 'NONE', *, *, #6036, .F. ) ;
#7047 = ADVANCED_FACE ( 'NONE', ( #4509 ), #3130, .F. ) ;
#7048 = CARTESIAN_POINT ( 'NONE',  ( -3.058578643762690508, 0.2000000000000005107, 0.7999999999999999334 ) ) ;
#7049 = CARTESIAN_POINT ( 'NONE',  ( -3.999999999999999112, 0.1499999999999999667, -3.200000000000000622 ) ) ;
#7050 = DIRECTION ( 'NONE',  ( 0.0000000000000000000, -1.000000000000000000, -0.0000000000000000000 ) ) ;
#7051 =( NAMED_UNIT ( * ) SI_UNIT ( $, .STERADIAN. ) SOLID_ANGLE_UNIT ( ) );
#7052 = DIRECTION ( 'NONE',  ( -0.0000000000000000000, -1.000000000000000000, -0.0000000000000000000 ) ) ;
#7053 = AXIS2_PLACEMENT_3D ( 'NONE', #7241, #2131, #5161 ) ;
#7054 = SPHERICAL_SURFACE ( 'NONE', #414, 0.1499999999999999667 ) ;
#7055 = EDGE_LOOP ( 'NONE', ( #9140, #6007, #5981 ) ) ;
#7056 = CARTESIAN_POINT ( 'NONE',  ( 3.999999999999999112, 0.1499999999999999667, 2.400000000000000355 ) ) ;
#7057 = FACE_OUTER_BOUND ( 'NONE', #6483, .T. ) ;
#7058 = MANIFOLD_SOLID_BREP ( 'Sketch-Pattern1[25]', #5043 ) ;
#7059 = CARTESIAN_POINT ( 'NONE',  ( -1.599999999999999867, 0.2000000000000005107, 1.599999999999999867 ) ) ;
#7060 = ORIENTED_EDGE ( 'NONE', *, *, #9617, .T. ) ;
#7061 = AXIS2_PLACEMENT_3D ( 'NONE', #297, #2484, #7798 ) ;
#7062 = DIRECTION ( 'NONE',  ( 0.0000000000000000000, 0.0000000000000000000, -1.000000000000000000 ) ) ;
#7063 =( NAMED_UNIT ( * ) SI_UNIT ( $, .STERADIAN. ) SOLID_ANGLE_UNIT ( ) );
#7064 = PLANE ( 'NONE',  #4491 ) ;
#7065 = ORIENTED_EDGE ( 'NONE', *, *, #9558, .T. ) ;
#7066 = AXIS2_PLACEMENT_3D ( 'NONE', #3077, #1614, #9105 ) ;
#7067 = CARTESIAN_POINT ( 'NONE',  ( 2.400000000000002132, 0.2000000000000005107, 6.086346753639119761E-18 ) ) ;
#7068 = CARTESIAN_POINT ( 'NONE',  ( 2.400000000000002132, 0.2000000000000005107, -1.599999999999999867 ) ) ;
#7069 = SURFACE_STYLE_USAGE ( .BOTH. , #4015 ) ;
#7070 = FILL_AREA_STYLE ('',( #209 ) ) ;
#7071 = AXIS2_PLACEMENT_3D ( 'NONE', #2763, #2067, #5094 ) ;
#7072 = SURFACE_STYLE_USAGE ( .BOTH. , #5528 ) ;
#7073 = EDGE_LOOP ( 'NONE', ( #3418, #1534, #8172 ) ) ;
#7074 =( NAMED_UNIT ( * ) SI_UNIT ( $, .STERADIAN. ) SOLID_ANGLE_UNIT ( ) );
#7075 = FILL_AREA_STYLE_COLOUR ( '', #5383 ) ;
#7076 =( GEOMETRIC_REPRESENTATION_CONTEXT ( 3 ) GLOBAL_UNCERTAINTY_ASSIGNED_CONTEXT ( ( #4839 ) ) GLOBAL_UNIT_ASSIGNED_CONTEXT ( ( #1788, #3308, #4147 ) ) REPRESENTATION_CONTEXT ( 'NONE', 'WORKASPACE' ) );
#7077 = AXIS2_PLACEMENT_3D ( 'NONE', #6978, #4601, #1089 ) ;
#7078 = SPHERICAL_SURFACE ( 'NONE', #2374, 0.1499999999999999667 ) ;
#7079 = EDGE_CURVE ( 'NONE', #956, #2189, #8993, .T. ) ;
#7080 = DIRECTION ( 'NONE',  ( 1.000000000000000000, 0.0000000000000000000, 0.0000000000000000000 ) ) ;
#7081 = EDGE_LOOP ( 'NONE', ( #3244, #8577 ) ) ;
#7082 = DIRECTION ( 'NONE',  ( 0.0000000000000000000, 0.0000000000000000000, -1.000000000000000000 ) ) ;
#7083 = DIRECTION ( 'NONE',  ( 0.0000000000000000000, 0.0000000000000000000, -1.000000000000000000 ) ) ;
#7084 = ORIENTED_EDGE ( 'NONE', *, *, #5704, .F. ) ;
#7085 = CARTESIAN_POINT ( 'NONE',  ( 1.599999999999999423, 0.0000000000000000000, 4.000000000000000000 ) ) ;
#7086 = EDGE_CURVE ( 'NONE', #3756, #1931, #8057, .T. ) ;
#7087 = CARTESIAN_POINT ( 'NONE',  ( -1.599999999999999867, 0.2000000000000005107, 6.086346753639119761E-18 ) ) ;
#7088 = FACE_OUTER_BOUND ( 'NONE', #1805, .T. ) ;
#7089 = AXIS2_PLACEMENT_3D ( 'NONE', #82, #6018, #2291 ) ;
#7090 = DIRECTION ( 'NONE',  ( 0.0000000000000000000, 0.0000000000000000000, -1.000000000000000000 ) ) ;
#7091 = ORIENTED_EDGE ( 'NONE', *, *, #9127, .T. ) ;
#7092 = FACE_OUTER_BOUND ( 'NONE', #3833, .T. ) ;
#7093 = ORIENTED_EDGE ( 'NONE', *, *, #5549, .F. ) ;
#7094 = AXIS2_PLACEMENT_3D ( 'NONE', #1338, #2984, #6072 ) ;
#7095 = DIRECTION ( 'NONE',  ( 0.0000000000000000000, -1.000000000000000000, -0.0000000000000000000 ) ) ;
#7096 = ADVANCED_FACE ( 'NONE', ( #6066 ), #7064, .T. ) ;
#7097 =( GEOMETRIC_REPRESENTATION_CONTEXT ( 3 ) GLOBAL_UNCERTAINTY_ASSIGNED_CONTEXT ( ( #8706 ) ) GLOBAL_UNIT_ASSIGNED_CONTEXT ( ( #4722, #199, #4650 ) ) REPRESENTATION_CONTEXT ( 'NONE', 'WORKASPACE' ) );
#7098 = ORIENTED_EDGE ( 'NONE', *, *, #9307, .T. ) ;
#7099 = SURFACE_STYLE_FILL_AREA ( #5226 ) ;
#7100 = DIRECTION ( 'NONE',  ( 0.0000000000000000000, 0.0000000000000000000, -1.000000000000000000 ) ) ;
#7101 = DIRECTION ( 'NONE',  ( 0.0000000000000000000, 0.0000000000000000000, -1.000000000000000000 ) ) ;
#7102 = DIRECTION ( 'NONE',  ( 1.000000000000000000, -2.891205793294679411E-15, 0.0000000000000000000 ) ) ;
#7103 = CARTESIAN_POINT ( 'NONE',  ( -3.200000000000000178, 0.2000000000000005107, 4.000000000000000000 ) ) ;
#7104 = CLOSED_SHELL ( 'NONE', ( #44, #7923, #3693 ) ) ;
#7105 = CIRCLE ( 'NONE', #3094, 0.1499999999999999667 ) ;
#7106 = CIRCLE ( 'NONE', #6104, 0.1414213562373096977 ) ;
#7107 = PRESENTATION_LAYER_ASSIGNMENT (  '', '', ( #3008 ) ) ;
#7108 = ORIENTED_EDGE ( 'NONE', *, *, #7703, .T. ) ;
#7109 = ORIENTED_EDGE ( 'NONE', *, *, #3863, .F. ) ;
#7110 = UNCERTAINTY_MEASURE_WITH_UNIT (LENGTH_MEASURE( 1.000000000000000082E-05 ), #9690, 'distance_accuracy_value', 'NONE');
#7111 = CARTESIAN_POINT ( 'NONE',  ( 3.999999999999999112, 0.2000000000000005107, -2.400000000000000355 ) ) ;
#7112 = DIRECTION ( 'NONE',  ( 0.0000000000000000000, 0.0000000000000000000, -1.000000000000000000 ) ) ;
#7113 = PRESENTATION_LAYER_ASSIGNMENT (  '', '', ( #2000 ) ) ;
#7114 = EDGE_LOOP ( 'NONE', ( #730, #1996, #217 ) ) ;
#7115 = VERTEX_POINT ( 'NONE', #3305 ) ;
#7116 = EDGE_CURVE ( 'NONE', #111, #6720, #2975, .T. ) ;
#7117 = CARTESIAN_POINT ( 'NONE',  ( 3.400000000000002132, 0.2000000000000005107, -4.999999999999999112 ) ) ;
#7118 = ORIENTED_EDGE ( 'NONE', *, *, #3568, .T. ) ;
#7119 = FACE_OUTER_BOUND ( 'NONE', #3616, .T. ) ;
#7120 = AXIS2_PLACEMENT_3D ( 'NONE', #8059, #2762, #4997 ) ;
#7121 = SURFACE_SIDE_STYLE ('',( #4752 ) ) ;
#7122 = SURFACE_SIDE_STYLE ('',( #6559 ) ) ;
#7123 = CLOSED_SHELL ( 'NONE', ( #1995, #9333, #385 ) ) ;
#7124 = AXIS2_PLACEMENT_3D ( 'NONE', #3877, #9126, #2279 ) ;
#7125 = VERTEX_POINT ( 'NONE', #8539 ) ;
#7126 =( GEOMETRIC_REPRESENTATION_CONTEXT ( 3 ) GLOBAL_UNCERTAINTY_ASSIGNED_CONTEXT ( ( #3733 ) ) GLOBAL_UNIT_ASSIGNED_CONTEXT ( ( #5769, #8677, #4148 ) ) REPRESENTATION_CONTEXT ( 'NONE', 'WORKASPACE' ) );
#7127 = DIRECTION ( 'NONE',  ( -0.0000000000000000000, -1.000000000000000000, -0.0000000000000000000 ) ) ;
#7128 = DIRECTION ( 'NONE',  ( -0.0000000000000000000, -1.000000000000000000, -0.0000000000000000000 ) ) ;
#7129 = DIRECTION ( 'NONE',  ( 0.0000000000000000000, -1.000000000000000000, -0.0000000000000000000 ) ) ;
#7130 = CARTESIAN_POINT ( 'NONE',  ( 1.458578643762691529, 0.2000000000000005107, -2.400000000000000355 ) ) ;
#7131 = DIRECTION ( 'NONE',  ( 0.0000000000000000000, 0.0000000000000000000, -1.000000000000000000 ) ) ;
#7132 = EDGE_CURVE ( 'NONE', #5221, #2864, #5341, .T. ) ;
#7133 = DIRECTION ( 'NONE',  ( 0.0000000000000000000, 0.0000000000000000000, -1.000000000000000000 ) ) ;
#7134 = ORIENTED_EDGE ( 'NONE', *, *, #3023, .F. ) ;
#7135 =( NAMED_UNIT ( * ) SI_UNIT ( $, .STERADIAN. ) SOLID_ANGLE_UNIT ( ) );
#7136 = COLOUR_RGB ( '',0.7921568627450980005, 0.8196078431372548767, 0.9333333333333333481 ) ;
#7137 = STYLED_ITEM ( 'NONE', ( #9451 ), #2275 ) ;
#7138 = AXIS2_PLACEMENT_3D ( 'NONE', #7148, #4261, #7917 ) ;
#7139 = SPHERICAL_SURFACE ( 'NONE', #4086, 0.1499999999999999667 ) ;
#7140 = ADVANCED_FACE ( 'NONE', ( #4030 ), #3451, .T. ) ;
#7141 = DIRECTION ( 'NONE',  ( 0.0000000000000000000, 0.0000000000000000000, -1.000000000000000000 ) ) ;
#7142 = AXIS2_PLACEMENT_3D ( 'NONE', #6134, #6062, #6869 ) ;
#7143 = AXIS2_PLACEMENT_3D ( 'NONE', #1577, #3822, #7680 ) ;
#7144 = ORIENTED_EDGE ( 'NONE', *, *, #3753, .F. ) ;
#7145 = DIRECTION ( 'NONE',  ( -0.0000000000000000000, -1.000000000000000000, -0.0000000000000000000 ) ) ;
#7146 = COLOUR_RGB ( '',0.7921568627450980005, 0.8196078431372548767, 0.9333333333333333481 ) ;
#7147 = EDGE_CURVE ( 'NONE', #5906, #7786, #2128, .T. ) ;
#7148 = CARTESIAN_POINT ( 'NONE',  ( 4.200000000000000178, 0.2000000000000005107, -6.599999999999998757 ) ) ;
#7149 =( GEOMETRIC_REPRESENTATION_CONTEXT ( 3 ) GLOBAL_UNCERTAINTY_ASSIGNED_CONTEXT ( ( #8397 ) ) GLOBAL_UNIT_ASSIGNED_CONTEXT ( ( #4889, #7193, #1211 ) ) REPRESENTATION_CONTEXT ( 'NONE', 'WORKASPACE' ) );
#7150 = SURFACE_STYLE_USAGE ( .BOTH. , #1121 ) ;
#7151 = CARTESIAN_POINT ( 'NONE',  ( -1.741421356237308204, 0.2000000000000005107, -3.200000000000000622 ) ) ;
#7152 = ADVANCED_FACE ( 'NONE', ( #732 ), #7587, .T. ) ;
#7153 = CARTESIAN_POINT ( 'NONE',  ( -1.741421356237309093, 0.2000000000000005107, 4.000000000000000000 ) ) ;
#7154 = EDGE_LOOP ( 'NONE', ( #5669, #692, #6954 ) ) ;
#7155 = DIRECTION ( 'NONE',  ( -1.000000000000000000, 0.0000000000000000000, 0.0000000000000000000 ) ) ;
#7156 = PRESENTATION_STYLE_ASSIGNMENT (( #1548 ) ) ;
#7157 = DIRECTION ( 'NONE',  ( 0.0000000000000000000, 0.0000000000000000000, -1.000000000000000000 ) ) ;
#7158 = CIRCLE ( 'NONE', #9138, 0.1499999999999999667 ) ;
#7159 = AXIS2_PLACEMENT_3D ( 'NONE', #8329, #7507, #2271 ) ;
#7160 = DIRECTION ( 'NONE',  ( -0.0000000000000000000, -1.000000000000000000, -0.0000000000000000000 ) ) ;
#7161 = CLOSED_SHELL ( 'NONE', ( #5225, #1166, #1630 ) ) ;
#7162 =( NAMED_UNIT ( * ) SI_UNIT ( $, .STERADIAN. ) SOLID_ANGLE_UNIT ( ) );
#7163 = UNCERTAINTY_MEASURE_WITH_UNIT (LENGTH_MEASURE( 1.000000000000000082E-05 ), #2582, 'distance_accuracy_value', 'NONE');
#7164 = PRESENTATION_LAYER_ASSIGNMENT (  '', '', ( #1083 ) ) ;
#7165 = DIRECTION ( 'NONE',  ( 1.000000000000000000, -2.891205793294679411E-15, 0.0000000000000000000 ) ) ;
#7166 = ORIENTED_EDGE ( 'NONE', *, *, #1225, .T. ) ;
#7167 = FACE_OUTER_BOUND ( 'NONE', #8308, .T. ) ;
#7168 = PRESENTATION_LAYER_ASSIGNMENT (  '', '', ( #8012 ) ) ;
#7169 = AXIS2_PLACEMENT_3D ( 'NONE', #4600, #5356, #4663 ) ;
#7170 = EDGE_LOOP ( 'NONE', ( #4861, #1295, #1297 ) ) ;
#7171 = DIRECTION ( 'NONE',  ( 1.000000000000000000, -2.891205793294679411E-15, 0.0000000000000000000 ) ) ;
#7172 = EDGE_CURVE ( 'NONE', #7480, #69, #3794, .T. ) ;
#7173 = CARTESIAN_POINT ( 'NONE',  ( 3.200000000000000622, 0.1499999999999999667, -1.599999999999999867 ) ) ;
#7174 =( NAMED_UNIT ( * ) SI_UNIT ( $, .STERADIAN. ) SOLID_ANGLE_UNIT ( ) );
#7175 = MANIFOLD_SOLID_BREP ( 'Sketch-Pattern1[29]', #5204 ) ;
#7176 = DIRECTION ( 'NONE',  ( 1.000000000000000000, -2.891205793294679411E-15, 0.0000000000000000000 ) ) ;
#7177 = AXIS2_PLACEMENT_3D ( 'NONE', #8389, #6904, #7542 ) ;
#7178 = ORIENTED_EDGE ( 'NONE', *, *, #6339, .F. ) ;
#7179 = SPHERICAL_SURFACE ( 'NONE', #9596, 0.1499999999999999667 ) ;
#7180 = PLANE ( 'NONE',  #1728 ) ;
#7181 = CIRCLE ( 'NONE', #165, 0.1414213562373092536 ) ;
#7182 = PLANE ( 'NONE',  #2759 ) ;
#7183 = ORIENTED_EDGE ( 'NONE', *, *, #976, .F. ) ;
#7184 = SPHERICAL_SURFACE ( 'NONE', #8572, 0.1499999999999999667 ) ;
#7185 =( GEOMETRIC_REPRESENTATION_CONTEXT ( 3 ) GLOBAL_UNCERTAINTY_ASSIGNED_CONTEXT ( ( #1686 ) ) GLOBAL_UNIT_ASSIGNED_CONTEXT ( ( #781, #5268, #7485 ) ) REPRESENTATION_CONTEXT ( 'NONE', 'WORKASPACE' ) );
#7186 = CIRCLE ( 'NONE', #5625, 0.1499999999999999667 ) ;
#7187 = CARTESIAN_POINT ( 'NONE',  ( -0.9414213562373087152, 0.2000000000000005107, 0.7999999999999999334 ) ) ;
#7188 = ADVANCED_FACE ( 'NONE', ( #3342 ), #1315, .T. ) ;
#7189 = VERTEX_POINT ( 'NONE', #6568 ) ;
#7190 = ORIENTED_EDGE ( 'NONE', *, *, #3845, .T. ) ;
#7191 = FILL_AREA_STYLE ('',( #4244 ) ) ;
#7192 = APPLICATION_CONTEXT ( 'automotive_design' ) ;
#7193 =( NAMED_UNIT ( * ) PLANE_ANGLE_UNIT ( ) SI_UNIT ( $, .RADIAN. ) );
#7194 = DIRECTION ( 'NONE',  ( 0.0000000000000000000, 0.0000000000000000000, -1.000000000000000000 ) ) ;
#7195 = PRESENTATION_STYLE_ASSIGNMENT (( #4314 ) ) ;
#7196 = ORIENTED_EDGE ( 'NONE', *, *, #7347, .T. ) ;
#7197 = CIRCLE ( 'NONE', #1910, 0.1414213562373092536 ) ;
#7198 = AXIS2_PLACEMENT_3D ( 'NONE', #939, #3217, #8449 ) ;
#7199 = ADVANCED_FACE ( 'NONE', ( #40 ), #3690, .T. ) ;
#7200 = EDGE_LOOP ( 'NONE', ( #9300, #9161, #9537 ) ) ;
#7201 = CIRCLE ( 'NONE', #2877, 0.1499999999999999667 ) ;
#7202 = EDGE_CURVE ( 'NONE', #3490, #3448, #7946, .T. ) ;
#7203 = SURFACE_STYLE_FILL_AREA ( #4930 ) ;
#7204 = DIRECTION ( 'NONE',  ( 0.0000000000000000000, 0.0000000000000000000, -1.000000000000000000 ) ) ;
#7205 = EDGE_LOOP ( 'NONE', ( #4408, #5915, #848 ) ) ;
#7206 = EDGE_CURVE ( 'NONE', #2224, #2115, #4626, .T. ) ;
#7207 = DIRECTION ( 'NONE',  ( 1.000000000000000000, -2.891205793294679411E-15, 0.0000000000000000000 ) ) ;
#7208 = STYLED_ITEM ( 'NONE', ( #4667 ), #9197 ) ;
#7209 = CARTESIAN_POINT ( 'NONE',  ( 2.541421356237311358, 0.2000000000000005107, -2.400000000000000355 ) ) ;
#7210 = ORIENTED_EDGE ( 'NONE', *, *, #2312, .T. ) ;
#7211 = CIRCLE ( 'NONE', #3597, 0.1499999999999999667 ) ;
#7212 =( LENGTH_UNIT ( ) NAMED_UNIT ( * ) SI_UNIT ( .MILLI., .METRE. ) );
#7213 = EDGE_LOOP ( 'NONE', ( #9343, #6422, #298 ) ) ;
#7214 = CIRCLE ( 'NONE', #2732, 0.1414213562373092536 ) ;
#7215 = CARTESIAN_POINT ( 'NONE',  ( 8.673617379884035472E-16, 0.2000000000000005107, -0.8000000000000003775 ) ) ;
#7216 = EDGE_LOOP ( 'NONE', ( #3823, #5387, #4289 ) ) ;
#7217 = STYLED_ITEM ( 'NONE', ( #4669 ), #909 ) ;
#7218 = ORIENTED_EDGE ( 'NONE', *, *, #7132, .F. ) ;
#7219 = SPHERICAL_SURFACE ( 'NONE', #2707, 0.1499999999999999667 ) ;
#7220 = DIRECTION ( 'NONE',  ( 1.000000000000000000, 0.0000000000000000000, 0.0000000000000000000 ) ) ;
#7221 = SURFACE_STYLE_FILL_AREA ( #4643 ) ;
#7222 = ORIENTED_EDGE ( 'NONE', *, *, #8798, .F. ) ;
#7223 = AXIS2_PLACEMENT_3D ( 'NONE', #3329, #1066, #8508 ) ;
#7224 = CARTESIAN_POINT ( 'NONE',  ( 4.428657199878068407E-16, 0.0000000000000000000, -0.8000000000000003775 ) ) ;
#7225 = VERTEX_POINT ( 'NONE', #1993 ) ;
#7226 = CARTESIAN_POINT ( 'NONE',  ( -3.000000000000000000, 0.2000000000000005107, -2.599999999999999201 ) ) ;
#7227 = EDGE_LOOP ( 'NONE', ( #2485, #8845 ) ) ;
#7228 = DIRECTION ( 'NONE',  ( 1.000000000000000000, -2.891205793294679411E-15, 0.0000000000000000000 ) ) ;
#7229 = MANIFOLD_SOLID_BREP ( 'Sketch-Pattern1[10]', #9012 ) ;
#7230 = CIRCLE ( 'NONE', #5009, 0.1414213562373092536 ) ;
#7231 = ADVANCED_FACE ( 'NONE', ( #9113 ), #6161, .F. ) ;
#7232 = DIRECTION ( 'NONE',  ( 0.0000000000000000000, 0.0000000000000000000, -1.000000000000000000 ) ) ;
#7233 = EDGE_LOOP ( 'NONE', ( #5252, #2696, #4461 ) ) ;
#7234 = CARTESIAN_POINT ( 'NONE',  ( -2.199999999999999289, 0.2000000000000005107, -7.399999999999999467 ) ) ;
#7235 = EDGE_LOOP ( 'NONE', ( #6261, #3849 ) ) ;
#7236 = CARTESIAN_POINT ( 'NONE',  ( 3.058578643762691396, 0.2000000000000005107, -1.599999999999999867 ) ) ;
#7237 = CIRCLE ( 'NONE', #2255, 0.1414213562373092536 ) ;
#7238 = PRESENTATION_LAYER_ASSIGNMENT (  '', '', ( #4027 ) ) ;
#7239 = DIRECTION ( 'NONE',  ( -0.0000000000000000000, -1.000000000000000000, -0.0000000000000000000 ) ) ;
#7240 = ORIENTED_EDGE ( 'NONE', *, *, #5593, .F. ) ;
#7241 = CARTESIAN_POINT ( 'NONE',  ( -3.999999999999999112, 0.1499999999999999667, -0.8000000000000003775 ) ) ;
#7242 = FACE_OUTER_BOUND ( 'NONE', #7513, .T. ) ;
#7243 = ADVANCED_FACE ( 'NONE', ( #379 ), #3947, .F. ) ;
#7244 = ORIENTED_EDGE ( 'NONE', *, *, #456, .T. ) ;
#7245 = FACE_OUTER_BOUND ( 'NONE', #430, .T. ) ;
#7246 = DIRECTION ( 'NONE',  ( 0.0000000000000000000, 0.0000000000000000000, 1.000000000000000000 ) ) ;
#7247 = AXIS2_PLACEMENT_3D ( 'NONE', #6009, #2252, #4 ) ;
#7248 = CARTESIAN_POINT ( 'NONE',  ( 3.999999999999999112, 0.1499999999999999667, -2.400000000000000355 ) ) ;
#7249 = AXIS2_PLACEMENT_3D ( 'NONE', #5943, #1673, #6793 ) ;
#7250 =( GEOMETRIC_REPRESENTATION_CONTEXT ( 3 ) GLOBAL_UNCERTAINTY_ASSIGNED_CONTEXT ( ( #5124 ) ) GLOBAL_UNIT_ASSIGNED_CONTEXT ( ( #4837, #7816, #7135 ) ) REPRESENTATION_CONTEXT ( 'NONE', 'WORKASPACE' ) );
#7251 = EDGE_LOOP ( 'NONE', ( #4215, #228, #702 ) ) ;
#7252 = FACE_OUTER_BOUND ( 'NONE', #7879, .T. ) ;
#7253 = DIRECTION ( 'NONE',  ( -0.0000000000000000000, -1.000000000000000000, -0.0000000000000000000 ) ) ;
#7254 =( LENGTH_UNIT ( ) NAMED_UNIT ( * ) SI_UNIT ( .MILLI., .METRE. ) );
#7255 =( NAMED_UNIT ( * ) PLANE_ANGLE_UNIT ( ) SI_UNIT ( $, .RADIAN. ) );
#7256 = EDGE_CURVE ( 'NONE', #8236, #6964, #9091, .T. ) ;
#7257 = DIRECTION ( 'NONE',  ( -1.000000000000000000, 0.0000000000000000000, 0.0000000000000000000 ) ) ;
#7258 = EDGE_CURVE ( 'NONE', #3532, #3870, #9248, .T. ) ;
#7259 = EDGE_LOOP ( 'NONE', ( #4952, #9520, #4876 ) ) ;
#7260 = AXIS2_PLACEMENT_3D ( 'NONE', #9054, #4429, #35 ) ;
#7261 = SURFACE_STYLE_FILL_AREA ( #50 ) ;
#7262 = CARTESIAN_POINT ( 'NONE',  ( -2.400000000000000355, 0.1499999999999999667, 3.200000000000000178 ) ) ;
#7263 = CARTESIAN_POINT ( 'NONE',  ( -0.7999999999999994893, 0.2000000000000005107, -1.599999999999999867 ) ) ;
#7264 = AXIS2_PLACEMENT_3D ( 'NONE', #3159, #4614, #3232 ) ;
#7265 = EDGE_CURVE ( 'NONE', #1122, #9088, #7230, .T. ) ;
#7266 = ORIENTED_EDGE ( 'NONE', *, *, #4191, .T. ) ;
#7267 = CARTESIAN_POINT ( 'NONE',  ( 3.999999999999999112, 0.1499999999999999667, 2.400000000000000355 ) ) ;
#7268 = CIRCLE ( 'NONE', #2629, 0.1414213562373092536 ) ;
#7269 = SURFACE_STYLE_USAGE ( .BOTH. , #4422 ) ;
#7270 = CIRCLE ( 'NONE', #5344, 0.1414213562373092536 ) ;
#7271 = ADVANCED_FACE ( 'NONE', ( #6498 ), #953, .T. ) ;
#7272 = DIRECTION ( 'NONE',  ( 0.0000000000000000000, -1.000000000000000000, -0.0000000000000000000 ) ) ;
#7273 = ORIENTED_EDGE ( 'NONE', *, *, #7495, .T. ) ;
#7274 = UNCERTAINTY_MEASURE_WITH_UNIT (LENGTH_MEASURE( 1.000000000000000082E-05 ), #6712, 'distance_accuracy_value', 'NONE');
#7275 = FACE_OUTER_BOUND ( 'NONE', #5900, .T. ) ;
#7276 = CIRCLE ( 'NONE', #6601, 0.1499999999999999667 ) ;
#7277 = AXIS2_PLACEMENT_3D ( 'NONE', #4227, #4288, #8785 ) ;
#7278 = DIRECTION ( 'NONE',  ( 0.0000000000000000000, 0.0000000000000000000, 1.000000000000000000 ) ) ;
#7279 = CARTESIAN_POINT ( 'NONE',  ( 3.999999999999999112, 0.1499999999999999667, 3.200000000000000178 ) ) ;
#7280 = FACE_OUTER_BOUND ( 'NONE', #5616, .T. ) ;
#7281 = CARTESIAN_POINT ( 'NONE',  ( 3.200000000000000622, 0.1499999999999999667, 1.599999999999999867 ) ) ;
#7282 = ORIENTED_EDGE ( 'NONE', *, *, #4879, .F. ) ;
#7283 = CARTESIAN_POINT ( 'NONE',  ( 2.258578643762692906, 0.2000000000000005107, -4.000000000000000000 ) ) ;
#7284 = ADVANCED_FACE ( 'NONE', ( #3 ), #7807, .T. ) ;
#7285 = MANIFOLD_SOLID_BREP ( 'Sketch-Pattern1[23]', #7 ) ;
#7286 =( GEOMETRIC_REPRESENTATION_CONTEXT ( 3 ) GLOBAL_UNCERTAINTY_ASSIGNED_CONTEXT ( ( #8822 ) ) GLOBAL_UNIT_ASSIGNED_CONTEXT ( ( #5556, #1036, #1820 ) ) REPRESENTATION_CONTEXT ( 'NONE', 'WORKASPACE' ) );
#7287 = FILL_AREA_STYLE_COLOUR ( '', #365 ) ;
#7288 = CARTESIAN_POINT ( 'NONE',  ( -3.200000000000000178, 0.1499999999999999667, 4.000000000000000000 ) ) ;
#7289 = CIRCLE ( 'NONE', #4003, 0.1499999999999999667 ) ;
#7290 =( NAMED_UNIT ( * ) SI_UNIT ( $, .STERADIAN. ) SOLID_ANGLE_UNIT ( ) );
#7291 = EDGE_CURVE ( 'NONE', #5967, #8973, #4731, .T. ) ;
#7292 = CARTESIAN_POINT ( 'NONE',  ( 2.400000000000002132, 0.1499999999999999667, -2.400000000000000355 ) ) ;
#7293 = ORIENTED_EDGE ( 'NONE', *, *, #3317, .T. ) ;
#7294 = DIRECTION ( 'NONE',  ( 0.0000000000000000000, 0.0000000000000000000, -1.000000000000000000 ) ) ;
#7295 = AXIS2_PLACEMENT_3D ( 'NONE', #161, #7112, #7176 ) ;
#7296 = VERTEX_POINT ( 'NONE', #3169 ) ;
#7297 = ORIENTED_EDGE ( 'NONE', *, *, #1866, .T. ) ;
#7298 = CIRCLE ( 'NONE', #1760, 0.1499999999999999667 ) ;
#7299 = DIRECTION ( 'NONE',  ( 1.000000000000000000, 0.0000000000000000000, 0.0000000000000000000 ) ) ;
#7300 = SPHERICAL_SURFACE ( 'NONE', #1324, 0.1499999999999999667 ) ;
#7301 = EDGE_CURVE ( 'NONE', #636, #5631, #2938, .T. ) ;
#7302 = EDGE_LOOP ( 'NONE', ( #7976, #8371 ) ) ;
#7303 = EDGE_LOOP ( 'NONE', ( #4175, #4726, #5552 ) ) ;
#7304 = DIRECTION ( 'NONE',  ( 0.0000000000000000000, 0.0000000000000000000, -1.000000000000000000 ) ) ;
#7305 = VERTEX_POINT ( 'NONE', #4913 ) ;
#7306 = SPHERICAL_SURFACE ( 'NONE', #3280, 0.1499999999999999667 ) ;
#7307 = AXIS2_PLACEMENT_3D ( 'NONE', #1885, #4213, #1934 ) ;
#7308 = DIRECTION ( 'NONE',  ( -0.0000000000000000000, -1.000000000000000000, -0.0000000000000000000 ) ) ;
#7309 =( NAMED_UNIT ( * ) PLANE_ANGLE_UNIT ( ) SI_UNIT ( $, .RADIAN. ) );
#7310 = EDGE_LOOP ( 'NONE', ( #9327, #9302, #6879 ) ) ;
#7311 = AXIS2_PLACEMENT_3D ( 'NONE', #4738, #904, #6977 ) ;
#7312 = DIRECTION ( 'NONE',  ( 0.0000000000000000000, 0.0000000000000000000, -1.000000000000000000 ) ) ;
#7313 =( GEOMETRIC_REPRESENTATION_CONTEXT ( 3 ) GLOBAL_UNCERTAINTY_ASSIGNED_CONTEXT ( ( #1307 ) ) GLOBAL_UNIT_ASSIGNED_CONTEXT ( ( #7742, #6201, #8352 ) ) REPRESENTATION_CONTEXT ( 'NONE', 'WORKASPACE' ) );
#7314 = CLOSED_SHELL ( 'NONE', ( #7741, #7047, #4190 ) ) ;
#7315 = CIRCLE ( 'NONE', #282, 0.1499999999999999667 ) ;
#7316 =( NAMED_UNIT ( * ) PLANE_ANGLE_UNIT ( ) SI_UNIT ( $, .RADIAN. ) );
#7317 = VERTEX_POINT ( 'NONE', #397 ) ;
#7318 = ADVANCED_FACE ( 'NONE', ( #2213 ), #1106, .F. ) ;
#7319 = EDGE_CURVE ( 'NONE', #943, #1942, #5190, .T. ) ;
#7320 = CARTESIAN_POINT ( 'NONE',  ( -0.7999999999999994893, 0.2000000000000005107, -0.8000000000000003775 ) ) ;
#7321 = VERTEX_POINT ( 'NONE', #1153 ) ;
#7322 = EDGE_CURVE ( 'NONE', #4714, #2092, #4963, .T. ) ;
#7323 = SPHERICAL_SURFACE ( 'NONE', #7980, 0.1499999999999999667 ) ;
#7324 = UNCERTAINTY_MEASURE_WITH_UNIT (LENGTH_MEASURE( 1.000000000000000082E-05 ), #8873, 'distance_accuracy_value', 'NONE');
#7325 = VERTEX_POINT ( 'NONE', #7949 ) ;
#7326 = PRESENTATION_LAYER_ASSIGNMENT (  '', '', ( #4592 ) ) ;
#7327 = VERTEX_POINT ( 'NONE', #9447 ) ;
#7328 = ADVANCED_FACE ( 'NONE', ( #2575 ), #4602, .T. ) ;
#7329 = EDGE_LOOP ( 'NONE', ( #2772, #2678, #8262 ) ) ;
#7330 = SPHERICAL_SURFACE ( 'NONE', #1537, 0.1499999999999999667 ) ;
#7331 = MECHANICAL_DESIGN_GEOMETRIC_PRESENTATION_REPRESENTATION (  '', ( #1367 ), #5424 ) ;
#7332 = SURFACE_STYLE_USAGE ( .BOTH. , #3519 ) ;
#7333 = ORIENTED_EDGE ( 'NONE', *, *, #1917, .F. ) ;
#7334 = AXIS2_PLACEMENT_3D ( 'NONE', #1821, #3212, #8479 ) ;
#7335 = VERTEX_POINT ( 'NONE', #4982 ) ;
#7336 = MANIFOLD_SOLID_BREP ( 'Sketch-Pattern1[71]', #162 ) ;
#7337 = FACE_OUTER_BOUND ( 'NONE', #449, .T. ) ;
#7338 =( NAMED_UNIT ( * ) SI_UNIT ( $, .STERADIAN. ) SOLID_ANGLE_UNIT ( ) );
#7339 = AXIS2_PLACEMENT_3D ( 'NONE', #1243, #6544, #5842 ) ;
#7341 = VERTEX_POINT ( 'NONE', #3582 ) ;
#7340 = AXIS2_PLACEMENT_3D ( 'NONE', #7875, #6265, #9341 ) ;
#7342 = DIRECTION ( 'NONE',  ( -1.000000000000000000, 0.0000000000000000000, 0.0000000000000000000 ) ) ;
#7343 = CARTESIAN_POINT ( 'NONE',  ( 5.000000000000000888, 1.699999999999999956, 5.000000000000000888 ) ) ;
#7344 = DIRECTION ( 'NONE',  ( 0.0000000000000000000, 0.0000000000000000000, -1.000000000000000000 ) ) ;
#7345 = VERTEX_POINT ( 'NONE', #8880 ) ;
#7346 = DIRECTION ( 'NONE',  ( -0.0000000000000000000, -1.000000000000000000, -0.0000000000000000000 ) ) ;
#7347 = EDGE_CURVE ( 'NONE', #1892, #5661, #2693, .T. ) ;
#7348 = ORIENTED_EDGE ( 'NONE', *, *, #2917, .T. ) ;
#7349 = DIRECTION ( 'NONE',  ( -1.000000000000000000, 0.0000000000000000000, 0.0000000000000000000 ) ) ;
#7350 = CIRCLE ( 'NONE', #7790, 0.1414213562373092536 ) ;
#7351 = PRESENTATION_LAYER_ASSIGNMENT (  '', '', ( #7856 ) ) ;
#7352 = DIRECTION ( 'NONE',  ( 0.0000000000000000000, 0.0000000000000000000, -1.000000000000000000 ) ) ;
#7353 = DIRECTION ( 'NONE',  ( -0.0000000000000000000, -1.000000000000000000, -0.0000000000000000000 ) ) ;
#7354 = CARTESIAN_POINT ( 'NONE',  ( 3.999999999999999112, 0.2000000000000005107, -0.8000000000000003775 ) ) ;
#7355 = DIRECTION ( 'NONE',  ( 1.000000000000000000, -2.891205793294679411E-15, 0.0000000000000000000 ) ) ;
#7356 = ORIENTED_EDGE ( 'NONE', *, *, #5982, .T. ) ;
#7357 = PRESENTATION_LAYER_ASSIGNMENT (  '', '', ( #3299 ) ) ;
#7358 = CIRCLE ( 'NONE', #7307, 0.1414213562373092536 ) ;
#7359 = FACE_OUTER_BOUND ( 'NONE', #1154, .T. ) ;
#7360 = FACE_OUTER_BOUND ( 'NONE', #398, .T. ) ;
#7361 = DIRECTION ( 'NONE',  ( 1.000000000000000000, 0.0000000000000000000, 0.0000000000000000000 ) ) ;
#7362 = ORIENTED_EDGE ( 'NONE', *, *, #8998, .F. ) ;
#7363 = CARTESIAN_POINT ( 'NONE',  ( -2.258578643762690241, 0.2000000000000005107, -2.400000000000000355 ) ) ;
#7364 = PRESENTATION_LAYER_ASSIGNMENT (  '', '', ( #8740 ) ) ;
#7365 = ORIENTED_EDGE ( 'NONE', *, *, #8238, .F. ) ;
#7366 =( NAMED_UNIT ( * ) SI_UNIT ( $, .STERADIAN. ) SOLID_ANGLE_UNIT ( ) );
#7367 = DIRECTION ( 'NONE',  ( -0.0000000000000000000, -1.000000000000000000, -0.0000000000000000000 ) ) ;
#7368 = EDGE_CURVE ( 'NONE', #4737, #9479, #9534, .T. ) ;
#7369 = DIRECTION ( 'NONE',  ( 0.0000000000000000000, -1.000000000000000000, -0.0000000000000000000 ) ) ;
#7370 = ADVANCED_FACE ( 'NONE', ( #700 ), #8256, .T. ) ;
#7371 = DIRECTION ( 'NONE',  ( 0.0000000000000000000, 0.0000000000000000000, 1.000000000000000000 ) ) ;
#7372 = CIRCLE ( 'NONE', #6621, 0.1414213562373092536 ) ;
#7373 = EDGE_CURVE ( 'NONE', #5540, #6158, #3424, .T. ) ;
#7374 = FACE_OUTER_BOUND ( 'NONE', #168, .T. ) ;
#7375 = SURFACE_STYLE_USAGE ( .BOTH. , #6626 ) ;
#7376 = ORIENTED_EDGE ( 'NONE', *, *, #1505, .T. ) ;
#7377 = SURFACE_SIDE_STYLE ('',( #7607 ) ) ;
#7378 = DIRECTION ( 'NONE',  ( 0.0000000000000000000, 0.0000000000000000000, 1.000000000000000000 ) ) ;
#7379 = PRESENTATION_LAYER_ASSIGNMENT (  '', '', ( #6885 ) ) ;
#7380 = CARTESIAN_POINT ( 'NONE',  ( 3.400000000000000355, 0.2000000000000005107, -1.799999999999999156 ) ) ;
#7381 = CARTESIAN_POINT ( 'NONE',  ( 1.458578643762690641, 0.2000000000000005107, 0.7999999999999999334 ) ) ;
#7382 = FILL_AREA_STYLE ('',( #4386 ) ) ;
#7383 = ORIENTED_EDGE ( 'NONE', *, *, #1318, .F. ) ;
#7384 = FACE_OUTER_BOUND ( 'NONE', #1347, .T. ) ;
#7385 = DIRECTION ( 'NONE',  ( 1.000000000000000000, -2.891205793294679411E-15, 0.0000000000000000000 ) ) ;
#7386 = AXIS2_PLACEMENT_3D ( 'NONE', #2612, #1869, #2639 ) ;
#7387 = DIRECTION ( 'NONE',  ( 0.0000000000000000000, -0.0000000000000000000, 1.000000000000000000 ) ) ;
#7388 = STYLED_ITEM ( 'NONE', ( #2766 ), #846 ) ;
#7389 = CLOSED_SHELL ( 'NONE', ( #2437, #3903, #6215 ) ) ;
#7390 = UNCERTAINTY_MEASURE_WITH_UNIT (LENGTH_MEASURE( 1.000000000000000082E-05 ), #1299, 'distance_accuracy_value', 'NONE');
#7391 = FACE_OUTER_BOUND ( 'NONE', #9498, .T. ) ;
#7392 =( GEOMETRIC_REPRESENTATION_CONTEXT ( 3 ) GLOBAL_UNCERTAINTY_ASSIGNED_CONTEXT ( ( #2949 ) ) GLOBAL_UNIT_ASSIGNED_CONTEXT ( ( #5227, #704, #2198 ) ) REPRESENTATION_CONTEXT ( 'NONE', 'WORKASPACE' ) );
#7393 = DIRECTION ( 'NONE',  ( 1.224646799147353207E-16, -3.540705920434613265E-31, -1.000000000000000000 ) ) ;
#7394 = DIRECTION ( 'NONE',  ( 0.0000000000000000000, 0.0000000000000000000, 1.000000000000000000 ) ) ;
#7395 = ORIENTED_EDGE ( 'NONE', *, *, #560, .T. ) ;
#7396 = CIRCLE ( 'NONE', #304, 0.1499999999999999667 ) ;
#7397 = DIRECTION ( 'NONE',  ( 0.0000000000000000000, 0.0000000000000000000, -1.000000000000000000 ) ) ;
#7398 = AXIS2_PLACEMENT_3D ( 'NONE', #4163, #9433, #8755 ) ;
#7399 = FILL_AREA_STYLE_COLOUR ( '', #3361 ) ;
#7400 = SURFACE_SIDE_STYLE ('',( #8975 ) ) ;
#7401 = CARTESIAN_POINT ( 'NONE',  ( -1.599999999999999867, 0.1499999999999999667, -0.8000000000000003775 ) ) ;
#7402 = COLOUR_RGB ( '',0.7921568627450980005, 0.8196078431372548767, 0.9333333333333333481 ) ;
#7403 = ORIENTED_EDGE ( 'NONE', *, *, #1919, .F. ) ;
#7404 = VERTEX_POINT ( 'NONE', #5075 ) ;
#7405 = DIRECTION ( 'NONE',  ( -1.000000000000000000, 0.0000000000000000000, 0.0000000000000000000 ) ) ;
#7406 = SPHERICAL_SURFACE ( 'NONE', #472, 0.1499999999999999667 ) ;
#7407 = CARTESIAN_POINT ( 'NONE',  ( -0.6585786437626902634, 0.2000000000000005107, 1.599999999999999867 ) ) ;
#7408 =( LENGTH_UNIT ( ) NAMED_UNIT ( * ) SI_UNIT ( .MILLI., .METRE. ) );
#7409 = FILL_AREA_STYLE_COLOUR ( '', #6781 ) ;
#7410 = ORIENTED_EDGE ( 'NONE', *, *, #1219, .F. ) ;
#7411 = ORIENTED_EDGE ( 'NONE', *, *, #5658, .T. ) ;
#7412 = CARTESIAN_POINT ( 'NONE',  ( -1.741421356237308204, 0.2000000000000005107, -2.400000000000000355 ) ) ;
#7413 = DIRECTION ( 'NONE',  ( 0.0000000000000000000, 0.0000000000000000000, 1.000000000000000000 ) ) ;
#7414 = CIRCLE ( 'NONE', #1705, 0.1414213562373092536 ) ;
#7415 = ADVANCED_FACE ( 'NONE', ( #9428 ), #5311, .T. ) ;
#7416 = EDGE_LOOP ( 'NONE', ( #8480, #6387, #395 ) ) ;
#7417 = FACE_OUTER_BOUND ( 'NONE', #2653, .T. ) ;
#7418 = AXIS2_PLACEMENT_3D ( 'NONE', #5613, #2520, #4111 ) ;
#7419 = CARTESIAN_POINT ( 'NONE',  ( 3.200000000000000622, 0.1499999999999999667, 6.086346753639119761E-18 ) ) ;
#7420 = ORIENTED_EDGE ( 'NONE', *, *, #7828, .T. ) ;
#7421 = CARTESIAN_POINT ( 'NONE',  ( 1.000000000000000000, 0.2000000000000005107, -0.9999999999999991118 ) ) ;
#7422 = EDGE_CURVE ( 'NONE', #5738, #2192, #7551, .T. ) ;
#7423 = CARTESIAN_POINT ( 'NONE',  ( 0.8000000000000003775, 0.1499999999999999667, 1.599999999999999867 ) ) ;
#7424 = ORIENTED_EDGE ( 'NONE', *, *, #7930, .F. ) ;
#7425 = SPHERICAL_SURFACE ( 'NONE', #1938, 0.1499999999999999667 ) ;
#7426 = CARTESIAN_POINT ( 'NONE',  ( -4.000000000000000000, 0.0000000000000000000, 3.200000000000000178 ) ) ;
#7427 = ORIENTED_EDGE ( 'NONE', *, *, #2726, .T. ) ;
#7428 = AXIS2_PLACEMENT_3D ( 'NONE', #7871, #1850, #1131 ) ;
#7429 = DIRECTION ( 'NONE',  ( 1.000000000000000000, -2.891205793294679411E-15, 0.0000000000000000000 ) ) ;
#7430 = VERTEX_POINT ( 'NONE', #2983 ) ;
#7431 = DIRECTION ( 'NONE',  ( 0.0000000000000000000, 0.0000000000000000000, 1.000000000000000000 ) ) ;
#7432 = VERTEX_POINT ( 'NONE', #1371 ) ;
#7433 = DIRECTION ( 'NONE',  ( -0.0000000000000000000, -1.000000000000000000, -0.0000000000000000000 ) ) ;
#7434 = AXIS2_PLACEMENT_3D ( 'NONE', #9621, #4310, #691 ) ;
#7435 = SPHERICAL_SURFACE ( 'NONE', #8247, 0.1499999999999999667 ) ;
#7436 = VERTEX_POINT ( 'NONE', #5934 ) ;
#7437 = EDGE_CURVE ( 'NONE', #5863, #285, #1522, .T. ) ;
#7438 = UNCERTAINTY_MEASURE_WITH_UNIT (LENGTH_MEASURE( 1.000000000000000082E-05 ), #7488, 'distance_accuracy_value', 'NONE');
#7439 = VERTEX_POINT ( 'NONE', #4366 ) ;
#7440 = DIRECTION ( 'NONE',  ( 0.0000000000000000000, -1.000000000000000000, -0.0000000000000000000 ) ) ;
#7441 = DIRECTION ( 'NONE',  ( -1.000000000000000000, 0.0000000000000000000, 0.0000000000000000000 ) ) ;
#7442 = DIRECTION ( 'NONE',  ( 0.0000000000000000000, 0.0000000000000000000, -1.000000000000000000 ) ) ;
#7443 = EDGE_LOOP ( 'NONE', ( #2492, #3313, #7735 ) ) ;
#7444 = ADVANCED_FACE ( 'NONE', ( #3533 ), #4470, .T. ) ;
#7445 = DIRECTION ( 'NONE',  ( -0.0000000000000000000, -1.000000000000000000, -0.0000000000000000000 ) ) ;
#7446 = PRODUCT_RELATED_PRODUCT_CATEGORY ( 'part', '', ( #2833 ) ) ;
#7447 = VERTEX_POINT ( 'NONE', #5968 ) ;
#7448 = ORIENTED_EDGE ( 'NONE', *, *, #3045, .T. ) ;
#7449 = MANIFOLD_SOLID_BREP ( 'Sketch-Pattern1[116]', #8882 ) ;
#7450 = CIRCLE ( 'NONE', #2072, 0.1499999999999999667 ) ;
#7451 = FILL_AREA_STYLE ('',( #5196 ) ) ;
#7452 = DIRECTION ( 'NONE',  ( 0.0000000000000000000, 0.0000000000000000000, -1.000000000000000000 ) ) ;
#7453 = PLANE ( 'NONE',  #7465 ) ;
#7454 = VERTEX_POINT ( 'NONE', #8264 ) ;
#7455 = AXIS2_PLACEMENT_3D ( 'NONE', #7009, #118, #6128 ) ;
#7456 = DIRECTION ( 'NONE',  ( 1.000000000000000000, -2.891205793294679411E-15, 0.0000000000000000000 ) ) ;
#7457 = ORIENTED_EDGE ( 'NONE', *, *, #835, .T. ) ;
#7458 = SPHERICAL_SURFACE ( 'NONE', #7584, 0.1499999999999999667 ) ;
#7459 = CARTESIAN_POINT ( 'NONE',  ( 8.673617379884035472E-16, 0.2000000000000005107, -1.599999999999999867 ) ) ;
#7460 = STYLED_ITEM ( 'NONE', ( #4742 ), #3016 ) ;
#7461 = CARTESIAN_POINT ( 'NONE',  ( -1.599999999999998979, 0.1499999999999999667, -4.000000000000000000 ) ) ;
#7462 = ADVANCED_FACE ( 'NONE', ( #9322 ), #7330, .T. ) ;
#7463 = DIRECTION ( 'NONE',  ( 0.0000000000000000000, 0.0000000000000000000, -1.000000000000000000 ) ) ;
#7464 = EDGE_CURVE ( 'NONE', #8613, #2586, #8728, .T. ) ;
#7465 = AXIS2_PLACEMENT_3D ( 'NONE', #7421, #6736, #8944 ) ;
#7466 = ORIENTED_EDGE ( 'NONE', *, *, #3091, .T. ) ;
#7467 = PRESENTATION_STYLE_ASSIGNMENT (( #3824 ) ) ;
#7468 = DIRECTION ( 'NONE',  ( 0.0000000000000000000, 0.0000000000000000000, -1.000000000000000000 ) ) ;
#7469 = CIRCLE ( 'NONE', #9271, 0.1414213562373092536 ) ;
#7470 = FILL_AREA_STYLE ('',( #6713 ) ) ;
#7471 = DIRECTION ( 'NONE',  ( 1.000000000000000000, 0.0000000000000000000, 0.0000000000000000000 ) ) ;
#7472 = DIRECTION ( 'NONE',  ( -1.000000000000000000, 0.0000000000000000000, 0.0000000000000000000 ) ) ;
#7473 = AXIS2_PLACEMENT_3D ( 'NONE', #8790, #5156, #7387 ) ;
#7474 = AXIS2_PLACEMENT_3D ( 'NONE', #5346, #3172, #857 ) ;
#7475 = CARTESIAN_POINT ( 'NONE',  ( 8.673617379884035472E-16, 0.2000000000000005107, -4.000000000000000000 ) ) ;
#7476 = STYLED_ITEM ( 'NONE', ( #2620 ), #6921 ) ;
#7477 = VERTEX_POINT ( 'NONE', #9118 ) ;
#7478 = CARTESIAN_POINT ( 'NONE',  ( 3.200000000000000178, 0.0000000000000000000, 6.086346753639119761E-18 ) ) ;
#7479 = DIRECTION ( 'NONE',  ( 1.224646799147353207E-16, -3.540705920434613265E-31, -1.000000000000000000 ) ) ;
#7480 = VERTEX_POINT ( 'NONE', #5304 ) ;
#7481 = ADVANCED_FACE ( 'NONE', ( #9201 ), #6735, .T. ) ;
#7482 = AXIS2_PLACEMENT_3D ( 'NONE', #9712, #1325, #6633 ) ;
#7483 = CARTESIAN_POINT ( 'NONE',  ( 0.0000000000000000000, 0.1499999999999999667, 2.400000000000000355 ) ) ;
#7484 = AXIS2_PLACEMENT_3D ( 'NONE', #9103, #9239, #1684 ) ;
#7485 =( NAMED_UNIT ( * ) SI_UNIT ( $, .STERADIAN. ) SOLID_ANGLE_UNIT ( ) );
#7486 = DIRECTION ( 'NONE',  ( -0.0000000000000000000, -1.000000000000000000, -0.0000000000000000000 ) ) ;
#7487 = CIRCLE ( 'NONE', #4851, 0.1499999999999999667 ) ;
#7488 =( LENGTH_UNIT ( ) NAMED_UNIT ( * ) SI_UNIT ( .MILLI., .METRE. ) );
#7489 = EDGE_CURVE ( 'NONE', #6140, #2952, #5902, .T. ) ;
#7490 = ORIENTED_EDGE ( 'NONE', *, *, #6254, .F. ) ;
#7491 = DIRECTION ( 'NONE',  ( 1.000000000000000000, 0.0000000000000000000, 0.0000000000000000000 ) ) ;
#7492 = CIRCLE ( 'NONE', #2367, 0.1499999999999999667 ) ;
#7493 = DIRECTION ( 'NONE',  ( -1.000000000000000000, 0.0000000000000000000, 0.0000000000000000000 ) ) ;
#7494 = CARTESIAN_POINT ( 'NONE',  ( 2.400000000000002132, 0.1499999999999999667, -0.8000000000000003775 ) ) ;
#7495 = EDGE_CURVE ( 'NONE', #5861, #6455, #5180, .T. ) ;
#7496 = ORIENTED_EDGE ( 'NONE', *, *, #8364, .T. ) ;
#7497 = DIRECTION ( 'NONE',  ( -0.0000000000000000000, -1.000000000000000000, -0.0000000000000000000 ) ) ;
#7498 = SPHERICAL_SURFACE ( 'NONE', #5711, 0.1499999999999999667 ) ;
#7499 = AXIS2_PLACEMENT_3D ( 'NONE', #2537, #6424, #1861 ) ;
#7500 = VERTEX_POINT ( 'NONE', #5366 ) ;
#7501 = MANIFOLD_SOLID_BREP ( 'Sketch-Pattern1[118]', #9275 ) ;
#7502 = CARTESIAN_POINT ( 'NONE',  ( 1.600000000000000755, 0.1499999999999999667, -2.400000000000000355 ) ) ;
#7503 = LINE ( 'NONE', #8682, #6948 ) ;
#7504 = AXIS2_PLACEMENT_3D ( 'NONE', #3668, #2934, #53 ) ;
#7505 = ADVANCED_FACE ( 'NONE', ( #7685 ), #881, .F. ) ;
#7506 = EDGE_LOOP ( 'NONE', ( #348, #6800 ) ) ;
#7507 = DIRECTION ( 'NONE',  ( 0.0000000000000000000, -1.000000000000000000, -0.0000000000000000000 ) ) ;
#7508 = STYLED_ITEM ( 'NONE', ( #1946 ), #5870 ) ;
#7509 = EDGE_LOOP ( 'NONE', ( #4293, #7661, #9654 ) ) ;
#7510 = CIRCLE ( 'NONE', #1216, 0.1414213562373092536 ) ;
#7511 = EDGE_CURVE ( 'NONE', #5631, #636, #6014, .T. ) ;
#7512 = ORIENTED_EDGE ( 'NONE', *, *, #9602, .F. ) ;
#7513 = EDGE_LOOP ( 'NONE', ( #3549, #7686 ) ) ;
#7514 = SURFACE_STYLE_FILL_AREA ( #277 ) ;
#7515 = CARTESIAN_POINT ( 'NONE',  ( -2.199999999999999734, 0.2000000000000005107, -2.599999999999999201 ) ) ;
#7516 = PRESENTATION_LAYER_ASSIGNMENT (  '', '', ( #2249 ) ) ;
#7517 = DIRECTION ( 'NONE',  ( 1.224646799147353207E-16, -3.540705920434613265E-31, -1.000000000000000000 ) ) ;
#7518 = CARTESIAN_POINT ( 'NONE',  ( -4.000000000000000000, 0.1499999999999999667, 3.200000000000000178 ) ) ;
#7519 = SPHERICAL_SURFACE ( 'NONE', #4407, 0.1499999999999999667 ) ;
#7520 = DIRECTION ( 'NONE',  ( 1.000000000000000000, 0.0000000000000000000, 0.0000000000000000000 ) ) ;
#7521 = DIRECTION ( 'NONE',  ( 1.224646799147353207E-16, -3.540705920434613265E-31, -1.000000000000000000 ) ) ;
#7522 = ORIENTED_EDGE ( 'NONE', *, *, #6254, .T. ) ;
#7523 = ORIENTED_EDGE ( 'NONE', *, *, #9494, .F. ) ;
#7524 = AXIS2_PLACEMENT_3D ( 'NONE', #9261, #4782, #329 ) ;
#7525 = CARTESIAN_POINT ( 'NONE',  ( -0.9414213562373087152, 0.2000000000000005107, -1.123277437107073856E-17 ) ) ;
#7526 = SURFACE_STYLE_USAGE ( .BOTH. , #7377 ) ;
#7527 = DIRECTION ( 'NONE',  ( 0.0000000000000000000, 0.0000000000000000000, -1.000000000000000000 ) ) ;
#7528 = DIRECTION ( 'NONE',  ( 0.0000000000000000000, -1.000000000000000000, -0.0000000000000000000 ) ) ;
#7529 = ADVANCED_FACE ( 'NONE', ( #3992 ), #4676, .F. ) ;
#7530 = CARTESIAN_POINT ( 'NONE',  ( -2.399999999999999467, 0.2000000000000005107, -1.599999999999999867 ) ) ;
#7531 = EDGE_LOOP ( 'NONE', ( #9547, #5700 ) ) ;
#7532 = CIRCLE ( 'NONE', #4096, 0.1414213562373092536 ) ;
#7533 =( NAMED_UNIT ( * ) PLANE_ANGLE_UNIT ( ) SI_UNIT ( $, .RADIAN. ) );
#7534 = DIRECTION ( 'NONE',  ( 0.0000000000000000000, 0.0000000000000000000, -1.000000000000000000 ) ) ;
#7535 = ORIENTED_EDGE ( 'NONE', *, *, #4049, .F. ) ;
#7536 = PLANE ( 'NONE',  #1533 ) ;
#7537 = COLOUR_RGB ( '',0.7921568627450980005, 0.8196078431372548767, 0.9333333333333333481 ) ;
#7538 = EDGE_LOOP ( 'NONE', ( #4149, #8605 ) ) ;
#7539 = AXIS2_PLACEMENT_3D ( 'NONE', #3103, #4695, #7597 ) ;
#7540 = VERTEX_POINT ( 'NONE', #2378 ) ;
#7541 = AXIS2_PLACEMENT_3D ( 'NONE', #9362, #3365, #4113 ) ;
#7542 = DIRECTION ( 'NONE',  ( 1.000000000000000000, -2.891205793294679411E-15, 0.0000000000000000000 ) ) ;
#7543 = PRESENTATION_LAYER_ASSIGNMENT (  '', '', ( #770 ) ) ;
#7544 = DIRECTION ( 'NONE',  ( 0.0000000000000000000, 0.0000000000000000000, -1.000000000000000000 ) ) ;
#7545 = ORIENTED_EDGE ( 'NONE', *, *, #5073, .F. ) ;
#7546 = EDGE_CURVE ( 'NONE', #8821, #6964, #1173, .T. ) ;
#7547 = CIRCLE ( 'NONE', #7863, 0.1414213562373092536 ) ;
#7548 = DIRECTION ( 'NONE',  ( 1.000000000000000000, 0.0000000000000000000, 0.0000000000000000000 ) ) ;
#7549 = EDGE_CURVE ( 'NONE', #6877, #5313, #236, .T. ) ;
#7550 = DIRECTION ( 'NONE',  ( 1.000000000000000000, -2.891205793294679411E-15, 0.0000000000000000000 ) ) ;
#7551 = CIRCLE ( 'NONE', #3180, 0.1499999999999999667 ) ;
#7552 = FILL_AREA_STYLE ('',( #4434 ) ) ;
#7553 = ORIENTED_EDGE ( 'NONE', *, *, #1160, .T. ) ;
#7554 = UNCERTAINTY_MEASURE_WITH_UNIT (LENGTH_MEASURE( 1.000000000000000082E-05 ), #4424, 'distance_accuracy_value', 'NONE');
#7555 = ORIENTED_EDGE ( 'NONE', *, *, #1524, .T. ) ;
#7556 =( GEOMETRIC_REPRESENTATION_CONTEXT ( 3 ) GLOBAL_UNCERTAINTY_ASSIGNED_CONTEXT ( ( #9048 ) ) GLOBAL_UNIT_ASSIGNED_CONTEXT ( ( #5712, #5748, #6485 ) ) REPRESENTATION_CONTEXT ( 'NONE', 'WORKASPACE' ) );
#7557 = ADVANCED_FACE ( 'NONE', ( #2679 ), #5476, .F. ) ;
#7558 = SURFACE_STYLE_USAGE ( .BOTH. , #3694 ) ;
#7559 = EDGE_LOOP ( 'NONE', ( #1664, #2553, #9058 ) ) ;
#7560 = EDGE_CURVE ( 'NONE', #539, #6830, #1508, .T. ) ;
#7561 = DIRECTION ( 'NONE',  ( 0.0000000000000000000, 0.0000000000000000000, -1.000000000000000000 ) ) ;
#7562 = EDGE_LOOP ( 'NONE', ( #7183, #6281, #5375 ) ) ;
#7563 =( GEOMETRIC_REPRESENTATION_CONTEXT ( 3 ) GLOBAL_UNCERTAINTY_ASSIGNED_CONTEXT ( ( #9305 ) ) GLOBAL_UNIT_ASSIGNED_CONTEXT ( ( #2327, #6231, #3106 ) ) REPRESENTATION_CONTEXT ( 'NONE', 'WORKASPACE' ) );
#7564 = FILL_AREA_STYLE ('',( #3758 ) ) ;
#7565 = CARTESIAN_POINT ( 'NONE',  ( -1.599999999999999423, 0.0000000000000000000, -1.599999999999999867 ) ) ;
#7566 = CARTESIAN_POINT ( 'NONE',  ( -3.199999999999999734, 0.1499999999999999667, -0.8000000000000003775 ) ) ;
#7567 = DIRECTION ( 'NONE',  ( 0.0000000000000000000, 0.0000000000000000000, -1.000000000000000000 ) ) ;
#7568 = STYLED_ITEM ( 'NONE', ( #1620 ), #141 ) ;
#7569 = EDGE_LOOP ( 'NONE', ( #2606, #5519, #1658 ) ) ;
#7570 = ADVANCED_FACE ( 'NONE', ( #4951 ), #7792, .F. ) ;
#7571 = MANIFOLD_SOLID_BREP ( 'Sketch-Pattern1[21]', #8678 ) ;
#7572 =( NAMED_UNIT ( * ) PLANE_ANGLE_UNIT ( ) SI_UNIT ( $, .RADIAN. ) );
#7573 = DIRECTION ( 'NONE',  ( 0.0000000000000000000, 0.0000000000000000000, 1.000000000000000000 ) ) ;
#7574 = SURFACE_SIDE_STYLE ('',( #7099 ) ) ;
#7575 = DIRECTION ( 'NONE',  ( 0.0000000000000000000, 0.0000000000000000000, 1.000000000000000000 ) ) ;
#7576 = ORIENTED_EDGE ( 'NONE', *, *, #4931, .F. ) ;
#7577 = DIRECTION ( 'NONE',  ( 0.0000000000000000000, 0.0000000000000000000, -1.000000000000000000 ) ) ;
#7578 = FACE_OUTER_BOUND ( 'NONE', #6818, .T. ) ;
#7579 =( GEOMETRIC_REPRESENTATION_CONTEXT ( 3 ) GLOBAL_UNCERTAINTY_ASSIGNED_CONTEXT ( ( #6248 ) ) GLOBAL_UNIT_ASSIGNED_CONTEXT ( ( #5472, #9188, #6243 ) ) REPRESENTATION_CONTEXT ( 'NONE', 'WORKASPACE' ) );
#7580 = SPHERICAL_SURFACE ( 'NONE', #2158, 0.1499999999999999667 ) ;
#7581 = ADVANCED_FACE ( 'NONE', ( #3419 ), #1974, .T. ) ;
#7582 = CARTESIAN_POINT ( 'NONE',  ( -4.000000000000000000, 0.1499999999999999667, 3.200000000000000178 ) ) ;
#7583 = ORIENTED_EDGE ( 'NONE', *, *, #5917, .F. ) ;
#7584 = AXIS2_PLACEMENT_3D ( 'NONE', #7973, #3344, #6449 ) ;
#7585 =( NAMED_UNIT ( * ) PLANE_ANGLE_UNIT ( ) SI_UNIT ( $, .RADIAN. ) );
#7586 = FACE_OUTER_BOUND ( 'NONE', #2703, .T. ) ;
#7587 = SPHERICAL_SURFACE ( 'NONE', #154, 0.1499999999999999667 ) ;
#7588 = CARTESIAN_POINT ( 'NONE',  ( -3.199999999999999289, 0.1499999999999999667, -2.400000000000000355 ) ) ;
#7589 = CARTESIAN_POINT ( 'NONE',  ( 3.058578643762691396, 0.2000000000000005107, -3.200000000000000622 ) ) ;
#7590 = EDGE_CURVE ( 'NONE', #4336, #2775, #1767, .T. ) ;
#7591 = AXIS2_PLACEMENT_3D ( 'NONE', #1891, #2635, #8689 ) ;
#7592 = CARTESIAN_POINT ( 'NONE',  ( 3.200000000000000622, 0.1499999999999999667, -2.400000000000000355 ) ) ;
#7593 = ORIENTED_EDGE ( 'NONE', *, *, #3630, .F. ) ;
#7594 = CIRCLE ( 'NONE', #5733, 0.1414213562373092536 ) ;
#7595 = DIRECTION ( 'NONE',  ( 0.0000000000000000000, 0.0000000000000000000, -1.000000000000000000 ) ) ;
#7596 = FILL_AREA_STYLE ('',( #3137 ) ) ;
#7597 = DIRECTION ( 'NONE',  ( 1.000000000000000000, -2.891205793294679411E-15, 0.0000000000000000000 ) ) ;
#7598 = DIRECTION ( 'NONE',  ( 0.0000000000000000000, 0.0000000000000000000, -1.000000000000000000 ) ) ;
#7599 = AXIS2_PLACEMENT_3D ( 'NONE', #8435, #2310, #7734 ) ;
#7600 = CARTESIAN_POINT ( 'NONE',  ( -4.000000000000000000, 0.1499999999999999667, 3.200000000000000178 ) ) ;
#7601 = DIRECTION ( 'NONE',  ( 1.000000000000000000, -2.891205793294679411E-15, 0.0000000000000000000 ) ) ;
#7602 = AXIS2_PLACEMENT_3D ( 'NONE', #9541, #7304, #9478 ) ;
#7603 = DIRECTION ( 'NONE',  ( 0.0000000000000000000, 0.0000000000000000000, -1.000000000000000000 ) ) ;
#7604 = DIRECTION ( 'NONE',  ( -1.000000000000000000, 0.0000000000000000000, 0.0000000000000000000 ) ) ;
#7605 = AXIS2_PLACEMENT_3D ( 'NONE', #1030, #6287, #2490 ) ;
#7606 = FILL_AREA_STYLE ('',( #2973 ) ) ;
#7607 = SURFACE_STYLE_FILL_AREA ( #2760 ) ;
#7608 = ORIENTED_EDGE ( 'NONE', *, *, #1462, .T. ) ;
#7609 = PRESENTATION_STYLE_ASSIGNMENT (( #2045 ) ) ;
#7610 = ADVANCED_FACE ( 'NONE', ( #9753 ), #6384, .T. ) ;
#7611 = EDGE_CURVE ( 'NONE', #1273, #2471, #5423, .T. ) ;
#7612 = SURFACE_STYLE_USAGE ( .BOTH. , #7574 ) ;
#7613 = VERTEX_POINT ( 'NONE', #6277 ) ;
#7614 = CIRCLE ( 'NONE', #8614, 0.1414213562373092536 ) ;
#7615 = DIRECTION ( 'NONE',  ( 1.224646799147353207E-16, -3.540705920434613265E-31, -1.000000000000000000 ) ) ;
#7616 = MECHANICAL_DESIGN_GEOMETRIC_PRESENTATION_REPRESENTATION (  '', ( #7137 ), #707 ) ;
#7617 = UNCERTAINTY_MEASURE_WITH_UNIT (LENGTH_MEASURE( 1.000000000000000082E-05 ), #5142, 'distance_accuracy_value', 'NONE');
#7618 = LINE ( 'NONE', #2881, #1699 ) ;
#7619 = VERTEX_POINT ( 'NONE', #1807 ) ;
#7620 = DIRECTION ( 'NONE',  ( 0.0000000000000000000, -1.000000000000000000, -0.0000000000000000000 ) ) ;
#7621 = SURFACE_STYLE_FILL_AREA ( #1709 ) ;
#7622 = AXIS2_PLACEMENT_3D ( 'NONE', #2986, #1404, #9021 ) ;
#7623 = DIRECTION ( 'NONE',  ( 0.0000000000000000000, -1.000000000000000000, -0.0000000000000000000 ) ) ;
#7624 = ADVANCED_FACE ( 'NONE', ( #8246 ), #6266, .T. ) ;
#7625 = AXIS2_PLACEMENT_3D ( 'NONE', #8413, #3176, #7640 ) ;
#7626 = ORIENTED_EDGE ( 'NONE', *, *, #4646, .T. ) ;
#7627 = CIRCLE ( 'NONE', #5694, 0.1414213562373092536 ) ;
#7628 = CARTESIAN_POINT ( 'NONE',  ( -3.999999999999999112, 0.2000000000000005107, -1.599999999999999867 ) ) ;
#7629 = FILL_AREA_STYLE_COLOUR ( '', #6219 ) ;
#7630 = EDGE_CURVE ( 'NONE', #8037, #956, #8943, .T. ) ;
#7631 = DIRECTION ( 'NONE',  ( -0.0000000000000000000, -1.000000000000000000, -0.0000000000000000000 ) ) ;
#7632 = DIRECTION ( 'NONE',  ( 0.0000000000000000000, 0.0000000000000000000, -1.000000000000000000 ) ) ;
#7633 = ORIENTED_EDGE ( 'NONE', *, *, #9438, .T. ) ;
#7634 = MANIFOLD_SOLID_BREP ( 'Sketch-Pattern1[5]', #5072 ) ;
#7635 = FILL_AREA_STYLE_COLOUR ( '', #6270 ) ;
#7636 = DIRECTION ( 'NONE',  ( 0.0000000000000000000, 0.0000000000000000000, 1.000000000000000000 ) ) ;
#7637 = PRESENTATION_LAYER_ASSIGNMENT (  '', '', ( #8313 ) ) ;
#7638 = DIRECTION ( 'NONE',  ( 0.0000000000000000000, 0.0000000000000000000, -1.000000000000000000 ) ) ;
#7639 = ADVANCED_FACE ( 'NONE', ( #941 ), #1736, .F. ) ;
#7640 = DIRECTION ( 'NONE',  ( 0.0000000000000000000, 0.0000000000000000000, -1.000000000000000000 ) ) ;
#7641 = DIRECTION ( 'NONE',  ( 0.0000000000000000000, -1.000000000000000000, -0.0000000000000000000 ) ) ;
#7642 = ORIENTED_EDGE ( 'NONE', *, *, #5978, .T. ) ;
#7643 = FACE_OUTER_BOUND ( 'NONE', #9000, .T. ) ;
#7644 = ORIENTED_EDGE ( 'NONE', *, *, #1811, .T. ) ;
#7645 = EDGE_LOOP ( 'NONE', ( #1063, #5174 ) ) ;
#7646 = DIRECTION ( 'NONE',  ( 0.0000000000000000000, 0.0000000000000000000, -1.000000000000000000 ) ) ;
#7647 = AXIS2_PLACEMENT_3D ( 'NONE', #273, #4859, #7865 ) ;
#7648 = PRESENTATION_STYLE_ASSIGNMENT (( #9636 ) ) ;
#7649 =( GEOMETRIC_REPRESENTATION_CONTEXT ( 3 ) GLOBAL_UNCERTAINTY_ASSIGNED_CONTEXT ( ( #5629 ) ) GLOBAL_UNIT_ASSIGNED_CONTEXT ( ( #567, #6630, #8027 ) ) REPRESENTATION_CONTEXT ( 'NONE', 'WORKASPACE' ) );
#7650 = VERTEX_POINT ( 'NONE', #4167 ) ;
#7651 = FACE_OUTER_BOUND ( 'NONE', #9256, .T. ) ;
#7652 = DIRECTION ( 'NONE',  ( 0.0000000000000000000, 0.0000000000000000000, -1.000000000000000000 ) ) ;
#7653 = CARTESIAN_POINT ( 'NONE',  ( 3.858578643762689886, 0.2000000000000005107, 4.000000000000000000 ) ) ;
#7654 = ORIENTED_EDGE ( 'NONE', *, *, #5718, .T. ) ;
#7655 = DIRECTION ( 'NONE',  ( 0.0000000000000000000, 0.0000000000000000000, -1.000000000000000000 ) ) ;
#7656 = AXIS2_PLACEMENT_3D ( 'NONE', #7281, #5876, #520 ) ;
#7657 = AXIS2_PLACEMENT_3D ( 'NONE', #1008, #1763, #280 ) ;
#7658 = DIRECTION ( 'NONE',  ( 1.000000000000000000, -2.891205793294679411E-15, 0.0000000000000000000 ) ) ;
#7659 = PRESENTATION_STYLE_ASSIGNMENT (( #4090 ) ) ;
#7660 = DIRECTION ( 'NONE',  ( 0.0000000000000000000, 0.0000000000000000000, -1.000000000000000000 ) ) ;
#7661 = ORIENTED_EDGE ( 'NONE', *, *, #8760, .T. ) ;
#7662 = CLOSED_SHELL ( 'NONE', ( #525, #8218, #1949 ) ) ;
#7663 =( LENGTH_UNIT ( ) NAMED_UNIT ( * ) SI_UNIT ( .MILLI., .METRE. ) );
#7664 =( GEOMETRIC_REPRESENTATION_CONTEXT ( 3 ) GLOBAL_UNCERTAINTY_ASSIGNED_CONTEXT ( ( #2522 ) ) GLOBAL_UNIT_ASSIGNED_CONTEXT ( ( #6313, #3354, #9326 ) ) REPRESENTATION_CONTEXT ( 'NONE', 'WORKASPACE' ) );
#7665 = SPHERICAL_SURFACE ( 'NONE', #3336, 0.1499999999999999667 ) ;
#7666 = CARTESIAN_POINT ( 'NONE',  ( -2.400000000000000355, 0.0000000000000000000, 1.599999999999999867 ) ) ;
#7667 = DIRECTION ( 'NONE',  ( 0.0000000000000000000, 0.0000000000000000000, -1.000000000000000000 ) ) ;
#7668 = ADVANCED_FACE ( 'NONE', ( #1627 ), #7323, .T. ) ;
#7669 = DIRECTION ( 'NONE',  ( -0.0000000000000000000, -1.000000000000000000, -0.0000000000000000000 ) ) ;
#7670 = FACE_OUTER_BOUND ( 'NONE', #5896, .T. ) ;
#7671 = DIRECTION ( 'NONE',  ( 0.0000000000000000000, -1.000000000000000000, -0.0000000000000000000 ) ) ;
#7672 = AXIS2_PLACEMENT_3D ( 'NONE', #8310, #3784, #9032 ) ;
#7673 = ORIENTED_EDGE ( 'NONE', *, *, #2713, .F. ) ;
#7674 = CIRCLE ( 'NONE', #8627, 0.1499999999999999667 ) ;
#7675 = DIRECTION ( 'NONE',  ( 0.0000000000000000000, 0.0000000000000000000, -1.000000000000000000 ) ) ;
#7676 = DIRECTION ( 'NONE',  ( 0.0000000000000000000, 0.0000000000000000000, -1.000000000000000000 ) ) ;
#7677 = ORIENTED_EDGE ( 'NONE', *, *, #1811, .F. ) ;
#7678 = DIRECTION ( 'NONE',  ( -1.000000000000000000, 0.0000000000000000000, 0.0000000000000000000 ) ) ;
#7679 = ORIENTED_EDGE ( 'NONE', *, *, #2733, .F. ) ;
#7680 = DIRECTION ( 'NONE',  ( 0.0000000000000000000, 0.0000000000000000000, -1.000000000000000000 ) ) ;
#7681 = DIRECTION ( 'NONE',  ( 0.0000000000000000000, -1.000000000000000000, -0.0000000000000000000 ) ) ;
#7682 = CIRCLE ( 'NONE', #24, 0.1414213562373092536 ) ;
#7683 = CARTESIAN_POINT ( 'NONE',  ( -3.199999999999999734, 0.2000000000000005107, 1.599999999999999867 ) ) ;
#7684 = PLANE ( 'NONE',  #5300 ) ;
#7685 = FACE_OUTER_BOUND ( 'NONE', #9420, .T. ) ;
#7686 = ORIENTED_EDGE ( 'NONE', *, *, #5015, .F. ) ;
#7687 = VERTEX_POINT ( 'NONE', #9495 ) ;
#7688 = VERTEX_POINT ( 'NONE', #1701 ) ;
#7689 = STYLED_ITEM ( 'NONE', ( #2953 ), #2466 ) ;
#7690 = CARTESIAN_POINT ( 'NONE',  ( -1.599999999999999867, 0.1499999999999999667, 1.599999999999999867 ) ) ;
#7691 = FACE_OUTER_BOUND ( 'NONE', #9052, .T. ) ;
#7692 = DIRECTION ( 'NONE',  ( 0.0000000000000000000, 0.0000000000000000000, -1.000000000000000000 ) ) ;
#7693 = STYLED_ITEM ( 'NONE', ( #2551 ), #8285 ) ;
#7694 = DIRECTION ( 'NONE',  ( 0.0000000000000000000, 0.0000000000000000000, -1.000000000000000000 ) ) ;
#7695 = EDGE_CURVE ( 'NONE', #778, #1350, #7106, .T. ) ;
#7696 = ADVANCED_FACE ( 'NONE', ( #3171 ), #2567, .T. ) ;
#7697 = CARTESIAN_POINT ( 'NONE',  ( -2.399999999999999023, 0.1499999999999999667, -4.000000000000000000 ) ) ;
#7698 = UNCERTAINTY_MEASURE_WITH_UNIT (LENGTH_MEASURE( 1.000000000000000082E-05 ), #2311, 'distance_accuracy_value', 'NONE');
#7699 = ORIENTED_EDGE ( 'NONE', *, *, #6081, .F. ) ;
#7700 = CARTESIAN_POINT ( 'NONE',  ( -3.058578643762690508, 0.2000000000000005107, 6.086346753639119761E-18 ) ) ;
#7701 = ORIENTED_EDGE ( 'NONE', *, *, #6122, .F. ) ;
#7702 = CARTESIAN_POINT ( 'NONE',  ( -3.858578643762690774, 0.2000000000000005107, 4.000000000000000000 ) ) ;
#7703 = EDGE_CURVE ( 'NONE', #2812, #1174, #7674, .T. ) ;
#7704 = SURFACE_STYLE_USAGE ( .BOTH. , #2278 ) ;
#7705 = PLANE ( 'NONE',  #4657 ) ;
#7706 = AXIS2_PLACEMENT_3D ( 'NONE', #3458, #5809, #8113 ) ;
#7707 = FACE_OUTER_BOUND ( 'NONE', #3078, .T. ) ;
#7708 = CLOSED_SHELL ( 'NONE', ( #9663, #2089, #4741 ) ) ;
#7709 = FACE_OUTER_BOUND ( 'NONE', #2927, .T. ) ;
#7710 = CARTESIAN_POINT ( 'NONE',  ( -1.741421356237309093, 0.2000000000000005107, 0.7999999999999999334 ) ) ;
#7711 = FILL_AREA_STYLE_COLOUR ( '', #2821 ) ;
#7712 = PRESENTATION_LAYER_ASSIGNMENT (  '', '', ( #7217 ) ) ;
#7713 =( LENGTH_UNIT ( ) NAMED_UNIT ( * ) SI_UNIT ( .MILLI., .METRE. ) );
#7714 = PLANE ( 'NONE',  #6308 ) ;
#7715 = PLANE ( 'NONE',  #9116 ) ;
#7716 = CARTESIAN_POINT ( 'NONE',  ( 1.800000000000001155, 0.2000000000000005107, -8.199999999999999289 ) ) ;
#7717 = FILL_AREA_STYLE_COLOUR ( '', #2231 ) ;
#7718 = VERTEX_POINT ( 'NONE', #9467 ) ;
#7719 = CIRCLE ( 'NONE', #33, 0.1499999999999999667 ) ;
#7720 = VECTOR ( 'NONE', #8019, 1000.000000000000000 ) ;
#7721 = CIRCLE ( 'NONE', #9513, 0.1414213562373092536 ) ;
#7722 = ADVANCED_FACE ( 'NONE', ( #2317 ), #2638, .F. ) ;
#7723 = CARTESIAN_POINT ( 'NONE',  ( -3.199999999999999289, 0.1499999999999999667, -2.400000000000000355 ) ) ;
#7724 = CARTESIAN_POINT ( 'NONE',  ( 3.058578643762691396, 0.2000000000000005107, 0.7999999999999999334 ) ) ;
#7725 = CARTESIAN_POINT ( 'NONE',  ( -1.599999999999998979, 0.1499999999999999667, -4.000000000000000000 ) ) ;
#7726 = CARTESIAN_POINT ( 'NONE',  ( 1.600000000000000755, 0.1499999999999999667, 6.086346753639119761E-18 ) ) ;
#7727 = ORIENTED_EDGE ( 'NONE', *, *, #9323, .T. ) ;
#7728 = CARTESIAN_POINT ( 'NONE',  ( -1.599999999999999867, 0.1499999999999999667, 1.599999999999999867 ) ) ;
#7729 = ADVANCED_FACE ( 'NONE', ( #9408 ), #674, .T. ) ;
#7730 = SURFACE_STYLE_USAGE ( .BOTH. , #3122 ) ;
#7731 = AXIS2_PLACEMENT_3D ( 'NONE', #8279, #8923, #4409 ) ;
#7732 = PLANE ( 'NONE',  #742 ) ;
#7733 = PRESENTATION_STYLE_ASSIGNMENT (( #9741 ) ) ;
#7734 = DIRECTION ( 'NONE',  ( 1.000000000000000000, -2.891205793294679411E-15, 0.0000000000000000000 ) ) ;
#7735 = ORIENTED_EDGE ( 'NONE', *, *, #6994, .T. ) ;
#7736 = CARTESIAN_POINT ( 'NONE',  ( -1.599999999999999867, 0.1499999999999999667, 4.000000000000000000 ) ) ;
#7737 = SURFACE_STYLE_FILL_AREA ( #3739 ) ;
#7738 = FILL_AREA_STYLE_COLOUR ( '', #3062 ) ;
#7739 = FACE_OUTER_BOUND ( 'NONE', #483, .T. ) ;
#7740 = DIRECTION ( 'NONE',  ( 1.000000000000000000, -2.891205793294679411E-15, 0.0000000000000000000 ) ) ;
#7741 = ADVANCED_FACE ( 'NONE', ( #8935 ), #2801, .T. ) ;
#7742 =( LENGTH_UNIT ( ) NAMED_UNIT ( * ) SI_UNIT ( .MILLI., .METRE. ) );
#7743 = EDGE_LOOP ( 'NONE', ( #1212, #3660, #7802 ) ) ;
#7744 = DIRECTION ( 'NONE',  ( 0.0000000000000000000, 0.0000000000000000000, 1.000000000000000000 ) ) ;
#7745 = SPHERICAL_SURFACE ( 'NONE', #9337, 0.1499999999999999667 ) ;
#7746 = PRESENTATION_LAYER_ASSIGNMENT (  '', '', ( #5193 ) ) ;
#7747 = FILL_AREA_STYLE ('',( #1761 ) ) ;
#7748 = CARTESIAN_POINT ( 'NONE',  ( 8.673617379884035472E-16, 0.1499999999999999667, -1.599999999999999867 ) ) ;
#7749 = DIRECTION ( 'NONE',  ( 0.0000000000000000000, -1.000000000000000000, -0.0000000000000000000 ) ) ;
#7750 = AXIS2_PLACEMENT_3D ( 'NONE', #9266, #2584, #6378 ) ;
#7751 = AXIS2_PLACEMENT_3D ( 'NONE', #8084, #1912, #9426 ) ;
#7752 = DIRECTION ( 'NONE',  ( 1.224646799147353207E-16, -3.540705920434613265E-31, -1.000000000000000000 ) ) ;
#7753 = UNCERTAINTY_MEASURE_WITH_UNIT (LENGTH_MEASURE( 1.000000000000000082E-05 ), #5735, 'distance_accuracy_value', 'NONE');
#7754 = FACE_OUTER_BOUND ( 'NONE', #3358, .T. ) ;
#7755 = EDGE_CURVE ( 'NONE', #5036, #1257, #6856, .T. ) ;
#7756 = EDGE_LOOP ( 'NONE', ( #8104, #6035 ) ) ;
#7757 = CARTESIAN_POINT ( 'NONE',  ( -2.399999999999999911, 0.0000000000000000000, 0.7999999999999999334 ) ) ;
#7758 = DIRECTION ( 'NONE',  ( -0.0000000000000000000, -1.000000000000000000, -0.0000000000000000000 ) ) ;
#7759 = EDGE_CURVE ( 'NONE', #6725, #328, #1874, .T. ) ;
#7760 = CIRCLE ( 'NONE', #2245, 0.1499999999999999667 ) ;
#7761 =( NAMED_UNIT ( * ) SI_UNIT ( $, .STERADIAN. ) SOLID_ANGLE_UNIT ( ) );
#7762 = AXIS2_PLACEMENT_3D ( 'NONE', #1871, #2613, #7921 ) ;
#7763 = CARTESIAN_POINT ( 'NONE',  ( -3.200000000000000178, 0.1499999999999999667, 4.000000000000000000 ) ) ;
#7764 = EDGE_LOOP ( 'NONE', ( #1856, #4438, #3066 ) ) ;
#7765 = MANIFOLD_SOLID_BREP ( 'Sketch-Pattern1[33]', #6459 ) ;
#7766 = FACE_OUTER_BOUND ( 'NONE', #270, .T. ) ;
#7767 = FILL_AREA_STYLE ('',( #4006 ) ) ;
#7768 = DIRECTION ( 'NONE',  ( 1.000000000000000000, 0.0000000000000000000, 0.0000000000000000000 ) ) ;
#7769 = AXIS2_PLACEMENT_3D ( 'NONE', #3968, #5367, #8463 ) ;
#7770 = EDGE_CURVE ( 'NONE', #4689, #8667, #4587, .T. ) ;
#7771 = FACE_OUTER_BOUND ( 'NONE', #7227, .T. ) ;
#7772 = ADVANCED_FACE ( 'NONE', ( #3300 ), #3509, .T. ) ;
#7773 = DIRECTION ( 'NONE',  ( -0.0000000000000000000, -1.000000000000000000, -0.0000000000000000000 ) ) ;
#7774 = VERTEX_POINT ( 'NONE', #8936 ) ;
#7775 = VERTEX_POINT ( 'NONE', #6563 ) ;
#7776 = CIRCLE ( 'NONE', #4605, 0.1414213562373092536 ) ;
#7777 = AXIS2_PLACEMENT_3D ( 'NONE', #8339, #4681, #2348 ) ;
#7778 = SURFACE_STYLE_USAGE ( .BOTH. , #5524 ) ;
#7779 = DIRECTION ( 'NONE',  ( 0.0000000000000000000, 0.0000000000000000000, -1.000000000000000000 ) ) ;
#7780 = CARTESIAN_POINT ( 'NONE',  ( -1.458578643762689753, 0.2000000000000005107, -1.599999999999999867 ) ) ;
#7781 = FACE_OUTER_BOUND ( 'NONE', #3859, .T. ) ;
#7782 = CARTESIAN_POINT ( 'NONE',  ( 1.600000000000000755, 0.2000000000000005107, -0.8000000000000003775 ) ) ;
#7783 = ADVANCED_FACE ( 'NONE', ( #1271 ), #5062, .T. ) ;
#7784 = ORIENTED_EDGE ( 'NONE', *, *, #773, .F. ) ;
#7785 = AXIS2_PLACEMENT_3D ( 'NONE', #2932, #1421, #729 ) ;
#7786 = VERTEX_POINT ( 'NONE', #2100 ) ;
#7787 = DIRECTION ( 'NONE',  ( 0.0000000000000000000, 0.0000000000000000000, -1.000000000000000000 ) ) ;
#7788 = VERTEX_POINT ( 'NONE', #2832 ) ;
#7789 = SPHERICAL_SURFACE ( 'NONE', #9245, 0.1499999999999999667 ) ;
#7790 = AXIS2_PLACEMENT_3D ( 'NONE', #1003, #6228, #6324 ) ;
#7791 = ORIENTED_EDGE ( 'NONE', *, *, #6882, .T. ) ;
#7792 = PLANE ( 'NONE',  #8920 ) ;
#7793 = EDGE_CURVE ( 'NONE', #467, #4909, #6480, .T. ) ;
#7794 = DIRECTION ( 'NONE',  ( 1.224646799147353207E-16, -3.540705920434613265E-31, -1.000000000000000000 ) ) ;
#7795 = EDGE_LOOP ( 'NONE', ( #5052, #1453 ) ) ;
#7796 = COLOUR_RGB ( '',0.7921568627450980005, 0.8196078431372548767, 0.9333333333333333481 ) ;
#7797 = DIRECTION ( 'NONE',  ( 0.0000000000000000000, 0.0000000000000000000, -1.000000000000000000 ) ) ;
#7798 = DIRECTION ( 'NONE',  ( 1.000000000000000000, -2.891205793294679411E-15, 0.0000000000000000000 ) ) ;
#7799 = AXIS2_PLACEMENT_3D ( 'NONE', #4136, #7855, #323 ) ;
#7800 = DIRECTION ( 'NONE',  ( 0.0000000000000000000, 0.0000000000000000000, -1.000000000000000000 ) ) ;
#7801 = CARTESIAN_POINT ( 'NONE',  ( -4.000000000000000000, 0.1499999999999999667, 4.000000000000000000 ) ) ;
#7802 = ORIENTED_EDGE ( 'NONE', *, *, #2406, .T. ) ;
#7803 = FILL_AREA_STYLE_COLOUR ( '', #1680 ) ;
#7804 = EDGE_LOOP ( 'NONE', ( #9699, #2805, #9507 ) ) ;
#7805 = PRESENTATION_LAYER_ASSIGNMENT (  '', '', ( #3913 ) ) ;
#7806 = DIRECTION ( 'NONE',  ( 1.000000000000000000, 0.0000000000000000000, 0.0000000000000000000 ) ) ;
#7807 = SPHERICAL_SURFACE ( 'NONE', #5531, 0.1499999999999999667 ) ;
#7808 = DIRECTION ( 'NONE',  ( 0.0000000000000000000, 0.0000000000000000000, -1.000000000000000000 ) ) ;
#7809 = CARTESIAN_POINT ( 'NONE',  ( -3.999999999999999112, 0.1499999999999999667, -1.599999999999999867 ) ) ;
#7810 =( LENGTH_UNIT ( ) NAMED_UNIT ( * ) SI_UNIT ( .MILLI., .METRE. ) );
#7811 = ORIENTED_EDGE ( 'NONE', *, *, #9676, .F. ) ;
#7812 = CARTESIAN_POINT ( 'NONE',  ( 1.599999999999999867, 0.1499999999999999667, 2.400000000000000355 ) ) ;
#7813 = EDGE_CURVE ( 'NONE', #5892, #6158, #7214, .T. ) ;
#7814 = EDGE_LOOP ( 'NONE', ( #6016, #4072, #6352 ) ) ;
#7815 = FILL_AREA_STYLE ('',( #2434 ) ) ;
#7816 =( NAMED_UNIT ( * ) PLANE_ANGLE_UNIT ( ) SI_UNIT ( $, .RADIAN. ) );
#7817 =( GEOMETRIC_REPRESENTATION_CONTEXT ( 3 ) GLOBAL_UNCERTAINTY_ASSIGNED_CONTEXT ( ( #5802 ) ) GLOBAL_UNIT_ASSIGNED_CONTEXT ( ( #2230, #7533, #8283 ) ) REPRESENTATION_CONTEXT ( 'NONE', 'WORKASPACE' ) );
#7818 = ORIENTED_EDGE ( 'NONE', *, *, #2922, .T. ) ;
#7819 = ADVANCED_FACE ( 'NONE', ( #9065 ), #1067, .T. ) ;
#7820 = MANIFOLD_SOLID_BREP ( 'Sketch-Pattern1[103]', #3654 ) ;
#7821 = SPHERICAL_SURFACE ( 'NONE', #7657, 0.1499999999999999667 ) ;
#7822 = DIRECTION ( 'NONE',  ( 0.0000000000000000000, 0.0000000000000000000, 1.000000000000000000 ) ) ;
#7823 = AXIS2_PLACEMENT_3D ( 'NONE', #1312, #6361, #3345 ) ;
#7824 = EDGE_LOOP ( 'NONE', ( #2550, #9404, #7427 ) ) ;
#7825 = AXIS2_PLACEMENT_3D ( 'NONE', #863, #3888, #5457 ) ;
#7826 = CARTESIAN_POINT ( 'NONE',  ( -4.000000000000000000, 0.2000000000000005107, 2.400000000000000355 ) ) ;
#7827 = PRESENTATION_STYLE_ASSIGNMENT (( #3918 ) ) ;
#7828 = EDGE_CURVE ( 'NONE', #9749, #48, #4945, .T. ) ;
#7829 = FILL_AREA_STYLE_COLOUR ( '', #4341 ) ;
#7830 = DIRECTION ( 'NONE',  ( 0.0000000000000000000, 0.0000000000000000000, 1.000000000000000000 ) ) ;
#7831 = EDGE_CURVE ( 'NONE', #4810, #2585, #4838, .T. ) ;
#7832 = DIRECTION ( 'NONE',  ( 0.0000000000000000000, 0.0000000000000000000, 1.000000000000000000 ) ) ;
#7833 = ORIENTED_EDGE ( 'NONE', *, *, #7202, .T. ) ;
#7834 = CARTESIAN_POINT ( 'NONE',  ( 2.541421356237311358, 0.2000000000000005107, 6.086346753639119761E-18 ) ) ;
#7835 = CIRCLE ( 'NONE', #9401, 0.1499999999999999667 ) ;
#7836 = DIRECTION ( 'NONE',  ( 0.0000000000000000000, 0.0000000000000000000, -1.000000000000000000 ) ) ;
#7837 = SURFACE_STYLE_USAGE ( .BOTH. , #6320 ) ;
#7838 =( GEOMETRIC_REPRESENTATION_CONTEXT ( 3 ) GLOBAL_UNCERTAINTY_ASSIGNED_CONTEXT ( ( #5248 ) ) GLOBAL_UNIT_ASSIGNED_CONTEXT ( ( #3210, #1753, #3949 ) ) REPRESENTATION_CONTEXT ( 'NONE', 'WORKASPACE' ) );
#7839 = EDGE_LOOP ( 'NONE', ( #9225, #901, #3149 ) ) ;
#7840 = DIRECTION ( 'NONE',  ( 1.000000000000000000, -2.891205793294679411E-15, 0.0000000000000000000 ) ) ;
#7841 = COLOUR_RGB ( '',0.7921568627450980005, 0.8196078431372548767, 0.9333333333333333481 ) ;
#7842 = AXIS2_PLACEMENT_3D ( 'NONE', #1104, #4823, #302 ) ;
#7843 = SURFACE_SIDE_STYLE ('',( #3006 ) ) ;
#7844 = CARTESIAN_POINT ( 'NONE',  ( -0.6585786437626902634, 0.2000000000000005107, 2.400000000000000355 ) ) ;
#7845 = CARTESIAN_POINT ( 'NONE',  ( 8.673617379884035472E-16, 0.1499999999999999667, -2.400000000000000355 ) ) ;
#7846 = MECHANICAL_DESIGN_GEOMETRIC_PRESENTATION_REPRESENTATION (  '', ( #7508 ), #3585 ) ;
#7847 = VERTEX_POINT ( 'NONE', #2865 ) ;
#7848 = AXIS2_PLACEMENT_3D ( 'NONE', #1854, #4958, #9457 ) ;
#7849 = SPHERICAL_SURFACE ( 'NONE', #3346, 0.1499999999999999667 ) ;
#7850 = SURFACE_SIDE_STYLE ('',( #1332 ) ) ;
#7851 = DIRECTION ( 'NONE',  ( 0.0000000000000000000, 0.0000000000000000000, -1.000000000000000000 ) ) ;
#7852 =( NAMED_UNIT ( * ) SI_UNIT ( $, .STERADIAN. ) SOLID_ANGLE_UNIT ( ) );
#7853 = CIRCLE ( 'NONE', #6535, 0.1414213562373096977 ) ;
#7854 = DIRECTION ( 'NONE',  ( 0.0000000000000000000, 0.0000000000000000000, -1.000000000000000000 ) ) ;
#7855 = DIRECTION ( 'NONE',  ( -0.0000000000000000000, -1.000000000000000000, -0.0000000000000000000 ) ) ;
#7856 = STYLED_ITEM ( 'NONE', ( #8930 ), #5133 ) ;
#7857 = PRESENTATION_STYLE_ASSIGNMENT (( #4089 ) ) ;
#7858 = DIRECTION ( 'NONE',  ( 0.0000000000000000000, -1.000000000000000000, -0.0000000000000000000 ) ) ;
#7859 = ORIENTED_EDGE ( 'NONE', *, *, #2286, .T. ) ;
#7860 = FILL_AREA_STYLE_COLOUR ( '', #4116 ) ;
#7861 = ORIENTED_EDGE ( 'NONE', *, *, #6399, .T. ) ;
#7862 = SPHERICAL_SURFACE ( 'NONE', #8101, 0.1499999999999999667 ) ;
#7863 = AXIS2_PLACEMENT_3D ( 'NONE', #3699, #47, #2223 ) ;
#7864 = CARTESIAN_POINT ( 'NONE',  ( 8.673617379884035472E-16, 0.1499999999999999667, -2.400000000000000355 ) ) ;
#7865 = DIRECTION ( 'NONE',  ( -1.000000000000000000, 0.0000000000000000000, 0.0000000000000000000 ) ) ;
#7866 = CIRCLE ( 'NONE', #6191, 0.1414213562373092536 ) ;
#7867 = ADVANCED_FACE ( 'NONE', ( #2913 ), #4711, .T. ) ;
#7868 = ORIENTED_EDGE ( 'NONE', *, *, #3698, .F. ) ;
#7869 = CLOSED_SHELL ( 'NONE', ( #2499, #19, #2203 ) ) ;
#7870 = DIRECTION ( 'NONE',  ( -0.0000000000000000000, -1.000000000000000000, -0.0000000000000000000 ) ) ;
#7871 = CARTESIAN_POINT ( 'NONE',  ( -1.399999999999999689, 0.2000000000000005107, -3.399999999999999467 ) ) ;
#7872 = UNCERTAINTY_MEASURE_WITH_UNIT (LENGTH_MEASURE( 1.000000000000000082E-05 ), #6934, 'distance_accuracy_value', 'NONE');
#7873 = FACE_OUTER_BOUND ( 'NONE', #1921, .T. ) ;
#7874 = ORIENTED_EDGE ( 'NONE', *, *, #9323, .F. ) ;
#7875 = CARTESIAN_POINT ( 'NONE',  ( 1.800000000000001155, 0.2000000000000005107, -9.000000000000000000 ) ) ;
#7876 = CIRCLE ( 'NONE', #1294, 0.1414213562373092536 ) ;
#7877 = EDGE_CURVE ( 'NONE', #2655, #9479, #6722, .T. ) ;
#7878 =( NAMED_UNIT ( * ) SI_UNIT ( $, .STERADIAN. ) SOLID_ANGLE_UNIT ( ) );
#7879 = EDGE_LOOP ( 'NONE', ( #8851, #6171, #7833 ) ) ;
#7880 = DIRECTION ( 'NONE',  ( 1.224646799147353207E-16, -3.540705920434613265E-31, -1.000000000000000000 ) ) ;
#7881 = CARTESIAN_POINT ( 'NONE',  ( 8.673617379884035472E-16, 0.2000000000000005107, -0.8000000000000003775 ) ) ;
#7882 = EDGE_LOOP ( 'NONE', ( #352, #7060, #983 ) ) ;
#7883 = CARTESIAN_POINT ( 'NONE',  ( 2.400000000000001688, 0.0000000000000000000, -4.000000000000000000 ) ) ;
#7884 = MANIFOLD_SOLID_BREP ( 'Sketch-Pattern1[90]', #8736 ) ;
#7885 = EDGE_CURVE ( 'NONE', #838, #1787, #2190, .T. ) ;
#7886 = DIRECTION ( 'NONE',  ( -0.0000000000000000000, -1.000000000000000000, -0.0000000000000000000 ) ) ;
#7887 = DIRECTION ( 'NONE',  ( 1.000000000000000000, 0.0000000000000000000, 0.0000000000000000000 ) ) ;
#7888 = AXIS2_PLACEMENT_3D ( 'NONE', #5682, #353, #386 ) ;
#7889 = ORIENTED_EDGE ( 'NONE', *, *, #6297, .T. ) ;
#7890 = EDGE_LOOP ( 'NONE', ( #7679, #9086 ) ) ;
#7891 = CIRCLE ( 'NONE', #5495, 0.1499999999999999667 ) ;
#7892 = CARTESIAN_POINT ( 'NONE',  ( -1.741421356237309093, 0.2000000000000005107, -1.123277437107073856E-17 ) ) ;
#7893 = AXIS2_PLACEMENT_3D ( 'NONE', #7728, #882, #2483 ) ;
#7894 = DIRECTION ( 'NONE',  ( 1.000000000000000000, -2.891205793294679411E-15, 0.0000000000000000000 ) ) ;
#7895 = AXIS2_PLACEMENT_3D ( 'NONE', #2233, #5957, #1483 ) ;
#7896 = ORIENTED_EDGE ( 'NONE', *, *, #6482, .F. ) ;
#7897 = CIRCLE ( 'NONE', #7591, 0.1499999999999999667 ) ;
#7898 = EDGE_CURVE ( 'NONE', #4737, #2655, #5881, .T. ) ;
#7899 = CARTESIAN_POINT ( 'NONE',  ( 3.999999999999999112, 0.1499999999999999667, 0.7999999999999999334 ) ) ;
#7900 = ORIENTED_EDGE ( 'NONE', *, *, #6786, .F. ) ;
#7901 = DIRECTION ( 'NONE',  ( 0.0000000000000000000, 0.0000000000000000000, -1.000000000000000000 ) ) ;
#7902 =( NAMED_UNIT ( * ) PLANE_ANGLE_UNIT ( ) SI_UNIT ( $, .RADIAN. ) );
#7903 = CIRCLE ( 'NONE', #5158, 0.1414213562373092536 ) ;
#7904 = ORIENTED_EDGE ( 'NONE', *, *, #2887, .T. ) ;
#7905 = ORIENTED_EDGE ( 'NONE', *, *, #7695, .T. ) ;
#7906 = VERTEX_POINT ( 'NONE', #9686 ) ;
#7907 = COLOUR_RGB ( '',0.7921568627450980005, 0.8196078431372548767, 0.9333333333333333481 ) ;
#7908 = AXIS2_PLACEMENT_3D ( 'NONE', #9047, #739, #7655 ) ;
#7909 = VERTEX_POINT ( 'NONE', #8289 ) ;
#7910 = ADVANCED_FACE ( 'NONE', ( #4218 ), #2237, .F. ) ;
#7911 = VERTEX_POINT ( 'NONE', #9529 ) ;
#7912 = SURFACE_STYLE_FILL_AREA ( #9211 ) ;
#7913 =( NAMED_UNIT ( * ) PLANE_ANGLE_UNIT ( ) SI_UNIT ( $, .RADIAN. ) );
#7914 = DIRECTION ( 'NONE',  ( -0.0000000000000000000, -1.000000000000000000, -0.0000000000000000000 ) ) ;
#7915 = AXIS2_PLACEMENT_3D ( 'NONE', #5919, #2225, #4350 ) ;
#7916 = VERTEX_POINT ( 'NONE', #4490 ) ;
#7917 = DIRECTION ( 'NONE',  ( 0.0000000000000000000, 0.0000000000000000000, -1.000000000000000000 ) ) ;
#7918 = VERTEX_POINT ( 'NONE', #3041 ) ;
#7919 = CARTESIAN_POINT ( 'NONE',  ( 4.141421356237308338, 0.2000000000000005107, 3.200000000000000178 ) ) ;
#7920 = ORIENTED_EDGE ( 'NONE', *, *, #3188, .F. ) ;
#7921 = DIRECTION ( 'NONE',  ( -1.000000000000000000, 0.0000000000000000000, 0.0000000000000000000 ) ) ;
#7922 = CIRCLE ( 'NONE', #4291, 0.1414213562373092536 ) ;
#7923 = ADVANCED_FACE ( 'NONE', ( #103 ), #5291, .F. ) ;
#7924 = PLANE ( 'NONE',  #58 ) ;
#7925 = VERTEX_POINT ( 'NONE', #731 ) ;
#7926 = AXIS2_PLACEMENT_3D ( 'NONE', #9059, #8174, #9673 ) ;
#7927 = EDGE_LOOP ( 'NONE', ( #5502, #4654, #1167 ) ) ;
#7928 =( GEOMETRIC_REPRESENTATION_CONTEXT ( 3 ) GLOBAL_UNCERTAINTY_ASSIGNED_CONTEXT ( ( #412 ) ) GLOBAL_UNIT_ASSIGNED_CONTEXT ( ( #2050, #4327, #5730 ) ) REPRESENTATION_CONTEXT ( 'NONE', 'WORKASPACE' ) );
#7929 = DIRECTION ( 'NONE',  ( 1.000000000000000000, -2.891205793294679411E-15, 0.0000000000000000000 ) ) ;
#7930 = EDGE_CURVE ( 'NONE', #3426, #4641, #7315, .T. ) ;
#7931 = CARTESIAN_POINT ( 'NONE',  ( 2.541421356237309581, 0.2000000000000005107, 0.7999999999999999334 ) ) ;
#7932 = SURFACE_STYLE_FILL_AREA ( #6643 ) ;
#7933 = EDGE_LOOP ( 'NONE', ( #8033, #2161 ) ) ;
#7934 = CARTESIAN_POINT ( 'NONE',  ( -0.5999999999999989786, 0.2000000000000005107, -9.000000000000000000 ) ) ;
#7935 = CIRCLE ( 'NONE', #6472, 0.1414213562373092536 ) ;
#7936 = AXIS2_PLACEMENT_3D ( 'NONE', #7279, #2720, #8114 ) ;
#7937 = CARTESIAN_POINT ( 'NONE',  ( 3.200000000000000622, 0.1499999999999999667, 1.599999999999999867 ) ) ;
#7938 = AXIS2_PLACEMENT_3D ( 'NONE', #7292, #496, #5887 ) ;
#7939 = DIRECTION ( 'NONE',  ( -0.0000000000000000000, -1.000000000000000000, -0.0000000000000000000 ) ) ;
#7940 = VERTEX_POINT ( 'NONE', #6723 ) ;
#7941 = FILL_AREA_STYLE ('',( #9465 ) ) ;
#7942 = EDGE_CURVE ( 'NONE', #416, #4825, #337, .T. ) ;
#7943 = SURFACE_STYLE_USAGE ( .BOTH. , #8639 ) ;
#7944 = ORIENTED_EDGE ( 'NONE', *, *, #9427, .F. ) ;
#7945 = CIRCLE ( 'NONE', #6573, 0.1414213562373092536 ) ;
#7946 = CIRCLE ( 'NONE', #9540, 0.1414213562373092536 ) ;
#7947 = MECHANICAL_DESIGN_GEOMETRIC_PRESENTATION_REPRESENTATION (  '', ( #8313 ), #8820 ) ;
#7948 = ADVANCED_FACE ( 'NONE', ( #226 ), #6064, .F. ) ;
#7949 = CARTESIAN_POINT ( 'NONE',  ( 3.858578643762689886, 0.2000000000000005107, -2.400000000000000355 ) ) ;
#7950 = SPHERICAL_SURFACE ( 'NONE', #6026, 0.1499999999999999667 ) ;
#7951 = SURFACE_STYLE_USAGE ( .BOTH. , #5697 ) ;
#7952 = CIRCLE ( 'NONE', #6635, 0.1499999999999999667 ) ;
#7953 = PRESENTATION_LAYER_ASSIGNMENT (  '', '', ( #1756 ) ) ;
#7954 = FILL_AREA_STYLE ('',( #6444 ) ) ;
#7955 = ORIENTED_EDGE ( 'NONE', *, *, #1965, .F. ) ;
#7956 =( GEOMETRIC_REPRESENTATION_CONTEXT ( 3 ) GLOBAL_UNCERTAINTY_ASSIGNED_CONTEXT ( ( #6664 ) ) GLOBAL_UNIT_ASSIGNED_CONTEXT ( ( #6272, #5505, #4025 ) ) REPRESENTATION_CONTEXT ( 'NONE', 'WORKASPACE' ) );
#7957 = DIRECTION ( 'NONE',  ( -0.0000000000000000000, -1.000000000000000000, -0.0000000000000000000 ) ) ;
#7958 = ADVANCED_FACE ( 'NONE', ( #3629 ), #8255, .F. ) ;
#7959 = COLOUR_RGB ( '',0.7921568627450980005, 0.8196078431372548767, 0.9333333333333333481 ) ;
#7960 =( GEOMETRIC_REPRESENTATION_CONTEXT ( 3 ) GLOBAL_UNCERTAINTY_ASSIGNED_CONTEXT ( ( #7390 ) ) GLOBAL_UNIT_ASSIGNED_CONTEXT ( ( #1299, #5039, #6606 ) ) REPRESENTATION_CONTEXT ( 'NONE', 'WORKASPACE' ) );
#7961 = CIRCLE ( 'NONE', #6687, 0.1414213562373092536 ) ;
#7962 = VERTEX_POINT ( 'NONE', #7478 ) ;
#7963 = FACE_OUTER_BOUND ( 'NONE', #5414, .T. ) ;
#7964 = DIRECTION ( 'NONE',  ( 1.000000000000000000, -2.891205793294679411E-15, 0.0000000000000000000 ) ) ;
#7965 = EDGE_CURVE ( 'NONE', #2952, #6140, #6135, .T. ) ;
#7966 = DIRECTION ( 'NONE',  ( 0.0000000000000000000, 0.0000000000000000000, -1.000000000000000000 ) ) ;
#7967 = AXIS2_PLACEMENT_3D ( 'NONE', #5683, #2658, #4875 ) ;
#7968 =( NAMED_UNIT ( * ) SI_UNIT ( $, .STERADIAN. ) SOLID_ANGLE_UNIT ( ) );
#7969 = FACE_OUTER_BOUND ( 'NONE', #7814, .T. ) ;
#7970 = PLANE ( 'NONE',  #1778 ) ;
#7971 = VERTEX_POINT ( 'NONE', #57 ) ;
#7972 =( GEOMETRIC_REPRESENTATION_CONTEXT ( 3 ) GLOBAL_UNCERTAINTY_ASSIGNED_CONTEXT ( ( #1252 ) ) GLOBAL_UNIT_ASSIGNED_CONTEXT ( ( #3948, #9234, #205 ) ) REPRESENTATION_CONTEXT ( 'NONE', 'WORKASPACE' ) );
#7973 = CARTESIAN_POINT ( 'NONE',  ( 2.400000000000000355, 0.1499999999999999667, 3.200000000000000178 ) ) ;
#7974 = UNCERTAINTY_MEASURE_WITH_UNIT (LENGTH_MEASURE( 1.000000000000000082E-05 ), #1206, 'distance_accuracy_value', 'NONE');
#7975 = FACE_OUTER_BOUND ( 'NONE', #6808, .T. ) ;
#7976 = ORIENTED_EDGE ( 'NONE', *, *, #7202, .F. ) ;
#7977 = FACE_OUTER_BOUND ( 'NONE', #7073, .T. ) ;
#7978 = DIRECTION ( 'NONE',  ( 0.0000000000000000000, 0.0000000000000000000, 1.000000000000000000 ) ) ;
#7979 = FILL_AREA_STYLE ('',( #1076 ) ) ;
#7980 = AXIS2_PLACEMENT_3D ( 'NONE', #5691, #8730, #5634 ) ;
#7981 = DIRECTION ( 'NONE',  ( 0.0000000000000000000, 0.0000000000000000000, -1.000000000000000000 ) ) ;
#7982 = DIRECTION ( 'NONE',  ( 1.000000000000000000, -2.891205793294679411E-15, 0.0000000000000000000 ) ) ;
#7983 = ORIENTED_EDGE ( 'NONE', *, *, #2012, .F. ) ;
#7984 = FACE_OUTER_BOUND ( 'NONE', #5880, .T. ) ;
#7985 = STYLED_ITEM ( 'NONE', ( #6703 ), #8466 ) ;
#7986 = EDGE_LOOP ( 'NONE', ( #9745, #5904 ) ) ;
#7987 = CARTESIAN_POINT ( 'NONE',  ( 3.858578643762689886, 0.2000000000000005107, 1.599999999999999867 ) ) ;
#7988 = AXIS2_PLACEMENT_3D ( 'NONE', #9658, #9553, #468 ) ;
#7989 = MANIFOLD_SOLID_BREP ( 'Sketch-Pattern1[102]', #8071 ) ;
#7990 = ADVANCED_FACE ( 'NONE', ( #1497 ), #7789, .T. ) ;
#7991 = EDGE_CURVE ( 'NONE', #830, #4835, #2790, .T. ) ;
#7992 = CARTESIAN_POINT ( 'NONE',  ( 3.200000000000000178, 0.0000000000000000000, 2.400000000000000355 ) ) ;
#7993 = SURFACE_STYLE_USAGE ( .BOTH. , #5856 ) ;
#7994 = ORIENTED_EDGE ( 'NONE', *, *, #3755, .F. ) ;
#7995 = SURFACE_STYLE_FILL_AREA ( #6619 ) ;
#7996 = EDGE_CURVE ( 'NONE', #78, #7125, #3290, .T. ) ;
#7997 = DIRECTION ( 'NONE',  ( -0.0000000000000000000, -1.000000000000000000, -0.0000000000000000000 ) ) ;
#7998 = CARTESIAN_POINT ( 'NONE',  ( 1.600000000000000755, 0.1499999999999999667, -3.200000000000000622 ) ) ;
#7999 = PRESENTATION_LAYER_ASSIGNMENT (  '', '', ( #5485 ) ) ;
#8000 = PLANE ( 'NONE',  #8023 ) ;
#8001 = ORIENTED_EDGE ( 'NONE', *, *, #8817, .F. ) ;
#8002 = COLOUR_RGB ( '',0.7921568627450980005, 0.8196078431372548767, 0.9333333333333333481 ) ;
#8003 = ADVANCED_FACE ( 'NONE', ( #5760 ), #3040, .T. ) ;
#8004 = ORIENTED_EDGE ( 'NONE', *, *, #7206, .F. ) ;
#8005 = COLOUR_RGB ( '',0.7921568627450980005, 0.8196078431372548767, 0.9333333333333333481 ) ;
#8006 = VERTEX_POINT ( 'NONE', #6936 ) ;
#8007 =( GEOMETRIC_REPRESENTATION_CONTEXT ( 3 ) GLOBAL_UNCERTAINTY_ASSIGNED_CONTEXT ( ( #9700 ) ) GLOBAL_UNIT_ASSIGNED_CONTEXT ( ( #5944, #752, #1410 ) ) REPRESENTATION_CONTEXT ( 'NONE', 'WORKASPACE' ) );
#8008 = FACE_OUTER_BOUND ( 'NONE', #129, .T. ) ;
#8009 = EDGE_CURVE ( 'NONE', #8025, #2075, #3515, .T. ) ;
#8010 = ORIENTED_EDGE ( 'NONE', *, *, #6453, .F. ) ;
#8011 = DIRECTION ( 'NONE',  ( 0.0000000000000000000, 0.0000000000000000000, -1.000000000000000000 ) ) ;
#8012 = STYLED_ITEM ( 'NONE', ( #8086 ), #6058 ) ;
#8013 = CARTESIAN_POINT ( 'NONE',  ( -0.7999999999999994893, 0.1499999999999999667, 3.200000000000000178 ) ) ;
#8014 = AXIS2_PLACEMENT_3D ( 'NONE', #1784, #3268, #9475 ) ;
#8015 = DIRECTION ( 'NONE',  ( -1.000000000000000000, 0.0000000000000000000, 0.0000000000000000000 ) ) ;
#8016 = ORIENTED_EDGE ( 'NONE', *, *, #981, .T. ) ;
#8017 = DIRECTION ( 'NONE',  ( 1.000000000000000000, -2.891205793294679411E-15, 0.0000000000000000000 ) ) ;
#8018 = VERTEX_POINT ( 'NONE', #8419 ) ;
#8019 = DIRECTION ( 'NONE',  ( 0.0000000000000000000, 1.000000000000000000, 0.0000000000000000000 ) ) ;
#8020 = EDGE_CURVE ( 'NONE', #2438, #7341, #9400, .T. ) ;
#8021 = FILL_AREA_STYLE_COLOUR ( '', #4439 ) ;
#8022 = FACE_OUTER_BOUND ( 'NONE', #4112, .T. ) ;
#8023 = AXIS2_PLACEMENT_3D ( 'NONE', #5963, #4201, #632 ) ;
#8024 = CARTESIAN_POINT ( 'NONE',  ( 0.0000000000000000000, 0.1499999999999999667, 0.7999999999999999334 ) ) ;
#8025 = VERTEX_POINT ( 'NONE', #3108 ) ;
#8026 = CARTESIAN_POINT ( 'NONE',  ( -3.999999999999999112, 0.1499999999999999667, -0.8000000000000003775 ) ) ;
#8027 =( NAMED_UNIT ( * ) SI_UNIT ( $, .STERADIAN. ) SOLID_ANGLE_UNIT ( ) );
#8028 = ORIENTED_EDGE ( 'NONE', *, *, #1467, .T. ) ;
#8029 = CARTESIAN_POINT ( 'NONE',  ( 0.8000000000000003775, 0.2000000000000005107, 2.400000000000000355 ) ) ;
#8030 = DIRECTION ( 'NONE',  ( 1.000000000000000000, -2.891205793294679411E-15, 0.0000000000000000000 ) ) ;
#8031 = AXIS2_PLACEMENT_3D ( 'NONE', #6745, #9760, #4537 ) ;
#8032 = SURFACE_SIDE_STYLE ('',( #6593 ) ) ;
#8033 = ORIENTED_EDGE ( 'NONE', *, *, #2666, .F. ) ;
#8034 = UNCERTAINTY_MEASURE_WITH_UNIT (LENGTH_MEASURE( 1.000000000000000082E-05 ), #8404, 'distance_accuracy_value', 'NONE');
#8035 = FILL_AREA_STYLE_COLOUR ( '', #9027 ) ;
#8036 = CIRCLE ( 'NONE', #4804, 0.1499999999999999667 ) ;
#8037 = VERTEX_POINT ( 'NONE', #9219 ) ;
#8038 = SPHERICAL_SURFACE ( 'NONE', #6220, 0.1499999999999999667 ) ;
#8039 = CARTESIAN_POINT ( 'NONE',  ( -0.6585786437626902634, 0.2000000000000005107, -2.400000000000000355 ) ) ;
#8040 = ADVANCED_FACE ( 'NONE', ( #1752 ), #6300, .F. ) ;
#8041 = DIRECTION ( 'NONE',  ( 0.0000000000000000000, 0.0000000000000000000, -1.000000000000000000 ) ) ;
#8042 = AXIS2_PLACEMENT_3D ( 'NONE', #1648, #6973, #1610 ) ;
#8043 = DIRECTION ( 'NONE',  ( 0.0000000000000000000, 0.0000000000000000000, 1.000000000000000000 ) ) ;
#8044 = MANIFOLD_SOLID_BREP ( 'Sketch-Pattern1[9]', #9247 ) ;
#8045 = AXIS2_PLACEMENT_3D ( 'NONE', #4864, #1902, #8737 ) ;
#8046 = AXIS2_PLACEMENT_3D ( 'NONE', #3765, #9746, #5222 ) ;
#8047 =( NAMED_UNIT ( * ) SI_UNIT ( $, .STERADIAN. ) SOLID_ANGLE_UNIT ( ) );
#8048 = ORIENTED_EDGE ( 'NONE', *, *, #7965, .F. ) ;
#8049 = CIRCLE ( 'NONE', #4897, 0.1499999999999999667 ) ;
#8050 = PLANE ( 'NONE',  #6371 ) ;
#8051 = DIRECTION ( 'NONE',  ( 1.000000000000000000, 0.0000000000000000000, 0.0000000000000000000 ) ) ;
#8052 = DIRECTION ( 'NONE',  ( 0.0000000000000000000, 0.0000000000000000000, -1.000000000000000000 ) ) ;
#8053 = EDGE_CURVE ( 'NONE', #7335, #5639, #4094, .T. ) ;
#8054 = ADVANCED_FACE ( 'NONE', ( #3861 ), #8600, .T. ) ;
#8055 = EDGE_CURVE ( 'NONE', #6595, #2115, #8237, .T. ) ;
#8056 = ORIENTED_EDGE ( 'NONE', *, *, #3317, .F. ) ;
#8057 = CIRCLE ( 'NONE', #9044, 0.1414213562373092536 ) ;
#8058 = DIRECTION ( 'NONE',  ( 0.0000000000000000000, 0.0000000000000000000, -1.000000000000000000 ) ) ;
#8059 = CARTESIAN_POINT ( 'NONE',  ( -2.199999999999999289, 0.2000000000000005107, -6.599999999999998757 ) ) ;
#8060 = AXIS2_PLACEMENT_3D ( 'NONE', #5066, #4495, #6033 ) ;
#8061 = COLOUR_RGB ( '',0.7921568627450980005, 0.8196078431372548767, 0.9333333333333333481 ) ;
#8062 = DIRECTION ( 'NONE',  ( 0.0000000000000000000, 0.0000000000000000000, -1.000000000000000000 ) ) ;
#8063 = AXIS2_PLACEMENT_3D ( 'NONE', #7763, #4644, #1592 ) ;
#8064 = EDGE_CURVE ( 'NONE', #7971, #3537, #1383, .T. ) ;
#8065 = EDGE_LOOP ( 'NONE', ( #447, #5605, #8016 ) ) ;
#8066 = SURFACE_SIDE_STYLE ('',( #5893 ) ) ;
#8067 = CIRCLE ( 'NONE', #1493, 0.1499999999999999667 ) ;
#8068 = AXIS2_PLACEMENT_3D ( 'NONE', #1906, #4212, #5079 ) ;
#8069 = SURFACE_STYLE_FILL_AREA ( #907 ) ;
#8070 = DIRECTION ( 'NONE',  ( 1.000000000000000000, 0.0000000000000000000, 0.0000000000000000000 ) ) ;
#8071 = CLOSED_SHELL ( 'NONE', ( #5035, #2942, #4894 ) ) ;
#8072 = COLOUR_RGB ( '',0.7921568627450980005, 0.8196078431372548767, 0.9333333333333333481 ) ;
#8073 = ADVANCED_FACE ( 'NONE', ( #7417 ), #1798, .F. ) ;
#8074 = DIRECTION ( 'NONE',  ( 1.000000000000000000, -2.891205793294679411E-15, 0.0000000000000000000 ) ) ;
#8075 = FACE_OUTER_BOUND ( 'NONE', #251, .T. ) ;
#8076 = MECHANICAL_DESIGN_GEOMETRIC_PRESENTATION_REPRESENTATION (  '', ( #3008 ), #8592 ) ;
#8077 = DIRECTION ( 'NONE',  ( -0.0000000000000000000, -1.000000000000000000, -0.0000000000000000000 ) ) ;
#8078 = CARTESIAN_POINT ( 'NONE',  ( -0.7999999999999994893, 0.2000000000000005107, 2.400000000000000355 ) ) ;
#8079 = CIRCLE ( 'NONE', #8562, 0.1414213562373092536 ) ;
#8080 = DIRECTION ( 'NONE',  ( 0.0000000000000000000, 0.0000000000000000000, 1.000000000000000000 ) ) ;
#8081 = ORIENTED_EDGE ( 'NONE', *, *, #6237, .T. ) ;
#8082 = DIRECTION ( 'NONE',  ( 0.0000000000000000000, 0.0000000000000000000, 1.000000000000000000 ) ) ;
#8083 = FACE_OUTER_BOUND ( 'NONE', #6678, .T. ) ;
#8084 = CARTESIAN_POINT ( 'NONE',  ( 4.999999999999999112, 0.2000000000000005107, -1.799999999999999156 ) ) ;
#8085 = VERTEX_POINT ( 'NONE', #7987 ) ;
#8086 = PRESENTATION_STYLE_ASSIGNMENT (( #8860 ) ) ;
#8087 = AXIS2_PLACEMENT_3D ( 'NONE', #6198, #116, #7678 ) ;
#8088 = DIRECTION ( 'NONE',  ( -0.0000000000000000000, -1.000000000000000000, -0.0000000000000000000 ) ) ;
#8089 = PRESENTATION_STYLE_ASSIGNMENT (( #8424 ) ) ;
#8090 = DIRECTION ( 'NONE',  ( 0.0000000000000000000, 0.0000000000000000000, -1.000000000000000000 ) ) ;
#8091 = EDGE_CURVE ( 'NONE', #8236, #8821, #3398, .T. ) ;
#8092 = EDGE_LOOP ( 'NONE', ( #109, #5773 ) ) ;
#8093 =( NAMED_UNIT ( * ) SI_UNIT ( $, .STERADIAN. ) SOLID_ANGLE_UNIT ( ) );
#8094 = FACE_OUTER_BOUND ( 'NONE', #1722, .T. ) ;
#8095 = SURFACE_SIDE_STYLE ('',( #8697 ) ) ;
#8096 = STYLED_ITEM ( 'NONE', ( #7659 ), #5389 ) ;
#8097 = DIRECTION ( 'NONE',  ( 1.000000000000000000, -2.891205793294679411E-15, 0.0000000000000000000 ) ) ;
#8098 = ORIENTED_EDGE ( 'NONE', *, *, #7322, .T. ) ;
#8099 = UNCERTAINTY_MEASURE_WITH_UNIT (LENGTH_MEASURE( 1.000000000000000082E-05 ), #8980, 'distance_accuracy_value', 'NONE');
#8100 = SPHERICAL_SURFACE ( 'NONE', #3873, 0.1499999999999999667 ) ;
#8101 = AXIS2_PLACEMENT_3D ( 'NONE', #4682, #3198, #76 ) ;
#8102 = ADVANCED_FACE ( 'NONE', ( #1045 ), #3434, .F. ) ;
#8103 = VERTEX_POINT ( 'NONE', #8749 ) ;
#8104 = ORIENTED_EDGE ( 'NONE', *, *, #3938, .F. ) ;
#8105 = AXIS2_PLACEMENT_3D ( 'NONE', #8579, #7901, #4115 ) ;
#8106 = AXIS2_PLACEMENT_3D ( 'NONE', #7248, #2677, #4073 ) ;
#8107 = DIRECTION ( 'NONE',  ( 0.0000000000000000000, -1.000000000000000000, -0.0000000000000000000 ) ) ;
#8108 = CARTESIAN_POINT ( 'NONE',  ( 3.058578643762691396, 0.2000000000000005107, 2.400000000000000355 ) ) ;
#8109 = EDGE_CURVE ( 'NONE', #6595, #2224, #2904, .T. ) ;
#8110 = ORIENTED_EDGE ( 'NONE', *, *, #7301, .F. ) ;
#8111 = VERTEX_POINT ( 'NONE', #1963 ) ;
#8112 = AXIS2_PLACEMENT_3D ( 'NONE', #1480, #4413, #5152 ) ;
#8113 = DIRECTION ( 'NONE',  ( 0.0000000000000000000, 0.0000000000000000000, -1.000000000000000000 ) ) ;
#8114 = DIRECTION ( 'NONE',  ( -1.000000000000000000, 0.0000000000000000000, 0.0000000000000000000 ) ) ;
#8115 = CARTESIAN_POINT ( 'NONE',  ( 3.858578643762689886, 0.2000000000000005107, -0.8000000000000003775 ) ) ;
#8116 = CIRCLE ( 'NONE', #3025, 0.1414213562373092536 ) ;
#8117 = DIRECTION ( 'NONE',  ( 0.0000000000000000000, 0.0000000000000000000, 1.000000000000000000 ) ) ;
#8118 =( GEOMETRIC_REPRESENTATION_CONTEXT ( 3 ) GLOBAL_UNCERTAINTY_ASSIGNED_CONTEXT ( ( #1868 ) ) GLOBAL_UNIT_ASSIGNED_CONTEXT ( ( #9162, #7029, #5404 ) ) REPRESENTATION_CONTEXT ( 'NONE', 'WORKASPACE' ) );
#8119 = DIRECTION ( 'NONE',  ( 0.0000000000000000000, 0.0000000000000000000, -1.000000000000000000 ) ) ;
#8120 = SURFACE_SIDE_STYLE ('',( #7995 ) ) ;
#8121 = MECHANICAL_DESIGN_GEOMETRIC_PRESENTATION_REPRESENTATION (  '', ( #527 ), #1913 ) ;
#8122 = ORIENTED_EDGE ( 'NONE', *, *, #3414, .T. ) ;
#8123 = FACE_OUTER_BOUND ( 'NONE', #4285, .T. ) ;
#8124 = EDGE_CURVE ( 'NONE', #7619, #6173, #4935, .T. ) ;
#8125 =( NAMED_UNIT ( * ) PLANE_ANGLE_UNIT ( ) SI_UNIT ( $, .RADIAN. ) );
#8126 = DIRECTION ( 'NONE',  ( 0.0000000000000000000, -1.000000000000000000, -0.0000000000000000000 ) ) ;
#8127 = DIRECTION ( 'NONE',  ( 1.000000000000000000, -2.891205793294679411E-15, 0.0000000000000000000 ) ) ;
#8128 = ORIENTED_EDGE ( 'NONE', *, *, #7147, .F. ) ;
#8129 = SURFACE_SIDE_STYLE ('',( #3793 ) ) ;
#8130 = EDGE_LOOP ( 'NONE', ( #768, #3669, #9641 ) ) ;
#8131 = DIRECTION ( 'NONE',  ( 0.0000000000000000000, -1.000000000000000000, -0.0000000000000000000 ) ) ;
#8132 = DIRECTION ( 'NONE',  ( -0.0000000000000000000, -1.000000000000000000, -0.0000000000000000000 ) ) ;
#8133 = ORIENTED_EDGE ( 'NONE', *, *, #2547, .F. ) ;
#8134 = AXIS2_PLACEMENT_3D ( 'NONE', #4793, #9301, #7840 ) ;
#8135 = ORIENTED_EDGE ( 'NONE', *, *, #9075, .F. ) ;
#8136 = CIRCLE ( 'NONE', #1516, 0.1499999999999999667 ) ;
#8137 =( NAMED_UNIT ( * ) SI_UNIT ( $, .STERADIAN. ) SOLID_ANGLE_UNIT ( ) );
#8138 = DIRECTION ( 'NONE',  ( 1.000000000000000000, 0.0000000000000000000, 0.0000000000000000000 ) ) ;
#8139 = ORIENTED_EDGE ( 'NONE', *, *, #635, .T. ) ;
#8140 = AXIS2_PLACEMENT_3D ( 'NONE', #3665, #5149, #5217 ) ;
#8141 = EDGE_LOOP ( 'NONE', ( #7282, #6831, #9449 ) ) ;
#8142 = CARTESIAN_POINT ( 'NONE',  ( -3.999999999999999112, 0.1499999999999999667, -4.000000000000000000 ) ) ;
#8143 = CIRCLE ( 'NONE', #2451, 0.1414213562373092536 ) ;
#8144 = SURFACE_SIDE_STYLE ('',( #950 ) ) ;
#8145 = AXIS2_PLACEMENT_3D ( 'NONE', #5105, #8828, #5801 ) ;
#8146 = DIRECTION ( 'NONE',  ( 0.0000000000000000000, -1.000000000000000000, -0.0000000000000000000 ) ) ;
#8147 = FILL_AREA_STYLE ('',( #4337 ) ) ;
#8148 = VERTEX_POINT ( 'NONE', #2789 ) ;
#8149 = ADVANCED_FACE ( 'NONE', ( #5041 ), #5160, .T. ) ;
#8150 = EDGE_CURVE ( 'NONE', #9082, #9538, #8707, .T. ) ;
#8151 = ORIENTED_EDGE ( 'NONE', *, *, #9676, .T. ) ;
#8152 = DIRECTION ( 'NONE',  ( -0.0000000000000000000, -1.000000000000000000, -0.0000000000000000000 ) ) ;
#8153 = CIRCLE ( 'NONE', #8031, 0.1499999999999999667 ) ;
#8154 = AXIS2_PLACEMENT_3D ( 'NONE', #8158, #2970, #6691 ) ;
#8155 = PRESENTATION_LAYER_ASSIGNMENT (  '', '', ( #9650 ) ) ;
#8156 = UNCERTAINTY_MEASURE_WITH_UNIT (LENGTH_MEASURE( 1.000000000000000082E-05 ), #9094, 'distance_accuracy_value', 'NONE');
#8157 = CARTESIAN_POINT ( 'NONE',  ( 3.200000000000000622, 0.2000000000000005107, 0.7999999999999999334 ) ) ;
#8158 = CARTESIAN_POINT ( 'NONE',  ( 3.200000000000000622, 0.1499999999999999667, -3.200000000000000622 ) ) ;
#8159 =( NAMED_UNIT ( * ) PLANE_ANGLE_UNIT ( ) SI_UNIT ( $, .RADIAN. ) );
#8160 = EDGE_LOOP ( 'NONE', ( #3925, #2923, #4322 ) ) ;
#8161 = STYLED_ITEM ( 'NONE', ( #4728 ), #4103 ) ;
#8162 = CIRCLE ( 'NONE', #6779, 0.1414213562373092536 ) ;
#8163 = AXIS2_PLACEMENT_3D ( 'NONE', #8996, #9736, #8343 ) ;
#8164 = MANIFOLD_SOLID_BREP ( 'Sketch-Pattern1[52]', #6871 ) ;
#8165 = CARTESIAN_POINT ( 'NONE',  ( 0.8000000000000012657, 0.1499999999999999667, 6.086346753639119761E-18 ) ) ;
#8166 = ORIENTED_EDGE ( 'NONE', *, *, #3489, .T. ) ;
#8167 = SURFACE_STYLE_FILL_AREA ( #5017 ) ;
#8168 = CARTESIAN_POINT ( 'NONE',  ( 0.7999999999999999334, 0.0000000000000000000, 2.400000000000000355 ) ) ;
#8169 = DIRECTION ( 'NONE',  ( 0.0000000000000000000, 0.0000000000000000000, -1.000000000000000000 ) ) ;
#8170 = DIRECTION ( 'NONE',  ( -0.0000000000000000000, -1.000000000000000000, -0.0000000000000000000 ) ) ;
#8171 = CARTESIAN_POINT ( 'NONE',  ( 0.8000000000000003775, 0.1499999999999999667, 2.400000000000000355 ) ) ;
#8172 = ORIENTED_EDGE ( 'NONE', *, *, #1020, .T. ) ;
#8173 = DIRECTION ( 'NONE',  ( 1.000000000000000000, 0.0000000000000000000, 0.0000000000000000000 ) ) ;
#8174 = DIRECTION ( 'NONE',  ( 1.224646799147353207E-16, -3.540705920434613265E-31, -1.000000000000000000 ) ) ;
#8175 = EDGE_CURVE ( 'NONE', #3265, #2391, #8589, .T. ) ;
#8176 = DIRECTION ( 'NONE',  ( 0.0000000000000000000, 0.0000000000000000000, -1.000000000000000000 ) ) ;
#8177 = FACE_OUTER_BOUND ( 'NONE', #6486, .T. ) ;
#8178 = EDGE_CURVE ( 'NONE', #7688, #3969, #1741, .T. ) ;
#8179 = COLOUR_RGB ( '',0.7921568627450980005, 0.8196078431372548767, 0.9333333333333333481 ) ;
#8180 = SURFACE_STYLE_USAGE ( .BOTH. , #1509 ) ;
#8181 = ORIENTED_EDGE ( 'NONE', *, *, #3453, .T. ) ;
#8182 = CARTESIAN_POINT ( 'NONE',  ( -0.7999999999999994893, 0.1499999999999999667, -4.000000000000000000 ) ) ;
#8183 = DIRECTION ( 'NONE',  ( 1.000000000000000000, 0.0000000000000000000, 0.0000000000000000000 ) ) ;
#8184 = AXIS2_PLACEMENT_3D ( 'NONE', #5269, #615, #3896 ) ;
#8185 = DIRECTION ( 'NONE',  ( 0.0000000000000000000, 0.0000000000000000000, -1.000000000000000000 ) ) ;
#8186 = DIRECTION ( 'NONE',  ( -0.0000000000000000000, -1.000000000000000000, -0.0000000000000000000 ) ) ;
#8187 = CARTESIAN_POINT ( 'NONE',  ( 3.200000000000000622, 0.1499999999999999667, -1.599999999999999867 ) ) ;
#8188 = EDGE_LOOP ( 'NONE', ( #2811, #1532, #1176 ) ) ;
#8189 = DIRECTION ( 'NONE',  ( 0.0000000000000000000, 0.0000000000000000000, -1.000000000000000000 ) ) ;
#8190 = AXIS2_PLACEMENT_3D ( 'NONE', #2919, #8207, #8957 ) ;
#8191 = VERTEX_POINT ( 'NONE', #2090 ) ;
#8192 = ADVANCED_FACE ( 'NONE', ( #5279 ), #212, .T. ) ;
#8193 = CARTESIAN_POINT ( 'NONE',  ( 2.400000000000000355, 0.2000000000000005107, 2.400000000000000355 ) ) ;
#8194 = PLANE ( 'NONE',  #797 ) ;
#8195 = DIRECTION ( 'NONE',  ( 0.0000000000000000000, 0.0000000000000000000, -1.000000000000000000 ) ) ;
#8196 = DIRECTION ( 'NONE',  ( 0.0000000000000000000, 0.0000000000000000000, 1.000000000000000000 ) ) ;
#8197 = AXIS2_PLACEMENT_3D ( 'NONE', #2382, #6883, #5481 ) ;
#8198 = CIRCLE ( 'NONE', #987, 0.1499999999999999667 ) ;
#8199 = ORIENTED_EDGE ( 'NONE', *, *, #3755, .T. ) ;
#8200 = SPHERICAL_SURFACE ( 'NONE', #2101, 0.1499999999999999667 ) ;
#8201 = CARTESIAN_POINT ( 'NONE',  ( 3.200000000000000622, 0.2000000000000005107, -2.400000000000000355 ) ) ;
#8202 = CARTESIAN_POINT ( 'NONE',  ( -0.9414213562373087152, 0.2000000000000005107, -3.200000000000000622 ) ) ;
#8203 = PLANE ( 'NONE',  #726 ) ;
#8204 = PRESENTATION_STYLE_ASSIGNMENT (( #6576 ) ) ;
#8205 = DIRECTION ( 'NONE',  ( 1.224646799147353207E-16, -3.540705920434613265E-31, -1.000000000000000000 ) ) ;
#8206 = DIRECTION ( 'NONE',  ( 1.224646799147353207E-16, -3.540705920434613265E-31, -1.000000000000000000 ) ) ;
#8207 = DIRECTION ( 'NONE',  ( -0.0000000000000000000, -1.000000000000000000, -0.0000000000000000000 ) ) ;
#8208 = DIRECTION ( 'NONE',  ( 0.0000000000000000000, 0.0000000000000000000, -1.000000000000000000 ) ) ;
#8209 = VERTEX_POINT ( 'NONE', #5778 ) ;
#8210 = DIRECTION ( 'NONE',  ( 1.224646799147353207E-16, -3.540705920434613265E-31, -1.000000000000000000 ) ) ;
#8211 = FACE_OUTER_BOUND ( 'NONE', #8633, .T. ) ;
#8212 = STYLED_ITEM ( 'NONE', ( #4134 ), #3795 ) ;
#8213 =( NAMED_UNIT ( * ) PLANE_ANGLE_UNIT ( ) SI_UNIT ( $, .RADIAN. ) );
#8214 = CIRCLE ( 'NONE', #4229, 0.1499999999999999667 ) ;
#8215 = CARTESIAN_POINT ( 'NONE',  ( -3.199999999999999734, 0.1499999999999999667, -0.8000000000000003775 ) ) ;
#8216 = CARTESIAN_POINT ( 'NONE',  ( -2.399999999999999911, 0.0000000000000000000, -2.400000000000000355 ) ) ;
#8217 =( NAMED_UNIT ( * ) PLANE_ANGLE_UNIT ( ) SI_UNIT ( $, .RADIAN. ) );
#8218 = ADVANCED_FACE ( 'NONE', ( #3282 ), #6787, .F. ) ;
#8219 = DIRECTION ( 'NONE',  ( -0.0000000000000000000, -1.000000000000000000, -0.0000000000000000000 ) ) ;
#8220 = ORIENTED_EDGE ( 'NONE', *, *, #2652, .F. ) ;
#8221 = MANIFOLD_SOLID_BREP ( 'Sketch-Pattern1[119]', #8473 ) ;
#8222 = FACE_OUTER_BOUND ( 'NONE', #1082, .T. ) ;
#8223 = ORIENTED_EDGE ( 'NONE', *, *, #9730, .T. ) ;
#8224 = CIRCLE ( 'NONE', #2239, 0.1414213562373092536 ) ;
#8225 = DIRECTION ( 'NONE',  ( 0.0000000000000000000, -1.000000000000000000, -0.0000000000000000000 ) ) ;
#8226 = PRESENTATION_STYLE_ASSIGNMENT (( #566 ) ) ;
#8227 = MECHANICAL_DESIGN_GEOMETRIC_PRESENTATION_REPRESENTATION (  '', ( #5193 ), #9240 ) ;
#8228 = ORIENTED_EDGE ( 'NONE', *, *, #3994, .T. ) ;
#8229 = SURFACE_SIDE_STYLE ('',( #5889 ) ) ;
#8230 = MECHANICAL_DESIGN_GEOMETRIC_PRESENTATION_REPRESENTATION (  '', ( #770 ), #3618 ) ;
#8231 = CARTESIAN_POINT ( 'NONE',  ( 0.8000000000000008216, 0.0000000000000000000, -4.000000000000000000 ) ) ;
#8232 = EDGE_CURVE ( 'NONE', #2569, #6460, #3972, .T. ) ;
#8233 = CARTESIAN_POINT ( 'NONE',  ( -0.7999999999999994893, 0.1499999999999999667, 2.400000000000000355 ) ) ;
#8234 = ORIENTED_EDGE ( 'NONE', *, *, #4223, .F. ) ;
#8235 = CARTESIAN_POINT ( 'NONE',  ( 0.8000000000000008216, 0.0000000000000000000, -0.8000000000000003775 ) ) ;
#8236 = VERTEX_POINT ( 'NONE', #4877 ) ;
#8237 = CIRCLE ( 'NONE', #971, 0.1499999999999999667 ) ;
#8238 = EDGE_CURVE ( 'NONE', #1870, #7918, #2776, .T. ) ;
#8239 = CARTESIAN_POINT ( 'NONE',  ( 2.399999999999999911, 0.0000000000000000000, 0.7999999999999999334 ) ) ;
#8240 = DIRECTION ( 'NONE',  ( 1.000000000000000000, -2.891205793294679411E-15, 0.0000000000000000000 ) ) ;
#8241 = ORIENTED_EDGE ( 'NONE', *, *, #7560, .F. ) ;
#8242 = CARTESIAN_POINT ( 'NONE',  ( 3.999999999999999112, 0.2000000000000005107, -2.400000000000000355 ) ) ;
#8243 = AXIS2_PLACEMENT_3D ( 'NONE', #2797, #4966, #4932 ) ;
#8244 = ADVANCED_FACE ( 'NONE', ( #7092 ), #359, .F. ) ;
#8245 = ORIENTED_EDGE ( 'NONE', *, *, #6488, .T. ) ;
#8246 = FACE_OUTER_BOUND ( 'NONE', #3773, .T. ) ;
#8247 = AXIS2_PLACEMENT_3D ( 'NONE', #988, #6953, #9195 ) ;
#8248 = EDGE_CURVE ( 'NONE', #2746, #7650, #5752, .T. ) ;
#8249 = DIRECTION ( 'NONE',  ( 0.0000000000000000000, 0.0000000000000000000, -1.000000000000000000 ) ) ;
#8250 = CARTESIAN_POINT ( 'NONE',  ( 5.000000000000000888, -14.14213562373094923, -4.999999999999999112 ) ) ;
#8251 = VERTEX_POINT ( 'NONE', #389 ) ;
#8252 = CARTESIAN_POINT ( 'NONE',  ( -0.7999999999999999334, 0.0000000000000000000, 1.599999999999999867 ) ) ;
#8253 = ORIENTED_EDGE ( 'NONE', *, *, #1280, .F. ) ;
#8254 = FILL_AREA_STYLE_COLOUR ( '', #999 ) ;
#8255 = PLANE ( 'NONE',  #4179 ) ;
#8256 = SPHERICAL_SURFACE ( 'NONE', #6408, 0.1499999999999999667 ) ;
#8257 = ORIENTED_EDGE ( 'NONE', *, *, #8009, .F. ) ;
#8258 = ORIENTED_EDGE ( 'NONE', *, *, #5670, .F. ) ;
#8259 = DIRECTION ( 'NONE',  ( 1.224646799147353207E-16, -3.540705920434613265E-31, -1.000000000000000000 ) ) ;
#8260 = CARTESIAN_POINT ( 'NONE',  ( 0.8000000000000003775, 0.1499999999999999667, 4.000000000000000000 ) ) ;
#8261 = AXIS2_PLACEMENT_3D ( 'NONE', #7262, #4196, #8030 ) ;
#8262 = ORIENTED_EDGE ( 'NONE', *, *, #3933, .T. ) ;
#8263 = ADVANCED_FACE ( 'NONE', ( #6837 ), #7180, .F. ) ;
#8264 = CARTESIAN_POINT ( 'NONE',  ( 0.1414213562373092536, 0.2000000000000005107, 2.400000000000000355 ) ) ;
#8265 = CIRCLE ( 'NONE', #7169, 0.1499999999999999667 ) ;
#8266 = CARTESIAN_POINT ( 'NONE',  ( -0.9414213562373087152, 0.2000000000000005107, 1.599999999999999867 ) ) ;
#8267 = EDGE_LOOP ( 'NONE', ( #9423, #561, #514 ) ) ;
#8268 = FACE_OUTER_BOUND ( 'NONE', #7303, .T. ) ;
#8269 = SURFACE_SIDE_STYLE ('',( #6175 ) ) ;
#8270 = PLANE ( 'NONE',  #1285 ) ;
#8271 = AXIS2_PLACEMENT_3D ( 'NONE', #2861, #3634, #7471 ) ;
#8272 = CARTESIAN_POINT ( 'NONE',  ( 2.600000000000000533, 0.2000000000000005107, -6.599999999999998757 ) ) ;
#8273 = CARTESIAN_POINT ( 'NONE',  ( -0.7999999999999994893, 0.1499999999999999667, -2.400000000000000355 ) ) ;
#8274 = UNCERTAINTY_MEASURE_WITH_UNIT (LENGTH_MEASURE( 1.000000000000000082E-05 ), #6280, 'distance_accuracy_value', 'NONE');
#8275 = EDGE_CURVE ( 'NONE', #5547, #4925, #5530, .T. ) ;
#8276 = AXIS2_PLACEMENT_3D ( 'NONE', #1115, #3413, #7964 ) ;
#8277 = CLOSED_SHELL ( 'NONE', ( #5667, #5400, #5251 ) ) ;
#8278 = COLOUR_RGB ( '',0.7921568627450980005, 0.8196078431372548767, 0.9333333333333333481 ) ;
#8279 = CARTESIAN_POINT ( 'NONE',  ( 2.400000000000000355, 0.1499999999999999667, 0.7999999999999999334 ) ) ;
#8280 = DIRECTION ( 'NONE',  ( 1.224646799147353207E-16, -3.540705920434613265E-31, -1.000000000000000000 ) ) ;
#8281 = CARTESIAN_POINT ( 'NONE',  ( 2.400000000000001688, 0.0000000000000000000, -2.400000000000000355 ) ) ;
#8282 = DIRECTION ( 'NONE',  ( 0.0000000000000000000, 0.0000000000000000000, -1.000000000000000000 ) ) ;
#8283 =( NAMED_UNIT ( * ) SI_UNIT ( $, .STERADIAN. ) SOLID_ANGLE_UNIT ( ) );
#8284 = AXIS2_PLACEMENT_3D ( 'NONE', #1074, #4828, #8650 ) ;
#8285 = MANIFOLD_SOLID_BREP ( 'Sketch-Pattern1[14]', #920 ) ;
#8286 = DIRECTION ( 'NONE',  ( 0.0000000000000000000, 0.0000000000000000000, -1.000000000000000000 ) ) ;
#8287 = AXIS2_PLACEMENT_3D ( 'NONE', #45, #8306, #4406 ) ;
#8288 = ORIENTED_EDGE ( 'NONE', *, *, #3188, .T. ) ;
#8289 = CARTESIAN_POINT ( 'NONE',  ( -3.200000000000000622, 0.0000000000000000000, 4.000000000000000000 ) ) ;
#8290 = SPHERICAL_SURFACE ( 'NONE', #8769, 0.1499999999999999667 ) ;
#8291 = ADVANCED_FACE ( 'NONE', ( #9043 ), #440, .T. ) ;
#8292 = EDGE_CURVE ( 'NONE', #3969, #6208, #4208, .T. ) ;
#8293 = CARTESIAN_POINT ( 'NONE',  ( -4.000000000000000000, 0.1499999999999999667, 0.7999999999999999334 ) ) ;
#8294 = AXIS2_PLACEMENT_3D ( 'NONE', #1685, #1039, #9304 ) ;
#8295 = EDGE_LOOP ( 'NONE', ( #7046, #5192 ) ) ;
#8296 = PRESENTATION_STYLE_ASSIGNMENT (( #355 ) ) ;
#8297 = PRESENTATION_LAYER_ASSIGNMENT (  '', '', ( #403 ) ) ;
#8298 = LINE ( 'NONE', #2969, #6914 ) ;
#8299 = CARTESIAN_POINT ( 'NONE',  ( -3.199999999999999734, 0.1499999999999999667, 6.086346753639119761E-18 ) ) ;
#8300 = AXIS2_PLACEMENT_3D ( 'NONE', #526, #7346, #8119 ) ;
#8301 = CARTESIAN_POINT ( 'NONE',  ( -3.200000000000000178, 0.0000000000000000000, 6.086346753639119761E-18 ) ) ;
#8302 = DIRECTION ( 'NONE',  ( 0.0000000000000000000, 0.0000000000000000000, -1.000000000000000000 ) ) ;
#8303 = EDGE_CURVE ( 'NONE', #6360, #3218, #8456, .T. ) ;
#8304 = ORIENTED_EDGE ( 'NONE', *, *, #8248, .T. ) ;
#8305 = DIRECTION ( 'NONE',  ( 0.0000000000000000000, 0.0000000000000000000, -1.000000000000000000 ) ) ;
#8306 = DIRECTION ( 'NONE',  ( 0.0000000000000000000, -1.000000000000000000, -0.0000000000000000000 ) ) ;
#8307 = EDGE_CURVE ( 'NONE', #6521, #6710, #9497, .T. ) ;
#8308 = EDGE_LOOP ( 'NONE', ( #8110, #6251 ) ) ;
#8309 = FACE_OUTER_BOUND ( 'NONE', #8938, .T. ) ;
#8310 = CARTESIAN_POINT ( 'NONE',  ( 1.599999999999999867, 0.2000000000000005107, 2.400000000000000355 ) ) ;
#8311 = SPHERICAL_SURFACE ( 'NONE', #9735, 0.1499999999999999667 ) ;
#8312 = CARTESIAN_POINT ( 'NONE',  ( -4.000000000000000000, 0.2000000000000005107, 1.599999999999999867 ) ) ;
#8313 = STYLED_ITEM ( 'NONE', ( #992 ), #6714 ) ;
#8314 = ADVANCED_FACE ( 'NONE', ( #6965 ), #8701, .T. ) ;
#8315 = VERTEX_POINT ( 'NONE', #2829 ) ;
#8316 = DIRECTION ( 'NONE',  ( 0.0000000000000000000, -1.000000000000000000, -0.0000000000000000000 ) ) ;
#8317 = FACE_OUTER_BOUND ( 'NONE', #7933, .T. ) ;
#8318 = DIRECTION ( 'NONE',  ( 1.224646799147353207E-16, -3.540705920434613265E-31, -1.000000000000000000 ) ) ;
#8319 =( NAMED_UNIT ( * ) SI_UNIT ( $, .STERADIAN. ) SOLID_ANGLE_UNIT ( ) );
#8320 = DIRECTION ( 'NONE',  ( 0.0000000000000000000, 0.0000000000000000000, -1.000000000000000000 ) ) ;
#8321 = DIRECTION ( 'NONE',  ( 1.224646799147353207E-16, -3.540705920434613265E-31, -1.000000000000000000 ) ) ;
#8322 = STYLED_ITEM ( 'NONE', ( #1222 ), #1323 ) ;
#8323 = FACE_OUTER_BOUND ( 'NONE', #803, .T. ) ;
#8324 = AXIS2_PLACEMENT_3D ( 'NONE', #3702, #6893, #2322 ) ;
#8325 = EDGE_LOOP ( 'NONE', ( #1463, #463, #1339 ) ) ;
#8326 = CIRCLE ( 'NONE', #420, 0.1499999999999999667 ) ;
#8327 = DIRECTION ( 'NONE',  ( 0.0000000000000000000, 0.0000000000000000000, -1.000000000000000000 ) ) ;
#8328 = PLANE ( 'NONE',  #9689 ) ;
#8329 = CARTESIAN_POINT ( 'NONE',  ( 4.200000000000000178, 0.2000000000000005107, -5.799999999999999822 ) ) ;
#8330 = AXIS2_PLACEMENT_3D ( 'NONE', #7716, #5496, #969 ) ;
#8331 = AXIS2_PLACEMENT_3D ( 'NONE', #3462, #2688, #3491 ) ;
#8332 = UNCERTAINTY_MEASURE_WITH_UNIT (LENGTH_MEASURE( 1.000000000000000082E-05 ), #7021, 'distance_accuracy_value', 'NONE');
#8333 = ORIENTED_EDGE ( 'NONE', *, *, #2487, .T. ) ;
#8334 = FILL_AREA_STYLE ('',( #672 ) ) ;
#8335 = ORIENTED_EDGE ( 'NONE', *, *, #8064, .F. ) ;
#8336 = FACE_OUTER_BOUND ( 'NONE', #1542, .T. ) ;
#8337 = DIRECTION ( 'NONE',  ( -0.0000000000000000000, -1.000000000000000000, -0.0000000000000000000 ) ) ;
#8338 = MECHANICAL_DESIGN_GEOMETRIC_PRESENTATION_REPRESENTATION (  '', ( #7856 ), #8528 ) ;
#8339 = CARTESIAN_POINT ( 'NONE',  ( 2.600000000000000533, 0.2000000000000005107, -5.799999999999999822 ) ) ;
#8340 = SURFACE_SIDE_STYLE ('',( #5245 ) ) ;
#8341 = DIRECTION ( 'NONE',  ( 0.0000000000000000000, 0.0000000000000000000, -1.000000000000000000 ) ) ;
#8342 = ADVANCED_FACE ( 'NONE', ( #3150 ), #1602, .T. ) ;
#8343 = DIRECTION ( 'NONE',  ( 0.0000000000000000000, 0.0000000000000000000, -1.000000000000000000 ) ) ;
#8344 = ORIENTED_EDGE ( 'NONE', *, *, #2601, .T. ) ;
#8345 = MANIFOLD_SOLID_BREP ( 'Sketch-Pattern1[95]', #3502 ) ;
#8346 = ORIENTED_EDGE ( 'NONE', *, *, #1474, .T. ) ;
#8347 = AXIS2_PLACEMENT_3D ( 'NONE', #5918, #7497, #7561 ) ;
#8348 = CARTESIAN_POINT ( 'NONE',  ( -0.5999999999999998668, 0.2000000000000005107, -4.199999999999999289 ) ) ;
#8349 =( NAMED_UNIT ( * ) SI_UNIT ( $, .STERADIAN. ) SOLID_ANGLE_UNIT ( ) );
#8350 = CARTESIAN_POINT ( 'NONE',  ( -3.200000000000000178, 0.0000000000000000000, -0.8000000000000003775 ) ) ;
#8351 = DIRECTION ( 'NONE',  ( 0.0000000000000000000, 0.0000000000000000000, -1.000000000000000000 ) ) ;
#8352 =( NAMED_UNIT ( * ) SI_UNIT ( $, .STERADIAN. ) SOLID_ANGLE_UNIT ( ) );
#8353 = DIRECTION ( 'NONE',  ( 0.0000000000000000000, 0.0000000000000000000, -1.000000000000000000 ) ) ;
#8354 = EDGE_LOOP ( 'NONE', ( #3892, #7065, #3060 ) ) ;
#8355 =( NAMED_UNIT ( * ) PLANE_ANGLE_UNIT ( ) SI_UNIT ( $, .RADIAN. ) );
#8356 = DIRECTION ( 'NONE',  ( 0.0000000000000000000, 0.0000000000000000000, -1.000000000000000000 ) ) ;
#8357 = EDGE_LOOP ( 'NONE', ( #580, #140, #4735 ) ) ;
#8358 = ORIENTED_EDGE ( 'NONE', *, *, #7422, .T. ) ;
#8359 = PRESENTATION_LAYER_ASSIGNMENT (  '', '', ( #7689 ) ) ;
#8360 = AXIS2_PLACEMENT_3D ( 'NONE', #4476, #5243, #4511 ) ;
#8361 = DIRECTION ( 'NONE',  ( -1.000000000000000000, 0.0000000000000000000, 0.0000000000000000000 ) ) ;
#8362 = ORIENTED_EDGE ( 'NONE', *, *, #7560, .T. ) ;
#8363 = CLOSED_SHELL ( 'NONE', ( #4942, #1217, #5638 ) ) ;
#8364 = EDGE_CURVE ( 'NONE', #1382, #63, #5991, .T. ) ;
#8365 = CLOSED_SHELL ( 'NONE', ( #4023, #5583, #3650 ) ) ;
#8366 = ADVANCED_FACE ( 'NONE', ( #1727 ), #3671, .F. ) ;
#8367 = SPHERICAL_SURFACE ( 'NONE', #604, 0.1499999999999999667 ) ;
#8368 = EDGE_CURVE ( 'NONE', #5877, #1392, #9625, .T. ) ;
#8369 = VERTEX_POINT ( 'NONE', #662 ) ;
#8370 =( NAMED_UNIT ( * ) PLANE_ANGLE_UNIT ( ) SI_UNIT ( $, .RADIAN. ) );
#8371 = ORIENTED_EDGE ( 'NONE', *, *, #42, .F. ) ;
#8372 = MECHANICAL_DESIGN_GEOMETRIC_PRESENTATION_REPRESENTATION (  '', ( #7208 ), #2281 ) ;
#8373 = SURFACE_STYLE_USAGE ( .BOTH. , #5446 ) ;
#8374 = EDGE_LOOP ( 'NONE', ( #3407, #9651, #7395 ) ) ;
#8375 = SURFACE_STYLE_FILL_AREA ( #5282 ) ;
#8376 = CARTESIAN_POINT ( 'NONE',  ( 2.400000000000000355, 0.2000000000000005107, 1.599999999999999867 ) ) ;
#8377 = DIRECTION ( 'NONE',  ( 1.000000000000000000, -2.891205793294679411E-15, 0.0000000000000000000 ) ) ;
#8378 = AXIS2_PLACEMENT_3D ( 'NONE', #640, #2618, #6437 ) ;
#8379 = FILL_AREA_STYLE_COLOUR ( '', #8061 ) ;
#8380 = DIRECTION ( 'NONE',  ( -0.0000000000000000000, -1.000000000000000000, -0.0000000000000000000 ) ) ;
#8381 = ORIENTED_EDGE ( 'NONE', *, *, #9249, .F. ) ;
#8382 = MECHANICAL_DESIGN_GEOMETRIC_PRESENTATION_REPRESENTATION (  '', ( #6696 ), #7392 ) ;
#8383 = DIRECTION ( 'NONE',  ( 0.0000000000000000000, 0.0000000000000000000, -1.000000000000000000 ) ) ;
#8384 = DIRECTION ( 'NONE',  ( 0.0000000000000000000, 0.0000000000000000000, -1.000000000000000000 ) ) ;
#8385 = EDGE_LOOP ( 'NONE', ( #7545, #9283, #3318 ) ) ;
#8386 = CARTESIAN_POINT ( 'NONE',  ( 0.8000000000000012657, 0.2000000000000005107, -3.200000000000000622 ) ) ;
#8387 =( LENGTH_UNIT ( ) NAMED_UNIT ( * ) SI_UNIT ( .MILLI., .METRE. ) );
#8388 = ADVANCED_FACE ( 'NONE', ( #5740 ), #9725, .T. ) ;
#8389 = CARTESIAN_POINT ( 'NONE',  ( -2.399999999999999467, 0.1499999999999999667, -0.8000000000000003775 ) ) ;
#8390 = ORIENTED_EDGE ( 'NONE', *, *, #717, .T. ) ;
#8391 = FILL_AREA_STYLE_COLOUR ( '', #2135 ) ;
#8392 = PRESENTATION_STYLE_ASSIGNMENT (( #7069 ) ) ;
#8393 = DIRECTION ( 'NONE',  ( 0.0000000000000000000, 0.0000000000000000000, -1.000000000000000000 ) ) ;
#8394 = STYLED_ITEM ( 'NONE', ( #1562 ), #1880 ) ;
#8395 = EDGE_LOOP ( 'NONE', ( #5652, #8504 ) ) ;
#8396 = FACE_OUTER_BOUND ( 'NONE', #7764, .T. ) ;
#8397 = UNCERTAINTY_MEASURE_WITH_UNIT (LENGTH_MEASURE( 1.000000000000000082E-05 ), #4889, 'distance_accuracy_value', 'NONE');
#8398 = CARTESIAN_POINT ( 'NONE',  ( -1.599999999999998979, 0.2000000000000005107, -4.000000000000000000 ) ) ;
#8399 = CARTESIAN_POINT ( 'NONE',  ( -1.599999999999999867, 0.1499999999999999667, 1.599999999999999867 ) ) ;
#8400 = ORIENTED_EDGE ( 'NONE', *, *, #4258, .T. ) ;
#8401 = MECHANICAL_DESIGN_GEOMETRIC_PRESENTATION_REPRESENTATION (  '', ( #6915 ), #3531 ) ;
#8402 = SURFACE_SIDE_STYLE ('',( #9559 ) ) ;
#8403 = FACE_OUTER_BOUND ( 'NONE', #1005, .T. ) ;
#8404 =( LENGTH_UNIT ( ) NAMED_UNIT ( * ) SI_UNIT ( .MILLI., .METRE. ) );
#8405 = CARTESIAN_POINT ( 'NONE',  ( 0.0000000000000000000, 0.1499999999999999667, 1.599999999999999867 ) ) ;
#8406 =( NAMED_UNIT ( * ) PLANE_ANGLE_UNIT ( ) SI_UNIT ( $, .RADIAN. ) );
#8407 = CARTESIAN_POINT ( 'NONE',  ( -2.399999999999999467, 0.1499999999999999667, -1.599999999999999867 ) ) ;
#8408 = VERTEX_POINT ( 'NONE', #7412 ) ;
#8409 = FILL_AREA_STYLE_COLOUR ( '', #3235 ) ;
#8410 = DIRECTION ( 'NONE',  ( 0.0000000000000000000, 0.0000000000000000000, -1.000000000000000000 ) ) ;
#8411 = CARTESIAN_POINT ( 'NONE',  ( 4.141421356237308338, 0.2000000000000005107, 6.086346753639119761E-18 ) ) ;
#8412 = ADVANCED_FACE ( 'NONE', ( #7651 ), #1360, .F. ) ;
#8413 = CARTESIAN_POINT ( 'NONE',  ( -3.199999999999999289, 0.2000000000000005107, -1.599999999999999867 ) ) ;
#8414 = DIRECTION ( 'NONE',  ( 0.0000000000000000000, 0.0000000000000000000, 1.000000000000000000 ) ) ;
#8415 = FILL_AREA_STYLE_COLOUR ( '', #5626 ) ;
#8416 = CARTESIAN_POINT ( 'NONE',  ( 3.341421356237309848, 0.2000000000000005107, -2.400000000000000355 ) ) ;
#8417 = CARTESIAN_POINT ( 'NONE',  ( -2.399999999999999467, 0.0000000000000000000, -4.000000000000000000 ) ) ;
#8418 = AXIS2_PLACEMENT_3D ( 'NONE', #4686, #7669, #4621 ) ;
#8419 = CARTESIAN_POINT ( 'NONE',  ( -0.7999999999999999334, 0.0000000000000000000, -2.400000000000000355 ) ) ;
#8420 = EDGE_LOOP ( 'NONE', ( #5913, #8358, #1012 ) ) ;
#8421 = EDGE_CURVE ( 'NONE', #8966, #2307, #6121, .T. ) ;
#8422 = DIRECTION ( 'NONE',  ( 0.0000000000000000000, 0.0000000000000000000, 1.000000000000000000 ) ) ;
#8423 = DIRECTION ( 'NONE',  ( 0.0000000000000000000, 0.0000000000000000000, -1.000000000000000000 ) ) ;
#8424 = SURFACE_STYLE_USAGE ( .BOTH. , #2372 ) ;
#8425 = ORIENTED_EDGE ( 'NONE', *, *, #2605, .T. ) ;
#8426 = FACE_OUTER_BOUND ( 'NONE', #7310, .T. ) ;
#8427 = EDGE_CURVE ( 'NONE', #9088, #1122, #1855, .T. ) ;
#8428 = SURFACE_STYLE_FILL_AREA ( #1376 ) ;
#8429 = EDGE_LOOP ( 'NONE', ( #1739, #4395, #8400 ) ) ;
#8430 = AXIS2_PLACEMENT_3D ( 'NONE', #6528, #4941, #2739 ) ;
#8431 = FILL_AREA_STYLE ('',( #6250 ) ) ;
#8432 = DIRECTION ( 'NONE',  ( -0.0000000000000000000, -1.000000000000000000, -0.0000000000000000000 ) ) ;
#8433 = CIRCLE ( 'NONE', #7926, 0.1499999999999999667 ) ;
#8434 = PLANE ( 'NONE',  #7777 ) ;
#8435 = CARTESIAN_POINT ( 'NONE',  ( 0.0000000000000000000, 0.1499999999999999667, 1.599999999999999867 ) ) ;
#8436 = EDGE_CURVE ( 'NONE', #5288, #8901, #2420, .T. ) ;
#8437 = FACE_OUTER_BOUND ( 'NONE', #7986, .T. ) ;
#8438 = ADVANCED_FACE ( 'NONE', ( #7984 ), #5637, .T. ) ;
#8439 =( NAMED_UNIT ( * ) SI_UNIT ( $, .STERADIAN. ) SOLID_ANGLE_UNIT ( ) );
#8440 = ORIENTED_EDGE ( 'NONE', *, *, #9254, .F. ) ;
#8441 = CARTESIAN_POINT ( 'NONE',  ( 2.400000000000000355, 0.1499999999999999667, 4.000000000000000000 ) ) ;
#8442 = CARTESIAN_POINT ( 'NONE',  ( 3.341421356237309848, 0.2000000000000005107, 6.086346753639119761E-18 ) ) ;
#8443 = DIRECTION ( 'NONE',  ( 1.000000000000000000, -2.891205793294679411E-15, 0.0000000000000000000 ) ) ;
#8444 = DIRECTION ( 'NONE',  ( -0.0000000000000000000, -1.000000000000000000, -0.0000000000000000000 ) ) ;
#8445 = SPHERICAL_SURFACE ( 'NONE', #294, 0.1499999999999999667 ) ;
#8446 = ORIENTED_EDGE ( 'NONE', *, *, #8020, .F. ) ;
#8447 = DIRECTION ( 'NONE',  ( -0.0000000000000000000, -1.000000000000000000, -0.0000000000000000000 ) ) ;
#8448 = CIRCLE ( 'NONE', #4200, 0.1414213562373092536 ) ;
#8449 = DIRECTION ( 'NONE',  ( -1.000000000000000000, 0.0000000000000000000, -1.224646799147353207E-16 ) ) ;
#8450 = AXIS2_PLACEMENT_3D ( 'NONE', #5445, #9383, #4784 ) ;
#8451 = CIRCLE ( 'NONE', #2315, 0.1499999999999999667 ) ;
#8452 = UNCERTAINTY_MEASURE_WITH_UNIT (LENGTH_MEASURE( 1.000000000000000082E-05 ), #6968, 'distance_accuracy_value', 'NONE');
#8453 = PRESENTATION_LAYER_ASSIGNMENT (  '', '', ( #1235 ) ) ;
#8454 = PLANE ( 'NONE',  #5987 ) ;
#8455 = ORIENTED_EDGE ( 'NONE', *, *, #8861, .T. ) ;
#8456 = CIRCLE ( 'NONE', #5650, 0.1499999999999999667 ) ;
#8457 = DIRECTION ( 'NONE',  ( 0.0000000000000000000, -1.000000000000000000, -0.0000000000000000000 ) ) ;
#8458 = ORIENTED_EDGE ( 'NONE', *, *, #4187, .T. ) ;
#8459 = AXIS2_PLACEMENT_3D ( 'NONE', #3827, #7749, #9310 ) ;
#8460 = ADVANCED_FACE ( 'NONE', ( #3617 ), #9168, .T. ) ;
#8461 = SURFACE_SIDE_STYLE ('',( #7221 ) ) ;
#8462 = EDGE_CURVE ( 'NONE', #3076, #3051, #7510, .T. ) ;
#8463 = DIRECTION ( 'NONE',  ( 1.000000000000000000, 0.0000000000000000000, 0.0000000000000000000 ) ) ;
#8464 = DIRECTION ( 'NONE',  ( 0.0000000000000000000, 0.0000000000000000000, -1.000000000000000000 ) ) ;
#8465 = ORIENTED_EDGE ( 'NONE', *, *, #4059, .F. ) ;
#8466 = MANIFOLD_SOLID_BREP ( 'Sketch-Pattern1[94]', #6379 ) ;
#8467 = SURFACE_STYLE_USAGE ( .BOTH. , #4578 ) ;
#8468 =( GEOMETRIC_REPRESENTATION_CONTEXT ( 3 ) GLOBAL_UNCERTAINTY_ASSIGNED_CONTEXT ( ( #303 ) ) GLOBAL_UNIT_ASSIGNED_CONTEXT ( ( #1169, #7913, #6338 ) ) REPRESENTATION_CONTEXT ( 'NONE', 'WORKASPACE' ) );
#8469 = CARTESIAN_POINT ( 'NONE',  ( 3.858578643762689886, 0.2000000000000005107, 2.400000000000000355 ) ) ;
#8470 = DIRECTION ( 'NONE',  ( -0.0000000000000000000, -1.000000000000000000, -0.0000000000000000000 ) ) ;
#8471 = CARTESIAN_POINT ( 'NONE',  ( -1.400000000000000133, 0.2000000000000005107, -1.799999999999999156 ) ) ;
#8472 = DIRECTION ( 'NONE',  ( 0.0000000000000000000, -1.000000000000000000, -0.0000000000000000000 ) ) ;
#8473 = CLOSED_SHELL ( 'NONE', ( #4841, #9081, #1771 ) ) ;
#8474 = AXIS2_PLACEMENT_3D ( 'NONE', #2318, #4588, #6226 ) ;
#8475 = ORIENTED_EDGE ( 'NONE', *, *, #4241, .T. ) ;
#8476 =( GEOMETRIC_REPRESENTATION_CONTEXT ( 3 ) GLOBAL_UNCERTAINTY_ASSIGNED_CONTEXT ( ( #2454 ) ) GLOBAL_UNIT_ASSIGNED_CONTEXT ( ( #6751, #785, #6785 ) ) REPRESENTATION_CONTEXT ( 'NONE', 'WORKASPACE' ) );
#8477 = SURFACE_STYLE_USAGE ( .BOTH. , #3914 ) ;
#8478 = ORIENTED_EDGE ( 'NONE', *, *, #4365, .F. ) ;
#8479 = DIRECTION ( 'NONE',  ( 1.000000000000000000, -2.891205793294679411E-15, 0.0000000000000000000 ) ) ;
#8480 = ORIENTED_EDGE ( 'NONE', *, *, #3263, .F. ) ;
#8481 = DIRECTION ( 'NONE',  ( 1.000000000000000000, 0.0000000000000000000, 0.0000000000000000000 ) ) ;
#8482 =( NAMED_UNIT ( * ) PLANE_ANGLE_UNIT ( ) SI_UNIT ( $, .RADIAN. ) );
#8483 = PLANE ( 'NONE',  #1814 ) ;
#8484 = EDGE_LOOP ( 'NONE', ( #823, #6278, #254 ) ) ;
#8485 = SURFACE_STYLE_USAGE ( .BOTH. , #3249 ) ;
#8486 = AXIS2_PLACEMENT_3D ( 'NONE', #1579, #8414, #2360 ) ;
#8487 = ORIENTED_EDGE ( 'NONE', *, *, #8524, .F. ) ;
#8488 = EDGE_LOOP ( 'NONE', ( #1086, #2907, #9298 ) ) ;
#8489 = ADVANCED_FACE ( 'NONE', ( #8222 ), #7536, .F. ) ;
#8490 = CLOSED_SHELL ( 'NONE', ( #2886, #4529, #54 ) ) ;
#8491 = AXIS2_PLACEMENT_3D ( 'NONE', #5136, #9610, #5875 ) ;
#8492 = FILL_AREA_STYLE_COLOUR ( '', #4165 ) ;
#8493 = SPHERICAL_SURFACE ( 'NONE', #7731, 0.1499999999999999667 ) ;
#8494 = MECHANICAL_DESIGN_GEOMETRIC_PRESENTATION_REPRESENTATION (  '', ( #7985 ), #5134 ) ;
#8495 = CARTESIAN_POINT ( 'NONE',  ( -2.399999999999999467, 0.2000000000000005107, 6.086346753639119761E-18 ) ) ;
#8496 =( NAMED_UNIT ( * ) PLANE_ANGLE_UNIT ( ) SI_UNIT ( $, .RADIAN. ) );
#8497 = CIRCLE ( 'NONE', #5717, 0.1414213562373092536 ) ;
#8498 = DIRECTION ( 'NONE',  ( 0.0000000000000000000, 0.0000000000000000000, -1.000000000000000000 ) ) ;
#8499 = PRESENTATION_STYLE_ASSIGNMENT (( #1953 ) ) ;
#8500 = EDGE_CURVE ( 'NONE', #8085, #6839, #1481, .T. ) ;
#8501 = CARTESIAN_POINT ( 'NONE',  ( -0.7999999999999994893, 0.2000000000000005107, -2.400000000000000355 ) ) ;
#8502 = EDGE_LOOP ( 'NONE', ( #5120, #8919, #1928, #239 ) ) ;
#8503 = DIRECTION ( 'NONE',  ( 1.000000000000000000, 0.0000000000000000000, 0.0000000000000000000 ) ) ;
#8504 = ORIENTED_EDGE ( 'NONE', *, *, #4303, .F. ) ;
#8505 = DIRECTION ( 'NONE',  ( 1.000000000000000000, -2.891205793294679411E-15, 0.0000000000000000000 ) ) ;
#8506 = EDGE_CURVE ( 'NONE', #4717, #9591, #7197, .T. ) ;
#8507 = DIRECTION ( 'NONE',  ( 0.0000000000000000000, 0.0000000000000000000, -1.000000000000000000 ) ) ;
#8508 = DIRECTION ( 'NONE',  ( 0.0000000000000000000, 0.0000000000000000000, -1.000000000000000000 ) ) ;
#8509 = DIRECTION ( 'NONE',  ( 1.000000000000000000, -2.891205793294679411E-15, 0.0000000000000000000 ) ) ;
#8510 = MECHANICAL_DESIGN_GEOMETRIC_PRESENTATION_REPRESENTATION (  '', ( #922 ), #2929 ) ;
#8511 = CARTESIAN_POINT ( 'NONE',  ( 3.400000000000000355, 0.2000000000000005107, -0.9999999999999991118 ) ) ;
#8512 = ORIENTED_EDGE ( 'NONE', *, *, #1721, .F. ) ;
#8513 = DIRECTION ( 'NONE',  ( 0.0000000000000000000, 0.0000000000000000000, -1.000000000000000000 ) ) ;
#8514 = CIRCLE ( 'NONE', #4123, 0.1414213562373092536 ) ;
#8515 = PLANE ( 'NONE',  #2524 ) ;
#8516 =( GEOMETRIC_REPRESENTATION_CONTEXT ( 3 ) GLOBAL_UNCERTAINTY_ASSIGNED_CONTEXT ( ( #646 ) ) GLOBAL_UNIT_ASSIGNED_CONTEXT ( ( #1186, #6468, #2682 ) ) REPRESENTATION_CONTEXT ( 'NONE', 'WORKASPACE' ) );
#8517 =( NAMED_UNIT ( * ) SI_UNIT ( $, .STERADIAN. ) SOLID_ANGLE_UNIT ( ) );
#8518 = AXIS2_PLACEMENT_3D ( 'NONE', #4494, #3770, #7694 ) ;
#8519 = EDGE_LOOP ( 'NONE', ( #1494, #7118, #6982 ) ) ;
#8520 = SURFACE_STYLE_FILL_AREA ( #4761 ) ;
#8521 = CIRCLE ( 'NONE', #1636, 0.1414213562373092536 ) ;
#8522 = MANIFOLD_SOLID_BREP ( 'Sketch-Pattern1[120]', #2915 ) ;
#8523 = DIRECTION ( 'NONE',  ( 0.0000000000000000000, 0.0000000000000000000, 1.000000000000000000 ) ) ;
#8524 = EDGE_CURVE ( 'NONE', #1120, #5663, #191, .T. ) ;
#8525 = SURFACE_SIDE_STYLE ('',( #6979 ) ) ;
#8526 = DIRECTION ( 'NONE',  ( 0.0000000000000000000, 0.0000000000000000000, -1.000000000000000000 ) ) ;
#8527 = FILL_AREA_STYLE ('',( #8391 ) ) ;
#8528 =( GEOMETRIC_REPRESENTATION_CONTEXT ( 3 ) GLOBAL_UNCERTAINTY_ASSIGNED_CONTEXT ( ( #8099 ) ) GLOBAL_UNIT_ASSIGNED_CONTEXT ( ( #8980, #769, #1489 ) ) REPRESENTATION_CONTEXT ( 'NONE', 'WORKASPACE' ) );
#8529 = ORIENTED_EDGE ( 'NONE', *, *, #6185, .F. ) ;
#8530 = SURFACE_STYLE_USAGE ( .BOTH. , #1835 ) ;
#8531 = DIRECTION ( 'NONE',  ( 0.0000000000000000000, 0.0000000000000000000, -1.000000000000000000 ) ) ;
#8532 = DIRECTION ( 'NONE',  ( 0.0000000000000000000, 0.0000000000000000000, -1.000000000000000000 ) ) ;
#8533 = DIRECTION ( 'NONE',  ( 0.0000000000000000000, 0.0000000000000000000, -1.000000000000000000 ) ) ;
#8534 = DIRECTION ( 'NONE',  ( 0.0000000000000000000, 0.0000000000000000000, -1.000000000000000000 ) ) ;
#8535 = PRESENTATION_LAYER_ASSIGNMENT (  '', '', ( #80 ) ) ;
#8536 = EDGE_LOOP ( 'NONE', ( #3961, #8897, #7033 ) ) ;
#8537 = FACE_OUTER_BOUND ( 'NONE', #146, .T. ) ;
#8538 = ADVANCED_FACE ( 'NONE', ( #201 ), #2771, .T. ) ;
#8539 = CARTESIAN_POINT ( 'NONE',  ( 3.058578643762691396, 0.2000000000000005107, 1.599999999999999867 ) ) ;
#8540 = FACE_OUTER_BOUND ( 'NONE', #1552, .T. ) ;
#8541 = CARTESIAN_POINT ( 'NONE',  ( 0.0000000000000000000, 0.2000000000000005107, 4.000000000000000000 ) ) ;
#8542 = CIRCLE ( 'NONE', #6970, 0.1499999999999999667 ) ;
#8543 = FILL_AREA_STYLE ('',( #7711 ) ) ;
#8544 = DIRECTION ( 'NONE',  ( -0.0000000000000000000, -1.000000000000000000, -0.0000000000000000000 ) ) ;
#8545 = ORIENTED_EDGE ( 'NONE', *, *, #3564, .T. ) ;
#8546 = CARTESIAN_POINT ( 'NONE',  ( -2.399999999999999911, 0.1499999999999999667, 1.599999999999999867 ) ) ;
#8547 = COLOUR_RGB ( '',0.7921568627450980005, 0.8196078431372548767, 0.9333333333333333481 ) ;
#8548 = AXIS2_PLACEMENT_3D ( 'NONE', #4550, #8186, #5922 ) ;
#8549 = CARTESIAN_POINT ( 'NONE',  ( -0.6585786437626902634, 0.2000000000000005107, 4.000000000000000000 ) ) ;
#8550 = DIRECTION ( 'NONE',  ( -1.000000000000000000, 0.0000000000000000000, 0.0000000000000000000 ) ) ;
#8551 = PRESENTATION_LAYER_ASSIGNMENT (  '', '', ( #9109 ) ) ;
#8552 = DIRECTION ( 'NONE',  ( -0.0000000000000000000, -1.000000000000000000, -0.0000000000000000000 ) ) ;
#8553 = EDGE_LOOP ( 'NONE', ( #929, #9595 ) ) ;
#8554 = EDGE_CURVE ( 'NONE', #225, #7447, #4192, .T. ) ;
#8555 = VERTEX_POINT ( 'NONE', #5290 ) ;
#8556 =( NAMED_UNIT ( * ) SI_UNIT ( $, .STERADIAN. ) SOLID_ANGLE_UNIT ( ) );
#8557 = SPHERICAL_SURFACE ( 'NONE', #5932, 0.1499999999999999667 ) ;
#8558 = SURFACE_STYLE_USAGE ( .BOTH. , #5538 ) ;
#8559 = DIRECTION ( 'NONE',  ( 0.0000000000000000000, 0.0000000000000000000, -1.000000000000000000 ) ) ;
#8560 = EDGE_CURVE ( 'NONE', #4336, #3627, #421, .T. ) ;
#8561 = SPHERICAL_SURFACE ( 'NONE', #8660, 0.1499999999999999667 ) ;
#8562 = AXIS2_PLACEMENT_3D ( 'NONE', #3102, #1547, #6894 ) ;
#8563 = CARTESIAN_POINT ( 'NONE',  ( 2.400000000000002132, 0.1499999999999999667, -4.000000000000000000 ) ) ;
#8564 = ORIENTED_EDGE ( 'NONE', *, *, #8175, .F. ) ;
#8565 = CARTESIAN_POINT ( 'NONE',  ( 3.200000000000000622, 0.1499999999999999667, 0.7999999999999999334 ) ) ;
#8566 = DIRECTION ( 'NONE',  ( 0.0000000000000000000, 0.0000000000000000000, 1.000000000000000000 ) ) ;
#8567 = AXIS2_PLACEMENT_3D ( 'NONE', #9352, #4744, #4060 ) ;
#8568 = CARTESIAN_POINT ( 'NONE',  ( 1.600000000000000755, 0.1499999999999999667, 6.086346753639119761E-18 ) ) ;
#8569 = EDGE_CURVE ( 'NONE', #2477, #111, #540, .T. ) ;
#8570 = CIRCLE ( 'NONE', #555, 0.1414213562373092536 ) ;
#8571 = DIRECTION ( 'NONE',  ( 0.0000000000000000000, -1.000000000000000000, -0.0000000000000000000 ) ) ;
#8572 = AXIS2_PLACEMENT_3D ( 'NONE', #9060, #783, #718 ) ;
#8573 = ORIENTED_EDGE ( 'NONE', *, *, #6876, .F. ) ;
#8574 = SPHERICAL_SURFACE ( 'NONE', #7823, 0.1499999999999999667 ) ;
#8575 = ORIENTED_EDGE ( 'NONE', *, *, #192, .T. ) ;
#8576 = ORIENTED_EDGE ( 'NONE', *, *, #2601, .F. ) ;
#8577 = ORIENTED_EDGE ( 'NONE', *, *, #7495, .F. ) ;
#8578 = CIRCLE ( 'NONE', #5803, 0.1414213562373092536 ) ;
#8579 = CARTESIAN_POINT ( 'NONE',  ( 2.400000000000000355, 0.1499999999999999667, 2.400000000000000355 ) ) ;
#8580 = DIRECTION ( 'NONE',  ( 0.0000000000000000000, 0.0000000000000000000, -1.000000000000000000 ) ) ;
#8581 = CARTESIAN_POINT ( 'NONE',  ( 0.8000000000000003775, 0.1499999999999999667, 4.000000000000000000 ) ) ;
#8582 =( NAMED_UNIT ( * ) SI_UNIT ( $, .STERADIAN. ) SOLID_ANGLE_UNIT ( ) );
#8583 = DIRECTION ( 'NONE',  ( 0.0000000000000000000, 0.0000000000000000000, -1.000000000000000000 ) ) ;
#8584 = SPHERICAL_SURFACE ( 'NONE', #7295, 0.1499999999999999667 ) ;
#8585 = DIRECTION ( 'NONE',  ( 0.0000000000000000000, 0.0000000000000000000, -1.000000000000000000 ) ) ;
#8586 = UNCERTAINTY_MEASURE_WITH_UNIT (LENGTH_MEASURE( 1.000000000000000082E-05 ), #6050, 'distance_accuracy_value', 'NONE');
#8587 =( NAMED_UNIT ( * ) PLANE_ANGLE_UNIT ( ) SI_UNIT ( $, .RADIAN. ) );
#8588 = VERTEX_POINT ( 'NONE', #1765 ) ;
#8589 = CIRCLE ( 'NONE', #2132, 0.1414213562373092536 ) ;
#8590 = ORIENTED_EDGE ( 'NONE', *, *, #1975, .F. ) ;
#8591 = FILL_AREA_STYLE ('',( #5624 ) ) ;
#8592 =( GEOMETRIC_REPRESENTATION_CONTEXT ( 3 ) GLOBAL_UNCERTAINTY_ASSIGNED_CONTEXT ( ( #5191 ) ) GLOBAL_UNIT_ASSIGNED_CONTEXT ( ( #5187, #5890, #9623 ) ) REPRESENTATION_CONTEXT ( 'NONE', 'WORKASPACE' ) );
#8593 = ADVANCED_FACE ( 'NONE', ( #4677 ), #4806, .T. ) ;
#8594 = ORIENTED_EDGE ( 'NONE', *, *, #5090, .T. ) ;
#8595 = FACE_OUTER_BOUND ( 'NONE', #6683, .T. ) ;
#8596 = CARTESIAN_POINT ( 'NONE',  ( -3.858578643762690774, 0.2000000000000005107, 2.400000000000000355 ) ) ;
#8597 = DIRECTION ( 'NONE',  ( 1.000000000000000000, -2.891205793294679411E-15, 0.0000000000000000000 ) ) ;
#8598 = ORIENTED_EDGE ( 'NONE', *, *, #6419, .F. ) ;
#8599 = MANIFOLD_SOLID_BREP ( 'Sketch-Pattern1[57]', #3067 ) ;
#8600 = SPHERICAL_SURFACE ( 'NONE', #6031, 0.1499999999999999667 ) ;
#8601 = MECHANICAL_DESIGN_GEOMETRIC_PRESENTATION_REPRESENTATION (  '', ( #2000 ), #7185 ) ;
#8602 = EDGE_LOOP ( 'NONE', ( #7955, #1267, #9757 ) ) ;
#8603 = DIRECTION ( 'NONE',  ( 0.0000000000000000000, 0.0000000000000000000, -1.000000000000000000 ) ) ;
#8604 = EDGE_CURVE ( 'NONE', #3547, #3448, #5139, .T. ) ;
#8605 = ORIENTED_EDGE ( 'NONE', *, *, #343, .F. ) ;
#8606 = FACE_OUTER_BOUND ( 'NONE', #5721, .T. ) ;
#8607 = CARTESIAN_POINT ( 'NONE',  ( 3.200000000000000622, 0.1499999999999999667, 6.086346753639119761E-18 ) ) ;
#8608 = SURFACE_STYLE_FILL_AREA ( #8668 ) ;
#8609 = CARTESIAN_POINT ( 'NONE',  ( 0.1414213562373092536, 0.2000000000000005107, 3.200000000000000178 ) ) ;
#8610 = FILL_AREA_STYLE_COLOUR ( '', #6930 ) ;
#8611 = ORIENTED_EDGE ( 'NONE', *, *, #7611, .F. ) ;
#8612 = DIRECTION ( 'NONE',  ( 0.0000000000000000000, 0.0000000000000000000, -1.000000000000000000 ) ) ;
#8613 = VERTEX_POINT ( 'NONE', #8417 ) ;
#8614 = AXIS2_PLACEMENT_3D ( 'NONE', #4037, #2486, #3301 ) ;
#8615 = AXIS2_PLACEMENT_3D ( 'NONE', #2647, #3427, #8708 ) ;
#8616 = CIRCLE ( 'NONE', #1124, 0.1414213562373092536 ) ;
#8617 = DIRECTION ( 'NONE',  ( 0.0000000000000000000, -1.000000000000000000, -0.0000000000000000000 ) ) ;
#8618 = ORIENTED_EDGE ( 'NONE', *, *, #2480, .F. ) ;
#8619 = DIRECTION ( 'NONE',  ( -0.0000000000000000000, -1.000000000000000000, -0.0000000000000000000 ) ) ;
#8620 = CARTESIAN_POINT ( 'NONE',  ( 2.258578643762691129, 0.2000000000000005107, 3.200000000000000178 ) ) ;
#8621 = ORIENTED_EDGE ( 'NONE', *, *, #8688, .F. ) ;
#8622 = EDGE_CURVE ( 'NONE', #1021, #9181, #3013, .T. ) ;
#8623 = EDGE_LOOP ( 'NONE', ( #9496, #6752, #7818 ) ) ;
#8624 = CARTESIAN_POINT ( 'NONE',  ( -2.399999999999999911, 0.1499999999999999667, 1.599999999999999867 ) ) ;
#8625 = SPHERICAL_SURFACE ( 'NONE', #1783, 0.1499999999999999667 ) ;
#8626 = STYLED_ITEM ( 'NONE', ( #4498 ), #2206 ) ;
#8627 = AXIS2_PLACEMENT_3D ( 'NONE', #2702, #5662, #1976 ) ;
#8628 = CLOSED_SHELL ( 'NONE', ( #1207, #6236, #7819 ) ) ;
#8629 = DIRECTION ( 'NONE',  ( -0.0000000000000000000, -1.000000000000000000, -0.0000000000000000000 ) ) ;
#8630 = VERTEX_POINT ( 'NONE', #9342 ) ;
#8631 = AXIS2_PLACEMENT_3D ( 'NONE', #7881, #6394, #8526 ) ;
#8632 = DIRECTION ( 'NONE',  ( 0.0000000000000000000, 0.0000000000000000000, -1.000000000000000000 ) ) ;
#8633 = EDGE_LOOP ( 'NONE', ( #8257, #1873 ) ) ;
#8634 = MECHANICAL_DESIGN_GEOMETRIC_PRESENTATION_REPRESENTATION (  '', ( #9488 ), #4430 ) ;
#8635 = FILL_AREA_STYLE_COLOUR ( '', #3348 ) ;
#8636 = CARTESIAN_POINT ( 'NONE',  ( 0.9414213562373104915, 0.2000000000000005107, -4.000000000000000000 ) ) ;
#8637 = AXIS2_PLACEMENT_3D ( 'NONE', #3856, #21, #6130 ) ;
#8638 = EDGE_CURVE ( 'NONE', #4689, #2399, #2160, .T. ) ;
#8639 = SURFACE_SIDE_STYLE ('',( #2924 ) ) ;
#8640 = CARTESIAN_POINT ( 'NONE',  ( 1.741421356237309093, 0.2000000000000005107, 1.599999999999999867 ) ) ;
#8641 = CARTESIAN_POINT ( 'NONE',  ( 0.8000000000000003775, 0.2000000000000005107, 0.7999999999999999334 ) ) ;
#8642 = EDGE_LOOP ( 'NONE', ( #7874, #3124, #1148 ) ) ;
#8643 = FACE_OUTER_BOUND ( 'NONE', #1954, .T. ) ;
#8644 = FILL_AREA_STYLE_COLOUR ( '', #7959 ) ;
#8645 = COLOUR_RGB ( '',0.7921568627450980005, 0.8196078431372548767, 0.9333333333333333481 ) ;
#8646 = DIRECTION ( 'NONE',  ( 0.0000000000000000000, 0.0000000000000000000, -1.000000000000000000 ) ) ;
#8647 = UNCERTAINTY_MEASURE_WITH_UNIT (LENGTH_MEASURE( 1.000000000000000082E-05 ), #4634, 'distance_accuracy_value', 'NONE');
#8648 = ADVANCED_FACE ( 'NONE', ( #7975 ), #4419, .T. ) ;
#8649 = DIRECTION ( 'NONE',  ( 1.000000000000000000, 0.0000000000000000000, 0.0000000000000000000 ) ) ;
#8650 = DIRECTION ( 'NONE',  ( 0.0000000000000000000, 0.0000000000000000000, -1.000000000000000000 ) ) ;
#8651 = VERTEX_POINT ( 'NONE', #1999 ) ;
#8652 = APPLICATION_PROTOCOL_DEFINITION ( 'draft international standard', 'automotive_design', 1998, #3455 ) ;
#8653 = SURFACE_STYLE_FILL_AREA ( #7382 ) ;
#8654 = SURFACE_STYLE_FILL_AREA ( #1215 ) ;
#8655 = AXIS2_PLACEMENT_3D ( 'NONE', #7215, #9409, #1924 ) ;
#8656 = DIRECTION ( 'NONE',  ( 1.224646799147353207E-16, -3.540705920434613265E-31, -1.000000000000000000 ) ) ;
#8657 = AXIS2_PLACEMENT_3D ( 'NONE', #9656, #2966, #6823 ) ;
#8658 = MANIFOLD_SOLID_BREP ( 'Sketch-Pattern1[80]', #3939 ) ;
#8659 = ADVANCED_FACE ( 'NONE', ( #8806 ), #8574, .T. ) ;
#8660 = AXIS2_PLACEMENT_3D ( 'NONE', #4373, #1274, #3527 ) ;
#8661 = ORIENTED_EDGE ( 'NONE', *, *, #3463, .T. ) ;
#8662 = AXIS2_PLACEMENT_3D ( 'NONE', #2330, #6093, #3790 ) ;
#8663 = CARTESIAN_POINT ( 'NONE',  ( -4.141421356237310114, 0.2000000000000005107, 2.400000000000000355 ) ) ;
#8664 = EDGE_CURVE ( 'NONE', #475, #9181, #1591, .T. ) ;
#8665 = PRESENTATION_STYLE_ASSIGNMENT (( #2229 ) ) ;
#8666 = AXIS2_PLACEMENT_3D ( 'NONE', #6452, #7880, #5598 ) ;
#8667 = VERTEX_POINT ( 'NONE', #2792 ) ;
#8668 = FILL_AREA_STYLE ('',( #470 ) ) ;
#8669 = CIRCLE ( 'NONE', #2238, 0.1414213562373092536 ) ;
#8670 = DIRECTION ( 'NONE',  ( -1.000000000000000000, 0.0000000000000000000, 0.0000000000000000000 ) ) ;
#8671 = ORIENTED_EDGE ( 'NONE', *, *, #4705, .T. ) ;
#8672 = PRESENTATION_STYLE_ASSIGNMENT (( #2729 ) ) ;
#8673 = MECHANICAL_DESIGN_GEOMETRIC_PRESENTATION_REPRESENTATION (  '', ( #8161 ), #9660 ) ;
#8674 = FILL_AREA_STYLE_COLOUR ( '', #3811 ) ;
#8675 = ORIENTED_EDGE ( 'NONE', *, *, #2136, .T. ) ;
#8676 = PRESENTATION_STYLE_ASSIGNMENT (( #7837 ) ) ;
#8677 =( NAMED_UNIT ( * ) PLANE_ANGLE_UNIT ( ) SI_UNIT ( $, .RADIAN. ) );
#8678 = CLOSED_SHELL ( 'NONE', ( #9518, #432, #9472 ) ) ;
#8679 = FACE_OUTER_BOUND ( 'NONE', #4157, .T. ) ;
#8680 = CARTESIAN_POINT ( 'NONE',  ( -1.599999999999999867, 0.2000000000000005107, -0.8000000000000003775 ) ) ;
#8681 = FACE_OUTER_BOUND ( 'NONE', #8519, .T. ) ;
#8682 = CARTESIAN_POINT ( 'NONE',  ( 5.000000000000000888, 0.2000000000000005107, 5.000000000000000888 ) ) ;
#8683 = CLOSED_SHELL ( 'NONE', ( #8648, #1576, #8342 ) ) ;
#8684 =( GEOMETRIC_REPRESENTATION_CONTEXT ( 3 ) GLOBAL_UNCERTAINTY_ASSIGNED_CONTEXT ( ( #4452 ) ) GLOBAL_UNIT_ASSIGNED_CONTEXT ( ( #4248, #2850, #7366 ) ) REPRESENTATION_CONTEXT ( 'NONE', 'WORKASPACE' ) );
#8685 = STYLED_ITEM ( 'NONE', ( #4305 ), #8599 ) ;
#8686 = CIRCLE ( 'NONE', #7339, 0.1499999999999999667 ) ;
#8687 = ADVANCED_FACE ( 'NONE', ( #647 ), #8100, .T. ) ;
#8688 = EDGE_CURVE ( 'NONE', #2391, #3265, #6108, .T. ) ;
#8689 = DIRECTION ( 'NONE',  ( -1.000000000000000000, 0.0000000000000000000, 0.0000000000000000000 ) ) ;
#8690 = DIRECTION ( 'NONE',  ( 0.0000000000000000000, 0.0000000000000000000, -1.000000000000000000 ) ) ;
#8691 = ORIENTED_EDGE ( 'NONE', *, *, #3496, .T. ) ;
#8692 =( NAMED_UNIT ( * ) PLANE_ANGLE_UNIT ( ) SI_UNIT ( $, .RADIAN. ) );
#8693 = CIRCLE ( 'NONE', #5620, 0.1414213562373096977 ) ;
#8694 = EDGE_CURVE ( 'NONE', #5265, #9417, #3608, .T. ) ;
#8695 = CARTESIAN_POINT ( 'NONE',  ( 0.8000000000000012657, 0.2000000000000005107, -1.599999999999999867 ) ) ;
#8696 = DIRECTION ( 'NONE',  ( 0.0000000000000000000, 0.0000000000000000000, -1.000000000000000000 ) ) ;
#8697 = SURFACE_STYLE_FILL_AREA ( #5714 ) ;
#8698 = AXIS2_PLACEMENT_3D ( 'NONE', #7690, #219, #7080 ) ;
#8699 = DIRECTION ( 'NONE',  ( 0.0000000000000000000, 0.0000000000000000000, -1.000000000000000000 ) ) ;
#8700 = VERTEX_POINT ( 'NONE', #6743 ) ;
#8701 = SPHERICAL_SURFACE ( 'NONE', #3258, 0.1499999999999999667 ) ;
#8702 = ADVANCED_FACE ( 'NONE', ( #4553 ), #5972, .F. ) ;
#8703 = ORIENTED_EDGE ( 'NONE', *, *, #2987, .F. ) ;
#8704 = FACE_OUTER_BOUND ( 'NONE', #9484, .T. ) ;
#8705 = AXIS2_PLACEMENT_3D ( 'NONE', #4953, #4151, #9418 ) ;
#8706 = UNCERTAINTY_MEASURE_WITH_UNIT (LENGTH_MEASURE( 1.000000000000000082E-05 ), #4722, 'distance_accuracy_value', 'NONE');
#8707 = CIRCLE ( 'NONE', #9368, 0.1414213562373092536 ) ;
#8708 = DIRECTION ( 'NONE',  ( 0.0000000000000000000, 0.0000000000000000000, -1.000000000000000000 ) ) ;
#8709 = SPHERICAL_SURFACE ( 'NONE', #9562, 0.1499999999999999667 ) ;
#8710 = DIRECTION ( 'NONE',  ( 0.0000000000000000000, 0.0000000000000000000, -1.000000000000000000 ) ) ;
#8711 = PRESENTATION_LAYER_ASSIGNMENT (  '', '', ( #258 ) ) ;
#8712 = DIRECTION ( 'NONE',  ( 1.224646799147353207E-16, -3.540705920434613265E-31, -1.000000000000000000 ) ) ;
#8713 = DIRECTION ( 'NONE',  ( 0.0000000000000000000, 0.0000000000000000000, -1.000000000000000000 ) ) ;
#8714 = ORIENTED_EDGE ( 'NONE', *, *, #6755, .T. ) ;
#8715 = FACE_OUTER_BOUND ( 'NONE', #6843, .T. ) ;
#8716 = SURFACE_SIDE_STYLE ('',( #8654 ) ) ;
#8717 = CARTESIAN_POINT ( 'NONE',  ( 0.2000000000000005107, 0.2000000000000005107, -3.399999999999999467 ) ) ;
#8718 = EDGE_LOOP ( 'NONE', ( #3362, #684, #5302 ) ) ;
#8719 = PRESENTATION_STYLE_ASSIGNMENT (( #3606 ) ) ;
#8720 = EDGE_LOOP ( 'NONE', ( #9677, #5006, #8575 ) ) ;
#8721 = VERTEX_POINT ( 'NONE', #9728 ) ;
#8722 =( NAMED_UNIT ( * ) PLANE_ANGLE_UNIT ( ) SI_UNIT ( $, .RADIAN. ) );
#8723 =( NAMED_UNIT ( * ) SI_UNIT ( $, .STERADIAN. ) SOLID_ANGLE_UNIT ( ) );
#8724 = AXIS2_PLACEMENT_3D ( 'NONE', #3673, #626, #502 ) ;
#8726 = EDGE_LOOP ( 'NONE', ( #1049, #1876, #6471 ) ) ;
#8725 = MECHANICAL_DESIGN_GEOMETRIC_PRESENTATION_REPRESENTATION (  '', ( #2767 ), #6348 ) ;
#8727 =( NAMED_UNIT ( * ) SI_UNIT ( $, .STERADIAN. ) SOLID_ANGLE_UNIT ( ) );
#8728 = CIRCLE ( 'NONE', #4773, 0.1499999999999999667 ) ;
#8729 = EDGE_LOOP ( 'NONE', ( #3814, #2912 ) ) ;
#8730 = DIRECTION ( 'NONE',  ( 0.0000000000000000000, 0.0000000000000000000, -1.000000000000000000 ) ) ;
#8731 = EDGE_LOOP ( 'NONE', ( #3376, #3193 ) ) ;
#8732 = CLOSED_SHELL ( 'NONE', ( #8054, #5486, #4715 ) ) ;
#8733 = DIRECTION ( 'NONE',  ( 1.000000000000000000, -2.891205793294679411E-15, 0.0000000000000000000 ) ) ;
#8734 = ADVANCED_FACE ( 'NONE', ( #6579 ), #8445, .T. ) ;
#8735 = EDGE_LOOP ( 'NONE', ( #8836, #1491, #9029 ) ) ;
#8736 = CLOSED_SHELL ( 'NONE', ( #744, #1557, #6192 ) ) ;
#8737 = DIRECTION ( 'NONE',  ( 0.0000000000000000000, 0.0000000000000000000, -1.000000000000000000 ) ) ;
#8738 = PRESENTATION_STYLE_ASSIGNMENT (( #8843 ) ) ;
#8739 = STYLED_ITEM ( 'NONE', ( #1408 ), #7285 ) ;
#8740 = STYLED_ITEM ( 'NONE', ( #8816 ), #8221 ) ;
#8741 = CARTESIAN_POINT ( 'NONE',  ( -3.999999999999999112, 0.0000000000000000000, 6.086346753639119761E-18 ) ) ;
#8742 = EDGE_LOOP ( 'NONE', ( #8598, #4101 ) ) ;
#8743 = DIRECTION ( 'NONE',  ( 0.0000000000000000000, 0.0000000000000000000, 1.000000000000000000 ) ) ;
#8744 = EDGE_CURVE ( 'NONE', #7189, #4206, #1139, .T. ) ;
#8745 =( LENGTH_UNIT ( ) NAMED_UNIT ( * ) SI_UNIT ( .MILLI., .METRE. ) );
#8746 = FACE_OUTER_BOUND ( 'NONE', #307, .T. ) ;
#8747 = ADVANCED_FACE ( 'NONE', ( #7643 ), #319, .T. ) ;
#8748 = ORIENTED_EDGE ( 'NONE', *, *, #7695, .F. ) ;
#8749 = CARTESIAN_POINT ( 'NONE',  ( -3.058578643762690952, 0.2000000000000005107, 4.000000000000000000 ) ) ;
#8750 = COLOUR_RGB ( '',0.7921568627450980005, 0.8196078431372548767, 0.9333333333333333481 ) ;
#8751 = EDGE_CURVE ( 'NONE', #4825, #4565, #6828, .T. ) ;
#8752 = DIRECTION ( 'NONE',  ( 1.000000000000000000, -2.891205793294679411E-15, 0.0000000000000000000 ) ) ;
#8753 = CARTESIAN_POINT ( 'NONE',  ( 2.541421356237309581, 0.2000000000000005107, 4.000000000000000000 ) ) ;
#8754 = STYLED_ITEM ( 'NONE', ( #898 ), #8766 ) ;
#8755 = DIRECTION ( 'NONE',  ( 1.000000000000000000, -2.891205793294679411E-15, 0.0000000000000000000 ) ) ;
#8756 = EDGE_LOOP ( 'NONE', ( #3397, #5286, #5281 ) ) ;
#8757 = COLOUR_RGB ( '',0.7921568627450980005, 0.8196078431372548767, 0.9333333333333333481 ) ;
#8758 = DIRECTION ( 'NONE',  ( 0.0000000000000000000, 0.0000000000000000000, -1.000000000000000000 ) ) ;
#8759 = PRESENTATION_LAYER_ASSIGNMENT (  '', '', ( #3644 ) ) ;
#8760 = EDGE_CURVE ( 'NONE', #9128, #5631, #3380, .T. ) ;
#8761 = FACE_OUTER_BOUND ( 'NONE', #8092, .T. ) ;
#8762 = CLOSED_SHELL ( 'NONE', ( #3147, #6567, #4420 ) ) ;
#8763 = SURFACE_STYLE_USAGE ( .BOTH. , #6531 ) ;
#8764 = DIRECTION ( 'NONE',  ( 1.000000000000000000, -2.891205793294679411E-15, 0.0000000000000000000 ) ) ;
#8765 = COLOUR_RGB ( '',0.7921568627450980005, 0.8196078431372548767, 0.9333333333333333481 ) ;
#8766 = MANIFOLD_SOLID_BREP ( 'Sketch-Pattern1[73]', #3880 ) ;
#8767 = DIRECTION ( 'NONE',  ( 1.224646799147353207E-16, -3.540705920434613265E-31, -1.000000000000000000 ) ) ;
#8768 = SURFACE_STYLE_FILL_AREA ( #148 ) ;
#8769 = AXIS2_PLACEMENT_3D ( 'NONE', #6520, #7966, #9492 ) ;
#8770 = SURFACE_SIDE_STYLE ('',( #5257 ) ) ;
#8771 = DIRECTION ( 'NONE',  ( -1.000000000000000000, 0.0000000000000000000, 0.0000000000000000000 ) ) ;
#8772 = ORIENTED_EDGE ( 'NONE', *, *, #8124, .T. ) ;
#8773 = CIRCLE ( 'NONE', #6267, 0.1414213562373092536 ) ;
#8774 = CARTESIAN_POINT ( 'NONE',  ( -3.200000000000000178, 0.1499999999999999667, 4.000000000000000000 ) ) ;
#8775 = DIRECTION ( 'NONE',  ( 0.0000000000000000000, 0.0000000000000000000, 1.000000000000000000 ) ) ;
#8776 = CIRCLE ( 'NONE', #8548, 0.1414213562373092536 ) ;
#8777 = AXIS2_PLACEMENT_3D ( 'NONE', #894, #8280, #6293 ) ;
#8778 = CIRCLE ( 'NONE', #8698, 0.1499999999999999667 ) ;
#8779 = ADVANCED_FACE ( 'NONE', ( #6353 ), #8899, .T. ) ;
#8780 = EDGE_LOOP ( 'NONE', ( #4264, #602 ) ) ;
#8781 = SURFACE_STYLE_FILL_AREA ( #9474 ) ;
#8782 = DIRECTION ( 'NONE',  ( 0.0000000000000000000, -1.000000000000000000, -0.0000000000000000000 ) ) ;
#8783 = EDGE_CURVE ( 'NONE', #7447, #225, #1132, .T. ) ;
#8784 = CARTESIAN_POINT ( 'NONE',  ( 3.999999999999999112, 0.1499999999999999667, -0.8000000000000003775 ) ) ;
#8785 = DIRECTION ( 'NONE',  ( 0.0000000000000000000, 0.0000000000000000000, -1.000000000000000000 ) ) ;
#8786 = AXIS2_PLACEMENT_3D ( 'NONE', #1098, #6397, #5572 ) ;
#8787 = CLOSED_SHELL ( 'NONE', ( #975, #9748, #3160 ) ) ;
#8788 = CIRCLE ( 'NONE', #878, 0.1499999999999999667 ) ;
#8789 = DIRECTION ( 'NONE',  ( -1.000000000000000000, 0.0000000000000000000, 0.0000000000000000000 ) ) ;
#8790 = CARTESIAN_POINT ( 'NONE',  ( 0.0000000000000000000, 1.699999999999999956, 0.0000000000000000000 ) ) ;
#8791 = SPHERICAL_SURFACE ( 'NONE', #2738, 0.1499999999999999667 ) ;
#8792 = VERTEX_POINT ( 'NONE', #7702 ) ;
#8793 = ADVANCED_FACE ( 'NONE', ( #1019 ), #72, .F. ) ;
#8794 =( GEOMETRIC_REPRESENTATION_CONTEXT ( 3 ) GLOBAL_UNCERTAINTY_ASSIGNED_CONTEXT ( ( #5508 ) ) GLOBAL_UNIT_ASSIGNED_CONTEXT ( ( #4273, #4180, #8047 ) ) REPRESENTATION_CONTEXT ( 'NONE', 'WORKASPACE' ) );
#8795 = PLANE ( 'NONE',  #2680 ) ;
#8796 = DIRECTION ( 'NONE',  ( 0.0000000000000000000, 0.0000000000000000000, 1.000000000000000000 ) ) ;
#8797 = SPHERICAL_SURFACE ( 'NONE', #1667, 0.1499999999999999667 ) ;
#8798 = EDGE_CURVE ( 'NONE', #4387, #9351, #8893, .T. ) ;
#8799 = ORIENTED_EDGE ( 'NONE', *, *, #9159, .T. ) ;
#8800 = FILL_AREA_STYLE_COLOUR ( '', #1980 ) ;
#8801 = AXIS2_PLACEMENT_3D ( 'NONE', #249, #6295, #967 ) ;
#8802 = CARTESIAN_POINT ( 'NONE',  ( 1.599999999999999867, 0.2000000000000005107, 0.7999999999999999334 ) ) ;
#8803 = SPHERICAL_SURFACE ( 'NONE', #740, 0.1499999999999999667 ) ;
#8804 = FILL_AREA_STYLE ('',( #9544 ) ) ;
#8805 = ORIENTED_EDGE ( 'NONE', *, *, #6739, .T. ) ;
#8806 = FACE_OUTER_BOUND ( 'NONE', #4120, .T. ) ;
#8807 =( GEOMETRIC_REPRESENTATION_CONTEXT ( 3 ) GLOBAL_UNCERTAINTY_ASSIGNED_CONTEXT ( ( #3786 ) ) GLOBAL_UNIT_ASSIGNED_CONTEXT ( ( #1425, #6767, #4416 ) ) REPRESENTATION_CONTEXT ( 'NONE', 'WORKASPACE' ) );
#8808 = VERTEX_POINT ( 'NONE', #7151 ) ;
#8809 =( GEOMETRIC_REPRESENTATION_CONTEXT ( 3 ) GLOBAL_UNCERTAINTY_ASSIGNED_CONTEXT ( ( #7324 ) ) GLOBAL_UNIT_ASSIGNED_CONTEXT ( ( #8873, #8819, #9629 ) ) REPRESENTATION_CONTEXT ( 'NONE', 'WORKASPACE' ) );
#8810 = EDGE_CURVE ( 'NONE', #1824, #1882, #2761, .T. ) ;
#8811 = DIRECTION ( 'NONE',  ( 0.0000000000000000000, 0.0000000000000000000, -1.000000000000000000 ) ) ;
#8812 = CARTESIAN_POINT ( 'NONE',  ( 0.9414213562373104915, 0.2000000000000005107, -1.599999999999999867 ) ) ;
#8813 = SURFACE_SIDE_STYLE ('',( #6333 ) ) ;
#8814 = DIRECTION ( 'NONE',  ( 1.224646799147353207E-16, -3.540705920434613265E-31, -1.000000000000000000 ) ) ;
#8815 = EDGE_LOOP ( 'NONE', ( #595, #371 ) ) ;
#8816 = PRESENTATION_STYLE_ASSIGNMENT (( #8530 ) ) ;
#8817 = EDGE_CURVE ( 'NONE', #3281, #4925, #4907, .T. ) ;
#8818 = EDGE_LOOP ( 'NONE', ( #1770, #6530 ) ) ;
#8819 =( NAMED_UNIT ( * ) PLANE_ANGLE_UNIT ( ) SI_UNIT ( $, .RADIAN. ) );
#8820 =( GEOMETRIC_REPRESENTATION_CONTEXT ( 3 ) GLOBAL_UNCERTAINTY_ASSIGNED_CONTEXT ( ( #9468 ) ) GLOBAL_UNIT_ASSIGNED_CONTEXT ( ( #1904, #7902, #1129 ) ) REPRESENTATION_CONTEXT ( 'NONE', 'WORKASPACE' ) );
#8821 = VERTEX_POINT ( 'NONE', #5577 ) ;
#8822 = UNCERTAINTY_MEASURE_WITH_UNIT (LENGTH_MEASURE( 1.000000000000000082E-05 ), #5556, 'distance_accuracy_value', 'NONE');
#8823 = ORIENTED_EDGE ( 'NONE', *, *, #3117, .F. ) ;
#8824 = ORIENTED_EDGE ( 'NONE', *, *, #4049, .T. ) ;
#8825 = ADVANCED_FACE ( 'NONE', ( #766 ), #4541, .T. ) ;
#8826 = FILL_AREA_STYLE ('',( #2841 ) ) ;
#8827 = PRESENTATION_LAYER_ASSIGNMENT (  '', '', ( #8322 ) ) ;
#8828 = DIRECTION ( 'NONE',  ( 1.224646799147353207E-16, -3.540705920434613265E-31, -1.000000000000000000 ) ) ;
#8829 = STYLED_ITEM ( 'NONE', ( #5523 ), #543 ) ;
#8830 = SPHERICAL_SURFACE ( 'NONE', #4995, 0.1499999999999999667 ) ;
#8831 = DIRECTION ( 'NONE',  ( -1.000000000000000000, 0.0000000000000000000, 0.0000000000000000000 ) ) ;
#8832 = CARTESIAN_POINT ( 'NONE',  ( -1.599999999999999867, 0.1499999999999999667, 0.7999999999999999334 ) ) ;
#8833 = AXIS2_PLACEMENT_3D ( 'NONE', #6513, #8775, #345 ) ;
#8834 = DIRECTION ( 'NONE',  ( 0.0000000000000000000, 0.0000000000000000000, -1.000000000000000000 ) ) ;
#8835 = EDGE_LOOP ( 'NONE', ( #1236, #7466, #7457 ) ) ;
#8836 = ORIENTED_EDGE ( 'NONE', *, *, #2803, .F. ) ;
#8837 = ADVANCED_FACE ( 'NONE', ( #5728 ), #8797, .T. ) ;
#8838 = FILL_AREA_STYLE ('',( #6415 ) ) ;
#8839 = EDGE_CURVE ( 'NONE', #4368, #6710, #9149, .T. ) ;
#8840 = AXIS2_PLACEMENT_3D ( 'NONE', #6067, #3048, #7652 ) ;
#8841 = ORIENTED_EDGE ( 'NONE', *, *, #5116, .T. ) ;
#8842 = COLOUR_RGB ( '',0.7921568627450980005, 0.8196078431372548767, 0.9333333333333333481 ) ;
#8843 = SURFACE_STYLE_USAGE ( .BOTH. , #3497 ) ;
#8844 = CARTESIAN_POINT ( 'NONE',  ( -3.999999999999999112, 0.1499999999999999667, -1.599999999999999867 ) ) ;
#8845 = ORIENTED_EDGE ( 'NONE', *, *, #3720, .F. ) ;
#8846 = FILL_AREA_STYLE_COLOUR ( '', #334 ) ;
#8847 = DIRECTION ( 'NONE',  ( 1.000000000000000000, -2.891205793294679411E-15, 0.0000000000000000000 ) ) ;
#8848 = EDGE_LOOP ( 'NONE', ( #6592, #9442, #4053 ) ) ;
#8849 = DIRECTION ( 'NONE',  ( 0.0000000000000000000, 0.0000000000000000000, -1.000000000000000000 ) ) ;
#8850 = AXIS2_PLACEMENT_3D ( 'NONE', #8399, #142, #5480 ) ;
#8851 = ORIENTED_EDGE ( 'NONE', *, *, #8604, .F. ) ;
#8852 = EDGE_LOOP ( 'NONE', ( #4723, #1177, #8458 ) ) ;
#8853 = VERTEX_POINT ( 'NONE', #4780 ) ;
#8854 = CARTESIAN_POINT ( 'NONE',  ( 1.600000000000000755, 0.2000000000000005107, -3.200000000000000622 ) ) ;
#8855 = EDGE_LOOP ( 'NONE', ( #3580, #3864, #6749 ) ) ;
#8856 = SPHERICAL_SURFACE ( 'NONE', #6276, 0.1499999999999999667 ) ;
#8857 = DIRECTION ( 'NONE',  ( 1.000000000000000000, -2.891205793294679411E-15, 0.0000000000000000000 ) ) ;
#8858 = CIRCLE ( 'NONE', #944, 0.1499999999999999667 ) ;
#8859 = DIRECTION ( 'NONE',  ( 0.0000000000000000000, 0.0000000000000000000, -1.000000000000000000 ) ) ;
#8860 = SURFACE_STYLE_USAGE ( .BOTH. , #558 ) ;
#8861 = EDGE_CURVE ( 'NONE', #8103, #6376, #9714, .T. ) ;
#8862 =( NAMED_UNIT ( * ) SI_UNIT ( $, .STERADIAN. ) SOLID_ANGLE_UNIT ( ) );
#8863 = EDGE_CURVE ( 'NONE', #1439, #6002, #7181, .T. ) ;
#8864 = ORIENTED_EDGE ( 'NONE', *, *, #2413, .T. ) ;
#8865 = SPHERICAL_SURFACE ( 'NONE', #3093, 0.1499999999999999667 ) ;
#8866 = PRESENTATION_STYLE_ASSIGNMENT (( #5705 ) ) ;
#8867 = UNCERTAINTY_MEASURE_WITH_UNIT (LENGTH_MEASURE( 1.000000000000000082E-05 ), #391, 'distance_accuracy_value', 'NONE');
#8868 = MECHANICAL_DESIGN_GEOMETRIC_PRESENTATION_REPRESENTATION (  '', ( #9203 ), #240 ) ;
#8869 = CARTESIAN_POINT ( 'NONE',  ( -3.999999999999999112, 0.0000000000000000000, -2.400000000000000355 ) ) ;
#8870 = DIRECTION ( 'NONE',  ( 1.000000000000000000, -2.891205793294679411E-15, 0.0000000000000000000 ) ) ;
#8871 = STYLED_ITEM ( 'NONE', ( #4845 ), #4791 ) ;
#8872 = ORIENTED_EDGE ( 'NONE', *, *, #6149, .T. ) ;
#8873 =( LENGTH_UNIT ( ) NAMED_UNIT ( * ) SI_UNIT ( .MILLI., .METRE. ) );
#8874 = SPHERICAL_SURFACE ( 'NONE', #5044, 0.1499999999999999667 ) ;
#8875 = AXIS2_PLACEMENT_3D ( 'NONE', #7736, #3911, #9129 ) ;
#8876 = EDGE_CURVE ( 'NONE', #7940, #5221, #3718, .T. ) ;
#8877 = ADVANCED_FACE ( 'NONE', ( #6569 ), #2530, .T. ) ;
#8878 = MANIFOLD_SOLID_BREP ( 'Sketch-Pattern1[113]', #827 ) ;
#8879 = EDGE_LOOP ( 'NONE', ( #816, #1301, #5394 ) ) ;
#8880 = CARTESIAN_POINT ( 'NONE',  ( 3.058578643762691396, 0.2000000000000005107, 3.200000000000000178 ) ) ;
#8881 = CARTESIAN_POINT ( 'NONE',  ( 0.8000000000000012657, 0.1499999999999999667, 6.086346753639119761E-18 ) ) ;
#8882 = CLOSED_SHELL ( 'NONE', ( #7284, #1911, #4069 ) ) ;
#8883 = SPHERICAL_SURFACE ( 'NONE', #2026, 0.1499999999999999667 ) ;
#8884 = AXIS2_PLACEMENT_3D ( 'NONE', #6487, #5027, #7355 ) ;
#8885 = SPHERICAL_SURFACE ( 'NONE', #598, 0.1499999999999999667 ) ;
#8886 = EDGE_LOOP ( 'NONE', ( #5122, #3433, #751 ) ) ;
#8887 = CARTESIAN_POINT ( 'NONE',  ( -0.9414213562373087152, 0.2000000000000005107, 2.400000000000000355 ) ) ;
#8888 = CIRCLE ( 'NONE', #6892, 0.1414213562373092536 ) ;
#8889 = CLOSED_SHELL ( 'NONE', ( #1454, #347, #6139 ) ) ;
#8890 = SURFACE_STYLE_FILL_AREA ( #1441 ) ;
#8891 = AXIS2_PLACEMENT_3D ( 'NONE', #8312, #1574, #3757 ) ;
#8892 = DIRECTION ( 'NONE',  ( 0.0000000000000000000, 0.0000000000000000000, 1.000000000000000000 ) ) ;
#8893 = CIRCLE ( 'NONE', #5545, 0.1499999999999999667 ) ;
#8894 = DIRECTION ( 'NONE',  ( 0.0000000000000000000, 0.0000000000000000000, -1.000000000000000000 ) ) ;
#8895 = ADVANCED_FACE ( 'NONE', ( #3599 ), #4798, .T. ) ;
#8896 = CARTESIAN_POINT ( 'NONE',  ( 1.800000000000001155, 0.2000000000000005107, -6.599999999999998757 ) ) ;
#8897 = ORIENTED_EDGE ( 'NONE', *, *, #6959, .T. ) ;
#8898 = DIRECTION ( 'NONE',  ( 1.000000000000000000, -2.891205793294679411E-15, 0.0000000000000000000 ) ) ;
#8899 = SPHERICAL_SURFACE ( 'NONE', #3381, 0.1499999999999999667 ) ;
#8900 = ORIENTED_EDGE ( 'NONE', *, *, #4613, .F. ) ;
#8901 = VERTEX_POINT ( 'NONE', #705 ) ;
#8902 =( GEOMETRIC_REPRESENTATION_CONTEXT ( 3 ) GLOBAL_UNCERTAINTY_ASSIGNED_CONTEXT ( ( #1028 ) ) GLOBAL_UNIT_ASSIGNED_CONTEXT ( ( #6919, #8406, #8439 ) ) REPRESENTATION_CONTEXT ( 'NONE', 'WORKASPACE' ) );
#8903 = CARTESIAN_POINT ( 'NONE',  ( -1.458578643762690641, 0.2000000000000005107, -0.8000000000000003775 ) ) ;
#8904 = FILL_AREA_STYLE_COLOUR ( '', #4938 ) ;
#8905 = DIRECTION ( 'NONE',  ( -1.000000000000000000, 0.0000000000000000000, 0.0000000000000000000 ) ) ;
#8906 = CARTESIAN_POINT ( 'NONE',  ( -2.399999999999999467, 0.1499999999999999667, -1.599999999999999867 ) ) ;
#8907 = EDGE_CURVE ( 'NONE', #2676, #5511, #5509, .T. ) ;
#8908 = ORIENTED_EDGE ( 'NONE', *, *, #5336, .T. ) ;
#8909 = DIRECTION ( 'NONE',  ( 0.0000000000000000000, 0.0000000000000000000, -1.000000000000000000 ) ) ;
#8910 = EDGE_LOOP ( 'NONE', ( #7994, #8675, #5520 ) ) ;
#8911 = EDGE_CURVE ( 'NONE', #9069, #2391, #3128, .T. ) ;
#8912 = DIRECTION ( 'NONE',  ( -1.000000000000000000, 0.0000000000000000000, 0.0000000000000000000 ) ) ;
#8913 =( NAMED_UNIT ( * ) PLANE_ANGLE_UNIT ( ) SI_UNIT ( $, .RADIAN. ) );
#8914 = CARTESIAN_POINT ( 'NONE',  ( -1.458578643762689753, 0.2000000000000005107, -4.000000000000000000 ) ) ;
#8915 = FACE_OUTER_BOUND ( 'NONE', #437, .T. ) ;
#8916 = CARTESIAN_POINT ( 'NONE',  ( 0.0000000000000000000, 0.2000000000000005107, 1.599999999999999867 ) ) ;
#8917 = PRESENTATION_LAYER_ASSIGNMENT (  '', '', ( #8754 ) ) ;
#8918 = ADVANCED_FACE ( 'NONE', ( #6343 ), #5372, .T. ) ;
#8919 = ORIENTED_EDGE ( 'NONE', *, *, #6607, .T. ) ;
#8920 = AXIS2_PLACEMENT_3D ( 'NONE', #5543, #5507, #7027 ) ;
#8921 = SPHERICAL_SURFACE ( 'NONE', #4862, 0.1499999999999999667 ) ;
#8922 = EDGE_CURVE ( 'NONE', #8555, #433, #7289, .T. ) ;
#8923 = DIRECTION ( 'NONE',  ( 0.0000000000000000000, 0.0000000000000000000, -1.000000000000000000 ) ) ;
#8924 = DIRECTION ( 'NONE',  ( 1.000000000000000000, 0.0000000000000000000, 0.0000000000000000000 ) ) ;
#8925 = CARTESIAN_POINT ( 'NONE',  ( -1.599999999999998979, 0.1499999999999999667, -2.400000000000000355 ) ) ;
#8926 = CARTESIAN_POINT ( 'NONE',  ( 1.600000000000000755, 0.2000000000000005107, 6.086346753639119761E-18 ) ) ;
#8927 = CARTESIAN_POINT ( 'NONE',  ( 4.000000000000002665, 0.0000000000000000000, -4.000000000000000000 ) ) ;
#8928 = DIRECTION ( 'NONE',  ( 0.0000000000000000000, 0.0000000000000000000, -1.000000000000000000 ) ) ;
#8929 = ORIENTED_EDGE ( 'NONE', *, *, #8863, .F. ) ;
#8930 = PRESENTATION_STYLE_ASSIGNMENT (( #805 ) ) ;
#8931 = DIRECTION ( 'NONE',  ( -0.0000000000000000000, -1.000000000000000000, -0.0000000000000000000 ) ) ;
#8932 = MANIFOLD_SOLID_BREP ( 'Sketch-Pattern1[121]', #2143 ) ;
#8933 = CARTESIAN_POINT ( 'NONE',  ( 3.200000000000000622, 0.2000000000000005107, -1.599999999999999867 ) ) ;
#8934 = EDGE_LOOP ( 'NONE', ( #593, #6373, #5080 ) ) ;
#8935 = FACE_OUTER_BOUND ( 'NONE', #6403, .T. ) ;
#8936 = CARTESIAN_POINT ( 'NONE',  ( 1.741421356237309981, 0.2000000000000005107, -4.000000000000000000 ) ) ;
#8937 = ORIENTED_EDGE ( 'NONE', *, *, #7086, .F. ) ;
#8938 = EDGE_LOOP ( 'NONE', ( #8618, #2960, #8346 ) ) ;
#8939 = PRESENTATION_STYLE_ASSIGNMENT (( #6150 ) ) ;
#8940 = CARTESIAN_POINT ( 'NONE',  ( -1.599999999999999867, 0.1499999999999999667, 4.000000000000000000 ) ) ;
#8941 = ORIENTED_EDGE ( 'NONE', *, *, #4308, .T. ) ;
#8942 = DIRECTION ( 'NONE',  ( 0.0000000000000000000, 0.0000000000000000000, -1.000000000000000000 ) ) ;
#8943 = CIRCLE ( 'NONE', #6957, 0.1499999999999999667 ) ;
#8944 = DIRECTION ( 'NONE',  ( 0.0000000000000000000, 0.0000000000000000000, -1.000000000000000000 ) ) ;
#8945 = AXIS2_PLACEMENT_3D ( 'NONE', #3611, #667, #5901 ) ;
#8946 = ORIENTED_EDGE ( 'NONE', *, *, #4504, .F. ) ;
#8947 = EDGE_LOOP ( 'NONE', ( #7576, #1948, #1142 ) ) ;
#8948 = AXIS2_PLACEMENT_3D ( 'NONE', #727, #2227, #6716 ) ;
#8949 = EDGE_LOOP ( 'NONE', ( #8805, #9374, #1513, #7633 ) ) ;
#8950 = ADVANCED_FACE ( 'NONE', ( #8323 ), #6905, .F. ) ;
#8951 = FACE_OUTER_BOUND ( 'NONE', #5199, .T. ) ;
#8952 = AXIS2_PLACEMENT_3D ( 'NONE', #5114, #8052, #8017 ) ;
#8953 = DIRECTION ( 'NONE',  ( 1.224646799147353207E-16, -3.540705920434613265E-31, -1.000000000000000000 ) ) ;
#8954 = CARTESIAN_POINT ( 'NONE',  ( 8.673617379884035472E-16, 0.1499999999999999667, -1.599999999999999867 ) ) ;
#8955 = MECHANICAL_DESIGN_GEOMETRIC_PRESENTATION_REPRESENTATION (  '', ( #2376 ), #7960 ) ;
#8956 =( NAMED_UNIT ( * ) PLANE_ANGLE_UNIT ( ) SI_UNIT ( $, .RADIAN. ) );
#8957 = DIRECTION ( 'NONE',  ( 0.0000000000000000000, 0.0000000000000000000, -1.000000000000000000 ) ) ;
#8958 = ORIENTED_EDGE ( 'NONE', *, *, #8055, .F. ) ;
#8959 = FILL_AREA_STYLE_COLOUR ( '', #8765 ) ;
#8960 = EDGE_CURVE ( 'NONE', #7404, #7906, #3373, .T. ) ;
#8961 = ORIENTED_EDGE ( 'NONE', *, *, #717, .F. ) ;
#8962 =( NAMED_UNIT ( * ) PLANE_ANGLE_UNIT ( ) SI_UNIT ( $, .RADIAN. ) );
#8963 = SPHERICAL_SURFACE ( 'NONE', #7061, 0.1499999999999999667 ) ;
#8964 = STYLED_ITEM ( 'NONE', ( #6247 ), #5447 ) ;
#8965 =( NAMED_UNIT ( * ) SI_UNIT ( $, .STERADIAN. ) SOLID_ANGLE_UNIT ( ) );
#8966 = VERTEX_POINT ( 'NONE', #5999 ) ;
#8967 = DIRECTION ( 'NONE',  ( 0.0000000000000000000, 0.0000000000000000000, 1.000000000000000000 ) ) ;
#8968 = DIRECTION ( 'NONE',  ( 0.0000000000000000000, 0.0000000000000000000, -1.000000000000000000 ) ) ;
#8969 = SURFACE_STYLE_USAGE ( .BOTH. , #756 ) ;
#8970 = DIRECTION ( 'NONE',  ( 0.0000000000000000000, -1.000000000000000000, -0.0000000000000000000 ) ) ;
#8971 = SPHERICAL_SURFACE ( 'NONE', #2883, 0.1499999999999999667 ) ;
#8972 = CARTESIAN_POINT ( 'NONE',  ( -4.000000000000000000, 0.1499999999999999667, 1.599999999999999867 ) ) ;
#8973 = VERTEX_POINT ( 'NONE', #1054 ) ;
#8974 = AXIS2_PLACEMENT_3D ( 'NONE', #4756, #7127, #4014 ) ;
#8975 = SURFACE_STYLE_FILL_AREA ( #8804 ) ;
#8976 = SURFACE_SIDE_STYLE ('',( #3847 ) ) ;
#8977 = FACE_OUTER_BOUND ( 'NONE', #6143, .T. ) ;
#8978 = CARTESIAN_POINT ( 'NONE',  ( -3.999999999999999112, 0.1499999999999999667, -4.000000000000000000 ) ) ;
#8979 = ADVANCED_FACE ( 'NONE', ( #1011 ), #4844, .F. ) ;
#8980 =( LENGTH_UNIT ( ) NAMED_UNIT ( * ) SI_UNIT ( .MILLI., .METRE. ) );
#8981 = ORIENTED_EDGE ( 'NONE', *, *, #6339, .T. ) ;
#8982 = DIRECTION ( 'NONE',  ( 0.0000000000000000000, -1.000000000000000000, -0.0000000000000000000 ) ) ;
#8983 = LINE ( 'NONE', #4868, #7720 ) ;
#8984 = STYLED_ITEM ( 'NONE', ( #9236 ), #2147 ) ;
#8985 = CIRCLE ( 'NONE', #1677, 0.1499999999999999667 ) ;
#8986 = AXIS2_PLACEMENT_3D ( 'NONE', #6707, #5976, #7550 ) ;
#8987 = AXIS2_PLACEMENT_3D ( 'NONE', #3314, #346, #7352 ) ;
#8988 =( GEOMETRIC_REPRESENTATION_CONTEXT ( 3 ) GLOBAL_UNCERTAINTY_ASSIGNED_CONTEXT ( ( #3070 ) ) GLOBAL_UNIT_ASSIGNED_CONTEXT ( ( #7408, #2862, #5025 ) ) REPRESENTATION_CONTEXT ( 'NONE', 'WORKASPACE' ) );
#8989 = FILL_AREA_STYLE_COLOUR ( '', #3322 ) ;
#8990 =( LENGTH_UNIT ( ) NAMED_UNIT ( * ) SI_UNIT ( .MILLI., .METRE. ) );
#8991 = EDGE_LOOP ( 'NONE', ( #2313, #2558 ) ) ;
#8992 = PLANE ( 'NONE',  #5262 ) ;
#8993 = CIRCLE ( 'NONE', #7750, 0.1414213562373092536 ) ;
#8994 = EDGE_CURVE ( 'NONE', #38, #6132, #3472, .T. ) ;
#8995 = UNCERTAINTY_MEASURE_WITH_UNIT (LENGTH_MEASURE( 1.000000000000000082E-05 ), #3030, 'distance_accuracy_value', 'NONE');
#8996 = CARTESIAN_POINT ( 'NONE',  ( -1.599999999999998979, 0.2000000000000005107, -2.400000000000000355 ) ) ;
#8997 = CIRCLE ( 'NONE', #6478, 0.1414213562373092536 ) ;
#8998 = EDGE_CURVE ( 'NONE', #6028, #5036, #5014, .T. ) ;
#8999 = SURFACE_STYLE_USAGE ( .BOTH. , #4514 ) ;
#9000 = EDGE_LOOP ( 'NONE', ( #673, #4048, #5551 ) ) ;
#9001 =( NAMED_UNIT ( * ) PLANE_ANGLE_UNIT ( ) SI_UNIT ( $, .RADIAN. ) );
#9002 = CIRCLE ( 'NONE', #3523, 0.1414213562373096977 ) ;
#9003 = DIRECTION ( 'NONE',  ( 0.0000000000000000000, 0.0000000000000000000, -1.000000000000000000 ) ) ;
#9004 = AXIS2_PLACEMENT_3D ( 'NONE', #966, #2496, #1647 ) ;
#9005 = ADVANCED_FACE ( 'NONE', ( #7873 ), #7498, .T. ) ;
#9006 = DIRECTION ( 'NONE',  ( 0.0000000000000000000, 0.0000000000000000000, -1.000000000000000000 ) ) ;
#9007 = SURFACE_STYLE_FILL_AREA ( #794 ) ;
#9008 = MANIFOLD_SOLID_BREP ( 'Sketch-Pattern1[114]', #4965 ) ;
#9009 = FILL_AREA_STYLE ('',( #6796 ) ) ;
#9010 = CIRCLE ( 'NONE', #2094, 0.1499999999999999667 ) ;
#9011 = MECHANICAL_DESIGN_GEOMETRIC_PRESENTATION_REPRESENTATION (  '', ( #7217 ), #2619 ) ;
#9012 = CLOSED_SHELL ( 'NONE', ( #767, #2386, #5126 ) ) ;
#9013 = FACE_OUTER_BOUND ( 'NONE', #4552, .T. ) ;
#9014 = VERTEX_POINT ( 'NONE', #6519 ) ;
#9015 = AXIS2_PLACEMENT_3D ( 'NONE', #7628, #849, #4619 ) ;
#9016 = COLOUR_RGB ( '',0.7921568627450980005, 0.8196078431372548767, 0.9333333333333333481 ) ;
#9017 = ORIENTED_EDGE ( 'NONE', *, *, #8091, .T. ) ;
#9018 = PRESENTATION_STYLE_ASSIGNMENT (( #2453 ) ) ;
#9019 = EDGE_CURVE ( 'NONE', #3971, #7847, #5719, .T. ) ;
#9020 = DIRECTION ( 'NONE',  ( 0.0000000000000000000, 0.0000000000000000000, -1.000000000000000000 ) ) ;
#9021 = DIRECTION ( 'NONE',  ( 0.0000000000000000000, 0.0000000000000000000, -1.000000000000000000 ) ) ;
#9022 = MECHANICAL_DESIGN_GEOMETRIC_PRESENTATION_REPRESENTATION (  '', ( #4812 ), #1893 ) ;
#9023 = DIRECTION ( 'NONE',  ( -0.0000000000000000000, -1.000000000000000000, -0.0000000000000000000 ) ) ;
#9024 = SPHERICAL_SURFACE ( 'NONE', #1558, 0.1499999999999999667 ) ;
#9025 = DIRECTION ( 'NONE',  ( 0.0000000000000000000, -1.000000000000000000, -0.0000000000000000000 ) ) ;
#9026 = DIRECTION ( 'NONE',  ( 1.000000000000000000, -2.891205793294679411E-15, 0.0000000000000000000 ) ) ;
#9027 = COLOUR_RGB ( '',0.7921568627450980005, 0.8196078431372548767, 0.9333333333333333481 ) ;
#9028 = ADVANCED_FACE ( 'NONE', ( #7969 ), #2039, .T. ) ;
#9029 = ORIENTED_EDGE ( 'NONE', *, *, #6682, .T. ) ;
#9030 = DIRECTION ( 'NONE',  ( 1.000000000000000000, -2.891205793294679411E-15, 0.0000000000000000000 ) ) ;
#9031 = AXIS2_PLACEMENT_3D ( 'NONE', #6347, #4254, #2030 ) ;
#9032 = DIRECTION ( 'NONE',  ( 0.0000000000000000000, 0.0000000000000000000, -1.000000000000000000 ) ) ;
#9033 = FACE_OUTER_BOUND ( 'NONE', #1812, .T. ) ;
#9034 =( NAMED_UNIT ( * ) SI_UNIT ( $, .STERADIAN. ) SOLID_ANGLE_UNIT ( ) );
#9035 = CARTESIAN_POINT ( 'NONE',  ( -0.7999999999999994893, 0.2000000000000005107, 6.086346753639119761E-18 ) ) ;
#9036 =( LENGTH_UNIT ( ) NAMED_UNIT ( * ) SI_UNIT ( .MILLI., .METRE. ) );
#9037 = CLOSED_SHELL ( 'NONE', ( #3253, #3447, #7370 ) ) ;
#9038 = ORIENTED_EDGE ( 'NONE', *, *, #5576, .T. ) ;
#9039 = FACE_OUTER_BOUND ( 'NONE', #2043, .T. ) ;
#9040 = DIRECTION ( 'NONE',  ( 0.0000000000000000000, 0.0000000000000000000, -1.000000000000000000 ) ) ;
#9041 = FACE_OUTER_BOUND ( 'NONE', #8395, .T. ) ;
#9042 = VERTEX_POINT ( 'NONE', #8927 ) ;
#9043 = FACE_OUTER_BOUND ( 'NONE', #9603, .T. ) ;
#9044 = AXIS2_PLACEMENT_3D ( 'NONE', #3334, #4754, #8612 ) ;
#9045 = DIRECTION ( 'NONE',  ( 1.000000000000000000, -2.891205793294679411E-15, 0.0000000000000000000 ) ) ;
#9046 = EDGE_LOOP ( 'NONE', ( #169, #2375, #2538 ) ) ;
#9047 = CARTESIAN_POINT ( 'NONE',  ( -2.999999999999999112, 0.2000000000000005107, -9.000000000000000000 ) ) ;
#9048 = UNCERTAINTY_MEASURE_WITH_UNIT (LENGTH_MEASURE( 1.000000000000000082E-05 ), #5712, 'distance_accuracy_value', 'NONE');
#9049 = EDGE_CURVE ( 'NONE', #1706, #5449, #4785, .T. ) ;
#9050 = ADVANCED_FACE ( 'NONE', ( #7754 ), #8311, .T. ) ;
#9051 = DIRECTION ( 'NONE',  ( 1.000000000000000000, 0.0000000000000000000, 0.0000000000000000000 ) ) ;
#9052 = EDGE_LOOP ( 'NONE', ( #6645, #3871, #2714 ) ) ;
#9053 = DIRECTION ( 'NONE',  ( 1.000000000000000000, 0.0000000000000000000, -8.673617379884035472E-17 ) ) ;
#9054 = CARTESIAN_POINT ( 'NONE',  ( -3.199999999999999734, 0.2000000000000005107, 0.7999999999999999334 ) ) ;
#9055 = VERTEX_POINT ( 'NONE', #5150 ) ;
#9056 = EDGE_CURVE ( 'NONE', #1446, #5861, #413, .T. ) ;
#9057 = CARTESIAN_POINT ( 'NONE',  ( 2.400000000000001688, 0.0000000000000000000, -0.8000000000000003775 ) ) ;
#9058 = ORIENTED_EDGE ( 'NONE', *, *, #6562, .T. ) ;
#9059 = CARTESIAN_POINT ( 'NONE',  ( 2.400000000000000355, 0.1499999999999999667, 1.599999999999999867 ) ) ;
#9060 = CARTESIAN_POINT ( 'NONE',  ( 3.999999999999999112, 0.1499999999999999667, 4.000000000000000000 ) ) ;
#9061 = MECHANICAL_DESIGN_GEOMETRIC_PRESENTATION_REPRESENTATION (  '', ( #6045 ), #9259 ) ;
#9062 = VERTEX_POINT ( 'NONE', #7381 ) ;
#9063 = FACE_OUTER_BOUND ( 'NONE', #5789, .T. ) ;
#9064 = AXIS2_PLACEMENT_3D ( 'NONE', #2343, #7620, #3120 ) ;
#9065 = FACE_OUTER_BOUND ( 'NONE', #8934, .T. ) ;
#9066 = AXIS2_PLACEMENT_3D ( 'NONE', #9726, #1436, #7548 ) ;
#9067 = EDGE_CURVE ( 'NONE', #202, #7436, #5249, .T. ) ;
#9068 =( NAMED_UNIT ( * ) PLANE_ANGLE_UNIT ( ) SI_UNIT ( $, .RADIAN. ) );
#9069 = VERTEX_POINT ( 'NONE', #5093 ) ;
#9070 = CARTESIAN_POINT ( 'NONE',  ( 1.600000000000000755, 0.1499999999999999667, -1.599999999999999867 ) ) ;
#9071 = MECHANICAL_DESIGN_GEOMETRIC_PRESENTATION_REPRESENTATION (  '', ( #1608 ), #8516 ) ;
#9072 = PLANE ( 'NONE',  #3081 ) ;
#9073 = ORIENTED_EDGE ( 'NONE', *, *, #288, .T. ) ;
#9074 = COLOUR_RGB ( '',0.7921568627450980005, 0.8196078431372548767, 0.9333333333333333481 ) ;
#9075 = EDGE_CURVE ( 'NONE', #5165, #7317, #8198, .T. ) ;
#9076 = DIRECTION ( 'NONE',  ( 1.224646799147353207E-16, -3.540705920434613265E-31, -1.000000000000000000 ) ) ;
#9077 = CARTESIAN_POINT ( 'NONE',  ( -1.600000000000000311, 0.0000000000000000000, 6.086346753639119761E-18 ) ) ;
#9078 = DIRECTION ( 'NONE',  ( 0.0000000000000000000, -1.000000000000000000, -0.0000000000000000000 ) ) ;
#9079 = ORIENTED_EDGE ( 'NONE', *, *, #160, .F. ) ;
#9080 = ORIENTED_EDGE ( 'NONE', *, *, #6122, .T. ) ;
#9081 = ADVANCED_FACE ( 'NONE', ( #9265 ), #757, .F. ) ;
#9082 = VERTEX_POINT ( 'NONE', #3600 ) ;
#9083 = DIRECTION ( 'NONE',  ( 1.000000000000000000, -2.891205793294679411E-15, 0.0000000000000000000 ) ) ;
#9084 = CARTESIAN_POINT ( 'NONE',  ( -3.199999999999999289, 0.1499999999999999667, -3.200000000000000622 ) ) ;
#9085 =( GEOMETRIC_REPRESENTATION_CONTEXT ( 3 ) GLOBAL_UNCERTAINTY_ASSIGNED_CONTEXT ( ( #1815 ) ) GLOBAL_UNIT_ASSIGNED_CONTEXT ( ( #2342, #6806, #3708 ) ) REPRESENTATION_CONTEXT ( 'NONE', 'WORKASPACE' ) );
#9086 = ORIENTED_EDGE ( 'NONE', *, *, #789, .F. ) ;
#9087 = DIRECTION ( 'NONE',  ( 0.0000000000000000000, 0.0000000000000000000, -1.000000000000000000 ) ) ;
#9088 = VERTEX_POINT ( 'NONE', #3759 ) ;
#9089 = DIRECTION ( 'NONE',  ( 0.0000000000000000000, 0.0000000000000000000, -1.000000000000000000 ) ) ;
#9090 = ORIENTED_EDGE ( 'NONE', *, *, #8554, .T. ) ;
#9091 = CIRCLE ( 'NONE', #9718, 0.1499999999999999667 ) ;
#9092 = AXIS2_PLACEMENT_3D ( 'NONE', #655, #2965, #7527 ) ;
#9093 = DIRECTION ( 'NONE',  ( 0.0000000000000000000, 0.0000000000000000000, -1.000000000000000000 ) ) ;
#9094 =( LENGTH_UNIT ( ) NAMED_UNIT ( * ) SI_UNIT ( .MILLI., .METRE. ) );
#9095 = DIRECTION ( 'NONE',  ( 0.0000000000000000000, 0.0000000000000000000, -1.000000000000000000 ) ) ;
#9096 = EDGE_CURVE ( 'NONE', #7775, #1628, #5501, .T. ) ;
#9097 = AXIS2_PLACEMENT_3D ( 'NONE', #3499, #8782, #8090 ) ;
#9098 = ORIENTED_EDGE ( 'NONE', *, *, #6364, .F. ) ;
#9099 = CIRCLE ( 'NONE', #6398, 0.1499999999999999667 ) ;
#9100 = DIRECTION ( 'NONE',  ( 0.0000000000000000000, -1.000000000000000000, -0.0000000000000000000 ) ) ;
#9101 =( LENGTH_UNIT ( ) NAMED_UNIT ( * ) SI_UNIT ( .MILLI., .METRE. ) );
#9102 = ADVANCED_FACE ( 'NONE', ( #7280 ), #2754, .T. ) ;
#9103 = CARTESIAN_POINT ( 'NONE',  ( -1.599999999999999867, 0.2000000000000005107, 3.200000000000000178 ) ) ;
#9104 = CARTESIAN_POINT ( 'NONE',  ( -2.541421356237308693, 0.2000000000000005107, 0.7999999999999999334 ) ) ;
#9105 = DIRECTION ( 'NONE',  ( 1.000000000000000000, -2.891205793294679411E-15, 0.0000000000000000000 ) ) ;
#9106 = PRESENTATION_LAYER_ASSIGNMENT (  '', '', ( #6092 ) ) ;
#9107 = CARTESIAN_POINT ( 'NONE',  ( 5.000000000000000888, 1.699999999999999956, 5.000000000000000888 ) ) ;
#9108 =( NAMED_UNIT ( * ) SI_UNIT ( $, .STERADIAN. ) SOLID_ANGLE_UNIT ( ) );
#9109 = STYLED_ITEM ( 'NONE', ( #8499 ), #7336 ) ;
#9110 = ORIENTED_EDGE ( 'NONE', *, *, #3323, .T. ) ;
#9111 = CARTESIAN_POINT ( 'NONE',  ( 3.200000000000000622, 0.1499999999999999667, 1.599999999999999867 ) ) ;
#9112 = FACE_OUTER_BOUND ( 'NONE', #138, .T. ) ;
#9113 = FACE_OUTER_BOUND ( 'NONE', #7081, .T. ) ;
#9114 = EDGE_CURVE ( 'NONE', #9351, #1095, #8079, .T. ) ;
#9115 = DIRECTION ( 'NONE',  ( 0.0000000000000000000, 0.0000000000000000000, -1.000000000000000000 ) ) ;
#9116 = AXIS2_PLACEMENT_3D ( 'NONE', #1006, #2392, #176 ) ;
#9117 = VERTEX_POINT ( 'NONE', #4482 ) ;
#9118 = CARTESIAN_POINT ( 'NONE',  ( -1.600000000000000311, 0.0000000000000000000, 4.000000000000000000 ) ) ;
#9119 = UNCERTAINTY_MEASURE_WITH_UNIT (LENGTH_MEASURE( 1.000000000000000082E-05 ), #2034, 'distance_accuracy_value', 'NONE');
#9120 = AXIS2_PLACEMENT_3D ( 'NONE', #1100, #7830, #6282 ) ;
#9121 = CARTESIAN_POINT ( 'NONE',  ( 1.800000000000001155, 0.2000000000000005107, -7.399999999999999467 ) ) ;
#9122 = SPHERICAL_SURFACE ( 'NONE', #4252, 0.1499999999999999667 ) ;
#9123 = CARTESIAN_POINT ( 'NONE',  ( 2.400000000000002132, 0.2000000000000005107, -2.400000000000000355 ) ) ;
#9124 = CARTESIAN_POINT ( 'NONE',  ( 3.200000000000000622, 0.2000000000000005107, 3.200000000000000178 ) ) ;
#9125 =( NAMED_UNIT ( * ) SI_UNIT ( $, .STERADIAN. ) SOLID_ANGLE_UNIT ( ) );
#9126 = DIRECTION ( 'NONE',  ( -0.0000000000000000000, -1.000000000000000000, -0.0000000000000000000 ) ) ;
#9127 = EDGE_CURVE ( 'NONE', #3161, #1882, #1228, .T. ) ;
#9128 = VERTEX_POINT ( 'NONE', #7565 ) ;
#9129 = DIRECTION ( 'NONE',  ( 1.000000000000000000, -2.891205793294679411E-15, 0.0000000000000000000 ) ) ;
#9130 = CIRCLE ( 'NONE', #4916, 0.1499999999999999667 ) ;
#9131 = ADVANCED_FACE ( 'NONE', ( #519 ), #3031, .F. ) ;
#9132 = DIRECTION ( 'NONE',  ( 0.0000000000000000000, 0.0000000000000000000, -1.000000000000000000 ) ) ;
#9133 = EDGE_LOOP ( 'NONE', ( #6672, #8691, #9073 ) ) ;
#9134 = CIRCLE ( 'NONE', #3855, 0.1414213562373092536 ) ;
#9135 = DIRECTION ( 'NONE',  ( 0.0000000000000000000, 0.0000000000000000000, 1.000000000000000000 ) ) ;
#9136 = SPHERICAL_SURFACE ( 'NONE', #6492, 0.1499999999999999667 ) ;
#9137 = CARTESIAN_POINT ( 'NONE',  ( 4.428657199878068407E-16, 0.0000000000000000000, -2.400000000000000355 ) ) ;
#9138 = AXIS2_PLACEMENT_3D ( 'NONE', #5022, #6552, #2002 ) ;
#9139 = SURFACE_SIDE_STYLE ('',( #7261 ) ) ;
#9140 = ORIENTED_EDGE ( 'NONE', *, *, #3437, .F. ) ;
#9141 = FILL_AREA_STYLE_COLOUR ( '', #492 ) ;
#9142 = SURFACE_STYLE_FILL_AREA ( #4067 ) ;
#9143 = CARTESIAN_POINT ( 'NONE',  ( 2.400000000000000355, 0.2000000000000005107, 3.200000000000000178 ) ) ;
#9144 = FILL_AREA_STYLE_COLOUR ( '', #3377 ) ;
#9145 = CARTESIAN_POINT ( 'NONE',  ( -2.399999999999999467, 0.1499999999999999667, -2.400000000000000355 ) ) ;
#9146 = FILL_AREA_STYLE ('',( #5254 ) ) ;
#9147 = CIRCLE ( 'NONE', #6089, 0.1499999999999999667 ) ;
#9148 = AXIS2_PLACEMENT_3D ( 'NONE', #4497, #96, #839 ) ;
#9149 = CIRCLE ( 'NONE', #3191, 0.1414213562373092536 ) ;
#9150 = MECHANICAL_DESIGN_GEOMETRIC_PRESENTATION_REPRESENTATION (  '', ( #6981 ), #5426 ) ;
#9151 = ORIENTED_EDGE ( 'NONE', *, *, #3353, .F. ) ;
#9152 = SPHERICAL_SURFACE ( 'NONE', #5668, 0.1499999999999999667 ) ;
#9153 = SURFACE_SIDE_STYLE ('',( #6003 ) ) ;
#9154 = CARTESIAN_POINT ( 'NONE',  ( 0.0000000000000000000, 0.1499999999999999667, 0.7999999999999999334 ) ) ;
#9155 = STYLED_ITEM ( 'NONE', ( #8204 ), #6133 ) ;
#9156 = AXIS2_PLACEMENT_3D ( 'NONE', #4124, #6474, #7228 ) ;
#9157 = ADVANCED_FACE ( 'NONE', ( #8681 ), #8791, .T. ) ;
#9158 =( NAMED_UNIT ( * ) SI_UNIT ( $, .STERADIAN. ) SOLID_ANGLE_UNIT ( ) );
#9159 = EDGE_CURVE ( 'NONE', #2989, #4206, #6686, .T. ) ;
#9160 = FILL_AREA_STYLE_COLOUR ( '', #354 ) ;
#9161 = ORIENTED_EDGE ( 'NONE', *, *, #5541, .T. ) ;
#9162 =( LENGTH_UNIT ( ) NAMED_UNIT ( * ) SI_UNIT ( .MILLI., .METRE. ) );
#9163 = DIRECTION ( 'NONE',  ( 0.0000000000000000000, 0.0000000000000000000, -1.000000000000000000 ) ) ;
#9164 = MECHANICAL_DESIGN_GEOMETRIC_PRESENTATION_REPRESENTATION (  '', ( #2249 ), #3777 ) ;
#9165 =( NAMED_UNIT ( * ) SI_UNIT ( $, .STERADIAN. ) SOLID_ANGLE_UNIT ( ) );
#9166 = FACE_OUTER_BOUND ( 'NONE', #7055, .T. ) ;
#9167 = ORIENTED_EDGE ( 'NONE', *, *, #1114, .F. ) ;
#9168 = SPHERICAL_SURFACE ( 'NONE', #1052, 0.1499999999999999667 ) ;
#9169 = EDGE_LOOP ( 'NONE', ( #8335, #4577, #3296 ) ) ;
#9170 =( GEOMETRIC_REPRESENTATION_CONTEXT ( 3 ) GLOBAL_UNCERTAINTY_ASSIGNED_CONTEXT ( ( #7274 ) ) GLOBAL_UNIT_ASSIGNED_CONTEXT ( ( #6712, #8213, #8965 ) ) REPRESENTATION_CONTEXT ( 'NONE', 'WORKASPACE' ) );
#9171 = CIRCLE ( 'NONE', #2430, 0.1414213562373092536 ) ;
#9172 = SURFACE_SIDE_STYLE ('',( #1303 ) ) ;
#9173 = SURFACE_STYLE_USAGE ( .BOTH. , #4593 ) ;
#9174 =( NAMED_UNIT ( * ) SI_UNIT ( $, .STERADIAN. ) SOLID_ANGLE_UNIT ( ) );
#9175 = CIRCLE ( 'NONE', #2515, 0.1414213562373092536 ) ;
#9176 = CARTESIAN_POINT ( 'NONE',  ( 2.258578643762691129, 0.2000000000000005107, 1.599999999999999867 ) ) ;
#9177 = DIRECTION ( 'NONE',  ( 1.000000000000000000, 0.0000000000000000000, 0.0000000000000000000 ) ) ;
#9178 = DIRECTION ( 'NONE',  ( 0.0000000000000000000, 0.0000000000000000000, -1.000000000000000000 ) ) ;
#9179 = CLOSED_SHELL ( 'NONE', ( #5085, #4221, #1872 ) ) ;
#9180 = DIRECTION ( 'NONE',  ( 1.224646799147353207E-16, -3.540705920434613265E-31, -1.000000000000000000 ) ) ;
#9181 = VERTEX_POINT ( 'NONE', #5590 ) ;
#9182 = UNCERTAINTY_MEASURE_WITH_UNIT (LENGTH_MEASURE( 1.000000000000000082E-05 ), #1909, 'distance_accuracy_value', 'NONE');
#9183 = ADVANCED_FACE ( 'NONE', ( #1461 ), #3252, .T. ) ;
#9184 = VERTEX_POINT ( 'NONE', #1080 ) ;
#9185 = MECHANICAL_DESIGN_GEOMETRIC_PRESENTATION_REPRESENTATION (  '', ( #8685 ), #2908 ) ;
#9186 = CARTESIAN_POINT ( 'NONE',  ( 0.9414213562373096034, 0.2000000000000005107, 1.599999999999999867 ) ) ;
#9187 = AXIS2_PLACEMENT_3D ( 'NONE', #1708, #7062, #1841 ) ;
#9188 =( NAMED_UNIT ( * ) PLANE_ANGLE_UNIT ( ) SI_UNIT ( $, .RADIAN. ) );
#9189 = ORIENTED_EDGE ( 'NONE', *, *, #2825, .F. ) ;
#9190 = EDGE_LOOP ( 'NONE', ( #4038, #2180 ) ) ;
#9191 = EDGE_CURVE ( 'NONE', #6551, #687, #889, .T. ) ;
#9192 = ORIENTED_EDGE ( 'NONE', *, *, #343, .T. ) ;
#9193 = SURFACE_SIDE_STYLE ('',( #245 ) ) ;
#9194 = SPHERICAL_SURFACE ( 'NONE', #7602, 0.1499999999999999667 ) ;
#9195 = DIRECTION ( 'NONE',  ( 1.000000000000000000, -2.891205793294679411E-15, 0.0000000000000000000 ) ) ;
#9196 = CIRCLE ( 'NONE', #8063, 0.1499999999999999667 ) ;
#9197 = MANIFOLD_SOLID_BREP ( 'Sketch-Pattern1[109]', #6367 ) ;
#9198 = EDGE_CURVE ( 'NONE', #6336, #9062, #7866, .T. ) ;
#9199 = ORIENTED_EDGE ( 'NONE', *, *, #7256, .T. ) ;
#9200 = CARTESIAN_POINT ( 'NONE',  ( -3.199999999999999734, 0.1499999999999999667, 3.200000000000000178 ) ) ;
#9201 = FACE_OUTER_BOUND ( 'NONE', #4231, .T. ) ;
#9202 = CLOSED_SHELL ( 'NONE', ( #5879, #2596, #3593 ) ) ;
#9203 = STYLED_ITEM ( 'NONE', ( #5966 ), #9251 ) ;
#9204 = ORIENTED_EDGE ( 'NONE', *, *, #7437, .T. ) ;
#9205 = COLOUR_RGB ( '',0.7921568627450980005, 0.8196078431372548767, 0.9333333333333333481 ) ;
#9206 = CARTESIAN_POINT ( 'NONE',  ( 0.0000000000000000000, 0.2000000000000005107, 4.000000000000000000 ) ) ;
#9207 =( NAMED_UNIT ( * ) PLANE_ANGLE_UNIT ( ) SI_UNIT ( $, .RADIAN. ) );
#9208 = AXIS2_PLACEMENT_3D ( 'NONE', #1990, #8656, #9390 ) ;
#9209 = CARTESIAN_POINT ( 'NONE',  ( -0.7999999999999994893, 0.2000000000000005107, -2.400000000000000355 ) ) ;
#9210 = ADVANCED_FACE ( 'NONE', ( #8437 ), #6612, .F. ) ;
#9211 = FILL_AREA_STYLE ('',( #210 ) ) ;
#9212 = DIRECTION ( 'NONE',  ( 1.224646799147353207E-16, -3.540705920434613265E-31, -1.000000000000000000 ) ) ;
#9213 = ORIENTED_EDGE ( 'NONE', *, *, #1275, .F. ) ;
#9214 = AXIS2_PLACEMENT_3D ( 'NONE', #6804, #771, #30 ) ;
#9215 = DIRECTION ( 'NONE',  ( 1.224646799147353207E-16, -3.540705920434613265E-31, -1.000000000000000000 ) ) ;
#9216 = EDGE_LOOP ( 'NONE', ( #3584, #5751, #4475 ) ) ;
#9217 = PLANE ( 'NONE',  #8459 ) ;
#9218 = DIRECTION ( 'NONE',  ( -0.0000000000000000000, -1.000000000000000000, -0.0000000000000000000 ) ) ;
#9219 = CARTESIAN_POINT ( 'NONE',  ( -2.399999999999999911, 0.0000000000000000000, 6.086346753639119761E-18 ) ) ;
#9220 = EDGE_LOOP ( 'NONE', ( #5277, #8390, #7411 ) ) ;
#9221 = DIRECTION ( 'NONE',  ( -1.000000000000000000, 0.0000000000000000000, 0.0000000000000000000 ) ) ;
#9222 = ORIENTED_EDGE ( 'NONE', *, *, #7368, .T. ) ;
#9223 = CARTESIAN_POINT ( 'NONE',  ( -1.741421356237308204, 0.2000000000000005107, -1.599999999999999867 ) ) ;
#9224 = DIRECTION ( 'NONE',  ( 0.0000000000000000000, 0.0000000000000000000, -1.000000000000000000 ) ) ;
#9225 = ORIENTED_EDGE ( 'NONE', *, *, #123, .F. ) ;
#9226 = AXIS2_PLACEMENT_3D ( 'NONE', #373, #2954, #3018 ) ;
#9227 = DIRECTION ( 'NONE',  ( -0.0000000000000000000, -1.000000000000000000, -0.0000000000000000000 ) ) ;
#9228 = COLOUR_RGB ( '',0.7921568627450980005, 0.8196078431372548767, 0.9333333333333333481 ) ;
#9229 = CIRCLE ( 'NONE', #7223, 0.1414213562373092536 ) ;
#9230 = FILL_AREA_STYLE_COLOUR ( '', #5503 ) ;
#9231 = ADVANCED_FACE ( 'NONE', ( #4410 ), #8050, .F. ) ;
#9232 =( LENGTH_UNIT ( ) NAMED_UNIT ( * ) SI_UNIT ( .MILLI., .METRE. ) );
#9233 = DIRECTION ( 'NONE',  ( 1.000000000000000000, -2.891205793294679411E-15, 0.0000000000000000000 ) ) ;
#9234 =( NAMED_UNIT ( * ) PLANE_ANGLE_UNIT ( ) SI_UNIT ( $, .RADIAN. ) );
#9235 = EDGE_LOOP ( 'NONE', ( #155, #6504, #586 ) ) ;
#9236 = PRESENTATION_STYLE_ASSIGNMENT (( #121 ) ) ;
#9237 = SURFACE_STYLE_FILL_AREA ( #9503 ) ;
#9238 = CARTESIAN_POINT ( 'NONE',  ( -2.400000000000000355, 0.0000000000000000000, 2.400000000000000355 ) ) ;
#9239 = DIRECTION ( 'NONE',  ( -0.0000000000000000000, -1.000000000000000000, -0.0000000000000000000 ) ) ;
#9240 =( GEOMETRIC_REPRESENTATION_CONTEXT ( 3 ) GLOBAL_UNCERTAINTY_ASSIGNED_CONTEXT ( ( #8156 ) ) GLOBAL_UNIT_ASSIGNED_CONTEXT ( ( #9094, #8370, #5443 ) ) REPRESENTATION_CONTEXT ( 'NONE', 'WORKASPACE' ) );
#9241 =( NAMED_UNIT ( * ) PLANE_ANGLE_UNIT ( ) SI_UNIT ( $, .RADIAN. ) );
#9242 = PRESENTATION_STYLE_ASSIGNMENT (( #6863 ) ) ;
#9243 = DIRECTION ( 'NONE',  ( -0.0000000000000000000, -1.000000000000000000, -0.0000000000000000000 ) ) ;
#9244 = PRESENTATION_LAYER_ASSIGNMENT (  '', '', ( #1331 ) ) ;
#9245 = AXIS2_PLACEMENT_3D ( 'NONE', #6770, #4665, #6902 ) ;
#9246 = CIRCLE ( 'NONE', #4910, 0.1499999999999999667 ) ;
#9247 = CLOSED_SHELL ( 'NONE', ( #3356, #8263, #474 ) ) ;
#9248 = CIRCLE ( 'NONE', #5391, 0.1499999999999999667 ) ;
#9249 = EDGE_CURVE ( 'NONE', #3537, #8808, #4185, .T. ) ;
#9250 = DIRECTION ( 'NONE',  ( 1.000000000000000000, -2.891205793294679411E-15, 0.0000000000000000000 ) ) ;
#9251 = MANIFOLD_SOLID_BREP ( 'Sketch-Pattern1[58]', #8628 ) ;
#9252 =( LENGTH_UNIT ( ) NAMED_UNIT ( * ) SI_UNIT ( .MILLI., .METRE. ) );
#9253 = DIRECTION ( 'NONE',  ( 0.0000000000000000000, 0.0000000000000000000, -1.000000000000000000 ) ) ;
#9254 = EDGE_CURVE ( 'NONE', #6319, #1897, #9697, .T. ) ;
#9255 = FACE_OUTER_BOUND ( 'NONE', #5654, .T. ) ;
#9256 = EDGE_LOOP ( 'NONE', ( #370, #1400 ) ) ;
#9257 = CARTESIAN_POINT ( 'NONE',  ( 4.200000000000000178, 0.2000000000000005107, -0.9999999999999991118 ) ) ;
#9258 = CIRCLE ( 'NONE', #2873, 0.1499999999999999667 ) ;
#9259 =( GEOMETRIC_REPRESENTATION_CONTEXT ( 3 ) GLOBAL_UNCERTAINTY_ASSIGNED_CONTEXT ( ( #8332 ) ) GLOBAL_UNIT_ASSIGNED_CONTEXT ( ( #7021, #8496, #7051 ) ) REPRESENTATION_CONTEXT ( 'NONE', 'WORKASPACE' ) );
#9260 = CARTESIAN_POINT ( 'NONE',  ( 3.200000000000000622, 0.1499999999999999667, -4.000000000000000000 ) ) ;
#9261 = CARTESIAN_POINT ( 'NONE',  ( 0.8000000000000003775, 0.1499999999999999667, 0.7999999999999999334 ) ) ;
#9262 = DIRECTION ( 'NONE',  ( 0.0000000000000000000, 0.0000000000000000000, 1.000000000000000000 ) ) ;
#9263 =( GEOMETRIC_REPRESENTATION_CONTEXT ( 3 ) GLOBAL_UNCERTAINTY_ASSIGNED_CONTEXT ( ( #9584 ) ) GLOBAL_UNIT_ASSIGNED_CONTEXT ( ( #9289, #327, #6344 ) ) REPRESENTATION_CONTEXT ( 'NONE', 'WORKASPACE' ) );
#9264 = EDGE_CURVE ( 'NONE', #3620, #3775, #5364, .T. ) ;
#9265 = FACE_OUTER_BOUND ( 'NONE', #5741, .T. ) ;
#9266 = CARTESIAN_POINT ( 'NONE',  ( -2.399999999999999467, 0.2000000000000005107, 6.086346753639119761E-18 ) ) ;
#9267 = AXIS2_PLACEMENT_3D ( 'NONE', #7809, #2622, #2718 ) ;
#9268 = CLOSED_SHELL ( 'NONE', ( #1530, #2336, #7328 ) ) ;
#9269 = COLOUR_RGB ( '',0.7921568627450980005, 0.8196078431372548767, 0.9333333333333333481 ) ;
#9270 = DIRECTION ( 'NONE',  ( -1.000000000000000000, 0.0000000000000000000, 0.0000000000000000000 ) ) ;
#9271 = AXIS2_PLACEMENT_3D ( 'NONE', #3807, #9227, #9093 ) ;
#9272 = DIRECTION ( 'NONE',  ( 0.0000000000000000000, 0.0000000000000000000, -1.000000000000000000 ) ) ;
#9273 = DIRECTION ( 'NONE',  ( 0.0000000000000000000, 0.0000000000000000000, -1.000000000000000000 ) ) ;
#9274 = SURFACE_STYLE_FILL_AREA ( #2404 ) ;
#9275 = CLOSED_SHELL ( 'NONE', ( #8192, #5930, #6335 ) ) ;
#9276 = AXIS2_PLACEMENT_3D ( 'NONE', #2156, #1390, #9744 ) ;
#9277 = PRESENTATION_STYLE_ASSIGNMENT (( #6358 ) ) ;
#9278 = ADVANCED_FACE ( 'NONE', ( #6223 ), #3486, .F. ) ;
#9279 = DIRECTION ( 'NONE',  ( 0.0000000000000000000, 0.0000000000000000000, -1.000000000000000000 ) ) ;
#9280 = ORIENTED_EDGE ( 'NONE', *, *, #2337, .F. ) ;
#9281 = VERTEX_POINT ( 'NONE', #9608 ) ;
#9282 = FILL_AREA_STYLE ('',( #3152 ) ) ;
#9283 = ORIENTED_EDGE ( 'NONE', *, *, #160, .T. ) ;
#9284 = DIRECTION ( 'NONE',  ( 0.0000000000000000000, 0.0000000000000000000, -1.000000000000000000 ) ) ;
#9285 = AXIS2_PLACEMENT_3D ( 'NONE', #3243, #3211, #4693 ) ;
#9286 = SURFACE_STYLE_USAGE ( .BOTH. , #4814 ) ;
#9287 = SPHERICAL_SURFACE ( 'NONE', #2701, 0.1499999999999999667 ) ;
#9288 = EDGE_CURVE ( 'NONE', #1226, #4062, #7618, .T. ) ;
#9289 =( LENGTH_UNIT ( ) NAMED_UNIT ( * ) SI_UNIT ( .MILLI., .METRE. ) );
#9290 = ORIENTED_EDGE ( 'NONE', *, *, #9307, .F. ) ;
#9291 = CARTESIAN_POINT ( 'NONE',  ( -3.999999999999999112, 0.0000000000000000000, -3.200000000000000622 ) ) ;
#9292 = AXIS2_PLACEMENT_3D ( 'NONE', #6275, #356, #2546 ) ;
#9293 = ORIENTED_EDGE ( 'NONE', *, *, #7549, .F. ) ;
#9294 = DIRECTION ( 'NONE',  ( 0.0000000000000000000, 0.0000000000000000000, -1.000000000000000000 ) ) ;
#9295 = FACE_OUTER_BOUND ( 'NONE', #8188, .T. ) ;
#9296 = SURFACE_STYLE_USAGE ( .BOTH. , #7122 ) ;
#9297 = DIRECTION ( 'NONE',  ( 0.0000000000000000000, 0.0000000000000000000, -1.000000000000000000 ) ) ;
#9298 = ORIENTED_EDGE ( 'NONE', *, *, #8292, .T. ) ;
#9299 = AXIS2_PLACEMENT_3D ( 'NONE', #1817, #2460, #9336 ) ;
#9300 = ORIENTED_EDGE ( 'NONE', *, *, #2272, .F. ) ;
#9301 = DIRECTION ( 'NONE',  ( 0.0000000000000000000, 0.0000000000000000000, -1.000000000000000000 ) ) ;
#9302 = ORIENTED_EDGE ( 'NONE', *, *, #2272, .T. ) ;
#9303 = DIRECTION ( 'NONE',  ( 0.0000000000000000000, 0.0000000000000000000, -1.000000000000000000 ) ) ;
#9304 = DIRECTION ( 'NONE',  ( 1.000000000000000000, -2.891205793294679411E-15, 0.0000000000000000000 ) ) ;
#9305 = UNCERTAINTY_MEASURE_WITH_UNIT (LENGTH_MEASURE( 1.000000000000000082E-05 ), #2327, 'distance_accuracy_value', 'NONE');
#9306 = DIRECTION ( 'NONE',  ( 0.0000000000000000000, 0.0000000000000000000, -1.000000000000000000 ) ) ;
#9307 = EDGE_CURVE ( 'NONE', #9616, #4641, #7270, .T. ) ;
#9308 = ORIENTED_EDGE ( 'NONE', *, *, #5843, .F. ) ;
#9309 = COLOUR_RGB ( '',0.7921568627450980005, 0.8196078431372548767, 0.9333333333333333481 ) ;
#9310 = DIRECTION ( 'NONE',  ( 0.0000000000000000000, 0.0000000000000000000, -1.000000000000000000 ) ) ;
#9311 = FILL_AREA_STYLE ('',( #7075 ) ) ;
#9312 = PRESENTATION_STYLE_ASSIGNMENT (( #2736 ) ) ;
#9313 = AXIS2_PLACEMENT_3D ( 'NONE', #5419, #897, #7598 ) ;
#9314 = ORIENTED_EDGE ( 'NONE', *, *, #1209, .T. ) ;
#9315 = DIRECTION ( 'NONE',  ( 0.0000000000000000000, 0.0000000000000000000, -1.000000000000000000 ) ) ;
#9316 = DIRECTION ( 'NONE',  ( 0.0000000000000000000, 0.0000000000000000000, -1.000000000000000000 ) ) ;
#9317 = AXIS2_PLACEMENT_3D ( 'NONE', #7013, #9218, #1009 ) ;
#9318 = AXIS2_PLACEMENT_3D ( 'NONE', #2024, #7194, #7929 ) ;
#9319 = MANIFOLD_SOLID_BREP ( 'Sketch-Pattern1[59]', #6737 ) ;
#9320 = CARTESIAN_POINT ( 'NONE',  ( 0.1414213562373092536, 0.2000000000000005107, 0.7999999999999999334 ) ) ;
#9321 = DIRECTION ( 'NONE',  ( 0.0000000000000000000, 0.0000000000000000000, -1.000000000000000000 ) ) ;
#9322 = FACE_OUTER_BOUND ( 'NONE', #9220, .T. ) ;
#9323 = EDGE_CURVE ( 'NONE', #5559, #8111, #7487, .T. ) ;
#9324 = DIRECTION ( 'NONE',  ( 0.0000000000000000000, 0.0000000000000000000, -1.000000000000000000 ) ) ;
#9325 = VERTEX_POINT ( 'NONE', #641 ) ;
#9326 =( NAMED_UNIT ( * ) SI_UNIT ( $, .STERADIAN. ) SOLID_ANGLE_UNIT ( ) );
#9327 = ORIENTED_EDGE ( 'NONE', *, *, #5541, .F. ) ;
#9328 = EDGE_CURVE ( 'NONE', #1394, #48, #7961, .T. ) ;
#9329 = CARTESIAN_POINT ( 'NONE',  ( 0.8000000000000003775, 0.2000000000000005107, 3.200000000000000178 ) ) ;
#9330 = DIRECTION ( 'NONE',  ( 1.000000000000000000, -2.891205793294679411E-15, 0.0000000000000000000 ) ) ;
#9331 = ORIENTED_EDGE ( 'NONE', *, *, #5793, .F. ) ;
#9332 = AXIS2_PLACEMENT_3D ( 'NONE', #2424, #4887, #7220 ) ;
#9333 = ADVANCED_FACE ( 'NONE', ( #1925 ), #8203, .F. ) ;
#9334 = VERTEX_POINT ( 'NONE', #715 ) ;
#9335 = CLOSED_SHELL ( 'NONE', ( #719, #2449, #2725 ) ) ;
#9336 = DIRECTION ( 'NONE',  ( 0.0000000000000000000, 0.0000000000000000000, -1.000000000000000000 ) ) ;
#9337 = AXIS2_PLACEMENT_3D ( 'NONE', #2556, #5550, #7894 ) ;
#9338 = FILL_AREA_STYLE_COLOUR ( '', #4431 ) ;
#9339 = AXIS2_PLACEMENT_3D ( 'NONE', #4796, #6263, #311 ) ;
#9340 = CARTESIAN_POINT ( 'NONE',  ( -4.244960180005966572E-16, 0.0000000000000000000, 2.400000000000000355 ) ) ;
#9341 = DIRECTION ( 'NONE',  ( 0.0000000000000000000, 0.0000000000000000000, -1.000000000000000000 ) ) ;
#9342 = CARTESIAN_POINT ( 'NONE',  ( 3.200000000000000178, 0.0000000000000000000, -2.400000000000000355 ) ) ;
#9343 = ORIENTED_EDGE ( 'NONE', *, *, #2029, .F. ) ;
#9344 = DIRECTION ( 'NONE',  ( 0.0000000000000000000, -1.000000000000000000, -0.0000000000000000000 ) ) ;
#9345 = FACE_OUTER_BOUND ( 'NONE', #1182, .T. ) ;
#9346 = AXIS2_PLACEMENT_3D ( 'NONE', #2787, #8082, #9517 ) ;
#9347 = DIRECTION ( 'NONE',  ( 0.0000000000000000000, 0.0000000000000000000, -1.000000000000000000 ) ) ;
#9348 = EDGE_CURVE ( 'NONE', #933, #1187, #1345, .T. ) ;
#9349 = DIRECTION ( 'NONE',  ( -0.0000000000000000000, -1.000000000000000000, -0.0000000000000000000 ) ) ;
#9350 = AXIS2_PLACEMENT_3D ( 'NONE', #3224, #2370, #4708 ) ;
#9351 = VERTEX_POINT ( 'NONE', #5207 ) ;
#9352 = CARTESIAN_POINT ( 'NONE',  ( -0.7999999999999994893, 0.2000000000000005107, -0.8000000000000003775 ) ) ;
#9353 = DIRECTION ( 'NONE',  ( -0.0000000000000000000, -1.000000000000000000, -0.0000000000000000000 ) ) ;
#9354 = CARTESIAN_POINT ( 'NONE',  ( 8.673617379884035472E-16, 0.1499999999999999667, 6.086346753639119761E-18 ) ) ;
#9355 = MECHANICAL_DESIGN_GEOMETRIC_PRESENTATION_REPRESENTATION (  '', ( #8212 ), #6522 ) ;
#9356 = CIRCLE ( 'NONE', #6127, 0.1414213562373092536 ) ;
#9357 = CARTESIAN_POINT ( 'NONE',  ( 8.673617379884035472E-16, 0.2000000000000005107, -3.200000000000000622 ) ) ;
#9358 = CLOSED_SHELL ( 'NONE', ( #3203, #2042, #1669 ) ) ;
#9359 = UNCERTAINTY_MEASURE_WITH_UNIT (LENGTH_MEASURE( 1.000000000000000082E-05 ), #5189, 'distance_accuracy_value', 'NONE');
#9360 = CIRCLE ( 'NONE', #316, 0.1499999999999999667 ) ;
#9361 = DIRECTION ( 'NONE',  ( 0.0000000000000000000, 0.0000000000000000000, -1.000000000000000000 ) ) ;
#9362 = CARTESIAN_POINT ( 'NONE',  ( -1.599999999999998979, 0.2000000000000005107, -1.599999999999999867 ) ) ;
#9363 = CIRCLE ( 'NONE', #5601, 0.1499999999999999667 ) ;
#9364 = DIRECTION ( 'NONE',  ( -1.000000000000000000, 0.0000000000000000000, 0.0000000000000000000 ) ) ;
#9365 = SPHERICAL_SURFACE ( 'NONE', #3072, 0.1499999999999999667 ) ;
#9366 = AXIS2_PLACEMENT_3D ( 'NONE', #4335, #8146, #9514 ) ;
#9367 = MANIFOLD_SOLID_BREP ( 'Sketch-Pattern1[48]', #9535 ) ;
#9368 = AXIS2_PLACEMENT_3D ( 'NONE', #9577, #8152, #2888 ) ;
#9369 = ADVANCED_FACE ( 'NONE', ( #9255 ), #9136, .T. ) ;
#9370 = EDGE_CURVE ( 'NONE', #1382, #7911, #627, .T. ) ;
#9371 = VERTEX_POINT ( 'NONE', #9731 ) ;
#9372 = DIRECTION ( 'NONE',  ( 0.0000000000000000000, 0.0000000000000000000, -1.000000000000000000 ) ) ;
#9373 = EDGE_CURVE ( 'NONE', #870, #1193, #9010, .T. ) ;
#9374 = ORIENTED_EDGE ( 'NONE', *, *, #2987, .T. ) ;
#9375 = DIRECTION ( 'NONE',  ( 1.000000000000000000, -2.891205793294679411E-15, 0.0000000000000000000 ) ) ;
#9376 =( GEOMETRIC_REPRESENTATION_CONTEXT ( 3 ) GLOBAL_UNCERTAINTY_ASSIGNED_CONTEXT ( ( #4651 ) ) GLOBAL_UNIT_ASSIGNED_CONTEXT ( ( #8990, #4432, #4372 ) ) REPRESENTATION_CONTEXT ( 'NONE', 'WORKASPACE' ) );
#9377 = DIRECTION ( 'NONE',  ( 1.000000000000000000, -2.891205793294679411E-15, 0.0000000000000000000 ) ) ;
#9378 = VERTEX_POINT ( 'NONE', #3713 ) ;
#9379 = CIRCLE ( 'NONE', #117, 0.1499999999999999667 ) ;
#9380 = ADVANCED_FACE ( 'NONE', ( #1002 ), #8270, .F. ) ;
#9381 = PRESENTATION_LAYER_ASSIGNMENT (  '', '', ( #8871 ) ) ;
#9382 = CIRCLE ( 'NONE', #1889, 0.1414213562373092536 ) ;
#9383 = DIRECTION ( 'NONE',  ( 1.224646799147353207E-16, -3.540705920434613265E-31, -1.000000000000000000 ) ) ;
#9384 = AXIS2_PLACEMENT_3D ( 'NONE', #5484, #4584, #2384 ) ;
#9385 = COLOUR_RGB ( '',0.7921568627450980005, 0.8196078431372548767, 0.9333333333333333481 ) ;
#9386 = EDGE_LOOP ( 'NONE', ( #1781, #5931, #211 ) ) ;
#9387 = ORIENTED_EDGE ( 'NONE', *, *, #7793, .F. ) ;
#9388 = COLOUR_RGB ( '',0.7921568627450980005, 0.8196078431372548767, 0.9333333333333333481 ) ;
#9389 = DIRECTION ( 'NONE',  ( -0.0000000000000000000, -1.000000000000000000, -0.0000000000000000000 ) ) ;
#9390 = DIRECTION ( 'NONE',  ( -1.000000000000000000, 0.0000000000000000000, 0.0000000000000000000 ) ) ;
#9391 = DIRECTION ( 'NONE',  ( -1.000000000000000000, 0.0000000000000000000, 0.0000000000000000000 ) ) ;
#9392 = CLOSED_SHELL ( 'NONE', ( #1683, #8244, #3097 ) ) ;
#9393 = CARTESIAN_POINT ( 'NONE',  ( -3.199999999999999289, 0.1499999999999999667, -1.599999999999999867 ) ) ;
#9394 = DIRECTION ( 'NONE',  ( 1.000000000000000000, -2.891205793294679411E-15, 0.0000000000000000000 ) ) ;
#9395 = EDGE_LOOP ( 'NONE', ( #8010, #701, #3707 ) ) ;
#9396 = CARTESIAN_POINT ( 'NONE',  ( -3.199999999999999734, 0.2000000000000005107, 3.200000000000000178 ) ) ;
#9397 = PRESENTATION_LAYER_ASSIGNMENT (  '', '', ( #8394 ) ) ;
#9398 = CARTESIAN_POINT ( 'NONE',  ( 0.8000000000000012657, 0.2000000000000005107, -0.8000000000000003775 ) ) ;
#9399 = ORIENTED_EDGE ( 'NONE', *, *, #7368, .F. ) ;
#9400 = CIRCLE ( 'NONE', #7077, 0.1499999999999999667 ) ;
#9401 = AXIS2_PLACEMENT_3D ( 'NONE', #6053, #3071, #6969 ) ;
#9402 = CARTESIAN_POINT ( 'NONE',  ( -3.000000000000000000, 0.2000000000000005107, -4.199999999999999289 ) ) ;
#9403 = DIRECTION ( 'NONE',  ( 0.0000000000000000000, 0.0000000000000000000, -1.000000000000000000 ) ) ;
#9404 = ORIENTED_EDGE ( 'NONE', *, *, #9602, .T. ) ;
#9405 = SPHERICAL_SURFACE ( 'NONE', #3291, 0.1499999999999999667 ) ;
#9406 = DIRECTION ( 'NONE',  ( 0.0000000000000000000, 0.0000000000000000000, -1.000000000000000000 ) ) ;
#9407 = ORIENTED_EDGE ( 'NONE', *, *, #4000, .T. ) ;
#9408 = FACE_OUTER_BOUND ( 'NONE', #7882, .T. ) ;
#9409 = DIRECTION ( 'NONE',  ( -0.0000000000000000000, -1.000000000000000000, -0.0000000000000000000 ) ) ;
#9410 = ORIENTED_EDGE ( 'NONE', *, *, #9067, .T. ) ;
#9411 = ADVANCED_FACE ( 'NONE', ( #5611 ), #9594, .T. ) ;
#9412 = CLOSED_SHELL ( 'NONE', ( #817, #393, #6581 ) ) ;
#9413 = UNCERTAINTY_MEASURE_WITH_UNIT (LENGTH_MEASURE( 1.000000000000000082E-05 ), #1718, 'distance_accuracy_value', 'NONE');
#9414 = PRESENTATION_STYLE_ASSIGNMENT (( #7778 ) ) ;
#9415 = FACE_OUTER_BOUND ( 'NONE', #4996, .T. ) ;
#9416 = CARTESIAN_POINT ( 'NONE',  ( -1.599999999999999867, 0.1499999999999999667, 0.7999999999999999334 ) ) ;
#9417 = VERTEX_POINT ( 'NONE', #7048 ) ;
#9418 = DIRECTION ( 'NONE',  ( 1.000000000000000000, -2.891205793294679411E-15, 0.0000000000000000000 ) ) ;
#9419 = PLANE ( 'NONE',  #1048 ) ;
#9420 = EDGE_LOOP ( 'NONE', ( #3528, #9151 ) ) ;
#9421 = CARTESIAN_POINT ( 'NONE',  ( 0.0000000000000000000, 0.1499999999999999667, 1.599999999999999867 ) ) ;
#9422 = EDGE_CURVE ( 'NONE', #4275, #2421, #8778, .T. ) ;
#9423 = ORIENTED_EDGE ( 'NONE', *, *, #98, .F. ) ;
#9424 = CIRCLE ( 'NONE', #3730, 0.1414213562373092536 ) ;
#9425 = ADVANCED_FACE ( 'NONE', ( #3589 ), #7054, .T. ) ;
#9426 = DIRECTION ( 'NONE',  ( 0.0000000000000000000, 0.0000000000000000000, -1.000000000000000000 ) ) ;
#9427 = EDGE_CURVE ( 'NONE', #1972, #534, #6799, .T. ) ;
#9428 = FACE_OUTER_BOUND ( 'NONE', #3400, .T. ) ;
#9429 = ORIENTED_EDGE ( 'NONE', *, *, #5747, .F. ) ;
#9430 = CARTESIAN_POINT ( 'NONE',  ( -1.741421356237309093, 0.2000000000000005107, 1.599999999999999867 ) ) ;
#9431 = AXIS2_PLACEMENT_3D ( 'NONE', #1320, #1449, #2183 ) ;
#9432 = ORIENTED_EDGE ( 'NONE', *, *, #46, .F. ) ;
#9433 = DIRECTION ( 'NONE',  ( 0.0000000000000000000, 0.0000000000000000000, -1.000000000000000000 ) ) ;
#9434 = SPHERICAL_SURFACE ( 'NONE', #1101, 0.1499999999999999667 ) ;
#9435 = DIRECTION ( 'NONE',  ( 0.0000000000000000000, 0.0000000000000000000, -1.000000000000000000 ) ) ;
#9436 = AXIS2_PLACEMENT_3D ( 'NONE', #3324, #2548, #7887 ) ;
#9437 = CARTESIAN_POINT ( 'NONE',  ( -3.999999999999999112, 0.1499999999999999667, 6.086346753639119761E-18 ) ) ;
#9438 = EDGE_CURVE ( 'NONE', #200, #3285, #171, .T. ) ;
#9439 = VERTEX_POINT ( 'NONE', #2473 ) ;
#9440 = DIRECTION ( 'NONE',  ( 0.0000000000000000000, -1.000000000000000000, -0.0000000000000000000 ) ) ;
#9441 = FACE_OUTER_BOUND ( 'NONE', #1107, .T. ) ;
#9442 = ORIENTED_EDGE ( 'NONE', *, *, #8911, .T. ) ;
#9443 = PRESENTATION_STYLE_ASSIGNMENT (( #5208 ) ) ;
#9444 = CIRCLE ( 'NONE', #5369, 0.1499999999999999667 ) ;
#9445 = CARTESIAN_POINT ( 'NONE',  ( 1.458578643762690641, 0.2000000000000005107, 4.000000000000000000 ) ) ;
#9446 = MECHANICAL_DESIGN_GEOMETRIC_PRESENTATION_REPRESENTATION (  '', ( #4592 ), #5612 ) ;
#9447 = CARTESIAN_POINT ( 'NONE',  ( -4.141421356237310114, 0.2000000000000005107, 3.200000000000000178 ) ) ;
#9448 = DIRECTION ( 'NONE',  ( 1.224646799147353207E-16, -3.540705920434613265E-31, -1.000000000000000000 ) ) ;
#9449 = ORIENTED_EDGE ( 'NONE', *, *, #9740, .T. ) ;
#9450 = APPLICATION_PROTOCOL_DEFINITION ( 'draft international standard', 'automotive_design', 1998, #7192 ) ;
#9451 = PRESENTATION_STYLE_ASSIGNMENT (( #3952 ) ) ;
#9452 = SPHERICAL_SURFACE ( 'NONE', #9156, 0.1499999999999999667 ) ;
#9453 = AXIS2_PLACEMENT_3D ( 'NONE', #65, #3050, #7577 ) ;
#9454 = CARTESIAN_POINT ( 'NONE',  ( -4.000000000000000000, 0.1499999999999999667, 3.200000000000000178 ) ) ;
#9455 = SURFACE_SIDE_STYLE ('',( #6404 ) ) ;
#9456 = CARTESIAN_POINT ( 'NONE',  ( -4.000000000000000000, 0.0000000000000000000, 1.599999999999999867 ) ) ;
#9457 = DIRECTION ( 'NONE',  ( -1.000000000000000000, 0.0000000000000000000, 0.0000000000000000000 ) ) ;
#9458 = VERTEX_POINT ( 'NONE', #6238 ) ;
#9459 = AXIS2_PLACEMENT_3D ( 'NONE', #8386, #8447, #3923 ) ;
#9460 = PRESENTATION_STYLE_ASSIGNMENT (( #7993 ) ) ;
#9461 = ADVANCED_FACE ( 'NONE', ( #1827 ), #8885, .T. ) ;
#9462 = EDGE_CURVE ( 'NONE', #5153, #3677, #6549, .T. ) ;
#9463 = COLOUR_RGB ( '',0.7921568627450980005, 0.8196078431372548767, 0.9333333333333333481 ) ;
#9464 = AXIS2_PLACEMENT_3D ( 'NONE', #7937, #9316, #7171 ) ;
#9465 = FILL_AREA_STYLE_COLOUR ( '', #787 ) ;
#9466 = ORIENTED_EDGE ( 'NONE', *, *, #5475, .T. ) ;
#9467 = CARTESIAN_POINT ( 'NONE',  ( 2.541421356237311358, 0.2000000000000005107, -0.8000000000000003775 ) ) ;
#9468 = UNCERTAINTY_MEASURE_WITH_UNIT (LENGTH_MEASURE( 1.000000000000000082E-05 ), #1904, 'distance_accuracy_value', 'NONE');
#9469 = PRESENTATION_STYLE_ASSIGNMENT (( #5539 ) ) ;
#9470 = FILL_AREA_STYLE ('',( #3706 ) ) ;
#9471 =( NAMED_UNIT ( * ) PLANE_ANGLE_UNIT ( ) SI_UNIT ( $, .RADIAN. ) );
#9472 = ADVANCED_FACE ( 'NONE', ( #405 ), #4527, .T. ) ;
#9473 = AXIS2_PLACEMENT_3D ( 'NONE', #7067, #4074, #3276 ) ;
#9474 = FILL_AREA_STYLE ('',( #5798 ) ) ;
#9475 = DIRECTION ( 'NONE',  ( 0.0000000000000000000, 0.0000000000000000000, -1.000000000000000000 ) ) ;
#9476 = VERTEX_POINT ( 'NONE', #7757 ) ;
#9477 = MANIFOLD_SOLID_BREP ( 'Sketch-Pattern1[17]', #2086 ) ;
#9478 = DIRECTION ( 'NONE',  ( 1.000000000000000000, -2.891205793294679411E-15, 0.0000000000000000000 ) ) ;
#9479 = VERTEX_POINT ( 'NONE', #3186 ) ;
#9480 = AXIS2_PLACEMENT_3D ( 'NONE', #5322, #8380, #8353 ) ;
#9481 = CARTESIAN_POINT ( 'NONE',  ( -3.058578643762689619, 0.2000000000000005107, -4.000000000000000000 ) ) ;
#9482 = PLANE ( 'NONE',  #7428 ) ;
#9483 = PRESENTATION_STYLE_ASSIGNMENT (( #466 ) ) ;
#9484 = EDGE_LOOP ( 'NONE', ( #193, #3033 ) ) ;
#9485 = AXIS2_PLACEMENT_3D ( 'NONE', #3715, #5940, #7429 ) ;
#9486 = CIRCLE ( 'NONE', #3452, 0.1414213562373092536 ) ;
#9487 = AXIS2_PLACEMENT_3D ( 'NONE', #9437, #442, #3543 ) ;
#9488 = STYLED_ITEM ( 'NONE', ( #7156 ), #6728 ) ;
#9489 = EDGE_CURVE ( 'NONE', #1942, #1797, #2028, .T. ) ;
#9490 = SURFACE_SIDE_STYLE ('',( #6708 ) ) ;
#9491 = CLOSED_SHELL ( 'NONE', ( #1813, #1310, #6055 ) ) ;
#9492 = DIRECTION ( 'NONE',  ( 1.000000000000000000, -2.891205793294679411E-15, 0.0000000000000000000 ) ) ;
#9493 = SPHERICAL_SURFACE ( 'NONE', #8705, 0.1499999999999999667 ) ;
#9494 = EDGE_CURVE ( 'NONE', #2516, #7439, #4046, .T. ) ;
#9495 = CARTESIAN_POINT ( 'NONE',  ( 3.341421356237309848, 0.2000000000000005107, 3.200000000000000178 ) ) ;
#9496 = ORIENTED_EDGE ( 'NONE', *, *, #995, .F. ) ;
#9497 = CIRCLE ( 'NONE', #6617, 0.1499999999999999667 ) ;
#9498 = EDGE_LOOP ( 'NONE', ( #2166, #3982, #320 ) ) ;
#9499 = ORIENTED_EDGE ( 'NONE', *, *, #9019, .F. ) ;
#9500 = SPHERICAL_SURFACE ( 'NONE', #4271, 0.1499999999999999667 ) ;
#9501 = CARTESIAN_POINT ( 'NONE',  ( -3.341421356237308071, 0.2000000000000005107, -4.000000000000000000 ) ) ;
#9502 = ADVANCED_FACE ( 'NONE', ( #4393 ), #8454, .F. ) ;
#9503 = FILL_AREA_STYLE ('',( #7803 ) ) ;
#9504 = MECHANICAL_DESIGN_GEOMETRIC_PRESENTATION_REPRESENTATION (  '', ( #4451 ), #7097 ) ;
#9505 = CARTESIAN_POINT ( 'NONE',  ( -2.399999999999999023, 0.2000000000000005107, -4.000000000000000000 ) ) ;
#9506 = FACE_OUTER_BOUND ( 'NONE', #3659, .T. ) ;
#9507 = ORIENTED_EDGE ( 'NONE', *, *, #6004, .T. ) ;
#9508 = FILL_AREA_STYLE ('',( #4915 ) ) ;
#9509 = ORIENTED_EDGE ( 'NONE', *, *, #4583, .F. ) ;
#9510 = MECHANICAL_DESIGN_GEOMETRIC_PRESENTATION_REPRESENTATION (  '', ( #8012 ), #5808 ) ;
#9511 = CARTESIAN_POINT ( 'NONE',  ( 3.858578643762693439, 0.2000000000000005107, -3.200000000000000622 ) ) ;
#9512 = CARTESIAN_POINT ( 'NONE',  ( -2.199999999999999734, 0.2000000000000005107, -1.799999999999999156 ) ) ;
#9513 = AXIS2_PLACEMENT_3D ( 'NONE', #9329, #959, #5514 ) ;
#9514 = DIRECTION ( 'NONE',  ( 0.0000000000000000000, 0.0000000000000000000, -1.000000000000000000 ) ) ;
#9515 = DIRECTION ( 'NONE',  ( 0.0000000000000000000, 0.0000000000000000000, -1.000000000000000000 ) ) ;
#9516 = ORIENTED_EDGE ( 'NONE', *, *, #3845, .F. ) ;
#9517 = DIRECTION ( 'NONE',  ( 1.000000000000000000, 0.0000000000000000000, 0.0000000000000000000 ) ) ;
#9518 = ADVANCED_FACE ( 'NONE', ( #1819 ), #1118, .T. ) ;
#9519 = DIRECTION ( 'NONE',  ( 0.0000000000000000000, -1.000000000000000000, -0.0000000000000000000 ) ) ;
#9520 = ORIENTED_EDGE ( 'NONE', *, *, #4381, .T. ) ;
#9521 = AXIS2_PLACEMENT_3D ( 'NONE', #4033, #392, #1062 ) ;
#9522 = ORIENTED_EDGE ( 'NONE', *, *, #8500, .F. ) ;
#9523 = DIRECTION ( 'NONE',  ( 0.0000000000000000000, 0.0000000000000000000, -1.000000000000000000 ) ) ;
#9524 = FILL_AREA_STYLE_COLOUR ( '', #8179 ) ;
#9525 = PRESENTATION_STYLE_ASSIGNMENT (( #2778 ) ) ;
#9526 = CARTESIAN_POINT ( 'NONE',  ( 0.9414213562373104915, 0.2000000000000005107, -3.200000000000000622 ) ) ;
#9527 = SURFACE_SIDE_STYLE ('',( #9592 ) ) ;
#9528 = AXIS2_PLACEMENT_3D ( 'NONE', #597, #5053, #493 ) ;
#9529 = CARTESIAN_POINT ( 'NONE',  ( 4.141421356237308338, 0.2000000000000005107, 4.000000000000000000 ) ) ;
#9530 = ORIENTED_EDGE ( 'NONE', *, *, #6815, .T. ) ;
#9531 = MANIFOLD_SOLID_BREP ( 'Sketch-Pattern1[20]', #7104 ) ;
#9532 = SPHERICAL_SURFACE ( 'NONE', #4318, 0.1499999999999999667 ) ;
#9533 = CARTESIAN_POINT ( 'NONE',  ( 2.258578643762691129, 0.2000000000000005107, 0.7999999999999999334 ) ) ;
#9534 = CIRCLE ( 'NONE', #450, 0.1499999999999999667 ) ;
#9535 = CLOSED_SHELL ( 'NONE', ( #6298, #2129, #6027 ) ) ;
#9536 = CARTESIAN_POINT ( 'NONE',  ( -2.399999999999999023, 0.1499999999999999667, -4.000000000000000000 ) ) ;
#9537 = ORIENTED_EDGE ( 'NONE', *, *, #6940, .T. ) ;
#9538 = VERTEX_POINT ( 'NONE', #6392 ) ;
#9539 = COLOUR_RGB ( '',0.7921568627450980005, 0.8196078431372548767, 0.9333333333333333481 ) ;
#9540 = AXIS2_PLACEMENT_3D ( 'NONE', #611, #5686, #4662 ) ;
#9541 = CARTESIAN_POINT ( 'NONE',  ( -0.7999999999999994893, 0.1499999999999999667, -3.200000000000000622 ) ) ;
#9542 = CARTESIAN_POINT ( 'NONE',  ( -3.999999999999999112, 0.1499999999999999667, -1.599999999999999867 ) ) ;
#9543 = ORIENTED_EDGE ( 'NONE', *, *, #3263, .T. ) ;
#9544 = FILL_AREA_STYLE_COLOUR ( '', #2235 ) ;
#9545 = CARTESIAN_POINT ( 'NONE',  ( -3.999999999999999112, 0.2000000000000005107, -3.200000000000000622 ) ) ;
#9546 = EDGE_CURVE ( 'NONE', #1797, #1942, #2511, .T. ) ;
#9547 = ORIENTED_EDGE ( 'NONE', *, *, #5138, .F. ) ;
#9548 = SPHERICAL_SURFACE ( 'NONE', #2822, 0.1499999999999999667 ) ;
#9549 = EDGE_CURVE ( 'NONE', #9281, #6778, #9580, .T. ) ;
#9550 = ADVANCED_FACE ( 'NONE', ( #6323 ), #5698, .T. ) ;
#9551 = DIRECTION ( 'NONE',  ( 1.000000000000000000, 0.0000000000000000000, 0.0000000000000000000 ) ) ;
#9552 = AXIS2_PLACEMENT_3D ( 'NONE', #2910, #712, #6040 ) ;
#9553 = DIRECTION ( 'NONE',  ( -0.0000000000000000000, -1.000000000000000000, -0.0000000000000000000 ) ) ;
#9554 = DIRECTION ( 'NONE',  ( -1.000000000000000000, 0.0000000000000000000, 0.0000000000000000000 ) ) ;
#9555 = EDGE_LOOP ( 'NONE', ( #1414, #7266, #2828 ) ) ;
#9556 = DIRECTION ( 'NONE',  ( 0.0000000000000000000, 0.0000000000000000000, -1.000000000000000000 ) ) ;
#9557 = MECHANICAL_DESIGN_GEOMETRIC_PRESENTATION_REPRESENTATION (  '', ( #6754 ), #300 ) ;
#9558 = EDGE_CURVE ( 'NONE', #3620, #2995, #4284, .T. ) ;
#9559 = SURFACE_STYLE_FILL_AREA ( #815 ) ;
#9560 = FILL_AREA_STYLE_COLOUR ( '', #7907 ) ;
#9561 = AXIS2_PLACEMENT_3D ( 'NONE', #125, #8384, #3956 ) ;
#9562 = AXIS2_PLACEMENT_3D ( 'NONE', #94, #9115, #3796 ) ;
#9563 = ADVANCED_FACE ( 'NONE', ( #7374 ), #9365, .T. ) ;
#9564 = VERTEX_POINT ( 'NONE', #565 ) ;
#9565 = DIRECTION ( 'NONE',  ( 1.224646799147353207E-16, -3.540705920434613265E-31, -1.000000000000000000 ) ) ;
#9566 = CIRCLE ( 'NONE', #9313, 0.1414213562373092536 ) ;
#9567 = DIRECTION ( 'NONE',  ( 1.000000000000000000, 0.0000000000000000000, 0.0000000000000000000 ) ) ;
#9568 =( NAMED_UNIT ( * ) SI_UNIT ( $, .STERADIAN. ) SOLID_ANGLE_UNIT ( ) );
#9569 = SHAPE_DEFINITION_REPRESENTATION ( #2836, #6714 ) ;
#9570 = STYLED_ITEM ( 'NONE', ( #1922 ), #1565 ) ;
#9571 = DIRECTION ( 'NONE',  ( 0.0000000000000000000, 0.0000000000000000000, -1.000000000000000000 ) ) ;
#9572 = ORIENTED_EDGE ( 'NONE', *, *, #4847, .F. ) ;
#9573 = CARTESIAN_POINT ( 'NONE',  ( -2.399999999999999911, 0.2000000000000005107, 1.599999999999999867 ) ) ;
#9574 = CIRCLE ( 'NONE', #5230, 0.1414213562373092536 ) ;
#9575 =( NAMED_UNIT ( * ) SI_UNIT ( $, .STERADIAN. ) SOLID_ANGLE_UNIT ( ) );
#9576 = DIRECTION ( 'NONE',  ( 1.000000000000000000, -2.891205793294679411E-15, 0.0000000000000000000 ) ) ;
#9577 = CARTESIAN_POINT ( 'NONE',  ( -2.399999999999999467, 0.2000000000000005107, -1.599999999999999867 ) ) ;
#9578 = SURFACE_STYLE_USAGE ( .BOTH. , #1087 ) ;
#9579 = MECHANICAL_DESIGN_GEOMETRIC_PRESENTATION_REPRESENTATION (  '', ( #4027 ), #7286 ) ;
#9580 = CIRCLE ( 'NONE', #1877, 0.1499999999999999667 ) ;
#9581 =( NAMED_UNIT ( * ) SI_UNIT ( $, .STERADIAN. ) SOLID_ANGLE_UNIT ( ) );
#9582 = ORIENTED_EDGE ( 'NONE', *, *, #7265, .T. ) ;
#9583 = DIRECTION ( 'NONE',  ( 1.000000000000000000, -2.891205793294679411E-15, 0.0000000000000000000 ) ) ;
#9584 = UNCERTAINTY_MEASURE_WITH_UNIT (LENGTH_MEASURE( 1.000000000000000082E-05 ), #9289, 'distance_accuracy_value', 'NONE');
#9585 = CIRCLE ( 'NONE', #1881, 0.1414213562373092536 ) ;
#9586 = EDGE_CURVE ( 'NONE', #3571, #7436, #7158, .T. ) ;
#9587 = CARTESIAN_POINT ( 'NONE',  ( -0.7999999999999994893, 0.1499999999999999667, -3.200000000000000622 ) ) ;
#9588 = DIRECTION ( 'NONE',  ( 1.000000000000000000, -2.891205793294679411E-15, 0.0000000000000000000 ) ) ;
#9589 = CARTESIAN_POINT ( 'NONE',  ( 4.141421356237308338, 0.2000000000000005107, 0.7999999999999999334 ) ) ;
#9590 = AXIS2_PLACEMENT_3D ( 'NONE', #8026, #5710, #532 ) ;
#9591 = VERTEX_POINT ( 'NONE', #9620 ) ;
#9592 = SURFACE_STYLE_FILL_AREA ( #4007 ) ;
#9593 = CARTESIAN_POINT ( 'NONE',  ( 1.599999999999999867, 0.1499999999999999667, 0.7999999999999999334 ) ) ;
#9594 = SPHERICAL_SURFACE ( 'NONE', #5853, 0.1499999999999999667 ) ;
#9595 = ORIENTED_EDGE ( 'NONE', *, *, #1409, .F. ) ;
#9596 = AXIS2_PLACEMENT_3D ( 'NONE', #3488, #9515, #679 ) ;
#9597 = AXIS2_PLACEMENT_3D ( 'NONE', #5732, #7978, #1210 ) ;
#9598 = MANIFOLD_SOLID_BREP ( 'Sketch-Pattern1[24]', #8365 ) ;
#9599 = AXIS2_PLACEMENT_3D ( 'NONE', #5232, #5907, #5164 ) ;
#9600 = EDGE_LOOP ( 'NONE', ( #3113, #443, #4217 ) ) ;
#9601 = CARTESIAN_POINT ( 'NONE',  ( 0.8000000000000012657, 0.2000000000000005107, -3.200000000000000622 ) ) ;
#9602 = EDGE_CURVE ( 'NONE', #3532, #9703, #7952, .T. ) ;
#9603 = EDGE_LOOP ( 'NONE', ( #7222, #5587, #4719 ) ) ;
#9604 = DIRECTION ( 'NONE',  ( 0.0000000000000000000, 0.0000000000000000000, -1.000000000000000000 ) ) ;
#9605 = FACE_OUTER_BOUND ( 'NONE', #8484, .T. ) ;
#9606 =( LENGTH_UNIT ( ) NAMED_UNIT ( * ) SI_UNIT ( .MILLI., .METRE. ) );
#9607 = AXIS2_PLACEMENT_3D ( 'NONE', #6129, #7681, #864 ) ;
#9608 = CARTESIAN_POINT ( 'NONE',  ( -2.400000000000000799, 0.0000000000000000000, 4.000000000000000000 ) ) ;
#9609 = CIRCLE ( 'NONE', #3088, 0.1414213562373092536 ) ;
#9610 = DIRECTION ( 'NONE',  ( 0.0000000000000000000, 0.0000000000000000000, -1.000000000000000000 ) ) ;
#9611 = DIRECTION ( 'NONE',  ( 0.0000000000000000000, 0.0000000000000000000, -1.000000000000000000 ) ) ;
#9612 = ORIENTED_EDGE ( 'NONE', *, *, #406, .T. ) ;
#9613 =( NAMED_UNIT ( * ) SI_UNIT ( $, .STERADIAN. ) SOLID_ANGLE_UNIT ( ) );
#9614 = MECHANICAL_DESIGN_GEOMETRIC_PRESENTATION_REPRESENTATION (  '', ( #6750 ), #7556 ) ;
#9615 = ADVANCED_FACE ( 'NONE', ( #749 ), #2892, .T. ) ;
#9616 = VERTEX_POINT ( 'NONE', #7407 ) ;
#9617 = EDGE_CURVE ( 'NONE', #7613, #2521, #8542, .T. ) ;
#9618 = FILL_AREA_STYLE_COLOUR ( '', #9539 ) ;
#9619 = SPHERICAL_SURFACE ( 'NONE', #5579, 0.1499999999999999667 ) ;
#9620 = CARTESIAN_POINT ( 'NONE',  ( -3.341421356237308959, 0.2000000000000005107, -1.123277437107072623E-17 ) ) ;
#9621 = CARTESIAN_POINT ( 'NONE',  ( -2.399999999999999911, 0.2000000000000005107, 1.599999999999999867 ) ) ;
#9622 = FILL_AREA_STYLE ('',( #1254 ) ) ;
#9623 =( NAMED_UNIT ( * ) SI_UNIT ( $, .STERADIAN. ) SOLID_ANGLE_UNIT ( ) );
#9624 = ORIENTED_EDGE ( 'NONE', *, *, #5814, .F. ) ;
#9625 = CIRCLE ( 'NONE', #3559, 0.1414213562373096977 ) ;
#9626 = PRESENTATION_LAYER_ASSIGNMENT (  '', '', ( #5144 ) ) ;
#9627 = ORIENTED_EDGE ( 'NONE', *, *, #7373, .F. ) ;
#9628 = DIRECTION ( 'NONE',  ( 0.0000000000000000000, 0.0000000000000000000, -1.000000000000000000 ) ) ;
#9629 =( NAMED_UNIT ( * ) SI_UNIT ( $, .STERADIAN. ) SOLID_ANGLE_UNIT ( ) );
#9630 = PRODUCT_DEFINITION ( 'UNKNOWN', '', #538, #5068 ) ;
#9631 = SPHERICAL_SURFACE ( 'NONE', #8276, 0.1499999999999999667 ) ;
#9632 = EDGE_LOOP ( 'NONE', ( #786, #6990 ) ) ;
#9633 = DIRECTION ( 'NONE',  ( 0.0000000000000000000, 0.0000000000000000000, -1.000000000000000000 ) ) ;
#9634 = PLANE ( 'NONE',  #9637 ) ;
#9635 = COLOUR_RGB ( '',0.7921568627450980005, 0.8196078431372548767, 0.9333333333333333481 ) ;
#9636 = SURFACE_STYLE_USAGE ( .BOTH. , #4363 ) ;
#9637 = AXIS2_PLACEMENT_3D ( 'NONE', #2906, #8107, #7452 ) ;
#9638 = CARTESIAN_POINT ( 'NONE',  ( -4.000000000000000000, 0.1499999999999999667, 2.400000000000000355 ) ) ;
#9639 = AXIS2_PLACEMENT_3D ( 'NONE', #5380, #6926, #2562 ) ;
#9640 = SURFACE_STYLE_USAGE ( .BOTH. , #1373 ) ;
#9641 = ORIENTED_EDGE ( 'NONE', *, *, #592, .T. ) ;
#9642 = MECHANICAL_DESIGN_GEOMETRIC_PRESENTATION_REPRESENTATION (  '', ( #9155 ), #383 ) ;
#9643 = AXIS2_PLACEMENT_3D ( 'NONE', #1962, #431, #2654 ) ;
#9644 = DIRECTION ( 'NONE',  ( 1.000000000000000000, -2.891205793294679411E-15, 0.0000000000000000000 ) ) ;
#9645 = ORIENTED_EDGE ( 'NONE', *, *, #1065, .F. ) ;
#9646 = ORIENTED_EDGE ( 'NONE', *, *, #3624, .T. ) ;
#9647 = DIRECTION ( 'NONE',  ( 1.000000000000000000, -2.891205793294679411E-15, 0.0000000000000000000 ) ) ;
#9648 = CIRCLE ( 'NONE', #204, 0.1414213562373092536 ) ;
#9649 = EDGE_CURVE ( 'NONE', #2676, #1621, #2264, .T. ) ;
#9650 = STYLED_ITEM ( 'NONE', ( #5047 ), #5256 ) ;
#9651 = ORIENTED_EDGE ( 'NONE', *, *, #2842, .T. ) ;
#9652 = DIRECTION ( 'NONE',  ( 1.000000000000000000, 0.0000000000000000000, 0.0000000000000000000 ) ) ;
#9653 = CARTESIAN_POINT ( 'NONE',  ( 1.600000000000000755, 0.1499999999999999667, -3.200000000000000622 ) ) ;
#9654 = ORIENTED_EDGE ( 'NONE', *, *, #7511, .T. ) ;
#9655 = DIRECTION ( 'NONE',  ( 1.000000000000000000, -2.891205793294679411E-15, 0.0000000000000000000 ) ) ;
#9656 = CARTESIAN_POINT ( 'NONE',  ( 3.200000000000000622, 0.2000000000000005107, 6.086346753639119761E-18 ) ) ;
#9657 = ORIENTED_EDGE ( 'NONE', *, *, #4063, .T. ) ;
#9658 = CARTESIAN_POINT ( 'NONE',  ( -3.199999999999998845, 0.2000000000000005107, -4.000000000000000000 ) ) ;
#9659 = MANIFOLD_SOLID_BREP ( 'Sketch-Pattern1[60]', #8889 ) ;
#9660 =( GEOMETRIC_REPRESENTATION_CONTEXT ( 3 ) GLOBAL_UNCERTAINTY_ASSIGNED_CONTEXT ( ( #8586 ) ) GLOBAL_UNIT_ASSIGNED_CONTEXT ( ( #6050, #9068, #4546 ) ) REPRESENTATION_CONTEXT ( 'NONE', 'WORKASPACE' ) );
#9661 = CARTESIAN_POINT ( 'NONE',  ( -3.999999999999999112, 0.1499999999999999667, -4.000000000000000000 ) ) ;
#9662 = ORIENTED_EDGE ( 'NONE', *, *, #9370, .T. ) ;
#9663 = ADVANCED_FACE ( 'NONE', ( #5825 ), #3099, .T. ) ;
#9664 = ORIENTED_EDGE ( 'NONE', *, *, #4135, .T. ) ;
#9665 = DIRECTION ( 'NONE',  ( 0.0000000000000000000, 0.0000000000000000000, -1.000000000000000000 ) ) ;
#9666 = AXIS2_PLACEMENT_3D ( 'NONE', #9573, #3622, #5910 ) ;
#9667 = AXIS2_PLACEMENT_3D ( 'NONE', #4125, #7133, #9394 ) ;
#9668 = EDGE_LOOP ( 'NONE', ( #3514, #5757, #1286 ) ) ;
#9669 = AXIS2_PLACEMENT_3D ( 'NONE', #5822, #2033, #8849 ) ;
#9670 = DIRECTION ( 'NONE',  ( 1.000000000000000000, 0.0000000000000000000, 0.0000000000000000000 ) ) ;
#9671 = FILL_AREA_STYLE_COLOUR ( '', #4655 ) ;
#9672 = CARTESIAN_POINT ( 'NONE',  ( -2.399999999999999911, 0.0000000000000000000, -1.599999999999999867 ) ) ;
#9673 = DIRECTION ( 'NONE',  ( -1.000000000000000000, 0.0000000000000000000, 0.0000000000000000000 ) ) ;
#9674 = EDGE_CURVE ( 'NONE', #416, #4565, #5107, .T. ) ;
#9675 = FILL_AREA_STYLE ('',( #8959 ) ) ;
#9676 = EDGE_CURVE ( 'NONE', #1395, #8085, #6318, .T. ) ;
#9677 = ORIENTED_EDGE ( 'NONE', *, *, #5280, .F. ) ;
#9678 = SPHERICAL_SURFACE ( 'NONE', #384, 0.1499999999999999667 ) ;
#9679 = DIRECTION ( 'NONE',  ( 0.0000000000000000000, 0.0000000000000000000, -1.000000000000000000 ) ) ;
#9680 = DIRECTION ( 'NONE',  ( -1.000000000000000000, 0.0000000000000000000, 0.0000000000000000000 ) ) ;
#9681 = PRESENTATION_LAYER_ASSIGNMENT (  '', '', ( #7208 ) ) ;
#9682 = DIRECTION ( 'NONE',  ( 1.224646799147353207E-16, -3.540705920434613265E-31, -1.000000000000000000 ) ) ;
#9683 = CARTESIAN_POINT ( 'NONE',  ( 1.600000000000000755, 0.2000000000000005107, -3.200000000000000622 ) ) ;
#9684 = CARTESIAN_POINT ( 'NONE',  ( 4.200000000000000178, 0.2000000000000005107, -3.399999999999999467 ) ) ;
#9685 = EDGE_LOOP ( 'NONE', ( #8573, #7784 ) ) ;
#9686 = CARTESIAN_POINT ( 'NONE',  ( -0.1414213562373083932, 0.2000000000000005107, -0.8000000000000003775 ) ) ;
#9687 = CIRCLE ( 'NONE', #4872, 0.1414213562373092536 ) ;
#9688 = AXIS2_PLACEMENT_3D ( 'NONE', #2959, #4472, #9734 ) ;
#9689 = AXIS2_PLACEMENT_3D ( 'NONE', #837, #806, #2371 ) ;
#9690 =( LENGTH_UNIT ( ) NAMED_UNIT ( * ) SI_UNIT ( .MILLI., .METRE. ) );
#9691 = DIRECTION ( 'NONE',  ( 1.000000000000000000, 0.0000000000000000000, 0.0000000000000000000 ) ) ;
#9692 = ORIENTED_EDGE ( 'NONE', *, *, #2091, .T. ) ;
#9693 = COLOUR_RGB ( '',0.7921568627450980005, 0.8196078431372548767, 0.9333333333333333481 ) ;
#9694 = DIRECTION ( 'NONE',  ( 0.0000000000000000000, 0.0000000000000000000, -1.000000000000000000 ) ) ;
#9695 = FACE_OUTER_BOUND ( 'NONE', #9216, .T. ) ;
#9696 = CARTESIAN_POINT ( 'NONE',  ( -0.6585786437626902634, 0.2000000000000005107, 6.086346753639119761E-18 ) ) ;
#9697 = CIRCLE ( 'NONE', #3812, 0.1499999999999999667 ) ;
#9698 = DIRECTION ( 'NONE',  ( 1.000000000000000000, 0.0000000000000000000, 0.0000000000000000000 ) ) ;
#9699 = ORIENTED_EDGE ( 'NONE', *, *, #780, .F. ) ;
#9700 = UNCERTAINTY_MEASURE_WITH_UNIT (LENGTH_MEASURE( 1.000000000000000082E-05 ), #5944, 'distance_accuracy_value', 'NONE');
#9701 = FACE_OUTER_BOUND ( 'NONE', #1853, .T. ) ;
#9702 = ADVANCED_FACE ( 'NONE', ( #3799 ), #5229, .T. ) ;
#9703 = VERTEX_POINT ( 'NONE', #6925 ) ;
#9704 = CIRCLE ( 'NONE', #5384, 0.1499999999999999667 ) ;
#9705 = MECHANICAL_DESIGN_GEOMETRIC_PRESENTATION_REPRESENTATION (  '', ( #3299 ), #9170 ) ;
#9706 =( LENGTH_UNIT ( ) NAMED_UNIT ( * ) SI_UNIT ( .MILLI., .METRE. ) );
#9707 = CARTESIAN_POINT ( 'NONE',  ( -1.458578643762689753, 0.2000000000000005107, -3.200000000000000622 ) ) ;
#9708 = CARTESIAN_POINT ( 'NONE',  ( 0.8000000000000012657, 0.1499999999999999667, -0.8000000000000003775 ) ) ;
#9709 = VERTEX_POINT ( 'NONE', #3134 ) ;
#9710 = DIRECTION ( 'NONE',  ( 0.0000000000000000000, 0.0000000000000000000, -1.000000000000000000 ) ) ;
#9711 = MANIFOLD_SOLID_BREP ( 'Sketch-Pattern1[50]', #9727 ) ;
#9712 = CARTESIAN_POINT ( 'NONE',  ( 1.800000000000000488, 0.2000000000000005107, -1.799999999999999156 ) ) ;
#9713 = DIRECTION ( 'NONE',  ( 0.0000000000000000000, 0.0000000000000000000, -1.000000000000000000 ) ) ;
#9714 = CIRCLE ( 'NONE', #2992, 0.1414213562373092536 ) ;
#9715 =( GEOMETRIC_REPRESENTATION_CONTEXT ( 3 ) GLOBAL_UNCERTAINTY_ASSIGNED_CONTEXT ( ( #7438 ) ) GLOBAL_UNIT_ASSIGNED_CONTEXT ( ( #7488, #8956, #4403 ) ) REPRESENTATION_CONTEXT ( 'NONE', 'WORKASPACE' ) );
#9716 = ORIENTED_EDGE ( 'NONE', *, *, #8053, .T. ) ;
#9717 = CIRCLE ( 'NONE', #3510, 0.1414213562373092536 ) ;
#9718 = AXIS2_PLACEMENT_3D ( 'NONE', #203, #6194, #4790 ) ;
#9719 = AXIS2_PLACEMENT_3D ( 'NONE', #7934, #9344, #1766 ) ;
#9720 = DIRECTION ( 'NONE',  ( 1.000000000000000000, -2.891205793294679411E-15, 0.0000000000000000000 ) ) ;
#9721 = SURFACE_STYLE_FILL_AREA ( #6865 ) ;
#9722 = EDGE_CURVE ( 'NONE', #8700, #5962, #9246, .T. ) ;
#9723 = ADVANCED_FACE ( 'NONE', ( #4036 ), #2845, .T. ) ;
#9724 = VERTEX_POINT ( 'NONE', #8442 ) ;
#9725 = SPHERICAL_SURFACE ( 'NONE', #2023, 0.1499999999999999667 ) ;
#9726 = CARTESIAN_POINT ( 'NONE',  ( -3.199999999999998845, 0.1499999999999999667, -4.000000000000000000 ) ) ;
#9727 = CLOSED_SHELL ( 'NONE', ( #3951, #7948, #3349 ) ) ;
#9728 = CARTESIAN_POINT ( 'NONE',  ( -4.141421356237310114, 0.2000000000000005107, 4.000000000000000000 ) ) ;
#9729 = CIRCLE ( 'NONE', #9339, 0.1414213562373092536 ) ;
#9730 = EDGE_CURVE ( 'NONE', #940, #4714, #284, .T. ) ;
#9731 = CARTESIAN_POINT ( 'NONE',  ( 2.541421356237311358, 0.2000000000000005107, -1.599999999999999867 ) ) ;
#9732 = DIRECTION ( 'NONE',  ( -0.0000000000000000000, -1.000000000000000000, -0.0000000000000000000 ) ) ;
#9733 = DIRECTION ( 'NONE',  ( 0.0000000000000000000, 0.0000000000000000000, -1.000000000000000000 ) ) ;
#9734 = DIRECTION ( 'NONE',  ( 0.0000000000000000000, 0.0000000000000000000, -1.000000000000000000 ) ) ;
#9735 = AXIS2_PLACEMENT_3D ( 'NONE', #3703, #5921, #8127 ) ;
#9736 = DIRECTION ( 'NONE',  ( -0.0000000000000000000, -1.000000000000000000, -0.0000000000000000000 ) ) ;
#9737 = ORIENTED_EDGE ( 'NONE', *, *, #7759, .T. ) ;
#9738 =( NAMED_UNIT ( * ) PLANE_ANGLE_UNIT ( ) SI_UNIT ( $, .RADIAN. ) );
#9739 = AXIS2_PLACEMENT_3D ( 'NONE', #8201, #745, #3804 ) ;
#9740 = EDGE_CURVE ( 'NONE', #9458, #9371, #9356, .T. ) ;
#9741 = SURFACE_STYLE_USAGE ( .BOTH. , #6757 ) ;
#9742 = CARTESIAN_POINT ( 'NONE',  ( -3.341421356237308959, 0.2000000000000005107, 2.400000000000000355 ) ) ;
#9743 = ORIENTED_EDGE ( 'NONE', *, *, #5978, .F. ) ;
#9744 = DIRECTION ( 'NONE',  ( -1.000000000000000000, 0.0000000000000000000, 0.0000000000000000000 ) ) ;
#9745 = ORIENTED_EDGE ( 'NONE', *, *, #7755, .F. ) ;
#9746 = DIRECTION ( 'NONE',  ( -0.0000000000000000000, -1.000000000000000000, -0.0000000000000000000 ) ) ;
#9747 = EDGE_LOOP ( 'NONE', ( #1364, #4623, #3978 ) ) ;
#9748 = ADVANCED_FACE ( 'NONE', ( #6069 ), #4865, .F. ) ;
#9749 = VERTEX_POINT ( 'NONE', #2257 ) ;
#9750 = CIRCLE ( 'NONE', #6517, 0.1499999999999999667 ) ;
#9751 = DIRECTION ( 'NONE',  ( 0.0000000000000000000, 0.0000000000000000000, -1.000000000000000000 ) ) ;
#9752 = CARTESIAN_POINT ( 'NONE',  ( -2.399999999999999467, 0.1499999999999999667, -2.400000000000000355 ) ) ;
#9753 = FACE_OUTER_BOUND ( 'NONE', #5596, .T. ) ;
#9754 = AXIS2_PLACEMENT_3D ( 'NONE', #6274, #6946, #2373 ) ;
#9755 = UNCERTAINTY_MEASURE_WITH_UNIT (LENGTH_MEASURE( 1.000000000000000082E-05 ), #4302, 'distance_accuracy_value', 'NONE');
#9756 = ORIENTED_EDGE ( 'NONE', *, *, #2136, .F. ) ;
#9757 = ORIENTED_EDGE ( 'NONE', *, *, #4454, .T. ) ;
#9758 = FACE_OUTER_BOUND ( 'NONE', #259, .T. ) ;
#9759 =( NAMED_UNIT ( * ) SI_UNIT ( $, .STERADIAN. ) SOLID_ANGLE_UNIT ( ) );
#9760 = DIRECTION ( 'NONE',  ( 0.0000000000000000000, 0.0000000000000000000, 1.000000000000000000 ) ) ;
#9761 =( NAMED_UNIT ( * ) PLANE_ANGLE_UNIT ( ) SI_UNIT ( $, .RADIAN. ) );
ENDSEC;
END-ISO-10303-21;
