ISO-10303-21;
HEADER;
/* Generated by software containing ST-Developer
 * from STEP Tools, Inc. (www.steptools.com) 
 */

FILE_DESCRIPTION(
/* description */ (''),
/* implementation_level */ '2;1');

FILE_NAME(
/* name */ 'nref_keycap_2024.08.20.step',
/* time_stamp */ '2024-08-20T18:06:19+02:00',
/* author */ (''),
/* organization */ (''),
/* preprocessor_version */ 'ST-DEVELOPER v20',
/* originating_system */ 'Autodesk Translation Framework v13.14.0.145',

/* authorisation */ '');

FILE_SCHEMA (('AUTOMOTIVE_DESIGN { 1 0 10303 214 3 1 1 }'));
ENDSEC;

DATA;
#10=MECHANICAL_DESIGN_GEOMETRIC_PRESENTATION_REPRESENTATION('',(#13,#14),
#3800);
#11=SHAPE_REPRESENTATION_RELATIONSHIP('SRR','None',#3807,#12);
#12=ADVANCED_BREP_SHAPE_REPRESENTATION('',(#15,#16),#3799);
#13=STYLED_ITEM('',(#3816),#15);
#14=STYLED_ITEM('',(#3816),#16);
#15=MANIFOLD_SOLID_BREP('Body1',#2081);
#16=MANIFOLD_SOLID_BREP('Body2',#2082);
#17=B_SPLINE_SURFACE_WITH_KNOTS('',3,3,((#3300,#3301,#3302,#3303),(#3304,
#3305,#3306,#3307),(#3308,#3309,#3310,#3311),(#3312,#3313,#3314,#3315),
(#3316,#3317,#3318,#3319)),.UNSPECIFIED.,.F.,.F.,.F.,(4,1,4),(4,4),(0.,
0.571428571428571,1.),(-0.629005208169964,9.97200538718231E-17),
 .UNSPECIFIED.);
#18=B_SPLINE_SURFACE_WITH_KNOTS('',3,3,((#3334,#3335,#3336,#3337),(#3338,
#3339,#3340,#3341),(#3342,#3343,#3344,#3345),(#3346,#3347,#3348,#3349),
(#3350,#3351,#3352,#3353)),.UNSPECIFIED.,.F.,.F.,.F.,(4,1,4),(4,4),(0.,
0.571428571428571,1.),(0.,0.629005208169962),.UNSPECIFIED.);
#19=B_SPLINE_SURFACE_WITH_KNOTS('',3,3,((#3359,#3360,#3361,#3362,#3363),
(#3364,#3365,#3366,#3367,#3368),(#3369,#3370,#3371,#3372,#3373),(#3374,
#3375,#3376,#3377,#3378),(#3379,#3380,#3381,#3382,#3383)),.UNSPECIFIED.,
 .F.,.F.,.F.,(4,1,4),(4,1,4),(0.,0.571428571428571,1.),(0.,0.0237315245872149,
0.0474630491744298),.UNSPECIFIED.);
#20=B_SPLINE_SURFACE_WITH_KNOTS('',3,3,((#3397,#3398,#3399,#3400,#3401),
(#3402,#3403,#3404,#3405,#3406),(#3407,#3408,#3409,#3410,#3411),(#3412,
#3413,#3414,#3415,#3416),(#3417,#3418,#3419,#3420,#3421)),.UNSPECIFIED.,
 .F.,.F.,.F.,(4,1,4),(4,1,4),(0.,0.571428571428571,1.),(0.,0.0237314291733355,
0.0474628583466711),.UNSPECIFIED.);
#21=B_SPLINE_SURFACE_WITH_KNOTS('',3,3,((#3444,#3445,#3446,#3447),(#3448,
#3449,#3450,#3451),(#3452,#3453,#3454,#3455),(#3456,#3457,#3458,#3459)),
 .UNSPECIFIED.,.F.,.F.,.F.,(4,4),(4,4),(0.,1.),(0.,0.261799387799148),
 .UNSPECIFIED.);
#22=B_SPLINE_SURFACE_WITH_KNOTS('',3,3,((#3465,#3466,#3467,#3468,#3469),
(#3470,#3471,#3472,#3473,#3474),(#3475,#3476,#3477,#3478,#3479),(#3480,
#3481,#3482,#3483,#3484)),.UNSPECIFIED.,.F.,.F.,.F.,(4,4),(4,1,4),(0.,1.),
(-0.523598775598301,-7.21644966006352E-16,0.5235987755983),
 .UNSPECIFIED.);
#23=B_SPLINE_SURFACE_WITH_KNOTS('',3,3,((#3490,#3491,#3492,#3493),(#3494,
#3495,#3496,#3497),(#3498,#3499,#3500,#3501),(#3502,#3503,#3504,#3505)),
 .UNSPECIFIED.,.F.,.F.,.F.,(4,4),(4,4),(0.,1.),(-0.261799387799153,8.71312640816926E-17),
 .UNSPECIFIED.);
#24=B_SPLINE_SURFACE_WITH_KNOTS('',3,3,((#3517,#3518,#3519,#3520),(#3521,
#3522,#3523,#3524),(#3525,#3526,#3527,#3528),(#3529,#3530,#3531,#3532)),
 .UNSPECIFIED.,.F.,.F.,.F.,(4,4),(4,4),(0.,1.),(4.34359555800141E-17,0.261799387799153),
 .UNSPECIFIED.);
#25=B_SPLINE_SURFACE_WITH_KNOTS('',3,3,((#3538,#3539,#3540,#3541,#3542),
(#3543,#3544,#3545,#3546,#3547),(#3548,#3549,#3550,#3551,#3552),(#3553,
#3554,#3555,#3556,#3557)),.UNSPECIFIED.,.F.,.F.,.F.,(4,4),(4,1,4),(0.,1.),
(-0.5235987755983,-1.63757896132211E-15,0.523598775598297),
 .UNSPECIFIED.);
#26=B_SPLINE_SURFACE_WITH_KNOTS('',3,3,((#3563,#3564,#3565,#3566),(#3567,
#3568,#3569,#3570),(#3571,#3572,#3573,#3574),(#3575,#3576,#3577,#3578)),
 .UNSPECIFIED.,.F.,.F.,.F.,(4,4),(4,4),(0.,1.),(-0.26179938779915,2.7755575615629E-17),
 .UNSPECIFIED.);
#27=B_SPLINE_SURFACE_WITH_KNOTS('',3,3,((#3590,#3591,#3592,#3593),(#3594,
#3595,#3596,#3597),(#3598,#3599,#3600,#3601),(#3602,#3603,#3604,#3605)),
 .UNSPECIFIED.,.F.,.F.,.F.,(4,4),(4,4),(0.,1.),(-0.811047582057412,-0.684719203002281),
 .UNSPECIFIED.);
#28=B_SPLINE_SURFACE_WITH_KNOTS('',3,3,((#3608,#3609,#3610,#3611),(#3612,
#3613,#3614,#3615),(#3616,#3617,#3618,#3619),(#3620,#3621,#3622,#3623)),
 .UNSPECIFIED.,.F.,.F.,.F.,(4,4),(4,4),(0.,1.),(0.684719203002288,0.811047582064554),
 .UNSPECIFIED.);
#29=B_SPLINE_SURFACE_WITH_KNOTS('',3,3,((#3665,#3666,#3667,#3668,#3669),
(#3670,#3671,#3672,#3673,#3674),(#3675,#3676,#3677,#3678,#3679),(#3680,
#3681,#3682,#3683,#3684)),.UNSPECIFIED.,.F.,.F.,.F.,(4,4),(4,1,4),(0.,1.),
(-0.523598775598303,-1.27675647831893E-15,0.5235987755983),
 .UNSPECIFIED.);
#30=B_SPLINE_SURFACE_WITH_KNOTS('',3,3,((#3692,#3693,#3694,#3695,#3696),
(#3697,#3698,#3699,#3700,#3701),(#3702,#3703,#3704,#3705,#3706),(#3707,
#3708,#3709,#3710,#3711)),.UNSPECIFIED.,.F.,.F.,.F.,(4,4),(4,1,4),(0.,1.),
(-0.523598775598299,1.38777878078145E-16,0.523598775598299),
 .UNSPECIFIED.);
#31=B_SPLINE_SURFACE_WITH_KNOTS('',3,3,((#3719,#3720,#3721,#3722,#3723),
(#3724,#3725,#3726,#3727,#3728),(#3729,#3730,#3731,#3732,#3733),(#3734,
#3735,#3736,#3737,#3738)),.UNSPECIFIED.,.F.,.F.,.F.,(4,4),(4,1,4),(0.,1.),
(-0.684719203002286,-0.178389417977934,0.201357920790331),.UNSPECIFIED.);
#32=B_SPLINE_SURFACE_WITH_KNOTS('',3,3,((#3750,#3751,#3752,#3753,#3754),
(#3755,#3756,#3757,#3758,#3759),(#3760,#3761,#3762,#3763,#3764),(#3765,
#3766,#3767,#3768,#3769)),.UNSPECIFIED.,.F.,.F.,.F.,(4,4),(4,1,4),(0.,1.),
(-0.20135792079033,0.178389417977933,0.684719203002285),.UNSPECIFIED.);
#33=B_SPLINE_CURVE_WITH_KNOTS('',3,(#3230,#3231,#3232,#3233,#3234,#3235,
#3236,#3237,#3238,#3239),.UNSPECIFIED.,.F.,.F.,(4,2,2,2,4),(0.292987952300837,
0.303390861902515,0.314587243361843,0.32578362482117,0.328885451756572),
 .UNSPECIFIED.);
#34=B_SPLINE_CURVE_WITH_KNOTS('',3,(#3254,#3255,#3256,#3257,#3258,#3259,
#3260,#3261,#3262,#3263),.UNSPECIFIED.,.F.,.F.,(4,2,2,2,4),(0.380022089558885,
0.383123916494287,0.394320297953614,0.405516679412941,0.41591958901462),
 .UNSPECIFIED.);
#35=B_SPLINE_CURVE_WITH_KNOTS('',3,(#3387,#3388,#3389,#3390,#3391),
 .UNSPECIFIED.,.F.,.F.,(4,1,4),(-0.0474630491744298,-0.0237315245872149,
0.),.UNSPECIFIED.);
#36=B_SPLINE_CURVE_WITH_KNOTS('',3,(#3392,#3393,#3394,#3395,#3396),
 .UNSPECIFIED.,.F.,.F.,(4,1,4),(0.,0.0237315245872149,0.0474630491744298),
 .UNSPECIFIED.);
#37=B_SPLINE_CURVE_WITH_KNOTS('',3,(#3425,#3426,#3427,#3428,#3429),
 .UNSPECIFIED.,.F.,.F.,(4,1,4),(-0.0474628583466711,-0.0237314291733355,
0.),.UNSPECIFIED.);
#38=B_SPLINE_CURVE_WITH_KNOTS('',3,(#3430,#3431,#3432,#3433,#3434),
 .UNSPECIFIED.,.F.,.F.,(4,1,4),(0.,0.0237314291733355,0.0474628583466711),
 .UNSPECIFIED.);
#39=FACE_BOUND('',#289,.T.);
#40=FACE_BOUND('',#290,.T.);
#41=FACE_BOUND('',#291,.T.);
#42=CIRCLE('',#2111,1.);
#43=CIRCLE('',#2112,1.);
#44=CIRCLE('',#2113,1.);
#45=CIRCLE('',#2114,1.);
#46=CIRCLE('',#2120,0.425);
#47=CIRCLE('',#2121,0.425);
#48=CIRCLE('',#2122,0.425);
#49=CIRCLE('',#2123,0.425);
#50=CIRCLE('',#2200,0.5);
#51=CIRCLE('',#2202,0.5);
#52=CIRCLE('',#2205,0.5);
#53=CIRCLE('',#2206,0.5);
#54=CIRCLE('',#2209,0.5);
#55=CIRCLE('',#2210,0.5);
#56=CIRCLE('',#2212,0.500000000000001);
#57=CIRCLE('',#2213,0.5);
#58=CIRCLE('',#2214,0.5);
#59=CIRCLE('',#2217,0.499999999999999);
#60=CIRCLE('',#2220,0.5);
#61=CIRCLE('',#2224,0.5);
#62=CIRCLE('',#2225,0.500000000000001);
#63=CIRCLE('',#2228,0.499999999999999);
#64=CIRCLE('',#2231,0.499999999999999);
#65=CIRCLE('',#2235,0.5);
#66=CIRCLE('',#2253,0.500000000000001);
#67=CIRCLE('',#2254,0.5);
#68=CIRCLE('',#2255,0.5);
#69=CIRCLE('',#2258,0.5);
#70=CIRCLE('',#2259,0.5);
#71=CIRCLE('',#2262,0.5);
#72=CIRCLE('',#2263,0.5);
#73=CIRCLE('',#2267,0.5);
#74=CIRCLE('',#2278,5.);
#75=CIRCLE('',#2279,5.);
#76=ELLIPSE('',#2102,0.115470053837925,0.1);
#77=ELLIPSE('',#2103,0.129099444873581,0.1);
#78=ELLIPSE('',#2115,0.115470053837925,0.1);
#79=ELLIPSE('',#2116,0.115470053837925,0.1);
#80=ELLIPSE('',#2117,0.115470053837925,0.1);
#81=ELLIPSE('',#2118,0.115470053837925,0.1);
#82=ELLIPSE('',#2119,0.115470053837925,0.1);
#83=ELLIPSE('',#2126,0.129099444873581,0.1);
#84=ELLIPSE('',#2136,0.163299316185546,0.1);
#85=ELLIPSE('',#2139,0.163299316185546,0.1);
#86=ELLIPSE('',#2147,0.163299316185546,0.1);
#87=ELLIPSE('',#2148,0.163299316185546,0.1);
#88=ELLIPSE('',#2163,0.475164445218705,0.425);
#89=ELLIPSE('',#2165,0.736121593216773,0.425);
#90=ELLIPSE('',#2166,1.04103314068285,0.425);
#91=ELLIPSE('',#2168,0.601040764008566,0.425);
#92=ELLIPSE('',#2174,1.04103314068285,0.425);
#93=ELLIPSE('',#2175,1.04103314068285,0.425);
#94=ELLIPSE('',#2177,0.475164445218705,0.425);
#95=ELLIPSE('',#2179,1.04103314068285,0.425);
#96=ELLIPSE('',#2183,0.601040764008566,0.425);
#97=ELLIPSE('',#2185,0.47856381275946,0.425);
#98=ELLIPSE('',#2187,0.601040764008566,0.425);
#99=ELLIPSE('',#2190,0.736121593216773,0.425);
#100=ELLIPSE('',#2191,0.47856381275946,0.425);
#101=ELLIPSE('',#2193,0.601040764008566,0.425);
#102=ELLIPSE('',#2201,0.559016994374947,0.5);
#103=ELLIPSE('',#2203,1.03077640640441,1.);
#104=ELLIPSE('',#2207,1.03077640640441,1.);
#105=ELLIPSE('',#2208,0.559016994374947,0.5);
#106=ELLIPSE('',#2215,1.1180339887499,1.);
#107=ELLIPSE('',#2216,0.707106781186548,0.5);
#108=ELLIPSE('',#2218,1.03295077235451,0.999999999999996);
#109=ELLIPSE('',#2219,1.03295077235451,0.999999999999999);
#110=ELLIPSE('',#2221,1.1180339887499,1.);
#111=ELLIPSE('',#2222,0.707106781186548,0.5);
#112=ELLIPSE('',#2226,1.1180339887499,1.);
#113=ELLIPSE('',#2227,0.707106781186548,0.5);
#114=ELLIPSE('',#2229,1.03295077235451,1.);
#115=ELLIPSE('',#2230,1.03295077235451,1.);
#116=ELLIPSE('',#2232,1.1180339887499,1.);
#117=ELLIPSE('',#2233,0.707106781186548,0.5);
#118=ELLIPSE('',#2236,1.22474487139159,0.5);
#119=ELLIPSE('',#2237,1.5,1.);
#120=ELLIPSE('',#2238,1.22474487139159,0.5);
#121=ELLIPSE('',#2239,1.5,1.);
#122=ELLIPSE('',#2242,1.22474487139159,0.999999999999999);
#123=ELLIPSE('',#2245,1.22474487139159,1.);
#124=ELLIPSE('',#2256,0.866025403784438,0.5);
#125=ELLIPSE('',#2260,0.866025403784438,0.5);
#126=ELLIPSE('',#2264,1.5,1.);
#127=ELLIPSE('',#2265,1.22474487139159,0.5);
#128=ELLIPSE('',#2268,1.5,1.);
#129=ELLIPSE('',#2269,1.22474487139159,0.5);
#130=CYLINDRICAL_SURFACE('',#2101,0.1);
#131=CYLINDRICAL_SURFACE('',#2125,0.1);
#132=CYLINDRICAL_SURFACE('',#2135,0.1);
#133=CYLINDRICAL_SURFACE('',#2138,0.1);
#134=CYLINDRICAL_SURFACE('',#2150,0.1);
#135=CYLINDRICAL_SURFACE('',#2152,0.1);
#136=CYLINDRICAL_SURFACE('',#2173,0.425);
#137=CYLINDRICAL_SURFACE('',#2176,0.425);
#138=CYLINDRICAL_SURFACE('',#2180,0.425);
#139=CYLINDRICAL_SURFACE('',#2181,0.425);
#140=CYLINDRICAL_SURFACE('',#2184,0.425);
#141=CYLINDRICAL_SURFACE('',#2189,0.425);
#142=CYLINDRICAL_SURFACE('',#2198,0.425);
#143=CYLINDRICAL_SURFACE('',#2199,0.425);
#144=CYLINDRICAL_SURFACE('',#2204,0.5);
#145=CYLINDRICAL_SURFACE('',#2211,0.5);
#146=CYLINDRICAL_SURFACE('',#2223,0.5);
#147=CYLINDRICAL_SURFACE('',#2234,0.5);
#148=CYLINDRICAL_SURFACE('',#2241,1.);
#149=CYLINDRICAL_SURFACE('',#2244,1.);
#150=CYLINDRICAL_SURFACE('',#2248,1.);
#151=CYLINDRICAL_SURFACE('',#2250,1.);
#152=CYLINDRICAL_SURFACE('',#2252,0.5);
#153=CYLINDRICAL_SURFACE('',#2257,0.5);
#154=CYLINDRICAL_SURFACE('',#2261,0.5);
#155=CYLINDRICAL_SURFACE('',#2266,0.5);
#156=CYLINDRICAL_SURFACE('',#2270,1.);
#157=CYLINDRICAL_SURFACE('',#2272,1.);
#158=CYLINDRICAL_SURFACE('',#2274,1.);
#159=CYLINDRICAL_SURFACE('',#2276,1.);
#160=CYLINDRICAL_SURFACE('',#2277,5.);
#161=FACE_OUTER_BOUND('',#276,.T.);
#162=FACE_OUTER_BOUND('',#277,.T.);
#163=FACE_OUTER_BOUND('',#278,.T.);
#164=FACE_OUTER_BOUND('',#279,.T.);
#165=FACE_OUTER_BOUND('',#280,.T.);
#166=FACE_OUTER_BOUND('',#281,.T.);
#167=FACE_OUTER_BOUND('',#282,.T.);
#168=FACE_OUTER_BOUND('',#283,.T.);
#169=FACE_OUTER_BOUND('',#284,.T.);
#170=FACE_OUTER_BOUND('',#285,.T.);
#171=FACE_OUTER_BOUND('',#286,.T.);
#172=FACE_OUTER_BOUND('',#287,.T.);
#173=FACE_OUTER_BOUND('',#288,.T.);
#174=FACE_OUTER_BOUND('',#292,.T.);
#175=FACE_OUTER_BOUND('',#293,.T.);
#176=FACE_OUTER_BOUND('',#294,.T.);
#177=FACE_OUTER_BOUND('',#295,.T.);
#178=FACE_OUTER_BOUND('',#296,.T.);
#179=FACE_OUTER_BOUND('',#297,.T.);
#180=FACE_OUTER_BOUND('',#298,.T.);
#181=FACE_OUTER_BOUND('',#299,.T.);
#182=FACE_OUTER_BOUND('',#300,.T.);
#183=FACE_OUTER_BOUND('',#301,.T.);
#184=FACE_OUTER_BOUND('',#302,.T.);
#185=FACE_OUTER_BOUND('',#303,.T.);
#186=FACE_OUTER_BOUND('',#304,.T.);
#187=FACE_OUTER_BOUND('',#305,.T.);
#188=FACE_OUTER_BOUND('',#306,.T.);
#189=FACE_OUTER_BOUND('',#307,.T.);
#190=FACE_OUTER_BOUND('',#308,.T.);
#191=FACE_OUTER_BOUND('',#309,.T.);
#192=FACE_OUTER_BOUND('',#310,.T.);
#193=FACE_OUTER_BOUND('',#311,.T.);
#194=FACE_OUTER_BOUND('',#312,.T.);
#195=FACE_OUTER_BOUND('',#313,.T.);
#196=FACE_OUTER_BOUND('',#314,.T.);
#197=FACE_OUTER_BOUND('',#315,.T.);
#198=FACE_OUTER_BOUND('',#316,.T.);
#199=FACE_OUTER_BOUND('',#317,.T.);
#200=FACE_OUTER_BOUND('',#318,.T.);
#201=FACE_OUTER_BOUND('',#319,.T.);
#202=FACE_OUTER_BOUND('',#320,.T.);
#203=FACE_OUTER_BOUND('',#321,.T.);
#204=FACE_OUTER_BOUND('',#322,.T.);
#205=FACE_OUTER_BOUND('',#323,.T.);
#206=FACE_OUTER_BOUND('',#324,.T.);
#207=FACE_OUTER_BOUND('',#325,.T.);
#208=FACE_OUTER_BOUND('',#326,.T.);
#209=FACE_OUTER_BOUND('',#327,.T.);
#210=FACE_OUTER_BOUND('',#328,.T.);
#211=FACE_OUTER_BOUND('',#329,.T.);
#212=FACE_OUTER_BOUND('',#330,.T.);
#213=FACE_OUTER_BOUND('',#331,.T.);
#214=FACE_OUTER_BOUND('',#332,.T.);
#215=FACE_OUTER_BOUND('',#333,.T.);
#216=FACE_OUTER_BOUND('',#334,.T.);
#217=FACE_OUTER_BOUND('',#335,.T.);
#218=FACE_OUTER_BOUND('',#336,.T.);
#219=FACE_OUTER_BOUND('',#337,.T.);
#220=FACE_OUTER_BOUND('',#338,.T.);
#221=FACE_OUTER_BOUND('',#339,.T.);
#222=FACE_OUTER_BOUND('',#340,.T.);
#223=FACE_OUTER_BOUND('',#341,.T.);
#224=FACE_OUTER_BOUND('',#342,.T.);
#225=FACE_OUTER_BOUND('',#343,.T.);
#226=FACE_OUTER_BOUND('',#344,.T.);
#227=FACE_OUTER_BOUND('',#345,.T.);
#228=FACE_OUTER_BOUND('',#346,.T.);
#229=FACE_OUTER_BOUND('',#347,.T.);
#230=FACE_OUTER_BOUND('',#348,.T.);
#231=FACE_OUTER_BOUND('',#349,.T.);
#232=FACE_OUTER_BOUND('',#350,.T.);
#233=FACE_OUTER_BOUND('',#351,.T.);
#234=FACE_OUTER_BOUND('',#352,.T.);
#235=FACE_OUTER_BOUND('',#353,.T.);
#236=FACE_OUTER_BOUND('',#354,.T.);
#237=FACE_OUTER_BOUND('',#355,.T.);
#238=FACE_OUTER_BOUND('',#356,.T.);
#239=FACE_OUTER_BOUND('',#357,.T.);
#240=FACE_OUTER_BOUND('',#358,.T.);
#241=FACE_OUTER_BOUND('',#359,.T.);
#242=FACE_OUTER_BOUND('',#360,.T.);
#243=FACE_OUTER_BOUND('',#361,.T.);
#244=FACE_OUTER_BOUND('',#362,.T.);
#245=FACE_OUTER_BOUND('',#363,.T.);
#246=FACE_OUTER_BOUND('',#364,.T.);
#247=FACE_OUTER_BOUND('',#365,.T.);
#248=FACE_OUTER_BOUND('',#366,.T.);
#249=FACE_OUTER_BOUND('',#367,.T.);
#250=FACE_OUTER_BOUND('',#368,.T.);
#251=FACE_OUTER_BOUND('',#369,.T.);
#252=FACE_OUTER_BOUND('',#370,.T.);
#253=FACE_OUTER_BOUND('',#371,.T.);
#254=FACE_OUTER_BOUND('',#372,.T.);
#255=FACE_OUTER_BOUND('',#373,.T.);
#256=FACE_OUTER_BOUND('',#374,.T.);
#257=FACE_OUTER_BOUND('',#375,.T.);
#258=FACE_OUTER_BOUND('',#376,.T.);
#259=FACE_OUTER_BOUND('',#377,.T.);
#260=FACE_OUTER_BOUND('',#378,.T.);
#261=FACE_OUTER_BOUND('',#379,.T.);
#262=FACE_OUTER_BOUND('',#380,.T.);
#263=FACE_OUTER_BOUND('',#381,.T.);
#264=FACE_OUTER_BOUND('',#382,.T.);
#265=FACE_OUTER_BOUND('',#383,.T.);
#266=FACE_OUTER_BOUND('',#384,.T.);
#267=FACE_OUTER_BOUND('',#385,.T.);
#268=FACE_OUTER_BOUND('',#386,.T.);
#269=FACE_OUTER_BOUND('',#387,.T.);
#270=FACE_OUTER_BOUND('',#388,.T.);
#271=FACE_OUTER_BOUND('',#389,.T.);
#272=FACE_OUTER_BOUND('',#390,.T.);
#273=FACE_OUTER_BOUND('',#391,.T.);
#274=FACE_OUTER_BOUND('',#392,.T.);
#275=FACE_OUTER_BOUND('',#393,.T.);
#276=EDGE_LOOP('',(#1298,#1299,#1300,#1301));
#277=EDGE_LOOP('',(#1302,#1303,#1304,#1305));
#278=EDGE_LOOP('',(#1306,#1307,#1308,#1309));
#279=EDGE_LOOP('',(#1310,#1311,#1312,#1313));
#280=EDGE_LOOP('',(#1314,#1315,#1316,#1317,#1318,#1319,#1320,#1321));
#281=EDGE_LOOP('',(#1322,#1323,#1324,#1325));
#282=EDGE_LOOP('',(#1326,#1327,#1328,#1329));
#283=EDGE_LOOP('',(#1330,#1331,#1332,#1333,#1334));
#284=EDGE_LOOP('',(#1335,#1336,#1337));
#285=EDGE_LOOP('',(#1338,#1339,#1340,#1341,#1342,#1343,#1344,#1345));
#286=EDGE_LOOP('',(#1346,#1347,#1348,#1349));
#287=EDGE_LOOP('',(#1350,#1351,#1352,#1353));
#288=EDGE_LOOP('',(#1354,#1355,#1356,#1357,#1358,#1359,#1360,#1361));
#289=EDGE_LOOP('',(#1362,#1363,#1364,#1365,#1366,#1367,#1368,#1369,#1370,
#1371,#1372,#1373,#1374,#1375,#1376,#1377,#1378,#1379,#1380,#1381,#1382,
#1383));
#290=EDGE_LOOP('',(#1384,#1385,#1386,#1387,#1388,#1389));
#291=EDGE_LOOP('',(#1390,#1391,#1392,#1393,#1394,#1395));
#292=EDGE_LOOP('',(#1396,#1397,#1398,#1399,#1400));
#293=EDGE_LOOP('',(#1401,#1402,#1403,#1404));
#294=EDGE_LOOP('',(#1405,#1406,#1407,#1408,#1409,#1410,#1411,#1412));
#295=EDGE_LOOP('',(#1413,#1414,#1415,#1416));
#296=EDGE_LOOP('',(#1417,#1418,#1419));
#297=EDGE_LOOP('',(#1420,#1421,#1422,#1423));
#298=EDGE_LOOP('',(#1424,#1425,#1426,#1427));
#299=EDGE_LOOP('',(#1428,#1429,#1430,#1431,#1432));
#300=EDGE_LOOP('',(#1433,#1434,#1435,#1436,#1437,#1438,#1439,#1440,#1441,
#1442,#1443,#1444,#1445,#1446,#1447,#1448));
#301=EDGE_LOOP('',(#1449,#1450,#1451,#1452,#1453,#1454,#1455,#1456,#1457,
#1458));
#302=EDGE_LOOP('',(#1459,#1460,#1461,#1462));
#303=EDGE_LOOP('',(#1463,#1464,#1465,#1466));
#304=EDGE_LOOP('',(#1467,#1468,#1469,#1470));
#305=EDGE_LOOP('',(#1471,#1472,#1473,#1474,#1475,#1476,#1477,#1478));
#306=EDGE_LOOP('',(#1479,#1480,#1481,#1482));
#307=EDGE_LOOP('',(#1483,#1484,#1485,#1486));
#308=EDGE_LOOP('',(#1487,#1488,#1489,#1490));
#309=EDGE_LOOP('',(#1491,#1492,#1493,#1494));
#310=EDGE_LOOP('',(#1495,#1496,#1497,#1498));
#311=EDGE_LOOP('',(#1499,#1500,#1501,#1502,#1503,#1504,#1505,#1506,#1507,
#1508,#1509,#1510,#1511,#1512,#1513,#1514));
#312=EDGE_LOOP('',(#1515,#1516,#1517,#1518,#1519,#1520,#1521,#1522,#1523,
#1524));
#313=EDGE_LOOP('',(#1525,#1526,#1527,#1528));
#314=EDGE_LOOP('',(#1529,#1530,#1531,#1532));
#315=EDGE_LOOP('',(#1533,#1534,#1535,#1536));
#316=EDGE_LOOP('',(#1537,#1538,#1539,#1540));
#317=EDGE_LOOP('',(#1541,#1542,#1543,#1544));
#318=EDGE_LOOP('',(#1545,#1546,#1547,#1548,#1549,#1550,#1551,#1552));
#319=EDGE_LOOP('',(#1553,#1554,#1555,#1556));
#320=EDGE_LOOP('',(#1557,#1558,#1559,#1560));
#321=EDGE_LOOP('',(#1561,#1562,#1563,#1564,#1565,#1566));
#322=EDGE_LOOP('',(#1567,#1568,#1569,#1570,#1571,#1572));
#323=EDGE_LOOP('',(#1573,#1574,#1575,#1576,#1577,#1578));
#324=EDGE_LOOP('',(#1579,#1580,#1581,#1582));
#325=EDGE_LOOP('',(#1583,#1584,#1585,#1586,#1587));
#326=EDGE_LOOP('',(#1588,#1589,#1590,#1591,#1592,#1593));
#327=EDGE_LOOP('',(#1594,#1595,#1596,#1597,#1598));
#328=EDGE_LOOP('',(#1599,#1600,#1601,#1602,#1603,#1604));
#329=EDGE_LOOP('',(#1605,#1606,#1607,#1608,#1609));
#330=EDGE_LOOP('',(#1610,#1611,#1612,#1613));
#331=EDGE_LOOP('',(#1614,#1615,#1616,#1617));
#332=EDGE_LOOP('',(#1618,#1619,#1620,#1621,#1622));
#333=EDGE_LOOP('',(#1623,#1624,#1625,#1626,#1627));
#334=EDGE_LOOP('',(#1628,#1629,#1630,#1631,#1632));
#335=EDGE_LOOP('',(#1633,#1634,#1635,#1636,#1637));
#336=EDGE_LOOP('',(#1638,#1639,#1640,#1641,#1642));
#337=EDGE_LOOP('',(#1643,#1644,#1645,#1646,#1647));
#338=EDGE_LOOP('',(#1648,#1649,#1650,#1651));
#339=EDGE_LOOP('',(#1652,#1653,#1654,#1655,#1656));
#340=EDGE_LOOP('',(#1657,#1658,#1659,#1660,#1661));
#341=EDGE_LOOP('',(#1662,#1663,#1664,#1665));
#342=EDGE_LOOP('',(#1666,#1667,#1668,#1669,#1670));
#343=EDGE_LOOP('',(#1671,#1672,#1673,#1674));
#344=EDGE_LOOP('',(#1675,#1676,#1677,#1678));
#345=EDGE_LOOP('',(#1679,#1680,#1681,#1682,#1683));
#346=EDGE_LOOP('',(#1684,#1685,#1686,#1687,#1688,#1689));
#347=EDGE_LOOP('',(#1690,#1691,#1692,#1693,#1694,#1695));
#348=EDGE_LOOP('',(#1696,#1697,#1698,#1699,#1700,#1701));
#349=EDGE_LOOP('',(#1702,#1703,#1704,#1705));
#350=EDGE_LOOP('',(#1706,#1707,#1708,#1709));
#351=EDGE_LOOP('',(#1710,#1711,#1712,#1713));
#352=EDGE_LOOP('',(#1714,#1715,#1716,#1717));
#353=EDGE_LOOP('',(#1718,#1719,#1720,#1721));
#354=EDGE_LOOP('',(#1722,#1723,#1724,#1725));
#355=EDGE_LOOP('',(#1726,#1727,#1728,#1729));
#356=EDGE_LOOP('',(#1730,#1731,#1732,#1733));
#357=EDGE_LOOP('',(#1734,#1735,#1736,#1737));
#358=EDGE_LOOP('',(#1738,#1739,#1740,#1741));
#359=EDGE_LOOP('',(#1742,#1743,#1744,#1745));
#360=EDGE_LOOP('',(#1746,#1747,#1748,#1749));
#361=EDGE_LOOP('',(#1750,#1751,#1752,#1753));
#362=EDGE_LOOP('',(#1754,#1755,#1756,#1757));
#363=EDGE_LOOP('',(#1758,#1759,#1760,#1761));
#364=EDGE_LOOP('',(#1762,#1763,#1764,#1765));
#365=EDGE_LOOP('',(#1766,#1767,#1768,#1769,#1770));
#366=EDGE_LOOP('',(#1771,#1772,#1773,#1774));
#367=EDGE_LOOP('',(#1775,#1776,#1777,#1778,#1779,#1780));
#368=EDGE_LOOP('',(#1781,#1782,#1783,#1784));
#369=EDGE_LOOP('',(#1785,#1786,#1787,#1788,#1789));
#370=EDGE_LOOP('',(#1790,#1791,#1792,#1793,#1794));
#371=EDGE_LOOP('',(#1795,#1796,#1797,#1798,#1799));
#372=EDGE_LOOP('',(#1800,#1801,#1802,#1803));
#373=EDGE_LOOP('',(#1804,#1805,#1806,#1807,#1808));
#374=EDGE_LOOP('',(#1809,#1810,#1811,#1812,#1813));
#375=EDGE_LOOP('',(#1814,#1815,#1816,#1817));
#376=EDGE_LOOP('',(#1818,#1819,#1820,#1821));
#377=EDGE_LOOP('',(#1822,#1823,#1824,#1825));
#378=EDGE_LOOP('',(#1826,#1827,#1828,#1829));
#379=EDGE_LOOP('',(#1830,#1831,#1832,#1833));
#380=EDGE_LOOP('',(#1834,#1835,#1836,#1837));
#381=EDGE_LOOP('',(#1838,#1839,#1840,#1841));
#382=EDGE_LOOP('',(#1842,#1843,#1844,#1845));
#383=EDGE_LOOP('',(#1846,#1847,#1848,#1849,#1850));
#384=EDGE_LOOP('',(#1851,#1852,#1853,#1854,#1855,#1856));
#385=EDGE_LOOP('',(#1857,#1858,#1859,#1860,#1861));
#386=EDGE_LOOP('',(#1862,#1863,#1864,#1865,#1866,#1867,#1868,#1869));
#387=EDGE_LOOP('',(#1870,#1871,#1872,#1873,#1874,#1875));
#388=EDGE_LOOP('',(#1876,#1877,#1878,#1879));
#389=EDGE_LOOP('',(#1880,#1881,#1882,#1883,#1884,#1885));
#390=EDGE_LOOP('',(#1886,#1887,#1888,#1889));
#391=EDGE_LOOP('',(#1890,#1891,#1892,#1893));
#392=EDGE_LOOP('',(#1894,#1895));
#393=EDGE_LOOP('',(#1896,#1897));
#394=LINE('',#2869,#600);
#395=LINE('',#2871,#601);
#396=LINE('',#2873,#602);
#397=LINE('',#2874,#603);
#398=LINE('',#2877,#604);
#399=LINE('',#2879,#605);
#400=LINE('',#2880,#606);
#401=LINE('',#2883,#607);
#402=LINE('',#2885,#608);
#403=LINE('',#2886,#609);
#404=LINE('',#2888,#610);
#405=LINE('',#2891,#611);
#406=LINE('',#2893,#612);
#407=LINE('',#2895,#613);
#408=LINE('',#2897,#614);
#409=LINE('',#2898,#615);
#410=LINE('',#2904,#616);
#411=LINE('',#2907,#617);
#412=LINE('',#2909,#618);
#413=LINE('',#2910,#619);
#414=LINE('',#2914,#620);
#415=LINE('',#2916,#621);
#416=LINE('',#2918,#622);
#417=LINE('',#2920,#623);
#418=LINE('',#2921,#624);
#419=LINE('',#2924,#625);
#420=LINE('',#2925,#626);
#421=LINE('',#2928,#627);
#422=LINE('',#2930,#628);
#423=LINE('',#2932,#629);
#424=LINE('',#2933,#630);
#425=LINE('',#2934,#631);
#426=LINE('',#2938,#632);
#427=LINE('',#2939,#633);
#428=LINE('',#2940,#634);
#429=LINE('',#2942,#635);
#430=LINE('',#2948,#636);
#431=LINE('',#2952,#637);
#432=LINE('',#2956,#638);
#433=LINE('',#2959,#639);
#434=LINE('',#2961,#640);
#435=LINE('',#2965,#641);
#436=LINE('',#2967,#642);
#437=LINE('',#2969,#643);
#438=LINE('',#2973,#644);
#439=LINE('',#2977,#645);
#440=LINE('',#2981,#646);
#441=LINE('',#2985,#647);
#442=LINE('',#2986,#648);
#443=LINE('',#2989,#649);
#444=LINE('',#2993,#650);
#445=LINE('',#2997,#651);
#446=LINE('',#2998,#652);
#447=LINE('',#3001,#653);
#448=LINE('',#3003,#654);
#449=LINE('',#3007,#655);
#450=LINE('',#3010,#656);
#451=LINE('',#3013,#657);
#452=LINE('',#3014,#658);
#453=LINE('',#3017,#659);
#454=LINE('',#3020,#660);
#455=LINE('',#3023,#661);
#456=LINE('',#3025,#662);
#457=LINE('',#3027,#663);
#458=LINE('',#3029,#664);
#459=LINE('',#3031,#665);
#460=LINE('',#3032,#666);
#461=LINE('',#3036,#667);
#462=LINE('',#3037,#668);
#463=LINE('',#3038,#669);
#464=LINE('',#3041,#670);
#465=LINE('',#3042,#671);
#466=LINE('',#3045,#672);
#467=LINE('',#3046,#673);
#468=LINE('',#3048,#674);
#469=LINE('',#3051,#675);
#470=LINE('',#3052,#676);
#471=LINE('',#3055,#677);
#472=LINE('',#3057,#678);
#473=LINE('',#3059,#679);
#474=LINE('',#3060,#680);
#475=LINE('',#3062,#681);
#476=LINE('',#3064,#682);
#477=LINE('',#3066,#683);
#478=LINE('',#3068,#684);
#479=LINE('',#3070,#685);
#480=LINE('',#3071,#686);
#481=LINE('',#3076,#687);
#482=LINE('',#3077,#688);
#483=LINE('',#3080,#689);
#484=LINE('',#3081,#690);
#485=LINE('',#3084,#691);
#486=LINE('',#3087,#692);
#487=LINE('',#3090,#693);
#488=LINE('',#3092,#694);
#489=LINE('',#3094,#695);
#490=LINE('',#3096,#696);
#491=LINE('',#3098,#697);
#492=LINE('',#3099,#698);
#493=LINE('',#3103,#699);
#494=LINE('',#3104,#700);
#495=LINE('',#3105,#701);
#496=LINE('',#3108,#702);
#497=LINE('',#3109,#703);
#498=LINE('',#3112,#704);
#499=LINE('',#3113,#705);
#500=LINE('',#3116,#706);
#501=LINE('',#3117,#707);
#502=LINE('',#3119,#708);
#503=LINE('',#3124,#709);
#504=LINE('',#3128,#710);
#505=LINE('',#3130,#711);
#506=LINE('',#3131,#712);
#507=LINE('',#3133,#713);
#508=LINE('',#3135,#714);
#509=LINE('',#3136,#715);
#510=LINE('',#3138,#716);
#511=LINE('',#3139,#717);
#512=LINE('',#3141,#718);
#513=LINE('',#3143,#719);
#514=LINE('',#3145,#720);
#515=LINE('',#3149,#721);
#516=LINE('',#3151,#722);
#517=LINE('',#3153,#723);
#518=LINE('',#3154,#724);
#519=LINE('',#3156,#725);
#520=LINE('',#3157,#726);
#521=LINE('',#3160,#727);
#522=LINE('',#3161,#728);
#523=LINE('',#3164,#729);
#524=LINE('',#3165,#730);
#525=LINE('',#3167,#731);
#526=LINE('',#3172,#732);
#527=LINE('',#3174,#733);
#528=LINE('',#3176,#734);
#529=LINE('',#3178,#735);
#530=LINE('',#3179,#736);
#531=LINE('',#3182,#737);
#532=LINE('',#3183,#738);
#533=LINE('',#3186,#739);
#534=LINE('',#3188,#740);
#535=LINE('',#3192,#741);
#536=LINE('',#3196,#742);
#537=LINE('',#3200,#743);
#538=LINE('',#3203,#744);
#539=LINE('',#3206,#745);
#540=LINE('',#3208,#746);
#541=LINE('',#3210,#747);
#542=LINE('',#3212,#748);
#543=LINE('',#3213,#749);
#544=LINE('',#3218,#750);
#545=LINE('',#3219,#751);
#546=LINE('',#3225,#752);
#547=LINE('',#3229,#753);
#548=LINE('',#3243,#754);
#549=LINE('',#3244,#755);
#550=LINE('',#3250,#756);
#551=LINE('',#3251,#757);
#552=LINE('',#3252,#758);
#553=LINE('',#3264,#759);
#554=LINE('',#3268,#760);
#555=LINE('',#3274,#761);
#556=LINE('',#3276,#762);
#557=LINE('',#3279,#763);
#558=LINE('',#3280,#764);
#559=LINE('',#3285,#765);
#560=LINE('',#3289,#766);
#561=LINE('',#3291,#767);
#562=LINE('',#3293,#768);
#563=LINE('',#3296,#769);
#564=LINE('',#3332,#770);
#565=LINE('',#3333,#771);
#566=LINE('',#3440,#772);
#567=LINE('',#3443,#773);
#568=LINE('',#3515,#774);
#569=LINE('',#3516,#775);
#570=LINE('',#3588,#776);
#571=LINE('',#3589,#777);
#572=LINE('',#3628,#778);
#573=LINE('',#3630,#779);
#574=LINE('',#3631,#780);
#575=LINE('',#3634,#781);
#576=LINE('',#3638,#782);
#577=LINE('',#3639,#783);
#578=LINE('',#3642,#784);
#579=LINE('',#3646,#785);
#580=LINE('',#3647,#786);
#581=LINE('',#3649,#787);
#582=LINE('',#3650,#788);
#583=LINE('',#3652,#789);
#584=LINE('',#3654,#790);
#585=LINE('',#3656,#791);
#586=LINE('',#3658,#792);
#587=LINE('',#3663,#793);
#588=LINE('',#3691,#794);
#589=LINE('',#3718,#795);
#590=LINE('',#3748,#796);
#591=LINE('',#3749,#797);
#592=LINE('',#3773,#798);
#593=LINE('',#3775,#799);
#594=LINE('',#3779,#800);
#595=LINE('',#3781,#801);
#596=LINE('',#3788,#802);
#597=LINE('',#3791,#803);
#598=LINE('',#3793,#804);
#599=LINE('',#3794,#805);
#600=VECTOR('',#2287,10.);
#601=VECTOR('',#2288,10.);
#602=VECTOR('',#2289,10.);
#603=VECTOR('',#2290,10.);
#604=VECTOR('',#2293,10.);
#605=VECTOR('',#2294,10.);
#606=VECTOR('',#2295,10.);
#607=VECTOR('',#2298,10.);
#608=VECTOR('',#2299,10.);
#609=VECTOR('',#2300,10.);
#610=VECTOR('',#2303,10.);
#611=VECTOR('',#2306,10.);
#612=VECTOR('',#2307,10.);
#613=VECTOR('',#2308,10.);
#614=VECTOR('',#2309,10.);
#615=VECTOR('',#2310,10.);
#616=VECTOR('',#2315,10.);
#617=VECTOR('',#2318,10.);
#618=VECTOR('',#2321,10.);
#619=VECTOR('',#2322,10.);
#620=VECTOR('',#2325,10.);
#621=VECTOR('',#2326,10.);
#622=VECTOR('',#2327,10.);
#623=VECTOR('',#2328,10.);
#624=VECTOR('',#2329,10.);
#625=VECTOR('',#2332,10.);
#626=VECTOR('',#2333,10.);
#627=VECTOR('',#2336,10.);
#628=VECTOR('',#2337,10.);
#629=VECTOR('',#2338,10.);
#630=VECTOR('',#2339,10.);
#631=VECTOR('',#2340,10.);
#632=VECTOR('',#2343,10.);
#633=VECTOR('',#2344,10.);
#634=VECTOR('',#2345,10.);
#635=VECTOR('',#2348,10.);
#636=VECTOR('',#2353,10.);
#637=VECTOR('',#2356,10.);
#638=VECTOR('',#2359,10.);
#639=VECTOR('',#2362,10.);
#640=VECTOR('',#2363,10.);
#641=VECTOR('',#2366,10.);
#642=VECTOR('',#2367,10.);
#643=VECTOR('',#2368,10.);
#644=VECTOR('',#2371,10.);
#645=VECTOR('',#2374,10.);
#646=VECTOR('',#2377,10.);
#647=VECTOR('',#2380,10.);
#648=VECTOR('',#2381,10.);
#649=VECTOR('',#2382,10.);
#650=VECTOR('',#2385,10.);
#651=VECTOR('',#2388,10.);
#652=VECTOR('',#2389,10.);
#653=VECTOR('',#2390,10.);
#654=VECTOR('',#2391,10.);
#655=VECTOR('',#2394,10.);
#656=VECTOR('',#2397,10.);
#657=VECTOR('',#2400,10.);
#658=VECTOR('',#2401,10.);
#659=VECTOR('',#2404,10.);
#660=VECTOR('',#2407,10.);
#661=VECTOR('',#2410,10.);
#662=VECTOR('',#2411,10.);
#663=VECTOR('',#2412,10.);
#664=VECTOR('',#2413,10.);
#665=VECTOR('',#2414,10.);
#666=VECTOR('',#2415,10.);
#667=VECTOR('',#2418,10.);
#668=VECTOR('',#2419,10.);
#669=VECTOR('',#2420,10.);
#670=VECTOR('',#2423,10.);
#671=VECTOR('',#2424,10.);
#672=VECTOR('',#2427,10.);
#673=VECTOR('',#2428,10.);
#674=VECTOR('',#2431,10.);
#675=VECTOR('',#2434,10.);
#676=VECTOR('',#2435,10.);
#677=VECTOR('',#2438,10.);
#678=VECTOR('',#2439,10.);
#679=VECTOR('',#2440,10.);
#680=VECTOR('',#2441,10.);
#681=VECTOR('',#2444,10.);
#682=VECTOR('',#2445,10.);
#683=VECTOR('',#2446,10.);
#684=VECTOR('',#2447,10.);
#685=VECTOR('',#2448,10.);
#686=VECTOR('',#2449,10.);
#687=VECTOR('',#2454,10.);
#688=VECTOR('',#2455,10.);
#689=VECTOR('',#2458,10.);
#690=VECTOR('',#2459,10.);
#691=VECTOR('',#2462,10.);
#692=VECTOR('',#2465,10.);
#693=VECTOR('',#2468,10.);
#694=VECTOR('',#2469,10.);
#695=VECTOR('',#2470,10.);
#696=VECTOR('',#2471,10.);
#697=VECTOR('',#2472,10.);
#698=VECTOR('',#2473,10.);
#699=VECTOR('',#2476,10.);
#700=VECTOR('',#2477,10.);
#701=VECTOR('',#2478,10.);
#702=VECTOR('',#2481,10.);
#703=VECTOR('',#2482,10.);
#704=VECTOR('',#2485,10.);
#705=VECTOR('',#2486,10.);
#706=VECTOR('',#2489,10.);
#707=VECTOR('',#2490,10.);
#708=VECTOR('',#2493,10.);
#709=VECTOR('',#2498,10.);
#710=VECTOR('',#2501,10.);
#711=VECTOR('',#2502,10.);
#712=VECTOR('',#2503,10.);
#713=VECTOR('',#2504,10.);
#714=VECTOR('',#2505,10.);
#715=VECTOR('',#2506,10.);
#716=VECTOR('',#2509,10.);
#717=VECTOR('',#2510,10.);
#718=VECTOR('',#2513,10.);
#719=VECTOR('',#2516,10.);
#720=VECTOR('',#2519,10.);
#721=VECTOR('',#2522,10.);
#722=VECTOR('',#2523,10.);
#723=VECTOR('',#2524,10.);
#724=VECTOR('',#2525,10.);
#725=VECTOR('',#2528,10.);
#726=VECTOR('',#2529,10.);
#727=VECTOR('',#2532,10.);
#728=VECTOR('',#2533,10.);
#729=VECTOR('',#2536,10.);
#730=VECTOR('',#2537,10.);
#731=VECTOR('',#2540,10.);
#732=VECTOR('',#2547,10.);
#733=VECTOR('',#2548,10.);
#734=VECTOR('',#2549,10.);
#735=VECTOR('',#2550,10.);
#736=VECTOR('',#2551,10.);
#737=VECTOR('',#2554,10.);
#738=VECTOR('',#2555,10.);
#739=VECTOR('',#2558,10.);
#740=VECTOR('',#2559,10.);
#741=VECTOR('',#2564,10.);
#742=VECTOR('',#2567,10.);
#743=VECTOR('',#2572,10.);
#744=VECTOR('',#2575,10.);
#745=VECTOR('',#2578,10.);
#746=VECTOR('',#2579,10.);
#747=VECTOR('',#2580,10.);
#748=VECTOR('',#2581,10.);
#749=VECTOR('',#2582,10.);
#750=VECTOR('',#2589,10.);
#751=VECTOR('',#2590,10.);
#752=VECTOR('',#2595,10.);
#753=VECTOR('',#2598,1.);
#754=VECTOR('',#2603,10.);
#755=VECTOR('',#2604,10.);
#756=VECTOR('',#2609,10.);
#757=VECTOR('',#2610,10.);
#758=VECTOR('',#2611,10.);
#759=VECTOR('',#2614,10.);
#760=VECTOR('',#2619,10.);
#761=VECTOR('',#2628,10.);
#762=VECTOR('',#2629,10.);
#763=VECTOR('',#2634,10.);
#764=VECTOR('',#2635,10.);
#765=VECTOR('',#2640,10.);
#766=VECTOR('',#2645,10.);
#767=VECTOR('',#2648,10.);
#768=VECTOR('',#2651,10.);
#769=VECTOR('',#2656,10.);
#770=VECTOR('',#2675,10.);
#771=VECTOR('',#2676,10.);
#772=VECTOR('',#2691,10.);
#773=VECTOR('',#2694,10.);
#774=VECTOR('',#2717,10.);
#775=VECTOR('',#2718,10.);
#776=VECTOR('',#2741,10.);
#777=VECTOR('',#2742,10.);
#778=VECTOR('',#2753,10.);
#779=VECTOR('',#2754,10.);
#780=VECTOR('',#2755,10.);
#781=VECTOR('',#2758,10.);
#782=VECTOR('',#2763,10.);
#783=VECTOR('',#2764,10.);
#784=VECTOR('',#2767,10.);
#785=VECTOR('',#2772,10.);
#786=VECTOR('',#2773,10.);
#787=VECTOR('',#2776,10.);
#788=VECTOR('',#2777,10.);
#789=VECTOR('',#2780,10.);
#790=VECTOR('',#2783,10.);
#791=VECTOR('',#2786,10.);
#792=VECTOR('',#2789,10.);
#793=VECTOR('',#2794,10.);
#794=VECTOR('',#2805,10.);
#795=VECTOR('',#2814,10.);
#796=VECTOR('',#2825,10.);
#797=VECTOR('',#2826,10.);
#798=VECTOR('',#2833,10.);
#799=VECTOR('',#2836,10.);
#800=VECTOR('',#2843,10.);
#801=VECTOR('',#2846,10.);
#802=VECTOR('',#2853,10.);
#803=VECTOR('',#2856,10.);
#804=VECTOR('',#2859,10.);
#805=VECTOR('',#2860,10.);
#806=VERTEX_POINT('',#2867);
#807=VERTEX_POINT('',#2868);
#808=VERTEX_POINT('',#2870);
#809=VERTEX_POINT('',#2872);
#810=VERTEX_POINT('',#2876);
#811=VERTEX_POINT('',#2878);
#812=VERTEX_POINT('',#2882);
#813=VERTEX_POINT('',#2884);
#814=VERTEX_POINT('',#2890);
#815=VERTEX_POINT('',#2892);
#816=VERTEX_POINT('',#2894);
#817=VERTEX_POINT('',#2896);
#818=VERTEX_POINT('',#2900);
#819=VERTEX_POINT('',#2901);
#820=VERTEX_POINT('',#2903);
#821=VERTEX_POINT('',#2905);
#822=VERTEX_POINT('',#2912);
#823=VERTEX_POINT('',#2913);
#824=VERTEX_POINT('',#2915);
#825=VERTEX_POINT('',#2917);
#826=VERTEX_POINT('',#2919);
#827=VERTEX_POINT('',#2923);
#828=VERTEX_POINT('',#2927);
#829=VERTEX_POINT('',#2929);
#830=VERTEX_POINT('',#2931);
#831=VERTEX_POINT('',#2936);
#832=VERTEX_POINT('',#2937);
#833=VERTEX_POINT('',#2944);
#834=VERTEX_POINT('',#2945);
#835=VERTEX_POINT('',#2947);
#836=VERTEX_POINT('',#2949);
#837=VERTEX_POINT('',#2951);
#838=VERTEX_POINT('',#2953);
#839=VERTEX_POINT('',#2955);
#840=VERTEX_POINT('',#2957);
#841=VERTEX_POINT('',#2960);
#842=VERTEX_POINT('',#2962);
#843=VERTEX_POINT('',#2964);
#844=VERTEX_POINT('',#2966);
#845=VERTEX_POINT('',#2968);
#846=VERTEX_POINT('',#2970);
#847=VERTEX_POINT('',#2972);
#848=VERTEX_POINT('',#2974);
#849=VERTEX_POINT('',#2976);
#850=VERTEX_POINT('',#2978);
#851=VERTEX_POINT('',#2980);
#852=VERTEX_POINT('',#2982);
#853=VERTEX_POINT('',#2984);
#854=VERTEX_POINT('',#2987);
#855=VERTEX_POINT('',#2988);
#856=VERTEX_POINT('',#2990);
#857=VERTEX_POINT('',#2992);
#858=VERTEX_POINT('',#2994);
#859=VERTEX_POINT('',#2996);
#860=VERTEX_POINT('',#2999);
#861=VERTEX_POINT('',#3000);
#862=VERTEX_POINT('',#3002);
#863=VERTEX_POINT('',#3004);
#864=VERTEX_POINT('',#3006);
#865=VERTEX_POINT('',#3008);
#866=VERTEX_POINT('',#3012);
#867=VERTEX_POINT('',#3016);
#868=VERTEX_POINT('',#3018);
#869=VERTEX_POINT('',#3022);
#870=VERTEX_POINT('',#3024);
#871=VERTEX_POINT('',#3026);
#872=VERTEX_POINT('',#3028);
#873=VERTEX_POINT('',#3030);
#874=VERTEX_POINT('',#3034);
#875=VERTEX_POINT('',#3035);
#876=VERTEX_POINT('',#3040);
#877=VERTEX_POINT('',#3044);
#878=VERTEX_POINT('',#3050);
#879=VERTEX_POINT('',#3054);
#880=VERTEX_POINT('',#3056);
#881=VERTEX_POINT('',#3058);
#882=VERTEX_POINT('',#3063);
#883=VERTEX_POINT('',#3065);
#884=VERTEX_POINT('',#3067);
#885=VERTEX_POINT('',#3069);
#886=VERTEX_POINT('',#3073);
#887=VERTEX_POINT('',#3074);
#888=VERTEX_POINT('',#3079);
#889=VERTEX_POINT('',#3083);
#890=VERTEX_POINT('',#3085);
#891=VERTEX_POINT('',#3089);
#892=VERTEX_POINT('',#3091);
#893=VERTEX_POINT('',#3093);
#894=VERTEX_POINT('',#3095);
#895=VERTEX_POINT('',#3097);
#896=VERTEX_POINT('',#3101);
#897=VERTEX_POINT('',#3102);
#898=VERTEX_POINT('',#3107);
#899=VERTEX_POINT('',#3111);
#900=VERTEX_POINT('',#3115);
#901=VERTEX_POINT('',#3121);
#902=VERTEX_POINT('',#3123);
#903=VERTEX_POINT('',#3125);
#904=VERTEX_POINT('',#3127);
#905=VERTEX_POINT('',#3129);
#906=VERTEX_POINT('',#3132);
#907=VERTEX_POINT('',#3134);
#908=VERTEX_POINT('',#3147);
#909=VERTEX_POINT('',#3148);
#910=VERTEX_POINT('',#3150);
#911=VERTEX_POINT('',#3152);
#912=VERTEX_POINT('',#3159);
#913=VERTEX_POINT('',#3163);
#914=VERTEX_POINT('',#3171);
#915=VERTEX_POINT('',#3173);
#916=VERTEX_POINT('',#3175);
#917=VERTEX_POINT('',#3177);
#918=VERTEX_POINT('',#3181);
#919=VERTEX_POINT('',#3185);
#920=VERTEX_POINT('',#3187);
#921=VERTEX_POINT('',#3191);
#922=VERTEX_POINT('',#3193);
#923=VERTEX_POINT('',#3195);
#924=VERTEX_POINT('',#3199);
#925=VERTEX_POINT('',#3201);
#926=VERTEX_POINT('',#3205);
#927=VERTEX_POINT('',#3207);
#928=VERTEX_POINT('',#3209);
#929=VERTEX_POINT('',#3211);
#930=VERTEX_POINT('',#3217);
#931=VERTEX_POINT('',#3221);
#932=VERTEX_POINT('',#3222);
#933=VERTEX_POINT('',#3224);
#934=VERTEX_POINT('',#3226);
#935=VERTEX_POINT('',#3228);
#936=VERTEX_POINT('',#3241);
#937=VERTEX_POINT('',#3246);
#938=VERTEX_POINT('',#3247);
#939=VERTEX_POINT('',#3249);
#940=VERTEX_POINT('',#3267);
#941=VERTEX_POINT('',#3273);
#942=VERTEX_POINT('',#3275);
#943=VERTEX_POINT('',#3282);
#944=VERTEX_POINT('',#3284);
#945=VERTEX_POINT('',#3288);
#946=VERTEX_POINT('',#3320);
#947=VERTEX_POINT('',#3321);
#948=VERTEX_POINT('',#3323);
#949=VERTEX_POINT('',#3325);
#950=VERTEX_POINT('',#3329);
#951=VERTEX_POINT('',#3330);
#952=VERTEX_POINT('',#3354);
#953=VERTEX_POINT('',#3355);
#954=VERTEX_POINT('',#3384);
#955=VERTEX_POINT('',#3385);
#956=VERTEX_POINT('',#3422);
#957=VERTEX_POINT('',#3423);
#958=VERTEX_POINT('',#3436);
#959=VERTEX_POINT('',#3437);
#960=VERTEX_POINT('',#3439);
#961=VERTEX_POINT('',#3441);
#962=VERTEX_POINT('',#3460);
#963=VERTEX_POINT('',#3461);
#964=VERTEX_POINT('',#3485);
#965=VERTEX_POINT('',#3486);
#966=VERTEX_POINT('',#3506);
#967=VERTEX_POINT('',#3507);
#968=VERTEX_POINT('',#3512);
#969=VERTEX_POINT('',#3513);
#970=VERTEX_POINT('',#3533);
#971=VERTEX_POINT('',#3534);
#972=VERTEX_POINT('',#3558);
#973=VERTEX_POINT('',#3559);
#974=VERTEX_POINT('',#3579);
#975=VERTEX_POINT('',#3580);
#976=VERTEX_POINT('',#3585);
#977=VERTEX_POINT('',#3586);
#978=VERTEX_POINT('',#3627);
#979=VERTEX_POINT('',#3629);
#980=VERTEX_POINT('',#3633);
#981=VERTEX_POINT('',#3637);
#982=VERTEX_POINT('',#3641);
#983=VERTEX_POINT('',#3645);
#984=VERTEX_POINT('',#3660);
#985=VERTEX_POINT('',#3662);
#986=VERTEX_POINT('',#3685);
#987=VERTEX_POINT('',#3689);
#988=VERTEX_POINT('',#3712);
#989=VERTEX_POINT('',#3716);
#990=VERTEX_POINT('',#3739);
#991=VERTEX_POINT('',#3740);
#992=VERTEX_POINT('',#3745);
#993=VERTEX_POINT('',#3746);
#994=VERTEX_POINT('',#3784);
#995=VERTEX_POINT('',#3785);
#996=VERTEX_POINT('',#3787);
#997=VERTEX_POINT('',#3789);
#998=EDGE_CURVE('',#806,#807,#394,.T.);
#999=EDGE_CURVE('',#806,#808,#395,.T.);
#1000=EDGE_CURVE('',#808,#809,#396,.T.);
#1001=EDGE_CURVE('',#807,#809,#397,.T.);
#1002=EDGE_CURVE('',#810,#806,#398,.T.);
#1003=EDGE_CURVE('',#811,#810,#399,.T.);
#1004=EDGE_CURVE('',#811,#808,#400,.T.);
#1005=EDGE_CURVE('',#807,#812,#401,.T.);
#1006=EDGE_CURVE('',#809,#813,#402,.T.);
#1007=EDGE_CURVE('',#812,#813,#403,.T.);
#1008=EDGE_CURVE('',#813,#811,#404,.T.);
#1009=EDGE_CURVE('',#814,#810,#405,.T.);
#1010=EDGE_CURVE('',#814,#815,#406,.T.);
#1011=EDGE_CURVE('',#815,#816,#407,.F.);
#1012=EDGE_CURVE('',#816,#817,#408,.T.);
#1013=EDGE_CURVE('',#812,#817,#409,.T.);
#1014=EDGE_CURVE('',#818,#819,#76,.T.);
#1015=EDGE_CURVE('',#819,#820,#410,.T.);
#1016=EDGE_CURVE('',#820,#821,#77,.F.);
#1017=EDGE_CURVE('',#821,#818,#411,.T.);
#1018=EDGE_CURVE('',#815,#821,#412,.T.);
#1019=EDGE_CURVE('',#818,#814,#413,.T.);
#1020=EDGE_CURVE('',#822,#823,#414,.T.);
#1021=EDGE_CURVE('',#824,#822,#415,.T.);
#1022=EDGE_CURVE('',#825,#824,#416,.T.);
#1023=EDGE_CURVE('',#826,#825,#417,.T.);
#1024=EDGE_CURVE('',#826,#823,#418,.T.);
#1025=EDGE_CURVE('',#827,#824,#419,.T.);
#1026=EDGE_CURVE('',#825,#827,#420,.T.);
#1027=EDGE_CURVE('',#828,#819,#421,.T.);
#1028=EDGE_CURVE('',#829,#828,#422,.T.);
#1029=EDGE_CURVE('',#829,#830,#423,.T.);
#1030=EDGE_CURVE('',#830,#826,#424,.T.);
#1031=EDGE_CURVE('',#820,#827,#425,.T.);
#1032=EDGE_CURVE('',#831,#832,#426,.T.);
#1033=EDGE_CURVE('',#830,#831,#427,.T.);
#1034=EDGE_CURVE('',#832,#829,#428,.T.);
#1035=EDGE_CURVE('',#823,#831,#429,.T.);
#1036=EDGE_CURVE('',#833,#834,#42,.T.);
#1037=EDGE_CURVE('',#835,#833,#430,.T.);
#1038=EDGE_CURVE('',#836,#835,#43,.T.);
#1039=EDGE_CURVE('',#837,#836,#431,.T.);
#1040=EDGE_CURVE('',#838,#837,#44,.T.);
#1041=EDGE_CURVE('',#839,#838,#432,.T.);
#1042=EDGE_CURVE('',#840,#839,#45,.T.);
#1043=EDGE_CURVE('',#834,#840,#433,.T.);
#1044=EDGE_CURVE('',#841,#817,#434,.T.);
#1045=EDGE_CURVE('',#842,#841,#78,.T.);
#1046=EDGE_CURVE('',#843,#842,#435,.T.);
#1047=EDGE_CURVE('',#843,#844,#436,.T.);
#1048=EDGE_CURVE('',#844,#845,#437,.T.);
#1049=EDGE_CURVE('',#846,#845,#79,.T.);
#1050=EDGE_CURVE('',#846,#847,#438,.T.);
#1051=EDGE_CURVE('',#848,#847,#80,.T.);
#1052=EDGE_CURVE('',#848,#849,#439,.T.);
#1053=EDGE_CURVE('',#850,#849,#81,.T.);
#1054=EDGE_CURVE('',#851,#850,#440,.T.);
#1055=EDGE_CURVE('',#852,#851,#82,.T.);
#1056=EDGE_CURVE('',#853,#852,#441,.T.);
#1057=EDGE_CURVE('',#828,#853,#442,.T.);
#1058=EDGE_CURVE('',#854,#855,#443,.T.);
#1059=EDGE_CURVE('',#855,#856,#46,.T.);
#1060=EDGE_CURVE('',#856,#857,#444,.T.);
#1061=EDGE_CURVE('',#857,#858,#47,.T.);
#1062=EDGE_CURVE('',#858,#859,#445,.T.);
#1063=EDGE_CURVE('',#859,#854,#446,.T.);
#1064=EDGE_CURVE('',#860,#861,#447,.T.);
#1065=EDGE_CURVE('',#860,#862,#448,.T.);
#1066=EDGE_CURVE('',#862,#863,#48,.T.);
#1067=EDGE_CURVE('',#863,#864,#449,.T.);
#1068=EDGE_CURVE('',#864,#865,#49,.T.);
#1069=EDGE_CURVE('',#865,#861,#450,.T.);
#1070=EDGE_CURVE('',#832,#866,#451,.T.);
#1071=EDGE_CURVE('',#866,#822,#452,.F.);
#1072=EDGE_CURVE('',#841,#867,#453,.T.);
#1073=EDGE_CURVE('',#867,#868,#83,.F.);
#1074=EDGE_CURVE('',#868,#842,#454,.T.);
#1075=EDGE_CURVE('',#869,#868,#455,.T.);
#1076=EDGE_CURVE('',#870,#869,#456,.T.);
#1077=EDGE_CURVE('',#871,#870,#457,.T.);
#1078=EDGE_CURVE('',#872,#871,#458,.T.);
#1079=EDGE_CURVE('',#873,#872,#459,.T.);
#1080=EDGE_CURVE('',#843,#873,#460,.T.);
#1081=EDGE_CURVE('',#874,#875,#461,.T.);
#1082=EDGE_CURVE('',#872,#874,#462,.T.);
#1083=EDGE_CURVE('',#871,#875,#463,.T.);
#1084=EDGE_CURVE('',#876,#869,#464,.T.);
#1085=EDGE_CURVE('',#870,#876,#465,.T.);
#1086=EDGE_CURVE('',#877,#874,#466,.T.);
#1087=EDGE_CURVE('',#873,#877,#467,.T.);
#1088=EDGE_CURVE('',#867,#816,#468,.T.);
#1089=EDGE_CURVE('',#875,#878,#469,.T.);
#1090=EDGE_CURVE('',#878,#876,#470,.T.);
#1091=EDGE_CURVE('',#866,#879,#471,.T.);
#1092=EDGE_CURVE('',#879,#880,#472,.F.);
#1093=EDGE_CURVE('',#880,#881,#473,.T.);
#1094=EDGE_CURVE('',#878,#881,#474,.F.);
#1095=EDGE_CURVE('',#881,#877,#475,.T.);
#1096=EDGE_CURVE('',#882,#880,#476,.T.);
#1097=EDGE_CURVE('',#883,#882,#477,.T.);
#1098=EDGE_CURVE('',#884,#883,#478,.T.);
#1099=EDGE_CURVE('',#884,#885,#479,.T.);
#1100=EDGE_CURVE('',#885,#844,#480,.T.);
#1101=EDGE_CURVE('',#886,#887,#84,.T.);
#1102=EDGE_CURVE('',#886,#850,#481,.T.);
#1103=EDGE_CURVE('',#849,#887,#482,.T.);
#1104=EDGE_CURVE('',#888,#848,#483,.T.);
#1105=EDGE_CURVE('',#888,#887,#484,.T.);
#1106=EDGE_CURVE('',#851,#889,#485,.T.);
#1107=EDGE_CURVE('',#889,#890,#85,.F.);
#1108=EDGE_CURVE('',#890,#852,#486,.T.);
#1109=EDGE_CURVE('',#891,#890,#487,.T.);
#1110=EDGE_CURVE('',#892,#891,#488,.T.);
#1111=EDGE_CURVE('',#893,#892,#489,.T.);
#1112=EDGE_CURVE('',#894,#893,#490,.T.);
#1113=EDGE_CURVE('',#895,#894,#491,.T.);
#1114=EDGE_CURVE('',#853,#895,#492,.T.);
#1115=EDGE_CURVE('',#896,#897,#493,.T.);
#1116=EDGE_CURVE('',#893,#896,#494,.T.);
#1117=EDGE_CURVE('',#892,#897,#495,.T.);
#1118=EDGE_CURVE('',#898,#896,#496,.T.);
#1119=EDGE_CURVE('',#894,#898,#497,.T.);
#1120=EDGE_CURVE('',#899,#898,#498,.T.);
#1121=EDGE_CURVE('',#895,#899,#499,.T.);
#1122=EDGE_CURVE('',#897,#900,#500,.T.);
#1123=EDGE_CURVE('',#900,#891,#501,.T.);
#1124=EDGE_CURVE('',#889,#886,#502,.T.);
#1125=EDGE_CURVE('',#888,#901,#86,.T.);
#1126=EDGE_CURVE('',#901,#902,#503,.T.);
#1127=EDGE_CURVE('',#903,#902,#87,.F.);
#1128=EDGE_CURVE('',#903,#904,#504,.T.);
#1129=EDGE_CURVE('',#904,#905,#505,.T.);
#1130=EDGE_CURVE('',#883,#905,#506,.T.);
#1131=EDGE_CURVE('',#882,#906,#507,.F.);
#1132=EDGE_CURVE('',#906,#907,#508,.T.);
#1133=EDGE_CURVE('',#900,#907,#509,.T.);
#1134=EDGE_CURVE('',#907,#899,#510,.T.);
#1135=EDGE_CURVE('',#879,#906,#511,.T.);
#1136=EDGE_CURVE('',#847,#901,#512,.T.);
#1137=EDGE_CURVE('',#902,#846,#513,.T.);
#1138=EDGE_CURVE('',#845,#903,#514,.T.);
#1139=EDGE_CURVE('',#908,#909,#515,.T.);
#1140=EDGE_CURVE('',#910,#908,#516,.T.);
#1141=EDGE_CURVE('',#911,#910,#517,.T.);
#1142=EDGE_CURVE('',#911,#909,#518,.T.);
#1143=EDGE_CURVE('',#905,#908,#519,.T.);
#1144=EDGE_CURVE('',#910,#904,#520,.T.);
#1145=EDGE_CURVE('',#885,#912,#521,.T.);
#1146=EDGE_CURVE('',#912,#911,#522,.T.);
#1147=EDGE_CURVE('',#913,#884,#523,.T.);
#1148=EDGE_CURVE('',#912,#913,#524,.T.);
#1149=EDGE_CURVE('',#909,#913,#525,.T.);
#1150=EDGE_CURVE('',#914,#859,#526,.T.);
#1151=EDGE_CURVE('',#915,#914,#527,.T.);
#1152=EDGE_CURVE('',#916,#915,#528,.T.);
#1153=EDGE_CURVE('',#917,#916,#529,.T.);
#1154=EDGE_CURVE('',#854,#917,#530,.T.);
#1155=EDGE_CURVE('',#917,#918,#531,.F.);
#1156=EDGE_CURVE('',#918,#855,#532,.T.);
#1157=EDGE_CURVE('',#916,#919,#533,.F.);
#1158=EDGE_CURVE('',#919,#920,#534,.T.);
#1159=EDGE_CURVE('',#918,#920,#88,.F.);
#1160=EDGE_CURVE('',#921,#915,#535,.F.);
#1161=EDGE_CURVE('',#922,#921,#89,.F.);
#1162=EDGE_CURVE('',#923,#922,#536,.F.);
#1163=EDGE_CURVE('',#919,#923,#90,.F.);
#1164=EDGE_CURVE('',#924,#914,#537,.T.);
#1165=EDGE_CURVE('',#924,#925,#91,.F.);
#1166=EDGE_CURVE('',#925,#921,#538,.T.);
#1167=EDGE_CURVE('',#860,#926,#539,.T.);
#1168=EDGE_CURVE('',#927,#861,#540,.T.);
#1169=EDGE_CURVE('',#928,#927,#541,.T.);
#1170=EDGE_CURVE('',#929,#928,#542,.T.);
#1171=EDGE_CURVE('',#926,#929,#543,.T.);
#1172=EDGE_CURVE('',#926,#930,#544,.T.);
#1173=EDGE_CURVE('',#930,#862,#545,.T.);
#1174=EDGE_CURVE('',#931,#932,#92,.T.);
#1175=EDGE_CURVE('',#933,#932,#546,.T.);
#1176=EDGE_CURVE('',#933,#934,#93,.F.);
#1177=EDGE_CURVE('',#934,#935,#547,.T.);
#1178=EDGE_CURVE('',#935,#931,#33,.T.);
#1179=EDGE_CURVE('',#935,#936,#94,.F.);
#1180=EDGE_CURVE('',#865,#936,#548,.T.);
#1181=EDGE_CURVE('',#931,#864,#549,.T.);
#1182=EDGE_CURVE('',#937,#938,#95,.T.);
#1183=EDGE_CURVE('',#939,#938,#550,.F.);
#1184=EDGE_CURVE('',#939,#857,#551,.T.);
#1185=EDGE_CURVE('',#856,#937,#552,.T.);
#1186=EDGE_CURVE('',#937,#920,#34,.T.);
#1187=EDGE_CURVE('',#938,#923,#553,.T.);
#1188=EDGE_CURVE('',#922,#940,#554,.T.);
#1189=EDGE_CURVE('',#939,#940,#96,.T.);
#1190=EDGE_CURVE('',#925,#940,#97,.T.);
#1191=EDGE_CURVE('',#929,#941,#555,.F.);
#1192=EDGE_CURVE('',#941,#942,#556,.T.);
#1193=EDGE_CURVE('',#930,#942,#98,.T.);
#1194=EDGE_CURVE('',#936,#927,#557,.F.);
#1195=EDGE_CURVE('',#934,#928,#558,.F.);
#1196=EDGE_CURVE('',#941,#943,#99,.F.);
#1197=EDGE_CURVE('',#944,#943,#559,.T.);
#1198=EDGE_CURVE('',#944,#942,#100,.T.);
#1199=EDGE_CURVE('',#932,#945,#560,.F.);
#1200=EDGE_CURVE('',#944,#945,#101,.T.);
#1201=EDGE_CURVE('',#943,#933,#561,.F.);
#1202=EDGE_CURVE('',#858,#924,#562,.T.);
#1203=EDGE_CURVE('',#863,#945,#563,.T.);
#1204=EDGE_CURVE('',#946,#947,#50,.T.);
#1205=EDGE_CURVE('',#947,#948,#102,.T.);
#1206=EDGE_CURVE('',#948,#949,#51,.T.);
#1207=EDGE_CURVE('',#949,#946,#103,.T.);
#1208=EDGE_CURVE('',#950,#951,#52,.T.);
#1209=EDGE_CURVE('',#951,#949,#564,.T.);
#1210=EDGE_CURVE('',#948,#950,#565,.T.);
#1211=EDGE_CURVE('',#952,#953,#53,.T.);
#1212=EDGE_CURVE('',#953,#951,#104,.T.);
#1213=EDGE_CURVE('',#950,#952,#105,.T.);
#1214=EDGE_CURVE('',#954,#955,#54,.T.);
#1215=EDGE_CURVE('',#955,#953,#35,.T.);
#1216=EDGE_CURVE('',#952,#954,#36,.T.);
#1217=EDGE_CURVE('',#956,#957,#55,.T.);
#1218=EDGE_CURVE('',#957,#947,#37,.T.);
#1219=EDGE_CURVE('',#946,#956,#38,.T.);
#1220=EDGE_CURVE('',#958,#959,#56,.T.);
#1221=EDGE_CURVE('',#959,#960,#566,.T.);
#1222=EDGE_CURVE('',#960,#961,#57,.T.);
#1223=EDGE_CURVE('',#961,#958,#567,.T.);
#1224=EDGE_CURVE('',#962,#963,#58,.T.);
#1225=EDGE_CURVE('',#963,#959,#106,.T.);
#1226=EDGE_CURVE('',#958,#962,#107,.T.);
#1227=EDGE_CURVE('',#964,#965,#59,.T.);
#1228=EDGE_CURVE('',#965,#963,#108,.T.);
#1229=EDGE_CURVE('',#962,#964,#109,.T.);
#1230=EDGE_CURVE('',#966,#967,#60,.T.);
#1231=EDGE_CURVE('',#967,#965,#110,.T.);
#1232=EDGE_CURVE('',#964,#966,#111,.T.);
#1233=EDGE_CURVE('',#968,#969,#61,.T.);
#1234=EDGE_CURVE('',#969,#967,#568,.T.);
#1235=EDGE_CURVE('',#966,#968,#569,.T.);
#1236=EDGE_CURVE('',#970,#971,#62,.T.);
#1237=EDGE_CURVE('',#971,#969,#112,.T.);
#1238=EDGE_CURVE('',#968,#970,#113,.T.);
#1239=EDGE_CURVE('',#972,#973,#63,.T.);
#1240=EDGE_CURVE('',#973,#971,#114,.T.);
#1241=EDGE_CURVE('',#970,#972,#115,.T.);
#1242=EDGE_CURVE('',#974,#975,#64,.T.);
#1243=EDGE_CURVE('',#975,#973,#116,.T.);
#1244=EDGE_CURVE('',#972,#974,#117,.T.);
#1245=EDGE_CURVE('',#976,#977,#65,.T.);
#1246=EDGE_CURVE('',#977,#975,#570,.T.);
#1247=EDGE_CURVE('',#974,#976,#571,.T.);
#1248=EDGE_CURVE('',#960,#955,#118,.T.);
#1249=EDGE_CURVE('',#954,#961,#119,.T.);
#1250=EDGE_CURVE('',#956,#977,#120,.T.);
#1251=EDGE_CURVE('',#976,#957,#121,.T.);
#1252=EDGE_CURVE('',#978,#972,#572,.T.);
#1253=EDGE_CURVE('',#979,#978,#573,.T.);
#1254=EDGE_CURVE('',#976,#979,#574,.T.);
#1255=EDGE_CURVE('',#970,#980,#575,.T.);
#1256=EDGE_CURVE('',#978,#980,#122,.T.);
#1257=EDGE_CURVE('',#981,#964,#576,.T.);
#1258=EDGE_CURVE('',#980,#981,#577,.T.);
#1259=EDGE_CURVE('',#962,#982,#578,.T.);
#1260=EDGE_CURVE('',#981,#982,#123,.T.);
#1261=EDGE_CURVE('',#983,#961,#579,.T.);
#1262=EDGE_CURVE('',#982,#983,#580,.T.);
#1263=EDGE_CURVE('',#834,#956,#581,.T.);
#1264=EDGE_CURVE('',#975,#840,#582,.T.);
#1265=EDGE_CURVE('',#949,#833,#583,.T.);
#1266=EDGE_CURVE('',#835,#951,#584,.T.);
#1267=EDGE_CURVE('',#955,#836,#585,.T.);
#1268=EDGE_CURVE('',#837,#959,#586,.T.);
#1269=EDGE_CURVE('',#983,#984,#66,.T.);
#1270=EDGE_CURVE('',#984,#985,#587,.T.);
#1271=EDGE_CURVE('',#985,#982,#67,.T.);
#1272=EDGE_CURVE('',#986,#981,#68,.T.);
#1273=EDGE_CURVE('',#985,#986,#124,.T.);
#1274=EDGE_CURVE('',#987,#980,#69,.T.);
#1275=EDGE_CURVE('',#986,#987,#588,.T.);
#1276=EDGE_CURVE('',#988,#978,#70,.T.);
#1277=EDGE_CURVE('',#987,#988,#125,.T.);
#1278=EDGE_CURVE('',#989,#979,#71,.T.);
#1279=EDGE_CURVE('',#988,#989,#589,.T.);
#1280=EDGE_CURVE('',#990,#991,#72,.T.);
#1281=EDGE_CURVE('',#991,#979,#126,.T.);
#1282=EDGE_CURVE('',#989,#990,#127,.T.);
#1283=EDGE_CURVE('',#992,#993,#73,.T.);
#1284=EDGE_CURVE('',#993,#991,#590,.T.);
#1285=EDGE_CURVE('',#990,#992,#591,.T.);
#1286=EDGE_CURVE('',#983,#993,#128,.T.);
#1287=EDGE_CURVE('',#992,#984,#129,.T.);
#1288=EDGE_CURVE('',#991,#947,#592,.T.);
#1289=EDGE_CURVE('',#952,#993,#593,.T.);
#1290=EDGE_CURVE('',#839,#969,#594,.T.);
#1291=EDGE_CURVE('',#967,#838,#595,.T.);
#1292=EDGE_CURVE('',#994,#995,#74,.T.);
#1293=EDGE_CURVE('',#994,#996,#596,.T.);
#1294=EDGE_CURVE('',#997,#996,#75,.T.);
#1295=EDGE_CURVE('',#995,#997,#597,.T.);
#1296=EDGE_CURVE('',#995,#994,#598,.T.);
#1297=EDGE_CURVE('',#996,#997,#599,.T.);
#1298=ORIENTED_EDGE('',*,*,#998,.F.);
#1299=ORIENTED_EDGE('',*,*,#999,.T.);
#1300=ORIENTED_EDGE('',*,*,#1000,.T.);
#1301=ORIENTED_EDGE('',*,*,#1001,.F.);
#1302=ORIENTED_EDGE('',*,*,#1002,.F.);
#1303=ORIENTED_EDGE('',*,*,#1003,.F.);
#1304=ORIENTED_EDGE('',*,*,#1004,.T.);
#1305=ORIENTED_EDGE('',*,*,#999,.F.);
#1306=ORIENTED_EDGE('',*,*,#1005,.F.);
#1307=ORIENTED_EDGE('',*,*,#1001,.T.);
#1308=ORIENTED_EDGE('',*,*,#1006,.T.);
#1309=ORIENTED_EDGE('',*,*,#1007,.F.);
#1310=ORIENTED_EDGE('',*,*,#1006,.F.);
#1311=ORIENTED_EDGE('',*,*,#1000,.F.);
#1312=ORIENTED_EDGE('',*,*,#1004,.F.);
#1313=ORIENTED_EDGE('',*,*,#1008,.F.);
#1314=ORIENTED_EDGE('',*,*,#1007,.T.);
#1315=ORIENTED_EDGE('',*,*,#1008,.T.);
#1316=ORIENTED_EDGE('',*,*,#1003,.T.);
#1317=ORIENTED_EDGE('',*,*,#1009,.F.);
#1318=ORIENTED_EDGE('',*,*,#1010,.T.);
#1319=ORIENTED_EDGE('',*,*,#1011,.T.);
#1320=ORIENTED_EDGE('',*,*,#1012,.T.);
#1321=ORIENTED_EDGE('',*,*,#1013,.F.);
#1322=ORIENTED_EDGE('',*,*,#1014,.T.);
#1323=ORIENTED_EDGE('',*,*,#1015,.T.);
#1324=ORIENTED_EDGE('',*,*,#1016,.T.);
#1325=ORIENTED_EDGE('',*,*,#1017,.T.);
#1326=ORIENTED_EDGE('',*,*,#1017,.F.);
#1327=ORIENTED_EDGE('',*,*,#1018,.F.);
#1328=ORIENTED_EDGE('',*,*,#1010,.F.);
#1329=ORIENTED_EDGE('',*,*,#1019,.F.);
#1330=ORIENTED_EDGE('',*,*,#1020,.F.);
#1331=ORIENTED_EDGE('',*,*,#1021,.F.);
#1332=ORIENTED_EDGE('',*,*,#1022,.F.);
#1333=ORIENTED_EDGE('',*,*,#1023,.F.);
#1334=ORIENTED_EDGE('',*,*,#1024,.T.);
#1335=ORIENTED_EDGE('',*,*,#1025,.F.);
#1336=ORIENTED_EDGE('',*,*,#1026,.F.);
#1337=ORIENTED_EDGE('',*,*,#1022,.T.);
#1338=ORIENTED_EDGE('',*,*,#1015,.F.);
#1339=ORIENTED_EDGE('',*,*,#1027,.F.);
#1340=ORIENTED_EDGE('',*,*,#1028,.F.);
#1341=ORIENTED_EDGE('',*,*,#1029,.T.);
#1342=ORIENTED_EDGE('',*,*,#1030,.T.);
#1343=ORIENTED_EDGE('',*,*,#1023,.T.);
#1344=ORIENTED_EDGE('',*,*,#1026,.T.);
#1345=ORIENTED_EDGE('',*,*,#1031,.F.);
#1346=ORIENTED_EDGE('',*,*,#1032,.F.);
#1347=ORIENTED_EDGE('',*,*,#1033,.F.);
#1348=ORIENTED_EDGE('',*,*,#1029,.F.);
#1349=ORIENTED_EDGE('',*,*,#1034,.F.);
#1350=ORIENTED_EDGE('',*,*,#1035,.F.);
#1351=ORIENTED_EDGE('',*,*,#1024,.F.);
#1352=ORIENTED_EDGE('',*,*,#1030,.F.);
#1353=ORIENTED_EDGE('',*,*,#1033,.T.);
#1354=ORIENTED_EDGE('',*,*,#1036,.F.);
#1355=ORIENTED_EDGE('',*,*,#1037,.F.);
#1356=ORIENTED_EDGE('',*,*,#1038,.F.);
#1357=ORIENTED_EDGE('',*,*,#1039,.F.);
#1358=ORIENTED_EDGE('',*,*,#1040,.F.);
#1359=ORIENTED_EDGE('',*,*,#1041,.F.);
#1360=ORIENTED_EDGE('',*,*,#1042,.F.);
#1361=ORIENTED_EDGE('',*,*,#1043,.F.);
#1362=ORIENTED_EDGE('',*,*,#1005,.T.);
#1363=ORIENTED_EDGE('',*,*,#1013,.T.);
#1364=ORIENTED_EDGE('',*,*,#1044,.F.);
#1365=ORIENTED_EDGE('',*,*,#1045,.F.);
#1366=ORIENTED_EDGE('',*,*,#1046,.F.);
#1367=ORIENTED_EDGE('',*,*,#1047,.T.);
#1368=ORIENTED_EDGE('',*,*,#1048,.T.);
#1369=ORIENTED_EDGE('',*,*,#1049,.F.);
#1370=ORIENTED_EDGE('',*,*,#1050,.T.);
#1371=ORIENTED_EDGE('',*,*,#1051,.F.);
#1372=ORIENTED_EDGE('',*,*,#1052,.T.);
#1373=ORIENTED_EDGE('',*,*,#1053,.F.);
#1374=ORIENTED_EDGE('',*,*,#1054,.F.);
#1375=ORIENTED_EDGE('',*,*,#1055,.F.);
#1376=ORIENTED_EDGE('',*,*,#1056,.F.);
#1377=ORIENTED_EDGE('',*,*,#1057,.F.);
#1378=ORIENTED_EDGE('',*,*,#1027,.T.);
#1379=ORIENTED_EDGE('',*,*,#1014,.F.);
#1380=ORIENTED_EDGE('',*,*,#1019,.T.);
#1381=ORIENTED_EDGE('',*,*,#1009,.T.);
#1382=ORIENTED_EDGE('',*,*,#1002,.T.);
#1383=ORIENTED_EDGE('',*,*,#998,.T.);
#1384=ORIENTED_EDGE('',*,*,#1058,.T.);
#1385=ORIENTED_EDGE('',*,*,#1059,.T.);
#1386=ORIENTED_EDGE('',*,*,#1060,.T.);
#1387=ORIENTED_EDGE('',*,*,#1061,.T.);
#1388=ORIENTED_EDGE('',*,*,#1062,.T.);
#1389=ORIENTED_EDGE('',*,*,#1063,.T.);
#1390=ORIENTED_EDGE('',*,*,#1064,.F.);
#1391=ORIENTED_EDGE('',*,*,#1065,.T.);
#1392=ORIENTED_EDGE('',*,*,#1066,.T.);
#1393=ORIENTED_EDGE('',*,*,#1067,.T.);
#1394=ORIENTED_EDGE('',*,*,#1068,.T.);
#1395=ORIENTED_EDGE('',*,*,#1069,.T.);
#1396=ORIENTED_EDGE('',*,*,#1020,.T.);
#1397=ORIENTED_EDGE('',*,*,#1035,.T.);
#1398=ORIENTED_EDGE('',*,*,#1032,.T.);
#1399=ORIENTED_EDGE('',*,*,#1070,.T.);
#1400=ORIENTED_EDGE('',*,*,#1071,.T.);
#1401=ORIENTED_EDGE('',*,*,#1045,.T.);
#1402=ORIENTED_EDGE('',*,*,#1072,.T.);
#1403=ORIENTED_EDGE('',*,*,#1073,.T.);
#1404=ORIENTED_EDGE('',*,*,#1074,.T.);
#1405=ORIENTED_EDGE('',*,*,#1074,.F.);
#1406=ORIENTED_EDGE('',*,*,#1075,.F.);
#1407=ORIENTED_EDGE('',*,*,#1076,.F.);
#1408=ORIENTED_EDGE('',*,*,#1077,.F.);
#1409=ORIENTED_EDGE('',*,*,#1078,.F.);
#1410=ORIENTED_EDGE('',*,*,#1079,.F.);
#1411=ORIENTED_EDGE('',*,*,#1080,.F.);
#1412=ORIENTED_EDGE('',*,*,#1046,.T.);
#1413=ORIENTED_EDGE('',*,*,#1081,.F.);
#1414=ORIENTED_EDGE('',*,*,#1082,.F.);
#1415=ORIENTED_EDGE('',*,*,#1078,.T.);
#1416=ORIENTED_EDGE('',*,*,#1083,.T.);
#1417=ORIENTED_EDGE('',*,*,#1084,.F.);
#1418=ORIENTED_EDGE('',*,*,#1085,.F.);
#1419=ORIENTED_EDGE('',*,*,#1076,.T.);
#1420=ORIENTED_EDGE('',*,*,#1086,.F.);
#1421=ORIENTED_EDGE('',*,*,#1087,.F.);
#1422=ORIENTED_EDGE('',*,*,#1079,.T.);
#1423=ORIENTED_EDGE('',*,*,#1082,.T.);
#1424=ORIENTED_EDGE('',*,*,#1072,.F.);
#1425=ORIENTED_EDGE('',*,*,#1044,.T.);
#1426=ORIENTED_EDGE('',*,*,#1012,.F.);
#1427=ORIENTED_EDGE('',*,*,#1088,.F.);
#1428=ORIENTED_EDGE('',*,*,#1089,.F.);
#1429=ORIENTED_EDGE('',*,*,#1083,.F.);
#1430=ORIENTED_EDGE('',*,*,#1077,.T.);
#1431=ORIENTED_EDGE('',*,*,#1085,.T.);
#1432=ORIENTED_EDGE('',*,*,#1090,.F.);
#1433=ORIENTED_EDGE('',*,*,#1021,.T.);
#1434=ORIENTED_EDGE('',*,*,#1071,.F.);
#1435=ORIENTED_EDGE('',*,*,#1091,.T.);
#1436=ORIENTED_EDGE('',*,*,#1092,.T.);
#1437=ORIENTED_EDGE('',*,*,#1093,.T.);
#1438=ORIENTED_EDGE('',*,*,#1094,.F.);
#1439=ORIENTED_EDGE('',*,*,#1090,.T.);
#1440=ORIENTED_EDGE('',*,*,#1084,.T.);
#1441=ORIENTED_EDGE('',*,*,#1075,.T.);
#1442=ORIENTED_EDGE('',*,*,#1073,.F.);
#1443=ORIENTED_EDGE('',*,*,#1088,.T.);
#1444=ORIENTED_EDGE('',*,*,#1011,.F.);
#1445=ORIENTED_EDGE('',*,*,#1018,.T.);
#1446=ORIENTED_EDGE('',*,*,#1016,.F.);
#1447=ORIENTED_EDGE('',*,*,#1031,.T.);
#1448=ORIENTED_EDGE('',*,*,#1025,.T.);
#1449=ORIENTED_EDGE('',*,*,#1080,.T.);
#1450=ORIENTED_EDGE('',*,*,#1087,.T.);
#1451=ORIENTED_EDGE('',*,*,#1095,.F.);
#1452=ORIENTED_EDGE('',*,*,#1093,.F.);
#1453=ORIENTED_EDGE('',*,*,#1096,.F.);
#1454=ORIENTED_EDGE('',*,*,#1097,.F.);
#1455=ORIENTED_EDGE('',*,*,#1098,.F.);
#1456=ORIENTED_EDGE('',*,*,#1099,.T.);
#1457=ORIENTED_EDGE('',*,*,#1100,.T.);
#1458=ORIENTED_EDGE('',*,*,#1047,.F.);
#1459=ORIENTED_EDGE('',*,*,#1101,.F.);
#1460=ORIENTED_EDGE('',*,*,#1102,.T.);
#1461=ORIENTED_EDGE('',*,*,#1053,.T.);
#1462=ORIENTED_EDGE('',*,*,#1103,.T.);
#1463=ORIENTED_EDGE('',*,*,#1103,.F.);
#1464=ORIENTED_EDGE('',*,*,#1052,.F.);
#1465=ORIENTED_EDGE('',*,*,#1104,.F.);
#1466=ORIENTED_EDGE('',*,*,#1105,.T.);
#1467=ORIENTED_EDGE('',*,*,#1055,.T.);
#1468=ORIENTED_EDGE('',*,*,#1106,.T.);
#1469=ORIENTED_EDGE('',*,*,#1107,.T.);
#1470=ORIENTED_EDGE('',*,*,#1108,.T.);
#1471=ORIENTED_EDGE('',*,*,#1108,.F.);
#1472=ORIENTED_EDGE('',*,*,#1109,.F.);
#1473=ORIENTED_EDGE('',*,*,#1110,.F.);
#1474=ORIENTED_EDGE('',*,*,#1111,.F.);
#1475=ORIENTED_EDGE('',*,*,#1112,.F.);
#1476=ORIENTED_EDGE('',*,*,#1113,.F.);
#1477=ORIENTED_EDGE('',*,*,#1114,.F.);
#1478=ORIENTED_EDGE('',*,*,#1056,.T.);
#1479=ORIENTED_EDGE('',*,*,#1115,.F.);
#1480=ORIENTED_EDGE('',*,*,#1116,.F.);
#1481=ORIENTED_EDGE('',*,*,#1111,.T.);
#1482=ORIENTED_EDGE('',*,*,#1117,.T.);
#1483=ORIENTED_EDGE('',*,*,#1118,.F.);
#1484=ORIENTED_EDGE('',*,*,#1119,.F.);
#1485=ORIENTED_EDGE('',*,*,#1112,.T.);
#1486=ORIENTED_EDGE('',*,*,#1116,.T.);
#1487=ORIENTED_EDGE('',*,*,#1120,.F.);
#1488=ORIENTED_EDGE('',*,*,#1121,.F.);
#1489=ORIENTED_EDGE('',*,*,#1113,.T.);
#1490=ORIENTED_EDGE('',*,*,#1119,.T.);
#1491=ORIENTED_EDGE('',*,*,#1122,.F.);
#1492=ORIENTED_EDGE('',*,*,#1117,.F.);
#1493=ORIENTED_EDGE('',*,*,#1110,.T.);
#1494=ORIENTED_EDGE('',*,*,#1123,.F.);
#1495=ORIENTED_EDGE('',*,*,#1102,.F.);
#1496=ORIENTED_EDGE('',*,*,#1124,.F.);
#1497=ORIENTED_EDGE('',*,*,#1106,.F.);
#1498=ORIENTED_EDGE('',*,*,#1054,.T.);
#1499=ORIENTED_EDGE('',*,*,#1101,.T.);
#1500=ORIENTED_EDGE('',*,*,#1105,.F.);
#1501=ORIENTED_EDGE('',*,*,#1125,.T.);
#1502=ORIENTED_EDGE('',*,*,#1126,.T.);
#1503=ORIENTED_EDGE('',*,*,#1127,.F.);
#1504=ORIENTED_EDGE('',*,*,#1128,.T.);
#1505=ORIENTED_EDGE('',*,*,#1129,.T.);
#1506=ORIENTED_EDGE('',*,*,#1130,.F.);
#1507=ORIENTED_EDGE('',*,*,#1097,.T.);
#1508=ORIENTED_EDGE('',*,*,#1131,.T.);
#1509=ORIENTED_EDGE('',*,*,#1132,.T.);
#1510=ORIENTED_EDGE('',*,*,#1133,.F.);
#1511=ORIENTED_EDGE('',*,*,#1123,.T.);
#1512=ORIENTED_EDGE('',*,*,#1109,.T.);
#1513=ORIENTED_EDGE('',*,*,#1107,.F.);
#1514=ORIENTED_EDGE('',*,*,#1124,.T.);
#1515=ORIENTED_EDGE('',*,*,#1028,.T.);
#1516=ORIENTED_EDGE('',*,*,#1057,.T.);
#1517=ORIENTED_EDGE('',*,*,#1114,.T.);
#1518=ORIENTED_EDGE('',*,*,#1121,.T.);
#1519=ORIENTED_EDGE('',*,*,#1134,.F.);
#1520=ORIENTED_EDGE('',*,*,#1132,.F.);
#1521=ORIENTED_EDGE('',*,*,#1135,.F.);
#1522=ORIENTED_EDGE('',*,*,#1091,.F.);
#1523=ORIENTED_EDGE('',*,*,#1070,.F.);
#1524=ORIENTED_EDGE('',*,*,#1034,.T.);
#1525=ORIENTED_EDGE('',*,*,#1125,.F.);
#1526=ORIENTED_EDGE('',*,*,#1104,.T.);
#1527=ORIENTED_EDGE('',*,*,#1051,.T.);
#1528=ORIENTED_EDGE('',*,*,#1136,.T.);
#1529=ORIENTED_EDGE('',*,*,#1136,.F.);
#1530=ORIENTED_EDGE('',*,*,#1050,.F.);
#1531=ORIENTED_EDGE('',*,*,#1137,.F.);
#1532=ORIENTED_EDGE('',*,*,#1126,.F.);
#1533=ORIENTED_EDGE('',*,*,#1049,.T.);
#1534=ORIENTED_EDGE('',*,*,#1138,.T.);
#1535=ORIENTED_EDGE('',*,*,#1127,.T.);
#1536=ORIENTED_EDGE('',*,*,#1137,.T.);
#1537=ORIENTED_EDGE('',*,*,#1139,.F.);
#1538=ORIENTED_EDGE('',*,*,#1140,.F.);
#1539=ORIENTED_EDGE('',*,*,#1141,.F.);
#1540=ORIENTED_EDGE('',*,*,#1142,.T.);
#1541=ORIENTED_EDGE('',*,*,#1143,.F.);
#1542=ORIENTED_EDGE('',*,*,#1129,.F.);
#1543=ORIENTED_EDGE('',*,*,#1144,.F.);
#1544=ORIENTED_EDGE('',*,*,#1140,.T.);
#1545=ORIENTED_EDGE('',*,*,#1138,.F.);
#1546=ORIENTED_EDGE('',*,*,#1048,.F.);
#1547=ORIENTED_EDGE('',*,*,#1100,.F.);
#1548=ORIENTED_EDGE('',*,*,#1145,.T.);
#1549=ORIENTED_EDGE('',*,*,#1146,.T.);
#1550=ORIENTED_EDGE('',*,*,#1141,.T.);
#1551=ORIENTED_EDGE('',*,*,#1144,.T.);
#1552=ORIENTED_EDGE('',*,*,#1128,.F.);
#1553=ORIENTED_EDGE('',*,*,#1147,.F.);
#1554=ORIENTED_EDGE('',*,*,#1148,.F.);
#1555=ORIENTED_EDGE('',*,*,#1145,.F.);
#1556=ORIENTED_EDGE('',*,*,#1099,.F.);
#1557=ORIENTED_EDGE('',*,*,#1149,.F.);
#1558=ORIENTED_EDGE('',*,*,#1142,.F.);
#1559=ORIENTED_EDGE('',*,*,#1146,.F.);
#1560=ORIENTED_EDGE('',*,*,#1148,.T.);
#1561=ORIENTED_EDGE('',*,*,#1122,.T.);
#1562=ORIENTED_EDGE('',*,*,#1133,.T.);
#1563=ORIENTED_EDGE('',*,*,#1134,.T.);
#1564=ORIENTED_EDGE('',*,*,#1120,.T.);
#1565=ORIENTED_EDGE('',*,*,#1118,.T.);
#1566=ORIENTED_EDGE('',*,*,#1115,.T.);
#1567=ORIENTED_EDGE('',*,*,#1143,.T.);
#1568=ORIENTED_EDGE('',*,*,#1139,.T.);
#1569=ORIENTED_EDGE('',*,*,#1149,.T.);
#1570=ORIENTED_EDGE('',*,*,#1147,.T.);
#1571=ORIENTED_EDGE('',*,*,#1098,.T.);
#1572=ORIENTED_EDGE('',*,*,#1130,.T.);
#1573=ORIENTED_EDGE('',*,*,#1150,.F.);
#1574=ORIENTED_EDGE('',*,*,#1151,.F.);
#1575=ORIENTED_EDGE('',*,*,#1152,.F.);
#1576=ORIENTED_EDGE('',*,*,#1153,.F.);
#1577=ORIENTED_EDGE('',*,*,#1154,.F.);
#1578=ORIENTED_EDGE('',*,*,#1063,.F.);
#1579=ORIENTED_EDGE('',*,*,#1154,.T.);
#1580=ORIENTED_EDGE('',*,*,#1155,.T.);
#1581=ORIENTED_EDGE('',*,*,#1156,.T.);
#1582=ORIENTED_EDGE('',*,*,#1058,.F.);
#1583=ORIENTED_EDGE('',*,*,#1153,.T.);
#1584=ORIENTED_EDGE('',*,*,#1157,.T.);
#1585=ORIENTED_EDGE('',*,*,#1158,.T.);
#1586=ORIENTED_EDGE('',*,*,#1159,.F.);
#1587=ORIENTED_EDGE('',*,*,#1155,.F.);
#1588=ORIENTED_EDGE('',*,*,#1152,.T.);
#1589=ORIENTED_EDGE('',*,*,#1160,.F.);
#1590=ORIENTED_EDGE('',*,*,#1161,.F.);
#1591=ORIENTED_EDGE('',*,*,#1162,.F.);
#1592=ORIENTED_EDGE('',*,*,#1163,.F.);
#1593=ORIENTED_EDGE('',*,*,#1157,.F.);
#1594=ORIENTED_EDGE('',*,*,#1151,.T.);
#1595=ORIENTED_EDGE('',*,*,#1164,.F.);
#1596=ORIENTED_EDGE('',*,*,#1165,.T.);
#1597=ORIENTED_EDGE('',*,*,#1166,.T.);
#1598=ORIENTED_EDGE('',*,*,#1160,.T.);
#1599=ORIENTED_EDGE('',*,*,#1167,.F.);
#1600=ORIENTED_EDGE('',*,*,#1064,.T.);
#1601=ORIENTED_EDGE('',*,*,#1168,.F.);
#1602=ORIENTED_EDGE('',*,*,#1169,.F.);
#1603=ORIENTED_EDGE('',*,*,#1170,.F.);
#1604=ORIENTED_EDGE('',*,*,#1171,.F.);
#1605=ORIENTED_EDGE('',*,*,#1089,.T.);
#1606=ORIENTED_EDGE('',*,*,#1094,.T.);
#1607=ORIENTED_EDGE('',*,*,#1095,.T.);
#1608=ORIENTED_EDGE('',*,*,#1086,.T.);
#1609=ORIENTED_EDGE('',*,*,#1081,.T.);
#1610=ORIENTED_EDGE('',*,*,#1096,.T.);
#1611=ORIENTED_EDGE('',*,*,#1092,.F.);
#1612=ORIENTED_EDGE('',*,*,#1135,.T.);
#1613=ORIENTED_EDGE('',*,*,#1131,.F.);
#1614=ORIENTED_EDGE('',*,*,#1167,.T.);
#1615=ORIENTED_EDGE('',*,*,#1172,.T.);
#1616=ORIENTED_EDGE('',*,*,#1173,.T.);
#1617=ORIENTED_EDGE('',*,*,#1065,.F.);
#1618=ORIENTED_EDGE('',*,*,#1174,.T.);
#1619=ORIENTED_EDGE('',*,*,#1175,.F.);
#1620=ORIENTED_EDGE('',*,*,#1176,.T.);
#1621=ORIENTED_EDGE('',*,*,#1177,.T.);
#1622=ORIENTED_EDGE('',*,*,#1178,.T.);
#1623=ORIENTED_EDGE('',*,*,#1178,.F.);
#1624=ORIENTED_EDGE('',*,*,#1179,.T.);
#1625=ORIENTED_EDGE('',*,*,#1180,.F.);
#1626=ORIENTED_EDGE('',*,*,#1068,.F.);
#1627=ORIENTED_EDGE('',*,*,#1181,.F.);
#1628=ORIENTED_EDGE('',*,*,#1182,.T.);
#1629=ORIENTED_EDGE('',*,*,#1183,.F.);
#1630=ORIENTED_EDGE('',*,*,#1184,.T.);
#1631=ORIENTED_EDGE('',*,*,#1060,.F.);
#1632=ORIENTED_EDGE('',*,*,#1185,.T.);
#1633=ORIENTED_EDGE('',*,*,#1182,.F.);
#1634=ORIENTED_EDGE('',*,*,#1186,.T.);
#1635=ORIENTED_EDGE('',*,*,#1158,.F.);
#1636=ORIENTED_EDGE('',*,*,#1163,.T.);
#1637=ORIENTED_EDGE('',*,*,#1187,.F.);
#1638=ORIENTED_EDGE('',*,*,#1186,.F.);
#1639=ORIENTED_EDGE('',*,*,#1185,.F.);
#1640=ORIENTED_EDGE('',*,*,#1059,.F.);
#1641=ORIENTED_EDGE('',*,*,#1156,.F.);
#1642=ORIENTED_EDGE('',*,*,#1159,.T.);
#1643=ORIENTED_EDGE('',*,*,#1187,.T.);
#1644=ORIENTED_EDGE('',*,*,#1162,.T.);
#1645=ORIENTED_EDGE('',*,*,#1188,.T.);
#1646=ORIENTED_EDGE('',*,*,#1189,.F.);
#1647=ORIENTED_EDGE('',*,*,#1183,.T.);
#1648=ORIENTED_EDGE('',*,*,#1161,.T.);
#1649=ORIENTED_EDGE('',*,*,#1166,.F.);
#1650=ORIENTED_EDGE('',*,*,#1190,.T.);
#1651=ORIENTED_EDGE('',*,*,#1188,.F.);
#1652=ORIENTED_EDGE('',*,*,#1171,.T.);
#1653=ORIENTED_EDGE('',*,*,#1191,.T.);
#1654=ORIENTED_EDGE('',*,*,#1192,.T.);
#1655=ORIENTED_EDGE('',*,*,#1193,.F.);
#1656=ORIENTED_EDGE('',*,*,#1172,.F.);
#1657=ORIENTED_EDGE('',*,*,#1169,.T.);
#1658=ORIENTED_EDGE('',*,*,#1194,.F.);
#1659=ORIENTED_EDGE('',*,*,#1179,.F.);
#1660=ORIENTED_EDGE('',*,*,#1177,.F.);
#1661=ORIENTED_EDGE('',*,*,#1195,.T.);
#1662=ORIENTED_EDGE('',*,*,#1196,.T.);
#1663=ORIENTED_EDGE('',*,*,#1197,.F.);
#1664=ORIENTED_EDGE('',*,*,#1198,.T.);
#1665=ORIENTED_EDGE('',*,*,#1192,.F.);
#1666=ORIENTED_EDGE('',*,*,#1199,.T.);
#1667=ORIENTED_EDGE('',*,*,#1200,.F.);
#1668=ORIENTED_EDGE('',*,*,#1197,.T.);
#1669=ORIENTED_EDGE('',*,*,#1201,.T.);
#1670=ORIENTED_EDGE('',*,*,#1175,.T.);
#1671=ORIENTED_EDGE('',*,*,#1150,.T.);
#1672=ORIENTED_EDGE('',*,*,#1062,.F.);
#1673=ORIENTED_EDGE('',*,*,#1202,.T.);
#1674=ORIENTED_EDGE('',*,*,#1164,.T.);
#1675=ORIENTED_EDGE('',*,*,#1168,.T.);
#1676=ORIENTED_EDGE('',*,*,#1069,.F.);
#1677=ORIENTED_EDGE('',*,*,#1180,.T.);
#1678=ORIENTED_EDGE('',*,*,#1194,.T.);
#1679=ORIENTED_EDGE('',*,*,#1199,.F.);
#1680=ORIENTED_EDGE('',*,*,#1174,.F.);
#1681=ORIENTED_EDGE('',*,*,#1181,.T.);
#1682=ORIENTED_EDGE('',*,*,#1067,.F.);
#1683=ORIENTED_EDGE('',*,*,#1203,.T.);
#1684=ORIENTED_EDGE('',*,*,#1170,.T.);
#1685=ORIENTED_EDGE('',*,*,#1195,.F.);
#1686=ORIENTED_EDGE('',*,*,#1176,.F.);
#1687=ORIENTED_EDGE('',*,*,#1201,.F.);
#1688=ORIENTED_EDGE('',*,*,#1196,.F.);
#1689=ORIENTED_EDGE('',*,*,#1191,.F.);
#1690=ORIENTED_EDGE('',*,*,#1165,.F.);
#1691=ORIENTED_EDGE('',*,*,#1202,.F.);
#1692=ORIENTED_EDGE('',*,*,#1061,.F.);
#1693=ORIENTED_EDGE('',*,*,#1184,.F.);
#1694=ORIENTED_EDGE('',*,*,#1189,.T.);
#1695=ORIENTED_EDGE('',*,*,#1190,.F.);
#1696=ORIENTED_EDGE('',*,*,#1198,.F.);
#1697=ORIENTED_EDGE('',*,*,#1200,.T.);
#1698=ORIENTED_EDGE('',*,*,#1203,.F.);
#1699=ORIENTED_EDGE('',*,*,#1066,.F.);
#1700=ORIENTED_EDGE('',*,*,#1173,.F.);
#1701=ORIENTED_EDGE('',*,*,#1193,.T.);
#1702=ORIENTED_EDGE('',*,*,#1204,.T.);
#1703=ORIENTED_EDGE('',*,*,#1205,.T.);
#1704=ORIENTED_EDGE('',*,*,#1206,.T.);
#1705=ORIENTED_EDGE('',*,*,#1207,.T.);
#1706=ORIENTED_EDGE('',*,*,#1208,.T.);
#1707=ORIENTED_EDGE('',*,*,#1209,.T.);
#1708=ORIENTED_EDGE('',*,*,#1206,.F.);
#1709=ORIENTED_EDGE('',*,*,#1210,.T.);
#1710=ORIENTED_EDGE('',*,*,#1211,.T.);
#1711=ORIENTED_EDGE('',*,*,#1212,.T.);
#1712=ORIENTED_EDGE('',*,*,#1208,.F.);
#1713=ORIENTED_EDGE('',*,*,#1213,.T.);
#1714=ORIENTED_EDGE('',*,*,#1214,.T.);
#1715=ORIENTED_EDGE('',*,*,#1215,.T.);
#1716=ORIENTED_EDGE('',*,*,#1211,.F.);
#1717=ORIENTED_EDGE('',*,*,#1216,.T.);
#1718=ORIENTED_EDGE('',*,*,#1217,.T.);
#1719=ORIENTED_EDGE('',*,*,#1218,.T.);
#1720=ORIENTED_EDGE('',*,*,#1204,.F.);
#1721=ORIENTED_EDGE('',*,*,#1219,.T.);
#1722=ORIENTED_EDGE('',*,*,#1220,.T.);
#1723=ORIENTED_EDGE('',*,*,#1221,.T.);
#1724=ORIENTED_EDGE('',*,*,#1222,.T.);
#1725=ORIENTED_EDGE('',*,*,#1223,.T.);
#1726=ORIENTED_EDGE('',*,*,#1224,.T.);
#1727=ORIENTED_EDGE('',*,*,#1225,.T.);
#1728=ORIENTED_EDGE('',*,*,#1220,.F.);
#1729=ORIENTED_EDGE('',*,*,#1226,.T.);
#1730=ORIENTED_EDGE('',*,*,#1227,.T.);
#1731=ORIENTED_EDGE('',*,*,#1228,.T.);
#1732=ORIENTED_EDGE('',*,*,#1224,.F.);
#1733=ORIENTED_EDGE('',*,*,#1229,.T.);
#1734=ORIENTED_EDGE('',*,*,#1230,.T.);
#1735=ORIENTED_EDGE('',*,*,#1231,.T.);
#1736=ORIENTED_EDGE('',*,*,#1227,.F.);
#1737=ORIENTED_EDGE('',*,*,#1232,.T.);
#1738=ORIENTED_EDGE('',*,*,#1233,.T.);
#1739=ORIENTED_EDGE('',*,*,#1234,.T.);
#1740=ORIENTED_EDGE('',*,*,#1230,.F.);
#1741=ORIENTED_EDGE('',*,*,#1235,.T.);
#1742=ORIENTED_EDGE('',*,*,#1236,.T.);
#1743=ORIENTED_EDGE('',*,*,#1237,.T.);
#1744=ORIENTED_EDGE('',*,*,#1233,.F.);
#1745=ORIENTED_EDGE('',*,*,#1238,.T.);
#1746=ORIENTED_EDGE('',*,*,#1239,.T.);
#1747=ORIENTED_EDGE('',*,*,#1240,.T.);
#1748=ORIENTED_EDGE('',*,*,#1236,.F.);
#1749=ORIENTED_EDGE('',*,*,#1241,.T.);
#1750=ORIENTED_EDGE('',*,*,#1242,.T.);
#1751=ORIENTED_EDGE('',*,*,#1243,.T.);
#1752=ORIENTED_EDGE('',*,*,#1239,.F.);
#1753=ORIENTED_EDGE('',*,*,#1244,.T.);
#1754=ORIENTED_EDGE('',*,*,#1245,.T.);
#1755=ORIENTED_EDGE('',*,*,#1246,.T.);
#1756=ORIENTED_EDGE('',*,*,#1242,.F.);
#1757=ORIENTED_EDGE('',*,*,#1247,.T.);
#1758=ORIENTED_EDGE('',*,*,#1222,.F.);
#1759=ORIENTED_EDGE('',*,*,#1248,.T.);
#1760=ORIENTED_EDGE('',*,*,#1214,.F.);
#1761=ORIENTED_EDGE('',*,*,#1249,.T.);
#1762=ORIENTED_EDGE('',*,*,#1217,.F.);
#1763=ORIENTED_EDGE('',*,*,#1250,.T.);
#1764=ORIENTED_EDGE('',*,*,#1245,.F.);
#1765=ORIENTED_EDGE('',*,*,#1251,.T.);
#1766=ORIENTED_EDGE('',*,*,#1247,.F.);
#1767=ORIENTED_EDGE('',*,*,#1244,.F.);
#1768=ORIENTED_EDGE('',*,*,#1252,.F.);
#1769=ORIENTED_EDGE('',*,*,#1253,.F.);
#1770=ORIENTED_EDGE('',*,*,#1254,.F.);
#1771=ORIENTED_EDGE('',*,*,#1241,.F.);
#1772=ORIENTED_EDGE('',*,*,#1255,.T.);
#1773=ORIENTED_EDGE('',*,*,#1256,.F.);
#1774=ORIENTED_EDGE('',*,*,#1252,.T.);
#1775=ORIENTED_EDGE('',*,*,#1238,.F.);
#1776=ORIENTED_EDGE('',*,*,#1235,.F.);
#1777=ORIENTED_EDGE('',*,*,#1232,.F.);
#1778=ORIENTED_EDGE('',*,*,#1257,.F.);
#1779=ORIENTED_EDGE('',*,*,#1258,.F.);
#1780=ORIENTED_EDGE('',*,*,#1255,.F.);
#1781=ORIENTED_EDGE('',*,*,#1229,.F.);
#1782=ORIENTED_EDGE('',*,*,#1259,.T.);
#1783=ORIENTED_EDGE('',*,*,#1260,.F.);
#1784=ORIENTED_EDGE('',*,*,#1257,.T.);
#1785=ORIENTED_EDGE('',*,*,#1226,.F.);
#1786=ORIENTED_EDGE('',*,*,#1223,.F.);
#1787=ORIENTED_EDGE('',*,*,#1261,.F.);
#1788=ORIENTED_EDGE('',*,*,#1262,.F.);
#1789=ORIENTED_EDGE('',*,*,#1259,.F.);
#1790=ORIENTED_EDGE('',*,*,#1246,.F.);
#1791=ORIENTED_EDGE('',*,*,#1250,.F.);
#1792=ORIENTED_EDGE('',*,*,#1263,.F.);
#1793=ORIENTED_EDGE('',*,*,#1043,.T.);
#1794=ORIENTED_EDGE('',*,*,#1264,.F.);
#1795=ORIENTED_EDGE('',*,*,#1219,.F.);
#1796=ORIENTED_EDGE('',*,*,#1207,.F.);
#1797=ORIENTED_EDGE('',*,*,#1265,.T.);
#1798=ORIENTED_EDGE('',*,*,#1036,.T.);
#1799=ORIENTED_EDGE('',*,*,#1263,.T.);
#1800=ORIENTED_EDGE('',*,*,#1209,.F.);
#1801=ORIENTED_EDGE('',*,*,#1266,.F.);
#1802=ORIENTED_EDGE('',*,*,#1037,.T.);
#1803=ORIENTED_EDGE('',*,*,#1265,.F.);
#1804=ORIENTED_EDGE('',*,*,#1212,.F.);
#1805=ORIENTED_EDGE('',*,*,#1215,.F.);
#1806=ORIENTED_EDGE('',*,*,#1267,.T.);
#1807=ORIENTED_EDGE('',*,*,#1038,.T.);
#1808=ORIENTED_EDGE('',*,*,#1266,.T.);
#1809=ORIENTED_EDGE('',*,*,#1248,.F.);
#1810=ORIENTED_EDGE('',*,*,#1221,.F.);
#1811=ORIENTED_EDGE('',*,*,#1268,.F.);
#1812=ORIENTED_EDGE('',*,*,#1039,.T.);
#1813=ORIENTED_EDGE('',*,*,#1267,.F.);
#1814=ORIENTED_EDGE('',*,*,#1269,.T.);
#1815=ORIENTED_EDGE('',*,*,#1270,.T.);
#1816=ORIENTED_EDGE('',*,*,#1271,.T.);
#1817=ORIENTED_EDGE('',*,*,#1262,.T.);
#1818=ORIENTED_EDGE('',*,*,#1272,.T.);
#1819=ORIENTED_EDGE('',*,*,#1260,.T.);
#1820=ORIENTED_EDGE('',*,*,#1271,.F.);
#1821=ORIENTED_EDGE('',*,*,#1273,.T.);
#1822=ORIENTED_EDGE('',*,*,#1274,.T.);
#1823=ORIENTED_EDGE('',*,*,#1258,.T.);
#1824=ORIENTED_EDGE('',*,*,#1272,.F.);
#1825=ORIENTED_EDGE('',*,*,#1275,.T.);
#1826=ORIENTED_EDGE('',*,*,#1276,.T.);
#1827=ORIENTED_EDGE('',*,*,#1256,.T.);
#1828=ORIENTED_EDGE('',*,*,#1274,.F.);
#1829=ORIENTED_EDGE('',*,*,#1277,.T.);
#1830=ORIENTED_EDGE('',*,*,#1278,.T.);
#1831=ORIENTED_EDGE('',*,*,#1253,.T.);
#1832=ORIENTED_EDGE('',*,*,#1276,.F.);
#1833=ORIENTED_EDGE('',*,*,#1279,.T.);
#1834=ORIENTED_EDGE('',*,*,#1280,.T.);
#1835=ORIENTED_EDGE('',*,*,#1281,.T.);
#1836=ORIENTED_EDGE('',*,*,#1278,.F.);
#1837=ORIENTED_EDGE('',*,*,#1282,.T.);
#1838=ORIENTED_EDGE('',*,*,#1283,.T.);
#1839=ORIENTED_EDGE('',*,*,#1284,.T.);
#1840=ORIENTED_EDGE('',*,*,#1280,.F.);
#1841=ORIENTED_EDGE('',*,*,#1285,.T.);
#1842=ORIENTED_EDGE('',*,*,#1269,.F.);
#1843=ORIENTED_EDGE('',*,*,#1286,.T.);
#1844=ORIENTED_EDGE('',*,*,#1283,.F.);
#1845=ORIENTED_EDGE('',*,*,#1287,.T.);
#1846=ORIENTED_EDGE('',*,*,#1251,.F.);
#1847=ORIENTED_EDGE('',*,*,#1254,.T.);
#1848=ORIENTED_EDGE('',*,*,#1281,.F.);
#1849=ORIENTED_EDGE('',*,*,#1288,.T.);
#1850=ORIENTED_EDGE('',*,*,#1218,.F.);
#1851=ORIENTED_EDGE('',*,*,#1205,.F.);
#1852=ORIENTED_EDGE('',*,*,#1288,.F.);
#1853=ORIENTED_EDGE('',*,*,#1284,.F.);
#1854=ORIENTED_EDGE('',*,*,#1289,.F.);
#1855=ORIENTED_EDGE('',*,*,#1213,.F.);
#1856=ORIENTED_EDGE('',*,*,#1210,.F.);
#1857=ORIENTED_EDGE('',*,*,#1216,.F.);
#1858=ORIENTED_EDGE('',*,*,#1289,.T.);
#1859=ORIENTED_EDGE('',*,*,#1286,.F.);
#1860=ORIENTED_EDGE('',*,*,#1261,.T.);
#1861=ORIENTED_EDGE('',*,*,#1249,.F.);
#1862=ORIENTED_EDGE('',*,*,#1270,.F.);
#1863=ORIENTED_EDGE('',*,*,#1287,.F.);
#1864=ORIENTED_EDGE('',*,*,#1285,.F.);
#1865=ORIENTED_EDGE('',*,*,#1282,.F.);
#1866=ORIENTED_EDGE('',*,*,#1279,.F.);
#1867=ORIENTED_EDGE('',*,*,#1277,.F.);
#1868=ORIENTED_EDGE('',*,*,#1275,.F.);
#1869=ORIENTED_EDGE('',*,*,#1273,.F.);
#1870=ORIENTED_EDGE('',*,*,#1243,.F.);
#1871=ORIENTED_EDGE('',*,*,#1264,.T.);
#1872=ORIENTED_EDGE('',*,*,#1042,.T.);
#1873=ORIENTED_EDGE('',*,*,#1290,.T.);
#1874=ORIENTED_EDGE('',*,*,#1237,.F.);
#1875=ORIENTED_EDGE('',*,*,#1240,.F.);
#1876=ORIENTED_EDGE('',*,*,#1234,.F.);
#1877=ORIENTED_EDGE('',*,*,#1290,.F.);
#1878=ORIENTED_EDGE('',*,*,#1041,.T.);
#1879=ORIENTED_EDGE('',*,*,#1291,.F.);
#1880=ORIENTED_EDGE('',*,*,#1231,.F.);
#1881=ORIENTED_EDGE('',*,*,#1291,.T.);
#1882=ORIENTED_EDGE('',*,*,#1040,.T.);
#1883=ORIENTED_EDGE('',*,*,#1268,.T.);
#1884=ORIENTED_EDGE('',*,*,#1225,.F.);
#1885=ORIENTED_EDGE('',*,*,#1228,.F.);
#1886=ORIENTED_EDGE('',*,*,#1292,.F.);
#1887=ORIENTED_EDGE('',*,*,#1293,.T.);
#1888=ORIENTED_EDGE('',*,*,#1294,.F.);
#1889=ORIENTED_EDGE('',*,*,#1295,.F.);
#1890=ORIENTED_EDGE('',*,*,#1296,.F.);
#1891=ORIENTED_EDGE('',*,*,#1295,.T.);
#1892=ORIENTED_EDGE('',*,*,#1297,.F.);
#1893=ORIENTED_EDGE('',*,*,#1293,.F.);
#1894=ORIENTED_EDGE('',*,*,#1296,.T.);
#1895=ORIENTED_EDGE('',*,*,#1292,.T.);
#1896=ORIENTED_EDGE('',*,*,#1297,.T.);
#1897=ORIENTED_EDGE('',*,*,#1294,.T.);
#1898=PLANE('',#2096);
#1899=PLANE('',#2097);
#1900=PLANE('',#2098);
#1901=PLANE('',#2099);
#1902=PLANE('',#2100);
#1903=PLANE('',#2104);
#1904=PLANE('',#2105);
#1905=PLANE('',#2106);
#1906=PLANE('',#2107);
#1907=PLANE('',#2108);
#1908=PLANE('',#2109);
#1909=PLANE('',#2110);
#1910=PLANE('',#2124);
#1911=PLANE('',#2127);
#1912=PLANE('',#2128);
#1913=PLANE('',#2129);
#1914=PLANE('',#2130);
#1915=PLANE('',#2131);
#1916=PLANE('',#2132);
#1917=PLANE('',#2133);
#1918=PLANE('',#2134);
#1919=PLANE('',#2137);
#1920=PLANE('',#2140);
#1921=PLANE('',#2141);
#1922=PLANE('',#2142);
#1923=PLANE('',#2143);
#1924=PLANE('',#2144);
#1925=PLANE('',#2145);
#1926=PLANE('',#2146);
#1927=PLANE('',#2149);
#1928=PLANE('',#2151);
#1929=PLANE('',#2153);
#1930=PLANE('',#2154);
#1931=PLANE('',#2155);
#1932=PLANE('',#2156);
#1933=PLANE('',#2157);
#1934=PLANE('',#2158);
#1935=PLANE('',#2159);
#1936=PLANE('',#2160);
#1937=PLANE('',#2161);
#1938=PLANE('',#2162);
#1939=PLANE('',#2164);
#1940=PLANE('',#2167);
#1941=PLANE('',#2169);
#1942=PLANE('',#2170);
#1943=PLANE('',#2171);
#1944=PLANE('',#2172);
#1945=PLANE('',#2178);
#1946=PLANE('',#2182);
#1947=PLANE('',#2186);
#1948=PLANE('',#2188);
#1949=PLANE('',#2192);
#1950=PLANE('',#2194);
#1951=PLANE('',#2195);
#1952=PLANE('',#2196);
#1953=PLANE('',#2197);
#1954=PLANE('',#2240);
#1955=PLANE('',#2243);
#1956=PLANE('',#2246);
#1957=PLANE('',#2247);
#1958=PLANE('',#2249);
#1959=PLANE('',#2251);
#1960=PLANE('',#2271);
#1961=PLANE('',#2273);
#1962=PLANE('',#2275);
#1963=PLANE('',#2280);
#1964=PLANE('',#2281);
#1965=PLANE('',#2282);
#1966=ADVANCED_FACE('',(#161),#1898,.F.);
#1967=ADVANCED_FACE('',(#162),#1899,.F.);
#1968=ADVANCED_FACE('',(#163),#1900,.F.);
#1969=ADVANCED_FACE('',(#164),#1901,.F.);
#1970=ADVANCED_FACE('',(#165),#1902,.F.);
#1971=ADVANCED_FACE('',(#166),#130,.T.);
#1972=ADVANCED_FACE('',(#167),#1903,.T.);
#1973=ADVANCED_FACE('',(#168),#1904,.T.);
#1974=ADVANCED_FACE('',(#169),#1905,.T.);
#1975=ADVANCED_FACE('',(#170),#1906,.F.);
#1976=ADVANCED_FACE('',(#171),#1907,.T.);
#1977=ADVANCED_FACE('',(#172),#1908,.T.);
#1978=ADVANCED_FACE('',(#173,#39,#40,#41),#1909,.T.);
#1979=ADVANCED_FACE('',(#174),#1910,.F.);
#1980=ADVANCED_FACE('',(#175),#131,.T.);
#1981=ADVANCED_FACE('',(#176),#1911,.T.);
#1982=ADVANCED_FACE('',(#177),#1912,.F.);
#1983=ADVANCED_FACE('',(#178),#1913,.F.);
#1984=ADVANCED_FACE('',(#179),#1914,.F.);
#1985=ADVANCED_FACE('',(#180),#1915,.F.);
#1986=ADVANCED_FACE('',(#181),#1916,.F.);
#1987=ADVANCED_FACE('',(#182),#1917,.F.);
#1988=ADVANCED_FACE('',(#183),#1918,.F.);
#1989=ADVANCED_FACE('',(#184),#132,.F.);
#1990=ADVANCED_FACE('',(#185),#1919,.F.);
#1991=ADVANCED_FACE('',(#186),#133,.T.);
#1992=ADVANCED_FACE('',(#187),#1920,.T.);
#1993=ADVANCED_FACE('',(#188),#1921,.F.);
#1994=ADVANCED_FACE('',(#189),#1922,.F.);
#1995=ADVANCED_FACE('',(#190),#1923,.F.);
#1996=ADVANCED_FACE('',(#191),#1924,.F.);
#1997=ADVANCED_FACE('',(#192),#1925,.F.);
#1998=ADVANCED_FACE('',(#193),#1926,.F.);
#1999=ADVANCED_FACE('',(#194),#1927,.T.);
#2000=ADVANCED_FACE('',(#195),#134,.F.);
#2001=ADVANCED_FACE('',(#196),#1928,.T.);
#2002=ADVANCED_FACE('',(#197),#135,.T.);
#2003=ADVANCED_FACE('',(#198),#1929,.T.);
#2004=ADVANCED_FACE('',(#199),#1930,.T.);
#2005=ADVANCED_FACE('',(#200),#1931,.F.);
#2006=ADVANCED_FACE('',(#201),#1932,.T.);
#2007=ADVANCED_FACE('',(#202),#1933,.T.);
#2008=ADVANCED_FACE('',(#203),#1934,.F.);
#2009=ADVANCED_FACE('',(#204),#1935,.F.);
#2010=ADVANCED_FACE('',(#205),#1936,.F.);
#2011=ADVANCED_FACE('',(#206),#1937,.F.);
#2012=ADVANCED_FACE('',(#207),#1938,.F.);
#2013=ADVANCED_FACE('',(#208),#1939,.F.);
#2014=ADVANCED_FACE('',(#209),#1940,.F.);
#2015=ADVANCED_FACE('',(#210),#1941,.T.);
#2016=ADVANCED_FACE('',(#211),#1942,.F.);
#2017=ADVANCED_FACE('',(#212),#1943,.F.);
#2018=ADVANCED_FACE('',(#213),#1944,.F.);
#2019=ADVANCED_FACE('',(#214),#136,.F.);
#2020=ADVANCED_FACE('',(#215),#137,.F.);
#2021=ADVANCED_FACE('',(#216),#1945,.F.);
#2022=ADVANCED_FACE('',(#217),#138,.F.);
#2023=ADVANCED_FACE('',(#218),#139,.F.);
#2024=ADVANCED_FACE('',(#219),#1946,.F.);
#2025=ADVANCED_FACE('',(#220),#140,.F.);
#2026=ADVANCED_FACE('',(#221),#1947,.F.);
#2027=ADVANCED_FACE('',(#222),#1948,.F.);
#2028=ADVANCED_FACE('',(#223),#141,.F.);
#2029=ADVANCED_FACE('',(#224),#1949,.F.);
#2030=ADVANCED_FACE('',(#225),#1950,.F.);
#2031=ADVANCED_FACE('',(#226),#1951,.F.);
#2032=ADVANCED_FACE('',(#227),#1952,.F.);
#2033=ADVANCED_FACE('',(#228),#1953,.F.);
#2034=ADVANCED_FACE('',(#229),#142,.F.);
#2035=ADVANCED_FACE('',(#230),#143,.F.);
#2036=ADVANCED_FACE('',(#231),#17,.F.);
#2037=ADVANCED_FACE('',(#232),#144,.T.);
#2038=ADVANCED_FACE('',(#233),#18,.F.);
#2039=ADVANCED_FACE('',(#234),#19,.F.);
#2040=ADVANCED_FACE('',(#235),#20,.F.);
#2041=ADVANCED_FACE('',(#236),#145,.T.);
#2042=ADVANCED_FACE('',(#237),#21,.F.);
#2043=ADVANCED_FACE('',(#238),#22,.F.);
#2044=ADVANCED_FACE('',(#239),#23,.F.);
#2045=ADVANCED_FACE('',(#240),#146,.T.);
#2046=ADVANCED_FACE('',(#241),#24,.F.);
#2047=ADVANCED_FACE('',(#242),#25,.F.);
#2048=ADVANCED_FACE('',(#243),#26,.F.);
#2049=ADVANCED_FACE('',(#244),#147,.T.);
#2050=ADVANCED_FACE('',(#245),#27,.F.);
#2051=ADVANCED_FACE('',(#246),#28,.F.);
#2052=ADVANCED_FACE('',(#247),#1954,.T.);
#2053=ADVANCED_FACE('',(#248),#148,.T.);
#2054=ADVANCED_FACE('',(#249),#1955,.T.);
#2055=ADVANCED_FACE('',(#250),#149,.T.);
#2056=ADVANCED_FACE('',(#251),#1956,.T.);
#2057=ADVANCED_FACE('',(#252),#1957,.T.);
#2058=ADVANCED_FACE('',(#253),#150,.T.);
#2059=ADVANCED_FACE('',(#254),#1958,.T.);
#2060=ADVANCED_FACE('',(#255),#151,.T.);
#2061=ADVANCED_FACE('',(#256),#1959,.T.);
#2062=ADVANCED_FACE('',(#257),#152,.T.);
#2063=ADVANCED_FACE('',(#258),#29,.F.);
#2064=ADVANCED_FACE('',(#259),#153,.T.);
#2065=ADVANCED_FACE('',(#260),#30,.F.);
#2066=ADVANCED_FACE('',(#261),#154,.T.);
#2067=ADVANCED_FACE('',(#262),#31,.F.);
#2068=ADVANCED_FACE('',(#263),#155,.T.);
#2069=ADVANCED_FACE('',(#264),#32,.F.);
#2070=ADVANCED_FACE('',(#265),#156,.T.);
#2071=ADVANCED_FACE('',(#266),#1960,.T.);
#2072=ADVANCED_FACE('',(#267),#157,.T.);
#2073=ADVANCED_FACE('',(#268),#1961,.T.);
#2074=ADVANCED_FACE('',(#269),#158,.T.);
#2075=ADVANCED_FACE('',(#270),#1962,.T.);
#2076=ADVANCED_FACE('',(#271),#159,.T.);
#2077=ADVANCED_FACE('',(#272),#160,.T.);
#2078=ADVANCED_FACE('',(#273),#1963,.T.);
#2079=ADVANCED_FACE('',(#274),#1964,.T.);
#2080=ADVANCED_FACE('',(#275),#1965,.F.);
#2081=CLOSED_SHELL('',(#1966,#1967,#1968,#1969,#1970,#1971,#1972,#1973,
#1974,#1975,#1976,#1977,#1978,#1979,#1980,#1981,#1982,#1983,#1984,#1985,
#1986,#1987,#1988,#1989,#1990,#1991,#1992,#1993,#1994,#1995,#1996,#1997,
#1998,#1999,#2000,#2001,#2002,#2003,#2004,#2005,#2006,#2007,#2008,#2009,
#2010,#2011,#2012,#2013,#2014,#2015,#2016,#2017,#2018,#2019,#2020,#2021,
#2022,#2023,#2024,#2025,#2026,#2027,#2028,#2029,#2030,#2031,#2032,#2033,
#2034,#2035,#2036,#2037,#2038,#2039,#2040,#2041,#2042,#2043,#2044,#2045,
#2046,#2047,#2048,#2049,#2050,#2051,#2052,#2053,#2054,#2055,#2056,#2057,
#2058,#2059,#2060,#2061,#2062,#2063,#2064,#2065,#2066,#2067,#2068,#2069,
#2070,#2071,#2072,#2073,#2074,#2075,#2076));
#2082=CLOSED_SHELL('',(#2077,#2078,#2079,#2080));
#2083=DERIVED_UNIT_ELEMENT(#2085,1.);
#2084=DERIVED_UNIT_ELEMENT(#3802,-3.);
#2085=(
MASS_UNIT()
NAMED_UNIT(*)
SI_UNIT(.KILO.,.GRAM.)
);
#2086=DERIVED_UNIT((#2083,#2084));
#2087=MEASURE_REPRESENTATION_ITEM('density measure',
POSITIVE_RATIO_MEASURE(7850.),#2086);
#2088=PROPERTY_DEFINITION_REPRESENTATION(#2093,#2090);
#2089=PROPERTY_DEFINITION_REPRESENTATION(#2094,#2091);
#2090=REPRESENTATION('material name',(#2092),#3799);
#2091=REPRESENTATION('density',(#2087),#3799);
#2092=DESCRIPTIVE_REPRESENTATION_ITEM('Steel','Steel');
#2093=PROPERTY_DEFINITION('material property','material name',#3809);
#2094=PROPERTY_DEFINITION('material property','density of part',#3809);
#2095=AXIS2_PLACEMENT_3D('',#2865,#2283,#2284);
#2096=AXIS2_PLACEMENT_3D('',#2866,#2285,#2286);
#2097=AXIS2_PLACEMENT_3D('',#2875,#2291,#2292);
#2098=AXIS2_PLACEMENT_3D('',#2881,#2296,#2297);
#2099=AXIS2_PLACEMENT_3D('',#2887,#2301,#2302);
#2100=AXIS2_PLACEMENT_3D('',#2889,#2304,#2305);
#2101=AXIS2_PLACEMENT_3D('',#2899,#2311,#2312);
#2102=AXIS2_PLACEMENT_3D('',#2902,#2313,#2314);
#2103=AXIS2_PLACEMENT_3D('',#2906,#2316,#2317);
#2104=AXIS2_PLACEMENT_3D('',#2908,#2319,#2320);
#2105=AXIS2_PLACEMENT_3D('',#2911,#2323,#2324);
#2106=AXIS2_PLACEMENT_3D('',#2922,#2330,#2331);
#2107=AXIS2_PLACEMENT_3D('',#2926,#2334,#2335);
#2108=AXIS2_PLACEMENT_3D('',#2935,#2341,#2342);
#2109=AXIS2_PLACEMENT_3D('',#2941,#2346,#2347);
#2110=AXIS2_PLACEMENT_3D('',#2943,#2349,#2350);
#2111=AXIS2_PLACEMENT_3D('',#2946,#2351,#2352);
#2112=AXIS2_PLACEMENT_3D('',#2950,#2354,#2355);
#2113=AXIS2_PLACEMENT_3D('',#2954,#2357,#2358);
#2114=AXIS2_PLACEMENT_3D('',#2958,#2360,#2361);
#2115=AXIS2_PLACEMENT_3D('',#2963,#2364,#2365);
#2116=AXIS2_PLACEMENT_3D('',#2971,#2369,#2370);
#2117=AXIS2_PLACEMENT_3D('',#2975,#2372,#2373);
#2118=AXIS2_PLACEMENT_3D('',#2979,#2375,#2376);
#2119=AXIS2_PLACEMENT_3D('',#2983,#2378,#2379);
#2120=AXIS2_PLACEMENT_3D('',#2991,#2383,#2384);
#2121=AXIS2_PLACEMENT_3D('',#2995,#2386,#2387);
#2122=AXIS2_PLACEMENT_3D('',#3005,#2392,#2393);
#2123=AXIS2_PLACEMENT_3D('',#3009,#2395,#2396);
#2124=AXIS2_PLACEMENT_3D('',#3011,#2398,#2399);
#2125=AXIS2_PLACEMENT_3D('',#3015,#2402,#2403);
#2126=AXIS2_PLACEMENT_3D('',#3019,#2405,#2406);
#2127=AXIS2_PLACEMENT_3D('',#3021,#2408,#2409);
#2128=AXIS2_PLACEMENT_3D('',#3033,#2416,#2417);
#2129=AXIS2_PLACEMENT_3D('',#3039,#2421,#2422);
#2130=AXIS2_PLACEMENT_3D('',#3043,#2425,#2426);
#2131=AXIS2_PLACEMENT_3D('',#3047,#2429,#2430);
#2132=AXIS2_PLACEMENT_3D('',#3049,#2432,#2433);
#2133=AXIS2_PLACEMENT_3D('',#3053,#2436,#2437);
#2134=AXIS2_PLACEMENT_3D('',#3061,#2442,#2443);
#2135=AXIS2_PLACEMENT_3D('',#3072,#2450,#2451);
#2136=AXIS2_PLACEMENT_3D('',#3075,#2452,#2453);
#2137=AXIS2_PLACEMENT_3D('',#3078,#2456,#2457);
#2138=AXIS2_PLACEMENT_3D('',#3082,#2460,#2461);
#2139=AXIS2_PLACEMENT_3D('',#3086,#2463,#2464);
#2140=AXIS2_PLACEMENT_3D('',#3088,#2466,#2467);
#2141=AXIS2_PLACEMENT_3D('',#3100,#2474,#2475);
#2142=AXIS2_PLACEMENT_3D('',#3106,#2479,#2480);
#2143=AXIS2_PLACEMENT_3D('',#3110,#2483,#2484);
#2144=AXIS2_PLACEMENT_3D('',#3114,#2487,#2488);
#2145=AXIS2_PLACEMENT_3D('',#3118,#2491,#2492);
#2146=AXIS2_PLACEMENT_3D('',#3120,#2494,#2495);
#2147=AXIS2_PLACEMENT_3D('',#3122,#2496,#2497);
#2148=AXIS2_PLACEMENT_3D('',#3126,#2499,#2500);
#2149=AXIS2_PLACEMENT_3D('',#3137,#2507,#2508);
#2150=AXIS2_PLACEMENT_3D('',#3140,#2511,#2512);
#2151=AXIS2_PLACEMENT_3D('',#3142,#2514,#2515);
#2152=AXIS2_PLACEMENT_3D('',#3144,#2517,#2518);
#2153=AXIS2_PLACEMENT_3D('',#3146,#2520,#2521);
#2154=AXIS2_PLACEMENT_3D('',#3155,#2526,#2527);
#2155=AXIS2_PLACEMENT_3D('',#3158,#2530,#2531);
#2156=AXIS2_PLACEMENT_3D('',#3162,#2534,#2535);
#2157=AXIS2_PLACEMENT_3D('',#3166,#2538,#2539);
#2158=AXIS2_PLACEMENT_3D('',#3168,#2541,#2542);
#2159=AXIS2_PLACEMENT_3D('',#3169,#2543,#2544);
#2160=AXIS2_PLACEMENT_3D('',#3170,#2545,#2546);
#2161=AXIS2_PLACEMENT_3D('',#3180,#2552,#2553);
#2162=AXIS2_PLACEMENT_3D('',#3184,#2556,#2557);
#2163=AXIS2_PLACEMENT_3D('',#3189,#2560,#2561);
#2164=AXIS2_PLACEMENT_3D('',#3190,#2562,#2563);
#2165=AXIS2_PLACEMENT_3D('',#3194,#2565,#2566);
#2166=AXIS2_PLACEMENT_3D('',#3197,#2568,#2569);
#2167=AXIS2_PLACEMENT_3D('',#3198,#2570,#2571);
#2168=AXIS2_PLACEMENT_3D('',#3202,#2573,#2574);
#2169=AXIS2_PLACEMENT_3D('',#3204,#2576,#2577);
#2170=AXIS2_PLACEMENT_3D('',#3214,#2583,#2584);
#2171=AXIS2_PLACEMENT_3D('',#3215,#2585,#2586);
#2172=AXIS2_PLACEMENT_3D('',#3216,#2587,#2588);
#2173=AXIS2_PLACEMENT_3D('',#3220,#2591,#2592);
#2174=AXIS2_PLACEMENT_3D('',#3223,#2593,#2594);
#2175=AXIS2_PLACEMENT_3D('',#3227,#2596,#2597);
#2176=AXIS2_PLACEMENT_3D('',#3240,#2599,#2600);
#2177=AXIS2_PLACEMENT_3D('',#3242,#2601,#2602);
#2178=AXIS2_PLACEMENT_3D('',#3245,#2605,#2606);
#2179=AXIS2_PLACEMENT_3D('',#3248,#2607,#2608);
#2180=AXIS2_PLACEMENT_3D('',#3253,#2612,#2613);
#2181=AXIS2_PLACEMENT_3D('',#3265,#2615,#2616);
#2182=AXIS2_PLACEMENT_3D('',#3266,#2617,#2618);
#2183=AXIS2_PLACEMENT_3D('',#3269,#2620,#2621);
#2184=AXIS2_PLACEMENT_3D('',#3270,#2622,#2623);
#2185=AXIS2_PLACEMENT_3D('',#3271,#2624,#2625);
#2186=AXIS2_PLACEMENT_3D('',#3272,#2626,#2627);
#2187=AXIS2_PLACEMENT_3D('',#3277,#2630,#2631);
#2188=AXIS2_PLACEMENT_3D('',#3278,#2632,#2633);
#2189=AXIS2_PLACEMENT_3D('',#3281,#2636,#2637);
#2190=AXIS2_PLACEMENT_3D('',#3283,#2638,#2639);
#2191=AXIS2_PLACEMENT_3D('',#3286,#2641,#2642);
#2192=AXIS2_PLACEMENT_3D('',#3287,#2643,#2644);
#2193=AXIS2_PLACEMENT_3D('',#3290,#2646,#2647);
#2194=AXIS2_PLACEMENT_3D('',#3292,#2649,#2650);
#2195=AXIS2_PLACEMENT_3D('',#3294,#2652,#2653);
#2196=AXIS2_PLACEMENT_3D('',#3295,#2654,#2655);
#2197=AXIS2_PLACEMENT_3D('',#3297,#2657,#2658);
#2198=AXIS2_PLACEMENT_3D('',#3298,#2659,#2660);
#2199=AXIS2_PLACEMENT_3D('',#3299,#2661,#2662);
#2200=AXIS2_PLACEMENT_3D('',#3322,#2663,#2664);
#2201=AXIS2_PLACEMENT_3D('',#3324,#2665,#2666);
#2202=AXIS2_PLACEMENT_3D('',#3326,#2667,#2668);
#2203=AXIS2_PLACEMENT_3D('',#3327,#2669,#2670);
#2204=AXIS2_PLACEMENT_3D('',#3328,#2671,#2672);
#2205=AXIS2_PLACEMENT_3D('',#3331,#2673,#2674);
#2206=AXIS2_PLACEMENT_3D('',#3356,#2677,#2678);
#2207=AXIS2_PLACEMENT_3D('',#3357,#2679,#2680);
#2208=AXIS2_PLACEMENT_3D('',#3358,#2681,#2682);
#2209=AXIS2_PLACEMENT_3D('',#3386,#2683,#2684);
#2210=AXIS2_PLACEMENT_3D('',#3424,#2685,#2686);
#2211=AXIS2_PLACEMENT_3D('',#3435,#2687,#2688);
#2212=AXIS2_PLACEMENT_3D('',#3438,#2689,#2690);
#2213=AXIS2_PLACEMENT_3D('',#3442,#2692,#2693);
#2214=AXIS2_PLACEMENT_3D('',#3462,#2695,#2696);
#2215=AXIS2_PLACEMENT_3D('',#3463,#2697,#2698);
#2216=AXIS2_PLACEMENT_3D('',#3464,#2699,#2700);
#2217=AXIS2_PLACEMENT_3D('',#3487,#2701,#2702);
#2218=AXIS2_PLACEMENT_3D('',#3488,#2703,#2704);
#2219=AXIS2_PLACEMENT_3D('',#3489,#2705,#2706);
#2220=AXIS2_PLACEMENT_3D('',#3508,#2707,#2708);
#2221=AXIS2_PLACEMENT_3D('',#3509,#2709,#2710);
#2222=AXIS2_PLACEMENT_3D('',#3510,#2711,#2712);
#2223=AXIS2_PLACEMENT_3D('',#3511,#2713,#2714);
#2224=AXIS2_PLACEMENT_3D('',#3514,#2715,#2716);
#2225=AXIS2_PLACEMENT_3D('',#3535,#2719,#2720);
#2226=AXIS2_PLACEMENT_3D('',#3536,#2721,#2722);
#2227=AXIS2_PLACEMENT_3D('',#3537,#2723,#2724);
#2228=AXIS2_PLACEMENT_3D('',#3560,#2725,#2726);
#2229=AXIS2_PLACEMENT_3D('',#3561,#2727,#2728);
#2230=AXIS2_PLACEMENT_3D('',#3562,#2729,#2730);
#2231=AXIS2_PLACEMENT_3D('',#3581,#2731,#2732);
#2232=AXIS2_PLACEMENT_3D('',#3582,#2733,#2734);
#2233=AXIS2_PLACEMENT_3D('',#3583,#2735,#2736);
#2234=AXIS2_PLACEMENT_3D('',#3584,#2737,#2738);
#2235=AXIS2_PLACEMENT_3D('',#3587,#2739,#2740);
#2236=AXIS2_PLACEMENT_3D('',#3606,#2743,#2744);
#2237=AXIS2_PLACEMENT_3D('',#3607,#2745,#2746);
#2238=AXIS2_PLACEMENT_3D('',#3624,#2747,#2748);
#2239=AXIS2_PLACEMENT_3D('',#3625,#2749,#2750);
#2240=AXIS2_PLACEMENT_3D('',#3626,#2751,#2752);
#2241=AXIS2_PLACEMENT_3D('',#3632,#2756,#2757);
#2242=AXIS2_PLACEMENT_3D('',#3635,#2759,#2760);
#2243=AXIS2_PLACEMENT_3D('',#3636,#2761,#2762);
#2244=AXIS2_PLACEMENT_3D('',#3640,#2765,#2766);
#2245=AXIS2_PLACEMENT_3D('',#3643,#2768,#2769);
#2246=AXIS2_PLACEMENT_3D('',#3644,#2770,#2771);
#2247=AXIS2_PLACEMENT_3D('',#3648,#2774,#2775);
#2248=AXIS2_PLACEMENT_3D('',#3651,#2778,#2779);
#2249=AXIS2_PLACEMENT_3D('',#3653,#2781,#2782);
#2250=AXIS2_PLACEMENT_3D('',#3655,#2784,#2785);
#2251=AXIS2_PLACEMENT_3D('',#3657,#2787,#2788);
#2252=AXIS2_PLACEMENT_3D('',#3659,#2790,#2791);
#2253=AXIS2_PLACEMENT_3D('',#3661,#2792,#2793);
#2254=AXIS2_PLACEMENT_3D('',#3664,#2795,#2796);
#2255=AXIS2_PLACEMENT_3D('',#3686,#2797,#2798);
#2256=AXIS2_PLACEMENT_3D('',#3687,#2799,#2800);
#2257=AXIS2_PLACEMENT_3D('',#3688,#2801,#2802);
#2258=AXIS2_PLACEMENT_3D('',#3690,#2803,#2804);
#2259=AXIS2_PLACEMENT_3D('',#3713,#2806,#2807);
#2260=AXIS2_PLACEMENT_3D('',#3714,#2808,#2809);
#2261=AXIS2_PLACEMENT_3D('',#3715,#2810,#2811);
#2262=AXIS2_PLACEMENT_3D('',#3717,#2812,#2813);
#2263=AXIS2_PLACEMENT_3D('',#3741,#2815,#2816);
#2264=AXIS2_PLACEMENT_3D('',#3742,#2817,#2818);
#2265=AXIS2_PLACEMENT_3D('',#3743,#2819,#2820);
#2266=AXIS2_PLACEMENT_3D('',#3744,#2821,#2822);
#2267=AXIS2_PLACEMENT_3D('',#3747,#2823,#2824);
#2268=AXIS2_PLACEMENT_3D('',#3770,#2827,#2828);
#2269=AXIS2_PLACEMENT_3D('',#3771,#2829,#2830);
#2270=AXIS2_PLACEMENT_3D('',#3772,#2831,#2832);
#2271=AXIS2_PLACEMENT_3D('',#3774,#2834,#2835);
#2272=AXIS2_PLACEMENT_3D('',#3776,#2837,#2838);
#2273=AXIS2_PLACEMENT_3D('',#3777,#2839,#2840);
#2274=AXIS2_PLACEMENT_3D('',#3778,#2841,#2842);
#2275=AXIS2_PLACEMENT_3D('',#3780,#2844,#2845);
#2276=AXIS2_PLACEMENT_3D('',#3782,#2847,#2848);
#2277=AXIS2_PLACEMENT_3D('',#3783,#2849,#2850);
#2278=AXIS2_PLACEMENT_3D('',#3786,#2851,#2852);
#2279=AXIS2_PLACEMENT_3D('',#3790,#2854,#2855);
#2280=AXIS2_PLACEMENT_3D('',#3792,#2857,#2858);
#2281=AXIS2_PLACEMENT_3D('',#3795,#2861,#2862);
#2282=AXIS2_PLACEMENT_3D('',#3796,#2863,#2864);
#2283=DIRECTION('axis',(0.,0.,1.));
#2284=DIRECTION('refdir',(1.,0.,0.));
#2285=DIRECTION('center_axis',(0.,-1.,0.));
#2286=DIRECTION('ref_axis',(-1.,0.,0.));
#2287=DIRECTION('',(-1.,0.,0.));
#2288=DIRECTION('',(0.,0.,-1.));
#2289=DIRECTION('',(-1.,0.,0.));
#2290=DIRECTION('',(0.,0.,-1.));
#2291=DIRECTION('center_axis',(1.,0.,0.));
#2292=DIRECTION('ref_axis',(0.,-1.,0.));
#2293=DIRECTION('',(0.,-1.,0.));
#2294=DIRECTION('',(0.,0.,1.));
#2295=DIRECTION('',(0.,-1.,0.));
#2296=DIRECTION('center_axis',(-1.,0.,0.));
#2297=DIRECTION('ref_axis',(0.,1.,0.));
#2298=DIRECTION('',(0.,1.,0.));
#2299=DIRECTION('',(0.,1.,0.));
#2300=DIRECTION('',(0.,0.,-1.));
#2301=DIRECTION('center_axis',(0.,0.,-1.));
#2302=DIRECTION('ref_axis',(-1.,0.,0.));
#2303=DIRECTION('',(1.,0.,0.));
#2304=DIRECTION('center_axis',(0.,-1.,0.));
#2305=DIRECTION('ref_axis',(-1.,0.,0.));
#2306=DIRECTION('',(-1.,0.,0.));
#2307=DIRECTION('',(-0.500000000000002,0.,-0.866025403784438));
#2308=DIRECTION('',(1.,0.,0.));
#2309=DIRECTION('',(-0.500000000000002,0.,0.866025403784438));
#2310=DIRECTION('',(-1.,0.,0.));
#2311=DIRECTION('center_axis',(-0.500000000000002,0.,-0.866025403784438));
#2312=DIRECTION('ref_axis',(-0.612372435695796,0.707106781186546,0.353553390593273));
#2313=DIRECTION('center_axis',(0.,0.,-1.));
#2314=DIRECTION('ref_axis',(-1.,-2.25347189810574E-16,0.));
#2315=DIRECTION('',(-0.500000000000002,0.,-0.866025403784438));
#2316=DIRECTION('center_axis',(0.,-0.447213595499958,-0.894427190999916));
#2317=DIRECTION('ref_axis',(-0.790569415042096,0.547722557505165,-0.273861278752582));
#2318=DIRECTION('',(0.500000000000002,0.,0.866025403784438));
#2319=DIRECTION('center_axis',(-0.866025403784438,0.,0.500000000000002));
#2320=DIRECTION('ref_axis',(-0.500000000000002,0.,-0.866025403784438));
#2321=DIRECTION('',(-0.250000000000001,0.866025403784438,-0.433012701892219));
#2322=DIRECTION('',(0.,-1.,0.));
#2323=DIRECTION('center_axis',(0.798635510047288,0.,-0.601815023152054));
#2324=DIRECTION('ref_axis',(0.601815023152054,0.,0.798635510047288));
#2325=DIRECTION('',(0.601815023152054,0.,0.798635510047288));
#2326=DIRECTION('',(0.319352919257057,-0.847591275538863,0.423795637769431));
#2327=DIRECTION('',(0.,-1.,0.));
#2328=DIRECTION('',(-0.601815023152054,0.,-0.798635510047288));
#2329=DIRECTION('',(0.,-1.,0.));
#2330=DIRECTION('center_axis',(1.,0.,0.));
#2331=DIRECTION('ref_axis',(0.,0.,1.));
#2332=DIRECTION('',(0.,-0.894427190999916,0.447213595499958));
#2333=DIRECTION('',(0.,0.,-1.));
#2334=DIRECTION('center_axis',(0.,-1.,0.));
#2335=DIRECTION('ref_axis',(-1.,0.,0.));
#2336=DIRECTION('',(-1.,0.,0.));
#2337=DIRECTION('',(0.,0.,1.));
#2338=DIRECTION('',(-1.,0.,0.));
#2339=DIRECTION('',(-0.990268068741571,0.,-0.13917310096006));
#2340=DIRECTION('',(1.,0.,0.));
#2341=DIRECTION('center_axis',(0.,0.,-1.));
#2342=DIRECTION('ref_axis',(1.,0.,0.));
#2343=DIRECTION('',(1.,0.,0.));
#2344=DIRECTION('',(0.,-1.,0.));
#2345=DIRECTION('',(0.,1.,0.));
#2346=DIRECTION('center_axis',(0.13917310096006,0.,-0.990268068741571));
#2347=DIRECTION('ref_axis',(0.990268068741571,0.,0.13917310096006));
#2348=DIRECTION('',(0.990268068741571,0.,0.13917310096006));
#2349=DIRECTION('center_axis',(0.,0.,1.));
#2350=DIRECTION('ref_axis',(-1.,0.,0.));
#2351=DIRECTION('center_axis',(0.,0.,-1.));
#2352=DIRECTION('ref_axis',(-0.707106781186548,-0.707106781186548,0.));
#2353=DIRECTION('',(-1.,0.,0.));
#2354=DIRECTION('center_axis',(0.,0.,-1.));
#2355=DIRECTION('ref_axis',(0.707106781186548,-0.707106781186548,0.));
#2356=DIRECTION('',(0.,-1.,0.));
#2357=DIRECTION('center_axis',(0.,0.,-1.));
#2358=DIRECTION('ref_axis',(0.707106781186548,0.707106781186548,0.));
#2359=DIRECTION('',(1.,-1.04246293392033E-16,0.));
#2360=DIRECTION('center_axis',(0.,0.,-1.));
#2361=DIRECTION('ref_axis',(-0.707106781186548,0.707106781186548,0.));
#2362=DIRECTION('',(0.,1.,0.));
#2363=DIRECTION('',(0.,-1.,0.));
#2364=DIRECTION('center_axis',(0.,0.,-1.));
#2365=DIRECTION('ref_axis',(1.,-2.25347189810574E-16,0.));
#2366=DIRECTION('',(1.,0.,0.));
#2367=DIRECTION('',(0.,1.,0.));
#2368=DIRECTION('',(1.,0.,0.));
#2369=DIRECTION('center_axis',(0.,0.,-1.));
#2370=DIRECTION('ref_axis',(1.,2.25347189810574E-16,0.));
#2371=DIRECTION('',(0.,1.,0.));
#2372=DIRECTION('center_axis',(0.,0.,1.));
#2373=DIRECTION('ref_axis',(-1.,-2.25347189810574E-16,-2.65574210060647E-17));
#2374=DIRECTION('',(1.,-1.04246293392033E-16,0.));
#2375=DIRECTION('center_axis',(0.,0.,1.));
#2376=DIRECTION('ref_axis',(1.,1.50231459873716E-16,2.65574210060645E-17));
#2377=DIRECTION('',(0.,1.,0.));
#2378=DIRECTION('center_axis',(0.,0.,-1.));
#2379=DIRECTION('ref_axis',(-1.,2.25347189810574E-16,0.));
#2380=DIRECTION('',(-1.,0.,0.));
#2381=DIRECTION('',(0.,1.,0.));
#2382=DIRECTION('',(-1.,0.,0.));
#2383=DIRECTION('center_axis',(0.,0.,-1.));
#2384=DIRECTION('ref_axis',(-0.707106781186548,-0.707106781186548,0.));
#2385=DIRECTION('',(0.,1.,0.));
#2386=DIRECTION('center_axis',(0.,0.,-1.));
#2387=DIRECTION('ref_axis',(-0.707106781186548,0.707106781186548,0.));
#2388=DIRECTION('',(1.,-1.04246293392033E-16,0.));
#2389=DIRECTION('',(0.,-1.,0.));
#2390=DIRECTION('',(0.,-1.,0.));
#2391=DIRECTION('',(1.,-1.04246293392033E-16,0.));
#2392=DIRECTION('center_axis',(0.,0.,-1.));
#2393=DIRECTION('ref_axis',(0.707106781186548,0.707106781186548,0.));
#2394=DIRECTION('',(0.,-1.,0.));
#2395=DIRECTION('center_axis',(0.,0.,-1.));
#2396=DIRECTION('ref_axis',(0.707106781186548,-0.707106781186548,0.));
#2397=DIRECTION('',(-1.,0.,0.));
#2398=DIRECTION('center_axis',(0.,-1.,0.));
#2399=DIRECTION('ref_axis',(-1.,0.,0.));
#2400=DIRECTION('',(0.,0.,-1.));
#2401=DIRECTION('',(1.,0.,0.));
#2402=DIRECTION('center_axis',(0.500000000000002,0.,-0.866025403784438));
#2403=DIRECTION('ref_axis',(0.612372435695796,0.707106781186546,0.353553390593273));
#2404=DIRECTION('',(0.500000000000002,0.,-0.866025403784438));
#2405=DIRECTION('center_axis',(0.,-0.447213595499958,-0.894427190999916));
#2406=DIRECTION('ref_axis',(0.790569415042096,0.547722557505165,-0.273861278752582));
#2407=DIRECTION('',(-0.500000000000002,0.,0.866025403784438));
#2408=DIRECTION('center_axis',(0.,1.,0.));
#2409=DIRECTION('ref_axis',(1.,0.,0.));
#2410=DIRECTION('',(1.,0.,0.));
#2411=DIRECTION('',(0.,0.,-1.));
#2412=DIRECTION('',(0.601815023152054,0.,-0.798635510047288));
#2413=DIRECTION('',(0.990268068741571,0.,-0.13917310096006));
#2414=DIRECTION('',(1.,0.,0.));
#2415=DIRECTION('',(0.,0.,-1.));
#2416=DIRECTION('center_axis',(0.13917310096006,0.,0.990268068741571));
#2417=DIRECTION('ref_axis',(-0.990268068741571,0.,0.13917310096006));
#2418=DIRECTION('',(0.990268068741571,0.,-0.13917310096006));
#2419=DIRECTION('',(0.,-1.,0.));
#2420=DIRECTION('',(0.,-1.,0.));
#2421=DIRECTION('center_axis',(1.,0.,0.));
#2422=DIRECTION('ref_axis',(0.,0.,1.));
#2423=DIRECTION('',(0.,0.894427190999916,-0.447213595499958));
#2424=DIRECTION('',(0.,-1.,0.));
#2425=DIRECTION('center_axis',(0.,0.,1.));
#2426=DIRECTION('ref_axis',(-1.,0.,0.));
#2427=DIRECTION('',(1.,0.,0.));
#2428=DIRECTION('',(0.,-1.,0.));
#2429=DIRECTION('center_axis',(-0.866025403784438,0.,-0.500000000000002));
#2430=DIRECTION('ref_axis',(0.500000000000002,0.,-0.866025403784438));
#2431=DIRECTION('',(-0.250000000000001,-0.866025403784438,0.433012701892219));
#2432=DIRECTION('center_axis',(0.798635510047288,0.,0.601815023152054));
#2433=DIRECTION('ref_axis',(-0.601815023152054,0.,0.798635510047288));
#2434=DIRECTION('',(0.601815023152054,0.,-0.798635510047288));
#2435=DIRECTION('',(0.319352919257057,0.847591275538863,-0.423795637769431));
#2436=DIRECTION('center_axis',(0.,-0.447213595499958,-0.894427190999916));
#2437=DIRECTION('ref_axis',(-1.,0.,0.));
#2438=DIRECTION('',(0.,0.894427190999916,-0.447213595499958));
#2439=DIRECTION('',(1.,0.,0.));
#2440=DIRECTION('',(0.,-0.894427190999916,0.447213595499958));
#2441=DIRECTION('',(1.,0.,0.));
#2442=DIRECTION('center_axis',(-1.,0.,0.));
#2443=DIRECTION('ref_axis',(0.,0.,1.));
#2444=DIRECTION('',(0.,0.,1.));
#2445=DIRECTION('',(0.,-1.,0.));
#2446=DIRECTION('',(0.,-0.707106781186547,-0.707106781186548));
#2447=DIRECTION('',(0.,0.,-1.));
#2448=DIRECTION('',(0.,-1.,0.));
#2449=DIRECTION('',(0.,0.,1.));
#2450=DIRECTION('center_axis',(0.500000000000002,-5.21231466960169E-17,
0.866025403784438));
#2451=DIRECTION('ref_axis',(0.612372435695788,0.707106781186555,-0.35355339059327));
#2452=DIRECTION('center_axis',(-7.37132609710693E-17,-0.707106781186548,
0.707106781186547));
#2453=DIRECTION('ref_axis',(0.632455532033677,0.547722557505165,0.547722557505166));
#2454=DIRECTION('',(0.500000000000002,-5.21231466960169E-17,0.866025403784438));
#2455=DIRECTION('',(-0.500000000000002,5.21231466960169E-17,-0.866025403784438));
#2456=DIRECTION('center_axis',(1.04246293392033E-16,1.,0.));
#2457=DIRECTION('ref_axis',(1.,-1.04246293392033E-16,0.));
#2458=DIRECTION('',(-0.500000000000002,5.21231466960169E-17,0.866025403784438));
#2459=DIRECTION('',(1.,-1.04246293392033E-16,0.));
#2460=DIRECTION('center_axis',(-0.500000000000002,0.,-0.866025403784438));
#2461=DIRECTION('ref_axis',(-0.612372435695796,-0.707106781186546,0.353553390593273));
#2462=DIRECTION('',(-0.500000000000002,0.,-0.866025403784438));
#2463=DIRECTION('center_axis',(7.37132609710693E-17,0.707106781186548,-0.707106781186547));
#2464=DIRECTION('ref_axis',(-0.632455532033677,-0.547722557505165,-0.547722557505166));
#2465=DIRECTION('',(0.500000000000002,0.,0.866025403784438));
#2466=DIRECTION('center_axis',(0.,-1.,0.));
#2467=DIRECTION('ref_axis',(-1.,0.,0.));
#2468=DIRECTION('',(-1.,0.,-1.04246293392034E-16));
#2469=DIRECTION('',(0.,0.,-1.));
#2470=DIRECTION('',(-0.601815023152054,0.,-0.798635510047288));
#2471=DIRECTION('',(-0.990268068741571,0.,-0.13917310096006));
#2472=DIRECTION('',(-1.,0.,0.));
#2473=DIRECTION('',(0.,0.,-1.));
#2474=DIRECTION('center_axis',(-0.798635510047288,0.,0.601815023152054));
#2475=DIRECTION('ref_axis',(0.601815023152054,0.,0.798635510047288));
#2476=DIRECTION('',(-0.601815023152054,6.27369854712425E-17,-0.798635510047288));
#2477=DIRECTION('',(0.,1.,0.));
#2478=DIRECTION('',(0.,1.,0.));
#2479=DIRECTION('center_axis',(-0.13917310096006,0.,0.990268068741571));
#2480=DIRECTION('ref_axis',(0.990268068741571,0.,0.13917310096006));
#2481=DIRECTION('',(-0.990268068741571,1.03231775630796E-16,-0.13917310096006));
#2482=DIRECTION('',(0.,1.,0.));
#2483=DIRECTION('center_axis',(0.,0.,1.));
#2484=DIRECTION('ref_axis',(1.,0.,0.));
#2485=DIRECTION('',(-1.,1.04246293392033E-16,0.));
#2486=DIRECTION('',(0.,1.,0.));
#2487=DIRECTION('center_axis',(-1.,0.,0.));
#2488=DIRECTION('ref_axis',(0.,0.,1.));
#2489=DIRECTION('',(0.,0.,-1.));
#2490=DIRECTION('',(0.,-0.707106781186547,-0.707106781186548));
#2491=DIRECTION('center_axis',(0.866025403784438,0.,-0.500000000000002));
#2492=DIRECTION('ref_axis',(-0.500000000000002,0.,-0.866025403784438));
#2493=DIRECTION('',(0.377964473009229,0.654653670707976,0.654653670707977));
#2494=DIRECTION('center_axis',(7.37132609710693E-17,0.707106781186548,-0.707106781186547));
#2495=DIRECTION('ref_axis',(-1.,0.,-1.04246293392034E-16));
#2496=DIRECTION('center_axis',(-7.37132609710693E-17,-0.707106781186548,
0.707106781186547));
#2497=DIRECTION('ref_axis',(-0.632455532033677,0.547722557505165,0.547722557505166));
#2498=DIRECTION('',(0.377964473009229,-0.654653670707976,-0.654653670707977));
#2499=DIRECTION('center_axis',(7.37132609710693E-17,0.707106781186548,-0.707106781186547));
#2500=DIRECTION('ref_axis',(0.632455532033677,-0.547722557505165,-0.547722557505166));
#2501=DIRECTION('',(-1.,0.,-1.04246293392034E-16));
#2502=DIRECTION('',(0.,0.707106781186547,0.707106781186548));
#2503=DIRECTION('',(1.,-1.04246293392033E-16,0.));
#2504=DIRECTION('',(-1.,1.04246293392033E-16,0.));
#2505=DIRECTION('',(0.,0.707106781186547,0.707106781186548));
#2506=DIRECTION('',(1.,-1.04246293392033E-16,0.));
#2507=DIRECTION('center_axis',(-1.,0.,0.));
#2508=DIRECTION('ref_axis',(0.,0.,1.));
#2509=DIRECTION('',(0.,0.,1.));
#2510=DIRECTION('',(0.,1.,0.));
#2511=DIRECTION('center_axis',(0.500000000000002,-5.21231466960169E-17,
-0.866025403784438));
#2512=DIRECTION('ref_axis',(-0.612372435695796,0.707106781186546,-0.353553390593273));
#2513=DIRECTION('',(0.500000000000002,-5.21231466960169E-17,-0.866025403784438));
#2514=DIRECTION('center_axis',(0.866025403784438,0.,0.500000000000002));
#2515=DIRECTION('ref_axis',(0.500000000000002,0.,-0.866025403784438));
#2516=DIRECTION('',(-0.500000000000002,0.,0.866025403784438));
#2517=DIRECTION('center_axis',(0.500000000000002,0.,-0.866025403784438));
#2518=DIRECTION('ref_axis',(0.612372435695796,-0.707106781186546,0.353553390593273));
#2519=DIRECTION('',(0.500000000000002,0.,-0.866025403784438));
#2520=DIRECTION('center_axis',(-0.798635510047288,0.,-0.601815023152054));
#2521=DIRECTION('ref_axis',(-0.601815023152054,0.,0.798635510047288));
#2522=DIRECTION('',(-0.601815023152054,6.27369854712425E-17,0.798635510047288));
#2523=DIRECTION('',(0.,1.,0.));
#2524=DIRECTION('',(0.601815023152054,0.,-0.798635510047288));
#2525=DIRECTION('',(0.,1.,0.));
#2526=DIRECTION('center_axis',(-1.,0.,0.));
#2527=DIRECTION('ref_axis',(0.,0.,1.));
#2528=DIRECTION('',(0.,0.,1.));
#2529=DIRECTION('',(0.,0.,-1.));
#2530=DIRECTION('center_axis',(0.,1.,0.));
#2531=DIRECTION('ref_axis',(1.,0.,0.));
#2532=DIRECTION('',(1.,0.,0.));
#2533=DIRECTION('',(0.990268068741571,0.,-0.13917310096006));
#2534=DIRECTION('center_axis',(0.,0.,-1.));
#2535=DIRECTION('ref_axis',(-1.,0.,0.));
#2536=DIRECTION('',(-1.,1.04246293392033E-16,0.));
#2537=DIRECTION('',(0.,1.,0.));
#2538=DIRECTION('center_axis',(-0.13917310096006,0.,-0.990268068741571));
#2539=DIRECTION('ref_axis',(-0.990268068741571,0.,0.13917310096006));
#2540=DIRECTION('',(-0.990268068741571,1.03231775630796E-16,0.13917310096006));
#2541=DIRECTION('center_axis',(1.04246293392033E-16,1.,0.));
#2542=DIRECTION('ref_axis',(1.,-1.04246293392033E-16,0.));
#2543=DIRECTION('center_axis',(1.04246293392033E-16,1.,0.));
#2544=DIRECTION('ref_axis',(1.,-1.04246293392033E-16,0.));
#2545=DIRECTION('center_axis',(1.,0.,0.));
#2546=DIRECTION('ref_axis',(0.,0.,-1.));
#2547=DIRECTION('',(0.,0.,1.));
#2548=DIRECTION('',(0.,0.707106781186547,0.707106781186548));
#2549=DIRECTION('',(0.,1.,0.));
#2550=DIRECTION('',(0.,0.894427190999916,-0.447213595499958));
#2551=DIRECTION('',(0.,0.,-1.));
#2552=DIRECTION('center_axis',(0.,-1.,0.));
#2553=DIRECTION('ref_axis',(-1.,0.,0.));
#2554=DIRECTION('',(1.,0.,0.));
#2555=DIRECTION('',(0.,0.,1.));
#2556=DIRECTION('center_axis',(0.,-0.447213595499958,-0.894427190999916));
#2557=DIRECTION('ref_axis',(-1.,0.,0.));
#2558=DIRECTION('',(1.,0.,0.));
#2559=DIRECTION('',(-0.408248290463863,-0.816496580927726,0.408248290463863));
#2560=DIRECTION('center_axis',(0.,0.447213595499958,0.894427190999916));
#2561=DIRECTION('ref_axis',(0.,-0.894427190999916,0.447213595499958));
#2562=DIRECTION('center_axis',(0.,0.,-1.));
#2563=DIRECTION('ref_axis',(-1.,0.,0.));
#2564=DIRECTION('',(-1.,1.04246293392033E-16,0.));
#2565=DIRECTION('center_axis',(0.,0.,1.));
#2566=DIRECTION('ref_axis',(-0.707106781186547,0.707106781186548,0.));
#2567=DIRECTION('',(0.,-1.,0.));
#2568=DIRECTION('center_axis',(0.,0.,1.));
#2569=DIRECTION('ref_axis',(-0.447213595499958,-0.894427190999916,0.));
#2570=DIRECTION('center_axis',(7.37132609710693E-17,0.707106781186548,-0.707106781186547));
#2571=DIRECTION('ref_axis',(-1.,0.,-1.04246293392034E-16));
#2572=DIRECTION('',(1.,-1.04246293392033E-16,0.));
#2573=DIRECTION('center_axis',(7.37132609710693E-17,0.707106781186548,-0.707106781186547));
#2574=DIRECTION('ref_axis',(5.77239874516093E-17,0.707106781186547,0.707106781186548));
#2575=DIRECTION('',(0.577350269189626,-0.577350269189625,-0.577350269189626));
#2576=DIRECTION('center_axis',(1.,0.,0.));
#2577=DIRECTION('ref_axis',(0.,0.,-1.));
#2578=DIRECTION('',(0.,0.,-1.));
#2579=DIRECTION('',(0.,0.,1.));
#2580=DIRECTION('',(0.,-0.894427190999916,0.447213595499958));
#2581=DIRECTION('',(0.,-1.,0.));
#2582=DIRECTION('',(0.,-0.707106781186547,-0.707106781186548));
#2583=DIRECTION('center_axis',(0.,-1.,0.));
#2584=DIRECTION('ref_axis',(-1.,0.,0.));
#2585=DIRECTION('center_axis',(0.,0.,-1.));
#2586=DIRECTION('ref_axis',(-1.,0.,0.));
#2587=DIRECTION('center_axis',(1.04246293392033E-16,1.,0.));
#2588=DIRECTION('ref_axis',(1.,-1.04246293392033E-16,0.));
#2589=DIRECTION('',(1.,-1.04246293392033E-16,0.));
#2590=DIRECTION('',(0.,0.,1.));
#2591=DIRECTION('center_axis',(0.408248290463863,-0.816496580927726,0.408248290463863));
#2592=DIRECTION('ref_axis',(0.391335569964324,-0.247502346105488,-0.886340262175299));
#2593=DIRECTION('center_axis',(1.,0.,0.));
#2594=DIRECTION('ref_axis',(0.,0.894427190999916,-0.447213595499958));
#2595=DIRECTION('',(0.408248290463863,-0.816496580927726,0.408248290463863));
#2596=DIRECTION('center_axis',(0.,0.,1.));
#2597=DIRECTION('ref_axis',(0.447213595499958,-0.894427190999916,0.));
#2598=DIRECTION('',(0.408248290463863,-0.816496580927726,0.408248290463863));
#2599=DIRECTION('center_axis',(0.,0.,-1.));
#2600=DIRECTION('ref_axis',(0.707106781186548,-0.707106781186548,0.));
#2601=DIRECTION('center_axis',(0.,0.447213595499958,0.894427190999916));
#2602=DIRECTION('ref_axis',(0.,-0.894427190999916,0.447213595499958));
#2603=DIRECTION('',(0.,0.,-1.));
#2604=DIRECTION('',(0.,0.,1.));
#2605=DIRECTION('center_axis',(-1.,0.,0.));
#2606=DIRECTION('ref_axis',(0.,1.,0.));
#2607=DIRECTION('center_axis',(1.,0.,0.));
#2608=DIRECTION('ref_axis',(0.,0.894427190999916,-0.447213595499958));
#2609=DIRECTION('',(0.,1.,0.));
#2610=DIRECTION('',(0.,0.,1.));
#2611=DIRECTION('',(0.,0.,-1.));
#2612=DIRECTION('center_axis',(0.408248290463863,0.816496580927726,-0.408248290463863));
#2613=DIRECTION('ref_axis',(-0.391335569964323,-0.247502346105488,-0.886340262175299));
#2614=DIRECTION('',(0.408248290463863,0.816496580927726,-0.408248290463863));
#2615=DIRECTION('center_axis',(0.,0.,-1.));
#2616=DIRECTION('ref_axis',(-0.707106781186548,-0.707106781186548,0.));
#2617=DIRECTION('center_axis',(-0.707106781186548,0.,-0.707106781186547));
#2618=DIRECTION('ref_axis',(-0.707106781186547,0.,0.707106781186548));
#2619=DIRECTION('',(-0.577350269189626,0.577350269189625,0.577350269189626));
#2620=DIRECTION('center_axis',(-0.707106781186548,0.,-0.707106781186547));
#2621=DIRECTION('ref_axis',(-0.707106781186547,0.,0.707106781186548));
#2622=DIRECTION('center_axis',(-0.577350269189626,0.577350269189625,0.577350269189626));
#2623=DIRECTION('ref_axis',(-0.408248290463862,0.408248290463864,-0.816496580927726));
#2624=DIRECTION('center_axis',(-0.325057583671868,0.325057583671867,0.888073833977116));
#2625=DIRECTION('ref_axis',(-0.627963030199554,0.627963030199555,-0.459700843380982));
#2626=DIRECTION('center_axis',(7.37132609710693E-17,0.707106781186548,-0.707106781186547));
#2627=DIRECTION('ref_axis',(-1.,0.,-1.04246293392034E-16));
#2628=DIRECTION('',(-1.,1.04246293392033E-16,0.));
#2629=DIRECTION('',(0.577350269189626,0.577350269189625,0.577350269189626));
#2630=DIRECTION('center_axis',(7.37132609710693E-17,0.707106781186548,-0.707106781186547));
#2631=DIRECTION('ref_axis',(1.15447974903219E-16,0.707106781186547,0.707106781186548));
#2632=DIRECTION('center_axis',(0.,-0.447213595499958,-0.894427190999916));
#2633=DIRECTION('ref_axis',(-1.,0.,0.));
#2634=DIRECTION('',(1.,0.,0.));
#2635=DIRECTION('',(1.,0.,0.));
#2636=DIRECTION('center_axis',(0.577350269189626,0.577350269189625,0.577350269189626));
#2637=DIRECTION('ref_axis',(0.408248290463863,0.408248290463864,-0.816496580927726));
#2638=DIRECTION('center_axis',(0.,0.,1.));
#2639=DIRECTION('ref_axis',(0.707106781186547,0.707106781186548,0.));
#2640=DIRECTION('',(-0.577350269189626,-0.577350269189625,-0.577350269189626));
#2641=DIRECTION('center_axis',(0.325057583671869,0.325057583671865,0.888073833977116));
#2642=DIRECTION('ref_axis',(0.627963030199554,0.627963030199555,-0.459700843380982));
#2643=DIRECTION('center_axis',(0.707106781186548,0.,-0.707106781186547));
#2644=DIRECTION('ref_axis',(-0.707106781186547,0.,-0.707106781186548));
#2645=DIRECTION('',(0.,-1.,0.));
#2646=DIRECTION('center_axis',(0.707106781186548,0.,-0.707106781186547));
#2647=DIRECTION('ref_axis',(0.707106781186547,0.,0.707106781186548));
#2648=DIRECTION('',(0.,1.,0.));
#2649=DIRECTION('center_axis',(1.04246293392033E-16,1.,0.));
#2650=DIRECTION('ref_axis',(1.,-1.04246293392033E-16,0.));
#2651=DIRECTION('',(0.,0.,-1.));
#2652=DIRECTION('center_axis',(0.,-1.,0.));
#2653=DIRECTION('ref_axis',(-1.,0.,0.));
#2654=DIRECTION('center_axis',(1.,0.,0.));
#2655=DIRECTION('ref_axis',(0.,-1.,0.));
#2656=DIRECTION('',(0.,0.,-1.));
#2657=DIRECTION('center_axis',(0.,0.,-1.));
#2658=DIRECTION('ref_axis',(-1.,0.,0.));
#2659=DIRECTION('center_axis',(0.,0.,-1.));
#2660=DIRECTION('ref_axis',(-0.707106781186548,0.707106781186548,0.));
#2661=DIRECTION('center_axis',(0.,0.,-1.));
#2662=DIRECTION('ref_axis',(0.707106781186548,0.707106781186548,0.));
#2663=DIRECTION('center_axis',(0.775744530885641,-0.564425671139091,0.282212835569546));
#2664=DIRECTION('ref_axis',(-0.588340647399155,-0.808613184791061,-2.77555756156289E-16));
#2665=DIRECTION('center_axis',(0.,0.447213595499958,0.894427190999916));
#2666=DIRECTION('ref_axis',(0.,-0.894427190999916,0.447213595499958));
#2667=DIRECTION('center_axis',(-1.,0.,0.));
#2668=DIRECTION('ref_axis',(0.,-0.447213595499958,-0.894427190999916));
#2669=DIRECTION('center_axis',(0.,-0.242535625036333,-0.970142500145332));
#2670=DIRECTION('ref_axis',(0.,-0.970142500145332,0.242535625036333));
#2671=DIRECTION('center_axis',(-1.,0.,0.));
#2672=DIRECTION('ref_axis',(0.,-0.850650808352041,-0.525731112119133));
#2673=DIRECTION('center_axis',(-1.,0.,0.));
#2674=DIRECTION('ref_axis',(0.,-0.447213595499958,-0.894427190999916));
#2675=DIRECTION('',(-1.,0.,0.));
#2676=DIRECTION('',(1.,0.,0.));
#2677=DIRECTION('center_axis',(-0.775744530885643,-0.564425671139089,0.282212835569544));
#2678=DIRECTION('ref_axis',(0.,-0.447213595499958,-0.894427190999916));
#2679=DIRECTION('center_axis',(0.,-0.242535625036333,-0.970142500145332));
#2680=DIRECTION('ref_axis',(0.,-0.970142500145332,0.242535625036333));
#2681=DIRECTION('center_axis',(0.,0.447213595499958,0.894427190999916));
#2682=DIRECTION('ref_axis',(0.,-0.894427190999916,0.447213595499958));
#2683=DIRECTION('center_axis',(0.,-0.995615163421072,0.0935438205657268));
#2684=DIRECTION('ref_axis',(0.628730088862808,-0.0727418832327498,-0.774213855328306));
#2685=DIRECTION('center_axis',(0.,-0.995615163420621,0.0935438205705271));
#2686=DIRECTION('ref_axis',(-1.,0.,0.));
#2687=DIRECTION('center_axis',(0.,-1.,0.));
#2688=DIRECTION('ref_axis',(0.923879532511287,0.,-0.382683432365089));
#2689=DIRECTION('center_axis',(0.,-1.,0.));
#2690=DIRECTION('ref_axis',(0.707106781186549,0.,-0.707106781186546));
#2691=DIRECTION('',(0.,-1.,0.));
#2692=DIRECTION('center_axis',(0.,1.,0.));
#2693=DIRECTION('ref_axis',(1.,0.,0.));
#2694=DIRECTION('',(0.,1.,0.));
#2695=DIRECTION('center_axis',(0.250562807085729,-0.935113126531031,0.250562807085728));
#2696=DIRECTION('ref_axis',(0.707106781186547,0.,-0.707106781186549));
#2697=DIRECTION('center_axis',(0.447213595499958,0.,-0.894427190999916));
#2698=DIRECTION('ref_axis',(0.894427190999916,0.,0.447213595499958));
#2699=DIRECTION('center_axis',(-0.707106781186548,0.,0.707106781186547));
#2700=DIRECTION('ref_axis',(0.707106781186547,0.,0.707106781186548));
#2701=DIRECTION('center_axis',(0.935113126531027,-0.250562807085737,-0.250562807085734));
#2702=DIRECTION('ref_axis',(2.22044604925032E-15,0.707106781186547,-0.707106781186548));
#2703=DIRECTION('center_axis',(-0.177174660003458,-0.177174660003458,-0.968100345886375));
#2704=DIRECTION('ref_axis',(0.684550319445298,0.684550319445298,-0.250562807085732));
#2705=DIRECTION('center_axis',(0.456641157653493,0.456641157653492,0.763516670593221));
#2706=DIRECTION('ref_axis',(0.539887815325442,0.539887815325441,-0.645788118291319));
#2707=DIRECTION('center_axis',(1.,0.,0.));
#2708=DIRECTION('ref_axis',(0.,0.707106781186548,-0.707106781186547));
#2709=DIRECTION('center_axis',(6.20633538311818E-17,0.447213595499959,-0.894427190999916));
#2710=DIRECTION('ref_axis',(0.,0.894427190999915,0.447213595499959));
#2711=DIRECTION('center_axis',(-7.37132609710693E-17,-0.707106781186548,
0.707106781186547));
#2712=DIRECTION('ref_axis',(0.,0.707106781186547,0.707106781186548));
#2713=DIRECTION('center_axis',(1.,-1.04246293392033E-16,0.));
#2714=DIRECTION('ref_axis',(0.,0.923879532511287,-0.38268343236509));
#2715=DIRECTION('center_axis',(1.,0.,0.));
#2716=DIRECTION('ref_axis',(0.,0.707106781186548,-0.707106781186547));
#2717=DIRECTION('',(1.,-1.04246293392033E-16,0.));
#2718=DIRECTION('',(-1.,1.04246293392033E-16,-8.71576399210524E-33));
#2719=DIRECTION('center_axis',(0.935113126531028,0.250562807085734,0.250562807085734));
#2720=DIRECTION('ref_axis',(0.,0.707106781186548,-0.707106781186548));
#2721=DIRECTION('center_axis',(-6.20633538311817E-17,0.447213595499959,
-0.894427190999916));
#2722=DIRECTION('ref_axis',(0.,0.894427190999915,0.447213595499959));
#2723=DIRECTION('center_axis',(-7.37132609710693E-17,-0.707106781186548,
0.707106781186547));
#2724=DIRECTION('ref_axis',(0.,0.707106781186547,0.707106781186548));
#2725=DIRECTION('center_axis',(0.250562807085733,0.935113126531028,-0.250562807085735));
#2726=DIRECTION('ref_axis',(-0.707106781186548,-2.22044604925032E-15,-0.707106781186548));
#2727=DIRECTION('center_axis',(0.177174660003458,-0.177174660003458,-0.968100345886375));
#2728=DIRECTION('ref_axis',(-0.684550319445298,0.684550319445297,-0.250562807085732));
#2729=DIRECTION('center_axis',(-0.456641157653493,0.456641157653492,0.763516670593221));
#2730=DIRECTION('ref_axis',(-0.539887815325442,0.539887815325441,-0.645788118291319));
#2731=DIRECTION('center_axis',(0.,1.,0.));
#2732=DIRECTION('ref_axis',(-0.707106781186547,0.,-0.707106781186548));
#2733=DIRECTION('center_axis',(-0.447213595499958,0.,-0.894427190999916));
#2734=DIRECTION('ref_axis',(-0.894427190999916,0.,0.447213595499958));
#2735=DIRECTION('center_axis',(0.707106781186548,0.,0.707106781186547));
#2736=DIRECTION('ref_axis',(-0.707106781186547,0.,0.707106781186548));
#2737=DIRECTION('center_axis',(0.,1.,0.));
#2738=DIRECTION('ref_axis',(-0.923879532511287,0.,-0.382683432365089));
#2739=DIRECTION('center_axis',(0.,1.,0.));
#2740=DIRECTION('ref_axis',(-0.70710678118655,0.,-0.707106781186545));
#2741=DIRECTION('',(0.,1.,0.));
#2742=DIRECTION('',(0.,-1.,0.));
#2743=DIRECTION('center_axis',(-1.,0.,0.));
#2744=DIRECTION('ref_axis',(0.,0.894427190999916,-0.447213595499958));
#2745=DIRECTION('center_axis',(0.95257934441568,-0.272165526975909,0.136082763487954));
#2746=DIRECTION('ref_axis',(0.304290309725093,0.852012867230258,-0.426006433615129));
#2747=DIRECTION('center_axis',(1.,0.,0.));
#2748=DIRECTION('ref_axis',(0.,0.894427190999916,-0.447213595499958));
#2749=DIRECTION('center_axis',(-0.95257934441568,-0.272165526975909,0.136082763487954));
#2750=DIRECTION('ref_axis',(-0.304290309725093,0.852012867230258,-0.426006433615129));
#2751=DIRECTION('center_axis',(-0.707106781186548,0.,-0.707106781186547));
#2752=DIRECTION('ref_axis',(-0.707106781186547,0.,0.707106781186548));
#2753=DIRECTION('',(-0.577350269189626,0.577350269189625,0.577350269189626));
#2754=DIRECTION('',(0.,1.,0.));
#2755=DIRECTION('',(0.408248290463863,0.816496580927726,-0.408248290463863));
#2756=DIRECTION('center_axis',(-0.577350269189626,0.577350269189625,0.577350269189626));
#2757=DIRECTION('ref_axis',(-0.408248290463862,0.408248290463864,-0.816496580927726));
#2758=DIRECTION('',(0.577350269189626,-0.577350269189625,-0.577350269189626));
#2759=DIRECTION('center_axis',(0.235702260395516,-0.235702260395516,-0.942809041582063));
#2760=DIRECTION('ref_axis',(-0.666666666666666,0.666666666666667,-0.333333333333334));
#2761=DIRECTION('center_axis',(7.37132609710693E-17,0.707106781186548,-0.707106781186547));
#2762=DIRECTION('ref_axis',(-1.,0.,-1.04246293392034E-16));
#2763=DIRECTION('',(0.577350269189626,0.577350269189625,0.577350269189626));
#2764=DIRECTION('',(1.,-1.04246293392033E-16,0.));
#2765=DIRECTION('center_axis',(0.577350269189626,0.577350269189625,0.577350269189626));
#2766=DIRECTION('ref_axis',(0.408248290463863,0.408248290463864,-0.816496580927726));
#2767=DIRECTION('',(-0.577350269189626,-0.577350269189625,-0.577350269189626));
#2768=DIRECTION('center_axis',(-0.235702260395516,-0.235702260395516,-0.942809041582063));
#2769=DIRECTION('ref_axis',(0.666666666666666,0.666666666666667,-0.333333333333334));
#2770=DIRECTION('center_axis',(0.707106781186548,0.,-0.707106781186547));
#2771=DIRECTION('ref_axis',(-0.707106781186547,0.,-0.707106781186548));
#2772=DIRECTION('',(0.408248290463863,-0.816496580927726,0.408248290463863));
#2773=DIRECTION('',(0.,-1.,0.));
#2774=DIRECTION('center_axis',(-1.,0.,0.));
#2775=DIRECTION('ref_axis',(0.,1.,0.));
#2776=DIRECTION('',(0.,0.,-1.));
#2777=DIRECTION('',(0.,0.,1.));
#2778=DIRECTION('center_axis',(0.,0.,-1.));
#2779=DIRECTION('ref_axis',(-0.707106781186548,-0.707106781186548,0.));
#2780=DIRECTION('',(0.,0.,1.));
#2781=DIRECTION('center_axis',(0.,-1.,0.));
#2782=DIRECTION('ref_axis',(-1.,0.,0.));
#2783=DIRECTION('',(0.,0.,-1.));
#2784=DIRECTION('center_axis',(0.,0.,-1.));
#2785=DIRECTION('ref_axis',(0.707106781186548,-0.707106781186548,0.));
#2786=DIRECTION('',(0.,0.,1.));
#2787=DIRECTION('center_axis',(1.,0.,0.));
#2788=DIRECTION('ref_axis',(0.,-1.,0.));
#2789=DIRECTION('',(0.,0.,-1.));
#2790=DIRECTION('center_axis',(0.,1.,0.));
#2791=DIRECTION('ref_axis',(0.382683432365089,0.,-0.923879532511287));
#2792=DIRECTION('center_axis',(0.,1.,0.));
#2793=DIRECTION('ref_axis',(0.707106781186548,0.,-0.707106781186548));
#2794=DIRECTION('',(0.,1.,0.));
#2795=DIRECTION('center_axis',(0.,-1.,0.));
#2796=DIRECTION('ref_axis',(0.,0.,-1.));
#2797=DIRECTION('center_axis',(1.,3.14018491736755E-15,0.));
#2798=DIRECTION('ref_axis',(0.,0.,-1.));
#2799=DIRECTION('center_axis',(0.,0.,1.));
#2800=DIRECTION('ref_axis',(0.707106781186547,0.707106781186548,0.));
#2801=DIRECTION('center_axis',(-1.,1.04246293392033E-16,0.));
#2802=DIRECTION('ref_axis',(0.,0.382683432365089,-0.923879532511287));
#2803=DIRECTION('center_axis',(1.,0.,0.));
#2804=DIRECTION('ref_axis',(0.,0.,-1.));
#2805=DIRECTION('',(-1.,1.04246293392033E-16,0.));
#2806=DIRECTION('center_axis',(-2.22044604925031E-15,1.,2.22044604925031E-15));
#2807=DIRECTION('ref_axis',(2.22044604925031E-15,2.22044604925031E-15,-1.));
#2808=DIRECTION('center_axis',(0.,0.,1.));
#2809=DIRECTION('ref_axis',(-0.707106781186547,0.707106781186548,0.));
#2810=DIRECTION('center_axis',(0.,-1.,0.));
#2811=DIRECTION('ref_axis',(-0.382683432365089,0.,-0.923879532511287));
#2812=DIRECTION('center_axis',(0.,1.,0.));
#2813=DIRECTION('ref_axis',(0.,0.,-1.));
#2814=DIRECTION('',(0.,-1.,0.));
#2815=DIRECTION('center_axis',(-1.,0.,0.));
#2816=DIRECTION('ref_axis',(0.,-2.22044604925031E-15,-1.));
#2817=DIRECTION('center_axis',(0.136082763487954,0.272165526975909,-0.95257934441568));
#2818=DIRECTION('ref_axis',(-0.426006433615129,-0.852012867230258,-0.304290309725092));
#2819=DIRECTION('center_axis',(0.,0.,1.));
#2820=DIRECTION('ref_axis',(-0.447213595499958,-0.894427190999916,0.));
#2821=DIRECTION('center_axis',(1.,0.,0.));
#2822=DIRECTION('ref_axis',(0.,-0.229752920547362,-0.97324898946773));
#2823=DIRECTION('center_axis',(-1.,4.96506830649455E-15,0.));
#2824=DIRECTION('ref_axis',(0.,0.,-1.));
#2825=DIRECTION('',(-1.,0.,0.));
#2826=DIRECTION('',(1.,0.,0.));
#2827=DIRECTION('center_axis',(-0.136082763487954,0.272165526975909,-0.95257934441568));
#2828=DIRECTION('ref_axis',(0.426006433615129,-0.852012867230258,-0.304290309725092));
#2829=DIRECTION('center_axis',(0.,0.,1.));
#2830=DIRECTION('ref_axis',(0.447213595499958,-0.894427190999916,0.));
#2831=DIRECTION('center_axis',(0.408248290463863,0.816496580927726,-0.408248290463863));
#2832=DIRECTION('ref_axis',(-0.391335569964323,-0.247502346105488,-0.886340262175299));
#2833=DIRECTION('',(-0.408248290463863,-0.816496580927726,0.408248290463863));
#2834=DIRECTION('center_axis',(0.,-0.447213595499958,-0.894427190999916));
#2835=DIRECTION('ref_axis',(-1.,0.,0.));
#2836=DIRECTION('',(-0.408248290463863,0.816496580927726,-0.408248290463863));
#2837=DIRECTION('center_axis',(0.408248290463863,-0.816496580927726,0.408248290463863));
#2838=DIRECTION('ref_axis',(0.391335569964324,-0.247502346105488,-0.886340262175299));
#2839=DIRECTION('center_axis',(0.,0.,-1.));
#2840=DIRECTION('ref_axis',(-1.,0.,0.));
#2841=DIRECTION('center_axis',(0.,0.,-1.));
#2842=DIRECTION('ref_axis',(-0.707106781186548,0.707106781186548,0.));
#2843=DIRECTION('',(0.,0.,-1.));
#2844=DIRECTION('center_axis',(1.04246293392033E-16,1.,0.));
#2845=DIRECTION('ref_axis',(1.,-1.04246293392033E-16,0.));
#2846=DIRECTION('',(0.,0.,1.));
#2847=DIRECTION('center_axis',(0.,0.,-1.));
#2848=DIRECTION('ref_axis',(0.707106781186548,0.707106781186548,0.));
#2849=DIRECTION('center_axis',(0.,-1.,0.));
#2850=DIRECTION('ref_axis',(-0.38239246854508,0.,0.924));
#2851=DIRECTION('center_axis',(0.,1.,0.));
#2852=DIRECTION('ref_axis',(-0.38239246854508,0.,0.924));
#2853=DIRECTION('',(0.,-1.,0.));
#2854=DIRECTION('center_axis',(0.,-1.,0.));
#2855=DIRECTION('ref_axis',(-0.38239246854508,0.,0.924));
#2856=DIRECTION('',(0.,-1.,0.));
#2857=DIRECTION('center_axis',(4.66511174238425E-16,0.,-1.));
#2858=DIRECTION('ref_axis',(1.,0.,4.66511174238425E-16));
#2859=DIRECTION('',(-1.,0.,-4.66511174238425E-16));
#2860=DIRECTION('',(1.,0.,4.66511174238425E-16));
#2861=DIRECTION('center_axis',(0.,1.,0.));
#2862=DIRECTION('ref_axis',(1.,0.,0.));
#2863=DIRECTION('center_axis',(0.,1.,0.));
#2864=DIRECTION('ref_axis',(1.,0.,0.));
#2865=CARTESIAN_POINT('',(0.,0.,0.));
#2866=CARTESIAN_POINT('Origin',(0.3,-7.175,1.8));
#2867=CARTESIAN_POINT('',(0.3,-7.175,1.8));
#2868=CARTESIAN_POINT('',(-0.3,-7.175,1.8));
#2869=CARTESIAN_POINT('',(0.149999999999999,-7.175,1.8));
#2870=CARTESIAN_POINT('',(0.3,-7.175,1.5));
#2871=CARTESIAN_POINT('',(0.3,-7.175,1.8));
#2872=CARTESIAN_POINT('',(-0.3,-7.175,1.5));
#2873=CARTESIAN_POINT('',(-0.3,-7.175,1.5));
#2874=CARTESIAN_POINT('',(-0.3,-7.175,1.8));
#2875=CARTESIAN_POINT('Origin',(0.3,-6.925,1.8));
#2876=CARTESIAN_POINT('',(0.3,-6.925,1.8));
#2877=CARTESIAN_POINT('',(0.3,-3.4625,1.8));
#2878=CARTESIAN_POINT('',(0.3,-6.925,1.5));
#2879=CARTESIAN_POINT('',(0.3,-6.925,1.8));
#2880=CARTESIAN_POINT('',(0.3,-6.925,1.5));
#2881=CARTESIAN_POINT('Origin',(-0.3,-7.175,1.8));
#2882=CARTESIAN_POINT('',(-0.3,-6.925,1.8));
#2883=CARTESIAN_POINT('',(-0.3,-3.5875,1.8));
#2884=CARTESIAN_POINT('',(-0.3,-6.925,1.5));
#2885=CARTESIAN_POINT('',(-0.3,-7.175,1.5));
#2886=CARTESIAN_POINT('',(-0.3,-6.925,1.8));
#2887=CARTESIAN_POINT('Origin',(0.,-7.05,1.5));
#2888=CARTESIAN_POINT('',(5.325,-6.925,1.5));
#2889=CARTESIAN_POINT('Origin',(10.65,-6.925,1.8));
#2890=CARTESIAN_POINT('',(5.00829037686548,-6.925,1.8));
#2891=CARTESIAN_POINT('',(5.325,-6.925,1.8));
#2892=CARTESIAN_POINT('',(4.63611280929538,-6.925,1.15536954353119));
#2893=CARTESIAN_POINT('',(5.7135040797573,-6.925,3.02146596360241));
#2894=CARTESIAN_POINT('',(-4.63611280929538,-6.925,1.15536954353119));
#2895=CARTESIAN_POINT('',(7.9875,-6.925,1.15536954353119));
#2896=CARTESIAN_POINT('',(-5.00829037686548,-6.925,1.8));
#2897=CARTESIAN_POINT('',(-3.05100407975728,-6.925,-1.59011931154974));
#2898=CARTESIAN_POINT('',(5.325,-6.925,1.8));
#2899=CARTESIAN_POINT('Origin',(5.01261467447346,-6.4,1.60748990316407));
#2900=CARTESIAN_POINT('',(5.00829037686548,-6.4,1.8));
#2901=CARTESIAN_POINT('',(5.12376043070341,-6.3,1.8));
#2902=CARTESIAN_POINT('Origin',(5.12376043070341,-6.4,1.8));
#2903=CARTESIAN_POINT('',(4.57116090401155,-6.3,0.842869543531189));
#2904=CARTESIAN_POINT('',(5.01261467447346,-6.3,1.60748990316407));
#2905=CARTESIAN_POINT('',(4.4845583636331,-6.4,0.89286954353119));
#2906=CARTESIAN_POINT('Origin',(4.60002841747103,-6.4,0.89286954353119));
#2907=CARTESIAN_POINT('',(4.92601213409502,-6.4,1.65748990316407));
#2908=CARTESIAN_POINT('Origin',(5.00829037686548,-6.3,1.8));
#2909=CARTESIAN_POINT('',(4.54419866105936,-6.60660005064159,0.996169568851986));
#2910=CARTESIAN_POINT('',(5.00829037686548,-6.3,1.8));
#2911=CARTESIAN_POINT('Origin',(4.93430985295895,-6.3,1.10713661746742));
#2912=CARTESIAN_POINT('',(4.97065596974261,-6.925,1.15536954353119));
#2913=CARTESIAN_POINT('',(5.25391275212989,-6.925,1.53126398978708));
#2914=CARTESIAN_POINT('',(6.13587371755602,-6.925,2.70166572182715));
#2915=CARTESIAN_POINT('',(4.93430985295895,-6.82853414787246,1.10713661746742));
#2916=CARTESIAN_POINT('',(4.7836173420567,-6.42858271537284,0.907160901217609));
#2917=CARTESIAN_POINT('',(4.93430985295895,-6.3,1.10713661746742));
#2918=CARTESIAN_POINT('',(4.93430985295895,-6.3,1.10713661746742));
#2919=CARTESIAN_POINT('',(5.25391275212989,-6.3,1.53126398978708));
#2920=CARTESIAN_POINT('',(5.25391275212989,-6.3,1.53126398978708));
#2921=CARTESIAN_POINT('',(5.25391275212989,-6.3,1.53126398978708));
#2922=CARTESIAN_POINT('Origin',(4.93430985295895,-6.3,0.4));
#2923=CARTESIAN_POINT('',(4.93430985295895,-6.3,0.84286954353119));
#2924=CARTESIAN_POINT('',(4.93430985295895,-6.18285218258752,0.784295634824951));
#2925=CARTESIAN_POINT('',(4.93430985295895,-6.3,1.10713661746742));
#2926=CARTESIAN_POINT('Origin',(5.5625,-6.3,1.1));
#2927=CARTESIAN_POINT('',(6.925,-6.3,1.8));
#2928=CARTESIAN_POINT('',(5.1237604307034,-6.3,1.8));
#2929=CARTESIAN_POINT('',(6.925,-6.3,1.61569014704105));
#2930=CARTESIAN_POINT('',(6.925,-6.3,1.09375));
#2931=CARTESIAN_POINT('',(5.85463607523206,-6.3,1.61569014704105));
#2932=CARTESIAN_POINT('',(6.925,-6.3,1.61569014704105));
#2933=CARTESIAN_POINT('',(5.85463607523206,-6.3,1.61569014704105));
#2934=CARTESIAN_POINT('',(5.44375,-6.3,0.842869543531189));
#2935=CARTESIAN_POINT('Origin',(5.85463607523206,-6.3,1.61569014704105));
#2936=CARTESIAN_POINT('',(5.85463607523206,-6.925,1.61569014704105));
#2937=CARTESIAN_POINT('',(6.925,-6.925,1.61569014704105));
#2938=CARTESIAN_POINT('',(8.25231803761603,-6.925,1.61569014704105));
#2939=CARTESIAN_POINT('',(5.85463607523206,-6.3,1.61569014704105));
#2940=CARTESIAN_POINT('',(6.925,-3.1499999999992,1.61569014704105));
#2941=CARTESIAN_POINT('Origin',(5.25391275212989,-6.3,1.53126398978708));
#2942=CARTESIAN_POINT('',(7.91821597974408,-6.925,1.90570738929624));
#2943=CARTESIAN_POINT('Origin',(-2.22044604925031E-15,2.22044604925031E-15,
1.8));
#2944=CARTESIAN_POINT('',(-9.65,-7.5,1.8));
#2945=CARTESIAN_POINT('',(-10.65,-6.5,1.8));
#2946=CARTESIAN_POINT('Origin',(-9.65,-6.5,1.8));
#2947=CARTESIAN_POINT('',(9.65,-7.5,1.8));
#2948=CARTESIAN_POINT('',(10.65,-7.5,1.8));
#2949=CARTESIAN_POINT('',(10.65,-6.5,1.8));
#2950=CARTESIAN_POINT('Origin',(9.65,-6.5,1.8));
#2951=CARTESIAN_POINT('',(10.65,6.5,1.8));
#2952=CARTESIAN_POINT('',(10.65,7.5,1.8));
#2953=CARTESIAN_POINT('',(9.65,7.5,1.8));
#2954=CARTESIAN_POINT('Origin',(9.65,6.5,1.8));
#2955=CARTESIAN_POINT('',(-9.65,7.5,1.8));
#2956=CARTESIAN_POINT('',(-10.65,7.5,1.8));
#2957=CARTESIAN_POINT('',(-10.65,6.5,1.8));
#2958=CARTESIAN_POINT('Origin',(-9.65,6.5,1.8));
#2959=CARTESIAN_POINT('',(-10.65,-7.5,1.8));
#2960=CARTESIAN_POINT('',(-5.00829037686548,-6.4,1.8));
#2961=CARTESIAN_POINT('',(-5.00829037686548,-6.3,1.8));
#2962=CARTESIAN_POINT('',(-5.12376043070341,-6.3,1.8));
#2963=CARTESIAN_POINT('Origin',(-5.12376043070341,-6.4,1.8));
#2964=CARTESIAN_POINT('',(-6.925,-6.3,1.8));
#2965=CARTESIAN_POINT('',(-5.1237604307034,-6.3,1.8));
#2966=CARTESIAN_POINT('',(-6.925,6.3,1.8));
#2967=CARTESIAN_POINT('',(-6.925,6.9250000000016,1.8));
#2968=CARTESIAN_POINT('',(-5.12376043070341,6.3,1.8));
#2969=CARTESIAN_POINT('',(-5.1237604307034,6.3,1.8));
#2970=CARTESIAN_POINT('',(-5.00829037686548,6.4,1.8));
#2971=CARTESIAN_POINT('Origin',(-5.12376043070341,6.4,1.8));
#2972=CARTESIAN_POINT('',(-5.00829037686548,6.825,1.8));
#2973=CARTESIAN_POINT('',(-5.00829037686548,6.3,1.8));
#2974=CARTESIAN_POINT('',(-4.89282032302755,6.925,1.8));
#2975=CARTESIAN_POINT('Origin',(-4.89282032302755,6.825,1.8));
#2976=CARTESIAN_POINT('',(4.89282032302756,6.925,1.8));
#2977=CARTESIAN_POINT('',(-5.325,6.925,1.8));
#2978=CARTESIAN_POINT('',(5.00829037686548,6.825,1.8));
#2979=CARTESIAN_POINT('Origin',(4.89282032302756,6.825,1.8));
#2980=CARTESIAN_POINT('',(5.00829037686548,6.4,1.8));
#2981=CARTESIAN_POINT('',(5.00829037686548,6.3,1.8));
#2982=CARTESIAN_POINT('',(5.12376043070341,6.3,1.8));
#2983=CARTESIAN_POINT('Origin',(5.12376043070341,6.4,1.8));
#2984=CARTESIAN_POINT('',(6.925,6.3,1.8));
#2985=CARTESIAN_POINT('',(5.1237604307034,6.3,1.8));
#2986=CARTESIAN_POINT('',(6.925,6.9250000000016,1.8));
#2987=CARTESIAN_POINT('',(-7.5,-6.9249999999984,1.8));
#2988=CARTESIAN_POINT('',(-9.65,-6.925,1.8));
#2989=CARTESIAN_POINT('',(5.325,-6.925,1.8));
#2990=CARTESIAN_POINT('',(-10.075,-6.5,1.8));
#2991=CARTESIAN_POINT('Origin',(-9.65,-6.5,1.8));
#2992=CARTESIAN_POINT('',(-10.075,6.5,1.8));
#2993=CARTESIAN_POINT('',(-10.075,-3.75,1.8));
#2994=CARTESIAN_POINT('',(-9.65,6.925,1.8));
#2995=CARTESIAN_POINT('Origin',(-9.65,6.5,1.8));
#2996=CARTESIAN_POINT('',(-7.5,6.9250000000016,1.8));
#2997=CARTESIAN_POINT('',(-5.325,6.925,1.8));
#2998=CARTESIAN_POINT('',(-7.5,6.9250000000016,1.8));
#2999=CARTESIAN_POINT('',(7.5,6.9250000000016,1.8));
#3000=CARTESIAN_POINT('',(7.5,-6.9249999999984,1.8));
#3001=CARTESIAN_POINT('',(7.5,6.9250000000016,1.8));
#3002=CARTESIAN_POINT('',(9.65,6.925,1.8));
#3003=CARTESIAN_POINT('',(-5.325,6.925,1.8));
#3004=CARTESIAN_POINT('',(10.075,6.5,1.8));
#3005=CARTESIAN_POINT('Origin',(9.65,6.5,1.8));
#3006=CARTESIAN_POINT('',(10.075,-6.5,1.8));
#3007=CARTESIAN_POINT('',(10.075,3.75,1.8));
#3008=CARTESIAN_POINT('',(9.65,-6.925,1.8));
#3009=CARTESIAN_POINT('Origin',(9.65,-6.5,1.8));
#3010=CARTESIAN_POINT('',(5.325,-6.925,1.8));
#3011=CARTESIAN_POINT('Origin',(10.65,-6.925,1.8));
#3012=CARTESIAN_POINT('',(6.925,-6.9249999999984,1.15536954353119));
#3013=CARTESIAN_POINT('',(6.925,-6.925,1.44375));
#3014=CARTESIAN_POINT('',(7.9875,-6.925,1.15536954353119));
#3015=CARTESIAN_POINT('Origin',(-5.01261467447346,-6.4,1.60748990316407));
#3016=CARTESIAN_POINT('',(-4.4845583636331,-6.4,0.89286954353119));
#3017=CARTESIAN_POINT('',(-4.92601213409502,-6.4,1.65748990316407));
#3018=CARTESIAN_POINT('',(-4.57116090401155,-6.3,0.842869543531189));
#3019=CARTESIAN_POINT('Origin',(-4.60002841747103,-6.4,0.89286954353119));
#3020=CARTESIAN_POINT('',(-5.01261467447346,-6.3,1.60748990316407));
#3021=CARTESIAN_POINT('Origin',(-5.5625,-6.3,1.1));
#3022=CARTESIAN_POINT('',(-4.93430985295895,-6.3,0.84286954353119));
#3023=CARTESIAN_POINT('',(-0.118750000000001,-6.3,0.842869543531189));
#3024=CARTESIAN_POINT('',(-4.93430985295895,-6.3,1.10713661746742));
#3025=CARTESIAN_POINT('',(-4.93430985295895,-6.3,1.10713661746742));
#3026=CARTESIAN_POINT('',(-5.25391275212989,-6.3,1.53126398978708));
#3027=CARTESIAN_POINT('',(-5.25391275212989,-6.3,1.53126398978708));
#3028=CARTESIAN_POINT('',(-5.85463607523206,-6.3,1.61569014704105));
#3029=CARTESIAN_POINT('',(-5.85463607523206,-6.3,1.61569014704105));
#3030=CARTESIAN_POINT('',(-6.925,-6.3,1.61569014704105));
#3031=CARTESIAN_POINT('',(-6.925,-6.3,1.61569014704105));
#3032=CARTESIAN_POINT('',(-6.925,-6.3,1.09375));
#3033=CARTESIAN_POINT('Origin',(-5.25391275212989,-6.3,1.53126398978708));
#3034=CARTESIAN_POINT('',(-5.85463607523206,-6.925,1.61569014704105));
#3035=CARTESIAN_POINT('',(-5.25391275212989,-6.925,1.53126398978708));
#3036=CARTESIAN_POINT('',(2.52550255112748,-6.925,0.437938469570775));
#3037=CARTESIAN_POINT('',(-5.85463607523206,-6.3,1.61569014704105));
#3038=CARTESIAN_POINT('',(-5.25391275212989,-6.3,1.53126398978708));
#3039=CARTESIAN_POINT('Origin',(-4.93430985295895,-6.3,0.4));
#3040=CARTESIAN_POINT('',(-4.93430985295895,-6.82853414787246,1.10713661746742));
#3041=CARTESIAN_POINT('',(-4.93430985295895,-6.18285218258752,0.784295634824951));
#3042=CARTESIAN_POINT('',(-4.93430985295895,-6.3,1.10713661746742));
#3043=CARTESIAN_POINT('Origin',(-5.85463607523206,-6.3,1.61569014704105));
#3044=CARTESIAN_POINT('',(-6.925,-6.925,1.61569014704105));
#3045=CARTESIAN_POINT('',(2.39768196238397,-6.925,1.61569014704105));
#3046=CARTESIAN_POINT('',(-6.925,-3.1499999999992,1.61569014704105));
#3047=CARTESIAN_POINT('Origin',(-5.00829037686548,-6.3,1.8));
#3048=CARTESIAN_POINT('',(-4.21138616105936,-5.45370373185355,0.419721409457966));
#3049=CARTESIAN_POINT('Origin',(-4.93430985295895,-6.3,1.10713661746742));
#3050=CARTESIAN_POINT('',(-4.97065596974261,-6.925,1.15536954353119));
#3051=CARTESIAN_POINT('',(-2.27864263728147,-6.925,-2.41705280904442));
#3052=CARTESIAN_POINT('',(-4.24054036357932,-4.98720773131355,0.186473409187965));
#3053=CARTESIAN_POINT('Origin',(5.325,-6.24285218258752,0.814295634824951));
#3054=CARTESIAN_POINT('',(6.925,-5.36426091293602,0.375));
#3055=CARTESIAN_POINT('',(6.925,-3.80035218258689,-0.406954365175367));
#3056=CARTESIAN_POINT('',(-6.925,-5.36426091293602,0.375));
#3057=CARTESIAN_POINT('',(2.6625,-5.36426091293762,0.375));
#3058=CARTESIAN_POINT('',(-6.925,-6.9249999999984,1.15536954353119));
#3059=CARTESIAN_POINT('',(-6.925,-3.80035218258689,-0.406954365175367));
#3060=CARTESIAN_POINT('',(7.9875,-6.925,1.15536954353119));
#3061=CARTESIAN_POINT('Origin',(-6.925,1.59539048638635E-12,1.0875));
#3062=CARTESIAN_POINT('',(-6.925,-6.925,1.44375));
#3063=CARTESIAN_POINT('',(-6.925,6.26182720163707,0.375));
#3064=CARTESIAN_POINT('',(-6.925,7.988054662178E-13,0.375));
#3065=CARTESIAN_POINT('',(-6.925,6.9250000000016,1.03817279836453));
#3066=CARTESIAN_POINT('',(-6.925,5.04028860081814,-0.846538600817337));
#3067=CARTESIAN_POINT('',(-6.925,6.925,1.61569014704105));
#3068=CARTESIAN_POINT('',(-6.925,6.925,1.44375));
#3069=CARTESIAN_POINT('',(-6.925,6.3,1.61569014704105));
#3070=CARTESIAN_POINT('',(-6.925,3.1500000000008,1.61569014704105));
#3071=CARTESIAN_POINT('',(-6.925,6.3,1.09375));
#3072=CARTESIAN_POINT('Origin',(2.96440153937884,6.825,-1.54011931154974));
#3073=CARTESIAN_POINT('',(4.5107142100063,6.825,0.938172798364529));
#3074=CARTESIAN_POINT('',(4.45297918308734,6.925,1.03817279836453));
#3075=CARTESIAN_POINT('Origin',(4.39524415616837,6.825,0.938172798364529));
#3076=CARTESIAN_POINT('',(3.05100407975728,6.825,-1.59011931154974));
#3077=CARTESIAN_POINT('',(2.96440153937884,6.925,-1.54011931154974));
#3078=CARTESIAN_POINT('Origin',(-10.65,6.925,1.8));
#3079=CARTESIAN_POINT('',(-4.45297918308733,6.925,1.03817279836453));
#3080=CARTESIAN_POINT('',(-5.62690153937886,6.925,3.07146596360241));
#3081=CARTESIAN_POINT('',(-7.9875,6.925,1.03817279836453));
#3082=CARTESIAN_POINT('Origin',(5.01261467447346,6.4,1.60748990316407));
#3083=CARTESIAN_POINT('',(4.2653403456007,6.4,0.513172798364526));
#3084=CARTESIAN_POINT('',(4.92601213409502,6.4,1.65748990316407));
#3085=CARTESIAN_POINT('',(4.32307537251967,6.3,0.413172798364527));
#3086=CARTESIAN_POINT('Origin',(4.38081039943863,6.4,0.513172798364527));
#3087=CARTESIAN_POINT('',(5.01261467447346,6.3,1.60748990316407));
#3088=CARTESIAN_POINT('Origin',(5.5625,6.3,1.1));
#3089=CARTESIAN_POINT('',(4.93430985295895,6.3,0.413172798364527));
#3090=CARTESIAN_POINT('',(0.118749999999999,6.3,0.413172798364526));
#3091=CARTESIAN_POINT('',(4.93430985295895,6.3,1.10713661746742));
#3092=CARTESIAN_POINT('',(4.93430985295895,6.3,1.10713661746742));
#3093=CARTESIAN_POINT('',(5.25391275212989,6.3,1.53126398978708));
#3094=CARTESIAN_POINT('',(5.25391275212989,6.3,1.53126398978708));
#3095=CARTESIAN_POINT('',(5.85463607523206,6.3,1.61569014704105));
#3096=CARTESIAN_POINT('',(5.85463607523206,6.3,1.61569014704105));
#3097=CARTESIAN_POINT('',(6.925,6.3,1.61569014704105));
#3098=CARTESIAN_POINT('',(6.925,6.3,1.61569014704105));
#3099=CARTESIAN_POINT('',(6.925,6.3,1.09375));
#3100=CARTESIAN_POINT('Origin',(4.93430985295895,6.3,1.10713661746742));
#3101=CARTESIAN_POINT('',(5.25391275212989,6.925,1.53126398978708));
#3102=CARTESIAN_POINT('',(4.93430985295895,6.925,1.10713661746742));
#3103=CARTESIAN_POINT('',(2.27864263728147,6.925,-2.41705280904442));
#3104=CARTESIAN_POINT('',(5.25391275212989,6.3,1.53126398978708));
#3105=CARTESIAN_POINT('',(4.93430985295895,6.3,1.10713661746742));
#3106=CARTESIAN_POINT('Origin',(5.25391275212989,6.3,1.53126398978708));
#3107=CARTESIAN_POINT('',(5.85463607523206,6.925,1.61569014704105));
#3108=CARTESIAN_POINT('',(-2.52550255112748,6.925,0.437938469570775));
#3109=CARTESIAN_POINT('',(5.85463607523206,6.3,1.61569014704105));
#3110=CARTESIAN_POINT('Origin',(5.85463607523206,6.3,1.61569014704105));
#3111=CARTESIAN_POINT('',(6.925,6.925,1.61569014704105));
#3112=CARTESIAN_POINT('',(-2.39768196238397,6.925,1.61569014704105));
#3113=CARTESIAN_POINT('',(6.925,3.1500000000008,1.61569014704105));
#3114=CARTESIAN_POINT('Origin',(4.93430985295895,6.3,0.4));
#3115=CARTESIAN_POINT('',(4.93430985295895,6.925,1.03817279836453));
#3116=CARTESIAN_POINT('',(4.93430985295895,6.925,1.1));
#3117=CARTESIAN_POINT('',(4.93430985295895,6.44341360081774,0.556586399182264));
#3118=CARTESIAN_POINT('Origin',(5.00829037686548,6.3,1.8));
#3119=CARTESIAN_POINT('',(3.82807313600669,5.6426309764993,-0.244196225136176));
#3120=CARTESIAN_POINT('Origin',(-5.325,6.59341360081774,0.706586399182264));
#3121=CARTESIAN_POINT('',(-4.5107142100063,6.825,0.93817279836453));
#3122=CARTESIAN_POINT('Origin',(-4.39524415616837,6.825,0.93817279836453));
#3123=CARTESIAN_POINT('',(-4.2653403456007,6.4,0.513172798364526));
#3124=CARTESIAN_POINT('',(-4.58878742172098,6.96022676939991,1.07339956776444));
#3125=CARTESIAN_POINT('',(-4.32307537251967,6.3,0.413172798364526));
#3126=CARTESIAN_POINT('Origin',(-4.38081039943863,6.4,0.513172798364526));
#3127=CARTESIAN_POINT('',(-4.93430985295895,6.3,0.413172798364526));
#3128=CARTESIAN_POINT('',(-5.44375,6.3,0.413172798364526));
#3129=CARTESIAN_POINT('',(-4.93430985295895,6.925,1.03817279836453));
#3130=CARTESIAN_POINT('',(-4.93430985295895,6.44341360081774,0.556586399182264));
#3131=CARTESIAN_POINT('',(-7.9875,6.925,1.03817279836453));
#3132=CARTESIAN_POINT('',(6.925,6.26182720163707,0.375));
#3133=CARTESIAN_POINT('',(-2.6625,6.26182720163547,0.375));
#3134=CARTESIAN_POINT('',(6.925,6.9250000000016,1.03817279836453));
#3135=CARTESIAN_POINT('',(6.925,5.04028860081814,-0.846538600817337));
#3136=CARTESIAN_POINT('',(-7.9875,6.925,1.03817279836453));
#3137=CARTESIAN_POINT('Origin',(6.925,1.59539048638635E-12,1.0875));
#3138=CARTESIAN_POINT('',(6.925,6.925,1.44375));
#3139=CARTESIAN_POINT('',(6.925,7.988054662178E-13,0.375));
#3140=CARTESIAN_POINT('Origin',(-5.62690153937886,6.825,3.07146596360241));
#3141=CARTESIAN_POINT('',(-5.7135040797573,6.825,3.02146596360241));
#3142=CARTESIAN_POINT('Origin',(-5.00829037686548,6.3,1.8));
#3143=CARTESIAN_POINT('',(-4.92601213409502,6.4,1.65748990316407));
#3144=CARTESIAN_POINT('Origin',(-5.01261467447346,6.4,1.60748990316407));
#3145=CARTESIAN_POINT('',(-5.01261467447346,6.3,1.60748990316407));
#3146=CARTESIAN_POINT('Origin',(-4.93430985295895,6.3,1.10713661746742));
#3147=CARTESIAN_POINT('',(-4.93430985295895,6.925,1.10713661746742));
#3148=CARTESIAN_POINT('',(-5.25391275212989,6.925,1.53126398978708));
#3149=CARTESIAN_POINT('',(-6.13587371755602,6.925,2.70166572182715));
#3150=CARTESIAN_POINT('',(-4.93430985295895,6.3,1.10713661746742));
#3151=CARTESIAN_POINT('',(-4.93430985295895,6.3,1.10713661746742));
#3152=CARTESIAN_POINT('',(-5.25391275212989,6.3,1.53126398978708));
#3153=CARTESIAN_POINT('',(-5.25391275212989,6.3,1.53126398978708));
#3154=CARTESIAN_POINT('',(-5.25391275212989,6.3,1.53126398978708));
#3155=CARTESIAN_POINT('Origin',(-4.93430985295895,6.3,0.4));
#3156=CARTESIAN_POINT('',(-4.93430985295895,6.925,1.1));
#3157=CARTESIAN_POINT('',(-4.93430985295895,6.3,1.10713661746742));
#3158=CARTESIAN_POINT('Origin',(-5.5625,6.3,1.1));
#3159=CARTESIAN_POINT('',(-5.85463607523206,6.3,1.61569014704105));
#3160=CARTESIAN_POINT('',(-6.925,6.3,1.61569014704105));
#3161=CARTESIAN_POINT('',(-5.85463607523206,6.3,1.61569014704105));
#3162=CARTESIAN_POINT('Origin',(-5.85463607523206,6.3,1.61569014704105));
#3163=CARTESIAN_POINT('',(-5.85463607523206,6.925,1.61569014704105));
#3164=CARTESIAN_POINT('',(-8.25231803761603,6.925,1.61569014704105));
#3165=CARTESIAN_POINT('',(-5.85463607523206,6.3,1.61569014704105));
#3166=CARTESIAN_POINT('Origin',(-5.25391275212989,6.3,1.53126398978708));
#3167=CARTESIAN_POINT('',(-7.91821597974409,6.925,1.90570738929624));
#3168=CARTESIAN_POINT('Origin',(-10.65,6.925,1.8));
#3169=CARTESIAN_POINT('Origin',(-10.65,6.925,1.8));
#3170=CARTESIAN_POINT('Origin',(-7.5,1.59539048638635E-12,1.0875));
#3171=CARTESIAN_POINT('',(-7.5,6.9250000000016,1.03817279836453));
#3172=CARTESIAN_POINT('',(-7.5,6.925,1.44375));
#3173=CARTESIAN_POINT('',(-7.5,6.26182720163707,0.375));
#3174=CARTESIAN_POINT('',(-7.5,5.04028860081814,-0.846538600817337));
#3175=CARTESIAN_POINT('',(-7.5,-5.36426091293602,0.375));
#3176=CARTESIAN_POINT('',(-7.5,7.988054662178E-13,0.375));
#3177=CARTESIAN_POINT('',(-7.5,-6.9249999999984,1.15536954353119));
#3178=CARTESIAN_POINT('',(-7.5,-3.80035218258689,-0.406954365175367));
#3179=CARTESIAN_POINT('',(-7.5,-6.925,1.44375));
#3180=CARTESIAN_POINT('Origin',(10.65,-6.925,1.8));
#3181=CARTESIAN_POINT('',(-9.65,-6.925,1.15536954353119));
#3182=CARTESIAN_POINT('',(7.9875,-6.925,1.15536954353119));
#3183=CARTESIAN_POINT('',(-9.65,-6.925,1.8));
#3184=CARTESIAN_POINT('Origin',(5.325,-6.24285218258752,0.814295634824951));
#3185=CARTESIAN_POINT('',(-9.19091799380188,-5.36426091293762,0.375));
#3186=CARTESIAN_POINT('',(2.6625,-5.36426091293762,0.375));
#3187=CARTESIAN_POINT('',(-9.92204744384515,-6.82651981302418,1.10612945004329));
#3188=CARTESIAN_POINT('',(-7.96892802385569,-2.92028097304525,-0.846989969946185));
#3189=CARTESIAN_POINT('Origin',(-9.65,-6.5,0.942869543531189));
#3190=CARTESIAN_POINT('Origin',(-2.22044604925031E-15,2.22044604925031E-15,
0.375));
#3191=CARTESIAN_POINT('',(-9.11130681963119,6.26182720163547,0.375));
#3192=CARTESIAN_POINT('',(-2.6625,6.26182720163547,0.375));
#3193=CARTESIAN_POINT('',(-9.41182720163548,5.96130681963119,0.375));
#3194=CARTESIAN_POINT('Origin',(-8.81078643762691,5.66078643762691,0.375));
#3195=CARTESIAN_POINT('',(-9.41182720163547,-5.01497278650877,0.375));
#3196=CARTESIAN_POINT('',(-9.41182720163548,-1.875,0.375));
#3197=CARTESIAN_POINT('Origin',(-8.81078643762691,-4.41393202250021,0.375));
#3198=CARTESIAN_POINT('Origin',(-5.325,6.59341360081774,0.706586399182264));
#3199=CARTESIAN_POINT('',(-9.65,6.925,1.03817279836453));
#3200=CARTESIAN_POINT('',(-7.9875,6.925,1.03817279836453));
#3201=CARTESIAN_POINT('',(-9.75999809416857,6.91051847617286,1.02369127453738));
#3202=CARTESIAN_POINT('Origin',(-9.65,6.5,0.613172798364529));
#3203=CARTESIAN_POINT('',(-7.08276214587564,4.23328252787992,-1.65354467375555));
#3204=CARTESIAN_POINT('Origin',(7.5,1.59539048638635E-12,1.0875));
#3205=CARTESIAN_POINT('',(7.5,6.9250000000016,1.03817279836453));
#3206=CARTESIAN_POINT('',(7.5,6.925,1.44375));
#3207=CARTESIAN_POINT('',(7.5,-6.9249999999984,1.15536954353119));
#3208=CARTESIAN_POINT('',(7.5,-6.925,1.44375));
#3209=CARTESIAN_POINT('',(7.5,-5.36426091293602,0.375));
#3210=CARTESIAN_POINT('',(7.5,-3.80035218258689,-0.406954365175367));
#3211=CARTESIAN_POINT('',(7.5,6.26182720163707,0.375));
#3212=CARTESIAN_POINT('',(7.5,7.988054662178E-13,0.375));
#3213=CARTESIAN_POINT('',(7.5,5.04028860081814,-0.846538600817337));
#3214=CARTESIAN_POINT('Origin',(10.65,-6.925,1.8));
#3215=CARTESIAN_POINT('Origin',(-2.22044604925031E-15,2.22044604925031E-15,
0.375));
#3216=CARTESIAN_POINT('Origin',(-10.65,6.925,1.8));
#3217=CARTESIAN_POINT('',(9.65,6.925,1.03817279836453));
#3218=CARTESIAN_POINT('',(-7.9875,6.925,1.03817279836453));
#3219=CARTESIAN_POINT('',(9.65,6.925,1.8));
#3220=CARTESIAN_POINT('Origin',(7.60642802385568,-2.00521519495777,-0.829358413771221));
#3221=CARTESIAN_POINT('',(10.075,-6.5,1.05021843537451));
#3222=CARTESIAN_POINT('',(10.075,-6.34131838323783,1.03817279836453));
#3223=CARTESIAN_POINT('Origin',(10.075,-6.9423591472464,1.63921356237309));
#3224=CARTESIAN_POINT('',(9.41182720163547,-5.01497278650877,0.375));
#3225=CARTESIAN_POINT('',(7.90694840585997,-2.00521519495777,-1.1298787957755));
#3226=CARTESIAN_POINT('',(9.19091799380187,-5.36426091293762,0.375));
#3227=CARTESIAN_POINT('Origin',(8.8107864376269,-4.41393202250021,0.375));
#3228=CARTESIAN_POINT('',(9.92204744384514,-6.82651981302418,1.10612945004329));
#3229=CARTESIAN_POINT('',(7.60642802385568,-2.19528097304525,-1.20948996994619));
#3230=CARTESIAN_POINT('Ctrl Pts',(9.92204744384511,-6.82651981302417,1.10612945004328));
#3231=CARTESIAN_POINT('Ctrl Pts',(9.94944259759827,-6.80369491464124,1.09471700085181));
#3232=CARTESIAN_POINT('Ctrl Pts',(9.97449215905837,-6.77658088346125,1.08637441067381));
#3233=CARTESIAN_POINT('Ctrl Pts',(10.0160318332909,-6.71908372706695,1.07403779095495));
#3234=CARTESIAN_POINT('Ctrl Pts',(10.0354157345031,-6.68354845488149,1.06940699046282));
#3235=CARTESIAN_POINT('Ctrl Pts',(10.0629595954001,-6.60816515913404,1.06180808889256));
#3236=CARTESIAN_POINT('Ctrl Pts',(10.0711048604942,-6.56833570286314,1.05860437600382));
#3237=CARTESIAN_POINT('Ctrl Pts',(10.074598766066,-6.52112695433887,1.05306646113786));
#3238=CARTESIAN_POINT('Ctrl Pts',(10.075,-6.51063291929505,1.05173200215843));
#3239=CARTESIAN_POINT('Ctrl Pts',(10.075,-6.5,1.05021843537451));
#3240=CARTESIAN_POINT('Origin',(9.65,-6.5,1.8));
#3241=CARTESIAN_POINT('',(9.65,-6.925,1.15536954353119));
#3242=CARTESIAN_POINT('Origin',(9.65,-6.5,0.942869543531189));
#3243=CARTESIAN_POINT('',(9.65,-6.925,1.8));
#3244=CARTESIAN_POINT('',(10.075,-6.5,1.8));
#3245=CARTESIAN_POINT('Origin',(-10.075,-7.5,1.8));
#3246=CARTESIAN_POINT('',(-10.075,-6.5,1.05021843537451));
#3247=CARTESIAN_POINT('',(-10.075,-6.34131838323783,1.03817279836453));
#3248=CARTESIAN_POINT('Origin',(-10.075,-6.94235914724639,1.63921356237309));
#3249=CARTESIAN_POINT('',(-10.075,6.5,1.03817279836453));
#3250=CARTESIAN_POINT('',(-10.075,-5.625,1.03817279836453));
#3251=CARTESIAN_POINT('',(-10.075,6.5,1.8));
#3252=CARTESIAN_POINT('',(-10.075,-6.5,1.8));
#3253=CARTESIAN_POINT('Origin',(-7.96892802385569,-2.73021519495777,-0.466858413771221));
#3254=CARTESIAN_POINT('Ctrl Pts',(-10.075,-6.5,1.05021843537451));
#3255=CARTESIAN_POINT('Ctrl Pts',(-10.075,-6.51063291929505,1.05173200215843));
#3256=CARTESIAN_POINT('Ctrl Pts',(-10.074598766066,-6.52112695433887,1.05306646113786));
#3257=CARTESIAN_POINT('Ctrl Pts',(-10.0711048604942,-6.56833570286314,1.05860437600382));
#3258=CARTESIAN_POINT('Ctrl Pts',(-10.0629595954001,-6.60816515913404,1.06180808889256));
#3259=CARTESIAN_POINT('Ctrl Pts',(-10.0354157345031,-6.68354845488149,1.06940699046282));
#3260=CARTESIAN_POINT('Ctrl Pts',(-10.016031833291,-6.71908372706695,1.07403779095495));
#3261=CARTESIAN_POINT('Ctrl Pts',(-9.97449215905838,-6.77658088346125,1.08637441067381));
#3262=CARTESIAN_POINT('Ctrl Pts',(-9.94944259759827,-6.80369491464124,1.09471700085181));
#3263=CARTESIAN_POINT('Ctrl Pts',(-9.92204744384511,-6.82651981302417,1.10612945004328));
#3264=CARTESIAN_POINT('',(-8.26944840585997,-2.73021519495777,-0.767378795775502));
#3265=CARTESIAN_POINT('Origin',(-9.65,-6.5,1.8));
#3266=CARTESIAN_POINT('Origin',(-9.74341360081774,-3.75,0.706586399182265));
#3267=CARTESIAN_POINT('',(-10.0605184761729,6.60999809416858,1.02369127453738));
#3268=CARTESIAN_POINT('',(-7.38328252787992,3.93276214587564,-1.65354467375555));
#3269=CARTESIAN_POINT('Origin',(-9.65,6.5,0.613172798364529));
#3270=CARTESIAN_POINT('Origin',(-7.08276214587564,3.93276214587564,-1.35302429175127));
#3271=CARTESIAN_POINT('Origin',(-9.65,6.5,1.21421356237309));
#3272=CARTESIAN_POINT('Origin',(-5.325,6.59341360081774,0.706586399182264));
#3273=CARTESIAN_POINT('',(9.11130681963119,6.26182720163547,0.375));
#3274=CARTESIAN_POINT('',(-2.6625,6.26182720163547,0.375));
#3275=CARTESIAN_POINT('',(9.75999809416857,6.91051847617286,1.02369127453738));
#3276=CARTESIAN_POINT('',(6.55776214587563,3.70828252787992,-2.17854467375556));
#3277=CARTESIAN_POINT('Origin',(9.65,6.5,0.613172798364529));
#3278=CARTESIAN_POINT('Origin',(5.325,-6.24285218258752,0.814295634824951));
#3279=CARTESIAN_POINT('',(7.9875,-6.925,1.15536954353119));
#3280=CARTESIAN_POINT('',(2.6625,-5.36426091293762,0.375));
#3281=CARTESIAN_POINT('Origin',(6.55776214587563,3.40776214587564,-1.87802429175127));
#3282=CARTESIAN_POINT('',(9.41182720163547,5.96130681963119,0.375));
#3283=CARTESIAN_POINT('Origin',(8.81078643762691,5.66078643762691,0.375));
#3284=CARTESIAN_POINT('',(10.0605184761729,6.60999809416857,1.02369127453738));
#3285=CARTESIAN_POINT('',(6.85828252787991,3.40776214587564,-2.17854467375555));
#3286=CARTESIAN_POINT('Origin',(9.65,6.5,1.21421356237309));
#3287=CARTESIAN_POINT('Origin',(9.74341360081773,3.75,0.706586399182265));
#3288=CARTESIAN_POINT('',(10.075,6.5,1.03817279836453));
#3289=CARTESIAN_POINT('',(10.075,5.625,1.03817279836453));
#3290=CARTESIAN_POINT('Origin',(9.65,6.5,0.613172798364529));
#3291=CARTESIAN_POINT('',(9.41182720163547,1.875,0.375));
#3292=CARTESIAN_POINT('Origin',(-10.65,6.925,1.8));
#3293=CARTESIAN_POINT('',(-9.65,6.925,1.8));
#3294=CARTESIAN_POINT('Origin',(10.65,-6.925,1.8));
#3295=CARTESIAN_POINT('Origin',(10.075,7.5,1.8));
#3296=CARTESIAN_POINT('',(10.075,6.5,1.8));
#3297=CARTESIAN_POINT('Origin',(-2.22044604925031E-15,2.22044604925031E-15,
0.375));
#3298=CARTESIAN_POINT('Origin',(-9.65,6.5,1.8));
#3299=CARTESIAN_POINT('Origin',(9.65,6.5,1.8));
#3300=CARTESIAN_POINT('Ctrl Pts',(-9.94417032369958,-7.12791339014551,0.613956695072755));
#3301=CARTESIAN_POINT('Ctrl Pts',(-9.8594000062615,-7.1895916120442,0.644795806022101));
#3302=CARTESIAN_POINT('Ctrl Pts',(-9.75483420136166,-7.22360679774998,0.66180339887499));
#3303=CARTESIAN_POINT('Ctrl Pts',(-9.65,-7.22360679774998,0.66180339887499));
#3304=CARTESIAN_POINT('Ctrl Pts',(-10.0163373739268,-7.20726228922858,0.65363114461429));
#3305=CARTESIAN_POINT('Ctrl Pts',(-9.90881639169625,-7.27889961036636,0.689571148454018));
#3306=CARTESIAN_POINT('Ctrl Pts',(-9.77957810031559,-7.31791764705243,0.708958823526215));
#3307=CARTESIAN_POINT('Ctrl Pts',(-9.65,-7.31791764705243,0.708958823526215));
#3308=CARTESIAN_POINT('Ctrl Pts',(-10.1421820758561,-7.31367480929363,0.786727079572261));
#3309=CARTESIAN_POINT('Ctrl Pts',(-9.99525739629802,-7.40622144135131,0.824787242383646));
#3310=CARTESIAN_POINT('Ctrl Pts',(-9.82268129783244,-7.45552805921729,0.845291570362743));
#3311=CARTESIAN_POINT('Ctrl Pts',(-9.65,-7.45552805921729,0.845291570362743));
#3312=CARTESIAN_POINT('Ctrl Pts',(-10.2187677087939,-7.3228543022835,0.978886108395098));
#3313=CARTESIAN_POINT('Ctrl Pts',(-10.052357674762,-7.43762976685441,1.01187783308054));
#3314=CARTESIAN_POINT('Ctrl Pts',(-9.85139841095612,-7.5,1.02993494310394));
#3315=CARTESIAN_POINT('Ctrl Pts',(-9.65,-7.5,1.02993494310394));
#3316=CARTESIAN_POINT('Ctrl Pts',(-10.2383406473992,-7.30861318479106,1.06117029057271));
#3317=CARTESIAN_POINT('Ctrl Pts',(-10.068800012523,-7.43196962858844,1.09200940152206));
#3318=CARTESIAN_POINT('Ctrl Pts',(-9.85966840272332,-7.5,1.10901699437495));
#3319=CARTESIAN_POINT('Ctrl Pts',(-9.65,-7.5,1.10901699437495));
#3320=CARTESIAN_POINT('',(-10.2383406473992,-7.30861318479106,1.06117029057271));
#3321=CARTESIAN_POINT('',(-9.94417032369958,-7.12791339014551,0.613956695072756));
#3322=CARTESIAN_POINT('Origin',(-9.94417032369958,-6.90430659239553,1.06117029057271));
#3323=CARTESIAN_POINT('',(-9.65,-7.22360679774998,0.661803398874989));
#3324=CARTESIAN_POINT('Origin',(-9.65,-6.72360679774998,0.411803398874989));
#3325=CARTESIAN_POINT('',(-9.65,-7.5,1.10901699437495));
#3326=CARTESIAN_POINT('Origin',(-9.65,-7.,1.10901699437495));
#3327=CARTESIAN_POINT('Origin',(-9.65,-6.5,0.859016994374947));
#3328=CARTESIAN_POINT('Origin',(7.9875,-7.,1.10901699437495));
#3329=CARTESIAN_POINT('',(9.65,-7.22360679774998,0.661803398874989));
#3330=CARTESIAN_POINT('',(9.65,-7.5,1.10901699437495));
#3331=CARTESIAN_POINT('Origin',(9.65,-7.,1.10901699437495));
#3332=CARTESIAN_POINT('',(7.9875,-7.5,1.10901699437495));
#3333=CARTESIAN_POINT('',(7.9875,-7.22360679774998,0.661803398874989));
#3334=CARTESIAN_POINT('Ctrl Pts',(9.65,-7.22360679774998,0.66180339887499));
#3335=CARTESIAN_POINT('Ctrl Pts',(9.75483420136166,-7.22360679774998,0.66180339887499));
#3336=CARTESIAN_POINT('Ctrl Pts',(9.8594000062615,-7.1895916120442,0.644795806022101));
#3337=CARTESIAN_POINT('Ctrl Pts',(9.94417032369958,-7.12791339014551,0.613956695072755));
#3338=CARTESIAN_POINT('Ctrl Pts',(9.65,-7.31791764705243,0.708958823526215));
#3339=CARTESIAN_POINT('Ctrl Pts',(9.77957810031559,-7.31791764705243,0.708958823526215));
#3340=CARTESIAN_POINT('Ctrl Pts',(9.90881639169624,-7.27889961036636,0.689571148454018));
#3341=CARTESIAN_POINT('Ctrl Pts',(10.0163373739268,-7.20726228922858,0.653631144614291));
#3342=CARTESIAN_POINT('Ctrl Pts',(9.65,-7.45552805921729,0.845291570362743));
#3343=CARTESIAN_POINT('Ctrl Pts',(9.82268129783244,-7.45552805921729,0.845291570362743));
#3344=CARTESIAN_POINT('Ctrl Pts',(9.99525739629802,-7.40622144135131,0.824787242383647));
#3345=CARTESIAN_POINT('Ctrl Pts',(10.1421820758561,-7.31367480929363,0.786727079572262));
#3346=CARTESIAN_POINT('Ctrl Pts',(9.65,-7.5,1.02993494310394));
#3347=CARTESIAN_POINT('Ctrl Pts',(9.85139841095612,-7.5,1.02993494310394));
#3348=CARTESIAN_POINT('Ctrl Pts',(10.052357674762,-7.43762976685441,1.01187783308054));
#3349=CARTESIAN_POINT('Ctrl Pts',(10.2187677087938,-7.3228543022835,0.978886108395098));
#3350=CARTESIAN_POINT('Ctrl Pts',(9.65,-7.5,1.10901699437495));
#3351=CARTESIAN_POINT('Ctrl Pts',(9.85966840272332,-7.5,1.10901699437495));
#3352=CARTESIAN_POINT('Ctrl Pts',(10.068800012523,-7.43196962858845,1.09200940152206));
#3353=CARTESIAN_POINT('Ctrl Pts',(10.2383406473992,-7.30861318479106,1.06117029057271));
#3354=CARTESIAN_POINT('',(9.94417032369958,-7.12791339014551,0.613956695072755));
#3355=CARTESIAN_POINT('',(10.2383406473992,-7.30861318479106,1.06117029057271));
#3356=CARTESIAN_POINT('Origin',(9.94417032369958,-6.90430659239553,1.06117029057271));
#3357=CARTESIAN_POINT('Origin',(9.65,-6.5,0.859016994374947));
#3358=CARTESIAN_POINT('Origin',(9.65,-6.72360679774998,0.411803398874989));
#3359=CARTESIAN_POINT('Ctrl Pts',(9.94417032369958,-7.12791339014551,0.613956695072755));
#3360=CARTESIAN_POINT('Ctrl Pts',(10.0752771618773,-7.05536784977758,0.577683924888791));
#3361=CARTESIAN_POINT('Ctrl Pts',(10.314420002613,-6.86332554607644,0.564046221264315));
#3362=CARTESIAN_POINT('Ctrl Pts',(10.4368790061325,-6.63891530321944,0.612948207499421));
#3363=CARTESIAN_POINT('Ctrl Pts',(10.4643650444314,-6.53637094161634,0.625634662613386));
#3364=CARTESIAN_POINT('Ctrl Pts',(10.0163373739268,-7.20726228922858,0.653631144614291));
#3365=CARTESIAN_POINT('Ctrl Pts',(10.1565070729343,-7.12647551061933,0.618305790183493));
#3366=CARTESIAN_POINT('Ctrl Pts',(10.4053418991773,-6.90318199040849,0.612172424137576));
#3367=CARTESIAN_POINT('Ctrl Pts',(10.5108006083869,-6.64812300172548,0.666038039213157));
#3368=CARTESIAN_POINT('Ctrl Pts',(10.5303428721118,-6.53138085684106,0.678745643530897));
#3369=CARTESIAN_POINT('Ctrl Pts',(10.1421820752797,-7.31367480814217,0.786727080290892));
#3370=CARTESIAN_POINT('Ctrl Pts',(10.2878933342608,-7.22244660654312,0.755456507895826));
#3371=CARTESIAN_POINT('Ctrl Pts',(10.5359533585309,-6.95944123682591,0.75109798296292));
#3372=CARTESIAN_POINT('Ctrl Pts',(10.6146067640117,-6.65915558313828,0.794244222957457));
#3373=CARTESIAN_POINT('Ctrl Pts',(10.621379245319,-6.519846024611,0.801514350285645));
#3374=CARTESIAN_POINT('Ctrl Pts',(10.2187677087938,-7.3228543022835,0.978886108395098));
#3375=CARTESIAN_POINT('Ctrl Pts',(10.3503882111175,-7.23162974769667,0.953880787817471));
#3376=CARTESIAN_POINT('Ctrl Pts',(10.5753597186107,-6.97551896788478,0.938534132894625));
#3377=CARTESIAN_POINT('Ctrl Pts',(10.6490703417048,-6.6593672428403,0.952391123554619));
#3378=CARTESIAN_POINT('Ctrl Pts',(10.65,-6.50595257591089,0.949386525212686));
#3379=CARTESIAN_POINT('Ctrl Pts',(10.2383406473992,-7.30861318479106,1.06117029057271));
#3380=CARTESIAN_POINT('Ctrl Pts',(10.3610713167866,-7.21931530684244,1.03884582108556));
#3381=CARTESIAN_POINT('Ctrl Pts',(10.573784245807,-6.97441317971095,1.01881201341573));
#3382=CARTESIAN_POINT('Ctrl Pts',(10.65,-6.65751643820081,1.02014138187));
#3383=CARTESIAN_POINT('Ctrl Pts',(10.65,-6.49999999999993,1.01274159027754));
#3384=CARTESIAN_POINT('',(10.4643650444314,-6.53637094161634,0.625634662613386));
#3385=CARTESIAN_POINT('',(10.65,-6.49999999999997,1.01274159027754));
#3386=CARTESIAN_POINT('Origin',(10.15,-6.49999999999997,1.01274159027754));
#3387=CARTESIAN_POINT('Ctrl Pts',(10.65,-6.49999999999993,1.01274159027754));
#3388=CARTESIAN_POINT('Ctrl Pts',(10.65,-6.65751643820081,1.02014138187));
#3389=CARTESIAN_POINT('Ctrl Pts',(10.573784245807,-6.97441317971095,1.01881201341573));
#3390=CARTESIAN_POINT('Ctrl Pts',(10.3610713167866,-7.21931530684244,1.03884582108556));
#3391=CARTESIAN_POINT('Ctrl Pts',(10.2383406473992,-7.30861318479106,1.06117029057271));
#3392=CARTESIAN_POINT('Ctrl Pts',(9.94417032369958,-7.12791339014551,0.613956695072755));
#3393=CARTESIAN_POINT('Ctrl Pts',(10.0752771618773,-7.05536784977758,0.577683924888791));
#3394=CARTESIAN_POINT('Ctrl Pts',(10.314420002613,-6.86332554607644,0.564046221264315));
#3395=CARTESIAN_POINT('Ctrl Pts',(10.4368790061325,-6.63891530321944,0.612948207499421));
#3396=CARTESIAN_POINT('Ctrl Pts',(10.4643650444314,-6.53637094161634,0.625634662613386));
#3397=CARTESIAN_POINT('Ctrl Pts',(-10.2383406473992,-7.30861318479106,1.06117029057271));
#3398=CARTESIAN_POINT('Ctrl Pts',(-10.3610708233413,-7.2193156658694,1.0388459108423));
#3399=CARTESIAN_POINT('Ctrl Pts',(-10.5737873690554,-6.97440491647101,1.0188118660013));
#3400=CARTESIAN_POINT('Ctrl Pts',(-10.6499999999979,-6.65751580491106,1.02014135211889));
#3401=CARTESIAN_POINT('Ctrl Pts',(-10.65,-6.50000000001346,1.01274159027817));
#3402=CARTESIAN_POINT('Ctrl Pts',(-10.2122433959254,-7.32760134144765,0.951458047669227));
#3403=CARTESIAN_POINT('Ctrl Pts',(-10.346906587418,-7.23569559614543,0.925548430494514));
#3404=CARTESIAN_POINT('Ctrl Pts',(-10.5760336513163,-6.97579648309336,0.911763358620816));
#3405=CARTESIAN_POINT('Ctrl Pts',(-10.6487923010992,-6.66000266353371,0.92978858778378));
#3406=CARTESIAN_POINT('Ctrl Pts',(-10.6499999999999,-6.50793676789426,0.928268170191197));
#3407=CARTESIAN_POINT('Ctrl Pts',(-10.1246949070713,-7.30293297781622,0.760142143811363));
#3408=CARTESIAN_POINT('Ctrl Pts',(-10.2708849366789,-7.21269097743185,0.728011108978979));
#3409=CARTESIAN_POINT('Ctrl Pts',(-10.5210569038872,-6.95317316092937,0.724896771180794));
#3410=CARTESIAN_POINT('Ctrl Pts',(-10.6029365068042,-6.65817818280456,0.77192103058604));
#3411=CARTESIAN_POINT('Ctrl Pts',(-10.6113490078263,-6.52181122121572,0.780598168806899));
#3412=CARTESIAN_POINT('Ctrl Pts',(-9.99829561136997,-7.18742506445781,0.643712532228907));
#3413=CARTESIAN_POINT('Ctrl Pts',(-10.1361388159463,-7.10872766759451,0.608159504437467));
#3414=CARTESIAN_POINT('Ctrl Pts',(-10.3825061125775,-6.8932718006306,0.60015205648464));
#3415=CARTESIAN_POINT('Ctrl Pts',(-10.4922975316787,-6.64580698289782,0.652781738862271));
#3416=CARTESIAN_POINT('Ctrl Pts',(-10.5138484151898,-6.5326283780446,0.665467898300427));
#3417=CARTESIAN_POINT('Ctrl Pts',(-9.94417032369958,-7.12791339014551,0.613956695072756));
#3418=CARTESIAN_POINT('Ctrl Pts',(-10.0752766347552,-7.05536814145086,0.577684070725429));
#3419=CARTESIAN_POINT('Ctrl Pts',(-10.3144242673663,-6.86331956584658,0.564047067940493));
#3420=CARTESIAN_POINT('Ctrl Pts',(-10.4368791166374,-6.63891489094366,0.612948258504193));
#3421=CARTESIAN_POINT('Ctrl Pts',(-10.464365044429,-6.53637094162515,0.625634662612293));
#3422=CARTESIAN_POINT('',(-10.65,-6.50000000000673,1.01274159027817));
#3423=CARTESIAN_POINT('',(-10.464365044429,-6.53637094162515,0.625634662612293));
#3424=CARTESIAN_POINT('Origin',(-10.15,-6.50000000000673,1.01274159027817));
#3425=CARTESIAN_POINT('Ctrl Pts',(-10.464365044429,-6.53637094162515,0.625634662612293));
#3426=CARTESIAN_POINT('Ctrl Pts',(-10.4368791166374,-6.63891489094366,0.612948258504193));
#3427=CARTESIAN_POINT('Ctrl Pts',(-10.3144242673663,-6.86331956584658,0.564047067940493));
#3428=CARTESIAN_POINT('Ctrl Pts',(-10.0752766347552,-7.05536814145086,0.577684070725429));
#3429=CARTESIAN_POINT('Ctrl Pts',(-9.94417032369958,-7.12791339014551,0.613956695072756));
#3430=CARTESIAN_POINT('Ctrl Pts',(-10.2383406473992,-7.30861318479106,1.06117029057271));
#3431=CARTESIAN_POINT('Ctrl Pts',(-10.3610708233413,-7.2193156658694,1.0388459108423));
#3432=CARTESIAN_POINT('Ctrl Pts',(-10.5737873690554,-6.97440491647101,1.0188118660013));
#3433=CARTESIAN_POINT('Ctrl Pts',(-10.6499999999979,-6.65751580491106,1.02014135211889));
#3434=CARTESIAN_POINT('Ctrl Pts',(-10.65,-6.50000000001346,1.01274159027817));
#3435=CARTESIAN_POINT('Origin',(10.15,5.625,1.00710678118655));
#3436=CARTESIAN_POINT('',(10.5035533905933,6.5,0.653553390593274));
#3437=CARTESIAN_POINT('',(10.65,6.5,1.00710678118655));
#3438=CARTESIAN_POINT('Origin',(10.15,6.5,1.00710678118655));
#3439=CARTESIAN_POINT('',(10.65,-6.38525236605986,1.00710678118655));
#3440=CARTESIAN_POINT('',(10.65,5.625,1.00710678118655));
#3441=CARTESIAN_POINT('',(10.5035533905933,-6.38525236605986,0.653553390593276));
#3442=CARTESIAN_POINT('Origin',(10.15,-6.38525236605986,1.00710678118655));
#3443=CARTESIAN_POINT('',(10.5035533905933,5.625,0.653553390593274));
#3444=CARTESIAN_POINT('Ctrl Pts',(10.5035533905933,6.5,0.653553390593273));
#3445=CARTESIAN_POINT('Ctrl Pts',(10.5035533905933,6.54363323129986,0.653553390593273));
#3446=CARTESIAN_POINT('Ctrl Pts',(10.4978094149976,6.58726305755428,0.647809414997575));
#3447=CARTESIAN_POINT('Ctrl Pts',(10.4865163037378,6.62940952255126,0.636516303737808));
#3448=CARTESIAN_POINT('Ctrl Pts',(10.5961134518049,6.5,0.746113451804906));
#3449=CARTESIAN_POINT('Ctrl Pts',(10.5961134518049,6.55981052533505,0.746113451804906));
#3450=CARTESIAN_POINT('Ctrl Pts',(10.5895447706818,6.61953837475154,0.73963573832166));
#3451=CARTESIAN_POINT('Ctrl Pts',(10.5767643368486,6.67777329773234,0.726764336848631));
#3452=CARTESIAN_POINT('Ctrl Pts',(10.65,6.5,0.876207087286972));
#3453=CARTESIAN_POINT('Ctrl Pts',(10.65,6.57587377120814,0.876207087286972));
#3454=CARTESIAN_POINT('Ctrl Pts',(10.6414834009133,6.65163868263664,0.870081054242834));
#3455=CARTESIAN_POINT('Ctrl Pts',(10.6247770114587,6.72578597234238,0.857937403290521));
#3456=CARTESIAN_POINT('Ctrl Pts',(10.65,6.5,1.00710678118655));
#3457=CARTESIAN_POINT('Ctrl Pts',(10.65,6.58726646259972,1.00710678118655));
#3458=CARTESIAN_POINT('Ctrl Pts',(10.6385120488086,6.67452611510857,1.00136280559085));
#3459=CARTESIAN_POINT('Ctrl Pts',(10.6159258262891,6.75881904510252,0.990069694331081));
#3460=CARTESIAN_POINT('',(10.4865163037378,6.62940952255126,0.636516303737808));
#3461=CARTESIAN_POINT('',(10.6159258262891,6.75881904510252,0.990069694331082));
#3462=CARTESIAN_POINT('Origin',(10.1329629131445,6.62940952255126,0.990069694331082));
#3463=CARTESIAN_POINT('Origin',(9.65,6.5,0.507106781186547));
#3464=CARTESIAN_POINT('Origin',(10.0035533905933,6.5,0.153553390593273));
#3465=CARTESIAN_POINT('Ctrl Pts',(9.90881904510252,7.46592582628907,0.990069694331081));
#3466=CARTESIAN_POINT('Ctrl Pts',(10.0774049050904,7.42075338125,0.967483471811547));
#3467=CARTESIAN_POINT('Ctrl Pts',(10.3901603856975,7.24016038569745,0.943296058332938));
#3468=CARTESIAN_POINT('Ctrl Pts',(10.57075338125,6.92740490509043,0.967483471811546));
#3469=CARTESIAN_POINT('Ctrl Pts',(10.6159258262891,6.75881904510252,0.99006969433108));
#3470=CARTESIAN_POINT('Ctrl Pts',(9.87578597234238,7.47477701145867,0.85793740329052));
#3471=CARTESIAN_POINT('Ctrl Pts',(10.0519087543297,7.43404087401081,0.818612615025464));
#3472=CARTESIAN_POINT('Ctrl Pts',(10.3967172442567,7.2467172442567,0.773454476281153));
#3473=CARTESIAN_POINT('Ctrl Pts',(10.5840408740108,6.90190875432972,0.818612615025464));
#3474=CARTESIAN_POINT('Ctrl Pts',(10.6247770114587,6.72578597234238,0.85793740329052));
#3475=CARTESIAN_POINT('Ctrl Pts',(9.82777329773234,7.42676433684863,0.726764336848631));
#3476=CARTESIAN_POINT('Ctrl Pts',(9.99798969237537,7.38012181205647,0.671302998269734));
#3477=CARTESIAN_POINT('Ctrl Pts',(10.3355897789831,7.1855897789831,0.606451135415761));
#3478=CARTESIAN_POINT('Ctrl Pts',(10.5301218120565,6.84798969237537,0.671302998269733));
#3479=CARTESIAN_POINT('Ctrl Pts',(10.5767643368486,6.67777329773234,0.72676433684863));
#3480=CARTESIAN_POINT('Ctrl Pts',(9.77940952255126,7.33651630373781,0.636516303737809));
#3481=CARTESIAN_POINT('Ctrl Pts',(9.93495522088754,7.27830369704711,0.578303697047112));
#3482=CARTESIAN_POINT('Ctrl Pts',(10.2337460918117,7.08374609181169,0.515964260407018));
#3483=CARTESIAN_POINT('Ctrl Pts',(10.4283036970471,6.78495522088754,0.578303697047111));
#3484=CARTESIAN_POINT('Ctrl Pts',(10.4865163037378,6.62940952255126,0.636516303737808));
#3485=CARTESIAN_POINT('',(9.77940952255126,7.33651630373781,0.636516303737807));
#3486=CARTESIAN_POINT('',(9.90881904510252,7.46592582628907,0.990069694331081));
#3487=CARTESIAN_POINT('Origin',(9.77940952255126,6.98296291314453,0.990069694331081));
#3488=CARTESIAN_POINT('Origin',(9.65,6.5,1.21421356237309));
#3489=CARTESIAN_POINT('Origin',(9.65,6.5,1.21421356237309));
#3490=CARTESIAN_POINT('Ctrl Pts',(9.77940952255126,7.33651630373781,0.636516303737808));
#3491=CARTESIAN_POINT('Ctrl Pts',(9.73726305755428,7.34780941499758,0.647809414997575));
#3492=CARTESIAN_POINT('Ctrl Pts',(9.69363323129986,7.35355339059328,0.653553390593275));
#3493=CARTESIAN_POINT('Ctrl Pts',(9.65,7.35355339059328,0.653553390593275));
#3494=CARTESIAN_POINT('Ctrl Pts',(9.82777329773235,7.42676433684863,0.726764336848631));
#3495=CARTESIAN_POINT('Ctrl Pts',(9.76953837475154,7.43954477068177,0.73963573832166));
#3496=CARTESIAN_POINT('Ctrl Pts',(9.70981052533505,7.44611345180491,0.746113451804908));
#3497=CARTESIAN_POINT('Ctrl Pts',(9.65,7.44611345180491,0.746113451804908));
#3498=CARTESIAN_POINT('Ctrl Pts',(9.87578597234238,7.47477701145867,0.857937403290521));
#3499=CARTESIAN_POINT('Ctrl Pts',(9.80163868263664,7.49148340091334,0.870081054242835));
#3500=CARTESIAN_POINT('Ctrl Pts',(9.72587377120813,7.5,0.876207087286974));
#3501=CARTESIAN_POINT('Ctrl Pts',(9.65,7.5,0.876207087286974));
#3502=CARTESIAN_POINT('Ctrl Pts',(9.90881904510252,7.46592582628907,0.990069694331082));
#3503=CARTESIAN_POINT('Ctrl Pts',(9.82452611510856,7.4885120488086,1.00136280559085));
#3504=CARTESIAN_POINT('Ctrl Pts',(9.73726646259971,7.5,1.00710678118655));
#3505=CARTESIAN_POINT('Ctrl Pts',(9.65,7.5,1.00710678118655));
#3506=CARTESIAN_POINT('',(9.65,7.35355339059328,0.653553390593275));
#3507=CARTESIAN_POINT('',(9.65,7.5,1.00710678118655));
#3508=CARTESIAN_POINT('Origin',(9.65,7.,1.00710678118655));
#3509=CARTESIAN_POINT('Origin',(9.65,6.5,0.507106781186547));
#3510=CARTESIAN_POINT('Origin',(9.65,6.85355339059328,0.153553390593274));
#3511=CARTESIAN_POINT('Origin',(-7.9875,7.,1.00710678118655));
#3512=CARTESIAN_POINT('',(-9.65,7.35355339059328,0.653553390593274));
#3513=CARTESIAN_POINT('',(-9.65,7.5,1.00710678118655));
#3514=CARTESIAN_POINT('Origin',(-9.65,7.,1.00710678118655));
#3515=CARTESIAN_POINT('',(-7.9875,7.5,1.00710678118655));
#3516=CARTESIAN_POINT('',(-7.9875,7.35355339059328,0.653553390593274));
#3517=CARTESIAN_POINT('Ctrl Pts',(-9.65,7.35355339059328,0.653553390593275));
#3518=CARTESIAN_POINT('Ctrl Pts',(-9.69363323129986,7.35355339059328,0.653553390593275));
#3519=CARTESIAN_POINT('Ctrl Pts',(-9.73726305755429,7.34780941499758,0.647809414997575));
#3520=CARTESIAN_POINT('Ctrl Pts',(-9.77940952255127,7.33651630373781,0.636516303737808));
#3521=CARTESIAN_POINT('Ctrl Pts',(-9.65,7.44611345180491,0.746113451804908));
#3522=CARTESIAN_POINT('Ctrl Pts',(-9.70981052533506,7.44611345180491,0.746113451804908));
#3523=CARTESIAN_POINT('Ctrl Pts',(-9.76953837475155,7.43954477068177,0.73963573832166));
#3524=CARTESIAN_POINT('Ctrl Pts',(-9.82777329773235,7.42676433684863,0.726764336848631));
#3525=CARTESIAN_POINT('Ctrl Pts',(-9.65,7.5,0.876207087286974));
#3526=CARTESIAN_POINT('Ctrl Pts',(-9.72587377120814,7.5,0.876207087286974));
#3527=CARTESIAN_POINT('Ctrl Pts',(-9.80163868263665,7.49148340091334,0.870081054242836));
#3528=CARTESIAN_POINT('Ctrl Pts',(-9.87578597234239,7.47477701145867,0.857937403290521));
#3529=CARTESIAN_POINT('Ctrl Pts',(-9.65,7.5,1.00710678118655));
#3530=CARTESIAN_POINT('Ctrl Pts',(-9.73726646259972,7.5,1.00710678118655));
#3531=CARTESIAN_POINT('Ctrl Pts',(-9.82452611510857,7.4885120488086,1.00136280559085));
#3532=CARTESIAN_POINT('Ctrl Pts',(-9.90881904510253,7.46592582628907,0.990069694331082));
#3533=CARTESIAN_POINT('',(-9.77940952255126,7.33651630373781,0.636516303737808));
#3534=CARTESIAN_POINT('',(-9.90881904510253,7.46592582628907,0.990069694331082));
#3535=CARTESIAN_POINT('Origin',(-9.77940952255126,6.98296291314454,0.990069694331082));
#3536=CARTESIAN_POINT('Origin',(-9.65,6.5,0.507106781186548));
#3537=CARTESIAN_POINT('Origin',(-9.65,6.85355339059328,0.153553390593274));
#3538=CARTESIAN_POINT('Ctrl Pts',(-10.6159258262891,6.75881904510252,0.990069694331081));
#3539=CARTESIAN_POINT('Ctrl Pts',(-10.57075338125,6.92740490509043,0.967483471811547));
#3540=CARTESIAN_POINT('Ctrl Pts',(-10.3901603856975,7.24016038569745,0.943296058332938));
#3541=CARTESIAN_POINT('Ctrl Pts',(-10.0774049050904,7.42075338125001,0.967483471811547));
#3542=CARTESIAN_POINT('Ctrl Pts',(-9.90881904510252,7.46592582628907,0.990069694331081));
#3543=CARTESIAN_POINT('Ctrl Pts',(-10.6247770114587,6.72578597234238,0.85793740329052));
#3544=CARTESIAN_POINT('Ctrl Pts',(-10.5840408740108,6.90190875432972,0.818612615025464));
#3545=CARTESIAN_POINT('Ctrl Pts',(-10.3967172442567,7.24671724425671,0.773454476281152));
#3546=CARTESIAN_POINT('Ctrl Pts',(-10.0519087543297,7.43404087401082,0.818612615025464));
#3547=CARTESIAN_POINT('Ctrl Pts',(-9.87578597234238,7.47477701145867,0.85793740329052));
#3548=CARTESIAN_POINT('Ctrl Pts',(-10.5767643368486,6.67777329773235,0.726764336848631));
#3549=CARTESIAN_POINT('Ctrl Pts',(-10.5301218120565,6.84798969237538,0.671302998269733));
#3550=CARTESIAN_POINT('Ctrl Pts',(-10.3355897789831,7.1855897789831,0.606451135415759));
#3551=CARTESIAN_POINT('Ctrl Pts',(-9.99798969237538,7.38012181205647,0.671302998269732));
#3552=CARTESIAN_POINT('Ctrl Pts',(-9.82777329773235,7.42676433684863,0.72676433684863));
#3553=CARTESIAN_POINT('Ctrl Pts',(-10.4865163037378,6.62940952255126,0.636516303737808));
#3554=CARTESIAN_POINT('Ctrl Pts',(-10.4283036970471,6.78495522088754,0.578303697047111));
#3555=CARTESIAN_POINT('Ctrl Pts',(-10.2337460918117,7.08374609181169,0.515964260407016));
#3556=CARTESIAN_POINT('Ctrl Pts',(-9.93495522088755,7.27830369704711,0.57830369704711));
#3557=CARTESIAN_POINT('Ctrl Pts',(-9.77940952255126,7.33651630373781,0.636516303737807));
#3558=CARTESIAN_POINT('',(-10.4865163037378,6.62940952255126,0.636516303737807));
#3559=CARTESIAN_POINT('',(-10.6159258262891,6.75881904510253,0.990069694331081));
#3560=CARTESIAN_POINT('Origin',(-10.1329629131445,6.62940952255126,0.99006969433108));
#3561=CARTESIAN_POINT('Origin',(-9.65,6.5,1.21421356237309));
#3562=CARTESIAN_POINT('Origin',(-9.65,6.5,1.21421356237309));
#3563=CARTESIAN_POINT('Ctrl Pts',(-10.4865163037378,6.62940952255126,0.636516303737808));
#3564=CARTESIAN_POINT('Ctrl Pts',(-10.4978094149976,6.58726305755429,0.647809414997575));
#3565=CARTESIAN_POINT('Ctrl Pts',(-10.5035533905933,6.54363323129986,0.653553390593273));
#3566=CARTESIAN_POINT('Ctrl Pts',(-10.5035533905933,6.5,0.653553390593273));
#3567=CARTESIAN_POINT('Ctrl Pts',(-10.5767643368486,6.67777329773235,0.726764336848631));
#3568=CARTESIAN_POINT('Ctrl Pts',(-10.5895447706818,6.61953837475155,0.73963573832166));
#3569=CARTESIAN_POINT('Ctrl Pts',(-10.5961134518049,6.55981052533506,0.746113451804906));
#3570=CARTESIAN_POINT('Ctrl Pts',(-10.5961134518049,6.5,0.746113451804906));
#3571=CARTESIAN_POINT('Ctrl Pts',(-10.6247770114587,6.72578597234238,0.85793740329052));
#3572=CARTESIAN_POINT('Ctrl Pts',(-10.6414834009133,6.65163868263664,0.870081054242834));
#3573=CARTESIAN_POINT('Ctrl Pts',(-10.65,6.57587377120814,0.876207087286972));
#3574=CARTESIAN_POINT('Ctrl Pts',(-10.65,6.5,0.876207087286972));
#3575=CARTESIAN_POINT('Ctrl Pts',(-10.6159258262891,6.75881904510252,0.990069694331081));
#3576=CARTESIAN_POINT('Ctrl Pts',(-10.6385120488086,6.67452611510857,1.00136280559085));
#3577=CARTESIAN_POINT('Ctrl Pts',(-10.65,6.58726646259972,1.00710678118655));
#3578=CARTESIAN_POINT('Ctrl Pts',(-10.65,6.5,1.00710678118655));
#3579=CARTESIAN_POINT('',(-10.5035533905933,6.5,0.653553390593274));
#3580=CARTESIAN_POINT('',(-10.65,6.5,1.00710678118655));
#3581=CARTESIAN_POINT('Origin',(-10.15,6.5,1.00710678118655));
#3582=CARTESIAN_POINT('Origin',(-9.65,6.5,0.507106781186547));
#3583=CARTESIAN_POINT('Origin',(-10.0035533905933,6.5,0.153553390593273));
#3584=CARTESIAN_POINT('Origin',(-10.15,-5.625,1.00710678118655));
#3585=CARTESIAN_POINT('',(-10.5035533905933,-6.38525236605985,0.653553390593275));
#3586=CARTESIAN_POINT('',(-10.65,-6.38525236605985,1.00710678118655));
#3587=CARTESIAN_POINT('Origin',(-10.15,-6.38525236605985,1.00710678118655));
#3588=CARTESIAN_POINT('',(-10.65,-5.625,1.00710678118655));
#3589=CARTESIAN_POINT('',(-10.5035533905933,-5.625,0.653553390593274));
#3590=CARTESIAN_POINT('Ctrl Pts',(10.4643650444314,-6.53637094161634,0.625634662613386));
#3591=CARTESIAN_POINT('Ctrl Pts',(10.4782999008352,-6.48438305822553,0.632066434568441));
#3592=CARTESIAN_POINT('Ctrl Pts',(10.491397436651,-6.43387618182903,0.64139743665098));
#3593=CARTESIAN_POINT('Ctrl Pts',(10.5035533905933,-6.38525236605985,0.653553390593275));
#3594=CARTESIAN_POINT('Ctrl Pts',(10.5798262428721,-6.52763829325961,0.718578879219031));
#3595=CARTESIAN_POINT('Ctrl Pts',(10.5856507595646,-6.47823558883971,0.725728120242506));
#3596=CARTESIAN_POINT('Ctrl Pts',(10.591274994018,-6.43070224701584,0.734773979896352));
#3597=CARTESIAN_POINT('Ctrl Pts',(10.5961134518049,-6.38525236605985,0.746113451804908));
#3598=CARTESIAN_POINT('Ctrl Pts',(10.65,-6.51388934379218,0.864913105126215));
#3599=CARTESIAN_POINT('Ctrl Pts',(10.6498669893951,-6.46918320788542,0.866779971415815));
#3600=CARTESIAN_POINT('Ctrl Pts',(10.6500900150419,-6.42622712401486,0.870437221682239));
#3601=CARTESIAN_POINT('Ctrl Pts',(10.65,-6.38525236605985,0.876207087286974));
#3602=CARTESIAN_POINT('Ctrl Pts',(10.65,-6.49999999999997,1.01274159027754));
#3603=CARTESIAN_POINT('Ctrl Pts',(10.65,-6.46007120190077,1.00899004805317));
#3604=CARTESIAN_POINT('Ctrl Pts',(10.65,-6.42172022788674,1.00710678118655));
#3605=CARTESIAN_POINT('Ctrl Pts',(10.65,-6.38525236605985,1.00710678118655));
#3606=CARTESIAN_POINT('Origin',(10.65,-7.0923591472464,1.7142135623731));
#3607=CARTESIAN_POINT('Origin',(10.15,-7.0923591472464,1.71421356237309));
#3608=CARTESIAN_POINT('Ctrl Pts',(-10.5035533905933,-6.38525236605985,0.653553390593272));
#3609=CARTESIAN_POINT('Ctrl Pts',(-10.4913974366503,-6.43387618183178,0.64139743665029));
#3610=CARTESIAN_POINT('Ctrl Pts',(-10.4782999008337,-6.48438305823124,0.632066434567385));
#3611=CARTESIAN_POINT('Ctrl Pts',(-10.464365044429,-6.53637094162515,0.625634662612293));
#3612=CARTESIAN_POINT('Ctrl Pts',(-10.5961134518049,-6.38525236605985,0.746113451804904));
#3613=CARTESIAN_POINT('Ctrl Pts',(-10.5912749940177,-6.4307022470184,0.734773979895708));
#3614=CARTESIAN_POINT('Ctrl Pts',(-10.5856507595639,-6.47823558884508,0.725728120241473));
#3615=CARTESIAN_POINT('Ctrl Pts',(-10.5798262428711,-6.52763829326799,0.718578879217832));
#3616=CARTESIAN_POINT('Ctrl Pts',(-10.65,-6.38525236605985,0.876207087286971));
#3617=CARTESIAN_POINT('Ctrl Pts',(-10.6500900150419,-6.42622712401717,0.870437221681911));
#3618=CARTESIAN_POINT('Ctrl Pts',(-10.6498669893951,-6.46918320789028,0.866779971415393));
#3619=CARTESIAN_POINT('Ctrl Pts',(-10.65,-6.51388934379976,0.864913105125908));
#3620=CARTESIAN_POINT('Ctrl Pts',(-10.65,-6.38525236605985,1.00710678118655));
#3621=CARTESIAN_POINT('Ctrl Pts',(-10.65,-6.4217202278888,1.00710678118655));
#3622=CARTESIAN_POINT('Ctrl Pts',(-10.65,-6.4600712019051,1.00899004805338));
#3623=CARTESIAN_POINT('Ctrl Pts',(-10.65,-6.50000000000673,1.01274159027817));
#3624=CARTESIAN_POINT('Origin',(-10.65,-7.0923591472464,1.71421356237309));
#3625=CARTESIAN_POINT('Origin',(-10.15,-7.0923591472464,1.71421356237309));
#3626=CARTESIAN_POINT('Origin',(-10.15,-3.75,0.3));
#3627=CARTESIAN_POINT('',(-9.79644660940673,5.93933982822018,-0.0535533905932742));
#3628=CARTESIAN_POINT('',(-7.78986892706219,3.93276214587564,-2.06013107293782));
#3629=CARTESIAN_POINT('',(-9.79644660940673,-4.97103880368675,-0.0535533905932739));
#3630=CARTESIAN_POINT('',(-9.79644660940673,-1.875,-0.0535533905932743));
#3631=CARTESIAN_POINT('',(-8.67603480504224,-2.73021519495777,-1.17396519495777));
#3632=CARTESIAN_POINT('Origin',(-7.08276214587564,3.93276214587564,-1.35302429175127));
#3633=CARTESIAN_POINT('',(-9.08933982822018,6.64644660940673,-0.0535533905932736));
#3634=CARTESIAN_POINT('',(-7.08276214587564,4.63986892706219,-2.06013107293782));
#3635=CARTESIAN_POINT('Origin',(-8.73578643762691,5.58578643762691,0.3));
#3636=CARTESIAN_POINT('Origin',(-5.325,7.,0.3));
#3637=CARTESIAN_POINT('',(9.08933982822018,6.64644660940673,-0.0535533905932739));
#3638=CARTESIAN_POINT('',(6.55776214587563,4.11486892706219,-2.58513107293782));
#3639=CARTESIAN_POINT('',(-2.6625,6.64644660940673,-0.0535533905932736));
#3640=CARTESIAN_POINT('Origin',(6.55776214587563,3.40776214587564,-1.87802429175127));
#3641=CARTESIAN_POINT('',(9.79644660940673,5.93933982822018,-0.0535533905932745));
#3642=CARTESIAN_POINT('',(7.26486892706218,3.40776214587564,-2.58513107293782));
#3643=CARTESIAN_POINT('Origin',(8.73578643762691,5.58578643762691,0.3));
#3644=CARTESIAN_POINT('Origin',(10.15,3.75,0.3));
#3645=CARTESIAN_POINT('',(9.79644660940673,-4.97103880368676,-0.0535533905932742));
#3646=CARTESIAN_POINT('',(8.31353480504223,-2.00521519495777,-1.53646519495777));
#3647=CARTESIAN_POINT('',(9.79644660940673,1.875,-0.0535533905932743));
#3648=CARTESIAN_POINT('Origin',(-10.65,-7.5,1.8));
#3649=CARTESIAN_POINT('',(-10.65,-6.5,1.8));
#3650=CARTESIAN_POINT('',(-10.65,6.5,1.8));
#3651=CARTESIAN_POINT('Origin',(-9.65,-6.5,1.8));
#3652=CARTESIAN_POINT('',(-9.65,-7.5,1.8));
#3653=CARTESIAN_POINT('Origin',(10.65,-7.5,1.8));
#3654=CARTESIAN_POINT('',(9.65,-7.5,1.8));
#3655=CARTESIAN_POINT('Origin',(9.65,-6.5,1.8));
#3656=CARTESIAN_POINT('',(10.65,-6.5,1.8));
#3657=CARTESIAN_POINT('Origin',(10.65,7.5,1.8));
#3658=CARTESIAN_POINT('',(10.65,6.5,1.8));
#3659=CARTESIAN_POINT('Origin',(9.44289321881345,1.875,0.3));
#3660=CARTESIAN_POINT('',(9.44289321881345,-4.97103880368676,-0.2));
#3661=CARTESIAN_POINT('Origin',(9.44289321881345,-4.97103880368676,0.3));
#3662=CARTESIAN_POINT('',(9.44289321881345,5.93933982822018,-0.2));
#3663=CARTESIAN_POINT('',(9.44289321881345,1.875,-0.2));
#3664=CARTESIAN_POINT('Origin',(9.44289321881345,5.93933982822018,0.3));
#3665=CARTESIAN_POINT('Ctrl Pts',(9.44289321881345,5.93933982822018,-0.2));
#3666=CARTESIAN_POINT('Ctrl Pts',(9.44289321881345,6.04621898073367,-0.2));
#3667=CARTESIAN_POINT('Ctrl Pts',(9.37674503592665,6.22674503592665,-0.2));
#3668=CARTESIAN_POINT('Ctrl Pts',(9.19621898073367,6.29289321881345,-0.2));
#3669=CARTESIAN_POINT('Ctrl Pts',(9.08933982822018,6.29289321881345,-0.2));
#3670=CARTESIAN_POINT('Ctrl Pts',(9.57379291271303,5.93933982822018,-0.2));
#3671=CARTESIAN_POINT('Ctrl Pts',(9.55688272618007,6.07263639127047,-0.199736186030531));
#3672=CARTESIAN_POINT('Ctrl Pts',(9.45157285809143,6.30157285809143,-0.200018902056402));
#3673=CARTESIAN_POINT('Ctrl Pts',(9.22263639127047,6.40688272618007,-0.199736186030531));
#3674=CARTESIAN_POINT('Ctrl Pts',(9.08933982822018,6.42379291271303,-0.2));
#3675=CARTESIAN_POINT('Ctrl Pts',(9.7038865481951,5.93933982822018,-0.146113451804906));
#3676=CARTESIAN_POINT('Ctrl Pts',(9.67065309038257,6.09886756193841,-0.160293890191911));
#3677=CARTESIAN_POINT('Ctrl Pts',(9.52628844300202,6.37628844300202,-0.174424002823439));
#3678=CARTESIAN_POINT('Ctrl Pts',(9.24886756193841,6.52065309038257,-0.160293890191911));
#3679=CARTESIAN_POINT('Ctrl Pts',(9.08933982822018,6.5538865481951,-0.146113451804906));
#3680=CARTESIAN_POINT('Ctrl Pts',(9.79644660940673,5.93933982822018,-0.0535533905932718));
#3681=CARTESIAN_POINT('Ctrl Pts',(9.76082022523557,6.11747174907599,-0.0891797747644354));
#3682=CARTESIAN_POINT('Ctrl Pts',(9.59039790202656,6.44039790202656,-0.127305732199827));
#3683=CARTESIAN_POINT('Ctrl Pts',(9.26747174907599,6.61082022523557,-0.0891797747644363));
#3684=CARTESIAN_POINT('Ctrl Pts',(9.08933982822018,6.64644660940673,-0.0535533905932732));
#3685=CARTESIAN_POINT('',(9.08933982822018,6.29289321881345,-0.2));
#3686=CARTESIAN_POINT('Origin',(9.08933982822018,6.29289321881345,0.3));
#3687=CARTESIAN_POINT('Origin',(8.73578643762691,5.58578643762691,-0.2));
#3688=CARTESIAN_POINT('Origin',(-2.6625,6.29289321881346,0.3));
#3689=CARTESIAN_POINT('',(-9.08933982822018,6.29289321881346,-0.2));
#3690=CARTESIAN_POINT('Origin',(-9.08933982822018,6.29289321881346,0.3));
#3691=CARTESIAN_POINT('',(-2.6625,6.29289321881346,-0.2));
#3692=CARTESIAN_POINT('Ctrl Pts',(-9.08933982822018,6.29289321881346,-0.2));
#3693=CARTESIAN_POINT('Ctrl Pts',(-9.19621898073367,6.29289321881346,-0.2));
#3694=CARTESIAN_POINT('Ctrl Pts',(-9.37674503592666,6.22674503592665,-0.2));
#3695=CARTESIAN_POINT('Ctrl Pts',(-9.44289321881346,6.04621898073367,-0.2));
#3696=CARTESIAN_POINT('Ctrl Pts',(-9.44289321881346,5.93933982822018,-0.2));
#3697=CARTESIAN_POINT('Ctrl Pts',(-9.08933982822018,6.42379291271303,-0.2));
#3698=CARTESIAN_POINT('Ctrl Pts',(-9.22263639127047,6.40688272618007,-0.199736186030531));
#3699=CARTESIAN_POINT('Ctrl Pts',(-9.45157285809143,6.30157285809143,-0.200018902056402));
#3700=CARTESIAN_POINT('Ctrl Pts',(-9.55688272618007,6.07263639127047,-0.199736186030531));
#3701=CARTESIAN_POINT('Ctrl Pts',(-9.57379291271303,5.93933982822018,-0.2));
#3702=CARTESIAN_POINT('Ctrl Pts',(-9.08933982822018,6.5538865481951,-0.146113451804906));
#3703=CARTESIAN_POINT('Ctrl Pts',(-9.24886756193841,6.52065309038257,-0.160293890191911));
#3704=CARTESIAN_POINT('Ctrl Pts',(-9.52628844300202,6.37628844300202,-0.174424002823439));
#3705=CARTESIAN_POINT('Ctrl Pts',(-9.67065309038257,6.09886756193841,-0.160293890191911));
#3706=CARTESIAN_POINT('Ctrl Pts',(-9.7038865481951,5.93933982822018,-0.146113451804906));
#3707=CARTESIAN_POINT('Ctrl Pts',(-9.08933982822018,6.64644660940673,-0.0535533905932736));
#3708=CARTESIAN_POINT('Ctrl Pts',(-9.267471749076,6.61082022523557,-0.0891797747644365));
#3709=CARTESIAN_POINT('Ctrl Pts',(-9.59039790202656,6.44039790202656,-0.127305732199828));
#3710=CARTESIAN_POINT('Ctrl Pts',(-9.76082022523557,6.117471749076,-0.0891797747644362));
#3711=CARTESIAN_POINT('Ctrl Pts',(-9.79644660940673,5.93933982822018,-0.0535533905932734));
#3712=CARTESIAN_POINT('',(-9.44289321881346,5.93933982822018,-0.2));
#3713=CARTESIAN_POINT('Origin',(-9.44289321881346,5.93933982822018,0.3));
#3714=CARTESIAN_POINT('Origin',(-8.73578643762691,5.58578643762691,-0.2));
#3715=CARTESIAN_POINT('Origin',(-9.44289321881346,-1.875,0.3));
#3716=CARTESIAN_POINT('',(-9.44289321881346,-4.97103880368675,-0.2));
#3717=CARTESIAN_POINT('Origin',(-9.44289321881346,-4.97103880368675,0.3));
#3718=CARTESIAN_POINT('',(-9.44289321881346,-1.875,-0.2));
#3719=CARTESIAN_POINT('Ctrl Pts',(-9.44289321881346,-4.97103880368675,-0.2));
#3720=CARTESIAN_POINT('Ctrl Pts',(-9.44289321881346,-5.11720362252802,-0.2));
#3721=CARTESIAN_POINT('Ctrl Pts',(-9.38883181545156,-5.31866177709924,-0.2));
#3722=CARTESIAN_POINT('Ctrl Pts',(-9.25233209432551,-5.3819660112501,-0.2));
#3723=CARTESIAN_POINT('Ctrl Pts',(-9.18300003312687,-5.3819660112501,-0.2));
#3724=CARTESIAN_POINT('Ctrl Pts',(-9.57379291271303,-4.97103880368675,-0.2));
#3725=CARTESIAN_POINT('Ctrl Pts',(-9.55066703368953,-5.13526746348559,-0.199639215692225));
#3726=CARTESIAN_POINT('Ctrl Pts',(-9.4542566115724,-5.36475434409656,-0.199967915563131));
#3727=CARTESIAN_POINT('Ctrl Pts',(-9.27230215903437,-5.4506203754303,-0.199970312984379));
#3728=CARTESIAN_POINT('Ctrl Pts',(-9.18300003312687,-5.45924061275024,-0.2));
#3729=CARTESIAN_POINT('Ctrl Pts',(-9.7038865481951,-4.97103880368675,-0.146113451804906));
#3730=CARTESIAN_POINT('Ctrl Pts',(-9.65843743836964,-5.15320395633058,-0.165506206698474));
#3731=CARTESIAN_POINT('Ctrl Pts',(-9.51963833229935,-5.41084769596203,-0.18639858728494));
#3732=CARTESIAN_POINT('Ctrl Pts',(-9.29225482480648,-5.51925322582631,-0.185874753773949));
#3733=CARTESIAN_POINT('Ctrl Pts',(-9.18300003312687,-5.53645630424468,-0.181771847877659));
#3734=CARTESIAN_POINT('Ctrl Pts',(-9.79644660940673,-4.97103880368675,-0.0535533905932731));
#3735=CARTESIAN_POINT('Ctrl Pts',(-9.74772500312631,-5.16592522880844,-0.102274996873696));
#3736=CARTESIAN_POINT('Ctrl Pts',(-9.58145971210575,-5.45255656935737,-0.160417481170452));
#3737=CARTESIAN_POINT('Ctrl Pts',(-9.31010881199105,-5.58246212193387,-0.158768939033065));
#3738=CARTESIAN_POINT('Ctrl Pts',(-9.18300003312687,-5.60557280900008,-0.147213595499958));
#3739=CARTESIAN_POINT('',(-9.18300003312687,-5.3819660112501,-0.2));
#3740=CARTESIAN_POINT('',(-9.18300003312687,-5.60557280900008,-0.147213595499958));
#3741=CARTESIAN_POINT('Origin',(-9.18300003312687,-5.3819660112501,0.3));
#3742=CARTESIAN_POINT('Origin',(-8.73578643762691,-4.26393202250021,0.3));
#3743=CARTESIAN_POINT('Origin',(-8.73578643762691,-4.26393202250021,-0.2));
#3744=CARTESIAN_POINT('Origin',(2.6625,-5.3819660112501,0.3));
#3745=CARTESIAN_POINT('',(9.18300003312686,-5.3819660112501,-0.2));
#3746=CARTESIAN_POINT('',(9.18300003312686,-5.60557280900008,-0.147213595499958));
#3747=CARTESIAN_POINT('Origin',(9.18300003312686,-5.3819660112501,0.3));
#3748=CARTESIAN_POINT('',(2.6625,-5.60557280900008,-0.147213595499958));
#3749=CARTESIAN_POINT('',(2.6625,-5.3819660112501,-0.2));
#3750=CARTESIAN_POINT('Ctrl Pts',(9.18300003312686,-5.3819660112501,-0.2));
#3751=CARTESIAN_POINT('Ctrl Pts',(9.25233209432551,-5.3819660112501,-0.2));
#3752=CARTESIAN_POINT('Ctrl Pts',(9.38883181545155,-5.31866177709924,-0.2));
#3753=CARTESIAN_POINT('Ctrl Pts',(9.44289321881345,-5.11720362252802,-0.2));
#3754=CARTESIAN_POINT('Ctrl Pts',(9.44289321881345,-4.97103880368676,-0.2));
#3755=CARTESIAN_POINT('Ctrl Pts',(9.18300003312686,-5.45924061275024,-0.2));
#3756=CARTESIAN_POINT('Ctrl Pts',(9.27230215903437,-5.4506203754303,-0.199970312984379));
#3757=CARTESIAN_POINT('Ctrl Pts',(9.4542566115724,-5.36475434409656,-0.199967915563131));
#3758=CARTESIAN_POINT('Ctrl Pts',(9.55066703368952,-5.13526746348559,-0.199639215692225));
#3759=CARTESIAN_POINT('Ctrl Pts',(9.57379291271303,-4.97103880368676,-0.2));
#3760=CARTESIAN_POINT('Ctrl Pts',(9.18300003312686,-5.53645630424468,-0.18177184787766));
#3761=CARTESIAN_POINT('Ctrl Pts',(9.29225482480647,-5.51925322582631,-0.185874753773949));
#3762=CARTESIAN_POINT('Ctrl Pts',(9.51963833229935,-5.41084769596203,-0.18639858728494));
#3763=CARTESIAN_POINT('Ctrl Pts',(9.65843743836963,-5.15320395633058,-0.165506206698474));
#3764=CARTESIAN_POINT('Ctrl Pts',(9.70388654819509,-4.97103880368676,-0.146113451804906));
#3765=CARTESIAN_POINT('Ctrl Pts',(9.18300003312686,-5.60557280900008,-0.147213595499958));
#3766=CARTESIAN_POINT('Ctrl Pts',(9.31010881199104,-5.58246212193387,-0.158768939033065));
#3767=CARTESIAN_POINT('Ctrl Pts',(9.58145971210575,-5.45255656935737,-0.160417481170452));
#3768=CARTESIAN_POINT('Ctrl Pts',(9.7477250031263,-5.16592522880845,-0.102274996873696));
#3769=CARTESIAN_POINT('Ctrl Pts',(9.79644660940673,-4.97103880368676,-0.0535533905932734));
#3770=CARTESIAN_POINT('Origin',(8.7357864376269,-4.26393202250021,0.3));
#3771=CARTESIAN_POINT('Origin',(8.7357864376269,-4.26393202250021,-0.2));
#3772=CARTESIAN_POINT('Origin',(-7.96892802385569,-2.73021519495777,-0.466858413771221));
#3773=CARTESIAN_POINT('',(-7.96892802385569,-3.17742879045772,-1.36128560477114));
#3774=CARTESIAN_POINT('Origin',(5.325,-6.5,0.3));
#3775=CARTESIAN_POINT('',(7.60642802385568,-2.45242879045772,-1.72378560477114));
#3776=CARTESIAN_POINT('Origin',(7.60642802385568,-2.00521519495777,-0.829358413771221));
#3777=CARTESIAN_POINT('Origin',(-2.22044604925031E-15,2.22044604925031E-15,
-0.2));
#3778=CARTESIAN_POINT('Origin',(-9.65,6.5,1.8));
#3779=CARTESIAN_POINT('',(-9.65,7.5,1.8));
#3780=CARTESIAN_POINT('Origin',(-10.65,7.5,1.8));
#3781=CARTESIAN_POINT('',(9.65,7.5,1.8));
#3782=CARTESIAN_POINT('Origin',(9.65,6.5,1.8));
#3783=CARTESIAN_POINT('Origin',(8.67361737988404E-16,0.,-4.22));
#3784=CARTESIAN_POINT('',(-1.9119623427254,0.,0.399999999999999));
#3785=CARTESIAN_POINT('',(1.9119623427254,0.,0.4));
#3786=CARTESIAN_POINT('Origin',(8.67361737988404E-16,0.,-4.22));
#3787=CARTESIAN_POINT('',(-1.9119623427254,-1.1,0.399999999999999));
#3788=CARTESIAN_POINT('',(-1.9119623427254,0.,0.399999999999999));
#3789=CARTESIAN_POINT('',(1.9119623427254,-1.1,0.4));
#3790=CARTESIAN_POINT('Origin',(8.67361737988404E-16,-1.1,-4.22));
#3791=CARTESIAN_POINT('',(1.9119623427254,0.,0.4));
#3792=CARTESIAN_POINT('Origin',(-1.9119623427254,0.,0.399999999999999));
#3793=CARTESIAN_POINT('',(1.65780110325502,0.,0.4));
#3794=CARTESIAN_POINT('',(1.65780110325502,-1.1,0.4));
#3795=CARTESIAN_POINT('Origin',(-2.77555756156289E-16,0.,0.589999999999999));
#3796=CARTESIAN_POINT('Origin',(-2.77555756156289E-16,-1.1,0.589999999999999));
#3797=UNCERTAINTY_MEASURE_WITH_UNIT(LENGTH_MEASURE(0.01),#3801,
'DISTANCE_ACCURACY_VALUE',
'Maximum model space distance between geometric entities at asserted c
onnectivities');
#3798=UNCERTAINTY_MEASURE_WITH_UNIT(LENGTH_MEASURE(0.01),#3801,
'DISTANCE_ACCURACY_VALUE',
'Maximum model space distance between geometric entities at asserted c
onnectivities');
#3799=(
GEOMETRIC_REPRESENTATION_CONTEXT(3)
GLOBAL_UNCERTAINTY_ASSIGNED_CONTEXT((#3797))
GLOBAL_UNIT_ASSIGNED_CONTEXT((#3801,#3803,#3804))
REPRESENTATION_CONTEXT('','3D')
);
#3800=(
GEOMETRIC_REPRESENTATION_CONTEXT(3)
GLOBAL_UNCERTAINTY_ASSIGNED_CONTEXT((#3798))
GLOBAL_UNIT_ASSIGNED_CONTEXT((#3801,#3803,#3804))
REPRESENTATION_CONTEXT('','3D')
);
#3801=(
LENGTH_UNIT()
NAMED_UNIT(*)
SI_UNIT(.MILLI.,.METRE.)
);
#3802=(
LENGTH_UNIT()
NAMED_UNIT(*)
SI_UNIT($,.METRE.)
);
#3803=(
NAMED_UNIT(*)
PLANE_ANGLE_UNIT()
SI_UNIT($,.RADIAN.)
);
#3804=(
NAMED_UNIT(*)
SI_UNIT($,.STERADIAN.)
SOLID_ANGLE_UNIT()
);
#3805=SHAPE_DEFINITION_REPRESENTATION(#3806,#3807);
#3806=PRODUCT_DEFINITION_SHAPE('',$,#3809);
#3807=SHAPE_REPRESENTATION('',(#2095),#3799);
#3808=PRODUCT_DEFINITION_CONTEXT('part definition',#3813,'design');
#3809=PRODUCT_DEFINITION('nref_keycap','nref_keycap',#3810,#3808);
#3810=PRODUCT_DEFINITION_FORMATION('',$,#3815);
#3811=PRODUCT_RELATED_PRODUCT_CATEGORY('nref_keycap','nref_keycap',(#3815));
#3812=APPLICATION_PROTOCOL_DEFINITION('international standard',
'automotive_design',2009,#3813);
#3813=APPLICATION_CONTEXT(
'Core Data for Automotive Mechanical Design Process');
#3814=PRODUCT_CONTEXT('part definition',#3813,'mechanical');
#3815=PRODUCT('nref_keycap','nref_keycap',$,(#3814));
#3816=PRESENTATION_STYLE_ASSIGNMENT((#3817));
#3817=SURFACE_STYLE_USAGE(.BOTH.,#3818);
#3818=SURFACE_SIDE_STYLE('',(#3819));
#3819=SURFACE_STYLE_FILL_AREA(#3820);
#3820=FILL_AREA_STYLE('Steel - Satin',(#3821));
#3821=FILL_AREA_STYLE_COLOUR('Steel - Satin',#3822);
#3822=COLOUR_RGB('Steel - Satin',0.627450980392157,0.627450980392157,0.627450980392157);
ENDSEC;
END-ISO-10303-21;
