ISO-10303-21;
HEADER;
FILE_DESCRIPTION(('OneSpaceDesigner STEP Export'),'2;1');
FILE_NAME('FH12-14S-0.5SH.stp','2007-03-15T19:34:17',(''),(''),
'OneSpace Designer STEP processor (Jan. 2003) for AP214(CD)(Solid Model)
','OneSpace Designer 12.00  10-Sep-2003 (C) CoCreate Software GmbH','');
FILE_SCHEMA(('AUTOMOTIVE_DESIGN_CC2 {1 2 10303 214 -1 1 5 1}'));
ENDSEC;
DATA;
#10=CARTESIAN_POINT('',(-0.529789155951188,-0.641052224877575,14.8075));
#20=DIRECTION('',(0.,0.447213595499958,-0.894427190999916));
#30=DIRECTION('',(0.,-0.894427190999916,-0.447213595499958));
#40=AXIS2_PLACEMENT_3D('',#10,#20,#30);
#50=PLANE('',#40);
#60=CARTESIAN_POINT('',(-0.154789155951188,1.00894777512243,15.6325));
#70=DIRECTION('',(-0.285714285714286,-0.857142857142857,
-0.428571428571429));
#80=VECTOR('',#70,1.);
#90=LINE('',#60,#80);
#100=CARTESIAN_POINT('',(-0.604789155951188,-0.341052224877575,14.9575))
;
#110=VERTEX_POINT('',#100);
#120=CARTESIAN_POINT('',(-0.804789155951185,-0.941052224877574,14.6575))
;
#130=VERTEX_POINT('',#120);
#140=EDGE_CURVE('',#110,#130,#90,.T.);
#150=ORIENTED_EDGE('',*,*,#140,.F.);
#160=CARTESIAN_POINT('',(-0.264789155951187,-0.941052224877568,14.6575))
;
#170=DIRECTION('',(-1.,0.,0.));
#180=VECTOR('',#170,1.);
#190=LINE('',#160,#180);
#200=CARTESIAN_POINT('',(-0.254789155951188,-0.941052224877568,14.6575))
;
#210=VERTEX_POINT('',#200);
#220=EDGE_CURVE('',#210,#130,#190,.T.);
#230=ORIENTED_EDGE('',*,*,#220,.T.);
#240=CARTESIAN_POINT('',(-0.254789155951188,1.00894777512243,15.6325));
#250=DIRECTION('',(0.,0.894427190999916,0.447213595499958));
#260=VECTOR('',#250,1.);
#270=LINE('',#240,#260);
#280=CARTESIAN_POINT('',(-0.254789155951188,-0.341052224877575,14.9575))
;
#290=VERTEX_POINT('',#280);
#300=EDGE_CURVE('',#210,#290,#270,.T.);
#310=ORIENTED_EDGE('',*,*,#300,.F.);
#320=CARTESIAN_POINT('',(-0.264789155951187,-0.341052224877575,14.9575))
;
#330=DIRECTION('',(-1.,0.,0.));
#340=VECTOR('',#330,1.);
#350=LINE('',#320,#340);
#360=EDGE_CURVE('',#290,#110,#350,.T.);
#370=ORIENTED_EDGE('',*,*,#360,.F.);
#380=EDGE_LOOP('',(#370,#310,#230,#150));
#390=FACE_OUTER_BOUND('',#380,.T.);
#400=ADVANCED_FACE('',(#390),#50,.T.);
#410=CARTESIAN_POINT('',(-0.614789155951187,0.808947775122426,14.7325));
#420=DIRECTION('',(0.447213595499958,0.,-0.894427190999916));
#430=DIRECTION('',(-0.894427190999916,0.,-0.447213595499958));
#440=AXIS2_PLACEMENT_3D('',#410,#420,#430);
#450=PLANE('',#440);
#460=CARTESIAN_POINT('',(-0.264789155951187,0.608947775122426,14.9075));
#470=DIRECTION('',(-0.894427190999916,0.,-0.447213595499958));
#480=VECTOR('',#470,1.);
#490=LINE('',#460,#480);
#500=CARTESIAN_POINT('',(-0.464789155951187,0.608947775122426,14.8075));
#510=VERTEX_POINT('',#500);
#520=CARTESIAN_POINT('',(-0.764789155951187,0.608947775122426,14.6575));
#530=VERTEX_POINT('',#520);
#540=EDGE_CURVE('',#510,#530,#490,.T.);
#550=ORIENTED_EDGE('',*,*,#540,.F.);
#560=CARTESIAN_POINT('',(-0.764789155951187,-3.37105222487757,14.6575));
#570=DIRECTION('',(0.,-1.,0.));
#580=VECTOR('',#570,1.);
#590=LINE('',#560,#580);
#600=CARTESIAN_POINT('',(-0.764789155951187,1.00894777512243,14.6575));
#610=VERTEX_POINT('',#600);
#620=EDGE_CURVE('',#610,#530,#590,.T.);
#630=ORIENTED_EDGE('',*,*,#620,.T.);
#640=CARTESIAN_POINT('',(-0.264789155951187,1.00894777512243,14.9075));
#650=DIRECTION('',(0.894427190999916,0.,0.447213595499958));
#660=VECTOR('',#650,1.);
#670=LINE('',#640,#660);
#680=CARTESIAN_POINT('',(-0.464789155951187,1.00894777512243,14.8075));
#690=VERTEX_POINT('',#680);
#700=EDGE_CURVE('',#610,#690,#670,.T.);
#710=ORIENTED_EDGE('',*,*,#700,.F.);
#720=CARTESIAN_POINT('',(-0.464789155951187,-3.37105222487757,14.8075));
#730=DIRECTION('',(0.,1.,0.));
#740=VECTOR('',#730,1.);
#750=LINE('',#720,#740);
#760=EDGE_CURVE('',#510,#690,#750,.T.);
#770=ORIENTED_EDGE('',*,*,#760,.T.);
#780=EDGE_LOOP('',(#770,#710,#630,#550));
#790=FACE_OUTER_BOUND('',#780,.T.);
#800=ADVANCED_FACE('',(#790),#450,.F.);
#810=CARTESIAN_POINT('',(-2.01478915595119,-0.791052224877575,14.1075));
#820=DIRECTION('',(0.,-1.,0.));
#830=DIRECTION('',(-1.,0.,0.));
#840=AXIS2_PLACEMENT_3D('',#810,#820,#830);
#850=PLANE('',#840);
#860=CARTESIAN_POINT('',(-0.814789155951187,-0.791052224877575,14.1925))
;
#870=DIRECTION('',(-0.707106781186547,0.,-0.707106781186548));
#880=VECTOR('',#870,1.);
#890=LINE('',#860,#880);
#900=CARTESIAN_POINT('',(-0.814789155951188,-0.791052224877575,14.1925))
;
#910=VERTEX_POINT('',#900);
#920=CARTESIAN_POINT('',(-1.01478915595119,-0.791052224877575,13.9925));
#930=VERTEX_POINT('',#920);
#940=EDGE_CURVE('',#910,#930,#890,.T.);
#950=ORIENTED_EDGE('',*,*,#940,.F.);
#960=CARTESIAN_POINT('',(-0.264789155951187,-0.791052224877575,13.9925))
;
#970=DIRECTION('',(1.,0.,0.));
#980=VECTOR('',#970,1.);
#990=LINE('',#960,#980);
#1000=CARTESIAN_POINT('',(-0.814789155951188,-0.791052224877575,13.9925)
);
#1010=VERTEX_POINT('',#1000);
#1020=EDGE_CURVE('',#930,#1010,#990,.T.);
#1030=ORIENTED_EDGE('',*,*,#1020,.F.);
#1040=CARTESIAN_POINT('',(-0.814789155951188,-0.791052224877575,-10.265)
);
#1050=DIRECTION('',(0.,0.,-1.));
#1060=VECTOR('',#1050,1.);
#1070=LINE('',#1040,#1060);
#1080=EDGE_CURVE('',#910,#1010,#1070,.T.);
#1090=ORIENTED_EDGE('',*,*,#1080,.T.);
#1100=EDGE_LOOP('',(#1090,#1030,#950));
#1110=FACE_OUTER_BOUND('',#1100,.T.);
#1120=ADVANCED_FACE('',(#1110),#850,.F.);
#1130=CARTESIAN_POINT('',(-1.01478915595119,1.00894777512243,13.9925));
#1140=DIRECTION('',(-0.707106781186548,0.,0.707106781186547));
#1150=DIRECTION('',(-0.707106781186547,0.,-0.707106781186548));
#1160=AXIS2_PLACEMENT_3D('',#1130,#1140,#1150);
#1170=PLANE('',#1160);
#1180=CARTESIAN_POINT('',(-1.01478915595119,1.00894777512243,13.9925));
#1190=DIRECTION('',(0.,1.,0.));
#1200=VECTOR('',#1190,1.);
#1210=LINE('',#1180,#1200);
#1220=CARTESIAN_POINT('',(-1.01478915595119,0.808947775122425,13.9925));
#1230=VERTEX_POINT('',#1220);
#1240=EDGE_CURVE('',#930,#1230,#1210,.T.);
#1250=ORIENTED_EDGE('',*,*,#1240,.T.);
#1260=ORIENTED_EDGE('',*,*,#940,.T.);
#1270=CARTESIAN_POINT('',(-0.814789155951188,1.00894777512243,14.1925));
#1280=DIRECTION('',(0.,-1.,0.));
#1290=VECTOR('',#1280,1.);
#1300=LINE('',#1270,#1290);
#1310=CARTESIAN_POINT('',(-0.814789155951188,1.00894777512243,14.1925));
#1320=VERTEX_POINT('',#1310);
#1330=EDGE_CURVE('',#1320,#910,#1300,.T.);
#1340=ORIENTED_EDGE('',*,*,#1330,.T.);
#1350=CARTESIAN_POINT('',(-0.814789155951187,1.00894777512243,14.1925));
#1360=DIRECTION('',(-0.577350269189626,-0.577350269189626,
-0.577350269189626));
#1370=VECTOR('',#1360,1.);
#1380=LINE('',#1350,#1370);
#1390=EDGE_CURVE('',#1320,#1230,#1380,.T.);
#1400=ORIENTED_EDGE('',*,*,#1390,.F.);
#1410=EDGE_LOOP('',(#1400,#1340,#1260,#1250));
#1420=FACE_OUTER_BOUND('',#1410,.T.);
#1430=ADVANCED_FACE('',(#1420),#1170,.F.);
#1440=CARTESIAN_POINT('',(-1.23978915595119,0.908947775122425,14.0925));
#1450=DIRECTION('',(0.,-0.707106781186547,0.707106781186548));
#1460=DIRECTION('',(0.,0.707106781186548,0.707106781186547));
#1470=AXIS2_PLACEMENT_3D('',#1440,#1450,#1460);
#1480=PLANE('',#1470);
#1490=CARTESIAN_POINT('',(-0.264789155951187,0.80894777512243,13.9925));
#1500=DIRECTION('',(-1.,0.,0.));
#1510=VECTOR('',#1500,1.);
#1520=LINE('',#1490,#1510);
#1530=CARTESIAN_POINT('',(-1.46478915595119,0.808947775122425,13.9925));
#1540=VERTEX_POINT('',#1530);
#1550=EDGE_CURVE('',#1230,#1540,#1520,.T.);
#1560=ORIENTED_EDGE('',*,*,#1550,.T.);
#1570=ORIENTED_EDGE('',*,*,#1390,.T.);
#1580=CARTESIAN_POINT('',(-0.264789155951187,1.00894777512243,14.1925));
#1590=DIRECTION('',(-1.,0.,0.));
#1600=VECTOR('',#1590,1.);
#1610=LINE('',#1580,#1600);
#1620=CARTESIAN_POINT('',(-1.46478915595119,1.00894777512243,14.1925));
#1630=VERTEX_POINT('',#1620);
#1640=EDGE_CURVE('',#1320,#1630,#1610,.T.);
#1650=ORIENTED_EDGE('',*,*,#1640,.F.);
#1660=CARTESIAN_POINT('',(-1.46478915595119,1.00894777512243,14.1925));
#1670=DIRECTION('',(0.,-0.707106781186548,-0.707106781186547));
#1680=VECTOR('',#1670,1.);
#1690=LINE('',#1660,#1680);
#1700=EDGE_CURVE('',#1630,#1540,#1690,.T.);
#1710=ORIENTED_EDGE('',*,*,#1700,.F.);
#1720=EDGE_LOOP('',(#1710,#1650,#1570,#1560));
#1730=FACE_OUTER_BOUND('',#1720,.T.);
#1740=ADVANCED_FACE('',(#1730),#1480,.F.);
#1750=CARTESIAN_POINT('',(-0.0785519554247904,-1.1148768973344,14.6575))
;
#1760=DIRECTION('',(0.,0.,-1.));
#1770=DIRECTION('',(-1.,0.,0.));
#1780=AXIS2_PLACEMENT_3D('',#1750,#1760,#1770);
#1790=PLANE('',#1780);
#1800=CARTESIAN_POINT('',(-0.614789155951187,-1.29105222487757,14.6575))
;
#1810=DIRECTION('',(0.,0.,1.));
#1820=DIRECTION('',(1.,0.,0.));
#1830=AXIS2_PLACEMENT_3D('',#1800,#1810,#1820);
#1840=CIRCLE('',#1830,0.2);
#1850=CARTESIAN_POINT('',(-0.814789155951188,-1.29105222487757,14.6575))
;
#1860=VERTEX_POINT('',#1850);
#1870=CARTESIAN_POINT('',(-0.767466245582776,-1.42024087105683,14.6575))
;
#1880=VERTEX_POINT('',#1870);
#1890=EDGE_CURVE('',#1860,#1880,#1840,.T.);
#1900=ORIENTED_EDGE('',*,*,#1890,.T.);
#1910=CARTESIAN_POINT('',(-0.814789155951187,1.00894777512243,14.6575));
#1920=DIRECTION('',(0.,1.,0.));
#1930=VECTOR('',#1920,1.);
#1940=LINE('',#1910,#1930);
#1950=CARTESIAN_POINT('',(-0.814789155951187,-1.69105222487758,14.6575))
;
#1960=VERTEX_POINT('',#1950);
#1970=EDGE_CURVE('',#1960,#1860,#1940,.T.);
#1980=ORIENTED_EDGE('',*,*,#1970,.T.);
#1990=CARTESIAN_POINT('',(-0.264789155951187,-1.69105222487758,14.6575))
;
#2000=DIRECTION('',(1.,0.,0.));
#2010=VECTOR('',#2000,1.);
#2020=LINE('',#1990,#2010);
#2030=CARTESIAN_POINT('',(-0.754789155951188,-1.69105222487758,14.6575))
;
#2040=VERTEX_POINT('',#2030);
#2050=EDGE_CURVE('',#1960,#2040,#2020,.T.);
#2060=ORIENTED_EDGE('',*,*,#2050,.F.);
#2070=CARTESIAN_POINT('',(-0.754789155951188,-1.69105222487758,14.6575))
;
#2080=DIRECTION('',(0.,1.,0.));
#2090=VECTOR('',#2080,1.);
#2100=LINE('',#2070,#2090);
#2110=CARTESIAN_POINT('',(-0.754789155951188,-1.43522284669627,14.6575))
;
#2120=VERTEX_POINT('',#2110);
#2130=EDGE_CURVE('',#2040,#2120,#2100,.T.);
#2140=ORIENTED_EDGE('',*,*,#2130,.F.);
#2150=CARTESIAN_POINT('',(-2.82293896431985,1.00894777512243,14.6575));
#2160=DIRECTION('',(-0.645943230896256,0.763385448157945,0.));
#2170=VECTOR('',#2160,1.);
#2180=LINE('',#2150,#2170);
#2190=EDGE_CURVE('',#2120,#1880,#2180,.T.);
#2200=ORIENTED_EDGE('',*,*,#2190,.F.);
#2210=EDGE_LOOP('',(#2200,#2140,#2060,#1980,#1900));
#2220=FACE_OUTER_BOUND('',#2210,.T.);
#2230=ADVANCED_FACE('',(#2220),#1790,.T.);
#2240=CARTESIAN_POINT('',(-0.659817285558696,-1.54746203486978,14.6575))
;
#2250=DIRECTION('',(-0.763385448157945,-0.645943230896256,0.));
#2260=DIRECTION('',(-0.645943230896256,0.763385448157945,0.));
#2270=AXIS2_PLACEMENT_3D('',#2240,#2250,#2260);
#2280=PLANE('',#2270);
#2290=CARTESIAN_POINT('',(-2.82293896431985,1.00894777512243,14.9575));
#2300=DIRECTION('',(-0.645943230896256,0.763385448157945,0.));
#2310=VECTOR('',#2300,1.);
#2320=LINE('',#2290,#2310);
#2330=CARTESIAN_POINT('',(-0.659817285558696,-1.54746203486978,14.9575))
;
#2340=VERTEX_POINT('',#2330);
#2350=CARTESIAN_POINT('',(-0.754789155951188,-1.43522284669627,14.9575))
;
#2360=VERTEX_POINT('',#2350);
#2370=EDGE_CURVE('',#2340,#2360,#2320,.T.);
#2380=ORIENTED_EDGE('',*,*,#2370,.T.);
#2390=CARTESIAN_POINT('',(-0.659817285558696,-1.54746203486978,14.6575))
;
#2400=DIRECTION('',(0.,0.,1.));
#2410=VECTOR('',#2400,1.);
#2420=LINE('',#2390,#2410);
#2430=CARTESIAN_POINT('',(-0.659817285558697,-1.54746203486978,13.88));
#2440=VERTEX_POINT('',#2430);
#2450=EDGE_CURVE('',#2440,#2340,#2420,.T.);
#2460=ORIENTED_EDGE('',*,*,#2450,.T.);
#2470=CARTESIAN_POINT('',(-2.82293896431985,1.00894777512243,13.88));
#2480=DIRECTION('',(0.645943230896256,-0.763385448157945,0.));
#2490=VECTOR('',#2480,1.);
#2500=LINE('',#2470,#2490);
#2510=CARTESIAN_POINT('',(-0.767466245582777,-1.42024087105683,13.88));
#2520=VERTEX_POINT('',#2510);
#2530=EDGE_CURVE('',#2520,#2440,#2500,.T.);
#2540=ORIENTED_EDGE('',*,*,#2530,.T.);
#2550=CARTESIAN_POINT('',(-0.767466245582777,-1.42024087105683,14.6575))
;
#2560=DIRECTION('',(0.,0.,-1.));
#2570=VECTOR('',#2560,1.);
#2580=LINE('',#2550,#2570);
#2590=EDGE_CURVE('',#1880,#2520,#2580,.T.);
#2600=ORIENTED_EDGE('',*,*,#2590,.T.);
#2610=ORIENTED_EDGE('',*,*,#2190,.T.);
#2620=CARTESIAN_POINT('',(-0.754789155951188,-1.43522284669627,-10.265))
;
#2630=DIRECTION('',(0.,0.,1.));
#2640=VECTOR('',#2630,1.);
#2650=LINE('',#2620,#2640);
#2660=EDGE_CURVE('',#2120,#2360,#2650,.T.);
#2670=ORIENTED_EDGE('',*,*,#2660,.F.);
#2680=EDGE_LOOP('',(#2670,#2610,#2600,#2540,#2460,#2380));
#2690=FACE_OUTER_BOUND('',#2680,.T.);
#2700=ADVANCED_FACE('',(#2690),#2280,.T.);
#2710=CARTESIAN_POINT('',(-1.11478915595119,1.30894777512243,13.9925));
#2720=DIRECTION('',(0.,0.,-1.));
#2730=DIRECTION('',(0.,1.,0.));
#2740=AXIS2_PLACEMENT_3D('',#2710,#2720,#2730);
#2750=PLANE('',#2740);
#2760=ORIENTED_EDGE('',*,*,#1550,.F.);
#2770=CARTESIAN_POINT('',(-1.46478915595119,1.00894777512243,13.9925));
#2780=DIRECTION('',(0.,-1.,0.));
#2790=VECTOR('',#2780,1.);
#2800=LINE('',#2770,#2790);
#2810=CARTESIAN_POINT('',(-1.46478915595119,-1.59105222487758,13.9925));
#2820=VERTEX_POINT('',#2810);
#2830=EDGE_CURVE('',#1540,#2820,#2800,.T.);
#2840=ORIENTED_EDGE('',*,*,#2830,.F.);
#2850=CARTESIAN_POINT('',(-1.46478915595119,-1.59105222487758,13.9925));
#2860=DIRECTION('',(0.196116135138184,-0.98058067569092,0.));
#2870=VECTOR('',#2860,1.);
#2880=LINE('',#2850,#2870);
#2890=CARTESIAN_POINT('',(-1.36478915595119,-2.09105222487758,13.9925));
#2900=VERTEX_POINT('',#2890);
#2910=EDGE_CURVE('',#2820,#2900,#2880,.T.);
#2920=ORIENTED_EDGE('',*,*,#2910,.F.);
#2930=CARTESIAN_POINT('',(-1.36478915595119,1.00894777512243,13.9925));
#2940=DIRECTION('',(0.,1.,0.));
#2950=VECTOR('',#2940,1.);
#2960=LINE('',#2930,#2950);
#2970=CARTESIAN_POINT('',(-1.36478915595119,-2.39105222487758,13.9925));
#2980=VERTEX_POINT('',#2970);
#2990=EDGE_CURVE('',#2980,#2900,#2960,.T.);
#3000=ORIENTED_EDGE('',*,*,#2990,.T.);
#3010=CARTESIAN_POINT('',(-0.264789155951187,-2.39105222487758,13.9925))
;
#3020=DIRECTION('',(1.,0.,0.));
#3030=VECTOR('',#3020,1.);
#3040=LINE('',#3010,#3030);
#3050=CARTESIAN_POINT('',(-1.06478915595119,-2.39105222487758,13.9925));
#3060=VERTEX_POINT('',#3050);
#3070=EDGE_CURVE('',#2980,#3060,#3040,.T.);
#3080=ORIENTED_EDGE('',*,*,#3070,.F.);
#3090=CARTESIAN_POINT('',(-1.06478915595119,-2.39105222487758,13.9925));
#3100=DIRECTION('',(0.242535625036333,0.970142500145332,0.));
#3110=VECTOR('',#3100,1.);
#3120=LINE('',#3090,#3110);
#3130=CARTESIAN_POINT('',(-0.914789155951188,-1.79105222487757,13.9925))
;
#3140=VERTEX_POINT('',#3130);
#3150=EDGE_CURVE('',#3060,#3140,#3120,.T.);
#3160=ORIENTED_EDGE('',*,*,#3150,.F.);
#3170=CARTESIAN_POINT('',(-2.01478915595119,-1.79105222487757,13.9925));
#3180=DIRECTION('',(-1.,0.,0.));
#3190=VECTOR('',#3180,1.);
#3200=LINE('',#3170,#3190);
#3210=CARTESIAN_POINT('',(-0.814789155951187,-1.79105222487757,13.9925))
;
#3220=VERTEX_POINT('',#3210);
#3230=EDGE_CURVE('',#3220,#3140,#3200,.T.);
#3240=ORIENTED_EDGE('',*,*,#3230,.T.);
#3250=CARTESIAN_POINT('',(-0.814789155951187,1.00894777512243,13.9925));
#3260=DIRECTION('',(0.,-1.,0.));
#3270=VECTOR('',#3260,1.);
#3280=LINE('',#3250,#3270);
#3290=CARTESIAN_POINT('',(-0.814789155951188,-1.29105222487757,13.9925))
;
#3300=VERTEX_POINT('',#3290);
#3310=EDGE_CURVE('',#3300,#3220,#3280,.T.);
#3320=ORIENTED_EDGE('',*,*,#3310,.T.);
#3330=CARTESIAN_POINT('',(-0.814789155951188,1.00894777512243,13.9925));
#3340=DIRECTION('',(0.,1.,0.));
#3350=VECTOR('',#3340,1.);
#3360=LINE('',#3330,#3350);
#3370=EDGE_CURVE('',#3300,#1010,#3360,.T.);
#3380=ORIENTED_EDGE('',*,*,#3370,.F.);
#3390=ORIENTED_EDGE('',*,*,#1020,.T.);
#3400=ORIENTED_EDGE('',*,*,#1240,.F.);
#3410=EDGE_LOOP('',(#3400,#3390,#3380,#3320,#3240,#3160,#3080,#3000,
#2920,#2840,#2760));
#3420=FACE_OUTER_BOUND('',#3410,.T.);
#3430=ADVANCED_FACE('',(#3420),#2750,.T.);
#3440=CARTESIAN_POINT('',(-0.464789155951187,-1.73105222487757,15.0575))
;
#3450=DIRECTION('',(0.,0.,1.));
#3460=DIRECTION('',(1.,0.,0.));
#3470=AXIS2_PLACEMENT_3D('',#3440,#3450,#3460);
#3480=PLANE('',#3470);
#3490=CARTESIAN_POINT('',(-0.464789155951187,1.60894777512243,15.0575));
#3500=DIRECTION('',(0.,0.,1.));
#3510=DIRECTION('',(1.,0.,0.));
#3520=AXIS2_PLACEMENT_3D('',#3490,#3500,#3510);
#3530=CIRCLE('',#3520,0.4);
#3540=CARTESIAN_POINT('',(-0.0647891559512658,1.60894777512243,15.0575))
;
#3550=VERTEX_POINT('',#3540);
#3560=CARTESIAN_POINT('',(-0.464789155951187,2.00894777512243,15.0575));
#3570=VERTEX_POINT('',#3560);
#3580=EDGE_CURVE('',#3550,#3570,#3530,.T.);
#3590=ORIENTED_EDGE('',*,*,#3580,.T.);
#3600=CARTESIAN_POINT('',(-0.0647891559511874,-1.73105222487757,15.0575)
);
#3610=DIRECTION('',(0.,1.,0.));
#3620=VECTOR('',#3610,1.);
#3630=LINE('',#3600,#3620);
#3640=CARTESIAN_POINT('',(-0.0647891559511874,1.30894777512243,15.0575))
;
#3650=VERTEX_POINT('',#3640);
#3660=EDGE_CURVE('',#3650,#3550,#3630,.T.);
#3670=ORIENTED_EDGE('',*,*,#3660,.T.);
#3680=CARTESIAN_POINT('',(-0.464789155951187,1.30894777512243,15.0575));
#3690=DIRECTION('',(1.,0.,0.));
#3700=VECTOR('',#3690,1.);
#3710=LINE('',#3680,#3700);
#3720=CARTESIAN_POINT('',(-1.81478915595119,1.30894777512243,15.0575));
#3730=VERTEX_POINT('',#3720);
#3740=EDGE_CURVE('',#3730,#3650,#3710,.T.);
#3750=ORIENTED_EDGE('',*,*,#3740,.T.);
#3760=CARTESIAN_POINT('',(-1.81478915595119,-3.37105222487757,15.0575));
#3770=DIRECTION('',(0.,-1.,0.));
#3780=VECTOR('',#3770,1.);
#3790=LINE('',#3760,#3780);
#3800=CARTESIAN_POINT('',(-1.81478915595119,2.00894777512243,15.0575));
#3810=VERTEX_POINT('',#3800);
#3820=EDGE_CURVE('',#3810,#3730,#3790,.T.);
#3830=ORIENTED_EDGE('',*,*,#3820,.T.);
#3840=CARTESIAN_POINT('',(-0.464789155951187,2.00894777512243,15.0575));
#3850=DIRECTION('',(1.,0.,0.));
#3860=VECTOR('',#3850,1.);
#3870=LINE('',#3840,#3860);
#3880=EDGE_CURVE('',#3810,#3570,#3870,.T.);
#3890=ORIENTED_EDGE('',*,*,#3880,.F.);
#3900=EDGE_LOOP('',(#3890,#3830,#3750,#3670,#3590));
#3910=FACE_OUTER_BOUND('',#3900,.T.);
#3920=ADVANCED_FACE('',(#3910),#3480,.T.);
#3930=CARTESIAN_POINT('',(-1.21478915595119,-0.016052224877575,14.9575))
;
#3940=DIRECTION('',(-1.,0.,0.));
#3950=DIRECTION('',(0.,1.,0.));
#3960=AXIS2_PLACEMENT_3D('',#3930,#3940,#3950);
#3970=PLANE('',#3960);
#3980=CARTESIAN_POINT('',(-1.21478915595119,1.00894777512243,14.4075));
#3990=DIRECTION('',(6.12303176911189E-17,-1.,0.));
#4000=VECTOR('',#3990,1.);
#4010=LINE('',#3980,#4000);
#4020=CARTESIAN_POINT('',(-1.21478915595119,-0.0160522248775749,14.4075)
);
#4030=VERTEX_POINT('',#4020);
#4040=CARTESIAN_POINT('',(-1.21478915595119,-3.59105222487757,14.4075));
#4050=VERTEX_POINT('',#4040);
#4060=EDGE_CURVE('',#4030,#4050,#4010,.T.);
#4070=ORIENTED_EDGE('',*,*,#4060,.F.);
#4080=CARTESIAN_POINT('',(-1.21478915595119,-3.59105222487757,15.2025));
#4090=DIRECTION('',(0.,0.,1.));
#4100=VECTOR('',#4090,1.);
#4110=LINE('',#4080,#4100);
#4120=CARTESIAN_POINT('',(-1.21478915595119,-3.59105222487757,15.2575));
#4130=VERTEX_POINT('',#4120);
#4140=EDGE_CURVE('',#4050,#4130,#4110,.T.);
#4150=ORIENTED_EDGE('',*,*,#4140,.F.);
#4160=CARTESIAN_POINT('',(-1.21478915595119,1.00894777512243,15.2575));
#4170=DIRECTION('',(0.,1.,0.));
#4180=VECTOR('',#4170,1.);
#4190=LINE('',#4160,#4180);
#4200=CARTESIAN_POINT('',(-1.21478915595119,-0.0160522248775749,15.2575)
);
#4210=VERTEX_POINT('',#4200);
#4220=EDGE_CURVE('',#4130,#4210,#4190,.T.);
#4230=ORIENTED_EDGE('',*,*,#4220,.F.);
#4240=CARTESIAN_POINT('',(-1.21478915595119,-0.0160522248775749,14.9575)
);
#4250=DIRECTION('',(0.,0.,1.));
#4260=VECTOR('',#4250,1.);
#4270=LINE('',#4240,#4260);
#4280=EDGE_CURVE('',#4030,#4210,#4270,.T.);
#4290=ORIENTED_EDGE('',*,*,#4280,.T.);
#4300=EDGE_LOOP('',(#4290,#4230,#4150,#4070));
#4310=FACE_OUTER_BOUND('',#4300,.T.);
#4320=ADVANCED_FACE('',(#4310),#3970,.F.);
#4330=CARTESIAN_POINT('',(-0.114789155951187,1.00894777512243,14.6575));
#4340=DIRECTION('',(-0.707106781186548,0.,0.707106781186547));
#4350=DIRECTION('',(-0.707106781186547,0.,-0.707106781186548));
#4360=AXIS2_PLACEMENT_3D('',#4330,#4340,#4350);
#4370=PLANE('',#4360);
#4380=CARTESIAN_POINT('',(2.45521084404881,-0.341052224877575,17.2275));
#4390=DIRECTION('',(-0.707106781186547,0.,-0.707106781186548));
#4400=VECTOR('',#4390,1.);
#4410=LINE('',#4380,#4400);
#4420=CARTESIAN_POINT('',(0.0352108440488124,-0.341052224877575,14.8075)
);
#4430=VERTEX_POINT('',#4420);
#4440=CARTESIAN_POINT('',(-0.114789155951187,-0.341052224877575,14.6575)
);
#4450=VERTEX_POINT('',#4440);
#4460=EDGE_CURVE('',#4430,#4450,#4410,.T.);
#4470=ORIENTED_EDGE('',*,*,#4460,.T.);
#4480=CARTESIAN_POINT('',(0.0352108440488124,1.00894777512243,14.8075));
#4490=DIRECTION('',(0.,-1.,0.));
#4500=VECTOR('',#4490,1.);
#4510=LINE('',#4480,#4500);
#4520=CARTESIAN_POINT('',(0.0352108440488126,1.00894777512243,14.8075));
#4530=VERTEX_POINT('',#4520);
#4540=EDGE_CURVE('',#4530,#4430,#4510,.T.);
#4550=ORIENTED_EDGE('',*,*,#4540,.T.);
#4560=CARTESIAN_POINT('',(0.485210844048813,1.00894777512243,15.2575));
#4570=DIRECTION('',(0.707106781186547,0.,0.707106781186548));
#4580=VECTOR('',#4570,1.);
#4590=LINE('',#4560,#4580);
#4600=CARTESIAN_POINT('',(-0.114789155951187,1.00894777512243,14.6575));
#4610=VERTEX_POINT('',#4600);
#4620=EDGE_CURVE('',#4610,#4530,#4590,.T.);
#4630=ORIENTED_EDGE('',*,*,#4620,.T.);
#4640=CARTESIAN_POINT('',(-0.11478915595118,1.00894777512243,14.6575));
#4650=DIRECTION('',(0.,-1.,0.));
#4660=VECTOR('',#4650,1.);
#4670=LINE('',#4640,#4660);
#4680=CARTESIAN_POINT('',(-0.11478915595118,0.423224507754337,14.6575));
#4690=VERTEX_POINT('',#4680);
#4700=EDGE_CURVE('',#4610,#4690,#4670,.T.);
#4710=ORIENTED_EDGE('',*,*,#4700,.F.);
#4720=CARTESIAN_POINT('',(-0.114789155951187,1.00894777512243,14.6575));
#4730=DIRECTION('',(0.,1.,0.));
#4740=VECTOR('',#4730,1.);
#4750=LINE('',#4720,#4740);
#4760=EDGE_CURVE('',#4450,#4690,#4750,.T.);
#4770=ORIENTED_EDGE('',*,*,#4760,.T.);
#4780=EDGE_LOOP('',(#4770,#4710,#4630,#4550,#4470));
#4790=FACE_OUTER_BOUND('',#4780,.T.);
#4800=ADVANCED_FACE('',(#4790),#4370,.F.);
#4810=CARTESIAN_POINT('',(-2.01478915595119,-0.341052224877575,14.0575))
;
#4820=DIRECTION('',(0.,1.,0.));
#4830=DIRECTION('',(-1.,0.,0.));
#4840=AXIS2_PLACEMENT_3D('',#4810,#4820,#4830);
#4850=PLANE('',#4840);
#4860=CARTESIAN_POINT('',(-0.264789155951187,-0.341052224877575,14.6575)
);
#4870=DIRECTION('',(-1.,0.,0.));
#4880=VECTOR('',#4870,1.);
#4890=LINE('',#4860,#4880);
#4900=CARTESIAN_POINT('',(0.0352108440488124,-0.341052224877575,14.6575)
);
#4910=VERTEX_POINT('',#4900);
#4920=EDGE_CURVE('',#4910,#4450,#4890,.T.);
#4930=ORIENTED_EDGE('',*,*,#4920,.T.);
#4940=CARTESIAN_POINT('',(0.0352108440488124,-0.341052224877575,15.2575)
);
#4950=DIRECTION('',(0.,0.,1.));
#4960=VECTOR('',#4950,1.);
#4970=LINE('',#4940,#4960);
#4980=EDGE_CURVE('',#4910,#4430,#4970,.T.);
#4990=ORIENTED_EDGE('',*,*,#4980,.F.);
#5000=ORIENTED_EDGE('',*,*,#4460,.F.);
#5010=EDGE_LOOP('',(#5000,#4990,#4930));
#5020=FACE_OUTER_BOUND('',#5010,.T.);
#5030=ADVANCED_FACE('',(#5020),#4850,.T.);
#5040=CARTESIAN_POINT('',(-0.464789155951187,-1.29105222487757,14.6575))
;
#5050=DIRECTION('',(0.,0.,1.));
#5060=DIRECTION('',(1.,0.,0.));
#5070=AXIS2_PLACEMENT_3D('',#5040,#5050,#5060);
#5080=CIRCLE('',#5070,0.35);
#5090=CARTESIAN_POINT('',(-0.254789155951188,-1.57105222487757,14.6575))
;
#5100=VERTEX_POINT('',#5090);
#5110=CARTESIAN_POINT('',(-0.114789155951187,-1.29105222487757,14.6575))
;
#5120=VERTEX_POINT('',#5110);
#5130=EDGE_CURVE('',#5100,#5120,#5080,.T.);
#5140=ORIENTED_EDGE('',*,*,#5130,.T.);
#5150=CARTESIAN_POINT('',(-0.254789155951188,1.00894777512243,14.6575));
#5160=DIRECTION('',(0.,-1.,0.));
#5170=VECTOR('',#5160,1.);
#5180=LINE('',#5150,#5170);
#5190=CARTESIAN_POINT('',(-0.254789155951188,-1.69105222487758,14.6575))
;
#5200=VERTEX_POINT('',#5190);
#5210=EDGE_CURVE('',#5100,#5200,#5180,.T.);
#5220=ORIENTED_EDGE('',*,*,#5210,.F.);
#5230=CARTESIAN_POINT('',(-0.264789155951187,-1.69105222487758,14.6575))
;
#5240=DIRECTION('',(1.,0.,0.));
#5250=VECTOR('',#5240,1.);
#5260=LINE('',#5230,#5250);
#5270=CARTESIAN_POINT('',(0.0352108440488124,-1.69105222487758,14.6575))
;
#5280=VERTEX_POINT('',#5270);
#5290=EDGE_CURVE('',#5200,#5280,#5260,.T.);
#5300=ORIENTED_EDGE('',*,*,#5290,.F.);
#5310=CARTESIAN_POINT('',(0.0352108440488124,1.00894777512243,14.6575));
#5320=DIRECTION('',(0.,1.,0.));
#5330=VECTOR('',#5320,1.);
#5340=LINE('',#5310,#5330);
#5350=EDGE_CURVE('',#5280,#4910,#5340,.T.);
#5360=ORIENTED_EDGE('',*,*,#5350,.F.);
#5370=ORIENTED_EDGE('',*,*,#4920,.F.);
#5380=ORIENTED_EDGE('',*,*,#4760,.F.);
#5390=CARTESIAN_POINT('',(0.0732762748824596,1.00894777512243,14.6575));
#5400=DIRECTION('',(0.305710428815151,0.952124536871967,0.));
#5410=VECTOR('',#5400,1.);
#5420=LINE('',#5390,#5410);
#5430=CARTESIAN_POINT('',(-0.254789155951188,-0.0128006408763559,14.6575
));
#5440=VERTEX_POINT('',#5430);
#5450=EDGE_CURVE('',#5440,#4690,#5420,.T.);
#5460=ORIENTED_EDGE('',*,*,#5450,.T.);
#5470=CARTESIAN_POINT('',(-0.254789155951188,1.00894777512243,14.6575));
#5480=DIRECTION('',(0.,-1.,0.));
#5490=VECTOR('',#5480,1.);
#5500=LINE('',#5470,#5490);
#5510=CARTESIAN_POINT('',(-0.254789155951188,-0.919235786842793,14.6575)
);
#5520=VERTEX_POINT('',#5510);
#5530=EDGE_CURVE('',#5440,#5520,#5500,.T.);
#5540=ORIENTED_EDGE('',*,*,#5530,.F.);
#5550=CARTESIAN_POINT('',(-0.264789155951187,-0.91410604126888,14.6575))
;
#5560=DIRECTION('',(-0.88976180334717,0.456425167255698,0.));
#5570=VECTOR('',#5560,1.);
#5580=LINE('',#5550,#5570);
#5590=CARTESIAN_POINT('',(-0.114789155951187,-0.991052224877575,14.6575)
);
#5600=VERTEX_POINT('',#5590);
#5610=EDGE_CURVE('',#5600,#5520,#5580,.T.);
#5620=ORIENTED_EDGE('',*,*,#5610,.T.);
#5630=CARTESIAN_POINT('',(-0.114789155951187,1.00894777512243,14.6575));
#5640=DIRECTION('',(0.,1.,0.));
#5650=VECTOR('',#5640,1.);
#5660=LINE('',#5630,#5650);
#5670=EDGE_CURVE('',#5120,#5600,#5660,.T.);
#5680=ORIENTED_EDGE('',*,*,#5670,.T.);
#5690=EDGE_LOOP('',(#5680,#5620,#5540,#5460,#5380,#5370,#5360,#5300,
#5220,#5140));
#5700=FACE_OUTER_BOUND('',#5690,.T.);
#5710=ADVANCED_FACE('',(#5700),#1790,.T.);
#5720=CARTESIAN_POINT('',(-0.504672040235133,-0.791052224877575,13.6575)
);
#5730=DIRECTION('',(0.456425167255698,0.88976180334717,0.));
#5740=DIRECTION('',(0.88976180334717,-0.456425167255698,0.));
#5750=AXIS2_PLACEMENT_3D('',#5720,#5730,#5740);
#5760=PLANE('',#5750);
#5770=CARTESIAN_POINT('',(-0.114789155951187,-0.991052224877575,13.6575)
);
#5780=DIRECTION('',(0.,0.,1.));
#5790=VECTOR('',#5780,1.);
#5800=LINE('',#5770,#5790);
#5810=CARTESIAN_POINT('',(-0.114789155951187,-0.991052224877575,13.6575)
);
#5820=VERTEX_POINT('',#5810);
#5830=EDGE_CURVE('',#5820,#5600,#5800,.T.);
#5840=ORIENTED_EDGE('',*,*,#5830,.F.);
#5850=ORIENTED_EDGE('',*,*,#5610,.F.);
#5860=CARTESIAN_POINT('',(-0.114789155951187,-0.991052224877575,14.6575)
);
#5870=DIRECTION('',(-0.88976180334717,0.456425167255698,0.));
#5880=VECTOR('',#5870,1.);
#5890=LINE('',#5860,#5880);
#5900=CARTESIAN_POINT('',(-0.504672040235133,-0.791052224877575,14.6575)
);
#5910=VERTEX_POINT('',#5900);
#5920=EDGE_CURVE('',#5520,#5910,#5890,.T.);
#5930=ORIENTED_EDGE('',*,*,#5920,.F.);
#5940=CARTESIAN_POINT('',(-0.504672040235133,-0.791052224877575,13.6575)
);
#5950=DIRECTION('',(0.,0.,1.));
#5960=VECTOR('',#5950,1.);
#5970=LINE('',#5940,#5960);
#5980=CARTESIAN_POINT('',(-0.504672040235133,-0.791052224877575,13.6575)
);
#5990=VERTEX_POINT('',#5980);
#6000=EDGE_CURVE('',#5990,#5910,#5970,.T.);
#6010=ORIENTED_EDGE('',*,*,#6000,.T.);
#6020=CARTESIAN_POINT('',(-0.114789155951187,-0.991052224877575,13.6575)
);
#6030=DIRECTION('',(-0.88976180334717,0.456425167255698,0.));
#6040=VECTOR('',#6030,1.);
#6050=LINE('',#6020,#6040);
#6060=EDGE_CURVE('',#5820,#5990,#6050,.T.);
#6070=ORIENTED_EDGE('',*,*,#6060,.T.);
#6080=EDGE_LOOP('',(#6070,#6010,#5930,#5850,#5840));
#6090=FACE_OUTER_BOUND('',#6080,.T.);
#6100=ADVANCED_FACE('',(#6090),#5760,.T.);
#6110=CARTESIAN_POINT('',(-0.114789155951187,-0.991052224877575,13.6575)
);
#6120=DIRECTION('',(1.,0.,0.));
#6130=DIRECTION('',(0.,-1.,0.));
#6140=AXIS2_PLACEMENT_3D('',#6110,#6120,#6130);
#6150=PLANE('',#6140);
#6160=CARTESIAN_POINT('',(-0.114789155951187,-1.29105222487757,14.6575))
;
#6170=DIRECTION('',(0.,0.,1.));
#6180=VECTOR('',#6170,1.);
#6190=LINE('',#6160,#6180);
#6200=CARTESIAN_POINT('',(-0.114789155951187,-1.29105222487757,13.6575))
;
#6210=VERTEX_POINT('',#6200);
#6220=EDGE_CURVE('',#6210,#5120,#6190,.T.);
#6230=ORIENTED_EDGE('',*,*,#6220,.F.);
#6240=ORIENTED_EDGE('',*,*,#5670,.F.);
#6250=ORIENTED_EDGE('',*,*,#5830,.T.);
#6260=CARTESIAN_POINT('',(-0.114789155951187,-3.37105222487757,13.6575))
;
#6270=DIRECTION('',(0.,1.,0.));
#6280=VECTOR('',#6270,1.);
#6290=LINE('',#6260,#6280);
#6300=EDGE_CURVE('',#6210,#5820,#6290,.T.);
#6310=ORIENTED_EDGE('',*,*,#6300,.T.);
#6320=EDGE_LOOP('',(#6310,#6250,#6240,#6230));
#6330=FACE_OUTER_BOUND('',#6320,.T.);
#6340=ADVANCED_FACE('',(#6330),#6150,.T.);
#6350=CARTESIAN_POINT('',(-0.338160053814814,-1.11094268171624,14.9575))
;
#6360=DIRECTION('',(0.,0.,1.));
#6370=DIRECTION('',(1.,0.,0.));
#6380=AXIS2_PLACEMENT_3D('',#6350,#6360,#6370);
#6390=PLANE('',#6380);
#6400=CARTESIAN_POINT('',(-0.464789155951187,-1.39105222487757,14.9575))
;
#6410=DIRECTION('',(0.,0.,1.));
#6420=DIRECTION('',(1.,0.,0.));
#6430=AXIS2_PLACEMENT_3D('',#6400,#6410,#6420);
#6440=CIRCLE('',#6430,0.25);
#6450=CARTESIAN_POINT('',(-0.464789155951187,-1.64105222487757,14.9575))
;
#6460=VERTEX_POINT('',#6450);
#6470=EDGE_CURVE('',#2340,#6460,#6440,.T.);
#6480=ORIENTED_EDGE('',*,*,#6470,.T.);
#6490=ORIENTED_EDGE('',*,*,#2370,.F.);
#6500=CARTESIAN_POINT('',(-0.754789155951188,1.00894777512243,14.9575));
#6510=DIRECTION('',(0.,-1.,0.));
#6520=VECTOR('',#6510,1.);
#6530=LINE('',#6500,#6520);
#6540=CARTESIAN_POINT('',(-0.754789155951188,-1.69105222487758,14.9575))
;
#6550=VERTEX_POINT('',#6540);
#6560=EDGE_CURVE('',#2360,#6550,#6530,.T.);
#6570=ORIENTED_EDGE('',*,*,#6560,.F.);
#6580=CARTESIAN_POINT('',(-0.264789155951187,-1.69105222487758,14.9575))
;
#6590=DIRECTION('',(1.,0.,0.));
#6600=VECTOR('',#6590,1.);
#6610=LINE('',#6580,#6600);
#6620=CARTESIAN_POINT('',(-0.254789155951188,-1.69105222487758,14.9575))
;
#6630=VERTEX_POINT('',#6620);
#6640=EDGE_CURVE('',#6550,#6630,#6610,.T.);
#6650=ORIENTED_EDGE('',*,*,#6640,.F.);
#6660=CARTESIAN_POINT('',(-0.254789155951188,0.,14.9575));
#6670=DIRECTION('',(0.,-1.,0.));
#6680=VECTOR('',#6670,1.);
#6690=LINE('',#6660,#6680);
#6700=CARTESIAN_POINT('',(-0.254789155951188,-1.57105222487757,14.9575))
;
#6710=VERTEX_POINT('',#6700);
#6720=EDGE_CURVE('',#6710,#6630,#6690,.T.);
#6730=ORIENTED_EDGE('',*,*,#6720,.T.);
#6740=CARTESIAN_POINT('',(-0.464789155951187,-1.29105222487757,14.9575))
;
#6750=DIRECTION('',(0.,0.,1.));
#6760=DIRECTION('',(1.,0.,0.));
#6770=AXIS2_PLACEMENT_3D('',#6740,#6750,#6760);
#6780=CIRCLE('',#6770,0.35);
#6790=EDGE_CURVE('',#6460,#6710,#6780,.T.);
#6800=ORIENTED_EDGE('',*,*,#6790,.T.);
#6810=EDGE_LOOP('',(#6800,#6730,#6650,#6570,#6490,#6480));
#6820=FACE_OUTER_BOUND('',#6810,.T.);
#6830=ADVANCED_FACE('',(#6820),#6390,.F.);
#6840=CARTESIAN_POINT('',(-0.464789155951187,-1.39105222487757,14.6575))
;
#6850=DIRECTION('',(0.,0.,1.));
#6860=DIRECTION('',(1.,0.,0.));
#6870=AXIS2_PLACEMENT_3D('',#6840,#6850,#6860);
#6880=CYLINDRICAL_SURFACE('',#6870,0.25);
#6890=CARTESIAN_POINT('',(-0.464789155951187,-1.64105222487757,14.6575))
;
#6900=DIRECTION('',(0.,0.,1.));
#6910=VECTOR('',#6900,1.);
#6920=LINE('',#6890,#6910);
#6930=CARTESIAN_POINT('',(-0.464789155951187,-1.64105222487757,13.88));
#6940=VERTEX_POINT('',#6930);
#6950=EDGE_CURVE('',#6940,#6460,#6920,.T.);
#6960=ORIENTED_EDGE('',*,*,#6950,.T.);
#6970=CARTESIAN_POINT('',(-0.464789155951187,-1.39105222487757,13.88));
#6980=DIRECTION('',(0.,0.,1.));
#6990=DIRECTION('',(1.,0.,0.));
#7000=AXIS2_PLACEMENT_3D('',#6970,#6980,#6990);
#7010=CIRCLE('',#7000,0.25);
#7020=EDGE_CURVE('',#2440,#6940,#7010,.T.);
#7030=ORIENTED_EDGE('',*,*,#7020,.T.);
#7040=ORIENTED_EDGE('',*,*,#2450,.F.);
#7050=ORIENTED_EDGE('',*,*,#6470,.F.);
#7060=EDGE_LOOP('',(#7050,#7040,#7030,#6960));
#7070=FACE_OUTER_BOUND('',#7060,.T.);
#7080=ADVANCED_FACE('',(#7070),#6880,.T.);
#7090=CARTESIAN_POINT('',(-0.464789155951187,-1.29105222487757,14.6575))
;
#7100=DIRECTION('',(0.,0.,1.));
#7110=DIRECTION('',(1.,0.,0.));
#7120=AXIS2_PLACEMENT_3D('',#7090,#7100,#7110);
#7130=CYLINDRICAL_SURFACE('',#7120,0.35);
#7140=ORIENTED_EDGE('',*,*,#6790,.F.);
#7150=CARTESIAN_POINT('',(-0.254789155951188,-1.57105222487757,14.6575))
;
#7160=DIRECTION('',(0.,0.,1.));
#7170=VECTOR('',#7160,1.);
#7180=LINE('',#7150,#7170);
#7190=EDGE_CURVE('',#5100,#6710,#7180,.T.);
#7200=ORIENTED_EDGE('',*,*,#7190,.T.);
#7210=ORIENTED_EDGE('',*,*,#5130,.F.);
#7220=ORIENTED_EDGE('',*,*,#6220,.T.);
#7230=CARTESIAN_POINT('',(-0.464789155951187,-1.29105222487757,13.6575))
;
#7240=DIRECTION('',(0.,0.,1.));
#7250=DIRECTION('',(1.,0.,0.));
#7260=AXIS2_PLACEMENT_3D('',#7230,#7240,#7250);
#7270=CIRCLE('',#7260,0.35);
#7280=CARTESIAN_POINT('',(-0.464789155951187,-1.64105222487757,13.6575))
;
#7290=VERTEX_POINT('',#7280);
#7300=EDGE_CURVE('',#7290,#6210,#7270,.T.);
#7310=ORIENTED_EDGE('',*,*,#7300,.T.);
#7320=CARTESIAN_POINT('',(-0.464789155951187,-1.64105222487757,14.6575))
;
#7330=DIRECTION('',(0.,0.,1.));
#7340=VECTOR('',#7330,1.);
#7350=LINE('',#7320,#7340);
#7360=EDGE_CURVE('',#7290,#6940,#7350,.T.);
#7370=ORIENTED_EDGE('',*,*,#7360,.F.);
#7380=ORIENTED_EDGE('',*,*,#6950,.F.);
#7390=EDGE_LOOP('',(#7380,#7370,#7310,#7220,#7210,#7200,#7140));
#7400=FACE_OUTER_BOUND('',#7390,.T.);
#7410=ADVANCED_FACE('',(#7400),#7130,.T.);
#7420=CARTESIAN_POINT('',(-0.254789155951188,-0.770311280490546,
14.2534751244331));
#7430=DIRECTION('',(-1.,0.,0.));
#7440=DIRECTION('',(0.,1.,0.));
#7450=AXIS2_PLACEMENT_3D('',#7420,#7430,#7440);
#7460=PLANE('',#7450);
#7470=ORIENTED_EDGE('',*,*,#6720,.F.);
#7480=CARTESIAN_POINT('',(-0.254789155951188,-1.69105222487758,12.0875))
;
#7490=DIRECTION('',(0.,0.,1.));
#7500=VECTOR('',#7490,1.);
#7510=LINE('',#7480,#7500);
#7520=EDGE_CURVE('',#5200,#6630,#7510,.T.);
#7530=ORIENTED_EDGE('',*,*,#7520,.T.);
#7540=ORIENTED_EDGE('',*,*,#5210,.T.);
#7550=ORIENTED_EDGE('',*,*,#7190,.F.);
#7560=EDGE_LOOP('',(#7550,#7540,#7530,#7470));
#7570=FACE_OUTER_BOUND('',#7560,.T.);
#7580=ADVANCED_FACE('',(#7570),#7460,.T.);
#7590=CARTESIAN_POINT('',(0.0352108440488124,-3.59105222487757,15.2575))
;
#7600=DIRECTION('',(1.,0.,0.));
#7610=DIRECTION('',(0.,-1.,0.));
#7620=AXIS2_PLACEMENT_3D('',#7590,#7600,#7610);
#7630=PLANE('',#7620);
#7640=ORIENTED_EDGE('',*,*,#4980,.T.);
#7650=ORIENTED_EDGE('',*,*,#5350,.T.);
#7660=CARTESIAN_POINT('',(0.0352108440488124,-1.69105222487758,15.2575))
;
#7670=DIRECTION('',(0.,0.,1.));
#7680=VECTOR('',#7670,1.);
#7690=LINE('',#7660,#7680);
#7700=CARTESIAN_POINT('',(0.0352108440488124,-1.69105222487758,15.2575))
;
#7710=VERTEX_POINT('',#7700);
#7720=EDGE_CURVE('',#5280,#7710,#7690,.T.);
#7730=ORIENTED_EDGE('',*,*,#7720,.F.);
#7740=CARTESIAN_POINT('',(0.0352108440488124,1.00894777512243,15.2575));
#7750=DIRECTION('',(0.,-1.,0.));
#7760=VECTOR('',#7750,1.);
#7770=LINE('',#7740,#7760);
#7780=CARTESIAN_POINT('',(0.0352108440488124,1.00894777512243,15.2575));
#7790=VERTEX_POINT('',#7780);
#7800=EDGE_CURVE('',#7790,#7710,#7770,.T.);
#7810=ORIENTED_EDGE('',*,*,#7800,.T.);
#7820=CARTESIAN_POINT('',(0.0352108440488124,1.00894777512243,15.2525));
#7830=DIRECTION('',(0.,0.,1.));
#7840=VECTOR('',#7830,1.);
#7850=LINE('',#7820,#7840);
#7860=EDGE_CURVE('',#4530,#7790,#7850,.T.);
#7870=ORIENTED_EDGE('',*,*,#7860,.T.);
#7880=ORIENTED_EDGE('',*,*,#4540,.F.);
#7890=EDGE_LOOP('',(#7880,#7870,#7810,#7730,#7650,#7640));
#7900=FACE_OUTER_BOUND('',#7890,.T.);
#7910=ADVANCED_FACE('',(#7900),#7630,.T.);
#7920=CARTESIAN_POINT('',(-1.71478915595119,1.00894777512243,14.8575));
#7930=DIRECTION('',(-1.,0.,0.));
#7940=DIRECTION('',(0.,0.,-1.));
#7950=AXIS2_PLACEMENT_3D('',#7920,#7930,#7940);
#7960=PLANE('',#7950);
#7970=CARTESIAN_POINT('',(-1.71478915595119,1.00894777512243,-10.265));
#7980=DIRECTION('',(0.,0.,-1.));
#7990=VECTOR('',#7980,1.);
#8000=LINE('',#7970,#7990);
#8010=CARTESIAN_POINT('',(-1.71478915595119,1.00894777512243,15.2575));
#8020=VERTEX_POINT('',#8010);
#8030=CARTESIAN_POINT('',(-1.71478915595119,1.00894777512243,14.8575));
#8040=VERTEX_POINT('',#8030);
#8050=EDGE_CURVE('',#8020,#8040,#8000,.T.);
#8060=ORIENTED_EDGE('',*,*,#8050,.T.);
#8070=CARTESIAN_POINT('',(-1.71478915595119,1.00894777512243,15.2575));
#8080=DIRECTION('',(0.,-1.,0.));
#8090=VECTOR('',#8080,1.);
#8100=LINE('',#8070,#8090);
#8110=CARTESIAN_POINT('',(-1.71478915595119,-1.69105222487758,15.2575));
#8120=VERTEX_POINT('',#8110);
#8130=EDGE_CURVE('',#8020,#8120,#8100,.T.);
#8140=ORIENTED_EDGE('',*,*,#8130,.F.);
#8150=CARTESIAN_POINT('',(-1.71478915595119,-1.69105222487758,-10.265));
#8160=DIRECTION('',(0.,0.,-1.));
#8170=VECTOR('',#8160,1.);
#8180=LINE('',#8150,#8170);
#8190=CARTESIAN_POINT('',(-1.71478915595119,-1.69105222487758,14.8575));
#8200=VERTEX_POINT('',#8190);
#8210=EDGE_CURVE('',#8120,#8200,#8180,.T.);
#8220=ORIENTED_EDGE('',*,*,#8210,.F.);
#8230=CARTESIAN_POINT('',(-1.71478915595119,1.00894777512243,14.8575));
#8240=DIRECTION('',(0.,1.,0.));
#8250=VECTOR('',#8240,1.);
#8260=LINE('',#8230,#8250);
#8270=EDGE_CURVE('',#8200,#8040,#8260,.T.);
#8280=ORIENTED_EDGE('',*,*,#8270,.F.);
#8290=EDGE_LOOP('',(#8280,#8220,#8140,#8060));
#8300=FACE_OUTER_BOUND('',#8290,.T.);
#8310=ADVANCED_FACE('',(#8300),#7960,.T.);
#8320=CARTESIAN_POINT('',(-1.86478915595119,1.00894777512243,14.8575));
#8330=DIRECTION('',(-6.12303176911188E-17,0.,1.));
#8340=DIRECTION('',(-1.,0.,-6.12303176911188E-17));
#8350=AXIS2_PLACEMENT_3D('',#8320,#8330,#8340);
#8360=PLANE('',#8350);
#8370=CARTESIAN_POINT('',(-0.264789155951187,-1.59105222487757,14.8575))
;
#8380=DIRECTION('',(1.,6.12303176911189E-17,6.12303176911188E-17));
#8390=VECTOR('',#8380,1.);
#8400=LINE('',#8370,#8390);
#8410=CARTESIAN_POINT('',(-1.86478915595119,-1.59105222487757,14.8575));
#8420=VERTEX_POINT('',#8410);
#8430=CARTESIAN_POINT('',(-1.76478915595119,-1.59105222487757,14.8575));
#8440=VERTEX_POINT('',#8430);
#8450=EDGE_CURVE('',#8420,#8440,#8400,.T.);
#8460=ORIENTED_EDGE('',*,*,#8450,.F.);
#8470=CARTESIAN_POINT('',(-1.76478915595119,-0.391052224877574,14.8575))
;
#8480=DIRECTION('',(6.12303176911189E-17,-1.,1.22460635382238E-16));
#8490=VECTOR('',#8480,1.);
#8500=LINE('',#8470,#8490);
#8510=CARTESIAN_POINT('',(-1.76478915595119,-0.391052224877574,14.8575))
;
#8520=VERTEX_POINT('',#8510);
#8530=EDGE_CURVE('',#8520,#8440,#8500,.T.);
#8540=ORIENTED_EDGE('',*,*,#8530,.T.);
#8550=CARTESIAN_POINT('',(-0.264789155951187,-0.391052224877574,14.8575)
);
#8560=DIRECTION('',(1.,6.12303176911189E-17,6.12303176911188E-17));
#8570=VECTOR('',#8560,1.);
#8580=LINE('',#8550,#8570);
#8590=CARTESIAN_POINT('',(-1.86478915595119,-0.391052224877574,14.8575))
;
#8600=VERTEX_POINT('',#8590);
#8610=EDGE_CURVE('',#8600,#8520,#8580,.T.);
#8620=ORIENTED_EDGE('',*,*,#8610,.T.);
#8630=CARTESIAN_POINT('',(-1.86478915595119,1.00894777512243,14.8575));
#8640=DIRECTION('',(0.,-1.,0.));
#8650=VECTOR('',#8640,1.);
#8660=LINE('',#8630,#8650);
#8670=CARTESIAN_POINT('',(-1.86478915595119,1.00894777512243,14.8575));
#8680=VERTEX_POINT('',#8670);
#8690=EDGE_CURVE('',#8680,#8600,#8660,.T.);
#8700=ORIENTED_EDGE('',*,*,#8690,.T.);
#8710=CARTESIAN_POINT('',(-0.264789155951187,1.00894777512243,14.8575));
#8720=DIRECTION('',(-1.,-6.12303176911189E-17,-6.12303176911188E-17));
#8730=VECTOR('',#8720,1.);
#8740=LINE('',#8710,#8730);
#8750=EDGE_CURVE('',#8040,#8680,#8740,.T.);
#8760=ORIENTED_EDGE('',*,*,#8750,.T.);
#8770=ORIENTED_EDGE('',*,*,#8270,.T.);
#8780=CARTESIAN_POINT('',(-0.264789155951187,-1.69105222487758,14.8575))
;
#8790=DIRECTION('',(-1.,0.,-6.12303176911188E-17));
#8800=VECTOR('',#8790,1.);
#8810=LINE('',#8780,#8800);
#8820=CARTESIAN_POINT('',(-1.86478915595119,-1.69105222487758,14.8575));
#8830=VERTEX_POINT('',#8820);
#8840=EDGE_CURVE('',#8200,#8830,#8810,.T.);
#8850=ORIENTED_EDGE('',*,*,#8840,.F.);
#8860=EDGE_CURVE('',#8420,#8830,#8660,.T.);
#8870=ORIENTED_EDGE('',*,*,#8860,.T.);
#8880=EDGE_LOOP('',(#8870,#8850,#8770,#8760,#8700,#8620,#8540,#8460));
#8890=FACE_OUTER_BOUND('',#8880,.T.);
#8900=ADVANCED_FACE('',(#8890),#8360,.T.);
#8910=CARTESIAN_POINT('',(-0.264789155951187,1.00894777512243,14.4075));
#8920=DIRECTION('',(0.,0.,1.));
#8930=DIRECTION('',(1.,0.,0.));
#8940=AXIS2_PLACEMENT_3D('',#8910,#8920,#8930);
#8950=PLANE('',#8940);
#8960=CARTESIAN_POINT('',(-1.08978915595119,-0.016052224877575,14.4075))
;
#8970=DIRECTION('',(0.,0.,1.));
#8980=DIRECTION('',(1.,0.,0.));
#8990=AXIS2_PLACEMENT_3D('',#8960,#8970,#8980);
#9000=CIRCLE('',#8990,0.125);
#9010=CARTESIAN_POINT('',(-0.964789155951188,-0.016052224877575,14.4075)
);
#9020=VERTEX_POINT('',#9010);
#9030=EDGE_CURVE('',#9020,#4030,#9000,.T.);
#9040=ORIENTED_EDGE('',*,*,#9030,.T.);
#9050=CARTESIAN_POINT('',(-0.964789155951188,1.00894777512243,14.4075));
#9060=DIRECTION('',(0.,-1.,0.));
#9070=VECTOR('',#9060,1.);
#9080=LINE('',#9050,#9070);
#9090=CARTESIAN_POINT('',(-0.964789155951188,-1.69105222487758,14.4075))
;
#9100=VERTEX_POINT('',#9090);
#9110=EDGE_CURVE('',#9020,#9100,#9080,.T.);
#9120=ORIENTED_EDGE('',*,*,#9110,.F.);
#9130=CARTESIAN_POINT('',(-0.264789155951187,-1.69105222487758,14.4075))
;
#9140=DIRECTION('',(1.,0.,0.));
#9150=VECTOR('',#9140,1.);
#9160=LINE('',#9130,#9150);
#9170=CARTESIAN_POINT('',(-0.814789155951187,-1.69105222487758,14.4075))
;
#9180=VERTEX_POINT('',#9170);
#9190=EDGE_CURVE('',#9100,#9180,#9160,.T.);
#9200=ORIENTED_EDGE('',*,*,#9190,.F.);
#9210=CARTESIAN_POINT('',(-0.814789155951187,1.00894777512243,14.4075));
#9220=DIRECTION('',(0.,1.,0.));
#9230=VECTOR('',#9220,1.);
#9240=LINE('',#9210,#9230);
#9250=CARTESIAN_POINT('',(-0.814789155951187,-1.79105222487757,14.4075))
;
#9260=VERTEX_POINT('',#9250);
#9270=EDGE_CURVE('',#9260,#9180,#9240,.T.);
#9280=ORIENTED_EDGE('',*,*,#9270,.T.);
#9290=CARTESIAN_POINT('',(-0.264789155951187,-1.79105222487757,14.4075))
;
#9300=DIRECTION('',(-1.,0.,0.));
#9310=VECTOR('',#9300,1.);
#9320=LINE('',#9290,#9310);
#9330=CARTESIAN_POINT('',(0.0352108440488126,-1.79105222487757,14.4075))
;
#9340=VERTEX_POINT('',#9330);
#9350=EDGE_CURVE('',#9340,#9260,#9320,.T.);
#9360=ORIENTED_EDGE('',*,*,#9350,.T.);
#9370=CARTESIAN_POINT('',(0.0352108440488124,1.00894777512243,14.4075));
#9380=DIRECTION('',(0.,-1.,0.));
#9390=VECTOR('',#9380,1.);
#9400=LINE('',#9370,#9390);
#9410=CARTESIAN_POINT('',(0.0352108440488124,-3.59105222487757,14.4075))
;
#9420=VERTEX_POINT('',#9410);
#9430=EDGE_CURVE('',#9340,#9420,#9400,.T.);
#9440=ORIENTED_EDGE('',*,*,#9430,.F.);
#9450=CARTESIAN_POINT('',(-0.264789155951187,-3.59105222487757,14.4075))
;
#9460=DIRECTION('',(-1.,0.,0.));
#9470=VECTOR('',#9460,1.);
#9480=LINE('',#9450,#9470);
#9490=EDGE_CURVE('',#9420,#4050,#9480,.T.);
#9500=ORIENTED_EDGE('',*,*,#9490,.F.);
#9510=ORIENTED_EDGE('',*,*,#4060,.T.);
#9520=EDGE_LOOP('',(#9510,#9500,#9440,#9360,#9280,#9200,#9120,#9040));
#9530=FACE_OUTER_BOUND('',#9520,.T.);
#9540=ADVANCED_FACE('',(#9530),#8950,.T.);
#9550=CARTESIAN_POINT('',(0.0352108440488126,-3.59105222487757,13.75));
#9560=DIRECTION('',(0.,-1.,0.));
#9570=DIRECTION('',(0.,0.,1.));
#9580=AXIS2_PLACEMENT_3D('',#9550,#9560,#9570);
#9590=PLANE('',#9580);
#9600=CARTESIAN_POINT('',(0.0352108440488126,-3.59105222487757,13.6575))
;
#9610=DIRECTION('',(-1.,0.,0.));
#9620=VECTOR('',#9610,1.);
#9630=LINE('',#9600,#9620);
#9640=CARTESIAN_POINT('',(0.0352108440488126,-3.59105222487757,13.6575))
;
#9650=VERTEX_POINT('',#9640);
#9660=CARTESIAN_POINT('',(-2.01478915595119,-3.59105222487757,13.6575));
#9670=VERTEX_POINT('',#9660);
#9680=EDGE_CURVE('',#9650,#9670,#9630,.T.);
#9690=ORIENTED_EDGE('',*,*,#9680,.F.);
#9700=CARTESIAN_POINT('',(-2.01478915595119,-3.59105222487757,15.105));
#9710=DIRECTION('',(0.,0.,-1.));
#9720=VECTOR('',#9710,1.);
#9730=LINE('',#9700,#9720);
#9740=CARTESIAN_POINT('',(-2.01478915595119,-3.59105222487757,14.0575));
#9750=VERTEX_POINT('',#9740);
#9760=EDGE_CURVE('',#9750,#9670,#9730,.T.);
#9770=ORIENTED_EDGE('',*,*,#9760,.T.);
#9780=CARTESIAN_POINT('',(-0.264789155951187,-3.59105222487757,14.0575))
;
#9790=DIRECTION('',(-1.,0.,0.));
#9800=VECTOR('',#9790,1.);
#9810=LINE('',#9780,#9800);
#9820=CARTESIAN_POINT('',(-1.86478915595119,-3.59105222487757,14.0575));
#9830=VERTEX_POINT('',#9820);
#9840=EDGE_CURVE('',#9830,#9750,#9810,.T.);
#9850=ORIENTED_EDGE('',*,*,#9840,.T.);
#9860=CARTESIAN_POINT('',(-1.86478915595119,-3.59105222487757,15.1275));
#9870=DIRECTION('',(0.,0.,-1.));
#9880=VECTOR('',#9870,1.);
#9890=LINE('',#9860,#9880);
#9900=CARTESIAN_POINT('',(-1.86478915595119,-3.59105222487757,15.2575));
#9910=VERTEX_POINT('',#9900);
#9920=EDGE_CURVE('',#9910,#9830,#9890,.T.);
#9930=ORIENTED_EDGE('',*,*,#9920,.T.);
#9940=CARTESIAN_POINT('',(-0.264789155951187,-3.59105222487757,15.2575))
;
#9950=DIRECTION('',(-1.,0.,0.));
#9960=VECTOR('',#9950,1.);
#9970=LINE('',#9940,#9960);
#9980=EDGE_CURVE('',#4130,#9910,#9970,.T.);
#9990=ORIENTED_EDGE('',*,*,#9980,.T.);
#10000=ORIENTED_EDGE('',*,*,#4140,.T.);
#10010=ORIENTED_EDGE('',*,*,#9490,.T.);
#10020=CARTESIAN_POINT('',(0.0352108440488126,-3.59105222487757,-13.4925
));
#10030=DIRECTION('',(0.,0.,1.));
#10040=VECTOR('',#10030,1.);
#10050=LINE('',#10020,#10040);
#10060=EDGE_CURVE('',#9650,#9420,#10050,.T.);
#10070=ORIENTED_EDGE('',*,*,#10060,.T.);
#10080=EDGE_LOOP('',(#10070,#10010,#10000,#9990,#9930,#9850,#9770,#9690)
);
#10090=FACE_OUTER_BOUND('',#10080,.T.);
#10100=ADVANCED_FACE('',(#10090),#9590,.T.);
#10110=CARTESIAN_POINT('',(-2.01478915595119,-0.391052224877574,15.5075)
);
#10120=DIRECTION('',(1.,6.12303176911189E-17,6.12303176911189E-17));
#10130=DIRECTION('',(6.12303176911189E-17,-1.22460635382238E-16,-1.));
#10140=AXIS2_PLACEMENT_3D('',#10110,#10120,#10130);
#10150=PLANE('',#10140);
#10160=CARTESIAN_POINT('',(-2.01478915595119,-0.391052224877574,15.7575)
);
#10170=DIRECTION('',(6.12303176911189E-17,-1.22460635382238E-16,-1.));
#10180=VECTOR('',#10170,1.);
#10190=LINE('',#10160,#10180);
#10200=CARTESIAN_POINT('',(-2.01478915595119,-0.391052224877574,15.5075)
);
#10210=VERTEX_POINT('',#10200);
#10220=CARTESIAN_POINT('',(-2.01478915595119,-0.391052224877574,14.9075)
);
#10230=VERTEX_POINT('',#10220);
#10240=EDGE_CURVE('',#10210,#10230,#10190,.T.);
#10250=ORIENTED_EDGE('',*,*,#10240,.T.);
#10260=CARTESIAN_POINT('',(-2.01478915595119,-0.391052224877574,15.5075)
);
#10270=DIRECTION('',(6.12303176911189E-17,-1.,1.22460635382238E-16));
#10280=VECTOR('',#10270,1.);
#10290=LINE('',#10260,#10280);
#10300=CARTESIAN_POINT('',(-2.01478915595119,-1.59105222487757,15.5075))
;
#10310=VERTEX_POINT('',#10300);
#10320=EDGE_CURVE('',#10210,#10310,#10290,.T.);
#10330=ORIENTED_EDGE('',*,*,#10320,.F.);
#10340=CARTESIAN_POINT('',(-2.01478915595119,-1.59105222487757,15.7575))
;
#10350=DIRECTION('',(6.12303176911189E-17,-1.22460635382238E-16,-1.));
#10360=VECTOR('',#10350,1.);
#10370=LINE('',#10340,#10360);
#10380=CARTESIAN_POINT('',(-2.01478915595119,-1.59105222487757,14.9075))
;
#10390=VERTEX_POINT('',#10380);
#10400=EDGE_CURVE('',#10310,#10390,#10370,.T.);
#10410=ORIENTED_EDGE('',*,*,#10400,.F.);
#10420=CARTESIAN_POINT('',(-2.01478915595119,-0.391052224877574,14.9075)
);
#10430=DIRECTION('',(6.12303176911189E-17,-1.,1.22460635382238E-16));
#10440=VECTOR('',#10430,1.);
#10450=LINE('',#10420,#10440);
#10460=EDGE_CURVE('',#10230,#10390,#10450,.T.);
#10470=ORIENTED_EDGE('',*,*,#10460,.T.);
#10480=EDGE_LOOP('',(#10470,#10410,#10330,#10250));
#10490=FACE_OUTER_BOUND('',#10480,.T.);
#10500=ADVANCED_FACE('',(#10490),#10150,.F.);
#10510=CARTESIAN_POINT('',(-1.25478915595119,-0.391052224877574,15.7575)
);
#10520=DIRECTION('',(-6.12303176911189E-17,1.,-1.22460635382238E-16));
#10530=DIRECTION('',(6.12303176911189E-17,-1.22460635382238E-16,-1.));
#10540=AXIS2_PLACEMENT_3D('',#10510,#10520,#10530);
#10550=PLANE('',#10540);
#10560=CARTESIAN_POINT('',(-1.76478915595119,-0.391052224877574,15.5075)
);
#10570=DIRECTION('',(-6.12303176911189E-17,1.,-1.22460635382238E-16));
#10580=DIRECTION('',(6.12303176911189E-17,-1.22460635382238E-16,-1.));
#10590=AXIS2_PLACEMENT_3D('',#10560,#10570,#10580);
#10600=CIRCLE('',#10590,0.25);
#10610=CARTESIAN_POINT('',(-1.76478915595119,-0.391052224877575,15.7575)
);
#10620=VERTEX_POINT('',#10610);
#10630=EDGE_CURVE('',#10210,#10620,#10600,.T.);
#10640=ORIENTED_EDGE('',*,*,#10630,.T.);
#10650=ORIENTED_EDGE('',*,*,#10240,.F.);
#10660=CARTESIAN_POINT('',(-1.76478915595119,-0.391052224877574,14.9075)
);
#10670=DIRECTION('',(-6.12303176911189E-17,1.,-1.22460635382238E-16));
#10680=DIRECTION('',(6.12303176911189E-17,-1.22460635382238E-16,-1.));
#10690=AXIS2_PLACEMENT_3D('',#10660,#10670,#10680);
#10700=CIRCLE('',#10690,0.25);
#10710=CARTESIAN_POINT('',(-1.86478915595119,-0.391052224877574,
14.6783712152522));
#10720=VERTEX_POINT('',#10710);
#10730=EDGE_CURVE('',#10720,#10230,#10700,.T.);
#10740=ORIENTED_EDGE('',*,*,#10730,.T.);
#10750=CARTESIAN_POINT('',(-1.86478915595119,-0.391052224877577,-10.265)
);
#10760=DIRECTION('',(-6.12303176911189E-17,1.22460635382238E-16,1.));
#10770=VECTOR('',#10760,1.);
#10780=LINE('',#10750,#10770);
#10790=EDGE_CURVE('',#10720,#8600,#10780,.T.);
#10800=ORIENTED_EDGE('',*,*,#10790,.F.);
#10810=ORIENTED_EDGE('',*,*,#8610,.F.);
#10820=CARTESIAN_POINT('',(-1.76478915595119,-0.391052224877574,14.9075)
);
#10830=DIRECTION('',(-6.12303176911189E-17,1.,-1.22460635382238E-16));
#10840=DIRECTION('',(6.12303176911189E-17,-1.22460635382238E-16,-1.));
#10850=AXIS2_PLACEMENT_3D('',#10820,#10830,#10840);
#10860=CIRCLE('',#10850,0.05);
#10870=CARTESIAN_POINT('',(-1.81478915595119,-0.391052224877574,14.9075)
);
#10880=VERTEX_POINT('',#10870);
#10890=EDGE_CURVE('',#8520,#10880,#10860,.T.);
#10900=ORIENTED_EDGE('',*,*,#10890,.F.);
#10910=CARTESIAN_POINT('',(-1.81478915595119,-0.391052224877574,15.7575)
);
#10920=DIRECTION('',(-6.12303176911189E-17,1.22460635382238E-16,1.));
#10930=VECTOR('',#10920,1.);
#10940=LINE('',#10910,#10930);
#10950=CARTESIAN_POINT('',(-1.81478915595119,-0.391052224877574,15.5075)
);
#10960=VERTEX_POINT('',#10950);
#10970=EDGE_CURVE('',#10880,#10960,#10940,.T.);
#10980=ORIENTED_EDGE('',*,*,#10970,.F.);
#10990=CARTESIAN_POINT('',(-1.76478915595119,-0.391052224877574,15.5075)
);
#11000=DIRECTION('',(-6.12303176911189E-17,1.,-1.22460635382238E-16));
#11010=DIRECTION('',(6.12303176911189E-17,-1.22460635382238E-16,-1.));
#11020=AXIS2_PLACEMENT_3D('',#10990,#11000,#11010);
#11030=CIRCLE('',#11020,0.05);
#11040=CARTESIAN_POINT('',(-1.76478915595119,-0.391052224877574,15.5575)
);
#11050=VERTEX_POINT('',#11040);
#11060=EDGE_CURVE('',#10960,#11050,#11030,.T.);
#11070=ORIENTED_EDGE('',*,*,#11060,.F.);
#11080=CARTESIAN_POINT('',(-1.25478915595119,-0.391052224877574,15.5575)
);
#11090=DIRECTION('',(-1.,-6.12303176911189E-17,-6.12303176911189E-17));
#11100=VECTOR('',#11090,1.);
#11110=LINE('',#11080,#11100);
#11120=CARTESIAN_POINT('',(-1.25478915595119,-0.391052224877574,15.5575)
);
#11130=VERTEX_POINT('',#11120);
#11140=EDGE_CURVE('',#11130,#11050,#11110,.T.);
#11150=ORIENTED_EDGE('',*,*,#11140,.T.);
#11160=CARTESIAN_POINT('',(-1.25478915595119,-0.391052224877574,15.7575)
);
#11170=DIRECTION('',(6.12303176911189E-17,-1.22460635382238E-16,-1.));
#11180=VECTOR('',#11170,1.);
#11190=LINE('',#11160,#11180);
#11200=CARTESIAN_POINT('',(-1.25478915595119,-0.391052224877574,15.7575)
);
#11210=VERTEX_POINT('',#11200);
#11220=EDGE_CURVE('',#11210,#11130,#11190,.T.);
#11230=ORIENTED_EDGE('',*,*,#11220,.T.);
#11240=CARTESIAN_POINT('',(-1.25478915595119,-0.391052224877574,15.7575)
);
#11250=DIRECTION('',(-1.,-6.12303176911189E-17,-6.12303176911189E-17));
#11260=VECTOR('',#11250,1.);
#11270=LINE('',#11240,#11260);
#11280=EDGE_CURVE('',#11210,#10620,#11270,.T.);
#11290=ORIENTED_EDGE('',*,*,#11280,.F.);
#11300=EDGE_LOOP('',(#11290,#11230,#11150,#11070,#10980,#10900,#10810,
#10800,#10740,#10650,#10640));
#11310=FACE_OUTER_BOUND('',#11300,.T.);
#11320=ADVANCED_FACE('',(#11310),#10550,.T.);
#11330=CARTESIAN_POINT('',(-1.76478915595119,-0.391052224877574,15.5075)
);
#11340=DIRECTION('',(6.12303176911189E-17,-1.,1.22460635382238E-16));
#11350=DIRECTION('',(6.12303176911189E-17,-1.22460635382238E-16,-1.));
#11360=AXIS2_PLACEMENT_3D('',#11330,#11340,#11350);
#11370=CYLINDRICAL_SURFACE('',#11360,0.25);
#11380=ORIENTED_EDGE('',*,*,#10630,.F.);
#11390=CARTESIAN_POINT('',(-1.76478915595119,-0.391052224877574,15.7575)
);
#11400=DIRECTION('',(6.12303176911189E-17,-1.,1.22460635382238E-16));
#11410=VECTOR('',#11400,1.);
#11420=LINE('',#11390,#11410);
#11430=CARTESIAN_POINT('',(-1.76478915595119,-1.59105222487757,15.7575))
;
#11440=VERTEX_POINT('',#11430);
#11450=EDGE_CURVE('',#10620,#11440,#11420,.T.);
#11460=ORIENTED_EDGE('',*,*,#11450,.F.);
#11470=CARTESIAN_POINT('',(-1.76478915595119,-1.59105222487757,15.5075))
;
#11480=DIRECTION('',(-6.12303176911189E-17,1.,-1.22460635382238E-16));
#11490=DIRECTION('',(6.12303176911189E-17,-1.22460635382238E-16,-1.));
#11500=AXIS2_PLACEMENT_3D('',#11470,#11480,#11490);
#11510=CIRCLE('',#11500,0.25);
#11520=EDGE_CURVE('',#10310,#11440,#11510,.T.);
#11530=ORIENTED_EDGE('',*,*,#11520,.T.);
#11540=ORIENTED_EDGE('',*,*,#10320,.T.);
#11550=EDGE_LOOP('',(#11540,#11530,#11460,#11380));
#11560=FACE_OUTER_BOUND('',#11550,.T.);
#11570=ADVANCED_FACE('',(#11560),#11370,.T.);
#11580=CARTESIAN_POINT('',(-1.25478915595119,-0.391052224877574,15.7575)
);
#11590=DIRECTION('',(6.12303176911189E-17,-1.22460635382238E-16,-1.));
#11600=DIRECTION('',(-1.,-6.12303176911189E-17,-6.12303176911189E-17));
#11610=AXIS2_PLACEMENT_3D('',#11580,#11590,#11600);
#11620=PLANE('',#11610);
#11630=ORIENTED_EDGE('',*,*,#11280,.T.);
#11640=CARTESIAN_POINT('',(-1.25478915595119,-0.391052224877574,15.7575)
);
#11650=DIRECTION('',(6.12303176911189E-17,-1.,1.22460635382238E-16));
#11660=VECTOR('',#11650,1.);
#11670=LINE('',#11640,#11660);
#11680=CARTESIAN_POINT('',(-1.25478915595119,-1.59105222487757,15.7575))
;
#11690=VERTEX_POINT('',#11680);
#11700=EDGE_CURVE('',#11210,#11690,#11670,.T.);
#11710=ORIENTED_EDGE('',*,*,#11700,.F.);
#11720=CARTESIAN_POINT('',(-1.25478915595119,-1.59105222487757,15.7575))
;
#11730=DIRECTION('',(-1.,-6.12303176911189E-17,-6.12303176911189E-17));
#11740=VECTOR('',#11730,1.);
#11750=LINE('',#11720,#11740);
#11760=EDGE_CURVE('',#11690,#11440,#11750,.T.);
#11770=ORIENTED_EDGE('',*,*,#11760,.F.);
#11780=ORIENTED_EDGE('',*,*,#11450,.T.);
#11790=EDGE_LOOP('',(#11780,#11770,#11710,#11630));
#11800=FACE_OUTER_BOUND('',#11790,.T.);
#11810=ADVANCED_FACE('',(#11800),#11620,.F.);
#11820=CARTESIAN_POINT('',(-1.25478915595119,-0.391052224877574,15.5575)
);
#11830=DIRECTION('',(-1.,-6.12303176911189E-17,-6.12303176911189E-17));
#11840=DIRECTION('',(-6.12303176911189E-17,1.22460635382238E-16,1.));
#11850=AXIS2_PLACEMENT_3D('',#11820,#11830,#11840);
#11860=PLANE('',#11850);
#11870=ORIENTED_EDGE('',*,*,#11220,.F.);
#11880=CARTESIAN_POINT('',(-1.25478915595119,-0.391052224877574,15.5575)
);
#11890=DIRECTION('',(6.12303176911189E-17,-1.,1.22460635382238E-16));
#11900=VECTOR('',#11890,1.);
#11910=LINE('',#11880,#11900);
#11920=CARTESIAN_POINT('',(-1.25478915595119,-1.59105222487757,15.5575))
;
#11930=VERTEX_POINT('',#11920);
#11940=EDGE_CURVE('',#11130,#11930,#11910,.T.);
#11950=ORIENTED_EDGE('',*,*,#11940,.F.);
#11960=CARTESIAN_POINT('',(-1.25478915595119,-1.59105222487757,15.7575))
;
#11970=DIRECTION('',(6.12303176911189E-17,-1.22460635382238E-16,-1.));
#11980=VECTOR('',#11970,1.);
#11990=LINE('',#11960,#11980);
#12000=EDGE_CURVE('',#11690,#11930,#11990,.T.);
#12010=ORIENTED_EDGE('',*,*,#12000,.T.);
#12020=ORIENTED_EDGE('',*,*,#11700,.T.);
#12030=EDGE_LOOP('',(#12020,#12010,#11950,#11870));
#12040=FACE_OUTER_BOUND('',#12030,.T.);
#12050=ADVANCED_FACE('',(#12040),#11860,.F.);
#12060=CARTESIAN_POINT('',(-1.76478915595119,-0.391052224877574,15.5575)
);
#12070=DIRECTION('',(-6.12303176911189E-17,1.22460635382238E-16,1.));
#12080=DIRECTION('',(1.,6.12303176911189E-17,6.12303176911189E-17));
#12090=AXIS2_PLACEMENT_3D('',#12060,#12070,#12080);
#12100=PLANE('',#12090);
#12110=ORIENTED_EDGE('',*,*,#11140,.F.);
#12120=CARTESIAN_POINT('',(-1.76478915595119,-0.391052224877574,15.5575)
);
#12130=DIRECTION('',(6.12303176911189E-17,-1.,1.22460635382238E-16));
#12140=VECTOR('',#12130,1.);
#12150=LINE('',#12120,#12140);
#12160=CARTESIAN_POINT('',(-1.76478915595119,-1.59105222487757,15.5575))
;
#12170=VERTEX_POINT('',#12160);
#12180=EDGE_CURVE('',#11050,#12170,#12150,.T.);
#12190=ORIENTED_EDGE('',*,*,#12180,.F.);
#12200=CARTESIAN_POINT('',(-1.25478915595119,-1.59105222487757,15.5575))
;
#12210=DIRECTION('',(-1.,-6.12303176911189E-17,-6.12303176911189E-17));
#12220=VECTOR('',#12210,1.);
#12230=LINE('',#12200,#12220);
#12240=EDGE_CURVE('',#11930,#12170,#12230,.T.);
#12250=ORIENTED_EDGE('',*,*,#12240,.T.);
#12260=ORIENTED_EDGE('',*,*,#11940,.T.);
#12270=EDGE_LOOP('',(#12260,#12250,#12190,#12110));
#12280=FACE_OUTER_BOUND('',#12270,.T.);
#12290=ADVANCED_FACE('',(#12280),#12100,.F.);
#12300=CARTESIAN_POINT('',(-1.76478915595119,-0.391052224877574,15.5075)
);
#12310=DIRECTION('',(6.12303176911189E-17,-1.,1.22460635382238E-16));
#12320=DIRECTION('',(6.12303176911189E-17,-1.22460635382238E-16,-1.));
#12330=AXIS2_PLACEMENT_3D('',#12300,#12310,#12320);
#12340=CYLINDRICAL_SURFACE('',#12330,0.05);
#12350=ORIENTED_EDGE('',*,*,#11060,.T.);
#12360=CARTESIAN_POINT('',(-1.81478915595119,-0.391052224877574,15.5075)
);
#12370=DIRECTION('',(6.12303176911189E-17,-1.,1.22460635382238E-16));
#12380=VECTOR('',#12370,1.);
#12390=LINE('',#12360,#12380);
#12400=CARTESIAN_POINT('',(-1.81478915595119,-1.59105222487757,15.5075))
;
#12410=VERTEX_POINT('',#12400);
#12420=EDGE_CURVE('',#10960,#12410,#12390,.T.);
#12430=ORIENTED_EDGE('',*,*,#12420,.F.);
#12440=CARTESIAN_POINT('',(-1.76478915595119,-1.59105222487757,15.5075))
;
#12450=DIRECTION('',(-6.12303176911189E-17,1.,-1.22460635382238E-16));
#12460=DIRECTION('',(6.12303176911189E-17,-1.22460635382238E-16,-1.));
#12470=AXIS2_PLACEMENT_3D('',#12440,#12450,#12460);
#12480=CIRCLE('',#12470,0.05);
#12490=EDGE_CURVE('',#12410,#12170,#12480,.T.);
#12500=ORIENTED_EDGE('',*,*,#12490,.F.);
#12510=ORIENTED_EDGE('',*,*,#12180,.T.);
#12520=EDGE_LOOP('',(#12510,#12500,#12430,#12350));
#12530=FACE_OUTER_BOUND('',#12520,.T.);
#12540=ADVANCED_FACE('',(#12530),#12340,.F.);
#12550=CARTESIAN_POINT('',(-1.25478915595119,-1.59105222487757,15.7575))
;
#12560=DIRECTION('',(-6.12303176911189E-17,1.,-1.22460635382238E-16));
#12570=DIRECTION('',(6.12303176911189E-17,-1.22460635382238E-16,-1.));
#12580=AXIS2_PLACEMENT_3D('',#12550,#12560,#12570);
#12590=PLANE('',#12580);
#12600=ORIENTED_EDGE('',*,*,#11520,.F.);
#12610=ORIENTED_EDGE('',*,*,#11760,.T.);
#12620=ORIENTED_EDGE('',*,*,#12000,.F.);
#12630=ORIENTED_EDGE('',*,*,#12240,.F.);
#12640=ORIENTED_EDGE('',*,*,#12490,.T.);
#12650=CARTESIAN_POINT('',(-1.81478915595119,-1.59105222487757,15.7575))
;
#12660=DIRECTION('',(6.12303176911189E-17,-1.22460635382238E-16,-1.));
#12670=VECTOR('',#12660,1.);
#12680=LINE('',#12650,#12670);
#12690=CARTESIAN_POINT('',(-1.81478915595119,-1.59105222487757,14.9075))
;
#12700=VERTEX_POINT('',#12690);
#12710=EDGE_CURVE('',#12410,#12700,#12680,.T.);
#12720=ORIENTED_EDGE('',*,*,#12710,.F.);
#12730=CARTESIAN_POINT('',(-1.76478915595119,-1.59105222487757,14.9075))
;
#12740=DIRECTION('',(-6.12303176911189E-17,1.,-1.22460635382238E-16));
#12750=DIRECTION('',(6.12303176911189E-17,-1.22460635382238E-16,-1.));
#12760=AXIS2_PLACEMENT_3D('',#12730,#12740,#12750);
#12770=CIRCLE('',#12760,0.05);
#12780=EDGE_CURVE('',#8440,#12700,#12770,.T.);
#12790=ORIENTED_EDGE('',*,*,#12780,.T.);
#12800=ORIENTED_EDGE('',*,*,#8450,.T.);
#12810=CARTESIAN_POINT('',(-1.86478915595119,-1.59105222487758,-10.265))
;
#12820=DIRECTION('',(-6.12303176911189E-17,1.22460635382238E-16,1.));
#12830=VECTOR('',#12820,1.);
#12840=LINE('',#12810,#12830);
#12850=CARTESIAN_POINT('',(-1.86478915595119,-1.59105222487757,
14.6783712152522));
#12860=VERTEX_POINT('',#12850);
#12870=EDGE_CURVE('',#12860,#8420,#12840,.T.);
#12880=ORIENTED_EDGE('',*,*,#12870,.T.);
#12890=CARTESIAN_POINT('',(-1.76478915595119,-1.59105222487757,14.9075))
;
#12900=DIRECTION('',(-6.12303176911189E-17,1.,-1.22460635382238E-16));
#12910=DIRECTION('',(6.12303176911189E-17,-1.22460635382238E-16,-1.));
#12920=AXIS2_PLACEMENT_3D('',#12890,#12900,#12910);
#12930=CIRCLE('',#12920,0.25);
#12940=EDGE_CURVE('',#12860,#10390,#12930,.T.);
#12950=ORIENTED_EDGE('',*,*,#12940,.F.);
#12960=ORIENTED_EDGE('',*,*,#10400,.T.);
#12970=EDGE_LOOP('',(#12960,#12950,#12880,#12800,#12790,#12720,#12640,
#12630,#12620,#12610,#12600));
#12980=FACE_OUTER_BOUND('',#12970,.T.);
#12990=ADVANCED_FACE('',(#12980),#12590,.F.);
#13000=CARTESIAN_POINT('',(-1.81478915595119,-0.391052224877574,14.9075)
);
#13010=DIRECTION('',(-1.,-6.12303176911189E-17,-6.12303176911189E-17));
#13020=DIRECTION('',(-6.12303176911189E-17,1.22460635382238E-16,1.));
#13030=AXIS2_PLACEMENT_3D('',#13000,#13010,#13020);
#13040=PLANE('',#13030);
#13050=ORIENTED_EDGE('',*,*,#10970,.T.);
#13060=CARTESIAN_POINT('',(-1.81478915595119,-0.391052224877574,14.9075)
);
#13070=DIRECTION('',(6.12303176911189E-17,-1.,1.22460635382238E-16));
#13080=VECTOR('',#13070,1.);
#13090=LINE('',#13060,#13080);
#13100=EDGE_CURVE('',#10880,#12700,#13090,.T.);
#13110=ORIENTED_EDGE('',*,*,#13100,.F.);
#13120=ORIENTED_EDGE('',*,*,#12710,.T.);
#13130=ORIENTED_EDGE('',*,*,#12420,.T.);
#13140=EDGE_LOOP('',(#13130,#13120,#13110,#13050));
#13150=FACE_OUTER_BOUND('',#13140,.T.);
#13160=ADVANCED_FACE('',(#13150),#13040,.F.);
#13170=CARTESIAN_POINT('',(-1.76478915595119,-0.391052224877574,14.9075)
);
#13180=DIRECTION('',(6.12303176911189E-17,-1.,1.22460635382238E-16));
#13190=DIRECTION('',(6.12303176911189E-17,-1.22460635382238E-16,-1.));
#13200=AXIS2_PLACEMENT_3D('',#13170,#13180,#13190);
#13210=CYLINDRICAL_SURFACE('',#13200,0.05);
#13220=ORIENTED_EDGE('',*,*,#10890,.T.);
#13230=ORIENTED_EDGE('',*,*,#8530,.F.);
#13240=ORIENTED_EDGE('',*,*,#12780,.F.);
#13250=ORIENTED_EDGE('',*,*,#13100,.T.);
#13260=EDGE_LOOP('',(#13250,#13240,#13230,#13220));
#13270=FACE_OUTER_BOUND('',#13260,.T.);
#13280=ADVANCED_FACE('',(#13270),#13210,.F.);
#13290=CARTESIAN_POINT('',(-1.76478915595119,-0.391052224877574,14.9075)
);
#13300=DIRECTION('',(6.12303176911189E-17,-1.,1.22460635382238E-16));
#13310=DIRECTION('',(6.12303176911189E-17,-1.22460635382238E-16,-1.));
#13320=AXIS2_PLACEMENT_3D('',#13290,#13300,#13310);
#13330=CYLINDRICAL_SURFACE('',#13320,0.25);
#13340=ORIENTED_EDGE('',*,*,#10730,.F.);
#13350=ORIENTED_EDGE('',*,*,#10460,.F.);
#13360=ORIENTED_EDGE('',*,*,#12940,.T.);
#13370=CARTESIAN_POINT('',(-1.86478915595119,-0.391052224877574,
14.6783712152522));
#13380=DIRECTION('',(6.12303176911189E-17,-1.,1.22460635382238E-16));
#13390=VECTOR('',#13380,1.);
#13400=LINE('',#13370,#13390);
#13410=EDGE_CURVE('',#10720,#12860,#13400,.T.);
#13420=ORIENTED_EDGE('',*,*,#13410,.T.);
#13430=EDGE_LOOP('',(#13420,#13360,#13350,#13340));
#13440=FACE_OUTER_BOUND('',#13430,.T.);
#13450=ADVANCED_FACE('',(#13440),#13330,.T.);
#13460=CARTESIAN_POINT('',(-1.86478915595119,1.00894777512243,14.6575));
#13470=DIRECTION('',(-1.,0.,-6.12303176911189E-17));
#13480=DIRECTION('',(6.12303176911189E-17,0.,-1.));
#13490=AXIS2_PLACEMENT_3D('',#13460,#13470,#13480);
#13500=PLANE('',#13490);
#13510=CARTESIAN_POINT('',(-1.86478915595119,-1.69105222487758,15.2575))
;
#13520=DIRECTION('',(0.,0.,1.));
#13530=VECTOR('',#13520,1.);
#13540=LINE('',#13510,#13530);
#13550=CARTESIAN_POINT('',(-1.86478915595119,-1.69105222487758,15.2575))
;
#13560=VERTEX_POINT('',#13550);
#13570=EDGE_CURVE('',#8830,#13560,#13540,.T.);
#13580=ORIENTED_EDGE('',*,*,#13570,.F.);
#13590=CARTESIAN_POINT('',(-1.86478915595119,1.00894777512243,15.2575));
#13600=DIRECTION('',(0.,1.,0.));
#13610=VECTOR('',#13600,1.);
#13620=LINE('',#13590,#13610);
#13630=EDGE_CURVE('',#9910,#13560,#13620,.T.);
#13640=ORIENTED_EDGE('',*,*,#13630,.T.);
#13650=ORIENTED_EDGE('',*,*,#9920,.F.);
#13660=CARTESIAN_POINT('',(-1.86478915595119,1.00894777512243,14.0575));
#13670=DIRECTION('',(0.,-1.,0.));
#13680=VECTOR('',#13670,1.);
#13690=LINE('',#13660,#13680);
#13700=CARTESIAN_POINT('',(-1.86478915595119,1.00894777512243,14.0575));
#13710=VERTEX_POINT('',#13700);
#13720=EDGE_CURVE('',#13710,#9830,#13690,.T.);
#13730=ORIENTED_EDGE('',*,*,#13720,.T.);
#13740=CARTESIAN_POINT('',(-1.86478915595119,1.00894777512243,15.7575));
#13750=DIRECTION('',(6.12303176911189E-17,0.,-1.));
#13760=VECTOR('',#13750,1.);
#13770=LINE('',#13740,#13760);
#13780=EDGE_CURVE('',#8680,#13710,#13770,.T.);
#13790=ORIENTED_EDGE('',*,*,#13780,.T.);
#13800=ORIENTED_EDGE('',*,*,#8690,.F.);
#13810=ORIENTED_EDGE('',*,*,#10790,.T.);
#13820=ORIENTED_EDGE('',*,*,#13410,.F.);
#13830=ORIENTED_EDGE('',*,*,#12870,.F.);
#13840=ORIENTED_EDGE('',*,*,#8860,.F.);
#13850=EDGE_LOOP('',(#13840,#13830,#13820,#13810,#13800,#13790,#13730,
#13650,#13640,#13580));
#13860=FACE_OUTER_BOUND('',#13850,.T.);
#13870=ADVANCED_FACE('',(#13860),#13500,.T.);
#13880=CARTESIAN_POINT('',(-1.90764320088521,-4.1401784069391,13.5575));
#13890=DIRECTION('',(0.,0.,1.));
#13900=DIRECTION('',(1.,0.,0.));
#13910=AXIS2_PLACEMENT_3D('',#13880,#13890,#13900);
#13920=PLANE('',#13910);
#13930=CARTESIAN_POINT('',(-0.264789155951195,2.00894777512243,13.5575))
;
#13940=DIRECTION('',(-1.,0.,0.));
#13950=VECTOR('',#13940,1.);
#13960=LINE('',#13930,#13950);
#13970=CARTESIAN_POINT('',(-0.739685876612312,2.00894777512243,13.5575))
;
#13980=VERTEX_POINT('',#13970);
#13990=CARTESIAN_POINT('',(-1.06478915595118,2.00894777512243,13.5575));
#14000=VERTEX_POINT('',#13990);
#14010=EDGE_CURVE('',#13980,#14000,#13960,.T.);
#14020=ORIENTED_EDGE('',*,*,#14010,.F.);
#14030=CARTESIAN_POINT('',(-1.06478915595119,1.00894777512243,13.5575));
#14040=DIRECTION('',(0.,1.,0.));
#14050=VECTOR('',#14040,1.);
#14060=LINE('',#14030,#14050);
#14070=CARTESIAN_POINT('',(-1.0647891559512,0.883947775122426,13.5575));
#14080=VERTEX_POINT('',#14070);
#14090=EDGE_CURVE('',#14080,#14000,#14060,.T.);
#14100=ORIENTED_EDGE('',*,*,#14090,.T.);
#14110=CARTESIAN_POINT('',(-1.04812248928455,1.00894777512243,13.5575));
#14120=DIRECTION('',(0.132163720091018,0.991227900682635,0.));
#14130=VECTOR('',#14120,1.);
#14140=LINE('',#14110,#14130);
#14150=CARTESIAN_POINT('',(-0.937931456748793,1.83538051914063,13.5575))
;
#14160=VERTEX_POINT('',#14150);
#14170=EDGE_CURVE('',#14080,#14160,#14140,.T.);
#14180=ORIENTED_EDGE('',*,*,#14170,.F.);
#14190=CARTESIAN_POINT('',(-0.739685876612266,1.80894777512243,13.5575))
;
#14200=DIRECTION('',(0.,0.,1.));
#14210=DIRECTION('',(0.,1.,0.));
#14220=AXIS2_PLACEMENT_3D('',#14190,#14200,#14210);
#14230=CIRCLE('',#14220,0.2);
#14240=EDGE_CURVE('',#13980,#14160,#14230,.T.);
#14250=ORIENTED_EDGE('',*,*,#14240,.T.);
#14260=EDGE_LOOP('',(#14250,#14180,#14100,#14020));
#14270=FACE_OUTER_BOUND('',#14260,.T.);
#14280=ADVANCED_FACE('',(#14270),#13920,.F.);
#14290=CARTESIAN_POINT('',(-0.464789155951221,-1.29105222487757,13.3675)
);
#14300=DIRECTION('',(0.,0.,1.));
#14310=DIRECTION('',(0.,1.,0.));
#14320=AXIS2_PLACEMENT_3D('',#14290,#14300,#14310);
#14330=CYLINDRICAL_SURFACE('',#14320,0.2);
#14340=CARTESIAN_POINT('',(-0.464789155951221,-1.09105222487757,13.3675)
);
#14350=DIRECTION('',(0.,0.,1.));
#14360=VECTOR('',#14350,1.);
#14370=LINE('',#14340,#14360);
#14380=CARTESIAN_POINT('',(-0.464789155951221,-1.09105222487757,13.3575)
);
#14390=VERTEX_POINT('',#14380);
#14400=CARTESIAN_POINT('',(-0.464789155951221,-1.09105222487757,13.5575)
);
#14410=VERTEX_POINT('',#14400);
#14420=EDGE_CURVE('',#14390,#14410,#14370,.T.);
#14430=ORIENTED_EDGE('',*,*,#14420,.T.);
#14440=CARTESIAN_POINT('',(-0.464789155951221,-1.29105222487757,13.3575)
);
#14450=DIRECTION('',(0.,0.,1.));
#14460=DIRECTION('',(0.,1.,0.));
#14470=AXIS2_PLACEMENT_3D('',#14440,#14450,#14460);
#14480=CIRCLE('',#14470,0.2);
#14490=CARTESIAN_POINT('',(-0.36478915595122,-1.11784714412069,13.3575))
;
#14500=VERTEX_POINT('',#14490);
#14510=EDGE_CURVE('',#14500,#14390,#14480,.T.);
#14520=ORIENTED_EDGE('',*,*,#14510,.T.);
#14530=CARTESIAN_POINT('',(-0.36478915595122,-1.11784714412069,13.5475))
;
#14540=DIRECTION('',(0.,0.,1.));
#14550=VECTOR('',#14540,1.);
#14560=LINE('',#14530,#14550);
#14570=CARTESIAN_POINT('',(-0.36478915595122,-1.11784714412069,13.5575))
;
#14580=VERTEX_POINT('',#14570);
#14590=EDGE_CURVE('',#14500,#14580,#14560,.T.);
#14600=ORIENTED_EDGE('',*,*,#14590,.F.);
#14610=CARTESIAN_POINT('',(-0.464789155951221,-1.29105222487757,13.5575)
);
#14620=DIRECTION('',(0.,0.,1.));
#14630=DIRECTION('',(0.,1.,0.));
#14640=AXIS2_PLACEMENT_3D('',#14610,#14620,#14630);
#14650=CIRCLE('',#14640,0.2);
#14660=EDGE_CURVE('',#14580,#14410,#14650,.T.);
#14670=ORIENTED_EDGE('',*,*,#14660,.F.);
#14680=EDGE_LOOP('',(#14670,#14600,#14520,#14430));
#14690=FACE_OUTER_BOUND('',#14680,.T.);
#14700=ADVANCED_FACE('',(#14690),#14330,.T.);
#14710=CARTESIAN_POINT('',(-0.754789155951188,-1.30105222487758,14.6575)
);
#14720=DIRECTION('',(1.,0.,0.));
#14730=DIRECTION('',(0.,1.,0.));
#14740=AXIS2_PLACEMENT_3D('',#14710,#14720,#14730);
#14750=PLANE('',#14740);
#14760=CARTESIAN_POINT('',(-0.754789155951188,-1.69105222487758,14.6575)
);
#14770=DIRECTION('',(0.,0.,1.));
#14780=VECTOR('',#14770,1.);
#14790=LINE('',#14760,#14780);
#14800=EDGE_CURVE('',#2040,#6550,#14790,.T.);
#14810=ORIENTED_EDGE('',*,*,#14800,.F.);
#14820=ORIENTED_EDGE('',*,*,#6560,.T.);
#14830=ORIENTED_EDGE('',*,*,#2660,.T.);
#14840=ORIENTED_EDGE('',*,*,#2130,.T.);
#14850=EDGE_LOOP('',(#14840,#14830,#14820,#14810));
#14860=FACE_OUTER_BOUND('',#14850,.T.);
#14870=ADVANCED_FACE('',(#14860),#14750,.T.);
#14880=CARTESIAN_POINT('',(-0.614789155951187,-1.29105222487757,14.6575)
);
#14890=DIRECTION('',(0.,0.,1.));
#14900=DIRECTION('',(1.,0.,0.));
#14910=AXIS2_PLACEMENT_3D('',#14880,#14890,#14900);
#14920=CYLINDRICAL_SURFACE('',#14910,0.2);
#14930=ORIENTED_EDGE('',*,*,#1890,.F.);
#14940=ORIENTED_EDGE('',*,*,#2590,.F.);
#14950=CARTESIAN_POINT('',(-0.614789155951187,-1.29105222487757,13.88));
#14960=DIRECTION('',(0.,0.,1.));
#14970=DIRECTION('',(1.,0.,0.));
#14980=AXIS2_PLACEMENT_3D('',#14950,#14960,#14970);
#14990=CIRCLE('',#14980,0.2);
#15000=CARTESIAN_POINT('',(-0.814789155951188,-1.29105222487757,13.88));
#15010=VERTEX_POINT('',#15000);
#15020=EDGE_CURVE('',#15010,#2520,#14990,.T.);
#15030=ORIENTED_EDGE('',*,*,#15020,.T.);
#15040=CARTESIAN_POINT('',(-0.814789155951188,-1.29105222487757,14.6575)
);
#15050=DIRECTION('',(0.,0.,1.));
#15060=VECTOR('',#15050,1.);
#15070=LINE('',#15040,#15060);
#15080=EDGE_CURVE('',#15010,#3300,#15070,.T.);
#15090=ORIENTED_EDGE('',*,*,#15080,.F.);
#15100=EDGE_CURVE('',#3300,#1860,#15070,.T.);
#15110=ORIENTED_EDGE('',*,*,#15100,.F.);
#15120=EDGE_LOOP('',(#15110,#15090,#15030,#14940,#14930));
#15130=FACE_OUTER_BOUND('',#15120,.T.);
#15140=ADVANCED_FACE('',(#15130),#14920,.T.);
#15150=CARTESIAN_POINT('',(-0.264789155951187,1.00894777512243,15.2575))
;
#15160=DIRECTION('',(0.,0.,1.));
#15170=DIRECTION('',(1.,0.,0.));
#15180=AXIS2_PLACEMENT_3D('',#15150,#15160,#15170);
#15190=PLANE('',#15180);
#15200=CARTESIAN_POINT('',(-0.264789155951187,1.00894777512243,15.2575))
;
#15210=DIRECTION('',(-1.,0.,0.));
#15220=VECTOR('',#15210,1.);
#15230=LINE('',#15200,#15220);
#15240=EDGE_CURVE('',#7790,#8020,#15230,.T.);
#15250=ORIENTED_EDGE('',*,*,#15240,.T.);
#15260=ORIENTED_EDGE('',*,*,#7800,.F.);
#15270=CARTESIAN_POINT('',(-0.264789155951187,-1.69105222487758,15.2575)
);
#15280=DIRECTION('',(1.,0.,0.));
#15290=VECTOR('',#15280,1.);
#15300=LINE('',#15270,#15290);
#15310=CARTESIAN_POINT('',(-0.964789155951188,-1.69105222487758,15.2575)
);
#15320=VERTEX_POINT('',#15310);
#15330=EDGE_CURVE('',#15320,#7710,#15300,.T.);
#15340=ORIENTED_EDGE('',*,*,#15330,.T.);
#15350=CARTESIAN_POINT('',(-0.964789155951188,1.00894777512243,15.2575))
;
#15360=DIRECTION('',(0.,-1.,0.));
#15370=VECTOR('',#15360,1.);
#15380=LINE('',#15350,#15370);
#15390=CARTESIAN_POINT('',(-0.964789155951188,-0.016052224877575,15.2575
));
#15400=VERTEX_POINT('',#15390);
#15410=EDGE_CURVE('',#15400,#15320,#15380,.T.);
#15420=ORIENTED_EDGE('',*,*,#15410,.T.);
#15430=CARTESIAN_POINT('',(-1.08978915595119,-0.016052224877575,15.2575)
);
#15440=DIRECTION('',(0.,0.,1.));
#15450=DIRECTION('',(1.,0.,0.));
#15460=AXIS2_PLACEMENT_3D('',#15430,#15440,#15450);
#15470=CIRCLE('',#15460,0.125);
#15480=EDGE_CURVE('',#15400,#4210,#15470,.T.);
#15490=ORIENTED_EDGE('',*,*,#15480,.F.);
#15500=ORIENTED_EDGE('',*,*,#4220,.T.);
#15510=ORIENTED_EDGE('',*,*,#9980,.F.);
#15520=ORIENTED_EDGE('',*,*,#13630,.F.);
#15530=CARTESIAN_POINT('',(-0.264789155951187,-1.69105222487758,15.2575)
);
#15540=DIRECTION('',(1.,0.,0.));
#15550=VECTOR('',#15540,1.);
#15560=LINE('',#15530,#15550);
#15570=EDGE_CURVE('',#13560,#8120,#15560,.T.);
#15580=ORIENTED_EDGE('',*,*,#15570,.F.);
#15590=ORIENTED_EDGE('',*,*,#8130,.T.);
#15600=EDGE_LOOP('',(#15590,#15580,#15520,#15510,#15500,#15490,#15420,
#15340,#15260,#15250));
#15610=FACE_OUTER_BOUND('',#15600,.T.);
#15620=ADVANCED_FACE('',(#15610),#15190,.T.);
#15630=CARTESIAN_POINT('',(-0.754789155951188,-1.69105222487758,14.6575)
);
#15640=DIRECTION('',(0.,-1.,0.));
#15650=DIRECTION('',(1.,0.,0.));
#15660=AXIS2_PLACEMENT_3D('',#15630,#15640,#15650);
#15670=PLANE('',#15660);
#15680=ORIENTED_EDGE('',*,*,#14800,.T.);
#15690=ORIENTED_EDGE('',*,*,#2050,.T.);
#15700=CARTESIAN_POINT('',(-0.814789155951187,-1.69105222487758,15.2075)
);
#15710=DIRECTION('',(0.,0.,1.));
#15720=VECTOR('',#15710,1.);
#15730=LINE('',#15700,#15720);
#15740=EDGE_CURVE('',#9180,#1960,#15730,.T.);
#15750=ORIENTED_EDGE('',*,*,#15740,.T.);
#15760=ORIENTED_EDGE('',*,*,#9190,.T.);
#15770=CARTESIAN_POINT('',(-0.964789155951188,-1.69105222487758,15.1775)
);
#15780=DIRECTION('',(0.,0.,1.));
#15790=VECTOR('',#15780,1.);
#15800=LINE('',#15770,#15790);
#15810=EDGE_CURVE('',#9100,#15320,#15800,.T.);
#15820=ORIENTED_EDGE('',*,*,#15810,.F.);
#15830=ORIENTED_EDGE('',*,*,#15330,.F.);
#15840=ORIENTED_EDGE('',*,*,#7720,.T.);
#15850=ORIENTED_EDGE('',*,*,#5290,.T.);
#15860=ORIENTED_EDGE('',*,*,#7520,.F.);
#15870=ORIENTED_EDGE('',*,*,#6640,.T.);
#15880=EDGE_LOOP('',(#15870,#15860,#15850,#15840,#15830,#15820,#15760,
#15750,#15690,#15680));
#15890=FACE_OUTER_BOUND('',#15880,.T.);
#15900=ADVANCED_FACE('',(#15890),#15670,.T.);
#15910=CARTESIAN_POINT('',(-0.0647891559511874,1.30894777512243,14.6575)
);
#15920=DIRECTION('',(0.,-1.,0.));
#15930=DIRECTION('',(-1.,0.,0.));
#15940=AXIS2_PLACEMENT_3D('',#15910,#15920,#15930);
#15950=PLANE('',#15940);
#15960=CARTESIAN_POINT('',(-1.11478915595119,1.30894777512243,15.9575));
#15970=DIRECTION('',(0.,0.,-1.));
#15980=VECTOR('',#15970,1.);
#15990=LINE('',#15960,#15980);
#16000=CARTESIAN_POINT('',(-1.11478915595119,1.30894777512243,14.6575));
#16010=VERTEX_POINT('',#16000);
#16020=CARTESIAN_POINT('',(-1.11478915595119,1.30894777512243,13.9925));
#16030=VERTEX_POINT('',#16020);
#16040=EDGE_CURVE('',#16010,#16030,#15990,.T.);
#16050=ORIENTED_EDGE('',*,*,#16040,.F.);
#16060=CARTESIAN_POINT('',(-1.11478915595119,1.30894777512243,13.9925));
#16070=DIRECTION('',(-1.,0.,0.));
#16080=VECTOR('',#16070,1.);
#16090=LINE('',#16060,#16080);
#16100=CARTESIAN_POINT('',(-1.81478915595119,1.30894777512243,13.9925));
#16110=VERTEX_POINT('',#16100);
#16120=EDGE_CURVE('',#16030,#16110,#16090,.T.);
#16130=ORIENTED_EDGE('',*,*,#16120,.F.);
#16140=CARTESIAN_POINT('',(-1.81478915595119,1.30894777512243,14.6575));
#16150=DIRECTION('',(0.,0.,1.));
#16160=VECTOR('',#16150,1.);
#16170=LINE('',#16140,#16160);
#16180=EDGE_CURVE('',#16110,#3730,#16170,.T.);
#16190=ORIENTED_EDGE('',*,*,#16180,.F.);
#16200=ORIENTED_EDGE('',*,*,#3740,.F.);
#16210=CARTESIAN_POINT('',(-0.0647891559511874,1.30894777512243,14.6575)
);
#16220=DIRECTION('',(0.,0.,1.));
#16230=VECTOR('',#16220,1.);
#16240=LINE('',#16210,#16230);
#16250=CARTESIAN_POINT('',(-0.0647891559511874,1.30894777512243,14.6575)
);
#16260=VERTEX_POINT('',#16250);
#16270=EDGE_CURVE('',#16260,#3650,#16240,.T.);
#16280=ORIENTED_EDGE('',*,*,#16270,.T.);
#16290=CARTESIAN_POINT('',(-0.264789155951187,1.30894777512243,14.6575))
;
#16300=DIRECTION('',(1.,0.,0.));
#16310=VECTOR('',#16300,1.);
#16320=LINE('',#16290,#16310);
#16330=EDGE_CURVE('',#16010,#16260,#16320,.T.);
#16340=ORIENTED_EDGE('',*,*,#16330,.T.);
#16350=EDGE_LOOP('',(#16340,#16280,#16200,#16190,#16130,#16050));
#16360=FACE_OUTER_BOUND('',#16350,.T.);
#16370=ADVANCED_FACE('',(#16360),#15950,.T.);
#16380=CARTESIAN_POINT('',(-0.264789155951187,-1.19105222487757,13.36));
#16390=DIRECTION('',(1.,0.,0.));
#16400=DIRECTION('',(0.,-1.,0.));
#16410=AXIS2_PLACEMENT_3D('',#16380,#16390,#16400);
#16420=PLANE('',#16410);
#16430=CARTESIAN_POINT('',(-0.264789155951187,-1.79105222487757,15.18));
#16440=DIRECTION('',(0.,0.,1.));
#16450=VECTOR('',#16440,1.);
#16460=LINE('',#16430,#16450);
#16470=CARTESIAN_POINT('',(-0.264789155951187,-1.79105222487757,13.5575)
);
#16480=VERTEX_POINT('',#16470);
#16490=CARTESIAN_POINT('',(-0.264789155951187,-1.79105222487757,13.5825)
);
#16500=VERTEX_POINT('',#16490);
#16510=EDGE_CURVE('',#16480,#16500,#16460,.T.);
#16520=ORIENTED_EDGE('',*,*,#16510,.T.);
#16530=CARTESIAN_POINT('',(-0.264789155951187,1.00894777512243,13.5575))
;
#16540=DIRECTION('',(0.,1.,0.));
#16550=VECTOR('',#16540,1.);
#16560=LINE('',#16530,#16550);
#16570=CARTESIAN_POINT('',(-0.26478915595122,-1.19105222487757,13.5575))
;
#16580=VERTEX_POINT('',#16570);
#16590=EDGE_CURVE('',#16480,#16580,#16560,.T.);
#16600=ORIENTED_EDGE('',*,*,#16590,.F.);
#16610=CARTESIAN_POINT('',(-0.264789155951187,-1.19105222487757,13.36));
#16620=DIRECTION('',(0.,0.,1.));
#16630=VECTOR('',#16620,1.);
#16640=LINE('',#16610,#16630);
#16650=CARTESIAN_POINT('',(-0.264789155951187,-1.19105222487757,13.5825)
);
#16660=VERTEX_POINT('',#16650);
#16670=EDGE_CURVE('',#16580,#16660,#16640,.T.);
#16680=ORIENTED_EDGE('',*,*,#16670,.F.);
#16690=CARTESIAN_POINT('',(-0.264789155951187,1.00894777512243,13.5825))
;
#16700=DIRECTION('',(0.,-1.,0.));
#16710=VECTOR('',#16700,1.);
#16720=LINE('',#16690,#16710);
#16730=EDGE_CURVE('',#16660,#16500,#16720,.T.);
#16740=ORIENTED_EDGE('',*,*,#16730,.F.);
#16750=EDGE_LOOP('',(#16740,#16680,#16600,#16520));
#16760=FACE_OUTER_BOUND('',#16750,.T.);
#16770=ADVANCED_FACE('',(#16760),#16420,.F.);
#16780=CARTESIAN_POINT('',(-2.01478915595123,1.00894777512243,12.86));
#16790=DIRECTION('',(0.,0.,-1.));
#16800=DIRECTION('',(-1.,0.,0.));
#16810=AXIS2_PLACEMENT_3D('',#16780,#16790,#16800);
#16820=PLANE('',#16810);
#16830=CARTESIAN_POINT('',(-1.59269477508737,1.00894777512243,12.86));
#16840=DIRECTION('',(-0.5,0.866025403784439,0.));
#16850=VECTOR('',#16840,1.);
#16860=LINE('',#16830,#16850);
#16870=CARTESIAN_POINT('',(-0.264789155951232,-1.29105222487757,12.86));
#16880=VERTEX_POINT('',#16870);
#16890=CARTESIAN_POINT('',(-0.322524182870195,-1.19105222487757,12.86));
#16900=VERTEX_POINT('',#16890);
#16910=EDGE_CURVE('',#16880,#16900,#16860,.T.);
#16920=ORIENTED_EDGE('',*,*,#16910,.F.);
#16930=CARTESIAN_POINT('',(-0.264789155951232,-1.19105222487757,12.86));
#16940=DIRECTION('',(1.,0.,0.));
#16950=VECTOR('',#16940,1.);
#16960=LINE('',#16930,#16950);
#16970=CARTESIAN_POINT('',(-0.264789155951232,-1.19105222487757,12.86));
#16980=VERTEX_POINT('',#16970);
#16990=EDGE_CURVE('',#16900,#16980,#16960,.T.);
#17000=ORIENTED_EDGE('',*,*,#16990,.F.);
#17010=CARTESIAN_POINT('',(-0.264789155951232,1.00894777512243,12.86));
#17020=DIRECTION('',(0.,1.,0.));
#17030=VECTOR('',#17020,1.);
#17040=LINE('',#17010,#17030);
#17050=EDGE_CURVE('',#16880,#16980,#17040,.T.);
#17060=ORIENTED_EDGE('',*,*,#17050,.T.);
#17070=EDGE_LOOP('',(#17060,#17000,#16920));
#17080=FACE_OUTER_BOUND('',#17070,.T.);
#17090=ADVANCED_FACE('',(#17080),#16820,.F.);
#17100=CARTESIAN_POINT('',(-0.164789155951187,0.608947775122426,14.6575)
);
#17110=DIRECTION('',(0.,-1.,0.));
#17120=DIRECTION('',(-1.,0.,0.));
#17130=AXIS2_PLACEMENT_3D('',#17100,#17110,#17120);
#17140=PLANE('',#17130);
#17150=ORIENTED_EDGE('',*,*,#540,.T.);
#17160=CARTESIAN_POINT('',(-0.264789155951187,0.608947775122426,14.7075)
);
#17170=DIRECTION('',(0.894427190999916,0.,-0.447213595499958));
#17180=VECTOR('',#17170,1.);
#17190=LINE('',#17160,#17180);
#17200=CARTESIAN_POINT('',(-0.254789155951188,0.608947775122426,14.7025)
);
#17210=VERTEX_POINT('',#17200);
#17220=EDGE_CURVE('',#510,#17210,#17190,.T.);
#17230=ORIENTED_EDGE('',*,*,#17220,.F.);
#17240=CARTESIAN_POINT('',(-0.254789155951188,0.608947775122426,-10.265)
);
#17250=DIRECTION('',(0.,0.,-1.));
#17260=VECTOR('',#17250,1.);
#17270=LINE('',#17240,#17260);
#17280=CARTESIAN_POINT('',(-0.254789155951188,0.608947775122426,14.6575)
);
#17290=VERTEX_POINT('',#17280);
#17300=EDGE_CURVE('',#17210,#17290,#17270,.T.);
#17310=ORIENTED_EDGE('',*,*,#17300,.F.);
#17320=CARTESIAN_POINT('',(-0.264789155951187,0.608947775122426,14.6575)
);
#17330=DIRECTION('',(1.,0.,0.));
#17340=VECTOR('',#17330,1.);
#17350=LINE('',#17320,#17340);
#17360=EDGE_CURVE('',#530,#17290,#17350,.T.);
#17370=ORIENTED_EDGE('',*,*,#17360,.T.);
#17380=EDGE_LOOP('',(#17370,#17310,#17230,#17150));
#17390=FACE_OUTER_BOUND('',#17380,.T.);
#17400=ADVANCED_FACE('',(#17390),#17140,.T.);
#17410=CARTESIAN_POINT('',(-0.26478915595122,-1.19105222487757,13.055));
#17420=DIRECTION('',(0.,-1.,0.));
#17430=DIRECTION('',(-1.,0.,0.));
#17440=AXIS2_PLACEMENT_3D('',#17410,#17420,#17430);
#17450=PLANE('',#17440);
#17460=CARTESIAN_POINT('',(-0.26478915595122,-1.19105222487757,13.055));
#17470=DIRECTION('',(0.,0.,1.));
#17480=VECTOR('',#17470,1.);
#17490=LINE('',#17460,#17480);
#17500=CARTESIAN_POINT('',(-0.264789155951232,-1.19105222487757,13.055))
;
#17510=VERTEX_POINT('',#17500);
#17520=CARTESIAN_POINT('',(-0.26478915595122,-1.19105222487757,13.36));
#17530=VERTEX_POINT('',#17520);
#17540=EDGE_CURVE('',#17510,#17530,#17490,.T.);
#17550=ORIENTED_EDGE('',*,*,#17540,.F.);
#17560=CARTESIAN_POINT('',(-0.264789155951221,-1.19105222487757,13.36));
#17570=DIRECTION('',(1.,0.,0.));
#17580=VECTOR('',#17570,1.);
#17590=LINE('',#17560,#17580);
#17600=CARTESIAN_POINT('',(-0.322524182870183,-1.19105222487757,13.36));
#17610=VERTEX_POINT('',#17600);
#17620=EDGE_CURVE('',#17610,#17530,#17590,.T.);
#17630=ORIENTED_EDGE('',*,*,#17620,.T.);
#17640=CARTESIAN_POINT('',(-0.322524182870183,-1.19105222487757,7.235));
#17650=DIRECTION('',(0.,0.,-1.));
#17660=VECTOR('',#17650,1.);
#17670=LINE('',#17640,#17660);
#17680=CARTESIAN_POINT('',(-0.322524182870183,-1.19105222487757,13.3575)
);
#17690=VERTEX_POINT('',#17680);
#17700=EDGE_CURVE('',#17610,#17690,#17670,.T.);
#17710=ORIENTED_EDGE('',*,*,#17700,.F.);
#17720=CARTESIAN_POINT('',(-0.264789155951221,-1.19105222487757,13.3575)
);
#17730=DIRECTION('',(-1.,0.,0.));
#17740=VECTOR('',#17730,1.);
#17750=LINE('',#17720,#17740);
#17760=CARTESIAN_POINT('',(-0.464789155951221,-1.19105222487757,13.3575)
);
#17770=VERTEX_POINT('',#17760);
#17780=EDGE_CURVE('',#17690,#17770,#17750,.T.);
#17790=ORIENTED_EDGE('',*,*,#17780,.F.);
#17800=CARTESIAN_POINT('',(-0.464789155951221,-1.19105222487757,7.235));
#17810=DIRECTION('',(0.,0.,-1.));
#17820=VECTOR('',#17810,1.);
#17830=LINE('',#17800,#17820);
#17840=CARTESIAN_POINT('',(-0.464789155951221,-1.19105222487757,13.0575)
);
#17850=VERTEX_POINT('',#17840);
#17860=EDGE_CURVE('',#17770,#17850,#17830,.T.);
#17870=ORIENTED_EDGE('',*,*,#17860,.F.);
#17880=CARTESIAN_POINT('',(-0.264789155951195,-1.19105222487757,13.0575)
);
#17890=DIRECTION('',(1.,0.,0.));
#17900=VECTOR('',#17890,1.);
#17910=LINE('',#17880,#17900);
#17920=CARTESIAN_POINT('',(-0.322524182870194,-1.19105222487757,13.0575)
);
#17930=VERTEX_POINT('',#17920);
#17940=EDGE_CURVE('',#17850,#17930,#17910,.T.);
#17950=ORIENTED_EDGE('',*,*,#17940,.F.);
#17960=CARTESIAN_POINT('',(-0.322524182870194,-1.19105222487757,7.735));
#17970=DIRECTION('',(0.,0.,-1.));
#17980=VECTOR('',#17970,1.);
#17990=LINE('',#17960,#17980);
#18000=CARTESIAN_POINT('',(-0.322524182870195,-1.19105222487757,13.055))
;
#18010=VERTEX_POINT('',#18000);
#18020=EDGE_CURVE('',#17930,#18010,#17990,.T.);
#18030=ORIENTED_EDGE('',*,*,#18020,.F.);
#18040=CARTESIAN_POINT('',(-2.01478915595123,-1.19105222487757,13.055));
#18050=DIRECTION('',(-1.,0.,0.));
#18060=VECTOR('',#18050,1.);
#18070=LINE('',#18040,#18060);
#18080=EDGE_CURVE('',#17510,#18010,#18070,.T.);
#18090=ORIENTED_EDGE('',*,*,#18080,.T.);
#18100=EDGE_LOOP('',(#18090,#18030,#17950,#17870,#17790,#17710,#17630,
#17550));
#18110=FACE_OUTER_BOUND('',#18100,.T.);
#18120=ADVANCED_FACE('',(#18110),#17450,.F.);
#18130=CARTESIAN_POINT('',(-2.01478915595119,-1.69105222487758,14.0575))
;
#18140=DIRECTION('',(0.,1.,0.));
#18150=DIRECTION('',(-1.,0.,0.));
#18160=AXIS2_PLACEMENT_3D('',#18130,#18140,#18150);
#18170=PLANE('',#18160);
#18180=ORIENTED_EDGE('',*,*,#8840,.T.);
#18190=ORIENTED_EDGE('',*,*,#8210,.T.);
#18200=ORIENTED_EDGE('',*,*,#15570,.T.);
#18210=ORIENTED_EDGE('',*,*,#13570,.T.);
#18220=EDGE_LOOP('',(#18210,#18200,#18190,#18180));
#18230=FACE_OUTER_BOUND('',#18220,.T.);
#18240=ADVANCED_FACE('',(#18230),#18170,.T.);
#18250=CARTESIAN_POINT('',(-0.314789155951187,0.808947775122426,14.7325)
);
#18260=DIRECTION('',(0.447213595499958,0.,0.894427190999916));
#18270=DIRECTION('',(0.894427190999916,0.,-0.447213595499958));
#18280=AXIS2_PLACEMENT_3D('',#18250,#18260,#18270);
#18290=PLANE('',#18280);
#18300=CARTESIAN_POINT('',(-0.264789155951187,1.00894777512243,14.7075))
;
#18310=DIRECTION('',(-0.894427190999916,0.,0.447213595499958));
#18320=VECTOR('',#18310,1.);
#18330=LINE('',#18300,#18320);
#18340=CARTESIAN_POINT('',(-0.254789155951188,1.00894777512243,14.7025))
;
#18350=VERTEX_POINT('',#18340);
#18360=EDGE_CURVE('',#18350,#690,#18330,.T.);
#18370=ORIENTED_EDGE('',*,*,#18360,.T.);
#18380=CARTESIAN_POINT('',(-0.254789155951188,1.00894777512243,14.7025))
;
#18390=DIRECTION('',(0.,-1.,0.));
#18400=VECTOR('',#18390,1.);
#18410=LINE('',#18380,#18400);
#18420=EDGE_CURVE('',#18350,#17210,#18410,.T.);
#18430=ORIENTED_EDGE('',*,*,#18420,.F.);
#18440=ORIENTED_EDGE('',*,*,#17220,.T.);
#18450=ORIENTED_EDGE('',*,*,#760,.F.);
#18460=EDGE_LOOP('',(#18450,#18440,#18430,#18370));
#18470=FACE_OUTER_BOUND('',#18460,.T.);
#18480=ADVANCED_FACE('',(#18470),#18290,.T.);
#18490=CARTESIAN_POINT('',(-0.98978915595122,-3.49105222487758,13.30875)
);
#18500=DIRECTION('',(0.,0.456090790910398,-0.889933250556876));
#18510=DIRECTION('',(0.,-0.889933250556876,-0.456090790910398));
#18520=AXIS2_PLACEMENT_3D('',#18490,#18500,#18510);
#18530=PLANE('',#18520);
#18540=CARTESIAN_POINT('',(-0.264789155951221,-3.39593027365807,13.3575)
);
#18550=DIRECTION('',(1.,0.,0.));
#18560=VECTOR('',#18550,1.);
#18570=LINE('',#18540,#18560);
#18580=CARTESIAN_POINT('',(-1.71478915595122,-3.39593027365807,13.3575))
;
#18590=VERTEX_POINT('',#18580);
#18600=CARTESIAN_POINT('',(-0.26478915595122,-3.39593027365807,13.3575))
;
#18610=VERTEX_POINT('',#18600);
#18620=EDGE_CURVE('',#18590,#18610,#18570,.T.);
#18630=ORIENTED_EDGE('',*,*,#18620,.F.);
#18640=CARTESIAN_POINT('',(-0.26478915595122,1.00894777512243,15.615));
#18650=DIRECTION('',(0.,-0.889933250556876,-0.456090790910398));
#18660=VECTOR('',#18650,1.);
#18670=LINE('',#18640,#18660);
#18680=CARTESIAN_POINT('',(-0.26478915595122,-3.59105222487757,13.2575))
;
#18690=VERTEX_POINT('',#18680);
#18700=EDGE_CURVE('',#18610,#18690,#18670,.T.);
#18710=ORIENTED_EDGE('',*,*,#18700,.F.);
#18720=CARTESIAN_POINT('',(-2.01478915595122,-3.59105222487757,13.2575))
;
#18730=DIRECTION('',(-1.,0.,0.));
#18740=VECTOR('',#18730,1.);
#18750=LINE('',#18720,#18740);
#18760=CARTESIAN_POINT('',(-1.71478915595122,-3.59105222487757,13.2575))
;
#18770=VERTEX_POINT('',#18760);
#18780=EDGE_CURVE('',#18690,#18770,#18750,.T.);
#18790=ORIENTED_EDGE('',*,*,#18780,.F.);
#18800=CARTESIAN_POINT('',(-1.71478915595122,1.00894777512243,15.615));
#18810=DIRECTION('',(0.,0.889933250556876,0.456090790910398));
#18820=VECTOR('',#18810,1.);
#18830=LINE('',#18800,#18820);
#18840=EDGE_CURVE('',#18770,#18590,#18830,.T.);
#18850=ORIENTED_EDGE('',*,*,#18840,.F.);
#18860=EDGE_LOOP('',(#18850,#18790,#18710,#18630));
#18870=FACE_OUTER_BOUND('',#18860,.T.);
#18880=ADVANCED_FACE('',(#18870),#18530,.F.);
#18890=CARTESIAN_POINT('',(-1.95098816112076,-0.364356343020751,14.0575)
);
#18900=DIRECTION('',(0.,0.,-1.));
#18910=DIRECTION('',(-1.,0.,0.));
#18920=AXIS2_PLACEMENT_3D('',#18890,#18900,#18910);
#18930=PLANE('',#18920);
#18940=ORIENTED_EDGE('',*,*,#9840,.F.);
#18950=CARTESIAN_POINT('',(-2.01478915595119,1.00894777512243,14.0575));
#18960=DIRECTION('',(0.,-1.,0.));
#18970=VECTOR('',#18960,1.);
#18980=LINE('',#18950,#18970);
#18990=CARTESIAN_POINT('',(-2.01478915595119,1.00894777512243,14.0575));
#19000=VERTEX_POINT('',#18990);
#19010=EDGE_CURVE('',#19000,#9750,#18980,.T.);
#19020=ORIENTED_EDGE('',*,*,#19010,.T.);
#19030=CARTESIAN_POINT('',(-0.264789155951187,1.00894777512243,14.0575))
;
#19040=DIRECTION('',(-1.,0.,0.));
#19050=VECTOR('',#19040,1.);
#19060=LINE('',#19030,#19050);
#19070=EDGE_CURVE('',#13710,#19000,#19060,.T.);
#19080=ORIENTED_EDGE('',*,*,#19070,.T.);
#19090=ORIENTED_EDGE('',*,*,#13720,.F.);
#19100=EDGE_LOOP('',(#19090,#19080,#19020,#18940));
#19110=FACE_OUTER_BOUND('',#19100,.T.);
#19120=ADVANCED_FACE('',(#19110),#18930,.F.);
#19130=CARTESIAN_POINT('',(-0.254789155951188,1.00894777512243,14.9575))
;
#19140=DIRECTION('',(0.,-1.,0.));
#19150=VECTOR('',#19140,1.);
#19160=LINE('',#19130,#19150);
#19170=CARTESIAN_POINT('',(-0.254789155951188,1.00894777512243,14.9575))
;
#19180=VERTEX_POINT('',#19170);
#19190=EDGE_CURVE('',#19180,#290,#19160,.T.);
#19200=ORIENTED_EDGE('',*,*,#19190,.F.);
#19210=ORIENTED_EDGE('',*,*,#300,.T.);
#19220=CARTESIAN_POINT('',(-0.254789155951188,1.00894777512243,14.6575))
;
#19230=DIRECTION('',(0.,-1.,0.));
#19240=VECTOR('',#19230,1.);
#19250=LINE('',#19220,#19240);
#19260=EDGE_CURVE('',#5520,#210,#19250,.T.);
#19270=ORIENTED_EDGE('',*,*,#19260,.T.);
#19280=ORIENTED_EDGE('',*,*,#5530,.T.);
#19290=EDGE_CURVE('',#17290,#5440,#19250,.T.);
#19300=ORIENTED_EDGE('',*,*,#19290,.T.);
#19310=ORIENTED_EDGE('',*,*,#17300,.T.);
#19320=ORIENTED_EDGE('',*,*,#18420,.T.);
#19330=CARTESIAN_POINT('',(-0.254789155951188,1.00894777512243,12.0875))
;
#19340=DIRECTION('',(0.,0.,-1.));
#19350=VECTOR('',#19340,1.);
#19360=LINE('',#19330,#19350);
#19370=EDGE_CURVE('',#19180,#18350,#19360,.T.);
#19380=ORIENTED_EDGE('',*,*,#19370,.T.);
#19390=EDGE_LOOP('',(#19380,#19320,#19310,#19300,#19280,#19270,#19210,
#19200));
#19400=FACE_OUTER_BOUND('',#19390,.T.);
#19410=ADVANCED_FACE('',(#19400),#7460,.T.);
#19420=CARTESIAN_POINT('',(0.0352108440488126,-3.59105222487757,13.6575)
);
#19430=DIRECTION('',(0.,-0.456090790910397,-0.889933250556877));
#19440=DIRECTION('',(0.,-0.889933250556877,0.456090790910397));
#19450=AXIS2_PLACEMENT_3D('',#19420,#19430,#19440);
#19460=PLANE('',#19450);
#19470=CARTESIAN_POINT('',(-0.264789155951195,-3.39593027365807,13.5575)
);
#19480=DIRECTION('',(1.,0.,0.));
#19490=VECTOR('',#19480,1.);
#19500=LINE('',#19470,#19490);
#19510=CARTESIAN_POINT('',(-0.0647891559512206,-3.39593027365807,13.5575
));
#19520=VERTEX_POINT('',#19510);
#19530=CARTESIAN_POINT('',(0.0352108440488161,-3.39593027365807,13.5575)
);
#19540=VERTEX_POINT('',#19530);
#19550=EDGE_CURVE('',#19520,#19540,#19500,.T.);
#19560=ORIENTED_EDGE('',*,*,#19550,.T.);
#19570=CARTESIAN_POINT('',(-0.264789155951195,-3.39593027365807,13.5575)
);
#19580=DIRECTION('',(1.,0.,0.));
#19590=VECTOR('',#19580,1.);
#19600=LINE('',#19570,#19590);
#19610=CARTESIAN_POINT('',(-1.91478915595122,-3.39593027365807,13.5575))
;
#19620=VERTEX_POINT('',#19610);
#19630=EDGE_CURVE('',#19620,#19520,#19600,.T.);
#19640=ORIENTED_EDGE('',*,*,#19630,.T.);
#19650=CARTESIAN_POINT('',(-2.01478915595118,-3.39593027365807,13.5575))
;
#19660=VERTEX_POINT('',#19650);
#19670=EDGE_CURVE('',#19660,#19620,#19500,.T.);
#19680=ORIENTED_EDGE('',*,*,#19670,.T.);
#19690=CARTESIAN_POINT('',(-2.01478915595119,0.,11.8170857347502));
#19700=DIRECTION('',(0.,0.889933250556877,-0.456090790910397));
#19710=VECTOR('',#19700,1.);
#19720=LINE('',#19690,#19710);
#19730=EDGE_CURVE('',#9670,#19660,#19720,.T.);
#19740=ORIENTED_EDGE('',*,*,#19730,.T.);
#19750=ORIENTED_EDGE('',*,*,#9680,.T.);
#19760=CARTESIAN_POINT('',(0.0352108440488126,-3.39105222487758,13.555))
;
#19770=DIRECTION('',(0.,-0.889933250556877,0.456090790910397));
#19780=VECTOR('',#19770,1.);
#19790=LINE('',#19760,#19780);
#19800=EDGE_CURVE('',#19540,#9650,#19790,.T.);
#19810=ORIENTED_EDGE('',*,*,#19800,.T.);
#19820=EDGE_LOOP('',(#19810,#19750,#19740,#19680,#19640,#19560));
#19830=FACE_OUTER_BOUND('',#19820,.T.);
#19840=ADVANCED_FACE('',(#19830),#19460,.T.);
#19850=CARTESIAN_POINT('',(-1.11478915595119,-1.73105222487757,-13.0775)
);
#19860=DIRECTION('',(-1.,0.,0.));
#19870=DIRECTION('',(0.,0.,1.));
#19880=AXIS2_PLACEMENT_3D('',#19850,#19860,#19870);
#19890=PLANE('',#19880);
#19900=CARTESIAN_POINT('',(-1.11478915595119,1.00894777512243,13.9925));
#19910=DIRECTION('',(0.,1.,0.));
#19920=VECTOR('',#19910,1.);
#19930=LINE('',#19900,#19920);
#19940=CARTESIAN_POINT('',(-1.11478915595119,1.10894777512243,13.9925));
#19950=VERTEX_POINT('',#19940);
#19960=EDGE_CURVE('',#19950,#16030,#19930,.T.);
#19970=ORIENTED_EDGE('',*,*,#19960,.F.);
#19980=ORIENTED_EDGE('',*,*,#16040,.T.);
#19990=CARTESIAN_POINT('',(-1.11478915595119,-3.37105222487757,14.6575))
;
#20000=DIRECTION('',(0.,-1.,0.));
#20010=VECTOR('',#20000,1.);
#20020=LINE('',#19990,#20010);
#20030=CARTESIAN_POINT('',(-1.11478915595119,1.10894777512243,14.6575));
#20040=VERTEX_POINT('',#20030);
#20050=EDGE_CURVE('',#16010,#20040,#20020,.T.);
#20060=ORIENTED_EDGE('',*,*,#20050,.F.);
#20070=CARTESIAN_POINT('',(-1.11478915595119,1.10894777512243,15.9575));
#20080=DIRECTION('',(0.,0.,-1.));
#20090=VECTOR('',#20080,1.);
#20100=LINE('',#20070,#20090);
#20110=EDGE_CURVE('',#20040,#19950,#20100,.T.);
#20120=ORIENTED_EDGE('',*,*,#20110,.F.);
#20130=EDGE_LOOP('',(#20120,#20060,#19980,#19970));
#20140=FACE_OUTER_BOUND('',#20130,.T.);
#20150=ADVANCED_FACE('',(#20140),#19890,.T.);
#20160=CARTESIAN_POINT('',(-1.69478915595122,-4.19105222487757,13.3675))
;
#20170=DIRECTION('',(1.,0.,0.));
#20180=DIRECTION('',(0.,-1.,0.));
#20190=AXIS2_PLACEMENT_3D('',#20160,#20170,#20180);
#20200=PLANE('',#20190);
#20210=CARTESIAN_POINT('',(-1.69478915595122,-0.709445224877575,13.3575)
);
#20220=DIRECTION('',(0.,-1.,0.));
#20230=VECTOR('',#20220,1.);
#20240=LINE('',#20210,#20230);
#20250=CARTESIAN_POINT('',(-1.69478915595122,-4.19105222487757,13.3575))
;
#20260=VERTEX_POINT('',#20250);
#20270=CARTESIAN_POINT('',(-1.69478915595122,-4.39105222487757,13.3575))
;
#20280=VERTEX_POINT('',#20270);
#20290=EDGE_CURVE('',#20260,#20280,#20240,.T.);
#20300=ORIENTED_EDGE('',*,*,#20290,.F.);
#20310=CARTESIAN_POINT('',(-1.69478915595122,-4.39105222487757,13.5475))
;
#20320=DIRECTION('',(0.,0.,1.));
#20330=VECTOR('',#20320,1.);
#20340=LINE('',#20310,#20330);
#20350=CARTESIAN_POINT('',(-1.69478915595122,-4.39105222487757,13.5575))
;
#20360=VERTEX_POINT('',#20350);
#20370=EDGE_CURVE('',#20280,#20360,#20340,.T.);
#20380=ORIENTED_EDGE('',*,*,#20370,.F.);
#20390=CARTESIAN_POINT('',(-1.69478915595122,1.00894777512243,13.5575));
#20400=DIRECTION('',(0.,1.,0.));
#20410=VECTOR('',#20400,1.);
#20420=LINE('',#20390,#20410);
#20430=CARTESIAN_POINT('',(-1.69478915595122,-4.19105222487757,13.5575))
;
#20440=VERTEX_POINT('',#20430);
#20450=EDGE_CURVE('',#20360,#20440,#20420,.T.);
#20460=ORIENTED_EDGE('',*,*,#20450,.F.);
#20470=CARTESIAN_POINT('',(-1.69478915595122,-4.19105222487757,13.3675))
;
#20480=DIRECTION('',(0.,0.,1.));
#20490=VECTOR('',#20480,1.);
#20500=LINE('',#20470,#20490);
#20510=EDGE_CURVE('',#20260,#20440,#20500,.T.);
#20520=ORIENTED_EDGE('',*,*,#20510,.T.);
#20530=EDGE_LOOP('',(#20520,#20460,#20380,#20300));
#20540=FACE_OUTER_BOUND('',#20530,.T.);
#20550=ADVANCED_FACE('',(#20540),#20200,.T.);
#20560=CARTESIAN_POINT('',(-0.412113795174636,0.573141966487053,14.9575)
);
#20570=DIRECTION('',(0.,0.,1.));
#20580=DIRECTION('',(1.,0.,0.));
#20590=AXIS2_PLACEMENT_3D('',#20560,#20570,#20580);
#20600=PLANE('',#20590);
#20610=CARTESIAN_POINT('',(-0.264789155951187,1.00894777512243,14.9575))
;
#20620=DIRECTION('',(-1.,0.,0.));
#20630=VECTOR('',#20620,1.);
#20640=LINE('',#20610,#20630);
#20650=CARTESIAN_POINT('',(-0.604789155951188,1.00894777512243,14.9575))
;
#20660=VERTEX_POINT('',#20650);
#20670=EDGE_CURVE('',#19180,#20660,#20640,.T.);
#20680=ORIENTED_EDGE('',*,*,#20670,.F.);
#20690=CARTESIAN_POINT('',(-0.604789155951188,1.00894777512243,14.9575))
;
#20700=DIRECTION('',(0.,-1.,0.));
#20710=VECTOR('',#20700,1.);
#20720=LINE('',#20690,#20710);
#20730=EDGE_CURVE('',#20660,#110,#20720,.T.);
#20740=ORIENTED_EDGE('',*,*,#20730,.F.);
#20750=ORIENTED_EDGE('',*,*,#360,.T.);
#20760=ORIENTED_EDGE('',*,*,#19190,.T.);
#20770=EDGE_LOOP('',(#20760,#20750,#20740,#20680));
#20780=FACE_OUTER_BOUND('',#20770,.T.);
#20790=ADVANCED_FACE('',(#20780),#20600,.F.);
#20800=CARTESIAN_POINT('',(-1.69478915595122,-4.39105222487757,13.3675))
;
#20810=DIRECTION('',(0.,-1.,0.));
#20820=DIRECTION('',(-1.,0.,0.));
#20830=AXIS2_PLACEMENT_3D('',#20800,#20810,#20820);
#20840=PLANE('',#20830);
#20850=CARTESIAN_POINT('',(-1.89122415595122,-4.39105222487757,13.3575))
;
#20860=DIRECTION('',(-1.,0.,0.));
#20870=VECTOR('',#20860,1.);
#20880=LINE('',#20850,#20870);
#20890=CARTESIAN_POINT('',(-1.96478915595122,-4.39105222487757,13.3575))
;
#20900=VERTEX_POINT('',#20890);
#20910=EDGE_CURVE('',#20280,#20900,#20880,.T.);
#20920=ORIENTED_EDGE('',*,*,#20910,.F.);
#20930=CARTESIAN_POINT('',(-1.96478915595122,-4.39105222487757,13.3675))
;
#20940=DIRECTION('',(0.,0.,1.));
#20950=VECTOR('',#20940,1.);
#20960=LINE('',#20930,#20950);
#20970=CARTESIAN_POINT('',(-1.96478915595122,-4.39105222487757,13.5575))
;
#20980=VERTEX_POINT('',#20970);
#20990=EDGE_CURVE('',#20900,#20980,#20960,.T.);
#21000=ORIENTED_EDGE('',*,*,#20990,.F.);
#21010=CARTESIAN_POINT('',(-0.264789155951206,-4.39105222487757,13.5575)
);
#21020=DIRECTION('',(1.,0.,0.));
#21030=VECTOR('',#21020,1.);
#21040=LINE('',#21010,#21030);
#21050=EDGE_CURVE('',#20980,#20360,#21040,.T.);
#21060=ORIENTED_EDGE('',*,*,#21050,.F.);
#21070=ORIENTED_EDGE('',*,*,#20370,.T.);
#21080=EDGE_LOOP('',(#21070,#21060,#21000,#20920));
#21090=FACE_OUTER_BOUND('',#21080,.T.);
#21100=ADVANCED_FACE('',(#21090),#20840,.T.);
#21110=CARTESIAN_POINT('',(-0.440112296733936,-2.19517762655054,13.0575)
);
#21120=DIRECTION('',(0.,0.,1.));
#21130=DIRECTION('',(0.,1.,0.));
#21140=AXIS2_PLACEMENT_3D('',#21110,#21120,#21130);
#21150=PLANE('',#21140);
#21160=ORIENTED_EDGE('',*,*,#17940,.T.);
#21170=CARTESIAN_POINT('',(-0.464789155951221,1.00894777512243,13.0575))
;
#21180=DIRECTION('',(0.,1.,0.));
#21190=VECTOR('',#21180,1.);
#21200=LINE('',#21170,#21190);
#21210=CARTESIAN_POINT('',(-0.464789155951232,-1.09105222487757,13.0575)
);
#21220=VERTEX_POINT('',#21210);
#21230=EDGE_CURVE('',#17850,#21220,#21200,.T.);
#21240=ORIENTED_EDGE('',*,*,#21230,.F.);
#21250=CARTESIAN_POINT('',(-0.464789155951232,-1.29105222487757,13.0575)
);
#21260=DIRECTION('',(0.,0.,1.));
#21270=DIRECTION('',(0.,1.,0.));
#21280=AXIS2_PLACEMENT_3D('',#21250,#21260,#21270);
#21290=CIRCLE('',#21280,0.2);
#21300=CARTESIAN_POINT('',(-0.364789155951232,-1.11784714412069,13.0575)
);
#21310=VERTEX_POINT('',#21300);
#21320=EDGE_CURVE('',#21310,#21220,#21290,.T.);
#21330=ORIENTED_EDGE('',*,*,#21320,.T.);
#21340=CARTESIAN_POINT('',(-1.59269477508737,1.00894777512243,13.0575));
#21350=DIRECTION('',(-0.5,0.866025403784439,0.));
#21360=VECTOR('',#21350,1.);
#21370=LINE('',#21340,#21360);
#21380=EDGE_CURVE('',#17930,#21310,#21370,.T.);
#21390=ORIENTED_EDGE('',*,*,#21380,.T.);
#21400=EDGE_LOOP('',(#21390,#21330,#21240,#21160));
#21410=FACE_OUTER_BOUND('',#21400,.T.);
#21420=ADVANCED_FACE('',(#21410),#21150,.T.);
#21430=CARTESIAN_POINT('',(-0.0647891559512206,-3.34105222487757,13.3675
));
#21440=DIRECTION('',(1.,0.,0.));
#21450=DIRECTION('',(0.,-1.,0.));
#21460=AXIS2_PLACEMENT_3D('',#21430,#21440,#21450);
#21470=PLANE('',#21460);
#21480=CARTESIAN_POINT('',(-0.0647891559512206,-0.709445224877575,
13.3575));
#21490=DIRECTION('',(0.,-1.,0.));
#21500=VECTOR('',#21490,1.);
#21510=LINE('',#21480,#21500);
#21520=CARTESIAN_POINT('',(-0.0647891559512206,-3.39105222487758,13.3575
));
#21530=VERTEX_POINT('',#21520);
#21540=CARTESIAN_POINT('',(-0.0647891559512206,-3.69105222487757,13.3575
));
#21550=VERTEX_POINT('',#21540);
#21560=EDGE_CURVE('',#21530,#21550,#21510,.T.);
#21570=ORIENTED_EDGE('',*,*,#21560,.F.);
#21580=CARTESIAN_POINT('',(-0.0647891559512206,-3.69105222487757,13.5475
));
#21590=DIRECTION('',(0.,0.,1.));
#21600=VECTOR('',#21590,1.);
#21610=LINE('',#21580,#21600);
#21620=CARTESIAN_POINT('',(-0.0647891559512206,-3.69105222487757,13.5575
));
#21630=VERTEX_POINT('',#21620);
#21640=EDGE_CURVE('',#21550,#21630,#21610,.T.);
#21650=ORIENTED_EDGE('',*,*,#21640,.F.);
#21660=CARTESIAN_POINT('',(-0.0647891559512206,1.00894777512243,13.5575)
);
#21670=DIRECTION('',(0.,1.,0.));
#21680=VECTOR('',#21670,1.);
#21690=LINE('',#21660,#21680);
#21700=EDGE_CURVE('',#21630,#19520,#21690,.T.);
#21710=ORIENTED_EDGE('',*,*,#21700,.F.);
#21720=CARTESIAN_POINT('',(-0.0647891559512206,1.00894777512243,13.5575)
);
#21730=DIRECTION('',(0.,-1.,0.));
#21740=VECTOR('',#21730,1.);
#21750=LINE('',#21720,#21740);
#21760=CARTESIAN_POINT('',(-0.0647891559512206,-3.39105222487758,13.5575
));
#21770=VERTEX_POINT('',#21760);
#21780=EDGE_CURVE('',#21770,#19520,#21750,.T.);
#21790=ORIENTED_EDGE('',*,*,#21780,.T.);
#21800=CARTESIAN_POINT('',(-0.0647891559512206,-3.39105222487758,7.235))
;
#21810=DIRECTION('',(0.,0.,-1.));
#21820=VECTOR('',#21810,1.);
#21830=LINE('',#21800,#21820);
#21840=EDGE_CURVE('',#21770,#21530,#21830,.T.);
#21850=ORIENTED_EDGE('',*,*,#21840,.F.);
#21860=EDGE_LOOP('',(#21850,#21790,#21710,#21650,#21570));
#21870=FACE_OUTER_BOUND('',#21860,.T.);
#21880=ADVANCED_FACE('',(#21870),#21470,.T.);
#21890=CARTESIAN_POINT('',(-0.0647891559512206,-3.69105222487757,13.3675
));
#21900=DIRECTION('',(0.,-1.,0.));
#21910=DIRECTION('',(-1.,0.,0.));
#21920=AXIS2_PLACEMENT_3D('',#21890,#21900,#21910);
#21930=PLANE('',#21920);
#21940=CARTESIAN_POINT('',(-1.89122415595122,-3.69105222487757,13.3575))
;
#21950=DIRECTION('',(-1.,0.,0.));
#21960=VECTOR('',#21950,1.);
#21970=LINE('',#21940,#21960);
#21980=CARTESIAN_POINT('',(-1.36478915595122,-3.69105222487757,13.3575))
;
#21990=VERTEX_POINT('',#21980);
#22000=EDGE_CURVE('',#21550,#21990,#21970,.T.);
#22010=ORIENTED_EDGE('',*,*,#22000,.F.);
#22020=CARTESIAN_POINT('',(-1.36478915595122,-3.69105222487757,13.3675))
;
#22030=DIRECTION('',(0.,0.,1.));
#22040=VECTOR('',#22030,1.);
#22050=LINE('',#22020,#22040);
#22060=CARTESIAN_POINT('',(-1.36478915595122,-3.69105222487757,13.5575))
;
#22070=VERTEX_POINT('',#22060);
#22080=EDGE_CURVE('',#21990,#22070,#22050,.T.);
#22090=ORIENTED_EDGE('',*,*,#22080,.F.);
#22100=CARTESIAN_POINT('',(-0.264789155951206,-3.69105222487757,13.5575)
);
#22110=DIRECTION('',(1.,0.,0.));
#22120=VECTOR('',#22110,1.);
#22130=LINE('',#22100,#22120);
#22140=EDGE_CURVE('',#22070,#21630,#22130,.T.);
#22150=ORIENTED_EDGE('',*,*,#22140,.F.);
#22160=ORIENTED_EDGE('',*,*,#21640,.T.);
#22170=EDGE_LOOP('',(#22160,#22150,#22090,#22010));
#22180=FACE_OUTER_BOUND('',#22170,.T.);
#22190=ADVANCED_FACE('',(#22180),#21930,.T.);
#22200=CARTESIAN_POINT('',(-1.59478915595122,-4.19105222487757,13.3675))
;
#22210=DIRECTION('',(0.,0.,1.));
#22220=DIRECTION('',(0.,1.,0.));
#22230=AXIS2_PLACEMENT_3D('',#22200,#22210,#22220);
#22240=CYLINDRICAL_SURFACE('',#22230,0.1);
#22250=CARTESIAN_POINT('',(-1.59478915595122,-4.19105222487757,13.3575))
;
#22260=DIRECTION('',(0.,0.,1.));
#22270=DIRECTION('',(0.,1.,0.));
#22280=AXIS2_PLACEMENT_3D('',#22250,#22260,#22270);
#22290=CIRCLE('',#22280,0.1);
#22300=CARTESIAN_POINT('',(-1.59478915595122,-4.09105222487757,13.3575))
;
#22310=VERTEX_POINT('',#22300);
#22320=EDGE_CURVE('',#22310,#20260,#22290,.T.);
#22330=ORIENTED_EDGE('',*,*,#22320,.F.);
#22340=ORIENTED_EDGE('',*,*,#20510,.F.);
#22350=CARTESIAN_POINT('',(-1.59478915595122,-4.19105222487757,13.5575))
;
#22360=DIRECTION('',(0.,0.,1.));
#22370=DIRECTION('',(0.,1.,0.));
#22380=AXIS2_PLACEMENT_3D('',#22350,#22360,#22370);
#22390=CIRCLE('',#22380,0.1);
#22400=CARTESIAN_POINT('',(-1.59478915595122,-4.09105222487757,13.5575))
;
#22410=VERTEX_POINT('',#22400);
#22420=EDGE_CURVE('',#22410,#20440,#22390,.T.);
#22430=ORIENTED_EDGE('',*,*,#22420,.T.);
#22440=CARTESIAN_POINT('',(-1.59478915595122,-4.09105222487757,13.3675))
;
#22450=DIRECTION('',(0.,0.,1.));
#22460=VECTOR('',#22450,1.);
#22470=LINE('',#22440,#22460);
#22480=EDGE_CURVE('',#22310,#22410,#22470,.T.);
#22490=ORIENTED_EDGE('',*,*,#22480,.T.);
#22500=EDGE_LOOP('',(#22490,#22430,#22340,#22330));
#22510=FACE_OUTER_BOUND('',#22500,.T.);
#22520=ADVANCED_FACE('',(#22510),#22240,.F.);
#22530=CARTESIAN_POINT('',(-2.06478915595122,-4.29105222487757,13.3675))
;
#22540=DIRECTION('',(-1.,0.,0.));
#22550=DIRECTION('',(0.,1.,0.));
#22560=AXIS2_PLACEMENT_3D('',#22530,#22540,#22550);
#22570=PLANE('',#22560);
#22580=CARTESIAN_POINT('',(-2.06478915595122,-0.709445224877575,13.3575)
);
#22590=DIRECTION('',(0.,1.,0.));
#22600=VECTOR('',#22590,1.);
#22610=LINE('',#22580,#22600);
#22620=CARTESIAN_POINT('',(-2.06478915595122,-4.29105222487757,13.3575))
;
#22630=VERTEX_POINT('',#22620);
#22640=CARTESIAN_POINT('',(-2.06478915595122,-3.99105222487758,13.3575))
;
#22650=VERTEX_POINT('',#22640);
#22660=EDGE_CURVE('',#22630,#22650,#22610,.T.);
#22670=ORIENTED_EDGE('',*,*,#22660,.F.);
#22680=CARTESIAN_POINT('',(-2.06478915595122,-3.99105222487758,13.3675))
;
#22690=DIRECTION('',(0.,0.,1.));
#22700=VECTOR('',#22690,1.);
#22710=LINE('',#22680,#22700);
#22720=CARTESIAN_POINT('',(-2.06478915595122,-3.99105222487758,13.5575))
;
#22730=VERTEX_POINT('',#22720);
#22740=EDGE_CURVE('',#22650,#22730,#22710,.T.);
#22750=ORIENTED_EDGE('',*,*,#22740,.F.);
#22760=CARTESIAN_POINT('',(-2.06478915595122,1.00894777512243,13.5575));
#22770=DIRECTION('',(0.,-1.,0.));
#22780=VECTOR('',#22770,1.);
#22790=LINE('',#22760,#22780);
#22800=CARTESIAN_POINT('',(-2.06478915595122,-4.29105222487757,13.5575))
;
#22810=VERTEX_POINT('',#22800);
#22820=EDGE_CURVE('',#22730,#22810,#22790,.T.);
#22830=ORIENTED_EDGE('',*,*,#22820,.F.);
#22840=CARTESIAN_POINT('',(-2.06478915595122,-4.29105222487757,13.3675))
;
#22850=DIRECTION('',(0.,0.,1.));
#22860=VECTOR('',#22850,1.);
#22870=LINE('',#22840,#22860);
#22880=EDGE_CURVE('',#22630,#22810,#22870,.T.);
#22890=ORIENTED_EDGE('',*,*,#22880,.T.);
#22900=EDGE_LOOP('',(#22890,#22830,#22750,#22670));
#22910=FACE_OUTER_BOUND('',#22900,.T.);
#22920=ADVANCED_FACE('',(#22910),#22570,.T.);
#22930=CARTESIAN_POINT('',(-0.704789155951188,0.333947775122425,14.8075)
);
#22940=DIRECTION('',(-0.832050294337844,0.,0.554700196225229));
#22950=DIRECTION('',(-0.554700196225229,0.,-0.832050294337844));
#22960=AXIS2_PLACEMENT_3D('',#22930,#22940,#22950);
#22970=PLANE('',#22960);
#22980=CARTESIAN_POINT('',(-0.404789155951187,1.00894777512243,15.2575))
;
#22990=DIRECTION('',(0.554700196225229,0.,0.832050294337844));
#23000=VECTOR('',#22990,1.);
#23010=LINE('',#22980,#23000);
#23020=CARTESIAN_POINT('',(-0.804789155951185,1.00894777512243,14.6575))
;
#23030=VERTEX_POINT('',#23020);
#23040=EDGE_CURVE('',#23030,#20660,#23010,.T.);
#23050=ORIENTED_EDGE('',*,*,#23040,.T.);
#23060=CARTESIAN_POINT('',(-0.804789155951185,1.00894777512243,14.6575))
;
#23070=DIRECTION('',(0.,-1.,0.));
#23080=VECTOR('',#23070,1.);
#23090=LINE('',#23060,#23080);
#23100=EDGE_CURVE('',#23030,#130,#23090,.T.);
#23110=ORIENTED_EDGE('',*,*,#23100,.F.);
#23120=ORIENTED_EDGE('',*,*,#140,.T.);
#23130=ORIENTED_EDGE('',*,*,#20730,.T.);
#23140=EDGE_LOOP('',(#23130,#23120,#23110,#23050));
#23150=FACE_OUTER_BOUND('',#23140,.T.);
#23160=ADVANCED_FACE('',(#23150),#22970,.F.);
#23170=CARTESIAN_POINT('',(-1.08978915595119,-0.016052224877575,14.9575)
);
#23180=DIRECTION('',(0.,0.,1.));
#23190=DIRECTION('',(1.,0.,0.));
#23200=AXIS2_PLACEMENT_3D('',#23170,#23180,#23190);
#23210=CYLINDRICAL_SURFACE('',#23200,0.125);
#23220=ORIENTED_EDGE('',*,*,#9030,.F.);
#23230=ORIENTED_EDGE('',*,*,#4280,.F.);
#23240=ORIENTED_EDGE('',*,*,#15480,.T.);
#23250=CARTESIAN_POINT('',(-0.964789155951188,-0.016052224877575,14.9575
));
#23260=DIRECTION('',(0.,0.,1.));
#23270=VECTOR('',#23260,1.);
#23280=LINE('',#23250,#23270);
#23290=EDGE_CURVE('',#9020,#15400,#23280,.T.);
#23300=ORIENTED_EDGE('',*,*,#23290,.T.);
#23310=EDGE_LOOP('',(#23300,#23240,#23230,#23220));
#23320=FACE_OUTER_BOUND('',#23310,.T.);
#23330=ADVANCED_FACE('',(#23320),#23210,.F.);
#23340=CARTESIAN_POINT('',(-1.36478915595122,-3.79105222487757,13.3675))
;
#23350=DIRECTION('',(0.,0.,1.));
#23360=DIRECTION('',(0.,1.,0.));
#23370=AXIS2_PLACEMENT_3D('',#23340,#23350,#23360);
#23380=CYLINDRICAL_SURFACE('',#23370,0.1);
#23390=CARTESIAN_POINT('',(-1.36478915595122,-3.79105222487757,13.3575))
;
#23400=DIRECTION('',(0.,0.,1.));
#23410=DIRECTION('',(0.,1.,0.));
#23420=AXIS2_PLACEMENT_3D('',#23390,#23400,#23410);
#23430=CIRCLE('',#23420,0.1);
#23440=CARTESIAN_POINT('',(-1.46478915595122,-3.79105222487757,13.3575))
;
#23450=VERTEX_POINT('',#23440);
#23460=EDGE_CURVE('',#21990,#23450,#23430,.T.);
#23470=ORIENTED_EDGE('',*,*,#23460,.F.);
#23480=CARTESIAN_POINT('',(-1.46478915595122,-3.79105222487757,13.5475))
;
#23490=DIRECTION('',(0.,0.,1.));
#23500=VECTOR('',#23490,1.);
#23510=LINE('',#23480,#23500);
#23520=CARTESIAN_POINT('',(-1.46478915595122,-3.79105222487757,13.5575))
;
#23530=VERTEX_POINT('',#23520);
#23540=EDGE_CURVE('',#23450,#23530,#23510,.T.);
#23550=ORIENTED_EDGE('',*,*,#23540,.F.);
#23560=CARTESIAN_POINT('',(-1.36478915595122,-3.79105222487757,13.5575))
;
#23570=DIRECTION('',(0.,0.,1.));
#23580=DIRECTION('',(0.,1.,0.));
#23590=AXIS2_PLACEMENT_3D('',#23560,#23570,#23580);
#23600=CIRCLE('',#23590,0.1);
#23610=EDGE_CURVE('',#22070,#23530,#23600,.T.);
#23620=ORIENTED_EDGE('',*,*,#23610,.T.);
#23630=ORIENTED_EDGE('',*,*,#22080,.T.);
#23640=EDGE_LOOP('',(#23630,#23620,#23550,#23470));
#23650=FACE_OUTER_BOUND('',#23640,.T.);
#23660=ADVANCED_FACE('',(#23650),#23380,.F.);
#23670=CARTESIAN_POINT('',(-0.814789155951187,1.00894777512243,13.5825))
;
#23680=DIRECTION('',(-1.,0.,0.));
#23690=DIRECTION('',(0.,0.,-1.));
#23700=AXIS2_PLACEMENT_3D('',#23670,#23680,#23690);
#23710=PLANE('',#23700);
#23720=ORIENTED_EDGE('',*,*,#9270,.F.);
#23730=ORIENTED_EDGE('',*,*,#15740,.F.);
#23740=ORIENTED_EDGE('',*,*,#1970,.F.);
#23750=ORIENTED_EDGE('',*,*,#15100,.T.);
#23760=ORIENTED_EDGE('',*,*,#3310,.F.);
#23770=CARTESIAN_POINT('',(-0.814789155951187,-1.79105222487757,14.0075)
);
#23780=DIRECTION('',(0.,0.,1.));
#23790=VECTOR('',#23780,1.);
#23800=LINE('',#23770,#23790);
#23810=EDGE_CURVE('',#3220,#9260,#23800,.T.);
#23820=ORIENTED_EDGE('',*,*,#23810,.F.);
#23830=EDGE_LOOP('',(#23820,#23760,#23750,#23740,#23730,#23720));
#23840=FACE_OUTER_BOUND('',#23830,.T.);
#23850=ADVANCED_FACE('',(#23840),#23710,.F.);
#23860=CARTESIAN_POINT('',(-0.964789155951188,-1.69105222487758,15.1275)
);
#23870=DIRECTION('',(1.,0.,0.));
#23880=DIRECTION('',(0.,-1.,0.));
#23890=AXIS2_PLACEMENT_3D('',#23860,#23870,#23880);
#23900=PLANE('',#23890);
#23910=ORIENTED_EDGE('',*,*,#15810,.T.);
#23920=ORIENTED_EDGE('',*,*,#9110,.T.);
#23930=ORIENTED_EDGE('',*,*,#23290,.F.);
#23940=ORIENTED_EDGE('',*,*,#15410,.F.);
#23950=EDGE_LOOP('',(#23940,#23930,#23920,#23910));
#23960=FACE_OUTER_BOUND('',#23950,.T.);
#23970=ADVANCED_FACE('',(#23960),#23900,.F.);
#23980=CARTESIAN_POINT('',(-1.56478915595122,-4.09105222487757,13.3675))
;
#23990=DIRECTION('',(0.,-1.,0.));
#24000=DIRECTION('',(-1.,0.,0.));
#24010=AXIS2_PLACEMENT_3D('',#23980,#23990,#24000);
#24020=PLANE('',#24010);
#24030=CARTESIAN_POINT('',(-1.89122415595122,-4.09105222487757,13.3575))
;
#24040=DIRECTION('',(-1.,0.,0.));
#24050=VECTOR('',#24040,1.);
#24060=LINE('',#24030,#24050);
#24070=CARTESIAN_POINT('',(-1.56478915595122,-4.09105222487757,13.3575))
;
#24080=VERTEX_POINT('',#24070);
#24090=EDGE_CURVE('',#24080,#22310,#24060,.T.);
#24100=ORIENTED_EDGE('',*,*,#24090,.F.);
#24110=ORIENTED_EDGE('',*,*,#22480,.F.);
#24120=CARTESIAN_POINT('',(-0.264789155951206,-4.09105222487757,13.5575)
);
#24130=DIRECTION('',(1.,0.,0.));
#24140=VECTOR('',#24130,1.);
#24150=LINE('',#24120,#24140);
#24160=CARTESIAN_POINT('',(-1.56478915595122,-4.09105222487757,13.5575))
;
#24170=VERTEX_POINT('',#24160);
#24180=EDGE_CURVE('',#22410,#24170,#24150,.T.);
#24190=ORIENTED_EDGE('',*,*,#24180,.F.);
#24200=CARTESIAN_POINT('',(-1.56478915595122,-4.09105222487757,13.3675))
;
#24210=DIRECTION('',(0.,0.,1.));
#24220=VECTOR('',#24210,1.);
#24230=LINE('',#24200,#24220);
#24240=EDGE_CURVE('',#24080,#24170,#24230,.T.);
#24250=ORIENTED_EDGE('',*,*,#24240,.T.);
#24260=EDGE_LOOP('',(#24250,#24190,#24110,#24100));
#24270=FACE_OUTER_BOUND('',#24260,.T.);
#24280=ADVANCED_FACE('',(#24270),#24020,.T.);
#24290=CARTESIAN_POINT('',(-0.264789155951187,2.00894777512243,13.9925))
;
#24300=DIRECTION('',(1.,0.,0.));
#24310=VECTOR('',#24300,1.);
#24320=LINE('',#24290,#24310);
#24330=CARTESIAN_POINT('',(-1.81478915595119,2.00894777512243,13.9925));
#24340=VERTEX_POINT('',#24330);
#24350=CARTESIAN_POINT('',(-1.06478915595119,2.00894777512243,13.9925));
#24360=VERTEX_POINT('',#24350);
#24370=EDGE_CURVE('',#24340,#24360,#24320,.T.);
#24380=ORIENTED_EDGE('',*,*,#24370,.T.);
#24390=CARTESIAN_POINT('',(-1.81478915595119,2.00894777512243,13.9925));
#24400=DIRECTION('',(0.,-1.,0.));
#24410=VECTOR('',#24400,1.);
#24420=LINE('',#24390,#24410);
#24430=EDGE_CURVE('',#24340,#16110,#24420,.T.);
#24440=ORIENTED_EDGE('',*,*,#24430,.F.);
#24450=ORIENTED_EDGE('',*,*,#16120,.T.);
#24460=ORIENTED_EDGE('',*,*,#19960,.T.);
#24470=CARTESIAN_POINT('',(-0.264789155951187,1.10894777512243,13.9925))
;
#24480=DIRECTION('',(1.,0.,0.));
#24490=VECTOR('',#24480,1.);
#24500=LINE('',#24470,#24490);
#24510=CARTESIAN_POINT('',(-1.06478915595119,1.10894777512243,13.9925));
#24520=VERTEX_POINT('',#24510);
#24530=EDGE_CURVE('',#19950,#24520,#24500,.T.);
#24540=ORIENTED_EDGE('',*,*,#24530,.F.);
#24550=CARTESIAN_POINT('',(-1.06478915595119,0.,13.9925));
#24560=DIRECTION('',(0.,1.,0.));
#24570=VECTOR('',#24560,1.);
#24580=LINE('',#24550,#24570);
#24590=EDGE_CURVE('',#24520,#24360,#24580,.T.);
#24600=ORIENTED_EDGE('',*,*,#24590,.F.);
#24610=EDGE_LOOP('',(#24600,#24540,#24460,#24450,#24440,#24380));
#24620=FACE_OUTER_BOUND('',#24610,.T.);
#24630=ADVANCED_FACE('',(#24620),#2750,.T.);
#24640=CARTESIAN_POINT('',(-0.264789155951187,-1.79105222487757,13.555))
;
#24650=DIRECTION('',(0.,1.,0.));
#24660=DIRECTION('',(-1.,0.,0.));
#24670=AXIS2_PLACEMENT_3D('',#24640,#24650,#24660);
#24680=PLANE('',#24670);
#24690=CARTESIAN_POINT('',(-0.264789155951187,-1.79105222487757,13.88));
#24700=DIRECTION('',(-1.,0.,0.));
#24710=VECTOR('',#24700,1.);
#24720=LINE('',#24690,#24710);
#24730=CARTESIAN_POINT('',(-0.464789155951187,-1.79105222487757,13.88));
#24740=VERTEX_POINT('',#24730);
#24750=CARTESIAN_POINT('',(-0.914789155951188,-1.79105222487758,13.88));
#24760=VERTEX_POINT('',#24750);
#24770=EDGE_CURVE('',#24740,#24760,#24720,.T.);
#24780=ORIENTED_EDGE('',*,*,#24770,.T.);
#24790=CARTESIAN_POINT('',(-0.464789155951187,-1.79105222487757,-10.265)
);
#24800=DIRECTION('',(0.,0.,1.));
#24810=VECTOR('',#24800,1.);
#24820=LINE('',#24790,#24810);
#24830=CARTESIAN_POINT('',(-0.464789155951187,-1.79105222487757,13.5575)
);
#24840=VERTEX_POINT('',#24830);
#24850=EDGE_CURVE('',#24840,#24740,#24820,.T.);
#24860=ORIENTED_EDGE('',*,*,#24850,.T.);
#24870=CARTESIAN_POINT('',(-0.264789155951195,-1.79105222487757,13.5575)
);
#24880=DIRECTION('',(-1.,0.,0.));
#24890=VECTOR('',#24880,1.);
#24900=LINE('',#24870,#24890);
#24910=EDGE_CURVE('',#16480,#24840,#24900,.T.);
#24920=ORIENTED_EDGE('',*,*,#24910,.T.);
#24930=ORIENTED_EDGE('',*,*,#16510,.F.);
#24940=CARTESIAN_POINT('',(-0.264789155951187,-1.79105222487757,13.5825)
);
#24950=DIRECTION('',(-1.,0.,0.));
#24960=VECTOR('',#24950,1.);
#24970=LINE('',#24940,#24960);
#24980=CARTESIAN_POINT('',(0.0352108440488126,-1.79105222487757,13.5825)
);
#24990=VERTEX_POINT('',#24980);
#25000=EDGE_CURVE('',#24990,#16500,#24970,.T.);
#25010=ORIENTED_EDGE('',*,*,#25000,.T.);
#25020=CARTESIAN_POINT('',(0.0352108440488124,-1.79105222487757,15.2075)
);
#25030=DIRECTION('',(0.,0.,1.));
#25040=VECTOR('',#25030,1.);
#25050=LINE('',#25020,#25040);
#25060=EDGE_CURVE('',#24990,#9340,#25050,.T.);
#25070=ORIENTED_EDGE('',*,*,#25060,.F.);
#25080=ORIENTED_EDGE('',*,*,#9350,.F.);
#25090=ORIENTED_EDGE('',*,*,#23810,.T.);
#25100=ORIENTED_EDGE('',*,*,#3230,.F.);
#25110=CARTESIAN_POINT('',(-0.914789155951188,-1.79105222487757,
7.12999999999999));
#25120=DIRECTION('',(0.,0.,1.));
#25130=VECTOR('',#25120,1.);
#25140=LINE('',#25110,#25130);
#25150=EDGE_CURVE('',#24760,#3140,#25140,.T.);
#25160=ORIENTED_EDGE('',*,*,#25150,.T.);
#25170=EDGE_LOOP('',(#25160,#25100,#25090,#25080,#25070,#25010,#24930,
#24920,#24860,#24780));
#25180=FACE_OUTER_BOUND('',#25170,.T.);
#25190=ADVANCED_FACE('',(#25180),#24680,.T.);
#25200=CARTESIAN_POINT('',(-0.814789155951188,-1.29105222487757,14.6575)
);
#25210=DIRECTION('',(1.,0.,0.));
#25220=DIRECTION('',(0.,-1.,0.));
#25230=AXIS2_PLACEMENT_3D('',#25200,#25210,#25220);
#25240=PLANE('',#25230);
#25250=CARTESIAN_POINT('',(-0.814789155951188,-3.37105222487757,14.6575)
);
#25260=DIRECTION('',(0.,1.,0.));
#25270=VECTOR('',#25260,1.);
#25280=LINE('',#25250,#25270);
#25290=CARTESIAN_POINT('',(-0.814789155951187,1.00894777512243,14.6575))
;
#25300=VERTEX_POINT('',#25290);
#25310=CARTESIAN_POINT('',(-0.814789155951188,1.10894777512243,14.6575))
;
#25320=VERTEX_POINT('',#25310);
#25330=EDGE_CURVE('',#25300,#25320,#25280,.T.);
#25340=ORIENTED_EDGE('',*,*,#25330,.T.);
#25350=CARTESIAN_POINT('',(-0.814789155951188,1.00894777512243,-10.265))
;
#25360=DIRECTION('',(0.,0.,1.));
#25370=VECTOR('',#25360,1.);
#25380=LINE('',#25350,#25370);
#25390=EDGE_CURVE('',#1320,#25300,#25380,.T.);
#25400=ORIENTED_EDGE('',*,*,#25390,.T.);
#25410=ORIENTED_EDGE('',*,*,#1330,.F.);
#25420=ORIENTED_EDGE('',*,*,#1080,.F.);
#25430=ORIENTED_EDGE('',*,*,#3370,.T.);
#25440=ORIENTED_EDGE('',*,*,#15080,.T.);
#25450=CARTESIAN_POINT('',(-0.814789155951188,-3.37105222487757,13.88));
#25460=DIRECTION('',(0.,1.,0.));
#25470=VECTOR('',#25460,1.);
#25480=LINE('',#25450,#25470);
#25490=CARTESIAN_POINT('',(-0.814789155951188,1.10894777512243,13.88));
#25500=VERTEX_POINT('',#25490);
#25510=EDGE_CURVE('',#15010,#25500,#25480,.T.);
#25520=ORIENTED_EDGE('',*,*,#25510,.F.);
#25530=CARTESIAN_POINT('',(-0.814789155951188,1.10894777512243,15.9575))
;
#25540=DIRECTION('',(0.,0.,1.));
#25550=VECTOR('',#25540,1.);
#25560=LINE('',#25530,#25550);
#25570=EDGE_CURVE('',#25500,#25320,#25560,.T.);
#25580=ORIENTED_EDGE('',*,*,#25570,.F.);
#25590=EDGE_LOOP('',(#25580,#25520,#25440,#25430,#25420,#25410,#25400,
#25340));
#25600=FACE_OUTER_BOUND('',#25590,.T.);
#25610=ADVANCED_FACE('',(#25600),#25240,.F.);
#25620=CARTESIAN_POINT('',(-1.11063398898795,-3.07057898015425,13.5825))
;
#25630=DIRECTION('',(0.,0.,1.));
#25640=DIRECTION('',(1.,0.,0.));
#25650=AXIS2_PLACEMENT_3D('',#25620,#25630,#25640);
#25660=PLANE('',#25650);
#25670=ORIENTED_EDGE('',*,*,#16730,.T.);
#25680=CARTESIAN_POINT('',(-0.264789155951187,-1.19105222487757,13.5825)
);
#25690=DIRECTION('',(-0.866025403784439,0.5,0.));
#25700=VECTOR('',#25690,1.);
#25710=LINE('',#25680,#25700);
#25720=CARTESIAN_POINT('',(0.0352108440488126,-1.36425730563446,13.5825)
);
#25730=VERTEX_POINT('',#25720);
#25740=EDGE_CURVE('',#25730,#16660,#25710,.T.);
#25750=ORIENTED_EDGE('',*,*,#25740,.T.);
#25760=CARTESIAN_POINT('',(0.0352108440488126,1.00894777512243,13.5825))
;
#25770=DIRECTION('',(0.,1.,0.));
#25780=VECTOR('',#25770,1.);
#25790=LINE('',#25760,#25780);
#25800=EDGE_CURVE('',#24990,#25730,#25790,.T.);
#25810=ORIENTED_EDGE('',*,*,#25800,.T.);
#25820=ORIENTED_EDGE('',*,*,#25000,.F.);
#25830=EDGE_LOOP('',(#25820,#25810,#25750,#25670));
#25840=FACE_OUTER_BOUND('',#25830,.T.);
#25850=ADVANCED_FACE('',(#25840),#25660,.T.);
#25860=CARTESIAN_POINT('',(-0.264789155951187,-3.37105222487757,14.6575)
);
#25870=DIRECTION('',(0.,0.,1.));
#25880=DIRECTION('',(1.,0.,0.));
#25890=AXIS2_PLACEMENT_3D('',#25860,#25870,#25880);
#25900=PLANE('',#25890);
#25910=CARTESIAN_POINT('',(-0.0647891559511874,-3.37105222487757,14.6575
));
#25920=DIRECTION('',(0.,1.,0.));
#25930=VECTOR('',#25920,1.);
#25940=LINE('',#25910,#25930);
#25950=CARTESIAN_POINT('',(-0.0647891559511874,0.578947775122426,14.6575
));
#25960=VERTEX_POINT('',#25950);
#25970=EDGE_CURVE('',#25960,#16260,#25940,.T.);
#25980=ORIENTED_EDGE('',*,*,#25970,.T.);
#25990=CARTESIAN_POINT('',(-0.0647891559511874,0.578947775122426,14.6575
));
#26000=DIRECTION('',(-0.305710428815151,-0.952124536871967,0.));
#26010=VECTOR('',#26000,1.);
#26020=LINE('',#25990,#26010);
#26030=EDGE_CURVE('',#25960,#4690,#26020,.T.);
#26040=ORIENTED_EDGE('',*,*,#26030,.F.);
#26050=ORIENTED_EDGE('',*,*,#4700,.T.);
#26060=CARTESIAN_POINT('',(-0.264789155951187,1.00894777512243,14.6575))
;
#26070=DIRECTION('',(-1.,0.,0.));
#26080=VECTOR('',#26070,1.);
#26090=LINE('',#26060,#26080);
#26100=EDGE_CURVE('',#4610,#610,#26090,.T.);
#26110=ORIENTED_EDGE('',*,*,#26100,.F.);
#26120=ORIENTED_EDGE('',*,*,#620,.F.);
#26130=ORIENTED_EDGE('',*,*,#17360,.F.);
#26140=ORIENTED_EDGE('',*,*,#19290,.F.);
#26150=EDGE_CURVE('',#5440,#5910,#26020,.T.);
#26160=ORIENTED_EDGE('',*,*,#26150,.F.);
#26170=ORIENTED_EDGE('',*,*,#5920,.T.);
#26180=ORIENTED_EDGE('',*,*,#19260,.F.);
#26190=ORIENTED_EDGE('',*,*,#220,.F.);
#26200=ORIENTED_EDGE('',*,*,#23100,.T.);
#26210=CARTESIAN_POINT('',(-0.264789155951187,1.00894777512243,14.6575))
;
#26220=DIRECTION('',(-1.,0.,0.));
#26230=VECTOR('',#26220,1.);
#26240=LINE('',#26210,#26230);
#26250=EDGE_CURVE('',#23030,#25300,#26240,.T.);
#26260=ORIENTED_EDGE('',*,*,#26250,.F.);
#26270=ORIENTED_EDGE('',*,*,#25330,.F.);
#26280=CARTESIAN_POINT('',(-0.264789155951187,1.10894777512243,14.6575))
;
#26290=DIRECTION('',(-1.,0.,0.));
#26300=VECTOR('',#26290,1.);
#26310=LINE('',#26280,#26300);
#26320=EDGE_CURVE('',#25320,#20040,#26310,.T.);
#26330=ORIENTED_EDGE('',*,*,#26320,.F.);
#26340=ORIENTED_EDGE('',*,*,#20050,.T.);
#26350=ORIENTED_EDGE('',*,*,#16330,.F.);
#26360=EDGE_LOOP('',(#26350,#26340,#26330,#26270,#26260,#26200,#26190,
#26180,#26170,#26160,#26140,#26130,#26120,#26110,#26050,#26040,#25980));
#26370=FACE_OUTER_BOUND('',#26360,.T.);
#26380=ADVANCED_FACE('',(#26370),#25900,.T.);
#26390=CARTESIAN_POINT('',(-0.264789155951187,-3.37105222487757,13.6575)
);
#26400=DIRECTION('',(0.,0.,1.));
#26410=DIRECTION('',(1.,0.,0.));
#26420=AXIS2_PLACEMENT_3D('',#26390,#26400,#26410);
#26430=PLANE('',#26420);
#26440=CARTESIAN_POINT('',(-0.464789155951187,-3.37105222487757,13.6575)
);
#26450=DIRECTION('',(0.,1.,0.));
#26460=VECTOR('',#26450,1.);
#26470=LINE('',#26440,#26460);
#26480=CARTESIAN_POINT('',(-0.464789155951187,-1.09105222487758,13.6575)
);
#26490=VERTEX_POINT('',#26480);
#26500=EDGE_CURVE('',#7290,#26490,#26470,.T.);
#26510=ORIENTED_EDGE('',*,*,#26500,.T.);
#26520=ORIENTED_EDGE('',*,*,#7300,.F.);
#26530=ORIENTED_EDGE('',*,*,#6300,.F.);
#26540=ORIENTED_EDGE('',*,*,#6060,.F.);
#26550=CARTESIAN_POINT('',(-1.33306462523702,-3.37105222487757,13.6575))
;
#26560=DIRECTION('',(-0.305710428815151,-0.952124536871967,0.));
#26570=VECTOR('',#26560,1.);
#26580=LINE('',#26550,#26570);
#26590=CARTESIAN_POINT('',(-0.600996759421399,-1.09105222487758,13.6575)
);
#26600=VERTEX_POINT('',#26590);
#26610=EDGE_CURVE('',#5990,#26600,#26580,.T.);
#26620=ORIENTED_EDGE('',*,*,#26610,.F.);
#26630=CARTESIAN_POINT('',(-0.264789155951187,-1.09105222487758,13.6575)
);
#26640=DIRECTION('',(-1.,-1.22460635382238E-16,0.));
#26650=VECTOR('',#26640,1.);
#26660=LINE('',#26630,#26650);
#26670=EDGE_CURVE('',#26490,#26600,#26660,.T.);
#26680=ORIENTED_EDGE('',*,*,#26670,.T.);
#26690=EDGE_LOOP('',(#26680,#26620,#26540,#26530,#26520,#26510));
#26700=FACE_OUTER_BOUND('',#26690,.T.);
#26710=ADVANCED_FACE('',(#26700),#26430,.F.);
#26720=CARTESIAN_POINT('',(-1.11478915595119,-1.73105222487757,13.88));
#26730=DIRECTION('',(0.,0.,1.));
#26740=DIRECTION('',(1.,0.,0.));
#26750=AXIS2_PLACEMENT_3D('',#26720,#26730,#26740);
#26760=PLANE('',#26750);
#26770=ORIENTED_EDGE('',*,*,#24770,.F.);
#26780=CARTESIAN_POINT('',(-0.214789155951188,1.00894777512243,13.88));
#26790=DIRECTION('',(-0.242535625036333,-0.970142500145332,0.));
#26800=VECTOR('',#26790,1.);
#26810=LINE('',#26780,#26800);
#26820=CARTESIAN_POINT('',(-1.06478915595119,-2.39105222487758,13.88));
#26830=VERTEX_POINT('',#26820);
#26840=EDGE_CURVE('',#24760,#26830,#26810,.T.);
#26850=ORIENTED_EDGE('',*,*,#26840,.F.);
#26860=CARTESIAN_POINT('',(-1.06478915595119,1.00894777512243,13.88));
#26870=DIRECTION('',(0.,-1.,0.));
#26880=VECTOR('',#26870,1.);
#26890=LINE('',#26860,#26880);
#26900=CARTESIAN_POINT('',(-1.06478915595119,1.10894777512243,13.88));
#26910=VERTEX_POINT('',#26900);
#26920=EDGE_CURVE('',#26910,#26830,#26890,.T.);
#26930=ORIENTED_EDGE('',*,*,#26920,.T.);
#26940=CARTESIAN_POINT('',(-0.264789155951187,1.10894777512243,13.88));
#26950=DIRECTION('',(-1.,0.,0.));
#26960=VECTOR('',#26950,1.);
#26970=LINE('',#26940,#26960);
#26980=EDGE_CURVE('',#25500,#26910,#26970,.T.);
#26990=ORIENTED_EDGE('',*,*,#26980,.T.);
#27000=ORIENTED_EDGE('',*,*,#25510,.T.);
#27010=ORIENTED_EDGE('',*,*,#15020,.F.);
#27020=ORIENTED_EDGE('',*,*,#2530,.F.);
#27030=ORIENTED_EDGE('',*,*,#7020,.F.);
#27040=CARTESIAN_POINT('',(-0.464789155951187,1.00894777512243,13.88));
#27050=DIRECTION('',(0.,1.,0.));
#27060=VECTOR('',#27050,1.);
#27070=LINE('',#27040,#27060);
#27080=EDGE_CURVE('',#24740,#6940,#27070,.T.);
#27090=ORIENTED_EDGE('',*,*,#27080,.T.);
#27100=EDGE_LOOP('',(#27090,#27030,#27020,#27010,#27000,#26990,#26930,
#26850,#26770));
#27110=FACE_OUTER_BOUND('',#27100,.T.);
#27120=ADVANCED_FACE('',(#27110),#26760,.T.);
#27130=CARTESIAN_POINT('',(-0.914789155951188,-1.79105222487757,-9.75));
#27140=DIRECTION('',(-0.970142500145332,0.242535625036333,0.));
#27150=DIRECTION('',(-0.242535625036333,-0.970142500145332,0.));
#27160=AXIS2_PLACEMENT_3D('',#27130,#27140,#27150);
#27170=PLANE('',#27160);
#27180=ORIENTED_EDGE('',*,*,#26840,.T.);
#27190=ORIENTED_EDGE('',*,*,#25150,.F.);
#27200=ORIENTED_EDGE('',*,*,#3150,.T.);
#27210=CARTESIAN_POINT('',(-1.06478915595119,-2.39105222487758,-10.265))
;
#27220=DIRECTION('',(0.,0.,1.));
#27230=VECTOR('',#27220,1.);
#27240=LINE('',#27210,#27230);
#27250=EDGE_CURVE('',#26830,#3060,#27240,.T.);
#27260=ORIENTED_EDGE('',*,*,#27250,.T.);
#27270=EDGE_LOOP('',(#27260,#27200,#27190,#27180));
#27280=FACE_OUTER_BOUND('',#27270,.T.);
#27290=ADVANCED_FACE('',(#27280),#27170,.T.);
#27300=CARTESIAN_POINT('',(-0.464789155951187,-1.52105222487757,13.6575)
);
#27310=DIRECTION('',(1.,0.,0.));
#27320=DIRECTION('',(0.,1.,0.));
#27330=AXIS2_PLACEMENT_3D('',#27300,#27310,#27320);
#27340=PLANE('',#27330);
#27350=ORIENTED_EDGE('',*,*,#26500,.F.);
#27360=CARTESIAN_POINT('',(-0.464789155951187,-1.09105222487758,13.6575)
);
#27370=DIRECTION('',(0.,0.,-1.));
#27380=VECTOR('',#27370,1.);
#27390=LINE('',#27360,#27380);
#27400=EDGE_CURVE('',#26490,#14410,#27390,.T.);
#27410=ORIENTED_EDGE('',*,*,#27400,.F.);
#27420=CARTESIAN_POINT('',(-0.464789155951187,1.00894777512243,13.5575))
;
#27430=DIRECTION('',(0.,1.,0.));
#27440=VECTOR('',#27430,1.);
#27450=LINE('',#27420,#27440);
#27460=EDGE_CURVE('',#24840,#14410,#27450,.T.);
#27470=ORIENTED_EDGE('',*,*,#27460,.T.);
#27480=ORIENTED_EDGE('',*,*,#24850,.F.);
#27490=ORIENTED_EDGE('',*,*,#27080,.F.);
#27500=ORIENTED_EDGE('',*,*,#7360,.T.);
#27510=EDGE_LOOP('',(#27500,#27490,#27480,#27470,#27410,#27350));
#27520=FACE_OUTER_BOUND('',#27510,.T.);
#27530=ADVANCED_FACE('',(#27520),#27340,.T.);
#27540=CARTESIAN_POINT('',(-1.81478915595119,2.00894777512243,14.6575));
#27550=DIRECTION('',(-1.,0.,0.));
#27560=DIRECTION('',(0.,-1.,0.));
#27570=AXIS2_PLACEMENT_3D('',#27540,#27550,#27560);
#27580=PLANE('',#27570);
#27590=ORIENTED_EDGE('',*,*,#3820,.F.);
#27600=ORIENTED_EDGE('',*,*,#16180,.T.);
#27610=ORIENTED_EDGE('',*,*,#24430,.T.);
#27620=CARTESIAN_POINT('',(-1.81478915595119,2.00894777512243,14.6575));
#27630=DIRECTION('',(0.,0.,1.));
#27640=VECTOR('',#27630,1.);
#27650=LINE('',#27620,#27640);
#27660=EDGE_CURVE('',#24340,#3810,#27650,.T.);
#27670=ORIENTED_EDGE('',*,*,#27660,.F.);
#27680=EDGE_LOOP('',(#27670,#27610,#27600,#27590));
#27690=FACE_OUTER_BOUND('',#27680,.T.);
#27700=ADVANCED_FACE('',(#27690),#27580,.T.);
#27710=CARTESIAN_POINT('',(-0.814789155951188,1.10894777512243,14.6575))
;
#27720=DIRECTION('',(0.,1.,0.));
#27730=DIRECTION('',(1.,0.,0.));
#27740=AXIS2_PLACEMENT_3D('',#27710,#27720,#27730);
#27750=PLANE('',#27740);
#27760=ORIENTED_EDGE('',*,*,#26320,.T.);
#27770=ORIENTED_EDGE('',*,*,#25570,.T.);
#27780=ORIENTED_EDGE('',*,*,#26980,.F.);
#27790=CARTESIAN_POINT('',(-1.06478915595119,1.10894777512243,-10.265));
#27800=DIRECTION('',(0.,0.,1.));
#27810=VECTOR('',#27800,1.);
#27820=LINE('',#27790,#27810);
#27830=EDGE_CURVE('',#26910,#24520,#27820,.T.);
#27840=ORIENTED_EDGE('',*,*,#27830,.F.);
#27850=ORIENTED_EDGE('',*,*,#24530,.T.);
#27860=ORIENTED_EDGE('',*,*,#20110,.T.);
#27870=EDGE_LOOP('',(#27860,#27850,#27840,#27780,#27770,#27760));
#27880=FACE_OUTER_BOUND('',#27870,.T.);
#27890=ADVANCED_FACE('',(#27880),#27750,.F.);
#27900=CARTESIAN_POINT('',(-1.71478915595122,-3.34105222487757,13.055));
#27910=DIRECTION('',(1.,0.,0.));
#27920=DIRECTION('',(0.,-1.,0.));
#27930=AXIS2_PLACEMENT_3D('',#27900,#27910,#27920);
#27940=PLANE('',#27930);
#27950=CARTESIAN_POINT('',(-1.71478915595122,1.00894777512243,13.3575));
#27960=DIRECTION('',(0.,-1.,0.));
#27970=VECTOR('',#27960,1.);
#27980=LINE('',#27950,#27970);
#27990=CARTESIAN_POINT('',(-1.71478915595122,-3.39105222487758,13.3575))
;
#28000=VERTEX_POINT('',#27990);
#28010=EDGE_CURVE('',#28000,#18590,#27980,.T.);
#28020=ORIENTED_EDGE('',*,*,#28010,.F.);
#28030=ORIENTED_EDGE('',*,*,#18840,.T.);
#28040=CARTESIAN_POINT('',(-1.71478915595122,-3.59105222487757,13.055));
#28050=DIRECTION('',(0.,0.,1.));
#28060=VECTOR('',#28050,1.);
#28070=LINE('',#28040,#28060);
#28080=CARTESIAN_POINT('',(-1.71478915595122,-3.59105222487757,13.1575))
;
#28090=VERTEX_POINT('',#28080);
#28100=EDGE_CURVE('',#28090,#18770,#28070,.T.);
#28110=ORIENTED_EDGE('',*,*,#28100,.T.);
#28120=CARTESIAN_POINT('',(-1.71478915595122,1.00894777512243,10.8));
#28130=DIRECTION('',(0.,0.889933250556876,-0.456090790910398));
#28140=VECTOR('',#28130,1.);
#28150=LINE('',#28120,#28140);
#28160=CARTESIAN_POINT('',(-1.71478915595122,-3.39593027365807,13.0575))
;
#28170=VERTEX_POINT('',#28160);
#28180=EDGE_CURVE('',#28090,#28170,#28150,.T.);
#28190=ORIENTED_EDGE('',*,*,#28180,.F.);
#28200=CARTESIAN_POINT('',(-1.71478915595122,1.00894777512243,13.0575));
#28210=DIRECTION('',(0.,1.,0.));
#28220=VECTOR('',#28210,1.);
#28230=LINE('',#28200,#28220);
#28240=CARTESIAN_POINT('',(-1.71478915595122,-3.39105222487758,13.0575))
;
#28250=VERTEX_POINT('',#28240);
#28260=EDGE_CURVE('',#28170,#28250,#28230,.T.);
#28270=ORIENTED_EDGE('',*,*,#28260,.F.);
#28280=CARTESIAN_POINT('',(-1.71478915595122,-3.39105222487758,7.235));
#28290=DIRECTION('',(0.,0.,1.));
#28300=VECTOR('',#28290,1.);
#28310=LINE('',#28280,#28300);
#28320=EDGE_CURVE('',#28250,#28000,#28310,.T.);
#28330=ORIENTED_EDGE('',*,*,#28320,.F.);
#28340=EDGE_LOOP('',(#28330,#28270,#28190,#28110,#28030,#28020));
#28350=FACE_OUTER_BOUND('',#28340,.T.);
#28360=ADVANCED_FACE('',(#28350),#27940,.F.);
#28370=CARTESIAN_POINT('',(-0.264789155951195,-3.39105222487758,13.5575)
);
#28380=DIRECTION('',(-1.,0.,0.));
#28390=VECTOR('',#28380,1.);
#28400=LINE('',#28370,#28390);
#28410=CARTESIAN_POINT('',(-1.91478915595122,-3.39105222487758,13.5575))
;
#28420=VERTEX_POINT('',#28410);
#28430=CARTESIAN_POINT('',(-2.01478915595122,-3.39105222487758,13.5575))
;
#28440=VERTEX_POINT('',#28430);
#28450=EDGE_CURVE('',#28420,#28440,#28400,.T.);
#28460=ORIENTED_EDGE('',*,*,#28450,.F.);
#28470=CARTESIAN_POINT('',(-2.01478915595121,1.00894777512243,13.5575));
#28480=DIRECTION('',(0.,-1.,0.));
#28490=VECTOR('',#28480,1.);
#28500=LINE('',#28470,#28490);
#28510=EDGE_CURVE('',#28440,#19660,#28500,.T.);
#28520=ORIENTED_EDGE('',*,*,#28510,.F.);
#28530=ORIENTED_EDGE('',*,*,#19670,.F.);
#28540=CARTESIAN_POINT('',(-1.91478915595122,1.00894777512243,13.5575));
#28550=DIRECTION('',(0.,1.,0.));
#28560=VECTOR('',#28550,1.);
#28570=LINE('',#28540,#28560);
#28580=EDGE_CURVE('',#19620,#28420,#28570,.T.);
#28590=ORIENTED_EDGE('',*,*,#28580,.F.);
#28600=EDGE_LOOP('',(#28590,#28530,#28520,#28460));
#28610=FACE_OUTER_BOUND('',#28600,.T.);
#28620=ADVANCED_FACE('',(#28610),#13920,.F.);
#28630=CARTESIAN_POINT('',(-0.264789155951195,-3.39105222487758,13.5575)
);
#28640=DIRECTION('',(-1.,0.,0.));
#28650=VECTOR('',#28640,1.);
#28660=LINE('',#28630,#28650);
#28670=CARTESIAN_POINT('',(0.0352108440487795,-3.39105222487758,13.5575)
);
#28680=VERTEX_POINT('',#28670);
#28690=EDGE_CURVE('',#28680,#21770,#28660,.T.);
#28700=ORIENTED_EDGE('',*,*,#28690,.F.);
#28710=ORIENTED_EDGE('',*,*,#21780,.F.);
#28720=ORIENTED_EDGE('',*,*,#19550,.F.);
#28730=CARTESIAN_POINT('',(0.0352108440487908,1.00894777512243,13.5575))
;
#28740=DIRECTION('',(0.,1.,0.));
#28750=VECTOR('',#28740,1.);
#28760=LINE('',#28730,#28750);
#28770=EDGE_CURVE('',#19540,#28680,#28760,.T.);
#28780=ORIENTED_EDGE('',*,*,#28770,.F.);
#28790=EDGE_LOOP('',(#28780,#28720,#28710,#28700));
#28800=FACE_OUTER_BOUND('',#28790,.T.);
#28810=ADVANCED_FACE('',(#28800),#13920,.F.);
#28820=CARTESIAN_POINT('',(-0.264789155951266,-1.19105222487757,9.86));
#28830=DIRECTION('',(1.,0.,0.));
#28840=DIRECTION('',(0.,-1.,0.));
#28850=AXIS2_PLACEMENT_3D('',#28820,#28830,#28840);
#28860=PLANE('',#28850);
#28870=CARTESIAN_POINT('',(-0.264789155951266,-1.29105222487758,9.235));
#28880=DIRECTION('',(0.,0.,-1.));
#28890=VECTOR('',#28880,1.);
#28900=LINE('',#28870,#28890);
#28910=CARTESIAN_POINT('',(-0.264789155951266,-1.29105222487757,10.055))
;
#28920=VERTEX_POINT('',#28910);
#28930=CARTESIAN_POINT('',(-0.264789155951266,-1.29105222487757,9.86));
#28940=VERTEX_POINT('',#28930);
#28950=EDGE_CURVE('',#28920,#28940,#28900,.T.);
#28960=ORIENTED_EDGE('',*,*,#28950,.F.);
#28970=CARTESIAN_POINT('',(-0.264789155951266,1.00894777512243,9.86));
#28980=DIRECTION('',(0.,1.,0.));
#28990=VECTOR('',#28980,1.);
#29000=LINE('',#28970,#28990);
#29010=CARTESIAN_POINT('',(-0.264789155951266,-1.19105222487757,9.86));
#29020=VERTEX_POINT('',#29010);
#29030=EDGE_CURVE('',#28940,#29020,#29000,.T.);
#29040=ORIENTED_EDGE('',*,*,#29030,.F.);
#29050=CARTESIAN_POINT('',(-0.264789155951266,-1.19105222487757,9.86));
#29060=DIRECTION('',(0.,0.,1.));
#29070=VECTOR('',#29060,1.);
#29080=LINE('',#29050,#29070);
#29090=CARTESIAN_POINT('',(-0.264789155951266,-1.19105222487757,10.055))
;
#29100=VERTEX_POINT('',#29090);
#29110=EDGE_CURVE('',#29020,#29100,#29080,.T.);
#29120=ORIENTED_EDGE('',*,*,#29110,.F.);
#29130=CARTESIAN_POINT('',(-0.264789155951266,1.00894777512243,10.055));
#29140=DIRECTION('',(0.,-1.,0.));
#29150=VECTOR('',#29140,1.);
#29160=LINE('',#29130,#29150);
#29170=EDGE_CURVE('',#29100,#28920,#29160,.T.);
#29180=ORIENTED_EDGE('',*,*,#29170,.F.);
#29190=EDGE_LOOP('',(#29180,#29120,#29040,#28960));
#29200=FACE_OUTER_BOUND('',#29190,.T.);
#29210=ADVANCED_FACE('',(#29200),#28860,.F.);
#29220=CARTESIAN_POINT('',(-2.01478915595127,1.00894777512243,10.055));
#29230=DIRECTION('',(0.,0.,-1.));
#29240=DIRECTION('',(-1.,0.,0.));
#29250=AXIS2_PLACEMENT_3D('',#29220,#29230,#29240);
#29260=PLANE('',#29250);
#29270=CARTESIAN_POINT('',(-1.5926947750874,1.00894777512243,10.055));
#29280=DIRECTION('',(-0.5,0.866025403784439,0.));
#29290=VECTOR('',#29280,1.);
#29300=LINE('',#29270,#29290);
#29310=CARTESIAN_POINT('',(-0.322524182870229,-1.19105222487757,10.055))
;
#29320=VERTEX_POINT('',#29310);
#29330=EDGE_CURVE('',#28920,#29320,#29300,.T.);
#29340=ORIENTED_EDGE('',*,*,#29330,.T.);
#29350=ORIENTED_EDGE('',*,*,#29170,.T.);
#29360=CARTESIAN_POINT('',(-2.01478915595127,-1.19105222487757,10.055));
#29370=DIRECTION('',(-1.,0.,0.));
#29380=VECTOR('',#29370,1.);
#29390=LINE('',#29360,#29380);
#29400=EDGE_CURVE('',#29100,#29320,#29390,.T.);
#29410=ORIENTED_EDGE('',*,*,#29400,.F.);
#29420=EDGE_LOOP('',(#29410,#29350,#29340));
#29430=FACE_OUTER_BOUND('',#29420,.T.);
#29440=ADVANCED_FACE('',(#29430),#29260,.T.);
#29450=CARTESIAN_POINT('',(-0.364789155951232,-1.11784714412069,12.8675)
);
#29460=DIRECTION('',(0.866025403784439,0.5,0.));
#29470=DIRECTION('',(0.5,-0.866025403784439,0.));
#29480=AXIS2_PLACEMENT_3D('',#29450,#29460,#29470);
#29490=PLANE('',#29480);
#29500=ORIENTED_EDGE('',*,*,#18020,.T.);
#29510=ORIENTED_EDGE('',*,*,#21380,.F.);
#29520=CARTESIAN_POINT('',(-0.364789155951232,-1.11784714412069,13.0475)
);
#29530=DIRECTION('',(0.,0.,1.));
#29540=VECTOR('',#29530,1.);
#29550=LINE('',#29520,#29540);
#29560=CARTESIAN_POINT('',(-0.364789155951232,-1.11784714412069,12.8575)
);
#29570=VERTEX_POINT('',#29560);
#29580=EDGE_CURVE('',#29570,#21310,#29550,.T.);
#29590=ORIENTED_EDGE('',*,*,#29580,.T.);
#29600=CARTESIAN_POINT('',(-0.600580113963802,-0.709445224877575,12.8575
));
#29610=DIRECTION('',(0.5,-0.866025403784439,0.));
#29620=VECTOR('',#29610,1.);
#29630=LINE('',#29600,#29620);
#29640=CARTESIAN_POINT('',(-0.322524182870194,-1.19105222487757,12.8575)
);
#29650=VERTEX_POINT('',#29640);
#29660=EDGE_CURVE('',#29570,#29650,#29630,.T.);
#29670=ORIENTED_EDGE('',*,*,#29660,.F.);
#29680=CARTESIAN_POINT('',(-0.322524182870194,-1.19105222487757,7.735));
#29690=DIRECTION('',(0.,0.,-1.));
#29700=VECTOR('',#29690,1.);
#29710=LINE('',#29680,#29700);
#29720=EDGE_CURVE('',#16900,#29650,#29710,.T.);
#29730=ORIENTED_EDGE('',*,*,#29720,.T.);
#29740=ORIENTED_EDGE('',*,*,#16910,.T.);
#29750=CARTESIAN_POINT('',(-0.264789155951232,-1.29105222487758,7.735));
#29760=DIRECTION('',(0.,0.,-1.));
#29770=VECTOR('',#29760,1.);
#29780=LINE('',#29750,#29770);
#29790=CARTESIAN_POINT('',(-0.264789155951232,-1.29105222487757,13.055))
;
#29800=VERTEX_POINT('',#29790);
#29810=EDGE_CURVE('',#29800,#16880,#29780,.T.);
#29820=ORIENTED_EDGE('',*,*,#29810,.T.);
#29830=CARTESIAN_POINT('',(-1.59269477508737,1.00894777512243,13.055));
#29840=DIRECTION('',(-0.5,0.866025403784439,0.));
#29850=VECTOR('',#29840,1.);
#29860=LINE('',#29830,#29850);
#29870=EDGE_CURVE('',#29800,#18010,#29860,.T.);
#29880=ORIENTED_EDGE('',*,*,#29870,.F.);
#29890=EDGE_LOOP('',(#29880,#29820,#29740,#29730,#29670,#29590,#29510,
#29500));
#29900=FACE_OUTER_BOUND('',#29890,.T.);
#29910=ADVANCED_FACE('',(#29900),#29490,.T.);
#29920=CARTESIAN_POINT('',(-1.69478915595123,-4.19105222487757,12.8675))
;
#29930=DIRECTION('',(1.,0.,0.));
#29940=DIRECTION('',(0.,-1.,0.));
#29950=AXIS2_PLACEMENT_3D('',#29920,#29930,#29940);
#29960=PLANE('',#29950);
#29970=CARTESIAN_POINT('',(-1.69478915595123,-0.709445224877575,12.8575)
);
#29980=DIRECTION('',(0.,-1.,0.));
#29990=VECTOR('',#29980,1.);
#30000=LINE('',#29970,#29990);
#30010=CARTESIAN_POINT('',(-1.69478915595123,-4.19105222487757,12.8575))
;
#30020=VERTEX_POINT('',#30010);
#30030=CARTESIAN_POINT('',(-1.69478915595123,-4.39105222487757,12.8575))
;
#30040=VERTEX_POINT('',#30030);
#30050=EDGE_CURVE('',#30020,#30040,#30000,.T.);
#30060=ORIENTED_EDGE('',*,*,#30050,.F.);
#30070=CARTESIAN_POINT('',(-1.69478915595123,-4.39105222487757,13.0475))
;
#30080=DIRECTION('',(0.,0.,1.));
#30090=VECTOR('',#30080,1.);
#30100=LINE('',#30070,#30090);
#30110=CARTESIAN_POINT('',(-1.69478915595123,-4.39105222487757,13.0575))
;
#30120=VERTEX_POINT('',#30110);
#30130=EDGE_CURVE('',#30040,#30120,#30100,.T.);
#30140=ORIENTED_EDGE('',*,*,#30130,.F.);
#30150=CARTESIAN_POINT('',(-1.69478915595123,1.00894777512243,13.0575));
#30160=DIRECTION('',(0.,1.,0.));
#30170=VECTOR('',#30160,1.);
#30180=LINE('',#30150,#30170);
#30190=CARTESIAN_POINT('',(-1.69478915595123,-4.19105222487757,13.0575))
;
#30200=VERTEX_POINT('',#30190);
#30210=EDGE_CURVE('',#30120,#30200,#30180,.T.);
#30220=ORIENTED_EDGE('',*,*,#30210,.F.);
#30230=CARTESIAN_POINT('',(-1.69478915595123,-4.19105222487757,12.8675))
;
#30240=DIRECTION('',(0.,0.,1.));
#30250=VECTOR('',#30240,1.);
#30260=LINE('',#30230,#30250);
#30270=EDGE_CURVE('',#30020,#30200,#30260,.T.);
#30280=ORIENTED_EDGE('',*,*,#30270,.T.);
#30290=EDGE_LOOP('',(#30280,#30220,#30140,#30060));
#30300=FACE_OUTER_BOUND('',#30290,.T.);
#30310=ADVANCED_FACE('',(#30300),#29960,.T.);
#30320=CARTESIAN_POINT('',(-0.26478915595122,-3.59105222487757,13.055));
#30330=DIRECTION('',(-1.,0.,0.));
#30340=DIRECTION('',(0.,1.,0.));
#30350=AXIS2_PLACEMENT_3D('',#30320,#30330,#30340);
#30360=PLANE('',#30350);
#30370=CARTESIAN_POINT('',(-0.26478915595122,1.00894777512243,13.0575));
#30380=DIRECTION('',(0.,-1.,0.));
#30390=VECTOR('',#30380,1.);
#30400=LINE('',#30370,#30390);
#30410=CARTESIAN_POINT('',(-0.26478915595122,-3.39105222487758,13.0575))
;
#30420=VERTEX_POINT('',#30410);
#30430=CARTESIAN_POINT('',(-0.26478915595122,-3.39593027365807,13.0575))
;
#30440=VERTEX_POINT('',#30430);
#30450=EDGE_CURVE('',#30420,#30440,#30400,.T.);
#30460=ORIENTED_EDGE('',*,*,#30450,.F.);
#30470=CARTESIAN_POINT('',(-0.26478915595122,1.00894777512243,10.8));
#30480=DIRECTION('',(0.,-0.889933250556876,0.456090790910398));
#30490=VECTOR('',#30480,1.);
#30500=LINE('',#30470,#30490);
#30510=CARTESIAN_POINT('',(-0.26478915595122,-3.59105222487757,13.1575))
;
#30520=VERTEX_POINT('',#30510);
#30530=EDGE_CURVE('',#30440,#30520,#30500,.T.);
#30540=ORIENTED_EDGE('',*,*,#30530,.F.);
#30550=CARTESIAN_POINT('',(-0.26478915595122,-3.59105222487757,13.055));
#30560=DIRECTION('',(0.,0.,1.));
#30570=VECTOR('',#30560,1.);
#30580=LINE('',#30550,#30570);
#30590=EDGE_CURVE('',#30520,#18690,#30580,.T.);
#30600=ORIENTED_EDGE('',*,*,#30590,.F.);
#30610=ORIENTED_EDGE('',*,*,#18700,.T.);
#30620=CARTESIAN_POINT('',(-0.26478915595122,1.00894777512243,13.3575));
#30630=DIRECTION('',(0.,1.,0.));
#30640=VECTOR('',#30630,1.);
#30650=LINE('',#30620,#30640);
#30660=CARTESIAN_POINT('',(-0.26478915595122,-3.39105222487758,13.3575))
;
#30670=VERTEX_POINT('',#30660);
#30680=EDGE_CURVE('',#18610,#30670,#30650,.T.);
#30690=ORIENTED_EDGE('',*,*,#30680,.F.);
#30700=CARTESIAN_POINT('',(-0.26478915595122,-3.39105222487758,7.235));
#30710=DIRECTION('',(0.,0.,-1.));
#30720=VECTOR('',#30710,1.);
#30730=LINE('',#30700,#30720);
#30740=EDGE_CURVE('',#30670,#30420,#30730,.T.);
#30750=ORIENTED_EDGE('',*,*,#30740,.F.);
#30760=EDGE_LOOP('',(#30750,#30690,#30610,#30600,#30540,#30460));
#30770=FACE_OUTER_BOUND('',#30760,.T.);
#30780=ADVANCED_FACE('',(#30770),#30360,.F.);
#30790=CARTESIAN_POINT('',(-0.26478915595122,-1.19105222487757,13.555));
#30800=DIRECTION('',(0.,-1.,0.));
#30810=DIRECTION('',(-1.,0.,0.));
#30820=AXIS2_PLACEMENT_3D('',#30790,#30800,#30810);
#30830=PLANE('',#30820);
#30840=CARTESIAN_POINT('',(-0.322524182870183,-1.19105222487757,7.235));
#30850=DIRECTION('',(0.,0.,-1.));
#30860=VECTOR('',#30850,1.);
#30870=LINE('',#30840,#30860);
#30880=CARTESIAN_POINT('',(-0.322524182870183,-1.19105222487757,13.5575)
);
#30890=VERTEX_POINT('',#30880);
#30900=CARTESIAN_POINT('',(-0.322524182870183,-1.19105222487757,13.555))
;
#30910=VERTEX_POINT('',#30900);
#30920=EDGE_CURVE('',#30890,#30910,#30870,.T.);
#30930=ORIENTED_EDGE('',*,*,#30920,.F.);
#30940=CARTESIAN_POINT('',(-2.01478915595122,-1.19105222487757,13.555));
#30950=DIRECTION('',(-1.,0.,0.));
#30960=VECTOR('',#30950,1.);
#30970=LINE('',#30940,#30960);
#30980=CARTESIAN_POINT('',(-0.26478915595122,-1.19105222487757,13.555));
#30990=VERTEX_POINT('',#30980);
#31000=EDGE_CURVE('',#30990,#30910,#30970,.T.);
#31010=ORIENTED_EDGE('',*,*,#31000,.T.);
#31020=CARTESIAN_POINT('',(-0.26478915595122,-1.19105222487757,13.555));
#31030=DIRECTION('',(0.,0.,1.));
#31040=VECTOR('',#31030,1.);
#31050=LINE('',#31020,#31040);
#31060=EDGE_CURVE('',#30990,#16580,#31050,.T.);
#31070=ORIENTED_EDGE('',*,*,#31060,.F.);
#31080=CARTESIAN_POINT('',(-0.264789155951206,-1.19105222487757,13.5575)
);
#31090=DIRECTION('',(1.,0.,0.));
#31100=VECTOR('',#31090,1.);
#31110=LINE('',#31080,#31100);
#31120=EDGE_CURVE('',#30890,#16580,#31110,.T.);
#31130=ORIENTED_EDGE('',*,*,#31120,.T.);
#31140=EDGE_LOOP('',(#31130,#31070,#31010,#30930));
#31150=FACE_OUTER_BOUND('',#31140,.T.);
#31160=ADVANCED_FACE('',(#31150),#30830,.F.);
#31170=CARTESIAN_POINT('',(-1.91478915595122,-3.59105222487757,13.3675))
;
#31180=DIRECTION('',(-1.,0.,0.));
#31190=DIRECTION('',(0.,1.,0.));
#31200=AXIS2_PLACEMENT_3D('',#31170,#31180,#31190);
#31210=PLANE('',#31200);
#31220=CARTESIAN_POINT('',(-1.91478915595122,-3.39105222487758,7.235));
#31230=DIRECTION('',(0.,0.,1.));
#31240=VECTOR('',#31230,1.);
#31250=LINE('',#31220,#31240);
#31260=CARTESIAN_POINT('',(-1.91478915595122,-3.39105222487758,13.3575))
;
#31270=VERTEX_POINT('',#31260);
#31280=EDGE_CURVE('',#31270,#28420,#31250,.T.);
#31290=ORIENTED_EDGE('',*,*,#31280,.F.);
#31300=ORIENTED_EDGE('',*,*,#28580,.T.);
#31310=CARTESIAN_POINT('',(-1.91478915595122,1.00894777512243,13.5575));
#31320=DIRECTION('',(0.,-1.,0.));
#31330=VECTOR('',#31320,1.);
#31340=LINE('',#31310,#31330);
#31350=CARTESIAN_POINT('',(-1.91478915595122,-3.59105222487757,13.5575))
;
#31360=VERTEX_POINT('',#31350);
#31370=EDGE_CURVE('',#19620,#31360,#31340,.T.);
#31380=ORIENTED_EDGE('',*,*,#31370,.F.);
#31390=CARTESIAN_POINT('',(-1.91478915595122,-3.59105222487757,13.5475))
;
#31400=DIRECTION('',(0.,0.,1.));
#31410=VECTOR('',#31400,1.);
#31420=LINE('',#31390,#31410);
#31430=CARTESIAN_POINT('',(-1.91478915595122,-3.59105222487757,13.3575))
;
#31440=VERTEX_POINT('',#31430);
#31450=EDGE_CURVE('',#31440,#31360,#31420,.T.);
#31460=ORIENTED_EDGE('',*,*,#31450,.T.);
#31470=CARTESIAN_POINT('',(-1.91478915595122,-0.709445224877575,13.3575)
);
#31480=DIRECTION('',(0.,1.,0.));
#31490=VECTOR('',#31480,1.);
#31500=LINE('',#31470,#31490);
#31510=EDGE_CURVE('',#31440,#31270,#31500,.T.);
#31520=ORIENTED_EDGE('',*,*,#31510,.F.);
#31530=EDGE_LOOP('',(#31520,#31460,#31380,#31300,#31290));
#31540=FACE_OUTER_BOUND('',#31530,.T.);
#31550=ADVANCED_FACE('',(#31540),#31210,.T.);
#31560=CARTESIAN_POINT('',(-1.46478915595121,-1.59105222487758,22.5575))
;
#31570=DIRECTION('',(-0.98058067569092,-0.196116135138184,0.));
#31580=DIRECTION('',(-0.196116135138184,0.98058067569092,0.));
#31590=AXIS2_PLACEMENT_3D('',#31560,#31570,#31580);
#31600=PLANE('',#31590);
#31610=CARTESIAN_POINT('',(-1.36478915595121,-2.09105222487758,-1.265));
#31620=DIRECTION('',(0.,0.,1.));
#31630=VECTOR('',#31620,1.);
#31640=LINE('',#31610,#31630);
#31650=CARTESIAN_POINT('',(-1.36478915595127,-2.09105222487758,6.4225));
#31660=VERTEX_POINT('',#31650);
#31670=EDGE_CURVE('',#31660,#2900,#31640,.T.);
#31680=ORIENTED_EDGE('',*,*,#31670,.F.);
#31690=ORIENTED_EDGE('',*,*,#2910,.T.);
#31700=CARTESIAN_POINT('',(-1.46478915595122,-1.59105222487758,19.5575))
;
#31710=DIRECTION('',(0.,0.,-1.));
#31720=VECTOR('',#31710,1.);
#31730=LINE('',#31700,#31720);
#31740=CARTESIAN_POINT('',(-1.46478915595127,-1.59105222487758,6.4225));
#31750=VERTEX_POINT('',#31740);
#31760=EDGE_CURVE('',#2820,#31750,#31730,.T.);
#31770=ORIENTED_EDGE('',*,*,#31760,.F.);
#31780=CARTESIAN_POINT('',(-1.46478915595127,-1.59105222487758,6.4225));
#31790=DIRECTION('',(0.196116135138184,-0.98058067569092,0.));
#31800=VECTOR('',#31790,1.);
#31810=LINE('',#31780,#31800);
#31820=EDGE_CURVE('',#31750,#31660,#31810,.T.);
#31830=ORIENTED_EDGE('',*,*,#31820,.F.);
#31840=EDGE_LOOP('',(#31830,#31770,#31690,#31680));
#31850=FACE_OUTER_BOUND('',#31840,.T.);
#31860=ADVANCED_FACE('',(#31850),#31600,.F.);
#31870=CARTESIAN_POINT('',(-1.56478915595122,-3.99105222487758,13.3675))
;
#31880=DIRECTION('',(0.,0.,1.));
#31890=DIRECTION('',(0.,1.,0.));
#31900=AXIS2_PLACEMENT_3D('',#31870,#31880,#31890);
#31910=CYLINDRICAL_SURFACE('',#31900,0.1);
#31920=CARTESIAN_POINT('',(-1.56478915595122,-3.99105222487758,13.3575))
;
#31930=DIRECTION('',(0.,0.,1.));
#31940=DIRECTION('',(0.,1.,0.));
#31950=AXIS2_PLACEMENT_3D('',#31920,#31930,#31940);
#31960=CIRCLE('',#31950,0.1);
#31970=CARTESIAN_POINT('',(-1.46478915595122,-3.99105222487758,13.3575))
;
#31980=VERTEX_POINT('',#31970);
#31990=EDGE_CURVE('',#24080,#31980,#31960,.T.);
#32000=ORIENTED_EDGE('',*,*,#31990,.T.);
#32010=ORIENTED_EDGE('',*,*,#24240,.F.);
#32020=CARTESIAN_POINT('',(-1.56478915595122,-3.99105222487758,13.5575))
;
#32030=DIRECTION('',(0.,0.,1.));
#32040=DIRECTION('',(0.,1.,0.));
#32050=AXIS2_PLACEMENT_3D('',#32020,#32030,#32040);
#32060=CIRCLE('',#32050,0.1);
#32070=CARTESIAN_POINT('',(-1.46478915595122,-3.99105222487758,13.5575))
;
#32080=VERTEX_POINT('',#32070);
#32090=EDGE_CURVE('',#24170,#32080,#32060,.T.);
#32100=ORIENTED_EDGE('',*,*,#32090,.F.);
#32110=CARTESIAN_POINT('',(-1.46478915595122,-3.99105222487758,13.5475))
;
#32120=DIRECTION('',(0.,0.,1.));
#32130=VECTOR('',#32120,1.);
#32140=LINE('',#32110,#32130);
#32150=EDGE_CURVE('',#31980,#32080,#32140,.T.);
#32160=ORIENTED_EDGE('',*,*,#32150,.T.);
#32170=EDGE_LOOP('',(#32160,#32100,#32010,#32000));
#32180=FACE_OUTER_BOUND('',#32170,.T.);
#32190=ADVANCED_FACE('',(#32180),#31910,.T.);
#32200=CARTESIAN_POINT('',(-1.06478915595121,-2.39105222487758,24.88));
#32210=DIRECTION('',(1.,0.,0.));
#32220=DIRECTION('',(0.,-1.,0.));
#32230=AXIS2_PLACEMENT_3D('',#32200,#32210,#32220);
#32240=PLANE('',#32230);
#32250=CARTESIAN_POINT('',(-1.06478915595121,0.883947775122426,2.235));
#32260=DIRECTION('',(0.,0.,1.));
#32270=VECTOR('',#32260,1.);
#32280=LINE('',#32250,#32270);
#32290=CARTESIAN_POINT('',(-1.06478915595127,0.883947775122424,6.9575));
#32300=VERTEX_POINT('',#32290);
#32310=EDGE_CURVE('',#32300,#14080,#32280,.T.);
#32320=ORIENTED_EDGE('',*,*,#32310,.F.);
#32330=ORIENTED_EDGE('',*,*,#14090,.F.);
#32340=CARTESIAN_POINT('',(-1.06478915595119,2.00894777512243,-10.265));
#32350=DIRECTION('',(0.,0.,1.));
#32360=VECTOR('',#32350,1.);
#32370=LINE('',#32340,#32360);
#32380=EDGE_CURVE('',#14000,#24360,#32370,.T.);
#32390=ORIENTED_EDGE('',*,*,#32380,.F.);
#32400=ORIENTED_EDGE('',*,*,#24590,.T.);
#32410=ORIENTED_EDGE('',*,*,#27830,.T.);
#32420=ORIENTED_EDGE('',*,*,#26920,.F.);
#32430=CARTESIAN_POINT('',(-1.06478915595121,-2.39105222487758,17.88));
#32440=DIRECTION('',(0.,0.,-1.));
#32450=VECTOR('',#32440,1.);
#32460=LINE('',#32430,#32450);
#32470=CARTESIAN_POINT('',(-1.06478915595127,-2.39105222487758,6.4225));
#32480=VERTEX_POINT('',#32470);
#32490=EDGE_CURVE('',#26830,#32480,#32460,.T.);
#32500=ORIENTED_EDGE('',*,*,#32490,.F.);
#32510=CARTESIAN_POINT('',(-1.06478915595127,0.,6.4225));
#32520=DIRECTION('',(0.,1.,0.));
#32530=VECTOR('',#32520,1.);
#32540=LINE('',#32510,#32530);
#32550=CARTESIAN_POINT('',(-1.06478915595127,0.564503330677981,6.4225));
#32560=VERTEX_POINT('',#32550);
#32570=EDGE_CURVE('',#32480,#32560,#32540,.T.);
#32580=ORIENTED_EDGE('',*,*,#32570,.F.);
#32590=CARTESIAN_POINT('',(-1.06478915595127,0.564503330677981,9.235));
#32600=DIRECTION('',(0.,0.,1.));
#32610=VECTOR('',#32600,1.);
#32620=LINE('',#32590,#32610);
#32630=CARTESIAN_POINT('',(-1.06478915595127,0.564503330677981,6.4575));
#32640=VERTEX_POINT('',#32630);
#32650=EDGE_CURVE('',#32560,#32640,#32620,.T.);
#32660=ORIENTED_EDGE('',*,*,#32650,.F.);
#32670=CARTESIAN_POINT('',(-1.06478915595127,1.00894777512243,6.4575));
#32680=DIRECTION('',(0.,-1.,0.));
#32690=VECTOR('',#32680,1.);
#32700=LINE('',#32670,#32690);
#32710=CARTESIAN_POINT('',(-1.06478915595127,1.10894777512243,6.4575));
#32720=VERTEX_POINT('',#32710);
#32730=EDGE_CURVE('',#32720,#32640,#32700,.T.);
#32740=ORIENTED_EDGE('',*,*,#32730,.T.);
#32750=CARTESIAN_POINT('',(-1.06478915595127,1.10894777512243,9.235));
#32760=DIRECTION('',(0.,0.,-1.));
#32770=VECTOR('',#32760,1.);
#32780=LINE('',#32750,#32770);
#32790=CARTESIAN_POINT('',(-1.06478915595127,1.10894777512243,6.4225));
#32800=VERTEX_POINT('',#32790);
#32810=EDGE_CURVE('',#32720,#32800,#32780,.T.);
#32820=ORIENTED_EDGE('',*,*,#32810,.F.);
#32830=CARTESIAN_POINT('',(-1.06478915595127,2.00894777512243,6.4225));
#32840=VERTEX_POINT('',#32830);
#32850=EDGE_CURVE('',#32800,#32840,#32540,.T.);
#32860=ORIENTED_EDGE('',*,*,#32850,.F.);
#32870=CARTESIAN_POINT('',(-1.06478915595127,2.00894777512243,9.235));
#32880=DIRECTION('',(0.,0.,1.));
#32890=VECTOR('',#32880,1.);
#32900=LINE('',#32870,#32890);
#32910=CARTESIAN_POINT('',(-1.06478915595127,2.00894777512243,6.9575));
#32920=VERTEX_POINT('',#32910);
#32930=EDGE_CURVE('',#32840,#32920,#32900,.T.);
#32940=ORIENTED_EDGE('',*,*,#32930,.F.);
#32950=CARTESIAN_POINT('',(-1.06478915595127,1.00894777512243,6.9575));
#32960=DIRECTION('',(0.,-1.,0.));
#32970=VECTOR('',#32960,1.);
#32980=LINE('',#32950,#32970);
#32990=EDGE_CURVE('',#32920,#32300,#32980,.T.);
#33000=ORIENTED_EDGE('',*,*,#32990,.F.);
#33010=EDGE_LOOP('',(#33000,#32940,#32860,#32820,#32740,#32660,#32580,
#32500,#32420,#32410,#32400,#32390,#32330,#32320));
#33020=FACE_OUTER_BOUND('',#33010,.T.);
#33030=ADVANCED_FACE('',(#33020),#32240,.F.);
#33040=CARTESIAN_POINT('',(-0.36478915595122,-1.11784714412069,13.3675))
;
#33050=DIRECTION('',(0.866025403784439,0.5,0.));
#33060=DIRECTION('',(0.5,-0.866025403784439,0.));
#33070=AXIS2_PLACEMENT_3D('',#33040,#33050,#33060);
#33080=PLANE('',#33070);
#33090=CARTESIAN_POINT('',(-1.59269477508736,1.00894777512243,13.36));
#33100=DIRECTION('',(-0.5,0.866025403784439,0.));
#33110=VECTOR('',#33100,1.);
#33120=LINE('',#33090,#33110);
#33130=CARTESIAN_POINT('',(-0.264789155951221,-1.29105222487757,13.36));
#33140=VERTEX_POINT('',#33130);
#33150=EDGE_CURVE('',#33140,#17610,#33120,.T.);
#33160=ORIENTED_EDGE('',*,*,#33150,.T.);
#33170=CARTESIAN_POINT('',(-0.26478915595122,-1.29105222487758,7.235));
#33180=DIRECTION('',(0.,0.,-1.));
#33190=VECTOR('',#33180,1.);
#33200=LINE('',#33170,#33190);
#33210=CARTESIAN_POINT('',(-0.264789155951221,-1.29105222487757,13.555))
;
#33220=VERTEX_POINT('',#33210);
#33230=EDGE_CURVE('',#33220,#33140,#33200,.T.);
#33240=ORIENTED_EDGE('',*,*,#33230,.T.);
#33250=CARTESIAN_POINT('',(-1.59269477508736,1.00894777512243,13.555));
#33260=DIRECTION('',(-0.5,0.866025403784439,0.));
#33270=VECTOR('',#33260,1.);
#33280=LINE('',#33250,#33270);
#33290=EDGE_CURVE('',#33220,#30910,#33280,.T.);
#33300=ORIENTED_EDGE('',*,*,#33290,.F.);
#33310=ORIENTED_EDGE('',*,*,#30920,.T.);
#33320=CARTESIAN_POINT('',(-1.59269477508736,1.00894777512243,13.5575));
#33330=DIRECTION('',(-0.5,0.866025403784439,0.));
#33340=VECTOR('',#33330,1.);
#33350=LINE('',#33320,#33340);
#33360=EDGE_CURVE('',#30890,#14580,#33350,.T.);
#33370=ORIENTED_EDGE('',*,*,#33360,.F.);
#33380=ORIENTED_EDGE('',*,*,#14590,.T.);
#33390=CARTESIAN_POINT('',(-0.600580113963791,-0.709445224877575,13.3575
));
#33400=DIRECTION('',(0.5,-0.866025403784439,0.));
#33410=VECTOR('',#33400,1.);
#33420=LINE('',#33390,#33410);
#33430=EDGE_CURVE('',#14500,#17690,#33420,.T.);
#33440=ORIENTED_EDGE('',*,*,#33430,.F.);
#33450=ORIENTED_EDGE('',*,*,#17700,.T.);
#33460=EDGE_LOOP('',(#33450,#33440,#33380,#33370,#33310,#33300,#33240,
#33160));
#33470=FACE_OUTER_BOUND('',#33460,.T.);
#33480=ADVANCED_FACE('',(#33470),#33080,.T.);
#33490=CARTESIAN_POINT('',(-0.412113795174714,0.573141966487053,5.4575))
;
#33500=DIRECTION('',(0.,0.,1.));
#33510=DIRECTION('',(1.,0.,0.));
#33520=AXIS2_PLACEMENT_3D('',#33490,#33500,#33510);
#33530=PLANE('',#33520);
#33540=CARTESIAN_POINT('',(-0.254789155951266,1.00894777512243,5.4575));
#33550=DIRECTION('',(0.,-1.,0.));
#33560=VECTOR('',#33550,1.);
#33570=LINE('',#33540,#33560);
#33580=CARTESIAN_POINT('',(-0.254789155951266,1.00894777512243,5.4575));
#33590=VERTEX_POINT('',#33580);
#33600=CARTESIAN_POINT('',(-0.254789155951266,-0.341052224877575,5.4575)
);
#33610=VERTEX_POINT('',#33600);
#33620=EDGE_CURVE('',#33590,#33610,#33570,.T.);
#33630=ORIENTED_EDGE('',*,*,#33620,.F.);
#33640=CARTESIAN_POINT('',(-0.264789155951266,-0.341052224877575,5.4575)
);
#33650=DIRECTION('',(-1.,0.,0.));
#33660=VECTOR('',#33650,1.);
#33670=LINE('',#33640,#33660);
#33680=CARTESIAN_POINT('',(-0.604789155951266,-0.341052224877575,5.4575)
);
#33690=VERTEX_POINT('',#33680);
#33700=EDGE_CURVE('',#33610,#33690,#33670,.T.);
#33710=ORIENTED_EDGE('',*,*,#33700,.F.);
#33720=CARTESIAN_POINT('',(-0.604789155951266,1.00894777512243,5.4575));
#33730=DIRECTION('',(0.,-1.,0.));
#33740=VECTOR('',#33730,1.);
#33750=LINE('',#33720,#33740);
#33760=CARTESIAN_POINT('',(-0.604789155951266,1.00894777512243,5.4575));
#33770=VERTEX_POINT('',#33760);
#33780=EDGE_CURVE('',#33770,#33690,#33750,.T.);
#33790=ORIENTED_EDGE('',*,*,#33780,.T.);
#33800=CARTESIAN_POINT('',(-0.264789155951266,1.00894777512243,5.4575));
#33810=DIRECTION('',(-1.,0.,0.));
#33820=VECTOR('',#33810,1.);
#33830=LINE('',#33800,#33820);
#33840=EDGE_CURVE('',#33590,#33770,#33830,.T.);
#33850=ORIENTED_EDGE('',*,*,#33840,.T.);
#33860=EDGE_LOOP('',(#33850,#33790,#33710,#33630));
#33870=FACE_OUTER_BOUND('',#33860,.T.);
#33880=ADVANCED_FACE('',(#33870),#33530,.T.);
#33890=CARTESIAN_POINT('',(-0.739685876612312,2.00894777512243,32.035));
#33900=DIRECTION('',(0.,1.,0.));
#33910=DIRECTION('',(1.,0.,0.));
#33920=AXIS2_PLACEMENT_3D('',#33890,#33900,#33910);
#33930=PLANE('',#33920);
#33940=CARTESIAN_POINT('',(-0.264789155951266,2.00894777512243,6.9575));
#33950=DIRECTION('',(1.,0.,0.));
#33960=VECTOR('',#33950,1.);
#33970=LINE('',#33940,#33960);
#33980=CARTESIAN_POINT('',(-0.739685876612312,2.00894777512243,6.9575));
#33990=VERTEX_POINT('',#33980);
#34000=EDGE_CURVE('',#32920,#33990,#33970,.T.);
#34010=ORIENTED_EDGE('',*,*,#34000,.T.);
#34020=ORIENTED_EDGE('',*,*,#32930,.T.);
#34030=CARTESIAN_POINT('',(-1.11478915595127,2.00894777512243,6.4225));
#34040=DIRECTION('',(-1.,0.,0.));
#34050=VECTOR('',#34040,1.);
#34060=LINE('',#34030,#34050);
#34070=CARTESIAN_POINT('',(-1.81478915595127,2.00894777512243,6.4225));
#34080=VERTEX_POINT('',#34070);
#34090=EDGE_CURVE('',#32840,#34080,#34060,.T.);
#34100=ORIENTED_EDGE('',*,*,#34090,.F.);
#34110=CARTESIAN_POINT('',(-1.81478915595127,2.00894777512243,5.7575));
#34120=DIRECTION('',(0.,0.,-1.));
#34130=VECTOR('',#34120,1.);
#34140=LINE('',#34110,#34130);
#34150=CARTESIAN_POINT('',(-1.81478915595127,2.00894777512243,
5.35750000000001));
#34160=VERTEX_POINT('',#34150);
#34170=EDGE_CURVE('',#34080,#34160,#34140,.T.);
#34180=ORIENTED_EDGE('',*,*,#34170,.F.);
#34190=CARTESIAN_POINT('',(-0.464789155951266,2.00894777512243,
5.35750000000001));
#34200=DIRECTION('',(1.,0.,0.));
#34210=VECTOR('',#34200,1.);
#34220=LINE('',#34190,#34210);
#34230=CARTESIAN_POINT('',(-0.464789155951266,2.00894777512243,
5.35750000000001));
#34240=VERTEX_POINT('',#34230);
#34250=EDGE_CURVE('',#34160,#34240,#34220,.T.);
#34260=ORIENTED_EDGE('',*,*,#34250,.F.);
#34270=CARTESIAN_POINT('',(-0.46478915595122,2.00894777512243,-2.5425));
#34280=DIRECTION('',(0.,0.,-1.));
#34290=VECTOR('',#34280,1.);
#34300=LINE('',#34270,#34290);
#34310=EDGE_CURVE('',#3570,#34240,#34300,.T.);
#34320=ORIENTED_EDGE('',*,*,#34310,.T.);
#34330=ORIENTED_EDGE('',*,*,#3880,.T.);
#34340=ORIENTED_EDGE('',*,*,#27660,.T.);
#34350=ORIENTED_EDGE('',*,*,#24370,.F.);
#34360=ORIENTED_EDGE('',*,*,#32380,.T.);
#34370=ORIENTED_EDGE('',*,*,#14010,.T.);
#34380=CARTESIAN_POINT('',(-0.739685876612312,2.00894777512243,32.035));
#34390=DIRECTION('',(0.,0.,1.));
#34400=VECTOR('',#34390,1.);
#34410=LINE('',#34380,#34400);
#34420=EDGE_CURVE('',#33990,#13980,#34410,.T.);
#34430=ORIENTED_EDGE('',*,*,#34420,.T.);
#34440=EDGE_LOOP('',(#34430,#34370,#34360,#34350,#34340,#34330,#34320,
#34260,#34180,#34100,#34020,#34010));
#34450=FACE_OUTER_BOUND('',#34440,.T.);
#34460=ADVANCED_FACE('',(#34450),#33930,.T.);
#34470=CARTESIAN_POINT('',(-1.45941818394724,-1.06738394494655,13.3575))
;
#34480=DIRECTION('',(0.,0.,-1.));
#34490=DIRECTION('',(-1.,0.,0.));
#34500=AXIS2_PLACEMENT_3D('',#34470,#34480,#34490);
#34510=PLANE('',#34500);
#34520=CARTESIAN_POINT('',(-0.264789155951221,-3.39105222487758,13.3575)
);
#34530=DIRECTION('',(-1.,0.,0.));
#34540=VECTOR('',#34530,1.);
#34550=LINE('',#34520,#34540);
#34560=EDGE_CURVE('',#21530,#30670,#34550,.T.);
#34570=ORIENTED_EDGE('',*,*,#34560,.F.);
#34580=ORIENTED_EDGE('',*,*,#30680,.T.);
#34590=ORIENTED_EDGE('',*,*,#18620,.T.);
#34600=ORIENTED_EDGE('',*,*,#28010,.T.);
#34610=EDGE_CURVE('',#28000,#31270,#34550,.T.);
#34620=ORIENTED_EDGE('',*,*,#34610,.F.);
#34630=ORIENTED_EDGE('',*,*,#31510,.T.);
#34640=CARTESIAN_POINT('',(-1.89122415595122,-3.59105222487757,13.3575))
;
#34650=DIRECTION('',(-1.,0.,0.));
#34660=VECTOR('',#34650,1.);
#34670=LINE('',#34640,#34660);
#34680=CARTESIAN_POINT('',(-1.76478915595122,-3.59105222487757,13.3575))
;
#34690=VERTEX_POINT('',#34680);
#34700=EDGE_CURVE('',#34690,#31440,#34670,.T.);
#34710=ORIENTED_EDGE('',*,*,#34700,.T.);
#34720=CARTESIAN_POINT('',(-1.76478915595122,-0.709445224877575,13.3575)
);
#34730=DIRECTION('',(0.,1.,0.));
#34740=VECTOR('',#34730,1.);
#34750=LINE('',#34720,#34740);
#34760=CARTESIAN_POINT('',(-1.76478915595122,-3.79105222487757,13.3575))
;
#34770=VERTEX_POINT('',#34760);
#34780=EDGE_CURVE('',#34770,#34690,#34750,.T.);
#34790=ORIENTED_EDGE('',*,*,#34780,.T.);
#34800=CARTESIAN_POINT('',(-1.89122415595122,-3.84812703587276,13.3575))
;
#34810=DIRECTION('',(0.911437827766148,0.411437827766147,0.));
#34820=VECTOR('',#34810,1.);
#34830=LINE('',#34800,#34820);
#34840=CARTESIAN_POINT('',(-2.00593293872784,-3.89990844210096,13.3575))
;
#34850=VERTEX_POINT('',#34840);
#34860=EDGE_CURVE('',#34850,#34770,#34830,.T.);
#34870=ORIENTED_EDGE('',*,*,#34860,.T.);
#34880=CARTESIAN_POINT('',(-1.96478915595122,-3.99105222487758,13.3575))
;
#34890=DIRECTION('',(0.,0.,1.));
#34900=DIRECTION('',(0.,1.,0.));
#34910=AXIS2_PLACEMENT_3D('',#34880,#34890,#34900);
#34920=CIRCLE('',#34910,0.1);
#34930=EDGE_CURVE('',#34850,#22650,#34920,.T.);
#34940=ORIENTED_EDGE('',*,*,#34930,.F.);
#34950=ORIENTED_EDGE('',*,*,#22660,.T.);
#34960=CARTESIAN_POINT('',(-1.96478915595122,-4.29105222487757,13.3575))
;
#34970=DIRECTION('',(0.,0.,1.));
#34980=DIRECTION('',(0.,1.,0.));
#34990=AXIS2_PLACEMENT_3D('',#34960,#34970,#34980);
#35000=CIRCLE('',#34990,0.1);
#35010=EDGE_CURVE('',#22630,#20900,#35000,.T.);
#35020=ORIENTED_EDGE('',*,*,#35010,.F.);
#35030=ORIENTED_EDGE('',*,*,#20910,.T.);
#35040=ORIENTED_EDGE('',*,*,#20290,.T.);
#35050=ORIENTED_EDGE('',*,*,#22320,.T.);
#35060=ORIENTED_EDGE('',*,*,#24090,.T.);
#35070=ORIENTED_EDGE('',*,*,#31990,.F.);
#35080=CARTESIAN_POINT('',(-1.46478915595122,-0.709445224877575,13.3575)
);
#35090=DIRECTION('',(0.,-1.,0.));
#35100=VECTOR('',#35090,1.);
#35110=LINE('',#35080,#35100);
#35120=EDGE_CURVE('',#23450,#31980,#35110,.T.);
#35130=ORIENTED_EDGE('',*,*,#35120,.T.);
#35140=ORIENTED_EDGE('',*,*,#23460,.T.);
#35150=ORIENTED_EDGE('',*,*,#22000,.T.);
#35160=ORIENTED_EDGE('',*,*,#21560,.T.);
#35170=EDGE_LOOP('',(#35160,#35150,#35140,#35130,#35070,#35060,#35050,
#35040,#35030,#35020,#34950,#34940,#34870,#34790,#34710,#34630,#34620,
#34600,#34590,#34580,#34570));
#35180=FACE_OUTER_BOUND('',#35170,.T.);
#35190=ADVANCED_FACE('',(#35180),#34510,.T.);
#35200=CARTESIAN_POINT('',(-0.26478915595122,-1.19105222487757,13.36));
#35210=DIRECTION('',(1.,0.,0.));
#35220=DIRECTION('',(0.,-1.,0.));
#35230=AXIS2_PLACEMENT_3D('',#35200,#35210,#35220);
#35240=PLANE('',#35230);
#35250=ORIENTED_EDGE('',*,*,#33230,.F.);
#35260=CARTESIAN_POINT('',(-0.26478915595122,1.00894777512243,13.36));
#35270=DIRECTION('',(0.,1.,0.));
#35280=VECTOR('',#35270,1.);
#35290=LINE('',#35260,#35280);
#35300=EDGE_CURVE('',#33140,#17530,#35290,.T.);
#35310=ORIENTED_EDGE('',*,*,#35300,.F.);
#35320=CARTESIAN_POINT('',(-0.26478915595122,-1.19105222487757,13.36));
#35330=DIRECTION('',(0.,0.,1.));
#35340=VECTOR('',#35330,1.);
#35350=LINE('',#35320,#35340);
#35360=EDGE_CURVE('',#17530,#30990,#35350,.T.);
#35370=ORIENTED_EDGE('',*,*,#35360,.F.);
#35380=CARTESIAN_POINT('',(-0.26478915595122,1.00894777512243,13.555));
#35390=DIRECTION('',(0.,-1.,0.));
#35400=VECTOR('',#35390,1.);
#35410=LINE('',#35380,#35400);
#35420=EDGE_CURVE('',#30990,#33220,#35410,.T.);
#35430=ORIENTED_EDGE('',*,*,#35420,.F.);
#35440=EDGE_LOOP('',(#35430,#35370,#35310,#35250));
#35450=FACE_OUTER_BOUND('',#35440,.T.);
#35460=ADVANCED_FACE('',(#35450),#35240,.F.);
#35470=CARTESIAN_POINT('',(-0.464789155951221,-1.52105222487757,31.1575)
);
#35480=DIRECTION('',(1.,0.,0.));
#35490=DIRECTION('',(0.,1.,0.));
#35500=AXIS2_PLACEMENT_3D('',#35470,#35480,#35490);
#35510=PLANE('',#35500);
#35520=ORIENTED_EDGE('',*,*,#17860,.T.);
#35530=CARTESIAN_POINT('',(-0.464789155951221,1.00894777512243,13.3575))
;
#35540=DIRECTION('',(0.,1.,0.));
#35550=VECTOR('',#35540,1.);
#35560=LINE('',#35530,#35550);
#35570=EDGE_CURVE('',#17770,#14390,#35560,.T.);
#35580=ORIENTED_EDGE('',*,*,#35570,.F.);
#35590=CARTESIAN_POINT('',(-0.464789155951221,-1.09105222487758,31.1575)
);
#35600=DIRECTION('',(0.,0.,-1.));
#35610=VECTOR('',#35600,1.);
#35620=LINE('',#35590,#35610);
#35630=EDGE_CURVE('',#14390,#21220,#35620,.T.);
#35640=ORIENTED_EDGE('',*,*,#35630,.F.);
#35650=ORIENTED_EDGE('',*,*,#21230,.T.);
#35660=EDGE_LOOP('',(#35650,#35640,#35580,#35520));
#35670=FACE_OUTER_BOUND('',#35660,.T.);
#35680=ADVANCED_FACE('',(#35670),#35510,.T.);
#35690=CARTESIAN_POINT('',(-1.93233129691944,-4.25656607008731,13.5575))
;
#35700=DIRECTION('',(0.,0.,1.));
#35710=DIRECTION('',(1.,0.,0.));
#35720=AXIS2_PLACEMENT_3D('',#35690,#35700,#35710);
#35730=PLANE('',#35720);
#35740=ORIENTED_EDGE('',*,*,#19630,.F.);
#35750=ORIENTED_EDGE('',*,*,#21700,.T.);
#35760=ORIENTED_EDGE('',*,*,#22140,.T.);
#35770=ORIENTED_EDGE('',*,*,#23610,.F.);
#35780=CARTESIAN_POINT('',(-1.46478915595122,1.00894777512243,13.5575));
#35790=DIRECTION('',(0.,1.,0.));
#35800=VECTOR('',#35790,1.);
#35810=LINE('',#35780,#35800);
#35820=EDGE_CURVE('',#32080,#23530,#35810,.T.);
#35830=ORIENTED_EDGE('',*,*,#35820,.T.);
#35840=ORIENTED_EDGE('',*,*,#32090,.T.);
#35850=ORIENTED_EDGE('',*,*,#24180,.T.);
#35860=ORIENTED_EDGE('',*,*,#22420,.F.);
#35870=ORIENTED_EDGE('',*,*,#20450,.T.);
#35880=ORIENTED_EDGE('',*,*,#21050,.T.);
#35890=CARTESIAN_POINT('',(-1.96478915595122,-4.29105222487757,13.5575))
;
#35900=DIRECTION('',(0.,0.,1.));
#35910=DIRECTION('',(0.,1.,0.));
#35920=AXIS2_PLACEMENT_3D('',#35890,#35900,#35910);
#35930=CIRCLE('',#35920,0.1);
#35940=EDGE_CURVE('',#22810,#20980,#35930,.T.);
#35950=ORIENTED_EDGE('',*,*,#35940,.T.);
#35960=ORIENTED_EDGE('',*,*,#22820,.T.);
#35970=CARTESIAN_POINT('',(-1.96478915595122,-3.99105222487758,13.5575))
;
#35980=DIRECTION('',(0.,0.,1.));
#35990=DIRECTION('',(0.,1.,0.));
#36000=AXIS2_PLACEMENT_3D('',#35970,#35980,#35990);
#36010=CIRCLE('',#36000,0.1);
#36020=CARTESIAN_POINT('',(-2.00593293872784,-3.89990844210096,13.5575))
;
#36030=VERTEX_POINT('',#36020);
#36040=EDGE_CURVE('',#36030,#22730,#36010,.T.);
#36050=ORIENTED_EDGE('',*,*,#36040,.T.);
#36060=CARTESIAN_POINT('',(-0.264789155951206,-3.11392788040986,13.5575)
);
#36070=DIRECTION('',(-0.911437827766148,-0.411437827766147,0.));
#36080=VECTOR('',#36070,1.);
#36090=LINE('',#36060,#36080);
#36100=CARTESIAN_POINT('',(-1.76478915595122,-3.79105222487757,13.5575))
;
#36110=VERTEX_POINT('',#36100);
#36120=EDGE_CURVE('',#36110,#36030,#36090,.T.);
#36130=ORIENTED_EDGE('',*,*,#36120,.T.);
#36140=CARTESIAN_POINT('',(-1.76478915595122,1.00894777512243,13.5575));
#36150=DIRECTION('',(0.,-1.,0.));
#36160=VECTOR('',#36150,1.);
#36170=LINE('',#36140,#36160);
#36180=CARTESIAN_POINT('',(-1.76478915595122,-3.59105222487757,13.5575))
;
#36190=VERTEX_POINT('',#36180);
#36200=EDGE_CURVE('',#36190,#36110,#36170,.T.);
#36210=ORIENTED_EDGE('',*,*,#36200,.T.);
#36220=CARTESIAN_POINT('',(-0.264789155951206,-3.59105222487757,13.5575)
);
#36230=DIRECTION('',(1.,0.,0.));
#36240=VECTOR('',#36230,1.);
#36250=LINE('',#36220,#36240);
#36260=EDGE_CURVE('',#31360,#36190,#36250,.T.);
#36270=ORIENTED_EDGE('',*,*,#36260,.T.);
#36280=ORIENTED_EDGE('',*,*,#31370,.T.);
#36290=EDGE_LOOP('',(#36280,#36270,#36210,#36130,#36050,#35960,#35950,
#35880,#35870,#35860,#35850,#35840,#35830,#35770,#35760,#35750,#35740));
#36300=FACE_OUTER_BOUND('',#36290,.T.);
#36310=ADVANCED_FACE('',(#36300),#35730,.T.);
#36320=CARTESIAN_POINT('',(-2.01478915595122,1.00894777512243,13.36));
#36330=DIRECTION('',(0.,0.,-1.));
#36340=DIRECTION('',(-1.,0.,0.));
#36350=AXIS2_PLACEMENT_3D('',#36320,#36330,#36340);
#36360=PLANE('',#36350);
#36370=ORIENTED_EDGE('',*,*,#33150,.F.);
#36380=ORIENTED_EDGE('',*,*,#17620,.F.);
#36390=ORIENTED_EDGE('',*,*,#35300,.T.);
#36400=EDGE_LOOP('',(#36390,#36380,#36370));
#36410=FACE_OUTER_BOUND('',#36400,.T.);
#36420=ADVANCED_FACE('',(#36410),#36360,.F.);
#36430=CARTESIAN_POINT('',(-0.164789155951266,0.608947775122426,5.7575))
;
#36440=DIRECTION('',(0.,1.,0.));
#36450=DIRECTION('',(-1.,0.,0.));
#36460=AXIS2_PLACEMENT_3D('',#36430,#36440,#36450);
#36470=PLANE('',#36460);
#36480=CARTESIAN_POINT('',(-0.254789155951266,0.608947775122426,9.235));
#36490=DIRECTION('',(0.,0.,-1.));
#36500=VECTOR('',#36490,1.);
#36510=LINE('',#36480,#36500);
#36520=CARTESIAN_POINT('',(-0.254789155951266,0.608947775122426,5.7575))
;
#36530=VERTEX_POINT('',#36520);
#36540=CARTESIAN_POINT('',(-0.254789155951266,0.608947775122426,5.7125))
;
#36550=VERTEX_POINT('',#36540);
#36560=EDGE_CURVE('',#36530,#36550,#36510,.T.);
#36570=ORIENTED_EDGE('',*,*,#36560,.F.);
#36580=CARTESIAN_POINT('',(-0.264789155951266,0.608947775122426,5.7075))
;
#36590=DIRECTION('',(0.894427190999916,0.,0.447213595499958));
#36600=VECTOR('',#36590,1.);
#36610=LINE('',#36580,#36600);
#36620=CARTESIAN_POINT('',(-0.464789155951266,0.608947775122426,
5.60750000000001));
#36630=VERTEX_POINT('',#36620);
#36640=EDGE_CURVE('',#36630,#36550,#36610,.T.);
#36650=ORIENTED_EDGE('',*,*,#36640,.T.);
#36660=CARTESIAN_POINT('',(-0.264789155951266,0.608947775122426,5.5075))
;
#36670=DIRECTION('',(-0.894427190999916,0.,0.447213595499958));
#36680=VECTOR('',#36670,1.);
#36690=LINE('',#36660,#36680);
#36700=CARTESIAN_POINT('',(-0.764789155951266,0.608947775122426,5.7575))
;
#36710=VERTEX_POINT('',#36700);
#36720=EDGE_CURVE('',#36630,#36710,#36690,.T.);
#36730=ORIENTED_EDGE('',*,*,#36720,.F.);
#36740=CARTESIAN_POINT('',(-0.264789155951266,0.608947775122426,5.7575))
;
#36750=DIRECTION('',(1.,0.,0.));
#36760=VECTOR('',#36750,1.);
#36770=LINE('',#36740,#36760);
#36780=EDGE_CURVE('',#36710,#36530,#36770,.T.);
#36790=ORIENTED_EDGE('',*,*,#36780,.F.);
#36800=EDGE_LOOP('',(#36790,#36730,#36650,#36570));
#36810=FACE_OUTER_BOUND('',#36800,.T.);
#36820=ADVANCED_FACE('',(#36810),#36470,.F.);
#36830=ORIENTED_EDGE('',*,*,#24910,.F.);
#36840=ORIENTED_EDGE('',*,*,#27460,.F.);
#36850=ORIENTED_EDGE('',*,*,#14660,.T.);
#36860=ORIENTED_EDGE('',*,*,#33360,.T.);
#36870=ORIENTED_EDGE('',*,*,#31120,.F.);
#36880=ORIENTED_EDGE('',*,*,#16590,.T.);
#36890=EDGE_LOOP('',(#36880,#36870,#36860,#36850,#36840,#36830));
#36900=FACE_OUTER_BOUND('',#36890,.T.);
#36910=ADVANCED_FACE('',(#36900),#35730,.T.);
#36920=CARTESIAN_POINT('',(-1.46478915595122,-3.79105222487757,13.3675))
;
#36930=DIRECTION('',(1.,0.,0.));
#36940=DIRECTION('',(0.,-1.,0.));
#36950=AXIS2_PLACEMENT_3D('',#36920,#36930,#36940);
#36960=PLANE('',#36950);
#36970=ORIENTED_EDGE('',*,*,#35120,.F.);
#36980=ORIENTED_EDGE('',*,*,#32150,.F.);
#36990=ORIENTED_EDGE('',*,*,#35820,.F.);
#37000=ORIENTED_EDGE('',*,*,#23540,.T.);
#37010=EDGE_LOOP('',(#37000,#36990,#36980,#36970));
#37020=FACE_OUTER_BOUND('',#37010,.T.);
#37030=ADVANCED_FACE('',(#37020),#36960,.T.);
#37040=CARTESIAN_POINT('',(-1.71478915595122,-3.59105222487757,13.055));
#37050=DIRECTION('',(0.,1.,0.));
#37060=DIRECTION('',(1.,0.,0.));
#37070=AXIS2_PLACEMENT_3D('',#37040,#37050,#37060);
#37080=PLANE('',#37070);
#37090=CARTESIAN_POINT('',(-2.01478915595122,-3.59105222487757,13.1575))
;
#37100=DIRECTION('',(-1.,0.,0.));
#37110=VECTOR('',#37100,1.);
#37120=LINE('',#37090,#37110);
#37130=EDGE_CURVE('',#30520,#28090,#37120,.T.);
#37140=ORIENTED_EDGE('',*,*,#37130,.F.);
#37150=ORIENTED_EDGE('',*,*,#28100,.F.);
#37160=ORIENTED_EDGE('',*,*,#18780,.T.);
#37170=ORIENTED_EDGE('',*,*,#30590,.T.);
#37180=EDGE_LOOP('',(#37170,#37160,#37150,#37140));
#37190=FACE_OUTER_BOUND('',#37180,.T.);
#37200=ADVANCED_FACE('',(#37190),#37080,.F.);
#37210=CARTESIAN_POINT('',(-0.0647891559512319,-3.34105222487757,12.8675
));
#37220=DIRECTION('',(1.,0.,0.));
#37230=DIRECTION('',(0.,-1.,0.));
#37240=AXIS2_PLACEMENT_3D('',#37210,#37220,#37230);
#37250=PLANE('',#37240);
#37260=CARTESIAN_POINT('',(-0.0647891559512319,-0.709445224877575,
12.8575));
#37270=DIRECTION('',(0.,-1.,0.));
#37280=VECTOR('',#37270,1.);
#37290=LINE('',#37260,#37280);
#37300=CARTESIAN_POINT('',(-0.0647891559512319,-3.39105222487758,12.8575
));
#37310=VERTEX_POINT('',#37300);
#37320=CARTESIAN_POINT('',(-0.0647891559512319,-3.69105222487757,12.8575
));
#37330=VERTEX_POINT('',#37320);
#37340=EDGE_CURVE('',#37310,#37330,#37290,.T.);
#37350=ORIENTED_EDGE('',*,*,#37340,.F.);
#37360=CARTESIAN_POINT('',(-0.0647891559512319,-3.69105222487757,13.0475
));
#37370=DIRECTION('',(0.,0.,1.));
#37380=VECTOR('',#37370,1.);
#37390=LINE('',#37360,#37380);
#37400=CARTESIAN_POINT('',(-0.0647891559512319,-3.69105222487757,13.0575
));
#37410=VERTEX_POINT('',#37400);
#37420=EDGE_CURVE('',#37330,#37410,#37390,.T.);
#37430=ORIENTED_EDGE('',*,*,#37420,.F.);
#37440=CARTESIAN_POINT('',(-0.0647891559512319,1.00894777512243,13.0575)
);
#37450=DIRECTION('',(0.,1.,0.));
#37460=VECTOR('',#37450,1.);
#37470=LINE('',#37440,#37460);
#37480=CARTESIAN_POINT('',(-0.0647891559512319,-3.39105222487758,13.0575
));
#37490=VERTEX_POINT('',#37480);
#37500=EDGE_CURVE('',#37410,#37490,#37470,.T.);
#37510=ORIENTED_EDGE('',*,*,#37500,.F.);
#37520=CARTESIAN_POINT('',(-0.0647891559512319,-3.39105222487758,7.735))
;
#37530=DIRECTION('',(0.,0.,-1.));
#37540=VECTOR('',#37530,1.);
#37550=LINE('',#37520,#37540);
#37560=EDGE_CURVE('',#37490,#37310,#37550,.T.);
#37570=ORIENTED_EDGE('',*,*,#37560,.F.);
#37580=EDGE_LOOP('',(#37570,#37510,#37430,#37350));
#37590=FACE_OUTER_BOUND('',#37580,.T.);
#37600=ADVANCED_FACE('',(#37590),#37250,.T.);
#37610=CARTESIAN_POINT('',(-1.36478915595123,-3.79105222487757,12.8675))
;
#37620=DIRECTION('',(0.,0.,1.));
#37630=DIRECTION('',(0.,1.,0.));
#37640=AXIS2_PLACEMENT_3D('',#37610,#37620,#37630);
#37650=CYLINDRICAL_SURFACE('',#37640,0.1);
#37660=CARTESIAN_POINT('',(-1.36478915595123,-3.79105222487757,12.8575))
;
#37670=DIRECTION('',(0.,0.,1.));
#37680=DIRECTION('',(0.,1.,0.));
#37690=AXIS2_PLACEMENT_3D('',#37660,#37670,#37680);
#37700=CIRCLE('',#37690,0.1);
#37710=CARTESIAN_POINT('',(-1.36478915595123,-3.69105222487757,12.8575))
;
#37720=VERTEX_POINT('',#37710);
#37730=CARTESIAN_POINT('',(-1.46478915595123,-3.79105222487757,12.8575))
;
#37740=VERTEX_POINT('',#37730);
#37750=EDGE_CURVE('',#37720,#37740,#37700,.T.);
#37760=ORIENTED_EDGE('',*,*,#37750,.F.);
#37770=CARTESIAN_POINT('',(-1.46478915595123,-3.79105222487757,13.0475))
;
#37780=DIRECTION('',(0.,0.,1.));
#37790=VECTOR('',#37780,1.);
#37800=LINE('',#37770,#37790);
#37810=CARTESIAN_POINT('',(-1.46478915595123,-3.79105222487757,13.0575))
;
#37820=VERTEX_POINT('',#37810);
#37830=EDGE_CURVE('',#37740,#37820,#37800,.T.);
#37840=ORIENTED_EDGE('',*,*,#37830,.F.);
#37850=CARTESIAN_POINT('',(-1.36478915595123,-3.79105222487757,13.0575))
;
#37860=DIRECTION('',(0.,0.,1.));
#37870=DIRECTION('',(0.,1.,0.));
#37880=AXIS2_PLACEMENT_3D('',#37850,#37860,#37870);
#37890=CIRCLE('',#37880,0.1);
#37900=CARTESIAN_POINT('',(-1.36478915595123,-3.69105222487757,13.0575))
;
#37910=VERTEX_POINT('',#37900);
#37920=EDGE_CURVE('',#37910,#37820,#37890,.T.);
#37930=ORIENTED_EDGE('',*,*,#37920,.T.);
#37940=CARTESIAN_POINT('',(-1.36478915595123,-3.69105222487757,12.8675))
;
#37950=DIRECTION('',(0.,0.,1.));
#37960=VECTOR('',#37950,1.);
#37970=LINE('',#37940,#37960);
#37980=EDGE_CURVE('',#37720,#37910,#37970,.T.);
#37990=ORIENTED_EDGE('',*,*,#37980,.T.);
#38000=EDGE_LOOP('',(#37990,#37930,#37840,#37760));
#38010=FACE_OUTER_BOUND('',#38000,.T.);
#38020=ADVANCED_FACE('',(#38010),#37650,.F.);
#38030=CARTESIAN_POINT('',(-0.464789155951232,-1.29105222487757,12.8675)
);
#38040=DIRECTION('',(0.,0.,1.));
#38050=DIRECTION('',(0.,1.,0.));
#38060=AXIS2_PLACEMENT_3D('',#38030,#38040,#38050);
#38070=CYLINDRICAL_SURFACE('',#38060,0.2);
#38080=CARTESIAN_POINT('',(-0.464789155951232,-1.09105222487757,12.8675)
);
#38090=DIRECTION('',(0.,0.,1.));
#38100=VECTOR('',#38090,1.);
#38110=LINE('',#38080,#38100);
#38120=CARTESIAN_POINT('',(-0.464789155951232,-1.09105222487757,12.8575)
);
#38130=VERTEX_POINT('',#38120);
#38140=EDGE_CURVE('',#38130,#21220,#38110,.T.);
#38150=ORIENTED_EDGE('',*,*,#38140,.T.);
#38160=CARTESIAN_POINT('',(-0.464789155951232,-1.29105222487757,12.8575)
);
#38170=DIRECTION('',(0.,0.,1.));
#38180=DIRECTION('',(0.,1.,0.));
#38190=AXIS2_PLACEMENT_3D('',#38160,#38170,#38180);
#38200=CIRCLE('',#38190,0.2);
#38210=EDGE_CURVE('',#29570,#38130,#38200,.T.);
#38220=ORIENTED_EDGE('',*,*,#38210,.T.);
#38230=ORIENTED_EDGE('',*,*,#29580,.F.);
#38240=ORIENTED_EDGE('',*,*,#21320,.F.);
#38250=EDGE_LOOP('',(#38240,#38230,#38220,#38150));
#38260=FACE_OUTER_BOUND('',#38250,.T.);
#38270=ADVANCED_FACE('',(#38260),#38070,.T.);
#38280=CARTESIAN_POINT('',(-0.0647891559512319,-3.69105222487757,12.8675
));
#38290=DIRECTION('',(0.,-1.,0.));
#38300=DIRECTION('',(-1.,0.,0.));
#38310=AXIS2_PLACEMENT_3D('',#38280,#38290,#38300);
#38320=PLANE('',#38310);
#38330=CARTESIAN_POINT('',(-1.89122415595123,-3.69105222487757,12.8575))
;
#38340=DIRECTION('',(-1.,0.,0.));
#38350=VECTOR('',#38340,1.);
#38360=LINE('',#38330,#38350);
#38370=EDGE_CURVE('',#37330,#37720,#38360,.T.);
#38380=ORIENTED_EDGE('',*,*,#38370,.F.);
#38390=ORIENTED_EDGE('',*,*,#37980,.F.);
#38400=CARTESIAN_POINT('',(-0.264789155951206,-3.69105222487757,13.0575)
);
#38410=DIRECTION('',(1.,0.,0.));
#38420=VECTOR('',#38410,1.);
#38430=LINE('',#38400,#38420);
#38440=EDGE_CURVE('',#37910,#37410,#38430,.T.);
#38450=ORIENTED_EDGE('',*,*,#38440,.F.);
#38460=ORIENTED_EDGE('',*,*,#37420,.T.);
#38470=EDGE_LOOP('',(#38460,#38450,#38390,#38380));
#38480=FACE_OUTER_BOUND('',#38470,.T.);
#38490=ADVANCED_FACE('',(#38480),#38320,.T.);
#38500=CARTESIAN_POINT('',(-2.00593293872784,-3.89990844210096,13.3675))
;
#38510=DIRECTION('',(-0.411437827766147,0.911437827766148,0.));
#38520=DIRECTION('',(0.911437827766148,0.411437827766147,0.));
#38530=AXIS2_PLACEMENT_3D('',#38500,#38510,#38520);
#38540=PLANE('',#38530);
#38550=ORIENTED_EDGE('',*,*,#34860,.F.);
#38560=CARTESIAN_POINT('',(-1.76478915595122,-3.79105222487757,13.3675))
;
#38570=DIRECTION('',(0.,0.,1.));
#38580=VECTOR('',#38570,1.);
#38590=LINE('',#38560,#38580);
#38600=EDGE_CURVE('',#34770,#36110,#38590,.T.);
#38610=ORIENTED_EDGE('',*,*,#38600,.F.);
#38620=ORIENTED_EDGE('',*,*,#36120,.F.);
#38630=CARTESIAN_POINT('',(-2.00593293872784,-3.89990844210096,13.5475))
;
#38640=DIRECTION('',(0.,0.,1.));
#38650=VECTOR('',#38640,1.);
#38660=LINE('',#38630,#38650);
#38670=EDGE_CURVE('',#34850,#36030,#38660,.T.);
#38680=ORIENTED_EDGE('',*,*,#38670,.T.);
#38690=EDGE_LOOP('',(#38680,#38620,#38610,#38550));
#38700=FACE_OUTER_BOUND('',#38690,.T.);
#38710=ADVANCED_FACE('',(#38700),#38540,.T.);
#38720=CARTESIAN_POINT('',(-1.76478915595122,-3.79105222487757,13.3675))
;
#38730=DIRECTION('',(-1.,0.,0.));
#38740=DIRECTION('',(0.,1.,0.));
#38750=AXIS2_PLACEMENT_3D('',#38720,#38730,#38740);
#38760=PLANE('',#38750);
#38770=ORIENTED_EDGE('',*,*,#34780,.F.);
#38780=CARTESIAN_POINT('',(-1.76478915595122,-3.59105222487757,13.3675))
;
#38790=DIRECTION('',(0.,0.,1.));
#38800=VECTOR('',#38790,1.);
#38810=LINE('',#38780,#38800);
#38820=EDGE_CURVE('',#34690,#36190,#38810,.T.);
#38830=ORIENTED_EDGE('',*,*,#38820,.F.);
#38840=ORIENTED_EDGE('',*,*,#36200,.F.);
#38850=ORIENTED_EDGE('',*,*,#38600,.T.);
#38860=EDGE_LOOP('',(#38850,#38840,#38830,#38770));
#38870=FACE_OUTER_BOUND('',#38860,.T.);
#38880=ADVANCED_FACE('',(#38870),#38760,.T.);
#38890=ORIENTED_EDGE('',*,*,#17780,.T.);
#38900=ORIENTED_EDGE('',*,*,#33430,.T.);
#38910=ORIENTED_EDGE('',*,*,#14510,.F.);
#38920=ORIENTED_EDGE('',*,*,#35570,.T.);
#38930=EDGE_LOOP('',(#38920,#38910,#38900,#38890));
#38940=FACE_OUTER_BOUND('',#38930,.T.);
#38950=ADVANCED_FACE('',(#38940),#34510,.T.);
#38960=CARTESIAN_POINT('',(-1.76478915595122,-3.59105222487757,13.3675))
;
#38970=DIRECTION('',(0.,-1.,0.));
#38980=DIRECTION('',(-1.,0.,0.));
#38990=AXIS2_PLACEMENT_3D('',#38960,#38970,#38980);
#39000=PLANE('',#38990);
#39010=ORIENTED_EDGE('',*,*,#34700,.F.);
#39020=ORIENTED_EDGE('',*,*,#31450,.F.);
#39030=ORIENTED_EDGE('',*,*,#36260,.F.);
#39040=ORIENTED_EDGE('',*,*,#38820,.T.);
#39050=EDGE_LOOP('',(#39040,#39030,#39020,#39010));
#39060=FACE_OUTER_BOUND('',#39050,.T.);
#39070=ADVANCED_FACE('',(#39060),#39000,.T.);
#39080=CARTESIAN_POINT('',(-2.01478915595122,1.00894777512243,13.555));
#39090=DIRECTION('',(0.,0.,-1.));
#39100=DIRECTION('',(-1.,0.,0.));
#39110=AXIS2_PLACEMENT_3D('',#39080,#39090,#39100);
#39120=PLANE('',#39110);
#39130=ORIENTED_EDGE('',*,*,#33290,.T.);
#39140=ORIENTED_EDGE('',*,*,#35420,.T.);
#39150=ORIENTED_EDGE('',*,*,#31000,.F.);
#39160=EDGE_LOOP('',(#39150,#39140,#39130));
#39170=FACE_OUTER_BOUND('',#39160,.T.);
#39180=ADVANCED_FACE('',(#39170),#39120,.T.);
#39190=CARTESIAN_POINT('',(-0.146472634088938,-1.0460951421026,5.7575));
#39200=DIRECTION('',(0.,0.,1.));
#39210=DIRECTION('',(1.,0.,0.));
#39220=AXIS2_PLACEMENT_3D('',#39190,#39200,#39210);
#39230=PLANE('',#39220);
#39240=CARTESIAN_POINT('',(-0.464789155951266,-1.29105222487757,5.7575))
;
#39250=DIRECTION('',(0.,0.,1.));
#39260=DIRECTION('',(1.,0.,0.));
#39270=AXIS2_PLACEMENT_3D('',#39240,#39250,#39260);
#39280=CIRCLE('',#39270,0.35);
#39290=CARTESIAN_POINT('',(-0.254789155951266,-1.57105222487757,5.7575))
;
#39300=VERTEX_POINT('',#39290);
#39310=CARTESIAN_POINT('',(-0.114789155951266,-1.29105222487757,5.7575))
;
#39320=VERTEX_POINT('',#39310);
#39330=EDGE_CURVE('',#39300,#39320,#39280,.T.);
#39340=ORIENTED_EDGE('',*,*,#39330,.F.);
#39350=CARTESIAN_POINT('',(-0.114789155951266,1.00894777512243,5.7575));
#39360=DIRECTION('',(0.,1.,0.));
#39370=VECTOR('',#39360,1.);
#39380=LINE('',#39350,#39370);
#39390=CARTESIAN_POINT('',(-0.114789155951266,-0.991052224877575,5.7575)
);
#39400=VERTEX_POINT('',#39390);
#39410=EDGE_CURVE('',#39320,#39400,#39380,.T.);
#39420=ORIENTED_EDGE('',*,*,#39410,.F.);
#39430=CARTESIAN_POINT('',(-0.264789155951266,-0.91410604126888,5.7575))
;
#39440=DIRECTION('',(-0.88976180334717,0.456425167255698,0.));
#39450=VECTOR('',#39440,1.);
#39460=LINE('',#39430,#39450);
#39470=CARTESIAN_POINT('',(-0.254789155951266,-0.919235786842793,5.7575)
);
#39480=VERTEX_POINT('',#39470);
#39490=EDGE_CURVE('',#39400,#39480,#39460,.T.);
#39500=ORIENTED_EDGE('',*,*,#39490,.F.);
#39510=CARTESIAN_POINT('',(-0.254789155951266,1.00894777512243,5.7575));
#39520=DIRECTION('',(0.,-1.,0.));
#39530=VECTOR('',#39520,1.);
#39540=LINE('',#39510,#39530);
#39550=CARTESIAN_POINT('',(-0.254789155951266,-0.0128006408763561,5.7575
));
#39560=VERTEX_POINT('',#39550);
#39570=EDGE_CURVE('',#39560,#39480,#39540,.T.);
#39580=ORIENTED_EDGE('',*,*,#39570,.T.);
#39590=CARTESIAN_POINT('',(0.0732762748823812,1.00894777512243,5.7575));
#39600=DIRECTION('',(-0.305710428815151,-0.952124536871967,0.));
#39610=VECTOR('',#39600,1.);
#39620=LINE('',#39590,#39610);
#39630=CARTESIAN_POINT('',(-0.114789155951266,0.423224507754326,5.7575))
;
#39640=VERTEX_POINT('',#39630);
#39650=EDGE_CURVE('',#39640,#39560,#39620,.T.);
#39660=ORIENTED_EDGE('',*,*,#39650,.T.);
#39670=CARTESIAN_POINT('',(-0.114789155951266,1.00894777512243,5.7575));
#39680=DIRECTION('',(0.,1.,0.));
#39690=VECTOR('',#39680,1.);
#39700=LINE('',#39670,#39690);
#39710=CARTESIAN_POINT('',(-0.114789155951266,-0.341052224877575,5.7575)
);
#39720=VERTEX_POINT('',#39710);
#39730=EDGE_CURVE('',#39720,#39640,#39700,.T.);
#39740=ORIENTED_EDGE('',*,*,#39730,.T.);
#39750=CARTESIAN_POINT('',(-0.264789155951266,-0.341052224877575,5.7575)
);
#39760=DIRECTION('',(-1.,0.,0.));
#39770=VECTOR('',#39760,1.);
#39780=LINE('',#39750,#39770);
#39790=CARTESIAN_POINT('',(0.035210844048734,-0.341052224877575,5.7575))
;
#39800=VERTEX_POINT('',#39790);
#39810=EDGE_CURVE('',#39800,#39720,#39780,.T.);
#39820=ORIENTED_EDGE('',*,*,#39810,.T.);
#39830=CARTESIAN_POINT('',(0.035210844048734,1.00894777512243,5.7575));
#39840=DIRECTION('',(0.,1.,0.));
#39850=VECTOR('',#39840,1.);
#39860=LINE('',#39830,#39850);
#39870=CARTESIAN_POINT('',(0.035210844048734,-1.69105222487758,5.7575));
#39880=VERTEX_POINT('',#39870);
#39890=EDGE_CURVE('',#39880,#39800,#39860,.T.);
#39900=ORIENTED_EDGE('',*,*,#39890,.T.);
#39910=CARTESIAN_POINT('',(-0.264789155951266,-1.69105222487758,5.7575))
;
#39920=DIRECTION('',(1.,0.,0.));
#39930=VECTOR('',#39920,1.);
#39940=LINE('',#39910,#39930);
#39950=CARTESIAN_POINT('',(-0.254789155951266,-1.69105222487758,5.7575))
;
#39960=VERTEX_POINT('',#39950);
#39970=EDGE_CURVE('',#39960,#39880,#39940,.T.);
#39980=ORIENTED_EDGE('',*,*,#39970,.T.);
#39990=EDGE_CURVE('',#39300,#39960,#39540,.T.);
#40000=ORIENTED_EDGE('',*,*,#39990,.T.);
#40010=EDGE_LOOP('',(#40000,#39980,#39900,#39820,#39740,#39660,#39580,
#39500,#39420,#39340));
#40020=FACE_OUTER_BOUND('',#40010,.T.);
#40030=ADVANCED_FACE('',(#40020),#39230,.T.);
#40040=CARTESIAN_POINT('',(-1.71478915595123,-3.34105222487757,12.555));
#40050=DIRECTION('',(1.,0.,0.));
#40060=DIRECTION('',(0.,-1.,0.));
#40070=AXIS2_PLACEMENT_3D('',#40040,#40050,#40060);
#40080=PLANE('',#40070);
#40090=CARTESIAN_POINT('',(-1.71478915595123,1.00894777512243,12.8575));
#40100=DIRECTION('',(0.,-1.,0.));
#40110=VECTOR('',#40100,1.);
#40120=LINE('',#40090,#40110);
#40130=CARTESIAN_POINT('',(-1.71478915595123,-3.39105222487758,12.8575))
;
#40140=VERTEX_POINT('',#40130);
#40150=CARTESIAN_POINT('',(-1.71478915595123,-3.39593027365807,12.8575))
;
#40160=VERTEX_POINT('',#40150);
#40170=EDGE_CURVE('',#40140,#40160,#40120,.T.);
#40180=ORIENTED_EDGE('',*,*,#40170,.F.);
#40190=CARTESIAN_POINT('',(-1.71478915595123,1.00894777512243,15.115));
#40200=DIRECTION('',(0.,0.889933250556876,0.456090790910398));
#40210=VECTOR('',#40200,1.);
#40220=LINE('',#40190,#40210);
#40230=CARTESIAN_POINT('',(-1.71478915595123,-3.59105222487757,12.7575))
;
#40240=VERTEX_POINT('',#40230);
#40250=EDGE_CURVE('',#40240,#40160,#40220,.T.);
#40260=ORIENTED_EDGE('',*,*,#40250,.T.);
#40270=CARTESIAN_POINT('',(-1.71478915595123,-3.59105222487757,12.555));
#40280=DIRECTION('',(0.,0.,1.));
#40290=VECTOR('',#40280,1.);
#40300=LINE('',#40270,#40290);
#40310=CARTESIAN_POINT('',(-1.71478915595123,-3.59105222487757,12.6575))
;
#40320=VERTEX_POINT('',#40310);
#40330=EDGE_CURVE('',#40320,#40240,#40300,.T.);
#40340=ORIENTED_EDGE('',*,*,#40330,.T.);
#40350=CARTESIAN_POINT('',(-1.71478915595123,1.00894777512243,10.3));
#40360=DIRECTION('',(0.,0.889933250556876,-0.456090790910398));
#40370=VECTOR('',#40360,1.);
#40380=LINE('',#40350,#40370);
#40390=CARTESIAN_POINT('',(-1.71478915595123,-3.39593027365807,12.5575))
;
#40400=VERTEX_POINT('',#40390);
#40410=EDGE_CURVE('',#40320,#40400,#40380,.T.);
#40420=ORIENTED_EDGE('',*,*,#40410,.F.);
#40430=CARTESIAN_POINT('',(-1.71478915595123,1.00894777512243,12.5575));
#40440=DIRECTION('',(0.,1.,0.));
#40450=VECTOR('',#40440,1.);
#40460=LINE('',#40430,#40450);
#40470=CARTESIAN_POINT('',(-1.71478915595123,-3.39105222487758,12.5575))
;
#40480=VERTEX_POINT('',#40470);
#40490=EDGE_CURVE('',#40400,#40480,#40460,.T.);
#40500=ORIENTED_EDGE('',*,*,#40490,.F.);
#40510=CARTESIAN_POINT('',(-1.71478915595123,-3.39105222487758,7.735));
#40520=DIRECTION('',(0.,0.,1.));
#40530=VECTOR('',#40520,1.);
#40540=LINE('',#40510,#40530);
#40550=EDGE_CURVE('',#40480,#40140,#40540,.T.);
#40560=ORIENTED_EDGE('',*,*,#40550,.F.);
#40570=EDGE_LOOP('',(#40560,#40500,#40420,#40340,#40260,#40180));
#40580=FACE_OUTER_BOUND('',#40570,.T.);
#40590=ADVANCED_FACE('',(#40580),#40080,.F.);
#40600=CARTESIAN_POINT('',(-1.96478915595122,-4.29105222487757,13.3675))
;
#40610=DIRECTION('',(0.,0.,1.));
#40620=DIRECTION('',(0.,1.,0.));
#40630=AXIS2_PLACEMENT_3D('',#40600,#40610,#40620);
#40640=CYLINDRICAL_SURFACE('',#40630,0.1);
#40650=ORIENTED_EDGE('',*,*,#35010,.T.);
#40660=ORIENTED_EDGE('',*,*,#22880,.F.);
#40670=ORIENTED_EDGE('',*,*,#35940,.F.);
#40680=ORIENTED_EDGE('',*,*,#20990,.T.);
#40690=EDGE_LOOP('',(#40680,#40670,#40660,#40650));
#40700=FACE_OUTER_BOUND('',#40690,.T.);
#40710=ADVANCED_FACE('',(#40700),#40640,.T.);
#40720=CARTESIAN_POINT('',(-0.98978915595122,-3.49105222487758,13.10625)
);
#40730=DIRECTION('',(0.,-0.456090790910398,-0.889933250556876));
#40740=DIRECTION('',(0.,-0.889933250556876,0.456090790910398));
#40750=AXIS2_PLACEMENT_3D('',#40720,#40730,#40740);
#40760=PLANE('',#40750);
#40770=CARTESIAN_POINT('',(-0.264789155951195,-3.39593027365807,13.0575)
);
#40780=DIRECTION('',(1.,0.,0.));
#40790=VECTOR('',#40780,1.);
#40800=LINE('',#40770,#40790);
#40810=EDGE_CURVE('',#28170,#30440,#40800,.T.);
#40820=ORIENTED_EDGE('',*,*,#40810,.T.);
#40830=ORIENTED_EDGE('',*,*,#28180,.T.);
#40840=ORIENTED_EDGE('',*,*,#37130,.T.);
#40850=ORIENTED_EDGE('',*,*,#30530,.T.);
#40860=EDGE_LOOP('',(#40850,#40840,#40830,#40820));
#40870=FACE_OUTER_BOUND('',#40860,.T.);
#40880=ADVANCED_FACE('',(#40870),#40760,.T.);
#40890=CARTESIAN_POINT('',(-1.96478915595122,-3.99105222487758,13.3675))
;
#40900=DIRECTION('',(0.,0.,1.));
#40910=DIRECTION('',(0.,1.,0.));
#40920=AXIS2_PLACEMENT_3D('',#40890,#40900,#40910);
#40930=CYLINDRICAL_SURFACE('',#40920,0.1);
#40940=ORIENTED_EDGE('',*,*,#34930,.T.);
#40950=ORIENTED_EDGE('',*,*,#38670,.F.);
#40960=ORIENTED_EDGE('',*,*,#36040,.F.);
#40970=ORIENTED_EDGE('',*,*,#22740,.T.);
#40980=EDGE_LOOP('',(#40970,#40960,#40950,#40940));
#40990=FACE_OUTER_BOUND('',#40980,.T.);
#41000=ADVANCED_FACE('',(#40990),#40930,.T.);
#41010=CARTESIAN_POINT('',(-0.314789155951266,0.808947775122426,5.6825))
;
#41020=DIRECTION('',(-0.447213595499958,0.,0.894427190999916));
#41030=DIRECTION('',(0.894427190999916,0.,0.447213595499958));
#41040=AXIS2_PLACEMENT_3D('',#41010,#41020,#41030);
#41050=PLANE('',#41040);
#41060=CARTESIAN_POINT('',(-0.464789155951266,-3.37105222487757,
5.60750000000001));
#41070=DIRECTION('',(0.,1.,0.));
#41080=VECTOR('',#41070,1.);
#41090=LINE('',#41060,#41080);
#41100=CARTESIAN_POINT('',(-0.464789155951266,1.00894777512243,
5.60750000000001));
#41110=VERTEX_POINT('',#41100);
#41120=EDGE_CURVE('',#36630,#41110,#41090,.T.);
#41130=ORIENTED_EDGE('',*,*,#41120,.T.);
#41140=ORIENTED_EDGE('',*,*,#36640,.F.);
#41150=CARTESIAN_POINT('',(-0.254789155951266,1.00894777512243,5.7125));
#41160=DIRECTION('',(0.,1.,0.));
#41170=VECTOR('',#41160,1.);
#41180=LINE('',#41150,#41170);
#41190=CARTESIAN_POINT('',(-0.254789155951266,1.00894777512243,5.7125));
#41200=VERTEX_POINT('',#41190);
#41210=EDGE_CURVE('',#36550,#41200,#41180,.T.);
#41220=ORIENTED_EDGE('',*,*,#41210,.F.);
#41230=CARTESIAN_POINT('',(-0.264789155951266,1.00894777512243,5.7075));
#41240=DIRECTION('',(-0.894427190999916,0.,-0.447213595499958));
#41250=VECTOR('',#41240,1.);
#41260=LINE('',#41230,#41250);
#41270=EDGE_CURVE('',#41200,#41110,#41260,.T.);
#41280=ORIENTED_EDGE('',*,*,#41270,.F.);
#41290=EDGE_LOOP('',(#41280,#41220,#41140,#41130));
#41300=FACE_OUTER_BOUND('',#41290,.T.);
#41310=ADVANCED_FACE('',(#41300),#41050,.F.);
#41320=CARTESIAN_POINT('',(-1.11478915595127,1.30894777512243,6.4225));
#41330=DIRECTION('',(0.,0.,-1.));
#41340=DIRECTION('',(0.,1.,0.));
#41350=AXIS2_PLACEMENT_3D('',#41320,#41330,#41340);
#41360=PLANE('',#41350);
#41370=ORIENTED_EDGE('',*,*,#32850,.T.);
#41380=CARTESIAN_POINT('',(-0.264789155951266,1.10894777512243,6.4225));
#41390=DIRECTION('',(-1.,0.,0.));
#41400=VECTOR('',#41390,1.);
#41410=LINE('',#41380,#41400);
#41420=CARTESIAN_POINT('',(-1.11478915595127,1.10894777512243,6.4225));
#41430=VERTEX_POINT('',#41420);
#41440=EDGE_CURVE('',#32800,#41430,#41410,.T.);
#41450=ORIENTED_EDGE('',*,*,#41440,.F.);
#41460=CARTESIAN_POINT('',(-1.11478915595127,1.00894777512243,6.4225));
#41470=DIRECTION('',(0.,1.,0.));
#41480=VECTOR('',#41470,1.);
#41490=LINE('',#41460,#41480);
#41500=CARTESIAN_POINT('',(-1.11478915595127,1.30894777512243,6.4225));
#41510=VERTEX_POINT('',#41500);
#41520=EDGE_CURVE('',#41430,#41510,#41490,.T.);
#41530=ORIENTED_EDGE('',*,*,#41520,.F.);
#41540=CARTESIAN_POINT('',(-1.11478915595127,1.30894777512243,6.4225));
#41550=DIRECTION('',(-1.,0.,0.));
#41560=VECTOR('',#41550,1.);
#41570=LINE('',#41540,#41560);
#41580=CARTESIAN_POINT('',(-1.81478915595127,1.30894777512243,6.4225));
#41590=VERTEX_POINT('',#41580);
#41600=EDGE_CURVE('',#41510,#41590,#41570,.T.);
#41610=ORIENTED_EDGE('',*,*,#41600,.F.);
#41620=CARTESIAN_POINT('',(-1.81478915595127,2.00894777512243,6.4225));
#41630=DIRECTION('',(0.,-1.,0.));
#41640=VECTOR('',#41630,1.);
#41650=LINE('',#41620,#41640);
#41660=EDGE_CURVE('',#34080,#41590,#41650,.T.);
#41670=ORIENTED_EDGE('',*,*,#41660,.T.);
#41680=ORIENTED_EDGE('',*,*,#34090,.T.);
#41690=EDGE_LOOP('',(#41680,#41670,#41610,#41530,#41450,#41370));
#41700=FACE_OUTER_BOUND('',#41690,.T.);
#41710=ADVANCED_FACE('',(#41700),#41360,.F.);
#41720=CARTESIAN_POINT('',(-2.01478915595127,-0.791052224877575,6.3075))
;
#41730=DIRECTION('',(0.,1.,0.));
#41740=DIRECTION('',(-1.,0.,0.));
#41750=AXIS2_PLACEMENT_3D('',#41720,#41730,#41740);
#41760=PLANE('',#41750);
#41770=CARTESIAN_POINT('',(-0.264789155951266,-0.791052224877575,6.38));
#41780=DIRECTION('',(-1.,0.,0.));
#41790=VECTOR('',#41780,1.);
#41800=LINE('',#41770,#41790);
#41810=CARTESIAN_POINT('',(-0.814789155951266,-0.791052224877575,6.38));
#41820=VERTEX_POINT('',#41810);
#41830=CARTESIAN_POINT('',(-0.972289155951269,-0.791052224877575,6.38));
#41840=VERTEX_POINT('',#41830);
#41850=EDGE_CURVE('',#41820,#41840,#41800,.T.);
#41860=ORIENTED_EDGE('',*,*,#41850,.F.);
#41870=CARTESIAN_POINT('',(-0.814789155951266,-0.791052224877575,6.2225)
);
#41880=DIRECTION('',(-0.707106781186547,0.,0.707106781186548));
#41890=VECTOR('',#41880,1.);
#41900=LINE('',#41870,#41890);
#41910=CARTESIAN_POINT('',(-0.814789155951266,-0.791052224877575,6.2225)
);
#41920=VERTEX_POINT('',#41910);
#41930=EDGE_CURVE('',#41920,#41840,#41900,.T.);
#41940=ORIENTED_EDGE('',*,*,#41930,.T.);
#41950=CARTESIAN_POINT('',(-0.814789155951266,-0.791052224877575,9.235))
;
#41960=DIRECTION('',(0.,0.,-1.));
#41970=VECTOR('',#41960,1.);
#41980=LINE('',#41950,#41970);
#41990=EDGE_CURVE('',#41820,#41920,#41980,.T.);
#42000=ORIENTED_EDGE('',*,*,#41990,.T.);
#42010=EDGE_LOOP('',(#42000,#41940,#41860));
#42020=FACE_OUTER_BOUND('',#42010,.T.);
#42030=ADVANCED_FACE('',(#42020),#41760,.T.);
#42040=CARTESIAN_POINT('',(-0.464789155951266,1.60894777512243,4.2575));
#42050=DIRECTION('',(0.,0.,-1.));
#42060=DIRECTION('',(1.,0.,0.));
#42070=AXIS2_PLACEMENT_3D('',#42040,#42050,#42060);
#42080=CYLINDRICAL_SURFACE('',#42070,0.4);
#42090=CARTESIAN_POINT('',(-0.464789155951266,1.60894777512243,
5.35750000000001));
#42100=DIRECTION('',(0.,0.,1.));
#42110=DIRECTION('',(1.,0.,0.));
#42120=AXIS2_PLACEMENT_3D('',#42090,#42100,#42110);
#42130=CIRCLE('',#42120,0.4);
#42140=CARTESIAN_POINT('',(-0.0647891559512658,1.60894777512243,
5.35750000000001));
#42150=VERTEX_POINT('',#42140);
#42160=EDGE_CURVE('',#42150,#34240,#42130,.T.);
#42170=ORIENTED_EDGE('',*,*,#42160,.T.);
#42180=CARTESIAN_POINT('',(-0.0647891559512658,1.60894777512243,4.2575))
;
#42190=DIRECTION('',(0.,0.,-1.));
#42200=VECTOR('',#42190,1.);
#42210=LINE('',#42180,#42200);
#42220=EDGE_CURVE('',#3550,#42150,#42210,.T.);
#42230=ORIENTED_EDGE('',*,*,#42220,.T.);
#42240=ORIENTED_EDGE('',*,*,#3580,.F.);
#42250=ORIENTED_EDGE('',*,*,#34310,.F.);
#42260=EDGE_LOOP('',(#42250,#42240,#42230,#42170));
#42270=FACE_OUTER_BOUND('',#42260,.T.);
#42280=ADVANCED_FACE('',(#42270),#42080,.T.);
#42290=CARTESIAN_POINT('',(-0.264789155951232,-3.59105222487757,12.555))
;
#42300=DIRECTION('',(-1.,0.,0.));
#42310=DIRECTION('',(0.,1.,0.));
#42320=AXIS2_PLACEMENT_3D('',#42290,#42300,#42310);
#42330=PLANE('',#42320);
#42340=CARTESIAN_POINT('',(-0.264789155951232,1.00894777512243,12.5575))
;
#42350=DIRECTION('',(0.,-1.,0.));
#42360=VECTOR('',#42350,1.);
#42370=LINE('',#42340,#42360);
#42380=CARTESIAN_POINT('',(-0.264789155951232,-3.39105222487758,12.5575)
);
#42390=VERTEX_POINT('',#42380);
#42400=CARTESIAN_POINT('',(-0.264789155951232,-3.39593027365807,12.5575)
);
#42410=VERTEX_POINT('',#42400);
#42420=EDGE_CURVE('',#42390,#42410,#42370,.T.);
#42430=ORIENTED_EDGE('',*,*,#42420,.F.);
#42440=CARTESIAN_POINT('',(-0.264789155951232,1.00894777512243,10.3));
#42450=DIRECTION('',(0.,-0.889933250556876,0.456090790910398));
#42460=VECTOR('',#42450,1.);
#42470=LINE('',#42440,#42460);
#42480=CARTESIAN_POINT('',(-0.264789155951232,-3.59105222487757,12.6575)
);
#42490=VERTEX_POINT('',#42480);
#42500=EDGE_CURVE('',#42410,#42490,#42470,.T.);
#42510=ORIENTED_EDGE('',*,*,#42500,.F.);
#42520=CARTESIAN_POINT('',(-0.264789155951232,-3.59105222487757,12.555))
;
#42530=DIRECTION('',(0.,0.,1.));
#42540=VECTOR('',#42530,1.);
#42550=LINE('',#42520,#42540);
#42560=CARTESIAN_POINT('',(-0.264789155951232,-3.59105222487757,12.7575)
);
#42570=VERTEX_POINT('',#42560);
#42580=EDGE_CURVE('',#42490,#42570,#42550,.T.);
#42590=ORIENTED_EDGE('',*,*,#42580,.F.);
#42600=CARTESIAN_POINT('',(-0.264789155951232,1.00894777512243,15.115));
#42610=DIRECTION('',(0.,-0.889933250556876,-0.456090790910398));
#42620=VECTOR('',#42610,1.);
#42630=LINE('',#42600,#42620);
#42640=CARTESIAN_POINT('',(-0.264789155951232,-3.39593027365807,12.8575)
);
#42650=VERTEX_POINT('',#42640);
#42660=EDGE_CURVE('',#42650,#42570,#42630,.T.);
#42670=ORIENTED_EDGE('',*,*,#42660,.T.);
#42680=CARTESIAN_POINT('',(-0.264789155951232,1.00894777512243,12.8575))
;
#42690=DIRECTION('',(0.,1.,0.));
#42700=VECTOR('',#42690,1.);
#42710=LINE('',#42680,#42700);
#42720=CARTESIAN_POINT('',(-0.264789155951232,-3.39105222487758,12.8575)
);
#42730=VERTEX_POINT('',#42720);
#42740=EDGE_CURVE('',#42650,#42730,#42710,.T.);
#42750=ORIENTED_EDGE('',*,*,#42740,.F.);
#42760=CARTESIAN_POINT('',(-0.264789155951232,-3.39105222487758,7.735));
#42770=DIRECTION('',(0.,0.,-1.));
#42780=VECTOR('',#42770,1.);
#42790=LINE('',#42760,#42780);
#42800=EDGE_CURVE('',#42730,#42390,#42790,.T.);
#42810=ORIENTED_EDGE('',*,*,#42800,.F.);
#42820=EDGE_LOOP('',(#42810,#42750,#42670,#42590,#42510,#42430));
#42830=FACE_OUTER_BOUND('',#42820,.T.);
#42840=ADVANCED_FACE('',(#42830),#42330,.F.);
#42850=CARTESIAN_POINT('',(-1.46478915595124,-0.663779497604847,21.5575)
);
#42860=DIRECTION('',(-1.,0.,0.));
#42870=DIRECTION('',(0.,1.,0.));
#42880=AXIS2_PLACEMENT_3D('',#42850,#42860,#42870);
#42890=PLANE('',#42880);
#42900=ORIENTED_EDGE('',*,*,#31760,.T.);
#42910=ORIENTED_EDGE('',*,*,#2830,.T.);
#42920=ORIENTED_EDGE('',*,*,#1700,.T.);
#42930=CARTESIAN_POINT('',(-1.46478915595122,1.00894777512243,-3.265));
#42940=DIRECTION('',(0.,0.,1.));
#42950=VECTOR('',#42940,1.);
#42960=LINE('',#42930,#42950);
#42970=CARTESIAN_POINT('',(-1.46478915595127,1.00894777512243,6.2225));
#42980=VERTEX_POINT('',#42970);
#42990=EDGE_CURVE('',#42980,#1630,#42960,.T.);
#43000=ORIENTED_EDGE('',*,*,#42990,.T.);
#43010=CARTESIAN_POINT('',(-1.46478915595127,1.00894777512243,6.2225));
#43020=DIRECTION('',(0.,-0.707106781186548,0.707106781186547));
#43030=VECTOR('',#43020,1.);
#43040=LINE('',#43010,#43030);
#43050=CARTESIAN_POINT('',(-1.46478915595127,0.808947775122425,6.4225));
#43060=VERTEX_POINT('',#43050);
#43070=EDGE_CURVE('',#42980,#43060,#43040,.T.);
#43080=ORIENTED_EDGE('',*,*,#43070,.F.);
#43090=CARTESIAN_POINT('',(-1.46478915595127,1.00894777512243,6.4225));
#43100=DIRECTION('',(0.,-1.,0.));
#43110=VECTOR('',#43100,1.);
#43120=LINE('',#43090,#43110);
#43130=EDGE_CURVE('',#43060,#31750,#43120,.T.);
#43140=ORIENTED_EDGE('',*,*,#43130,.F.);
#43150=EDGE_LOOP('',(#43140,#43080,#43000,#42920,#42910,#42900));
#43160=FACE_OUTER_BOUND('',#43150,.T.);
#43170=ADVANCED_FACE('',(#43160),#42890,.F.);
#43180=CARTESIAN_POINT('',(-0.704789155951266,0.333947775122425,5.6075))
;
#43190=DIRECTION('',(0.832050294337844,0.,0.554700196225229));
#43200=DIRECTION('',(-0.554700196225229,0.,0.832050294337844));
#43210=AXIS2_PLACEMENT_3D('',#43180,#43190,#43200);
#43220=PLANE('',#43210);
#43230=ORIENTED_EDGE('',*,*,#33780,.F.);
#43240=CARTESIAN_POINT('',(-0.154789155951266,1.00894777512243,4.7825));
#43250=DIRECTION('',(-0.285714285714286,-0.857142857142857,
0.428571428571429));
#43260=VECTOR('',#43250,1.);
#43270=LINE('',#43240,#43260);
#43280=CARTESIAN_POINT('',(-0.804789155951266,-0.941052224877578,5.7575)
);
#43290=VERTEX_POINT('',#43280);
#43300=EDGE_CURVE('',#33690,#43290,#43270,.T.);
#43310=ORIENTED_EDGE('',*,*,#43300,.F.);
#43320=CARTESIAN_POINT('',(-0.804789155951267,1.00894777512243,5.7575));
#43330=DIRECTION('',(0.,1.,0.));
#43340=VECTOR('',#43330,1.);
#43350=LINE('',#43320,#43340);
#43360=CARTESIAN_POINT('',(-0.804789155951267,1.00894777512243,5.7575));
#43370=VERTEX_POINT('',#43360);
#43380=EDGE_CURVE('',#43290,#43370,#43350,.T.);
#43390=ORIENTED_EDGE('',*,*,#43380,.F.);
#43400=CARTESIAN_POINT('',(-0.404789155951266,1.00894777512243,5.1575));
#43410=DIRECTION('',(0.554700196225229,0.,-0.832050294337844));
#43420=VECTOR('',#43410,1.);
#43430=LINE('',#43400,#43420);
#43440=EDGE_CURVE('',#43370,#33770,#43430,.T.);
#43450=ORIENTED_EDGE('',*,*,#43440,.F.);
#43460=EDGE_LOOP('',(#43450,#43390,#43310,#43230));
#43470=FACE_OUTER_BOUND('',#43460,.T.);
#43480=ADVANCED_FACE('',(#43470),#43220,.T.);
#43490=CARTESIAN_POINT('',(-0.529789155951266,-0.641052224877575,5.6075)
);
#43500=DIRECTION('',(0.,-0.447213595499958,-0.894427190999916));
#43510=DIRECTION('',(0.,-0.894427190999916,0.447213595499958));
#43520=AXIS2_PLACEMENT_3D('',#43490,#43500,#43510);
#43530=PLANE('',#43520);
#43540=ORIENTED_EDGE('',*,*,#33700,.T.);
#43550=CARTESIAN_POINT('',(-0.254789155951266,1.00894777512243,4.7825));
#43560=DIRECTION('',(0.,0.894427190999916,-0.447213595499958));
#43570=VECTOR('',#43560,1.);
#43580=LINE('',#43550,#43570);
#43590=CARTESIAN_POINT('',(-0.254789155951266,-0.941052224877574,5.7575)
);
#43600=VERTEX_POINT('',#43590);
#43610=EDGE_CURVE('',#43600,#33610,#43580,.T.);
#43620=ORIENTED_EDGE('',*,*,#43610,.T.);
#43630=CARTESIAN_POINT('',(-0.264789155951266,-0.941052224877578,5.7575)
);
#43640=DIRECTION('',(1.,0.,0.));
#43650=VECTOR('',#43640,1.);
#43660=LINE('',#43630,#43650);
#43670=EDGE_CURVE('',#43290,#43600,#43660,.T.);
#43680=ORIENTED_EDGE('',*,*,#43670,.T.);
#43690=ORIENTED_EDGE('',*,*,#43300,.T.);
#43700=EDGE_LOOP('',(#43690,#43680,#43620,#43540));
#43710=FACE_OUTER_BOUND('',#43700,.T.);
#43720=ADVANCED_FACE('',(#43710),#43530,.F.);
#43730=CARTESIAN_POINT('',(-0.264789155951266,-3.37105222487757,6.9575))
;
#43740=DIRECTION('',(0.,0.,1.));
#43750=DIRECTION('',(1.,0.,0.));
#43760=AXIS2_PLACEMENT_3D('',#43730,#43740,#43750);
#43770=PLANE('',#43760);
#43780=ORIENTED_EDGE('',*,*,#32990,.T.);
#43790=ORIENTED_EDGE('',*,*,#34000,.F.);
#43800=CARTESIAN_POINT('',(-0.739685876612312,1.80894777512243,6.9575));
#43810=DIRECTION('',(0.,0.,1.));
#43820=DIRECTION('',(0.,1.,0.));
#43830=AXIS2_PLACEMENT_3D('',#43800,#43810,#43820);
#43840=CIRCLE('',#43830,0.2);
#43850=CARTESIAN_POINT('',(-0.937931456748839,1.83538051914063,6.9575));
#43860=VERTEX_POINT('',#43850);
#43870=EDGE_CURVE('',#33990,#43860,#43840,.T.);
#43880=ORIENTED_EDGE('',*,*,#43870,.F.);
#43890=CARTESIAN_POINT('',(-1.6321224892846,-3.37105222487757,6.9575));
#43900=DIRECTION('',(-0.132163720091018,-0.991227900682635,0.));
#43910=VECTOR('',#43900,1.);
#43920=LINE('',#43890,#43910);
#43930=EDGE_CURVE('',#43860,#32300,#43920,.T.);
#43940=ORIENTED_EDGE('',*,*,#43930,.F.);
#43950=EDGE_LOOP('',(#43940,#43880,#43790,#43780));
#43960=FACE_OUTER_BOUND('',#43950,.T.);
#43970=ADVANCED_FACE('',(#43960),#43770,.T.);
#43980=CARTESIAN_POINT('',(-0.44011229673397,-2.19517762655054,12.5575))
;
#43990=DIRECTION('',(0.,0.,1.));
#44000=DIRECTION('',(0.,1.,0.));
#44010=AXIS2_PLACEMENT_3D('',#43980,#43990,#44000);
#44020=PLANE('',#44010);
#44030=CARTESIAN_POINT('',(-0.264789155951195,-1.19105222487757,12.5575)
);
#44040=DIRECTION('',(1.,0.,0.));
#44050=VECTOR('',#44040,1.);
#44060=LINE('',#44030,#44050);
#44070=CARTESIAN_POINT('',(-0.464789155951232,-1.19105222487757,12.5575)
);
#44080=VERTEX_POINT('',#44070);
#44090=CARTESIAN_POINT('',(-0.322524182870228,-1.19105222487757,12.5575)
);
#44100=VERTEX_POINT('',#44090);
#44110=EDGE_CURVE('',#44080,#44100,#44060,.T.);
#44120=ORIENTED_EDGE('',*,*,#44110,.T.);
#44130=CARTESIAN_POINT('',(-0.464789155951232,1.00894777512243,12.5575))
;
#44140=DIRECTION('',(0.,1.,0.));
#44150=VECTOR('',#44140,1.);
#44160=LINE('',#44130,#44150);
#44170=CARTESIAN_POINT('',(-0.464789155951266,-1.09105222487757,12.5575)
);
#44180=VERTEX_POINT('',#44170);
#44190=EDGE_CURVE('',#44080,#44180,#44160,.T.);
#44200=ORIENTED_EDGE('',*,*,#44190,.F.);
#44210=CARTESIAN_POINT('',(-0.464789155951266,-1.29105222487757,12.5575)
);
#44220=DIRECTION('',(0.,0.,1.));
#44230=DIRECTION('',(0.,1.,0.));
#44240=AXIS2_PLACEMENT_3D('',#44210,#44220,#44230);
#44250=CIRCLE('',#44240,0.2);
#44260=CARTESIAN_POINT('',(-0.364789155951266,-1.11784714412069,12.5575)
);
#44270=VERTEX_POINT('',#44260);
#44280=EDGE_CURVE('',#44270,#44180,#44250,.T.);
#44290=ORIENTED_EDGE('',*,*,#44280,.T.);
#44300=CARTESIAN_POINT('',(-1.5926947750874,1.00894777512243,12.5575));
#44310=DIRECTION('',(-0.5,0.866025403784439,0.));
#44320=VECTOR('',#44310,1.);
#44330=LINE('',#44300,#44320);
#44340=EDGE_CURVE('',#44100,#44270,#44330,.T.);
#44350=ORIENTED_EDGE('',*,*,#44340,.T.);
#44360=EDGE_LOOP('',(#44350,#44290,#44200,#44120));
#44370=FACE_OUTER_BOUND('',#44360,.T.);
#44380=ADVANCED_FACE('',(#44370),#44020,.T.);
#44390=CARTESIAN_POINT('',(-0.614789155951266,0.808947775122426,5.6825))
;
#44400=DIRECTION('',(-0.447213595499958,0.,-0.894427190999916));
#44410=DIRECTION('',(-0.894427190999916,0.,0.447213595499958));
#44420=AXIS2_PLACEMENT_3D('',#44390,#44400,#44410);
#44430=PLANE('',#44420);
#44440=ORIENTED_EDGE('',*,*,#41120,.F.);
#44450=CARTESIAN_POINT('',(-0.264789155951266,1.00894777512243,5.5075));
#44460=DIRECTION('',(0.894427190999916,0.,-0.447213595499958));
#44470=VECTOR('',#44460,1.);
#44480=LINE('',#44450,#44470);
#44490=CARTESIAN_POINT('',(-0.764789155951266,1.00894777512243,5.7575));
#44500=VERTEX_POINT('',#44490);
#44510=EDGE_CURVE('',#44500,#41110,#44480,.T.);
#44520=ORIENTED_EDGE('',*,*,#44510,.T.);
#44530=CARTESIAN_POINT('',(-0.764789155951266,-3.37105222487757,5.7575))
;
#44540=DIRECTION('',(0.,-1.,0.));
#44550=VECTOR('',#44540,1.);
#44560=LINE('',#44530,#44550);
#44570=EDGE_CURVE('',#44500,#36710,#44560,.T.);
#44580=ORIENTED_EDGE('',*,*,#44570,.F.);
#44590=ORIENTED_EDGE('',*,*,#36720,.T.);
#44600=EDGE_LOOP('',(#44590,#44580,#44520,#44440));
#44610=FACE_OUTER_BOUND('',#44600,.T.);
#44620=ADVANCED_FACE('',(#44610),#44430,.T.);
#44630=CARTESIAN_POINT('',(-1.71478915595123,-3.59105222487757,12.555));
#44640=DIRECTION('',(0.,1.,0.));
#44650=DIRECTION('',(1.,0.,0.));
#44660=AXIS2_PLACEMENT_3D('',#44630,#44640,#44650);
#44670=PLANE('',#44660);
#44680=CARTESIAN_POINT('',(-2.01478915595123,-3.59105222487757,12.6575))
;
#44690=DIRECTION('',(-1.,0.,0.));
#44700=VECTOR('',#44690,1.);
#44710=LINE('',#44680,#44700);
#44720=EDGE_CURVE('',#42490,#40320,#44710,.T.);
#44730=ORIENTED_EDGE('',*,*,#44720,.F.);
#44740=ORIENTED_EDGE('',*,*,#40330,.F.);
#44750=CARTESIAN_POINT('',(-2.01478915595123,-3.59105222487757,12.7575))
;
#44760=DIRECTION('',(-1.,0.,0.));
#44770=VECTOR('',#44760,1.);
#44780=LINE('',#44750,#44770);
#44790=EDGE_CURVE('',#42570,#40240,#44780,.T.);
#44800=ORIENTED_EDGE('',*,*,#44790,.T.);
#44810=ORIENTED_EDGE('',*,*,#42580,.T.);
#44820=EDGE_LOOP('',(#44810,#44800,#44740,#44730));
#44830=FACE_OUTER_BOUND('',#44820,.T.);
#44840=ADVANCED_FACE('',(#44830),#44670,.F.);
#44850=CARTESIAN_POINT('',(-1.45941818394725,-1.06738394494655,12.8575))
;
#44860=DIRECTION('',(0.,0.,-1.));
#44870=DIRECTION('',(-1.,0.,0.));
#44880=AXIS2_PLACEMENT_3D('',#44850,#44860,#44870);
#44890=PLANE('',#44880);
#44900=CARTESIAN_POINT('',(-0.264789155951232,-1.19105222487757,12.8575)
);
#44910=DIRECTION('',(-1.,0.,0.));
#44920=VECTOR('',#44910,1.);
#44930=LINE('',#44900,#44920);
#44940=CARTESIAN_POINT('',(-0.464789155951232,-1.19105222487757,12.8575)
);
#44950=VERTEX_POINT('',#44940);
#44960=EDGE_CURVE('',#29650,#44950,#44930,.T.);
#44970=ORIENTED_EDGE('',*,*,#44960,.T.);
#44980=ORIENTED_EDGE('',*,*,#29660,.T.);
#44990=ORIENTED_EDGE('',*,*,#38210,.F.);
#45000=CARTESIAN_POINT('',(-0.464789155951232,1.00894777512243,12.8575))
;
#45010=DIRECTION('',(0.,1.,0.));
#45020=VECTOR('',#45010,1.);
#45030=LINE('',#45000,#45020);
#45040=EDGE_CURVE('',#44950,#38130,#45030,.T.);
#45050=ORIENTED_EDGE('',*,*,#45040,.T.);
#45060=EDGE_LOOP('',(#45050,#44990,#44980,#44970));
#45070=FACE_OUTER_BOUND('',#45060,.T.);
#45080=ADVANCED_FACE('',(#45070),#44890,.T.);
#45090=CARTESIAN_POINT('',(-0.989789155951232,-3.49105222487758,12.60625
));
#45100=DIRECTION('',(0.,-0.456090790910398,-0.889933250556876));
#45110=DIRECTION('',(0.,-0.889933250556876,0.456090790910398));
#45120=AXIS2_PLACEMENT_3D('',#45090,#45100,#45110);
#45130=PLANE('',#45120);
#45140=CARTESIAN_POINT('',(-0.264789155951195,-3.39593027365807,12.5575)
);
#45150=DIRECTION('',(1.,0.,0.));
#45160=VECTOR('',#45150,1.);
#45170=LINE('',#45140,#45160);
#45180=EDGE_CURVE('',#40400,#42410,#45170,.T.);
#45190=ORIENTED_EDGE('',*,*,#45180,.T.);
#45200=ORIENTED_EDGE('',*,*,#40410,.T.);
#45210=ORIENTED_EDGE('',*,*,#44720,.T.);
#45220=ORIENTED_EDGE('',*,*,#42500,.T.);
#45230=EDGE_LOOP('',(#45220,#45210,#45200,#45190));
#45240=FACE_OUTER_BOUND('',#45230,.T.);
#45250=ADVANCED_FACE('',(#45240),#45130,.T.);
#45260=CARTESIAN_POINT('',(-0.264789155951232,-1.19105222487757,12.86));
#45270=DIRECTION('',(1.,0.,0.));
#45280=DIRECTION('',(0.,-1.,0.));
#45290=AXIS2_PLACEMENT_3D('',#45260,#45270,#45280);
#45300=PLANE('',#45290);
#45310=ORIENTED_EDGE('',*,*,#29810,.F.);
#45320=ORIENTED_EDGE('',*,*,#17050,.F.);
#45330=CARTESIAN_POINT('',(-0.264789155951232,-1.19105222487757,12.86));
#45340=DIRECTION('',(0.,0.,1.));
#45350=VECTOR('',#45340,1.);
#45360=LINE('',#45330,#45350);
#45370=EDGE_CURVE('',#16980,#17510,#45360,.T.);
#45380=ORIENTED_EDGE('',*,*,#45370,.F.);
#45390=CARTESIAN_POINT('',(-0.264789155951232,1.00894777512243,13.055));
#45400=DIRECTION('',(0.,-1.,0.));
#45410=VECTOR('',#45400,1.);
#45420=LINE('',#45390,#45410);
#45430=EDGE_CURVE('',#17510,#29800,#45420,.T.);
#45440=ORIENTED_EDGE('',*,*,#45430,.F.);
#45450=EDGE_LOOP('',(#45440,#45380,#45320,#45310));
#45460=FACE_OUTER_BOUND('',#45450,.T.);
#45470=ADVANCED_FACE('',(#45460),#45300,.F.);
#45480=CARTESIAN_POINT('',(-1.46478915595123,-3.79105222487757,12.8675))
;
#45490=DIRECTION('',(1.,0.,0.));
#45500=DIRECTION('',(0.,-1.,0.));
#45510=AXIS2_PLACEMENT_3D('',#45480,#45490,#45500);
#45520=PLANE('',#45510);
#45530=CARTESIAN_POINT('',(-1.46478915595123,-0.709445224877575,12.8575)
);
#45540=DIRECTION('',(0.,-1.,0.));
#45550=VECTOR('',#45540,1.);
#45560=LINE('',#45530,#45550);
#45570=CARTESIAN_POINT('',(-1.46478915595123,-3.99105222487758,12.8575))
;
#45580=VERTEX_POINT('',#45570);
#45590=EDGE_CURVE('',#37740,#45580,#45560,.T.);
#45600=ORIENTED_EDGE('',*,*,#45590,.F.);
#45610=CARTESIAN_POINT('',(-1.46478915595123,-3.99105222487758,13.0475))
;
#45620=DIRECTION('',(0.,0.,1.));
#45630=VECTOR('',#45620,1.);
#45640=LINE('',#45610,#45630);
#45650=CARTESIAN_POINT('',(-1.46478915595123,-3.99105222487758,13.0575))
;
#45660=VERTEX_POINT('',#45650);
#45670=EDGE_CURVE('',#45580,#45660,#45640,.T.);
#45680=ORIENTED_EDGE('',*,*,#45670,.F.);
#45690=CARTESIAN_POINT('',(-1.46478915595123,1.00894777512243,13.0575));
#45700=DIRECTION('',(0.,1.,0.));
#45710=VECTOR('',#45700,1.);
#45720=LINE('',#45690,#45710);
#45730=EDGE_CURVE('',#45660,#37820,#45720,.T.);
#45740=ORIENTED_EDGE('',*,*,#45730,.F.);
#45750=ORIENTED_EDGE('',*,*,#37830,.T.);
#45760=EDGE_LOOP('',(#45750,#45740,#45680,#45600));
#45770=FACE_OUTER_BOUND('',#45760,.T.);
#45780=ADVANCED_FACE('',(#45770),#45520,.T.);
#45790=CARTESIAN_POINT('',(-2.01478915595123,1.00894777512243,13.055));
#45800=DIRECTION('',(0.,0.,-1.));
#45810=DIRECTION('',(-1.,0.,0.));
#45820=AXIS2_PLACEMENT_3D('',#45790,#45800,#45810);
#45830=PLANE('',#45820);
#45840=ORIENTED_EDGE('',*,*,#29870,.T.);
#45850=ORIENTED_EDGE('',*,*,#45430,.T.);
#45860=ORIENTED_EDGE('',*,*,#18080,.F.);
#45870=EDGE_LOOP('',(#45860,#45850,#45840));
#45880=FACE_OUTER_BOUND('',#45870,.T.);
#45890=ADVANCED_FACE('',(#45880),#45830,.T.);
#45900=CARTESIAN_POINT('',(-0.989789155951232,-3.49105222487758,12.80875
));
#45910=DIRECTION('',(0.,0.456090790910398,-0.889933250556876));
#45920=DIRECTION('',(0.,-0.889933250556876,-0.456090790910398));
#45930=AXIS2_PLACEMENT_3D('',#45900,#45910,#45920);
#45940=PLANE('',#45930);
#45950=CARTESIAN_POINT('',(-0.264789155951232,-3.39593027365807,12.8575)
);
#45960=DIRECTION('',(1.,0.,0.));
#45970=VECTOR('',#45960,1.);
#45980=LINE('',#45950,#45970);
#45990=EDGE_CURVE('',#40160,#42650,#45980,.T.);
#46000=ORIENTED_EDGE('',*,*,#45990,.F.);
#46010=ORIENTED_EDGE('',*,*,#42660,.F.);
#46020=ORIENTED_EDGE('',*,*,#44790,.F.);
#46030=ORIENTED_EDGE('',*,*,#40250,.F.);
#46040=EDGE_LOOP('',(#46030,#46020,#46010,#46000));
#46050=FACE_OUTER_BOUND('',#46040,.T.);
#46060=ADVANCED_FACE('',(#46050),#45940,.F.);
#46070=CARTESIAN_POINT('',(-1.56478915595123,-3.99105222487758,12.8675))
;
#46080=DIRECTION('',(0.,0.,1.));
#46090=DIRECTION('',(0.,1.,0.));
#46100=AXIS2_PLACEMENT_3D('',#46070,#46080,#46090);
#46110=CYLINDRICAL_SURFACE('',#46100,0.1);
#46120=CARTESIAN_POINT('',(-1.56478915595123,-3.99105222487758,12.8575))
;
#46130=DIRECTION('',(0.,0.,1.));
#46140=DIRECTION('',(0.,1.,0.));
#46150=AXIS2_PLACEMENT_3D('',#46120,#46130,#46140);
#46160=CIRCLE('',#46150,0.1);
#46170=CARTESIAN_POINT('',(-1.56478915595123,-4.09105222487757,12.8575))
;
#46180=VERTEX_POINT('',#46170);
#46190=EDGE_CURVE('',#46180,#45580,#46160,.T.);
#46200=ORIENTED_EDGE('',*,*,#46190,.T.);
#46210=CARTESIAN_POINT('',(-1.56478915595123,-4.09105222487757,12.8675))
;
#46220=DIRECTION('',(0.,0.,1.));
#46230=VECTOR('',#46220,1.);
#46240=LINE('',#46210,#46230);
#46250=CARTESIAN_POINT('',(-1.56478915595123,-4.09105222487757,13.0575))
;
#46260=VERTEX_POINT('',#46250);
#46270=EDGE_CURVE('',#46180,#46260,#46240,.T.);
#46280=ORIENTED_EDGE('',*,*,#46270,.F.);
#46290=CARTESIAN_POINT('',(-1.56478915595123,-3.99105222487758,13.0575))
;
#46300=DIRECTION('',(0.,0.,1.));
#46310=DIRECTION('',(0.,1.,0.));
#46320=AXIS2_PLACEMENT_3D('',#46290,#46300,#46310);
#46330=CIRCLE('',#46320,0.1);
#46340=EDGE_CURVE('',#46260,#45660,#46330,.T.);
#46350=ORIENTED_EDGE('',*,*,#46340,.F.);
#46360=ORIENTED_EDGE('',*,*,#45670,.T.);
#46370=EDGE_LOOP('',(#46360,#46350,#46280,#46200));
#46380=FACE_OUTER_BOUND('',#46370,.T.);
#46390=ADVANCED_FACE('',(#46380),#46110,.T.);
#46400=CARTESIAN_POINT('',(-0.464789155951232,-1.52105222487757,31.6575)
);
#46410=DIRECTION('',(1.,0.,0.));
#46420=DIRECTION('',(0.,1.,0.));
#46430=AXIS2_PLACEMENT_3D('',#46400,#46410,#46420);
#46440=PLANE('',#46430);
#46450=ORIENTED_EDGE('',*,*,#44190,.T.);
#46460=CARTESIAN_POINT('',(-0.464789155951232,-1.19105222487757,7.735));
#46470=DIRECTION('',(0.,0.,-1.));
#46480=VECTOR('',#46470,1.);
#46490=LINE('',#46460,#46480);
#46500=EDGE_CURVE('',#44950,#44080,#46490,.T.);
#46510=ORIENTED_EDGE('',*,*,#46500,.T.);
#46520=ORIENTED_EDGE('',*,*,#45040,.F.);
#46530=CARTESIAN_POINT('',(-0.464789155951232,-1.09105222487758,31.6575)
);
#46540=DIRECTION('',(0.,0.,-1.));
#46550=VECTOR('',#46540,1.);
#46560=LINE('',#46530,#46550);
#46570=EDGE_CURVE('',#38130,#44180,#46560,.T.);
#46580=ORIENTED_EDGE('',*,*,#46570,.F.);
#46590=EDGE_LOOP('',(#46580,#46520,#46510,#46450));
#46600=FACE_OUTER_BOUND('',#46590,.T.);
#46610=ADVANCED_FACE('',(#46600),#46440,.T.);
#46620=CARTESIAN_POINT('',(-2.01478915595127,-0.341052224877575,6.3575))
;
#46630=DIRECTION('',(0.,-1.,0.));
#46640=DIRECTION('',(-1.,0.,0.));
#46650=AXIS2_PLACEMENT_3D('',#46620,#46630,#46640);
#46660=PLANE('',#46650);
#46670=CARTESIAN_POINT('',(2.45521084404873,-0.341052224877575,3.1875));
#46680=DIRECTION('',(-0.707106781186547,0.,0.707106781186548));
#46690=VECTOR('',#46680,1.);
#46700=LINE('',#46670,#46690);
#46710=CARTESIAN_POINT('',(0.035210844048734,-0.341052224877575,5.6075))
;
#46720=VERTEX_POINT('',#46710);
#46730=EDGE_CURVE('',#46720,#39720,#46700,.T.);
#46740=ORIENTED_EDGE('',*,*,#46730,.T.);
#46750=CARTESIAN_POINT('',(0.035210844048734,-0.341052224877575,5.1575))
;
#46760=DIRECTION('',(0.,0.,-1.));
#46770=VECTOR('',#46760,1.);
#46780=LINE('',#46750,#46770);
#46790=EDGE_CURVE('',#39800,#46720,#46780,.T.);
#46800=ORIENTED_EDGE('',*,*,#46790,.T.);
#46810=ORIENTED_EDGE('',*,*,#39810,.F.);
#46820=EDGE_LOOP('',(#46810,#46800,#46740));
#46830=FACE_OUTER_BOUND('',#46820,.T.);
#46840=ADVANCED_FACE('',(#46830),#46660,.F.);
#46850=CARTESIAN_POINT('',(-1.56478915595123,-4.09105222487757,12.8675))
;
#46860=DIRECTION('',(0.,-1.,0.));
#46870=DIRECTION('',(-1.,0.,0.));
#46880=AXIS2_PLACEMENT_3D('',#46850,#46860,#46870);
#46890=PLANE('',#46880);
#46900=CARTESIAN_POINT('',(-1.89122415595123,-4.09105222487757,12.8575))
;
#46910=DIRECTION('',(-1.,0.,0.));
#46920=VECTOR('',#46910,1.);
#46930=LINE('',#46900,#46920);
#46940=CARTESIAN_POINT('',(-1.59478915595123,-4.09105222487757,12.8575))
;
#46950=VERTEX_POINT('',#46940);
#46960=EDGE_CURVE('',#46180,#46950,#46930,.T.);
#46970=ORIENTED_EDGE('',*,*,#46960,.F.);
#46980=CARTESIAN_POINT('',(-1.59478915595123,-4.09105222487757,12.8675))
;
#46990=DIRECTION('',(0.,0.,1.));
#47000=VECTOR('',#46990,1.);
#47010=LINE('',#46980,#47000);
#47020=CARTESIAN_POINT('',(-1.59478915595123,-4.09105222487757,13.0575))
;
#47030=VERTEX_POINT('',#47020);
#47040=EDGE_CURVE('',#46950,#47030,#47010,.T.);
#47050=ORIENTED_EDGE('',*,*,#47040,.F.);
#47060=CARTESIAN_POINT('',(-0.264789155951206,-4.09105222487757,13.0575)
);
#47070=DIRECTION('',(1.,0.,0.));
#47080=VECTOR('',#47070,1.);
#47090=LINE('',#47060,#47080);
#47100=EDGE_CURVE('',#47030,#46260,#47090,.T.);
#47110=ORIENTED_EDGE('',*,*,#47100,.F.);
#47120=ORIENTED_EDGE('',*,*,#46270,.T.);
#47130=EDGE_LOOP('',(#47120,#47110,#47050,#46970));
#47140=FACE_OUTER_BOUND('',#47130,.T.);
#47150=ADVANCED_FACE('',(#47140),#46890,.T.);
#47160=CARTESIAN_POINT('',(-1.59478915595123,-4.19105222487757,12.8675))
;
#47170=DIRECTION('',(0.,0.,1.));
#47180=DIRECTION('',(0.,1.,0.));
#47190=AXIS2_PLACEMENT_3D('',#47160,#47170,#47180);
#47200=CYLINDRICAL_SURFACE('',#47190,0.1);
#47210=CARTESIAN_POINT('',(-1.59478915595123,-4.19105222487757,12.8575))
;
#47220=DIRECTION('',(0.,0.,1.));
#47230=DIRECTION('',(0.,1.,0.));
#47240=AXIS2_PLACEMENT_3D('',#47210,#47220,#47230);
#47250=CIRCLE('',#47240,0.1);
#47260=EDGE_CURVE('',#46950,#30020,#47250,.T.);
#47270=ORIENTED_EDGE('',*,*,#47260,.F.);
#47280=ORIENTED_EDGE('',*,*,#30270,.F.);
#47290=CARTESIAN_POINT('',(-1.59478915595123,-4.19105222487757,13.0575))
;
#47300=DIRECTION('',(0.,0.,1.));
#47310=DIRECTION('',(0.,1.,0.));
#47320=AXIS2_PLACEMENT_3D('',#47290,#47300,#47310);
#47330=CIRCLE('',#47320,0.1);
#47340=EDGE_CURVE('',#47030,#30200,#47330,.T.);
#47350=ORIENTED_EDGE('',*,*,#47340,.T.);
#47360=ORIENTED_EDGE('',*,*,#47040,.T.);
#47370=EDGE_LOOP('',(#47360,#47350,#47280,#47270));
#47380=FACE_OUTER_BOUND('',#47370,.T.);
#47390=ADVANCED_FACE('',(#47380),#47200,.F.);
#47400=CARTESIAN_POINT('',(-0.264789155951195,-3.39105222487758,13.0575)
);
#47410=DIRECTION('',(1.,0.,0.));
#47420=VECTOR('',#47410,1.);
#47430=LINE('',#47400,#47420);
#47440=CARTESIAN_POINT('',(-1.91478915595123,-3.39105222487758,13.0575))
;
#47450=VERTEX_POINT('',#47440);
#47460=EDGE_CURVE('',#47450,#28250,#47430,.T.);
#47470=ORIENTED_EDGE('',*,*,#47460,.F.);
#47480=ORIENTED_EDGE('',*,*,#28260,.T.);
#47490=ORIENTED_EDGE('',*,*,#40810,.F.);
#47500=ORIENTED_EDGE('',*,*,#30450,.T.);
#47510=CARTESIAN_POINT('',(-0.264789155951195,-3.39105222487758,13.0575)
);
#47520=DIRECTION('',(1.,0.,0.));
#47530=VECTOR('',#47520,1.);
#47540=LINE('',#47510,#47530);
#47550=EDGE_CURVE('',#30420,#37490,#47540,.T.);
#47560=ORIENTED_EDGE('',*,*,#47550,.F.);
#47570=ORIENTED_EDGE('',*,*,#37500,.T.);
#47580=ORIENTED_EDGE('',*,*,#38440,.T.);
#47590=ORIENTED_EDGE('',*,*,#37920,.F.);
#47600=ORIENTED_EDGE('',*,*,#45730,.T.);
#47610=ORIENTED_EDGE('',*,*,#46340,.T.);
#47620=ORIENTED_EDGE('',*,*,#47100,.T.);
#47630=ORIENTED_EDGE('',*,*,#47340,.F.);
#47640=ORIENTED_EDGE('',*,*,#30210,.T.);
#47650=CARTESIAN_POINT('',(-0.264789155951206,-4.39105222487757,13.0575)
);
#47660=DIRECTION('',(1.,0.,0.));
#47670=VECTOR('',#47660,1.);
#47680=LINE('',#47650,#47670);
#47690=CARTESIAN_POINT('',(-1.96478915595123,-4.39105222487757,13.0575))
;
#47700=VERTEX_POINT('',#47690);
#47710=EDGE_CURVE('',#47700,#30120,#47680,.T.);
#47720=ORIENTED_EDGE('',*,*,#47710,.T.);
#47730=CARTESIAN_POINT('',(-1.96478915595123,-4.29105222487757,13.0575))
;
#47740=DIRECTION('',(0.,0.,1.));
#47750=DIRECTION('',(0.,1.,0.));
#47760=AXIS2_PLACEMENT_3D('',#47730,#47740,#47750);
#47770=CIRCLE('',#47760,0.1);
#47780=CARTESIAN_POINT('',(-2.06478915595123,-4.29105222487757,13.0575))
;
#47790=VERTEX_POINT('',#47780);
#47800=EDGE_CURVE('',#47790,#47700,#47770,.T.);
#47810=ORIENTED_EDGE('',*,*,#47800,.T.);
#47820=CARTESIAN_POINT('',(-2.06478915595123,1.00894777512243,13.0575));
#47830=DIRECTION('',(0.,-1.,0.));
#47840=VECTOR('',#47830,1.);
#47850=LINE('',#47820,#47840);
#47860=CARTESIAN_POINT('',(-2.06478915595123,-3.99105222487758,13.0575))
;
#47870=VERTEX_POINT('',#47860);
#47880=EDGE_CURVE('',#47870,#47790,#47850,.T.);
#47890=ORIENTED_EDGE('',*,*,#47880,.T.);
#47900=CARTESIAN_POINT('',(-1.96478915595123,-3.99105222487758,13.0575))
;
#47910=DIRECTION('',(0.,0.,1.));
#47920=DIRECTION('',(0.,1.,0.));
#47930=AXIS2_PLACEMENT_3D('',#47900,#47910,#47920);
#47940=CIRCLE('',#47930,0.1);
#47950=CARTESIAN_POINT('',(-2.00593293872785,-3.89990844210096,13.0575))
;
#47960=VERTEX_POINT('',#47950);
#47970=EDGE_CURVE('',#47960,#47870,#47940,.T.);
#47980=ORIENTED_EDGE('',*,*,#47970,.T.);
#47990=CARTESIAN_POINT('',(-0.264789155951206,-3.11392788040986,13.0575)
);
#48000=DIRECTION('',(-0.911437827766148,-0.411437827766147,0.));
#48010=VECTOR('',#48000,1.);
#48020=LINE('',#47990,#48010);
#48030=CARTESIAN_POINT('',(-1.76478915595123,-3.79105222487757,13.0575))
;
#48040=VERTEX_POINT('',#48030);
#48050=EDGE_CURVE('',#48040,#47960,#48020,.T.);
#48060=ORIENTED_EDGE('',*,*,#48050,.T.);
#48070=CARTESIAN_POINT('',(-1.76478915595123,1.00894777512243,13.0575));
#48080=DIRECTION('',(0.,-1.,0.));
#48090=VECTOR('',#48080,1.);
#48100=LINE('',#48070,#48090);
#48110=CARTESIAN_POINT('',(-1.76478915595123,-3.59105222487757,13.0575))
;
#48120=VERTEX_POINT('',#48110);
#48130=EDGE_CURVE('',#48120,#48040,#48100,.T.);
#48140=ORIENTED_EDGE('',*,*,#48130,.T.);
#48150=CARTESIAN_POINT('',(-0.264789155951206,-3.59105222487757,13.0575)
);
#48160=DIRECTION('',(1.,0.,0.));
#48170=VECTOR('',#48160,1.);
#48180=LINE('',#48150,#48170);
#48190=CARTESIAN_POINT('',(-1.91478915595123,-3.59105222487757,13.0575))
;
#48200=VERTEX_POINT('',#48190);
#48210=EDGE_CURVE('',#48200,#48120,#48180,.T.);
#48220=ORIENTED_EDGE('',*,*,#48210,.T.);
#48230=CARTESIAN_POINT('',(-1.91478915595123,1.00894777512243,13.0575));
#48240=DIRECTION('',(0.,-1.,0.));
#48250=VECTOR('',#48240,1.);
#48260=LINE('',#48230,#48250);
#48270=EDGE_CURVE('',#47450,#48200,#48260,.T.);
#48280=ORIENTED_EDGE('',*,*,#48270,.T.);
#48290=EDGE_LOOP('',(#48280,#48220,#48140,#48060,#47980,#47890,#47810,
#47720,#47640,#47630,#47620,#47610,#47600,#47590,#47580,#47570,#47560,
#47500,#47490,#47480,#47470));
#48300=FACE_OUTER_BOUND('',#48290,.T.);
#48310=ADVANCED_FACE('',(#48300),#21150,.T.);
#48320=CARTESIAN_POINT('',(-1.69478915595123,-4.39105222487757,12.8675))
;
#48330=DIRECTION('',(0.,-1.,0.));
#48340=DIRECTION('',(-1.,0.,0.));
#48350=AXIS2_PLACEMENT_3D('',#48320,#48330,#48340);
#48360=PLANE('',#48350);
#48370=CARTESIAN_POINT('',(-1.89122415595123,-4.39105222487757,12.8575))
;
#48380=DIRECTION('',(-1.,0.,0.));
#48390=VECTOR('',#48380,1.);
#48400=LINE('',#48370,#48390);
#48410=CARTESIAN_POINT('',(-1.96478915595123,-4.39105222487757,12.8575))
;
#48420=VERTEX_POINT('',#48410);
#48430=EDGE_CURVE('',#30040,#48420,#48400,.T.);
#48440=ORIENTED_EDGE('',*,*,#48430,.F.);
#48450=CARTESIAN_POINT('',(-1.96478915595123,-4.39105222487757,12.8675))
;
#48460=DIRECTION('',(0.,0.,1.));
#48470=VECTOR('',#48460,1.);
#48480=LINE('',#48450,#48470);
#48490=EDGE_CURVE('',#48420,#47700,#48480,.T.);
#48500=ORIENTED_EDGE('',*,*,#48490,.F.);
#48510=ORIENTED_EDGE('',*,*,#47710,.F.);
#48520=ORIENTED_EDGE('',*,*,#30130,.T.);
#48530=EDGE_LOOP('',(#48520,#48510,#48500,#48440));
#48540=FACE_OUTER_BOUND('',#48530,.T.);
#48550=ADVANCED_FACE('',(#48540),#48360,.T.);
#48560=CARTESIAN_POINT('',(-1.96478915595123,-4.29105222487757,12.8675))
;
#48570=DIRECTION('',(0.,0.,1.));
#48580=DIRECTION('',(0.,1.,0.));
#48590=AXIS2_PLACEMENT_3D('',#48560,#48570,#48580);
#48600=CYLINDRICAL_SURFACE('',#48590,0.1);
#48610=CARTESIAN_POINT('',(-1.96478915595123,-4.29105222487757,12.8575))
;
#48620=DIRECTION('',(0.,0.,1.));
#48630=DIRECTION('',(0.,1.,0.));
#48640=AXIS2_PLACEMENT_3D('',#48610,#48620,#48630);
#48650=CIRCLE('',#48640,0.1);
#48660=CARTESIAN_POINT('',(-2.06478915595123,-4.29105222487757,12.8575))
;
#48670=VERTEX_POINT('',#48660);
#48680=EDGE_CURVE('',#48670,#48420,#48650,.T.);
#48690=ORIENTED_EDGE('',*,*,#48680,.T.);
#48700=CARTESIAN_POINT('',(-2.06478915595123,-4.29105222487757,12.8675))
;
#48710=DIRECTION('',(0.,0.,1.));
#48720=VECTOR('',#48710,1.);
#48730=LINE('',#48700,#48720);
#48740=EDGE_CURVE('',#48670,#47790,#48730,.T.);
#48750=ORIENTED_EDGE('',*,*,#48740,.F.);
#48760=ORIENTED_EDGE('',*,*,#47800,.F.);
#48770=ORIENTED_EDGE('',*,*,#48490,.T.);
#48780=EDGE_LOOP('',(#48770,#48760,#48750,#48690));
#48790=FACE_OUTER_BOUND('',#48780,.T.);
#48800=ADVANCED_FACE('',(#48790),#48600,.T.);
#48810=CARTESIAN_POINT('',(-2.06478915595123,-4.29105222487757,12.8675))
;
#48820=DIRECTION('',(-1.,0.,0.));
#48830=DIRECTION('',(0.,1.,0.));
#48840=AXIS2_PLACEMENT_3D('',#48810,#48820,#48830);
#48850=PLANE('',#48840);
#48860=CARTESIAN_POINT('',(-2.06478915595123,-0.709445224877575,12.8575)
);
#48870=DIRECTION('',(0.,1.,0.));
#48880=VECTOR('',#48870,1.);
#48890=LINE('',#48860,#48880);
#48900=CARTESIAN_POINT('',(-2.06478915595123,-3.99105222487758,12.8575))
;
#48910=VERTEX_POINT('',#48900);
#48920=EDGE_CURVE('',#48670,#48910,#48890,.T.);
#48930=ORIENTED_EDGE('',*,*,#48920,.F.);
#48940=CARTESIAN_POINT('',(-2.06478915595123,-3.99105222487758,12.8675))
;
#48950=DIRECTION('',(0.,0.,1.));
#48960=VECTOR('',#48950,1.);
#48970=LINE('',#48940,#48960);
#48980=EDGE_CURVE('',#48910,#47870,#48970,.T.);
#48990=ORIENTED_EDGE('',*,*,#48980,.F.);
#49000=ORIENTED_EDGE('',*,*,#47880,.F.);
#49010=ORIENTED_EDGE('',*,*,#48740,.T.);
#49020=EDGE_LOOP('',(#49010,#49000,#48990,#48930));
#49030=FACE_OUTER_BOUND('',#49020,.T.);
#49040=ADVANCED_FACE('',(#49030),#48850,.T.);
#49050=CARTESIAN_POINT('',(-1.96478915595123,-3.99105222487758,12.8675))
;
#49060=DIRECTION('',(0.,0.,1.));
#49070=DIRECTION('',(0.,1.,0.));
#49080=AXIS2_PLACEMENT_3D('',#49050,#49060,#49070);
#49090=CYLINDRICAL_SURFACE('',#49080,0.1);
#49100=CARTESIAN_POINT('',(-1.96478915595123,-3.99105222487758,12.8575))
;
#49110=DIRECTION('',(0.,0.,1.));
#49120=DIRECTION('',(0.,1.,0.));
#49130=AXIS2_PLACEMENT_3D('',#49100,#49110,#49120);
#49140=CIRCLE('',#49130,0.1);
#49150=CARTESIAN_POINT('',(-2.00593293872785,-3.89990844210096,12.8575))
;
#49160=VERTEX_POINT('',#49150);
#49170=EDGE_CURVE('',#49160,#48910,#49140,.T.);
#49180=ORIENTED_EDGE('',*,*,#49170,.T.);
#49190=CARTESIAN_POINT('',(-2.00593293872785,-3.89990844210096,13.0475))
;
#49200=DIRECTION('',(0.,0.,1.));
#49210=VECTOR('',#49200,1.);
#49220=LINE('',#49190,#49210);
#49230=EDGE_CURVE('',#49160,#47960,#49220,.T.);
#49240=ORIENTED_EDGE('',*,*,#49230,.F.);
#49250=ORIENTED_EDGE('',*,*,#47970,.F.);
#49260=ORIENTED_EDGE('',*,*,#48980,.T.);
#49270=EDGE_LOOP('',(#49260,#49250,#49240,#49180));
#49280=FACE_OUTER_BOUND('',#49270,.T.);
#49290=ADVANCED_FACE('',(#49280),#49090,.T.);
#49300=CARTESIAN_POINT('',(-2.00593293872785,-3.89990844210096,12.8675))
;
#49310=DIRECTION('',(-0.411437827766147,0.911437827766148,0.));
#49320=DIRECTION('',(0.911437827766148,0.411437827766147,0.));
#49330=AXIS2_PLACEMENT_3D('',#49300,#49310,#49320);
#49340=PLANE('',#49330);
#49350=CARTESIAN_POINT('',(-1.89122415595123,-3.84812703587276,12.8575))
;
#49360=DIRECTION('',(0.911437827766148,0.411437827766147,0.));
#49370=VECTOR('',#49360,1.);
#49380=LINE('',#49350,#49370);
#49390=CARTESIAN_POINT('',(-1.76478915595123,-3.79105222487757,12.8575))
;
#49400=VERTEX_POINT('',#49390);
#49410=EDGE_CURVE('',#49160,#49400,#49380,.T.);
#49420=ORIENTED_EDGE('',*,*,#49410,.F.);
#49430=CARTESIAN_POINT('',(-1.76478915595123,-3.79105222487757,12.8675))
;
#49440=DIRECTION('',(0.,0.,1.));
#49450=VECTOR('',#49440,1.);
#49460=LINE('',#49430,#49450);
#49470=EDGE_CURVE('',#49400,#48040,#49460,.T.);
#49480=ORIENTED_EDGE('',*,*,#49470,.F.);
#49490=ORIENTED_EDGE('',*,*,#48050,.F.);
#49500=ORIENTED_EDGE('',*,*,#49230,.T.);
#49510=EDGE_LOOP('',(#49500,#49490,#49480,#49420));
#49520=FACE_OUTER_BOUND('',#49510,.T.);
#49530=ADVANCED_FACE('',(#49520),#49340,.T.);
#49540=CARTESIAN_POINT('',(-1.76478915595123,-3.79105222487757,12.8675))
;
#49550=DIRECTION('',(-1.,0.,0.));
#49560=DIRECTION('',(0.,1.,0.));
#49570=AXIS2_PLACEMENT_3D('',#49540,#49550,#49560);
#49580=PLANE('',#49570);
#49590=CARTESIAN_POINT('',(-1.76478915595123,-0.709445224877575,12.8575)
);
#49600=DIRECTION('',(0.,1.,0.));
#49610=VECTOR('',#49600,1.);
#49620=LINE('',#49590,#49610);
#49630=CARTESIAN_POINT('',(-1.76478915595123,-3.59105222487757,12.8575))
;
#49640=VERTEX_POINT('',#49630);
#49650=EDGE_CURVE('',#49400,#49640,#49620,.T.);
#49660=ORIENTED_EDGE('',*,*,#49650,.F.);
#49670=CARTESIAN_POINT('',(-1.76478915595123,-3.59105222487757,12.8675))
;
#49680=DIRECTION('',(0.,0.,1.));
#49690=VECTOR('',#49680,1.);
#49700=LINE('',#49670,#49690);
#49710=EDGE_CURVE('',#49640,#48120,#49700,.T.);
#49720=ORIENTED_EDGE('',*,*,#49710,.F.);
#49730=ORIENTED_EDGE('',*,*,#48130,.F.);
#49740=ORIENTED_EDGE('',*,*,#49470,.T.);
#49750=EDGE_LOOP('',(#49740,#49730,#49720,#49660));
#49760=FACE_OUTER_BOUND('',#49750,.T.);
#49770=ADVANCED_FACE('',(#49760),#49580,.T.);
#49780=CARTESIAN_POINT('',(-1.76478915595123,-3.59105222487757,12.8675))
;
#49790=DIRECTION('',(0.,-1.,0.));
#49800=DIRECTION('',(-1.,0.,0.));
#49810=AXIS2_PLACEMENT_3D('',#49780,#49790,#49800);
#49820=PLANE('',#49810);
#49830=CARTESIAN_POINT('',(-1.89122415595123,-3.59105222487757,12.8575))
;
#49840=DIRECTION('',(-1.,0.,0.));
#49850=VECTOR('',#49840,1.);
#49860=LINE('',#49830,#49850);
#49870=CARTESIAN_POINT('',(-1.91478915595123,-3.59105222487757,12.8575))
;
#49880=VERTEX_POINT('',#49870);
#49890=EDGE_CURVE('',#49640,#49880,#49860,.T.);
#49900=ORIENTED_EDGE('',*,*,#49890,.F.);
#49910=CARTESIAN_POINT('',(-1.91478915595123,-3.59105222487757,13.0475))
;
#49920=DIRECTION('',(0.,0.,1.));
#49930=VECTOR('',#49920,1.);
#49940=LINE('',#49910,#49930);
#49950=EDGE_CURVE('',#49880,#48200,#49940,.T.);
#49960=ORIENTED_EDGE('',*,*,#49950,.F.);
#49970=ORIENTED_EDGE('',*,*,#48210,.F.);
#49980=ORIENTED_EDGE('',*,*,#49710,.T.);
#49990=EDGE_LOOP('',(#49980,#49970,#49960,#49900));
#50000=FACE_OUTER_BOUND('',#49990,.T.);
#50010=ADVANCED_FACE('',(#50000),#49820,.T.);
#50020=CARTESIAN_POINT('',(-1.91478915595123,-3.59105222487757,12.8675))
;
#50030=DIRECTION('',(-1.,0.,0.));
#50040=DIRECTION('',(0.,1.,0.));
#50050=AXIS2_PLACEMENT_3D('',#50020,#50030,#50040);
#50060=PLANE('',#50050);
#50070=CARTESIAN_POINT('',(-1.91478915595123,-3.39105222487758,7.735));
#50080=DIRECTION('',(0.,0.,1.));
#50090=VECTOR('',#50080,1.);
#50100=LINE('',#50070,#50090);
#50110=CARTESIAN_POINT('',(-1.91478915595123,-3.39105222487758,12.8575))
;
#50120=VERTEX_POINT('',#50110);
#50130=EDGE_CURVE('',#50120,#47450,#50100,.T.);
#50140=ORIENTED_EDGE('',*,*,#50130,.F.);
#50150=ORIENTED_EDGE('',*,*,#48270,.F.);
#50160=ORIENTED_EDGE('',*,*,#49950,.T.);
#50170=CARTESIAN_POINT('',(-1.91478915595123,-0.709445224877575,12.8575)
);
#50180=DIRECTION('',(0.,1.,0.));
#50190=VECTOR('',#50180,1.);
#50200=LINE('',#50170,#50190);
#50210=EDGE_CURVE('',#49880,#50120,#50200,.T.);
#50220=ORIENTED_EDGE('',*,*,#50210,.F.);
#50230=EDGE_LOOP('',(#50220,#50160,#50150,#50140));
#50240=FACE_OUTER_BOUND('',#50230,.T.);
#50250=ADVANCED_FACE('',(#50240),#50060,.T.);
#50260=ORIENTED_EDGE('',*,*,#40170,.T.);
#50270=CARTESIAN_POINT('',(-0.264789155951232,-3.39105222487758,12.8575)
);
#50280=DIRECTION('',(-1.,0.,0.));
#50290=VECTOR('',#50280,1.);
#50300=LINE('',#50270,#50290);
#50310=EDGE_CURVE('',#40140,#50120,#50300,.T.);
#50320=ORIENTED_EDGE('',*,*,#50310,.F.);
#50330=ORIENTED_EDGE('',*,*,#50210,.T.);
#50340=ORIENTED_EDGE('',*,*,#49890,.T.);
#50350=ORIENTED_EDGE('',*,*,#49650,.T.);
#50360=ORIENTED_EDGE('',*,*,#49410,.T.);
#50370=ORIENTED_EDGE('',*,*,#49170,.F.);
#50380=ORIENTED_EDGE('',*,*,#48920,.T.);
#50390=ORIENTED_EDGE('',*,*,#48680,.F.);
#50400=ORIENTED_EDGE('',*,*,#48430,.T.);
#50410=ORIENTED_EDGE('',*,*,#30050,.T.);
#50420=ORIENTED_EDGE('',*,*,#47260,.T.);
#50430=ORIENTED_EDGE('',*,*,#46960,.T.);
#50440=ORIENTED_EDGE('',*,*,#46190,.F.);
#50450=ORIENTED_EDGE('',*,*,#45590,.T.);
#50460=ORIENTED_EDGE('',*,*,#37750,.T.);
#50470=ORIENTED_EDGE('',*,*,#38370,.T.);
#50480=ORIENTED_EDGE('',*,*,#37340,.T.);
#50490=EDGE_CURVE('',#37310,#42730,#50300,.T.);
#50500=ORIENTED_EDGE('',*,*,#50490,.F.);
#50510=ORIENTED_EDGE('',*,*,#42740,.T.);
#50520=ORIENTED_EDGE('',*,*,#45990,.T.);
#50530=EDGE_LOOP('',(#50520,#50510,#50500,#50480,#50470,#50460,#50450,
#50440,#50430,#50420,#50410,#50400,#50390,#50380,#50370,#50360,#50350,
#50340,#50330,#50320,#50260));
#50540=FACE_OUTER_BOUND('',#50530,.T.);
#50550=ADVANCED_FACE('',(#50540),#44890,.T.);
#50560=CARTESIAN_POINT('',(-1.11478915595127,0.508947775122425,32.035));
#50570=DIRECTION('',(-0.991227900682635,0.132163720091018,0.));
#50580=DIRECTION('',(0.132163720091018,0.991227900682635,0.));
#50590=AXIS2_PLACEMENT_3D('',#50560,#50570,#50580);
#50600=PLANE('',#50590);
#50610=ORIENTED_EDGE('',*,*,#32310,.T.);
#50620=ORIENTED_EDGE('',*,*,#43930,.T.);
#50630=CARTESIAN_POINT('',(-0.937931456748808,1.83538051914063,3.28));
#50640=DIRECTION('',(0.,0.,-1.));
#50650=VECTOR('',#50640,1.);
#50660=LINE('',#50630,#50650);
#50670=EDGE_CURVE('',#14160,#43860,#50660,.T.);
#50680=ORIENTED_EDGE('',*,*,#50670,.T.);
#50690=ORIENTED_EDGE('',*,*,#14170,.T.);
#50700=EDGE_LOOP('',(#50690,#50680,#50620,#50610));
#50710=FACE_OUTER_BOUND('',#50700,.T.);
#50720=ADVANCED_FACE('',(#50710),#50600,.T.);
#50730=CARTESIAN_POINT('',(-0.739685876612312,1.80894777512243,32.035));
#50740=DIRECTION('',(0.,0.,1.));
#50750=DIRECTION('',(0.,1.,0.));
#50760=AXIS2_PLACEMENT_3D('',#50730,#50740,#50750);
#50770=CYLINDRICAL_SURFACE('',#50760,0.2);
#50780=ORIENTED_EDGE('',*,*,#43870,.T.);
#50790=ORIENTED_EDGE('',*,*,#34420,.F.);
#50800=ORIENTED_EDGE('',*,*,#14240,.F.);
#50810=ORIENTED_EDGE('',*,*,#50670,.F.);
#50820=EDGE_LOOP('',(#50810,#50800,#50790,#50780));
#50830=FACE_OUTER_BOUND('',#50820,.T.);
#50840=ADVANCED_FACE('',(#50830),#50770,.T.);
#50850=CARTESIAN_POINT('',(0.035210844048734,-3.59105222487757,5.1575));
#50860=DIRECTION('',(-1.,0.,0.));
#50870=DIRECTION('',(0.,-1.,0.));
#50880=AXIS2_PLACEMENT_3D('',#50850,#50860,#50870);
#50890=PLANE('',#50880);
#50900=CARTESIAN_POINT('',(0.035210844048734,1.00894777512243,5.6075));
#50910=DIRECTION('',(0.,-1.,0.));
#50920=VECTOR('',#50910,1.);
#50930=LINE('',#50900,#50920);
#50940=CARTESIAN_POINT('',(0.0352108440487342,1.00894777512243,5.6075));
#50950=VERTEX_POINT('',#50940);
#50960=EDGE_CURVE('',#50950,#46720,#50930,.T.);
#50970=ORIENTED_EDGE('',*,*,#50960,.T.);
#50980=CARTESIAN_POINT('',(0.035210844048734,1.00894777512243,5.1625));
#50990=DIRECTION('',(0.,0.,-1.));
#51000=VECTOR('',#50990,1.);
#51010=LINE('',#50980,#51000);
#51020=CARTESIAN_POINT('',(0.035210844048734,1.00894777512243,5.1575));
#51030=VERTEX_POINT('',#51020);
#51040=EDGE_CURVE('',#50950,#51030,#51010,.T.);
#51050=ORIENTED_EDGE('',*,*,#51040,.F.);
#51060=CARTESIAN_POINT('',(0.035210844048734,1.00894777512243,5.1575));
#51070=DIRECTION('',(0.,-1.,0.));
#51080=VECTOR('',#51070,1.);
#51090=LINE('',#51060,#51080);
#51100=CARTESIAN_POINT('',(0.035210844048734,-1.69105222487758,5.1575));
#51110=VERTEX_POINT('',#51100);
#51120=EDGE_CURVE('',#51030,#51110,#51090,.T.);
#51130=ORIENTED_EDGE('',*,*,#51120,.F.);
#51140=CARTESIAN_POINT('',(0.035210844048734,-1.69105222487758,5.1575));
#51150=DIRECTION('',(0.,0.,-1.));
#51160=VECTOR('',#51150,1.);
#51170=LINE('',#51140,#51160);
#51180=EDGE_CURVE('',#39880,#51110,#51170,.T.);
#51190=ORIENTED_EDGE('',*,*,#51180,.T.);
#51200=ORIENTED_EDGE('',*,*,#39890,.F.);
#51210=ORIENTED_EDGE('',*,*,#46790,.F.);
#51220=EDGE_LOOP('',(#51210,#51200,#51190,#51130,#51050,#50970));
#51230=FACE_OUTER_BOUND('',#51220,.T.);
#51240=ADVANCED_FACE('',(#51230),#50890,.F.);
#51250=CARTESIAN_POINT('',(-0.114789155951266,1.00894777512243,5.7575));
#51260=DIRECTION('',(0.707106781186548,0.,0.707106781186547));
#51270=DIRECTION('',(-0.707106781186547,0.,0.707106781186548));
#51280=AXIS2_PLACEMENT_3D('',#51250,#51260,#51270);
#51290=PLANE('',#51280);
#51300=CARTESIAN_POINT('',(-0.114789155951268,1.00894777512243,5.7575));
#51310=DIRECTION('',(0.,1.,0.));
#51320=VECTOR('',#51310,1.);
#51330=LINE('',#51300,#51320);
#51340=CARTESIAN_POINT('',(-0.114789155951268,1.00894777512243,5.7575));
#51350=VERTEX_POINT('',#51340);
#51360=EDGE_CURVE('',#39640,#51350,#51330,.T.);
#51370=ORIENTED_EDGE('',*,*,#51360,.F.);
#51380=CARTESIAN_POINT('',(0.485210844048734,1.00894777512243,5.1575));
#51390=DIRECTION('',(0.707106781186547,0.,-0.707106781186548));
#51400=VECTOR('',#51390,1.);
#51410=LINE('',#51380,#51400);
#51420=EDGE_CURVE('',#51350,#50950,#51410,.T.);
#51430=ORIENTED_EDGE('',*,*,#51420,.F.);
#51440=ORIENTED_EDGE('',*,*,#50960,.F.);
#51450=ORIENTED_EDGE('',*,*,#46730,.F.);
#51460=ORIENTED_EDGE('',*,*,#39730,.F.);
#51470=EDGE_LOOP('',(#51460,#51450,#51440,#51430,#51370));
#51480=FACE_OUTER_BOUND('',#51470,.T.);
#51490=ADVANCED_FACE('',(#51480),#51290,.T.);
#51500=CARTESIAN_POINT('',(-0.814789155951266,-1.29105222487757,5.7575))
;
#51510=DIRECTION('',(-1.,0.,0.));
#51520=DIRECTION('',(0.,-1.,0.));
#51530=AXIS2_PLACEMENT_3D('',#51500,#51510,#51520);
#51540=PLANE('',#51530);
#51550=CARTESIAN_POINT('',(-0.814789155951266,1.10894777512243,31.3025))
;
#51560=DIRECTION('',(0.,0.,-1.));
#51570=VECTOR('',#51560,1.);
#51580=LINE('',#51550,#51570);
#51590=CARTESIAN_POINT('',(-0.814789155951266,1.10894777512243,6.4575));
#51600=VERTEX_POINT('',#51590);
#51610=CARTESIAN_POINT('',(-0.814789155951266,1.10894777512243,5.7575));
#51620=VERTEX_POINT('',#51610);
#51630=EDGE_CURVE('',#51600,#51620,#51580,.T.);
#51640=ORIENTED_EDGE('',*,*,#51630,.T.);
#51650=CARTESIAN_POINT('',(-0.814789155951266,-3.37105222487757,6.4575))
;
#51660=DIRECTION('',(0.,-1.,0.));
#51670=VECTOR('',#51660,1.);
#51680=LINE('',#51650,#51670);
#51690=CARTESIAN_POINT('',(-0.814789155951266,0.84228110845576,6.4575));
#51700=VERTEX_POINT('',#51690);
#51710=EDGE_CURVE('',#51600,#51700,#51680,.T.);
#51720=ORIENTED_EDGE('',*,*,#51710,.F.);
#51730=CARTESIAN_POINT('',(-0.814789155951266,0.842281108455759,31.3025)
);
#51740=DIRECTION('',(0.,0.,1.));
#51750=VECTOR('',#51740,1.);
#51760=LINE('',#51730,#51750);
#51770=CARTESIAN_POINT('',(-0.814789155951266,0.842281108455759,6.38));
#51780=VERTEX_POINT('',#51770);
#51790=EDGE_CURVE('',#51780,#51700,#51760,.T.);
#51800=ORIENTED_EDGE('',*,*,#51790,.T.);
#51810=CARTESIAN_POINT('',(-0.814789155951266,-3.37105222487757,6.38));
#51820=DIRECTION('',(0.,-1.,0.));
#51830=VECTOR('',#51820,1.);
#51840=LINE('',#51810,#51830);
#51850=EDGE_CURVE('',#51780,#41820,#51840,.T.);
#51860=ORIENTED_EDGE('',*,*,#51850,.F.);
#51870=ORIENTED_EDGE('',*,*,#41990,.F.);
#51880=CARTESIAN_POINT('',(-0.814789155951266,1.00894777512243,6.2225));
#51890=DIRECTION('',(0.,1.,0.));
#51900=VECTOR('',#51890,1.);
#51910=LINE('',#51880,#51900);
#51920=CARTESIAN_POINT('',(-0.814789155951266,1.00894777512243,6.2225));
#51930=VERTEX_POINT('',#51920);
#51940=EDGE_CURVE('',#41920,#51930,#51910,.T.);
#51950=ORIENTED_EDGE('',*,*,#51940,.F.);
#51960=CARTESIAN_POINT('',(-0.814789155951266,1.00894777512243,9.235));
#51970=DIRECTION('',(0.,0.,-1.));
#51980=VECTOR('',#51970,1.);
#51990=LINE('',#51960,#51980);
#52000=CARTESIAN_POINT('',(-0.814789155951266,1.00894777512243,5.7575));
#52010=VERTEX_POINT('',#52000);
#52020=EDGE_CURVE('',#51930,#52010,#51990,.T.);
#52030=ORIENTED_EDGE('',*,*,#52020,.F.);
#52040=CARTESIAN_POINT('',(-0.814789155951266,-3.37105222487757,5.7575))
;
#52050=DIRECTION('',(0.,-1.,0.));
#52060=VECTOR('',#52050,1.);
#52070=LINE('',#52040,#52060);
#52080=EDGE_CURVE('',#51620,#52010,#52070,.T.);
#52090=ORIENTED_EDGE('',*,*,#52080,.T.);
#52100=EDGE_LOOP('',(#52090,#52030,#51950,#51870,#51860,#51800,#51720,
#51640));
#52110=FACE_OUTER_BOUND('',#52100,.T.);
#52120=ADVANCED_FACE('',(#52110),#51540,.T.);
#52130=ORIENTED_EDGE('',*,*,#32570,.T.);
#52140=CARTESIAN_POINT('',(-7.105427357601E-14,-2.39105222487758,6.4225)
);
#52150=DIRECTION('',(1.,0.,0.));
#52160=VECTOR('',#52150,1.);
#52170=LINE('',#52140,#52160);
#52180=CARTESIAN_POINT('',(-1.36478915595127,-2.39105222487758,6.4225));
#52190=VERTEX_POINT('',#52180);
#52200=EDGE_CURVE('',#52190,#32480,#52170,.T.);
#52210=ORIENTED_EDGE('',*,*,#52200,.T.);
#52220=CARTESIAN_POINT('',(-1.36478915595127,1.00894777512243,6.4225));
#52230=DIRECTION('',(0.,1.,0.));
#52240=VECTOR('',#52230,1.);
#52250=LINE('',#52220,#52240);
#52260=EDGE_CURVE('',#52190,#31660,#52250,.T.);
#52270=ORIENTED_EDGE('',*,*,#52260,.F.);
#52280=ORIENTED_EDGE('',*,*,#31820,.T.);
#52290=ORIENTED_EDGE('',*,*,#43130,.T.);
#52300=CARTESIAN_POINT('',(-0.264789155951266,0.808947775122423,6.4225))
;
#52310=DIRECTION('',(1.,0.,0.));
#52320=VECTOR('',#52310,1.);
#52330=LINE('',#52300,#52320);
#52340=CARTESIAN_POINT('',(-1.01478915595127,0.808947775122425,6.4225));
#52350=VERTEX_POINT('',#52340);
#52360=EDGE_CURVE('',#43060,#52350,#52330,.T.);
#52370=ORIENTED_EDGE('',*,*,#52360,.F.);
#52380=CARTESIAN_POINT('',(-1.01478915595127,1.00894777512243,6.4225));
#52390=DIRECTION('',(0.,1.,0.));
#52400=VECTOR('',#52390,1.);
#52410=LINE('',#52380,#52400);
#52420=CARTESIAN_POINT('',(-1.01478915595127,0.620058886233538,6.4225));
#52430=VERTEX_POINT('',#52420);
#52440=EDGE_CURVE('',#52430,#52350,#52410,.T.);
#52450=ORIENTED_EDGE('',*,*,#52440,.T.);
#52460=CARTESIAN_POINT('',(-0.664789155951267,1.00894777512243,6.4225));
#52470=DIRECTION('',(-0.66896473162245,-0.743294146247166,0.));
#52480=VECTOR('',#52470,1.);
#52490=LINE('',#52460,#52480);
#52500=EDGE_CURVE('',#52430,#32560,#52490,.T.);
#52510=ORIENTED_EDGE('',*,*,#52500,.F.);
#52520=EDGE_LOOP('',(#52510,#52450,#52370,#52290,#52280,#52270,#52210,
#52130));
#52530=FACE_OUTER_BOUND('',#52520,.T.);
#52540=ADVANCED_FACE('',(#52530),#41360,.F.);
#52550=CARTESIAN_POINT('',(-1.01478915595127,1.00894777512243,6.4225));
#52560=DIRECTION('',(0.707106781186548,0.,0.707106781186547));
#52570=DIRECTION('',(-0.707106781186547,0.,0.707106781186548));
#52580=AXIS2_PLACEMENT_3D('',#52550,#52560,#52570);
#52590=PLANE('',#52580);
#52600=CARTESIAN_POINT('',(-0.814789155951266,1.00894777512243,6.2225));
#52610=DIRECTION('',(-0.577350269189626,-0.577350269189626,
0.577350269189626));
#52620=VECTOR('',#52610,1.);
#52630=LINE('',#52600,#52620);
#52640=EDGE_CURVE('',#51930,#52350,#52630,.T.);
#52650=ORIENTED_EDGE('',*,*,#52640,.T.);
#52660=ORIENTED_EDGE('',*,*,#51940,.T.);
#52670=ORIENTED_EDGE('',*,*,#41930,.F.);
#52680=CARTESIAN_POINT('',(-0.972289155951266,1.00894777512243,6.38));
#52690=DIRECTION('',(0.,1.,0.));
#52700=VECTOR('',#52690,1.);
#52710=LINE('',#52680,#52700);
#52720=CARTESIAN_POINT('',(-0.972289155951266,0.667281108455763,6.38));
#52730=VERTEX_POINT('',#52720);
#52740=EDGE_CURVE('',#41840,#52730,#52710,.T.);
#52750=ORIENTED_EDGE('',*,*,#52740,.F.);
#52760=CARTESIAN_POINT('',(-0.664789155951267,1.00894777512243,6.0725));
#52770=DIRECTION('',(0.556021856893694,0.617802063215215,
-0.556021856893694));
#52780=VECTOR('',#52770,1.);
#52790=LINE('',#52760,#52780);
#52800=EDGE_CURVE('',#52430,#52730,#52790,.T.);
#52810=ORIENTED_EDGE('',*,*,#52800,.T.);
#52820=ORIENTED_EDGE('',*,*,#52440,.F.);
#52830=EDGE_LOOP('',(#52820,#52810,#52750,#52670,#52660,#52650));
#52840=FACE_OUTER_BOUND('',#52830,.T.);
#52850=ADVANCED_FACE('',(#52840),#52590,.T.);
#52860=CARTESIAN_POINT('',(-0.264789155951266,-3.37105222487757,6.38));
#52870=DIRECTION('',(0.,0.,1.));
#52880=DIRECTION('',(1.,0.,0.));
#52890=AXIS2_PLACEMENT_3D('',#52860,#52870,#52880);
#52900=PLANE('',#52890);
#52910=ORIENTED_EDGE('',*,*,#41850,.T.);
#52920=ORIENTED_EDGE('',*,*,#51850,.T.);
#52930=CARTESIAN_POINT('',(-4.60678915595127,-3.37105222487757,6.38));
#52940=DIRECTION('',(-0.66896473162245,-0.743294146247166,0.));
#52950=VECTOR('',#52940,1.);
#52960=LINE('',#52930,#52950);
#52970=EDGE_CURVE('',#51780,#52730,#52960,.T.);
#52980=ORIENTED_EDGE('',*,*,#52970,.F.);
#52990=ORIENTED_EDGE('',*,*,#52740,.T.);
#53000=EDGE_LOOP('',(#52990,#52980,#52920,#52910));
#53010=FACE_OUTER_BOUND('',#53000,.T.);
#53020=ADVANCED_FACE('',(#53010),#52900,.F.);
#53030=CARTESIAN_POINT('',(-0.664789155951266,1.00894777512243,8.8025));
#53040=DIRECTION('',(-0.743294146247166,0.66896473162245,0.));
#53050=DIRECTION('',(0.66896473162245,0.743294146247166,0.));
#53060=AXIS2_PLACEMENT_3D('',#53030,#53040,#53050);
#53070=PLANE('',#53060);
#53080=ORIENTED_EDGE('',*,*,#32650,.T.);
#53090=ORIENTED_EDGE('',*,*,#52500,.T.);
#53100=ORIENTED_EDGE('',*,*,#52800,.F.);
#53110=ORIENTED_EDGE('',*,*,#52970,.T.);
#53120=ORIENTED_EDGE('',*,*,#51790,.F.);
#53130=CARTESIAN_POINT('',(-4.60678915595127,-3.37105222487757,6.4575));
#53140=DIRECTION('',(-0.66896473162245,-0.743294146247166,0.));
#53150=VECTOR('',#53140,1.);
#53160=LINE('',#53130,#53150);
#53170=EDGE_CURVE('',#51700,#32640,#53160,.T.);
#53180=ORIENTED_EDGE('',*,*,#53170,.F.);
#53190=EDGE_LOOP('',(#53180,#53120,#53110,#53100,#53090,#53080));
#53200=FACE_OUTER_BOUND('',#53190,.T.);
#53210=ADVANCED_FACE('',(#53200),#53070,.T.);
#53220=CARTESIAN_POINT('',(-0.264789155951266,1.00894777512243,5.1575));
#53230=DIRECTION('',(0.,0.,1.));
#53240=DIRECTION('',(1.,0.,0.));
#53250=AXIS2_PLACEMENT_3D('',#53220,#53230,#53240);
#53260=PLANE('',#53250);
#53270=CARTESIAN_POINT('',(-1.71478915595127,1.00894777512243,5.1575));
#53280=DIRECTION('',(0.,-1.,0.));
#53290=VECTOR('',#53280,1.);
#53300=LINE('',#53270,#53290);
#53310=CARTESIAN_POINT('',(-1.71478915595127,1.00894777512243,5.1575));
#53320=VERTEX_POINT('',#53310);
#53330=CARTESIAN_POINT('',(-1.71478915595127,-1.69105222487758,5.1575));
#53340=VERTEX_POINT('',#53330);
#53350=EDGE_CURVE('',#53320,#53340,#53300,.T.);
#53360=ORIENTED_EDGE('',*,*,#53350,.F.);
#53370=CARTESIAN_POINT('',(-0.264789155951266,-1.69105222487758,5.1575))
;
#53380=DIRECTION('',(1.,0.,0.));
#53390=VECTOR('',#53380,1.);
#53400=LINE('',#53370,#53390);
#53410=CARTESIAN_POINT('',(-1.86478915595127,-1.69105222487758,5.1575));
#53420=VERTEX_POINT('',#53410);
#53430=EDGE_CURVE('',#53420,#53340,#53400,.T.);
#53440=ORIENTED_EDGE('',*,*,#53430,.T.);
#53450=CARTESIAN_POINT('',(-1.86478915595127,1.00894777512243,5.1575));
#53460=DIRECTION('',(0.,1.,0.));
#53470=VECTOR('',#53460,1.);
#53480=LINE('',#53450,#53470);
#53490=CARTESIAN_POINT('',(-1.86478915595127,-3.59105222487757,5.1575));
#53500=VERTEX_POINT('',#53490);
#53510=EDGE_CURVE('',#53500,#53420,#53480,.T.);
#53520=ORIENTED_EDGE('',*,*,#53510,.T.);
#53530=CARTESIAN_POINT('',(-0.264789155951266,-3.59105222487757,5.1575))
;
#53540=DIRECTION('',(-1.,0.,0.));
#53550=VECTOR('',#53540,1.);
#53560=LINE('',#53530,#53550);
#53570=CARTESIAN_POINT('',(-1.21478915595127,-3.59105222487757,5.1575));
#53580=VERTEX_POINT('',#53570);
#53590=EDGE_CURVE('',#53580,#53500,#53560,.T.);
#53600=ORIENTED_EDGE('',*,*,#53590,.T.);
#53610=CARTESIAN_POINT('',(-1.21478915595127,1.00894777512243,5.1575));
#53620=DIRECTION('',(0.,1.,0.));
#53630=VECTOR('',#53620,1.);
#53640=LINE('',#53610,#53630);
#53650=CARTESIAN_POINT('',(-1.21478915595127,-0.0160522248775749,5.1575)
);
#53660=VERTEX_POINT('',#53650);
#53670=EDGE_CURVE('',#53580,#53660,#53640,.T.);
#53680=ORIENTED_EDGE('',*,*,#53670,.F.);
#53690=CARTESIAN_POINT('',(-1.08978915595127,-0.016052224877575,5.1575))
;
#53700=DIRECTION('',(0.,0.,1.));
#53710=DIRECTION('',(1.,0.,0.));
#53720=AXIS2_PLACEMENT_3D('',#53690,#53700,#53710);
#53730=CIRCLE('',#53720,0.125);
#53740=CARTESIAN_POINT('',(-0.964789155951266,-0.016052224877575,5.1575)
);
#53750=VERTEX_POINT('',#53740);
#53760=EDGE_CURVE('',#53750,#53660,#53730,.T.);
#53770=ORIENTED_EDGE('',*,*,#53760,.T.);
#53780=CARTESIAN_POINT('',(-0.964789155951266,1.00894777512243,5.1575));
#53790=DIRECTION('',(0.,-1.,0.));
#53800=VECTOR('',#53790,1.);
#53810=LINE('',#53780,#53800);
#53820=CARTESIAN_POINT('',(-0.964789155951266,-1.69105222487758,5.1575))
;
#53830=VERTEX_POINT('',#53820);
#53840=EDGE_CURVE('',#53750,#53830,#53810,.T.);
#53850=ORIENTED_EDGE('',*,*,#53840,.F.);
#53860=CARTESIAN_POINT('',(-0.264789155951266,-1.69105222487758,5.1575))
;
#53870=DIRECTION('',(1.,0.,0.));
#53880=VECTOR('',#53870,1.);
#53890=LINE('',#53860,#53880);
#53900=EDGE_CURVE('',#53830,#51110,#53890,.T.);
#53910=ORIENTED_EDGE('',*,*,#53900,.F.);
#53920=ORIENTED_EDGE('',*,*,#51120,.T.);
#53930=CARTESIAN_POINT('',(-0.264789155951266,1.00894777512243,5.1575));
#53940=DIRECTION('',(-1.,0.,0.));
#53950=VECTOR('',#53940,1.);
#53960=LINE('',#53930,#53950);
#53970=EDGE_CURVE('',#51030,#53320,#53960,.T.);
#53980=ORIENTED_EDGE('',*,*,#53970,.F.);
#53990=EDGE_LOOP('',(#53980,#53920,#53910,#53850,#53770,#53680,#53600,
#53520,#53440,#53360));
#54000=FACE_OUTER_BOUND('',#53990,.T.);
#54010=ADVANCED_FACE('',(#54000),#53260,.F.);
#54020=CARTESIAN_POINT('',(-1.36478915595127,-2.39105222487758,33.055));
#54030=DIRECTION('',(1.,0.,0.));
#54040=DIRECTION('',(0.,1.,0.));
#54050=AXIS2_PLACEMENT_3D('',#54020,#54030,#54040);
#54060=PLANE('',#54050);
#54070=ORIENTED_EDGE('',*,*,#31670,.T.);
#54080=ORIENTED_EDGE('',*,*,#52260,.T.);
#54090=CARTESIAN_POINT('',(-1.36478915595124,-2.39105222487758,-1.765));
#54100=DIRECTION('',(0.,0.,-1.));
#54110=VECTOR('',#54100,1.);
#54120=LINE('',#54090,#54110);
#54130=EDGE_CURVE('',#2980,#52190,#54120,.T.);
#54140=ORIENTED_EDGE('',*,*,#54130,.T.);
#54150=ORIENTED_EDGE('',*,*,#2990,.F.);
#54160=EDGE_LOOP('',(#54150,#54140,#54080,#54070));
#54170=FACE_OUTER_BOUND('',#54160,.T.);
#54180=ADVANCED_FACE('',(#54170),#54060,.T.);
#54190=CARTESIAN_POINT('',(-0.254789155951266,-0.770311280490546,
6.1615248755669));
#54200=DIRECTION('',(1.,0.,0.));
#54210=DIRECTION('',(0.,1.,0.));
#54220=AXIS2_PLACEMENT_3D('',#54190,#54200,#54210);
#54230=PLANE('',#54220);
#54240=ORIENTED_EDGE('',*,*,#36560,.T.);
#54250=CARTESIAN_POINT('',(-0.254789155951266,1.00894777512243,5.7575));
#54260=DIRECTION('',(0.,1.,0.));
#54270=VECTOR('',#54260,1.);
#54280=LINE('',#54250,#54270);
#54290=EDGE_CURVE('',#39560,#36530,#54280,.T.);
#54300=ORIENTED_EDGE('',*,*,#54290,.T.);
#54310=ORIENTED_EDGE('',*,*,#39570,.F.);
#54320=EDGE_CURVE('',#43600,#39480,#54280,.T.);
#54330=ORIENTED_EDGE('',*,*,#54320,.T.);
#54340=ORIENTED_EDGE('',*,*,#43610,.F.);
#54350=ORIENTED_EDGE('',*,*,#33620,.T.);
#54360=CARTESIAN_POINT('',(-0.254789155951266,1.00894777512243,8.3275));
#54370=DIRECTION('',(0.,0.,1.));
#54380=VECTOR('',#54370,1.);
#54390=LINE('',#54360,#54380);
#54400=EDGE_CURVE('',#33590,#41200,#54390,.T.);
#54410=ORIENTED_EDGE('',*,*,#54400,.F.);
#54420=ORIENTED_EDGE('',*,*,#41210,.T.);
#54430=EDGE_LOOP('',(#54420,#54410,#54350,#54340,#54330,#54310,#54300,
#54240));
#54440=FACE_OUTER_BOUND('',#54430,.T.);
#54450=ADVANCED_FACE('',(#54440),#54230,.F.);
#54460=CARTESIAN_POINT('',(-1.81478915595127,2.00894777512243,5.7575));
#54470=DIRECTION('',(1.,0.,0.));
#54480=DIRECTION('',(0.,-1.,0.));
#54490=AXIS2_PLACEMENT_3D('',#54460,#54470,#54480);
#54500=PLANE('',#54490);
#54510=ORIENTED_EDGE('',*,*,#34170,.T.);
#54520=ORIENTED_EDGE('',*,*,#41660,.F.);
#54530=CARTESIAN_POINT('',(-1.81478915595127,1.30894777512243,5.7575));
#54540=DIRECTION('',(0.,0.,-1.));
#54550=VECTOR('',#54540,1.);
#54560=LINE('',#54530,#54550);
#54570=CARTESIAN_POINT('',(-1.81478915595127,1.30894777512243,
5.35750000000001));
#54580=VERTEX_POINT('',#54570);
#54590=EDGE_CURVE('',#41590,#54580,#54560,.T.);
#54600=ORIENTED_EDGE('',*,*,#54590,.F.);
#54610=CARTESIAN_POINT('',(-1.81478915595127,-3.37105222487757,
5.35750000000001));
#54620=DIRECTION('',(0.,-1.,0.));
#54630=VECTOR('',#54620,1.);
#54640=LINE('',#54610,#54630);
#54650=EDGE_CURVE('',#34160,#54580,#54640,.T.);
#54660=ORIENTED_EDGE('',*,*,#54650,.T.);
#54670=EDGE_LOOP('',(#54660,#54600,#54520,#54510));
#54680=FACE_OUTER_BOUND('',#54670,.T.);
#54690=ADVANCED_FACE('',(#54680),#54500,.F.);
#54700=CARTESIAN_POINT('',(-1.23978915595127,0.908947775122425,6.3225));
#54710=DIRECTION('',(0.,0.707106781186547,0.707106781186548));
#54720=DIRECTION('',(0.,0.707106781186548,-0.707106781186547));
#54730=AXIS2_PLACEMENT_3D('',#54700,#54710,#54720);
#54740=PLANE('',#54730);
#54750=ORIENTED_EDGE('',*,*,#43070,.T.);
#54760=CARTESIAN_POINT('',(-0.264789155951266,1.00894777512243,6.2225));
#54770=DIRECTION('',(-1.,0.,0.));
#54780=VECTOR('',#54770,1.);
#54790=LINE('',#54760,#54780);
#54800=EDGE_CURVE('',#51930,#42980,#54790,.T.);
#54810=ORIENTED_EDGE('',*,*,#54800,.T.);
#54820=ORIENTED_EDGE('',*,*,#52640,.F.);
#54830=ORIENTED_EDGE('',*,*,#52360,.T.);
#54840=EDGE_LOOP('',(#54830,#54820,#54810,#54750));
#54850=FACE_OUTER_BOUND('',#54840,.T.);
#54860=ADVANCED_FACE('',(#54850),#54740,.T.);
#54870=CARTESIAN_POINT('',(-1.06478915595127,-2.39105222487758,33.055));
#54880=DIRECTION('',(0.,1.,0.));
#54890=DIRECTION('',(-1.,0.,0.));
#54900=AXIS2_PLACEMENT_3D('',#54870,#54880,#54890);
#54910=PLANE('',#54900);
#54920=ORIENTED_EDGE('',*,*,#54130,.F.);
#54930=ORIENTED_EDGE('',*,*,#52200,.F.);
#54940=ORIENTED_EDGE('',*,*,#32490,.T.);
#54950=ORIENTED_EDGE('',*,*,#27250,.F.);
#54960=ORIENTED_EDGE('',*,*,#3070,.T.);
#54970=EDGE_LOOP('',(#54960,#54950,#54940,#54930,#54920));
#54980=FACE_OUTER_BOUND('',#54970,.T.);
#54990=ADVANCED_FACE('',(#54980),#54910,.T.);
#55000=CARTESIAN_POINT('',(-0.464789155951266,-1.73105222487757,
5.35750000000001));
#55010=DIRECTION('',(0.,0.,1.));
#55020=DIRECTION('',(1.,0.,0.));
#55030=AXIS2_PLACEMENT_3D('',#55000,#55010,#55020);
#55040=PLANE('',#55030);
#55050=ORIENTED_EDGE('',*,*,#34250,.T.);
#55060=ORIENTED_EDGE('',*,*,#54650,.F.);
#55070=CARTESIAN_POINT('',(-0.464789155951266,1.30894777512243,
5.35750000000001));
#55080=DIRECTION('',(1.,0.,0.));
#55090=VECTOR('',#55080,1.);
#55100=LINE('',#55070,#55090);
#55110=CARTESIAN_POINT('',(-0.0647891559512658,1.30894777512243,
5.35750000000001));
#55120=VERTEX_POINT('',#55110);
#55130=EDGE_CURVE('',#54580,#55120,#55100,.T.);
#55140=ORIENTED_EDGE('',*,*,#55130,.F.);
#55150=CARTESIAN_POINT('',(-0.0647891559512658,-1.73105222487757,
5.35750000000001));
#55160=DIRECTION('',(0.,1.,0.));
#55170=VECTOR('',#55160,1.);
#55180=LINE('',#55150,#55170);
#55190=EDGE_CURVE('',#55120,#42150,#55180,.T.);
#55200=ORIENTED_EDGE('',*,*,#55190,.F.);
#55210=ORIENTED_EDGE('',*,*,#42160,.F.);
#55220=EDGE_LOOP('',(#55210,#55200,#55140,#55060,#55050));
#55230=FACE_OUTER_BOUND('',#55220,.T.);
#55240=ADVANCED_FACE('',(#55230),#55040,.F.);
#55250=CARTESIAN_POINT('',(-0.44011229673397,-2.19517762655054,12.0575))
;
#55260=DIRECTION('',(0.,0.,1.));
#55270=DIRECTION('',(0.,1.,0.));
#55280=AXIS2_PLACEMENT_3D('',#55250,#55260,#55270);
#55290=PLANE('',#55280);
#55300=CARTESIAN_POINT('',(-0.264789155951266,-1.19105222487757,12.0575)
);
#55310=DIRECTION('',(1.,0.,0.));
#55320=VECTOR('',#55310,1.);
#55330=LINE('',#55300,#55320);
#55340=CARTESIAN_POINT('',(-0.464789155951266,-1.19105222487757,12.0575)
);
#55350=VERTEX_POINT('',#55340);
#55360=CARTESIAN_POINT('',(-0.322524182870228,-1.19105222487757,12.0575)
);
#55370=VERTEX_POINT('',#55360);
#55380=EDGE_CURVE('',#55350,#55370,#55330,.T.);
#55390=ORIENTED_EDGE('',*,*,#55380,.T.);
#55400=CARTESIAN_POINT('',(-0.464789155951266,1.00894777512243,12.0575))
;
#55410=DIRECTION('',(0.,-1.,0.));
#55420=VECTOR('',#55410,1.);
#55430=LINE('',#55400,#55420);
#55440=CARTESIAN_POINT('',(-0.464789155951266,-1.09105222487757,12.0575)
);
#55450=VERTEX_POINT('',#55440);
#55460=EDGE_CURVE('',#55450,#55350,#55430,.T.);
#55470=ORIENTED_EDGE('',*,*,#55460,.T.);
#55480=CARTESIAN_POINT('',(-0.464789155951266,-1.29105222487757,12.0575)
);
#55490=DIRECTION('',(0.,0.,1.));
#55500=DIRECTION('',(0.,1.,0.));
#55510=AXIS2_PLACEMENT_3D('',#55480,#55490,#55500);
#55520=CIRCLE('',#55510,0.2);
#55530=CARTESIAN_POINT('',(-0.364789155951266,-1.11784714412069,12.0575)
);
#55540=VERTEX_POINT('',#55530);
#55550=EDGE_CURVE('',#55540,#55450,#55520,.T.);
#55560=ORIENTED_EDGE('',*,*,#55550,.T.);
#55570=CARTESIAN_POINT('',(-0.600580113963836,-0.709445224877575,12.0575
));
#55580=DIRECTION('',(0.5,-0.866025403784439,0.));
#55590=VECTOR('',#55580,1.);
#55600=LINE('',#55570,#55590);
#55610=EDGE_CURVE('',#55540,#55370,#55600,.T.);
#55620=ORIENTED_EDGE('',*,*,#55610,.F.);
#55630=EDGE_LOOP('',(#55620,#55560,#55470,#55390));
#55640=FACE_OUTER_BOUND('',#55630,.T.);
#55650=ADVANCED_FACE('',(#55640),#55290,.T.);
#55660=CARTESIAN_POINT('',(-0.364789155951266,-1.11784714412069,11.8675)
);
#55670=DIRECTION('',(0.866025403784439,0.5,0.));
#55680=DIRECTION('',(0.5,-0.866025403784439,0.));
#55690=AXIS2_PLACEMENT_3D('',#55660,#55670,#55680);
#55700=PLANE('',#55690);
#55710=CARTESIAN_POINT('',(-0.322524182870228,-1.19105222487757,9.235));
#55720=DIRECTION('',(0.,0.,-1.));
#55730=VECTOR('',#55720,1.);
#55740=LINE('',#55710,#55730);
#55750=CARTESIAN_POINT('',(-0.322524182870228,-1.19105222487757,11.86));
#55760=VERTEX_POINT('',#55750);
#55770=CARTESIAN_POINT('',(-0.322524182870228,-1.19105222487757,11.8575)
);
#55780=VERTEX_POINT('',#55770);
#55790=EDGE_CURVE('',#55760,#55780,#55740,.T.);
#55800=ORIENTED_EDGE('',*,*,#55790,.T.);
#55810=CARTESIAN_POINT('',(-1.5926947750874,1.00894777512243,11.86));
#55820=DIRECTION('',(-0.5,0.866025403784439,0.));
#55830=VECTOR('',#55820,1.);
#55840=LINE('',#55810,#55830);
#55850=CARTESIAN_POINT('',(-0.264789155951266,-1.29105222487757,11.86));
#55860=VERTEX_POINT('',#55850);
#55870=EDGE_CURVE('',#55860,#55760,#55840,.T.);
#55880=ORIENTED_EDGE('',*,*,#55870,.T.);
#55890=CARTESIAN_POINT('',(-0.264789155951266,-1.29105222487758,9.235));
#55900=DIRECTION('',(0.,0.,-1.));
#55910=VECTOR('',#55900,1.);
#55920=LINE('',#55890,#55910);
#55930=CARTESIAN_POINT('',(-0.264789155951266,-1.29105222487757,12.055))
;
#55940=VERTEX_POINT('',#55930);
#55950=EDGE_CURVE('',#55940,#55860,#55920,.T.);
#55960=ORIENTED_EDGE('',*,*,#55950,.T.);
#55970=CARTESIAN_POINT('',(-1.5926947750874,1.00894777512243,12.055));
#55980=DIRECTION('',(-0.5,0.866025403784439,0.));
#55990=VECTOR('',#55980,1.);
#56000=LINE('',#55970,#55990);
#56010=CARTESIAN_POINT('',(-0.322524182870229,-1.19105222487757,12.055))
;
#56020=VERTEX_POINT('',#56010);
#56030=EDGE_CURVE('',#55940,#56020,#56000,.T.);
#56040=ORIENTED_EDGE('',*,*,#56030,.F.);
#56050=CARTESIAN_POINT('',(-0.322524182870228,-1.19105222487757,9.235));
#56060=DIRECTION('',(0.,0.,-1.));
#56070=VECTOR('',#56060,1.);
#56080=LINE('',#56050,#56070);
#56090=EDGE_CURVE('',#55370,#56020,#56080,.T.);
#56100=ORIENTED_EDGE('',*,*,#56090,.T.);
#56110=ORIENTED_EDGE('',*,*,#55610,.T.);
#56120=CARTESIAN_POINT('',(-0.364789155951266,-1.11784714412069,12.0475)
);
#56130=DIRECTION('',(0.,0.,1.));
#56140=VECTOR('',#56130,1.);
#56150=LINE('',#56120,#56140);
#56160=CARTESIAN_POINT('',(-0.364789155951266,-1.11784714412069,11.8575)
);
#56170=VERTEX_POINT('',#56160);
#56180=EDGE_CURVE('',#56170,#55540,#56150,.T.);
#56190=ORIENTED_EDGE('',*,*,#56180,.T.);
#56200=CARTESIAN_POINT('',(-0.600580113963836,-0.709445224877575,11.8575
));
#56210=DIRECTION('',(0.5,-0.866025403784439,0.));
#56220=VECTOR('',#56210,1.);
#56230=LINE('',#56200,#56220);
#56240=EDGE_CURVE('',#56170,#55780,#56230,.T.);
#56250=ORIENTED_EDGE('',*,*,#56240,.F.);
#56260=EDGE_LOOP('',(#56250,#56190,#56110,#56100,#56040,#55960,#55880,
#55800));
#56270=FACE_OUTER_BOUND('',#56260,.T.);
#56280=ADVANCED_FACE('',(#56270),#55700,.T.);
#56290=CARTESIAN_POINT('',(-0.464789155951266,-1.52105222487757,33.1575)
);
#56300=DIRECTION('',(1.,0.,0.));
#56310=DIRECTION('',(0.,1.,0.));
#56320=AXIS2_PLACEMENT_3D('',#56290,#56300,#56310);
#56330=PLANE('',#56320);
#56340=CARTESIAN_POINT('',(-0.464789155951266,-1.19105222487757,9.235));
#56350=DIRECTION('',(0.,0.,-1.));
#56360=VECTOR('',#56350,1.);
#56370=LINE('',#56340,#56360);
#56380=CARTESIAN_POINT('',(-0.464789155951266,-1.19105222487757,11.8575)
);
#56390=VERTEX_POINT('',#56380);
#56400=CARTESIAN_POINT('',(-0.464789155951266,-1.19105222487757,11.5575)
);
#56410=VERTEX_POINT('',#56400);
#56420=EDGE_CURVE('',#56390,#56410,#56370,.T.);
#56430=ORIENTED_EDGE('',*,*,#56420,.T.);
#56440=CARTESIAN_POINT('',(-0.464789155951266,1.00894777512243,11.8575))
;
#56450=DIRECTION('',(0.,1.,0.));
#56460=VECTOR('',#56450,1.);
#56470=LINE('',#56440,#56460);
#56480=CARTESIAN_POINT('',(-0.464789155951266,-1.09105222487757,11.8575)
);
#56490=VERTEX_POINT('',#56480);
#56500=EDGE_CURVE('',#56390,#56490,#56470,.T.);
#56510=ORIENTED_EDGE('',*,*,#56500,.F.);
#56520=CARTESIAN_POINT('',(-0.464789155951266,-1.09105222487758,33.1575)
);
#56530=DIRECTION('',(0.,0.,-1.));
#56540=VECTOR('',#56530,1.);
#56550=LINE('',#56520,#56540);
#56560=CARTESIAN_POINT('',(-0.464789155951266,-1.09105222487757,11.5575)
);
#56570=VERTEX_POINT('',#56560);
#56580=EDGE_CURVE('',#56490,#56570,#56550,.T.);
#56590=ORIENTED_EDGE('',*,*,#56580,.F.);
#56600=CARTESIAN_POINT('',(-0.464789155951266,1.00894777512243,11.5575))
;
#56610=DIRECTION('',(0.,-1.,0.));
#56620=VECTOR('',#56610,1.);
#56630=LINE('',#56600,#56620);
#56640=EDGE_CURVE('',#56570,#56410,#56630,.T.);
#56650=ORIENTED_EDGE('',*,*,#56640,.F.);
#56660=EDGE_LOOP('',(#56650,#56590,#56510,#56430));
#56670=FACE_OUTER_BOUND('',#56660,.T.);
#56680=ADVANCED_FACE('',(#56670),#56330,.T.);
#56690=CARTESIAN_POINT('',(-1.45941818394728,-1.06738394494655,11.8575))
;
#56700=DIRECTION('',(0.,0.,-1.));
#56710=DIRECTION('',(-1.,0.,0.));
#56720=AXIS2_PLACEMENT_3D('',#56690,#56700,#56710);
#56730=PLANE('',#56720);
#56740=ORIENTED_EDGE('',*,*,#56500,.T.);
#56750=CARTESIAN_POINT('',(-0.264789155951266,-1.19105222487757,11.8575)
);
#56760=DIRECTION('',(-1.,0.,0.));
#56770=VECTOR('',#56760,1.);
#56780=LINE('',#56750,#56770);
#56790=EDGE_CURVE('',#55780,#56390,#56780,.T.);
#56800=ORIENTED_EDGE('',*,*,#56790,.T.);
#56810=ORIENTED_EDGE('',*,*,#56240,.T.);
#56820=CARTESIAN_POINT('',(-0.464789155951266,-1.29105222487757,11.8575)
);
#56830=DIRECTION('',(0.,0.,1.));
#56840=DIRECTION('',(0.,1.,0.));
#56850=AXIS2_PLACEMENT_3D('',#56820,#56830,#56840);
#56860=CIRCLE('',#56850,0.2);
#56870=EDGE_CURVE('',#56170,#56490,#56860,.T.);
#56880=ORIENTED_EDGE('',*,*,#56870,.F.);
#56890=EDGE_LOOP('',(#56880,#56810,#56800,#56740));
#56900=FACE_OUTER_BOUND('',#56890,.T.);
#56910=ADVANCED_FACE('',(#56900),#56730,.T.);
#56920=CARTESIAN_POINT('',(-0.44011229673397,-2.19517762655054,11.5575))
;
#56930=DIRECTION('',(0.,0.,1.));
#56940=DIRECTION('',(0.,1.,0.));
#56950=AXIS2_PLACEMENT_3D('',#56920,#56930,#56940);
#56960=PLANE('',#56950);
#56970=CARTESIAN_POINT('',(-0.264789155951266,-1.19105222487757,11.5575)
);
#56980=DIRECTION('',(1.,0.,0.));
#56990=VECTOR('',#56980,1.);
#57000=LINE('',#56970,#56990);
#57010=CARTESIAN_POINT('',(-0.322524182870228,-1.19105222487757,11.5575)
);
#57020=VERTEX_POINT('',#57010);
#57030=EDGE_CURVE('',#56410,#57020,#57000,.T.);
#57040=ORIENTED_EDGE('',*,*,#57030,.T.);
#57050=ORIENTED_EDGE('',*,*,#56640,.T.);
#57060=CARTESIAN_POINT('',(-0.464789155951266,-1.29105222487757,11.5575)
);
#57070=DIRECTION('',(0.,0.,1.));
#57080=DIRECTION('',(0.,1.,0.));
#57090=AXIS2_PLACEMENT_3D('',#57060,#57070,#57080);
#57100=CIRCLE('',#57090,0.2);
#57110=CARTESIAN_POINT('',(-0.364789155951266,-1.11784714412069,11.5575)
);
#57120=VERTEX_POINT('',#57110);
#57130=EDGE_CURVE('',#57120,#56570,#57100,.T.);
#57140=ORIENTED_EDGE('',*,*,#57130,.T.);
#57150=CARTESIAN_POINT('',(-0.600580113963836,-0.709445224877575,11.5575
));
#57160=DIRECTION('',(0.5,-0.866025403784439,0.));
#57170=VECTOR('',#57160,1.);
#57180=LINE('',#57150,#57170);
#57190=EDGE_CURVE('',#57120,#57020,#57180,.T.);
#57200=ORIENTED_EDGE('',*,*,#57190,.F.);
#57210=EDGE_LOOP('',(#57200,#57140,#57050,#57040));
#57220=FACE_OUTER_BOUND('',#57210,.T.);
#57230=ADVANCED_FACE('',(#57220),#56960,.T.);
#57240=CARTESIAN_POINT('',(-0.364789155951266,-1.11784714412069,11.3675)
);
#57250=DIRECTION('',(0.866025403784439,0.5,0.));
#57260=DIRECTION('',(0.5,-0.866025403784439,0.));
#57270=AXIS2_PLACEMENT_3D('',#57240,#57250,#57260);
#57280=PLANE('',#57270);
#57290=CARTESIAN_POINT('',(-0.322524182870228,-1.19105222487757,9.235));
#57300=DIRECTION('',(0.,0.,-1.));
#57310=VECTOR('',#57300,1.);
#57320=LINE('',#57290,#57310);
#57330=CARTESIAN_POINT('',(-0.322524182870229,-1.19105222487757,11.555))
;
#57340=VERTEX_POINT('',#57330);
#57350=EDGE_CURVE('',#57020,#57340,#57320,.T.);
#57360=ORIENTED_EDGE('',*,*,#57350,.T.);
#57370=ORIENTED_EDGE('',*,*,#57190,.T.);
#57380=CARTESIAN_POINT('',(-0.364789155951266,-1.11784714412069,11.5475)
);
#57390=DIRECTION('',(0.,0.,1.));
#57400=VECTOR('',#57390,1.);
#57410=LINE('',#57380,#57400);
#57420=CARTESIAN_POINT('',(-0.364789155951266,-1.11784714412069,11.3575)
);
#57430=VERTEX_POINT('',#57420);
#57440=EDGE_CURVE('',#57430,#57120,#57410,.T.);
#57450=ORIENTED_EDGE('',*,*,#57440,.T.);
#57460=CARTESIAN_POINT('',(-0.600580113963836,-0.709445224877575,11.3575
));
#57470=DIRECTION('',(0.5,-0.866025403784439,0.));
#57480=VECTOR('',#57470,1.);
#57490=LINE('',#57460,#57480);
#57500=CARTESIAN_POINT('',(-0.322524182870228,-1.19105222487757,11.3575)
);
#57510=VERTEX_POINT('',#57500);
#57520=EDGE_CURVE('',#57430,#57510,#57490,.T.);
#57530=ORIENTED_EDGE('',*,*,#57520,.F.);
#57540=CARTESIAN_POINT('',(-0.322524182870228,-1.19105222487757,9.235));
#57550=DIRECTION('',(0.,0.,-1.));
#57560=VECTOR('',#57550,1.);
#57570=LINE('',#57540,#57560);
#57580=CARTESIAN_POINT('',(-0.322524182870228,-1.19105222487757,11.36));
#57590=VERTEX_POINT('',#57580);
#57600=EDGE_CURVE('',#57590,#57510,#57570,.T.);
#57610=ORIENTED_EDGE('',*,*,#57600,.T.);
#57620=CARTESIAN_POINT('',(-1.5926947750874,1.00894777512243,11.36));
#57630=DIRECTION('',(-0.5,0.866025403784439,0.));
#57640=VECTOR('',#57630,1.);
#57650=LINE('',#57620,#57640);
#57660=CARTESIAN_POINT('',(-0.264789155951266,-1.29105222487757,11.36));
#57670=VERTEX_POINT('',#57660);
#57680=EDGE_CURVE('',#57670,#57590,#57650,.T.);
#57690=ORIENTED_EDGE('',*,*,#57680,.T.);
#57700=CARTESIAN_POINT('',(-0.264789155951266,-1.29105222487758,9.235));
#57710=DIRECTION('',(0.,0.,-1.));
#57720=VECTOR('',#57710,1.);
#57730=LINE('',#57700,#57720);
#57740=CARTESIAN_POINT('',(-0.264789155951266,-1.29105222487757,11.555))
;
#57750=VERTEX_POINT('',#57740);
#57760=EDGE_CURVE('',#57750,#57670,#57730,.T.);
#57770=ORIENTED_EDGE('',*,*,#57760,.T.);
#57780=CARTESIAN_POINT('',(-1.5926947750874,1.00894777512243,11.555));
#57790=DIRECTION('',(-0.5,0.866025403784439,0.));
#57800=VECTOR('',#57790,1.);
#57810=LINE('',#57780,#57800);
#57820=EDGE_CURVE('',#57750,#57340,#57810,.T.);
#57830=ORIENTED_EDGE('',*,*,#57820,.F.);
#57840=EDGE_LOOP('',(#57830,#57770,#57690,#57610,#57530,#57450,#57370,
#57360));
#57850=FACE_OUTER_BOUND('',#57840,.T.);
#57860=ADVANCED_FACE('',(#57850),#57280,.T.);
#57870=CARTESIAN_POINT('',(-0.264789155951266,-1.19105222487757,11.36));
#57880=DIRECTION('',(1.,0.,0.));
#57890=DIRECTION('',(0.,-1.,0.));
#57900=AXIS2_PLACEMENT_3D('',#57870,#57880,#57890);
#57910=PLANE('',#57900);
#57920=ORIENTED_EDGE('',*,*,#57760,.F.);
#57930=CARTESIAN_POINT('',(-0.264789155951266,1.00894777512243,11.36));
#57940=DIRECTION('',(0.,1.,0.));
#57950=VECTOR('',#57940,1.);
#57960=LINE('',#57930,#57950);
#57970=CARTESIAN_POINT('',(-0.264789155951266,-1.19105222487757,11.36));
#57980=VERTEX_POINT('',#57970);
#57990=EDGE_CURVE('',#57670,#57980,#57960,.T.);
#58000=ORIENTED_EDGE('',*,*,#57990,.F.);
#58010=CARTESIAN_POINT('',(-0.264789155951266,-1.19105222487757,11.36));
#58020=DIRECTION('',(0.,0.,1.));
#58030=VECTOR('',#58020,1.);
#58040=LINE('',#58010,#58030);
#58050=CARTESIAN_POINT('',(-0.264789155951266,-1.19105222487757,11.555))
;
#58060=VERTEX_POINT('',#58050);
#58070=EDGE_CURVE('',#57980,#58060,#58040,.T.);
#58080=ORIENTED_EDGE('',*,*,#58070,.F.);
#58090=CARTESIAN_POINT('',(-0.264789155951266,1.00894777512243,11.555));
#58100=DIRECTION('',(0.,-1.,0.));
#58110=VECTOR('',#58100,1.);
#58120=LINE('',#58090,#58110);
#58130=EDGE_CURVE('',#58060,#57750,#58120,.T.);
#58140=ORIENTED_EDGE('',*,*,#58130,.F.);
#58150=EDGE_LOOP('',(#58140,#58080,#58000,#57920));
#58160=FACE_OUTER_BOUND('',#58150,.T.);
#58170=ADVANCED_FACE('',(#58160),#57910,.F.);
#58180=CARTESIAN_POINT('',(-2.01478915595127,1.00894777512243,11.555));
#58190=DIRECTION('',(0.,0.,-1.));
#58200=DIRECTION('',(-1.,0.,0.));
#58210=AXIS2_PLACEMENT_3D('',#58180,#58190,#58200);
#58220=PLANE('',#58210);
#58230=ORIENTED_EDGE('',*,*,#57820,.T.);
#58240=ORIENTED_EDGE('',*,*,#58130,.T.);
#58250=CARTESIAN_POINT('',(-2.01478915595127,-1.19105222487757,11.555));
#58260=DIRECTION('',(-1.,0.,0.));
#58270=VECTOR('',#58260,1.);
#58280=LINE('',#58250,#58270);
#58290=EDGE_CURVE('',#58060,#57340,#58280,.T.);
#58300=ORIENTED_EDGE('',*,*,#58290,.F.);
#58310=EDGE_LOOP('',(#58300,#58240,#58230));
#58320=FACE_OUTER_BOUND('',#58310,.T.);
#58330=ADVANCED_FACE('',(#58320),#58220,.T.);
#58340=CARTESIAN_POINT('',(-0.264789155951265,-1.19105222487757,11.555))
;
#58350=DIRECTION('',(0.,-1.,0.));
#58360=DIRECTION('',(-1.,0.,0.));
#58370=AXIS2_PLACEMENT_3D('',#58340,#58350,#58360);
#58380=PLANE('',#58370);
#58390=ORIENTED_EDGE('',*,*,#57030,.F.);
#58400=ORIENTED_EDGE('',*,*,#57350,.F.);
#58410=ORIENTED_EDGE('',*,*,#58290,.T.);
#58420=CARTESIAN_POINT('',(-0.264789155951265,-1.19105222487757,11.555))
;
#58430=DIRECTION('',(0.,0.,1.));
#58440=VECTOR('',#58430,1.);
#58450=LINE('',#58420,#58440);
#58460=CARTESIAN_POINT('',(-0.264789155951266,-1.19105222487757,11.86));
#58470=VERTEX_POINT('',#58460);
#58480=EDGE_CURVE('',#58060,#58470,#58450,.T.);
#58490=ORIENTED_EDGE('',*,*,#58480,.F.);
#58500=CARTESIAN_POINT('',(-0.264789155951266,-1.19105222487757,11.86));
#58510=DIRECTION('',(1.,0.,0.));
#58520=VECTOR('',#58510,1.);
#58530=LINE('',#58500,#58520);
#58540=EDGE_CURVE('',#55760,#58470,#58530,.T.);
#58550=ORIENTED_EDGE('',*,*,#58540,.T.);
#58560=ORIENTED_EDGE('',*,*,#55790,.F.);
#58570=ORIENTED_EDGE('',*,*,#56790,.F.);
#58580=ORIENTED_EDGE('',*,*,#56420,.F.);
#58590=EDGE_LOOP('',(#58580,#58570,#58560,#58550,#58490,#58410,#58400,
#58390));
#58600=FACE_OUTER_BOUND('',#58590,.T.);
#58610=ADVANCED_FACE('',(#58600),#58380,.F.);
#58620=CARTESIAN_POINT('',(-0.464789155951266,-1.19105222487757,9.235));
#58630=DIRECTION('',(0.,0.,-1.));
#58640=VECTOR('',#58630,1.);
#58650=LINE('',#58620,#58640);
#58660=CARTESIAN_POINT('',(-0.464789155951266,-1.19105222487757,10.8575)
);
#58670=VERTEX_POINT('',#58660);
#58680=CARTESIAN_POINT('',(-0.464789155951266,-1.19105222487757,10.5575)
);
#58690=VERTEX_POINT('',#58680);
#58700=EDGE_CURVE('',#58670,#58690,#58650,.T.);
#58710=ORIENTED_EDGE('',*,*,#58700,.T.);
#58720=CARTESIAN_POINT('',(-0.464789155951266,1.00894777512243,10.8575))
;
#58730=DIRECTION('',(0.,1.,0.));
#58740=VECTOR('',#58730,1.);
#58750=LINE('',#58720,#58740);
#58760=CARTESIAN_POINT('',(-0.464789155951266,-1.09105222487757,10.8575)
);
#58770=VERTEX_POINT('',#58760);
#58780=EDGE_CURVE('',#58670,#58770,#58750,.T.);
#58790=ORIENTED_EDGE('',*,*,#58780,.F.);
#58800=CARTESIAN_POINT('',(-0.464789155951266,-1.09105222487757,10.5575)
);
#58810=VERTEX_POINT('',#58800);
#58820=EDGE_CURVE('',#58770,#58810,#56550,.T.);
#58830=ORIENTED_EDGE('',*,*,#58820,.F.);
#58840=CARTESIAN_POINT('',(-0.464789155951266,1.00894777512243,10.5575))
;
#58850=DIRECTION('',(0.,-1.,0.));
#58860=VECTOR('',#58850,1.);
#58870=LINE('',#58840,#58860);
#58880=EDGE_CURVE('',#58810,#58690,#58870,.T.);
#58890=ORIENTED_EDGE('',*,*,#58880,.F.);
#58900=EDGE_LOOP('',(#58890,#58830,#58790,#58710));
#58910=FACE_OUTER_BOUND('',#58900,.T.);
#58920=ADVANCED_FACE('',(#58910),#56330,.T.);
#58930=CARTESIAN_POINT('',(-0.364789155951266,-1.11784714412069,10.8675)
);
#58940=DIRECTION('',(0.866025403784439,0.5,0.));
#58950=DIRECTION('',(0.5,-0.866025403784439,0.));
#58960=AXIS2_PLACEMENT_3D('',#58930,#58940,#58950);
#58970=PLANE('',#58960);
#58980=CARTESIAN_POINT('',(-0.322524182870228,-1.19105222487757,9.235));
#58990=DIRECTION('',(0.,0.,-1.));
#59000=VECTOR('',#58990,1.);
#59010=LINE('',#58980,#59000);
#59020=CARTESIAN_POINT('',(-0.322524182870228,-1.19105222487757,11.0575)
);
#59030=VERTEX_POINT('',#59020);
#59040=CARTESIAN_POINT('',(-0.322524182870229,-1.19105222487757,11.055))
;
#59050=VERTEX_POINT('',#59040);
#59060=EDGE_CURVE('',#59030,#59050,#59010,.T.);
#59070=ORIENTED_EDGE('',*,*,#59060,.T.);
#59080=CARTESIAN_POINT('',(-0.600580113963836,-0.709445224877575,11.0575
));
#59090=DIRECTION('',(0.5,-0.866025403784439,0.));
#59100=VECTOR('',#59090,1.);
#59110=LINE('',#59080,#59100);
#59120=CARTESIAN_POINT('',(-0.364789155951266,-1.11784714412069,11.0575)
);
#59130=VERTEX_POINT('',#59120);
#59140=EDGE_CURVE('',#59130,#59030,#59110,.T.);
#59150=ORIENTED_EDGE('',*,*,#59140,.T.);
#59160=CARTESIAN_POINT('',(-0.364789155951266,-1.11784714412069,11.0475)
);
#59170=DIRECTION('',(0.,0.,1.));
#59180=VECTOR('',#59170,1.);
#59190=LINE('',#59160,#59180);
#59200=CARTESIAN_POINT('',(-0.364789155951266,-1.11784714412069,10.8575)
);
#59210=VERTEX_POINT('',#59200);
#59220=EDGE_CURVE('',#59210,#59130,#59190,.T.);
#59230=ORIENTED_EDGE('',*,*,#59220,.T.);
#59240=CARTESIAN_POINT('',(-0.600580113963836,-0.709445224877575,10.8575
));
#59250=DIRECTION('',(0.5,-0.866025403784439,0.));
#59260=VECTOR('',#59250,1.);
#59270=LINE('',#59240,#59260);
#59280=CARTESIAN_POINT('',(-0.322524182870228,-1.19105222487757,10.8575)
);
#59290=VERTEX_POINT('',#59280);
#59300=EDGE_CURVE('',#59210,#59290,#59270,.T.);
#59310=ORIENTED_EDGE('',*,*,#59300,.F.);
#59320=CARTESIAN_POINT('',(-0.322524182870228,-1.19105222487757,9.235));
#59330=DIRECTION('',(0.,0.,-1.));
#59340=VECTOR('',#59330,1.);
#59350=LINE('',#59320,#59340);
#59360=CARTESIAN_POINT('',(-0.322524182870228,-1.19105222487757,10.86));
#59370=VERTEX_POINT('',#59360);
#59380=EDGE_CURVE('',#59370,#59290,#59350,.T.);
#59390=ORIENTED_EDGE('',*,*,#59380,.T.);
#59400=CARTESIAN_POINT('',(-1.5926947750874,1.00894777512243,10.86));
#59410=DIRECTION('',(-0.5,0.866025403784439,0.));
#59420=VECTOR('',#59410,1.);
#59430=LINE('',#59400,#59420);
#59440=CARTESIAN_POINT('',(-0.264789155951266,-1.29105222487757,10.86));
#59450=VERTEX_POINT('',#59440);
#59460=EDGE_CURVE('',#59450,#59370,#59430,.T.);
#59470=ORIENTED_EDGE('',*,*,#59460,.T.);
#59480=CARTESIAN_POINT('',(-0.264789155951266,-1.29105222487758,9.235));
#59490=DIRECTION('',(0.,0.,-1.));
#59500=VECTOR('',#59490,1.);
#59510=LINE('',#59480,#59500);
#59520=CARTESIAN_POINT('',(-0.264789155951266,-1.29105222487757,11.055))
;
#59530=VERTEX_POINT('',#59520);
#59540=EDGE_CURVE('',#59530,#59450,#59510,.T.);
#59550=ORIENTED_EDGE('',*,*,#59540,.T.);
#59560=CARTESIAN_POINT('',(-1.5926947750874,1.00894777512243,11.055));
#59570=DIRECTION('',(-0.5,0.866025403784439,0.));
#59580=VECTOR('',#59570,1.);
#59590=LINE('',#59560,#59580);
#59600=EDGE_CURVE('',#59530,#59050,#59590,.T.);
#59610=ORIENTED_EDGE('',*,*,#59600,.F.);
#59620=EDGE_LOOP('',(#59610,#59550,#59470,#59390,#59310,#59230,#59150,
#59070));
#59630=FACE_OUTER_BOUND('',#59620,.T.);
#59640=ADVANCED_FACE('',(#59630),#58970,.T.);
#59650=CARTESIAN_POINT('',(-0.264789155951265,-1.19105222487757,10.555))
;
#59660=DIRECTION('',(0.,-1.,0.));
#59670=DIRECTION('',(-1.,0.,0.));
#59680=AXIS2_PLACEMENT_3D('',#59650,#59660,#59670);
#59690=PLANE('',#59680);
#59700=CARTESIAN_POINT('',(-0.322524182870228,-1.19105222487757,9.235));
#59710=DIRECTION('',(0.,0.,-1.));
#59720=VECTOR('',#59710,1.);
#59730=LINE('',#59700,#59720);
#59740=CARTESIAN_POINT('',(-0.322524182870228,-1.19105222487757,10.5575)
);
#59750=VERTEX_POINT('',#59740);
#59760=CARTESIAN_POINT('',(-0.322524182870228,-1.19105222487757,10.555))
;
#59770=VERTEX_POINT('',#59760);
#59780=EDGE_CURVE('',#59750,#59770,#59730,.T.);
#59790=ORIENTED_EDGE('',*,*,#59780,.F.);
#59800=CARTESIAN_POINT('',(-2.01478915595127,-1.19105222487757,10.555));
#59810=DIRECTION('',(-1.,0.,0.));
#59820=VECTOR('',#59810,1.);
#59830=LINE('',#59800,#59820);
#59840=CARTESIAN_POINT('',(-0.264789155951266,-1.19105222487757,10.555))
;
#59850=VERTEX_POINT('',#59840);
#59860=EDGE_CURVE('',#59850,#59770,#59830,.T.);
#59870=ORIENTED_EDGE('',*,*,#59860,.T.);
#59880=CARTESIAN_POINT('',(-0.264789155951265,-1.19105222487757,10.555))
;
#59890=DIRECTION('',(0.,0.,1.));
#59900=VECTOR('',#59890,1.);
#59910=LINE('',#59880,#59900);
#59920=CARTESIAN_POINT('',(-0.264789155951266,-1.19105222487757,10.86));
#59930=VERTEX_POINT('',#59920);
#59940=EDGE_CURVE('',#59850,#59930,#59910,.T.);
#59950=ORIENTED_EDGE('',*,*,#59940,.F.);
#59960=CARTESIAN_POINT('',(-0.264789155951266,-1.19105222487757,10.86));
#59970=DIRECTION('',(1.,0.,0.));
#59980=VECTOR('',#59970,1.);
#59990=LINE('',#59960,#59980);
#60000=EDGE_CURVE('',#59370,#59930,#59990,.T.);
#60010=ORIENTED_EDGE('',*,*,#60000,.T.);
#60020=ORIENTED_EDGE('',*,*,#59380,.F.);
#60030=CARTESIAN_POINT('',(-0.264789155951266,-1.19105222487757,10.8575)
);
#60040=DIRECTION('',(-1.,0.,0.));
#60050=VECTOR('',#60040,1.);
#60060=LINE('',#60030,#60050);
#60070=EDGE_CURVE('',#59290,#58670,#60060,.T.);
#60080=ORIENTED_EDGE('',*,*,#60070,.F.);
#60090=ORIENTED_EDGE('',*,*,#58700,.F.);
#60100=CARTESIAN_POINT('',(-0.264789155951266,-1.19105222487757,10.5575)
);
#60110=DIRECTION('',(1.,0.,0.));
#60120=VECTOR('',#60110,1.);
#60130=LINE('',#60100,#60120);
#60140=EDGE_CURVE('',#58690,#59750,#60130,.T.);
#60150=ORIENTED_EDGE('',*,*,#60140,.F.);
#60160=EDGE_LOOP('',(#60150,#60090,#60080,#60020,#60010,#59950,#59870,
#59790));
#60170=FACE_OUTER_BOUND('',#60160,.T.);
#60180=ADVANCED_FACE('',(#60170),#59690,.F.);
#60190=CARTESIAN_POINT('',(-0.364789155951266,-1.11784714412069,9.8675))
;
#60200=DIRECTION('',(0.866025403784439,0.5,0.));
#60210=DIRECTION('',(0.5,-0.866025403784439,0.));
#60220=AXIS2_PLACEMENT_3D('',#60190,#60200,#60210);
#60230=PLANE('',#60220);
#60240=CARTESIAN_POINT('',(-1.5926947750874,1.00894777512243,9.86));
#60250=DIRECTION('',(-0.5,0.866025403784439,0.));
#60260=VECTOR('',#60250,1.);
#60270=LINE('',#60240,#60260);
#60280=CARTESIAN_POINT('',(-0.322524182870228,-1.19105222487757,9.86));
#60290=VERTEX_POINT('',#60280);
#60300=EDGE_CURVE('',#28940,#60290,#60270,.T.);
#60310=ORIENTED_EDGE('',*,*,#60300,.T.);
#60320=ORIENTED_EDGE('',*,*,#28950,.T.);
#60330=ORIENTED_EDGE('',*,*,#29330,.F.);
#60340=CARTESIAN_POINT('',(-0.322524182870228,-1.19105222487757,9.235));
#60350=DIRECTION('',(0.,0.,-1.));
#60360=VECTOR('',#60350,1.);
#60370=LINE('',#60340,#60360);
#60380=CARTESIAN_POINT('',(-0.322524182870228,-1.19105222487757,10.0575)
);
#60390=VERTEX_POINT('',#60380);
#60400=EDGE_CURVE('',#60390,#29320,#60370,.T.);
#60410=ORIENTED_EDGE('',*,*,#60400,.T.);
#60420=CARTESIAN_POINT('',(-0.600580113963836,-0.709445224877575,10.0575
));
#60430=DIRECTION('',(0.5,-0.866025403784439,0.));
#60440=VECTOR('',#60430,1.);
#60450=LINE('',#60420,#60440);
#60460=CARTESIAN_POINT('',(-0.364789155951266,-1.11784714412069,10.0575)
);
#60470=VERTEX_POINT('',#60460);
#60480=EDGE_CURVE('',#60470,#60390,#60450,.T.);
#60490=ORIENTED_EDGE('',*,*,#60480,.T.);
#60500=CARTESIAN_POINT('',(-0.364789155951266,-1.11784714412069,10.0475)
);
#60510=DIRECTION('',(0.,0.,1.));
#60520=VECTOR('',#60510,1.);
#60530=LINE('',#60500,#60520);
#60540=CARTESIAN_POINT('',(-0.364789155951266,-1.11784714412069,9.8575))
;
#60550=VERTEX_POINT('',#60540);
#60560=EDGE_CURVE('',#60550,#60470,#60530,.T.);
#60570=ORIENTED_EDGE('',*,*,#60560,.T.);
#60580=CARTESIAN_POINT('',(-0.600580113963836,-0.709445224877575,9.8575)
);
#60590=DIRECTION('',(0.5,-0.866025403784439,0.));
#60600=VECTOR('',#60590,1.);
#60610=LINE('',#60580,#60600);
#60620=CARTESIAN_POINT('',(-0.322524182870228,-1.19105222487757,9.8575))
;
#60630=VERTEX_POINT('',#60620);
#60640=EDGE_CURVE('',#60550,#60630,#60610,.T.);
#60650=ORIENTED_EDGE('',*,*,#60640,.F.);
#60660=CARTESIAN_POINT('',(-0.322524182870228,-1.19105222487757,9.235));
#60670=DIRECTION('',(0.,0.,-1.));
#60680=VECTOR('',#60670,1.);
#60690=LINE('',#60660,#60680);
#60700=EDGE_CURVE('',#60290,#60630,#60690,.T.);
#60710=ORIENTED_EDGE('',*,*,#60700,.T.);
#60720=EDGE_LOOP('',(#60710,#60650,#60570,#60490,#60410,#60330,#60320,
#60310));
#60730=FACE_OUTER_BOUND('',#60720,.T.);
#60740=ADVANCED_FACE('',(#60730),#60230,.T.);
#60750=CARTESIAN_POINT('',(-2.01478915595127,1.00894777512243,9.86));
#60760=DIRECTION('',(0.,0.,-1.));
#60770=DIRECTION('',(-1.,0.,0.));
#60780=AXIS2_PLACEMENT_3D('',#60750,#60760,#60770);
#60790=PLANE('',#60780);
#60800=ORIENTED_EDGE('',*,*,#60300,.F.);
#60810=CARTESIAN_POINT('',(-0.264789155951266,-1.19105222487757,9.86));
#60820=DIRECTION('',(1.,0.,0.));
#60830=VECTOR('',#60820,1.);
#60840=LINE('',#60810,#60830);
#60850=EDGE_CURVE('',#60290,#29020,#60840,.T.);
#60860=ORIENTED_EDGE('',*,*,#60850,.F.);
#60870=ORIENTED_EDGE('',*,*,#29030,.T.);
#60880=EDGE_LOOP('',(#60870,#60860,#60800));
#60890=FACE_OUTER_BOUND('',#60880,.T.);
#60900=ADVANCED_FACE('',(#60890),#60790,.F.);
#60910=CARTESIAN_POINT('',(-0.264789155951265,-1.19105222487757,9.555));
#60920=DIRECTION('',(0.,-1.,0.));
#60930=DIRECTION('',(-1.,0.,0.));
#60940=AXIS2_PLACEMENT_3D('',#60910,#60920,#60930);
#60950=PLANE('',#60940);
#60960=CARTESIAN_POINT('',(-0.264789155951266,-1.19105222487757,9.5575))
;
#60970=DIRECTION('',(1.,0.,0.));
#60980=VECTOR('',#60970,1.);
#60990=LINE('',#60960,#60980);
#61000=CARTESIAN_POINT('',(-0.464789155951266,-1.19105222487757,9.5575))
;
#61010=VERTEX_POINT('',#61000);
#61020=CARTESIAN_POINT('',(-0.322524182870228,-1.19105222487757,9.5575))
;
#61030=VERTEX_POINT('',#61020);
#61040=EDGE_CURVE('',#61010,#61030,#60990,.T.);
#61050=ORIENTED_EDGE('',*,*,#61040,.F.);
#61060=CARTESIAN_POINT('',(-0.322524182870228,-1.19105222487757,9.235));
#61070=DIRECTION('',(0.,0.,-1.));
#61080=VECTOR('',#61070,1.);
#61090=LINE('',#61060,#61080);
#61100=CARTESIAN_POINT('',(-0.322524182870228,-1.19105222487757,9.555));
#61110=VERTEX_POINT('',#61100);
#61120=EDGE_CURVE('',#61030,#61110,#61090,.T.);
#61130=ORIENTED_EDGE('',*,*,#61120,.F.);
#61140=CARTESIAN_POINT('',(-2.01478915595127,-1.19105222487757,9.555));
#61150=DIRECTION('',(-1.,0.,0.));
#61160=VECTOR('',#61150,1.);
#61170=LINE('',#61140,#61160);
#61180=CARTESIAN_POINT('',(-0.264789155951266,-1.19105222487757,9.555));
#61190=VERTEX_POINT('',#61180);
#61200=EDGE_CURVE('',#61190,#61110,#61170,.T.);
#61210=ORIENTED_EDGE('',*,*,#61200,.T.);
#61220=CARTESIAN_POINT('',(-0.264789155951265,-1.19105222487757,9.555));
#61230=DIRECTION('',(0.,0.,1.));
#61240=VECTOR('',#61230,1.);
#61250=LINE('',#61220,#61240);
#61260=EDGE_CURVE('',#61190,#29020,#61250,.T.);
#61270=ORIENTED_EDGE('',*,*,#61260,.F.);
#61280=ORIENTED_EDGE('',*,*,#60850,.T.);
#61290=ORIENTED_EDGE('',*,*,#60700,.F.);
#61300=CARTESIAN_POINT('',(-0.264789155951266,-1.19105222487757,9.8575))
;
#61310=DIRECTION('',(-1.,0.,0.));
#61320=VECTOR('',#61310,1.);
#61330=LINE('',#61300,#61320);
#61340=CARTESIAN_POINT('',(-0.464789155951266,-1.19105222487757,9.8575))
;
#61350=VERTEX_POINT('',#61340);
#61360=EDGE_CURVE('',#60630,#61350,#61330,.T.);
#61370=ORIENTED_EDGE('',*,*,#61360,.F.);
#61380=CARTESIAN_POINT('',(-0.464789155951266,-1.19105222487757,9.235));
#61390=DIRECTION('',(0.,0.,-1.));
#61400=VECTOR('',#61390,1.);
#61410=LINE('',#61380,#61400);
#61420=EDGE_CURVE('',#61350,#61010,#61410,.T.);
#61430=ORIENTED_EDGE('',*,*,#61420,.F.);
#61440=EDGE_LOOP('',(#61430,#61370,#61290,#61280,#61270,#61210,#61130,
#61050));
#61450=FACE_OUTER_BOUND('',#61440,.T.);
#61460=ADVANCED_FACE('',(#61450),#60950,.F.);
#61470=CARTESIAN_POINT('',(-0.464789155951266,1.00894777512243,9.8575));
#61480=DIRECTION('',(0.,1.,0.));
#61490=VECTOR('',#61480,1.);
#61500=LINE('',#61470,#61490);
#61510=CARTESIAN_POINT('',(-0.464789155951266,-1.09105222487757,9.8575))
;
#61520=VERTEX_POINT('',#61510);
#61530=EDGE_CURVE('',#61350,#61520,#61500,.T.);
#61540=ORIENTED_EDGE('',*,*,#61530,.F.);
#61550=CARTESIAN_POINT('',(-0.464789155951266,-1.09105222487757,9.5575))
;
#61560=VERTEX_POINT('',#61550);
#61570=EDGE_CURVE('',#61520,#61560,#56550,.T.);
#61580=ORIENTED_EDGE('',*,*,#61570,.F.);
#61590=CARTESIAN_POINT('',(-0.464789155951266,1.00894777512243,9.5575));
#61600=DIRECTION('',(0.,-1.,0.));
#61610=VECTOR('',#61600,1.);
#61620=LINE('',#61590,#61610);
#61630=EDGE_CURVE('',#61560,#61010,#61620,.T.);
#61640=ORIENTED_EDGE('',*,*,#61630,.F.);
#61650=ORIENTED_EDGE('',*,*,#61420,.T.);
#61660=EDGE_LOOP('',(#61650,#61640,#61580,#61540));
#61670=FACE_OUTER_BOUND('',#61660,.T.);
#61680=ADVANCED_FACE('',(#61670),#56330,.T.);
#61690=CARTESIAN_POINT('',(-0.44011229673397,-2.19517762655054,9.5575));
#61700=DIRECTION('',(0.,0.,1.));
#61710=DIRECTION('',(0.,1.,0.));
#61720=AXIS2_PLACEMENT_3D('',#61690,#61700,#61710);
#61730=PLANE('',#61720);
#61740=ORIENTED_EDGE('',*,*,#61040,.T.);
#61750=ORIENTED_EDGE('',*,*,#61630,.T.);
#61760=CARTESIAN_POINT('',(-0.464789155951266,-1.29105222487757,9.5575))
;
#61770=DIRECTION('',(0.,0.,1.));
#61780=DIRECTION('',(0.,1.,0.));
#61790=AXIS2_PLACEMENT_3D('',#61760,#61770,#61780);
#61800=CIRCLE('',#61790,0.2);
#61810=CARTESIAN_POINT('',(-0.364789155951266,-1.11784714412069,9.5575))
;
#61820=VERTEX_POINT('',#61810);
#61830=EDGE_CURVE('',#61820,#61560,#61800,.T.);
#61840=ORIENTED_EDGE('',*,*,#61830,.T.);
#61850=CARTESIAN_POINT('',(-0.600580113963836,-0.709445224877575,9.5575)
);
#61860=DIRECTION('',(0.5,-0.866025403784439,0.));
#61870=VECTOR('',#61860,1.);
#61880=LINE('',#61850,#61870);
#61890=EDGE_CURVE('',#61820,#61030,#61880,.T.);
#61900=ORIENTED_EDGE('',*,*,#61890,.F.);
#61910=EDGE_LOOP('',(#61900,#61840,#61750,#61740));
#61920=FACE_OUTER_BOUND('',#61910,.T.);
#61930=ADVANCED_FACE('',(#61920),#61730,.T.);
#61940=CARTESIAN_POINT('',(-2.01478915595127,1.00894777512243,9.555));
#61950=DIRECTION('',(0.,0.,-1.));
#61960=DIRECTION('',(-1.,0.,0.));
#61970=AXIS2_PLACEMENT_3D('',#61940,#61950,#61960);
#61980=PLANE('',#61970);
#61990=CARTESIAN_POINT('',(-1.5926947750874,1.00894777512243,9.555));
#62000=DIRECTION('',(-0.5,0.866025403784439,0.));
#62010=VECTOR('',#62000,1.);
#62020=LINE('',#61990,#62010);
#62030=CARTESIAN_POINT('',(-0.264789155951266,-1.29105222487757,9.555));
#62040=VERTEX_POINT('',#62030);
#62050=EDGE_CURVE('',#62040,#61110,#62020,.T.);
#62060=ORIENTED_EDGE('',*,*,#62050,.T.);
#62070=CARTESIAN_POINT('',(-0.264789155951266,1.00894777512243,9.555));
#62080=DIRECTION('',(0.,-1.,0.));
#62090=VECTOR('',#62080,1.);
#62100=LINE('',#62070,#62090);
#62110=EDGE_CURVE('',#61190,#62040,#62100,.T.);
#62120=ORIENTED_EDGE('',*,*,#62110,.T.);
#62130=ORIENTED_EDGE('',*,*,#61200,.F.);
#62140=EDGE_LOOP('',(#62130,#62120,#62060));
#62150=FACE_OUTER_BOUND('',#62140,.T.);
#62160=ADVANCED_FACE('',(#62150),#61980,.T.);
#62170=CARTESIAN_POINT('',(-0.364789155951266,-1.11784714412069,9.3675))
;
#62180=DIRECTION('',(0.866025403784439,0.5,0.));
#62190=DIRECTION('',(0.5,-0.866025403784439,0.));
#62200=AXIS2_PLACEMENT_3D('',#62170,#62180,#62190);
#62210=PLANE('',#62200);
#62220=CARTESIAN_POINT('',(-0.322524182870228,-1.19105222487757,9.235));
#62230=DIRECTION('',(0.,0.,-1.));
#62240=VECTOR('',#62230,1.);
#62250=LINE('',#62220,#62240);
#62260=CARTESIAN_POINT('',(-0.322524182870228,-1.19105222487757,9.36));
#62270=VERTEX_POINT('',#62260);
#62280=CARTESIAN_POINT('',(-0.322524182870228,-1.19105222487757,9.3575))
;
#62290=VERTEX_POINT('',#62280);
#62300=EDGE_CURVE('',#62270,#62290,#62250,.T.);
#62310=ORIENTED_EDGE('',*,*,#62300,.T.);
#62320=CARTESIAN_POINT('',(-1.5926947750874,1.00894777512243,9.36));
#62330=DIRECTION('',(-0.5,0.866025403784439,0.));
#62340=VECTOR('',#62330,1.);
#62350=LINE('',#62320,#62340);
#62360=CARTESIAN_POINT('',(-0.264789155951266,-1.29105222487757,9.36));
#62370=VERTEX_POINT('',#62360);
#62380=EDGE_CURVE('',#62370,#62270,#62350,.T.);
#62390=ORIENTED_EDGE('',*,*,#62380,.T.);
#62400=CARTESIAN_POINT('',(-0.264789155951266,-1.29105222487758,9.235));
#62410=DIRECTION('',(0.,0.,-1.));
#62420=VECTOR('',#62410,1.);
#62430=LINE('',#62400,#62420);
#62440=EDGE_CURVE('',#62040,#62370,#62430,.T.);
#62450=ORIENTED_EDGE('',*,*,#62440,.T.);
#62460=ORIENTED_EDGE('',*,*,#62050,.F.);
#62470=ORIENTED_EDGE('',*,*,#61120,.T.);
#62480=ORIENTED_EDGE('',*,*,#61890,.T.);
#62490=CARTESIAN_POINT('',(-0.364789155951266,-1.11784714412069,9.5475))
;
#62500=DIRECTION('',(0.,0.,1.));
#62510=VECTOR('',#62500,1.);
#62520=LINE('',#62490,#62510);
#62530=CARTESIAN_POINT('',(-0.364789155951266,-1.11784714412069,9.3575))
;
#62540=VERTEX_POINT('',#62530);
#62550=EDGE_CURVE('',#62540,#61820,#62520,.T.);
#62560=ORIENTED_EDGE('',*,*,#62550,.T.);
#62570=CARTESIAN_POINT('',(-0.600580113963836,-0.709445224877575,9.3575)
);
#62580=DIRECTION('',(0.5,-0.866025403784439,0.));
#62590=VECTOR('',#62580,1.);
#62600=LINE('',#62570,#62590);
#62610=EDGE_CURVE('',#62540,#62290,#62600,.T.);
#62620=ORIENTED_EDGE('',*,*,#62610,.F.);
#62630=EDGE_LOOP('',(#62620,#62560,#62480,#62470,#62460,#62450,#62390,
#62310));
#62640=FACE_OUTER_BOUND('',#62630,.T.);
#62650=ADVANCED_FACE('',(#62640),#62210,.T.);
#62660=CARTESIAN_POINT('',(-0.264789155951265,-1.19105222487757,9.055));
#62670=DIRECTION('',(0.,-1.,0.));
#62680=DIRECTION('',(-1.,0.,0.));
#62690=AXIS2_PLACEMENT_3D('',#62660,#62670,#62680);
#62700=PLANE('',#62690);
#62710=CARTESIAN_POINT('',(-0.264789155951266,-1.19105222487757,9.0575))
;
#62720=DIRECTION('',(1.,0.,0.));
#62730=VECTOR('',#62720,1.);
#62740=LINE('',#62710,#62730);
#62750=CARTESIAN_POINT('',(-0.464789155951266,-1.19105222487757,9.0575))
;
#62760=VERTEX_POINT('',#62750);
#62770=CARTESIAN_POINT('',(-0.322524182870228,-1.19105222487757,9.0575))
;
#62780=VERTEX_POINT('',#62770);
#62790=EDGE_CURVE('',#62760,#62780,#62740,.T.);
#62800=ORIENTED_EDGE('',*,*,#62790,.F.);
#62810=CARTESIAN_POINT('',(-0.322524182870228,-1.19105222487757,9.235));
#62820=DIRECTION('',(0.,0.,-1.));
#62830=VECTOR('',#62820,1.);
#62840=LINE('',#62810,#62830);
#62850=CARTESIAN_POINT('',(-0.322524182870229,-1.19105222487757,9.055));
#62860=VERTEX_POINT('',#62850);
#62870=EDGE_CURVE('',#62780,#62860,#62840,.T.);
#62880=ORIENTED_EDGE('',*,*,#62870,.F.);
#62890=CARTESIAN_POINT('',(-2.01478915595127,-1.19105222487757,9.055));
#62900=DIRECTION('',(-1.,0.,0.));
#62910=VECTOR('',#62900,1.);
#62920=LINE('',#62890,#62910);
#62930=CARTESIAN_POINT('',(-0.264789155951266,-1.19105222487757,9.055));
#62940=VERTEX_POINT('',#62930);
#62950=EDGE_CURVE('',#62940,#62860,#62920,.T.);
#62960=ORIENTED_EDGE('',*,*,#62950,.T.);
#62970=CARTESIAN_POINT('',(-0.264789155951265,-1.19105222487757,9.055));
#62980=DIRECTION('',(0.,0.,1.));
#62990=VECTOR('',#62980,1.);
#63000=LINE('',#62970,#62990);
#63010=CARTESIAN_POINT('',(-0.264789155951266,-1.19105222487757,9.36));
#63020=VERTEX_POINT('',#63010);
#63030=EDGE_CURVE('',#62940,#63020,#63000,.T.);
#63040=ORIENTED_EDGE('',*,*,#63030,.F.);
#63050=CARTESIAN_POINT('',(-0.264789155951266,-1.19105222487757,9.36));
#63060=DIRECTION('',(1.,0.,0.));
#63070=VECTOR('',#63060,1.);
#63080=LINE('',#63050,#63070);
#63090=EDGE_CURVE('',#62270,#63020,#63080,.T.);
#63100=ORIENTED_EDGE('',*,*,#63090,.T.);
#63110=ORIENTED_EDGE('',*,*,#62300,.F.);
#63120=CARTESIAN_POINT('',(-0.264789155951266,-1.19105222487757,9.3575))
;
#63130=DIRECTION('',(-1.,0.,0.));
#63140=VECTOR('',#63130,1.);
#63150=LINE('',#63120,#63140);
#63160=CARTESIAN_POINT('',(-0.464789155951266,-1.19105222487757,9.3575))
;
#63170=VERTEX_POINT('',#63160);
#63180=EDGE_CURVE('',#62290,#63170,#63150,.T.);
#63190=ORIENTED_EDGE('',*,*,#63180,.F.);
#63200=CARTESIAN_POINT('',(-0.464789155951266,-1.19105222487757,9.235));
#63210=DIRECTION('',(0.,0.,-1.));
#63220=VECTOR('',#63210,1.);
#63230=LINE('',#63200,#63220);
#63240=EDGE_CURVE('',#63170,#62760,#63230,.T.);
#63250=ORIENTED_EDGE('',*,*,#63240,.F.);
#63260=EDGE_LOOP('',(#63250,#63190,#63110,#63100,#63040,#62960,#62880,
#62800));
#63270=FACE_OUTER_BOUND('',#63260,.T.);
#63280=ADVANCED_FACE('',(#63270),#62700,.F.);
#63290=CARTESIAN_POINT('',(-2.01478915595127,1.00894777512243,9.36));
#63300=DIRECTION('',(0.,0.,-1.));
#63310=DIRECTION('',(-1.,0.,0.));
#63320=AXIS2_PLACEMENT_3D('',#63290,#63300,#63310);
#63330=PLANE('',#63320);
#63340=ORIENTED_EDGE('',*,*,#62380,.F.);
#63350=ORIENTED_EDGE('',*,*,#63090,.F.);
#63360=CARTESIAN_POINT('',(-0.264789155951266,1.00894777512243,9.36));
#63370=DIRECTION('',(0.,1.,0.));
#63380=VECTOR('',#63370,1.);
#63390=LINE('',#63360,#63380);
#63400=EDGE_CURVE('',#62370,#63020,#63390,.T.);
#63410=ORIENTED_EDGE('',*,*,#63400,.T.);
#63420=EDGE_LOOP('',(#63410,#63350,#63340));
#63430=FACE_OUTER_BOUND('',#63420,.T.);
#63440=ADVANCED_FACE('',(#63430),#63330,.F.);
#63450=CARTESIAN_POINT('',(-0.464789155951266,1.00894777512243,8.0575));
#63460=DIRECTION('',(0.,-1.,0.));
#63470=VECTOR('',#63460,1.);
#63480=LINE('',#63450,#63470);
#63490=CARTESIAN_POINT('',(-0.464789155951266,-1.09105222487757,8.0575))
;
#63500=VERTEX_POINT('',#63490);
#63510=CARTESIAN_POINT('',(-0.464789155951266,-1.19105222487757,8.0575))
;
#63520=VERTEX_POINT('',#63510);
#63530=EDGE_CURVE('',#63500,#63520,#63480,.T.);
#63540=ORIENTED_EDGE('',*,*,#63530,.F.);
#63550=CARTESIAN_POINT('',(-0.464789155951266,-1.19105222487757,9.235));
#63560=DIRECTION('',(0.,0.,1.));
#63570=VECTOR('',#63560,1.);
#63580=LINE('',#63550,#63570);
#63590=CARTESIAN_POINT('',(-0.464789155951266,-1.19105222487757,8.3575))
;
#63600=VERTEX_POINT('',#63590);
#63610=EDGE_CURVE('',#63520,#63600,#63580,.T.);
#63620=ORIENTED_EDGE('',*,*,#63610,.F.);
#63630=CARTESIAN_POINT('',(-0.464789155951266,1.00894777512243,8.3575));
#63640=DIRECTION('',(0.,1.,0.));
#63650=VECTOR('',#63640,1.);
#63660=LINE('',#63630,#63650);
#63670=CARTESIAN_POINT('',(-0.464789155951266,-1.09105222487757,8.3575))
;
#63680=VERTEX_POINT('',#63670);
#63690=EDGE_CURVE('',#63600,#63680,#63660,.T.);
#63700=ORIENTED_EDGE('',*,*,#63690,.F.);
#63710=EDGE_CURVE('',#63680,#63500,#56550,.T.);
#63720=ORIENTED_EDGE('',*,*,#63710,.F.);
#63730=EDGE_LOOP('',(#63720,#63700,#63620,#63540));
#63740=FACE_OUTER_BOUND('',#63730,.T.);
#63750=ADVANCED_FACE('',(#63740),#56330,.T.);
#63760=CARTESIAN_POINT('',(-0.44011229673397,-2.19517762655054,8.0575));
#63770=DIRECTION('',(0.,0.,1.));
#63780=DIRECTION('',(0.,1.,0.));
#63790=AXIS2_PLACEMENT_3D('',#63760,#63770,#63780);
#63800=PLANE('',#63790);
#63810=CARTESIAN_POINT('',(-0.264789155951266,-1.19105222487757,8.0575))
;
#63820=DIRECTION('',(-1.,0.,0.));
#63830=VECTOR('',#63820,1.);
#63840=LINE('',#63810,#63830);
#63850=CARTESIAN_POINT('',(-0.322524182870228,-1.19105222487757,8.0575))
;
#63860=VERTEX_POINT('',#63850);
#63870=EDGE_CURVE('',#63860,#63520,#63840,.T.);
#63880=ORIENTED_EDGE('',*,*,#63870,.F.);
#63890=ORIENTED_EDGE('',*,*,#63530,.T.);
#63900=CARTESIAN_POINT('',(-0.464789155951266,-1.29105222487757,8.0575))
;
#63910=DIRECTION('',(0.,0.,1.));
#63920=DIRECTION('',(0.,1.,0.));
#63930=AXIS2_PLACEMENT_3D('',#63900,#63910,#63920);
#63940=CIRCLE('',#63930,0.2);
#63950=CARTESIAN_POINT('',(-0.364789155951266,-1.11784714412069,8.0575))
;
#63960=VERTEX_POINT('',#63950);
#63970=EDGE_CURVE('',#63960,#63500,#63940,.T.);
#63980=ORIENTED_EDGE('',*,*,#63970,.T.);
#63990=CARTESIAN_POINT('',(-0.600580113963836,-0.709445224877575,8.0575)
);
#64000=DIRECTION('',(0.5,-0.866025403784439,0.));
#64010=VECTOR('',#64000,1.);
#64020=LINE('',#63990,#64010);
#64030=EDGE_CURVE('',#63960,#63860,#64020,.T.);
#64040=ORIENTED_EDGE('',*,*,#64030,.F.);
#64050=EDGE_LOOP('',(#64040,#63980,#63890,#63880));
#64060=FACE_OUTER_BOUND('',#64050,.T.);
#64070=ADVANCED_FACE('',(#64060),#63800,.T.);
#64080=CARTESIAN_POINT('',(-0.264789155951265,-1.19105222487757,7.86));
#64090=DIRECTION('',(0.,1.,0.));
#64100=DIRECTION('',(-1.,0.,0.));
#64110=AXIS2_PLACEMENT_3D('',#64080,#64090,#64100);
#64120=PLANE('',#64110);
#64130=CARTESIAN_POINT('',(-0.322524182870228,-1.19105222487757,9.235));
#64140=DIRECTION('',(0.,0.,1.));
#64150=VECTOR('',#64140,1.);
#64160=LINE('',#64130,#64150);
#64170=CARTESIAN_POINT('',(-0.322524182870229,-1.19105222487757,7.555));
#64180=VERTEX_POINT('',#64170);
#64190=CARTESIAN_POINT('',(-0.322524182870228,-1.19105222487757,7.5575))
;
#64200=VERTEX_POINT('',#64190);
#64210=EDGE_CURVE('',#64180,#64200,#64160,.T.);
#64220=ORIENTED_EDGE('',*,*,#64210,.T.);
#64230=CARTESIAN_POINT('',(-2.01478915595127,-1.19105222487757,7.555));
#64240=DIRECTION('',(-1.,0.,0.));
#64250=VECTOR('',#64240,1.);
#64260=LINE('',#64230,#64250);
#64270=CARTESIAN_POINT('',(-0.264789155951266,-1.19105222487757,7.555));
#64280=VERTEX_POINT('',#64270);
#64290=EDGE_CURVE('',#64280,#64180,#64260,.T.);
#64300=ORIENTED_EDGE('',*,*,#64290,.T.);
#64310=CARTESIAN_POINT('',(-0.264789155951265,-1.19105222487757,7.86));
#64320=DIRECTION('',(0.,0.,-1.));
#64330=VECTOR('',#64320,1.);
#64340=LINE('',#64310,#64330);
#64350=CARTESIAN_POINT('',(-0.264789155951266,-1.19105222487757,7.86));
#64360=VERTEX_POINT('',#64350);
#64370=EDGE_CURVE('',#64360,#64280,#64340,.T.);
#64380=ORIENTED_EDGE('',*,*,#64370,.T.);
#64390=CARTESIAN_POINT('',(-2.01478915595127,-1.19105222487757,7.86));
#64400=DIRECTION('',(-1.,0.,0.));
#64410=VECTOR('',#64400,1.);
#64420=LINE('',#64390,#64410);
#64430=CARTESIAN_POINT('',(-0.322524182870229,-1.19105222487757,7.86));
#64440=VERTEX_POINT('',#64430);
#64450=EDGE_CURVE('',#64360,#64440,#64420,.T.);
#64460=ORIENTED_EDGE('',*,*,#64450,.F.);
#64470=CARTESIAN_POINT('',(-0.322524182870228,-1.19105222487757,9.235));
#64480=DIRECTION('',(0.,0.,1.));
#64490=VECTOR('',#64480,1.);
#64500=LINE('',#64470,#64490);
#64510=CARTESIAN_POINT('',(-0.322524182870228,-1.19105222487757,7.8575))
;
#64520=VERTEX_POINT('',#64510);
#64530=EDGE_CURVE('',#64520,#64440,#64500,.T.);
#64540=ORIENTED_EDGE('',*,*,#64530,.T.);
#64550=CARTESIAN_POINT('',(-0.264789155951266,-1.19105222487757,7.8575))
;
#64560=DIRECTION('',(1.,0.,0.));
#64570=VECTOR('',#64560,1.);
#64580=LINE('',#64550,#64570);
#64590=CARTESIAN_POINT('',(-0.464789155951266,-1.19105222487757,7.8575))
;
#64600=VERTEX_POINT('',#64590);
#64610=EDGE_CURVE('',#64600,#64520,#64580,.T.);
#64620=ORIENTED_EDGE('',*,*,#64610,.T.);
#64630=CARTESIAN_POINT('',(-0.464789155951266,-1.19105222487757,9.235));
#64640=DIRECTION('',(0.,0.,1.));
#64650=VECTOR('',#64640,1.);
#64660=LINE('',#64630,#64650);
#64670=CARTESIAN_POINT('',(-0.464789155951266,-1.19105222487757,7.5575))
;
#64680=VERTEX_POINT('',#64670);
#64690=EDGE_CURVE('',#64680,#64600,#64660,.T.);
#64700=ORIENTED_EDGE('',*,*,#64690,.T.);
#64710=CARTESIAN_POINT('',(-0.264789155951266,-1.19105222487757,7.5575))
;
#64720=DIRECTION('',(-1.,0.,0.));
#64730=VECTOR('',#64720,1.);
#64740=LINE('',#64710,#64730);
#64750=EDGE_CURVE('',#64200,#64680,#64740,.T.);
#64760=ORIENTED_EDGE('',*,*,#64750,.T.);
#64770=EDGE_LOOP('',(#64760,#64700,#64620,#64540,#64460,#64380,#64300,
#64220));
#64780=FACE_OUTER_BOUND('',#64770,.T.);
#64790=ADVANCED_FACE('',(#64780),#64120,.T.);
#64800=ORIENTED_EDGE('',*,*,#64690,.F.);
#64810=CARTESIAN_POINT('',(-0.464789155951266,1.00894777512243,7.8575));
#64820=DIRECTION('',(0.,1.,0.));
#64830=VECTOR('',#64820,1.);
#64840=LINE('',#64810,#64830);
#64850=CARTESIAN_POINT('',(-0.464789155951266,-1.09105222487757,7.8575))
;
#64860=VERTEX_POINT('',#64850);
#64870=EDGE_CURVE('',#64600,#64860,#64840,.T.);
#64880=ORIENTED_EDGE('',*,*,#64870,.F.);
#64890=CARTESIAN_POINT('',(-0.464789155951266,-1.09105222487757,7.5575))
;
#64900=VERTEX_POINT('',#64890);
#64910=EDGE_CURVE('',#64860,#64900,#56550,.T.);
#64920=ORIENTED_EDGE('',*,*,#64910,.F.);
#64930=CARTESIAN_POINT('',(-0.464789155951266,1.00894777512243,7.5575));
#64940=DIRECTION('',(0.,-1.,0.));
#64950=VECTOR('',#64940,1.);
#64960=LINE('',#64930,#64950);
#64970=EDGE_CURVE('',#64900,#64680,#64960,.T.);
#64980=ORIENTED_EDGE('',*,*,#64970,.F.);
#64990=EDGE_LOOP('',(#64980,#64920,#64880,#64800));
#65000=FACE_OUTER_BOUND('',#64990,.T.);
#65010=ADVANCED_FACE('',(#65000),#56330,.T.);
#65020=CARTESIAN_POINT('',(-0.264789155951266,-1.79105222487757,33.055))
;
#65030=DIRECTION('',(0.,1.,0.));
#65040=DIRECTION('',(-1.,0.,0.));
#65050=AXIS2_PLACEMENT_3D('',#65020,#65030,#65040);
#65060=PLANE('',#65050);
#65070=CARTESIAN_POINT('',(-0.264789155951266,-1.79105222487757,6.38));
#65080=DIRECTION('',(1.,0.,0.));
#65090=VECTOR('',#65080,1.);
#65100=LINE('',#65070,#65090);
#65110=CARTESIAN_POINT('',(-0.814789155951266,-1.79105222487757,
6.38000000000001));
#65120=VERTEX_POINT('',#65110);
#65130=CARTESIAN_POINT('',(-0.464789155951266,-1.79105222487757,6.38));
#65140=VERTEX_POINT('',#65130);
#65150=EDGE_CURVE('',#65120,#65140,#65100,.T.);
#65160=ORIENTED_EDGE('',*,*,#65150,.T.);
#65170=CARTESIAN_POINT('',(-0.814789155951266,-1.79105222487757,6.4075))
;
#65180=DIRECTION('',(0.,0.,-1.));
#65190=VECTOR('',#65180,1.);
#65200=LINE('',#65170,#65190);
#65210=CARTESIAN_POINT('',(-0.814789155951266,-1.79105222487757,6.0075))
;
#65220=VERTEX_POINT('',#65210);
#65230=EDGE_CURVE('',#65120,#65220,#65200,.T.);
#65240=ORIENTED_EDGE('',*,*,#65230,.F.);
#65250=CARTESIAN_POINT('',(-0.264789155951266,-1.79105222487757,6.0075))
;
#65260=DIRECTION('',(-1.,0.,0.));
#65270=VECTOR('',#65260,1.);
#65280=LINE('',#65250,#65270);
#65290=CARTESIAN_POINT('',(0.0352108440487342,-1.79105222487757,6.0075))
;
#65300=VERTEX_POINT('',#65290);
#65310=EDGE_CURVE('',#65300,#65220,#65280,.T.);
#65320=ORIENTED_EDGE('',*,*,#65310,.T.);
#65330=CARTESIAN_POINT('',(0.035210844048734,-1.79105222487757,5.2075));
#65340=DIRECTION('',(0.,0.,-1.));
#65350=VECTOR('',#65340,1.);
#65360=LINE('',#65330,#65350);
#65370=CARTESIAN_POINT('',(0.0352108440487342,-1.79105222487757,6.8325))
;
#65380=VERTEX_POINT('',#65370);
#65390=EDGE_CURVE('',#65380,#65300,#65360,.T.);
#65400=ORIENTED_EDGE('',*,*,#65390,.T.);
#65410=CARTESIAN_POINT('',(-0.264789155951266,-1.79105222487757,6.8325))
;
#65420=DIRECTION('',(-1.,0.,0.));
#65430=VECTOR('',#65420,1.);
#65440=LINE('',#65410,#65430);
#65450=CARTESIAN_POINT('',(-0.264789155951266,-1.79105222487757,6.8325))
;
#65460=VERTEX_POINT('',#65450);
#65470=EDGE_CURVE('',#65380,#65460,#65440,.T.);
#65480=ORIENTED_EDGE('',*,*,#65470,.F.);
#65490=CARTESIAN_POINT('',(-0.264789155951266,-1.79105222487757,9.235));
#65500=DIRECTION('',(0.,0.,1.));
#65510=VECTOR('',#65500,1.);
#65520=LINE('',#65490,#65510);
#65530=CARTESIAN_POINT('',(-0.264789155951266,-1.79105222487757,6.8575))
;
#65540=VERTEX_POINT('',#65530);
#65550=EDGE_CURVE('',#65460,#65540,#65520,.T.);
#65560=ORIENTED_EDGE('',*,*,#65550,.F.);
#65570=CARTESIAN_POINT('',(-0.264789155951266,-1.79105222487757,6.8575))
;
#65580=DIRECTION('',(1.,0.,0.));
#65590=VECTOR('',#65580,1.);
#65600=LINE('',#65570,#65590);
#65610=CARTESIAN_POINT('',(-0.464789155951266,-1.79105222487757,6.8575))
;
#65620=VERTEX_POINT('',#65610);
#65630=EDGE_CURVE('',#65620,#65540,#65600,.T.);
#65640=ORIENTED_EDGE('',*,*,#65630,.T.);
#65650=CARTESIAN_POINT('',(-0.464789155951266,-1.79105222487757,9.235));
#65660=DIRECTION('',(0.,0.,1.));
#65670=VECTOR('',#65660,1.);
#65680=LINE('',#65650,#65670);
#65690=EDGE_CURVE('',#65140,#65620,#65680,.T.);
#65700=ORIENTED_EDGE('',*,*,#65690,.T.);
#65710=EDGE_LOOP('',(#65700,#65640,#65560,#65480,#65400,#65320,#65240,
#65160));
#65720=FACE_OUTER_BOUND('',#65710,.T.);
#65730=ADVANCED_FACE('',(#65720),#65060,.T.);
#65740=CARTESIAN_POINT('',(-0.614789155951266,-1.29105222487757,5.7575))
;
#65750=DIRECTION('',(0.,0.,-1.));
#65760=DIRECTION('',(1.,0.,0.));
#65770=AXIS2_PLACEMENT_3D('',#65740,#65750,#65760);
#65780=CYLINDRICAL_SURFACE('',#65770,0.2);
#65790=CARTESIAN_POINT('',(-0.814789155951266,-1.29105222487757,5.7575))
;
#65800=DIRECTION('',(0.,0.,-1.));
#65810=VECTOR('',#65800,1.);
#65820=LINE('',#65790,#65810);
#65830=CARTESIAN_POINT('',(-0.814789155951266,-1.29105222487757,6.38));
#65840=VERTEX_POINT('',#65830);
#65850=CARTESIAN_POINT('',(-0.814789155951266,-1.29105222487757,5.7575))
;
#65860=VERTEX_POINT('',#65850);
#65870=EDGE_CURVE('',#65840,#65860,#65820,.T.);
#65880=ORIENTED_EDGE('',*,*,#65870,.T.);
#65890=CARTESIAN_POINT('',(-0.614789155951266,-1.29105222487757,6.38));
#65900=DIRECTION('',(0.,0.,1.));
#65910=DIRECTION('',(1.,0.,0.));
#65920=AXIS2_PLACEMENT_3D('',#65890,#65900,#65910);
#65930=CIRCLE('',#65920,0.2);
#65940=CARTESIAN_POINT('',(-0.767466245582855,-1.42024087105683,
6.38000000000001));
#65950=VERTEX_POINT('',#65940);
#65960=EDGE_CURVE('',#65840,#65950,#65930,.T.);
#65970=ORIENTED_EDGE('',*,*,#65960,.F.);
#65980=CARTESIAN_POINT('',(-0.767466245582855,-1.42024087105683,5.7575))
;
#65990=DIRECTION('',(0.,0.,1.));
#66000=VECTOR('',#65990,1.);
#66010=LINE('',#65980,#66000);
#66020=CARTESIAN_POINT('',(-0.767466245582855,-1.42024087105683,5.7575))
;
#66030=VERTEX_POINT('',#66020);
#66040=EDGE_CURVE('',#66030,#65950,#66010,.T.);
#66050=ORIENTED_EDGE('',*,*,#66040,.T.);
#66060=CARTESIAN_POINT('',(-0.614789155951266,-1.29105222487757,5.7575))
;
#66070=DIRECTION('',(0.,0.,1.));
#66080=DIRECTION('',(1.,0.,0.));
#66090=AXIS2_PLACEMENT_3D('',#66060,#66070,#66080);
#66100=CIRCLE('',#66090,0.2);
#66110=EDGE_CURVE('',#65860,#66030,#66100,.T.);
#66120=ORIENTED_EDGE('',*,*,#66110,.T.);
#66130=EDGE_LOOP('',(#66120,#66050,#65970,#65880));
#66140=FACE_OUTER_BOUND('',#66130,.T.);
#66150=ADVANCED_FACE('',(#66140),#65780,.T.);
#66160=CARTESIAN_POINT('',(-0.264789155951266,1.00894777512243,6.0075));
#66170=DIRECTION('',(0.,0.,1.));
#66180=DIRECTION('',(1.,0.,0.));
#66190=AXIS2_PLACEMENT_3D('',#66160,#66170,#66180);
#66200=PLANE('',#66190);
#66210=CARTESIAN_POINT('',(-1.21478915595127,1.00894777512243,6.0075));
#66220=DIRECTION('',(6.12303176911189E-17,-1.,0.));
#66230=VECTOR('',#66220,1.);
#66240=LINE('',#66210,#66230);
#66250=CARTESIAN_POINT('',(-1.21478915595127,-0.0160522248775749,6.0075)
);
#66260=VERTEX_POINT('',#66250);
#66270=CARTESIAN_POINT('',(-1.21478915595127,-3.59105222487757,6.0075));
#66280=VERTEX_POINT('',#66270);
#66290=EDGE_CURVE('',#66260,#66280,#66240,.T.);
#66300=ORIENTED_EDGE('',*,*,#66290,.F.);
#66310=CARTESIAN_POINT('',(-0.264789155951266,-3.59105222487757,6.0075))
;
#66320=DIRECTION('',(-1.,0.,0.));
#66330=VECTOR('',#66320,1.);
#66340=LINE('',#66310,#66330);
#66350=CARTESIAN_POINT('',(0.035210844048734,-3.59105222487757,6.0075));
#66360=VERTEX_POINT('',#66350);
#66370=EDGE_CURVE('',#66360,#66280,#66340,.T.);
#66380=ORIENTED_EDGE('',*,*,#66370,.T.);
#66390=CARTESIAN_POINT('',(0.035210844048734,1.00894777512243,6.0075));
#66400=DIRECTION('',(0.,-1.,0.));
#66410=VECTOR('',#66400,1.);
#66420=LINE('',#66390,#66410);
#66430=EDGE_CURVE('',#65300,#66360,#66420,.T.);
#66440=ORIENTED_EDGE('',*,*,#66430,.T.);
#66450=ORIENTED_EDGE('',*,*,#65310,.F.);
#66460=CARTESIAN_POINT('',(-0.814789155951266,1.00894777512243,6.0075));
#66470=DIRECTION('',(0.,1.,0.));
#66480=VECTOR('',#66470,1.);
#66490=LINE('',#66460,#66480);
#66500=CARTESIAN_POINT('',(-0.814789155951266,-1.69105222487758,6.0075))
;
#66510=VERTEX_POINT('',#66500);
#66520=EDGE_CURVE('',#65220,#66510,#66490,.T.);
#66530=ORIENTED_EDGE('',*,*,#66520,.F.);
#66540=CARTESIAN_POINT('',(-0.264789155951266,-1.69105222487758,6.0075))
;
#66550=DIRECTION('',(1.,0.,0.));
#66560=VECTOR('',#66550,1.);
#66570=LINE('',#66540,#66560);
#66580=CARTESIAN_POINT('',(-0.964789155951266,-1.69105222487758,6.0075))
;
#66590=VERTEX_POINT('',#66580);
#66600=EDGE_CURVE('',#66590,#66510,#66570,.T.);
#66610=ORIENTED_EDGE('',*,*,#66600,.T.);
#66620=CARTESIAN_POINT('',(-0.964789155951266,1.00894777512243,6.0075));
#66630=DIRECTION('',(0.,-1.,0.));
#66640=VECTOR('',#66630,1.);
#66650=LINE('',#66620,#66640);
#66660=CARTESIAN_POINT('',(-0.964789155951266,-0.016052224877575,6.0075)
);
#66670=VERTEX_POINT('',#66660);
#66680=EDGE_CURVE('',#66670,#66590,#66650,.T.);
#66690=ORIENTED_EDGE('',*,*,#66680,.T.);
#66700=CARTESIAN_POINT('',(-1.08978915595127,-0.016052224877575,6.0075))
;
#66710=DIRECTION('',(0.,0.,1.));
#66720=DIRECTION('',(1.,0.,0.));
#66730=AXIS2_PLACEMENT_3D('',#66700,#66710,#66720);
#66740=CIRCLE('',#66730,0.125);
#66750=EDGE_CURVE('',#66670,#66260,#66740,.T.);
#66760=ORIENTED_EDGE('',*,*,#66750,.F.);
#66770=EDGE_LOOP('',(#66760,#66690,#66610,#66530,#66450,#66440,#66380,
#66300));
#66780=FACE_OUTER_BOUND('',#66770,.T.);
#66790=ADVANCED_FACE('',(#66780),#66200,.F.);
#66800=CARTESIAN_POINT('',(-0.964789155951266,-1.69105222487758,5.2875))
;
#66810=DIRECTION('',(-1.,0.,0.));
#66820=DIRECTION('',(0.,-1.,0.));
#66830=AXIS2_PLACEMENT_3D('',#66800,#66810,#66820);
#66840=PLANE('',#66830);
#66850=ORIENTED_EDGE('',*,*,#53840,.T.);
#66860=CARTESIAN_POINT('',(-0.964789155951266,-0.016052224877575,5.4575)
);
#66870=DIRECTION('',(0.,0.,1.));
#66880=VECTOR('',#66870,1.);
#66890=LINE('',#66860,#66880);
#66900=EDGE_CURVE('',#53750,#66670,#66890,.T.);
#66910=ORIENTED_EDGE('',*,*,#66900,.F.);
#66920=ORIENTED_EDGE('',*,*,#66680,.F.);
#66930=CARTESIAN_POINT('',(-0.964789155951266,-1.69105222487758,5.2375))
;
#66940=DIRECTION('',(0.,0.,-1.));
#66950=VECTOR('',#66940,1.);
#66960=LINE('',#66930,#66950);
#66970=EDGE_CURVE('',#66590,#53830,#66960,.T.);
#66980=ORIENTED_EDGE('',*,*,#66970,.F.);
#66990=EDGE_LOOP('',(#66980,#66920,#66910,#66850));
#67000=FACE_OUTER_BOUND('',#66990,.T.);
#67010=ADVANCED_FACE('',(#67000),#66840,.T.);
#67020=CARTESIAN_POINT('',(-1.08978915595127,-0.016052224877575,5.4575))
;
#67030=DIRECTION('',(0.,0.,1.));
#67040=DIRECTION('',(1.,0.,0.));
#67050=AXIS2_PLACEMENT_3D('',#67020,#67030,#67040);
#67060=CYLINDRICAL_SURFACE('',#67050,0.125);
#67070=CARTESIAN_POINT('',(-1.21478915595127,-0.0160522248775749,5.4575)
);
#67080=DIRECTION('',(0.,0.,1.));
#67090=VECTOR('',#67080,1.);
#67100=LINE('',#67070,#67090);
#67110=EDGE_CURVE('',#53660,#66260,#67100,.T.);
#67120=ORIENTED_EDGE('',*,*,#67110,.F.);
#67130=ORIENTED_EDGE('',*,*,#66750,.T.);
#67140=ORIENTED_EDGE('',*,*,#66900,.T.);
#67150=ORIENTED_EDGE('',*,*,#53760,.F.);
#67160=EDGE_LOOP('',(#67150,#67140,#67130,#67120));
#67170=FACE_OUTER_BOUND('',#67160,.T.);
#67180=ADVANCED_FACE('',(#67170),#67060,.F.);
#67190=CARTESIAN_POINT('',(-2.82293896431993,1.00894777512243,5.7575));
#67200=DIRECTION('',(-0.645943230896256,0.763385448157945,0.));
#67210=VECTOR('',#67200,1.);
#67220=LINE('',#67190,#67210);
#67230=CARTESIAN_POINT('',(-0.754789155951266,-1.43522284669627,5.7575))
;
#67240=VERTEX_POINT('',#67230);
#67250=EDGE_CURVE('',#67240,#66030,#67220,.T.);
#67260=ORIENTED_EDGE('',*,*,#67250,.T.);
#67270=CARTESIAN_POINT('',(-0.754789155951266,-1.69105222487758,5.7575))
;
#67280=DIRECTION('',(0.,1.,0.));
#67290=VECTOR('',#67280,1.);
#67300=LINE('',#67270,#67290);
#67310=CARTESIAN_POINT('',(-0.754789155951266,-1.69105222487758,5.7575))
;
#67320=VERTEX_POINT('',#67310);
#67330=EDGE_CURVE('',#67320,#67240,#67300,.T.);
#67340=ORIENTED_EDGE('',*,*,#67330,.T.);
#67350=CARTESIAN_POINT('',(-0.254789155951266,-1.69105222487758,5.7575))
;
#67360=DIRECTION('',(1.,0.,0.));
#67370=VECTOR('',#67360,1.);
#67380=LINE('',#67350,#67370);
#67390=CARTESIAN_POINT('',(-0.814789155951266,-1.69105222487758,5.7575))
;
#67400=VERTEX_POINT('',#67390);
#67410=EDGE_CURVE('',#67400,#67320,#67380,.T.);
#67420=ORIENTED_EDGE('',*,*,#67410,.T.);
#67430=CARTESIAN_POINT('',(-0.814789155951266,1.00894777512243,5.7575));
#67440=DIRECTION('',(0.,1.,0.));
#67450=VECTOR('',#67440,1.);
#67460=LINE('',#67430,#67450);
#67470=EDGE_CURVE('',#67400,#65860,#67460,.T.);
#67480=ORIENTED_EDGE('',*,*,#67470,.F.);
#67490=ORIENTED_EDGE('',*,*,#66110,.F.);
#67500=EDGE_LOOP('',(#67490,#67480,#67420,#67340,#67260));
#67510=FACE_OUTER_BOUND('',#67500,.T.);
#67520=ADVANCED_FACE('',(#67510),#39230,.T.);
#67530=CARTESIAN_POINT('',(-0.254789155951266,-1.35105222487757,5.7575))
;
#67540=DIRECTION('',(1.,0.,0.));
#67550=DIRECTION('',(0.,-1.,0.));
#67560=AXIS2_PLACEMENT_3D('',#67530,#67540,#67550);
#67570=PLANE('',#67560);
#67580=ORIENTED_EDGE('',*,*,#39990,.F.);
#67590=CARTESIAN_POINT('',(-0.254789155951266,-1.69105222487758,8.3275))
;
#67600=DIRECTION('',(0.,0.,-1.));
#67610=VECTOR('',#67600,1.);
#67620=LINE('',#67590,#67610);
#67630=CARTESIAN_POINT('',(-0.254789155951266,-1.69105222487758,5.4575))
;
#67640=VERTEX_POINT('',#67630);
#67650=EDGE_CURVE('',#39960,#67640,#67620,.T.);
#67660=ORIENTED_EDGE('',*,*,#67650,.F.);
#67670=CARTESIAN_POINT('',(-0.254789155951266,1.00894777512243,5.4575));
#67680=DIRECTION('',(0.,-1.,0.));
#67690=VECTOR('',#67680,1.);
#67700=LINE('',#67670,#67690);
#67710=CARTESIAN_POINT('',(-0.254789155951266,-1.57105222487757,5.4575))
;
#67720=VERTEX_POINT('',#67710);
#67730=EDGE_CURVE('',#67720,#67640,#67700,.T.);
#67740=ORIENTED_EDGE('',*,*,#67730,.T.);
#67750=CARTESIAN_POINT('',(-0.254789155951266,-1.57105222487757,5.7575))
;
#67760=DIRECTION('',(0.,0.,1.));
#67770=VECTOR('',#67760,1.);
#67780=LINE('',#67750,#67770);
#67790=EDGE_CURVE('',#67720,#39300,#67780,.T.);
#67800=ORIENTED_EDGE('',*,*,#67790,.F.);
#67810=EDGE_LOOP('',(#67800,#67740,#67660,#67580));
#67820=FACE_OUTER_BOUND('',#67810,.T.);
#67830=ADVANCED_FACE('',(#67820),#67570,.F.);
#67840=CARTESIAN_POINT('',(-0.464789155951266,-1.29105222487757,6.7575))
;
#67850=DIRECTION('',(0.,0.,-1.));
#67860=DIRECTION('',(1.,0.,0.));
#67870=AXIS2_PLACEMENT_3D('',#67840,#67850,#67860);
#67880=CYLINDRICAL_SURFACE('',#67870,0.35);
#67890=CARTESIAN_POINT('',(-0.464789155951266,-1.29105222487757,6.7575))
;
#67900=DIRECTION('',(0.,0.,1.));
#67910=DIRECTION('',(1.,0.,0.));
#67920=AXIS2_PLACEMENT_3D('',#67890,#67900,#67910);
#67930=CIRCLE('',#67920,0.35);
#67940=CARTESIAN_POINT('',(-0.464789155951266,-1.64105222487757,6.7575))
;
#67950=VERTEX_POINT('',#67940);
#67960=CARTESIAN_POINT('',(-0.114789155951266,-1.29105222487757,6.7575))
;
#67970=VERTEX_POINT('',#67960);
#67980=EDGE_CURVE('',#67950,#67970,#67930,.T.);
#67990=ORIENTED_EDGE('',*,*,#67980,.F.);
#68000=CARTESIAN_POINT('',(-0.114789155951266,-1.29105222487757,6.7575))
;
#68010=DIRECTION('',(0.,0.,-1.));
#68020=VECTOR('',#68010,1.);
#68030=LINE('',#68000,#68020);
#68040=EDGE_CURVE('',#67970,#39320,#68030,.T.);
#68050=ORIENTED_EDGE('',*,*,#68040,.F.);
#68060=ORIENTED_EDGE('',*,*,#39330,.T.);
#68070=ORIENTED_EDGE('',*,*,#67790,.T.);
#68080=CARTESIAN_POINT('',(-0.464789155951266,-1.29105222487757,5.4575))
;
#68090=DIRECTION('',(0.,0.,1.));
#68100=DIRECTION('',(1.,0.,0.));
#68110=AXIS2_PLACEMENT_3D('',#68080,#68090,#68100);
#68120=CIRCLE('',#68110,0.35);
#68130=CARTESIAN_POINT('',(-0.464789155951266,-1.64105222487757,5.4575))
;
#68140=VERTEX_POINT('',#68130);
#68150=EDGE_CURVE('',#68140,#67720,#68120,.T.);
#68160=ORIENTED_EDGE('',*,*,#68150,.T.);
#68170=CARTESIAN_POINT('',(-0.464789155951266,-1.64105222487757,5.7575))
;
#68180=DIRECTION('',(0.,0.,-1.));
#68190=VECTOR('',#68180,1.);
#68200=LINE('',#68170,#68190);
#68210=CARTESIAN_POINT('',(-0.464789155951266,-1.64105222487757,6.38));
#68220=VERTEX_POINT('',#68210);
#68230=EDGE_CURVE('',#68220,#68140,#68200,.T.);
#68240=ORIENTED_EDGE('',*,*,#68230,.T.);
#68250=CARTESIAN_POINT('',(-0.464789155951266,-1.64105222487757,6.7575))
;
#68260=DIRECTION('',(0.,0.,-1.));
#68270=VECTOR('',#68260,1.);
#68280=LINE('',#68250,#68270);
#68290=EDGE_CURVE('',#67950,#68220,#68280,.T.);
#68300=ORIENTED_EDGE('',*,*,#68290,.T.);
#68310=EDGE_LOOP('',(#68300,#68240,#68160,#68070,#68060,#68050,#67990));
#68320=FACE_OUTER_BOUND('',#68310,.T.);
#68330=ADVANCED_FACE('',(#68320),#67880,.T.);
#68340=CARTESIAN_POINT('',(-0.504672040235212,-0.791052224877575,6.7575)
);
#68350=DIRECTION('',(-0.456425167255698,-0.88976180334717,0.));
#68360=DIRECTION('',(0.88976180334717,-0.456425167255698,0.));
#68370=AXIS2_PLACEMENT_3D('',#68340,#68350,#68360);
#68380=PLANE('',#68370);
#68390=CARTESIAN_POINT('',(-0.114789155951266,-0.991052224877575,6.7575)
);
#68400=DIRECTION('',(-0.88976180334717,0.456425167255698,0.));
#68410=VECTOR('',#68400,1.);
#68420=LINE('',#68390,#68410);
#68430=CARTESIAN_POINT('',(-0.114789155951266,-0.991052224877575,6.7575)
);
#68440=VERTEX_POINT('',#68430);
#68450=CARTESIAN_POINT('',(-0.504672040235212,-0.791052224877575,6.7575)
);
#68460=VERTEX_POINT('',#68450);
#68470=EDGE_CURVE('',#68440,#68460,#68420,.T.);
#68480=ORIENTED_EDGE('',*,*,#68470,.F.);
#68490=CARTESIAN_POINT('',(-0.504672040235212,-0.791052224877575,6.7575)
);
#68500=DIRECTION('',(0.,0.,-1.));
#68510=VECTOR('',#68500,1.);
#68520=LINE('',#68490,#68510);
#68530=CARTESIAN_POINT('',(-0.504672040235212,-0.791052224877575,5.7575)
);
#68540=VERTEX_POINT('',#68530);
#68550=EDGE_CURVE('',#68460,#68540,#68520,.T.);
#68560=ORIENTED_EDGE('',*,*,#68550,.F.);
#68570=CARTESIAN_POINT('',(-0.114789155951266,-0.991052224877575,5.7575)
);
#68580=DIRECTION('',(-0.88976180334717,0.456425167255698,0.));
#68590=VECTOR('',#68580,1.);
#68600=LINE('',#68570,#68590);
#68610=EDGE_CURVE('',#39480,#68540,#68600,.T.);
#68620=ORIENTED_EDGE('',*,*,#68610,.T.);
#68630=ORIENTED_EDGE('',*,*,#39490,.T.);
#68640=CARTESIAN_POINT('',(-0.114789155951266,-0.991052224877575,6.7575)
);
#68650=DIRECTION('',(0.,0.,-1.));
#68660=VECTOR('',#68650,1.);
#68670=LINE('',#68640,#68660);
#68680=EDGE_CURVE('',#68440,#39400,#68670,.T.);
#68690=ORIENTED_EDGE('',*,*,#68680,.T.);
#68700=EDGE_LOOP('',(#68690,#68630,#68620,#68560,#68480));
#68710=FACE_OUTER_BOUND('',#68700,.T.);
#68720=ADVANCED_FACE('',(#68710),#68380,.F.);
#68730=CARTESIAN_POINT('',(-0.114789155951266,-0.991052224877575,6.7575)
);
#68740=DIRECTION('',(-1.,0.,0.));
#68750=DIRECTION('',(0.,-1.,0.));
#68760=AXIS2_PLACEMENT_3D('',#68730,#68740,#68750);
#68770=PLANE('',#68760);
#68780=CARTESIAN_POINT('',(-0.114789155951266,-3.37105222487757,6.7575))
;
#68790=DIRECTION('',(0.,1.,0.));
#68800=VECTOR('',#68790,1.);
#68810=LINE('',#68780,#68800);
#68820=EDGE_CURVE('',#67970,#68440,#68810,.T.);
#68830=ORIENTED_EDGE('',*,*,#68820,.F.);
#68840=ORIENTED_EDGE('',*,*,#68680,.F.);
#68850=ORIENTED_EDGE('',*,*,#39410,.T.);
#68860=ORIENTED_EDGE('',*,*,#68040,.T.);
#68870=EDGE_LOOP('',(#68860,#68850,#68840,#68830));
#68880=FACE_OUTER_BOUND('',#68870,.T.);
#68890=ADVANCED_FACE('',(#68880),#68770,.F.);
#68900=CARTESIAN_POINT('',(-0.659817285558777,-1.54746203486977,5.7575))
;
#68910=DIRECTION('',(-0.763385448157945,-0.645943230896256,0.));
#68920=DIRECTION('',(0.645943230896256,-0.763385448157945,0.));
#68930=AXIS2_PLACEMENT_3D('',#68900,#68910,#68920);
#68940=PLANE('',#68930);
#68950=ORIENTED_EDGE('',*,*,#66040,.F.);
#68960=CARTESIAN_POINT('',(-2.82293896431993,1.00894777512243,
6.38000000000001));
#68970=DIRECTION('',(-0.645943230896256,0.763385448157945,0.));
#68980=VECTOR('',#68970,1.);
#68990=LINE('',#68960,#68980);
#69000=CARTESIAN_POINT('',(-0.659817285558778,-1.54746203486977,
6.38000000000001));
#69010=VERTEX_POINT('',#69000);
#69020=EDGE_CURVE('',#69010,#65950,#68990,.T.);
#69030=ORIENTED_EDGE('',*,*,#69020,.T.);
#69040=CARTESIAN_POINT('',(-0.659817285558775,-1.54746203486978,5.7575))
;
#69050=DIRECTION('',(0.,0.,-1.));
#69060=VECTOR('',#69050,1.);
#69070=LINE('',#69040,#69060);
#69080=CARTESIAN_POINT('',(-0.659817285558775,-1.54746203486978,5.4575))
;
#69090=VERTEX_POINT('',#69080);
#69100=EDGE_CURVE('',#69010,#69090,#69070,.T.);
#69110=ORIENTED_EDGE('',*,*,#69100,.F.);
#69120=CARTESIAN_POINT('',(-2.82293896431993,1.00894777512243,5.4575));
#69130=DIRECTION('',(-0.645943230896256,0.763385448157945,0.));
#69140=VECTOR('',#69130,1.);
#69150=LINE('',#69120,#69140);
#69160=CARTESIAN_POINT('',(-0.754789155951266,-1.43522284669627,5.4575))
;
#69170=VERTEX_POINT('',#69160);
#69180=EDGE_CURVE('',#69090,#69170,#69150,.T.);
#69190=ORIENTED_EDGE('',*,*,#69180,.F.);
#69200=CARTESIAN_POINT('',(-0.754789155951266,-1.43522284669627,9.235));
#69210=DIRECTION('',(0.,0.,1.));
#69220=VECTOR('',#69210,1.);
#69230=LINE('',#69200,#69220);
#69240=EDGE_CURVE('',#69170,#67240,#69230,.T.);
#69250=ORIENTED_EDGE('',*,*,#69240,.F.);
#69260=ORIENTED_EDGE('',*,*,#67250,.F.);
#69270=EDGE_LOOP('',(#69260,#69250,#69190,#69110,#69030,#68950));
#69280=FACE_OUTER_BOUND('',#69270,.T.);
#69290=ADVANCED_FACE('',(#69280),#68940,.T.);
#69300=CARTESIAN_POINT('',(-0.464789155951266,-1.39105222487757,5.7575))
;
#69310=DIRECTION('',(0.,0.,-1.));
#69320=DIRECTION('',(1.,0.,0.));
#69330=AXIS2_PLACEMENT_3D('',#69300,#69310,#69320);
#69340=CYLINDRICAL_SURFACE('',#69330,0.25);
#69350=ORIENTED_EDGE('',*,*,#69100,.T.);
#69360=CARTESIAN_POINT('',(-0.464789155951266,-1.39105222487757,
6.38000000000001));
#69370=DIRECTION('',(0.,0.,1.));
#69380=DIRECTION('',(1.,0.,0.));
#69390=AXIS2_PLACEMENT_3D('',#69360,#69370,#69380);
#69400=CIRCLE('',#69390,0.25);
#69410=EDGE_CURVE('',#69010,#68220,#69400,.T.);
#69420=ORIENTED_EDGE('',*,*,#69410,.F.);
#69430=ORIENTED_EDGE('',*,*,#68230,.F.);
#69440=CARTESIAN_POINT('',(-0.464789155951266,-1.39105222487757,5.4575))
;
#69450=DIRECTION('',(0.,0.,1.));
#69460=DIRECTION('',(1.,0.,0.));
#69470=AXIS2_PLACEMENT_3D('',#69440,#69450,#69460);
#69480=CIRCLE('',#69470,0.25);
#69490=EDGE_CURVE('',#69090,#68140,#69480,.T.);
#69500=ORIENTED_EDGE('',*,*,#69490,.T.);
#69510=EDGE_LOOP('',(#69500,#69430,#69420,#69350));
#69520=FACE_OUTER_BOUND('',#69510,.T.);
#69530=ADVANCED_FACE('',(#69520),#69340,.T.);
#69540=CARTESIAN_POINT('',(-0.338160053814892,-1.11094268171624,5.4575))
;
#69550=DIRECTION('',(0.,0.,1.));
#69560=DIRECTION('',(1.,0.,0.));
#69570=AXIS2_PLACEMENT_3D('',#69540,#69550,#69560);
#69580=PLANE('',#69570);
#69590=ORIENTED_EDGE('',*,*,#67730,.F.);
#69600=CARTESIAN_POINT('',(-0.264789155951266,-1.69105222487758,5.4575))
;
#69610=DIRECTION('',(1.,0.,0.));
#69620=VECTOR('',#69610,1.);
#69630=LINE('',#69600,#69620);
#69640=CARTESIAN_POINT('',(-0.754789155951266,-1.69105222487758,5.4575))
;
#69650=VERTEX_POINT('',#69640);
#69660=EDGE_CURVE('',#69650,#67640,#69630,.T.);
#69670=ORIENTED_EDGE('',*,*,#69660,.T.);
#69680=CARTESIAN_POINT('',(-0.754789155951266,1.00894777512243,5.4575));
#69690=DIRECTION('',(0.,-1.,0.));
#69700=VECTOR('',#69690,1.);
#69710=LINE('',#69680,#69700);
#69720=EDGE_CURVE('',#69170,#69650,#69710,.T.);
#69730=ORIENTED_EDGE('',*,*,#69720,.T.);
#69740=ORIENTED_EDGE('',*,*,#69180,.T.);
#69750=ORIENTED_EDGE('',*,*,#69490,.F.);
#69760=ORIENTED_EDGE('',*,*,#68150,.F.);
#69770=EDGE_LOOP('',(#69760,#69750,#69740,#69730,#69670,#69590));
#69780=FACE_OUTER_BOUND('',#69770,.T.);
#69790=ADVANCED_FACE('',(#69780),#69580,.T.);
#69800=CARTESIAN_POINT('',(0.035210844048734,-1.69105222487758,6.2775));
#69810=DIRECTION('',(0.,1.,0.));
#69820=DIRECTION('',(1.,0.,0.));
#69830=AXIS2_PLACEMENT_3D('',#69800,#69810,#69820);
#69840=PLANE('',#69830);
#69850=ORIENTED_EDGE('',*,*,#66970,.T.);
#69860=ORIENTED_EDGE('',*,*,#66600,.F.);
#69870=CARTESIAN_POINT('',(-0.814789155951266,-1.69105222487758,5.2075))
;
#69880=DIRECTION('',(0.,0.,-1.));
#69890=VECTOR('',#69880,1.);
#69900=LINE('',#69870,#69890);
#69910=EDGE_CURVE('',#66510,#67400,#69900,.T.);
#69920=ORIENTED_EDGE('',*,*,#69910,.F.);
#69930=ORIENTED_EDGE('',*,*,#67410,.F.);
#69940=CARTESIAN_POINT('',(-0.754789155951266,-1.69105222487758,5.7575))
;
#69950=DIRECTION('',(0.,0.,-1.));
#69960=VECTOR('',#69950,1.);
#69970=LINE('',#69940,#69960);
#69980=EDGE_CURVE('',#67320,#69650,#69970,.T.);
#69990=ORIENTED_EDGE('',*,*,#69980,.F.);
#70000=ORIENTED_EDGE('',*,*,#69660,.F.);
#70010=ORIENTED_EDGE('',*,*,#67650,.T.);
#70020=ORIENTED_EDGE('',*,*,#39970,.F.);
#70030=ORIENTED_EDGE('',*,*,#51180,.F.);
#70040=ORIENTED_EDGE('',*,*,#53900,.T.);
#70050=EDGE_LOOP('',(#70040,#70030,#70020,#70010,#70000,#69990,#69930,
#69920,#69860,#69850));
#70060=FACE_OUTER_BOUND('',#70050,.T.);
#70070=ADVANCED_FACE('',(#70060),#69840,.F.);
#70080=CARTESIAN_POINT('',(-0.754789155951266,-1.69105222487758,5.7575))
;
#70090=DIRECTION('',(1.,0.,0.));
#70100=DIRECTION('',(0.,-1.,0.));
#70110=AXIS2_PLACEMENT_3D('',#70080,#70090,#70100);
#70120=PLANE('',#70110);
#70130=ORIENTED_EDGE('',*,*,#69240,.T.);
#70140=ORIENTED_EDGE('',*,*,#69720,.F.);
#70150=ORIENTED_EDGE('',*,*,#69980,.T.);
#70160=ORIENTED_EDGE('',*,*,#67330,.F.);
#70170=EDGE_LOOP('',(#70160,#70150,#70140,#70130));
#70180=FACE_OUTER_BOUND('',#70170,.T.);
#70190=ADVANCED_FACE('',(#70180),#70120,.T.);
#70200=CARTESIAN_POINT('',(-0.548923153582963,-1.73105222487757,6.38));
#70210=DIRECTION('',(0.,0.,-1.));
#70220=DIRECTION('',(-1.,0.,0.));
#70230=AXIS2_PLACEMENT_3D('',#70200,#70210,#70220);
#70240=PLANE('',#70230);
#70250=ORIENTED_EDGE('',*,*,#65150,.F.);
#70260=CARTESIAN_POINT('',(-0.464789155951266,-1.73105222487757,6.38));
#70270=DIRECTION('',(0.,-1.,0.));
#70280=VECTOR('',#70270,1.);
#70290=LINE('',#70260,#70280);
#70300=EDGE_CURVE('',#68220,#65140,#70290,.T.);
#70310=ORIENTED_EDGE('',*,*,#70300,.T.);
#70320=ORIENTED_EDGE('',*,*,#69410,.T.);
#70330=ORIENTED_EDGE('',*,*,#69020,.F.);
#70340=ORIENTED_EDGE('',*,*,#65960,.T.);
#70350=CARTESIAN_POINT('',(-0.814789155951266,1.00894777512243,6.38));
#70360=DIRECTION('',(0.,-1.,0.));
#70370=VECTOR('',#70360,1.);
#70380=LINE('',#70350,#70370);
#70390=EDGE_CURVE('',#65840,#65120,#70380,.T.);
#70400=ORIENTED_EDGE('',*,*,#70390,.F.);
#70410=EDGE_LOOP('',(#70400,#70340,#70330,#70320,#70310,#70250));
#70420=FACE_OUTER_BOUND('',#70410,.T.);
#70430=ADVANCED_FACE('',(#70420),#70240,.T.);
#70440=CARTESIAN_POINT('',(-0.464789155951266,-1.09105222487757,6.8575))
;
#70450=VERTEX_POINT('',#70440);
#70460=CARTESIAN_POINT('',(-0.464789155951266,-1.09105222487758,6.7575))
;
#70470=VERTEX_POINT('',#70460);
#70480=EDGE_CURVE('',#70450,#70470,#56550,.T.);
#70490=ORIENTED_EDGE('',*,*,#70480,.F.);
#70500=CARTESIAN_POINT('',(-0.464789155951266,-3.37105222487757,6.7575))
;
#70510=DIRECTION('',(0.,1.,0.));
#70520=VECTOR('',#70510,1.);
#70530=LINE('',#70500,#70520);
#70540=EDGE_CURVE('',#67950,#70470,#70530,.T.);
#70550=ORIENTED_EDGE('',*,*,#70540,.T.);
#70560=ORIENTED_EDGE('',*,*,#68290,.F.);
#70570=ORIENTED_EDGE('',*,*,#70300,.F.);
#70580=ORIENTED_EDGE('',*,*,#65690,.F.);
#70590=CARTESIAN_POINT('',(-0.464789155951266,1.00894777512243,6.8575));
#70600=DIRECTION('',(0.,1.,0.));
#70610=VECTOR('',#70600,1.);
#70620=LINE('',#70590,#70610);
#70630=EDGE_CURVE('',#65620,#70450,#70620,.T.);
#70640=ORIENTED_EDGE('',*,*,#70630,.F.);
#70650=EDGE_LOOP('',(#70640,#70580,#70570,#70560,#70550,#70490));
#70660=FACE_OUTER_BOUND('',#70650,.T.);
#70670=ADVANCED_FACE('',(#70660),#56330,.T.);
#70680=CARTESIAN_POINT('',(-0.464789155951266,-1.19105222487757,9.235));
#70690=DIRECTION('',(0.,0.,1.));
#70700=VECTOR('',#70690,1.);
#70710=LINE('',#70680,#70700);
#70720=CARTESIAN_POINT('',(-0.464789155951266,-1.19105222487757,7.0575))
;
#70730=VERTEX_POINT('',#70720);
#70740=CARTESIAN_POINT('',(-0.464789155951266,-1.19105222487757,7.3575))
;
#70750=VERTEX_POINT('',#70740);
#70760=EDGE_CURVE('',#70730,#70750,#70710,.T.);
#70770=ORIENTED_EDGE('',*,*,#70760,.F.);
#70780=CARTESIAN_POINT('',(-0.464789155951266,1.00894777512243,7.3575));
#70790=DIRECTION('',(0.,1.,0.));
#70800=VECTOR('',#70790,1.);
#70810=LINE('',#70780,#70800);
#70820=CARTESIAN_POINT('',(-0.464789155951266,-1.09105222487757,7.3575))
;
#70830=VERTEX_POINT('',#70820);
#70840=EDGE_CURVE('',#70750,#70830,#70810,.T.);
#70850=ORIENTED_EDGE('',*,*,#70840,.F.);
#70860=CARTESIAN_POINT('',(-0.464789155951266,-1.09105222487757,7.0575))
;
#70870=VERTEX_POINT('',#70860);
#70880=EDGE_CURVE('',#70830,#70870,#56550,.T.);
#70890=ORIENTED_EDGE('',*,*,#70880,.F.);
#70900=CARTESIAN_POINT('',(-0.464789155951266,1.00894777512243,7.0575));
#70910=DIRECTION('',(0.,-1.,0.));
#70920=VECTOR('',#70910,1.);
#70930=LINE('',#70900,#70920);
#70940=EDGE_CURVE('',#70870,#70730,#70930,.T.);
#70950=ORIENTED_EDGE('',*,*,#70940,.F.);
#70960=EDGE_LOOP('',(#70950,#70890,#70850,#70770));
#70970=FACE_OUTER_BOUND('',#70960,.T.);
#70980=ADVANCED_FACE('',(#70970),#56330,.T.);
#70990=CARTESIAN_POINT('',(-0.44011229673397,-2.19517762655054,7.0575));
#71000=DIRECTION('',(0.,0.,1.));
#71010=DIRECTION('',(0.,1.,0.));
#71020=AXIS2_PLACEMENT_3D('',#70990,#71000,#71010);
#71030=PLANE('',#71020);
#71040=CARTESIAN_POINT('',(-0.264789155951266,-1.19105222487757,7.0575))
;
#71050=DIRECTION('',(-1.,0.,0.));
#71060=VECTOR('',#71050,1.);
#71070=LINE('',#71040,#71060);
#71080=CARTESIAN_POINT('',(-0.322524182870228,-1.19105222487757,7.0575))
;
#71090=VERTEX_POINT('',#71080);
#71100=EDGE_CURVE('',#71090,#70730,#71070,.T.);
#71110=ORIENTED_EDGE('',*,*,#71100,.F.);
#71120=ORIENTED_EDGE('',*,*,#70940,.T.);
#71130=CARTESIAN_POINT('',(-0.464789155951266,-1.29105222487757,7.0575))
;
#71140=DIRECTION('',(0.,0.,1.));
#71150=DIRECTION('',(0.,1.,0.));
#71160=AXIS2_PLACEMENT_3D('',#71130,#71140,#71150);
#71170=CIRCLE('',#71160,0.2);
#71180=CARTESIAN_POINT('',(-0.364789155951266,-1.11784714412069,7.0575))
;
#71190=VERTEX_POINT('',#71180);
#71200=EDGE_CURVE('',#71190,#70870,#71170,.T.);
#71210=ORIENTED_EDGE('',*,*,#71200,.T.);
#71220=CARTESIAN_POINT('',(-0.600580113963836,-0.709445224877574,7.0575)
);
#71230=DIRECTION('',(0.5,-0.866025403784439,0.));
#71240=VECTOR('',#71230,1.);
#71250=LINE('',#71220,#71240);
#71260=EDGE_CURVE('',#71190,#71090,#71250,.T.);
#71270=ORIENTED_EDGE('',*,*,#71260,.F.);
#71280=EDGE_LOOP('',(#71270,#71210,#71120,#71110));
#71290=FACE_OUTER_BOUND('',#71280,.T.);
#71300=ADVANCED_FACE('',(#71290),#71030,.T.);
#71310=CARTESIAN_POINT('',(-1.45941818394728,-1.06738394494655,6.8575));
#71320=DIRECTION('',(0.,0.,-1.));
#71330=DIRECTION('',(-1.,0.,0.));
#71340=AXIS2_PLACEMENT_3D('',#71310,#71320,#71330);
#71350=PLANE('',#71340);
#71360=ORIENTED_EDGE('',*,*,#65630,.F.);
#71370=CARTESIAN_POINT('',(-0.264789155951266,1.00894777512243,6.8575));
#71380=DIRECTION('',(0.,1.,0.));
#71390=VECTOR('',#71380,1.);
#71400=LINE('',#71370,#71390);
#71410=CARTESIAN_POINT('',(-0.264789155951266,-1.29105222487757,6.8575))
;
#71420=VERTEX_POINT('',#71410);
#71430=EDGE_CURVE('',#65540,#71420,#71400,.T.);
#71440=ORIENTED_EDGE('',*,*,#71430,.F.);
#71450=CARTESIAN_POINT('',(-0.600580113963836,-0.709445224877574,6.8575)
);
#71460=DIRECTION('',(0.5,-0.866025403784439,0.));
#71470=VECTOR('',#71460,1.);
#71480=LINE('',#71450,#71470);
#71490=CARTESIAN_POINT('',(-0.364789155951266,-1.11784714412069,6.8575))
;
#71500=VERTEX_POINT('',#71490);
#71510=EDGE_CURVE('',#71500,#71420,#71480,.T.);
#71520=ORIENTED_EDGE('',*,*,#71510,.T.);
#71530=CARTESIAN_POINT('',(-0.464789155951266,-1.29105222487757,6.8575))
;
#71540=DIRECTION('',(0.,0.,1.));
#71550=DIRECTION('',(0.,1.,0.));
#71560=AXIS2_PLACEMENT_3D('',#71530,#71540,#71550);
#71570=CIRCLE('',#71560,0.2);
#71580=EDGE_CURVE('',#71500,#70450,#71570,.T.);
#71590=ORIENTED_EDGE('',*,*,#71580,.F.);
#71600=ORIENTED_EDGE('',*,*,#70630,.T.);
#71610=EDGE_LOOP('',(#71600,#71590,#71520,#71440,#71360));
#71620=FACE_OUTER_BOUND('',#71610,.T.);
#71630=ADVANCED_FACE('',(#71620),#71350,.T.);
#71640=CARTESIAN_POINT('',(-0.364789155951266,-1.11784714412069,6.8675))
;
#71650=DIRECTION('',(0.866025403784439,0.5,0.));
#71660=DIRECTION('',(0.5,-0.866025403784439,0.));
#71670=AXIS2_PLACEMENT_3D('',#71640,#71650,#71660);
#71680=PLANE('',#71670);
#71690=ORIENTED_EDGE('',*,*,#71510,.F.);
#71700=CARTESIAN_POINT('',(-0.264789155951266,-1.29105222487757,9.235));
#71710=DIRECTION('',(0.,0.,1.));
#71720=VECTOR('',#71710,1.);
#71730=LINE('',#71700,#71720);
#71740=CARTESIAN_POINT('',(-0.264789155951266,-1.29105222487757,7.055));
#71750=VERTEX_POINT('',#71740);
#71760=EDGE_CURVE('',#71420,#71750,#71730,.T.);
#71770=ORIENTED_EDGE('',*,*,#71760,.F.);
#71780=CARTESIAN_POINT('',(-1.5926947750874,1.00894777512243,7.055));
#71790=DIRECTION('',(-0.5,0.866025403784439,0.));
#71800=VECTOR('',#71790,1.);
#71810=LINE('',#71780,#71800);
#71820=CARTESIAN_POINT('',(-0.322524182870228,-1.19105222487757,7.055));
#71830=VERTEX_POINT('',#71820);
#71840=EDGE_CURVE('',#71750,#71830,#71810,.T.);
#71850=ORIENTED_EDGE('',*,*,#71840,.F.);
#71860=CARTESIAN_POINT('',(-0.322524182870228,-1.19105222487757,9.235));
#71870=DIRECTION('',(0.,0.,1.));
#71880=VECTOR('',#71870,1.);
#71890=LINE('',#71860,#71880);
#71900=EDGE_CURVE('',#71830,#71090,#71890,.T.);
#71910=ORIENTED_EDGE('',*,*,#71900,.F.);
#71920=ORIENTED_EDGE('',*,*,#71260,.T.);
#71930=CARTESIAN_POINT('',(-0.364789155951266,-1.11784714412069,7.0475))
;
#71940=DIRECTION('',(0.,0.,1.));
#71950=VECTOR('',#71940,1.);
#71960=LINE('',#71930,#71950);
#71970=EDGE_CURVE('',#71500,#71190,#71960,.T.);
#71980=ORIENTED_EDGE('',*,*,#71970,.T.);
#71990=EDGE_LOOP('',(#71980,#71920,#71910,#71850,#71770,#71690));
#72000=FACE_OUTER_BOUND('',#71990,.T.);
#72010=ADVANCED_FACE('',(#72000),#71680,.T.);
#72020=CARTESIAN_POINT('',(-0.464789155951266,-1.29105222487757,6.8675))
;
#72030=DIRECTION('',(0.,0.,1.));
#72040=DIRECTION('',(0.,1.,0.));
#72050=AXIS2_PLACEMENT_3D('',#72020,#72030,#72040);
#72060=CYLINDRICAL_SURFACE('',#72050,0.2);
#72070=CARTESIAN_POINT('',(-0.464789155951266,-1.09105222487757,6.8675))
;
#72080=DIRECTION('',(0.,0.,1.));
#72090=VECTOR('',#72080,1.);
#72100=LINE('',#72070,#72090);
#72110=EDGE_CURVE('',#70450,#70870,#72100,.T.);
#72120=ORIENTED_EDGE('',*,*,#72110,.T.);
#72130=ORIENTED_EDGE('',*,*,#71580,.T.);
#72140=ORIENTED_EDGE('',*,*,#71970,.F.);
#72150=ORIENTED_EDGE('',*,*,#71200,.F.);
#72160=EDGE_LOOP('',(#72150,#72140,#72130,#72120));
#72170=FACE_OUTER_BOUND('',#72160,.T.);
#72180=ADVANCED_FACE('',(#72170),#72060,.T.);
#72190=CARTESIAN_POINT('',(-0.464789155951266,-1.09105222487758,33.1575)
);
#72200=DIRECTION('',(-1.22460635382238E-16,1.,0.));
#72210=DIRECTION('',(-1.,-1.22460635382238E-16,0.));
#72220=AXIS2_PLACEMENT_3D('',#72190,#72200,#72210);
#72230=PLANE('',#72220);
#72240=CARTESIAN_POINT('',(-0.600996759421432,-1.09105222487758,22.8025)
);
#72250=DIRECTION('',(0.,0.,1.));
#72260=VECTOR('',#72250,1.);
#72270=LINE('',#72240,#72260);
#72280=CARTESIAN_POINT('',(-0.600996759421478,-1.09105222487758,6.7575))
;
#72290=VERTEX_POINT('',#72280);
#72300=EDGE_CURVE('',#72290,#26600,#72270,.T.);
#72310=ORIENTED_EDGE('',*,*,#72300,.T.);
#72320=CARTESIAN_POINT('',(-0.264789155951266,-1.09105222487758,6.7575))
;
#72330=DIRECTION('',(-1.,-1.22460635382238E-16,0.));
#72340=VECTOR('',#72330,1.);
#72350=LINE('',#72320,#72340);
#72360=EDGE_CURVE('',#70470,#72290,#72350,.T.);
#72370=ORIENTED_EDGE('',*,*,#72360,.T.);
#72380=ORIENTED_EDGE('',*,*,#70480,.T.);
#72390=ORIENTED_EDGE('',*,*,#72110,.F.);
#72400=ORIENTED_EDGE('',*,*,#70880,.T.);
#72410=CARTESIAN_POINT('',(-0.464789155951266,-1.09105222487757,7.3675))
;
#72420=DIRECTION('',(0.,0.,1.));
#72430=VECTOR('',#72420,1.);
#72440=LINE('',#72410,#72430);
#72450=EDGE_CURVE('',#70830,#64900,#72440,.T.);
#72460=ORIENTED_EDGE('',*,*,#72450,.F.);
#72470=ORIENTED_EDGE('',*,*,#64910,.T.);
#72480=CARTESIAN_POINT('',(-0.464789155951266,-1.09105222487757,7.8675))
;
#72490=DIRECTION('',(0.,0.,1.));
#72500=VECTOR('',#72490,1.);
#72510=LINE('',#72480,#72500);
#72520=EDGE_CURVE('',#64860,#63500,#72510,.T.);
#72530=ORIENTED_EDGE('',*,*,#72520,.F.);
#72540=ORIENTED_EDGE('',*,*,#63710,.T.);
#72550=CARTESIAN_POINT('',(-0.464789155951266,-1.09105222487757,8.3675))
;
#72560=DIRECTION('',(0.,0.,1.));
#72570=VECTOR('',#72560,1.);
#72580=LINE('',#72550,#72570);
#72590=CARTESIAN_POINT('',(-0.464789155951266,-1.09105222487757,8.5575))
;
#72600=VERTEX_POINT('',#72590);
#72610=EDGE_CURVE('',#63680,#72600,#72580,.T.);
#72620=ORIENTED_EDGE('',*,*,#72610,.F.);
#72630=CARTESIAN_POINT('',(-0.464789155951266,-1.09105222487757,8.8575))
;
#72640=VERTEX_POINT('',#72630);
#72650=EDGE_CURVE('',#72640,#72600,#56550,.T.);
#72660=ORIENTED_EDGE('',*,*,#72650,.T.);
#72670=CARTESIAN_POINT('',(-0.464789155951266,-1.09105222487757,8.8675))
;
#72680=DIRECTION('',(0.,0.,1.));
#72690=VECTOR('',#72680,1.);
#72700=LINE('',#72670,#72690);
#72710=CARTESIAN_POINT('',(-0.464789155951266,-1.09105222487757,9.0575))
;
#72720=VERTEX_POINT('',#72710);
#72730=EDGE_CURVE('',#72640,#72720,#72700,.T.);
#72740=ORIENTED_EDGE('',*,*,#72730,.F.);
#72750=CARTESIAN_POINT('',(-0.464789155951266,-1.09105222487757,9.3575))
;
#72760=VERTEX_POINT('',#72750);
#72770=EDGE_CURVE('',#72760,#72720,#56550,.T.);
#72780=ORIENTED_EDGE('',*,*,#72770,.T.);
#72790=CARTESIAN_POINT('',(-0.464789155951266,-1.09105222487757,9.3675))
;
#72800=DIRECTION('',(0.,0.,1.));
#72810=VECTOR('',#72800,1.);
#72820=LINE('',#72790,#72810);
#72830=EDGE_CURVE('',#72760,#61560,#72820,.T.);
#72840=ORIENTED_EDGE('',*,*,#72830,.F.);
#72850=ORIENTED_EDGE('',*,*,#61570,.T.);
#72860=CARTESIAN_POINT('',(-0.464789155951266,-1.09105222487757,9.8675))
;
#72870=DIRECTION('',(0.,0.,1.));
#72880=VECTOR('',#72870,1.);
#72890=LINE('',#72860,#72880);
#72900=CARTESIAN_POINT('',(-0.464789155951266,-1.09105222487757,10.0575)
);
#72910=VERTEX_POINT('',#72900);
#72920=EDGE_CURVE('',#61520,#72910,#72890,.T.);
#72930=ORIENTED_EDGE('',*,*,#72920,.F.);
#72940=CARTESIAN_POINT('',(-0.464789155951266,-1.09105222487757,10.3575)
);
#72950=VERTEX_POINT('',#72940);
#72960=EDGE_CURVE('',#72950,#72910,#56550,.T.);
#72970=ORIENTED_EDGE('',*,*,#72960,.T.);
#72980=CARTESIAN_POINT('',(-0.464789155951266,-1.09105222487757,10.3675)
);
#72990=DIRECTION('',(0.,0.,1.));
#73000=VECTOR('',#72990,1.);
#73010=LINE('',#72980,#73000);
#73020=EDGE_CURVE('',#72950,#58810,#73010,.T.);
#73030=ORIENTED_EDGE('',*,*,#73020,.F.);
#73040=ORIENTED_EDGE('',*,*,#58820,.T.);
#73050=CARTESIAN_POINT('',(-0.464789155951266,-1.09105222487757,10.8675)
);
#73060=DIRECTION('',(0.,0.,1.));
#73070=VECTOR('',#73060,1.);
#73080=LINE('',#73050,#73070);
#73090=CARTESIAN_POINT('',(-0.464789155951266,-1.09105222487757,11.0575)
);
#73100=VERTEX_POINT('',#73090);
#73110=EDGE_CURVE('',#58770,#73100,#73080,.T.);
#73120=ORIENTED_EDGE('',*,*,#73110,.F.);
#73130=CARTESIAN_POINT('',(-0.464789155951266,-1.09105222487757,11.3575)
);
#73140=VERTEX_POINT('',#73130);
#73150=EDGE_CURVE('',#73140,#73100,#56550,.T.);
#73160=ORIENTED_EDGE('',*,*,#73150,.T.);
#73170=CARTESIAN_POINT('',(-0.464789155951266,-1.09105222487757,11.3675)
);
#73180=DIRECTION('',(0.,0.,1.));
#73190=VECTOR('',#73180,1.);
#73200=LINE('',#73170,#73190);
#73210=EDGE_CURVE('',#73140,#56570,#73200,.T.);
#73220=ORIENTED_EDGE('',*,*,#73210,.F.);
#73230=ORIENTED_EDGE('',*,*,#56580,.T.);
#73240=CARTESIAN_POINT('',(-0.464789155951266,-1.09105222487757,11.8675)
);
#73250=DIRECTION('',(0.,0.,1.));
#73260=VECTOR('',#73250,1.);
#73270=LINE('',#73240,#73260);
#73280=EDGE_CURVE('',#56490,#55450,#73270,.T.);
#73290=ORIENTED_EDGE('',*,*,#73280,.F.);
#73300=CARTESIAN_POINT('',(-0.464789155951266,-1.09105222487757,12.3575)
);
#73310=VERTEX_POINT('',#73300);
#73320=EDGE_CURVE('',#73310,#55450,#56550,.T.);
#73330=ORIENTED_EDGE('',*,*,#73320,.T.);
#73340=CARTESIAN_POINT('',(-0.464789155951266,-1.09105222487757,12.3675)
);
#73350=DIRECTION('',(0.,0.,1.));
#73360=VECTOR('',#73350,1.);
#73370=LINE('',#73340,#73360);
#73380=EDGE_CURVE('',#73310,#44180,#73370,.T.);
#73390=ORIENTED_EDGE('',*,*,#73380,.F.);
#73400=ORIENTED_EDGE('',*,*,#46570,.T.);
#73410=ORIENTED_EDGE('',*,*,#38140,.F.);
#73420=ORIENTED_EDGE('',*,*,#35630,.T.);
#73430=ORIENTED_EDGE('',*,*,#14420,.F.);
#73440=ORIENTED_EDGE('',*,*,#27400,.T.);
#73450=ORIENTED_EDGE('',*,*,#26670,.F.);
#73460=EDGE_LOOP('',(#73450,#73440,#73430,#73420,#73410,#73400,#73390,
#73330,#73290,#73230,#73220,#73160,#73120,#73040,#73030,#72970,#72930,
#72850,#72840,#72780,#72740,#72660,#72620,#72540,#72530,#72470,#72460,
#72400,#72390,#72380,#72370,#72310));
#73470=FACE_OUTER_BOUND('',#73460,.T.);
#73480=ADVANCED_FACE('',(#73470),#72230,.T.);
#73490=CARTESIAN_POINT('',(-0.364789155951266,-1.11784714412069,7.3675))
;
#73500=DIRECTION('',(0.866025403784439,0.5,0.));
#73510=DIRECTION('',(0.5,-0.866025403784439,0.));
#73520=AXIS2_PLACEMENT_3D('',#73490,#73500,#73510);
#73530=PLANE('',#73520);
#73540=CARTESIAN_POINT('',(-1.5926947750874,1.00894777512243,7.555));
#73550=DIRECTION('',(-0.5,0.866025403784439,0.));
#73560=VECTOR('',#73550,1.);
#73570=LINE('',#73540,#73560);
#73580=CARTESIAN_POINT('',(-0.264789155951266,-1.29105222487757,7.555));
#73590=VERTEX_POINT('',#73580);
#73600=EDGE_CURVE('',#73590,#64180,#73570,.T.);
#73610=ORIENTED_EDGE('',*,*,#73600,.F.);
#73620=ORIENTED_EDGE('',*,*,#64210,.F.);
#73630=CARTESIAN_POINT('',(-0.600580113963836,-0.709445224877575,7.5575)
);
#73640=DIRECTION('',(0.5,-0.866025403784439,0.));
#73650=VECTOR('',#73640,1.);
#73660=LINE('',#73630,#73650);
#73670=CARTESIAN_POINT('',(-0.364789155951266,-1.11784714412069,7.5575))
;
#73680=VERTEX_POINT('',#73670);
#73690=EDGE_CURVE('',#73680,#64200,#73660,.T.);
#73700=ORIENTED_EDGE('',*,*,#73690,.T.);
#73710=CARTESIAN_POINT('',(-0.364789155951266,-1.11784714412069,7.5475))
;
#73720=DIRECTION('',(0.,0.,1.));
#73730=VECTOR('',#73720,1.);
#73740=LINE('',#73710,#73730);
#73750=CARTESIAN_POINT('',(-0.364789155951266,-1.11784714412069,7.3575))
;
#73760=VERTEX_POINT('',#73750);
#73770=EDGE_CURVE('',#73760,#73680,#73740,.T.);
#73780=ORIENTED_EDGE('',*,*,#73770,.T.);
#73790=CARTESIAN_POINT('',(-0.600580113963836,-0.709445224877575,7.3575)
);
#73800=DIRECTION('',(0.5,-0.866025403784439,0.));
#73810=VECTOR('',#73800,1.);
#73820=LINE('',#73790,#73810);
#73830=CARTESIAN_POINT('',(-0.322524182870228,-1.19105222487757,7.3575))
;
#73840=VERTEX_POINT('',#73830);
#73850=EDGE_CURVE('',#73760,#73840,#73820,.T.);
#73860=ORIENTED_EDGE('',*,*,#73850,.F.);
#73870=CARTESIAN_POINT('',(-0.322524182870228,-1.19105222487757,9.235));
#73880=DIRECTION('',(0.,0.,1.));
#73890=VECTOR('',#73880,1.);
#73900=LINE('',#73870,#73890);
#73910=CARTESIAN_POINT('',(-0.322524182870229,-1.19105222487757,7.36));
#73920=VERTEX_POINT('',#73910);
#73930=EDGE_CURVE('',#73840,#73920,#73900,.T.);
#73940=ORIENTED_EDGE('',*,*,#73930,.F.);
#73950=CARTESIAN_POINT('',(-1.5926947750874,1.00894777512243,7.36));
#73960=DIRECTION('',(-0.5,0.866025403784439,0.));
#73970=VECTOR('',#73960,1.);
#73980=LINE('',#73950,#73970);
#73990=CARTESIAN_POINT('',(-0.264789155951266,-1.29105222487757,7.36));
#74000=VERTEX_POINT('',#73990);
#74010=EDGE_CURVE('',#74000,#73920,#73980,.T.);
#74020=ORIENTED_EDGE('',*,*,#74010,.T.);
#74030=CARTESIAN_POINT('',(-0.264789155951266,-1.29105222487758,9.235));
#74040=DIRECTION('',(0.,0.,1.));
#74050=VECTOR('',#74040,1.);
#74060=LINE('',#74030,#74050);
#74070=EDGE_CURVE('',#74000,#73590,#74060,.T.);
#74080=ORIENTED_EDGE('',*,*,#74070,.F.);
#74090=EDGE_LOOP('',(#74080,#74020,#73940,#73860,#73780,#73700,#73620,
#73610));
#74100=FACE_OUTER_BOUND('',#74090,.T.);
#74110=ADVANCED_FACE('',(#74100),#73530,.T.);
#74120=CARTESIAN_POINT('',(-2.01478915595127,1.00894777512243,7.36));
#74130=DIRECTION('',(0.,0.,-1.));
#74140=DIRECTION('',(-1.,0.,0.));
#74150=AXIS2_PLACEMENT_3D('',#74120,#74130,#74140);
#74160=PLANE('',#74150);
#74170=ORIENTED_EDGE('',*,*,#74010,.F.);
#74180=CARTESIAN_POINT('',(-2.01478915595127,-1.19105222487757,7.36));
#74190=DIRECTION('',(-1.,0.,0.));
#74200=VECTOR('',#74190,1.);
#74210=LINE('',#74180,#74200);
#74220=CARTESIAN_POINT('',(-0.264789155951266,-1.19105222487757,7.36));
#74230=VERTEX_POINT('',#74220);
#74240=EDGE_CURVE('',#74230,#73920,#74210,.T.);
#74250=ORIENTED_EDGE('',*,*,#74240,.T.);
#74260=CARTESIAN_POINT('',(-0.264789155951266,1.00894777512243,7.36));
#74270=DIRECTION('',(0.,-1.,0.));
#74280=VECTOR('',#74270,1.);
#74290=LINE('',#74260,#74280);
#74300=EDGE_CURVE('',#74230,#74000,#74290,.T.);
#74310=ORIENTED_EDGE('',*,*,#74300,.F.);
#74320=EDGE_LOOP('',(#74310,#74250,#74170));
#74330=FACE_OUTER_BOUND('',#74320,.T.);
#74340=ADVANCED_FACE('',(#74330),#74160,.F.);
#74350=CARTESIAN_POINT('',(-0.264789155951265,-1.19105222487757,7.36));
#74360=DIRECTION('',(0.,1.,0.));
#74370=DIRECTION('',(-1.,0.,0.));
#74380=AXIS2_PLACEMENT_3D('',#74350,#74360,#74370);
#74390=PLANE('',#74380);
#74400=ORIENTED_EDGE('',*,*,#71900,.T.);
#74410=CARTESIAN_POINT('',(-2.01478915595127,-1.19105222487757,7.055));
#74420=DIRECTION('',(-1.,0.,0.));
#74430=VECTOR('',#74420,1.);
#74440=LINE('',#74410,#74430);
#74450=CARTESIAN_POINT('',(-0.264789155951266,-1.19105222487757,7.055));
#74460=VERTEX_POINT('',#74450);
#74470=EDGE_CURVE('',#74460,#71830,#74440,.T.);
#74480=ORIENTED_EDGE('',*,*,#74470,.T.);
#74490=CARTESIAN_POINT('',(-0.264789155951265,-1.19105222487757,7.36));
#74500=DIRECTION('',(0.,0.,-1.));
#74510=VECTOR('',#74500,1.);
#74520=LINE('',#74490,#74510);
#74530=EDGE_CURVE('',#74230,#74460,#74520,.T.);
#74540=ORIENTED_EDGE('',*,*,#74530,.T.);
#74550=ORIENTED_EDGE('',*,*,#74240,.F.);
#74560=ORIENTED_EDGE('',*,*,#73930,.T.);
#74570=CARTESIAN_POINT('',(-0.264789155951266,-1.19105222487757,7.3575))
;
#74580=DIRECTION('',(1.,0.,0.));
#74590=VECTOR('',#74580,1.);
#74600=LINE('',#74570,#74590);
#74610=EDGE_CURVE('',#70750,#73840,#74600,.T.);
#74620=ORIENTED_EDGE('',*,*,#74610,.T.);
#74630=ORIENTED_EDGE('',*,*,#70760,.T.);
#74640=ORIENTED_EDGE('',*,*,#71100,.T.);
#74650=EDGE_LOOP('',(#74640,#74630,#74620,#74560,#74550,#74540,#74480,
#74400));
#74660=FACE_OUTER_BOUND('',#74650,.T.);
#74670=ADVANCED_FACE('',(#74660),#74390,.T.);
#74680=CARTESIAN_POINT('',(0.0352108440487342,-1.36425730563446,12.36));
#74690=DIRECTION('',(0.5,0.866025403784439,0.));
#74700=DIRECTION('',(-0.866025403784439,0.5,0.));
#74710=AXIS2_PLACEMENT_3D('',#74680,#74690,#74700);
#74720=PLANE('',#74710);
#74730=CARTESIAN_POINT('',(-0.264789155951265,-1.19105222487757,12.555))
;
#74740=DIRECTION('',(0.,0.,1.));
#74750=VECTOR('',#74740,1.);
#74760=LINE('',#74730,#74750);
#74770=CARTESIAN_POINT('',(-0.264789155951266,-1.19105222487757,12.555))
;
#74780=VERTEX_POINT('',#74770);
#74790=EDGE_CURVE('',#74780,#16980,#74760,.T.);
#74800=ORIENTED_EDGE('',*,*,#74790,.T.);
#74810=CARTESIAN_POINT('',(-0.264789155951266,-1.19105222487757,12.36));
#74820=DIRECTION('',(0.,0.,1.));
#74830=VECTOR('',#74820,1.);
#74840=LINE('',#74810,#74830);
#74850=CARTESIAN_POINT('',(-0.264789155951266,-1.19105222487757,12.36));
#74860=VERTEX_POINT('',#74850);
#74870=EDGE_CURVE('',#74860,#74780,#74840,.T.);
#74880=ORIENTED_EDGE('',*,*,#74870,.T.);
#74890=CARTESIAN_POINT('',(-0.264789155951265,-1.19105222487757,12.055))
;
#74900=DIRECTION('',(0.,0.,1.));
#74910=VECTOR('',#74900,1.);
#74920=LINE('',#74890,#74910);
#74930=CARTESIAN_POINT('',(-0.264789155951266,-1.19105222487757,12.055))
;
#74940=VERTEX_POINT('',#74930);
#74950=EDGE_CURVE('',#74940,#74860,#74920,.T.);
#74960=ORIENTED_EDGE('',*,*,#74950,.T.);
#74970=CARTESIAN_POINT('',(-0.264789155951266,-1.19105222487757,11.86));
#74980=DIRECTION('',(0.,0.,1.));
#74990=VECTOR('',#74980,1.);
#75000=LINE('',#74970,#74990);
#75010=EDGE_CURVE('',#58470,#74940,#75000,.T.);
#75020=ORIENTED_EDGE('',*,*,#75010,.T.);
#75030=ORIENTED_EDGE('',*,*,#58480,.T.);
#75040=ORIENTED_EDGE('',*,*,#58070,.T.);
#75050=CARTESIAN_POINT('',(-0.264789155951265,-1.19105222487757,11.055))
;
#75060=DIRECTION('',(0.,0.,1.));
#75070=VECTOR('',#75060,1.);
#75080=LINE('',#75050,#75070);
#75090=CARTESIAN_POINT('',(-0.264789155951266,-1.19105222487757,11.055))
;
#75100=VERTEX_POINT('',#75090);
#75110=EDGE_CURVE('',#75100,#57980,#75080,.T.);
#75120=ORIENTED_EDGE('',*,*,#75110,.T.);
#75130=CARTESIAN_POINT('',(-0.264789155951266,-1.19105222487757,10.86));
#75140=DIRECTION('',(0.,0.,1.));
#75150=VECTOR('',#75140,1.);
#75160=LINE('',#75130,#75150);
#75170=EDGE_CURVE('',#59930,#75100,#75160,.T.);
#75180=ORIENTED_EDGE('',*,*,#75170,.T.);
#75190=ORIENTED_EDGE('',*,*,#59940,.T.);
#75200=CARTESIAN_POINT('',(-0.264789155951266,-1.19105222487757,10.36));
#75210=DIRECTION('',(0.,0.,1.));
#75220=VECTOR('',#75210,1.);
#75230=LINE('',#75200,#75220);
#75240=CARTESIAN_POINT('',(-0.264789155951266,-1.19105222487757,10.36));
#75250=VERTEX_POINT('',#75240);
#75260=EDGE_CURVE('',#75250,#59850,#75230,.T.);
#75270=ORIENTED_EDGE('',*,*,#75260,.T.);
#75280=CARTESIAN_POINT('',(-0.264789155951265,-1.19105222487757,10.055))
;
#75290=DIRECTION('',(0.,0.,1.));
#75300=VECTOR('',#75290,1.);
#75310=LINE('',#75280,#75300);
#75320=EDGE_CURVE('',#29100,#75250,#75310,.T.);
#75330=ORIENTED_EDGE('',*,*,#75320,.T.);
#75340=ORIENTED_EDGE('',*,*,#29110,.T.);
#75350=ORIENTED_EDGE('',*,*,#61260,.T.);
#75360=CARTESIAN_POINT('',(-0.264789155951266,-1.19105222487757,9.36));
#75370=DIRECTION('',(0.,0.,1.));
#75380=VECTOR('',#75370,1.);
#75390=LINE('',#75360,#75380);
#75400=EDGE_CURVE('',#63020,#61190,#75390,.T.);
#75410=ORIENTED_EDGE('',*,*,#75400,.T.);
#75420=ORIENTED_EDGE('',*,*,#63030,.T.);
#75430=CARTESIAN_POINT('',(-0.264789155951266,-1.19105222487757,8.86));
#75440=DIRECTION('',(0.,0.,1.));
#75450=VECTOR('',#75440,1.);
#75460=LINE('',#75430,#75450);
#75470=CARTESIAN_POINT('',(-0.264789155951266,-1.19105222487757,8.86));
#75480=VERTEX_POINT('',#75470);
#75490=EDGE_CURVE('',#75480,#62940,#75460,.T.);
#75500=ORIENTED_EDGE('',*,*,#75490,.T.);
#75510=CARTESIAN_POINT('',(-0.264789155951265,-1.19105222487757,8.555));
#75520=DIRECTION('',(0.,0.,1.));
#75530=VECTOR('',#75520,1.);
#75540=LINE('',#75510,#75530);
#75550=CARTESIAN_POINT('',(-0.264789155951266,-1.19105222487757,8.555));
#75560=VERTEX_POINT('',#75550);
#75570=EDGE_CURVE('',#75560,#75480,#75540,.T.);
#75580=ORIENTED_EDGE('',*,*,#75570,.T.);
#75590=CARTESIAN_POINT('',(-0.264789155951266,-1.19105222487757,8.36));
#75600=DIRECTION('',(0.,0.,1.));
#75610=VECTOR('',#75600,1.);
#75620=LINE('',#75590,#75610);
#75630=CARTESIAN_POINT('',(-0.264789155951266,-1.19105222487757,8.36));
#75640=VERTEX_POINT('',#75630);
#75650=EDGE_CURVE('',#75640,#75560,#75620,.T.);
#75660=ORIENTED_EDGE('',*,*,#75650,.T.);
#75670=CARTESIAN_POINT('',(-0.264789155951265,-1.19105222487757,8.36));
#75680=DIRECTION('',(0.,0.,-1.));
#75690=VECTOR('',#75680,1.);
#75700=LINE('',#75670,#75690);
#75710=CARTESIAN_POINT('',(-0.264789155951266,-1.19105222487757,8.055));
#75720=VERTEX_POINT('',#75710);
#75730=EDGE_CURVE('',#75640,#75720,#75700,.T.);
#75740=ORIENTED_EDGE('',*,*,#75730,.F.);
#75750=CARTESIAN_POINT('',(-0.264789155951266,-1.19105222487757,8.055));
#75760=DIRECTION('',(0.,0.,-1.));
#75770=VECTOR('',#75760,1.);
#75780=LINE('',#75750,#75770);
#75790=EDGE_CURVE('',#75720,#64360,#75780,.T.);
#75800=ORIENTED_EDGE('',*,*,#75790,.F.);
#75810=ORIENTED_EDGE('',*,*,#64370,.F.);
#75820=CARTESIAN_POINT('',(-0.264789155951266,-1.19105222487757,7.555));
#75830=DIRECTION('',(0.,0.,-1.));
#75840=VECTOR('',#75830,1.);
#75850=LINE('',#75820,#75840);
#75860=EDGE_CURVE('',#64280,#74230,#75850,.T.);
#75870=ORIENTED_EDGE('',*,*,#75860,.F.);
#75880=ORIENTED_EDGE('',*,*,#74530,.F.);
#75890=CARTESIAN_POINT('',(-0.264789155951266,-1.19105222487757,7.055));
#75900=DIRECTION('',(0.,0.,-1.));
#75910=VECTOR('',#75900,1.);
#75920=LINE('',#75890,#75910);
#75930=CARTESIAN_POINT('',(-0.264789155951266,-1.19105222487757,6.8325))
;
#75940=VERTEX_POINT('',#75930);
#75950=EDGE_CURVE('',#74460,#75940,#75920,.T.);
#75960=ORIENTED_EDGE('',*,*,#75950,.F.);
#75970=CARTESIAN_POINT('',(-0.264789155951266,-1.19105222487757,6.8325))
;
#75980=DIRECTION('',(-0.866025403784439,0.5,0.));
#75990=VECTOR('',#75980,1.);
#76000=LINE('',#75970,#75990);
#76010=CARTESIAN_POINT('',(0.0352108440487342,-1.36425730563446,6.8325))
;
#76020=VERTEX_POINT('',#76010);
#76030=EDGE_CURVE('',#76020,#75940,#76000,.T.);
#76040=ORIENTED_EDGE('',*,*,#76030,.T.);
#76050=CARTESIAN_POINT('',(0.0352108440487877,-1.36425730563446,14.055))
;
#76060=DIRECTION('',(0.,0.,1.));
#76070=VECTOR('',#76060,1.);
#76080=LINE('',#76050,#76070);
#76090=EDGE_CURVE('',#76020,#25730,#76080,.T.);
#76100=ORIENTED_EDGE('',*,*,#76090,.F.);
#76110=ORIENTED_EDGE('',*,*,#25740,.F.);
#76120=ORIENTED_EDGE('',*,*,#16670,.T.);
#76130=ORIENTED_EDGE('',*,*,#31060,.T.);
#76140=ORIENTED_EDGE('',*,*,#35360,.T.);
#76150=ORIENTED_EDGE('',*,*,#17540,.T.);
#76160=ORIENTED_EDGE('',*,*,#45370,.T.);
#76170=EDGE_LOOP('',(#76160,#76150,#76140,#76130,#76120,#76110,#76100,
#76040,#75960,#75880,#75870,#75810,#75800,#75740,#75660,#75580,#75500,
#75420,#75410,#75350,#75340,#75330,#75270,#75190,#75180,#75120,#75040,
#75030,#75020,#74960,#74880,#74800));
#76180=FACE_OUTER_BOUND('',#76170,.T.);
#76190=ADVANCED_FACE('',(#76180),#74720,.T.);
#76200=ORIENTED_EDGE('',*,*,#42420,.T.);
#76210=CARTESIAN_POINT('',(-0.264789155951195,-3.39105222487758,12.5575)
);
#76220=DIRECTION('',(1.,0.,0.));
#76230=VECTOR('',#76220,1.);
#76240=LINE('',#76210,#76230);
#76250=CARTESIAN_POINT('',(-0.0647891559512659,-3.39105222487758,12.5575
));
#76260=VERTEX_POINT('',#76250);
#76270=EDGE_CURVE('',#42390,#76260,#76240,.T.);
#76280=ORIENTED_EDGE('',*,*,#76270,.F.);
#76290=CARTESIAN_POINT('',(-0.0647891559512659,1.00894777512243,12.5575)
);
#76300=DIRECTION('',(0.,1.,0.));
#76310=VECTOR('',#76300,1.);
#76320=LINE('',#76290,#76310);
#76330=CARTESIAN_POINT('',(-0.0647891559512659,-3.69105222487757,12.5575
));
#76340=VERTEX_POINT('',#76330);
#76350=EDGE_CURVE('',#76340,#76260,#76320,.T.);
#76360=ORIENTED_EDGE('',*,*,#76350,.T.);
#76370=CARTESIAN_POINT('',(-0.264789155951206,-3.69105222487757,12.5575)
);
#76380=DIRECTION('',(1.,0.,0.));
#76390=VECTOR('',#76380,1.);
#76400=LINE('',#76370,#76390);
#76410=CARTESIAN_POINT('',(-1.36478915595127,-3.69105222487757,12.5575))
;
#76420=VERTEX_POINT('',#76410);
#76430=EDGE_CURVE('',#76420,#76340,#76400,.T.);
#76440=ORIENTED_EDGE('',*,*,#76430,.T.);
#76450=CARTESIAN_POINT('',(-1.36478915595127,-3.79105222487757,12.5575))
;
#76460=DIRECTION('',(0.,0.,1.));
#76470=DIRECTION('',(0.,1.,0.));
#76480=AXIS2_PLACEMENT_3D('',#76450,#76460,#76470);
#76490=CIRCLE('',#76480,0.1);
#76500=CARTESIAN_POINT('',(-1.46478915595127,-3.79105222487757,12.5575))
;
#76510=VERTEX_POINT('',#76500);
#76520=EDGE_CURVE('',#76420,#76510,#76490,.T.);
#76530=ORIENTED_EDGE('',*,*,#76520,.F.);
#76540=CARTESIAN_POINT('',(-1.46478915595127,1.00894777512243,12.5575));
#76550=DIRECTION('',(0.,1.,0.));
#76560=VECTOR('',#76550,1.);
#76570=LINE('',#76540,#76560);
#76580=CARTESIAN_POINT('',(-1.46478915595127,-3.99105222487758,12.5575))
;
#76590=VERTEX_POINT('',#76580);
#76600=EDGE_CURVE('',#76590,#76510,#76570,.T.);
#76610=ORIENTED_EDGE('',*,*,#76600,.T.);
#76620=CARTESIAN_POINT('',(-1.56478915595127,-3.99105222487758,12.5575))
;
#76630=DIRECTION('',(0.,0.,1.));
#76640=DIRECTION('',(0.,1.,0.));
#76650=AXIS2_PLACEMENT_3D('',#76620,#76630,#76640);
#76660=CIRCLE('',#76650,0.1);
#76670=CARTESIAN_POINT('',(-1.56478915595127,-4.09105222487757,12.5575))
;
#76680=VERTEX_POINT('',#76670);
#76690=EDGE_CURVE('',#76680,#76590,#76660,.T.);
#76700=ORIENTED_EDGE('',*,*,#76690,.T.);
#76710=CARTESIAN_POINT('',(-0.264789155951206,-4.09105222487757,12.5575)
);
#76720=DIRECTION('',(1.,0.,0.));
#76730=VECTOR('',#76720,1.);
#76740=LINE('',#76710,#76730);
#76750=CARTESIAN_POINT('',(-1.59478915595127,-4.09105222487757,12.5575))
;
#76760=VERTEX_POINT('',#76750);
#76770=EDGE_CURVE('',#76760,#76680,#76740,.T.);
#76780=ORIENTED_EDGE('',*,*,#76770,.T.);
#76790=CARTESIAN_POINT('',(-1.59478915595127,-4.19105222487757,12.5575))
;
#76800=DIRECTION('',(0.,0.,1.));
#76810=DIRECTION('',(0.,1.,0.));
#76820=AXIS2_PLACEMENT_3D('',#76790,#76800,#76810);
#76830=CIRCLE('',#76820,0.1);
#76840=CARTESIAN_POINT('',(-1.69478915595127,-4.19105222487757,12.5575))
;
#76850=VERTEX_POINT('',#76840);
#76860=EDGE_CURVE('',#76760,#76850,#76830,.T.);
#76870=ORIENTED_EDGE('',*,*,#76860,.F.);
#76880=CARTESIAN_POINT('',(-1.69478915595127,1.00894777512243,12.5575));
#76890=DIRECTION('',(0.,1.,0.));
#76900=VECTOR('',#76890,1.);
#76910=LINE('',#76880,#76900);
#76920=CARTESIAN_POINT('',(-1.69478915595127,-4.39105222487757,12.5575))
;
#76930=VERTEX_POINT('',#76920);
#76940=EDGE_CURVE('',#76930,#76850,#76910,.T.);
#76950=ORIENTED_EDGE('',*,*,#76940,.T.);
#76960=CARTESIAN_POINT('',(-0.264789155951206,-4.39105222487757,12.5575)
);
#76970=DIRECTION('',(1.,0.,0.));
#76980=VECTOR('',#76970,1.);
#76990=LINE('',#76960,#76980);
#77000=CARTESIAN_POINT('',(-1.96478915595127,-4.39105222487757,12.5575))
;
#77010=VERTEX_POINT('',#77000);
#77020=EDGE_CURVE('',#77010,#76930,#76990,.T.);
#77030=ORIENTED_EDGE('',*,*,#77020,.T.);
#77040=CARTESIAN_POINT('',(-1.96478915595127,-4.29105222487757,12.5575))
;
#77050=DIRECTION('',(0.,0.,1.));
#77060=DIRECTION('',(0.,1.,0.));
#77070=AXIS2_PLACEMENT_3D('',#77040,#77050,#77060);
#77080=CIRCLE('',#77070,0.1);
#77090=CARTESIAN_POINT('',(-2.06478915595127,-4.29105222487757,12.5575))
;
#77100=VERTEX_POINT('',#77090);
#77110=EDGE_CURVE('',#77100,#77010,#77080,.T.);
#77120=ORIENTED_EDGE('',*,*,#77110,.T.);
#77130=CARTESIAN_POINT('',(-2.06478915595127,1.00894777512243,12.5575));
#77140=DIRECTION('',(0.,-1.,0.));
#77150=VECTOR('',#77140,1.);
#77160=LINE('',#77130,#77150);
#77170=CARTESIAN_POINT('',(-2.06478915595127,-3.99105222487758,12.5575))
;
#77180=VERTEX_POINT('',#77170);
#77190=EDGE_CURVE('',#77180,#77100,#77160,.T.);
#77200=ORIENTED_EDGE('',*,*,#77190,.T.);
#77210=CARTESIAN_POINT('',(-1.96478915595127,-3.99105222487758,12.5575))
;
#77220=DIRECTION('',(0.,0.,1.));
#77230=DIRECTION('',(0.,1.,0.));
#77240=AXIS2_PLACEMENT_3D('',#77210,#77220,#77230);
#77250=CIRCLE('',#77240,0.1);
#77260=CARTESIAN_POINT('',(-2.00593293872788,-3.89990844210096,12.5575))
;
#77270=VERTEX_POINT('',#77260);
#77280=EDGE_CURVE('',#77270,#77180,#77250,.T.);
#77290=ORIENTED_EDGE('',*,*,#77280,.T.);
#77300=CARTESIAN_POINT('',(-0.264789155951206,-3.11392788040984,12.5575)
);
#77310=DIRECTION('',(-0.911437827766148,-0.411437827766147,0.));
#77320=VECTOR('',#77310,1.);
#77330=LINE('',#77300,#77320);
#77340=CARTESIAN_POINT('',(-1.76478915595127,-3.79105222487757,12.5575))
;
#77350=VERTEX_POINT('',#77340);
#77360=EDGE_CURVE('',#77350,#77270,#77330,.T.);
#77370=ORIENTED_EDGE('',*,*,#77360,.T.);
#77380=CARTESIAN_POINT('',(-1.76478915595127,1.00894777512243,12.5575));
#77390=DIRECTION('',(0.,-1.,0.));
#77400=VECTOR('',#77390,1.);
#77410=LINE('',#77380,#77400);
#77420=CARTESIAN_POINT('',(-1.76478915595127,-3.59105222487757,12.5575))
;
#77430=VERTEX_POINT('',#77420);
#77440=EDGE_CURVE('',#77430,#77350,#77410,.T.);
#77450=ORIENTED_EDGE('',*,*,#77440,.T.);
#77460=CARTESIAN_POINT('',(-0.264789155951206,-3.59105222487757,12.5575)
);
#77470=DIRECTION('',(1.,0.,0.));
#77480=VECTOR('',#77470,1.);
#77490=LINE('',#77460,#77480);
#77500=CARTESIAN_POINT('',(-1.91478915595127,-3.59105222487757,12.5575))
;
#77510=VERTEX_POINT('',#77500);
#77520=EDGE_CURVE('',#77510,#77430,#77490,.T.);
#77530=ORIENTED_EDGE('',*,*,#77520,.T.);
#77540=CARTESIAN_POINT('',(-1.91478915595127,1.00894777512243,12.5575));
#77550=DIRECTION('',(0.,-1.,0.));
#77560=VECTOR('',#77550,1.);
#77570=LINE('',#77540,#77560);
#77580=CARTESIAN_POINT('',(-1.91478915595127,-3.39105222487758,12.5575))
;
#77590=VERTEX_POINT('',#77580);
#77600=EDGE_CURVE('',#77590,#77510,#77570,.T.);
#77610=ORIENTED_EDGE('',*,*,#77600,.T.);
#77620=CARTESIAN_POINT('',(-0.264789155951195,-3.39105222487758,12.5575)
);
#77630=DIRECTION('',(1.,0.,0.));
#77640=VECTOR('',#77630,1.);
#77650=LINE('',#77620,#77640);
#77660=EDGE_CURVE('',#77590,#40480,#77650,.T.);
#77670=ORIENTED_EDGE('',*,*,#77660,.F.);
#77680=ORIENTED_EDGE('',*,*,#40490,.T.);
#77690=ORIENTED_EDGE('',*,*,#45180,.F.);
#77700=EDGE_LOOP('',(#77690,#77680,#77670,#77610,#77530,#77450,#77370,
#77290,#77200,#77120,#77030,#76950,#76870,#76780,#76700,#76610,#76530,
#76440,#76360,#76280,#76200));
#77710=FACE_OUTER_BOUND('',#77700,.T.);
#77720=ADVANCED_FACE('',(#77710),#44020,.T.);
#77730=CARTESIAN_POINT('',(-1.91478915595127,-3.59105222487757,7.3675));
#77740=DIRECTION('',(-1.,0.,0.));
#77750=DIRECTION('',(0.,1.,0.));
#77760=AXIS2_PLACEMENT_3D('',#77730,#77740,#77750);
#77770=PLANE('',#77760);
#77780=CARTESIAN_POINT('',(-1.91478915595127,-3.39105222487758,9.235));
#77790=DIRECTION('',(0.,0.,1.));
#77800=VECTOR('',#77790,1.);
#77810=LINE('',#77780,#77800);
#77820=CARTESIAN_POINT('',(-1.91478915595127,-3.39105222487758,7.3575));
#77830=VERTEX_POINT('',#77820);
#77840=CARTESIAN_POINT('',(-1.91478915595127,-3.39105222487758,7.5575));
#77850=VERTEX_POINT('',#77840);
#77860=EDGE_CURVE('',#77830,#77850,#77810,.T.);
#77870=ORIENTED_EDGE('',*,*,#77860,.F.);
#77880=CARTESIAN_POINT('',(-1.91478915595127,-0.709445224877575,7.5575))
;
#77890=DIRECTION('',(0.,1.,0.));
#77900=VECTOR('',#77890,1.);
#77910=LINE('',#77880,#77900);
#77920=CARTESIAN_POINT('',(-1.91478915595127,-3.59105222487757,7.5575));
#77930=VERTEX_POINT('',#77920);
#77940=EDGE_CURVE('',#77930,#77850,#77910,.T.);
#77950=ORIENTED_EDGE('',*,*,#77940,.T.);
#77960=CARTESIAN_POINT('',(-1.91478915595127,-3.59105222487757,7.5475));
#77970=DIRECTION('',(0.,0.,1.));
#77980=VECTOR('',#77970,1.);
#77990=LINE('',#77960,#77980);
#78000=CARTESIAN_POINT('',(-1.91478915595127,-3.59105222487757,7.3575));
#78010=VERTEX_POINT('',#78000);
#78020=EDGE_CURVE('',#78010,#77930,#77990,.T.);
#78030=ORIENTED_EDGE('',*,*,#78020,.T.);
#78040=CARTESIAN_POINT('',(-1.91478915595127,-0.709445224877575,7.3575))
;
#78050=DIRECTION('',(0.,1.,0.));
#78060=VECTOR('',#78050,1.);
#78070=LINE('',#78040,#78060);
#78080=EDGE_CURVE('',#78010,#77830,#78070,.T.);
#78090=ORIENTED_EDGE('',*,*,#78080,.F.);
#78100=EDGE_LOOP('',(#78090,#78030,#77950,#77870));
#78110=FACE_OUTER_BOUND('',#78100,.T.);
#78120=ADVANCED_FACE('',(#78110),#77770,.T.);
#78130=CARTESIAN_POINT('',(-0.989789155951266,-3.49105222487758,12.30875
));
#78140=DIRECTION('',(0.,0.456090790910398,-0.889933250556876));
#78150=DIRECTION('',(0.,-0.889933250556876,-0.456090790910398));
#78160=AXIS2_PLACEMENT_3D('',#78130,#78140,#78150);
#78170=PLANE('',#78160);
#78180=CARTESIAN_POINT('',(-0.264789155951266,-3.39593027365807,12.3575)
);
#78190=DIRECTION('',(1.,0.,0.));
#78200=VECTOR('',#78190,1.);
#78210=LINE('',#78180,#78200);
#78220=CARTESIAN_POINT('',(-1.71478915595127,-3.39593027365807,12.3575))
;
#78230=VERTEX_POINT('',#78220);
#78240=CARTESIAN_POINT('',(-0.264789155951266,-3.39593027365807,12.3575)
);
#78250=VERTEX_POINT('',#78240);
#78260=EDGE_CURVE('',#78230,#78250,#78210,.T.);
#78270=ORIENTED_EDGE('',*,*,#78260,.F.);
#78280=CARTESIAN_POINT('',(-0.264789155951266,1.00894777512243,14.615));
#78290=DIRECTION('',(0.,-0.889933250556876,-0.456090790910398));
#78300=VECTOR('',#78290,1.);
#78310=LINE('',#78280,#78300);
#78320=CARTESIAN_POINT('',(-0.264789155951266,-3.59105222487757,12.2575)
);
#78330=VERTEX_POINT('',#78320);
#78340=EDGE_CURVE('',#78250,#78330,#78310,.T.);
#78350=ORIENTED_EDGE('',*,*,#78340,.F.);
#78360=CARTESIAN_POINT('',(-2.01478915595127,-3.59105222487757,12.2575))
;
#78370=DIRECTION('',(-1.,0.,0.));
#78380=VECTOR('',#78370,1.);
#78390=LINE('',#78360,#78380);
#78400=CARTESIAN_POINT('',(-1.71478915595127,-3.59105222487757,12.2575))
;
#78410=VERTEX_POINT('',#78400);
#78420=EDGE_CURVE('',#78330,#78410,#78390,.T.);
#78430=ORIENTED_EDGE('',*,*,#78420,.F.);
#78440=CARTESIAN_POINT('',(-1.71478915595127,1.00894777512243,14.615));
#78450=DIRECTION('',(0.,0.889933250556876,0.456090790910398));
#78460=VECTOR('',#78450,1.);
#78470=LINE('',#78440,#78460);
#78480=EDGE_CURVE('',#78410,#78230,#78470,.T.);
#78490=ORIENTED_EDGE('',*,*,#78480,.F.);
#78500=EDGE_LOOP('',(#78490,#78430,#78350,#78270));
#78510=FACE_OUTER_BOUND('',#78500,.T.);
#78520=ADVANCED_FACE('',(#78510),#78170,.F.);
#78530=CARTESIAN_POINT('',(-0.264789155951266,-3.39593027365806,12.0575)
);
#78540=DIRECTION('',(1.,0.,0.));
#78550=VECTOR('',#78540,1.);
#78560=LINE('',#78530,#78550);
#78570=CARTESIAN_POINT('',(-1.71478915595127,-3.39593027365806,12.0575))
;
#78580=VERTEX_POINT('',#78570);
#78590=CARTESIAN_POINT('',(-0.264789155951266,-3.39593027365807,12.0575)
);
#78600=VERTEX_POINT('',#78590);
#78610=EDGE_CURVE('',#78580,#78600,#78560,.T.);
#78620=ORIENTED_EDGE('',*,*,#78610,.F.);
#78630=CARTESIAN_POINT('',(-0.264789155951266,1.00894777512243,12.0575))
;
#78640=DIRECTION('',(0.,-1.,0.));
#78650=VECTOR('',#78640,1.);
#78660=LINE('',#78630,#78650);
#78670=CARTESIAN_POINT('',(-0.264789155951266,-3.39105222487758,12.0575)
);
#78680=VERTEX_POINT('',#78670);
#78690=EDGE_CURVE('',#78680,#78600,#78660,.T.);
#78700=ORIENTED_EDGE('',*,*,#78690,.T.);
#78710=CARTESIAN_POINT('',(-0.264789155951266,-3.39105222487758,12.0575)
);
#78720=DIRECTION('',(1.,0.,0.));
#78730=VECTOR('',#78720,1.);
#78740=LINE('',#78710,#78730);
#78750=CARTESIAN_POINT('',(-0.0647891559512659,-3.39105222487758,12.0575
));
#78760=VERTEX_POINT('',#78750);
#78770=EDGE_CURVE('',#78680,#78760,#78740,.T.);
#78780=ORIENTED_EDGE('',*,*,#78770,.F.);
#78790=CARTESIAN_POINT('',(-0.0647891559512659,-0.709445224877575,
12.0575));
#78800=DIRECTION('',(0.,-1.,0.));
#78810=VECTOR('',#78800,1.);
#78820=LINE('',#78790,#78810);
#78830=CARTESIAN_POINT('',(-0.0647891559512659,-3.69105222487757,12.0575
));
#78840=VERTEX_POINT('',#78830);
#78850=EDGE_CURVE('',#78760,#78840,#78820,.T.);
#78860=ORIENTED_EDGE('',*,*,#78850,.F.);
#78870=CARTESIAN_POINT('',(-1.89122415595127,-3.69105222487757,12.0575))
;
#78880=DIRECTION('',(-1.,0.,0.));
#78890=VECTOR('',#78880,1.);
#78900=LINE('',#78870,#78890);
#78910=CARTESIAN_POINT('',(-1.36478915595127,-3.69105222487757,12.0575))
;
#78920=VERTEX_POINT('',#78910);
#78930=EDGE_CURVE('',#78840,#78920,#78900,.T.);
#78940=ORIENTED_EDGE('',*,*,#78930,.F.);
#78950=CARTESIAN_POINT('',(-1.36478915595127,-3.79105222487757,12.0575))
;
#78960=DIRECTION('',(0.,0.,1.));
#78970=DIRECTION('',(0.,1.,0.));
#78980=AXIS2_PLACEMENT_3D('',#78950,#78960,#78970);
#78990=CIRCLE('',#78980,0.1);
#79000=CARTESIAN_POINT('',(-1.46478915595127,-3.79105222487757,12.0575))
;
#79010=VERTEX_POINT('',#79000);
#79020=EDGE_CURVE('',#78920,#79010,#78990,.T.);
#79030=ORIENTED_EDGE('',*,*,#79020,.F.);
#79040=CARTESIAN_POINT('',(-1.46478915595127,-0.709445224877575,12.0575)
);
#79050=DIRECTION('',(0.,-1.,0.));
#79060=VECTOR('',#79050,1.);
#79070=LINE('',#79040,#79060);
#79080=CARTESIAN_POINT('',(-1.46478915595127,-3.99105222487758,12.0575))
;
#79090=VERTEX_POINT('',#79080);
#79100=EDGE_CURVE('',#79010,#79090,#79070,.T.);
#79110=ORIENTED_EDGE('',*,*,#79100,.F.);
#79120=CARTESIAN_POINT('',(-1.56478915595127,-3.99105222487758,12.0575))
;
#79130=DIRECTION('',(0.,0.,1.));
#79140=DIRECTION('',(0.,1.,0.));
#79150=AXIS2_PLACEMENT_3D('',#79120,#79130,#79140);
#79160=CIRCLE('',#79150,0.1);
#79170=CARTESIAN_POINT('',(-1.56478915595127,-4.09105222487757,12.0575))
;
#79180=VERTEX_POINT('',#79170);
#79190=EDGE_CURVE('',#79180,#79090,#79160,.T.);
#79200=ORIENTED_EDGE('',*,*,#79190,.T.);
#79210=CARTESIAN_POINT('',(-1.89122415595127,-4.09105222487757,12.0575))
;
#79220=DIRECTION('',(-1.,0.,0.));
#79230=VECTOR('',#79220,1.);
#79240=LINE('',#79210,#79230);
#79250=CARTESIAN_POINT('',(-1.59478915595127,-4.09105222487757,12.0575))
;
#79260=VERTEX_POINT('',#79250);
#79270=EDGE_CURVE('',#79180,#79260,#79240,.T.);
#79280=ORIENTED_EDGE('',*,*,#79270,.F.);
#79290=CARTESIAN_POINT('',(-1.59478915595127,-4.19105222487757,12.0575))
;
#79300=DIRECTION('',(0.,0.,1.));
#79310=DIRECTION('',(0.,1.,0.));
#79320=AXIS2_PLACEMENT_3D('',#79290,#79300,#79310);
#79330=CIRCLE('',#79320,0.1);
#79340=CARTESIAN_POINT('',(-1.69478915595127,-4.19105222487757,12.0575))
;
#79350=VERTEX_POINT('',#79340);
#79360=EDGE_CURVE('',#79260,#79350,#79330,.T.);
#79370=ORIENTED_EDGE('',*,*,#79360,.F.);
#79380=CARTESIAN_POINT('',(-1.69478915595127,-0.709445224877575,12.0575)
);
#79390=DIRECTION('',(0.,-1.,0.));
#79400=VECTOR('',#79390,1.);
#79410=LINE('',#79380,#79400);
#79420=CARTESIAN_POINT('',(-1.69478915595127,-4.39105222487757,12.0575))
;
#79430=VERTEX_POINT('',#79420);
#79440=EDGE_CURVE('',#79350,#79430,#79410,.T.);
#79450=ORIENTED_EDGE('',*,*,#79440,.F.);
#79460=CARTESIAN_POINT('',(-1.89122415595127,-4.39105222487757,12.0575))
;
#79470=DIRECTION('',(-1.,0.,0.));
#79480=VECTOR('',#79470,1.);
#79490=LINE('',#79460,#79480);
#79500=CARTESIAN_POINT('',(-1.96478915595127,-4.39105222487757,12.0575))
;
#79510=VERTEX_POINT('',#79500);
#79520=EDGE_CURVE('',#79430,#79510,#79490,.T.);
#79530=ORIENTED_EDGE('',*,*,#79520,.F.);
#79540=CARTESIAN_POINT('',(-1.96478915595127,-4.29105222487757,12.0575))
;
#79550=DIRECTION('',(0.,0.,1.));
#79560=DIRECTION('',(0.,1.,0.));
#79570=AXIS2_PLACEMENT_3D('',#79540,#79550,#79560);
#79580=CIRCLE('',#79570,0.1);
#79590=CARTESIAN_POINT('',(-2.06478915595127,-4.29105222487757,12.0575))
;
#79600=VERTEX_POINT('',#79590);
#79610=EDGE_CURVE('',#79600,#79510,#79580,.T.);
#79620=ORIENTED_EDGE('',*,*,#79610,.T.);
#79630=CARTESIAN_POINT('',(-2.06478915595127,-0.709445224877575,12.0575)
);
#79640=DIRECTION('',(0.,1.,0.));
#79650=VECTOR('',#79640,1.);
#79660=LINE('',#79630,#79650);
#79670=CARTESIAN_POINT('',(-2.06478915595127,-3.99105222487758,12.0575))
;
#79680=VERTEX_POINT('',#79670);
#79690=EDGE_CURVE('',#79600,#79680,#79660,.T.);
#79700=ORIENTED_EDGE('',*,*,#79690,.F.);
#79710=CARTESIAN_POINT('',(-1.96478915595127,-3.99105222487758,12.0575))
;
#79720=DIRECTION('',(0.,0.,1.));
#79730=DIRECTION('',(0.,1.,0.));
#79740=AXIS2_PLACEMENT_3D('',#79710,#79720,#79730);
#79750=CIRCLE('',#79740,0.1);
#79760=CARTESIAN_POINT('',(-2.00593293872788,-3.89990844210096,12.0575))
;
#79770=VERTEX_POINT('',#79760);
#79780=EDGE_CURVE('',#79770,#79680,#79750,.T.);
#79790=ORIENTED_EDGE('',*,*,#79780,.T.);
#79800=CARTESIAN_POINT('',(-1.89122415595127,-3.84812703587276,12.0575))
;
#79810=DIRECTION('',(0.911437827766148,0.411437827766147,0.));
#79820=VECTOR('',#79810,1.);
#79830=LINE('',#79800,#79820);
#79840=CARTESIAN_POINT('',(-1.76478915595127,-3.79105222487757,12.0575))
;
#79850=VERTEX_POINT('',#79840);
#79860=EDGE_CURVE('',#79770,#79850,#79830,.T.);
#79870=ORIENTED_EDGE('',*,*,#79860,.F.);
#79880=CARTESIAN_POINT('',(-1.76478915595127,-0.709445224877575,12.0575)
);
#79890=DIRECTION('',(0.,1.,0.));
#79900=VECTOR('',#79890,1.);
#79910=LINE('',#79880,#79900);
#79920=CARTESIAN_POINT('',(-1.76478915595127,-3.59105222487757,12.0575))
;
#79930=VERTEX_POINT('',#79920);
#79940=EDGE_CURVE('',#79850,#79930,#79910,.T.);
#79950=ORIENTED_EDGE('',*,*,#79940,.F.);
#79960=CARTESIAN_POINT('',(-1.89122415595127,-3.59105222487757,12.0575))
;
#79970=DIRECTION('',(-1.,0.,0.));
#79980=VECTOR('',#79970,1.);
#79990=LINE('',#79960,#79980);
#80000=CARTESIAN_POINT('',(-1.91478915595127,-3.59105222487757,12.0575))
;
#80010=VERTEX_POINT('',#80000);
#80020=EDGE_CURVE('',#79930,#80010,#79990,.T.);
#80030=ORIENTED_EDGE('',*,*,#80020,.F.);
#80040=CARTESIAN_POINT('',(-1.91478915595127,-0.709445224877575,12.0575)
);
#80050=DIRECTION('',(0.,1.,0.));
#80060=VECTOR('',#80050,1.);
#80070=LINE('',#80040,#80060);
#80080=CARTESIAN_POINT('',(-1.91478915595127,-3.39105222487758,12.0575))
;
#80090=VERTEX_POINT('',#80080);
#80100=EDGE_CURVE('',#80010,#80090,#80070,.T.);
#80110=ORIENTED_EDGE('',*,*,#80100,.F.);
#80120=CARTESIAN_POINT('',(-1.71478915595127,-3.39105222487758,12.0575))
;
#80130=VERTEX_POINT('',#80120);
#80140=EDGE_CURVE('',#80090,#80130,#78740,.T.);
#80150=ORIENTED_EDGE('',*,*,#80140,.F.);
#80160=CARTESIAN_POINT('',(-1.71478915595127,1.00894777512243,12.0575));
#80170=DIRECTION('',(0.,1.,0.));
#80180=VECTOR('',#80170,1.);
#80190=LINE('',#80160,#80180);
#80200=EDGE_CURVE('',#78580,#80130,#80190,.T.);
#80210=ORIENTED_EDGE('',*,*,#80200,.T.);
#80220=EDGE_LOOP('',(#80210,#80150,#80110,#80030,#79950,#79870,#79790,
#79700,#79620,#79530,#79450,#79370,#79280,#79200,#79110,#79030,#78940,
#78860,#78780,#78700,#78620));
#80230=FACE_OUTER_BOUND('',#80220,.T.);
#80240=ADVANCED_FACE('',(#80230),#55290,.T.);
#80250=CARTESIAN_POINT('',(-0.264789155951266,-3.39105222487758,11.5575)
);
#80260=DIRECTION('',(1.,0.,0.));
#80270=VECTOR('',#80260,1.);
#80280=LINE('',#80250,#80270);
#80290=CARTESIAN_POINT('',(-0.264789155951266,-3.39105222487758,11.5575)
);
#80300=VERTEX_POINT('',#80290);
#80310=CARTESIAN_POINT('',(-0.0647891559512659,-3.39105222487758,11.5575
));
#80320=VERTEX_POINT('',#80310);
#80330=EDGE_CURVE('',#80300,#80320,#80280,.T.);
#80340=ORIENTED_EDGE('',*,*,#80330,.F.);
#80350=CARTESIAN_POINT('',(-0.0647891559512659,-0.709445224877575,
11.5575));
#80360=DIRECTION('',(0.,-1.,0.));
#80370=VECTOR('',#80360,1.);
#80380=LINE('',#80350,#80370);
#80390=CARTESIAN_POINT('',(-0.0647891559512659,-3.69105222487757,11.5575
));
#80400=VERTEX_POINT('',#80390);
#80410=EDGE_CURVE('',#80320,#80400,#80380,.T.);
#80420=ORIENTED_EDGE('',*,*,#80410,.F.);
#80430=CARTESIAN_POINT('',(-1.89122415595127,-3.69105222487757,11.5575))
;
#80440=DIRECTION('',(-1.,0.,0.));
#80450=VECTOR('',#80440,1.);
#80460=LINE('',#80430,#80450);
#80470=CARTESIAN_POINT('',(-1.36478915595127,-3.69105222487757,11.5575))
;
#80480=VERTEX_POINT('',#80470);
#80490=EDGE_CURVE('',#80400,#80480,#80460,.T.);
#80500=ORIENTED_EDGE('',*,*,#80490,.F.);
#80510=CARTESIAN_POINT('',(-1.36478915595127,-3.79105222487757,11.5575))
;
#80520=DIRECTION('',(0.,0.,1.));
#80530=DIRECTION('',(0.,1.,0.));
#80540=AXIS2_PLACEMENT_3D('',#80510,#80520,#80530);
#80550=CIRCLE('',#80540,0.1);
#80560=CARTESIAN_POINT('',(-1.46478915595127,-3.79105222487757,11.5575))
;
#80570=VERTEX_POINT('',#80560);
#80580=EDGE_CURVE('',#80480,#80570,#80550,.T.);
#80590=ORIENTED_EDGE('',*,*,#80580,.F.);
#80600=CARTESIAN_POINT('',(-1.46478915595127,-0.709445224877575,11.5575)
);
#80610=DIRECTION('',(0.,-1.,0.));
#80620=VECTOR('',#80610,1.);
#80630=LINE('',#80600,#80620);
#80640=CARTESIAN_POINT('',(-1.46478915595127,-3.99105222487758,11.5575))
;
#80650=VERTEX_POINT('',#80640);
#80660=EDGE_CURVE('',#80570,#80650,#80630,.T.);
#80670=ORIENTED_EDGE('',*,*,#80660,.F.);
#80680=CARTESIAN_POINT('',(-1.56478915595127,-3.99105222487758,11.5575))
;
#80690=DIRECTION('',(0.,0.,1.));
#80700=DIRECTION('',(0.,1.,0.));
#80710=AXIS2_PLACEMENT_3D('',#80680,#80690,#80700);
#80720=CIRCLE('',#80710,0.1);
#80730=CARTESIAN_POINT('',(-1.56478915595127,-4.09105222487757,11.5575))
;
#80740=VERTEX_POINT('',#80730);
#80750=EDGE_CURVE('',#80740,#80650,#80720,.T.);
#80760=ORIENTED_EDGE('',*,*,#80750,.T.);
#80770=CARTESIAN_POINT('',(-1.89122415595127,-4.09105222487757,11.5575))
;
#80780=DIRECTION('',(-1.,0.,0.));
#80790=VECTOR('',#80780,1.);
#80800=LINE('',#80770,#80790);
#80810=CARTESIAN_POINT('',(-1.59478915595127,-4.09105222487757,11.5575))
;
#80820=VERTEX_POINT('',#80810);
#80830=EDGE_CURVE('',#80740,#80820,#80800,.T.);
#80840=ORIENTED_EDGE('',*,*,#80830,.F.);
#80850=CARTESIAN_POINT('',(-1.59478915595127,-4.19105222487757,11.5575))
;
#80860=DIRECTION('',(0.,0.,1.));
#80870=DIRECTION('',(0.,1.,0.));
#80880=AXIS2_PLACEMENT_3D('',#80850,#80860,#80870);
#80890=CIRCLE('',#80880,0.1);
#80900=CARTESIAN_POINT('',(-1.69478915595127,-4.19105222487757,11.5575))
;
#80910=VERTEX_POINT('',#80900);
#80920=EDGE_CURVE('',#80820,#80910,#80890,.T.);
#80930=ORIENTED_EDGE('',*,*,#80920,.F.);
#80940=CARTESIAN_POINT('',(-1.69478915595127,-0.709445224877575,11.5575)
);
#80950=DIRECTION('',(0.,-1.,0.));
#80960=VECTOR('',#80950,1.);
#80970=LINE('',#80940,#80960);
#80980=CARTESIAN_POINT('',(-1.69478915595127,-4.39105222487757,11.5575))
;
#80990=VERTEX_POINT('',#80980);
#81000=EDGE_CURVE('',#80910,#80990,#80970,.T.);
#81010=ORIENTED_EDGE('',*,*,#81000,.F.);
#81020=CARTESIAN_POINT('',(-1.89122415595127,-4.39105222487757,11.5575))
;
#81030=DIRECTION('',(-1.,0.,0.));
#81040=VECTOR('',#81030,1.);
#81050=LINE('',#81020,#81040);
#81060=CARTESIAN_POINT('',(-1.96478915595127,-4.39105222487757,11.5575))
;
#81070=VERTEX_POINT('',#81060);
#81080=EDGE_CURVE('',#80990,#81070,#81050,.T.);
#81090=ORIENTED_EDGE('',*,*,#81080,.F.);
#81100=CARTESIAN_POINT('',(-1.96478915595127,-4.29105222487757,11.5575))
;
#81110=DIRECTION('',(0.,0.,1.));
#81120=DIRECTION('',(0.,1.,0.));
#81130=AXIS2_PLACEMENT_3D('',#81100,#81110,#81120);
#81140=CIRCLE('',#81130,0.1);
#81150=CARTESIAN_POINT('',(-2.06478915595127,-4.29105222487757,11.5575))
;
#81160=VERTEX_POINT('',#81150);
#81170=EDGE_CURVE('',#81160,#81070,#81140,.T.);
#81180=ORIENTED_EDGE('',*,*,#81170,.T.);
#81190=CARTESIAN_POINT('',(-2.06478915595127,-0.709445224877575,11.5575)
);
#81200=DIRECTION('',(0.,1.,0.));
#81210=VECTOR('',#81200,1.);
#81220=LINE('',#81190,#81210);
#81230=CARTESIAN_POINT('',(-2.06478915595127,-3.99105222487758,11.5575))
;
#81240=VERTEX_POINT('',#81230);
#81250=EDGE_CURVE('',#81160,#81240,#81220,.T.);
#81260=ORIENTED_EDGE('',*,*,#81250,.F.);
#81270=CARTESIAN_POINT('',(-1.96478915595127,-3.99105222487758,11.5575))
;
#81280=DIRECTION('',(0.,0.,1.));
#81290=DIRECTION('',(0.,1.,0.));
#81300=AXIS2_PLACEMENT_3D('',#81270,#81280,#81290);
#81310=CIRCLE('',#81300,0.1);
#81320=CARTESIAN_POINT('',(-2.00593293872788,-3.89990844210096,11.5575))
;
#81330=VERTEX_POINT('',#81320);
#81340=EDGE_CURVE('',#81330,#81240,#81310,.T.);
#81350=ORIENTED_EDGE('',*,*,#81340,.T.);
#81360=CARTESIAN_POINT('',(-1.89122415595127,-3.84812703587276,11.5575))
;
#81370=DIRECTION('',(0.911437827766148,0.411437827766147,0.));
#81380=VECTOR('',#81370,1.);
#81390=LINE('',#81360,#81380);
#81400=CARTESIAN_POINT('',(-1.76478915595127,-3.79105222487757,11.5575))
;
#81410=VERTEX_POINT('',#81400);
#81420=EDGE_CURVE('',#81330,#81410,#81390,.T.);
#81430=ORIENTED_EDGE('',*,*,#81420,.F.);
#81440=CARTESIAN_POINT('',(-1.76478915595127,-0.709445224877575,11.5575)
);
#81450=DIRECTION('',(0.,1.,0.));
#81460=VECTOR('',#81450,1.);
#81470=LINE('',#81440,#81460);
#81480=CARTESIAN_POINT('',(-1.76478915595127,-3.59105222487757,11.5575))
;
#81490=VERTEX_POINT('',#81480);
#81500=EDGE_CURVE('',#81410,#81490,#81470,.T.);
#81510=ORIENTED_EDGE('',*,*,#81500,.F.);
#81520=CARTESIAN_POINT('',(-1.89122415595127,-3.59105222487757,11.5575))
;
#81530=DIRECTION('',(-1.,0.,0.));
#81540=VECTOR('',#81530,1.);
#81550=LINE('',#81520,#81540);
#81560=CARTESIAN_POINT('',(-1.91478915595127,-3.59105222487757,11.5575))
;
#81570=VERTEX_POINT('',#81560);
#81580=EDGE_CURVE('',#81490,#81570,#81550,.T.);
#81590=ORIENTED_EDGE('',*,*,#81580,.F.);
#81600=CARTESIAN_POINT('',(-1.91478915595127,-0.709445224877575,11.5575)
);
#81610=DIRECTION('',(0.,1.,0.));
#81620=VECTOR('',#81610,1.);
#81630=LINE('',#81600,#81620);
#81640=CARTESIAN_POINT('',(-1.91478915595127,-3.39105222487758,11.5575))
;
#81650=VERTEX_POINT('',#81640);
#81660=EDGE_CURVE('',#81570,#81650,#81630,.T.);
#81670=ORIENTED_EDGE('',*,*,#81660,.F.);
#81680=CARTESIAN_POINT('',(-1.71478915595127,-3.39105222487758,11.5575))
;
#81690=VERTEX_POINT('',#81680);
#81700=EDGE_CURVE('',#81650,#81690,#80280,.T.);
#81710=ORIENTED_EDGE('',*,*,#81700,.F.);
#81720=CARTESIAN_POINT('',(-1.71478915595127,1.00894777512243,11.5575));
#81730=DIRECTION('',(0.,1.,0.));
#81740=VECTOR('',#81730,1.);
#81750=LINE('',#81720,#81740);
#81760=CARTESIAN_POINT('',(-1.71478915595127,-3.39593027365806,11.5575))
;
#81770=VERTEX_POINT('',#81760);
#81780=EDGE_CURVE('',#81770,#81690,#81750,.T.);
#81790=ORIENTED_EDGE('',*,*,#81780,.T.);
#81800=CARTESIAN_POINT('',(-0.264789155951266,-3.39593027365806,11.5575)
);
#81810=DIRECTION('',(1.,0.,0.));
#81820=VECTOR('',#81810,1.);
#81830=LINE('',#81800,#81820);
#81840=CARTESIAN_POINT('',(-0.264789155951266,-3.39593027365807,11.5575)
);
#81850=VERTEX_POINT('',#81840);
#81860=EDGE_CURVE('',#81770,#81850,#81830,.T.);
#81870=ORIENTED_EDGE('',*,*,#81860,.F.);
#81880=CARTESIAN_POINT('',(-0.264789155951266,1.00894777512243,11.5575))
;
#81890=DIRECTION('',(0.,-1.,0.));
#81900=VECTOR('',#81890,1.);
#81910=LINE('',#81880,#81900);
#81920=EDGE_CURVE('',#80300,#81850,#81910,.T.);
#81930=ORIENTED_EDGE('',*,*,#81920,.T.);
#81940=EDGE_LOOP('',(#81930,#81870,#81790,#81710,#81670,#81590,#81510,
#81430,#81350,#81260,#81180,#81090,#81010,#80930,#80840,#80760,#80670,
#80590,#80500,#80420,#80340));
#81950=FACE_OUTER_BOUND('',#81940,.T.);
#81960=ADVANCED_FACE('',(#81950),#56960,.T.);
#81970=CARTESIAN_POINT('',(-0.989789155951266,-3.49105222487758,10.30875
));
#81980=DIRECTION('',(0.,0.456090790910398,-0.889933250556876));
#81990=DIRECTION('',(0.,-0.889933250556876,-0.456090790910398));
#82000=AXIS2_PLACEMENT_3D('',#81970,#81980,#81990);
#82010=PLANE('',#82000);
#82020=CARTESIAN_POINT('',(-0.264789155951266,-3.39593027365807,10.3575)
);
#82030=DIRECTION('',(1.,0.,0.));
#82040=VECTOR('',#82030,1.);
#82050=LINE('',#82020,#82040);
#82060=CARTESIAN_POINT('',(-1.71478915595127,-3.39593027365807,10.3575))
;
#82070=VERTEX_POINT('',#82060);
#82080=CARTESIAN_POINT('',(-0.264789155951266,-3.39593027365807,10.3575)
);
#82090=VERTEX_POINT('',#82080);
#82100=EDGE_CURVE('',#82070,#82090,#82050,.T.);
#82110=ORIENTED_EDGE('',*,*,#82100,.F.);
#82120=CARTESIAN_POINT('',(-0.264789155951266,1.00894777512243,12.615));
#82130=DIRECTION('',(0.,-0.889933250556876,-0.456090790910398));
#82140=VECTOR('',#82130,1.);
#82150=LINE('',#82120,#82140);
#82160=CARTESIAN_POINT('',(-0.264789155951266,-3.59105222487757,10.2575)
);
#82170=VERTEX_POINT('',#82160);
#82180=EDGE_CURVE('',#82090,#82170,#82150,.T.);
#82190=ORIENTED_EDGE('',*,*,#82180,.F.);
#82200=CARTESIAN_POINT('',(-2.01478915595127,-3.59105222487757,10.2575))
;
#82210=DIRECTION('',(-1.,0.,0.));
#82220=VECTOR('',#82210,1.);
#82230=LINE('',#82200,#82220);
#82240=CARTESIAN_POINT('',(-1.71478915595127,-3.59105222487757,10.2575))
;
#82250=VERTEX_POINT('',#82240);
#82260=EDGE_CURVE('',#82170,#82250,#82230,.T.);
#82270=ORIENTED_EDGE('',*,*,#82260,.F.);
#82280=CARTESIAN_POINT('',(-1.71478915595127,1.00894777512243,12.615));
#82290=DIRECTION('',(0.,0.889933250556876,0.456090790910398));
#82300=VECTOR('',#82290,1.);
#82310=LINE('',#82280,#82300);
#82320=EDGE_CURVE('',#82250,#82070,#82310,.T.);
#82330=ORIENTED_EDGE('',*,*,#82320,.F.);
#82340=EDGE_LOOP('',(#82330,#82270,#82190,#82110));
#82350=FACE_OUTER_BOUND('',#82340,.T.);
#82360=ADVANCED_FACE('',(#82350),#82010,.F.);
#82370=CARTESIAN_POINT('',(-0.44011229673397,-2.19517762655054,10.0575))
;
#82380=DIRECTION('',(0.,0.,1.));
#82390=DIRECTION('',(0.,1.,0.));
#82400=AXIS2_PLACEMENT_3D('',#82370,#82380,#82390);
#82410=PLANE('',#82400);
#82420=CARTESIAN_POINT('',(-0.264789155951266,-3.39593027365806,10.0575)
);
#82430=DIRECTION('',(1.,0.,0.));
#82440=VECTOR('',#82430,1.);
#82450=LINE('',#82420,#82440);
#82460=CARTESIAN_POINT('',(-1.71478915595127,-3.39593027365806,10.0575))
;
#82470=VERTEX_POINT('',#82460);
#82480=CARTESIAN_POINT('',(-0.264789155951266,-3.39593027365807,10.0575)
);
#82490=VERTEX_POINT('',#82480);
#82500=EDGE_CURVE('',#82470,#82490,#82450,.T.);
#82510=ORIENTED_EDGE('',*,*,#82500,.F.);
#82520=CARTESIAN_POINT('',(-0.264789155951266,1.00894777512243,10.0575))
;
#82530=DIRECTION('',(0.,-1.,0.));
#82540=VECTOR('',#82530,1.);
#82550=LINE('',#82520,#82540);
#82560=CARTESIAN_POINT('',(-0.264789155951266,-3.39105222487758,10.0575)
);
#82570=VERTEX_POINT('',#82560);
#82580=EDGE_CURVE('',#82570,#82490,#82550,.T.);
#82590=ORIENTED_EDGE('',*,*,#82580,.T.);
#82600=CARTESIAN_POINT('',(-0.264789155951266,-3.39105222487758,10.0575)
);
#82610=DIRECTION('',(1.,0.,0.));
#82620=VECTOR('',#82610,1.);
#82630=LINE('',#82600,#82620);
#82640=CARTESIAN_POINT('',(-0.0647891559512659,-3.39105222487758,10.0575
));
#82650=VERTEX_POINT('',#82640);
#82660=EDGE_CURVE('',#82570,#82650,#82630,.T.);
#82670=ORIENTED_EDGE('',*,*,#82660,.F.);
#82680=CARTESIAN_POINT('',(-0.0647891559512659,-0.709445224877575,
10.0575));
#82690=DIRECTION('',(0.,-1.,0.));
#82700=VECTOR('',#82690,1.);
#82710=LINE('',#82680,#82700);
#82720=CARTESIAN_POINT('',(-0.0647891559512659,-3.69105222487757,10.0575
));
#82730=VERTEX_POINT('',#82720);
#82740=EDGE_CURVE('',#82650,#82730,#82710,.T.);
#82750=ORIENTED_EDGE('',*,*,#82740,.F.);
#82760=CARTESIAN_POINT('',(-1.89122415595127,-3.69105222487757,10.0575))
;
#82770=DIRECTION('',(-1.,0.,0.));
#82780=VECTOR('',#82770,1.);
#82790=LINE('',#82760,#82780);
#82800=CARTESIAN_POINT('',(-1.36478915595127,-3.69105222487757,10.0575))
;
#82810=VERTEX_POINT('',#82800);
#82820=EDGE_CURVE('',#82730,#82810,#82790,.T.);
#82830=ORIENTED_EDGE('',*,*,#82820,.F.);
#82840=CARTESIAN_POINT('',(-1.36478915595127,-3.79105222487757,10.0575))
;
#82850=DIRECTION('',(0.,0.,1.));
#82860=DIRECTION('',(0.,1.,0.));
#82870=AXIS2_PLACEMENT_3D('',#82840,#82850,#82860);
#82880=CIRCLE('',#82870,0.1);
#82890=CARTESIAN_POINT('',(-1.46478915595127,-3.79105222487757,10.0575))
;
#82900=VERTEX_POINT('',#82890);
#82910=EDGE_CURVE('',#82810,#82900,#82880,.T.);
#82920=ORIENTED_EDGE('',*,*,#82910,.F.);
#82930=CARTESIAN_POINT('',(-1.46478915595127,-0.709445224877575,10.0575)
);
#82940=DIRECTION('',(0.,-1.,0.));
#82950=VECTOR('',#82940,1.);
#82960=LINE('',#82930,#82950);
#82970=CARTESIAN_POINT('',(-1.46478915595127,-3.99105222487758,10.0575))
;
#82980=VERTEX_POINT('',#82970);
#82990=EDGE_CURVE('',#82900,#82980,#82960,.T.);
#83000=ORIENTED_EDGE('',*,*,#82990,.F.);
#83010=CARTESIAN_POINT('',(-1.56478915595127,-3.99105222487758,10.0575))
;
#83020=DIRECTION('',(0.,0.,1.));
#83030=DIRECTION('',(0.,1.,0.));
#83040=AXIS2_PLACEMENT_3D('',#83010,#83020,#83030);
#83050=CIRCLE('',#83040,0.1);
#83060=CARTESIAN_POINT('',(-1.56478915595127,-4.09105222487757,10.0575))
;
#83070=VERTEX_POINT('',#83060);
#83080=EDGE_CURVE('',#83070,#82980,#83050,.T.);
#83090=ORIENTED_EDGE('',*,*,#83080,.T.);
#83100=CARTESIAN_POINT('',(-1.89122415595127,-4.09105222487757,10.0575))
;
#83110=DIRECTION('',(-1.,0.,0.));
#83120=VECTOR('',#83110,1.);
#83130=LINE('',#83100,#83120);
#83140=CARTESIAN_POINT('',(-1.59478915595127,-4.09105222487757,10.0575))
;
#83150=VERTEX_POINT('',#83140);
#83160=EDGE_CURVE('',#83070,#83150,#83130,.T.);
#83170=ORIENTED_EDGE('',*,*,#83160,.F.);
#83180=CARTESIAN_POINT('',(-1.59478915595127,-4.19105222487757,10.0575))
;
#83190=DIRECTION('',(0.,0.,1.));
#83200=DIRECTION('',(0.,1.,0.));
#83210=AXIS2_PLACEMENT_3D('',#83180,#83190,#83200);
#83220=CIRCLE('',#83210,0.1);
#83230=CARTESIAN_POINT('',(-1.69478915595127,-4.19105222487757,10.0575))
;
#83240=VERTEX_POINT('',#83230);
#83250=EDGE_CURVE('',#83150,#83240,#83220,.T.);
#83260=ORIENTED_EDGE('',*,*,#83250,.F.);
#83270=CARTESIAN_POINT('',(-1.69478915595127,-0.709445224877575,10.0575)
);
#83280=DIRECTION('',(0.,-1.,0.));
#83290=VECTOR('',#83280,1.);
#83300=LINE('',#83270,#83290);
#83310=CARTESIAN_POINT('',(-1.69478915595127,-4.39105222487757,10.0575))
;
#83320=VERTEX_POINT('',#83310);
#83330=EDGE_CURVE('',#83240,#83320,#83300,.T.);
#83340=ORIENTED_EDGE('',*,*,#83330,.F.);
#83350=CARTESIAN_POINT('',(-1.89122415595127,-4.39105222487757,10.0575))
;
#83360=DIRECTION('',(-1.,0.,0.));
#83370=VECTOR('',#83360,1.);
#83380=LINE('',#83350,#83370);
#83390=CARTESIAN_POINT('',(-1.96478915595127,-4.39105222487757,10.0575))
;
#83400=VERTEX_POINT('',#83390);
#83410=EDGE_CURVE('',#83320,#83400,#83380,.T.);
#83420=ORIENTED_EDGE('',*,*,#83410,.F.);
#83430=CARTESIAN_POINT('',(-1.96478915595127,-4.29105222487757,10.0575))
;
#83440=DIRECTION('',(0.,0.,1.));
#83450=DIRECTION('',(0.,1.,0.));
#83460=AXIS2_PLACEMENT_3D('',#83430,#83440,#83450);
#83470=CIRCLE('',#83460,0.1);
#83480=CARTESIAN_POINT('',(-2.06478915595127,-4.29105222487757,10.0575))
;
#83490=VERTEX_POINT('',#83480);
#83500=EDGE_CURVE('',#83490,#83400,#83470,.T.);
#83510=ORIENTED_EDGE('',*,*,#83500,.T.);
#83520=CARTESIAN_POINT('',(-2.06478915595127,-0.709445224877575,10.0575)
);
#83530=DIRECTION('',(0.,1.,0.));
#83540=VECTOR('',#83530,1.);
#83550=LINE('',#83520,#83540);
#83560=CARTESIAN_POINT('',(-2.06478915595127,-3.99105222487758,10.0575))
;
#83570=VERTEX_POINT('',#83560);
#83580=EDGE_CURVE('',#83490,#83570,#83550,.T.);
#83590=ORIENTED_EDGE('',*,*,#83580,.F.);
#83600=CARTESIAN_POINT('',(-1.96478915595127,-3.99105222487758,10.0575))
;
#83610=DIRECTION('',(0.,0.,1.));
#83620=DIRECTION('',(0.,1.,0.));
#83630=AXIS2_PLACEMENT_3D('',#83600,#83610,#83620);
#83640=CIRCLE('',#83630,0.1);
#83650=CARTESIAN_POINT('',(-2.00593293872788,-3.89990844210096,10.0575))
;
#83660=VERTEX_POINT('',#83650);
#83670=EDGE_CURVE('',#83660,#83570,#83640,.T.);
#83680=ORIENTED_EDGE('',*,*,#83670,.T.);
#83690=CARTESIAN_POINT('',(-1.89122415595127,-3.84812703587276,10.0575))
;
#83700=DIRECTION('',(0.911437827766148,0.411437827766147,0.));
#83710=VECTOR('',#83700,1.);
#83720=LINE('',#83690,#83710);
#83730=CARTESIAN_POINT('',(-1.76478915595127,-3.79105222487757,10.0575))
;
#83740=VERTEX_POINT('',#83730);
#83750=EDGE_CURVE('',#83660,#83740,#83720,.T.);
#83760=ORIENTED_EDGE('',*,*,#83750,.F.);
#83770=CARTESIAN_POINT('',(-1.76478915595127,-0.709445224877575,10.0575)
);
#83780=DIRECTION('',(0.,1.,0.));
#83790=VECTOR('',#83780,1.);
#83800=LINE('',#83770,#83790);
#83810=CARTESIAN_POINT('',(-1.76478915595127,-3.59105222487757,10.0575))
;
#83820=VERTEX_POINT('',#83810);
#83830=EDGE_CURVE('',#83740,#83820,#83800,.T.);
#83840=ORIENTED_EDGE('',*,*,#83830,.F.);
#83850=CARTESIAN_POINT('',(-1.89122415595127,-3.59105222487757,10.0575))
;
#83860=DIRECTION('',(-1.,0.,0.));
#83870=VECTOR('',#83860,1.);
#83880=LINE('',#83850,#83870);
#83890=CARTESIAN_POINT('',(-1.91478915595127,-3.59105222487757,10.0575))
;
#83900=VERTEX_POINT('',#83890);
#83910=EDGE_CURVE('',#83820,#83900,#83880,.T.);
#83920=ORIENTED_EDGE('',*,*,#83910,.F.);
#83930=CARTESIAN_POINT('',(-1.91478915595127,-0.709445224877575,10.0575)
);
#83940=DIRECTION('',(0.,1.,0.));
#83950=VECTOR('',#83940,1.);
#83960=LINE('',#83930,#83950);
#83970=CARTESIAN_POINT('',(-1.91478915595127,-3.39105222487758,10.0575))
;
#83980=VERTEX_POINT('',#83970);
#83990=EDGE_CURVE('',#83900,#83980,#83960,.T.);
#84000=ORIENTED_EDGE('',*,*,#83990,.F.);
#84010=CARTESIAN_POINT('',(-1.71478915595127,-3.39105222487758,10.0575))
;
#84020=VERTEX_POINT('',#84010);
#84030=EDGE_CURVE('',#83980,#84020,#82630,.T.);
#84040=ORIENTED_EDGE('',*,*,#84030,.F.);
#84050=CARTESIAN_POINT('',(-1.71478915595127,1.00894777512243,10.0575));
#84060=DIRECTION('',(0.,1.,0.));
#84070=VECTOR('',#84060,1.);
#84080=LINE('',#84050,#84070);
#84090=EDGE_CURVE('',#82470,#84020,#84080,.T.);
#84100=ORIENTED_EDGE('',*,*,#84090,.T.);
#84110=EDGE_LOOP('',(#84100,#84040,#84000,#83920,#83840,#83760,#83680,
#83590,#83510,#83420,#83340,#83260,#83170,#83090,#83000,#82920,#82830,
#82750,#82670,#82590,#82510));
#84120=FACE_OUTER_BOUND('',#84110,.T.);
#84130=ADVANCED_FACE('',(#84120),#82410,.T.);
#84140=CARTESIAN_POINT('',(-2.01478915595127,-3.39105222487758,33.055));
#84150=DIRECTION('',(0.,-1.,0.));
#84160=DIRECTION('',(1.,0.,0.));
#84170=AXIS2_PLACEMENT_3D('',#84140,#84150,#84160);
#84180=PLANE('',#84170);
#84190=CARTESIAN_POINT('',(-1.91478915595127,-3.39105222487758,9.235));
#84200=DIRECTION('',(0.,0.,1.));
#84210=VECTOR('',#84200,1.);
#84220=LINE('',#84190,#84210);
#84230=CARTESIAN_POINT('',(-1.91478915595127,-3.39105222487758,6.86));
#84240=VERTEX_POINT('',#84230);
#84250=CARTESIAN_POINT('',(-1.91478915595127,-3.39105222487758,7.0575));
#84260=VERTEX_POINT('',#84250);
#84270=EDGE_CURVE('',#84240,#84260,#84220,.T.);
#84280=ORIENTED_EDGE('',*,*,#84270,.T.);
#84290=CARTESIAN_POINT('',(-0.264789155951266,-3.39105222487758,6.86));
#84300=DIRECTION('',(-1.,0.,0.));
#84310=VECTOR('',#84300,1.);
#84320=LINE('',#84290,#84310);
#84330=CARTESIAN_POINT('',(-2.01478915595127,-3.39105222487758,6.86));
#84340=VERTEX_POINT('',#84330);
#84350=EDGE_CURVE('',#84240,#84340,#84320,.T.);
#84360=ORIENTED_EDGE('',*,*,#84350,.F.);
#84370=CARTESIAN_POINT('',(-2.01478915595123,-3.39105222487758,26.555));
#84380=DIRECTION('',(0.,0.,-1.));
#84390=VECTOR('',#84380,1.);
#84400=LINE('',#84370,#84390);
#84410=EDGE_CURVE('',#28440,#84340,#84400,.T.);
#84420=ORIENTED_EDGE('',*,*,#84410,.T.);
#84430=ORIENTED_EDGE('',*,*,#28450,.T.);
#84440=ORIENTED_EDGE('',*,*,#31280,.T.);
#84450=ORIENTED_EDGE('',*,*,#34610,.T.);
#84460=ORIENTED_EDGE('',*,*,#28320,.T.);
#84470=ORIENTED_EDGE('',*,*,#47460,.T.);
#84480=ORIENTED_EDGE('',*,*,#50130,.T.);
#84490=ORIENTED_EDGE('',*,*,#50310,.T.);
#84500=ORIENTED_EDGE('',*,*,#40550,.T.);
#84510=ORIENTED_EDGE('',*,*,#77660,.T.);
#84520=CARTESIAN_POINT('',(-1.91478915595127,-3.39105222487758,9.235));
#84530=DIRECTION('',(0.,0.,1.));
#84540=VECTOR('',#84530,1.);
#84550=LINE('',#84520,#84540);
#84560=CARTESIAN_POINT('',(-1.91478915595127,-3.39105222487758,12.3575))
;
#84570=VERTEX_POINT('',#84560);
#84580=EDGE_CURVE('',#84570,#77590,#84550,.T.);
#84590=ORIENTED_EDGE('',*,*,#84580,.T.);
#84600=CARTESIAN_POINT('',(-0.264789155951266,-3.39105222487758,12.3575)
);
#84610=DIRECTION('',(-1.,0.,0.));
#84620=VECTOR('',#84610,1.);
#84630=LINE('',#84600,#84620);
#84640=CARTESIAN_POINT('',(-1.71478915595127,-3.39105222487758,12.3575))
;
#84650=VERTEX_POINT('',#84640);
#84660=EDGE_CURVE('',#84650,#84570,#84630,.T.);
#84670=ORIENTED_EDGE('',*,*,#84660,.T.);
#84680=CARTESIAN_POINT('',(-1.71478915595127,-3.39105222487758,9.235));
#84690=DIRECTION('',(0.,0.,1.));
#84700=VECTOR('',#84690,1.);
#84710=LINE('',#84680,#84700);
#84720=EDGE_CURVE('',#80130,#84650,#84710,.T.);
#84730=ORIENTED_EDGE('',*,*,#84720,.T.);
#84740=ORIENTED_EDGE('',*,*,#80140,.T.);
#84750=CARTESIAN_POINT('',(-1.91478915595127,-3.39105222487758,9.235));
#84760=DIRECTION('',(0.,0.,1.));
#84770=VECTOR('',#84760,1.);
#84780=LINE('',#84750,#84770);
#84790=CARTESIAN_POINT('',(-1.91478915595127,-3.39105222487758,11.8575))
;
#84800=VERTEX_POINT('',#84790);
#84810=EDGE_CURVE('',#84800,#80090,#84780,.T.);
#84820=ORIENTED_EDGE('',*,*,#84810,.T.);
#84830=CARTESIAN_POINT('',(-0.264789155951266,-3.39105222487758,11.8575)
);
#84840=DIRECTION('',(-1.,0.,0.));
#84850=VECTOR('',#84840,1.);
#84860=LINE('',#84830,#84850);
#84870=CARTESIAN_POINT('',(-1.71478915595127,-3.39105222487758,11.8575))
;
#84880=VERTEX_POINT('',#84870);
#84890=EDGE_CURVE('',#84880,#84800,#84860,.T.);
#84900=ORIENTED_EDGE('',*,*,#84890,.T.);
#84910=CARTESIAN_POINT('',(-1.71478915595127,-3.39105222487758,9.235));
#84920=DIRECTION('',(0.,0.,1.));
#84930=VECTOR('',#84920,1.);
#84940=LINE('',#84910,#84930);
#84950=EDGE_CURVE('',#81690,#84880,#84940,.T.);
#84960=ORIENTED_EDGE('',*,*,#84950,.T.);
#84970=ORIENTED_EDGE('',*,*,#81700,.T.);
#84980=CARTESIAN_POINT('',(-1.91478915595127,-3.39105222487758,9.235));
#84990=DIRECTION('',(0.,0.,1.));
#85000=VECTOR('',#84990,1.);
#85010=LINE('',#84980,#85000);
#85020=CARTESIAN_POINT('',(-1.91478915595127,-3.39105222487758,11.3575))
;
#85030=VERTEX_POINT('',#85020);
#85040=EDGE_CURVE('',#85030,#81650,#85010,.T.);
#85050=ORIENTED_EDGE('',*,*,#85040,.T.);
#85060=CARTESIAN_POINT('',(-0.264789155951266,-3.39105222487758,11.3575)
);
#85070=DIRECTION('',(-1.,0.,0.));
#85080=VECTOR('',#85070,1.);
#85090=LINE('',#85060,#85080);
#85100=CARTESIAN_POINT('',(-1.71478915595127,-3.39105222487758,11.3575))
;
#85110=VERTEX_POINT('',#85100);
#85120=EDGE_CURVE('',#85110,#85030,#85090,.T.);
#85130=ORIENTED_EDGE('',*,*,#85120,.T.);
#85140=CARTESIAN_POINT('',(-1.71478915595127,-3.39105222487758,9.235));
#85150=DIRECTION('',(0.,0.,1.));
#85160=VECTOR('',#85150,1.);
#85170=LINE('',#85140,#85160);
#85180=CARTESIAN_POINT('',(-1.71478915595127,-3.39105222487758,11.0575))
;
#85190=VERTEX_POINT('',#85180);
#85200=EDGE_CURVE('',#85190,#85110,#85170,.T.);
#85210=ORIENTED_EDGE('',*,*,#85200,.T.);
#85220=CARTESIAN_POINT('',(-0.264789155951266,-3.39105222487758,11.0575)
);
#85230=DIRECTION('',(1.,0.,0.));
#85240=VECTOR('',#85230,1.);
#85250=LINE('',#85220,#85240);
#85260=CARTESIAN_POINT('',(-1.91478915595127,-3.39105222487758,11.0575))
;
#85270=VERTEX_POINT('',#85260);
#85280=EDGE_CURVE('',#85270,#85190,#85250,.T.);
#85290=ORIENTED_EDGE('',*,*,#85280,.T.);
#85300=CARTESIAN_POINT('',(-1.91478915595127,-3.39105222487758,9.235));
#85310=DIRECTION('',(0.,0.,1.));
#85320=VECTOR('',#85310,1.);
#85330=LINE('',#85300,#85320);
#85340=CARTESIAN_POINT('',(-1.91478915595127,-3.39105222487758,10.8575))
;
#85350=VERTEX_POINT('',#85340);
#85360=EDGE_CURVE('',#85350,#85270,#85330,.T.);
#85370=ORIENTED_EDGE('',*,*,#85360,.T.);
#85380=CARTESIAN_POINT('',(-0.264789155951266,-3.39105222487758,10.8575)
);
#85390=DIRECTION('',(-1.,0.,0.));
#85400=VECTOR('',#85390,1.);
#85410=LINE('',#85380,#85400);
#85420=CARTESIAN_POINT('',(-1.71478915595127,-3.39105222487758,10.8575))
;
#85430=VERTEX_POINT('',#85420);
#85440=EDGE_CURVE('',#85430,#85350,#85410,.T.);
#85450=ORIENTED_EDGE('',*,*,#85440,.T.);
#85460=CARTESIAN_POINT('',(-1.71478915595127,-3.39105222487758,9.235));
#85470=DIRECTION('',(0.,0.,1.));
#85480=VECTOR('',#85470,1.);
#85490=LINE('',#85460,#85480);
#85500=CARTESIAN_POINT('',(-1.71478915595127,-3.39105222487758,10.5575))
;
#85510=VERTEX_POINT('',#85500);
#85520=EDGE_CURVE('',#85510,#85430,#85490,.T.);
#85530=ORIENTED_EDGE('',*,*,#85520,.T.);
#85540=CARTESIAN_POINT('',(-0.264789155951266,-3.39105222487758,10.5575)
);
#85550=DIRECTION('',(1.,0.,0.));
#85560=VECTOR('',#85550,1.);
#85570=LINE('',#85540,#85560);
#85580=CARTESIAN_POINT('',(-1.91478915595127,-3.39105222487758,10.5575))
;
#85590=VERTEX_POINT('',#85580);
#85600=EDGE_CURVE('',#85590,#85510,#85570,.T.);
#85610=ORIENTED_EDGE('',*,*,#85600,.T.);
#85620=CARTESIAN_POINT('',(-1.91478915595127,-3.39105222487758,9.235));
#85630=DIRECTION('',(0.,0.,1.));
#85640=VECTOR('',#85630,1.);
#85650=LINE('',#85620,#85640);
#85660=CARTESIAN_POINT('',(-1.91478915595127,-3.39105222487758,10.3575))
;
#85670=VERTEX_POINT('',#85660);
#85680=EDGE_CURVE('',#85670,#85590,#85650,.T.);
#85690=ORIENTED_EDGE('',*,*,#85680,.T.);
#85700=CARTESIAN_POINT('',(-0.264789155951266,-3.39105222487758,10.3575)
);
#85710=DIRECTION('',(-1.,0.,0.));
#85720=VECTOR('',#85710,1.);
#85730=LINE('',#85700,#85720);
#85740=CARTESIAN_POINT('',(-1.71478915595127,-3.39105222487758,10.3575))
;
#85750=VERTEX_POINT('',#85740);
#85760=EDGE_CURVE('',#85750,#85670,#85730,.T.);
#85770=ORIENTED_EDGE('',*,*,#85760,.T.);
#85780=CARTESIAN_POINT('',(-1.71478915595127,-3.39105222487758,9.235));
#85790=DIRECTION('',(0.,0.,1.));
#85800=VECTOR('',#85790,1.);
#85810=LINE('',#85780,#85800);
#85820=EDGE_CURVE('',#84020,#85750,#85810,.T.);
#85830=ORIENTED_EDGE('',*,*,#85820,.T.);
#85840=ORIENTED_EDGE('',*,*,#84030,.T.);
#85850=CARTESIAN_POINT('',(-1.91478915595127,-3.39105222487758,9.235));
#85860=DIRECTION('',(0.,0.,1.));
#85870=VECTOR('',#85860,1.);
#85880=LINE('',#85850,#85870);
#85890=CARTESIAN_POINT('',(-1.91478915595127,-3.39105222487758,9.8575));
#85900=VERTEX_POINT('',#85890);
#85910=EDGE_CURVE('',#85900,#83980,#85880,.T.);
#85920=ORIENTED_EDGE('',*,*,#85910,.T.);
#85930=CARTESIAN_POINT('',(-0.264789155951266,-3.39105222487758,9.8575))
;
#85940=DIRECTION('',(-1.,0.,0.));
#85950=VECTOR('',#85940,1.);
#85960=LINE('',#85930,#85950);
#85970=CARTESIAN_POINT('',(-1.71478915595127,-3.39105222487758,9.8575));
#85980=VERTEX_POINT('',#85970);
#85990=EDGE_CURVE('',#85980,#85900,#85960,.T.);
#86000=ORIENTED_EDGE('',*,*,#85990,.T.);
#86010=CARTESIAN_POINT('',(-1.71478915595127,-3.39105222487758,9.235));
#86020=DIRECTION('',(0.,0.,1.));
#86030=VECTOR('',#86020,1.);
#86040=LINE('',#86010,#86030);
#86050=CARTESIAN_POINT('',(-1.71478915595127,-3.39105222487758,9.5575));
#86060=VERTEX_POINT('',#86050);
#86070=EDGE_CURVE('',#86060,#85980,#86040,.T.);
#86080=ORIENTED_EDGE('',*,*,#86070,.T.);
#86090=CARTESIAN_POINT('',(-0.264789155951266,-3.39105222487758,9.5575))
;
#86100=DIRECTION('',(1.,0.,0.));
#86110=VECTOR('',#86100,1.);
#86120=LINE('',#86090,#86110);
#86130=CARTESIAN_POINT('',(-1.91478915595127,-3.39105222487758,9.5575));
#86140=VERTEX_POINT('',#86130);
#86150=EDGE_CURVE('',#86140,#86060,#86120,.T.);
#86160=ORIENTED_EDGE('',*,*,#86150,.T.);
#86170=CARTESIAN_POINT('',(-1.91478915595127,-3.39105222487758,9.235));
#86180=DIRECTION('',(0.,0.,1.));
#86190=VECTOR('',#86180,1.);
#86200=LINE('',#86170,#86190);
#86210=CARTESIAN_POINT('',(-1.91478915595127,-3.39105222487758,9.3575));
#86220=VERTEX_POINT('',#86210);
#86230=EDGE_CURVE('',#86220,#86140,#86200,.T.);
#86240=ORIENTED_EDGE('',*,*,#86230,.T.);
#86250=CARTESIAN_POINT('',(-0.264789155951266,-3.39105222487758,9.3575))
;
#86260=DIRECTION('',(-1.,0.,0.));
#86270=VECTOR('',#86260,1.);
#86280=LINE('',#86250,#86270);
#86290=CARTESIAN_POINT('',(-1.71478915595127,-3.39105222487758,9.3575));
#86300=VERTEX_POINT('',#86290);
#86310=EDGE_CURVE('',#86300,#86220,#86280,.T.);
#86320=ORIENTED_EDGE('',*,*,#86310,.T.);
#86330=CARTESIAN_POINT('',(-1.71478915595127,-3.39105222487758,9.235));
#86340=DIRECTION('',(0.,0.,1.));
#86350=VECTOR('',#86340,1.);
#86360=LINE('',#86330,#86350);
#86370=CARTESIAN_POINT('',(-1.71478915595127,-3.39105222487758,9.0575));
#86380=VERTEX_POINT('',#86370);
#86390=EDGE_CURVE('',#86380,#86300,#86360,.T.);
#86400=ORIENTED_EDGE('',*,*,#86390,.T.);
#86410=CARTESIAN_POINT('',(-0.264789155951266,-3.39105222487758,9.0575))
;
#86420=DIRECTION('',(1.,0.,0.));
#86430=VECTOR('',#86420,1.);
#86440=LINE('',#86410,#86430);
#86450=CARTESIAN_POINT('',(-1.91478915595127,-3.39105222487758,9.0575));
#86460=VERTEX_POINT('',#86450);
#86470=EDGE_CURVE('',#86460,#86380,#86440,.T.);
#86480=ORIENTED_EDGE('',*,*,#86470,.T.);
#86490=CARTESIAN_POINT('',(-1.91478915595127,-3.39105222487758,9.235));
#86500=DIRECTION('',(0.,0.,1.));
#86510=VECTOR('',#86500,1.);
#86520=LINE('',#86490,#86510);
#86530=CARTESIAN_POINT('',(-1.91478915595127,-3.39105222487758,8.8575));
#86540=VERTEX_POINT('',#86530);
#86550=EDGE_CURVE('',#86540,#86460,#86520,.T.);
#86560=ORIENTED_EDGE('',*,*,#86550,.T.);
#86570=CARTESIAN_POINT('',(-0.264789155951266,-3.39105222487758,8.8575))
;
#86580=DIRECTION('',(-1.,0.,0.));
#86590=VECTOR('',#86580,1.);
#86600=LINE('',#86570,#86590);
#86610=CARTESIAN_POINT('',(-1.71478915595127,-3.39105222487758,8.8575));
#86620=VERTEX_POINT('',#86610);
#86630=EDGE_CURVE('',#86620,#86540,#86600,.T.);
#86640=ORIENTED_EDGE('',*,*,#86630,.T.);
#86650=CARTESIAN_POINT('',(-1.71478915595127,-3.39105222487758,9.235));
#86660=DIRECTION('',(0.,0.,1.));
#86670=VECTOR('',#86660,1.);
#86680=LINE('',#86650,#86670);
#86690=CARTESIAN_POINT('',(-1.71478915595127,-3.39105222487758,8.5575));
#86700=VERTEX_POINT('',#86690);
#86710=EDGE_CURVE('',#86700,#86620,#86680,.T.);
#86720=ORIENTED_EDGE('',*,*,#86710,.T.);
#86730=CARTESIAN_POINT('',(-0.264789155951266,-3.39105222487758,8.5575))
;
#86740=DIRECTION('',(1.,0.,0.));
#86750=VECTOR('',#86740,1.);
#86760=LINE('',#86730,#86750);
#86770=CARTESIAN_POINT('',(-1.91478915595127,-3.39105222487758,8.5575));
#86780=VERTEX_POINT('',#86770);
#86790=EDGE_CURVE('',#86780,#86700,#86760,.T.);
#86800=ORIENTED_EDGE('',*,*,#86790,.T.);
#86810=CARTESIAN_POINT('',(-1.91478915595127,-3.39105222487758,9.235));
#86820=DIRECTION('',(0.,0.,1.));
#86830=VECTOR('',#86820,1.);
#86840=LINE('',#86810,#86830);
#86850=CARTESIAN_POINT('',(-1.91478915595127,-3.39105222487758,8.3575));
#86860=VERTEX_POINT('',#86850);
#86870=EDGE_CURVE('',#86860,#86780,#86840,.T.);
#86880=ORIENTED_EDGE('',*,*,#86870,.T.);
#86890=CARTESIAN_POINT('',(-0.264789155951266,-3.39105222487758,8.3575))
;
#86900=DIRECTION('',(-1.,0.,0.));
#86910=VECTOR('',#86900,1.);
#86920=LINE('',#86890,#86910);
#86930=CARTESIAN_POINT('',(-1.71478915595127,-3.39105222487758,8.3575));
#86940=VERTEX_POINT('',#86930);
#86950=EDGE_CURVE('',#86940,#86860,#86920,.T.);
#86960=ORIENTED_EDGE('',*,*,#86950,.T.);
#86970=CARTESIAN_POINT('',(-1.71478915595127,-3.39105222487758,9.235));
#86980=DIRECTION('',(0.,0.,-1.));
#86990=VECTOR('',#86980,1.);
#87000=LINE('',#86970,#86990);
#87010=CARTESIAN_POINT('',(-1.71478915595127,-3.39105222487758,8.0575));
#87020=VERTEX_POINT('',#87010);
#87030=EDGE_CURVE('',#86940,#87020,#87000,.T.);
#87040=ORIENTED_EDGE('',*,*,#87030,.F.);
#87050=CARTESIAN_POINT('',(-0.264789155951266,-3.39105222487758,8.0575))
;
#87060=DIRECTION('',(1.,0.,0.));
#87070=VECTOR('',#87060,1.);
#87080=LINE('',#87050,#87070);
#87090=CARTESIAN_POINT('',(-1.91478915595127,-3.39105222487758,8.0575));
#87100=VERTEX_POINT('',#87090);
#87110=EDGE_CURVE('',#87100,#87020,#87080,.T.);
#87120=ORIENTED_EDGE('',*,*,#87110,.T.);
#87130=CARTESIAN_POINT('',(-1.91478915595127,-3.39105222487758,9.235));
#87140=DIRECTION('',(0.,0.,1.));
#87150=VECTOR('',#87140,1.);
#87160=LINE('',#87130,#87150);
#87170=CARTESIAN_POINT('',(-1.91478915595127,-3.39105222487758,7.8575));
#87180=VERTEX_POINT('',#87170);
#87190=EDGE_CURVE('',#87180,#87100,#87160,.T.);
#87200=ORIENTED_EDGE('',*,*,#87190,.T.);
#87210=CARTESIAN_POINT('',(-0.264789155951266,-3.39105222487758,7.8575))
;
#87220=DIRECTION('',(-1.,0.,0.));
#87230=VECTOR('',#87220,1.);
#87240=LINE('',#87210,#87230);
#87250=CARTESIAN_POINT('',(-1.71478915595127,-3.39105222487758,7.8575));
#87260=VERTEX_POINT('',#87250);
#87270=EDGE_CURVE('',#87260,#87180,#87240,.T.);
#87280=ORIENTED_EDGE('',*,*,#87270,.T.);
#87290=CARTESIAN_POINT('',(-1.71478915595127,-3.39105222487758,9.235));
#87300=DIRECTION('',(0.,0.,-1.));
#87310=VECTOR('',#87300,1.);
#87320=LINE('',#87290,#87310);
#87330=CARTESIAN_POINT('',(-1.71478915595127,-3.39105222487758,7.5575));
#87340=VERTEX_POINT('',#87330);
#87350=EDGE_CURVE('',#87260,#87340,#87320,.T.);
#87360=ORIENTED_EDGE('',*,*,#87350,.F.);
#87370=CARTESIAN_POINT('',(-0.264789155951266,-3.39105222487758,7.5575))
;
#87380=DIRECTION('',(1.,0.,0.));
#87390=VECTOR('',#87380,1.);
#87400=LINE('',#87370,#87390);
#87410=EDGE_CURVE('',#77850,#87340,#87400,.T.);
#87420=ORIENTED_EDGE('',*,*,#87410,.T.);
#87430=ORIENTED_EDGE('',*,*,#77860,.T.);
#87440=CARTESIAN_POINT('',(-0.264789155951266,-3.39105222487758,7.3575))
;
#87450=DIRECTION('',(-1.,0.,0.));
#87460=VECTOR('',#87450,1.);
#87470=LINE('',#87440,#87460);
#87480=CARTESIAN_POINT('',(-1.71478915595127,-3.39105222487758,7.3575));
#87490=VERTEX_POINT('',#87480);
#87500=EDGE_CURVE('',#87490,#77830,#87470,.T.);
#87510=ORIENTED_EDGE('',*,*,#87500,.T.);
#87520=CARTESIAN_POINT('',(-1.71478915595127,-3.39105222487758,9.235));
#87530=DIRECTION('',(0.,0.,-1.));
#87540=VECTOR('',#87530,1.);
#87550=LINE('',#87520,#87540);
#87560=CARTESIAN_POINT('',(-1.71478915595127,-3.39105222487758,7.0575));
#87570=VERTEX_POINT('',#87560);
#87580=EDGE_CURVE('',#87490,#87570,#87550,.T.);
#87590=ORIENTED_EDGE('',*,*,#87580,.F.);
#87600=CARTESIAN_POINT('',(-0.264789155951266,-3.39105222487758,7.0575))
;
#87610=DIRECTION('',(1.,0.,0.));
#87620=VECTOR('',#87610,1.);
#87630=LINE('',#87600,#87620);
#87640=EDGE_CURVE('',#84260,#87570,#87630,.T.);
#87650=ORIENTED_EDGE('',*,*,#87640,.T.);
#87660=EDGE_LOOP('',(#87650,#87590,#87510,#87430,#87420,#87360,#87280,
#87200,#87120,#87040,#86960,#86880,#86800,#86720,#86640,#86560,#86480,
#86400,#86320,#86240,#86160,#86080,#86000,#85920,#85840,#85830,#85770,
#85690,#85610,#85530,#85450,#85370,#85290,#85210,#85130,#85050,#84970,
#84960,#84900,#84820,#84740,#84730,#84670,#84590,#84510,#84500,#84490,
#84480,#84470,#84460,#84450,#84440,#84430,#84420,#84360,#84280));
#87670=FACE_OUTER_BOUND('',#87660,.T.);
#87680=ADVANCED_FACE('',(#87670),#84180,.T.);
#87690=CARTESIAN_POINT('',(-0.989789155951266,-3.49105222487758,7.80875)
);
#87700=DIRECTION('',(0.,0.456090790910398,-0.889933250556876));
#87710=DIRECTION('',(0.,-0.889933250556876,-0.456090790910398));
#87720=AXIS2_PLACEMENT_3D('',#87690,#87700,#87710);
#87730=PLANE('',#87720);
#87740=CARTESIAN_POINT('',(-0.264789155951266,1.00894777512243,10.115));
#87750=DIRECTION('',(0.,-0.889933250556876,-0.456090790910398));
#87760=VECTOR('',#87750,1.);
#87770=LINE('',#87740,#87760);
#87780=CARTESIAN_POINT('',(-0.264789155951266,-3.39593027365807,7.8575))
;
#87790=VERTEX_POINT('',#87780);
#87800=CARTESIAN_POINT('',(-0.264789155951266,-3.59105222487757,7.7575))
;
#87810=VERTEX_POINT('',#87800);
#87820=EDGE_CURVE('',#87790,#87810,#87770,.T.);
#87830=ORIENTED_EDGE('',*,*,#87820,.F.);
#87840=CARTESIAN_POINT('',(-2.01478915595127,-3.59105222487757,7.7575));
#87850=DIRECTION('',(-1.,0.,0.));
#87860=VECTOR('',#87850,1.);
#87870=LINE('',#87840,#87860);
#87880=CARTESIAN_POINT('',(-1.71478915595127,-3.59105222487757,7.7575));
#87890=VERTEX_POINT('',#87880);
#87900=EDGE_CURVE('',#87810,#87890,#87870,.T.);
#87910=ORIENTED_EDGE('',*,*,#87900,.F.);
#87920=CARTESIAN_POINT('',(-1.71478915595127,1.00894777512243,10.115));
#87930=DIRECTION('',(0.,0.889933250556876,0.456090790910398));
#87940=VECTOR('',#87930,1.);
#87950=LINE('',#87920,#87940);
#87960=CARTESIAN_POINT('',(-1.71478915595127,-3.39593027365807,7.8575));
#87970=VERTEX_POINT('',#87960);
#87980=EDGE_CURVE('',#87890,#87970,#87950,.T.);
#87990=ORIENTED_EDGE('',*,*,#87980,.F.);
#88000=CARTESIAN_POINT('',(-0.264789155951266,-3.39593027365807,7.8575))
;
#88010=DIRECTION('',(1.,0.,0.));
#88020=VECTOR('',#88010,1.);
#88030=LINE('',#88000,#88020);
#88040=EDGE_CURVE('',#87970,#87790,#88030,.T.);
#88050=ORIENTED_EDGE('',*,*,#88040,.F.);
#88060=EDGE_LOOP('',(#88050,#87990,#87910,#87830));
#88070=FACE_OUTER_BOUND('',#88060,.T.);
#88080=ADVANCED_FACE('',(#88070),#87730,.F.);
#88090=CARTESIAN_POINT('',(-0.989789155951266,-3.49105222487758,7.60625)
);
#88100=DIRECTION('',(0.,-0.456090790910398,-0.889933250556876));
#88110=DIRECTION('',(0.,-0.889933250556876,0.456090790910398));
#88120=AXIS2_PLACEMENT_3D('',#88090,#88100,#88110);
#88130=PLANE('',#88120);
#88140=CARTESIAN_POINT('',(-0.264789155951266,-3.39593027365806,7.5575))
;
#88150=DIRECTION('',(1.,0.,0.));
#88160=VECTOR('',#88150,1.);
#88170=LINE('',#88140,#88160);
#88180=CARTESIAN_POINT('',(-1.71478915595127,-3.39593027365806,7.5575));
#88190=VERTEX_POINT('',#88180);
#88200=CARTESIAN_POINT('',(-0.264789155951266,-3.39593027365806,7.5575))
;
#88210=VERTEX_POINT('',#88200);
#88220=EDGE_CURVE('',#88190,#88210,#88170,.T.);
#88230=ORIENTED_EDGE('',*,*,#88220,.T.);
#88240=CARTESIAN_POINT('',(-1.71478915595127,1.00894777512243,5.3));
#88250=DIRECTION('',(0.,0.889933250556876,-0.456090790910398));
#88260=VECTOR('',#88250,1.);
#88270=LINE('',#88240,#88260);
#88280=CARTESIAN_POINT('',(-1.71478915595127,-3.59105222487757,7.6575));
#88290=VERTEX_POINT('',#88280);
#88300=EDGE_CURVE('',#88290,#88190,#88270,.T.);
#88310=ORIENTED_EDGE('',*,*,#88300,.T.);
#88320=CARTESIAN_POINT('',(-2.01478915595127,-3.59105222487757,7.6575));
#88330=DIRECTION('',(-1.,0.,0.));
#88340=VECTOR('',#88330,1.);
#88350=LINE('',#88320,#88340);
#88360=CARTESIAN_POINT('',(-0.264789155951266,-3.59105222487757,7.6575))
;
#88370=VERTEX_POINT('',#88360);
#88380=EDGE_CURVE('',#88370,#88290,#88350,.T.);
#88390=ORIENTED_EDGE('',*,*,#88380,.T.);
#88400=CARTESIAN_POINT('',(-0.264789155951266,1.00894777512243,5.3));
#88410=DIRECTION('',(0.,-0.889933250556876,0.456090790910398));
#88420=VECTOR('',#88410,1.);
#88430=LINE('',#88400,#88420);
#88440=EDGE_CURVE('',#88210,#88370,#88430,.T.);
#88450=ORIENTED_EDGE('',*,*,#88440,.T.);
#88460=EDGE_LOOP('',(#88450,#88390,#88310,#88230));
#88470=FACE_OUTER_BOUND('',#88460,.T.);
#88480=ADVANCED_FACE('',(#88470),#88130,.T.);
#88490=CARTESIAN_POINT('',(-0.989789155951266,-3.49105222487758,8.60625)
);
#88500=DIRECTION('',(0.,-0.456090790910398,-0.889933250556876));
#88510=DIRECTION('',(0.,-0.889933250556876,0.456090790910398));
#88520=AXIS2_PLACEMENT_3D('',#88490,#88500,#88510);
#88530=PLANE('',#88520);
#88540=CARTESIAN_POINT('',(-0.264789155951266,-3.39593027365806,8.5575))
;
#88550=DIRECTION('',(1.,0.,0.));
#88560=VECTOR('',#88550,1.);
#88570=LINE('',#88540,#88560);
#88580=CARTESIAN_POINT('',(-1.71478915595127,-3.39593027365807,8.5575));
#88590=VERTEX_POINT('',#88580);
#88600=CARTESIAN_POINT('',(-0.264789155951266,-3.39593027365806,8.5575))
;
#88610=VERTEX_POINT('',#88600);
#88620=EDGE_CURVE('',#88590,#88610,#88570,.T.);
#88630=ORIENTED_EDGE('',*,*,#88620,.T.);
#88640=CARTESIAN_POINT('',(-1.71478915595127,1.00894777512243,6.3));
#88650=DIRECTION('',(0.,0.889933250556876,-0.456090790910398));
#88660=VECTOR('',#88650,1.);
#88670=LINE('',#88640,#88660);
#88680=CARTESIAN_POINT('',(-1.71478915595127,-3.59105222487757,8.6575));
#88690=VERTEX_POINT('',#88680);
#88700=EDGE_CURVE('',#88690,#88590,#88670,.T.);
#88710=ORIENTED_EDGE('',*,*,#88700,.T.);
#88720=CARTESIAN_POINT('',(-2.01478915595127,-3.59105222487757,8.6575));
#88730=DIRECTION('',(-1.,0.,0.));
#88740=VECTOR('',#88730,1.);
#88750=LINE('',#88720,#88740);
#88760=CARTESIAN_POINT('',(-0.264789155951266,-3.59105222487757,8.6575))
;
#88770=VERTEX_POINT('',#88760);
#88780=EDGE_CURVE('',#88770,#88690,#88750,.T.);
#88790=ORIENTED_EDGE('',*,*,#88780,.T.);
#88800=CARTESIAN_POINT('',(-0.264789155951266,1.00894777512243,6.3));
#88810=DIRECTION('',(0.,-0.889933250556876,0.456090790910398));
#88820=VECTOR('',#88810,1.);
#88830=LINE('',#88800,#88820);
#88840=EDGE_CURVE('',#88610,#88770,#88830,.T.);
#88850=ORIENTED_EDGE('',*,*,#88840,.T.);
#88860=EDGE_LOOP('',(#88850,#88790,#88710,#88630));
#88870=FACE_OUTER_BOUND('',#88860,.T.);
#88880=ADVANCED_FACE('',(#88870),#88530,.T.);
#88890=CARTESIAN_POINT('',(-0.989789155951266,-3.49105222487758,8.80875)
);
#88900=DIRECTION('',(0.,0.456090790910398,-0.889933250556876));
#88910=DIRECTION('',(0.,-0.889933250556876,-0.456090790910398));
#88920=AXIS2_PLACEMENT_3D('',#88890,#88900,#88910);
#88930=PLANE('',#88920);
#88940=CARTESIAN_POINT('',(-0.264789155951266,-3.39593027365807,8.8575))
;
#88950=DIRECTION('',(1.,0.,0.));
#88960=VECTOR('',#88950,1.);
#88970=LINE('',#88940,#88960);
#88980=CARTESIAN_POINT('',(-1.71478915595127,-3.39593027365807,8.8575));
#88990=VERTEX_POINT('',#88980);
#89000=CARTESIAN_POINT('',(-0.264789155951266,-3.39593027365807,8.8575))
;
#89010=VERTEX_POINT('',#89000);
#89020=EDGE_CURVE('',#88990,#89010,#88970,.T.);
#89030=ORIENTED_EDGE('',*,*,#89020,.F.);
#89040=CARTESIAN_POINT('',(-0.264789155951266,1.00894777512243,11.115));
#89050=DIRECTION('',(0.,-0.889933250556876,-0.456090790910398));
#89060=VECTOR('',#89050,1.);
#89070=LINE('',#89040,#89060);
#89080=CARTESIAN_POINT('',(-0.264789155951266,-3.59105222487757,8.7575))
;
#89090=VERTEX_POINT('',#89080);
#89100=EDGE_CURVE('',#89010,#89090,#89070,.T.);
#89110=ORIENTED_EDGE('',*,*,#89100,.F.);
#89120=CARTESIAN_POINT('',(-2.01478915595127,-3.59105222487757,8.7575));
#89130=DIRECTION('',(-1.,0.,0.));
#89140=VECTOR('',#89130,1.);
#89150=LINE('',#89120,#89140);
#89160=CARTESIAN_POINT('',(-1.71478915595127,-3.59105222487757,8.7575));
#89170=VERTEX_POINT('',#89160);
#89180=EDGE_CURVE('',#89090,#89170,#89150,.T.);
#89190=ORIENTED_EDGE('',*,*,#89180,.F.);
#89200=CARTESIAN_POINT('',(-1.71478915595127,1.00894777512243,11.115));
#89210=DIRECTION('',(0.,0.889933250556876,0.456090790910398));
#89220=VECTOR('',#89210,1.);
#89230=LINE('',#89200,#89220);
#89240=EDGE_CURVE('',#89170,#88990,#89230,.T.);
#89250=ORIENTED_EDGE('',*,*,#89240,.F.);
#89260=EDGE_LOOP('',(#89250,#89190,#89110,#89030));
#89270=FACE_OUTER_BOUND('',#89260,.T.);
#89280=ADVANCED_FACE('',(#89270),#88930,.F.);
#89290=CARTESIAN_POINT('',(-1.71478915595127,-3.34105222487757,8.555));
#89300=DIRECTION('',(1.,0.,0.));
#89310=DIRECTION('',(0.,-1.,0.));
#89320=AXIS2_PLACEMENT_3D('',#89290,#89300,#89310);
#89330=PLANE('',#89320);
#89340=CARTESIAN_POINT('',(-1.71478915595127,1.00894777512243,8.8575));
#89350=DIRECTION('',(0.,-1.,0.));
#89360=VECTOR('',#89350,1.);
#89370=LINE('',#89340,#89360);
#89380=EDGE_CURVE('',#86620,#88990,#89370,.T.);
#89390=ORIENTED_EDGE('',*,*,#89380,.F.);
#89400=ORIENTED_EDGE('',*,*,#89240,.T.);
#89410=CARTESIAN_POINT('',(-1.71478915595127,-3.59105222487757,8.555));
#89420=DIRECTION('',(0.,0.,1.));
#89430=VECTOR('',#89420,1.);
#89440=LINE('',#89410,#89430);
#89450=EDGE_CURVE('',#88690,#89170,#89440,.T.);
#89460=ORIENTED_EDGE('',*,*,#89450,.T.);
#89470=ORIENTED_EDGE('',*,*,#88700,.F.);
#89480=CARTESIAN_POINT('',(-1.71478915595127,1.00894777512243,8.5575));
#89490=DIRECTION('',(0.,1.,0.));
#89500=VECTOR('',#89490,1.);
#89510=LINE('',#89480,#89500);
#89520=EDGE_CURVE('',#88590,#86700,#89510,.T.);
#89530=ORIENTED_EDGE('',*,*,#89520,.F.);
#89540=ORIENTED_EDGE('',*,*,#86710,.F.);
#89550=EDGE_LOOP('',(#89540,#89530,#89470,#89460,#89400,#89390));
#89560=FACE_OUTER_BOUND('',#89550,.T.);
#89570=ADVANCED_FACE('',(#89560),#89330,.F.);
#89580=CARTESIAN_POINT('',(-0.264789155951266,-3.59105222487757,8.555));
#89590=DIRECTION('',(-1.,0.,0.));
#89600=DIRECTION('',(0.,1.,0.));
#89610=AXIS2_PLACEMENT_3D('',#89580,#89590,#89600);
#89620=PLANE('',#89610);
#89630=CARTESIAN_POINT('',(-0.264789155951266,1.00894777512243,8.5575));
#89640=DIRECTION('',(0.,-1.,0.));
#89650=VECTOR('',#89640,1.);
#89660=LINE('',#89630,#89650);
#89670=CARTESIAN_POINT('',(-0.264789155951266,-3.39105222487758,8.5575))
;
#89680=VERTEX_POINT('',#89670);
#89690=EDGE_CURVE('',#89680,#88610,#89660,.T.);
#89700=ORIENTED_EDGE('',*,*,#89690,.F.);
#89710=ORIENTED_EDGE('',*,*,#88840,.F.);
#89720=CARTESIAN_POINT('',(-0.264789155951266,-3.59105222487757,8.555));
#89730=DIRECTION('',(0.,0.,1.));
#89740=VECTOR('',#89730,1.);
#89750=LINE('',#89720,#89740);
#89760=EDGE_CURVE('',#88770,#89090,#89750,.T.);
#89770=ORIENTED_EDGE('',*,*,#89760,.F.);
#89780=ORIENTED_EDGE('',*,*,#89100,.T.);
#89790=CARTESIAN_POINT('',(-0.264789155951266,1.00894777512243,8.8575));
#89800=DIRECTION('',(0.,1.,0.));
#89810=VECTOR('',#89800,1.);
#89820=LINE('',#89790,#89810);
#89830=CARTESIAN_POINT('',(-0.264789155951266,-3.39105222487758,8.8575))
;
#89840=VERTEX_POINT('',#89830);
#89850=EDGE_CURVE('',#89010,#89840,#89820,.T.);
#89860=ORIENTED_EDGE('',*,*,#89850,.F.);
#89870=CARTESIAN_POINT('',(-0.264789155951266,-3.39105222487758,9.235));
#89880=DIRECTION('',(0.,0.,-1.));
#89890=VECTOR('',#89880,1.);
#89900=LINE('',#89870,#89890);
#89910=EDGE_CURVE('',#89840,#89680,#89900,.T.);
#89920=ORIENTED_EDGE('',*,*,#89910,.F.);
#89930=EDGE_LOOP('',(#89920,#89860,#89780,#89770,#89710,#89700));
#89940=FACE_OUTER_BOUND('',#89930,.T.);
#89950=ADVANCED_FACE('',(#89940),#89620,.F.);
#89960=CARTESIAN_POINT('',(-1.71478915595127,-3.59105222487757,8.555));
#89970=DIRECTION('',(0.,1.,0.));
#89980=DIRECTION('',(1.,0.,0.));
#89990=AXIS2_PLACEMENT_3D('',#89960,#89970,#89980);
#90000=PLANE('',#89990);
#90010=ORIENTED_EDGE('',*,*,#88780,.F.);
#90020=ORIENTED_EDGE('',*,*,#89450,.F.);
#90030=ORIENTED_EDGE('',*,*,#89180,.T.);
#90040=ORIENTED_EDGE('',*,*,#89760,.T.);
#90050=EDGE_LOOP('',(#90040,#90030,#90020,#90010));
#90060=FACE_OUTER_BOUND('',#90050,.T.);
#90070=ADVANCED_FACE('',(#90060),#90000,.F.);
#90080=CARTESIAN_POINT('',(-0.989789155951266,-3.49105222487758,9.10625)
);
#90090=DIRECTION('',(0.,-0.456090790910398,-0.889933250556876));
#90100=DIRECTION('',(0.,-0.889933250556876,0.456090790910398));
#90110=AXIS2_PLACEMENT_3D('',#90080,#90090,#90100);
#90120=PLANE('',#90110);
#90130=CARTESIAN_POINT('',(-0.264789155951266,-3.39593027365806,9.0575))
;
#90140=DIRECTION('',(1.,0.,0.));
#90150=VECTOR('',#90140,1.);
#90160=LINE('',#90130,#90150);
#90170=CARTESIAN_POINT('',(-1.71478915595127,-3.39593027365807,9.0575));
#90180=VERTEX_POINT('',#90170);
#90190=CARTESIAN_POINT('',(-0.264789155951266,-3.39593027365807,9.0575))
;
#90200=VERTEX_POINT('',#90190);
#90210=EDGE_CURVE('',#90180,#90200,#90160,.T.);
#90220=ORIENTED_EDGE('',*,*,#90210,.T.);
#90230=CARTESIAN_POINT('',(-1.71478915595127,1.00894777512243,6.8));
#90240=DIRECTION('',(0.,0.889933250556876,-0.456090790910398));
#90250=VECTOR('',#90240,1.);
#90260=LINE('',#90230,#90250);
#90270=CARTESIAN_POINT('',(-1.71478915595127,-3.59105222487757,9.1575));
#90280=VERTEX_POINT('',#90270);
#90290=EDGE_CURVE('',#90280,#90180,#90260,.T.);
#90300=ORIENTED_EDGE('',*,*,#90290,.T.);
#90310=CARTESIAN_POINT('',(-2.01478915595127,-3.59105222487757,9.1575));
#90320=DIRECTION('',(-1.,0.,0.));
#90330=VECTOR('',#90320,1.);
#90340=LINE('',#90310,#90330);
#90350=CARTESIAN_POINT('',(-0.264789155951266,-3.59105222487757,9.1575))
;
#90360=VERTEX_POINT('',#90350);
#90370=EDGE_CURVE('',#90360,#90280,#90340,.T.);
#90380=ORIENTED_EDGE('',*,*,#90370,.T.);
#90390=CARTESIAN_POINT('',(-0.264789155951266,1.00894777512243,6.8));
#90400=DIRECTION('',(0.,-0.889933250556876,0.456090790910398));
#90410=VECTOR('',#90400,1.);
#90420=LINE('',#90390,#90410);
#90430=EDGE_CURVE('',#90200,#90360,#90420,.T.);
#90440=ORIENTED_EDGE('',*,*,#90430,.T.);
#90450=EDGE_LOOP('',(#90440,#90380,#90300,#90220));
#90460=FACE_OUTER_BOUND('',#90450,.T.);
#90470=ADVANCED_FACE('',(#90460),#90120,.T.);
#90480=CARTESIAN_POINT('',(-0.989789155951266,-3.49105222487758,9.30875)
);
#90490=DIRECTION('',(0.,0.456090790910398,-0.889933250556876));
#90500=DIRECTION('',(0.,-0.889933250556876,-0.456090790910398));
#90510=AXIS2_PLACEMENT_3D('',#90480,#90490,#90500);
#90520=PLANE('',#90510);
#90530=CARTESIAN_POINT('',(-0.264789155951266,-3.39593027365807,9.3575))
;
#90540=DIRECTION('',(1.,0.,0.));
#90550=VECTOR('',#90540,1.);
#90560=LINE('',#90530,#90550);
#90570=CARTESIAN_POINT('',(-1.71478915595127,-3.39593027365807,9.3575));
#90580=VERTEX_POINT('',#90570);
#90590=CARTESIAN_POINT('',(-0.264789155951266,-3.39593027365807,9.3575))
;
#90600=VERTEX_POINT('',#90590);
#90610=EDGE_CURVE('',#90580,#90600,#90560,.T.);
#90620=ORIENTED_EDGE('',*,*,#90610,.F.);
#90630=CARTESIAN_POINT('',(-0.264789155951266,1.00894777512243,11.615));
#90640=DIRECTION('',(0.,-0.889933250556876,-0.456090790910398));
#90650=VECTOR('',#90640,1.);
#90660=LINE('',#90630,#90650);
#90670=CARTESIAN_POINT('',(-0.264789155951266,-3.59105222487757,9.2575))
;
#90680=VERTEX_POINT('',#90670);
#90690=EDGE_CURVE('',#90600,#90680,#90660,.T.);
#90700=ORIENTED_EDGE('',*,*,#90690,.F.);
#90710=CARTESIAN_POINT('',(-2.01478915595127,-3.59105222487757,9.2575));
#90720=DIRECTION('',(-1.,0.,0.));
#90730=VECTOR('',#90720,1.);
#90740=LINE('',#90710,#90730);
#90750=CARTESIAN_POINT('',(-1.71478915595127,-3.59105222487757,9.2575));
#90760=VERTEX_POINT('',#90750);
#90770=EDGE_CURVE('',#90680,#90760,#90740,.T.);
#90780=ORIENTED_EDGE('',*,*,#90770,.F.);
#90790=CARTESIAN_POINT('',(-1.71478915595127,1.00894777512243,11.615));
#90800=DIRECTION('',(0.,0.889933250556876,0.456090790910398));
#90810=VECTOR('',#90800,1.);
#90820=LINE('',#90790,#90810);
#90830=EDGE_CURVE('',#90760,#90580,#90820,.T.);
#90840=ORIENTED_EDGE('',*,*,#90830,.F.);
#90850=EDGE_LOOP('',(#90840,#90780,#90700,#90620));
#90860=FACE_OUTER_BOUND('',#90850,.T.);
#90870=ADVANCED_FACE('',(#90860),#90520,.F.);
#90880=CARTESIAN_POINT('',(-1.71478915595127,-3.34105222487757,9.055));
#90890=DIRECTION('',(1.,0.,0.));
#90900=DIRECTION('',(0.,-1.,0.));
#90910=AXIS2_PLACEMENT_3D('',#90880,#90890,#90900);
#90920=PLANE('',#90910);
#90930=CARTESIAN_POINT('',(-1.71478915595127,1.00894777512243,9.3575));
#90940=DIRECTION('',(0.,-1.,0.));
#90950=VECTOR('',#90940,1.);
#90960=LINE('',#90930,#90950);
#90970=EDGE_CURVE('',#86300,#90580,#90960,.T.);
#90980=ORIENTED_EDGE('',*,*,#90970,.F.);
#90990=ORIENTED_EDGE('',*,*,#90830,.T.);
#91000=CARTESIAN_POINT('',(-1.71478915595127,-3.59105222487757,9.055));
#91010=DIRECTION('',(0.,0.,1.));
#91020=VECTOR('',#91010,1.);
#91030=LINE('',#91000,#91020);
#91040=EDGE_CURVE('',#90280,#90760,#91030,.T.);
#91050=ORIENTED_EDGE('',*,*,#91040,.T.);
#91060=ORIENTED_EDGE('',*,*,#90290,.F.);
#91070=CARTESIAN_POINT('',(-1.71478915595127,1.00894777512243,9.0575));
#91080=DIRECTION('',(0.,1.,0.));
#91090=VECTOR('',#91080,1.);
#91100=LINE('',#91070,#91090);
#91110=EDGE_CURVE('',#90180,#86380,#91100,.T.);
#91120=ORIENTED_EDGE('',*,*,#91110,.F.);
#91130=ORIENTED_EDGE('',*,*,#86390,.F.);
#91140=EDGE_LOOP('',(#91130,#91120,#91060,#91050,#90990,#90980));
#91150=FACE_OUTER_BOUND('',#91140,.T.);
#91160=ADVANCED_FACE('',(#91150),#90920,.F.);
#91170=CARTESIAN_POINT('',(-0.264789155951266,-3.59105222487757,9.055));
#91180=DIRECTION('',(-1.,0.,0.));
#91190=DIRECTION('',(0.,1.,0.));
#91200=AXIS2_PLACEMENT_3D('',#91170,#91180,#91190);
#91210=PLANE('',#91200);
#91220=CARTESIAN_POINT('',(-0.264789155951266,1.00894777512243,9.0575));
#91230=DIRECTION('',(0.,-1.,0.));
#91240=VECTOR('',#91230,1.);
#91250=LINE('',#91220,#91240);
#91260=CARTESIAN_POINT('',(-0.264789155951266,-3.39105222487758,9.0575))
;
#91270=VERTEX_POINT('',#91260);
#91280=EDGE_CURVE('',#91270,#90200,#91250,.T.);
#91290=ORIENTED_EDGE('',*,*,#91280,.F.);
#91300=ORIENTED_EDGE('',*,*,#90430,.F.);
#91310=CARTESIAN_POINT('',(-0.264789155951266,-3.59105222487757,9.055));
#91320=DIRECTION('',(0.,0.,1.));
#91330=VECTOR('',#91320,1.);
#91340=LINE('',#91310,#91330);
#91350=EDGE_CURVE('',#90360,#90680,#91340,.T.);
#91360=ORIENTED_EDGE('',*,*,#91350,.F.);
#91370=ORIENTED_EDGE('',*,*,#90690,.T.);
#91380=CARTESIAN_POINT('',(-0.264789155951266,1.00894777512243,9.3575));
#91390=DIRECTION('',(0.,1.,0.));
#91400=VECTOR('',#91390,1.);
#91410=LINE('',#91380,#91400);
#91420=CARTESIAN_POINT('',(-0.264789155951266,-3.39105222487758,9.3575))
;
#91430=VERTEX_POINT('',#91420);
#91440=EDGE_CURVE('',#90600,#91430,#91410,.T.);
#91450=ORIENTED_EDGE('',*,*,#91440,.F.);
#91460=CARTESIAN_POINT('',(-0.264789155951266,-3.39105222487758,9.235));
#91470=DIRECTION('',(0.,0.,-1.));
#91480=VECTOR('',#91470,1.);
#91490=LINE('',#91460,#91480);
#91500=EDGE_CURVE('',#91430,#91270,#91490,.T.);
#91510=ORIENTED_EDGE('',*,*,#91500,.F.);
#91520=EDGE_LOOP('',(#91510,#91450,#91370,#91360,#91300,#91290));
#91530=FACE_OUTER_BOUND('',#91520,.T.);
#91540=ADVANCED_FACE('',(#91530),#91210,.F.);
#91550=CARTESIAN_POINT('',(-1.71478915595127,-3.59105222487757,9.055));
#91560=DIRECTION('',(0.,1.,0.));
#91570=DIRECTION('',(1.,0.,0.));
#91580=AXIS2_PLACEMENT_3D('',#91550,#91560,#91570);
#91590=PLANE('',#91580);
#91600=ORIENTED_EDGE('',*,*,#90370,.F.);
#91610=ORIENTED_EDGE('',*,*,#91040,.F.);
#91620=ORIENTED_EDGE('',*,*,#90770,.T.);
#91630=ORIENTED_EDGE('',*,*,#91350,.T.);
#91640=EDGE_LOOP('',(#91630,#91620,#91610,#91600));
#91650=FACE_OUTER_BOUND('',#91640,.T.);
#91660=ADVANCED_FACE('',(#91650),#91590,.F.);
#91670=CARTESIAN_POINT('',(-0.989789155951266,-3.49105222487758,9.60625)
);
#91680=DIRECTION('',(0.,-0.456090790910398,-0.889933250556876));
#91690=DIRECTION('',(0.,-0.889933250556876,0.456090790910398));
#91700=AXIS2_PLACEMENT_3D('',#91670,#91680,#91690);
#91710=PLANE('',#91700);
#91720=CARTESIAN_POINT('',(-0.264789155951266,-3.39593027365806,9.5575))
;
#91730=DIRECTION('',(1.,0.,0.));
#91740=VECTOR('',#91730,1.);
#91750=LINE('',#91720,#91740);
#91760=CARTESIAN_POINT('',(-1.71478915595127,-3.39593027365807,9.5575));
#91770=VERTEX_POINT('',#91760);
#91780=CARTESIAN_POINT('',(-0.264789155951266,-3.39593027365807,9.5575))
;
#91790=VERTEX_POINT('',#91780);
#91800=EDGE_CURVE('',#91770,#91790,#91750,.T.);
#91810=ORIENTED_EDGE('',*,*,#91800,.T.);
#91820=CARTESIAN_POINT('',(-1.71478915595127,1.00894777512243,7.3));
#91830=DIRECTION('',(0.,0.889933250556876,-0.456090790910398));
#91840=VECTOR('',#91830,1.);
#91850=LINE('',#91820,#91840);
#91860=CARTESIAN_POINT('',(-1.71478915595127,-3.59105222487757,9.6575));
#91870=VERTEX_POINT('',#91860);
#91880=EDGE_CURVE('',#91870,#91770,#91850,.T.);
#91890=ORIENTED_EDGE('',*,*,#91880,.T.);
#91900=CARTESIAN_POINT('',(-2.01478915595127,-3.59105222487757,9.6575));
#91910=DIRECTION('',(-1.,0.,0.));
#91920=VECTOR('',#91910,1.);
#91930=LINE('',#91900,#91920);
#91940=CARTESIAN_POINT('',(-0.264789155951266,-3.59105222487757,9.6575))
;
#91950=VERTEX_POINT('',#91940);
#91960=EDGE_CURVE('',#91950,#91870,#91930,.T.);
#91970=ORIENTED_EDGE('',*,*,#91960,.T.);
#91980=CARTESIAN_POINT('',(-0.264789155951266,1.00894777512243,7.3));
#91990=DIRECTION('',(0.,-0.889933250556876,0.456090790910398));
#92000=VECTOR('',#91990,1.);
#92010=LINE('',#91980,#92000);
#92020=EDGE_CURVE('',#91790,#91950,#92010,.T.);
#92030=ORIENTED_EDGE('',*,*,#92020,.T.);
#92040=EDGE_LOOP('',(#92030,#91970,#91890,#91810));
#92050=FACE_OUTER_BOUND('',#92040,.T.);
#92060=ADVANCED_FACE('',(#92050),#91710,.T.);
#92070=CARTESIAN_POINT('',(-0.264789155951266,-3.59105222487757,9.555));
#92080=DIRECTION('',(-1.,0.,0.));
#92090=DIRECTION('',(0.,1.,0.));
#92100=AXIS2_PLACEMENT_3D('',#92070,#92080,#92090);
#92110=PLANE('',#92100);
#92120=CARTESIAN_POINT('',(-0.264789155951266,1.00894777512243,9.5575));
#92130=DIRECTION('',(0.,-1.,0.));
#92140=VECTOR('',#92130,1.);
#92150=LINE('',#92120,#92140);
#92160=CARTESIAN_POINT('',(-0.264789155951266,-3.39105222487758,9.5575))
;
#92170=VERTEX_POINT('',#92160);
#92180=EDGE_CURVE('',#92170,#91790,#92150,.T.);
#92190=ORIENTED_EDGE('',*,*,#92180,.F.);
#92200=ORIENTED_EDGE('',*,*,#92020,.F.);
#92210=CARTESIAN_POINT('',(-0.264789155951266,-3.59105222487757,9.555));
#92220=DIRECTION('',(0.,0.,1.));
#92230=VECTOR('',#92220,1.);
#92240=LINE('',#92210,#92230);
#92250=CARTESIAN_POINT('',(-0.264789155951266,-3.59105222487757,9.7575))
;
#92260=VERTEX_POINT('',#92250);
#92270=EDGE_CURVE('',#91950,#92260,#92240,.T.);
#92280=ORIENTED_EDGE('',*,*,#92270,.F.);
#92290=CARTESIAN_POINT('',(-0.264789155951266,1.00894777512243,12.115));
#92300=DIRECTION('',(0.,-0.889933250556876,-0.456090790910398));
#92310=VECTOR('',#92300,1.);
#92320=LINE('',#92290,#92310);
#92330=CARTESIAN_POINT('',(-0.264789155951266,-3.39593027365807,9.8575))
;
#92340=VERTEX_POINT('',#92330);
#92350=EDGE_CURVE('',#92340,#92260,#92320,.T.);
#92360=ORIENTED_EDGE('',*,*,#92350,.T.);
#92370=CARTESIAN_POINT('',(-0.264789155951266,1.00894777512243,9.8575));
#92380=DIRECTION('',(0.,1.,0.));
#92390=VECTOR('',#92380,1.);
#92400=LINE('',#92370,#92390);
#92410=CARTESIAN_POINT('',(-0.264789155951266,-3.39105222487758,9.8575))
;
#92420=VERTEX_POINT('',#92410);
#92430=EDGE_CURVE('',#92340,#92420,#92400,.T.);
#92440=ORIENTED_EDGE('',*,*,#92430,.F.);
#92450=CARTESIAN_POINT('',(-0.264789155951266,-3.39105222487758,9.235));
#92460=DIRECTION('',(0.,0.,-1.));
#92470=VECTOR('',#92460,1.);
#92480=LINE('',#92450,#92470);
#92490=EDGE_CURVE('',#92420,#92170,#92480,.T.);
#92500=ORIENTED_EDGE('',*,*,#92490,.F.);
#92510=EDGE_LOOP('',(#92500,#92440,#92360,#92280,#92200,#92190));
#92520=FACE_OUTER_BOUND('',#92510,.T.);
#92530=ADVANCED_FACE('',(#92520),#92110,.F.);
#92540=CARTESIAN_POINT('',(-1.45941818394728,-1.06738394494655,9.8575));
#92550=DIRECTION('',(0.,0.,-1.));
#92560=DIRECTION('',(-1.,0.,0.));
#92570=AXIS2_PLACEMENT_3D('',#92540,#92550,#92560);
#92580=PLANE('',#92570);
#92590=CARTESIAN_POINT('',(-1.71478915595127,1.00894777512243,9.8575));
#92600=DIRECTION('',(0.,-1.,0.));
#92610=VECTOR('',#92600,1.);
#92620=LINE('',#92590,#92610);
#92630=CARTESIAN_POINT('',(-1.71478915595127,-3.39593027365807,9.8575));
#92640=VERTEX_POINT('',#92630);
#92650=EDGE_CURVE('',#85980,#92640,#92620,.T.);
#92660=ORIENTED_EDGE('',*,*,#92650,.T.);
#92670=ORIENTED_EDGE('',*,*,#85990,.F.);
#92680=CARTESIAN_POINT('',(-1.91478915595127,-0.709445224877575,9.8575))
;
#92690=DIRECTION('',(0.,1.,0.));
#92700=VECTOR('',#92690,1.);
#92710=LINE('',#92680,#92700);
#92720=CARTESIAN_POINT('',(-1.91478915595127,-3.59105222487757,9.8575));
#92730=VERTEX_POINT('',#92720);
#92740=EDGE_CURVE('',#92730,#85900,#92710,.T.);
#92750=ORIENTED_EDGE('',*,*,#92740,.T.);
#92760=CARTESIAN_POINT('',(-1.89122415595127,-3.59105222487757,9.8575));
#92770=DIRECTION('',(-1.,0.,0.));
#92780=VECTOR('',#92770,1.);
#92790=LINE('',#92760,#92780);
#92800=CARTESIAN_POINT('',(-1.76478915595127,-3.59105222487757,9.8575));
#92810=VERTEX_POINT('',#92800);
#92820=EDGE_CURVE('',#92810,#92730,#92790,.T.);
#92830=ORIENTED_EDGE('',*,*,#92820,.T.);
#92840=CARTESIAN_POINT('',(-1.76478915595127,-0.709445224877575,9.8575))
;
#92850=DIRECTION('',(0.,1.,0.));
#92860=VECTOR('',#92850,1.);
#92870=LINE('',#92840,#92860);
#92880=CARTESIAN_POINT('',(-1.76478915595127,-3.79105222487757,9.8575));
#92890=VERTEX_POINT('',#92880);
#92900=EDGE_CURVE('',#92890,#92810,#92870,.T.);
#92910=ORIENTED_EDGE('',*,*,#92900,.T.);
#92920=CARTESIAN_POINT('',(-1.89122415595127,-3.84812703587276,9.8575));
#92930=DIRECTION('',(0.911437827766148,0.411437827766147,0.));
#92940=VECTOR('',#92930,1.);
#92950=LINE('',#92920,#92940);
#92960=CARTESIAN_POINT('',(-2.00593293872788,-3.89990844210096,9.8575));
#92970=VERTEX_POINT('',#92960);
#92980=EDGE_CURVE('',#92970,#92890,#92950,.T.);
#92990=ORIENTED_EDGE('',*,*,#92980,.T.);
#93000=CARTESIAN_POINT('',(-1.96478915595127,-3.99105222487758,9.8575));
#93010=DIRECTION('',(0.,0.,1.));
#93020=DIRECTION('',(0.,1.,0.));
#93030=AXIS2_PLACEMENT_3D('',#93000,#93010,#93020);
#93040=CIRCLE('',#93030,0.1);
#93050=CARTESIAN_POINT('',(-2.06478915595127,-3.99105222487758,9.8575));
#93060=VERTEX_POINT('',#93050);
#93070=EDGE_CURVE('',#92970,#93060,#93040,.T.);
#93080=ORIENTED_EDGE('',*,*,#93070,.F.);
#93090=CARTESIAN_POINT('',(-2.06478915595127,-0.709445224877575,9.8575))
;
#93100=DIRECTION('',(0.,1.,0.));
#93110=VECTOR('',#93100,1.);
#93120=LINE('',#93090,#93110);
#93130=CARTESIAN_POINT('',(-2.06478915595127,-4.29105222487757,9.8575));
#93140=VERTEX_POINT('',#93130);
#93150=EDGE_CURVE('',#93140,#93060,#93120,.T.);
#93160=ORIENTED_EDGE('',*,*,#93150,.T.);
#93170=CARTESIAN_POINT('',(-1.96478915595127,-4.29105222487757,9.8575));
#93180=DIRECTION('',(0.,0.,1.));
#93190=DIRECTION('',(0.,1.,0.));
#93200=AXIS2_PLACEMENT_3D('',#93170,#93180,#93190);
#93210=CIRCLE('',#93200,0.1);
#93220=CARTESIAN_POINT('',(-1.96478915595127,-4.39105222487757,9.8575));
#93230=VERTEX_POINT('',#93220);
#93240=EDGE_CURVE('',#93140,#93230,#93210,.T.);
#93250=ORIENTED_EDGE('',*,*,#93240,.F.);
#93260=CARTESIAN_POINT('',(-1.89122415595127,-4.39105222487757,9.8575));
#93270=DIRECTION('',(-1.,0.,0.));
#93280=VECTOR('',#93270,1.);
#93290=LINE('',#93260,#93280);
#93300=CARTESIAN_POINT('',(-1.69478915595127,-4.39105222487757,9.8575));
#93310=VERTEX_POINT('',#93300);
#93320=EDGE_CURVE('',#93310,#93230,#93290,.T.);
#93330=ORIENTED_EDGE('',*,*,#93320,.T.);
#93340=CARTESIAN_POINT('',(-1.69478915595127,-0.709445224877575,9.8575))
;
#93350=DIRECTION('',(0.,-1.,0.));
#93360=VECTOR('',#93350,1.);
#93370=LINE('',#93340,#93360);
#93380=CARTESIAN_POINT('',(-1.69478915595127,-4.19105222487757,9.8575));
#93390=VERTEX_POINT('',#93380);
#93400=EDGE_CURVE('',#93390,#93310,#93370,.T.);
#93410=ORIENTED_EDGE('',*,*,#93400,.T.);
#93420=CARTESIAN_POINT('',(-1.59478915595127,-4.19105222487757,9.8575));
#93430=DIRECTION('',(0.,0.,1.));
#93440=DIRECTION('',(0.,1.,0.));
#93450=AXIS2_PLACEMENT_3D('',#93420,#93430,#93440);
#93460=CIRCLE('',#93450,0.1);
#93470=CARTESIAN_POINT('',(-1.59478915595127,-4.09105222487757,9.8575));
#93480=VERTEX_POINT('',#93470);
#93490=EDGE_CURVE('',#93480,#93390,#93460,.T.);
#93500=ORIENTED_EDGE('',*,*,#93490,.T.);
#93510=CARTESIAN_POINT('',(-1.89122415595127,-4.09105222487757,9.8575));
#93520=DIRECTION('',(-1.,0.,0.));
#93530=VECTOR('',#93520,1.);
#93540=LINE('',#93510,#93530);
#93550=CARTESIAN_POINT('',(-1.56478915595127,-4.09105222487757,9.8575));
#93560=VERTEX_POINT('',#93550);
#93570=EDGE_CURVE('',#93560,#93480,#93540,.T.);
#93580=ORIENTED_EDGE('',*,*,#93570,.T.);
#93590=CARTESIAN_POINT('',(-1.56478915595127,-3.99105222487758,9.8575));
#93600=DIRECTION('',(0.,0.,1.));
#93610=DIRECTION('',(0.,1.,0.));
#93620=AXIS2_PLACEMENT_3D('',#93590,#93600,#93610);
#93630=CIRCLE('',#93620,0.1);
#93640=CARTESIAN_POINT('',(-1.46478915595127,-3.99105222487758,9.8575));
#93650=VERTEX_POINT('',#93640);
#93660=EDGE_CURVE('',#93560,#93650,#93630,.T.);
#93670=ORIENTED_EDGE('',*,*,#93660,.F.);
#93680=CARTESIAN_POINT('',(-1.46478915595127,-0.709445224877575,9.8575))
;
#93690=DIRECTION('',(0.,-1.,0.));
#93700=VECTOR('',#93690,1.);
#93710=LINE('',#93680,#93700);
#93720=CARTESIAN_POINT('',(-1.46478915595127,-3.79105222487757,9.8575));
#93730=VERTEX_POINT('',#93720);
#93740=EDGE_CURVE('',#93730,#93650,#93710,.T.);
#93750=ORIENTED_EDGE('',*,*,#93740,.T.);
#93760=CARTESIAN_POINT('',(-1.36478915595127,-3.79105222487757,9.8575));
#93770=DIRECTION('',(0.,0.,1.));
#93780=DIRECTION('',(0.,1.,0.));
#93790=AXIS2_PLACEMENT_3D('',#93760,#93770,#93780);
#93800=CIRCLE('',#93790,0.1);
#93810=CARTESIAN_POINT('',(-1.36478915595127,-3.69105222487757,9.8575));
#93820=VERTEX_POINT('',#93810);
#93830=EDGE_CURVE('',#93820,#93730,#93800,.T.);
#93840=ORIENTED_EDGE('',*,*,#93830,.T.);
#93850=CARTESIAN_POINT('',(-1.89122415595127,-3.69105222487757,9.8575));
#93860=DIRECTION('',(-1.,0.,0.));
#93870=VECTOR('',#93860,1.);
#93880=LINE('',#93850,#93870);
#93890=CARTESIAN_POINT('',(-0.0647891559512659,-3.69105222487757,9.8575)
);
#93900=VERTEX_POINT('',#93890);
#93910=EDGE_CURVE('',#93900,#93820,#93880,.T.);
#93920=ORIENTED_EDGE('',*,*,#93910,.T.);
#93930=CARTESIAN_POINT('',(-0.0647891559512659,-0.709445224877575,9.8575
));
#93940=DIRECTION('',(0.,-1.,0.));
#93950=VECTOR('',#93940,1.);
#93960=LINE('',#93930,#93950);
#93970=CARTESIAN_POINT('',(-0.0647891559512659,-3.39105222487758,9.8575)
);
#93980=VERTEX_POINT('',#93970);
#93990=EDGE_CURVE('',#93980,#93900,#93960,.T.);
#94000=ORIENTED_EDGE('',*,*,#93990,.T.);
#94010=EDGE_CURVE('',#93980,#92420,#85960,.T.);
#94020=ORIENTED_EDGE('',*,*,#94010,.F.);
#94030=ORIENTED_EDGE('',*,*,#92430,.T.);
#94040=CARTESIAN_POINT('',(-0.264789155951266,-3.39593027365807,9.8575))
;
#94050=DIRECTION('',(1.,0.,0.));
#94060=VECTOR('',#94050,1.);
#94070=LINE('',#94040,#94060);
#94080=EDGE_CURVE('',#92640,#92340,#94070,.T.);
#94090=ORIENTED_EDGE('',*,*,#94080,.T.);
#94100=EDGE_LOOP('',(#94090,#94030,#94020,#94000,#93920,#93840,#93750,
#93670,#93580,#93500,#93410,#93330,#93250,#93160,#93080,#92990,#92910,
#92830,#92750,#92670,#92660));
#94110=FACE_OUTER_BOUND('',#94100,.T.);
#94120=ADVANCED_FACE('',(#94110),#92580,.T.);
#94130=CARTESIAN_POINT('',(-0.264789155951266,-3.59105222487757,10.055))
;
#94140=DIRECTION('',(-1.,0.,0.));
#94150=DIRECTION('',(0.,1.,0.));
#94160=AXIS2_PLACEMENT_3D('',#94130,#94140,#94150);
#94170=PLANE('',#94160);
#94180=ORIENTED_EDGE('',*,*,#82580,.F.);
#94190=CARTESIAN_POINT('',(-0.264789155951266,1.00894777512243,7.8));
#94200=DIRECTION('',(0.,-0.889933250556876,0.456090790910398));
#94210=VECTOR('',#94200,1.);
#94220=LINE('',#94190,#94210);
#94230=CARTESIAN_POINT('',(-0.264789155951266,-3.59105222487757,10.1575)
);
#94240=VERTEX_POINT('',#94230);
#94250=EDGE_CURVE('',#82490,#94240,#94220,.T.);
#94260=ORIENTED_EDGE('',*,*,#94250,.F.);
#94270=CARTESIAN_POINT('',(-0.264789155951266,-3.59105222487757,10.055))
;
#94280=DIRECTION('',(0.,0.,1.));
#94290=VECTOR('',#94280,1.);
#94300=LINE('',#94270,#94290);
#94310=EDGE_CURVE('',#94240,#82170,#94300,.T.);
#94320=ORIENTED_EDGE('',*,*,#94310,.F.);
#94330=ORIENTED_EDGE('',*,*,#82180,.T.);
#94340=CARTESIAN_POINT('',(-0.264789155951266,1.00894777512243,10.3575))
;
#94350=DIRECTION('',(0.,1.,0.));
#94360=VECTOR('',#94350,1.);
#94370=LINE('',#94340,#94360);
#94380=CARTESIAN_POINT('',(-0.264789155951266,-3.39105222487758,10.3575)
);
#94390=VERTEX_POINT('',#94380);
#94400=EDGE_CURVE('',#82090,#94390,#94370,.T.);
#94410=ORIENTED_EDGE('',*,*,#94400,.F.);
#94420=CARTESIAN_POINT('',(-0.264789155951266,-3.39105222487758,9.235));
#94430=DIRECTION('',(0.,0.,-1.));
#94440=VECTOR('',#94430,1.);
#94450=LINE('',#94420,#94440);
#94460=EDGE_CURVE('',#94390,#82570,#94450,.T.);
#94470=ORIENTED_EDGE('',*,*,#94460,.F.);
#94480=EDGE_LOOP('',(#94470,#94410,#94330,#94320,#94260,#94180));
#94490=FACE_OUTER_BOUND('',#94480,.T.);
#94500=ADVANCED_FACE('',(#94490),#94170,.F.);
#94510=CARTESIAN_POINT('',(-0.989789155951266,-3.49105222487758,10.60625
));
#94520=DIRECTION('',(0.,-0.456090790910398,-0.889933250556876));
#94530=DIRECTION('',(0.,-0.889933250556876,0.456090790910398));
#94540=AXIS2_PLACEMENT_3D('',#94510,#94520,#94530);
#94550=PLANE('',#94540);
#94560=CARTESIAN_POINT('',(-0.264789155951266,-3.39593027365806,10.5575)
);
#94570=DIRECTION('',(1.,0.,0.));
#94580=VECTOR('',#94570,1.);
#94590=LINE('',#94560,#94580);
#94600=CARTESIAN_POINT('',(-1.71478915595127,-3.39593027365807,10.5575))
;
#94610=VERTEX_POINT('',#94600);
#94620=CARTESIAN_POINT('',(-0.264789155951266,-3.39593027365807,10.5575)
);
#94630=VERTEX_POINT('',#94620);
#94640=EDGE_CURVE('',#94610,#94630,#94590,.T.);
#94650=ORIENTED_EDGE('',*,*,#94640,.T.);
#94660=CARTESIAN_POINT('',(-1.71478915595127,1.00894777512243,8.3));
#94670=DIRECTION('',(0.,0.889933250556876,-0.456090790910398));
#94680=VECTOR('',#94670,1.);
#94690=LINE('',#94660,#94680);
#94700=CARTESIAN_POINT('',(-1.71478915595127,-3.59105222487757,10.6575))
;
#94710=VERTEX_POINT('',#94700);
#94720=EDGE_CURVE('',#94710,#94610,#94690,.T.);
#94730=ORIENTED_EDGE('',*,*,#94720,.T.);
#94740=CARTESIAN_POINT('',(-2.01478915595127,-3.59105222487757,10.6575))
;
#94750=DIRECTION('',(-1.,0.,0.));
#94760=VECTOR('',#94750,1.);
#94770=LINE('',#94740,#94760);
#94780=CARTESIAN_POINT('',(-0.264789155951266,-3.59105222487757,10.6575)
);
#94790=VERTEX_POINT('',#94780);
#94800=EDGE_CURVE('',#94790,#94710,#94770,.T.);
#94810=ORIENTED_EDGE('',*,*,#94800,.T.);
#94820=CARTESIAN_POINT('',(-0.264789155951266,1.00894777512243,8.3));
#94830=DIRECTION('',(0.,-0.889933250556876,0.456090790910398));
#94840=VECTOR('',#94830,1.);
#94850=LINE('',#94820,#94840);
#94860=EDGE_CURVE('',#94630,#94790,#94850,.T.);
#94870=ORIENTED_EDGE('',*,*,#94860,.T.);
#94880=EDGE_LOOP('',(#94870,#94810,#94730,#94650));
#94890=FACE_OUTER_BOUND('',#94880,.T.);
#94900=ADVANCED_FACE('',(#94890),#94550,.T.);
#94910=CARTESIAN_POINT('',(-0.989789155951266,-3.49105222487758,10.80875
));
#94920=DIRECTION('',(0.,0.456090790910398,-0.889933250556876));
#94930=DIRECTION('',(0.,-0.889933250556876,-0.456090790910398));
#94940=AXIS2_PLACEMENT_3D('',#94910,#94920,#94930);
#94950=PLANE('',#94940);
#94960=CARTESIAN_POINT('',(-0.264789155951266,-3.39593027365807,10.8575)
);
#94970=DIRECTION('',(1.,0.,0.));
#94980=VECTOR('',#94970,1.);
#94990=LINE('',#94960,#94980);
#95000=CARTESIAN_POINT('',(-1.71478915595127,-3.39593027365807,10.8575))
;
#95010=VERTEX_POINT('',#95000);
#95020=CARTESIAN_POINT('',(-0.264789155951266,-3.39593027365807,10.8575)
);
#95030=VERTEX_POINT('',#95020);
#95040=EDGE_CURVE('',#95010,#95030,#94990,.T.);
#95050=ORIENTED_EDGE('',*,*,#95040,.F.);
#95060=CARTESIAN_POINT('',(-0.264789155951266,1.00894777512243,13.115));
#95070=DIRECTION('',(0.,-0.889933250556876,-0.456090790910398));
#95080=VECTOR('',#95070,1.);
#95090=LINE('',#95060,#95080);
#95100=CARTESIAN_POINT('',(-0.264789155951266,-3.59105222487757,10.7575)
);
#95110=VERTEX_POINT('',#95100);
#95120=EDGE_CURVE('',#95030,#95110,#95090,.T.);
#95130=ORIENTED_EDGE('',*,*,#95120,.F.);
#95140=CARTESIAN_POINT('',(-2.01478915595127,-3.59105222487757,10.7575))
;
#95150=DIRECTION('',(-1.,0.,0.));
#95160=VECTOR('',#95150,1.);
#95170=LINE('',#95140,#95160);
#95180=CARTESIAN_POINT('',(-1.71478915595127,-3.59105222487757,10.7575))
;
#95190=VERTEX_POINT('',#95180);
#95200=EDGE_CURVE('',#95110,#95190,#95170,.T.);
#95210=ORIENTED_EDGE('',*,*,#95200,.F.);
#95220=CARTESIAN_POINT('',(-1.71478915595127,1.00894777512243,13.115));
#95230=DIRECTION('',(0.,0.889933250556876,0.456090790910398));
#95240=VECTOR('',#95230,1.);
#95250=LINE('',#95220,#95240);
#95260=EDGE_CURVE('',#95190,#95010,#95250,.T.);
#95270=ORIENTED_EDGE('',*,*,#95260,.F.);
#95280=EDGE_LOOP('',(#95270,#95210,#95130,#95050));
#95290=FACE_OUTER_BOUND('',#95280,.T.);
#95300=ADVANCED_FACE('',(#95290),#94950,.F.);
#95310=CARTESIAN_POINT('',(-1.71478915595127,-3.34105222487757,10.555));
#95320=DIRECTION('',(1.,0.,0.));
#95330=DIRECTION('',(0.,-1.,0.));
#95340=AXIS2_PLACEMENT_3D('',#95310,#95320,#95330);
#95350=PLANE('',#95340);
#95360=CARTESIAN_POINT('',(-1.71478915595127,1.00894777512243,10.8575));
#95370=DIRECTION('',(0.,-1.,0.));
#95380=VECTOR('',#95370,1.);
#95390=LINE('',#95360,#95380);
#95400=EDGE_CURVE('',#85430,#95010,#95390,.T.);
#95410=ORIENTED_EDGE('',*,*,#95400,.F.);
#95420=ORIENTED_EDGE('',*,*,#95260,.T.);
#95430=CARTESIAN_POINT('',(-1.71478915595127,-3.59105222487757,10.555));
#95440=DIRECTION('',(0.,0.,1.));
#95450=VECTOR('',#95440,1.);
#95460=LINE('',#95430,#95450);
#95470=EDGE_CURVE('',#94710,#95190,#95460,.T.);
#95480=ORIENTED_EDGE('',*,*,#95470,.T.);
#95490=ORIENTED_EDGE('',*,*,#94720,.F.);
#95500=CARTESIAN_POINT('',(-1.71478915595127,1.00894777512243,10.5575));
#95510=DIRECTION('',(0.,1.,0.));
#95520=VECTOR('',#95510,1.);
#95530=LINE('',#95500,#95520);
#95540=EDGE_CURVE('',#94610,#85510,#95530,.T.);
#95550=ORIENTED_EDGE('',*,*,#95540,.F.);
#95560=ORIENTED_EDGE('',*,*,#85520,.F.);
#95570=EDGE_LOOP('',(#95560,#95550,#95490,#95480,#95420,#95410));
#95580=FACE_OUTER_BOUND('',#95570,.T.);
#95590=ADVANCED_FACE('',(#95580),#95350,.F.);
#95600=CARTESIAN_POINT('',(-0.264789155951266,-3.59105222487757,10.555))
;
#95610=DIRECTION('',(-1.,0.,0.));
#95620=DIRECTION('',(0.,1.,0.));
#95630=AXIS2_PLACEMENT_3D('',#95600,#95610,#95620);
#95640=PLANE('',#95630);
#95650=CARTESIAN_POINT('',(-0.264789155951266,1.00894777512243,10.5575))
;
#95660=DIRECTION('',(0.,-1.,0.));
#95670=VECTOR('',#95660,1.);
#95680=LINE('',#95650,#95670);
#95690=CARTESIAN_POINT('',(-0.264789155951266,-3.39105222487758,10.5575)
);
#95700=VERTEX_POINT('',#95690);
#95710=EDGE_CURVE('',#95700,#94630,#95680,.T.);
#95720=ORIENTED_EDGE('',*,*,#95710,.F.);
#95730=ORIENTED_EDGE('',*,*,#94860,.F.);
#95740=CARTESIAN_POINT('',(-0.264789155951266,-3.59105222487757,10.555))
;
#95750=DIRECTION('',(0.,0.,1.));
#95760=VECTOR('',#95750,1.);
#95770=LINE('',#95740,#95760);
#95780=EDGE_CURVE('',#94790,#95110,#95770,.T.);
#95790=ORIENTED_EDGE('',*,*,#95780,.F.);
#95800=ORIENTED_EDGE('',*,*,#95120,.T.);
#95810=CARTESIAN_POINT('',(-0.264789155951266,1.00894777512243,10.8575))
;
#95820=DIRECTION('',(0.,1.,0.));
#95830=VECTOR('',#95820,1.);
#95840=LINE('',#95810,#95830);
#95850=CARTESIAN_POINT('',(-0.264789155951266,-3.39105222487758,10.8575)
);
#95860=VERTEX_POINT('',#95850);
#95870=EDGE_CURVE('',#95030,#95860,#95840,.T.);
#95880=ORIENTED_EDGE('',*,*,#95870,.F.);
#95890=CARTESIAN_POINT('',(-0.264789155951266,-3.39105222487758,9.235));
#95900=DIRECTION('',(0.,0.,-1.));
#95910=VECTOR('',#95900,1.);
#95920=LINE('',#95890,#95910);
#95930=EDGE_CURVE('',#95860,#95700,#95920,.T.);
#95940=ORIENTED_EDGE('',*,*,#95930,.F.);
#95950=EDGE_LOOP('',(#95940,#95880,#95800,#95790,#95730,#95720));
#95960=FACE_OUTER_BOUND('',#95950,.T.);
#95970=ADVANCED_FACE('',(#95960),#95640,.F.);
#95980=CARTESIAN_POINT('',(-1.71478915595127,-3.59105222487757,10.555));
#95990=DIRECTION('',(0.,1.,0.));
#96000=DIRECTION('',(1.,0.,0.));
#96010=AXIS2_PLACEMENT_3D('',#95980,#95990,#96000);
#96020=PLANE('',#96010);
#96030=ORIENTED_EDGE('',*,*,#94800,.F.);
#96040=ORIENTED_EDGE('',*,*,#95470,.F.);
#96050=ORIENTED_EDGE('',*,*,#95200,.T.);
#96060=ORIENTED_EDGE('',*,*,#95780,.T.);
#96070=EDGE_LOOP('',(#96060,#96050,#96040,#96030));
#96080=FACE_OUTER_BOUND('',#96070,.T.);
#96090=ADVANCED_FACE('',(#96080),#96020,.F.);
#96100=CARTESIAN_POINT('',(-0.989789155951266,-3.49105222487758,11.10625
));
#96110=DIRECTION('',(0.,-0.456090790910398,-0.889933250556876));
#96120=DIRECTION('',(0.,-0.889933250556876,0.456090790910398));
#96130=AXIS2_PLACEMENT_3D('',#96100,#96110,#96120);
#96140=PLANE('',#96130);
#96150=CARTESIAN_POINT('',(-0.264789155951266,-3.39593027365806,11.0575)
);
#96160=DIRECTION('',(1.,0.,0.));
#96170=VECTOR('',#96160,1.);
#96180=LINE('',#96150,#96170);
#96190=CARTESIAN_POINT('',(-1.71478915595127,-3.39593027365806,11.0575))
;
#96200=VERTEX_POINT('',#96190);
#96210=CARTESIAN_POINT('',(-0.264789155951266,-3.39593027365806,11.0575)
);
#96220=VERTEX_POINT('',#96210);
#96230=EDGE_CURVE('',#96200,#96220,#96180,.T.);
#96240=ORIENTED_EDGE('',*,*,#96230,.T.);
#96250=CARTESIAN_POINT('',(-1.71478915595127,1.00894777512243,8.8));
#96260=DIRECTION('',(0.,0.889933250556876,-0.456090790910398));
#96270=VECTOR('',#96260,1.);
#96280=LINE('',#96250,#96270);
#96290=CARTESIAN_POINT('',(-1.71478915595127,-3.59105222487757,11.1575))
;
#96300=VERTEX_POINT('',#96290);
#96310=EDGE_CURVE('',#96300,#96200,#96280,.T.);
#96320=ORIENTED_EDGE('',*,*,#96310,.T.);
#96330=CARTESIAN_POINT('',(-2.01478915595127,-3.59105222487757,11.1575))
;
#96340=DIRECTION('',(-1.,0.,0.));
#96350=VECTOR('',#96340,1.);
#96360=LINE('',#96330,#96350);
#96370=CARTESIAN_POINT('',(-0.264789155951266,-3.59105222487757,11.1575)
);
#96380=VERTEX_POINT('',#96370);
#96390=EDGE_CURVE('',#96380,#96300,#96360,.T.);
#96400=ORIENTED_EDGE('',*,*,#96390,.T.);
#96410=CARTESIAN_POINT('',(-0.264789155951266,1.00894777512243,8.8));
#96420=DIRECTION('',(0.,-0.889933250556876,0.456090790910398));
#96430=VECTOR('',#96420,1.);
#96440=LINE('',#96410,#96430);
#96450=EDGE_CURVE('',#96220,#96380,#96440,.T.);
#96460=ORIENTED_EDGE('',*,*,#96450,.T.);
#96470=EDGE_LOOP('',(#96460,#96400,#96320,#96240));
#96480=FACE_OUTER_BOUND('',#96470,.T.);
#96490=ADVANCED_FACE('',(#96480),#96140,.T.);
#96500=CARTESIAN_POINT('',(-0.264789155951266,-3.59105222487757,11.055))
;
#96510=DIRECTION('',(-1.,0.,0.));
#96520=DIRECTION('',(0.,1.,0.));
#96530=AXIS2_PLACEMENT_3D('',#96500,#96510,#96520);
#96540=PLANE('',#96530);
#96550=CARTESIAN_POINT('',(-0.264789155951266,1.00894777512243,11.0575))
;
#96560=DIRECTION('',(0.,-1.,0.));
#96570=VECTOR('',#96560,1.);
#96580=LINE('',#96550,#96570);
#96590=CARTESIAN_POINT('',(-0.264789155951266,-3.39105222487758,11.0575)
);
#96600=VERTEX_POINT('',#96590);
#96610=EDGE_CURVE('',#96600,#96220,#96580,.T.);
#96620=ORIENTED_EDGE('',*,*,#96610,.F.);
#96630=ORIENTED_EDGE('',*,*,#96450,.F.);
#96640=CARTESIAN_POINT('',(-0.264789155951266,-3.59105222487757,11.055))
;
#96650=DIRECTION('',(0.,0.,1.));
#96660=VECTOR('',#96650,1.);
#96670=LINE('',#96640,#96660);
#96680=CARTESIAN_POINT('',(-0.264789155951266,-3.59105222487757,11.2575)
);
#96690=VERTEX_POINT('',#96680);
#96700=EDGE_CURVE('',#96380,#96690,#96670,.T.);
#96710=ORIENTED_EDGE('',*,*,#96700,.F.);
#96720=CARTESIAN_POINT('',(-0.264789155951266,1.00894777512243,13.615));
#96730=DIRECTION('',(0.,-0.889933250556876,-0.456090790910398));
#96740=VECTOR('',#96730,1.);
#96750=LINE('',#96720,#96740);
#96760=CARTESIAN_POINT('',(-0.264789155951266,-3.39593027365807,11.3575)
);
#96770=VERTEX_POINT('',#96760);
#96780=EDGE_CURVE('',#96770,#96690,#96750,.T.);
#96790=ORIENTED_EDGE('',*,*,#96780,.T.);
#96800=CARTESIAN_POINT('',(-0.264789155951266,1.00894777512243,11.3575))
;
#96810=DIRECTION('',(0.,1.,0.));
#96820=VECTOR('',#96810,1.);
#96830=LINE('',#96800,#96820);
#96840=CARTESIAN_POINT('',(-0.264789155951266,-3.39105222487758,11.3575)
);
#96850=VERTEX_POINT('',#96840);
#96860=EDGE_CURVE('',#96770,#96850,#96830,.T.);
#96870=ORIENTED_EDGE('',*,*,#96860,.F.);
#96880=CARTESIAN_POINT('',(-0.264789155951266,-3.39105222487758,9.235));
#96890=DIRECTION('',(0.,0.,-1.));
#96900=VECTOR('',#96890,1.);
#96910=LINE('',#96880,#96900);
#96920=EDGE_CURVE('',#96850,#96600,#96910,.T.);
#96930=ORIENTED_EDGE('',*,*,#96920,.F.);
#96940=EDGE_LOOP('',(#96930,#96870,#96790,#96710,#96630,#96620));
#96950=FACE_OUTER_BOUND('',#96940,.T.);
#96960=ADVANCED_FACE('',(#96950),#96540,.F.);
#96970=CARTESIAN_POINT('',(-1.45941818394728,-1.06738394494655,11.3575))
;
#96980=DIRECTION('',(0.,0.,-1.));
#96990=DIRECTION('',(-1.,0.,0.));
#97000=AXIS2_PLACEMENT_3D('',#96970,#96980,#96990);
#97010=PLANE('',#97000);
#97020=CARTESIAN_POINT('',(-1.71478915595127,1.00894777512243,11.3575));
#97030=DIRECTION('',(0.,-1.,0.));
#97040=VECTOR('',#97030,1.);
#97050=LINE('',#97020,#97040);
#97060=CARTESIAN_POINT('',(-1.71478915595127,-3.39593027365807,11.3575))
;
#97070=VERTEX_POINT('',#97060);
#97080=EDGE_CURVE('',#85110,#97070,#97050,.T.);
#97090=ORIENTED_EDGE('',*,*,#97080,.T.);
#97100=ORIENTED_EDGE('',*,*,#85120,.F.);
#97110=CARTESIAN_POINT('',(-1.91478915595127,-0.709445224877575,11.3575)
);
#97120=DIRECTION('',(0.,1.,0.));
#97130=VECTOR('',#97120,1.);
#97140=LINE('',#97110,#97130);
#97150=CARTESIAN_POINT('',(-1.91478915595127,-3.59105222487757,11.3575))
;
#97160=VERTEX_POINT('',#97150);
#97170=EDGE_CURVE('',#97160,#85030,#97140,.T.);
#97180=ORIENTED_EDGE('',*,*,#97170,.T.);
#97190=CARTESIAN_POINT('',(-1.89122415595127,-3.59105222487757,11.3575))
;
#97200=DIRECTION('',(-1.,0.,0.));
#97210=VECTOR('',#97200,1.);
#97220=LINE('',#97190,#97210);
#97230=CARTESIAN_POINT('',(-1.76478915595127,-3.59105222487757,11.3575))
;
#97240=VERTEX_POINT('',#97230);
#97250=EDGE_CURVE('',#97240,#97160,#97220,.T.);
#97260=ORIENTED_EDGE('',*,*,#97250,.T.);
#97270=CARTESIAN_POINT('',(-1.76478915595127,-0.709445224877575,11.3575)
);
#97280=DIRECTION('',(0.,1.,0.));
#97290=VECTOR('',#97280,1.);
#97300=LINE('',#97270,#97290);
#97310=CARTESIAN_POINT('',(-1.76478915595127,-3.79105222487757,11.3575))
;
#97320=VERTEX_POINT('',#97310);
#97330=EDGE_CURVE('',#97320,#97240,#97300,.T.);
#97340=ORIENTED_EDGE('',*,*,#97330,.T.);
#97350=CARTESIAN_POINT('',(-1.89122415595127,-3.84812703587276,11.3575))
;
#97360=DIRECTION('',(0.911437827766148,0.411437827766147,0.));
#97370=VECTOR('',#97360,1.);
#97380=LINE('',#97350,#97370);
#97390=CARTESIAN_POINT('',(-2.00593293872788,-3.89990844210096,11.3575))
;
#97400=VERTEX_POINT('',#97390);
#97410=EDGE_CURVE('',#97400,#97320,#97380,.T.);
#97420=ORIENTED_EDGE('',*,*,#97410,.T.);
#97430=CARTESIAN_POINT('',(-1.96478915595127,-3.99105222487758,11.3575))
;
#97440=DIRECTION('',(0.,0.,1.));
#97450=DIRECTION('',(0.,1.,0.));
#97460=AXIS2_PLACEMENT_3D('',#97430,#97440,#97450);
#97470=CIRCLE('',#97460,0.1);
#97480=CARTESIAN_POINT('',(-2.06478915595127,-3.99105222487758,11.3575))
;
#97490=VERTEX_POINT('',#97480);
#97500=EDGE_CURVE('',#97400,#97490,#97470,.T.);
#97510=ORIENTED_EDGE('',*,*,#97500,.F.);
#97520=CARTESIAN_POINT('',(-2.06478915595127,-0.709445224877575,11.3575)
);
#97530=DIRECTION('',(0.,1.,0.));
#97540=VECTOR('',#97530,1.);
#97550=LINE('',#97520,#97540);
#97560=CARTESIAN_POINT('',(-2.06478915595127,-4.29105222487757,11.3575))
;
#97570=VERTEX_POINT('',#97560);
#97580=EDGE_CURVE('',#97570,#97490,#97550,.T.);
#97590=ORIENTED_EDGE('',*,*,#97580,.T.);
#97600=CARTESIAN_POINT('',(-1.96478915595127,-4.29105222487757,11.3575))
;
#97610=DIRECTION('',(0.,0.,1.));
#97620=DIRECTION('',(0.,1.,0.));
#97630=AXIS2_PLACEMENT_3D('',#97600,#97610,#97620);
#97640=CIRCLE('',#97630,0.1);
#97650=CARTESIAN_POINT('',(-1.96478915595127,-4.39105222487757,11.3575))
;
#97660=VERTEX_POINT('',#97650);
#97670=EDGE_CURVE('',#97570,#97660,#97640,.T.);
#97680=ORIENTED_EDGE('',*,*,#97670,.F.);
#97690=CARTESIAN_POINT('',(-1.89122415595127,-4.39105222487757,11.3575))
;
#97700=DIRECTION('',(-1.,0.,0.));
#97710=VECTOR('',#97700,1.);
#97720=LINE('',#97690,#97710);
#97730=CARTESIAN_POINT('',(-1.69478915595127,-4.39105222487757,11.3575))
;
#97740=VERTEX_POINT('',#97730);
#97750=EDGE_CURVE('',#97740,#97660,#97720,.T.);
#97760=ORIENTED_EDGE('',*,*,#97750,.T.);
#97770=CARTESIAN_POINT('',(-1.69478915595127,-0.709445224877575,11.3575)
);
#97780=DIRECTION('',(0.,-1.,0.));
#97790=VECTOR('',#97780,1.);
#97800=LINE('',#97770,#97790);
#97810=CARTESIAN_POINT('',(-1.69478915595127,-4.19105222487757,11.3575))
;
#97820=VERTEX_POINT('',#97810);
#97830=EDGE_CURVE('',#97820,#97740,#97800,.T.);
#97840=ORIENTED_EDGE('',*,*,#97830,.T.);
#97850=CARTESIAN_POINT('',(-1.59478915595127,-4.19105222487757,11.3575))
;
#97860=DIRECTION('',(0.,0.,1.));
#97870=DIRECTION('',(0.,1.,0.));
#97880=AXIS2_PLACEMENT_3D('',#97850,#97860,#97870);
#97890=CIRCLE('',#97880,0.1);
#97900=CARTESIAN_POINT('',(-1.59478915595127,-4.09105222487757,11.3575))
;
#97910=VERTEX_POINT('',#97900);
#97920=EDGE_CURVE('',#97910,#97820,#97890,.T.);
#97930=ORIENTED_EDGE('',*,*,#97920,.T.);
#97940=CARTESIAN_POINT('',(-1.89122415595127,-4.09105222487757,11.3575))
;
#97950=DIRECTION('',(-1.,0.,0.));
#97960=VECTOR('',#97950,1.);
#97970=LINE('',#97940,#97960);
#97980=CARTESIAN_POINT('',(-1.56478915595127,-4.09105222487757,11.3575))
;
#97990=VERTEX_POINT('',#97980);
#98000=EDGE_CURVE('',#97990,#97910,#97970,.T.);
#98010=ORIENTED_EDGE('',*,*,#98000,.T.);
#98020=CARTESIAN_POINT('',(-1.56478915595127,-3.99105222487758,11.3575))
;
#98030=DIRECTION('',(0.,0.,1.));
#98040=DIRECTION('',(0.,1.,0.));
#98050=AXIS2_PLACEMENT_3D('',#98020,#98030,#98040);
#98060=CIRCLE('',#98050,0.1);
#98070=CARTESIAN_POINT('',(-1.46478915595127,-3.99105222487758,11.3575))
;
#98080=VERTEX_POINT('',#98070);
#98090=EDGE_CURVE('',#97990,#98080,#98060,.T.);
#98100=ORIENTED_EDGE('',*,*,#98090,.F.);
#98110=CARTESIAN_POINT('',(-1.46478915595127,-0.709445224877575,11.3575)
);
#98120=DIRECTION('',(0.,-1.,0.));
#98130=VECTOR('',#98120,1.);
#98140=LINE('',#98110,#98130);
#98150=CARTESIAN_POINT('',(-1.46478915595127,-3.79105222487757,11.3575))
;
#98160=VERTEX_POINT('',#98150);
#98170=EDGE_CURVE('',#98160,#98080,#98140,.T.);
#98180=ORIENTED_EDGE('',*,*,#98170,.T.);
#98190=CARTESIAN_POINT('',(-1.36478915595127,-3.79105222487757,11.3575))
;
#98200=DIRECTION('',(0.,0.,1.));
#98210=DIRECTION('',(0.,1.,0.));
#98220=AXIS2_PLACEMENT_3D('',#98190,#98200,#98210);
#98230=CIRCLE('',#98220,0.1);
#98240=CARTESIAN_POINT('',(-1.36478915595127,-3.69105222487757,11.3575))
;
#98250=VERTEX_POINT('',#98240);
#98260=EDGE_CURVE('',#98250,#98160,#98230,.T.);
#98270=ORIENTED_EDGE('',*,*,#98260,.T.);
#98280=CARTESIAN_POINT('',(-1.89122415595127,-3.69105222487757,11.3575))
;
#98290=DIRECTION('',(-1.,0.,0.));
#98300=VECTOR('',#98290,1.);
#98310=LINE('',#98280,#98300);
#98320=CARTESIAN_POINT('',(-0.0647891559512659,-3.69105222487757,11.3575
));
#98330=VERTEX_POINT('',#98320);
#98340=EDGE_CURVE('',#98330,#98250,#98310,.T.);
#98350=ORIENTED_EDGE('',*,*,#98340,.T.);
#98360=CARTESIAN_POINT('',(-0.0647891559512659,-0.709445224877575,
11.3575));
#98370=DIRECTION('',(0.,-1.,0.));
#98380=VECTOR('',#98370,1.);
#98390=LINE('',#98360,#98380);
#98400=CARTESIAN_POINT('',(-0.0647891559512659,-3.39105222487758,11.3575
));
#98410=VERTEX_POINT('',#98400);
#98420=EDGE_CURVE('',#98410,#98330,#98390,.T.);
#98430=ORIENTED_EDGE('',*,*,#98420,.T.);
#98440=EDGE_CURVE('',#98410,#96850,#85090,.T.);
#98450=ORIENTED_EDGE('',*,*,#98440,.F.);
#98460=ORIENTED_EDGE('',*,*,#96860,.T.);
#98470=CARTESIAN_POINT('',(-0.264789155951266,-3.39593027365807,11.3575)
);
#98480=DIRECTION('',(1.,0.,0.));
#98490=VECTOR('',#98480,1.);
#98500=LINE('',#98470,#98490);
#98510=EDGE_CURVE('',#97070,#96770,#98500,.T.);
#98520=ORIENTED_EDGE('',*,*,#98510,.T.);
#98530=EDGE_LOOP('',(#98520,#98460,#98450,#98430,#98350,#98270,#98180,
#98100,#98010,#97930,#97840,#97760,#97680,#97590,#97510,#97420,#97340,
#97260,#97180,#97100,#97090));
#98540=FACE_OUTER_BOUND('',#98530,.T.);
#98550=ADVANCED_FACE('',(#98540),#97010,.T.);
#98560=CARTESIAN_POINT('',(-0.264789155951266,-3.59105222487757,12.055))
;
#98570=DIRECTION('',(-1.,0.,0.));
#98580=DIRECTION('',(0.,1.,0.));
#98590=AXIS2_PLACEMENT_3D('',#98560,#98570,#98580);
#98600=PLANE('',#98590);
#98610=ORIENTED_EDGE('',*,*,#78690,.F.);
#98620=CARTESIAN_POINT('',(-0.264789155951266,1.00894777512243,9.8));
#98630=DIRECTION('',(0.,-0.889933250556876,0.456090790910398));
#98640=VECTOR('',#98630,1.);
#98650=LINE('',#98620,#98640);
#98660=CARTESIAN_POINT('',(-0.264789155951266,-3.59105222487757,12.1575)
);
#98670=VERTEX_POINT('',#98660);
#98680=EDGE_CURVE('',#78600,#98670,#98650,.T.);
#98690=ORIENTED_EDGE('',*,*,#98680,.F.);
#98700=CARTESIAN_POINT('',(-0.264789155951266,-3.59105222487757,12.055))
;
#98710=DIRECTION('',(0.,0.,1.));
#98720=VECTOR('',#98710,1.);
#98730=LINE('',#98700,#98720);
#98740=EDGE_CURVE('',#98670,#78330,#98730,.T.);
#98750=ORIENTED_EDGE('',*,*,#98740,.F.);
#98760=ORIENTED_EDGE('',*,*,#78340,.T.);
#98770=CARTESIAN_POINT('',(-0.264789155951266,1.00894777512243,12.3575))
;
#98780=DIRECTION('',(0.,1.,0.));
#98790=VECTOR('',#98780,1.);
#98800=LINE('',#98770,#98790);
#98810=CARTESIAN_POINT('',(-0.264789155951266,-3.39105222487758,12.3575)
);
#98820=VERTEX_POINT('',#98810);
#98830=EDGE_CURVE('',#78250,#98820,#98800,.T.);
#98840=ORIENTED_EDGE('',*,*,#98830,.F.);
#98850=CARTESIAN_POINT('',(-0.264789155951266,-3.39105222487758,9.235));
#98860=DIRECTION('',(0.,0.,-1.));
#98870=VECTOR('',#98860,1.);
#98880=LINE('',#98850,#98870);
#98890=EDGE_CURVE('',#98820,#78680,#98880,.T.);
#98900=ORIENTED_EDGE('',*,*,#98890,.F.);
#98910=EDGE_LOOP('',(#98900,#98840,#98760,#98750,#98690,#98610));
#98920=FACE_OUTER_BOUND('',#98910,.T.);
#98930=ADVANCED_FACE('',(#98920),#98600,.F.);
#98940=CARTESIAN_POINT('',(0.0352108440487342,-3.01784353959637,
6.28610171303323));
#98950=DIRECTION('',(1.,0.,0.));
#98960=DIRECTION('',(0.,1.,0.));
#98970=AXIS2_PLACEMENT_3D('',#98940,#98950,#98960);
#98980=PLANE('',#98970);
#98990=CARTESIAN_POINT('',(0.035210844048734,-3.59105222487757,5.31));
#99000=DIRECTION('',(0.,0.,1.));
#99010=VECTOR('',#99000,1.);
#99020=LINE('',#98990,#99010);
#99030=CARTESIAN_POINT('',(0.0352108440487342,-3.59105222487757,6.7575))
;
#99040=VERTEX_POINT('',#99030);
#99050=EDGE_CURVE('',#66360,#99040,#99020,.T.);
#99060=ORIENTED_EDGE('',*,*,#99050,.F.);
#99070=CARTESIAN_POINT('',(0.0352108440487342,-3.39105222487758,6.86));
#99080=DIRECTION('',(0.,-0.889933250556875,-0.4560907909104));
#99090=VECTOR('',#99080,1.);
#99100=LINE('',#99070,#99090);
#99110=CARTESIAN_POINT('',(0.0352108440487342,-3.39105222487758,6.86));
#99120=VERTEX_POINT('',#99110);
#99130=EDGE_CURVE('',#99120,#99040,#99100,.T.);
#99140=ORIENTED_EDGE('',*,*,#99130,.T.);
#99150=CARTESIAN_POINT('',(0.035210844048766,-3.39105222487758,25.555));
#99160=DIRECTION('',(0.,0.,-1.));
#99170=VECTOR('',#99160,1.);
#99180=LINE('',#99150,#99170);
#99190=EDGE_CURVE('',#28680,#99120,#99180,.T.);
#99200=ORIENTED_EDGE('',*,*,#99190,.T.);
#99210=ORIENTED_EDGE('',*,*,#28770,.T.);
#99220=ORIENTED_EDGE('',*,*,#19800,.F.);
#99230=ORIENTED_EDGE('',*,*,#10060,.F.);
#99240=ORIENTED_EDGE('',*,*,#9430,.T.);
#99250=ORIENTED_EDGE('',*,*,#25060,.T.);
#99260=ORIENTED_EDGE('',*,*,#25800,.F.);
#99270=ORIENTED_EDGE('',*,*,#76090,.T.);
#99280=CARTESIAN_POINT('',(0.0352108440487342,1.00894777512243,6.8325));
#99290=DIRECTION('',(0.,1.,0.));
#99300=VECTOR('',#99290,1.);
#99310=LINE('',#99280,#99300);
#99320=EDGE_CURVE('',#65380,#76020,#99310,.T.);
#99330=ORIENTED_EDGE('',*,*,#99320,.T.);
#99340=ORIENTED_EDGE('',*,*,#65390,.F.);
#99350=ORIENTED_EDGE('',*,*,#66430,.F.);
#99360=EDGE_LOOP('',(#99350,#99340,#99330,#99270,#99260,#99250,#99240,
#99230,#99220,#99210,#99200,#99140,#99060));
#99370=FACE_OUTER_BOUND('',#99360,.T.);
#99380=ADVANCED_FACE('',(#99370),#98980,.T.);
#99390=CARTESIAN_POINT('',(-1.71478915595127,1.00894777512243,5.2375));
#99400=DIRECTION('',(-1.,0.,0.));
#99410=DIRECTION('',(0.,0.,-1.));
#99420=AXIS2_PLACEMENT_3D('',#99390,#99400,#99410);
#99430=PLANE('',#99420);
#99440=CARTESIAN_POINT('',(-1.71478915595127,-1.69105222487758,5.1575));
#99450=DIRECTION('',(0.,0.,-1.));
#99460=VECTOR('',#99450,1.);
#99470=LINE('',#99440,#99460);
#99480=CARTESIAN_POINT('',(-1.71478915595127,-1.69105222487758,5.5575));
#99490=VERTEX_POINT('',#99480);
#99500=EDGE_CURVE('',#99490,#53340,#99470,.T.);
#99510=ORIENTED_EDGE('',*,*,#99500,.F.);
#99520=ORIENTED_EDGE('',*,*,#53350,.T.);
#99530=CARTESIAN_POINT('',(-1.71478915595127,1.00894777512243,5.4575));
#99540=DIRECTION('',(0.,0.,-1.));
#99550=VECTOR('',#99540,1.);
#99560=LINE('',#99530,#99550);
#99570=CARTESIAN_POINT('',(-1.71478915595127,1.00894777512243,5.5575));
#99580=VERTEX_POINT('',#99570);
#99590=EDGE_CURVE('',#99580,#53320,#99560,.T.);
#99600=ORIENTED_EDGE('',*,*,#99590,.T.);
#99610=CARTESIAN_POINT('',(-1.71478915595127,1.00894777512243,5.5575));
#99620=DIRECTION('',(0.,-1.,0.));
#99630=VECTOR('',#99620,1.);
#99640=LINE('',#99610,#99630);
#99650=EDGE_CURVE('',#99580,#99490,#99640,.T.);
#99660=ORIENTED_EDGE('',*,*,#99650,.F.);
#99670=EDGE_LOOP('',(#99660,#99600,#99520,#99510));
#99680=FACE_OUTER_BOUND('',#99670,.T.);
#99690=ADVANCED_FACE('',(#99680),#99430,.T.);
#99700=CARTESIAN_POINT('',(-2.01478915595127,-1.69105222487758,6.3575));
#99710=DIRECTION('',(0.,-1.,0.));
#99720=DIRECTION('',(-1.,0.,0.));
#99730=AXIS2_PLACEMENT_3D('',#99700,#99710,#99720);
#99740=PLANE('',#99730);
#99750=CARTESIAN_POINT('',(-0.264789155951266,-1.69105222487758,5.5575))
;
#99760=DIRECTION('',(-1.,0.,6.12303176911189E-17));
#99770=VECTOR('',#99760,1.);
#99780=LINE('',#99750,#99770);
#99790=CARTESIAN_POINT('',(-1.86478915595127,-1.69105222487758,5.5575));
#99800=VERTEX_POINT('',#99790);
#99810=EDGE_CURVE('',#99490,#99800,#99780,.T.);
#99820=ORIENTED_EDGE('',*,*,#99810,.F.);
#99830=CARTESIAN_POINT('',(-1.86478915595127,-1.69105222487758,5.1575));
#99840=DIRECTION('',(0.,0.,-1.));
#99850=VECTOR('',#99840,1.);
#99860=LINE('',#99830,#99850);
#99870=EDGE_CURVE('',#99800,#53420,#99860,.T.);
#99880=ORIENTED_EDGE('',*,*,#99870,.F.);
#99890=ORIENTED_EDGE('',*,*,#53430,.F.);
#99900=ORIENTED_EDGE('',*,*,#99500,.T.);
#99910=EDGE_LOOP('',(#99900,#99890,#99880,#99820));
#99920=FACE_OUTER_BOUND('',#99910,.T.);
#99930=ADVANCED_FACE('',(#99920),#99740,.F.);
#99940=CARTESIAN_POINT('',(-1.86478915595127,1.00894777512243,6.3575));
#99950=DIRECTION('',(-1.,0.,0.));
#99960=DIRECTION('',(0.,1.,0.));
#99970=AXIS2_PLACEMENT_3D('',#99940,#99950,#99960);
#99980=PLANE('',#99970);
#99990=CARTESIAN_POINT('',(-1.86478915595127,1.00894777512243,5.2075));
#100000=DIRECTION('',(0.,0.,1.));
#100010=VECTOR('',#100000,1.);
#100020=LINE('',#99990,#100010);
#100030=CARTESIAN_POINT('',(-1.86478915595127,1.00894777512243,5.5575));
#100040=VERTEX_POINT('',#100030);
#100050=CARTESIAN_POINT('',(-1.86478915595127,1.00894777512243,6.3575));
#100060=VERTEX_POINT('',#100050);
#100070=EDGE_CURVE('',#100040,#100060,#100020,.T.);
#100080=ORIENTED_EDGE('',*,*,#100070,.F.);
#100090=CARTESIAN_POINT('',(-1.86478915595127,1.00894777512243,6.3575));
#100100=DIRECTION('',(0.,-1.,0.));
#100110=VECTOR('',#100100,1.);
#100120=LINE('',#100090,#100110);
#100130=CARTESIAN_POINT('',(-1.86478915595127,-3.59105222487757,6.3575))
;
#100140=VERTEX_POINT('',#100130);
#100150=EDGE_CURVE('',#100060,#100140,#100120,.T.);
#100160=ORIENTED_EDGE('',*,*,#100150,.F.);
#100170=CARTESIAN_POINT('',(-1.86478915595127,-3.59105222487757,5.2875))
;
#100180=DIRECTION('',(0.,0.,1.));
#100190=VECTOR('',#100180,1.);
#100200=LINE('',#100170,#100190);
#100210=EDGE_CURVE('',#53500,#100140,#100200,.T.);
#100220=ORIENTED_EDGE('',*,*,#100210,.T.);
#100230=ORIENTED_EDGE('',*,*,#53510,.F.);
#100240=ORIENTED_EDGE('',*,*,#99870,.T.);
#100250=CARTESIAN_POINT('',(-1.86478915595127,1.00894777512243,5.5575));
#100260=DIRECTION('',(0.,-1.,0.));
#100270=VECTOR('',#100260,1.);
#100280=LINE('',#100250,#100270);
#100290=CARTESIAN_POINT('',(-1.86478915595127,-1.59105222487757,5.5575))
;
#100300=VERTEX_POINT('',#100290);
#100310=EDGE_CURVE('',#100300,#99800,#100280,.T.);
#100320=ORIENTED_EDGE('',*,*,#100310,.T.);
#100330=CARTESIAN_POINT('',(-1.86478915595127,-1.59105222487757,9.235));
#100340=DIRECTION('',(0.,1.22460635382238E-16,-1.));
#100350=VECTOR('',#100340,1.);
#100360=LINE('',#100330,#100350);
#100370=CARTESIAN_POINT('',(-1.86478915595127,-1.59105222487757,
5.73662878474779));
#100380=VERTEX_POINT('',#100370);
#100390=EDGE_CURVE('',#100380,#100300,#100360,.T.);
#100400=ORIENTED_EDGE('',*,*,#100390,.T.);
#100410=CARTESIAN_POINT('',(-1.86478915595127,-0.391052224877574,
5.73662878474779));
#100420=DIRECTION('',(6.12303176911189E-17,-1.,-1.22460635382238E-16));
#100430=VECTOR('',#100420,1.);
#100440=LINE('',#100410,#100430);
#100450=CARTESIAN_POINT('',(-1.86478915595127,-0.391052224877574,
5.73662878474779));
#100460=VERTEX_POINT('',#100450);
#100470=EDGE_CURVE('',#100460,#100380,#100440,.T.);
#100480=ORIENTED_EDGE('',*,*,#100470,.T.);
#100490=CARTESIAN_POINT('',(-1.86478915595127,-0.391052224877575,9.235))
;
#100500=DIRECTION('',(0.,1.22460635382238E-16,-1.));
#100510=VECTOR('',#100500,1.);
#100520=LINE('',#100490,#100510);
#100530=CARTESIAN_POINT('',(-1.86478915595127,-0.391052224877574,5.5575)
);
#100540=VERTEX_POINT('',#100530);
#100550=EDGE_CURVE('',#100460,#100540,#100520,.T.);
#100560=ORIENTED_EDGE('',*,*,#100550,.F.);
#100570=EDGE_CURVE('',#100040,#100540,#100280,.T.);
#100580=ORIENTED_EDGE('',*,*,#100570,.T.);
#100590=EDGE_LOOP('',(#100580,#100560,#100480,#100400,#100320,#100240,
#100230,#100220,#100160,#100080));
#100600=FACE_OUTER_BOUND('',#100590,.T.);
#100610=ADVANCED_FACE('',(#100600),#99980,.T.);
#100620=CARTESIAN_POINT('',(-1.71478915595127,1.00894777512243,5.5575));
#100630=DIRECTION('',(-6.12303176911189E-17,0.,-1.));
#100640=DIRECTION('',(1.,0.,-6.12303176911189E-17));
#100650=AXIS2_PLACEMENT_3D('',#100620,#100630,#100640);
#100660=PLANE('',#100650);
#100670=ORIENTED_EDGE('',*,*,#100310,.F.);
#100680=ORIENTED_EDGE('',*,*,#99810,.T.);
#100690=ORIENTED_EDGE('',*,*,#99650,.T.);
#100700=CARTESIAN_POINT('',(-0.264789155951266,1.00894777512243,5.5575))
;
#100710=DIRECTION('',(1.,0.,-6.12303176911189E-17));
#100720=VECTOR('',#100710,1.);
#100730=LINE('',#100700,#100720);
#100740=EDGE_CURVE('',#100040,#99580,#100730,.T.);
#100750=ORIENTED_EDGE('',*,*,#100740,.T.);
#100760=ORIENTED_EDGE('',*,*,#100570,.F.);
#100770=CARTESIAN_POINT('',(-0.264789155951266,-0.391052224877574,5.5575
));
#100780=DIRECTION('',(1.,6.12303176911189E-17,-6.12303176911189E-17));
#100790=VECTOR('',#100780,1.);
#100800=LINE('',#100770,#100790);
#100810=CARTESIAN_POINT('',(-1.76478915595127,-0.391052224877579,5.5575)
);
#100820=VERTEX_POINT('',#100810);
#100830=EDGE_CURVE('',#100540,#100820,#100800,.T.);
#100840=ORIENTED_EDGE('',*,*,#100830,.F.);
#100850=CARTESIAN_POINT('',(-1.76478915595127,-0.391052224877574,5.5575)
);
#100860=DIRECTION('',(6.12303176911189E-17,-1.,-1.22460635382238E-16));
#100870=VECTOR('',#100860,1.);
#100880=LINE('',#100850,#100870);
#100890=CARTESIAN_POINT('',(-1.76478915595127,-1.59105222487757,5.5575))
;
#100900=VERTEX_POINT('',#100890);
#100910=EDGE_CURVE('',#100820,#100900,#100880,.T.);
#100920=ORIENTED_EDGE('',*,*,#100910,.F.);
#100930=CARTESIAN_POINT('',(-0.264789155951266,-1.59105222487757,5.5575)
);
#100940=DIRECTION('',(1.,6.12303176911189E-17,-6.12303176911189E-17));
#100950=VECTOR('',#100940,1.);
#100960=LINE('',#100930,#100950);
#100970=EDGE_CURVE('',#100300,#100900,#100960,.T.);
#100980=ORIENTED_EDGE('',*,*,#100970,.T.);
#100990=EDGE_LOOP('',(#100980,#100920,#100840,#100760,#100750,#100690,
#100680,#100670));
#101000=FACE_OUTER_BOUND('',#100990,.T.);
#101010=ADVANCED_FACE('',(#101000),#100660,.T.);
#101020=CARTESIAN_POINT('',(-1.25478915595127,-1.59105222487757,4.6575))
;
#101030=DIRECTION('',(6.12303176911189E-17,-1.,-1.22460635382238E-16));
#101040=DIRECTION('',(6.12303176911189E-17,-1.22460635382238E-16,1.));
#101050=AXIS2_PLACEMENT_3D('',#101020,#101030,#101040);
#101060=PLANE('',#101050);
#101070=CARTESIAN_POINT('',(-2.01478915595127,-1.59105222487757,4.6575))
;
#101080=DIRECTION('',(6.12303176911189E-17,-1.22460635382238E-16,1.));
#101090=VECTOR('',#101080,1.);
#101100=LINE('',#101070,#101090);
#101110=CARTESIAN_POINT('',(-2.01478915595127,-1.59105222487757,4.9075))
;
#101120=VERTEX_POINT('',#101110);
#101130=CARTESIAN_POINT('',(-2.01478915595127,-1.59105222487757,5.5075))
;
#101140=VERTEX_POINT('',#101130);
#101150=EDGE_CURVE('',#101120,#101140,#101100,.T.);
#101160=ORIENTED_EDGE('',*,*,#101150,.F.);
#101170=CARTESIAN_POINT('',(-1.76478915595127,-1.59105222487757,5.5075))
;
#101180=DIRECTION('',(6.12303176911189E-17,-1.,-1.22460635382238E-16));
#101190=DIRECTION('',(6.12303176911189E-17,-1.22460635382238E-16,1.));
#101200=AXIS2_PLACEMENT_3D('',#101170,#101180,#101190);
#101210=CIRCLE('',#101200,0.25);
#101220=EDGE_CURVE('',#100380,#101140,#101210,.T.);
#101230=ORIENTED_EDGE('',*,*,#101220,.T.);
#101240=ORIENTED_EDGE('',*,*,#100390,.F.);
#101250=ORIENTED_EDGE('',*,*,#100970,.F.);
#101260=CARTESIAN_POINT('',(-1.76478915595127,-1.59105222487757,5.5075))
;
#101270=DIRECTION('',(6.12303176911189E-17,-1.,-1.22460635382238E-16));
#101280=DIRECTION('',(6.12303176911189E-17,-1.22460635382238E-16,1.));
#101290=AXIS2_PLACEMENT_3D('',#101260,#101270,#101280);
#101300=CIRCLE('',#101290,0.05);
#101310=CARTESIAN_POINT('',(-1.81478915595127,-1.59105222487757,5.5075))
;
#101320=VERTEX_POINT('',#101310);
#101330=EDGE_CURVE('',#100900,#101320,#101300,.T.);
#101340=ORIENTED_EDGE('',*,*,#101330,.F.);
#101350=CARTESIAN_POINT('',(-1.81478915595127,-1.59105222487757,4.6575))
;
#101360=DIRECTION('',(6.12303176911189E-17,-1.22460635382238E-16,1.));
#101370=VECTOR('',#101360,1.);
#101380=LINE('',#101350,#101370);
#101390=CARTESIAN_POINT('',(-1.81478915595127,-1.59105222487757,4.9075))
;
#101400=VERTEX_POINT('',#101390);
#101410=EDGE_CURVE('',#101400,#101320,#101380,.T.);
#101420=ORIENTED_EDGE('',*,*,#101410,.T.);
#101430=CARTESIAN_POINT('',(-1.76478915595127,-1.59105222487757,4.9075))
;
#101440=DIRECTION('',(6.12303176911189E-17,-1.,-1.22460635382238E-16));
#101450=DIRECTION('',(6.12303176911189E-17,-1.22460635382238E-16,1.));
#101460=AXIS2_PLACEMENT_3D('',#101430,#101440,#101450);
#101470=CIRCLE('',#101460,0.05);
#101480=CARTESIAN_POINT('',(-1.76478915595127,-1.59105222487757,4.8575))
;
#101490=VERTEX_POINT('',#101480);
#101500=EDGE_CURVE('',#101400,#101490,#101470,.T.);
#101510=ORIENTED_EDGE('',*,*,#101500,.F.);
#101520=CARTESIAN_POINT('',(-1.25478915595127,-1.59105222487757,4.8575))
;
#101530=DIRECTION('',(-1.,-6.12303176911189E-17,6.12303176911189E-17));
#101540=VECTOR('',#101530,1.);
#101550=LINE('',#101520,#101540);
#101560=CARTESIAN_POINT('',(-1.25478915595127,-1.59105222487757,4.8575))
;
#101570=VERTEX_POINT('',#101560);
#101580=EDGE_CURVE('',#101570,#101490,#101550,.T.);
#101590=ORIENTED_EDGE('',*,*,#101580,.T.);
#101600=CARTESIAN_POINT('',(-1.25478915595127,-1.59105222487757,4.6575))
;
#101610=DIRECTION('',(6.12303176911189E-17,-1.22460635382238E-16,1.));
#101620=VECTOR('',#101610,1.);
#101630=LINE('',#101600,#101620);
#101640=CARTESIAN_POINT('',(-1.25478915595127,-1.59105222487757,4.6575))
;
#101650=VERTEX_POINT('',#101640);
#101660=EDGE_CURVE('',#101650,#101570,#101630,.T.);
#101670=ORIENTED_EDGE('',*,*,#101660,.T.);
#101680=CARTESIAN_POINT('',(-1.25478915595127,-1.59105222487757,4.6575))
;
#101690=DIRECTION('',(-1.,-6.12303176911189E-17,6.12303176911189E-17));
#101700=VECTOR('',#101690,1.);
#101710=LINE('',#101680,#101700);
#101720=CARTESIAN_POINT('',(-1.76478915595127,-1.59105222487757,4.6575))
;
#101730=VERTEX_POINT('',#101720);
#101740=EDGE_CURVE('',#101650,#101730,#101710,.T.);
#101750=ORIENTED_EDGE('',*,*,#101740,.F.);
#101760=CARTESIAN_POINT('',(-1.76478915595127,-1.59105222487757,4.9075))
;
#101770=DIRECTION('',(6.12303176911189E-17,-1.,-1.22460635382238E-16));
#101780=DIRECTION('',(6.12303176911189E-17,-1.22460635382238E-16,1.));
#101790=AXIS2_PLACEMENT_3D('',#101760,#101770,#101780);
#101800=CIRCLE('',#101790,0.25);
#101810=EDGE_CURVE('',#101120,#101730,#101800,.T.);
#101820=ORIENTED_EDGE('',*,*,#101810,.T.);
#101830=EDGE_LOOP('',(#101820,#101750,#101670,#101590,#101510,#101420,
#101340,#101250,#101240,#101230,#101160));
#101840=FACE_OUTER_BOUND('',#101830,.T.);
#101850=ADVANCED_FACE('',(#101840),#101060,.T.);
#101860=CARTESIAN_POINT('',(-2.01478915595127,-0.391052224877574,4.9075)
);
#101870=DIRECTION('',(-1.,-6.12303176911189E-17,6.12303176911189E-17));
#101880=DIRECTION('',(6.12303176911189E-17,-1.22460635382238E-16,1.));
#101890=AXIS2_PLACEMENT_3D('',#101860,#101870,#101880);
#101900=PLANE('',#101890);
#101910=CARTESIAN_POINT('',(-2.01478915595127,-0.391052224877574,5.5075)
);
#101920=DIRECTION('',(6.12303176911189E-17,-1.,-1.22460635382238E-16));
#101930=VECTOR('',#101920,1.);
#101940=LINE('',#101910,#101930);
#101950=CARTESIAN_POINT('',(-2.01478915595127,-0.391052224877574,5.5075)
);
#101960=VERTEX_POINT('',#101950);
#101970=EDGE_CURVE('',#101960,#101140,#101940,.T.);
#101980=ORIENTED_EDGE('',*,*,#101970,.F.);
#101990=ORIENTED_EDGE('',*,*,#101150,.T.);
#102000=CARTESIAN_POINT('',(-2.01478915595127,-0.391052224877574,4.9075)
);
#102010=DIRECTION('',(6.12303176911189E-17,-1.,-1.22460635382238E-16));
#102020=VECTOR('',#102010,1.);
#102030=LINE('',#102000,#102020);
#102040=CARTESIAN_POINT('',(-2.01478915595127,-0.391052224877574,4.9075)
);
#102050=VERTEX_POINT('',#102040);
#102060=EDGE_CURVE('',#102050,#101120,#102030,.T.);
#102070=ORIENTED_EDGE('',*,*,#102060,.T.);
#102080=CARTESIAN_POINT('',(-2.01478915595127,-0.391052224877574,4.6575)
);
#102090=DIRECTION('',(6.12303176911189E-17,-1.22460635382238E-16,1.));
#102100=VECTOR('',#102090,1.);
#102110=LINE('',#102080,#102100);
#102120=EDGE_CURVE('',#102050,#101960,#102110,.T.);
#102130=ORIENTED_EDGE('',*,*,#102120,.F.);
#102140=EDGE_LOOP('',(#102130,#102070,#101990,#101980));
#102150=FACE_OUTER_BOUND('',#102140,.T.);
#102160=ADVANCED_FACE('',(#102150),#101900,.T.);
#102170=CARTESIAN_POINT('',(-1.25478915595127,-0.391052224877574,4.6575)
);
#102180=DIRECTION('',(6.12303176911189E-17,-1.,-1.22460635382238E-16));
#102190=DIRECTION('',(6.12303176911189E-17,-1.22460635382238E-16,1.));
#102200=AXIS2_PLACEMENT_3D('',#102170,#102180,#102190);
#102210=PLANE('',#102200);
#102220=CARTESIAN_POINT('',(-1.25478915595127,-0.391052224877574,4.6575)
);
#102230=DIRECTION('',(-1.,-6.12303176911189E-17,6.12303176911189E-17));
#102240=VECTOR('',#102230,1.);
#102250=LINE('',#102220,#102240);
#102260=CARTESIAN_POINT('',(-1.25478915595127,-0.391052224877574,4.6575)
);
#102270=VERTEX_POINT('',#102260);
#102280=CARTESIAN_POINT('',(-1.76478915595127,-0.391052224877574,4.6575)
);
#102290=VERTEX_POINT('',#102280);
#102300=EDGE_CURVE('',#102270,#102290,#102250,.T.);
#102310=ORIENTED_EDGE('',*,*,#102300,.T.);
#102320=CARTESIAN_POINT('',(-1.25478915595127,-0.391052224877574,4.6575)
);
#102330=DIRECTION('',(6.12303176911189E-17,-1.22460635382238E-16,1.));
#102340=VECTOR('',#102330,1.);
#102350=LINE('',#102320,#102340);
#102360=CARTESIAN_POINT('',(-1.25478915595127,-0.391052224877574,4.8575)
);
#102370=VERTEX_POINT('',#102360);
#102380=EDGE_CURVE('',#102270,#102370,#102350,.T.);
#102390=ORIENTED_EDGE('',*,*,#102380,.F.);
#102400=CARTESIAN_POINT('',(-1.25478915595127,-0.391052224877574,4.8575)
);
#102410=DIRECTION('',(-1.,-6.12303176911189E-17,6.12303176911189E-17));
#102420=VECTOR('',#102410,1.);
#102430=LINE('',#102400,#102420);
#102440=CARTESIAN_POINT('',(-1.76478915595127,-0.391052224877574,4.8575)
);
#102450=VERTEX_POINT('',#102440);
#102460=EDGE_CURVE('',#102370,#102450,#102430,.T.);
#102470=ORIENTED_EDGE('',*,*,#102460,.F.);
#102480=CARTESIAN_POINT('',(-1.76478915595127,-0.391052224877574,4.9075)
);
#102490=DIRECTION('',(6.12303176911189E-17,-1.,-1.22460635382238E-16));
#102500=DIRECTION('',(6.12303176911189E-17,-1.22460635382238E-16,1.));
#102510=AXIS2_PLACEMENT_3D('',#102480,#102490,#102500);
#102520=CIRCLE('',#102510,0.05);
#102530=CARTESIAN_POINT('',(-1.81478915595127,-0.391052224877574,4.9075)
);
#102540=VERTEX_POINT('',#102530);
#102550=EDGE_CURVE('',#102540,#102450,#102520,.T.);
#102560=ORIENTED_EDGE('',*,*,#102550,.T.);
#102570=CARTESIAN_POINT('',(-1.81478915595127,-0.391052224877574,4.6575)
);
#102580=DIRECTION('',(-6.12303176911189E-17,1.22460635382238E-16,-1.));
#102590=VECTOR('',#102580,1.);
#102600=LINE('',#102570,#102590);
#102610=CARTESIAN_POINT('',(-1.81478915595127,-0.391052224877574,5.5075)
);
#102620=VERTEX_POINT('',#102610);
#102630=EDGE_CURVE('',#102620,#102540,#102600,.T.);
#102640=ORIENTED_EDGE('',*,*,#102630,.T.);
#102650=CARTESIAN_POINT('',(-1.76478915595127,-0.391052224877574,5.5075)
);
#102660=DIRECTION('',(6.12303176911189E-17,-1.,-1.22460635382238E-16));
#102670=DIRECTION('',(6.12303176911189E-17,-1.22460635382238E-16,1.));
#102680=AXIS2_PLACEMENT_3D('',#102650,#102660,#102670);
#102690=CIRCLE('',#102680,0.05);
#102700=EDGE_CURVE('',#100820,#102620,#102690,.T.);
#102710=ORIENTED_EDGE('',*,*,#102700,.T.);
#102720=ORIENTED_EDGE('',*,*,#100830,.T.);
#102730=ORIENTED_EDGE('',*,*,#100550,.T.);
#102740=CARTESIAN_POINT('',(-1.76478915595127,-0.391052224877574,5.5075)
);
#102750=DIRECTION('',(6.12303176911189E-17,-1.,-1.22460635382238E-16));
#102760=DIRECTION('',(6.12303176911189E-17,-1.22460635382238E-16,1.));
#102770=AXIS2_PLACEMENT_3D('',#102740,#102750,#102760);
#102780=CIRCLE('',#102770,0.25);
#102790=EDGE_CURVE('',#100460,#101960,#102780,.T.);
#102800=ORIENTED_EDGE('',*,*,#102790,.F.);
#102810=ORIENTED_EDGE('',*,*,#102120,.T.);
#102820=CARTESIAN_POINT('',(-1.76478915595127,-0.391052224877574,4.9075)
);
#102830=DIRECTION('',(6.12303176911189E-17,-1.,-1.22460635382238E-16));
#102840=DIRECTION('',(6.12303176911189E-17,-1.22460635382238E-16,1.));
#102850=AXIS2_PLACEMENT_3D('',#102820,#102830,#102840);
#102860=CIRCLE('',#102850,0.25);
#102870=EDGE_CURVE('',#102050,#102290,#102860,.T.);
#102880=ORIENTED_EDGE('',*,*,#102870,.F.);
#102890=EDGE_LOOP('',(#102880,#102810,#102800,#102730,#102720,#102710,
#102640,#102560,#102470,#102390,#102310));
#102900=FACE_OUTER_BOUND('',#102890,.T.);
#102910=ADVANCED_FACE('',(#102900),#102210,.F.);
#102920=CARTESIAN_POINT('',(-1.76478915595127,-0.391052224877574,4.9075)
);
#102930=DIRECTION('',(6.12303176911189E-17,-1.,-1.22460635382238E-16));
#102940=DIRECTION('',(6.12303176911189E-17,-1.22460635382238E-16,1.));
#102950=AXIS2_PLACEMENT_3D('',#102920,#102930,#102940);
#102960=CYLINDRICAL_SURFACE('',#102950,0.25);
#102970=ORIENTED_EDGE('',*,*,#102060,.F.);
#102980=ORIENTED_EDGE('',*,*,#101810,.F.);
#102990=CARTESIAN_POINT('',(-1.76478915595127,-0.391052224877574,4.6575)
);
#103000=DIRECTION('',(6.12303176911189E-17,-1.,-1.22460635382238E-16));
#103010=VECTOR('',#103000,1.);
#103020=LINE('',#102990,#103010);
#103030=EDGE_CURVE('',#102290,#101730,#103020,.T.);
#103040=ORIENTED_EDGE('',*,*,#103030,.T.);
#103050=ORIENTED_EDGE('',*,*,#102870,.T.);
#103060=EDGE_LOOP('',(#103050,#103040,#102980,#102970));
#103070=FACE_OUTER_BOUND('',#103060,.T.);
#103080=ADVANCED_FACE('',(#103070),#102960,.T.);
#103090=CARTESIAN_POINT('',(-1.25478915595127,-0.391052224877574,4.6575)
);
#103100=DIRECTION('',(-6.12303176911189E-17,1.22460635382238E-16,-1.));
#103110=DIRECTION('',(-1.,-6.12303176911189E-17,6.12303176911189E-17));
#103120=AXIS2_PLACEMENT_3D('',#103090,#103100,#103110);
#103130=PLANE('',#103120);
#103140=ORIENTED_EDGE('',*,*,#103030,.F.);
#103150=ORIENTED_EDGE('',*,*,#101740,.T.);
#103160=CARTESIAN_POINT('',(-1.25478915595127,-0.391052224877574,4.6575)
);
#103170=DIRECTION('',(6.12303176911189E-17,-1.,-1.22460635382238E-16));
#103180=VECTOR('',#103170,1.);
#103190=LINE('',#103160,#103180);
#103200=EDGE_CURVE('',#102270,#101650,#103190,.T.);
#103210=ORIENTED_EDGE('',*,*,#103200,.T.);
#103220=ORIENTED_EDGE('',*,*,#102300,.F.);
#103230=EDGE_LOOP('',(#103220,#103210,#103150,#103140));
#103240=FACE_OUTER_BOUND('',#103230,.T.);
#103250=ADVANCED_FACE('',(#103240),#103130,.T.);
#103260=CARTESIAN_POINT('',(-1.25478915595127,-0.391052224877574,4.8575)
);
#103270=DIRECTION('',(1.,6.12303176911189E-17,-6.12303176911189E-17));
#103280=DIRECTION('',(-6.12303176911189E-17,1.22460635382238E-16,-1.));
#103290=AXIS2_PLACEMENT_3D('',#103260,#103270,#103280);
#103300=PLANE('',#103290);
#103310=ORIENTED_EDGE('',*,*,#103200,.F.);
#103320=ORIENTED_EDGE('',*,*,#101660,.F.);
#103330=CARTESIAN_POINT('',(-1.25478915595127,-0.391052224877574,4.8575)
);
#103340=DIRECTION('',(6.12303176911189E-17,-1.,-1.22460635382238E-16));
#103350=VECTOR('',#103340,1.);
#103360=LINE('',#103330,#103350);
#103370=EDGE_CURVE('',#102370,#101570,#103360,.T.);
#103380=ORIENTED_EDGE('',*,*,#103370,.T.);
#103390=ORIENTED_EDGE('',*,*,#102380,.T.);
#103400=EDGE_LOOP('',(#103390,#103380,#103320,#103310));
#103410=FACE_OUTER_BOUND('',#103400,.T.);
#103420=ADVANCED_FACE('',(#103410),#103300,.T.);
#103430=CARTESIAN_POINT('',(-1.76478915595127,-0.391052224877574,4.8575)
);
#103440=DIRECTION('',(6.12303176911189E-17,-1.22460635382238E-16,1.));
#103450=DIRECTION('',(1.,6.12303176911189E-17,-6.12303176911189E-17));
#103460=AXIS2_PLACEMENT_3D('',#103430,#103440,#103450);
#103470=PLANE('',#103460);
#103480=ORIENTED_EDGE('',*,*,#103370,.F.);
#103490=ORIENTED_EDGE('',*,*,#101580,.F.);
#103500=CARTESIAN_POINT('',(-1.76478915595127,-0.391052224877574,4.8575)
);
#103510=DIRECTION('',(6.12303176911189E-17,-1.,-1.22460635382238E-16));
#103520=VECTOR('',#103510,1.);
#103530=LINE('',#103500,#103520);
#103540=EDGE_CURVE('',#102450,#101490,#103530,.T.);
#103550=ORIENTED_EDGE('',*,*,#103540,.T.);
#103560=ORIENTED_EDGE('',*,*,#102460,.T.);
#103570=EDGE_LOOP('',(#103560,#103550,#103490,#103480));
#103580=FACE_OUTER_BOUND('',#103570,.T.);
#103590=ADVANCED_FACE('',(#103580),#103470,.T.);
#103600=CARTESIAN_POINT('',(-1.76478915595127,-0.391052224877574,4.9075)
);
#103610=DIRECTION('',(6.12303176911189E-17,-1.,-1.22460635382238E-16));
#103620=DIRECTION('',(6.12303176911189E-17,-1.22460635382238E-16,1.));
#103630=AXIS2_PLACEMENT_3D('',#103600,#103610,#103620);
#103640=CYLINDRICAL_SURFACE('',#103630,0.05);
#103650=ORIENTED_EDGE('',*,*,#103540,.F.);
#103660=ORIENTED_EDGE('',*,*,#101500,.T.);
#103670=CARTESIAN_POINT('',(-1.81478915595127,-0.391052224877574,4.9075)
);
#103680=DIRECTION('',(6.12303176911189E-17,-1.,-1.22460635382238E-16));
#103690=VECTOR('',#103680,1.);
#103700=LINE('',#103670,#103690);
#103710=EDGE_CURVE('',#102540,#101400,#103700,.T.);
#103720=ORIENTED_EDGE('',*,*,#103710,.T.);
#103730=ORIENTED_EDGE('',*,*,#102550,.F.);
#103740=EDGE_LOOP('',(#103730,#103720,#103660,#103650));
#103750=FACE_OUTER_BOUND('',#103740,.T.);
#103760=ADVANCED_FACE('',(#103750),#103640,.F.);
#103770=CARTESIAN_POINT('',(-1.76478915595127,-0.391052224877574,5.5075)
);
#103780=DIRECTION('',(6.12303176911189E-17,-1.,-1.22460635382238E-16));
#103790=DIRECTION('',(6.12303176911189E-17,-1.22460635382238E-16,1.));
#103800=AXIS2_PLACEMENT_3D('',#103770,#103780,#103790);
#103810=CYLINDRICAL_SURFACE('',#103800,0.05);
#103820=CARTESIAN_POINT('',(-1.81478915595127,-0.391052224877574,5.5075)
);
#103830=DIRECTION('',(6.12303176911189E-17,-1.,-1.22460635382238E-16));
#103840=VECTOR('',#103830,1.);
#103850=LINE('',#103820,#103840);
#103860=EDGE_CURVE('',#102620,#101320,#103850,.T.);
#103870=ORIENTED_EDGE('',*,*,#103860,.F.);
#103880=ORIENTED_EDGE('',*,*,#101330,.T.);
#103890=ORIENTED_EDGE('',*,*,#100910,.T.);
#103900=ORIENTED_EDGE('',*,*,#102700,.F.);
#103910=EDGE_LOOP('',(#103900,#103890,#103880,#103870));
#103920=FACE_OUTER_BOUND('',#103910,.T.);
#103930=ADVANCED_FACE('',(#103920),#103810,.F.);
#103940=CARTESIAN_POINT('',(-1.81478915595127,-0.391052224877574,5.5075)
);
#103950=DIRECTION('',(1.,6.12303176911189E-17,-6.12303176911189E-17));
#103960=DIRECTION('',(-6.12303176911189E-17,1.22460635382238E-16,-1.));
#103970=AXIS2_PLACEMENT_3D('',#103940,#103950,#103960);
#103980=PLANE('',#103970);
#103990=ORIENTED_EDGE('',*,*,#103710,.F.);
#104000=ORIENTED_EDGE('',*,*,#101410,.F.);
#104010=ORIENTED_EDGE('',*,*,#103860,.T.);
#104020=ORIENTED_EDGE('',*,*,#102630,.F.);
#104030=EDGE_LOOP('',(#104020,#104010,#104000,#103990));
#104040=FACE_OUTER_BOUND('',#104030,.T.);
#104050=ADVANCED_FACE('',(#104040),#103980,.T.);
#104060=CARTESIAN_POINT('',(-1.76478915595127,-0.391052224877574,5.5075)
);
#104070=DIRECTION('',(6.12303176911189E-17,-1.,-1.22460635382238E-16));
#104080=DIRECTION('',(6.12303176911189E-17,-1.22460635382238E-16,1.));
#104090=AXIS2_PLACEMENT_3D('',#104060,#104070,#104080);
#104100=CYLINDRICAL_SURFACE('',#104090,0.25);
#104110=ORIENTED_EDGE('',*,*,#100470,.F.);
#104120=ORIENTED_EDGE('',*,*,#101220,.F.);
#104130=ORIENTED_EDGE('',*,*,#101970,.T.);
#104140=ORIENTED_EDGE('',*,*,#102790,.T.);
#104150=EDGE_LOOP('',(#104140,#104130,#104120,#104110));
#104160=FACE_OUTER_BOUND('',#104150,.T.);
#104170=ADVANCED_FACE('',(#104160),#104100,.T.);
#104180=CARTESIAN_POINT('',(-1.10747677080376,1.00894777512243,
34.5080456386704));
#104190=DIRECTION('',(0.,1.,0.));
#104200=DIRECTION('',(-1.,0.,0.));
#104210=AXIS2_PLACEMENT_3D('',#104180,#104190,#104200);
#104220=PLANE('',#104210);
#104230=ORIENTED_EDGE('',*,*,#100070,.T.);
#104240=ORIENTED_EDGE('',*,*,#100740,.F.);
#104250=ORIENTED_EDGE('',*,*,#99590,.F.);
#104260=ORIENTED_EDGE('',*,*,#53970,.T.);
#104270=ORIENTED_EDGE('',*,*,#51040,.T.);
#104280=ORIENTED_EDGE('',*,*,#51420,.T.);
#104290=CARTESIAN_POINT('',(-0.264789155951266,1.00894777512243,5.7575))
;
#104300=DIRECTION('',(-1.,0.,0.));
#104310=VECTOR('',#104300,1.);
#104320=LINE('',#104290,#104310);
#104330=EDGE_CURVE('',#51350,#44500,#104320,.T.);
#104340=ORIENTED_EDGE('',*,*,#104330,.F.);
#104350=ORIENTED_EDGE('',*,*,#44510,.F.);
#104360=ORIENTED_EDGE('',*,*,#41270,.T.);
#104370=ORIENTED_EDGE('',*,*,#54400,.T.);
#104380=ORIENTED_EDGE('',*,*,#33840,.F.);
#104390=ORIENTED_EDGE('',*,*,#43440,.T.);
#104400=CARTESIAN_POINT('',(-0.264789155951266,1.00894777512243,5.7575))
;
#104410=DIRECTION('',(-1.,0.,0.));
#104420=VECTOR('',#104410,1.);
#104430=LINE('',#104400,#104420);
#104440=EDGE_CURVE('',#43370,#52010,#104430,.T.);
#104450=ORIENTED_EDGE('',*,*,#104440,.F.);
#104460=ORIENTED_EDGE('',*,*,#52020,.T.);
#104470=ORIENTED_EDGE('',*,*,#54800,.F.);
#104480=ORIENTED_EDGE('',*,*,#42990,.F.);
#104490=ORIENTED_EDGE('',*,*,#1640,.T.);
#104500=ORIENTED_EDGE('',*,*,#25390,.F.);
#104510=ORIENTED_EDGE('',*,*,#26250,.T.);
#104520=ORIENTED_EDGE('',*,*,#23040,.F.);
#104530=ORIENTED_EDGE('',*,*,#20670,.T.);
#104540=ORIENTED_EDGE('',*,*,#19370,.F.);
#104550=ORIENTED_EDGE('',*,*,#18360,.F.);
#104560=ORIENTED_EDGE('',*,*,#700,.T.);
#104570=ORIENTED_EDGE('',*,*,#26100,.T.);
#104580=ORIENTED_EDGE('',*,*,#4620,.F.);
#104590=ORIENTED_EDGE('',*,*,#7860,.F.);
#104600=ORIENTED_EDGE('',*,*,#15240,.F.);
#104610=ORIENTED_EDGE('',*,*,#8050,.F.);
#104620=ORIENTED_EDGE('',*,*,#8750,.F.);
#104630=ORIENTED_EDGE('',*,*,#13780,.F.);
#104640=ORIENTED_EDGE('',*,*,#19070,.F.);
#104650=CARTESIAN_POINT('',(-2.01478915595126,1.00894777512243,20.825));
#104660=DIRECTION('',(0.,0.,1.));
#104670=VECTOR('',#104660,1.);
#104680=LINE('',#104650,#104670);
#104690=CARTESIAN_POINT('',(-2.01478915595127,1.00894777512243,6.3575));
#104700=VERTEX_POINT('',#104690);
#104710=EDGE_CURVE('',#104700,#19000,#104680,.T.);
#104720=ORIENTED_EDGE('',*,*,#104710,.T.);
#104730=CARTESIAN_POINT('',(-0.264789155951266,1.00894777512243,6.3575))
;
#104740=DIRECTION('',(-1.,0.,0.));
#104750=VECTOR('',#104740,1.);
#104760=LINE('',#104730,#104750);
#104770=EDGE_CURVE('',#100060,#104700,#104760,.T.);
#104780=ORIENTED_EDGE('',*,*,#104770,.T.);
#104790=EDGE_LOOP('',(#104780,#104720,#104640,#104630,#104620,#104610,
#104600,#104590,#104580,#104570,#104560,#104550,#104540,#104530,#104520,
#104510,#104500,#104490,#104480,#104470,#104460,#104450,#104390,#104380,
#104370,#104360,#104350,#104340,#104280,#104270,#104260,#104250,#104240,
#104230));
#104800=FACE_OUTER_BOUND('',#104790,.T.);
#104810=ADVANCED_FACE('',(#104800),#104220,.T.);
#104820=CARTESIAN_POINT('',(-1.95098816112084,-0.364356343020751,6.3575)
);
#104830=DIRECTION('',(0.,0.,-1.));
#104840=DIRECTION('',(-1.,0.,0.));
#104850=AXIS2_PLACEMENT_3D('',#104820,#104830,#104840);
#104860=PLANE('',#104850);
#104870=ORIENTED_EDGE('',*,*,#100150,.T.);
#104880=ORIENTED_EDGE('',*,*,#104770,.F.);
#104890=CARTESIAN_POINT('',(-2.01478915595127,1.00894777512243,6.3575));
#104900=DIRECTION('',(0.,-1.,0.));
#104910=VECTOR('',#104900,1.);
#104920=LINE('',#104890,#104910);
#104930=CARTESIAN_POINT('',(-2.01478915595127,-3.59105222487757,6.3575))
;
#104940=VERTEX_POINT('',#104930);
#104950=EDGE_CURVE('',#104700,#104940,#104920,.T.);
#104960=ORIENTED_EDGE('',*,*,#104950,.F.);
#104970=CARTESIAN_POINT('',(-0.264789155951266,-3.59105222487757,6.3575)
);
#104980=DIRECTION('',(-1.,0.,0.));
#104990=VECTOR('',#104980,1.);
#105000=LINE('',#104970,#104990);
#105010=EDGE_CURVE('',#100140,#104940,#105000,.T.);
#105020=ORIENTED_EDGE('',*,*,#105010,.T.);
#105030=EDGE_LOOP('',(#105020,#104960,#104880,#104870));
#105040=FACE_OUTER_BOUND('',#105030,.T.);
#105050=ADVANCED_FACE('',(#105040),#104860,.T.);
#105060=CARTESIAN_POINT('',(-2.01478915595127,-3.34105222487757,33.055))
;
#105070=DIRECTION('',(-1.,0.,0.));
#105080=DIRECTION('',(0.,-1.,0.));
#105090=AXIS2_PLACEMENT_3D('',#105060,#105070,#105080);
#105100=PLANE('',#105090);
#105110=ORIENTED_EDGE('',*,*,#84410,.F.);
#105120=CARTESIAN_POINT('',(-2.01478915595127,0.,8.59791426524976));
#105130=DIRECTION('',(0.,-0.889933250556875,-0.4560907909104));
#105140=VECTOR('',#105130,1.);
#105150=LINE('',#105120,#105140);
#105160=CARTESIAN_POINT('',(-2.01478915595127,-3.59105222487757,6.7575))
;
#105170=VERTEX_POINT('',#105160);
#105180=EDGE_CURVE('',#84340,#105170,#105150,.T.);
#105190=ORIENTED_EDGE('',*,*,#105180,.F.);
#105200=CARTESIAN_POINT('',(-2.01478915595127,-3.59105222487757,5.31));
#105210=DIRECTION('',(0.,0.,1.));
#105220=VECTOR('',#105210,1.);
#105230=LINE('',#105200,#105220);
#105240=EDGE_CURVE('',#104940,#105170,#105230,.T.);
#105250=ORIENTED_EDGE('',*,*,#105240,.T.);
#105260=ORIENTED_EDGE('',*,*,#104950,.T.);
#105270=ORIENTED_EDGE('',*,*,#104710,.F.);
#105280=ORIENTED_EDGE('',*,*,#19010,.F.);
#105290=ORIENTED_EDGE('',*,*,#9760,.F.);
#105300=ORIENTED_EDGE('',*,*,#19730,.F.);
#105310=ORIENTED_EDGE('',*,*,#28510,.T.);
#105320=EDGE_LOOP('',(#105310,#105300,#105290,#105280,#105270,#105260,
#105250,#105190,#105110));
#105330=FACE_OUTER_BOUND('',#105320,.T.);
#105340=ADVANCED_FACE('',(#105330),#105100,.T.);
#105350=CARTESIAN_POINT('',(-2.01478915595127,-3.59105222487757,7.4775))
;
#105360=DIRECTION('',(0.,-1.,0.));
#105370=DIRECTION('',(-1.,0.,0.));
#105380=AXIS2_PLACEMENT_3D('',#105350,#105360,#105370);
#105390=PLANE('',#105380);
#105400=CARTESIAN_POINT('',(-1.21478915595127,-3.59105222487757,5.2125))
;
#105410=DIRECTION('',(0.,0.,-1.));
#105420=VECTOR('',#105410,1.);
#105430=LINE('',#105400,#105420);
#105440=EDGE_CURVE('',#66280,#53580,#105430,.T.);
#105450=ORIENTED_EDGE('',*,*,#105440,.F.);
#105460=ORIENTED_EDGE('',*,*,#53590,.F.);
#105470=ORIENTED_EDGE('',*,*,#100210,.F.);
#105480=ORIENTED_EDGE('',*,*,#105010,.F.);
#105490=ORIENTED_EDGE('',*,*,#105240,.F.);
#105500=CARTESIAN_POINT('',(0.0352108440487342,-3.59105222487757,6.7575)
);
#105510=DIRECTION('',(-1.,0.,0.));
#105520=VECTOR('',#105510,1.);
#105530=LINE('',#105500,#105520);
#105540=EDGE_CURVE('',#99040,#105170,#105530,.T.);
#105550=ORIENTED_EDGE('',*,*,#105540,.T.);
#105560=ORIENTED_EDGE('',*,*,#99050,.T.);
#105570=ORIENTED_EDGE('',*,*,#66370,.F.);
#105580=EDGE_LOOP('',(#105570,#105560,#105550,#105490,#105480,#105470,
#105460,#105450));
#105590=FACE_OUTER_BOUND('',#105580,.T.);
#105600=ADVANCED_FACE('',(#105590),#105390,.T.);
#105610=ORIENTED_EDGE('',*,*,#99190,.F.);
#105620=CARTESIAN_POINT('',(-0.0647891559512659,-3.39105222487758,6.86))
;
#105630=VERTEX_POINT('',#105620);
#105640=EDGE_CURVE('',#99120,#105630,#84320,.T.);
#105650=ORIENTED_EDGE('',*,*,#105640,.F.);
#105660=CARTESIAN_POINT('',(-0.0647891559512659,-3.39105222487758,9.235)
);
#105670=DIRECTION('',(0.,0.,-1.));
#105680=VECTOR('',#105670,1.);
#105690=LINE('',#105660,#105680);
#105700=CARTESIAN_POINT('',(-0.0647891559512659,-3.39105222487758,7.0575
));
#105710=VERTEX_POINT('',#105700);
#105720=EDGE_CURVE('',#105710,#105630,#105690,.T.);
#105730=ORIENTED_EDGE('',*,*,#105720,.T.);
#105740=CARTESIAN_POINT('',(-0.264789155951266,-3.39105222487758,7.0575)
);
#105750=VERTEX_POINT('',#105740);
#105760=EDGE_CURVE('',#105750,#105710,#87630,.T.);
#105770=ORIENTED_EDGE('',*,*,#105760,.T.);
#105780=CARTESIAN_POINT('',(-0.264789155951266,-3.39105222487758,9.235))
;
#105790=DIRECTION('',(0.,0.,1.));
#105800=VECTOR('',#105790,1.);
#105810=LINE('',#105780,#105800);
#105820=CARTESIAN_POINT('',(-0.264789155951266,-3.39105222487758,7.3575)
);
#105830=VERTEX_POINT('',#105820);
#105840=EDGE_CURVE('',#105750,#105830,#105810,.T.);
#105850=ORIENTED_EDGE('',*,*,#105840,.F.);
#105860=CARTESIAN_POINT('',(-0.0647891559512659,-3.39105222487758,7.3575
));
#105870=VERTEX_POINT('',#105860);
#105880=EDGE_CURVE('',#105870,#105830,#87470,.T.);
#105890=ORIENTED_EDGE('',*,*,#105880,.T.);
#105900=CARTESIAN_POINT('',(-0.0647891559512659,-3.39105222487758,9.235)
);
#105910=DIRECTION('',(0.,0.,-1.));
#105920=VECTOR('',#105910,1.);
#105930=LINE('',#105900,#105920);
#105940=CARTESIAN_POINT('',(-0.0647891559512659,-3.39105222487758,7.5575
));
#105950=VERTEX_POINT('',#105940);
#105960=EDGE_CURVE('',#105950,#105870,#105930,.T.);
#105970=ORIENTED_EDGE('',*,*,#105960,.T.);
#105980=CARTESIAN_POINT('',(-0.264789155951266,-3.39105222487758,7.5575)
);
#105990=VERTEX_POINT('',#105980);
#106000=EDGE_CURVE('',#105990,#105950,#87400,.T.);
#106010=ORIENTED_EDGE('',*,*,#106000,.T.);
#106020=CARTESIAN_POINT('',(-0.264789155951266,-3.39105222487758,9.235))
;
#106030=DIRECTION('',(0.,0.,1.));
#106040=VECTOR('',#106030,1.);
#106050=LINE('',#106020,#106040);
#106060=CARTESIAN_POINT('',(-0.264789155951266,-3.39105222487758,7.8575)
);
#106070=VERTEX_POINT('',#106060);
#106080=EDGE_CURVE('',#105990,#106070,#106050,.T.);
#106090=ORIENTED_EDGE('',*,*,#106080,.F.);
#106100=CARTESIAN_POINT('',(-0.0647891559512659,-3.39105222487758,7.8575
));
#106110=VERTEX_POINT('',#106100);
#106120=EDGE_CURVE('',#106110,#106070,#87240,.T.);
#106130=ORIENTED_EDGE('',*,*,#106120,.T.);
#106140=CARTESIAN_POINT('',(-0.0647891559512659,-3.39105222487758,9.235)
);
#106150=DIRECTION('',(0.,0.,-1.));
#106160=VECTOR('',#106150,1.);
#106170=LINE('',#106140,#106160);
#106180=CARTESIAN_POINT('',(-0.0647891559512659,-3.39105222487758,8.0575
));
#106190=VERTEX_POINT('',#106180);
#106200=EDGE_CURVE('',#106190,#106110,#106170,.T.);
#106210=ORIENTED_EDGE('',*,*,#106200,.T.);
#106220=CARTESIAN_POINT('',(-0.264789155951266,-3.39105222487758,8.0575)
);
#106230=VERTEX_POINT('',#106220);
#106240=EDGE_CURVE('',#106230,#106190,#87080,.T.);
#106250=ORIENTED_EDGE('',*,*,#106240,.T.);
#106260=CARTESIAN_POINT('',(-0.264789155951266,-3.39105222487758,9.235))
;
#106270=DIRECTION('',(0.,0.,1.));
#106280=VECTOR('',#106270,1.);
#106290=LINE('',#106260,#106280);
#106300=CARTESIAN_POINT('',(-0.264789155951266,-3.39105222487758,8.3575)
);
#106310=VERTEX_POINT('',#106300);
#106320=EDGE_CURVE('',#106230,#106310,#106290,.T.);
#106330=ORIENTED_EDGE('',*,*,#106320,.F.);
#106340=CARTESIAN_POINT('',(-0.0647891559512659,-3.39105222487758,8.3575
));
#106350=VERTEX_POINT('',#106340);
#106360=EDGE_CURVE('',#106350,#106310,#86920,.T.);
#106370=ORIENTED_EDGE('',*,*,#106360,.T.);
#106380=CARTESIAN_POINT('',(-0.0647891559512659,-3.39105222487758,9.235)
);
#106390=DIRECTION('',(0.,0.,-1.));
#106400=VECTOR('',#106390,1.);
#106410=LINE('',#106380,#106400);
#106420=CARTESIAN_POINT('',(-0.0647891559512659,-3.39105222487758,8.5575
));
#106430=VERTEX_POINT('',#106420);
#106440=EDGE_CURVE('',#106430,#106350,#106410,.T.);
#106450=ORIENTED_EDGE('',*,*,#106440,.T.);
#106460=EDGE_CURVE('',#89680,#106430,#86760,.T.);
#106470=ORIENTED_EDGE('',*,*,#106460,.T.);
#106480=ORIENTED_EDGE('',*,*,#89910,.T.);
#106490=CARTESIAN_POINT('',(-0.0647891559512659,-3.39105222487758,8.8575
));
#106500=VERTEX_POINT('',#106490);
#106510=EDGE_CURVE('',#106500,#89840,#86600,.T.);
#106520=ORIENTED_EDGE('',*,*,#106510,.T.);
#106530=CARTESIAN_POINT('',(-0.0647891559512659,-3.39105222487758,9.235)
);
#106540=DIRECTION('',(0.,0.,-1.));
#106550=VECTOR('',#106540,1.);
#106560=LINE('',#106530,#106550);
#106570=CARTESIAN_POINT('',(-0.0647891559512659,-3.39105222487758,9.0575
));
#106580=VERTEX_POINT('',#106570);
#106590=EDGE_CURVE('',#106580,#106500,#106560,.T.);
#106600=ORIENTED_EDGE('',*,*,#106590,.T.);
#106610=EDGE_CURVE('',#91270,#106580,#86440,.T.);
#106620=ORIENTED_EDGE('',*,*,#106610,.T.);
#106630=ORIENTED_EDGE('',*,*,#91500,.T.);
#106640=CARTESIAN_POINT('',(-0.0647891559512659,-3.39105222487758,9.3575
));
#106650=VERTEX_POINT('',#106640);
#106660=EDGE_CURVE('',#106650,#91430,#86280,.T.);
#106670=ORIENTED_EDGE('',*,*,#106660,.T.);
#106680=CARTESIAN_POINT('',(-0.0647891559512659,-3.39105222487758,9.235)
);
#106690=DIRECTION('',(0.,0.,-1.));
#106700=VECTOR('',#106690,1.);
#106710=LINE('',#106680,#106700);
#106720=CARTESIAN_POINT('',(-0.0647891559512659,-3.39105222487758,9.5575
));
#106730=VERTEX_POINT('',#106720);
#106740=EDGE_CURVE('',#106730,#106650,#106710,.T.);
#106750=ORIENTED_EDGE('',*,*,#106740,.T.);
#106760=EDGE_CURVE('',#92170,#106730,#86120,.T.);
#106770=ORIENTED_EDGE('',*,*,#106760,.T.);
#106780=ORIENTED_EDGE('',*,*,#92490,.T.);
#106790=ORIENTED_EDGE('',*,*,#94010,.T.);
#106800=CARTESIAN_POINT('',(-0.0647891559512659,-3.39105222487758,9.235)
);
#106810=DIRECTION('',(0.,0.,-1.));
#106820=VECTOR('',#106810,1.);
#106830=LINE('',#106800,#106820);
#106840=EDGE_CURVE('',#82650,#93980,#106830,.T.);
#106850=ORIENTED_EDGE('',*,*,#106840,.T.);
#106860=ORIENTED_EDGE('',*,*,#82660,.T.);
#106870=ORIENTED_EDGE('',*,*,#94460,.T.);
#106880=CARTESIAN_POINT('',(-0.0647891559512659,-3.39105222487758,
10.3575));
#106890=VERTEX_POINT('',#106880);
#106900=EDGE_CURVE('',#106890,#94390,#85730,.T.);
#106910=ORIENTED_EDGE('',*,*,#106900,.T.);
#106920=CARTESIAN_POINT('',(-0.0647891559512659,-3.39105222487758,9.235)
);
#106930=DIRECTION('',(0.,0.,-1.));
#106940=VECTOR('',#106930,1.);
#106950=LINE('',#106920,#106940);
#106960=CARTESIAN_POINT('',(-0.0647891559512659,-3.39105222487758,
10.5575));
#106970=VERTEX_POINT('',#106960);
#106980=EDGE_CURVE('',#106970,#106890,#106950,.T.);
#106990=ORIENTED_EDGE('',*,*,#106980,.T.);
#107000=EDGE_CURVE('',#95700,#106970,#85570,.T.);
#107010=ORIENTED_EDGE('',*,*,#107000,.T.);
#107020=ORIENTED_EDGE('',*,*,#95930,.T.);
#107030=CARTESIAN_POINT('',(-0.0647891559512659,-3.39105222487758,
10.8575));
#107040=VERTEX_POINT('',#107030);
#107050=EDGE_CURVE('',#107040,#95860,#85410,.T.);
#107060=ORIENTED_EDGE('',*,*,#107050,.T.);
#107070=CARTESIAN_POINT('',(-0.0647891559512659,-3.39105222487758,9.235)
);
#107080=DIRECTION('',(0.,0.,-1.));
#107090=VECTOR('',#107080,1.);
#107100=LINE('',#107070,#107090);
#107110=CARTESIAN_POINT('',(-0.0647891559512659,-3.39105222487758,
11.0575));
#107120=VERTEX_POINT('',#107110);
#107130=EDGE_CURVE('',#107120,#107040,#107100,.T.);
#107140=ORIENTED_EDGE('',*,*,#107130,.T.);
#107150=EDGE_CURVE('',#96600,#107120,#85250,.T.);
#107160=ORIENTED_EDGE('',*,*,#107150,.T.);
#107170=ORIENTED_EDGE('',*,*,#96920,.T.);
#107180=ORIENTED_EDGE('',*,*,#98440,.T.);
#107190=CARTESIAN_POINT('',(-0.0647891559512659,-3.39105222487758,9.235)
);
#107200=DIRECTION('',(0.,0.,-1.));
#107210=VECTOR('',#107200,1.);
#107220=LINE('',#107190,#107210);
#107230=EDGE_CURVE('',#80320,#98410,#107220,.T.);
#107240=ORIENTED_EDGE('',*,*,#107230,.T.);
#107250=ORIENTED_EDGE('',*,*,#80330,.T.);
#107260=CARTESIAN_POINT('',(-0.264789155951266,-3.39105222487758,9.235))
;
#107270=DIRECTION('',(0.,0.,-1.));
#107280=VECTOR('',#107270,1.);
#107290=LINE('',#107260,#107280);
#107300=CARTESIAN_POINT('',(-0.264789155951266,-3.39105222487758,11.8575
));
#107310=VERTEX_POINT('',#107300);
#107320=EDGE_CURVE('',#107310,#80300,#107290,.T.);
#107330=ORIENTED_EDGE('',*,*,#107320,.T.);
#107340=CARTESIAN_POINT('',(-0.0647891559512659,-3.39105222487758,
11.8575));
#107350=VERTEX_POINT('',#107340);
#107360=EDGE_CURVE('',#107350,#107310,#84860,.T.);
#107370=ORIENTED_EDGE('',*,*,#107360,.T.);
#107380=CARTESIAN_POINT('',(-0.0647891559512659,-3.39105222487758,9.235)
);
#107390=DIRECTION('',(0.,0.,-1.));
#107400=VECTOR('',#107390,1.);
#107410=LINE('',#107380,#107400);
#107420=EDGE_CURVE('',#78760,#107350,#107410,.T.);
#107430=ORIENTED_EDGE('',*,*,#107420,.T.);
#107440=ORIENTED_EDGE('',*,*,#78770,.T.);
#107450=ORIENTED_EDGE('',*,*,#98890,.T.);
#107460=CARTESIAN_POINT('',(-0.0647891559512659,-3.39105222487758,
12.3575));
#107470=VERTEX_POINT('',#107460);
#107480=EDGE_CURVE('',#107470,#98820,#84630,.T.);
#107490=ORIENTED_EDGE('',*,*,#107480,.T.);
#107500=CARTESIAN_POINT('',(-0.0647891559512659,-3.39105222487758,9.235)
);
#107510=DIRECTION('',(0.,0.,-1.));
#107520=VECTOR('',#107510,1.);
#107530=LINE('',#107500,#107520);
#107540=EDGE_CURVE('',#76260,#107470,#107530,.T.);
#107550=ORIENTED_EDGE('',*,*,#107540,.T.);
#107560=ORIENTED_EDGE('',*,*,#76270,.T.);
#107570=ORIENTED_EDGE('',*,*,#42800,.T.);
#107580=ORIENTED_EDGE('',*,*,#50490,.T.);
#107590=ORIENTED_EDGE('',*,*,#37560,.T.);
#107600=ORIENTED_EDGE('',*,*,#47550,.T.);
#107610=ORIENTED_EDGE('',*,*,#30740,.T.);
#107620=ORIENTED_EDGE('',*,*,#34560,.T.);
#107630=ORIENTED_EDGE('',*,*,#21840,.T.);
#107640=ORIENTED_EDGE('',*,*,#28690,.T.);
#107650=EDGE_LOOP('',(#107640,#107630,#107620,#107610,#107600,#107590,
#107580,#107570,#107560,#107550,#107490,#107450,#107440,#107430,#107370,
#107330,#107250,#107240,#107180,#107170,#107160,#107140,#107060,#107020,
#107010,#106990,#106910,#106870,#106860,#106850,#106790,#106780,#106770,
#106750,#106670,#106630,#106620,#106600,#106520,#106480,#106470,#106450,
#106370,#106330,#106250,#106210,#106130,#106090,#106010,#105970,#105890,
#105850,#105770,#105730,#105650,#105610));
#107660=FACE_OUTER_BOUND('',#107650,.T.);
#107670=ADVANCED_FACE('',(#107660),#84180,.T.);
#107680=CARTESIAN_POINT('',(-1.91478915595127,-3.59105222487757,11.8675)
);
#107690=DIRECTION('',(-1.,0.,0.));
#107700=DIRECTION('',(0.,1.,0.));
#107710=AXIS2_PLACEMENT_3D('',#107680,#107690,#107700);
#107720=PLANE('',#107710);
#107730=ORIENTED_EDGE('',*,*,#84810,.F.);
#107740=ORIENTED_EDGE('',*,*,#80100,.T.);
#107750=CARTESIAN_POINT('',(-1.91478915595127,-3.59105222487757,12.0475)
);
#107760=DIRECTION('',(0.,0.,1.));
#107770=VECTOR('',#107760,1.);
#107780=LINE('',#107750,#107770);
#107790=CARTESIAN_POINT('',(-1.91478915595127,-3.59105222487757,11.8575)
);
#107800=VERTEX_POINT('',#107790);
#107810=EDGE_CURVE('',#107800,#80010,#107780,.T.);
#107820=ORIENTED_EDGE('',*,*,#107810,.T.);
#107830=CARTESIAN_POINT('',(-1.91478915595127,-0.709445224877575,11.8575
));
#107840=DIRECTION('',(0.,1.,0.));
#107850=VECTOR('',#107840,1.);
#107860=LINE('',#107830,#107850);
#107870=EDGE_CURVE('',#107800,#84800,#107860,.T.);
#107880=ORIENTED_EDGE('',*,*,#107870,.F.);
#107890=EDGE_LOOP('',(#107880,#107820,#107740,#107730));
#107900=FACE_OUTER_BOUND('',#107890,.T.);
#107910=ADVANCED_FACE('',(#107900),#107720,.T.);
#107920=CARTESIAN_POINT('',(-1.76478915595127,-3.59105222487757,11.8675)
);
#107930=DIRECTION('',(0.,-1.,0.));
#107940=DIRECTION('',(-1.,0.,0.));
#107950=AXIS2_PLACEMENT_3D('',#107920,#107930,#107940);
#107960=PLANE('',#107950);
#107970=CARTESIAN_POINT('',(-1.89122415595127,-3.59105222487757,11.8575)
);
#107980=DIRECTION('',(-1.,0.,0.));
#107990=VECTOR('',#107980,1.);
#108000=LINE('',#107970,#107990);
#108010=CARTESIAN_POINT('',(-1.76478915595127,-3.59105222487757,11.8575)
);
#108020=VERTEX_POINT('',#108010);
#108030=EDGE_CURVE('',#108020,#107800,#108000,.T.);
#108040=ORIENTED_EDGE('',*,*,#108030,.F.);
#108050=ORIENTED_EDGE('',*,*,#107810,.F.);
#108060=ORIENTED_EDGE('',*,*,#80020,.T.);
#108070=CARTESIAN_POINT('',(-1.76478915595127,-3.59105222487757,11.8675)
);
#108080=DIRECTION('',(0.,0.,1.));
#108090=VECTOR('',#108080,1.);
#108100=LINE('',#108070,#108090);
#108110=EDGE_CURVE('',#108020,#79930,#108100,.T.);
#108120=ORIENTED_EDGE('',*,*,#108110,.T.);
#108130=EDGE_LOOP('',(#108120,#108060,#108050,#108040));
#108140=FACE_OUTER_BOUND('',#108130,.T.);
#108150=ADVANCED_FACE('',(#108140),#107960,.T.);
#108160=CARTESIAN_POINT('',(-0.264789155951266,-3.39593027365807,11.8575
));
#108170=DIRECTION('',(1.,0.,0.));
#108180=VECTOR('',#108170,1.);
#108190=LINE('',#108160,#108180);
#108200=CARTESIAN_POINT('',(-1.71478915595127,-3.39593027365807,11.8575)
);
#108210=VERTEX_POINT('',#108200);
#108220=CARTESIAN_POINT('',(-0.264789155951266,-3.39593027365807,11.8575
));
#108230=VERTEX_POINT('',#108220);
#108240=EDGE_CURVE('',#108210,#108230,#108190,.T.);
#108250=ORIENTED_EDGE('',*,*,#108240,.T.);
#108260=CARTESIAN_POINT('',(-1.71478915595127,1.00894777512243,11.8575))
;
#108270=DIRECTION('',(0.,-1.,0.));
#108280=VECTOR('',#108270,1.);
#108290=LINE('',#108260,#108280);
#108300=EDGE_CURVE('',#84880,#108210,#108290,.T.);
#108310=ORIENTED_EDGE('',*,*,#108300,.T.);
#108320=ORIENTED_EDGE('',*,*,#84890,.F.);
#108330=ORIENTED_EDGE('',*,*,#107870,.T.);
#108340=ORIENTED_EDGE('',*,*,#108030,.T.);
#108350=CARTESIAN_POINT('',(-1.76478915595127,-0.709445224877575,11.8575
));
#108360=DIRECTION('',(0.,1.,0.));
#108370=VECTOR('',#108360,1.);
#108380=LINE('',#108350,#108370);
#108390=CARTESIAN_POINT('',(-1.76478915595127,-3.79105222487757,11.8575)
);
#108400=VERTEX_POINT('',#108390);
#108410=EDGE_CURVE('',#108400,#108020,#108380,.T.);
#108420=ORIENTED_EDGE('',*,*,#108410,.T.);
#108430=CARTESIAN_POINT('',(-1.89122415595127,-3.84812703587276,11.8575)
);
#108440=DIRECTION('',(0.911437827766148,0.411437827766147,0.));
#108450=VECTOR('',#108440,1.);
#108460=LINE('',#108430,#108450);
#108470=CARTESIAN_POINT('',(-2.00593293872788,-3.89990844210096,11.8575)
);
#108480=VERTEX_POINT('',#108470);
#108490=EDGE_CURVE('',#108480,#108400,#108460,.T.);
#108500=ORIENTED_EDGE('',*,*,#108490,.T.);
#108510=CARTESIAN_POINT('',(-1.96478915595127,-3.99105222487758,11.8575)
);
#108520=DIRECTION('',(0.,0.,1.));
#108530=DIRECTION('',(0.,1.,0.));
#108540=AXIS2_PLACEMENT_3D('',#108510,#108520,#108530);
#108550=CIRCLE('',#108540,0.1);
#108560=CARTESIAN_POINT('',(-2.06478915595127,-3.99105222487758,11.8575)
);
#108570=VERTEX_POINT('',#108560);
#108580=EDGE_CURVE('',#108480,#108570,#108550,.T.);
#108590=ORIENTED_EDGE('',*,*,#108580,.F.);
#108600=CARTESIAN_POINT('',(-2.06478915595127,-0.709445224877575,11.8575
));
#108610=DIRECTION('',(0.,1.,0.));
#108620=VECTOR('',#108610,1.);
#108630=LINE('',#108600,#108620);
#108640=CARTESIAN_POINT('',(-2.06478915595127,-4.29105222487757,11.8575)
);
#108650=VERTEX_POINT('',#108640);
#108660=EDGE_CURVE('',#108650,#108570,#108630,.T.);
#108670=ORIENTED_EDGE('',*,*,#108660,.T.);
#108680=CARTESIAN_POINT('',(-1.96478915595127,-4.29105222487757,11.8575)
);
#108690=DIRECTION('',(0.,0.,1.));
#108700=DIRECTION('',(0.,1.,0.));
#108710=AXIS2_PLACEMENT_3D('',#108680,#108690,#108700);
#108720=CIRCLE('',#108710,0.1);
#108730=CARTESIAN_POINT('',(-1.96478915595127,-4.39105222487757,11.8575)
);
#108740=VERTEX_POINT('',#108730);
#108750=EDGE_CURVE('',#108650,#108740,#108720,.T.);
#108760=ORIENTED_EDGE('',*,*,#108750,.F.);
#108770=CARTESIAN_POINT('',(-1.89122415595127,-4.39105222487757,11.8575)
);
#108780=DIRECTION('',(-1.,0.,0.));
#108790=VECTOR('',#108780,1.);
#108800=LINE('',#108770,#108790);
#108810=CARTESIAN_POINT('',(-1.69478915595127,-4.39105222487757,11.8575)
);
#108820=VERTEX_POINT('',#108810);
#108830=EDGE_CURVE('',#108820,#108740,#108800,.T.);
#108840=ORIENTED_EDGE('',*,*,#108830,.T.);
#108850=CARTESIAN_POINT('',(-1.69478915595127,-0.709445224877575,11.8575
));
#108860=DIRECTION('',(0.,-1.,0.));
#108870=VECTOR('',#108860,1.);
#108880=LINE('',#108850,#108870);
#108890=CARTESIAN_POINT('',(-1.69478915595127,-4.19105222487757,11.8575)
);
#108900=VERTEX_POINT('',#108890);
#108910=EDGE_CURVE('',#108900,#108820,#108880,.T.);
#108920=ORIENTED_EDGE('',*,*,#108910,.T.);
#108930=CARTESIAN_POINT('',(-1.59478915595127,-4.19105222487757,11.8575)
);
#108940=DIRECTION('',(0.,0.,1.));
#108950=DIRECTION('',(0.,1.,0.));
#108960=AXIS2_PLACEMENT_3D('',#108930,#108940,#108950);
#108970=CIRCLE('',#108960,0.1);
#108980=CARTESIAN_POINT('',(-1.59478915595127,-4.09105222487757,11.8575)
);
#108990=VERTEX_POINT('',#108980);
#109000=EDGE_CURVE('',#108990,#108900,#108970,.T.);
#109010=ORIENTED_EDGE('',*,*,#109000,.T.);
#109020=CARTESIAN_POINT('',(-1.89122415595127,-4.09105222487757,11.8575)
);
#109030=DIRECTION('',(-1.,0.,0.));
#109040=VECTOR('',#109030,1.);
#109050=LINE('',#109020,#109040);
#109060=CARTESIAN_POINT('',(-1.56478915595127,-4.09105222487757,11.8575)
);
#109070=VERTEX_POINT('',#109060);
#109080=EDGE_CURVE('',#109070,#108990,#109050,.T.);
#109090=ORIENTED_EDGE('',*,*,#109080,.T.);
#109100=CARTESIAN_POINT('',(-1.56478915595127,-3.99105222487758,11.8575)
);
#109110=DIRECTION('',(0.,0.,1.));
#109120=DIRECTION('',(0.,1.,0.));
#109130=AXIS2_PLACEMENT_3D('',#109100,#109110,#109120);
#109140=CIRCLE('',#109130,0.1);
#109150=CARTESIAN_POINT('',(-1.46478915595127,-3.99105222487758,11.8575)
);
#109160=VERTEX_POINT('',#109150);
#109170=EDGE_CURVE('',#109070,#109160,#109140,.T.);
#109180=ORIENTED_EDGE('',*,*,#109170,.F.);
#109190=CARTESIAN_POINT('',(-1.46478915595127,-0.709445224877575,11.8575
));
#109200=DIRECTION('',(0.,-1.,0.));
#109210=VECTOR('',#109200,1.);
#109220=LINE('',#109190,#109210);
#109230=CARTESIAN_POINT('',(-1.46478915595127,-3.79105222487757,11.8575)
);
#109240=VERTEX_POINT('',#109230);
#109250=EDGE_CURVE('',#109240,#109160,#109220,.T.);
#109260=ORIENTED_EDGE('',*,*,#109250,.T.);
#109270=CARTESIAN_POINT('',(-1.36478915595127,-3.79105222487757,11.8575)
);
#109280=DIRECTION('',(0.,0.,1.));
#109290=DIRECTION('',(0.,1.,0.));
#109300=AXIS2_PLACEMENT_3D('',#109270,#109280,#109290);
#109310=CIRCLE('',#109300,0.1);
#109320=CARTESIAN_POINT('',(-1.36478915595127,-3.69105222487757,11.8575)
);
#109330=VERTEX_POINT('',#109320);
#109340=EDGE_CURVE('',#109330,#109240,#109310,.T.);
#109350=ORIENTED_EDGE('',*,*,#109340,.T.);
#109360=CARTESIAN_POINT('',(-1.89122415595127,-3.69105222487757,11.8575)
);
#109370=DIRECTION('',(-1.,0.,0.));
#109380=VECTOR('',#109370,1.);
#109390=LINE('',#109360,#109380);
#109400=CARTESIAN_POINT('',(-0.0647891559512659,-3.69105222487757,
11.8575));
#109410=VERTEX_POINT('',#109400);
#109420=EDGE_CURVE('',#109410,#109330,#109390,.T.);
#109430=ORIENTED_EDGE('',*,*,#109420,.T.);
#109440=CARTESIAN_POINT('',(-0.0647891559512659,-0.709445224877575,
11.8575));
#109450=DIRECTION('',(0.,-1.,0.));
#109460=VECTOR('',#109450,1.);
#109470=LINE('',#109440,#109460);
#109480=EDGE_CURVE('',#107350,#109410,#109470,.T.);
#109490=ORIENTED_EDGE('',*,*,#109480,.T.);
#109500=ORIENTED_EDGE('',*,*,#107360,.F.);
#109510=CARTESIAN_POINT('',(-0.264789155951266,1.00894777512243,11.8575)
);
#109520=DIRECTION('',(0.,1.,0.));
#109530=VECTOR('',#109520,1.);
#109540=LINE('',#109510,#109530);
#109550=EDGE_CURVE('',#108230,#107310,#109540,.T.);
#109560=ORIENTED_EDGE('',*,*,#109550,.T.);
#109570=EDGE_LOOP('',(#109560,#109500,#109490,#109430,#109350,#109260,
#109180,#109090,#109010,#108920,#108840,#108760,#108670,#108590,#108500,
#108420,#108340,#108330,#108320,#108310,#108250));
#109580=FACE_OUTER_BOUND('',#109570,.T.);
#109590=ADVANCED_FACE('',(#109580),#56730,.T.);
#109600=CARTESIAN_POINT('',(-1.76478915595127,-3.79105222487757,11.8675)
);
#109610=DIRECTION('',(-1.,0.,0.));
#109620=DIRECTION('',(0.,1.,0.));
#109630=AXIS2_PLACEMENT_3D('',#109600,#109610,#109620);
#109640=PLANE('',#109630);
#109650=ORIENTED_EDGE('',*,*,#108410,.F.);
#109660=ORIENTED_EDGE('',*,*,#108110,.F.);
#109670=ORIENTED_EDGE('',*,*,#79940,.T.);
#109680=CARTESIAN_POINT('',(-1.76478915595127,-3.79105222487757,11.8675)
);
#109690=DIRECTION('',(0.,0.,1.));
#109700=VECTOR('',#109690,1.);
#109710=LINE('',#109680,#109700);
#109720=EDGE_CURVE('',#108400,#79850,#109710,.T.);
#109730=ORIENTED_EDGE('',*,*,#109720,.T.);
#109740=EDGE_LOOP('',(#109730,#109670,#109660,#109650));
#109750=FACE_OUTER_BOUND('',#109740,.T.);
#109760=ADVANCED_FACE('',(#109750),#109640,.T.);
#109770=CARTESIAN_POINT('',(-2.00593293872788,-3.89990844210096,11.8675)
);
#109780=DIRECTION('',(-0.411437827766147,0.911437827766148,0.));
#109790=DIRECTION('',(0.911437827766148,0.411437827766147,0.));
#109800=AXIS2_PLACEMENT_3D('',#109770,#109780,#109790);
#109810=PLANE('',#109800);
#109820=ORIENTED_EDGE('',*,*,#108490,.F.);
#109830=ORIENTED_EDGE('',*,*,#109720,.F.);
#109840=ORIENTED_EDGE('',*,*,#79860,.T.);
#109850=CARTESIAN_POINT('',(-2.00593293872788,-3.89990844210096,12.0475)
);
#109860=DIRECTION('',(0.,0.,1.));
#109870=VECTOR('',#109860,1.);
#109880=LINE('',#109850,#109870);
#109890=EDGE_CURVE('',#108480,#79770,#109880,.T.);
#109900=ORIENTED_EDGE('',*,*,#109890,.T.);
#109910=EDGE_LOOP('',(#109900,#109840,#109830,#109820));
#109920=FACE_OUTER_BOUND('',#109910,.T.);
#109930=ADVANCED_FACE('',(#109920),#109810,.T.);
#109940=CARTESIAN_POINT('',(-1.96478915595127,-3.99105222487758,11.8675)
);
#109950=DIRECTION('',(0.,0.,1.));
#109960=DIRECTION('',(0.,1.,0.));
#109970=AXIS2_PLACEMENT_3D('',#109940,#109950,#109960);
#109980=CYLINDRICAL_SURFACE('',#109970,0.1);
#109990=ORIENTED_EDGE('',*,*,#108580,.T.);
#110000=ORIENTED_EDGE('',*,*,#109890,.F.);
#110010=ORIENTED_EDGE('',*,*,#79780,.F.);
#110020=CARTESIAN_POINT('',(-2.06478915595127,-3.99105222487758,11.8675)
);
#110030=DIRECTION('',(0.,0.,1.));
#110040=VECTOR('',#110030,1.);
#110050=LINE('',#110020,#110040);
#110060=EDGE_CURVE('',#108570,#79680,#110050,.T.);
#110070=ORIENTED_EDGE('',*,*,#110060,.T.);
#110080=EDGE_LOOP('',(#110070,#110010,#110000,#109990));
#110090=FACE_OUTER_BOUND('',#110080,.T.);
#110100=ADVANCED_FACE('',(#110090),#109980,.T.);
#110110=CARTESIAN_POINT('',(-2.06478915595127,-4.29105222487757,11.8675)
);
#110120=DIRECTION('',(-1.,0.,0.));
#110130=DIRECTION('',(0.,1.,0.));
#110140=AXIS2_PLACEMENT_3D('',#110110,#110120,#110130);
#110150=PLANE('',#110140);
#110160=ORIENTED_EDGE('',*,*,#108660,.F.);
#110170=ORIENTED_EDGE('',*,*,#110060,.F.);
#110180=ORIENTED_EDGE('',*,*,#79690,.T.);
#110190=CARTESIAN_POINT('',(-2.06478915595127,-4.29105222487757,11.8675)
);
#110200=DIRECTION('',(0.,0.,1.));
#110210=VECTOR('',#110200,1.);
#110220=LINE('',#110190,#110210);
#110230=EDGE_CURVE('',#108650,#79600,#110220,.T.);
#110240=ORIENTED_EDGE('',*,*,#110230,.T.);
#110250=EDGE_LOOP('',(#110240,#110180,#110170,#110160));
#110260=FACE_OUTER_BOUND('',#110250,.T.);
#110270=ADVANCED_FACE('',(#110260),#110150,.T.);
#110280=CARTESIAN_POINT('',(-1.96478915595127,-4.29105222487757,11.8675)
);
#110290=DIRECTION('',(0.,0.,1.));
#110300=DIRECTION('',(0.,1.,0.));
#110310=AXIS2_PLACEMENT_3D('',#110280,#110290,#110300);
#110320=CYLINDRICAL_SURFACE('',#110310,0.1);
#110330=ORIENTED_EDGE('',*,*,#108750,.T.);
#110340=ORIENTED_EDGE('',*,*,#110230,.F.);
#110350=ORIENTED_EDGE('',*,*,#79610,.F.);
#110360=CARTESIAN_POINT('',(-1.96478915595127,-4.39105222487757,11.8675)
);
#110370=DIRECTION('',(0.,0.,1.));
#110380=VECTOR('',#110370,1.);
#110390=LINE('',#110360,#110380);
#110400=EDGE_CURVE('',#108740,#79510,#110390,.T.);
#110410=ORIENTED_EDGE('',*,*,#110400,.T.);
#110420=EDGE_LOOP('',(#110410,#110350,#110340,#110330));
#110430=FACE_OUTER_BOUND('',#110420,.T.);
#110440=ADVANCED_FACE('',(#110430),#110320,.T.);
#110450=CARTESIAN_POINT('',(-1.69478915595127,-4.39105222487757,11.8675)
);
#110460=DIRECTION('',(0.,-1.,0.));
#110470=DIRECTION('',(-1.,0.,0.));
#110480=AXIS2_PLACEMENT_3D('',#110450,#110460,#110470);
#110490=PLANE('',#110480);
#110500=ORIENTED_EDGE('',*,*,#108830,.F.);
#110510=ORIENTED_EDGE('',*,*,#110400,.F.);
#110520=ORIENTED_EDGE('',*,*,#79520,.T.);
#110530=CARTESIAN_POINT('',(-1.69478915595127,-4.39105222487757,12.0475)
);
#110540=DIRECTION('',(0.,0.,1.));
#110550=VECTOR('',#110540,1.);
#110560=LINE('',#110530,#110550);
#110570=EDGE_CURVE('',#108820,#79430,#110560,.T.);
#110580=ORIENTED_EDGE('',*,*,#110570,.T.);
#110590=EDGE_LOOP('',(#110580,#110520,#110510,#110500));
#110600=FACE_OUTER_BOUND('',#110590,.T.);
#110610=ADVANCED_FACE('',(#110600),#110490,.T.);
#110620=CARTESIAN_POINT('',(-1.69478915595127,-4.19105222487757,11.8675)
);
#110630=DIRECTION('',(1.,0.,0.));
#110640=DIRECTION('',(0.,-1.,0.));
#110650=AXIS2_PLACEMENT_3D('',#110620,#110630,#110640);
#110660=PLANE('',#110650);
#110670=ORIENTED_EDGE('',*,*,#108910,.F.);
#110680=ORIENTED_EDGE('',*,*,#110570,.F.);
#110690=ORIENTED_EDGE('',*,*,#79440,.T.);
#110700=CARTESIAN_POINT('',(-1.69478915595127,-4.19105222487757,11.8675)
);
#110710=DIRECTION('',(0.,0.,1.));
#110720=VECTOR('',#110710,1.);
#110730=LINE('',#110700,#110720);
#110740=EDGE_CURVE('',#108900,#79350,#110730,.T.);
#110750=ORIENTED_EDGE('',*,*,#110740,.T.);
#110760=EDGE_LOOP('',(#110750,#110690,#110680,#110670));
#110770=FACE_OUTER_BOUND('',#110760,.T.);
#110780=ADVANCED_FACE('',(#110770),#110660,.T.);
#110790=CARTESIAN_POINT('',(-1.59478915595127,-4.19105222487757,11.8675)
);
#110800=DIRECTION('',(0.,0.,1.));
#110810=DIRECTION('',(0.,1.,0.));
#110820=AXIS2_PLACEMENT_3D('',#110790,#110800,#110810);
#110830=CYLINDRICAL_SURFACE('',#110820,0.1);
#110840=ORIENTED_EDGE('',*,*,#109000,.F.);
#110850=ORIENTED_EDGE('',*,*,#110740,.F.);
#110860=ORIENTED_EDGE('',*,*,#79360,.T.);
#110870=CARTESIAN_POINT('',(-1.59478915595127,-4.09105222487757,11.8675)
);
#110880=DIRECTION('',(0.,0.,1.));
#110890=VECTOR('',#110880,1.);
#110900=LINE('',#110870,#110890);
#110910=EDGE_CURVE('',#108990,#79260,#110900,.T.);
#110920=ORIENTED_EDGE('',*,*,#110910,.T.);
#110930=EDGE_LOOP('',(#110920,#110860,#110850,#110840));
#110940=FACE_OUTER_BOUND('',#110930,.T.);
#110950=ADVANCED_FACE('',(#110940),#110830,.F.);
#110960=CARTESIAN_POINT('',(-1.56478915595127,-4.09105222487757,11.8675)
);
#110970=DIRECTION('',(0.,-1.,0.));
#110980=DIRECTION('',(-1.,0.,0.));
#110990=AXIS2_PLACEMENT_3D('',#110960,#110970,#110980);
#111000=PLANE('',#110990);
#111010=ORIENTED_EDGE('',*,*,#109080,.F.);
#111020=ORIENTED_EDGE('',*,*,#110910,.F.);
#111030=ORIENTED_EDGE('',*,*,#79270,.T.);
#111040=CARTESIAN_POINT('',(-1.56478915595127,-4.09105222487757,11.8675)
);
#111050=DIRECTION('',(0.,0.,1.));
#111060=VECTOR('',#111050,1.);
#111070=LINE('',#111040,#111060);
#111080=EDGE_CURVE('',#109070,#79180,#111070,.T.);
#111090=ORIENTED_EDGE('',*,*,#111080,.T.);
#111100=EDGE_LOOP('',(#111090,#111030,#111020,#111010));
#111110=FACE_OUTER_BOUND('',#111100,.T.);
#111120=ADVANCED_FACE('',(#111110),#111000,.T.);
#111130=CARTESIAN_POINT('',(-1.56478915595127,-3.99105222487758,11.8675)
);
#111140=DIRECTION('',(0.,0.,1.));
#111150=DIRECTION('',(0.,1.,0.));
#111160=AXIS2_PLACEMENT_3D('',#111130,#111140,#111150);
#111170=CYLINDRICAL_SURFACE('',#111160,0.1);
#111180=ORIENTED_EDGE('',*,*,#109170,.T.);
#111190=ORIENTED_EDGE('',*,*,#111080,.F.);
#111200=ORIENTED_EDGE('',*,*,#79190,.F.);
#111210=CARTESIAN_POINT('',(-1.46478915595127,-3.99105222487758,12.0475)
);
#111220=DIRECTION('',(0.,0.,1.));
#111230=VECTOR('',#111220,1.);
#111240=LINE('',#111210,#111230);
#111250=EDGE_CURVE('',#109160,#79090,#111240,.T.);
#111260=ORIENTED_EDGE('',*,*,#111250,.T.);
#111270=EDGE_LOOP('',(#111260,#111200,#111190,#111180));
#111280=FACE_OUTER_BOUND('',#111270,.T.);
#111290=ADVANCED_FACE('',(#111280),#111170,.T.);
#111300=CARTESIAN_POINT('',(-1.46478915595127,-3.79105222487757,11.8675)
);
#111310=DIRECTION('',(1.,0.,0.));
#111320=DIRECTION('',(0.,-1.,0.));
#111330=AXIS2_PLACEMENT_3D('',#111300,#111310,#111320);
#111340=PLANE('',#111330);
#111350=ORIENTED_EDGE('',*,*,#109250,.F.);
#111360=ORIENTED_EDGE('',*,*,#111250,.F.);
#111370=ORIENTED_EDGE('',*,*,#79100,.T.);
#111380=CARTESIAN_POINT('',(-1.46478915595127,-3.79105222487757,12.0475)
);
#111390=DIRECTION('',(0.,0.,1.));
#111400=VECTOR('',#111390,1.);
#111410=LINE('',#111380,#111400);
#111420=EDGE_CURVE('',#109240,#79010,#111410,.T.);
#111430=ORIENTED_EDGE('',*,*,#111420,.T.);
#111440=EDGE_LOOP('',(#111430,#111370,#111360,#111350));
#111450=FACE_OUTER_BOUND('',#111440,.T.);
#111460=ADVANCED_FACE('',(#111450),#111340,.T.);
#111470=CARTESIAN_POINT('',(-1.36478915595127,-3.79105222487757,11.8675)
);
#111480=DIRECTION('',(0.,0.,1.));
#111490=DIRECTION('',(0.,1.,0.));
#111500=AXIS2_PLACEMENT_3D('',#111470,#111480,#111490);
#111510=CYLINDRICAL_SURFACE('',#111500,0.1);
#111520=ORIENTED_EDGE('',*,*,#109340,.F.);
#111530=ORIENTED_EDGE('',*,*,#111420,.F.);
#111540=ORIENTED_EDGE('',*,*,#79020,.T.);
#111550=CARTESIAN_POINT('',(-1.36478915595127,-3.69105222487757,11.8675)
);
#111560=DIRECTION('',(0.,0.,1.));
#111570=VECTOR('',#111560,1.);
#111580=LINE('',#111550,#111570);
#111590=EDGE_CURVE('',#109330,#78920,#111580,.T.);
#111600=ORIENTED_EDGE('',*,*,#111590,.T.);
#111610=EDGE_LOOP('',(#111600,#111540,#111530,#111520));
#111620=FACE_OUTER_BOUND('',#111610,.T.);
#111630=ADVANCED_FACE('',(#111620),#111510,.F.);
#111640=CARTESIAN_POINT('',(-0.0647891559512659,-3.69105222487757,
11.8675));
#111650=DIRECTION('',(0.,-1.,0.));
#111660=DIRECTION('',(-1.,0.,0.));
#111670=AXIS2_PLACEMENT_3D('',#111640,#111650,#111660);
#111680=PLANE('',#111670);
#111690=ORIENTED_EDGE('',*,*,#109420,.F.);
#111700=ORIENTED_EDGE('',*,*,#111590,.F.);
#111710=ORIENTED_EDGE('',*,*,#78930,.T.);
#111720=CARTESIAN_POINT('',(-0.0647891559512659,-3.69105222487757,
12.0475));
#111730=DIRECTION('',(0.,0.,1.));
#111740=VECTOR('',#111730,1.);
#111750=LINE('',#111720,#111740);
#111760=EDGE_CURVE('',#109410,#78840,#111750,.T.);
#111770=ORIENTED_EDGE('',*,*,#111760,.T.);
#111780=EDGE_LOOP('',(#111770,#111710,#111700,#111690));
#111790=FACE_OUTER_BOUND('',#111780,.T.);
#111800=ADVANCED_FACE('',(#111790),#111680,.T.);
#111810=CARTESIAN_POINT('',(-0.0647891559512659,-3.34105222487757,
11.8675));
#111820=DIRECTION('',(1.,0.,0.));
#111830=DIRECTION('',(0.,-1.,0.));
#111840=AXIS2_PLACEMENT_3D('',#111810,#111820,#111830);
#111850=PLANE('',#111840);
#111860=ORIENTED_EDGE('',*,*,#109480,.F.);
#111870=ORIENTED_EDGE('',*,*,#111760,.F.);
#111880=ORIENTED_EDGE('',*,*,#78850,.T.);
#111890=ORIENTED_EDGE('',*,*,#107420,.F.);
#111900=EDGE_LOOP('',(#111890,#111880,#111870,#111860));
#111910=FACE_OUTER_BOUND('',#111900,.T.);
#111920=ADVANCED_FACE('',(#111910),#111850,.T.);
#111930=CARTESIAN_POINT('',(-1.91478915595127,-3.59105222487757,11.3675)
);
#111940=DIRECTION('',(-1.,0.,0.));
#111950=DIRECTION('',(0.,1.,0.));
#111960=AXIS2_PLACEMENT_3D('',#111930,#111940,#111950);
#111970=PLANE('',#111960);
#111980=ORIENTED_EDGE('',*,*,#85040,.F.);
#111990=ORIENTED_EDGE('',*,*,#81660,.T.);
#112000=CARTESIAN_POINT('',(-1.91478915595127,-3.59105222487757,11.5475)
);
#112010=DIRECTION('',(0.,0.,1.));
#112020=VECTOR('',#112010,1.);
#112030=LINE('',#112000,#112020);
#112040=EDGE_CURVE('',#97160,#81570,#112030,.T.);
#112050=ORIENTED_EDGE('',*,*,#112040,.T.);
#112060=ORIENTED_EDGE('',*,*,#97170,.F.);
#112070=EDGE_LOOP('',(#112060,#112050,#111990,#111980));
#112080=FACE_OUTER_BOUND('',#112070,.T.);
#112090=ADVANCED_FACE('',(#112080),#111970,.T.);
#112100=CARTESIAN_POINT('',(-1.76478915595127,-3.59105222487757,11.3675)
);
#112110=DIRECTION('',(0.,-1.,0.));
#112120=DIRECTION('',(-1.,0.,0.));
#112130=AXIS2_PLACEMENT_3D('',#112100,#112110,#112120);
#112140=PLANE('',#112130);
#112150=ORIENTED_EDGE('',*,*,#97250,.F.);
#112160=ORIENTED_EDGE('',*,*,#112040,.F.);
#112170=ORIENTED_EDGE('',*,*,#81580,.T.);
#112180=CARTESIAN_POINT('',(-1.76478915595127,-3.59105222487757,11.3675)
);
#112190=DIRECTION('',(0.,0.,1.));
#112200=VECTOR('',#112190,1.);
#112210=LINE('',#112180,#112200);
#112220=EDGE_CURVE('',#97240,#81490,#112210,.T.);
#112230=ORIENTED_EDGE('',*,*,#112220,.T.);
#112240=EDGE_LOOP('',(#112230,#112170,#112160,#112150));
#112250=FACE_OUTER_BOUND('',#112240,.T.);
#112260=ADVANCED_FACE('',(#112250),#112140,.T.);
#112270=CARTESIAN_POINT('',(-1.76478915595127,-3.79105222487757,11.3675)
);
#112280=DIRECTION('',(-1.,0.,0.));
#112290=DIRECTION('',(0.,1.,0.));
#112300=AXIS2_PLACEMENT_3D('',#112270,#112280,#112290);
#112310=PLANE('',#112300);
#112320=ORIENTED_EDGE('',*,*,#97330,.F.);
#112330=ORIENTED_EDGE('',*,*,#112220,.F.);
#112340=ORIENTED_EDGE('',*,*,#81500,.T.);
#112350=CARTESIAN_POINT('',(-1.76478915595127,-3.79105222487757,11.3675)
);
#112360=DIRECTION('',(0.,0.,1.));
#112370=VECTOR('',#112360,1.);
#112380=LINE('',#112350,#112370);
#112390=EDGE_CURVE('',#97320,#81410,#112380,.T.);
#112400=ORIENTED_EDGE('',*,*,#112390,.T.);
#112410=EDGE_LOOP('',(#112400,#112340,#112330,#112320));
#112420=FACE_OUTER_BOUND('',#112410,.T.);
#112430=ADVANCED_FACE('',(#112420),#112310,.T.);
#112440=CARTESIAN_POINT('',(-2.00593293872788,-3.89990844210096,11.3675)
);
#112450=DIRECTION('',(-0.411437827766147,0.911437827766148,0.));
#112460=DIRECTION('',(0.911437827766148,0.411437827766147,0.));
#112470=AXIS2_PLACEMENT_3D('',#112440,#112450,#112460);
#112480=PLANE('',#112470);
#112490=ORIENTED_EDGE('',*,*,#97410,.F.);
#112500=ORIENTED_EDGE('',*,*,#112390,.F.);
#112510=ORIENTED_EDGE('',*,*,#81420,.T.);
#112520=CARTESIAN_POINT('',(-2.00593293872788,-3.89990844210096,11.5475)
);
#112530=DIRECTION('',(0.,0.,1.));
#112540=VECTOR('',#112530,1.);
#112550=LINE('',#112520,#112540);
#112560=EDGE_CURVE('',#97400,#81330,#112550,.T.);
#112570=ORIENTED_EDGE('',*,*,#112560,.T.);
#112580=EDGE_LOOP('',(#112570,#112510,#112500,#112490));
#112590=FACE_OUTER_BOUND('',#112580,.T.);
#112600=ADVANCED_FACE('',(#112590),#112480,.T.);
#112610=CARTESIAN_POINT('',(-1.96478915595127,-3.99105222487758,11.3675)
);
#112620=DIRECTION('',(0.,0.,1.));
#112630=DIRECTION('',(0.,1.,0.));
#112640=AXIS2_PLACEMENT_3D('',#112610,#112620,#112630);
#112650=CYLINDRICAL_SURFACE('',#112640,0.1);
#112660=ORIENTED_EDGE('',*,*,#97500,.T.);
#112670=ORIENTED_EDGE('',*,*,#112560,.F.);
#112680=ORIENTED_EDGE('',*,*,#81340,.F.);
#112690=CARTESIAN_POINT('',(-2.06478915595127,-3.99105222487758,11.3675)
);
#112700=DIRECTION('',(0.,0.,1.));
#112710=VECTOR('',#112700,1.);
#112720=LINE('',#112690,#112710);
#112730=EDGE_CURVE('',#97490,#81240,#112720,.T.);
#112740=ORIENTED_EDGE('',*,*,#112730,.T.);
#112750=EDGE_LOOP('',(#112740,#112680,#112670,#112660));
#112760=FACE_OUTER_BOUND('',#112750,.T.);
#112770=ADVANCED_FACE('',(#112760),#112650,.T.);
#112780=CARTESIAN_POINT('',(-2.06478915595127,-4.29105222487757,11.3675)
);
#112790=DIRECTION('',(-1.,0.,0.));
#112800=DIRECTION('',(0.,1.,0.));
#112810=AXIS2_PLACEMENT_3D('',#112780,#112790,#112800);
#112820=PLANE('',#112810);
#112830=ORIENTED_EDGE('',*,*,#97580,.F.);
#112840=ORIENTED_EDGE('',*,*,#112730,.F.);
#112850=ORIENTED_EDGE('',*,*,#81250,.T.);
#112860=CARTESIAN_POINT('',(-2.06478915595127,-4.29105222487757,11.3675)
);
#112870=DIRECTION('',(0.,0.,1.));
#112880=VECTOR('',#112870,1.);
#112890=LINE('',#112860,#112880);
#112900=EDGE_CURVE('',#97570,#81160,#112890,.T.);
#112910=ORIENTED_EDGE('',*,*,#112900,.T.);
#112920=EDGE_LOOP('',(#112910,#112850,#112840,#112830));
#112930=FACE_OUTER_BOUND('',#112920,.T.);
#112940=ADVANCED_FACE('',(#112930),#112820,.T.);
#112950=CARTESIAN_POINT('',(-1.96478915595127,-4.29105222487757,11.3675)
);
#112960=DIRECTION('',(0.,0.,1.));
#112970=DIRECTION('',(0.,1.,0.));
#112980=AXIS2_PLACEMENT_3D('',#112950,#112960,#112970);
#112990=CYLINDRICAL_SURFACE('',#112980,0.1);
#113000=ORIENTED_EDGE('',*,*,#97670,.T.);
#113010=ORIENTED_EDGE('',*,*,#112900,.F.);
#113020=ORIENTED_EDGE('',*,*,#81170,.F.);
#113030=CARTESIAN_POINT('',(-1.96478915595127,-4.39105222487757,11.3675)
);
#113040=DIRECTION('',(0.,0.,1.));
#113050=VECTOR('',#113040,1.);
#113060=LINE('',#113030,#113050);
#113070=EDGE_CURVE('',#97660,#81070,#113060,.T.);
#113080=ORIENTED_EDGE('',*,*,#113070,.T.);
#113090=EDGE_LOOP('',(#113080,#113020,#113010,#113000));
#113100=FACE_OUTER_BOUND('',#113090,.T.);
#113110=ADVANCED_FACE('',(#113100),#112990,.T.);
#113120=CARTESIAN_POINT('',(-1.69478915595127,-4.39105222487757,11.3675)
);
#113130=DIRECTION('',(0.,-1.,0.));
#113140=DIRECTION('',(-1.,0.,0.));
#113150=AXIS2_PLACEMENT_3D('',#113120,#113130,#113140);
#113160=PLANE('',#113150);
#113170=ORIENTED_EDGE('',*,*,#97750,.F.);
#113180=ORIENTED_EDGE('',*,*,#113070,.F.);
#113190=ORIENTED_EDGE('',*,*,#81080,.T.);
#113200=CARTESIAN_POINT('',(-1.69478915595127,-4.39105222487757,11.5475)
);
#113210=DIRECTION('',(0.,0.,1.));
#113220=VECTOR('',#113210,1.);
#113230=LINE('',#113200,#113220);
#113240=EDGE_CURVE('',#97740,#80990,#113230,.T.);
#113250=ORIENTED_EDGE('',*,*,#113240,.T.);
#113260=EDGE_LOOP('',(#113250,#113190,#113180,#113170));
#113270=FACE_OUTER_BOUND('',#113260,.T.);
#113280=ADVANCED_FACE('',(#113270),#113160,.T.);
#113290=CARTESIAN_POINT('',(-1.69478915595127,-4.19105222487757,11.3675)
);
#113300=DIRECTION('',(1.,0.,0.));
#113310=DIRECTION('',(0.,-1.,0.));
#113320=AXIS2_PLACEMENT_3D('',#113290,#113300,#113310);
#113330=PLANE('',#113320);
#113340=ORIENTED_EDGE('',*,*,#97830,.F.);
#113350=ORIENTED_EDGE('',*,*,#113240,.F.);
#113360=ORIENTED_EDGE('',*,*,#81000,.T.);
#113370=CARTESIAN_POINT('',(-1.69478915595127,-4.19105222487757,11.3675)
);
#113380=DIRECTION('',(0.,0.,1.));
#113390=VECTOR('',#113380,1.);
#113400=LINE('',#113370,#113390);
#113410=EDGE_CURVE('',#97820,#80910,#113400,.T.);
#113420=ORIENTED_EDGE('',*,*,#113410,.T.);
#113430=EDGE_LOOP('',(#113420,#113360,#113350,#113340));
#113440=FACE_OUTER_BOUND('',#113430,.T.);
#113450=ADVANCED_FACE('',(#113440),#113330,.T.);
#113460=CARTESIAN_POINT('',(-1.59478915595127,-4.19105222487757,11.3675)
);
#113470=DIRECTION('',(0.,0.,1.));
#113480=DIRECTION('',(0.,1.,0.));
#113490=AXIS2_PLACEMENT_3D('',#113460,#113470,#113480);
#113500=CYLINDRICAL_SURFACE('',#113490,0.1);
#113510=ORIENTED_EDGE('',*,*,#97920,.F.);
#113520=ORIENTED_EDGE('',*,*,#113410,.F.);
#113530=ORIENTED_EDGE('',*,*,#80920,.T.);
#113540=CARTESIAN_POINT('',(-1.59478915595127,-4.09105222487757,11.3675)
);
#113550=DIRECTION('',(0.,0.,1.));
#113560=VECTOR('',#113550,1.);
#113570=LINE('',#113540,#113560);
#113580=EDGE_CURVE('',#97910,#80820,#113570,.T.);
#113590=ORIENTED_EDGE('',*,*,#113580,.T.);
#113600=EDGE_LOOP('',(#113590,#113530,#113520,#113510));
#113610=FACE_OUTER_BOUND('',#113600,.T.);
#113620=ADVANCED_FACE('',(#113610),#113500,.F.);
#113630=CARTESIAN_POINT('',(-1.56478915595127,-4.09105222487757,11.3675)
);
#113640=DIRECTION('',(0.,-1.,0.));
#113650=DIRECTION('',(-1.,0.,0.));
#113660=AXIS2_PLACEMENT_3D('',#113630,#113640,#113650);
#113670=PLANE('',#113660);
#113680=ORIENTED_EDGE('',*,*,#98000,.F.);
#113690=ORIENTED_EDGE('',*,*,#113580,.F.);
#113700=ORIENTED_EDGE('',*,*,#80830,.T.);
#113710=CARTESIAN_POINT('',(-1.56478915595127,-4.09105222487757,11.3675)
);
#113720=DIRECTION('',(0.,0.,1.));
#113730=VECTOR('',#113720,1.);
#113740=LINE('',#113710,#113730);
#113750=EDGE_CURVE('',#97990,#80740,#113740,.T.);
#113760=ORIENTED_EDGE('',*,*,#113750,.T.);
#113770=EDGE_LOOP('',(#113760,#113700,#113690,#113680));
#113780=FACE_OUTER_BOUND('',#113770,.T.);
#113790=ADVANCED_FACE('',(#113780),#113670,.T.);
#113800=CARTESIAN_POINT('',(-1.56478915595127,-3.99105222487758,11.3675)
);
#113810=DIRECTION('',(0.,0.,1.));
#113820=DIRECTION('',(0.,1.,0.));
#113830=AXIS2_PLACEMENT_3D('',#113800,#113810,#113820);
#113840=CYLINDRICAL_SURFACE('',#113830,0.1);
#113850=ORIENTED_EDGE('',*,*,#98090,.T.);
#113860=ORIENTED_EDGE('',*,*,#113750,.F.);
#113870=ORIENTED_EDGE('',*,*,#80750,.F.);
#113880=CARTESIAN_POINT('',(-1.46478915595127,-3.99105222487758,11.5475)
);
#113890=DIRECTION('',(0.,0.,1.));
#113900=VECTOR('',#113890,1.);
#113910=LINE('',#113880,#113900);
#113920=EDGE_CURVE('',#98080,#80650,#113910,.T.);
#113930=ORIENTED_EDGE('',*,*,#113920,.T.);
#113940=EDGE_LOOP('',(#113930,#113870,#113860,#113850));
#113950=FACE_OUTER_BOUND('',#113940,.T.);
#113960=ADVANCED_FACE('',(#113950),#113840,.T.);
#113970=CARTESIAN_POINT('',(-1.46478915595127,-3.79105222487757,11.3675)
);
#113980=DIRECTION('',(1.,0.,0.));
#113990=DIRECTION('',(0.,-1.,0.));
#114000=AXIS2_PLACEMENT_3D('',#113970,#113980,#113990);
#114010=PLANE('',#114000);
#114020=ORIENTED_EDGE('',*,*,#98170,.F.);
#114030=ORIENTED_EDGE('',*,*,#113920,.F.);
#114040=ORIENTED_EDGE('',*,*,#80660,.T.);
#114050=CARTESIAN_POINT('',(-1.46478915595127,-3.79105222487757,11.5475)
);
#114060=DIRECTION('',(0.,0.,1.));
#114070=VECTOR('',#114060,1.);
#114080=LINE('',#114050,#114070);
#114090=EDGE_CURVE('',#98160,#80570,#114080,.T.);
#114100=ORIENTED_EDGE('',*,*,#114090,.T.);
#114110=EDGE_LOOP('',(#114100,#114040,#114030,#114020));
#114120=FACE_OUTER_BOUND('',#114110,.T.);
#114130=ADVANCED_FACE('',(#114120),#114010,.T.);
#114140=CARTESIAN_POINT('',(-1.36478915595127,-3.79105222487757,11.3675)
);
#114150=DIRECTION('',(0.,0.,1.));
#114160=DIRECTION('',(0.,1.,0.));
#114170=AXIS2_PLACEMENT_3D('',#114140,#114150,#114160);
#114180=CYLINDRICAL_SURFACE('',#114170,0.1);
#114190=ORIENTED_EDGE('',*,*,#98260,.F.);
#114200=ORIENTED_EDGE('',*,*,#114090,.F.);
#114210=ORIENTED_EDGE('',*,*,#80580,.T.);
#114220=CARTESIAN_POINT('',(-1.36478915595127,-3.69105222487757,11.3675)
);
#114230=DIRECTION('',(0.,0.,1.));
#114240=VECTOR('',#114230,1.);
#114250=LINE('',#114220,#114240);
#114260=EDGE_CURVE('',#98250,#80480,#114250,.T.);
#114270=ORIENTED_EDGE('',*,*,#114260,.T.);
#114280=EDGE_LOOP('',(#114270,#114210,#114200,#114190));
#114290=FACE_OUTER_BOUND('',#114280,.T.);
#114300=ADVANCED_FACE('',(#114290),#114180,.F.);
#114310=CARTESIAN_POINT('',(-0.0647891559512659,-3.69105222487757,
11.3675));
#114320=DIRECTION('',(0.,-1.,0.));
#114330=DIRECTION('',(-1.,0.,0.));
#114340=AXIS2_PLACEMENT_3D('',#114310,#114320,#114330);
#114350=PLANE('',#114340);
#114360=ORIENTED_EDGE('',*,*,#98340,.F.);
#114370=ORIENTED_EDGE('',*,*,#114260,.F.);
#114380=ORIENTED_EDGE('',*,*,#80490,.T.);
#114390=CARTESIAN_POINT('',(-0.0647891559512659,-3.69105222487757,
11.5475));
#114400=DIRECTION('',(0.,0.,1.));
#114410=VECTOR('',#114400,1.);
#114420=LINE('',#114390,#114410);
#114430=EDGE_CURVE('',#98330,#80400,#114420,.T.);
#114440=ORIENTED_EDGE('',*,*,#114430,.T.);
#114450=EDGE_LOOP('',(#114440,#114380,#114370,#114360));
#114460=FACE_OUTER_BOUND('',#114450,.T.);
#114470=ADVANCED_FACE('',(#114460),#114350,.T.);
#114480=CARTESIAN_POINT('',(-0.0647891559512659,-3.34105222487757,
11.3675));
#114490=DIRECTION('',(1.,0.,0.));
#114500=DIRECTION('',(0.,-1.,0.));
#114510=AXIS2_PLACEMENT_3D('',#114480,#114490,#114500);
#114520=PLANE('',#114510);
#114530=ORIENTED_EDGE('',*,*,#98420,.F.);
#114540=ORIENTED_EDGE('',*,*,#114430,.F.);
#114550=ORIENTED_EDGE('',*,*,#80410,.T.);
#114560=ORIENTED_EDGE('',*,*,#107230,.F.);
#114570=EDGE_LOOP('',(#114560,#114550,#114540,#114530));
#114580=FACE_OUTER_BOUND('',#114570,.T.);
#114590=ADVANCED_FACE('',(#114580),#114520,.T.);
#114600=CARTESIAN_POINT('',(-1.71478915595127,-3.34105222487757,11.055))
;
#114610=DIRECTION('',(1.,0.,0.));
#114620=DIRECTION('',(0.,-1.,0.));
#114630=AXIS2_PLACEMENT_3D('',#114600,#114610,#114620);
#114640=PLANE('',#114630);
#114650=ORIENTED_EDGE('',*,*,#97080,.F.);
#114660=CARTESIAN_POINT('',(-1.71478915595127,1.00894777512243,13.615));
#114670=DIRECTION('',(0.,0.889933250556876,0.456090790910398));
#114680=VECTOR('',#114670,1.);
#114690=LINE('',#114660,#114680);
#114700=CARTESIAN_POINT('',(-1.71478915595127,-3.59105222487757,11.2575)
);
#114710=VERTEX_POINT('',#114700);
#114720=EDGE_CURVE('',#114710,#97070,#114690,.T.);
#114730=ORIENTED_EDGE('',*,*,#114720,.T.);
#114740=CARTESIAN_POINT('',(-1.71478915595127,-3.59105222487757,11.055))
;
#114750=DIRECTION('',(0.,0.,1.));
#114760=VECTOR('',#114750,1.);
#114770=LINE('',#114740,#114760);
#114780=EDGE_CURVE('',#96300,#114710,#114770,.T.);
#114790=ORIENTED_EDGE('',*,*,#114780,.T.);
#114800=ORIENTED_EDGE('',*,*,#96310,.F.);
#114810=CARTESIAN_POINT('',(-1.71478915595127,1.00894777512243,11.0575))
;
#114820=DIRECTION('',(0.,1.,0.));
#114830=VECTOR('',#114820,1.);
#114840=LINE('',#114810,#114830);
#114850=EDGE_CURVE('',#96200,#85190,#114840,.T.);
#114860=ORIENTED_EDGE('',*,*,#114850,.F.);
#114870=ORIENTED_EDGE('',*,*,#85200,.F.);
#114880=EDGE_LOOP('',(#114870,#114860,#114800,#114790,#114730,#114650));
#114890=FACE_OUTER_BOUND('',#114880,.T.);
#114900=ADVANCED_FACE('',(#114890),#114640,.F.);
#114910=CARTESIAN_POINT('',(-0.989789155951266,-3.49105222487758,
11.30875));
#114920=DIRECTION('',(0.,0.456090790910398,-0.889933250556876));
#114930=DIRECTION('',(0.,-0.889933250556876,-0.456090790910398));
#114940=AXIS2_PLACEMENT_3D('',#114910,#114920,#114930);
#114950=PLANE('',#114940);
#114960=ORIENTED_EDGE('',*,*,#98510,.F.);
#114970=ORIENTED_EDGE('',*,*,#96780,.F.);
#114980=CARTESIAN_POINT('',(-2.01478915595127,-3.59105222487757,11.2575)
);
#114990=DIRECTION('',(-1.,0.,0.));
#115000=VECTOR('',#114990,1.);
#115010=LINE('',#114980,#115000);
#115020=EDGE_CURVE('',#96690,#114710,#115010,.T.);
#115030=ORIENTED_EDGE('',*,*,#115020,.F.);
#115040=ORIENTED_EDGE('',*,*,#114720,.F.);
#115050=EDGE_LOOP('',(#115040,#115030,#114970,#114960));
#115060=FACE_OUTER_BOUND('',#115050,.T.);
#115070=ADVANCED_FACE('',(#115060),#114950,.F.);
#115080=CARTESIAN_POINT('',(-1.71478915595127,-3.59105222487757,11.055))
;
#115090=DIRECTION('',(0.,1.,0.));
#115100=DIRECTION('',(1.,0.,0.));
#115110=AXIS2_PLACEMENT_3D('',#115080,#115090,#115100);
#115120=PLANE('',#115110);
#115130=ORIENTED_EDGE('',*,*,#96390,.F.);
#115140=ORIENTED_EDGE('',*,*,#114780,.F.);
#115150=ORIENTED_EDGE('',*,*,#115020,.T.);
#115160=ORIENTED_EDGE('',*,*,#96700,.T.);
#115170=EDGE_LOOP('',(#115160,#115150,#115140,#115130));
#115180=FACE_OUTER_BOUND('',#115170,.T.);
#115190=ADVANCED_FACE('',(#115180),#115120,.F.);
#115200=CARTESIAN_POINT('',(-1.76478915595127,-3.59105222487757,10.8675)
);
#115210=DIRECTION('',(0.,-1.,0.));
#115220=DIRECTION('',(-1.,0.,0.));
#115230=AXIS2_PLACEMENT_3D('',#115200,#115210,#115220);
#115240=PLANE('',#115230);
#115250=CARTESIAN_POINT('',(-1.89122415595127,-3.59105222487757,10.8575)
);
#115260=DIRECTION('',(-1.,0.,0.));
#115270=VECTOR('',#115260,1.);
#115280=LINE('',#115250,#115270);
#115290=CARTESIAN_POINT('',(-1.76478915595127,-3.59105222487757,10.8575)
);
#115300=VERTEX_POINT('',#115290);
#115310=CARTESIAN_POINT('',(-1.91478915595127,-3.59105222487757,10.8575)
);
#115320=VERTEX_POINT('',#115310);
#115330=EDGE_CURVE('',#115300,#115320,#115280,.T.);
#115340=ORIENTED_EDGE('',*,*,#115330,.F.);
#115350=CARTESIAN_POINT('',(-1.91478915595127,-3.59105222487757,11.0475)
);
#115360=DIRECTION('',(0.,0.,1.));
#115370=VECTOR('',#115360,1.);
#115380=LINE('',#115350,#115370);
#115390=CARTESIAN_POINT('',(-1.91478915595127,-3.59105222487757,11.0575)
);
#115400=VERTEX_POINT('',#115390);
#115410=EDGE_CURVE('',#115320,#115400,#115380,.T.);
#115420=ORIENTED_EDGE('',*,*,#115410,.F.);
#115430=CARTESIAN_POINT('',(-1.89122415595127,-3.59105222487757,11.0575)
);
#115440=DIRECTION('',(-1.,0.,0.));
#115450=VECTOR('',#115440,1.);
#115460=LINE('',#115430,#115450);
#115470=CARTESIAN_POINT('',(-1.76478915595127,-3.59105222487757,11.0575)
);
#115480=VERTEX_POINT('',#115470);
#115490=EDGE_CURVE('',#115480,#115400,#115460,.T.);
#115500=ORIENTED_EDGE('',*,*,#115490,.T.);
#115510=CARTESIAN_POINT('',(-1.76478915595127,-3.59105222487757,10.8675)
);
#115520=DIRECTION('',(0.,0.,1.));
#115530=VECTOR('',#115520,1.);
#115540=LINE('',#115510,#115530);
#115550=EDGE_CURVE('',#115300,#115480,#115540,.T.);
#115560=ORIENTED_EDGE('',*,*,#115550,.T.);
#115570=EDGE_LOOP('',(#115560,#115500,#115420,#115340));
#115580=FACE_OUTER_BOUND('',#115570,.T.);
#115590=ADVANCED_FACE('',(#115580),#115240,.T.);
#115600=CARTESIAN_POINT('',(-1.45941818394728,-1.06738394494655,10.8575)
);
#115610=DIRECTION('',(0.,0.,-1.));
#115620=DIRECTION('',(-1.,0.,0.));
#115630=AXIS2_PLACEMENT_3D('',#115600,#115610,#115620);
#115640=PLANE('',#115630);
#115650=ORIENTED_EDGE('',*,*,#107050,.F.);
#115660=ORIENTED_EDGE('',*,*,#95870,.T.);
#115670=ORIENTED_EDGE('',*,*,#95040,.T.);
#115680=ORIENTED_EDGE('',*,*,#95400,.T.);
#115690=ORIENTED_EDGE('',*,*,#85440,.F.);
#115700=CARTESIAN_POINT('',(-1.91478915595127,-0.709445224877575,10.8575
));
#115710=DIRECTION('',(0.,1.,0.));
#115720=VECTOR('',#115710,1.);
#115730=LINE('',#115700,#115720);
#115740=EDGE_CURVE('',#115320,#85350,#115730,.T.);
#115750=ORIENTED_EDGE('',*,*,#115740,.T.);
#115760=ORIENTED_EDGE('',*,*,#115330,.T.);
#115770=CARTESIAN_POINT('',(-1.76478915595127,-0.709445224877575,10.8575
));
#115780=DIRECTION('',(0.,1.,0.));
#115790=VECTOR('',#115780,1.);
#115800=LINE('',#115770,#115790);
#115810=CARTESIAN_POINT('',(-1.76478915595127,-3.79105222487757,10.8575)
);
#115820=VERTEX_POINT('',#115810);
#115830=EDGE_CURVE('',#115820,#115300,#115800,.T.);
#115840=ORIENTED_EDGE('',*,*,#115830,.T.);
#115850=CARTESIAN_POINT('',(-1.89122415595127,-3.84812703587276,10.8575)
);
#115860=DIRECTION('',(0.911437827766148,0.411437827766147,0.));
#115870=VECTOR('',#115860,1.);
#115880=LINE('',#115850,#115870);
#115890=CARTESIAN_POINT('',(-2.00593293872788,-3.89990844210096,10.8575)
);
#115900=VERTEX_POINT('',#115890);
#115910=EDGE_CURVE('',#115900,#115820,#115880,.T.);
#115920=ORIENTED_EDGE('',*,*,#115910,.T.);
#115930=CARTESIAN_POINT('',(-1.96478915595127,-3.99105222487758,10.8575)
);
#115940=DIRECTION('',(0.,0.,1.));
#115950=DIRECTION('',(0.,1.,0.));
#115960=AXIS2_PLACEMENT_3D('',#115930,#115940,#115950);
#115970=CIRCLE('',#115960,0.1);
#115980=CARTESIAN_POINT('',(-2.06478915595127,-3.99105222487758,10.8575)
);
#115990=VERTEX_POINT('',#115980);
#116000=EDGE_CURVE('',#115900,#115990,#115970,.T.);
#116010=ORIENTED_EDGE('',*,*,#116000,.F.);
#116020=CARTESIAN_POINT('',(-2.06478915595127,-0.709445224877575,10.8575
));
#116030=DIRECTION('',(0.,1.,0.));
#116040=VECTOR('',#116030,1.);
#116050=LINE('',#116020,#116040);
#116060=CARTESIAN_POINT('',(-2.06478915595127,-4.29105222487757,10.8575)
);
#116070=VERTEX_POINT('',#116060);
#116080=EDGE_CURVE('',#116070,#115990,#116050,.T.);
#116090=ORIENTED_EDGE('',*,*,#116080,.T.);
#116100=CARTESIAN_POINT('',(-1.96478915595127,-4.29105222487757,10.8575)
);
#116110=DIRECTION('',(0.,0.,1.));
#116120=DIRECTION('',(0.,1.,0.));
#116130=AXIS2_PLACEMENT_3D('',#116100,#116110,#116120);
#116140=CIRCLE('',#116130,0.1);
#116150=CARTESIAN_POINT('',(-1.96478915595127,-4.39105222487757,10.8575)
);
#116160=VERTEX_POINT('',#116150);
#116170=EDGE_CURVE('',#116070,#116160,#116140,.T.);
#116180=ORIENTED_EDGE('',*,*,#116170,.F.);
#116190=CARTESIAN_POINT('',(-1.89122415595127,-4.39105222487757,10.8575)
);
#116200=DIRECTION('',(-1.,0.,0.));
#116210=VECTOR('',#116200,1.);
#116220=LINE('',#116190,#116210);
#116230=CARTESIAN_POINT('',(-1.69478915595127,-4.39105222487757,10.8575)
);
#116240=VERTEX_POINT('',#116230);
#116250=EDGE_CURVE('',#116240,#116160,#116220,.T.);
#116260=ORIENTED_EDGE('',*,*,#116250,.T.);
#116270=CARTESIAN_POINT('',(-1.69478915595127,-0.709445224877575,10.8575
));
#116280=DIRECTION('',(0.,-1.,0.));
#116290=VECTOR('',#116280,1.);
#116300=LINE('',#116270,#116290);
#116310=CARTESIAN_POINT('',(-1.69478915595127,-4.19105222487757,10.8575)
);
#116320=VERTEX_POINT('',#116310);
#116330=EDGE_CURVE('',#116320,#116240,#116300,.T.);
#116340=ORIENTED_EDGE('',*,*,#116330,.T.);
#116350=CARTESIAN_POINT('',(-1.59478915595127,-4.19105222487757,10.8575)
);
#116360=DIRECTION('',(0.,0.,1.));
#116370=DIRECTION('',(0.,1.,0.));
#116380=AXIS2_PLACEMENT_3D('',#116350,#116360,#116370);
#116390=CIRCLE('',#116380,0.1);
#116400=CARTESIAN_POINT('',(-1.59478915595127,-4.09105222487757,10.8575)
);
#116410=VERTEX_POINT('',#116400);
#116420=EDGE_CURVE('',#116410,#116320,#116390,.T.);
#116430=ORIENTED_EDGE('',*,*,#116420,.T.);
#116440=CARTESIAN_POINT('',(-1.89122415595127,-4.09105222487757,10.8575)
);
#116450=DIRECTION('',(-1.,0.,0.));
#116460=VECTOR('',#116450,1.);
#116470=LINE('',#116440,#116460);
#116480=CARTESIAN_POINT('',(-1.56478915595127,-4.09105222487757,10.8575)
);
#116490=VERTEX_POINT('',#116480);
#116500=EDGE_CURVE('',#116490,#116410,#116470,.T.);
#116510=ORIENTED_EDGE('',*,*,#116500,.T.);
#116520=CARTESIAN_POINT('',(-1.56478915595127,-3.99105222487758,10.8575)
);
#116530=DIRECTION('',(0.,0.,1.));
#116540=DIRECTION('',(0.,1.,0.));
#116550=AXIS2_PLACEMENT_3D('',#116520,#116530,#116540);
#116560=CIRCLE('',#116550,0.1);
#116570=CARTESIAN_POINT('',(-1.46478915595127,-3.99105222487758,10.8575)
);
#116580=VERTEX_POINT('',#116570);
#116590=EDGE_CURVE('',#116490,#116580,#116560,.T.);
#116600=ORIENTED_EDGE('',*,*,#116590,.F.);
#116610=CARTESIAN_POINT('',(-1.46478915595127,-0.709445224877575,10.8575
));
#116620=DIRECTION('',(0.,-1.,0.));
#116630=VECTOR('',#116620,1.);
#116640=LINE('',#116610,#116630);
#116650=CARTESIAN_POINT('',(-1.46478915595127,-3.79105222487757,10.8575)
);
#116660=VERTEX_POINT('',#116650);
#116670=EDGE_CURVE('',#116660,#116580,#116640,.T.);
#116680=ORIENTED_EDGE('',*,*,#116670,.T.);
#116690=CARTESIAN_POINT('',(-1.36478915595127,-3.79105222487757,10.8575)
);
#116700=DIRECTION('',(0.,0.,1.));
#116710=DIRECTION('',(0.,1.,0.));
#116720=AXIS2_PLACEMENT_3D('',#116690,#116700,#116710);
#116730=CIRCLE('',#116720,0.1);
#116740=CARTESIAN_POINT('',(-1.36478915595127,-3.69105222487757,10.8575)
);
#116750=VERTEX_POINT('',#116740);
#116760=EDGE_CURVE('',#116750,#116660,#116730,.T.);
#116770=ORIENTED_EDGE('',*,*,#116760,.T.);
#116780=CARTESIAN_POINT('',(-1.89122415595127,-3.69105222487757,10.8575)
);
#116790=DIRECTION('',(-1.,0.,0.));
#116800=VECTOR('',#116790,1.);
#116810=LINE('',#116780,#116800);
#116820=CARTESIAN_POINT('',(-0.0647891559512659,-3.69105222487757,
10.8575));
#116830=VERTEX_POINT('',#116820);
#116840=EDGE_CURVE('',#116830,#116750,#116810,.T.);
#116850=ORIENTED_EDGE('',*,*,#116840,.T.);
#116860=CARTESIAN_POINT('',(-0.0647891559512659,-0.709445224877575,
10.8575));
#116870=DIRECTION('',(0.,-1.,0.));
#116880=VECTOR('',#116870,1.);
#116890=LINE('',#116860,#116880);
#116900=EDGE_CURVE('',#107040,#116830,#116890,.T.);
#116910=ORIENTED_EDGE('',*,*,#116900,.T.);
#116920=EDGE_LOOP('',(#116910,#116850,#116770,#116680,#116600,#116510,
#116430,#116340,#116260,#116180,#116090,#116010,#115920,#115840,#115760,
#115750,#115690,#115680,#115670,#115660,#115650));
#116930=FACE_OUTER_BOUND('',#116920,.T.);
#116940=ADVANCED_FACE('',(#116930),#115640,.T.);
#116950=CARTESIAN_POINT('',(-2.00593293872788,-3.89990844210096,10.8675)
);
#116960=DIRECTION('',(-0.411437827766147,0.911437827766148,0.));
#116970=DIRECTION('',(0.911437827766148,0.411437827766147,0.));
#116980=AXIS2_PLACEMENT_3D('',#116950,#116960,#116970);
#116990=PLANE('',#116980);
#117000=ORIENTED_EDGE('',*,*,#115910,.F.);
#117010=CARTESIAN_POINT('',(-1.76478915595127,-3.79105222487757,10.8675)
);
#117020=DIRECTION('',(0.,0.,1.));
#117030=VECTOR('',#117020,1.);
#117040=LINE('',#117010,#117030);
#117050=CARTESIAN_POINT('',(-1.76478915595127,-3.79105222487757,11.0575)
);
#117060=VERTEX_POINT('',#117050);
#117070=EDGE_CURVE('',#115820,#117060,#117040,.T.);
#117080=ORIENTED_EDGE('',*,*,#117070,.F.);
#117090=CARTESIAN_POINT('',(-1.89122415595127,-3.84812703587276,11.0575)
);
#117100=DIRECTION('',(0.911437827766148,0.411437827766147,0.));
#117110=VECTOR('',#117100,1.);
#117120=LINE('',#117090,#117110);
#117130=CARTESIAN_POINT('',(-2.00593293872788,-3.89990844210096,11.0575)
);
#117140=VERTEX_POINT('',#117130);
#117150=EDGE_CURVE('',#117140,#117060,#117120,.T.);
#117160=ORIENTED_EDGE('',*,*,#117150,.T.);
#117170=CARTESIAN_POINT('',(-2.00593293872788,-3.89990844210096,11.0475)
);
#117180=DIRECTION('',(0.,0.,1.));
#117190=VECTOR('',#117180,1.);
#117200=LINE('',#117170,#117190);
#117210=EDGE_CURVE('',#115900,#117140,#117200,.T.);
#117220=ORIENTED_EDGE('',*,*,#117210,.T.);
#117230=EDGE_LOOP('',(#117220,#117160,#117080,#117000));
#117240=FACE_OUTER_BOUND('',#117230,.T.);
#117250=ADVANCED_FACE('',(#117240),#116990,.T.);
#117260=CARTESIAN_POINT('',(-1.96478915595127,-3.99105222487758,10.8675)
);
#117270=DIRECTION('',(0.,0.,1.));
#117280=DIRECTION('',(0.,1.,0.));
#117290=AXIS2_PLACEMENT_3D('',#117260,#117270,#117280);
#117300=CYLINDRICAL_SURFACE('',#117290,0.1);
#117310=ORIENTED_EDGE('',*,*,#116000,.T.);
#117320=ORIENTED_EDGE('',*,*,#117210,.F.);
#117330=CARTESIAN_POINT('',(-1.96478915595127,-3.99105222487758,11.0575)
);
#117340=DIRECTION('',(0.,0.,1.));
#117350=DIRECTION('',(0.,1.,0.));
#117360=AXIS2_PLACEMENT_3D('',#117330,#117340,#117350);
#117370=CIRCLE('',#117360,0.1);
#117380=CARTESIAN_POINT('',(-2.06478915595127,-3.99105222487758,11.0575)
);
#117390=VERTEX_POINT('',#117380);
#117400=EDGE_CURVE('',#117140,#117390,#117370,.T.);
#117410=ORIENTED_EDGE('',*,*,#117400,.F.);
#117420=CARTESIAN_POINT('',(-2.06478915595127,-3.99105222487758,10.8675)
);
#117430=DIRECTION('',(0.,0.,1.));
#117440=VECTOR('',#117430,1.);
#117450=LINE('',#117420,#117440);
#117460=EDGE_CURVE('',#115990,#117390,#117450,.T.);
#117470=ORIENTED_EDGE('',*,*,#117460,.T.);
#117480=EDGE_LOOP('',(#117470,#117410,#117320,#117310));
#117490=FACE_OUTER_BOUND('',#117480,.T.);
#117500=ADVANCED_FACE('',(#117490),#117300,.T.);
#117510=CARTESIAN_POINT('',(-2.06478915595127,-4.29105222487757,10.8675)
);
#117520=DIRECTION('',(-1.,0.,0.));
#117530=DIRECTION('',(0.,1.,0.));
#117540=AXIS2_PLACEMENT_3D('',#117510,#117520,#117530);
#117550=PLANE('',#117540);
#117560=ORIENTED_EDGE('',*,*,#116080,.F.);
#117570=ORIENTED_EDGE('',*,*,#117460,.F.);
#117580=CARTESIAN_POINT('',(-2.06478915595127,-0.709445224877575,11.0575
));
#117590=DIRECTION('',(0.,1.,0.));
#117600=VECTOR('',#117590,1.);
#117610=LINE('',#117580,#117600);
#117620=CARTESIAN_POINT('',(-2.06478915595127,-4.29105222487757,11.0575)
);
#117630=VERTEX_POINT('',#117620);
#117640=EDGE_CURVE('',#117630,#117390,#117610,.T.);
#117650=ORIENTED_EDGE('',*,*,#117640,.T.);
#117660=CARTESIAN_POINT('',(-2.06478915595127,-4.29105222487757,10.8675)
);
#117670=DIRECTION('',(0.,0.,1.));
#117680=VECTOR('',#117670,1.);
#117690=LINE('',#117660,#117680);
#117700=EDGE_CURVE('',#116070,#117630,#117690,.T.);
#117710=ORIENTED_EDGE('',*,*,#117700,.T.);
#117720=EDGE_LOOP('',(#117710,#117650,#117570,#117560));
#117730=FACE_OUTER_BOUND('',#117720,.T.);
#117740=ADVANCED_FACE('',(#117730),#117550,.T.);
#117750=CARTESIAN_POINT('',(-1.96478915595127,-4.29105222487757,10.8675)
);
#117760=DIRECTION('',(0.,0.,1.));
#117770=DIRECTION('',(0.,1.,0.));
#117780=AXIS2_PLACEMENT_3D('',#117750,#117760,#117770);
#117790=CYLINDRICAL_SURFACE('',#117780,0.1);
#117800=ORIENTED_EDGE('',*,*,#116170,.T.);
#117810=ORIENTED_EDGE('',*,*,#117700,.F.);
#117820=CARTESIAN_POINT('',(-1.96478915595127,-4.29105222487757,11.0575)
);
#117830=DIRECTION('',(0.,0.,1.));
#117840=DIRECTION('',(0.,1.,0.));
#117850=AXIS2_PLACEMENT_3D('',#117820,#117830,#117840);
#117860=CIRCLE('',#117850,0.1);
#117870=CARTESIAN_POINT('',(-1.96478915595127,-4.39105222487757,11.0575)
);
#117880=VERTEX_POINT('',#117870);
#117890=EDGE_CURVE('',#117630,#117880,#117860,.T.);
#117900=ORIENTED_EDGE('',*,*,#117890,.F.);
#117910=CARTESIAN_POINT('',(-1.96478915595127,-4.39105222487757,10.8675)
);
#117920=DIRECTION('',(0.,0.,1.));
#117930=VECTOR('',#117920,1.);
#117940=LINE('',#117910,#117930);
#117950=EDGE_CURVE('',#116160,#117880,#117940,.T.);
#117960=ORIENTED_EDGE('',*,*,#117950,.T.);
#117970=EDGE_LOOP('',(#117960,#117900,#117810,#117800));
#117980=FACE_OUTER_BOUND('',#117970,.T.);
#117990=ADVANCED_FACE('',(#117980),#117790,.T.);
#118000=CARTESIAN_POINT('',(-1.69478915595127,-4.39105222487757,10.8675)
);
#118010=DIRECTION('',(0.,-1.,0.));
#118020=DIRECTION('',(-1.,0.,0.));
#118030=AXIS2_PLACEMENT_3D('',#118000,#118010,#118020);
#118040=PLANE('',#118030);
#118050=ORIENTED_EDGE('',*,*,#116250,.F.);
#118060=ORIENTED_EDGE('',*,*,#117950,.F.);
#118070=CARTESIAN_POINT('',(-1.89122415595127,-4.39105222487757,11.0575)
);
#118080=DIRECTION('',(-1.,0.,0.));
#118090=VECTOR('',#118080,1.);
#118100=LINE('',#118070,#118090);
#118110=CARTESIAN_POINT('',(-1.69478915595127,-4.39105222487757,11.0575)
);
#118120=VERTEX_POINT('',#118110);
#118130=EDGE_CURVE('',#118120,#117880,#118100,.T.);
#118140=ORIENTED_EDGE('',*,*,#118130,.T.);
#118150=CARTESIAN_POINT('',(-1.69478915595127,-4.39105222487757,11.0475)
);
#118160=DIRECTION('',(0.,0.,1.));
#118170=VECTOR('',#118160,1.);
#118180=LINE('',#118150,#118170);
#118190=EDGE_CURVE('',#116240,#118120,#118180,.T.);
#118200=ORIENTED_EDGE('',*,*,#118190,.T.);
#118210=EDGE_LOOP('',(#118200,#118140,#118060,#118050));
#118220=FACE_OUTER_BOUND('',#118210,.T.);
#118230=ADVANCED_FACE('',(#118220),#118040,.T.);
#118240=CARTESIAN_POINT('',(-1.69478915595127,-4.19105222487757,10.8675)
);
#118250=DIRECTION('',(1.,0.,0.));
#118260=DIRECTION('',(0.,-1.,0.));
#118270=AXIS2_PLACEMENT_3D('',#118240,#118250,#118260);
#118280=PLANE('',#118270);
#118290=ORIENTED_EDGE('',*,*,#116330,.F.);
#118300=ORIENTED_EDGE('',*,*,#118190,.F.);
#118310=CARTESIAN_POINT('',(-1.69478915595127,-0.709445224877575,11.0575
));
#118320=DIRECTION('',(0.,-1.,0.));
#118330=VECTOR('',#118320,1.);
#118340=LINE('',#118310,#118330);
#118350=CARTESIAN_POINT('',(-1.69478915595127,-4.19105222487757,11.0575)
);
#118360=VERTEX_POINT('',#118350);
#118370=EDGE_CURVE('',#118360,#118120,#118340,.T.);
#118380=ORIENTED_EDGE('',*,*,#118370,.T.);
#118390=CARTESIAN_POINT('',(-1.69478915595127,-4.19105222487757,10.8675)
);
#118400=DIRECTION('',(0.,0.,1.));
#118410=VECTOR('',#118400,1.);
#118420=LINE('',#118390,#118410);
#118430=EDGE_CURVE('',#116320,#118360,#118420,.T.);
#118440=ORIENTED_EDGE('',*,*,#118430,.T.);
#118450=EDGE_LOOP('',(#118440,#118380,#118300,#118290));
#118460=FACE_OUTER_BOUND('',#118450,.T.);
#118470=ADVANCED_FACE('',(#118460),#118280,.T.);
#118480=CARTESIAN_POINT('',(-1.59478915595127,-4.19105222487757,10.8675)
);
#118490=DIRECTION('',(0.,0.,1.));
#118500=DIRECTION('',(0.,1.,0.));
#118510=AXIS2_PLACEMENT_3D('',#118480,#118490,#118500);
#118520=CYLINDRICAL_SURFACE('',#118510,0.1);
#118530=ORIENTED_EDGE('',*,*,#116420,.F.);
#118540=ORIENTED_EDGE('',*,*,#118430,.F.);
#118550=CARTESIAN_POINT('',(-1.59478915595127,-4.19105222487757,11.0575)
);
#118560=DIRECTION('',(0.,0.,1.));
#118570=DIRECTION('',(0.,1.,0.));
#118580=AXIS2_PLACEMENT_3D('',#118550,#118560,#118570);
#118590=CIRCLE('',#118580,0.1);
#118600=CARTESIAN_POINT('',(-1.59478915595127,-4.09105222487757,11.0575)
);
#118610=VERTEX_POINT('',#118600);
#118620=EDGE_CURVE('',#118610,#118360,#118590,.T.);
#118630=ORIENTED_EDGE('',*,*,#118620,.T.);
#118640=CARTESIAN_POINT('',(-1.59478915595127,-4.09105222487757,10.8675)
);
#118650=DIRECTION('',(0.,0.,1.));
#118660=VECTOR('',#118650,1.);
#118670=LINE('',#118640,#118660);
#118680=EDGE_CURVE('',#116410,#118610,#118670,.T.);
#118690=ORIENTED_EDGE('',*,*,#118680,.T.);
#118700=EDGE_LOOP('',(#118690,#118630,#118540,#118530));
#118710=FACE_OUTER_BOUND('',#118700,.T.);
#118720=ADVANCED_FACE('',(#118710),#118520,.F.);
#118730=CARTESIAN_POINT('',(-1.56478915595127,-4.09105222487757,10.8675)
);
#118740=DIRECTION('',(0.,-1.,0.));
#118750=DIRECTION('',(-1.,0.,0.));
#118760=AXIS2_PLACEMENT_3D('',#118730,#118740,#118750);
#118770=PLANE('',#118760);
#118780=ORIENTED_EDGE('',*,*,#116500,.F.);
#118790=ORIENTED_EDGE('',*,*,#118680,.F.);
#118800=CARTESIAN_POINT('',(-1.89122415595127,-4.09105222487757,11.0575)
);
#118810=DIRECTION('',(-1.,0.,0.));
#118820=VECTOR('',#118810,1.);
#118830=LINE('',#118800,#118820);
#118840=CARTESIAN_POINT('',(-1.56478915595127,-4.09105222487757,11.0575)
);
#118850=VERTEX_POINT('',#118840);
#118860=EDGE_CURVE('',#118850,#118610,#118830,.T.);
#118870=ORIENTED_EDGE('',*,*,#118860,.T.);
#118880=CARTESIAN_POINT('',(-1.56478915595127,-4.09105222487757,10.8675)
);
#118890=DIRECTION('',(0.,0.,1.));
#118900=VECTOR('',#118890,1.);
#118910=LINE('',#118880,#118900);
#118920=EDGE_CURVE('',#116490,#118850,#118910,.T.);
#118930=ORIENTED_EDGE('',*,*,#118920,.T.);
#118940=EDGE_LOOP('',(#118930,#118870,#118790,#118780));
#118950=FACE_OUTER_BOUND('',#118940,.T.);
#118960=ADVANCED_FACE('',(#118950),#118770,.T.);
#118970=CARTESIAN_POINT('',(-1.56478915595127,-3.99105222487758,10.8675)
);
#118980=DIRECTION('',(0.,0.,1.));
#118990=DIRECTION('',(0.,1.,0.));
#119000=AXIS2_PLACEMENT_3D('',#118970,#118980,#118990);
#119010=CYLINDRICAL_SURFACE('',#119000,0.1);
#119020=ORIENTED_EDGE('',*,*,#116590,.T.);
#119030=ORIENTED_EDGE('',*,*,#118920,.F.);
#119040=CARTESIAN_POINT('',(-1.56478915595127,-3.99105222487758,11.0575)
);
#119050=DIRECTION('',(0.,0.,1.));
#119060=DIRECTION('',(0.,1.,0.));
#119070=AXIS2_PLACEMENT_3D('',#119040,#119050,#119060);
#119080=CIRCLE('',#119070,0.1);
#119090=CARTESIAN_POINT('',(-1.46478915595127,-3.99105222487758,11.0575)
);
#119100=VERTEX_POINT('',#119090);
#119110=EDGE_CURVE('',#118850,#119100,#119080,.T.);
#119120=ORIENTED_EDGE('',*,*,#119110,.F.);
#119130=CARTESIAN_POINT('',(-1.46478915595127,-3.99105222487758,11.0475)
);
#119140=DIRECTION('',(0.,0.,1.));
#119150=VECTOR('',#119140,1.);
#119160=LINE('',#119130,#119150);
#119170=EDGE_CURVE('',#116580,#119100,#119160,.T.);
#119180=ORIENTED_EDGE('',*,*,#119170,.T.);
#119190=EDGE_LOOP('',(#119180,#119120,#119030,#119020));
#119200=FACE_OUTER_BOUND('',#119190,.T.);
#119210=ADVANCED_FACE('',(#119200),#119010,.T.);
#119220=CARTESIAN_POINT('',(-1.76478915595127,-3.79105222487757,10.8675)
);
#119230=DIRECTION('',(-1.,0.,0.));
#119240=DIRECTION('',(0.,1.,0.));
#119250=AXIS2_PLACEMENT_3D('',#119220,#119230,#119240);
#119260=PLANE('',#119250);
#119270=ORIENTED_EDGE('',*,*,#115830,.F.);
#119280=ORIENTED_EDGE('',*,*,#115550,.F.);
#119290=CARTESIAN_POINT('',(-1.76478915595127,-0.709445224877575,11.0575
));
#119300=DIRECTION('',(0.,1.,0.));
#119310=VECTOR('',#119300,1.);
#119320=LINE('',#119290,#119310);
#119330=EDGE_CURVE('',#117060,#115480,#119320,.T.);
#119340=ORIENTED_EDGE('',*,*,#119330,.T.);
#119350=ORIENTED_EDGE('',*,*,#117070,.T.);
#119360=EDGE_LOOP('',(#119350,#119340,#119280,#119270));
#119370=FACE_OUTER_BOUND('',#119360,.T.);
#119380=ADVANCED_FACE('',(#119370),#119260,.T.);
#119390=CARTESIAN_POINT('',(-0.44011229673397,-2.19517762655054,11.0575)
);
#119400=DIRECTION('',(0.,0.,1.));
#119410=DIRECTION('',(0.,1.,0.));
#119420=AXIS2_PLACEMENT_3D('',#119390,#119400,#119410);
#119430=PLANE('',#119420);
#119440=ORIENTED_EDGE('',*,*,#96230,.F.);
#119450=ORIENTED_EDGE('',*,*,#96610,.T.);
#119460=ORIENTED_EDGE('',*,*,#107150,.F.);
#119470=CARTESIAN_POINT('',(-0.0647891559512659,-0.709445224877575,
11.0575));
#119480=DIRECTION('',(0.,-1.,0.));
#119490=VECTOR('',#119480,1.);
#119500=LINE('',#119470,#119490);
#119510=CARTESIAN_POINT('',(-0.0647891559512659,-3.69105222487757,
11.0575));
#119520=VERTEX_POINT('',#119510);
#119530=EDGE_CURVE('',#107120,#119520,#119500,.T.);
#119540=ORIENTED_EDGE('',*,*,#119530,.F.);
#119550=CARTESIAN_POINT('',(-1.89122415595127,-3.69105222487757,11.0575)
);
#119560=DIRECTION('',(-1.,0.,0.));
#119570=VECTOR('',#119560,1.);
#119580=LINE('',#119550,#119570);
#119590=CARTESIAN_POINT('',(-1.36478915595127,-3.69105222487757,11.0575)
);
#119600=VERTEX_POINT('',#119590);
#119610=EDGE_CURVE('',#119520,#119600,#119580,.T.);
#119620=ORIENTED_EDGE('',*,*,#119610,.F.);
#119630=CARTESIAN_POINT('',(-1.36478915595127,-3.79105222487757,11.0575)
);
#119640=DIRECTION('',(0.,0.,1.));
#119650=DIRECTION('',(0.,1.,0.));
#119660=AXIS2_PLACEMENT_3D('',#119630,#119640,#119650);
#119670=CIRCLE('',#119660,0.1);
#119680=CARTESIAN_POINT('',(-1.46478915595127,-3.79105222487757,11.0575)
);
#119690=VERTEX_POINT('',#119680);
#119700=EDGE_CURVE('',#119600,#119690,#119670,.T.);
#119710=ORIENTED_EDGE('',*,*,#119700,.F.);
#119720=CARTESIAN_POINT('',(-1.46478915595127,-0.709445224877575,11.0575
));
#119730=DIRECTION('',(0.,-1.,0.));
#119740=VECTOR('',#119730,1.);
#119750=LINE('',#119720,#119740);
#119760=EDGE_CURVE('',#119690,#119100,#119750,.T.);
#119770=ORIENTED_EDGE('',*,*,#119760,.F.);
#119780=ORIENTED_EDGE('',*,*,#119110,.T.);
#119790=ORIENTED_EDGE('',*,*,#118860,.F.);
#119800=ORIENTED_EDGE('',*,*,#118620,.F.);
#119810=ORIENTED_EDGE('',*,*,#118370,.F.);
#119820=ORIENTED_EDGE('',*,*,#118130,.F.);
#119830=ORIENTED_EDGE('',*,*,#117890,.T.);
#119840=ORIENTED_EDGE('',*,*,#117640,.F.);
#119850=ORIENTED_EDGE('',*,*,#117400,.T.);
#119860=ORIENTED_EDGE('',*,*,#117150,.F.);
#119870=ORIENTED_EDGE('',*,*,#119330,.F.);
#119880=ORIENTED_EDGE('',*,*,#115490,.F.);
#119890=CARTESIAN_POINT('',(-1.91478915595127,-0.709445224877575,11.0575
));
#119900=DIRECTION('',(0.,1.,0.));
#119910=VECTOR('',#119900,1.);
#119920=LINE('',#119890,#119910);
#119930=EDGE_CURVE('',#115400,#85270,#119920,.T.);
#119940=ORIENTED_EDGE('',*,*,#119930,.F.);
#119950=ORIENTED_EDGE('',*,*,#85280,.F.);
#119960=ORIENTED_EDGE('',*,*,#114850,.T.);
#119970=EDGE_LOOP('',(#119960,#119950,#119940,#119880,#119870,#119860,
#119850,#119840,#119830,#119820,#119810,#119800,#119790,#119780,#119770,
#119710,#119620,#119540,#119460,#119450,#119440));
#119980=FACE_OUTER_BOUND('',#119970,.T.);
#119990=ADVANCED_FACE('',(#119980),#119430,.T.);
#120000=CARTESIAN_POINT('',(-1.46478915595127,-3.79105222487757,10.8675)
);
#120010=DIRECTION('',(1.,0.,0.));
#120020=DIRECTION('',(0.,-1.,0.));
#120030=AXIS2_PLACEMENT_3D('',#120000,#120010,#120020);
#120040=PLANE('',#120030);
#120050=ORIENTED_EDGE('',*,*,#116670,.F.);
#120060=ORIENTED_EDGE('',*,*,#119170,.F.);
#120070=ORIENTED_EDGE('',*,*,#119760,.T.);
#120080=CARTESIAN_POINT('',(-1.46478915595127,-3.79105222487757,11.0475)
);
#120090=DIRECTION('',(0.,0.,1.));
#120100=VECTOR('',#120090,1.);
#120110=LINE('',#120080,#120100);
#120120=EDGE_CURVE('',#116660,#119690,#120110,.T.);
#120130=ORIENTED_EDGE('',*,*,#120120,.T.);
#120140=EDGE_LOOP('',(#120130,#120070,#120060,#120050));
#120150=FACE_OUTER_BOUND('',#120140,.T.);
#120160=ADVANCED_FACE('',(#120150),#120040,.T.);
#120170=CARTESIAN_POINT('',(-1.36478915595127,-3.79105222487757,10.8675)
);
#120180=DIRECTION('',(0.,0.,1.));
#120190=DIRECTION('',(0.,1.,0.));
#120200=AXIS2_PLACEMENT_3D('',#120170,#120180,#120190);
#120210=CYLINDRICAL_SURFACE('',#120200,0.1);
#120220=ORIENTED_EDGE('',*,*,#116760,.F.);
#120230=ORIENTED_EDGE('',*,*,#120120,.F.);
#120240=ORIENTED_EDGE('',*,*,#119700,.T.);
#120250=CARTESIAN_POINT('',(-1.36478915595127,-3.69105222487757,10.8675)
);
#120260=DIRECTION('',(0.,0.,1.));
#120270=VECTOR('',#120260,1.);
#120280=LINE('',#120250,#120270);
#120290=EDGE_CURVE('',#116750,#119600,#120280,.T.);
#120300=ORIENTED_EDGE('',*,*,#120290,.T.);
#120310=EDGE_LOOP('',(#120300,#120240,#120230,#120220));
#120320=FACE_OUTER_BOUND('',#120310,.T.);
#120330=ADVANCED_FACE('',(#120320),#120210,.F.);
#120340=CARTESIAN_POINT('',(-0.0647891559512659,-3.69105222487757,
10.8675));
#120350=DIRECTION('',(0.,-1.,0.));
#120360=DIRECTION('',(-1.,0.,0.));
#120370=AXIS2_PLACEMENT_3D('',#120340,#120350,#120360);
#120380=PLANE('',#120370);
#120390=ORIENTED_EDGE('',*,*,#116840,.F.);
#120400=ORIENTED_EDGE('',*,*,#120290,.F.);
#120410=ORIENTED_EDGE('',*,*,#119610,.T.);
#120420=CARTESIAN_POINT('',(-0.0647891559512659,-3.69105222487757,
11.0475));
#120430=DIRECTION('',(0.,0.,1.));
#120440=VECTOR('',#120430,1.);
#120450=LINE('',#120420,#120440);
#120460=EDGE_CURVE('',#116830,#119520,#120450,.T.);
#120470=ORIENTED_EDGE('',*,*,#120460,.T.);
#120480=EDGE_LOOP('',(#120470,#120410,#120400,#120390));
#120490=FACE_OUTER_BOUND('',#120480,.T.);
#120500=ADVANCED_FACE('',(#120490),#120380,.T.);
#120510=CARTESIAN_POINT('',(-0.0647891559512659,-3.34105222487757,
10.8675));
#120520=DIRECTION('',(1.,0.,0.));
#120530=DIRECTION('',(0.,-1.,0.));
#120540=AXIS2_PLACEMENT_3D('',#120510,#120520,#120530);
#120550=PLANE('',#120540);
#120560=ORIENTED_EDGE('',*,*,#116900,.F.);
#120570=ORIENTED_EDGE('',*,*,#120460,.F.);
#120580=ORIENTED_EDGE('',*,*,#119530,.T.);
#120590=ORIENTED_EDGE('',*,*,#107130,.F.);
#120600=EDGE_LOOP('',(#120590,#120580,#120570,#120560));
#120610=FACE_OUTER_BOUND('',#120600,.T.);
#120620=ADVANCED_FACE('',(#120610),#120550,.T.);
#120630=CARTESIAN_POINT('',(-1.76478915595127,-3.59105222487757,10.3675)
);
#120640=DIRECTION('',(0.,-1.,0.));
#120650=DIRECTION('',(-1.,0.,0.));
#120660=AXIS2_PLACEMENT_3D('',#120630,#120640,#120650);
#120670=PLANE('',#120660);
#120680=CARTESIAN_POINT('',(-1.89122415595127,-3.59105222487757,10.3575)
);
#120690=DIRECTION('',(-1.,0.,0.));
#120700=VECTOR('',#120690,1.);
#120710=LINE('',#120680,#120700);
#120720=CARTESIAN_POINT('',(-1.76478915595127,-3.59105222487757,10.3575)
);
#120730=VERTEX_POINT('',#120720);
#120740=CARTESIAN_POINT('',(-1.91478915595127,-3.59105222487757,10.3575)
);
#120750=VERTEX_POINT('',#120740);
#120760=EDGE_CURVE('',#120730,#120750,#120710,.T.);
#120770=ORIENTED_EDGE('',*,*,#120760,.F.);
#120780=CARTESIAN_POINT('',(-1.91478915595127,-3.59105222487757,10.5475)
);
#120790=DIRECTION('',(0.,0.,1.));
#120800=VECTOR('',#120790,1.);
#120810=LINE('',#120780,#120800);
#120820=CARTESIAN_POINT('',(-1.91478915595127,-3.59105222487757,10.5575)
);
#120830=VERTEX_POINT('',#120820);
#120840=EDGE_CURVE('',#120750,#120830,#120810,.T.);
#120850=ORIENTED_EDGE('',*,*,#120840,.F.);
#120860=CARTESIAN_POINT('',(-1.89122415595127,-3.59105222487757,10.5575)
);
#120870=DIRECTION('',(-1.,0.,0.));
#120880=VECTOR('',#120870,1.);
#120890=LINE('',#120860,#120880);
#120900=CARTESIAN_POINT('',(-1.76478915595127,-3.59105222487757,10.5575)
);
#120910=VERTEX_POINT('',#120900);
#120920=EDGE_CURVE('',#120910,#120830,#120890,.T.);
#120930=ORIENTED_EDGE('',*,*,#120920,.T.);
#120940=CARTESIAN_POINT('',(-1.76478915595127,-3.59105222487757,10.3675)
);
#120950=DIRECTION('',(0.,0.,1.));
#120960=VECTOR('',#120950,1.);
#120970=LINE('',#120940,#120960);
#120980=EDGE_CURVE('',#120730,#120910,#120970,.T.);
#120990=ORIENTED_EDGE('',*,*,#120980,.T.);
#121000=EDGE_LOOP('',(#120990,#120930,#120850,#120770));
#121010=FACE_OUTER_BOUND('',#121000,.T.);
#121020=ADVANCED_FACE('',(#121010),#120670,.T.);
#121030=CARTESIAN_POINT('',(-1.45941818394728,-1.06738394494655,10.3575)
);
#121040=DIRECTION('',(0.,0.,-1.));
#121050=DIRECTION('',(-1.,0.,0.));
#121060=AXIS2_PLACEMENT_3D('',#121030,#121040,#121050);
#121070=PLANE('',#121060);
#121080=ORIENTED_EDGE('',*,*,#82100,.T.);
#121090=CARTESIAN_POINT('',(-1.71478915595127,1.00894777512243,10.3575))
;
#121100=DIRECTION('',(0.,-1.,0.));
#121110=VECTOR('',#121100,1.);
#121120=LINE('',#121090,#121110);
#121130=EDGE_CURVE('',#85750,#82070,#121120,.T.);
#121140=ORIENTED_EDGE('',*,*,#121130,.T.);
#121150=ORIENTED_EDGE('',*,*,#85760,.F.);
#121160=CARTESIAN_POINT('',(-1.91478915595127,-0.709445224877575,10.3575
));
#121170=DIRECTION('',(0.,1.,0.));
#121180=VECTOR('',#121170,1.);
#121190=LINE('',#121160,#121180);
#121200=EDGE_CURVE('',#120750,#85670,#121190,.T.);
#121210=ORIENTED_EDGE('',*,*,#121200,.T.);
#121220=ORIENTED_EDGE('',*,*,#120760,.T.);
#121230=CARTESIAN_POINT('',(-1.76478915595127,-0.709445224877575,10.3575
));
#121240=DIRECTION('',(0.,1.,0.));
#121250=VECTOR('',#121240,1.);
#121260=LINE('',#121230,#121250);
#121270=CARTESIAN_POINT('',(-1.76478915595127,-3.79105222487757,10.3575)
);
#121280=VERTEX_POINT('',#121270);
#121290=EDGE_CURVE('',#121280,#120730,#121260,.T.);
#121300=ORIENTED_EDGE('',*,*,#121290,.T.);
#121310=CARTESIAN_POINT('',(-1.89122415595127,-3.84812703587276,10.3575)
);
#121320=DIRECTION('',(0.911437827766148,0.411437827766147,0.));
#121330=VECTOR('',#121320,1.);
#121340=LINE('',#121310,#121330);
#121350=CARTESIAN_POINT('',(-2.00593293872788,-3.89990844210096,10.3575)
);
#121360=VERTEX_POINT('',#121350);
#121370=EDGE_CURVE('',#121360,#121280,#121340,.T.);
#121380=ORIENTED_EDGE('',*,*,#121370,.T.);
#121390=CARTESIAN_POINT('',(-1.96478915595127,-3.99105222487758,10.3575)
);
#121400=DIRECTION('',(0.,0.,1.));
#121410=DIRECTION('',(0.,1.,0.));
#121420=AXIS2_PLACEMENT_3D('',#121390,#121400,#121410);
#121430=CIRCLE('',#121420,0.1);
#121440=CARTESIAN_POINT('',(-2.06478915595127,-3.99105222487758,10.3575)
);
#121450=VERTEX_POINT('',#121440);
#121460=EDGE_CURVE('',#121360,#121450,#121430,.T.);
#121470=ORIENTED_EDGE('',*,*,#121460,.F.);
#121480=CARTESIAN_POINT('',(-2.06478915595127,-0.709445224877575,10.3575
));
#121490=DIRECTION('',(0.,1.,0.));
#121500=VECTOR('',#121490,1.);
#121510=LINE('',#121480,#121500);
#121520=CARTESIAN_POINT('',(-2.06478915595127,-4.29105222487757,10.3575)
);
#121530=VERTEX_POINT('',#121520);
#121540=EDGE_CURVE('',#121530,#121450,#121510,.T.);
#121550=ORIENTED_EDGE('',*,*,#121540,.T.);
#121560=CARTESIAN_POINT('',(-1.96478915595127,-4.29105222487757,10.3575)
);
#121570=DIRECTION('',(0.,0.,1.));
#121580=DIRECTION('',(0.,1.,0.));
#121590=AXIS2_PLACEMENT_3D('',#121560,#121570,#121580);
#121600=CIRCLE('',#121590,0.1);
#121610=CARTESIAN_POINT('',(-1.96478915595127,-4.39105222487757,10.3575)
);
#121620=VERTEX_POINT('',#121610);
#121630=EDGE_CURVE('',#121530,#121620,#121600,.T.);
#121640=ORIENTED_EDGE('',*,*,#121630,.F.);
#121650=CARTESIAN_POINT('',(-1.89122415595127,-4.39105222487757,10.3575)
);
#121660=DIRECTION('',(-1.,0.,0.));
#121670=VECTOR('',#121660,1.);
#121680=LINE('',#121650,#121670);
#121690=CARTESIAN_POINT('',(-1.69478915595127,-4.39105222487757,10.3575)
);
#121700=VERTEX_POINT('',#121690);
#121710=EDGE_CURVE('',#121700,#121620,#121680,.T.);
#121720=ORIENTED_EDGE('',*,*,#121710,.T.);
#121730=CARTESIAN_POINT('',(-1.69478915595127,-0.709445224877575,10.3575
));
#121740=DIRECTION('',(0.,-1.,0.));
#121750=VECTOR('',#121740,1.);
#121760=LINE('',#121730,#121750);
#121770=CARTESIAN_POINT('',(-1.69478915595127,-4.19105222487757,10.3575)
);
#121780=VERTEX_POINT('',#121770);
#121790=EDGE_CURVE('',#121780,#121700,#121760,.T.);
#121800=ORIENTED_EDGE('',*,*,#121790,.T.);
#121810=CARTESIAN_POINT('',(-1.59478915595127,-4.19105222487757,10.3575)
);
#121820=DIRECTION('',(0.,0.,1.));
#121830=DIRECTION('',(0.,1.,0.));
#121840=AXIS2_PLACEMENT_3D('',#121810,#121820,#121830);
#121850=CIRCLE('',#121840,0.1);
#121860=CARTESIAN_POINT('',(-1.59478915595127,-4.09105222487757,10.3575)
);
#121870=VERTEX_POINT('',#121860);
#121880=EDGE_CURVE('',#121870,#121780,#121850,.T.);
#121890=ORIENTED_EDGE('',*,*,#121880,.T.);
#121900=CARTESIAN_POINT('',(-1.89122415595127,-4.09105222487757,10.3575)
);
#121910=DIRECTION('',(-1.,0.,0.));
#121920=VECTOR('',#121910,1.);
#121930=LINE('',#121900,#121920);
#121940=CARTESIAN_POINT('',(-1.56478915595127,-4.09105222487757,10.3575)
);
#121950=VERTEX_POINT('',#121940);
#121960=EDGE_CURVE('',#121950,#121870,#121930,.T.);
#121970=ORIENTED_EDGE('',*,*,#121960,.T.);
#121980=CARTESIAN_POINT('',(-1.56478915595127,-3.99105222487758,10.3575)
);
#121990=DIRECTION('',(0.,0.,1.));
#122000=DIRECTION('',(0.,1.,0.));
#122010=AXIS2_PLACEMENT_3D('',#121980,#121990,#122000);
#122020=CIRCLE('',#122010,0.1);
#122030=CARTESIAN_POINT('',(-1.46478915595127,-3.99105222487758,10.3575)
);
#122040=VERTEX_POINT('',#122030);
#122050=EDGE_CURVE('',#121950,#122040,#122020,.T.);
#122060=ORIENTED_EDGE('',*,*,#122050,.F.);
#122070=CARTESIAN_POINT('',(-1.46478915595127,-0.709445224877575,10.3575
));
#122080=DIRECTION('',(0.,-1.,0.));
#122090=VECTOR('',#122080,1.);
#122100=LINE('',#122070,#122090);
#122110=CARTESIAN_POINT('',(-1.46478915595127,-3.79105222487757,10.3575)
);
#122120=VERTEX_POINT('',#122110);
#122130=EDGE_CURVE('',#122120,#122040,#122100,.T.);
#122140=ORIENTED_EDGE('',*,*,#122130,.T.);
#122150=CARTESIAN_POINT('',(-1.36478915595127,-3.79105222487757,10.3575)
);
#122160=DIRECTION('',(0.,0.,1.));
#122170=DIRECTION('',(0.,1.,0.));
#122180=AXIS2_PLACEMENT_3D('',#122150,#122160,#122170);
#122190=CIRCLE('',#122180,0.1);
#122200=CARTESIAN_POINT('',(-1.36478915595127,-3.69105222487757,10.3575)
);
#122210=VERTEX_POINT('',#122200);
#122220=EDGE_CURVE('',#122210,#122120,#122190,.T.);
#122230=ORIENTED_EDGE('',*,*,#122220,.T.);
#122240=CARTESIAN_POINT('',(-1.89122415595127,-3.69105222487757,10.3575)
);
#122250=DIRECTION('',(-1.,0.,0.));
#122260=VECTOR('',#122250,1.);
#122270=LINE('',#122240,#122260);
#122280=CARTESIAN_POINT('',(-0.0647891559512659,-3.69105222487757,
10.3575));
#122290=VERTEX_POINT('',#122280);
#122300=EDGE_CURVE('',#122290,#122210,#122270,.T.);
#122310=ORIENTED_EDGE('',*,*,#122300,.T.);
#122320=CARTESIAN_POINT('',(-0.0647891559512659,-0.709445224877575,
10.3575));
#122330=DIRECTION('',(0.,-1.,0.));
#122340=VECTOR('',#122330,1.);
#122350=LINE('',#122320,#122340);
#122360=EDGE_CURVE('',#106890,#122290,#122350,.T.);
#122370=ORIENTED_EDGE('',*,*,#122360,.T.);
#122380=ORIENTED_EDGE('',*,*,#106900,.F.);
#122390=ORIENTED_EDGE('',*,*,#94400,.T.);
#122400=EDGE_LOOP('',(#122390,#122380,#122370,#122310,#122230,#122140,
#122060,#121970,#121890,#121800,#121720,#121640,#121550,#121470,#121380,
#121300,#121220,#121210,#121150,#121140,#121080));
#122410=FACE_OUTER_BOUND('',#122400,.T.);
#122420=ADVANCED_FACE('',(#122410),#121070,.T.);
#122430=CARTESIAN_POINT('',(-2.00593293872788,-3.89990844210096,10.3675)
);
#122440=DIRECTION('',(-0.411437827766147,0.911437827766148,0.));
#122450=DIRECTION('',(0.911437827766148,0.411437827766147,0.));
#122460=AXIS2_PLACEMENT_3D('',#122430,#122440,#122450);
#122470=PLANE('',#122460);
#122480=ORIENTED_EDGE('',*,*,#121370,.F.);
#122490=CARTESIAN_POINT('',(-1.76478915595127,-3.79105222487757,10.3675)
);
#122500=DIRECTION('',(0.,0.,1.));
#122510=VECTOR('',#122500,1.);
#122520=LINE('',#122490,#122510);
#122530=CARTESIAN_POINT('',(-1.76478915595127,-3.79105222487757,10.5575)
);
#122540=VERTEX_POINT('',#122530);
#122550=EDGE_CURVE('',#121280,#122540,#122520,.T.);
#122560=ORIENTED_EDGE('',*,*,#122550,.F.);
#122570=CARTESIAN_POINT('',(-1.89122415595127,-3.84812703587276,10.5575)
);
#122580=DIRECTION('',(0.911437827766148,0.411437827766147,0.));
#122590=VECTOR('',#122580,1.);
#122600=LINE('',#122570,#122590);
#122610=CARTESIAN_POINT('',(-2.00593293872788,-3.89990844210096,10.5575)
);
#122620=VERTEX_POINT('',#122610);
#122630=EDGE_CURVE('',#122620,#122540,#122600,.T.);
#122640=ORIENTED_EDGE('',*,*,#122630,.T.);
#122650=CARTESIAN_POINT('',(-2.00593293872788,-3.89990844210096,10.5475)
);
#122660=DIRECTION('',(0.,0.,1.));
#122670=VECTOR('',#122660,1.);
#122680=LINE('',#122650,#122670);
#122690=EDGE_CURVE('',#121360,#122620,#122680,.T.);
#122700=ORIENTED_EDGE('',*,*,#122690,.T.);
#122710=EDGE_LOOP('',(#122700,#122640,#122560,#122480));
#122720=FACE_OUTER_BOUND('',#122710,.T.);
#122730=ADVANCED_FACE('',(#122720),#122470,.T.);
#122740=CARTESIAN_POINT('',(-1.96478915595127,-3.99105222487758,10.3675)
);
#122750=DIRECTION('',(0.,0.,1.));
#122760=DIRECTION('',(0.,1.,0.));
#122770=AXIS2_PLACEMENT_3D('',#122740,#122750,#122760);
#122780=CYLINDRICAL_SURFACE('',#122770,0.1);
#122790=ORIENTED_EDGE('',*,*,#121460,.T.);
#122800=ORIENTED_EDGE('',*,*,#122690,.F.);
#122810=CARTESIAN_POINT('',(-1.96478915595127,-3.99105222487758,10.5575)
);
#122820=DIRECTION('',(0.,0.,1.));
#122830=DIRECTION('',(0.,1.,0.));
#122840=AXIS2_PLACEMENT_3D('',#122810,#122820,#122830);
#122850=CIRCLE('',#122840,0.1);
#122860=CARTESIAN_POINT('',(-2.06478915595127,-3.99105222487758,10.5575)
);
#122870=VERTEX_POINT('',#122860);
#122880=EDGE_CURVE('',#122620,#122870,#122850,.T.);
#122890=ORIENTED_EDGE('',*,*,#122880,.F.);
#122900=CARTESIAN_POINT('',(-2.06478915595127,-3.99105222487758,10.3675)
);
#122910=DIRECTION('',(0.,0.,1.));
#122920=VECTOR('',#122910,1.);
#122930=LINE('',#122900,#122920);
#122940=EDGE_CURVE('',#121450,#122870,#122930,.T.);
#122950=ORIENTED_EDGE('',*,*,#122940,.T.);
#122960=EDGE_LOOP('',(#122950,#122890,#122800,#122790));
#122970=FACE_OUTER_BOUND('',#122960,.T.);
#122980=ADVANCED_FACE('',(#122970),#122780,.T.);
#122990=CARTESIAN_POINT('',(-2.06478915595127,-4.29105222487757,10.3675)
);
#123000=DIRECTION('',(-1.,0.,0.));
#123010=DIRECTION('',(0.,1.,0.));
#123020=AXIS2_PLACEMENT_3D('',#122990,#123000,#123010);
#123030=PLANE('',#123020);
#123040=ORIENTED_EDGE('',*,*,#121540,.F.);
#123050=ORIENTED_EDGE('',*,*,#122940,.F.);
#123060=CARTESIAN_POINT('',(-2.06478915595127,-0.709445224877575,10.5575
));
#123070=DIRECTION('',(0.,1.,0.));
#123080=VECTOR('',#123070,1.);
#123090=LINE('',#123060,#123080);
#123100=CARTESIAN_POINT('',(-2.06478915595127,-4.29105222487757,10.5575)
);
#123110=VERTEX_POINT('',#123100);
#123120=EDGE_CURVE('',#123110,#122870,#123090,.T.);
#123130=ORIENTED_EDGE('',*,*,#123120,.T.);
#123140=CARTESIAN_POINT('',(-2.06478915595127,-4.29105222487757,10.3675)
);
#123150=DIRECTION('',(0.,0.,1.));
#123160=VECTOR('',#123150,1.);
#123170=LINE('',#123140,#123160);
#123180=EDGE_CURVE('',#121530,#123110,#123170,.T.);
#123190=ORIENTED_EDGE('',*,*,#123180,.T.);
#123200=EDGE_LOOP('',(#123190,#123130,#123050,#123040));
#123210=FACE_OUTER_BOUND('',#123200,.T.);
#123220=ADVANCED_FACE('',(#123210),#123030,.T.);
#123230=CARTESIAN_POINT('',(-1.96478915595127,-4.29105222487757,10.3675)
);
#123240=DIRECTION('',(0.,0.,1.));
#123250=DIRECTION('',(0.,1.,0.));
#123260=AXIS2_PLACEMENT_3D('',#123230,#123240,#123250);
#123270=CYLINDRICAL_SURFACE('',#123260,0.1);
#123280=ORIENTED_EDGE('',*,*,#121630,.T.);
#123290=ORIENTED_EDGE('',*,*,#123180,.F.);
#123300=CARTESIAN_POINT('',(-1.96478915595127,-4.29105222487757,10.5575)
);
#123310=DIRECTION('',(0.,0.,1.));
#123320=DIRECTION('',(0.,1.,0.));
#123330=AXIS2_PLACEMENT_3D('',#123300,#123310,#123320);
#123340=CIRCLE('',#123330,0.1);
#123350=CARTESIAN_POINT('',(-1.96478915595127,-4.39105222487757,10.5575)
);
#123360=VERTEX_POINT('',#123350);
#123370=EDGE_CURVE('',#123110,#123360,#123340,.T.);
#123380=ORIENTED_EDGE('',*,*,#123370,.F.);
#123390=CARTESIAN_POINT('',(-1.96478915595127,-4.39105222487757,10.3675)
);
#123400=DIRECTION('',(0.,0.,1.));
#123410=VECTOR('',#123400,1.);
#123420=LINE('',#123390,#123410);
#123430=EDGE_CURVE('',#121620,#123360,#123420,.T.);
#123440=ORIENTED_EDGE('',*,*,#123430,.T.);
#123450=EDGE_LOOP('',(#123440,#123380,#123290,#123280));
#123460=FACE_OUTER_BOUND('',#123450,.T.);
#123470=ADVANCED_FACE('',(#123460),#123270,.T.);
#123480=CARTESIAN_POINT('',(-1.69478915595127,-4.39105222487757,10.3675)
);
#123490=DIRECTION('',(0.,-1.,0.));
#123500=DIRECTION('',(-1.,0.,0.));
#123510=AXIS2_PLACEMENT_3D('',#123480,#123490,#123500);
#123520=PLANE('',#123510);
#123530=ORIENTED_EDGE('',*,*,#121710,.F.);
#123540=ORIENTED_EDGE('',*,*,#123430,.F.);
#123550=CARTESIAN_POINT('',(-1.89122415595127,-4.39105222487757,10.5575)
);
#123560=DIRECTION('',(-1.,0.,0.));
#123570=VECTOR('',#123560,1.);
#123580=LINE('',#123550,#123570);
#123590=CARTESIAN_POINT('',(-1.69478915595127,-4.39105222487757,10.5575)
);
#123600=VERTEX_POINT('',#123590);
#123610=EDGE_CURVE('',#123600,#123360,#123580,.T.);
#123620=ORIENTED_EDGE('',*,*,#123610,.T.);
#123630=CARTESIAN_POINT('',(-1.69478915595127,-4.39105222487757,10.5475)
);
#123640=DIRECTION('',(0.,0.,1.));
#123650=VECTOR('',#123640,1.);
#123660=LINE('',#123630,#123650);
#123670=EDGE_CURVE('',#121700,#123600,#123660,.T.);
#123680=ORIENTED_EDGE('',*,*,#123670,.T.);
#123690=EDGE_LOOP('',(#123680,#123620,#123540,#123530));
#123700=FACE_OUTER_BOUND('',#123690,.T.);
#123710=ADVANCED_FACE('',(#123700),#123520,.T.);
#123720=CARTESIAN_POINT('',(-1.69478915595127,-4.19105222487757,10.3675)
);
#123730=DIRECTION('',(1.,0.,0.));
#123740=DIRECTION('',(0.,-1.,0.));
#123750=AXIS2_PLACEMENT_3D('',#123720,#123730,#123740);
#123760=PLANE('',#123750);
#123770=ORIENTED_EDGE('',*,*,#121790,.F.);
#123780=ORIENTED_EDGE('',*,*,#123670,.F.);
#123790=CARTESIAN_POINT('',(-1.69478915595127,-0.709445224877575,10.5575
));
#123800=DIRECTION('',(0.,-1.,0.));
#123810=VECTOR('',#123800,1.);
#123820=LINE('',#123790,#123810);
#123830=CARTESIAN_POINT('',(-1.69478915595127,-4.19105222487757,10.5575)
);
#123840=VERTEX_POINT('',#123830);
#123850=EDGE_CURVE('',#123840,#123600,#123820,.T.);
#123860=ORIENTED_EDGE('',*,*,#123850,.T.);
#123870=CARTESIAN_POINT('',(-1.69478915595127,-4.19105222487757,10.3675)
);
#123880=DIRECTION('',(0.,0.,1.));
#123890=VECTOR('',#123880,1.);
#123900=LINE('',#123870,#123890);
#123910=EDGE_CURVE('',#121780,#123840,#123900,.T.);
#123920=ORIENTED_EDGE('',*,*,#123910,.T.);
#123930=EDGE_LOOP('',(#123920,#123860,#123780,#123770));
#123940=FACE_OUTER_BOUND('',#123930,.T.);
#123950=ADVANCED_FACE('',(#123940),#123760,.T.);
#123960=CARTESIAN_POINT('',(-1.59478915595127,-4.19105222487757,10.3675)
);
#123970=DIRECTION('',(0.,0.,1.));
#123980=DIRECTION('',(0.,1.,0.));
#123990=AXIS2_PLACEMENT_3D('',#123960,#123970,#123980);
#124000=CYLINDRICAL_SURFACE('',#123990,0.1);
#124010=ORIENTED_EDGE('',*,*,#121880,.F.);
#124020=ORIENTED_EDGE('',*,*,#123910,.F.);
#124030=CARTESIAN_POINT('',(-1.59478915595127,-4.19105222487757,10.5575)
);
#124040=DIRECTION('',(0.,0.,1.));
#124050=DIRECTION('',(0.,1.,0.));
#124060=AXIS2_PLACEMENT_3D('',#124030,#124040,#124050);
#124070=CIRCLE('',#124060,0.1);
#124080=CARTESIAN_POINT('',(-1.59478915595127,-4.09105222487757,10.5575)
);
#124090=VERTEX_POINT('',#124080);
#124100=EDGE_CURVE('',#124090,#123840,#124070,.T.);
#124110=ORIENTED_EDGE('',*,*,#124100,.T.);
#124120=CARTESIAN_POINT('',(-1.59478915595127,-4.09105222487757,10.3675)
);
#124130=DIRECTION('',(0.,0.,1.));
#124140=VECTOR('',#124130,1.);
#124150=LINE('',#124120,#124140);
#124160=EDGE_CURVE('',#121870,#124090,#124150,.T.);
#124170=ORIENTED_EDGE('',*,*,#124160,.T.);
#124180=EDGE_LOOP('',(#124170,#124110,#124020,#124010));
#124190=FACE_OUTER_BOUND('',#124180,.T.);
#124200=ADVANCED_FACE('',(#124190),#124000,.F.);
#124210=CARTESIAN_POINT('',(-1.56478915595127,-4.09105222487757,10.3675)
);
#124220=DIRECTION('',(0.,-1.,0.));
#124230=DIRECTION('',(-1.,0.,0.));
#124240=AXIS2_PLACEMENT_3D('',#124210,#124220,#124230);
#124250=PLANE('',#124240);
#124260=ORIENTED_EDGE('',*,*,#121960,.F.);
#124270=ORIENTED_EDGE('',*,*,#124160,.F.);
#124280=CARTESIAN_POINT('',(-1.89122415595127,-4.09105222487757,10.5575)
);
#124290=DIRECTION('',(-1.,0.,0.));
#124300=VECTOR('',#124290,1.);
#124310=LINE('',#124280,#124300);
#124320=CARTESIAN_POINT('',(-1.56478915595127,-4.09105222487757,10.5575)
);
#124330=VERTEX_POINT('',#124320);
#124340=EDGE_CURVE('',#124330,#124090,#124310,.T.);
#124350=ORIENTED_EDGE('',*,*,#124340,.T.);
#124360=CARTESIAN_POINT('',(-1.56478915595127,-4.09105222487757,10.3675)
);
#124370=DIRECTION('',(0.,0.,1.));
#124380=VECTOR('',#124370,1.);
#124390=LINE('',#124360,#124380);
#124400=EDGE_CURVE('',#121950,#124330,#124390,.T.);
#124410=ORIENTED_EDGE('',*,*,#124400,.T.);
#124420=EDGE_LOOP('',(#124410,#124350,#124270,#124260));
#124430=FACE_OUTER_BOUND('',#124420,.T.);
#124440=ADVANCED_FACE('',(#124430),#124250,.T.);
#124450=CARTESIAN_POINT('',(-1.56478915595127,-3.99105222487758,10.3675)
);
#124460=DIRECTION('',(0.,0.,1.));
#124470=DIRECTION('',(0.,1.,0.));
#124480=AXIS2_PLACEMENT_3D('',#124450,#124460,#124470);
#124490=CYLINDRICAL_SURFACE('',#124480,0.1);
#124500=ORIENTED_EDGE('',*,*,#122050,.T.);
#124510=ORIENTED_EDGE('',*,*,#124400,.F.);
#124520=CARTESIAN_POINT('',(-1.56478915595127,-3.99105222487758,10.5575)
);
#124530=DIRECTION('',(0.,0.,1.));
#124540=DIRECTION('',(0.,1.,0.));
#124550=AXIS2_PLACEMENT_3D('',#124520,#124530,#124540);
#124560=CIRCLE('',#124550,0.1);
#124570=CARTESIAN_POINT('',(-1.46478915595127,-3.99105222487758,10.5575)
);
#124580=VERTEX_POINT('',#124570);
#124590=EDGE_CURVE('',#124330,#124580,#124560,.T.);
#124600=ORIENTED_EDGE('',*,*,#124590,.F.);
#124610=CARTESIAN_POINT('',(-1.46478915595127,-3.99105222487758,10.5475)
);
#124620=DIRECTION('',(0.,0.,1.));
#124630=VECTOR('',#124620,1.);
#124640=LINE('',#124610,#124630);
#124650=EDGE_CURVE('',#122040,#124580,#124640,.T.);
#124660=ORIENTED_EDGE('',*,*,#124650,.T.);
#124670=EDGE_LOOP('',(#124660,#124600,#124510,#124500));
#124680=FACE_OUTER_BOUND('',#124670,.T.);
#124690=ADVANCED_FACE('',(#124680),#124490,.T.);
#124700=CARTESIAN_POINT('',(-1.76478915595127,-3.79105222487757,10.3675)
);
#124710=DIRECTION('',(-1.,0.,0.));
#124720=DIRECTION('',(0.,1.,0.));
#124730=AXIS2_PLACEMENT_3D('',#124700,#124710,#124720);
#124740=PLANE('',#124730);
#124750=ORIENTED_EDGE('',*,*,#121290,.F.);
#124760=ORIENTED_EDGE('',*,*,#120980,.F.);
#124770=CARTESIAN_POINT('',(-1.76478915595127,-0.709445224877575,10.5575
));
#124780=DIRECTION('',(0.,1.,0.));
#124790=VECTOR('',#124780,1.);
#124800=LINE('',#124770,#124790);
#124810=EDGE_CURVE('',#122540,#120910,#124800,.T.);
#124820=ORIENTED_EDGE('',*,*,#124810,.T.);
#124830=ORIENTED_EDGE('',*,*,#122550,.T.);
#124840=EDGE_LOOP('',(#124830,#124820,#124760,#124750));
#124850=FACE_OUTER_BOUND('',#124840,.T.);
#124860=ADVANCED_FACE('',(#124850),#124740,.T.);
#124870=CARTESIAN_POINT('',(-0.44011229673397,-2.19517762655054,10.5575)
);
#124880=DIRECTION('',(0.,0.,1.));
#124890=DIRECTION('',(0.,1.,0.));
#124900=AXIS2_PLACEMENT_3D('',#124870,#124880,#124890);
#124910=PLANE('',#124900);
#124920=ORIENTED_EDGE('',*,*,#95540,.T.);
#124930=ORIENTED_EDGE('',*,*,#94640,.F.);
#124940=ORIENTED_EDGE('',*,*,#95710,.T.);
#124950=ORIENTED_EDGE('',*,*,#107000,.F.);
#124960=CARTESIAN_POINT('',(-0.0647891559512659,-0.709445224877575,
10.5575));
#124970=DIRECTION('',(0.,-1.,0.));
#124980=VECTOR('',#124970,1.);
#124990=LINE('',#124960,#124980);
#125000=CARTESIAN_POINT('',(-0.0647891559512659,-3.69105222487757,
10.5575));
#125010=VERTEX_POINT('',#125000);
#125020=EDGE_CURVE('',#106970,#125010,#124990,.T.);
#125030=ORIENTED_EDGE('',*,*,#125020,.F.);
#125040=CARTESIAN_POINT('',(-1.89122415595127,-3.69105222487757,10.5575)
);
#125050=DIRECTION('',(-1.,0.,0.));
#125060=VECTOR('',#125050,1.);
#125070=LINE('',#125040,#125060);
#125080=CARTESIAN_POINT('',(-1.36478915595127,-3.69105222487757,10.5575)
);
#125090=VERTEX_POINT('',#125080);
#125100=EDGE_CURVE('',#125010,#125090,#125070,.T.);
#125110=ORIENTED_EDGE('',*,*,#125100,.F.);
#125120=CARTESIAN_POINT('',(-1.36478915595127,-3.79105222487757,10.5575)
);
#125130=DIRECTION('',(0.,0.,1.));
#125140=DIRECTION('',(0.,1.,0.));
#125150=AXIS2_PLACEMENT_3D('',#125120,#125130,#125140);
#125160=CIRCLE('',#125150,0.1);
#125170=CARTESIAN_POINT('',(-1.46478915595127,-3.79105222487757,10.5575)
);
#125180=VERTEX_POINT('',#125170);
#125190=EDGE_CURVE('',#125090,#125180,#125160,.T.);
#125200=ORIENTED_EDGE('',*,*,#125190,.F.);
#125210=CARTESIAN_POINT('',(-1.46478915595127,-0.709445224877575,10.5575
));
#125220=DIRECTION('',(0.,-1.,0.));
#125230=VECTOR('',#125220,1.);
#125240=LINE('',#125210,#125230);
#125250=EDGE_CURVE('',#125180,#124580,#125240,.T.);
#125260=ORIENTED_EDGE('',*,*,#125250,.F.);
#125270=ORIENTED_EDGE('',*,*,#124590,.T.);
#125280=ORIENTED_EDGE('',*,*,#124340,.F.);
#125290=ORIENTED_EDGE('',*,*,#124100,.F.);
#125300=ORIENTED_EDGE('',*,*,#123850,.F.);
#125310=ORIENTED_EDGE('',*,*,#123610,.F.);
#125320=ORIENTED_EDGE('',*,*,#123370,.T.);
#125330=ORIENTED_EDGE('',*,*,#123120,.F.);
#125340=ORIENTED_EDGE('',*,*,#122880,.T.);
#125350=ORIENTED_EDGE('',*,*,#122630,.F.);
#125360=ORIENTED_EDGE('',*,*,#124810,.F.);
#125370=ORIENTED_EDGE('',*,*,#120920,.F.);
#125380=CARTESIAN_POINT('',(-1.91478915595127,-0.709445224877575,10.5575
));
#125390=DIRECTION('',(0.,1.,0.));
#125400=VECTOR('',#125390,1.);
#125410=LINE('',#125380,#125400);
#125420=EDGE_CURVE('',#120830,#85590,#125410,.T.);
#125430=ORIENTED_EDGE('',*,*,#125420,.F.);
#125440=ORIENTED_EDGE('',*,*,#85600,.F.);
#125450=EDGE_LOOP('',(#125440,#125430,#125370,#125360,#125350,#125340,
#125330,#125320,#125310,#125300,#125290,#125280,#125270,#125260,#125200,
#125110,#125030,#124950,#124940,#124930,#124920));
#125460=FACE_OUTER_BOUND('',#125450,.T.);
#125470=ADVANCED_FACE('',(#125460),#124910,.T.);
#125480=CARTESIAN_POINT('',(-1.46478915595127,-3.79105222487757,10.3675)
);
#125490=DIRECTION('',(1.,0.,0.));
#125500=DIRECTION('',(0.,-1.,0.));
#125510=AXIS2_PLACEMENT_3D('',#125480,#125490,#125500);
#125520=PLANE('',#125510);
#125530=ORIENTED_EDGE('',*,*,#122130,.F.);
#125540=ORIENTED_EDGE('',*,*,#124650,.F.);
#125550=ORIENTED_EDGE('',*,*,#125250,.T.);
#125560=CARTESIAN_POINT('',(-1.46478915595127,-3.79105222487757,10.5475)
);
#125570=DIRECTION('',(0.,0.,1.));
#125580=VECTOR('',#125570,1.);
#125590=LINE('',#125560,#125580);
#125600=EDGE_CURVE('',#122120,#125180,#125590,.T.);
#125610=ORIENTED_EDGE('',*,*,#125600,.T.);
#125620=EDGE_LOOP('',(#125610,#125550,#125540,#125530));
#125630=FACE_OUTER_BOUND('',#125620,.T.);
#125640=ADVANCED_FACE('',(#125630),#125520,.T.);
#125650=CARTESIAN_POINT('',(-1.36478915595127,-3.79105222487757,10.3675)
);
#125660=DIRECTION('',(0.,0.,1.));
#125670=DIRECTION('',(0.,1.,0.));
#125680=AXIS2_PLACEMENT_3D('',#125650,#125660,#125670);
#125690=CYLINDRICAL_SURFACE('',#125680,0.1);
#125700=ORIENTED_EDGE('',*,*,#122220,.F.);
#125710=ORIENTED_EDGE('',*,*,#125600,.F.);
#125720=ORIENTED_EDGE('',*,*,#125190,.T.);
#125730=CARTESIAN_POINT('',(-1.36478915595127,-3.69105222487757,10.3675)
);
#125740=DIRECTION('',(0.,0.,1.));
#125750=VECTOR('',#125740,1.);
#125760=LINE('',#125730,#125750);
#125770=EDGE_CURVE('',#122210,#125090,#125760,.T.);
#125780=ORIENTED_EDGE('',*,*,#125770,.T.);
#125790=EDGE_LOOP('',(#125780,#125720,#125710,#125700));
#125800=FACE_OUTER_BOUND('',#125790,.T.);
#125810=ADVANCED_FACE('',(#125800),#125690,.F.);
#125820=CARTESIAN_POINT('',(-0.0647891559512659,-3.69105222487757,
10.3675));
#125830=DIRECTION('',(0.,-1.,0.));
#125840=DIRECTION('',(-1.,0.,0.));
#125850=AXIS2_PLACEMENT_3D('',#125820,#125830,#125840);
#125860=PLANE('',#125850);
#125870=ORIENTED_EDGE('',*,*,#122300,.F.);
#125880=ORIENTED_EDGE('',*,*,#125770,.F.);
#125890=ORIENTED_EDGE('',*,*,#125100,.T.);
#125900=CARTESIAN_POINT('',(-0.0647891559512659,-3.69105222487757,
10.5475));
#125910=DIRECTION('',(0.,0.,1.));
#125920=VECTOR('',#125910,1.);
#125930=LINE('',#125900,#125920);
#125940=EDGE_CURVE('',#122290,#125010,#125930,.T.);
#125950=ORIENTED_EDGE('',*,*,#125940,.T.);
#125960=EDGE_LOOP('',(#125950,#125890,#125880,#125870));
#125970=FACE_OUTER_BOUND('',#125960,.T.);
#125980=ADVANCED_FACE('',(#125970),#125860,.T.);
#125990=CARTESIAN_POINT('',(-0.0647891559512659,-3.34105222487757,
10.3675));
#126000=DIRECTION('',(1.,0.,0.));
#126010=DIRECTION('',(0.,-1.,0.));
#126020=AXIS2_PLACEMENT_3D('',#125990,#126000,#126010);
#126030=PLANE('',#126020);
#126040=ORIENTED_EDGE('',*,*,#122360,.F.);
#126050=ORIENTED_EDGE('',*,*,#125940,.F.);
#126060=ORIENTED_EDGE('',*,*,#125020,.T.);
#126070=ORIENTED_EDGE('',*,*,#106980,.F.);
#126080=EDGE_LOOP('',(#126070,#126060,#126050,#126040));
#126090=FACE_OUTER_BOUND('',#126080,.T.);
#126100=ADVANCED_FACE('',(#126090),#126030,.T.);
#126110=CARTESIAN_POINT('',(-1.91478915595127,-3.59105222487757,9.8675))
;
#126120=DIRECTION('',(-1.,0.,0.));
#126130=DIRECTION('',(0.,1.,0.));
#126140=AXIS2_PLACEMENT_3D('',#126110,#126120,#126130);
#126150=PLANE('',#126140);
#126160=ORIENTED_EDGE('',*,*,#85910,.F.);
#126170=ORIENTED_EDGE('',*,*,#83990,.T.);
#126180=CARTESIAN_POINT('',(-1.91478915595127,-3.59105222487757,10.0475)
);
#126190=DIRECTION('',(0.,0.,1.));
#126200=VECTOR('',#126190,1.);
#126210=LINE('',#126180,#126200);
#126220=EDGE_CURVE('',#92730,#83900,#126210,.T.);
#126230=ORIENTED_EDGE('',*,*,#126220,.T.);
#126240=ORIENTED_EDGE('',*,*,#92740,.F.);
#126250=EDGE_LOOP('',(#126240,#126230,#126170,#126160));
#126260=FACE_OUTER_BOUND('',#126250,.T.);
#126270=ADVANCED_FACE('',(#126260),#126150,.T.);
#126280=CARTESIAN_POINT('',(-1.76478915595127,-3.59105222487757,9.8675))
;
#126290=DIRECTION('',(0.,-1.,0.));
#126300=DIRECTION('',(-1.,0.,0.));
#126310=AXIS2_PLACEMENT_3D('',#126280,#126290,#126300);
#126320=PLANE('',#126310);
#126330=ORIENTED_EDGE('',*,*,#92820,.F.);
#126340=ORIENTED_EDGE('',*,*,#126220,.F.);
#126350=ORIENTED_EDGE('',*,*,#83910,.T.);
#126360=CARTESIAN_POINT('',(-1.76478915595127,-3.59105222487757,9.8675))
;
#126370=DIRECTION('',(0.,0.,1.));
#126380=VECTOR('',#126370,1.);
#126390=LINE('',#126360,#126380);
#126400=EDGE_CURVE('',#92810,#83820,#126390,.T.);
#126410=ORIENTED_EDGE('',*,*,#126400,.T.);
#126420=EDGE_LOOP('',(#126410,#126350,#126340,#126330));
#126430=FACE_OUTER_BOUND('',#126420,.T.);
#126440=ADVANCED_FACE('',(#126430),#126320,.T.);
#126450=CARTESIAN_POINT('',(-1.76478915595127,-3.79105222487757,9.8675))
;
#126460=DIRECTION('',(-1.,0.,0.));
#126470=DIRECTION('',(0.,1.,0.));
#126480=AXIS2_PLACEMENT_3D('',#126450,#126460,#126470);
#126490=PLANE('',#126480);
#126500=ORIENTED_EDGE('',*,*,#92900,.F.);
#126510=ORIENTED_EDGE('',*,*,#126400,.F.);
#126520=ORIENTED_EDGE('',*,*,#83830,.T.);
#126530=CARTESIAN_POINT('',(-1.76478915595127,-3.79105222487757,9.8675))
;
#126540=DIRECTION('',(0.,0.,1.));
#126550=VECTOR('',#126540,1.);
#126560=LINE('',#126530,#126550);
#126570=EDGE_CURVE('',#92890,#83740,#126560,.T.);
#126580=ORIENTED_EDGE('',*,*,#126570,.T.);
#126590=EDGE_LOOP('',(#126580,#126520,#126510,#126500));
#126600=FACE_OUTER_BOUND('',#126590,.T.);
#126610=ADVANCED_FACE('',(#126600),#126490,.T.);
#126620=CARTESIAN_POINT('',(-2.00593293872788,-3.89990844210096,9.8675))
;
#126630=DIRECTION('',(-0.411437827766147,0.911437827766148,0.));
#126640=DIRECTION('',(0.911437827766148,0.411437827766147,0.));
#126650=AXIS2_PLACEMENT_3D('',#126620,#126630,#126640);
#126660=PLANE('',#126650);
#126670=ORIENTED_EDGE('',*,*,#92980,.F.);
#126680=ORIENTED_EDGE('',*,*,#126570,.F.);
#126690=ORIENTED_EDGE('',*,*,#83750,.T.);
#126700=CARTESIAN_POINT('',(-2.00593293872788,-3.89990844210096,10.0475)
);
#126710=DIRECTION('',(0.,0.,1.));
#126720=VECTOR('',#126710,1.);
#126730=LINE('',#126700,#126720);
#126740=EDGE_CURVE('',#92970,#83660,#126730,.T.);
#126750=ORIENTED_EDGE('',*,*,#126740,.T.);
#126760=EDGE_LOOP('',(#126750,#126690,#126680,#126670));
#126770=FACE_OUTER_BOUND('',#126760,.T.);
#126780=ADVANCED_FACE('',(#126770),#126660,.T.);
#126790=CARTESIAN_POINT('',(-1.96478915595127,-3.99105222487758,9.8675))
;
#126800=DIRECTION('',(0.,0.,1.));
#126810=DIRECTION('',(0.,1.,0.));
#126820=AXIS2_PLACEMENT_3D('',#126790,#126800,#126810);
#126830=CYLINDRICAL_SURFACE('',#126820,0.1);
#126840=ORIENTED_EDGE('',*,*,#93070,.T.);
#126850=ORIENTED_EDGE('',*,*,#126740,.F.);
#126860=ORIENTED_EDGE('',*,*,#83670,.F.);
#126870=CARTESIAN_POINT('',(-2.06478915595127,-3.99105222487758,9.8675))
;
#126880=DIRECTION('',(0.,0.,1.));
#126890=VECTOR('',#126880,1.);
#126900=LINE('',#126870,#126890);
#126910=EDGE_CURVE('',#93060,#83570,#126900,.T.);
#126920=ORIENTED_EDGE('',*,*,#126910,.T.);
#126930=EDGE_LOOP('',(#126920,#126860,#126850,#126840));
#126940=FACE_OUTER_BOUND('',#126930,.T.);
#126950=ADVANCED_FACE('',(#126940),#126830,.T.);
#126960=CARTESIAN_POINT('',(-2.06478915595127,-4.29105222487757,9.8675))
;
#126970=DIRECTION('',(-1.,0.,0.));
#126980=DIRECTION('',(0.,1.,0.));
#126990=AXIS2_PLACEMENT_3D('',#126960,#126970,#126980);
#127000=PLANE('',#126990);
#127010=ORIENTED_EDGE('',*,*,#93150,.F.);
#127020=ORIENTED_EDGE('',*,*,#126910,.F.);
#127030=ORIENTED_EDGE('',*,*,#83580,.T.);
#127040=CARTESIAN_POINT('',(-2.06478915595127,-4.29105222487757,9.8675))
;
#127050=DIRECTION('',(0.,0.,1.));
#127060=VECTOR('',#127050,1.);
#127070=LINE('',#127040,#127060);
#127080=EDGE_CURVE('',#93140,#83490,#127070,.T.);
#127090=ORIENTED_EDGE('',*,*,#127080,.T.);
#127100=EDGE_LOOP('',(#127090,#127030,#127020,#127010));
#127110=FACE_OUTER_BOUND('',#127100,.T.);
#127120=ADVANCED_FACE('',(#127110),#127000,.T.);
#127130=CARTESIAN_POINT('',(-1.96478915595127,-4.29105222487757,9.8675))
;
#127140=DIRECTION('',(0.,0.,1.));
#127150=DIRECTION('',(0.,1.,0.));
#127160=AXIS2_PLACEMENT_3D('',#127130,#127140,#127150);
#127170=CYLINDRICAL_SURFACE('',#127160,0.1);
#127180=ORIENTED_EDGE('',*,*,#93240,.T.);
#127190=ORIENTED_EDGE('',*,*,#127080,.F.);
#127200=ORIENTED_EDGE('',*,*,#83500,.F.);
#127210=CARTESIAN_POINT('',(-1.96478915595127,-4.39105222487757,9.8675))
;
#127220=DIRECTION('',(0.,0.,1.));
#127230=VECTOR('',#127220,1.);
#127240=LINE('',#127210,#127230);
#127250=EDGE_CURVE('',#93230,#83400,#127240,.T.);
#127260=ORIENTED_EDGE('',*,*,#127250,.T.);
#127270=EDGE_LOOP('',(#127260,#127200,#127190,#127180));
#127280=FACE_OUTER_BOUND('',#127270,.T.);
#127290=ADVANCED_FACE('',(#127280),#127170,.T.);
#127300=CARTESIAN_POINT('',(-1.69478915595127,-4.39105222487757,9.8675))
;
#127310=DIRECTION('',(0.,-1.,0.));
#127320=DIRECTION('',(-1.,0.,0.));
#127330=AXIS2_PLACEMENT_3D('',#127300,#127310,#127320);
#127340=PLANE('',#127330);
#127350=ORIENTED_EDGE('',*,*,#93320,.F.);
#127360=ORIENTED_EDGE('',*,*,#127250,.F.);
#127370=ORIENTED_EDGE('',*,*,#83410,.T.);
#127380=CARTESIAN_POINT('',(-1.69478915595127,-4.39105222487757,10.0475)
);
#127390=DIRECTION('',(0.,0.,1.));
#127400=VECTOR('',#127390,1.);
#127410=LINE('',#127380,#127400);
#127420=EDGE_CURVE('',#93310,#83320,#127410,.T.);
#127430=ORIENTED_EDGE('',*,*,#127420,.T.);
#127440=EDGE_LOOP('',(#127430,#127370,#127360,#127350));
#127450=FACE_OUTER_BOUND('',#127440,.T.);
#127460=ADVANCED_FACE('',(#127450),#127340,.T.);
#127470=CARTESIAN_POINT('',(-1.69478915595127,-4.19105222487757,9.8675))
;
#127480=DIRECTION('',(1.,0.,0.));
#127490=DIRECTION('',(0.,-1.,0.));
#127500=AXIS2_PLACEMENT_3D('',#127470,#127480,#127490);
#127510=PLANE('',#127500);
#127520=ORIENTED_EDGE('',*,*,#93400,.F.);
#127530=ORIENTED_EDGE('',*,*,#127420,.F.);
#127540=ORIENTED_EDGE('',*,*,#83330,.T.);
#127550=CARTESIAN_POINT('',(-1.69478915595127,-4.19105222487757,9.8675))
;
#127560=DIRECTION('',(0.,0.,1.));
#127570=VECTOR('',#127560,1.);
#127580=LINE('',#127550,#127570);
#127590=EDGE_CURVE('',#93390,#83240,#127580,.T.);
#127600=ORIENTED_EDGE('',*,*,#127590,.T.);
#127610=EDGE_LOOP('',(#127600,#127540,#127530,#127520));
#127620=FACE_OUTER_BOUND('',#127610,.T.);
#127630=ADVANCED_FACE('',(#127620),#127510,.T.);
#127640=CARTESIAN_POINT('',(-1.59478915595127,-4.19105222487757,9.8675))
;
#127650=DIRECTION('',(0.,0.,1.));
#127660=DIRECTION('',(0.,1.,0.));
#127670=AXIS2_PLACEMENT_3D('',#127640,#127650,#127660);
#127680=CYLINDRICAL_SURFACE('',#127670,0.1);
#127690=ORIENTED_EDGE('',*,*,#93490,.F.);
#127700=ORIENTED_EDGE('',*,*,#127590,.F.);
#127710=ORIENTED_EDGE('',*,*,#83250,.T.);
#127720=CARTESIAN_POINT('',(-1.59478915595127,-4.09105222487757,9.8675))
;
#127730=DIRECTION('',(0.,0.,1.));
#127740=VECTOR('',#127730,1.);
#127750=LINE('',#127720,#127740);
#127760=EDGE_CURVE('',#93480,#83150,#127750,.T.);
#127770=ORIENTED_EDGE('',*,*,#127760,.T.);
#127780=EDGE_LOOP('',(#127770,#127710,#127700,#127690));
#127790=FACE_OUTER_BOUND('',#127780,.T.);
#127800=ADVANCED_FACE('',(#127790),#127680,.F.);
#127810=CARTESIAN_POINT('',(-1.56478915595127,-4.09105222487757,9.8675))
;
#127820=DIRECTION('',(0.,-1.,0.));
#127830=DIRECTION('',(-1.,0.,0.));
#127840=AXIS2_PLACEMENT_3D('',#127810,#127820,#127830);
#127850=PLANE('',#127840);
#127860=ORIENTED_EDGE('',*,*,#93570,.F.);
#127870=ORIENTED_EDGE('',*,*,#127760,.F.);
#127880=ORIENTED_EDGE('',*,*,#83160,.T.);
#127890=CARTESIAN_POINT('',(-1.56478915595127,-4.09105222487757,9.8675))
;
#127900=DIRECTION('',(0.,0.,1.));
#127910=VECTOR('',#127900,1.);
#127920=LINE('',#127890,#127910);
#127930=EDGE_CURVE('',#93560,#83070,#127920,.T.);
#127940=ORIENTED_EDGE('',*,*,#127930,.T.);
#127950=EDGE_LOOP('',(#127940,#127880,#127870,#127860));
#127960=FACE_OUTER_BOUND('',#127950,.T.);
#127970=ADVANCED_FACE('',(#127960),#127850,.T.);
#127980=CARTESIAN_POINT('',(-1.56478915595127,-3.99105222487758,9.8675))
;
#127990=DIRECTION('',(0.,0.,1.));
#128000=DIRECTION('',(0.,1.,0.));
#128010=AXIS2_PLACEMENT_3D('',#127980,#127990,#128000);
#128020=CYLINDRICAL_SURFACE('',#128010,0.1);
#128030=ORIENTED_EDGE('',*,*,#93660,.T.);
#128040=ORIENTED_EDGE('',*,*,#127930,.F.);
#128050=ORIENTED_EDGE('',*,*,#83080,.F.);
#128060=CARTESIAN_POINT('',(-1.46478915595127,-3.99105222487758,10.0475)
);
#128070=DIRECTION('',(0.,0.,1.));
#128080=VECTOR('',#128070,1.);
#128090=LINE('',#128060,#128080);
#128100=EDGE_CURVE('',#93650,#82980,#128090,.T.);
#128110=ORIENTED_EDGE('',*,*,#128100,.T.);
#128120=EDGE_LOOP('',(#128110,#128050,#128040,#128030));
#128130=FACE_OUTER_BOUND('',#128120,.T.);
#128140=ADVANCED_FACE('',(#128130),#128020,.T.);
#128150=CARTESIAN_POINT('',(-1.46478915595127,-3.79105222487757,9.8675))
;
#128160=DIRECTION('',(1.,0.,0.));
#128170=DIRECTION('',(0.,-1.,0.));
#128180=AXIS2_PLACEMENT_3D('',#128150,#128160,#128170);
#128190=PLANE('',#128180);
#128200=ORIENTED_EDGE('',*,*,#93740,.F.);
#128210=ORIENTED_EDGE('',*,*,#128100,.F.);
#128220=ORIENTED_EDGE('',*,*,#82990,.T.);
#128230=CARTESIAN_POINT('',(-1.46478915595127,-3.79105222487757,10.0475)
);
#128240=DIRECTION('',(0.,0.,1.));
#128250=VECTOR('',#128240,1.);
#128260=LINE('',#128230,#128250);
#128270=EDGE_CURVE('',#93730,#82900,#128260,.T.);
#128280=ORIENTED_EDGE('',*,*,#128270,.T.);
#128290=EDGE_LOOP('',(#128280,#128220,#128210,#128200));
#128300=FACE_OUTER_BOUND('',#128290,.T.);
#128310=ADVANCED_FACE('',(#128300),#128190,.T.);
#128320=CARTESIAN_POINT('',(-1.36478915595127,-3.79105222487757,9.8675))
;
#128330=DIRECTION('',(0.,0.,1.));
#128340=DIRECTION('',(0.,1.,0.));
#128350=AXIS2_PLACEMENT_3D('',#128320,#128330,#128340);
#128360=CYLINDRICAL_SURFACE('',#128350,0.1);
#128370=ORIENTED_EDGE('',*,*,#93830,.F.);
#128380=ORIENTED_EDGE('',*,*,#128270,.F.);
#128390=ORIENTED_EDGE('',*,*,#82910,.T.);
#128400=CARTESIAN_POINT('',(-1.36478915595127,-3.69105222487757,9.8675))
;
#128410=DIRECTION('',(0.,0.,1.));
#128420=VECTOR('',#128410,1.);
#128430=LINE('',#128400,#128420);
#128440=EDGE_CURVE('',#93820,#82810,#128430,.T.);
#128450=ORIENTED_EDGE('',*,*,#128440,.T.);
#128460=EDGE_LOOP('',(#128450,#128390,#128380,#128370));
#128470=FACE_OUTER_BOUND('',#128460,.T.);
#128480=ADVANCED_FACE('',(#128470),#128360,.F.);
#128490=CARTESIAN_POINT('',(-0.0647891559512659,-3.69105222487757,9.8675
));
#128500=DIRECTION('',(0.,-1.,0.));
#128510=DIRECTION('',(-1.,0.,0.));
#128520=AXIS2_PLACEMENT_3D('',#128490,#128500,#128510);
#128530=PLANE('',#128520);
#128540=ORIENTED_EDGE('',*,*,#93910,.F.);
#128550=ORIENTED_EDGE('',*,*,#128440,.F.);
#128560=ORIENTED_EDGE('',*,*,#82820,.T.);
#128570=CARTESIAN_POINT('',(-0.0647891559512659,-3.69105222487757,
10.0475));
#128580=DIRECTION('',(0.,0.,1.));
#128590=VECTOR('',#128580,1.);
#128600=LINE('',#128570,#128590);
#128610=EDGE_CURVE('',#93900,#82730,#128600,.T.);
#128620=ORIENTED_EDGE('',*,*,#128610,.T.);
#128630=EDGE_LOOP('',(#128620,#128560,#128550,#128540));
#128640=FACE_OUTER_BOUND('',#128630,.T.);
#128650=ADVANCED_FACE('',(#128640),#128530,.T.);
#128660=CARTESIAN_POINT('',(-0.0647891559512659,-3.34105222487757,9.8675
));
#128670=DIRECTION('',(1.,0.,0.));
#128680=DIRECTION('',(0.,-1.,0.));
#128690=AXIS2_PLACEMENT_3D('',#128660,#128670,#128680);
#128700=PLANE('',#128690);
#128710=ORIENTED_EDGE('',*,*,#93990,.F.);
#128720=ORIENTED_EDGE('',*,*,#128610,.F.);
#128730=ORIENTED_EDGE('',*,*,#82740,.T.);
#128740=ORIENTED_EDGE('',*,*,#106840,.F.);
#128750=EDGE_LOOP('',(#128740,#128730,#128720,#128710));
#128760=FACE_OUTER_BOUND('',#128750,.T.);
#128770=ADVANCED_FACE('',(#128760),#128700,.T.);
#128780=CARTESIAN_POINT('',(-1.71478915595127,-3.34105222487757,9.555));
#128790=DIRECTION('',(1.,0.,0.));
#128800=DIRECTION('',(0.,-1.,0.));
#128810=AXIS2_PLACEMENT_3D('',#128780,#128790,#128800);
#128820=PLANE('',#128810);
#128830=ORIENTED_EDGE('',*,*,#92650,.F.);
#128840=CARTESIAN_POINT('',(-1.71478915595127,1.00894777512243,12.115));
#128850=DIRECTION('',(0.,0.889933250556876,0.456090790910398));
#128860=VECTOR('',#128850,1.);
#128870=LINE('',#128840,#128860);
#128880=CARTESIAN_POINT('',(-1.71478915595127,-3.59105222487757,9.7575))
;
#128890=VERTEX_POINT('',#128880);
#128900=EDGE_CURVE('',#128890,#92640,#128870,.T.);
#128910=ORIENTED_EDGE('',*,*,#128900,.T.);
#128920=CARTESIAN_POINT('',(-1.71478915595127,-3.59105222487757,9.555));
#128930=DIRECTION('',(0.,0.,1.));
#128940=VECTOR('',#128930,1.);
#128950=LINE('',#128920,#128940);
#128960=EDGE_CURVE('',#91870,#128890,#128950,.T.);
#128970=ORIENTED_EDGE('',*,*,#128960,.T.);
#128980=ORIENTED_EDGE('',*,*,#91880,.F.);
#128990=CARTESIAN_POINT('',(-1.71478915595127,1.00894777512243,9.5575));
#129000=DIRECTION('',(0.,1.,0.));
#129010=VECTOR('',#129000,1.);
#129020=LINE('',#128990,#129010);
#129030=EDGE_CURVE('',#91770,#86060,#129020,.T.);
#129040=ORIENTED_EDGE('',*,*,#129030,.F.);
#129050=ORIENTED_EDGE('',*,*,#86070,.F.);
#129060=EDGE_LOOP('',(#129050,#129040,#128980,#128970,#128910,#128830));
#129070=FACE_OUTER_BOUND('',#129060,.T.);
#129080=ADVANCED_FACE('',(#129070),#128820,.F.);
#129090=CARTESIAN_POINT('',(-0.989789155951266,-3.49105222487758,9.80875
));
#129100=DIRECTION('',(0.,0.456090790910398,-0.889933250556876));
#129110=DIRECTION('',(0.,-0.889933250556876,-0.456090790910398));
#129120=AXIS2_PLACEMENT_3D('',#129090,#129100,#129110);
#129130=PLANE('',#129120);
#129140=ORIENTED_EDGE('',*,*,#94080,.F.);
#129150=ORIENTED_EDGE('',*,*,#92350,.F.);
#129160=CARTESIAN_POINT('',(-2.01478915595127,-3.59105222487757,9.7575))
;
#129170=DIRECTION('',(-1.,0.,0.));
#129180=VECTOR('',#129170,1.);
#129190=LINE('',#129160,#129180);
#129200=EDGE_CURVE('',#92260,#128890,#129190,.T.);
#129210=ORIENTED_EDGE('',*,*,#129200,.F.);
#129220=ORIENTED_EDGE('',*,*,#128900,.F.);
#129230=EDGE_LOOP('',(#129220,#129210,#129150,#129140));
#129240=FACE_OUTER_BOUND('',#129230,.T.);
#129250=ADVANCED_FACE('',(#129240),#129130,.F.);
#129260=CARTESIAN_POINT('',(-1.71478915595127,-3.59105222487757,9.555));
#129270=DIRECTION('',(0.,1.,0.));
#129280=DIRECTION('',(1.,0.,0.));
#129290=AXIS2_PLACEMENT_3D('',#129260,#129270,#129280);
#129300=PLANE('',#129290);
#129310=ORIENTED_EDGE('',*,*,#91960,.F.);
#129320=ORIENTED_EDGE('',*,*,#128960,.F.);
#129330=ORIENTED_EDGE('',*,*,#129200,.T.);
#129340=ORIENTED_EDGE('',*,*,#92270,.T.);
#129350=EDGE_LOOP('',(#129340,#129330,#129320,#129310));
#129360=FACE_OUTER_BOUND('',#129350,.T.);
#129370=ADVANCED_FACE('',(#129360),#129300,.F.);
#129380=CARTESIAN_POINT('',(-1.76478915595127,-3.59105222487757,9.3675))
;
#129390=DIRECTION('',(0.,-1.,0.));
#129400=DIRECTION('',(-1.,0.,0.));
#129410=AXIS2_PLACEMENT_3D('',#129380,#129390,#129400);
#129420=PLANE('',#129410);
#129430=CARTESIAN_POINT('',(-1.89122415595127,-3.59105222487757,9.3575))
;
#129440=DIRECTION('',(-1.,0.,0.));
#129450=VECTOR('',#129440,1.);
#129460=LINE('',#129430,#129450);
#129470=CARTESIAN_POINT('',(-1.76478915595127,-3.59105222487757,9.3575))
;
#129480=VERTEX_POINT('',#129470);
#129490=CARTESIAN_POINT('',(-1.91478915595127,-3.59105222487757,9.3575))
;
#129500=VERTEX_POINT('',#129490);
#129510=EDGE_CURVE('',#129480,#129500,#129460,.T.);
#129520=ORIENTED_EDGE('',*,*,#129510,.F.);
#129530=CARTESIAN_POINT('',(-1.91478915595127,-3.59105222487757,9.5475))
;
#129540=DIRECTION('',(0.,0.,1.));
#129550=VECTOR('',#129540,1.);
#129560=LINE('',#129530,#129550);
#129570=CARTESIAN_POINT('',(-1.91478915595127,-3.59105222487757,9.5575))
;
#129580=VERTEX_POINT('',#129570);
#129590=EDGE_CURVE('',#129500,#129580,#129560,.T.);
#129600=ORIENTED_EDGE('',*,*,#129590,.F.);
#129610=CARTESIAN_POINT('',(-1.89122415595127,-3.59105222487757,9.5575))
;
#129620=DIRECTION('',(-1.,0.,0.));
#129630=VECTOR('',#129620,1.);
#129640=LINE('',#129610,#129630);
#129650=CARTESIAN_POINT('',(-1.76478915595127,-3.59105222487757,9.5575))
;
#129660=VERTEX_POINT('',#129650);
#129670=EDGE_CURVE('',#129660,#129580,#129640,.T.);
#129680=ORIENTED_EDGE('',*,*,#129670,.T.);
#129690=CARTESIAN_POINT('',(-1.76478915595127,-3.59105222487757,9.3675))
;
#129700=DIRECTION('',(0.,0.,1.));
#129710=VECTOR('',#129700,1.);
#129720=LINE('',#129690,#129710);
#129730=EDGE_CURVE('',#129480,#129660,#129720,.T.);
#129740=ORIENTED_EDGE('',*,*,#129730,.T.);
#129750=EDGE_LOOP('',(#129740,#129680,#129600,#129520));
#129760=FACE_OUTER_BOUND('',#129750,.T.);
#129770=ADVANCED_FACE('',(#129760),#129420,.T.);
#129780=CARTESIAN_POINT('',(-1.45941818394728,-1.06738394494655,9.3575))
;
#129790=DIRECTION('',(0.,0.,-1.));
#129800=DIRECTION('',(-1.,0.,0.));
#129810=AXIS2_PLACEMENT_3D('',#129780,#129790,#129800);
#129820=PLANE('',#129810);
#129830=ORIENTED_EDGE('',*,*,#90970,.T.);
#129840=ORIENTED_EDGE('',*,*,#86310,.F.);
#129850=CARTESIAN_POINT('',(-1.91478915595127,-0.709445224877575,9.3575)
);
#129860=DIRECTION('',(0.,1.,0.));
#129870=VECTOR('',#129860,1.);
#129880=LINE('',#129850,#129870);
#129890=EDGE_CURVE('',#129500,#86220,#129880,.T.);
#129900=ORIENTED_EDGE('',*,*,#129890,.T.);
#129910=ORIENTED_EDGE('',*,*,#129510,.T.);
#129920=CARTESIAN_POINT('',(-1.76478915595127,-0.709445224877575,9.3575)
);
#129930=DIRECTION('',(0.,1.,0.));
#129940=VECTOR('',#129930,1.);
#129950=LINE('',#129920,#129940);
#129960=CARTESIAN_POINT('',(-1.76478915595127,-3.79105222487757,9.3575))
;
#129970=VERTEX_POINT('',#129960);
#129980=EDGE_CURVE('',#129970,#129480,#129950,.T.);
#129990=ORIENTED_EDGE('',*,*,#129980,.T.);
#130000=CARTESIAN_POINT('',(-1.89122415595127,-3.84812703587276,9.3575))
;
#130010=DIRECTION('',(0.911437827766148,0.411437827766147,0.));
#130020=VECTOR('',#130010,1.);
#130030=LINE('',#130000,#130020);
#130040=CARTESIAN_POINT('',(-2.00593293872788,-3.89990844210096,9.3575))
;
#130050=VERTEX_POINT('',#130040);
#130060=EDGE_CURVE('',#130050,#129970,#130030,.T.);
#130070=ORIENTED_EDGE('',*,*,#130060,.T.);
#130080=CARTESIAN_POINT('',(-1.96478915595127,-3.99105222487758,9.3575))
;
#130090=DIRECTION('',(0.,0.,1.));
#130100=DIRECTION('',(0.,1.,0.));
#130110=AXIS2_PLACEMENT_3D('',#130080,#130090,#130100);
#130120=CIRCLE('',#130110,0.1);
#130130=CARTESIAN_POINT('',(-2.06478915595127,-3.99105222487758,9.3575))
;
#130140=VERTEX_POINT('',#130130);
#130150=EDGE_CURVE('',#130050,#130140,#130120,.T.);
#130160=ORIENTED_EDGE('',*,*,#130150,.F.);
#130170=CARTESIAN_POINT('',(-2.06478915595127,-0.709445224877575,9.3575)
);
#130180=DIRECTION('',(0.,1.,0.));
#130190=VECTOR('',#130180,1.);
#130200=LINE('',#130170,#130190);
#130210=CARTESIAN_POINT('',(-2.06478915595127,-4.29105222487757,9.3575))
;
#130220=VERTEX_POINT('',#130210);
#130230=EDGE_CURVE('',#130220,#130140,#130200,.T.);
#130240=ORIENTED_EDGE('',*,*,#130230,.T.);
#130250=CARTESIAN_POINT('',(-1.96478915595127,-4.29105222487757,9.3575))
;
#130260=DIRECTION('',(0.,0.,1.));
#130270=DIRECTION('',(0.,1.,0.));
#130280=AXIS2_PLACEMENT_3D('',#130250,#130260,#130270);
#130290=CIRCLE('',#130280,0.1);
#130300=CARTESIAN_POINT('',(-1.96478915595127,-4.39105222487757,9.3575))
;
#130310=VERTEX_POINT('',#130300);
#130320=EDGE_CURVE('',#130220,#130310,#130290,.T.);
#130330=ORIENTED_EDGE('',*,*,#130320,.F.);
#130340=CARTESIAN_POINT('',(-1.89122415595127,-4.39105222487757,9.3575))
;
#130350=DIRECTION('',(-1.,0.,0.));
#130360=VECTOR('',#130350,1.);
#130370=LINE('',#130340,#130360);
#130380=CARTESIAN_POINT('',(-1.69478915595127,-4.39105222487757,9.3575))
;
#130390=VERTEX_POINT('',#130380);
#130400=EDGE_CURVE('',#130390,#130310,#130370,.T.);
#130410=ORIENTED_EDGE('',*,*,#130400,.T.);
#130420=CARTESIAN_POINT('',(-1.69478915595127,-0.709445224877575,9.3575)
);
#130430=DIRECTION('',(0.,-1.,0.));
#130440=VECTOR('',#130430,1.);
#130450=LINE('',#130420,#130440);
#130460=CARTESIAN_POINT('',(-1.69478915595127,-4.19105222487757,9.3575))
;
#130470=VERTEX_POINT('',#130460);
#130480=EDGE_CURVE('',#130470,#130390,#130450,.T.);
#130490=ORIENTED_EDGE('',*,*,#130480,.T.);
#130500=CARTESIAN_POINT('',(-1.59478915595127,-4.19105222487757,9.3575))
;
#130510=DIRECTION('',(0.,0.,1.));
#130520=DIRECTION('',(0.,1.,0.));
#130530=AXIS2_PLACEMENT_3D('',#130500,#130510,#130520);
#130540=CIRCLE('',#130530,0.1);
#130550=CARTESIAN_POINT('',(-1.59478915595127,-4.09105222487757,9.3575))
;
#130560=VERTEX_POINT('',#130550);
#130570=EDGE_CURVE('',#130560,#130470,#130540,.T.);
#130580=ORIENTED_EDGE('',*,*,#130570,.T.);
#130590=CARTESIAN_POINT('',(-1.89122415595127,-4.09105222487757,9.3575))
;
#130600=DIRECTION('',(-1.,0.,0.));
#130610=VECTOR('',#130600,1.);
#130620=LINE('',#130590,#130610);
#130630=CARTESIAN_POINT('',(-1.56478915595127,-4.09105222487757,9.3575))
;
#130640=VERTEX_POINT('',#130630);
#130650=EDGE_CURVE('',#130640,#130560,#130620,.T.);
#130660=ORIENTED_EDGE('',*,*,#130650,.T.);
#130670=CARTESIAN_POINT('',(-1.56478915595127,-3.99105222487758,9.3575))
;
#130680=DIRECTION('',(0.,0.,1.));
#130690=DIRECTION('',(0.,1.,0.));
#130700=AXIS2_PLACEMENT_3D('',#130670,#130680,#130690);
#130710=CIRCLE('',#130700,0.1);
#130720=CARTESIAN_POINT('',(-1.46478915595127,-3.99105222487758,9.3575))
;
#130730=VERTEX_POINT('',#130720);
#130740=EDGE_CURVE('',#130640,#130730,#130710,.T.);
#130750=ORIENTED_EDGE('',*,*,#130740,.F.);
#130760=CARTESIAN_POINT('',(-1.46478915595127,-0.709445224877575,9.3575)
);
#130770=DIRECTION('',(0.,-1.,0.));
#130780=VECTOR('',#130770,1.);
#130790=LINE('',#130760,#130780);
#130800=CARTESIAN_POINT('',(-1.46478915595127,-3.79105222487757,9.3575))
;
#130810=VERTEX_POINT('',#130800);
#130820=EDGE_CURVE('',#130810,#130730,#130790,.T.);
#130830=ORIENTED_EDGE('',*,*,#130820,.T.);
#130840=CARTESIAN_POINT('',(-1.36478915595127,-3.79105222487757,9.3575))
;
#130850=DIRECTION('',(0.,0.,1.));
#130860=DIRECTION('',(0.,1.,0.));
#130870=AXIS2_PLACEMENT_3D('',#130840,#130850,#130860);
#130880=CIRCLE('',#130870,0.1);
#130890=CARTESIAN_POINT('',(-1.36478915595127,-3.69105222487757,9.3575))
;
#130900=VERTEX_POINT('',#130890);
#130910=EDGE_CURVE('',#130900,#130810,#130880,.T.);
#130920=ORIENTED_EDGE('',*,*,#130910,.T.);
#130930=CARTESIAN_POINT('',(-1.89122415595127,-3.69105222487757,9.3575))
;
#130940=DIRECTION('',(-1.,0.,0.));
#130950=VECTOR('',#130940,1.);
#130960=LINE('',#130930,#130950);
#130970=CARTESIAN_POINT('',(-0.0647891559512659,-3.69105222487757,9.3575
));
#130980=VERTEX_POINT('',#130970);
#130990=EDGE_CURVE('',#130980,#130900,#130960,.T.);
#131000=ORIENTED_EDGE('',*,*,#130990,.T.);
#131010=CARTESIAN_POINT('',(-0.0647891559512659,-0.709445224877575,
9.3575));
#131020=DIRECTION('',(0.,-1.,0.));
#131030=VECTOR('',#131020,1.);
#131040=LINE('',#131010,#131030);
#131050=EDGE_CURVE('',#106650,#130980,#131040,.T.);
#131060=ORIENTED_EDGE('',*,*,#131050,.T.);
#131070=ORIENTED_EDGE('',*,*,#106660,.F.);
#131080=ORIENTED_EDGE('',*,*,#91440,.T.);
#131090=ORIENTED_EDGE('',*,*,#90610,.T.);
#131100=EDGE_LOOP('',(#131090,#131080,#131070,#131060,#131000,#130920,
#130830,#130750,#130660,#130580,#130490,#130410,#130330,#130240,#130160,
#130070,#129990,#129910,#129900,#129840,#129830));
#131110=FACE_OUTER_BOUND('',#131100,.T.);
#131120=ADVANCED_FACE('',(#131110),#129820,.T.);
#131130=CARTESIAN_POINT('',(-2.00593293872788,-3.89990844210096,9.3675))
;
#131140=DIRECTION('',(-0.411437827766147,0.911437827766148,0.));
#131150=DIRECTION('',(0.911437827766148,0.411437827766147,0.));
#131160=AXIS2_PLACEMENT_3D('',#131130,#131140,#131150);
#131170=PLANE('',#131160);
#131180=ORIENTED_EDGE('',*,*,#130060,.F.);
#131190=CARTESIAN_POINT('',(-1.76478915595127,-3.79105222487757,9.3675))
;
#131200=DIRECTION('',(0.,0.,1.));
#131210=VECTOR('',#131200,1.);
#131220=LINE('',#131190,#131210);
#131230=CARTESIAN_POINT('',(-1.76478915595127,-3.79105222487757,9.5575))
;
#131240=VERTEX_POINT('',#131230);
#131250=EDGE_CURVE('',#129970,#131240,#131220,.T.);
#131260=ORIENTED_EDGE('',*,*,#131250,.F.);
#131270=CARTESIAN_POINT('',(-1.89122415595127,-3.84812703587276,9.5575))
;
#131280=DIRECTION('',(0.911437827766148,0.411437827766147,0.));
#131290=VECTOR('',#131280,1.);
#131300=LINE('',#131270,#131290);
#131310=CARTESIAN_POINT('',(-2.00593293872788,-3.89990844210096,9.5575))
;
#131320=VERTEX_POINT('',#131310);
#131330=EDGE_CURVE('',#131320,#131240,#131300,.T.);
#131340=ORIENTED_EDGE('',*,*,#131330,.T.);
#131350=CARTESIAN_POINT('',(-2.00593293872788,-3.89990844210096,9.5475))
;
#131360=DIRECTION('',(0.,0.,1.));
#131370=VECTOR('',#131360,1.);
#131380=LINE('',#131350,#131370);
#131390=EDGE_CURVE('',#130050,#131320,#131380,.T.);
#131400=ORIENTED_EDGE('',*,*,#131390,.T.);
#131410=EDGE_LOOP('',(#131400,#131340,#131260,#131180));
#131420=FACE_OUTER_BOUND('',#131410,.T.);
#131430=ADVANCED_FACE('',(#131420),#131170,.T.);
#131440=CARTESIAN_POINT('',(-1.96478915595127,-3.99105222487758,9.3675))
;
#131450=DIRECTION('',(0.,0.,1.));
#131460=DIRECTION('',(0.,1.,0.));
#131470=AXIS2_PLACEMENT_3D('',#131440,#131450,#131460);
#131480=CYLINDRICAL_SURFACE('',#131470,0.1);
#131490=ORIENTED_EDGE('',*,*,#130150,.T.);
#131500=ORIENTED_EDGE('',*,*,#131390,.F.);
#131510=CARTESIAN_POINT('',(-1.96478915595127,-3.99105222487758,9.5575))
;
#131520=DIRECTION('',(0.,0.,1.));
#131530=DIRECTION('',(0.,1.,0.));
#131540=AXIS2_PLACEMENT_3D('',#131510,#131520,#131530);
#131550=CIRCLE('',#131540,0.1);
#131560=CARTESIAN_POINT('',(-2.06478915595127,-3.99105222487758,9.5575))
;
#131570=VERTEX_POINT('',#131560);
#131580=EDGE_CURVE('',#131320,#131570,#131550,.T.);
#131590=ORIENTED_EDGE('',*,*,#131580,.F.);
#131600=CARTESIAN_POINT('',(-2.06478915595127,-3.99105222487758,9.3675))
;
#131610=DIRECTION('',(0.,0.,1.));
#131620=VECTOR('',#131610,1.);
#131630=LINE('',#131600,#131620);
#131640=EDGE_CURVE('',#130140,#131570,#131630,.T.);
#131650=ORIENTED_EDGE('',*,*,#131640,.T.);
#131660=EDGE_LOOP('',(#131650,#131590,#131500,#131490));
#131670=FACE_OUTER_BOUND('',#131660,.T.);
#131680=ADVANCED_FACE('',(#131670),#131480,.T.);
#131690=CARTESIAN_POINT('',(-2.06478915595127,-4.29105222487757,9.3675))
;
#131700=DIRECTION('',(-1.,0.,0.));
#131710=DIRECTION('',(0.,1.,0.));
#131720=AXIS2_PLACEMENT_3D('',#131690,#131700,#131710);
#131730=PLANE('',#131720);
#131740=ORIENTED_EDGE('',*,*,#130230,.F.);
#131750=ORIENTED_EDGE('',*,*,#131640,.F.);
#131760=CARTESIAN_POINT('',(-2.06478915595127,-0.709445224877575,9.5575)
);
#131770=DIRECTION('',(0.,1.,0.));
#131780=VECTOR('',#131770,1.);
#131790=LINE('',#131760,#131780);
#131800=CARTESIAN_POINT('',(-2.06478915595127,-4.29105222487757,9.5575))
;
#131810=VERTEX_POINT('',#131800);
#131820=EDGE_CURVE('',#131810,#131570,#131790,.T.);
#131830=ORIENTED_EDGE('',*,*,#131820,.T.);
#131840=CARTESIAN_POINT('',(-2.06478915595127,-4.29105222487757,9.3675))
;
#131850=DIRECTION('',(0.,0.,1.));
#131860=VECTOR('',#131850,1.);
#131870=LINE('',#131840,#131860);
#131880=EDGE_CURVE('',#130220,#131810,#131870,.T.);
#131890=ORIENTED_EDGE('',*,*,#131880,.T.);
#131900=EDGE_LOOP('',(#131890,#131830,#131750,#131740));
#131910=FACE_OUTER_BOUND('',#131900,.T.);
#131920=ADVANCED_FACE('',(#131910),#131730,.T.);
#131930=CARTESIAN_POINT('',(-1.96478915595127,-4.29105222487757,9.3675))
;
#131940=DIRECTION('',(0.,0.,1.));
#131950=DIRECTION('',(0.,1.,0.));
#131960=AXIS2_PLACEMENT_3D('',#131930,#131940,#131950);
#131970=CYLINDRICAL_SURFACE('',#131960,0.1);
#131980=ORIENTED_EDGE('',*,*,#130320,.T.);
#131990=ORIENTED_EDGE('',*,*,#131880,.F.);
#132000=CARTESIAN_POINT('',(-1.96478915595127,-4.29105222487757,9.5575))
;
#132010=DIRECTION('',(0.,0.,1.));
#132020=DIRECTION('',(0.,1.,0.));
#132030=AXIS2_PLACEMENT_3D('',#132000,#132010,#132020);
#132040=CIRCLE('',#132030,0.1);
#132050=CARTESIAN_POINT('',(-1.96478915595127,-4.39105222487757,9.5575))
;
#132060=VERTEX_POINT('',#132050);
#132070=EDGE_CURVE('',#131810,#132060,#132040,.T.);
#132080=ORIENTED_EDGE('',*,*,#132070,.F.);
#132090=CARTESIAN_POINT('',(-1.96478915595127,-4.39105222487757,9.3675))
;
#132100=DIRECTION('',(0.,0.,1.));
#132110=VECTOR('',#132100,1.);
#132120=LINE('',#132090,#132110);
#132130=EDGE_CURVE('',#130310,#132060,#132120,.T.);
#132140=ORIENTED_EDGE('',*,*,#132130,.T.);
#132150=EDGE_LOOP('',(#132140,#132080,#131990,#131980));
#132160=FACE_OUTER_BOUND('',#132150,.T.);
#132170=ADVANCED_FACE('',(#132160),#131970,.T.);
#132180=CARTESIAN_POINT('',(-1.69478915595127,-4.39105222487757,9.3675))
;
#132190=DIRECTION('',(0.,-1.,0.));
#132200=DIRECTION('',(-1.,0.,0.));
#132210=AXIS2_PLACEMENT_3D('',#132180,#132190,#132200);
#132220=PLANE('',#132210);
#132230=ORIENTED_EDGE('',*,*,#130400,.F.);
#132240=ORIENTED_EDGE('',*,*,#132130,.F.);
#132250=CARTESIAN_POINT('',(-1.89122415595127,-4.39105222487757,9.5575))
;
#132260=DIRECTION('',(-1.,0.,0.));
#132270=VECTOR('',#132260,1.);
#132280=LINE('',#132250,#132270);
#132290=CARTESIAN_POINT('',(-1.69478915595127,-4.39105222487757,9.5575))
;
#132300=VERTEX_POINT('',#132290);
#132310=EDGE_CURVE('',#132300,#132060,#132280,.T.);
#132320=ORIENTED_EDGE('',*,*,#132310,.T.);
#132330=CARTESIAN_POINT('',(-1.69478915595127,-4.39105222487757,9.5475))
;
#132340=DIRECTION('',(0.,0.,1.));
#132350=VECTOR('',#132340,1.);
#132360=LINE('',#132330,#132350);
#132370=EDGE_CURVE('',#130390,#132300,#132360,.T.);
#132380=ORIENTED_EDGE('',*,*,#132370,.T.);
#132390=EDGE_LOOP('',(#132380,#132320,#132240,#132230));
#132400=FACE_OUTER_BOUND('',#132390,.T.);
#132410=ADVANCED_FACE('',(#132400),#132220,.T.);
#132420=CARTESIAN_POINT('',(-1.69478915595127,-4.19105222487757,9.3675))
;
#132430=DIRECTION('',(1.,0.,0.));
#132440=DIRECTION('',(0.,-1.,0.));
#132450=AXIS2_PLACEMENT_3D('',#132420,#132430,#132440);
#132460=PLANE('',#132450);
#132470=ORIENTED_EDGE('',*,*,#130480,.F.);
#132480=ORIENTED_EDGE('',*,*,#132370,.F.);
#132490=CARTESIAN_POINT('',(-1.69478915595127,-0.709445224877575,9.5575)
);
#132500=DIRECTION('',(0.,-1.,0.));
#132510=VECTOR('',#132500,1.);
#132520=LINE('',#132490,#132510);
#132530=CARTESIAN_POINT('',(-1.69478915595127,-4.19105222487757,9.5575))
;
#132540=VERTEX_POINT('',#132530);
#132550=EDGE_CURVE('',#132540,#132300,#132520,.T.);
#132560=ORIENTED_EDGE('',*,*,#132550,.T.);
#132570=CARTESIAN_POINT('',(-1.69478915595127,-4.19105222487757,9.3675))
;
#132580=DIRECTION('',(0.,0.,1.));
#132590=VECTOR('',#132580,1.);
#132600=LINE('',#132570,#132590);
#132610=EDGE_CURVE('',#130470,#132540,#132600,.T.);
#132620=ORIENTED_EDGE('',*,*,#132610,.T.);
#132630=EDGE_LOOP('',(#132620,#132560,#132480,#132470));
#132640=FACE_OUTER_BOUND('',#132630,.T.);
#132650=ADVANCED_FACE('',(#132640),#132460,.T.);
#132660=CARTESIAN_POINT('',(-1.59478915595127,-4.19105222487757,9.3675))
;
#132670=DIRECTION('',(0.,0.,1.));
#132680=DIRECTION('',(0.,1.,0.));
#132690=AXIS2_PLACEMENT_3D('',#132660,#132670,#132680);
#132700=CYLINDRICAL_SURFACE('',#132690,0.1);
#132710=ORIENTED_EDGE('',*,*,#130570,.F.);
#132720=ORIENTED_EDGE('',*,*,#132610,.F.);
#132730=CARTESIAN_POINT('',(-1.59478915595127,-4.19105222487757,9.5575))
;
#132740=DIRECTION('',(0.,0.,1.));
#132750=DIRECTION('',(0.,1.,0.));
#132760=AXIS2_PLACEMENT_3D('',#132730,#132740,#132750);
#132770=CIRCLE('',#132760,0.1);
#132780=CARTESIAN_POINT('',(-1.59478915595127,-4.09105222487757,9.5575))
;
#132790=VERTEX_POINT('',#132780);
#132800=EDGE_CURVE('',#132790,#132540,#132770,.T.);
#132810=ORIENTED_EDGE('',*,*,#132800,.T.);
#132820=CARTESIAN_POINT('',(-1.59478915595127,-4.09105222487757,9.3675))
;
#132830=DIRECTION('',(0.,0.,1.));
#132840=VECTOR('',#132830,1.);
#132850=LINE('',#132820,#132840);
#132860=EDGE_CURVE('',#130560,#132790,#132850,.T.);
#132870=ORIENTED_EDGE('',*,*,#132860,.T.);
#132880=EDGE_LOOP('',(#132870,#132810,#132720,#132710));
#132890=FACE_OUTER_BOUND('',#132880,.T.);
#132900=ADVANCED_FACE('',(#132890),#132700,.F.);
#132910=CARTESIAN_POINT('',(-1.56478915595127,-4.09105222487757,9.3675))
;
#132920=DIRECTION('',(0.,-1.,0.));
#132930=DIRECTION('',(-1.,0.,0.));
#132940=AXIS2_PLACEMENT_3D('',#132910,#132920,#132930);
#132950=PLANE('',#132940);
#132960=ORIENTED_EDGE('',*,*,#130650,.F.);
#132970=ORIENTED_EDGE('',*,*,#132860,.F.);
#132980=CARTESIAN_POINT('',(-1.89122415595127,-4.09105222487757,9.5575))
;
#132990=DIRECTION('',(-1.,0.,0.));
#133000=VECTOR('',#132990,1.);
#133010=LINE('',#132980,#133000);
#133020=CARTESIAN_POINT('',(-1.56478915595127,-4.09105222487757,9.5575))
;
#133030=VERTEX_POINT('',#133020);
#133040=EDGE_CURVE('',#133030,#132790,#133010,.T.);
#133050=ORIENTED_EDGE('',*,*,#133040,.T.);
#133060=CARTESIAN_POINT('',(-1.56478915595127,-4.09105222487757,9.3675))
;
#133070=DIRECTION('',(0.,0.,1.));
#133080=VECTOR('',#133070,1.);
#133090=LINE('',#133060,#133080);
#133100=EDGE_CURVE('',#130640,#133030,#133090,.T.);
#133110=ORIENTED_EDGE('',*,*,#133100,.T.);
#133120=EDGE_LOOP('',(#133110,#133050,#132970,#132960));
#133130=FACE_OUTER_BOUND('',#133120,.T.);
#133140=ADVANCED_FACE('',(#133130),#132950,.T.);
#133150=CARTESIAN_POINT('',(-1.56478915595127,-3.99105222487758,9.3675))
;
#133160=DIRECTION('',(0.,0.,1.));
#133170=DIRECTION('',(0.,1.,0.));
#133180=AXIS2_PLACEMENT_3D('',#133150,#133160,#133170);
#133190=CYLINDRICAL_SURFACE('',#133180,0.1);
#133200=ORIENTED_EDGE('',*,*,#130740,.T.);
#133210=ORIENTED_EDGE('',*,*,#133100,.F.);
#133220=CARTESIAN_POINT('',(-1.56478915595127,-3.99105222487758,9.5575))
;
#133230=DIRECTION('',(0.,0.,1.));
#133240=DIRECTION('',(0.,1.,0.));
#133250=AXIS2_PLACEMENT_3D('',#133220,#133230,#133240);
#133260=CIRCLE('',#133250,0.1);
#133270=CARTESIAN_POINT('',(-1.46478915595127,-3.99105222487758,9.5575))
;
#133280=VERTEX_POINT('',#133270);
#133290=EDGE_CURVE('',#133030,#133280,#133260,.T.);
#133300=ORIENTED_EDGE('',*,*,#133290,.F.);
#133310=CARTESIAN_POINT('',(-1.46478915595127,-3.99105222487758,9.5475))
;
#133320=DIRECTION('',(0.,0.,1.));
#133330=VECTOR('',#133320,1.);
#133340=LINE('',#133310,#133330);
#133350=EDGE_CURVE('',#130730,#133280,#133340,.T.);
#133360=ORIENTED_EDGE('',*,*,#133350,.T.);
#133370=EDGE_LOOP('',(#133360,#133300,#133210,#133200));
#133380=FACE_OUTER_BOUND('',#133370,.T.);
#133390=ADVANCED_FACE('',(#133380),#133190,.T.);
#133400=CARTESIAN_POINT('',(-1.76478915595127,-3.79105222487757,9.3675))
;
#133410=DIRECTION('',(-1.,0.,0.));
#133420=DIRECTION('',(0.,1.,0.));
#133430=AXIS2_PLACEMENT_3D('',#133400,#133410,#133420);
#133440=PLANE('',#133430);
#133450=ORIENTED_EDGE('',*,*,#129980,.F.);
#133460=ORIENTED_EDGE('',*,*,#129730,.F.);
#133470=CARTESIAN_POINT('',(-1.76478915595127,-0.709445224877575,9.5575)
);
#133480=DIRECTION('',(0.,1.,0.));
#133490=VECTOR('',#133480,1.);
#133500=LINE('',#133470,#133490);
#133510=EDGE_CURVE('',#131240,#129660,#133500,.T.);
#133520=ORIENTED_EDGE('',*,*,#133510,.T.);
#133530=ORIENTED_EDGE('',*,*,#131250,.T.);
#133540=EDGE_LOOP('',(#133530,#133520,#133460,#133450));
#133550=FACE_OUTER_BOUND('',#133540,.T.);
#133560=ADVANCED_FACE('',(#133550),#133440,.T.);
#133570=ORIENTED_EDGE('',*,*,#86150,.F.);
#133580=ORIENTED_EDGE('',*,*,#129030,.T.);
#133590=ORIENTED_EDGE('',*,*,#91800,.F.);
#133600=ORIENTED_EDGE('',*,*,#92180,.T.);
#133610=ORIENTED_EDGE('',*,*,#106760,.F.);
#133620=CARTESIAN_POINT('',(-0.0647891559512659,-0.709445224877575,
9.5575));
#133630=DIRECTION('',(0.,-1.,0.));
#133640=VECTOR('',#133630,1.);
#133650=LINE('',#133620,#133640);
#133660=CARTESIAN_POINT('',(-0.0647891559512659,-3.69105222487757,9.5575
));
#133670=VERTEX_POINT('',#133660);
#133680=EDGE_CURVE('',#106730,#133670,#133650,.T.);
#133690=ORIENTED_EDGE('',*,*,#133680,.F.);
#133700=CARTESIAN_POINT('',(-1.89122415595127,-3.69105222487757,9.5575))
;
#133710=DIRECTION('',(-1.,0.,0.));
#133720=VECTOR('',#133710,1.);
#133730=LINE('',#133700,#133720);
#133740=CARTESIAN_POINT('',(-1.36478915595127,-3.69105222487757,9.5575))
;
#133750=VERTEX_POINT('',#133740);
#133760=EDGE_CURVE('',#133670,#133750,#133730,.T.);
#133770=ORIENTED_EDGE('',*,*,#133760,.F.);
#133780=CARTESIAN_POINT('',(-1.36478915595127,-3.79105222487757,9.5575))
;
#133790=DIRECTION('',(0.,0.,1.));
#133800=DIRECTION('',(0.,1.,0.));
#133810=AXIS2_PLACEMENT_3D('',#133780,#133790,#133800);
#133820=CIRCLE('',#133810,0.1);
#133830=CARTESIAN_POINT('',(-1.46478915595127,-3.79105222487757,9.5575))
;
#133840=VERTEX_POINT('',#133830);
#133850=EDGE_CURVE('',#133750,#133840,#133820,.T.);
#133860=ORIENTED_EDGE('',*,*,#133850,.F.);
#133870=CARTESIAN_POINT('',(-1.46478915595127,-0.709445224877575,9.5575)
);
#133880=DIRECTION('',(0.,-1.,0.));
#133890=VECTOR('',#133880,1.);
#133900=LINE('',#133870,#133890);
#133910=EDGE_CURVE('',#133840,#133280,#133900,.T.);
#133920=ORIENTED_EDGE('',*,*,#133910,.F.);
#133930=ORIENTED_EDGE('',*,*,#133290,.T.);
#133940=ORIENTED_EDGE('',*,*,#133040,.F.);
#133950=ORIENTED_EDGE('',*,*,#132800,.F.);
#133960=ORIENTED_EDGE('',*,*,#132550,.F.);
#133970=ORIENTED_EDGE('',*,*,#132310,.F.);
#133980=ORIENTED_EDGE('',*,*,#132070,.T.);
#133990=ORIENTED_EDGE('',*,*,#131820,.F.);
#134000=ORIENTED_EDGE('',*,*,#131580,.T.);
#134010=ORIENTED_EDGE('',*,*,#131330,.F.);
#134020=ORIENTED_EDGE('',*,*,#133510,.F.);
#134030=ORIENTED_EDGE('',*,*,#129670,.F.);
#134040=CARTESIAN_POINT('',(-1.91478915595127,-0.709445224877575,9.5575)
);
#134050=DIRECTION('',(0.,1.,0.));
#134060=VECTOR('',#134050,1.);
#134070=LINE('',#134040,#134060);
#134080=EDGE_CURVE('',#129580,#86140,#134070,.T.);
#134090=ORIENTED_EDGE('',*,*,#134080,.F.);
#134100=EDGE_LOOP('',(#134090,#134030,#134020,#134010,#134000,#133990,
#133980,#133970,#133960,#133950,#133940,#133930,#133920,#133860,#133770,
#133690,#133610,#133600,#133590,#133580,#133570));
#134110=FACE_OUTER_BOUND('',#134100,.T.);
#134120=ADVANCED_FACE('',(#134110),#61730,.T.);
#134130=CARTESIAN_POINT('',(-1.46478915595127,-3.79105222487757,9.3675))
;
#134140=DIRECTION('',(1.,0.,0.));
#134150=DIRECTION('',(0.,-1.,0.));
#134160=AXIS2_PLACEMENT_3D('',#134130,#134140,#134150);
#134170=PLANE('',#134160);
#134180=ORIENTED_EDGE('',*,*,#130820,.F.);
#134190=ORIENTED_EDGE('',*,*,#133350,.F.);
#134200=ORIENTED_EDGE('',*,*,#133910,.T.);
#134210=CARTESIAN_POINT('',(-1.46478915595127,-3.79105222487757,9.5475))
;
#134220=DIRECTION('',(0.,0.,1.));
#134230=VECTOR('',#134220,1.);
#134240=LINE('',#134210,#134230);
#134250=EDGE_CURVE('',#130810,#133840,#134240,.T.);
#134260=ORIENTED_EDGE('',*,*,#134250,.T.);
#134270=EDGE_LOOP('',(#134260,#134200,#134190,#134180));
#134280=FACE_OUTER_BOUND('',#134270,.T.);
#134290=ADVANCED_FACE('',(#134280),#134170,.T.);
#134300=CARTESIAN_POINT('',(-1.36478915595127,-3.79105222487757,9.3675))
;
#134310=DIRECTION('',(0.,0.,1.));
#134320=DIRECTION('',(0.,1.,0.));
#134330=AXIS2_PLACEMENT_3D('',#134300,#134310,#134320);
#134340=CYLINDRICAL_SURFACE('',#134330,0.1);
#134350=ORIENTED_EDGE('',*,*,#130910,.F.);
#134360=ORIENTED_EDGE('',*,*,#134250,.F.);
#134370=ORIENTED_EDGE('',*,*,#133850,.T.);
#134380=CARTESIAN_POINT('',(-1.36478915595127,-3.69105222487757,9.3675))
;
#134390=DIRECTION('',(0.,0.,1.));
#134400=VECTOR('',#134390,1.);
#134410=LINE('',#134380,#134400);
#134420=EDGE_CURVE('',#130900,#133750,#134410,.T.);
#134430=ORIENTED_EDGE('',*,*,#134420,.T.);
#134440=EDGE_LOOP('',(#134430,#134370,#134360,#134350));
#134450=FACE_OUTER_BOUND('',#134440,.T.);
#134460=ADVANCED_FACE('',(#134450),#134340,.F.);
#134470=CARTESIAN_POINT('',(-0.0647891559512659,-3.69105222487757,9.3675
));
#134480=DIRECTION('',(0.,-1.,0.));
#134490=DIRECTION('',(-1.,0.,0.));
#134500=AXIS2_PLACEMENT_3D('',#134470,#134480,#134490);
#134510=PLANE('',#134500);
#134520=ORIENTED_EDGE('',*,*,#130990,.F.);
#134530=ORIENTED_EDGE('',*,*,#134420,.F.);
#134540=ORIENTED_EDGE('',*,*,#133760,.T.);
#134550=CARTESIAN_POINT('',(-0.0647891559512659,-3.69105222487757,9.5475
));
#134560=DIRECTION('',(0.,0.,1.));
#134570=VECTOR('',#134560,1.);
#134580=LINE('',#134550,#134570);
#134590=EDGE_CURVE('',#130980,#133670,#134580,.T.);
#134600=ORIENTED_EDGE('',*,*,#134590,.T.);
#134610=EDGE_LOOP('',(#134600,#134540,#134530,#134520));
#134620=FACE_OUTER_BOUND('',#134610,.T.);
#134630=ADVANCED_FACE('',(#134620),#134510,.T.);
#134640=CARTESIAN_POINT('',(-0.0647891559512659,-3.34105222487757,9.3675
));
#134650=DIRECTION('',(1.,0.,0.));
#134660=DIRECTION('',(0.,-1.,0.));
#134670=AXIS2_PLACEMENT_3D('',#134640,#134650,#134660);
#134680=PLANE('',#134670);
#134690=ORIENTED_EDGE('',*,*,#131050,.F.);
#134700=ORIENTED_EDGE('',*,*,#134590,.F.);
#134710=ORIENTED_EDGE('',*,*,#133680,.T.);
#134720=ORIENTED_EDGE('',*,*,#106740,.F.);
#134730=EDGE_LOOP('',(#134720,#134710,#134700,#134690));
#134740=FACE_OUTER_BOUND('',#134730,.T.);
#134750=ADVANCED_FACE('',(#134740),#134680,.T.);
#134760=CARTESIAN_POINT('',(-1.76478915595127,-3.59105222487757,8.8675))
;
#134770=DIRECTION('',(0.,-1.,0.));
#134780=DIRECTION('',(-1.,0.,0.));
#134790=AXIS2_PLACEMENT_3D('',#134760,#134770,#134780);
#134800=PLANE('',#134790);
#134810=CARTESIAN_POINT('',(-1.89122415595127,-3.59105222487757,8.8575))
;
#134820=DIRECTION('',(-1.,0.,0.));
#134830=VECTOR('',#134820,1.);
#134840=LINE('',#134810,#134830);
#134850=CARTESIAN_POINT('',(-1.76478915595127,-3.59105222487757,8.8575))
;
#134860=VERTEX_POINT('',#134850);
#134870=CARTESIAN_POINT('',(-1.91478915595127,-3.59105222487757,8.8575))
;
#134880=VERTEX_POINT('',#134870);
#134890=EDGE_CURVE('',#134860,#134880,#134840,.T.);
#134900=ORIENTED_EDGE('',*,*,#134890,.F.);
#134910=CARTESIAN_POINT('',(-1.91478915595127,-3.59105222487757,9.0475))
;
#134920=DIRECTION('',(0.,0.,1.));
#134930=VECTOR('',#134920,1.);
#134940=LINE('',#134910,#134930);
#134950=CARTESIAN_POINT('',(-1.91478915595127,-3.59105222487757,9.0575))
;
#134960=VERTEX_POINT('',#134950);
#134970=EDGE_CURVE('',#134880,#134960,#134940,.T.);
#134980=ORIENTED_EDGE('',*,*,#134970,.F.);
#134990=CARTESIAN_POINT('',(-1.89122415595127,-3.59105222487757,9.0575))
;
#135000=DIRECTION('',(-1.,0.,0.));
#135010=VECTOR('',#135000,1.);
#135020=LINE('',#134990,#135010);
#135030=CARTESIAN_POINT('',(-1.76478915595127,-3.59105222487757,9.0575))
;
#135040=VERTEX_POINT('',#135030);
#135050=EDGE_CURVE('',#135040,#134960,#135020,.T.);
#135060=ORIENTED_EDGE('',*,*,#135050,.T.);
#135070=CARTESIAN_POINT('',(-1.76478915595127,-3.59105222487757,8.8675))
;
#135080=DIRECTION('',(0.,0.,1.));
#135090=VECTOR('',#135080,1.);
#135100=LINE('',#135070,#135090);
#135110=EDGE_CURVE('',#134860,#135040,#135100,.T.);
#135120=ORIENTED_EDGE('',*,*,#135110,.T.);
#135130=EDGE_LOOP('',(#135120,#135060,#134980,#134900));
#135140=FACE_OUTER_BOUND('',#135130,.T.);
#135150=ADVANCED_FACE('',(#135140),#134800,.T.);
#135160=CARTESIAN_POINT('',(-1.45941818394728,-1.06738394494655,8.8575))
;
#135170=DIRECTION('',(0.,0.,-1.));
#135180=DIRECTION('',(-1.,0.,0.));
#135190=AXIS2_PLACEMENT_3D('',#135160,#135170,#135180);
#135200=PLANE('',#135190);
#135210=ORIENTED_EDGE('',*,*,#106510,.F.);
#135220=ORIENTED_EDGE('',*,*,#89850,.T.);
#135230=ORIENTED_EDGE('',*,*,#89020,.T.);
#135240=ORIENTED_EDGE('',*,*,#89380,.T.);
#135250=ORIENTED_EDGE('',*,*,#86630,.F.);
#135260=CARTESIAN_POINT('',(-1.91478915595127,-0.709445224877575,8.8575)
);
#135270=DIRECTION('',(0.,1.,0.));
#135280=VECTOR('',#135270,1.);
#135290=LINE('',#135260,#135280);
#135300=EDGE_CURVE('',#134880,#86540,#135290,.T.);
#135310=ORIENTED_EDGE('',*,*,#135300,.T.);
#135320=ORIENTED_EDGE('',*,*,#134890,.T.);
#135330=CARTESIAN_POINT('',(-1.76478915595127,-0.709445224877575,8.8575)
);
#135340=DIRECTION('',(0.,1.,0.));
#135350=VECTOR('',#135340,1.);
#135360=LINE('',#135330,#135350);
#135370=CARTESIAN_POINT('',(-1.76478915595127,-3.79105222487757,8.8575))
;
#135380=VERTEX_POINT('',#135370);
#135390=EDGE_CURVE('',#135380,#134860,#135360,.T.);
#135400=ORIENTED_EDGE('',*,*,#135390,.T.);
#135410=CARTESIAN_POINT('',(-1.89122415595127,-3.84812703587276,8.8575))
;
#135420=DIRECTION('',(0.911437827766148,0.411437827766147,0.));
#135430=VECTOR('',#135420,1.);
#135440=LINE('',#135410,#135430);
#135450=CARTESIAN_POINT('',(-2.00593293872788,-3.89990844210096,8.8575))
;
#135460=VERTEX_POINT('',#135450);
#135470=EDGE_CURVE('',#135460,#135380,#135440,.T.);
#135480=ORIENTED_EDGE('',*,*,#135470,.T.);
#135490=CARTESIAN_POINT('',(-1.96478915595127,-3.99105222487758,8.8575))
;
#135500=DIRECTION('',(0.,0.,1.));
#135510=DIRECTION('',(0.,1.,0.));
#135520=AXIS2_PLACEMENT_3D('',#135490,#135500,#135510);
#135530=CIRCLE('',#135520,0.1);
#135540=CARTESIAN_POINT('',(-2.06478915595127,-3.99105222487758,8.8575))
;
#135550=VERTEX_POINT('',#135540);
#135560=EDGE_CURVE('',#135460,#135550,#135530,.T.);
#135570=ORIENTED_EDGE('',*,*,#135560,.F.);
#135580=CARTESIAN_POINT('',(-2.06478915595127,-0.709445224877575,8.8575)
);
#135590=DIRECTION('',(0.,1.,0.));
#135600=VECTOR('',#135590,1.);
#135610=LINE('',#135580,#135600);
#135620=CARTESIAN_POINT('',(-2.06478915595127,-4.29105222487757,8.8575))
;
#135630=VERTEX_POINT('',#135620);
#135640=EDGE_CURVE('',#135630,#135550,#135610,.T.);
#135650=ORIENTED_EDGE('',*,*,#135640,.T.);
#135660=CARTESIAN_POINT('',(-1.96478915595127,-4.29105222487757,8.8575))
;
#135670=DIRECTION('',(0.,0.,1.));
#135680=DIRECTION('',(0.,1.,0.));
#135690=AXIS2_PLACEMENT_3D('',#135660,#135670,#135680);
#135700=CIRCLE('',#135690,0.1);
#135710=CARTESIAN_POINT('',(-1.96478915595127,-4.39105222487757,8.8575))
;
#135720=VERTEX_POINT('',#135710);
#135730=EDGE_CURVE('',#135630,#135720,#135700,.T.);
#135740=ORIENTED_EDGE('',*,*,#135730,.F.);
#135750=CARTESIAN_POINT('',(-1.89122415595127,-4.39105222487757,8.8575))
;
#135760=DIRECTION('',(-1.,0.,0.));
#135770=VECTOR('',#135760,1.);
#135780=LINE('',#135750,#135770);
#135790=CARTESIAN_POINT('',(-1.69478915595127,-4.39105222487757,8.8575))
;
#135800=VERTEX_POINT('',#135790);
#135810=EDGE_CURVE('',#135800,#135720,#135780,.T.);
#135820=ORIENTED_EDGE('',*,*,#135810,.T.);
#135830=CARTESIAN_POINT('',(-1.69478915595127,-0.709445224877575,8.8575)
);
#135840=DIRECTION('',(0.,-1.,0.));
#135850=VECTOR('',#135840,1.);
#135860=LINE('',#135830,#135850);
#135870=CARTESIAN_POINT('',(-1.69478915595127,-4.19105222487757,8.8575))
;
#135880=VERTEX_POINT('',#135870);
#135890=EDGE_CURVE('',#135880,#135800,#135860,.T.);
#135900=ORIENTED_EDGE('',*,*,#135890,.T.);
#135910=CARTESIAN_POINT('',(-1.59478915595127,-4.19105222487757,8.8575))
;
#135920=DIRECTION('',(0.,0.,1.));
#135930=DIRECTION('',(0.,1.,0.));
#135940=AXIS2_PLACEMENT_3D('',#135910,#135920,#135930);
#135950=CIRCLE('',#135940,0.1);
#135960=CARTESIAN_POINT('',(-1.59478915595127,-4.09105222487757,8.8575))
;
#135970=VERTEX_POINT('',#135960);
#135980=EDGE_CURVE('',#135970,#135880,#135950,.T.);
#135990=ORIENTED_EDGE('',*,*,#135980,.T.);
#136000=CARTESIAN_POINT('',(-1.89122415595127,-4.09105222487757,8.8575))
;
#136010=DIRECTION('',(-1.,0.,0.));
#136020=VECTOR('',#136010,1.);
#136030=LINE('',#136000,#136020);
#136040=CARTESIAN_POINT('',(-1.56478915595127,-4.09105222487757,8.8575))
;
#136050=VERTEX_POINT('',#136040);
#136060=EDGE_CURVE('',#136050,#135970,#136030,.T.);
#136070=ORIENTED_EDGE('',*,*,#136060,.T.);
#136080=CARTESIAN_POINT('',(-1.56478915595127,-3.99105222487758,8.8575))
;
#136090=DIRECTION('',(0.,0.,1.));
#136100=DIRECTION('',(0.,1.,0.));
#136110=AXIS2_PLACEMENT_3D('',#136080,#136090,#136100);
#136120=CIRCLE('',#136110,0.1);
#136130=CARTESIAN_POINT('',(-1.46478915595127,-3.99105222487758,8.8575))
;
#136140=VERTEX_POINT('',#136130);
#136150=EDGE_CURVE('',#136050,#136140,#136120,.T.);
#136160=ORIENTED_EDGE('',*,*,#136150,.F.);
#136170=CARTESIAN_POINT('',(-1.46478915595127,-0.709445224877575,8.8575)
);
#136180=DIRECTION('',(0.,-1.,0.));
#136190=VECTOR('',#136180,1.);
#136200=LINE('',#136170,#136190);
#136210=CARTESIAN_POINT('',(-1.46478915595127,-3.79105222487757,8.8575))
;
#136220=VERTEX_POINT('',#136210);
#136230=EDGE_CURVE('',#136220,#136140,#136200,.T.);
#136240=ORIENTED_EDGE('',*,*,#136230,.T.);
#136250=CARTESIAN_POINT('',(-1.36478915595127,-3.79105222487757,8.8575))
;
#136260=DIRECTION('',(0.,0.,1.));
#136270=DIRECTION('',(0.,1.,0.));
#136280=AXIS2_PLACEMENT_3D('',#136250,#136260,#136270);
#136290=CIRCLE('',#136280,0.1);
#136300=CARTESIAN_POINT('',(-1.36478915595127,-3.69105222487757,8.8575))
;
#136310=VERTEX_POINT('',#136300);
#136320=EDGE_CURVE('',#136310,#136220,#136290,.T.);
#136330=ORIENTED_EDGE('',*,*,#136320,.T.);
#136340=CARTESIAN_POINT('',(-1.89122415595127,-3.69105222487757,8.8575))
;
#136350=DIRECTION('',(-1.,0.,0.));
#136360=VECTOR('',#136350,1.);
#136370=LINE('',#136340,#136360);
#136380=CARTESIAN_POINT('',(-0.0647891559512659,-3.69105222487757,8.8575
));
#136390=VERTEX_POINT('',#136380);
#136400=EDGE_CURVE('',#136390,#136310,#136370,.T.);
#136410=ORIENTED_EDGE('',*,*,#136400,.T.);
#136420=CARTESIAN_POINT('',(-0.0647891559512659,-0.709445224877575,
8.8575));
#136430=DIRECTION('',(0.,-1.,0.));
#136440=VECTOR('',#136430,1.);
#136450=LINE('',#136420,#136440);
#136460=EDGE_CURVE('',#106500,#136390,#136450,.T.);
#136470=ORIENTED_EDGE('',*,*,#136460,.T.);
#136480=EDGE_LOOP('',(#136470,#136410,#136330,#136240,#136160,#136070,
#135990,#135900,#135820,#135740,#135650,#135570,#135480,#135400,#135320,
#135310,#135250,#135240,#135230,#135220,#135210));
#136490=FACE_OUTER_BOUND('',#136480,.T.);
#136500=ADVANCED_FACE('',(#136490),#135200,.T.);
#136510=CARTESIAN_POINT('',(-2.00593293872788,-3.89990844210096,8.8675))
;
#136520=DIRECTION('',(-0.411437827766147,0.911437827766148,0.));
#136530=DIRECTION('',(0.911437827766148,0.411437827766147,0.));
#136540=AXIS2_PLACEMENT_3D('',#136510,#136520,#136530);
#136550=PLANE('',#136540);
#136560=ORIENTED_EDGE('',*,*,#135470,.F.);
#136570=CARTESIAN_POINT('',(-1.76478915595127,-3.79105222487757,8.8675))
;
#136580=DIRECTION('',(0.,0.,1.));
#136590=VECTOR('',#136580,1.);
#136600=LINE('',#136570,#136590);
#136610=CARTESIAN_POINT('',(-1.76478915595127,-3.79105222487757,9.0575))
;
#136620=VERTEX_POINT('',#136610);
#136630=EDGE_CURVE('',#135380,#136620,#136600,.T.);
#136640=ORIENTED_EDGE('',*,*,#136630,.F.);
#136650=CARTESIAN_POINT('',(-1.89122415595127,-3.84812703587276,9.0575))
;
#136660=DIRECTION('',(0.911437827766148,0.411437827766147,0.));
#136670=VECTOR('',#136660,1.);
#136680=LINE('',#136650,#136670);
#136690=CARTESIAN_POINT('',(-2.00593293872788,-3.89990844210096,9.0575))
;
#136700=VERTEX_POINT('',#136690);
#136710=EDGE_CURVE('',#136700,#136620,#136680,.T.);
#136720=ORIENTED_EDGE('',*,*,#136710,.T.);
#136730=CARTESIAN_POINT('',(-2.00593293872788,-3.89990844210096,9.0475))
;
#136740=DIRECTION('',(0.,0.,1.));
#136750=VECTOR('',#136740,1.);
#136760=LINE('',#136730,#136750);
#136770=EDGE_CURVE('',#135460,#136700,#136760,.T.);
#136780=ORIENTED_EDGE('',*,*,#136770,.T.);
#136790=EDGE_LOOP('',(#136780,#136720,#136640,#136560));
#136800=FACE_OUTER_BOUND('',#136790,.T.);
#136810=ADVANCED_FACE('',(#136800),#136550,.T.);
#136820=CARTESIAN_POINT('',(-1.96478915595127,-3.99105222487758,8.8675))
;
#136830=DIRECTION('',(0.,0.,1.));
#136840=DIRECTION('',(0.,1.,0.));
#136850=AXIS2_PLACEMENT_3D('',#136820,#136830,#136840);
#136860=CYLINDRICAL_SURFACE('',#136850,0.1);
#136870=ORIENTED_EDGE('',*,*,#135560,.T.);
#136880=ORIENTED_EDGE('',*,*,#136770,.F.);
#136890=CARTESIAN_POINT('',(-1.96478915595127,-3.99105222487758,9.0575))
;
#136900=DIRECTION('',(0.,0.,1.));
#136910=DIRECTION('',(0.,1.,0.));
#136920=AXIS2_PLACEMENT_3D('',#136890,#136900,#136910);
#136930=CIRCLE('',#136920,0.1);
#136940=CARTESIAN_POINT('',(-2.06478915595127,-3.99105222487758,9.0575))
;
#136950=VERTEX_POINT('',#136940);
#136960=EDGE_CURVE('',#136700,#136950,#136930,.T.);
#136970=ORIENTED_EDGE('',*,*,#136960,.F.);
#136980=CARTESIAN_POINT('',(-2.06478915595127,-3.99105222487758,8.8675))
;
#136990=DIRECTION('',(0.,0.,1.));
#137000=VECTOR('',#136990,1.);
#137010=LINE('',#136980,#137000);
#137020=EDGE_CURVE('',#135550,#136950,#137010,.T.);
#137030=ORIENTED_EDGE('',*,*,#137020,.T.);
#137040=EDGE_LOOP('',(#137030,#136970,#136880,#136870));
#137050=FACE_OUTER_BOUND('',#137040,.T.);
#137060=ADVANCED_FACE('',(#137050),#136860,.T.);
#137070=CARTESIAN_POINT('',(-2.06478915595127,-4.29105222487757,8.8675))
;
#137080=DIRECTION('',(-1.,0.,0.));
#137090=DIRECTION('',(0.,1.,0.));
#137100=AXIS2_PLACEMENT_3D('',#137070,#137080,#137090);
#137110=PLANE('',#137100);
#137120=ORIENTED_EDGE('',*,*,#135640,.F.);
#137130=ORIENTED_EDGE('',*,*,#137020,.F.);
#137140=CARTESIAN_POINT('',(-2.06478915595127,-0.709445224877575,9.0575)
);
#137150=DIRECTION('',(0.,1.,0.));
#137160=VECTOR('',#137150,1.);
#137170=LINE('',#137140,#137160);
#137180=CARTESIAN_POINT('',(-2.06478915595127,-4.29105222487757,9.0575))
;
#137190=VERTEX_POINT('',#137180);
#137200=EDGE_CURVE('',#137190,#136950,#137170,.T.);
#137210=ORIENTED_EDGE('',*,*,#137200,.T.);
#137220=CARTESIAN_POINT('',(-2.06478915595127,-4.29105222487757,8.8675))
;
#137230=DIRECTION('',(0.,0.,1.));
#137240=VECTOR('',#137230,1.);
#137250=LINE('',#137220,#137240);
#137260=EDGE_CURVE('',#135630,#137190,#137250,.T.);
#137270=ORIENTED_EDGE('',*,*,#137260,.T.);
#137280=EDGE_LOOP('',(#137270,#137210,#137130,#137120));
#137290=FACE_OUTER_BOUND('',#137280,.T.);
#137300=ADVANCED_FACE('',(#137290),#137110,.T.);
#137310=CARTESIAN_POINT('',(-1.96478915595127,-4.29105222487757,8.8675))
;
#137320=DIRECTION('',(0.,0.,1.));
#137330=DIRECTION('',(0.,1.,0.));
#137340=AXIS2_PLACEMENT_3D('',#137310,#137320,#137330);
#137350=CYLINDRICAL_SURFACE('',#137340,0.1);
#137360=ORIENTED_EDGE('',*,*,#135730,.T.);
#137370=ORIENTED_EDGE('',*,*,#137260,.F.);
#137380=CARTESIAN_POINT('',(-1.96478915595127,-4.29105222487757,9.0575))
;
#137390=DIRECTION('',(0.,0.,1.));
#137400=DIRECTION('',(0.,1.,0.));
#137410=AXIS2_PLACEMENT_3D('',#137380,#137390,#137400);
#137420=CIRCLE('',#137410,0.1);
#137430=CARTESIAN_POINT('',(-1.96478915595127,-4.39105222487757,9.0575))
;
#137440=VERTEX_POINT('',#137430);
#137450=EDGE_CURVE('',#137190,#137440,#137420,.T.);
#137460=ORIENTED_EDGE('',*,*,#137450,.F.);
#137470=CARTESIAN_POINT('',(-1.96478915595127,-4.39105222487757,8.8675))
;
#137480=DIRECTION('',(0.,0.,1.));
#137490=VECTOR('',#137480,1.);
#137500=LINE('',#137470,#137490);
#137510=EDGE_CURVE('',#135720,#137440,#137500,.T.);
#137520=ORIENTED_EDGE('',*,*,#137510,.T.);
#137530=EDGE_LOOP('',(#137520,#137460,#137370,#137360));
#137540=FACE_OUTER_BOUND('',#137530,.T.);
#137550=ADVANCED_FACE('',(#137540),#137350,.T.);
#137560=CARTESIAN_POINT('',(-1.69478915595127,-4.39105222487757,8.8675))
;
#137570=DIRECTION('',(0.,-1.,0.));
#137580=DIRECTION('',(-1.,0.,0.));
#137590=AXIS2_PLACEMENT_3D('',#137560,#137570,#137580);
#137600=PLANE('',#137590);
#137610=ORIENTED_EDGE('',*,*,#135810,.F.);
#137620=ORIENTED_EDGE('',*,*,#137510,.F.);
#137630=CARTESIAN_POINT('',(-1.89122415595127,-4.39105222487757,9.0575))
;
#137640=DIRECTION('',(-1.,0.,0.));
#137650=VECTOR('',#137640,1.);
#137660=LINE('',#137630,#137650);
#137670=CARTESIAN_POINT('',(-1.69478915595127,-4.39105222487757,9.0575))
;
#137680=VERTEX_POINT('',#137670);
#137690=EDGE_CURVE('',#137680,#137440,#137660,.T.);
#137700=ORIENTED_EDGE('',*,*,#137690,.T.);
#137710=CARTESIAN_POINT('',(-1.69478915595127,-4.39105222487757,9.0475))
;
#137720=DIRECTION('',(0.,0.,1.));
#137730=VECTOR('',#137720,1.);
#137740=LINE('',#137710,#137730);
#137750=EDGE_CURVE('',#135800,#137680,#137740,.T.);
#137760=ORIENTED_EDGE('',*,*,#137750,.T.);
#137770=EDGE_LOOP('',(#137760,#137700,#137620,#137610));
#137780=FACE_OUTER_BOUND('',#137770,.T.);
#137790=ADVANCED_FACE('',(#137780),#137600,.T.);
#137800=CARTESIAN_POINT('',(-1.69478915595127,-4.19105222487757,8.8675))
;
#137810=DIRECTION('',(1.,0.,0.));
#137820=DIRECTION('',(0.,-1.,0.));
#137830=AXIS2_PLACEMENT_3D('',#137800,#137810,#137820);
#137840=PLANE('',#137830);
#137850=ORIENTED_EDGE('',*,*,#135890,.F.);
#137860=ORIENTED_EDGE('',*,*,#137750,.F.);
#137870=CARTESIAN_POINT('',(-1.69478915595127,-0.709445224877575,9.0575)
);
#137880=DIRECTION('',(0.,-1.,0.));
#137890=VECTOR('',#137880,1.);
#137900=LINE('',#137870,#137890);
#137910=CARTESIAN_POINT('',(-1.69478915595127,-4.19105222487757,9.0575))
;
#137920=VERTEX_POINT('',#137910);
#137930=EDGE_CURVE('',#137920,#137680,#137900,.T.);
#137940=ORIENTED_EDGE('',*,*,#137930,.T.);
#137950=CARTESIAN_POINT('',(-1.69478915595127,-4.19105222487757,8.8675))
;
#137960=DIRECTION('',(0.,0.,1.));
#137970=VECTOR('',#137960,1.);
#137980=LINE('',#137950,#137970);
#137990=EDGE_CURVE('',#135880,#137920,#137980,.T.);
#138000=ORIENTED_EDGE('',*,*,#137990,.T.);
#138010=EDGE_LOOP('',(#138000,#137940,#137860,#137850));
#138020=FACE_OUTER_BOUND('',#138010,.T.);
#138030=ADVANCED_FACE('',(#138020),#137840,.T.);
#138040=CARTESIAN_POINT('',(-1.59478915595127,-4.19105222487757,8.8675))
;
#138050=DIRECTION('',(0.,0.,1.));
#138060=DIRECTION('',(0.,1.,0.));
#138070=AXIS2_PLACEMENT_3D('',#138040,#138050,#138060);
#138080=CYLINDRICAL_SURFACE('',#138070,0.1);
#138090=ORIENTED_EDGE('',*,*,#135980,.F.);
#138100=ORIENTED_EDGE('',*,*,#137990,.F.);
#138110=CARTESIAN_POINT('',(-1.59478915595127,-4.19105222487757,9.0575))
;
#138120=DIRECTION('',(0.,0.,1.));
#138130=DIRECTION('',(0.,1.,0.));
#138140=AXIS2_PLACEMENT_3D('',#138110,#138120,#138130);
#138150=CIRCLE('',#138140,0.1);
#138160=CARTESIAN_POINT('',(-1.59478915595127,-4.09105222487757,9.0575))
;
#138170=VERTEX_POINT('',#138160);
#138180=EDGE_CURVE('',#138170,#137920,#138150,.T.);
#138190=ORIENTED_EDGE('',*,*,#138180,.T.);
#138200=CARTESIAN_POINT('',(-1.59478915595127,-4.09105222487757,8.8675))
;
#138210=DIRECTION('',(0.,0.,1.));
#138220=VECTOR('',#138210,1.);
#138230=LINE('',#138200,#138220);
#138240=EDGE_CURVE('',#135970,#138170,#138230,.T.);
#138250=ORIENTED_EDGE('',*,*,#138240,.T.);
#138260=EDGE_LOOP('',(#138250,#138190,#138100,#138090));
#138270=FACE_OUTER_BOUND('',#138260,.T.);
#138280=ADVANCED_FACE('',(#138270),#138080,.F.);
#138290=CARTESIAN_POINT('',(-1.56478915595127,-4.09105222487757,8.8675))
;
#138300=DIRECTION('',(0.,-1.,0.));
#138310=DIRECTION('',(-1.,0.,0.));
#138320=AXIS2_PLACEMENT_3D('',#138290,#138300,#138310);
#138330=PLANE('',#138320);
#138340=ORIENTED_EDGE('',*,*,#136060,.F.);
#138350=ORIENTED_EDGE('',*,*,#138240,.F.);
#138360=CARTESIAN_POINT('',(-1.89122415595127,-4.09105222487757,9.0575))
;
#138370=DIRECTION('',(-1.,0.,0.));
#138380=VECTOR('',#138370,1.);
#138390=LINE('',#138360,#138380);
#138400=CARTESIAN_POINT('',(-1.56478915595127,-4.09105222487757,9.0575))
;
#138410=VERTEX_POINT('',#138400);
#138420=EDGE_CURVE('',#138410,#138170,#138390,.T.);
#138430=ORIENTED_EDGE('',*,*,#138420,.T.);
#138440=CARTESIAN_POINT('',(-1.56478915595127,-4.09105222487757,8.8675))
;
#138450=DIRECTION('',(0.,0.,1.));
#138460=VECTOR('',#138450,1.);
#138470=LINE('',#138440,#138460);
#138480=EDGE_CURVE('',#136050,#138410,#138470,.T.);
#138490=ORIENTED_EDGE('',*,*,#138480,.T.);
#138500=EDGE_LOOP('',(#138490,#138430,#138350,#138340));
#138510=FACE_OUTER_BOUND('',#138500,.T.);
#138520=ADVANCED_FACE('',(#138510),#138330,.T.);
#138530=CARTESIAN_POINT('',(-1.56478915595127,-3.99105222487758,8.8675))
;
#138540=DIRECTION('',(0.,0.,1.));
#138550=DIRECTION('',(0.,1.,0.));
#138560=AXIS2_PLACEMENT_3D('',#138530,#138540,#138550);
#138570=CYLINDRICAL_SURFACE('',#138560,0.1);
#138580=ORIENTED_EDGE('',*,*,#136150,.T.);
#138590=ORIENTED_EDGE('',*,*,#138480,.F.);
#138600=CARTESIAN_POINT('',(-1.56478915595127,-3.99105222487758,9.0575))
;
#138610=DIRECTION('',(0.,0.,1.));
#138620=DIRECTION('',(0.,1.,0.));
#138630=AXIS2_PLACEMENT_3D('',#138600,#138610,#138620);
#138640=CIRCLE('',#138630,0.1);
#138650=CARTESIAN_POINT('',(-1.46478915595127,-3.99105222487758,9.0575))
;
#138660=VERTEX_POINT('',#138650);
#138670=EDGE_CURVE('',#138410,#138660,#138640,.T.);
#138680=ORIENTED_EDGE('',*,*,#138670,.F.);
#138690=CARTESIAN_POINT('',(-1.46478915595127,-3.99105222487758,9.0475))
;
#138700=DIRECTION('',(0.,0.,1.));
#138710=VECTOR('',#138700,1.);
#138720=LINE('',#138690,#138710);
#138730=EDGE_CURVE('',#136140,#138660,#138720,.T.);
#138740=ORIENTED_EDGE('',*,*,#138730,.T.);
#138750=EDGE_LOOP('',(#138740,#138680,#138590,#138580));
#138760=FACE_OUTER_BOUND('',#138750,.T.);
#138770=ADVANCED_FACE('',(#138760),#138570,.T.);
#138780=CARTESIAN_POINT('',(-1.76478915595127,-3.79105222487757,8.8675))
;
#138790=DIRECTION('',(-1.,0.,0.));
#138800=DIRECTION('',(0.,1.,0.));
#138810=AXIS2_PLACEMENT_3D('',#138780,#138790,#138800);
#138820=PLANE('',#138810);
#138830=ORIENTED_EDGE('',*,*,#135390,.F.);
#138840=ORIENTED_EDGE('',*,*,#135110,.F.);
#138850=CARTESIAN_POINT('',(-1.76478915595127,-0.709445224877575,9.0575)
);
#138860=DIRECTION('',(0.,1.,0.));
#138870=VECTOR('',#138860,1.);
#138880=LINE('',#138850,#138870);
#138890=EDGE_CURVE('',#136620,#135040,#138880,.T.);
#138900=ORIENTED_EDGE('',*,*,#138890,.T.);
#138910=ORIENTED_EDGE('',*,*,#136630,.T.);
#138920=EDGE_LOOP('',(#138910,#138900,#138840,#138830));
#138930=FACE_OUTER_BOUND('',#138920,.T.);
#138940=ADVANCED_FACE('',(#138930),#138820,.T.);
#138950=CARTESIAN_POINT('',(-0.44011229673397,-2.19517762655054,9.0575))
;
#138960=DIRECTION('',(0.,0.,1.));
#138970=DIRECTION('',(0.,1.,0.));
#138980=AXIS2_PLACEMENT_3D('',#138950,#138960,#138970);
#138990=PLANE('',#138980);
#139000=ORIENTED_EDGE('',*,*,#91110,.T.);
#139010=ORIENTED_EDGE('',*,*,#90210,.F.);
#139020=ORIENTED_EDGE('',*,*,#91280,.T.);
#139030=ORIENTED_EDGE('',*,*,#106610,.F.);
#139040=CARTESIAN_POINT('',(-0.0647891559512659,-0.709445224877575,
9.0575));
#139050=DIRECTION('',(0.,-1.,0.));
#139060=VECTOR('',#139050,1.);
#139070=LINE('',#139040,#139060);
#139080=CARTESIAN_POINT('',(-0.0647891559512659,-3.69105222487757,9.0575
));
#139090=VERTEX_POINT('',#139080);
#139100=EDGE_CURVE('',#106580,#139090,#139070,.T.);
#139110=ORIENTED_EDGE('',*,*,#139100,.F.);
#139120=CARTESIAN_POINT('',(-1.89122415595127,-3.69105222487757,9.0575))
;
#139130=DIRECTION('',(-1.,0.,0.));
#139140=VECTOR('',#139130,1.);
#139150=LINE('',#139120,#139140);
#139160=CARTESIAN_POINT('',(-1.36478915595127,-3.69105222487757,9.0575))
;
#139170=VERTEX_POINT('',#139160);
#139180=EDGE_CURVE('',#139090,#139170,#139150,.T.);
#139190=ORIENTED_EDGE('',*,*,#139180,.F.);
#139200=CARTESIAN_POINT('',(-1.36478915595127,-3.79105222487757,9.0575))
;
#139210=DIRECTION('',(0.,0.,1.));
#139220=DIRECTION('',(0.,1.,0.));
#139230=AXIS2_PLACEMENT_3D('',#139200,#139210,#139220);
#139240=CIRCLE('',#139230,0.1);
#139250=CARTESIAN_POINT('',(-1.46478915595127,-3.79105222487757,9.0575))
;
#139260=VERTEX_POINT('',#139250);
#139270=EDGE_CURVE('',#139170,#139260,#139240,.T.);
#139280=ORIENTED_EDGE('',*,*,#139270,.F.);
#139290=CARTESIAN_POINT('',(-1.46478915595127,-0.709445224877575,9.0575)
);
#139300=DIRECTION('',(0.,-1.,0.));
#139310=VECTOR('',#139300,1.);
#139320=LINE('',#139290,#139310);
#139330=EDGE_CURVE('',#139260,#138660,#139320,.T.);
#139340=ORIENTED_EDGE('',*,*,#139330,.F.);
#139350=ORIENTED_EDGE('',*,*,#138670,.T.);
#139360=ORIENTED_EDGE('',*,*,#138420,.F.);
#139370=ORIENTED_EDGE('',*,*,#138180,.F.);
#139380=ORIENTED_EDGE('',*,*,#137930,.F.);
#139390=ORIENTED_EDGE('',*,*,#137690,.F.);
#139400=ORIENTED_EDGE('',*,*,#137450,.T.);
#139410=ORIENTED_EDGE('',*,*,#137200,.F.);
#139420=ORIENTED_EDGE('',*,*,#136960,.T.);
#139430=ORIENTED_EDGE('',*,*,#136710,.F.);
#139440=ORIENTED_EDGE('',*,*,#138890,.F.);
#139450=ORIENTED_EDGE('',*,*,#135050,.F.);
#139460=CARTESIAN_POINT('',(-1.91478915595127,-0.709445224877575,9.0575)
);
#139470=DIRECTION('',(0.,1.,0.));
#139480=VECTOR('',#139470,1.);
#139490=LINE('',#139460,#139480);
#139500=EDGE_CURVE('',#134960,#86460,#139490,.T.);
#139510=ORIENTED_EDGE('',*,*,#139500,.F.);
#139520=ORIENTED_EDGE('',*,*,#86470,.F.);
#139530=EDGE_LOOP('',(#139520,#139510,#139450,#139440,#139430,#139420,
#139410,#139400,#139390,#139380,#139370,#139360,#139350,#139340,#139280,
#139190,#139110,#139030,#139020,#139010,#139000));
#139540=FACE_OUTER_BOUND('',#139530,.T.);
#139550=ADVANCED_FACE('',(#139540),#138990,.T.);
#139560=CARTESIAN_POINT('',(-1.46478915595127,-3.79105222487757,8.8675))
;
#139570=DIRECTION('',(1.,0.,0.));
#139580=DIRECTION('',(0.,-1.,0.));
#139590=AXIS2_PLACEMENT_3D('',#139560,#139570,#139580);
#139600=PLANE('',#139590);
#139610=ORIENTED_EDGE('',*,*,#136230,.F.);
#139620=ORIENTED_EDGE('',*,*,#138730,.F.);
#139630=ORIENTED_EDGE('',*,*,#139330,.T.);
#139640=CARTESIAN_POINT('',(-1.46478915595127,-3.79105222487757,9.0475))
;
#139650=DIRECTION('',(0.,0.,1.));
#139660=VECTOR('',#139650,1.);
#139670=LINE('',#139640,#139660);
#139680=EDGE_CURVE('',#136220,#139260,#139670,.T.);
#139690=ORIENTED_EDGE('',*,*,#139680,.T.);
#139700=EDGE_LOOP('',(#139690,#139630,#139620,#139610));
#139710=FACE_OUTER_BOUND('',#139700,.T.);
#139720=ADVANCED_FACE('',(#139710),#139600,.T.);
#139730=CARTESIAN_POINT('',(-1.36478915595127,-3.79105222487757,8.8675))
;
#139740=DIRECTION('',(0.,0.,1.));
#139750=DIRECTION('',(0.,1.,0.));
#139760=AXIS2_PLACEMENT_3D('',#139730,#139740,#139750);
#139770=CYLINDRICAL_SURFACE('',#139760,0.1);
#139780=ORIENTED_EDGE('',*,*,#136320,.F.);
#139790=ORIENTED_EDGE('',*,*,#139680,.F.);
#139800=ORIENTED_EDGE('',*,*,#139270,.T.);
#139810=CARTESIAN_POINT('',(-1.36478915595127,-3.69105222487757,8.8675))
;
#139820=DIRECTION('',(0.,0.,1.));
#139830=VECTOR('',#139820,1.);
#139840=LINE('',#139810,#139830);
#139850=EDGE_CURVE('',#136310,#139170,#139840,.T.);
#139860=ORIENTED_EDGE('',*,*,#139850,.T.);
#139870=EDGE_LOOP('',(#139860,#139800,#139790,#139780));
#139880=FACE_OUTER_BOUND('',#139870,.T.);
#139890=ADVANCED_FACE('',(#139880),#139770,.F.);
#139900=CARTESIAN_POINT('',(-0.0647891559512659,-3.69105222487757,8.8675
));
#139910=DIRECTION('',(0.,-1.,0.));
#139920=DIRECTION('',(-1.,0.,0.));
#139930=AXIS2_PLACEMENT_3D('',#139900,#139910,#139920);
#139940=PLANE('',#139930);
#139950=ORIENTED_EDGE('',*,*,#136400,.F.);
#139960=ORIENTED_EDGE('',*,*,#139850,.F.);
#139970=ORIENTED_EDGE('',*,*,#139180,.T.);
#139980=CARTESIAN_POINT('',(-0.0647891559512659,-3.69105222487757,9.0475
));
#139990=DIRECTION('',(0.,0.,1.));
#140000=VECTOR('',#139990,1.);
#140010=LINE('',#139980,#140000);
#140020=EDGE_CURVE('',#136390,#139090,#140010,.T.);
#140030=ORIENTED_EDGE('',*,*,#140020,.T.);
#140040=EDGE_LOOP('',(#140030,#139970,#139960,#139950));
#140050=FACE_OUTER_BOUND('',#140040,.T.);
#140060=ADVANCED_FACE('',(#140050),#139940,.T.);
#140070=CARTESIAN_POINT('',(-0.0647891559512659,-3.34105222487757,8.8675
));
#140080=DIRECTION('',(1.,0.,0.));
#140090=DIRECTION('',(0.,-1.,0.));
#140100=AXIS2_PLACEMENT_3D('',#140070,#140080,#140090);
#140110=PLANE('',#140100);
#140120=ORIENTED_EDGE('',*,*,#136460,.F.);
#140130=ORIENTED_EDGE('',*,*,#140020,.F.);
#140140=ORIENTED_EDGE('',*,*,#139100,.T.);
#140150=ORIENTED_EDGE('',*,*,#106590,.F.);
#140160=EDGE_LOOP('',(#140150,#140140,#140130,#140120));
#140170=FACE_OUTER_BOUND('',#140160,.T.);
#140180=ADVANCED_FACE('',(#140170),#140110,.T.);
#140190=CARTESIAN_POINT('',(-1.76478915595127,-3.59105222487757,8.3675))
;
#140200=DIRECTION('',(0.,-1.,0.));
#140210=DIRECTION('',(-1.,0.,0.));
#140220=AXIS2_PLACEMENT_3D('',#140190,#140200,#140210);
#140230=PLANE('',#140220);
#140240=CARTESIAN_POINT('',(-1.89122415595127,-3.59105222487757,8.3575))
;
#140250=DIRECTION('',(-1.,0.,0.));
#140260=VECTOR('',#140250,1.);
#140270=LINE('',#140240,#140260);
#140280=CARTESIAN_POINT('',(-1.76478915595127,-3.59105222487757,8.3575))
;
#140290=VERTEX_POINT('',#140280);
#140300=CARTESIAN_POINT('',(-1.91478915595127,-3.59105222487757,8.3575))
;
#140310=VERTEX_POINT('',#140300);
#140320=EDGE_CURVE('',#140290,#140310,#140270,.T.);
#140330=ORIENTED_EDGE('',*,*,#140320,.F.);
#140340=CARTESIAN_POINT('',(-1.91478915595127,-3.59105222487757,8.5475))
;
#140350=DIRECTION('',(0.,0.,1.));
#140360=VECTOR('',#140350,1.);
#140370=LINE('',#140340,#140360);
#140380=CARTESIAN_POINT('',(-1.91478915595127,-3.59105222487757,8.5575))
;
#140390=VERTEX_POINT('',#140380);
#140400=EDGE_CURVE('',#140310,#140390,#140370,.T.);
#140410=ORIENTED_EDGE('',*,*,#140400,.F.);
#140420=CARTESIAN_POINT('',(-1.89122415595127,-3.59105222487757,8.5575))
;
#140430=DIRECTION('',(-1.,0.,0.));
#140440=VECTOR('',#140430,1.);
#140450=LINE('',#140420,#140440);
#140460=CARTESIAN_POINT('',(-1.76478915595127,-3.59105222487757,8.5575))
;
#140470=VERTEX_POINT('',#140460);
#140480=EDGE_CURVE('',#140470,#140390,#140450,.T.);
#140490=ORIENTED_EDGE('',*,*,#140480,.T.);
#140500=CARTESIAN_POINT('',(-1.76478915595127,-3.59105222487757,8.3675))
;
#140510=DIRECTION('',(0.,0.,1.));
#140520=VECTOR('',#140510,1.);
#140530=LINE('',#140500,#140520);
#140540=EDGE_CURVE('',#140290,#140470,#140530,.T.);
#140550=ORIENTED_EDGE('',*,*,#140540,.T.);
#140560=EDGE_LOOP('',(#140550,#140490,#140410,#140330));
#140570=FACE_OUTER_BOUND('',#140560,.T.);
#140580=ADVANCED_FACE('',(#140570),#140230,.T.);
#140590=CARTESIAN_POINT('',(-1.45941818394728,-1.06738394494655,8.3575))
;
#140600=DIRECTION('',(0.,0.,-1.));
#140610=DIRECTION('',(-1.,0.,0.));
#140620=AXIS2_PLACEMENT_3D('',#140590,#140600,#140610);
#140630=PLANE('',#140620);
#140640=CARTESIAN_POINT('',(-0.264789155951266,-3.39593027365807,8.3575)
);
#140650=DIRECTION('',(1.,0.,0.));
#140660=VECTOR('',#140650,1.);
#140670=LINE('',#140640,#140660);
#140680=CARTESIAN_POINT('',(-1.71478915595127,-3.39593027365807,8.3575))
;
#140690=VERTEX_POINT('',#140680);
#140700=CARTESIAN_POINT('',(-0.264789155951266,-3.39593027365807,8.3575)
);
#140710=VERTEX_POINT('',#140700);
#140720=EDGE_CURVE('',#140690,#140710,#140670,.T.);
#140730=ORIENTED_EDGE('',*,*,#140720,.T.);
#140740=CARTESIAN_POINT('',(-1.71478915595127,1.00894777512243,8.3575));
#140750=DIRECTION('',(0.,1.,0.));
#140760=VECTOR('',#140750,1.);
#140770=LINE('',#140740,#140760);
#140780=EDGE_CURVE('',#140690,#86940,#140770,.T.);
#140790=ORIENTED_EDGE('',*,*,#140780,.F.);
#140800=ORIENTED_EDGE('',*,*,#86950,.F.);
#140810=CARTESIAN_POINT('',(-1.91478915595127,-0.709445224877575,8.3575)
);
#140820=DIRECTION('',(0.,1.,0.));
#140830=VECTOR('',#140820,1.);
#140840=LINE('',#140810,#140830);
#140850=EDGE_CURVE('',#140310,#86860,#140840,.T.);
#140860=ORIENTED_EDGE('',*,*,#140850,.T.);
#140870=ORIENTED_EDGE('',*,*,#140320,.T.);
#140880=CARTESIAN_POINT('',(-1.76478915595127,-0.709445224877575,8.3575)
);
#140890=DIRECTION('',(0.,1.,0.));
#140900=VECTOR('',#140890,1.);
#140910=LINE('',#140880,#140900);
#140920=CARTESIAN_POINT('',(-1.76478915595127,-3.79105222487757,8.3575))
;
#140930=VERTEX_POINT('',#140920);
#140940=EDGE_CURVE('',#140930,#140290,#140910,.T.);
#140950=ORIENTED_EDGE('',*,*,#140940,.T.);
#140960=CARTESIAN_POINT('',(-1.89122415595127,-3.84812703587276,8.3575))
;
#140970=DIRECTION('',(0.911437827766148,0.411437827766147,0.));
#140980=VECTOR('',#140970,1.);
#140990=LINE('',#140960,#140980);
#141000=CARTESIAN_POINT('',(-2.00593293872788,-3.89990844210096,8.3575))
;
#141010=VERTEX_POINT('',#141000);
#141020=EDGE_CURVE('',#141010,#140930,#140990,.T.);
#141030=ORIENTED_EDGE('',*,*,#141020,.T.);
#141040=CARTESIAN_POINT('',(-1.96478915595127,-3.99105222487758,8.3575))
;
#141050=DIRECTION('',(0.,0.,1.));
#141060=DIRECTION('',(0.,1.,0.));
#141070=AXIS2_PLACEMENT_3D('',#141040,#141050,#141060);
#141080=CIRCLE('',#141070,0.1);
#141090=CARTESIAN_POINT('',(-2.06478915595127,-3.99105222487758,8.3575))
;
#141100=VERTEX_POINT('',#141090);
#141110=EDGE_CURVE('',#141010,#141100,#141080,.T.);
#141120=ORIENTED_EDGE('',*,*,#141110,.F.);
#141130=CARTESIAN_POINT('',(-2.06478915595127,-0.709445224877575,8.3575)
);
#141140=DIRECTION('',(0.,1.,0.));
#141150=VECTOR('',#141140,1.);
#141160=LINE('',#141130,#141150);
#141170=CARTESIAN_POINT('',(-2.06478915595127,-4.29105222487757,8.3575))
;
#141180=VERTEX_POINT('',#141170);
#141190=EDGE_CURVE('',#141180,#141100,#141160,.T.);
#141200=ORIENTED_EDGE('',*,*,#141190,.T.);
#141210=CARTESIAN_POINT('',(-1.96478915595127,-4.29105222487757,8.3575))
;
#141220=DIRECTION('',(0.,0.,1.));
#141230=DIRECTION('',(0.,1.,0.));
#141240=AXIS2_PLACEMENT_3D('',#141210,#141220,#141230);
#141250=CIRCLE('',#141240,0.1);
#141260=CARTESIAN_POINT('',(-1.96478915595127,-4.39105222487757,8.3575))
;
#141270=VERTEX_POINT('',#141260);
#141280=EDGE_CURVE('',#141180,#141270,#141250,.T.);
#141290=ORIENTED_EDGE('',*,*,#141280,.F.);
#141300=CARTESIAN_POINT('',(-1.89122415595127,-4.39105222487757,8.3575))
;
#141310=DIRECTION('',(-1.,0.,0.));
#141320=VECTOR('',#141310,1.);
#141330=LINE('',#141300,#141320);
#141340=CARTESIAN_POINT('',(-1.69478915595127,-4.39105222487757,8.3575))
;
#141350=VERTEX_POINT('',#141340);
#141360=EDGE_CURVE('',#141350,#141270,#141330,.T.);
#141370=ORIENTED_EDGE('',*,*,#141360,.T.);
#141380=CARTESIAN_POINT('',(-1.69478915595127,-0.709445224877575,8.3575)
);
#141390=DIRECTION('',(0.,-1.,0.));
#141400=VECTOR('',#141390,1.);
#141410=LINE('',#141380,#141400);
#141420=CARTESIAN_POINT('',(-1.69478915595127,-4.19105222487757,8.3575))
;
#141430=VERTEX_POINT('',#141420);
#141440=EDGE_CURVE('',#141430,#141350,#141410,.T.);
#141450=ORIENTED_EDGE('',*,*,#141440,.T.);
#141460=CARTESIAN_POINT('',(-1.59478915595127,-4.19105222487757,8.3575))
;
#141470=DIRECTION('',(0.,0.,1.));
#141480=DIRECTION('',(0.,1.,0.));
#141490=AXIS2_PLACEMENT_3D('',#141460,#141470,#141480);
#141500=CIRCLE('',#141490,0.1);
#141510=CARTESIAN_POINT('',(-1.59478915595127,-4.09105222487757,8.3575))
;
#141520=VERTEX_POINT('',#141510);
#141530=EDGE_CURVE('',#141520,#141430,#141500,.T.);
#141540=ORIENTED_EDGE('',*,*,#141530,.T.);
#141550=CARTESIAN_POINT('',(-1.89122415595127,-4.09105222487757,8.3575))
;
#141560=DIRECTION('',(-1.,0.,0.));
#141570=VECTOR('',#141560,1.);
#141580=LINE('',#141550,#141570);
#141590=CARTESIAN_POINT('',(-1.56478915595127,-4.09105222487757,8.3575))
;
#141600=VERTEX_POINT('',#141590);
#141610=EDGE_CURVE('',#141600,#141520,#141580,.T.);
#141620=ORIENTED_EDGE('',*,*,#141610,.T.);
#141630=CARTESIAN_POINT('',(-1.56478915595127,-3.99105222487758,8.3575))
;
#141640=DIRECTION('',(0.,0.,1.));
#141650=DIRECTION('',(0.,1.,0.));
#141660=AXIS2_PLACEMENT_3D('',#141630,#141640,#141650);
#141670=CIRCLE('',#141660,0.1);
#141680=CARTESIAN_POINT('',(-1.46478915595127,-3.99105222487758,8.3575))
;
#141690=VERTEX_POINT('',#141680);
#141700=EDGE_CURVE('',#141600,#141690,#141670,.T.);
#141710=ORIENTED_EDGE('',*,*,#141700,.F.);
#141720=CARTESIAN_POINT('',(-1.46478915595127,-0.709445224877575,8.3575)
);
#141730=DIRECTION('',(0.,-1.,0.));
#141740=VECTOR('',#141730,1.);
#141750=LINE('',#141720,#141740);
#141760=CARTESIAN_POINT('',(-1.46478915595127,-3.79105222487757,8.3575))
;
#141770=VERTEX_POINT('',#141760);
#141780=EDGE_CURVE('',#141770,#141690,#141750,.T.);
#141790=ORIENTED_EDGE('',*,*,#141780,.T.);
#141800=CARTESIAN_POINT('',(-1.36478915595127,-3.79105222487757,8.3575))
;
#141810=DIRECTION('',(0.,0.,1.));
#141820=DIRECTION('',(0.,1.,0.));
#141830=AXIS2_PLACEMENT_3D('',#141800,#141810,#141820);
#141840=CIRCLE('',#141830,0.1);
#141850=CARTESIAN_POINT('',(-1.36478915595127,-3.69105222487757,8.3575))
;
#141860=VERTEX_POINT('',#141850);
#141870=EDGE_CURVE('',#141860,#141770,#141840,.T.);
#141880=ORIENTED_EDGE('',*,*,#141870,.T.);
#141890=CARTESIAN_POINT('',(-1.89122415595127,-3.69105222487757,8.3575))
;
#141900=DIRECTION('',(-1.,0.,0.));
#141910=VECTOR('',#141900,1.);
#141920=LINE('',#141890,#141910);
#141930=CARTESIAN_POINT('',(-0.0647891559512659,-3.69105222487757,8.3575
));
#141940=VERTEX_POINT('',#141930);
#141950=EDGE_CURVE('',#141940,#141860,#141920,.T.);
#141960=ORIENTED_EDGE('',*,*,#141950,.T.);
#141970=CARTESIAN_POINT('',(-0.0647891559512659,-0.709445224877575,
8.3575));
#141980=DIRECTION('',(0.,-1.,0.));
#141990=VECTOR('',#141980,1.);
#142000=LINE('',#141970,#141990);
#142010=EDGE_CURVE('',#106350,#141940,#142000,.T.);
#142020=ORIENTED_EDGE('',*,*,#142010,.T.);
#142030=ORIENTED_EDGE('',*,*,#106360,.F.);
#142040=CARTESIAN_POINT('',(-0.264789155951266,1.00894777512243,8.3575))
;
#142050=DIRECTION('',(0.,-1.,0.));
#142060=VECTOR('',#142050,1.);
#142070=LINE('',#142040,#142060);
#142080=EDGE_CURVE('',#106310,#140710,#142070,.T.);
#142090=ORIENTED_EDGE('',*,*,#142080,.F.);
#142100=EDGE_LOOP('',(#142090,#142030,#142020,#141960,#141880,#141790,
#141710,#141620,#141540,#141450,#141370,#141290,#141200,#141120,#141030,
#140950,#140870,#140860,#140800,#140790,#140730));
#142110=FACE_OUTER_BOUND('',#142100,.T.);
#142120=ADVANCED_FACE('',(#142110),#140630,.T.);
#142130=CARTESIAN_POINT('',(-2.00593293872788,-3.89990844210096,8.3675))
;
#142140=DIRECTION('',(-0.411437827766147,0.911437827766148,0.));
#142150=DIRECTION('',(0.911437827766148,0.411437827766147,0.));
#142160=AXIS2_PLACEMENT_3D('',#142130,#142140,#142150);
#142170=PLANE('',#142160);
#142180=ORIENTED_EDGE('',*,*,#141020,.F.);
#142190=CARTESIAN_POINT('',(-1.76478915595127,-3.79105222487757,8.3675))
;
#142200=DIRECTION('',(0.,0.,1.));
#142210=VECTOR('',#142200,1.);
#142220=LINE('',#142190,#142210);
#142230=CARTESIAN_POINT('',(-1.76478915595127,-3.79105222487757,8.5575))
;
#142240=VERTEX_POINT('',#142230);
#142250=EDGE_CURVE('',#140930,#142240,#142220,.T.);
#142260=ORIENTED_EDGE('',*,*,#142250,.F.);
#142270=CARTESIAN_POINT('',(-1.89122415595127,-3.84812703587276,8.5575))
;
#142280=DIRECTION('',(0.911437827766148,0.411437827766147,0.));
#142290=VECTOR('',#142280,1.);
#142300=LINE('',#142270,#142290);
#142310=CARTESIAN_POINT('',(-2.00593293872788,-3.89990844210096,8.5575))
;
#142320=VERTEX_POINT('',#142310);
#142330=EDGE_CURVE('',#142320,#142240,#142300,.T.);
#142340=ORIENTED_EDGE('',*,*,#142330,.T.);
#142350=CARTESIAN_POINT('',(-2.00593293872788,-3.89990844210096,8.5475))
;
#142360=DIRECTION('',(0.,0.,1.));
#142370=VECTOR('',#142360,1.);
#142380=LINE('',#142350,#142370);
#142390=EDGE_CURVE('',#141010,#142320,#142380,.T.);
#142400=ORIENTED_EDGE('',*,*,#142390,.T.);
#142410=EDGE_LOOP('',(#142400,#142340,#142260,#142180));
#142420=FACE_OUTER_BOUND('',#142410,.T.);
#142430=ADVANCED_FACE('',(#142420),#142170,.T.);
#142440=CARTESIAN_POINT('',(-1.96478915595127,-3.99105222487758,8.3675))
;
#142450=DIRECTION('',(0.,0.,1.));
#142460=DIRECTION('',(0.,1.,0.));
#142470=AXIS2_PLACEMENT_3D('',#142440,#142450,#142460);
#142480=CYLINDRICAL_SURFACE('',#142470,0.1);
#142490=ORIENTED_EDGE('',*,*,#141110,.T.);
#142500=ORIENTED_EDGE('',*,*,#142390,.F.);
#142510=CARTESIAN_POINT('',(-1.96478915595127,-3.99105222487758,8.5575))
;
#142520=DIRECTION('',(0.,0.,1.));
#142530=DIRECTION('',(0.,1.,0.));
#142540=AXIS2_PLACEMENT_3D('',#142510,#142520,#142530);
#142550=CIRCLE('',#142540,0.1);
#142560=CARTESIAN_POINT('',(-2.06478915595127,-3.99105222487758,8.5575))
;
#142570=VERTEX_POINT('',#142560);
#142580=EDGE_CURVE('',#142320,#142570,#142550,.T.);
#142590=ORIENTED_EDGE('',*,*,#142580,.F.);
#142600=CARTESIAN_POINT('',(-2.06478915595127,-3.99105222487758,8.3675))
;
#142610=DIRECTION('',(0.,0.,1.));
#142620=VECTOR('',#142610,1.);
#142630=LINE('',#142600,#142620);
#142640=EDGE_CURVE('',#141100,#142570,#142630,.T.);
#142650=ORIENTED_EDGE('',*,*,#142640,.T.);
#142660=EDGE_LOOP('',(#142650,#142590,#142500,#142490));
#142670=FACE_OUTER_BOUND('',#142660,.T.);
#142680=ADVANCED_FACE('',(#142670),#142480,.T.);
#142690=CARTESIAN_POINT('',(-2.06478915595127,-4.29105222487757,8.3675))
;
#142700=DIRECTION('',(-1.,0.,0.));
#142710=DIRECTION('',(0.,1.,0.));
#142720=AXIS2_PLACEMENT_3D('',#142690,#142700,#142710);
#142730=PLANE('',#142720);
#142740=ORIENTED_EDGE('',*,*,#141190,.F.);
#142750=ORIENTED_EDGE('',*,*,#142640,.F.);
#142760=CARTESIAN_POINT('',(-2.06478915595127,-0.709445224877575,8.5575)
);
#142770=DIRECTION('',(0.,1.,0.));
#142780=VECTOR('',#142770,1.);
#142790=LINE('',#142760,#142780);
#142800=CARTESIAN_POINT('',(-2.06478915595127,-4.29105222487757,8.5575))
;
#142810=VERTEX_POINT('',#142800);
#142820=EDGE_CURVE('',#142810,#142570,#142790,.T.);
#142830=ORIENTED_EDGE('',*,*,#142820,.T.);
#142840=CARTESIAN_POINT('',(-2.06478915595127,-4.29105222487757,8.3675))
;
#142850=DIRECTION('',(0.,0.,1.));
#142860=VECTOR('',#142850,1.);
#142870=LINE('',#142840,#142860);
#142880=EDGE_CURVE('',#141180,#142810,#142870,.T.);
#142890=ORIENTED_EDGE('',*,*,#142880,.T.);
#142900=EDGE_LOOP('',(#142890,#142830,#142750,#142740));
#142910=FACE_OUTER_BOUND('',#142900,.T.);
#142920=ADVANCED_FACE('',(#142910),#142730,.T.);
#142930=CARTESIAN_POINT('',(-1.96478915595127,-4.29105222487757,8.3675))
;
#142940=DIRECTION('',(0.,0.,1.));
#142950=DIRECTION('',(0.,1.,0.));
#142960=AXIS2_PLACEMENT_3D('',#142930,#142940,#142950);
#142970=CYLINDRICAL_SURFACE('',#142960,0.1);
#142980=ORIENTED_EDGE('',*,*,#141280,.T.);
#142990=ORIENTED_EDGE('',*,*,#142880,.F.);
#143000=CARTESIAN_POINT('',(-1.96478915595127,-4.29105222487757,8.5575))
;
#143010=DIRECTION('',(0.,0.,1.));
#143020=DIRECTION('',(0.,1.,0.));
#143030=AXIS2_PLACEMENT_3D('',#143000,#143010,#143020);
#143040=CIRCLE('',#143030,0.1);
#143050=CARTESIAN_POINT('',(-1.96478915595127,-4.39105222487757,8.5575))
;
#143060=VERTEX_POINT('',#143050);
#143070=EDGE_CURVE('',#142810,#143060,#143040,.T.);
#143080=ORIENTED_EDGE('',*,*,#143070,.F.);
#143090=CARTESIAN_POINT('',(-1.96478915595127,-4.39105222487757,8.3675))
;
#143100=DIRECTION('',(0.,0.,1.));
#143110=VECTOR('',#143100,1.);
#143120=LINE('',#143090,#143110);
#143130=EDGE_CURVE('',#141270,#143060,#143120,.T.);
#143140=ORIENTED_EDGE('',*,*,#143130,.T.);
#143150=EDGE_LOOP('',(#143140,#143080,#142990,#142980));
#143160=FACE_OUTER_BOUND('',#143150,.T.);
#143170=ADVANCED_FACE('',(#143160),#142970,.T.);
#143180=CARTESIAN_POINT('',(-1.69478915595127,-4.39105222487757,8.3675))
;
#143190=DIRECTION('',(0.,-1.,0.));
#143200=DIRECTION('',(-1.,0.,0.));
#143210=AXIS2_PLACEMENT_3D('',#143180,#143190,#143200);
#143220=PLANE('',#143210);
#143230=ORIENTED_EDGE('',*,*,#141360,.F.);
#143240=ORIENTED_EDGE('',*,*,#143130,.F.);
#143250=CARTESIAN_POINT('',(-1.89122415595127,-4.39105222487757,8.5575))
;
#143260=DIRECTION('',(-1.,0.,0.));
#143270=VECTOR('',#143260,1.);
#143280=LINE('',#143250,#143270);
#143290=CARTESIAN_POINT('',(-1.69478915595127,-4.39105222487757,8.5575))
;
#143300=VERTEX_POINT('',#143290);
#143310=EDGE_CURVE('',#143300,#143060,#143280,.T.);
#143320=ORIENTED_EDGE('',*,*,#143310,.T.);
#143330=CARTESIAN_POINT('',(-1.69478915595127,-4.39105222487757,8.5475))
;
#143340=DIRECTION('',(0.,0.,1.));
#143350=VECTOR('',#143340,1.);
#143360=LINE('',#143330,#143350);
#143370=EDGE_CURVE('',#141350,#143300,#143360,.T.);
#143380=ORIENTED_EDGE('',*,*,#143370,.T.);
#143390=EDGE_LOOP('',(#143380,#143320,#143240,#143230));
#143400=FACE_OUTER_BOUND('',#143390,.T.);
#143410=ADVANCED_FACE('',(#143400),#143220,.T.);
#143420=CARTESIAN_POINT('',(-1.69478915595127,-4.19105222487757,8.3675))
;
#143430=DIRECTION('',(1.,0.,0.));
#143440=DIRECTION('',(0.,-1.,0.));
#143450=AXIS2_PLACEMENT_3D('',#143420,#143430,#143440);
#143460=PLANE('',#143450);
#143470=ORIENTED_EDGE('',*,*,#141440,.F.);
#143480=ORIENTED_EDGE('',*,*,#143370,.F.);
#143490=CARTESIAN_POINT('',(-1.69478915595127,-0.709445224877575,8.5575)
);
#143500=DIRECTION('',(0.,-1.,0.));
#143510=VECTOR('',#143500,1.);
#143520=LINE('',#143490,#143510);
#143530=CARTESIAN_POINT('',(-1.69478915595127,-4.19105222487757,8.5575))
;
#143540=VERTEX_POINT('',#143530);
#143550=EDGE_CURVE('',#143540,#143300,#143520,.T.);
#143560=ORIENTED_EDGE('',*,*,#143550,.T.);
#143570=CARTESIAN_POINT('',(-1.69478915595127,-4.19105222487757,8.3675))
;
#143580=DIRECTION('',(0.,0.,1.));
#143590=VECTOR('',#143580,1.);
#143600=LINE('',#143570,#143590);
#143610=EDGE_CURVE('',#141430,#143540,#143600,.T.);
#143620=ORIENTED_EDGE('',*,*,#143610,.T.);
#143630=EDGE_LOOP('',(#143620,#143560,#143480,#143470));
#143640=FACE_OUTER_BOUND('',#143630,.T.);
#143650=ADVANCED_FACE('',(#143640),#143460,.T.);
#143660=CARTESIAN_POINT('',(-1.59478915595127,-4.19105222487757,8.3675))
;
#143670=DIRECTION('',(0.,0.,1.));
#143680=DIRECTION('',(0.,1.,0.));
#143690=AXIS2_PLACEMENT_3D('',#143660,#143670,#143680);
#143700=CYLINDRICAL_SURFACE('',#143690,0.1);
#143710=ORIENTED_EDGE('',*,*,#141530,.F.);
#143720=ORIENTED_EDGE('',*,*,#143610,.F.);
#143730=CARTESIAN_POINT('',(-1.59478915595127,-4.19105222487757,8.5575))
;
#143740=DIRECTION('',(0.,0.,1.));
#143750=DIRECTION('',(0.,1.,0.));
#143760=AXIS2_PLACEMENT_3D('',#143730,#143740,#143750);
#143770=CIRCLE('',#143760,0.1);
#143780=CARTESIAN_POINT('',(-1.59478915595127,-4.09105222487757,8.5575))
;
#143790=VERTEX_POINT('',#143780);
#143800=EDGE_CURVE('',#143790,#143540,#143770,.T.);
#143810=ORIENTED_EDGE('',*,*,#143800,.T.);
#143820=CARTESIAN_POINT('',(-1.59478915595127,-4.09105222487757,8.3675))
;
#143830=DIRECTION('',(0.,0.,1.));
#143840=VECTOR('',#143830,1.);
#143850=LINE('',#143820,#143840);
#143860=EDGE_CURVE('',#141520,#143790,#143850,.T.);
#143870=ORIENTED_EDGE('',*,*,#143860,.T.);
#143880=EDGE_LOOP('',(#143870,#143810,#143720,#143710));
#143890=FACE_OUTER_BOUND('',#143880,.T.);
#143900=ADVANCED_FACE('',(#143890),#143700,.F.);
#143910=CARTESIAN_POINT('',(-1.56478915595127,-4.09105222487757,8.3675))
;
#143920=DIRECTION('',(0.,-1.,0.));
#143930=DIRECTION('',(-1.,0.,0.));
#143940=AXIS2_PLACEMENT_3D('',#143910,#143920,#143930);
#143950=PLANE('',#143940);
#143960=ORIENTED_EDGE('',*,*,#141610,.F.);
#143970=ORIENTED_EDGE('',*,*,#143860,.F.);
#143980=CARTESIAN_POINT('',(-1.89122415595127,-4.09105222487757,8.5575))
;
#143990=DIRECTION('',(-1.,0.,0.));
#144000=VECTOR('',#143990,1.);
#144010=LINE('',#143980,#144000);
#144020=CARTESIAN_POINT('',(-1.56478915595127,-4.09105222487757,8.5575))
;
#144030=VERTEX_POINT('',#144020);
#144040=EDGE_CURVE('',#144030,#143790,#144010,.T.);
#144050=ORIENTED_EDGE('',*,*,#144040,.T.);
#144060=CARTESIAN_POINT('',(-1.56478915595127,-4.09105222487757,8.3675))
;
#144070=DIRECTION('',(0.,0.,1.));
#144080=VECTOR('',#144070,1.);
#144090=LINE('',#144060,#144080);
#144100=EDGE_CURVE('',#141600,#144030,#144090,.T.);
#144110=ORIENTED_EDGE('',*,*,#144100,.T.);
#144120=EDGE_LOOP('',(#144110,#144050,#143970,#143960));
#144130=FACE_OUTER_BOUND('',#144120,.T.);
#144140=ADVANCED_FACE('',(#144130),#143950,.T.);
#144150=CARTESIAN_POINT('',(-1.56478915595127,-3.99105222487758,8.3675))
;
#144160=DIRECTION('',(0.,0.,1.));
#144170=DIRECTION('',(0.,1.,0.));
#144180=AXIS2_PLACEMENT_3D('',#144150,#144160,#144170);
#144190=CYLINDRICAL_SURFACE('',#144180,0.1);
#144200=ORIENTED_EDGE('',*,*,#141700,.T.);
#144210=ORIENTED_EDGE('',*,*,#144100,.F.);
#144220=CARTESIAN_POINT('',(-1.56478915595127,-3.99105222487758,8.5575))
;
#144230=DIRECTION('',(0.,0.,1.));
#144240=DIRECTION('',(0.,1.,0.));
#144250=AXIS2_PLACEMENT_3D('',#144220,#144230,#144240);
#144260=CIRCLE('',#144250,0.1);
#144270=CARTESIAN_POINT('',(-1.46478915595127,-3.99105222487758,8.5575))
;
#144280=VERTEX_POINT('',#144270);
#144290=EDGE_CURVE('',#144030,#144280,#144260,.T.);
#144300=ORIENTED_EDGE('',*,*,#144290,.F.);
#144310=CARTESIAN_POINT('',(-1.46478915595127,-3.99105222487758,8.5475))
;
#144320=DIRECTION('',(0.,0.,1.));
#144330=VECTOR('',#144320,1.);
#144340=LINE('',#144310,#144330);
#144350=EDGE_CURVE('',#141690,#144280,#144340,.T.);
#144360=ORIENTED_EDGE('',*,*,#144350,.T.);
#144370=EDGE_LOOP('',(#144360,#144300,#144210,#144200));
#144380=FACE_OUTER_BOUND('',#144370,.T.);
#144390=ADVANCED_FACE('',(#144380),#144190,.T.);
#144400=CARTESIAN_POINT('',(-1.76478915595127,-3.79105222487757,8.3675))
;
#144410=DIRECTION('',(-1.,0.,0.));
#144420=DIRECTION('',(0.,1.,0.));
#144430=AXIS2_PLACEMENT_3D('',#144400,#144410,#144420);
#144440=PLANE('',#144430);
#144450=ORIENTED_EDGE('',*,*,#140940,.F.);
#144460=ORIENTED_EDGE('',*,*,#140540,.F.);
#144470=CARTESIAN_POINT('',(-1.76478915595127,-0.709445224877575,8.5575)
);
#144480=DIRECTION('',(0.,1.,0.));
#144490=VECTOR('',#144480,1.);
#144500=LINE('',#144470,#144490);
#144510=EDGE_CURVE('',#142240,#140470,#144500,.T.);
#144520=ORIENTED_EDGE('',*,*,#144510,.T.);
#144530=ORIENTED_EDGE('',*,*,#142250,.T.);
#144540=EDGE_LOOP('',(#144530,#144520,#144460,#144450));
#144550=FACE_OUTER_BOUND('',#144540,.T.);
#144560=ADVANCED_FACE('',(#144550),#144440,.T.);
#144570=CARTESIAN_POINT('',(-0.44011229673397,-2.19517762655054,8.5575))
;
#144580=DIRECTION('',(0.,0.,1.));
#144590=DIRECTION('',(0.,1.,0.));
#144600=AXIS2_PLACEMENT_3D('',#144570,#144580,#144590);
#144610=PLANE('',#144600);
#144620=ORIENTED_EDGE('',*,*,#89520,.T.);
#144630=ORIENTED_EDGE('',*,*,#88620,.F.);
#144640=ORIENTED_EDGE('',*,*,#89690,.T.);
#144650=ORIENTED_EDGE('',*,*,#106460,.F.);
#144660=CARTESIAN_POINT('',(-0.0647891559512659,-0.709445224877575,
8.5575));
#144670=DIRECTION('',(0.,-1.,0.));
#144680=VECTOR('',#144670,1.);
#144690=LINE('',#144660,#144680);
#144700=CARTESIAN_POINT('',(-0.0647891559512659,-3.69105222487757,8.5575
));
#144710=VERTEX_POINT('',#144700);
#144720=EDGE_CURVE('',#106430,#144710,#144690,.T.);
#144730=ORIENTED_EDGE('',*,*,#144720,.F.);
#144740=CARTESIAN_POINT('',(-1.89122415595127,-3.69105222487757,8.5575))
;
#144750=DIRECTION('',(-1.,0.,0.));
#144760=VECTOR('',#144750,1.);
#144770=LINE('',#144740,#144760);
#144780=CARTESIAN_POINT('',(-1.36478915595127,-3.69105222487757,8.5575))
;
#144790=VERTEX_POINT('',#144780);
#144800=EDGE_CURVE('',#144710,#144790,#144770,.T.);
#144810=ORIENTED_EDGE('',*,*,#144800,.F.);
#144820=CARTESIAN_POINT('',(-1.36478915595127,-3.79105222487757,8.5575))
;
#144830=DIRECTION('',(0.,0.,1.));
#144840=DIRECTION('',(0.,1.,0.));
#144850=AXIS2_PLACEMENT_3D('',#144820,#144830,#144840);
#144860=CIRCLE('',#144850,0.1);
#144870=CARTESIAN_POINT('',(-1.46478915595127,-3.79105222487757,8.5575))
;
#144880=VERTEX_POINT('',#144870);
#144890=EDGE_CURVE('',#144790,#144880,#144860,.T.);
#144900=ORIENTED_EDGE('',*,*,#144890,.F.);
#144910=CARTESIAN_POINT('',(-1.46478915595127,-0.709445224877575,8.5575)
);
#144920=DIRECTION('',(0.,-1.,0.));
#144930=VECTOR('',#144920,1.);
#144940=LINE('',#144910,#144930);
#144950=EDGE_CURVE('',#144880,#144280,#144940,.T.);
#144960=ORIENTED_EDGE('',*,*,#144950,.F.);
#144970=ORIENTED_EDGE('',*,*,#144290,.T.);
#144980=ORIENTED_EDGE('',*,*,#144040,.F.);
#144990=ORIENTED_EDGE('',*,*,#143800,.F.);
#145000=ORIENTED_EDGE('',*,*,#143550,.F.);
#145010=ORIENTED_EDGE('',*,*,#143310,.F.);
#145020=ORIENTED_EDGE('',*,*,#143070,.T.);
#145030=ORIENTED_EDGE('',*,*,#142820,.F.);
#145040=ORIENTED_EDGE('',*,*,#142580,.T.);
#145050=ORIENTED_EDGE('',*,*,#142330,.F.);
#145060=ORIENTED_EDGE('',*,*,#144510,.F.);
#145070=ORIENTED_EDGE('',*,*,#140480,.F.);
#145080=CARTESIAN_POINT('',(-1.91478915595127,-0.709445224877575,8.5575)
);
#145090=DIRECTION('',(0.,1.,0.));
#145100=VECTOR('',#145090,1.);
#145110=LINE('',#145080,#145100);
#145120=EDGE_CURVE('',#140390,#86780,#145110,.T.);
#145130=ORIENTED_EDGE('',*,*,#145120,.F.);
#145140=ORIENTED_EDGE('',*,*,#86790,.F.);
#145150=EDGE_LOOP('',(#145140,#145130,#145070,#145060,#145050,#145040,
#145030,#145020,#145010,#145000,#144990,#144980,#144970,#144960,#144900,
#144810,#144730,#144650,#144640,#144630,#144620));
#145160=FACE_OUTER_BOUND('',#145150,.T.);
#145170=ADVANCED_FACE('',(#145160),#144610,.T.);
#145180=CARTESIAN_POINT('',(-1.46478915595127,-3.79105222487757,8.3675))
;
#145190=DIRECTION('',(1.,0.,0.));
#145200=DIRECTION('',(0.,-1.,0.));
#145210=AXIS2_PLACEMENT_3D('',#145180,#145190,#145200);
#145220=PLANE('',#145210);
#145230=ORIENTED_EDGE('',*,*,#141780,.F.);
#145240=ORIENTED_EDGE('',*,*,#144350,.F.);
#145250=ORIENTED_EDGE('',*,*,#144950,.T.);
#145260=CARTESIAN_POINT('',(-1.46478915595127,-3.79105222487757,8.5475))
;
#145270=DIRECTION('',(0.,0.,1.));
#145280=VECTOR('',#145270,1.);
#145290=LINE('',#145260,#145280);
#145300=EDGE_CURVE('',#141770,#144880,#145290,.T.);
#145310=ORIENTED_EDGE('',*,*,#145300,.T.);
#145320=EDGE_LOOP('',(#145310,#145250,#145240,#145230));
#145330=FACE_OUTER_BOUND('',#145320,.T.);
#145340=ADVANCED_FACE('',(#145330),#145220,.T.);
#145350=CARTESIAN_POINT('',(-1.36478915595127,-3.79105222487757,8.3675))
;
#145360=DIRECTION('',(0.,0.,1.));
#145370=DIRECTION('',(0.,1.,0.));
#145380=AXIS2_PLACEMENT_3D('',#145350,#145360,#145370);
#145390=CYLINDRICAL_SURFACE('',#145380,0.1);
#145400=ORIENTED_EDGE('',*,*,#141870,.F.);
#145410=ORIENTED_EDGE('',*,*,#145300,.F.);
#145420=ORIENTED_EDGE('',*,*,#144890,.T.);
#145430=CARTESIAN_POINT('',(-1.36478915595127,-3.69105222487757,8.3675))
;
#145440=DIRECTION('',(0.,0.,1.));
#145450=VECTOR('',#145440,1.);
#145460=LINE('',#145430,#145450);
#145470=EDGE_CURVE('',#141860,#144790,#145460,.T.);
#145480=ORIENTED_EDGE('',*,*,#145470,.T.);
#145490=EDGE_LOOP('',(#145480,#145420,#145410,#145400));
#145500=FACE_OUTER_BOUND('',#145490,.T.);
#145510=ADVANCED_FACE('',(#145500),#145390,.F.);
#145520=CARTESIAN_POINT('',(-0.0647891559512659,-3.69105222487757,8.3675
));
#145530=DIRECTION('',(0.,-1.,0.));
#145540=DIRECTION('',(-1.,0.,0.));
#145550=AXIS2_PLACEMENT_3D('',#145520,#145530,#145540);
#145560=PLANE('',#145550);
#145570=ORIENTED_EDGE('',*,*,#141950,.F.);
#145580=ORIENTED_EDGE('',*,*,#145470,.F.);
#145590=ORIENTED_EDGE('',*,*,#144800,.T.);
#145600=CARTESIAN_POINT('',(-0.0647891559512659,-3.69105222487757,8.5475
));
#145610=DIRECTION('',(0.,0.,1.));
#145620=VECTOR('',#145610,1.);
#145630=LINE('',#145600,#145620);
#145640=EDGE_CURVE('',#141940,#144710,#145630,.T.);
#145650=ORIENTED_EDGE('',*,*,#145640,.T.);
#145660=EDGE_LOOP('',(#145650,#145590,#145580,#145570));
#145670=FACE_OUTER_BOUND('',#145660,.T.);
#145680=ADVANCED_FACE('',(#145670),#145560,.T.);
#145690=CARTESIAN_POINT('',(-0.0647891559512659,-3.34105222487757,8.3675
));
#145700=DIRECTION('',(1.,0.,0.));
#145710=DIRECTION('',(0.,-1.,0.));
#145720=AXIS2_PLACEMENT_3D('',#145690,#145700,#145710);
#145730=PLANE('',#145720);
#145740=ORIENTED_EDGE('',*,*,#142010,.F.);
#145750=ORIENTED_EDGE('',*,*,#145640,.F.);
#145760=ORIENTED_EDGE('',*,*,#144720,.T.);
#145770=ORIENTED_EDGE('',*,*,#106440,.F.);
#145780=EDGE_LOOP('',(#145770,#145760,#145750,#145740));
#145790=FACE_OUTER_BOUND('',#145780,.T.);
#145800=ADVANCED_FACE('',(#145790),#145730,.T.);
#145810=CARTESIAN_POINT('',(-0.989789155951266,-3.49105222487758,8.10625
));
#145820=DIRECTION('',(0.,-0.456090790910398,-0.889933250556876));
#145830=DIRECTION('',(0.,-0.889933250556876,0.456090790910398));
#145840=AXIS2_PLACEMENT_3D('',#145810,#145820,#145830);
#145850=PLANE('',#145840);
#145860=CARTESIAN_POINT('',(-0.264789155951266,-3.39593027365806,8.0575)
);
#145870=DIRECTION('',(1.,0.,0.));
#145880=VECTOR('',#145870,1.);
#145890=LINE('',#145860,#145880);
#145900=CARTESIAN_POINT('',(-1.71478915595127,-3.39593027365806,8.0575))
;
#145910=VERTEX_POINT('',#145900);
#145920=CARTESIAN_POINT('',(-0.264789155951266,-3.39593027365806,8.0575)
);
#145930=VERTEX_POINT('',#145920);
#145940=EDGE_CURVE('',#145910,#145930,#145890,.T.);
#145950=ORIENTED_EDGE('',*,*,#145940,.T.);
#145960=CARTESIAN_POINT('',(-1.71478915595127,1.00894777512243,5.8));
#145970=DIRECTION('',(0.,0.889933250556876,-0.456090790910398));
#145980=VECTOR('',#145970,1.);
#145990=LINE('',#145960,#145980);
#146000=CARTESIAN_POINT('',(-1.71478915595127,-3.59105222487757,8.1575))
;
#146010=VERTEX_POINT('',#146000);
#146020=EDGE_CURVE('',#146010,#145910,#145990,.T.);
#146030=ORIENTED_EDGE('',*,*,#146020,.T.);
#146040=CARTESIAN_POINT('',(-2.01478915595127,-3.59105222487757,8.1575))
;
#146050=DIRECTION('',(-1.,0.,0.));
#146060=VECTOR('',#146050,1.);
#146070=LINE('',#146040,#146060);
#146080=CARTESIAN_POINT('',(-0.264789155951266,-3.59105222487757,8.1575)
);
#146090=VERTEX_POINT('',#146080);
#146100=EDGE_CURVE('',#146090,#146010,#146070,.T.);
#146110=ORIENTED_EDGE('',*,*,#146100,.T.);
#146120=CARTESIAN_POINT('',(-0.264789155951266,1.00894777512243,5.8));
#146130=DIRECTION('',(0.,-0.889933250556876,0.456090790910398));
#146140=VECTOR('',#146130,1.);
#146150=LINE('',#146120,#146140);
#146160=EDGE_CURVE('',#145930,#146090,#146150,.T.);
#146170=ORIENTED_EDGE('',*,*,#146160,.T.);
#146180=EDGE_LOOP('',(#146170,#146110,#146030,#145950));
#146190=FACE_OUTER_BOUND('',#146180,.T.);
#146200=ADVANCED_FACE('',(#146190),#145850,.T.);
#146210=CARTESIAN_POINT('',(-0.989789155951266,-3.49105222487758,8.30875
));
#146220=DIRECTION('',(0.,0.456090790910398,-0.889933250556876));
#146230=DIRECTION('',(0.,-0.889933250556876,-0.456090790910398));
#146240=AXIS2_PLACEMENT_3D('',#146210,#146220,#146230);
#146250=PLANE('',#146240);
#146260=ORIENTED_EDGE('',*,*,#140720,.F.);
#146270=CARTESIAN_POINT('',(-0.264789155951266,1.00894777512243,10.615))
;
#146280=DIRECTION('',(0.,-0.889933250556876,-0.456090790910398));
#146290=VECTOR('',#146280,1.);
#146300=LINE('',#146270,#146290);
#146310=CARTESIAN_POINT('',(-0.264789155951266,-3.59105222487757,8.2575)
);
#146320=VERTEX_POINT('',#146310);
#146330=EDGE_CURVE('',#140710,#146320,#146300,.T.);
#146340=ORIENTED_EDGE('',*,*,#146330,.F.);
#146350=CARTESIAN_POINT('',(-2.01478915595127,-3.59105222487757,8.2575))
;
#146360=DIRECTION('',(-1.,0.,0.));
#146370=VECTOR('',#146360,1.);
#146380=LINE('',#146350,#146370);
#146390=CARTESIAN_POINT('',(-1.71478915595127,-3.59105222487757,8.2575))
;
#146400=VERTEX_POINT('',#146390);
#146410=EDGE_CURVE('',#146320,#146400,#146380,.T.);
#146420=ORIENTED_EDGE('',*,*,#146410,.F.);
#146430=CARTESIAN_POINT('',(-1.71478915595127,1.00894777512243,10.615));
#146440=DIRECTION('',(0.,0.889933250556876,0.456090790910398));
#146450=VECTOR('',#146440,1.);
#146460=LINE('',#146430,#146450);
#146470=EDGE_CURVE('',#146400,#140690,#146460,.T.);
#146480=ORIENTED_EDGE('',*,*,#146470,.F.);
#146490=EDGE_LOOP('',(#146480,#146420,#146340,#146260));
#146500=FACE_OUTER_BOUND('',#146490,.T.);
#146510=ADVANCED_FACE('',(#146500),#146250,.F.);
#146520=CARTESIAN_POINT('',(-1.71478915595127,-3.34105222487757,8.36));
#146530=DIRECTION('',(-1.,0.,0.));
#146540=DIRECTION('',(0.,-1.,0.));
#146550=AXIS2_PLACEMENT_3D('',#146520,#146530,#146540);
#146560=PLANE('',#146550);
#146570=CARTESIAN_POINT('',(-1.71478915595127,-3.59105222487757,8.36));
#146580=DIRECTION('',(0.,0.,-1.));
#146590=VECTOR('',#146580,1.);
#146600=LINE('',#146570,#146590);
#146610=EDGE_CURVE('',#146400,#146010,#146600,.T.);
#146620=ORIENTED_EDGE('',*,*,#146610,.F.);
#146630=ORIENTED_EDGE('',*,*,#146020,.F.);
#146640=CARTESIAN_POINT('',(-1.71478915595127,1.00894777512243,8.0575));
#146650=DIRECTION('',(0.,-1.,0.));
#146660=VECTOR('',#146650,1.);
#146670=LINE('',#146640,#146660);
#146680=EDGE_CURVE('',#87020,#145910,#146670,.T.);
#146690=ORIENTED_EDGE('',*,*,#146680,.T.);
#146700=ORIENTED_EDGE('',*,*,#87030,.T.);
#146710=ORIENTED_EDGE('',*,*,#140780,.T.);
#146720=ORIENTED_EDGE('',*,*,#146470,.T.);
#146730=EDGE_LOOP('',(#146720,#146710,#146700,#146690,#146630,#146620));
#146740=FACE_OUTER_BOUND('',#146730,.T.);
#146750=ADVANCED_FACE('',(#146740),#146560,.T.);
#146760=CARTESIAN_POINT('',(-0.264789155951266,-3.59105222487757,8.36));
#146770=DIRECTION('',(1.,0.,0.));
#146780=DIRECTION('',(0.,1.,0.));
#146790=AXIS2_PLACEMENT_3D('',#146760,#146770,#146780);
#146800=PLANE('',#146790);
#146810=ORIENTED_EDGE('',*,*,#142080,.T.);
#146820=ORIENTED_EDGE('',*,*,#106320,.T.);
#146830=CARTESIAN_POINT('',(-0.264789155951266,1.00894777512243,8.0575))
;
#146840=DIRECTION('',(0.,1.,0.));
#146850=VECTOR('',#146840,1.);
#146860=LINE('',#146830,#146850);
#146870=EDGE_CURVE('',#145930,#106230,#146860,.T.);
#146880=ORIENTED_EDGE('',*,*,#146870,.T.);
#146890=ORIENTED_EDGE('',*,*,#146160,.F.);
#146900=CARTESIAN_POINT('',(-0.264789155951266,-3.59105222487757,8.36));
#146910=DIRECTION('',(0.,0.,-1.));
#146920=VECTOR('',#146910,1.);
#146930=LINE('',#146900,#146920);
#146940=EDGE_CURVE('',#146320,#146090,#146930,.T.);
#146950=ORIENTED_EDGE('',*,*,#146940,.T.);
#146960=ORIENTED_EDGE('',*,*,#146330,.T.);
#146970=EDGE_LOOP('',(#146960,#146950,#146890,#146880,#146820,#146810));
#146980=FACE_OUTER_BOUND('',#146970,.T.);
#146990=ADVANCED_FACE('',(#146980),#146800,.T.);
#147000=CARTESIAN_POINT('',(-1.71478915595127,-3.59105222487757,8.36));
#147010=DIRECTION('',(0.,-1.,0.));
#147020=DIRECTION('',(1.,0.,0.));
#147030=AXIS2_PLACEMENT_3D('',#147000,#147010,#147020);
#147040=PLANE('',#147030);
#147050=ORIENTED_EDGE('',*,*,#146940,.F.);
#147060=ORIENTED_EDGE('',*,*,#146100,.F.);
#147070=ORIENTED_EDGE('',*,*,#146610,.T.);
#147080=ORIENTED_EDGE('',*,*,#146410,.T.);
#147090=EDGE_LOOP('',(#147080,#147070,#147060,#147050));
#147100=FACE_OUTER_BOUND('',#147090,.T.);
#147110=ADVANCED_FACE('',(#147100),#147040,.T.);
#147120=CARTESIAN_POINT('',(-1.76478915595127,-3.59105222487757,7.8675))
;
#147130=DIRECTION('',(0.,-1.,0.));
#147140=DIRECTION('',(-1.,0.,0.));
#147150=AXIS2_PLACEMENT_3D('',#147120,#147130,#147140);
#147160=PLANE('',#147150);
#147170=CARTESIAN_POINT('',(-1.89122415595127,-3.59105222487757,7.8575))
;
#147180=DIRECTION('',(-1.,0.,0.));
#147190=VECTOR('',#147180,1.);
#147200=LINE('',#147170,#147190);
#147210=CARTESIAN_POINT('',(-1.76478915595127,-3.59105222487757,7.8575))
;
#147220=VERTEX_POINT('',#147210);
#147230=CARTESIAN_POINT('',(-1.91478915595127,-3.59105222487757,7.8575))
;
#147240=VERTEX_POINT('',#147230);
#147250=EDGE_CURVE('',#147220,#147240,#147200,.T.);
#147260=ORIENTED_EDGE('',*,*,#147250,.F.);
#147270=CARTESIAN_POINT('',(-1.91478915595127,-3.59105222487757,8.0475))
;
#147280=DIRECTION('',(0.,0.,1.));
#147290=VECTOR('',#147280,1.);
#147300=LINE('',#147270,#147290);
#147310=CARTESIAN_POINT('',(-1.91478915595127,-3.59105222487757,8.0575))
;
#147320=VERTEX_POINT('',#147310);
#147330=EDGE_CURVE('',#147240,#147320,#147300,.T.);
#147340=ORIENTED_EDGE('',*,*,#147330,.F.);
#147350=CARTESIAN_POINT('',(-1.89122415595127,-3.59105222487757,8.0575))
;
#147360=DIRECTION('',(-1.,0.,0.));
#147370=VECTOR('',#147360,1.);
#147380=LINE('',#147350,#147370);
#147390=CARTESIAN_POINT('',(-1.76478915595127,-3.59105222487757,8.0575))
;
#147400=VERTEX_POINT('',#147390);
#147410=EDGE_CURVE('',#147400,#147320,#147380,.T.);
#147420=ORIENTED_EDGE('',*,*,#147410,.T.);
#147430=CARTESIAN_POINT('',(-1.76478915595127,-3.59105222487757,7.8675))
;
#147440=DIRECTION('',(0.,0.,1.));
#147450=VECTOR('',#147440,1.);
#147460=LINE('',#147430,#147450);
#147470=EDGE_CURVE('',#147220,#147400,#147460,.T.);
#147480=ORIENTED_EDGE('',*,*,#147470,.T.);
#147490=EDGE_LOOP('',(#147480,#147420,#147340,#147260));
#147500=FACE_OUTER_BOUND('',#147490,.T.);
#147510=ADVANCED_FACE('',(#147500),#147160,.T.);
#147520=CARTESIAN_POINT('',(-1.45941818394728,-1.06738394494655,7.8575))
;
#147530=DIRECTION('',(0.,0.,-1.));
#147540=DIRECTION('',(-1.,0.,0.));
#147550=AXIS2_PLACEMENT_3D('',#147520,#147530,#147540);
#147560=PLANE('',#147550);
#147570=ORIENTED_EDGE('',*,*,#106120,.F.);
#147580=CARTESIAN_POINT('',(-0.264789155951266,1.00894777512243,7.8575))
;
#147590=DIRECTION('',(0.,-1.,0.));
#147600=VECTOR('',#147590,1.);
#147610=LINE('',#147580,#147600);
#147620=EDGE_CURVE('',#106070,#87790,#147610,.T.);
#147630=ORIENTED_EDGE('',*,*,#147620,.F.);
#147640=ORIENTED_EDGE('',*,*,#88040,.T.);
#147650=CARTESIAN_POINT('',(-1.71478915595127,1.00894777512243,7.8575));
#147660=DIRECTION('',(0.,1.,0.));
#147670=VECTOR('',#147660,1.);
#147680=LINE('',#147650,#147670);
#147690=EDGE_CURVE('',#87970,#87260,#147680,.T.);
#147700=ORIENTED_EDGE('',*,*,#147690,.F.);
#147710=ORIENTED_EDGE('',*,*,#87270,.F.);
#147720=CARTESIAN_POINT('',(-1.91478915595127,-0.709445224877575,7.8575)
);
#147730=DIRECTION('',(0.,1.,0.));
#147740=VECTOR('',#147730,1.);
#147750=LINE('',#147720,#147740);
#147760=EDGE_CURVE('',#147240,#87180,#147750,.T.);
#147770=ORIENTED_EDGE('',*,*,#147760,.T.);
#147780=ORIENTED_EDGE('',*,*,#147250,.T.);
#147790=CARTESIAN_POINT('',(-1.76478915595127,-0.709445224877575,7.8575)
);
#147800=DIRECTION('',(0.,1.,0.));
#147810=VECTOR('',#147800,1.);
#147820=LINE('',#147790,#147810);
#147830=CARTESIAN_POINT('',(-1.76478915595127,-3.79105222487757,7.8575))
;
#147840=VERTEX_POINT('',#147830);
#147850=EDGE_CURVE('',#147840,#147220,#147820,.T.);
#147860=ORIENTED_EDGE('',*,*,#147850,.T.);
#147870=CARTESIAN_POINT('',(-1.89122415595127,-3.84812703587276,7.8575))
;
#147880=DIRECTION('',(0.911437827766148,0.411437827766147,0.));
#147890=VECTOR('',#147880,1.);
#147900=LINE('',#147870,#147890);
#147910=CARTESIAN_POINT('',(-2.00593293872788,-3.89990844210096,7.8575))
;
#147920=VERTEX_POINT('',#147910);
#147930=EDGE_CURVE('',#147920,#147840,#147900,.T.);
#147940=ORIENTED_EDGE('',*,*,#147930,.T.);
#147950=CARTESIAN_POINT('',(-1.96478915595127,-3.99105222487758,7.8575))
;
#147960=DIRECTION('',(0.,0.,1.));
#147970=DIRECTION('',(0.,1.,0.));
#147980=AXIS2_PLACEMENT_3D('',#147950,#147960,#147970);
#147990=CIRCLE('',#147980,0.1);
#148000=CARTESIAN_POINT('',(-2.06478915595127,-3.99105222487758,7.8575))
;
#148010=VERTEX_POINT('',#148000);
#148020=EDGE_CURVE('',#147920,#148010,#147990,.T.);
#148030=ORIENTED_EDGE('',*,*,#148020,.F.);
#148040=CARTESIAN_POINT('',(-2.06478915595127,-0.709445224877575,7.8575)
);
#148050=DIRECTION('',(0.,1.,0.));
#148060=VECTOR('',#148050,1.);
#148070=LINE('',#148040,#148060);
#148080=CARTESIAN_POINT('',(-2.06478915595127,-4.29105222487757,7.8575))
;
#148090=VERTEX_POINT('',#148080);
#148100=EDGE_CURVE('',#148090,#148010,#148070,.T.);
#148110=ORIENTED_EDGE('',*,*,#148100,.T.);
#148120=CARTESIAN_POINT('',(-1.96478915595127,-4.29105222487757,7.8575))
;
#148130=DIRECTION('',(0.,0.,1.));
#148140=DIRECTION('',(0.,1.,0.));
#148150=AXIS2_PLACEMENT_3D('',#148120,#148130,#148140);
#148160=CIRCLE('',#148150,0.1);
#148170=CARTESIAN_POINT('',(-1.96478915595127,-4.39105222487757,7.8575))
;
#148180=VERTEX_POINT('',#148170);
#148190=EDGE_CURVE('',#148090,#148180,#148160,.T.);
#148200=ORIENTED_EDGE('',*,*,#148190,.F.);
#148210=CARTESIAN_POINT('',(-1.89122415595127,-4.39105222487757,7.8575))
;
#148220=DIRECTION('',(-1.,0.,0.));
#148230=VECTOR('',#148220,1.);
#148240=LINE('',#148210,#148230);
#148250=CARTESIAN_POINT('',(-1.69478915595127,-4.39105222487757,7.8575))
;
#148260=VERTEX_POINT('',#148250);
#148270=EDGE_CURVE('',#148260,#148180,#148240,.T.);
#148280=ORIENTED_EDGE('',*,*,#148270,.T.);
#148290=CARTESIAN_POINT('',(-1.69478915595127,-0.709445224877575,7.8575)
);
#148300=DIRECTION('',(0.,-1.,0.));
#148310=VECTOR('',#148300,1.);
#148320=LINE('',#148290,#148310);
#148330=CARTESIAN_POINT('',(-1.69478915595127,-4.19105222487757,7.8575))
;
#148340=VERTEX_POINT('',#148330);
#148350=EDGE_CURVE('',#148340,#148260,#148320,.T.);
#148360=ORIENTED_EDGE('',*,*,#148350,.T.);
#148370=CARTESIAN_POINT('',(-1.59478915595127,-4.19105222487757,7.8575))
;
#148380=DIRECTION('',(0.,0.,1.));
#148390=DIRECTION('',(0.,1.,0.));
#148400=AXIS2_PLACEMENT_3D('',#148370,#148380,#148390);
#148410=CIRCLE('',#148400,0.1);
#148420=CARTESIAN_POINT('',(-1.59478915595127,-4.09105222487757,7.8575))
;
#148430=VERTEX_POINT('',#148420);
#148440=EDGE_CURVE('',#148430,#148340,#148410,.T.);
#148450=ORIENTED_EDGE('',*,*,#148440,.T.);
#148460=CARTESIAN_POINT('',(-1.89122415595127,-4.09105222487757,7.8575))
;
#148470=DIRECTION('',(-1.,0.,0.));
#148480=VECTOR('',#148470,1.);
#148490=LINE('',#148460,#148480);
#148500=CARTESIAN_POINT('',(-1.56478915595127,-4.09105222487757,7.8575))
;
#148510=VERTEX_POINT('',#148500);
#148520=EDGE_CURVE('',#148510,#148430,#148490,.T.);
#148530=ORIENTED_EDGE('',*,*,#148520,.T.);
#148540=CARTESIAN_POINT('',(-1.56478915595127,-3.99105222487758,7.8575))
;
#148550=DIRECTION('',(0.,0.,1.));
#148560=DIRECTION('',(0.,1.,0.));
#148570=AXIS2_PLACEMENT_3D('',#148540,#148550,#148560);
#148580=CIRCLE('',#148570,0.1);
#148590=CARTESIAN_POINT('',(-1.46478915595127,-3.99105222487758,7.8575))
;
#148600=VERTEX_POINT('',#148590);
#148610=EDGE_CURVE('',#148510,#148600,#148580,.T.);
#148620=ORIENTED_EDGE('',*,*,#148610,.F.);
#148630=CARTESIAN_POINT('',(-1.46478915595127,-0.709445224877575,7.8575)
);
#148640=DIRECTION('',(0.,-1.,0.));
#148650=VECTOR('',#148640,1.);
#148660=LINE('',#148630,#148650);
#148670=CARTESIAN_POINT('',(-1.46478915595127,-3.79105222487757,7.8575))
;
#148680=VERTEX_POINT('',#148670);
#148690=EDGE_CURVE('',#148680,#148600,#148660,.T.);
#148700=ORIENTED_EDGE('',*,*,#148690,.T.);
#148710=CARTESIAN_POINT('',(-1.36478915595127,-3.79105222487757,7.8575))
;
#148720=DIRECTION('',(0.,0.,1.));
#148730=DIRECTION('',(0.,1.,0.));
#148740=AXIS2_PLACEMENT_3D('',#148710,#148720,#148730);
#148750=CIRCLE('',#148740,0.1);
#148760=CARTESIAN_POINT('',(-1.36478915595127,-3.69105222487757,7.8575))
;
#148770=VERTEX_POINT('',#148760);
#148780=EDGE_CURVE('',#148770,#148680,#148750,.T.);
#148790=ORIENTED_EDGE('',*,*,#148780,.T.);
#148800=CARTESIAN_POINT('',(-1.89122415595127,-3.69105222487757,7.8575))
;
#148810=DIRECTION('',(-1.,0.,0.));
#148820=VECTOR('',#148810,1.);
#148830=LINE('',#148800,#148820);
#148840=CARTESIAN_POINT('',(-0.0647891559512659,-3.69105222487757,7.8575
));
#148850=VERTEX_POINT('',#148840);
#148860=EDGE_CURVE('',#148850,#148770,#148830,.T.);
#148870=ORIENTED_EDGE('',*,*,#148860,.T.);
#148880=CARTESIAN_POINT('',(-0.0647891559512659,-0.709445224877575,
7.8575));
#148890=DIRECTION('',(0.,-1.,0.));
#148900=VECTOR('',#148890,1.);
#148910=LINE('',#148880,#148900);
#148920=EDGE_CURVE('',#106110,#148850,#148910,.T.);
#148930=ORIENTED_EDGE('',*,*,#148920,.T.);
#148940=EDGE_LOOP('',(#148930,#148870,#148790,#148700,#148620,#148530,
#148450,#148360,#148280,#148200,#148110,#148030,#147940,#147860,#147780,
#147770,#147710,#147700,#147640,#147630,#147570));
#148950=FACE_OUTER_BOUND('',#148940,.T.);
#148960=ADVANCED_FACE('',(#148950),#147560,.T.);
#148970=CARTESIAN_POINT('',(-2.00593293872788,-3.89990844210096,7.8675))
;
#148980=DIRECTION('',(-0.411437827766147,0.911437827766148,0.));
#148990=DIRECTION('',(0.911437827766148,0.411437827766147,0.));
#149000=AXIS2_PLACEMENT_3D('',#148970,#148980,#148990);
#149010=PLANE('',#149000);
#149020=ORIENTED_EDGE('',*,*,#147930,.F.);
#149030=CARTESIAN_POINT('',(-1.76478915595127,-3.79105222487757,7.8675))
;
#149040=DIRECTION('',(0.,0.,1.));
#149050=VECTOR('',#149040,1.);
#149060=LINE('',#149030,#149050);
#149070=CARTESIAN_POINT('',(-1.76478915595127,-3.79105222487757,8.0575))
;
#149080=VERTEX_POINT('',#149070);
#149090=EDGE_CURVE('',#147840,#149080,#149060,.T.);
#149100=ORIENTED_EDGE('',*,*,#149090,.F.);
#149110=CARTESIAN_POINT('',(-1.89122415595127,-3.84812703587276,8.0575))
;
#149120=DIRECTION('',(0.911437827766148,0.411437827766147,0.));
#149130=VECTOR('',#149120,1.);
#149140=LINE('',#149110,#149130);
#149150=CARTESIAN_POINT('',(-2.00593293872788,-3.89990844210096,8.0575))
;
#149160=VERTEX_POINT('',#149150);
#149170=EDGE_CURVE('',#149160,#149080,#149140,.T.);
#149180=ORIENTED_EDGE('',*,*,#149170,.T.);
#149190=CARTESIAN_POINT('',(-2.00593293872788,-3.89990844210096,8.0475))
;
#149200=DIRECTION('',(0.,0.,1.));
#149210=VECTOR('',#149200,1.);
#149220=LINE('',#149190,#149210);
#149230=EDGE_CURVE('',#147920,#149160,#149220,.T.);
#149240=ORIENTED_EDGE('',*,*,#149230,.T.);
#149250=EDGE_LOOP('',(#149240,#149180,#149100,#149020));
#149260=FACE_OUTER_BOUND('',#149250,.T.);
#149270=ADVANCED_FACE('',(#149260),#149010,.T.);
#149280=CARTESIAN_POINT('',(-1.96478915595127,-3.99105222487758,7.8675))
;
#149290=DIRECTION('',(0.,0.,1.));
#149300=DIRECTION('',(0.,1.,0.));
#149310=AXIS2_PLACEMENT_3D('',#149280,#149290,#149300);
#149320=CYLINDRICAL_SURFACE('',#149310,0.1);
#149330=ORIENTED_EDGE('',*,*,#148020,.T.);
#149340=ORIENTED_EDGE('',*,*,#149230,.F.);
#149350=CARTESIAN_POINT('',(-1.96478915595127,-3.99105222487758,8.0575))
;
#149360=DIRECTION('',(0.,0.,1.));
#149370=DIRECTION('',(0.,1.,0.));
#149380=AXIS2_PLACEMENT_3D('',#149350,#149360,#149370);
#149390=CIRCLE('',#149380,0.1);
#149400=CARTESIAN_POINT('',(-2.06478915595127,-3.99105222487758,8.0575))
;
#149410=VERTEX_POINT('',#149400);
#149420=EDGE_CURVE('',#149160,#149410,#149390,.T.);
#149430=ORIENTED_EDGE('',*,*,#149420,.F.);
#149440=CARTESIAN_POINT('',(-2.06478915595127,-3.99105222487758,7.8675))
;
#149450=DIRECTION('',(0.,0.,1.));
#149460=VECTOR('',#149450,1.);
#149470=LINE('',#149440,#149460);
#149480=EDGE_CURVE('',#148010,#149410,#149470,.T.);
#149490=ORIENTED_EDGE('',*,*,#149480,.T.);
#149500=EDGE_LOOP('',(#149490,#149430,#149340,#149330));
#149510=FACE_OUTER_BOUND('',#149500,.T.);
#149520=ADVANCED_FACE('',(#149510),#149320,.T.);
#149530=CARTESIAN_POINT('',(-2.06478915595127,-4.29105222487757,7.8675))
;
#149540=DIRECTION('',(-1.,0.,0.));
#149550=DIRECTION('',(0.,1.,0.));
#149560=AXIS2_PLACEMENT_3D('',#149530,#149540,#149550);
#149570=PLANE('',#149560);
#149580=ORIENTED_EDGE('',*,*,#148100,.F.);
#149590=ORIENTED_EDGE('',*,*,#149480,.F.);
#149600=CARTESIAN_POINT('',(-2.06478915595127,-0.709445224877575,8.0575)
);
#149610=DIRECTION('',(0.,1.,0.));
#149620=VECTOR('',#149610,1.);
#149630=LINE('',#149600,#149620);
#149640=CARTESIAN_POINT('',(-2.06478915595127,-4.29105222487757,8.0575))
;
#149650=VERTEX_POINT('',#149640);
#149660=EDGE_CURVE('',#149650,#149410,#149630,.T.);
#149670=ORIENTED_EDGE('',*,*,#149660,.T.);
#149680=CARTESIAN_POINT('',(-2.06478915595127,-4.29105222487757,7.8675))
;
#149690=DIRECTION('',(0.,0.,1.));
#149700=VECTOR('',#149690,1.);
#149710=LINE('',#149680,#149700);
#149720=EDGE_CURVE('',#148090,#149650,#149710,.T.);
#149730=ORIENTED_EDGE('',*,*,#149720,.T.);
#149740=EDGE_LOOP('',(#149730,#149670,#149590,#149580));
#149750=FACE_OUTER_BOUND('',#149740,.T.);
#149760=ADVANCED_FACE('',(#149750),#149570,.T.);
#149770=CARTESIAN_POINT('',(-1.96478915595127,-4.29105222487757,7.8675))
;
#149780=DIRECTION('',(0.,0.,1.));
#149790=DIRECTION('',(0.,1.,0.));
#149800=AXIS2_PLACEMENT_3D('',#149770,#149780,#149790);
#149810=CYLINDRICAL_SURFACE('',#149800,0.1);
#149820=ORIENTED_EDGE('',*,*,#148190,.T.);
#149830=ORIENTED_EDGE('',*,*,#149720,.F.);
#149840=CARTESIAN_POINT('',(-1.96478915595127,-4.29105222487757,8.0575))
;
#149850=DIRECTION('',(0.,0.,1.));
#149860=DIRECTION('',(0.,1.,0.));
#149870=AXIS2_PLACEMENT_3D('',#149840,#149850,#149860);
#149880=CIRCLE('',#149870,0.1);
#149890=CARTESIAN_POINT('',(-1.96478915595127,-4.39105222487757,8.0575))
;
#149900=VERTEX_POINT('',#149890);
#149910=EDGE_CURVE('',#149650,#149900,#149880,.T.);
#149920=ORIENTED_EDGE('',*,*,#149910,.F.);
#149930=CARTESIAN_POINT('',(-1.96478915595127,-4.39105222487757,7.8675))
;
#149940=DIRECTION('',(0.,0.,1.));
#149950=VECTOR('',#149940,1.);
#149960=LINE('',#149930,#149950);
#149970=EDGE_CURVE('',#148180,#149900,#149960,.T.);
#149980=ORIENTED_EDGE('',*,*,#149970,.T.);
#149990=EDGE_LOOP('',(#149980,#149920,#149830,#149820));
#150000=FACE_OUTER_BOUND('',#149990,.T.);
#150010=ADVANCED_FACE('',(#150000),#149810,.T.);
#150020=CARTESIAN_POINT('',(-1.69478915595127,-4.39105222487757,7.8675))
;
#150030=DIRECTION('',(0.,-1.,0.));
#150040=DIRECTION('',(-1.,0.,0.));
#150050=AXIS2_PLACEMENT_3D('',#150020,#150030,#150040);
#150060=PLANE('',#150050);
#150070=ORIENTED_EDGE('',*,*,#148270,.F.);
#150080=ORIENTED_EDGE('',*,*,#149970,.F.);
#150090=CARTESIAN_POINT('',(-1.89122415595127,-4.39105222487757,8.0575))
;
#150100=DIRECTION('',(-1.,0.,0.));
#150110=VECTOR('',#150100,1.);
#150120=LINE('',#150090,#150110);
#150130=CARTESIAN_POINT('',(-1.69478915595127,-4.39105222487757,8.0575))
;
#150140=VERTEX_POINT('',#150130);
#150150=EDGE_CURVE('',#150140,#149900,#150120,.T.);
#150160=ORIENTED_EDGE('',*,*,#150150,.T.);
#150170=CARTESIAN_POINT('',(-1.69478915595127,-4.39105222487757,8.0475))
;
#150180=DIRECTION('',(0.,0.,1.));
#150190=VECTOR('',#150180,1.);
#150200=LINE('',#150170,#150190);
#150210=EDGE_CURVE('',#148260,#150140,#150200,.T.);
#150220=ORIENTED_EDGE('',*,*,#150210,.T.);
#150230=EDGE_LOOP('',(#150220,#150160,#150080,#150070));
#150240=FACE_OUTER_BOUND('',#150230,.T.);
#150250=ADVANCED_FACE('',(#150240),#150060,.T.);
#150260=CARTESIAN_POINT('',(-1.69478915595127,-4.19105222487757,7.8675))
;
#150270=DIRECTION('',(1.,0.,0.));
#150280=DIRECTION('',(0.,-1.,0.));
#150290=AXIS2_PLACEMENT_3D('',#150260,#150270,#150280);
#150300=PLANE('',#150290);
#150310=ORIENTED_EDGE('',*,*,#148350,.F.);
#150320=ORIENTED_EDGE('',*,*,#150210,.F.);
#150330=CARTESIAN_POINT('',(-1.69478915595127,-0.709445224877575,8.0575)
);
#150340=DIRECTION('',(0.,-1.,0.));
#150350=VECTOR('',#150340,1.);
#150360=LINE('',#150330,#150350);
#150370=CARTESIAN_POINT('',(-1.69478915595127,-4.19105222487757,8.0575))
;
#150380=VERTEX_POINT('',#150370);
#150390=EDGE_CURVE('',#150380,#150140,#150360,.T.);
#150400=ORIENTED_EDGE('',*,*,#150390,.T.);
#150410=CARTESIAN_POINT('',(-1.69478915595127,-4.19105222487757,7.8675))
;
#150420=DIRECTION('',(0.,0.,1.));
#150430=VECTOR('',#150420,1.);
#150440=LINE('',#150410,#150430);
#150450=EDGE_CURVE('',#148340,#150380,#150440,.T.);
#150460=ORIENTED_EDGE('',*,*,#150450,.T.);
#150470=EDGE_LOOP('',(#150460,#150400,#150320,#150310));
#150480=FACE_OUTER_BOUND('',#150470,.T.);
#150490=ADVANCED_FACE('',(#150480),#150300,.T.);
#150500=CARTESIAN_POINT('',(-1.59478915595127,-4.19105222487757,7.8675))
;
#150510=DIRECTION('',(0.,0.,1.));
#150520=DIRECTION('',(0.,1.,0.));
#150530=AXIS2_PLACEMENT_3D('',#150500,#150510,#150520);
#150540=CYLINDRICAL_SURFACE('',#150530,0.1);
#150550=ORIENTED_EDGE('',*,*,#148440,.F.);
#150560=ORIENTED_EDGE('',*,*,#150450,.F.);
#150570=CARTESIAN_POINT('',(-1.59478915595127,-4.19105222487757,8.0575))
;
#150580=DIRECTION('',(0.,0.,1.));
#150590=DIRECTION('',(0.,1.,0.));
#150600=AXIS2_PLACEMENT_3D('',#150570,#150580,#150590);
#150610=CIRCLE('',#150600,0.1);
#150620=CARTESIAN_POINT('',(-1.59478915595127,-4.09105222487757,8.0575))
;
#150630=VERTEX_POINT('',#150620);
#150640=EDGE_CURVE('',#150630,#150380,#150610,.T.);
#150650=ORIENTED_EDGE('',*,*,#150640,.T.);
#150660=CARTESIAN_POINT('',(-1.59478915595127,-4.09105222487757,7.8675))
;
#150670=DIRECTION('',(0.,0.,1.));
#150680=VECTOR('',#150670,1.);
#150690=LINE('',#150660,#150680);
#150700=EDGE_CURVE('',#148430,#150630,#150690,.T.);
#150710=ORIENTED_EDGE('',*,*,#150700,.T.);
#150720=EDGE_LOOP('',(#150710,#150650,#150560,#150550));
#150730=FACE_OUTER_BOUND('',#150720,.T.);
#150740=ADVANCED_FACE('',(#150730),#150540,.F.);
#150750=CARTESIAN_POINT('',(-1.56478915595127,-4.09105222487757,7.8675))
;
#150760=DIRECTION('',(0.,-1.,0.));
#150770=DIRECTION('',(-1.,0.,0.));
#150780=AXIS2_PLACEMENT_3D('',#150750,#150760,#150770);
#150790=PLANE('',#150780);
#150800=ORIENTED_EDGE('',*,*,#148520,.F.);
#150810=ORIENTED_EDGE('',*,*,#150700,.F.);
#150820=CARTESIAN_POINT('',(-1.89122415595127,-4.09105222487757,8.0575))
;
#150830=DIRECTION('',(-1.,0.,0.));
#150840=VECTOR('',#150830,1.);
#150850=LINE('',#150820,#150840);
#150860=CARTESIAN_POINT('',(-1.56478915595127,-4.09105222487757,8.0575))
;
#150870=VERTEX_POINT('',#150860);
#150880=EDGE_CURVE('',#150870,#150630,#150850,.T.);
#150890=ORIENTED_EDGE('',*,*,#150880,.T.);
#150900=CARTESIAN_POINT('',(-1.56478915595127,-4.09105222487757,7.8675))
;
#150910=DIRECTION('',(0.,0.,1.));
#150920=VECTOR('',#150910,1.);
#150930=LINE('',#150900,#150920);
#150940=EDGE_CURVE('',#148510,#150870,#150930,.T.);
#150950=ORIENTED_EDGE('',*,*,#150940,.T.);
#150960=EDGE_LOOP('',(#150950,#150890,#150810,#150800));
#150970=FACE_OUTER_BOUND('',#150960,.T.);
#150980=ADVANCED_FACE('',(#150970),#150790,.T.);
#150990=CARTESIAN_POINT('',(-1.56478915595127,-3.99105222487758,7.8675))
;
#151000=DIRECTION('',(0.,0.,1.));
#151010=DIRECTION('',(0.,1.,0.));
#151020=AXIS2_PLACEMENT_3D('',#150990,#151000,#151010);
#151030=CYLINDRICAL_SURFACE('',#151020,0.1);
#151040=ORIENTED_EDGE('',*,*,#148610,.T.);
#151050=ORIENTED_EDGE('',*,*,#150940,.F.);
#151060=CARTESIAN_POINT('',(-1.56478915595127,-3.99105222487758,8.0575))
;
#151070=DIRECTION('',(0.,0.,1.));
#151080=DIRECTION('',(0.,1.,0.));
#151090=AXIS2_PLACEMENT_3D('',#151060,#151070,#151080);
#151100=CIRCLE('',#151090,0.1);
#151110=CARTESIAN_POINT('',(-1.46478915595127,-3.99105222487758,8.0575))
;
#151120=VERTEX_POINT('',#151110);
#151130=EDGE_CURVE('',#150870,#151120,#151100,.T.);
#151140=ORIENTED_EDGE('',*,*,#151130,.F.);
#151150=CARTESIAN_POINT('',(-1.46478915595127,-3.99105222487758,8.0475))
;
#151160=DIRECTION('',(0.,0.,1.));
#151170=VECTOR('',#151160,1.);
#151180=LINE('',#151150,#151170);
#151190=EDGE_CURVE('',#148600,#151120,#151180,.T.);
#151200=ORIENTED_EDGE('',*,*,#151190,.T.);
#151210=EDGE_LOOP('',(#151200,#151140,#151050,#151040));
#151220=FACE_OUTER_BOUND('',#151210,.T.);
#151230=ADVANCED_FACE('',(#151220),#151030,.T.);
#151240=CARTESIAN_POINT('',(-1.76478915595127,-3.79105222487757,7.8675))
;
#151250=DIRECTION('',(-1.,0.,0.));
#151260=DIRECTION('',(0.,1.,0.));
#151270=AXIS2_PLACEMENT_3D('',#151240,#151250,#151260);
#151280=PLANE('',#151270);
#151290=ORIENTED_EDGE('',*,*,#147850,.F.);
#151300=ORIENTED_EDGE('',*,*,#147470,.F.);
#151310=CARTESIAN_POINT('',(-1.76478915595127,-0.709445224877575,8.0575)
);
#151320=DIRECTION('',(0.,1.,0.));
#151330=VECTOR('',#151320,1.);
#151340=LINE('',#151310,#151330);
#151350=EDGE_CURVE('',#149080,#147400,#151340,.T.);
#151360=ORIENTED_EDGE('',*,*,#151350,.T.);
#151370=ORIENTED_EDGE('',*,*,#149090,.T.);
#151380=EDGE_LOOP('',(#151370,#151360,#151300,#151290));
#151390=FACE_OUTER_BOUND('',#151380,.T.);
#151400=ADVANCED_FACE('',(#151390),#151280,.T.);
#151410=ORIENTED_EDGE('',*,*,#145940,.F.);
#151420=ORIENTED_EDGE('',*,*,#146870,.F.);
#151430=ORIENTED_EDGE('',*,*,#106240,.F.);
#151440=CARTESIAN_POINT('',(-0.0647891559512659,-0.709445224877575,
8.0575));
#151450=DIRECTION('',(0.,-1.,0.));
#151460=VECTOR('',#151450,1.);
#151470=LINE('',#151440,#151460);
#151480=CARTESIAN_POINT('',(-0.0647891559512659,-3.69105222487757,8.0575
));
#151490=VERTEX_POINT('',#151480);
#151500=EDGE_CURVE('',#106190,#151490,#151470,.T.);
#151510=ORIENTED_EDGE('',*,*,#151500,.F.);
#151520=CARTESIAN_POINT('',(-1.89122415595127,-3.69105222487757,8.0575))
;
#151530=DIRECTION('',(-1.,0.,0.));
#151540=VECTOR('',#151530,1.);
#151550=LINE('',#151520,#151540);
#151560=CARTESIAN_POINT('',(-1.36478915595127,-3.69105222487757,8.0575))
;
#151570=VERTEX_POINT('',#151560);
#151580=EDGE_CURVE('',#151490,#151570,#151550,.T.);
#151590=ORIENTED_EDGE('',*,*,#151580,.F.);
#151600=CARTESIAN_POINT('',(-1.36478915595127,-3.79105222487757,8.0575))
;
#151610=DIRECTION('',(0.,0.,1.));
#151620=DIRECTION('',(0.,1.,0.));
#151630=AXIS2_PLACEMENT_3D('',#151600,#151610,#151620);
#151640=CIRCLE('',#151630,0.1);
#151650=CARTESIAN_POINT('',(-1.46478915595127,-3.79105222487757,8.0575))
;
#151660=VERTEX_POINT('',#151650);
#151670=EDGE_CURVE('',#151570,#151660,#151640,.T.);
#151680=ORIENTED_EDGE('',*,*,#151670,.F.);
#151690=CARTESIAN_POINT('',(-1.46478915595127,-0.709445224877575,8.0575)
);
#151700=DIRECTION('',(0.,-1.,0.));
#151710=VECTOR('',#151700,1.);
#151720=LINE('',#151690,#151710);
#151730=EDGE_CURVE('',#151660,#151120,#151720,.T.);
#151740=ORIENTED_EDGE('',*,*,#151730,.F.);
#151750=ORIENTED_EDGE('',*,*,#151130,.T.);
#151760=ORIENTED_EDGE('',*,*,#150880,.F.);
#151770=ORIENTED_EDGE('',*,*,#150640,.F.);
#151780=ORIENTED_EDGE('',*,*,#150390,.F.);
#151790=ORIENTED_EDGE('',*,*,#150150,.F.);
#151800=ORIENTED_EDGE('',*,*,#149910,.T.);
#151810=ORIENTED_EDGE('',*,*,#149660,.F.);
#151820=ORIENTED_EDGE('',*,*,#149420,.T.);
#151830=ORIENTED_EDGE('',*,*,#149170,.F.);
#151840=ORIENTED_EDGE('',*,*,#151350,.F.);
#151850=ORIENTED_EDGE('',*,*,#147410,.F.);
#151860=CARTESIAN_POINT('',(-1.91478915595127,-0.709445224877575,8.0575)
);
#151870=DIRECTION('',(0.,1.,0.));
#151880=VECTOR('',#151870,1.);
#151890=LINE('',#151860,#151880);
#151900=EDGE_CURVE('',#147320,#87100,#151890,.T.);
#151910=ORIENTED_EDGE('',*,*,#151900,.F.);
#151920=ORIENTED_EDGE('',*,*,#87110,.F.);
#151930=ORIENTED_EDGE('',*,*,#146680,.F.);
#151940=EDGE_LOOP('',(#151930,#151920,#151910,#151850,#151840,#151830,
#151820,#151810,#151800,#151790,#151780,#151770,#151760,#151750,#151740,
#151680,#151590,#151510,#151430,#151420,#151410));
#151950=FACE_OUTER_BOUND('',#151940,.T.);
#151960=ADVANCED_FACE('',(#151950),#63800,.T.);
#151970=CARTESIAN_POINT('',(-1.46478915595127,-3.79105222487757,7.8675))
;
#151980=DIRECTION('',(1.,0.,0.));
#151990=DIRECTION('',(0.,-1.,0.));
#152000=AXIS2_PLACEMENT_3D('',#151970,#151980,#151990);
#152010=PLANE('',#152000);
#152020=ORIENTED_EDGE('',*,*,#148690,.F.);
#152030=ORIENTED_EDGE('',*,*,#151190,.F.);
#152040=ORIENTED_EDGE('',*,*,#151730,.T.);
#152050=CARTESIAN_POINT('',(-1.46478915595127,-3.79105222487757,8.0475))
;
#152060=DIRECTION('',(0.,0.,1.));
#152070=VECTOR('',#152060,1.);
#152080=LINE('',#152050,#152070);
#152090=EDGE_CURVE('',#148680,#151660,#152080,.T.);
#152100=ORIENTED_EDGE('',*,*,#152090,.T.);
#152110=EDGE_LOOP('',(#152100,#152040,#152030,#152020));
#152120=FACE_OUTER_BOUND('',#152110,.T.);
#152130=ADVANCED_FACE('',(#152120),#152010,.T.);
#152140=CARTESIAN_POINT('',(-1.36478915595127,-3.79105222487757,7.8675))
;
#152150=DIRECTION('',(0.,0.,1.));
#152160=DIRECTION('',(0.,1.,0.));
#152170=AXIS2_PLACEMENT_3D('',#152140,#152150,#152160);
#152180=CYLINDRICAL_SURFACE('',#152170,0.1);
#152190=ORIENTED_EDGE('',*,*,#148780,.F.);
#152200=ORIENTED_EDGE('',*,*,#152090,.F.);
#152210=ORIENTED_EDGE('',*,*,#151670,.T.);
#152220=CARTESIAN_POINT('',(-1.36478915595127,-3.69105222487757,7.8675))
;
#152230=DIRECTION('',(0.,0.,1.));
#152240=VECTOR('',#152230,1.);
#152250=LINE('',#152220,#152240);
#152260=EDGE_CURVE('',#148770,#151570,#152250,.T.);
#152270=ORIENTED_EDGE('',*,*,#152260,.T.);
#152280=EDGE_LOOP('',(#152270,#152210,#152200,#152190));
#152290=FACE_OUTER_BOUND('',#152280,.T.);
#152300=ADVANCED_FACE('',(#152290),#152180,.F.);
#152310=CARTESIAN_POINT('',(-0.0647891559512659,-3.69105222487757,7.8675
));
#152320=DIRECTION('',(0.,-1.,0.));
#152330=DIRECTION('',(-1.,0.,0.));
#152340=AXIS2_PLACEMENT_3D('',#152310,#152320,#152330);
#152350=PLANE('',#152340);
#152360=ORIENTED_EDGE('',*,*,#148860,.F.);
#152370=ORIENTED_EDGE('',*,*,#152260,.F.);
#152380=ORIENTED_EDGE('',*,*,#151580,.T.);
#152390=CARTESIAN_POINT('',(-0.0647891559512659,-3.69105222487757,8.0475
));
#152400=DIRECTION('',(0.,0.,1.));
#152410=VECTOR('',#152400,1.);
#152420=LINE('',#152390,#152410);
#152430=EDGE_CURVE('',#148850,#151490,#152420,.T.);
#152440=ORIENTED_EDGE('',*,*,#152430,.T.);
#152450=EDGE_LOOP('',(#152440,#152380,#152370,#152360));
#152460=FACE_OUTER_BOUND('',#152450,.T.);
#152470=ADVANCED_FACE('',(#152460),#152350,.T.);
#152480=CARTESIAN_POINT('',(-0.0647891559512659,-3.34105222487757,7.8675
));
#152490=DIRECTION('',(1.,0.,0.));
#152500=DIRECTION('',(0.,-1.,0.));
#152510=AXIS2_PLACEMENT_3D('',#152480,#152490,#152500);
#152520=PLANE('',#152510);
#152530=ORIENTED_EDGE('',*,*,#148920,.F.);
#152540=ORIENTED_EDGE('',*,*,#152430,.F.);
#152550=ORIENTED_EDGE('',*,*,#151500,.T.);
#152560=ORIENTED_EDGE('',*,*,#106200,.F.);
#152570=EDGE_LOOP('',(#152560,#152550,#152540,#152530));
#152580=FACE_OUTER_BOUND('',#152570,.T.);
#152590=ADVANCED_FACE('',(#152580),#152520,.T.);
#152600=CARTESIAN_POINT('',(-0.264789155951266,-3.59105222487757,7.86));
#152610=DIRECTION('',(1.,0.,0.));
#152620=DIRECTION('',(0.,1.,0.));
#152630=AXIS2_PLACEMENT_3D('',#152600,#152610,#152620);
#152640=PLANE('',#152630);
#152650=ORIENTED_EDGE('',*,*,#147620,.T.);
#152660=ORIENTED_EDGE('',*,*,#106080,.T.);
#152670=CARTESIAN_POINT('',(-0.264789155951266,1.00894777512243,7.5575))
;
#152680=DIRECTION('',(0.,1.,0.));
#152690=VECTOR('',#152680,1.);
#152700=LINE('',#152670,#152690);
#152710=EDGE_CURVE('',#88210,#105990,#152700,.T.);
#152720=ORIENTED_EDGE('',*,*,#152710,.T.);
#152730=ORIENTED_EDGE('',*,*,#88440,.F.);
#152740=CARTESIAN_POINT('',(-0.264789155951266,-3.59105222487757,7.86));
#152750=DIRECTION('',(0.,0.,-1.));
#152760=VECTOR('',#152750,1.);
#152770=LINE('',#152740,#152760);
#152780=EDGE_CURVE('',#87810,#88370,#152770,.T.);
#152790=ORIENTED_EDGE('',*,*,#152780,.T.);
#152800=ORIENTED_EDGE('',*,*,#87820,.T.);
#152810=EDGE_LOOP('',(#152800,#152790,#152730,#152720,#152660,#152650));
#152820=FACE_OUTER_BOUND('',#152810,.T.);
#152830=ADVANCED_FACE('',(#152820),#152640,.T.);
#152840=CARTESIAN_POINT('',(-1.71478915595127,-3.34105222487757,7.86));
#152850=DIRECTION('',(-1.,0.,0.));
#152860=DIRECTION('',(0.,-1.,0.));
#152870=AXIS2_PLACEMENT_3D('',#152840,#152850,#152860);
#152880=PLANE('',#152870);
#152890=ORIENTED_EDGE('',*,*,#147690,.T.);
#152900=ORIENTED_EDGE('',*,*,#87980,.T.);
#152910=CARTESIAN_POINT('',(-1.71478915595127,-3.59105222487757,7.86));
#152920=DIRECTION('',(0.,0.,-1.));
#152930=VECTOR('',#152920,1.);
#152940=LINE('',#152910,#152930);
#152950=EDGE_CURVE('',#87890,#88290,#152940,.T.);
#152960=ORIENTED_EDGE('',*,*,#152950,.F.);
#152970=ORIENTED_EDGE('',*,*,#88300,.F.);
#152980=CARTESIAN_POINT('',(-1.71478915595127,1.00894777512243,7.5575));
#152990=DIRECTION('',(0.,-1.,0.));
#153000=VECTOR('',#152990,1.);
#153010=LINE('',#152980,#153000);
#153020=EDGE_CURVE('',#87340,#88190,#153010,.T.);
#153030=ORIENTED_EDGE('',*,*,#153020,.T.);
#153040=ORIENTED_EDGE('',*,*,#87350,.T.);
#153050=EDGE_LOOP('',(#153040,#153030,#152970,#152960,#152900,#152890));
#153060=FACE_OUTER_BOUND('',#153050,.T.);
#153070=ADVANCED_FACE('',(#153060),#152880,.T.);
#153080=CARTESIAN_POINT('',(-1.71478915595127,-3.59105222487757,7.86));
#153090=DIRECTION('',(0.,-1.,0.));
#153100=DIRECTION('',(1.,0.,0.));
#153110=AXIS2_PLACEMENT_3D('',#153080,#153090,#153100);
#153120=PLANE('',#153110);
#153130=ORIENTED_EDGE('',*,*,#152780,.F.);
#153140=ORIENTED_EDGE('',*,*,#88380,.F.);
#153150=ORIENTED_EDGE('',*,*,#152950,.T.);
#153160=ORIENTED_EDGE('',*,*,#87900,.T.);
#153170=EDGE_LOOP('',(#153160,#153150,#153140,#153130));
#153180=FACE_OUTER_BOUND('',#153170,.T.);
#153190=ADVANCED_FACE('',(#153180),#153120,.T.);
#153200=CARTESIAN_POINT('',(-1.91478915595127,-3.59105222487757,7.8675))
;
#153210=DIRECTION('',(-1.,0.,0.));
#153220=DIRECTION('',(0.,1.,0.));
#153230=AXIS2_PLACEMENT_3D('',#153200,#153210,#153220);
#153240=PLANE('',#153230);
#153250=ORIENTED_EDGE('',*,*,#87190,.F.);
#153260=ORIENTED_EDGE('',*,*,#151900,.T.);
#153270=ORIENTED_EDGE('',*,*,#147330,.T.);
#153280=ORIENTED_EDGE('',*,*,#147760,.F.);
#153290=EDGE_LOOP('',(#153280,#153270,#153260,#153250));
#153300=FACE_OUTER_BOUND('',#153290,.T.);
#153310=ADVANCED_FACE('',(#153300),#153240,.T.);
#153320=CARTESIAN_POINT('',(-1.91478915595127,-3.59105222487757,8.3675))
;
#153330=DIRECTION('',(-1.,0.,0.));
#153340=DIRECTION('',(0.,1.,0.));
#153350=AXIS2_PLACEMENT_3D('',#153320,#153330,#153340);
#153360=PLANE('',#153350);
#153370=ORIENTED_EDGE('',*,*,#86870,.F.);
#153380=ORIENTED_EDGE('',*,*,#145120,.T.);
#153390=ORIENTED_EDGE('',*,*,#140400,.T.);
#153400=ORIENTED_EDGE('',*,*,#140850,.F.);
#153410=EDGE_LOOP('',(#153400,#153390,#153380,#153370));
#153420=FACE_OUTER_BOUND('',#153410,.T.);
#153430=ADVANCED_FACE('',(#153420),#153360,.T.);
#153440=CARTESIAN_POINT('',(-1.91478915595127,-3.59105222487757,8.8675))
;
#153450=DIRECTION('',(-1.,0.,0.));
#153460=DIRECTION('',(0.,1.,0.));
#153470=AXIS2_PLACEMENT_3D('',#153440,#153450,#153460);
#153480=PLANE('',#153470);
#153490=ORIENTED_EDGE('',*,*,#86550,.F.);
#153500=ORIENTED_EDGE('',*,*,#139500,.T.);
#153510=ORIENTED_EDGE('',*,*,#134970,.T.);
#153520=ORIENTED_EDGE('',*,*,#135300,.F.);
#153530=EDGE_LOOP('',(#153520,#153510,#153500,#153490));
#153540=FACE_OUTER_BOUND('',#153530,.T.);
#153550=ADVANCED_FACE('',(#153540),#153480,.T.);
#153560=CARTESIAN_POINT('',(-1.91478915595127,-3.59105222487757,9.3675))
;
#153570=DIRECTION('',(-1.,0.,0.));
#153580=DIRECTION('',(0.,1.,0.));
#153590=AXIS2_PLACEMENT_3D('',#153560,#153570,#153580);
#153600=PLANE('',#153590);
#153610=ORIENTED_EDGE('',*,*,#86230,.F.);
#153620=ORIENTED_EDGE('',*,*,#134080,.T.);
#153630=ORIENTED_EDGE('',*,*,#129590,.T.);
#153640=ORIENTED_EDGE('',*,*,#129890,.F.);
#153650=EDGE_LOOP('',(#153640,#153630,#153620,#153610));
#153660=FACE_OUTER_BOUND('',#153650,.T.);
#153670=ADVANCED_FACE('',(#153660),#153600,.T.);
#153680=CARTESIAN_POINT('',(-0.989789155951266,-3.49105222487758,
10.10625));
#153690=DIRECTION('',(0.,-0.456090790910398,-0.889933250556876));
#153700=DIRECTION('',(0.,-0.889933250556876,0.456090790910398));
#153710=AXIS2_PLACEMENT_3D('',#153680,#153690,#153700);
#153720=PLANE('',#153710);
#153730=ORIENTED_EDGE('',*,*,#82500,.T.);
#153740=CARTESIAN_POINT('',(-1.71478915595127,1.00894777512243,7.8));
#153750=DIRECTION('',(0.,0.889933250556876,-0.456090790910398));
#153760=VECTOR('',#153750,1.);
#153770=LINE('',#153740,#153760);
#153780=CARTESIAN_POINT('',(-1.71478915595127,-3.59105222487757,10.1575)
);
#153790=VERTEX_POINT('',#153780);
#153800=EDGE_CURVE('',#153790,#82470,#153770,.T.);
#153810=ORIENTED_EDGE('',*,*,#153800,.T.);
#153820=CARTESIAN_POINT('',(-2.01478915595127,-3.59105222487757,10.1575)
);
#153830=DIRECTION('',(-1.,0.,0.));
#153840=VECTOR('',#153830,1.);
#153850=LINE('',#153820,#153840);
#153860=EDGE_CURVE('',#94240,#153790,#153850,.T.);
#153870=ORIENTED_EDGE('',*,*,#153860,.T.);
#153880=ORIENTED_EDGE('',*,*,#94250,.T.);
#153890=EDGE_LOOP('',(#153880,#153870,#153810,#153730));
#153900=FACE_OUTER_BOUND('',#153890,.T.);
#153910=ADVANCED_FACE('',(#153900),#153720,.T.);
#153920=CARTESIAN_POINT('',(-1.71478915595127,-3.34105222487757,10.055))
;
#153930=DIRECTION('',(1.,0.,0.));
#153940=DIRECTION('',(0.,-1.,0.));
#153950=AXIS2_PLACEMENT_3D('',#153920,#153930,#153940);
#153960=PLANE('',#153950);
#153970=ORIENTED_EDGE('',*,*,#121130,.F.);
#153980=ORIENTED_EDGE('',*,*,#82320,.T.);
#153990=CARTESIAN_POINT('',(-1.71478915595127,-3.59105222487757,10.055))
;
#154000=DIRECTION('',(0.,0.,1.));
#154010=VECTOR('',#154000,1.);
#154020=LINE('',#153990,#154010);
#154030=EDGE_CURVE('',#153790,#82250,#154020,.T.);
#154040=ORIENTED_EDGE('',*,*,#154030,.T.);
#154050=ORIENTED_EDGE('',*,*,#153800,.F.);
#154060=ORIENTED_EDGE('',*,*,#84090,.F.);
#154070=ORIENTED_EDGE('',*,*,#85820,.F.);
#154080=EDGE_LOOP('',(#154070,#154060,#154050,#154040,#153980,#153970));
#154090=FACE_OUTER_BOUND('',#154080,.T.);
#154100=ADVANCED_FACE('',(#154090),#153960,.F.);
#154110=CARTESIAN_POINT('',(-1.71478915595127,-3.59105222487757,10.055))
;
#154120=DIRECTION('',(0.,1.,0.));
#154130=DIRECTION('',(1.,0.,0.));
#154140=AXIS2_PLACEMENT_3D('',#154110,#154120,#154130);
#154150=PLANE('',#154140);
#154160=ORIENTED_EDGE('',*,*,#153860,.F.);
#154170=ORIENTED_EDGE('',*,*,#154030,.F.);
#154180=ORIENTED_EDGE('',*,*,#82260,.T.);
#154190=ORIENTED_EDGE('',*,*,#94310,.T.);
#154200=EDGE_LOOP('',(#154190,#154180,#154170,#154160));
#154210=FACE_OUTER_BOUND('',#154200,.T.);
#154220=ADVANCED_FACE('',(#154210),#154150,.F.);
#154230=CARTESIAN_POINT('',(-1.91478915595127,-3.59105222487757,10.3675)
);
#154240=DIRECTION('',(-1.,0.,0.));
#154250=DIRECTION('',(0.,1.,0.));
#154260=AXIS2_PLACEMENT_3D('',#154230,#154240,#154250);
#154270=PLANE('',#154260);
#154280=ORIENTED_EDGE('',*,*,#85680,.F.);
#154290=ORIENTED_EDGE('',*,*,#125420,.T.);
#154300=ORIENTED_EDGE('',*,*,#120840,.T.);
#154310=ORIENTED_EDGE('',*,*,#121200,.F.);
#154320=EDGE_LOOP('',(#154310,#154300,#154290,#154280));
#154330=FACE_OUTER_BOUND('',#154320,.T.);
#154340=ADVANCED_FACE('',(#154330),#154270,.T.);
#154350=CARTESIAN_POINT('',(-1.91478915595127,-3.59105222487757,10.8675)
);
#154360=DIRECTION('',(-1.,0.,0.));
#154370=DIRECTION('',(0.,1.,0.));
#154380=AXIS2_PLACEMENT_3D('',#154350,#154360,#154370);
#154390=PLANE('',#154380);
#154400=ORIENTED_EDGE('',*,*,#85360,.F.);
#154410=ORIENTED_EDGE('',*,*,#119930,.T.);
#154420=ORIENTED_EDGE('',*,*,#115410,.T.);
#154430=ORIENTED_EDGE('',*,*,#115740,.F.);
#154440=EDGE_LOOP('',(#154430,#154420,#154410,#154400));
#154450=FACE_OUTER_BOUND('',#154440,.T.);
#154460=ADVANCED_FACE('',(#154450),#154390,.T.);
#154470=CARTESIAN_POINT('',(-0.989789155951266,-3.49105222487758,
11.60625));
#154480=DIRECTION('',(0.,-0.456090790910398,-0.889933250556876));
#154490=DIRECTION('',(0.,-0.889933250556876,0.456090790910398));
#154500=AXIS2_PLACEMENT_3D('',#154470,#154480,#154490);
#154510=PLANE('',#154500);
#154520=ORIENTED_EDGE('',*,*,#81860,.T.);
#154530=CARTESIAN_POINT('',(-1.71478915595127,1.00894777512243,9.3));
#154540=DIRECTION('',(0.,0.889933250556876,-0.456090790910398));
#154550=VECTOR('',#154540,1.);
#154560=LINE('',#154530,#154550);
#154570=CARTESIAN_POINT('',(-1.71478915595127,-3.59105222487757,11.6575)
);
#154580=VERTEX_POINT('',#154570);
#154590=EDGE_CURVE('',#154580,#81770,#154560,.T.);
#154600=ORIENTED_EDGE('',*,*,#154590,.T.);
#154610=CARTESIAN_POINT('',(-2.01478915595127,-3.59105222487757,11.6575)
);
#154620=DIRECTION('',(-1.,0.,0.));
#154630=VECTOR('',#154620,1.);
#154640=LINE('',#154610,#154630);
#154650=CARTESIAN_POINT('',(-0.264789155951266,-3.59105222487757,11.6575
));
#154660=VERTEX_POINT('',#154650);
#154670=EDGE_CURVE('',#154660,#154580,#154640,.T.);
#154680=ORIENTED_EDGE('',*,*,#154670,.T.);
#154690=CARTESIAN_POINT('',(-0.264789155951266,1.00894777512243,9.3));
#154700=DIRECTION('',(0.,-0.889933250556876,0.456090790910398));
#154710=VECTOR('',#154700,1.);
#154720=LINE('',#154690,#154710);
#154730=EDGE_CURVE('',#81850,#154660,#154720,.T.);
#154740=ORIENTED_EDGE('',*,*,#154730,.T.);
#154750=EDGE_LOOP('',(#154740,#154680,#154600,#154520));
#154760=FACE_OUTER_BOUND('',#154750,.T.);
#154770=ADVANCED_FACE('',(#154760),#154510,.T.);
#154780=CARTESIAN_POINT('',(-0.264789155951266,-3.59105222487757,11.555)
);
#154790=DIRECTION('',(-1.,0.,0.));
#154800=DIRECTION('',(0.,1.,0.));
#154810=AXIS2_PLACEMENT_3D('',#154780,#154790,#154800);
#154820=PLANE('',#154810);
#154830=ORIENTED_EDGE('',*,*,#81920,.F.);
#154840=ORIENTED_EDGE('',*,*,#154730,.F.);
#154850=CARTESIAN_POINT('',(-0.264789155951266,-3.59105222487757,11.555)
);
#154860=DIRECTION('',(0.,0.,1.));
#154870=VECTOR('',#154860,1.);
#154880=LINE('',#154850,#154870);
#154890=CARTESIAN_POINT('',(-0.264789155951266,-3.59105222487757,11.7575
));
#154900=VERTEX_POINT('',#154890);
#154910=EDGE_CURVE('',#154660,#154900,#154880,.T.);
#154920=ORIENTED_EDGE('',*,*,#154910,.F.);
#154930=CARTESIAN_POINT('',(-0.264789155951266,1.00894777512243,14.115))
;
#154940=DIRECTION('',(0.,-0.889933250556876,-0.456090790910398));
#154950=VECTOR('',#154940,1.);
#154960=LINE('',#154930,#154950);
#154970=EDGE_CURVE('',#108230,#154900,#154960,.T.);
#154980=ORIENTED_EDGE('',*,*,#154970,.T.);
#154990=ORIENTED_EDGE('',*,*,#109550,.F.);
#155000=ORIENTED_EDGE('',*,*,#107320,.F.);
#155010=EDGE_LOOP('',(#155000,#154990,#154980,#154920,#154840,#154830));
#155020=FACE_OUTER_BOUND('',#155010,.T.);
#155030=ADVANCED_FACE('',(#155020),#154820,.F.);
#155040=CARTESIAN_POINT('',(-1.71478915595127,-3.59105222487757,11.555))
;
#155050=DIRECTION('',(0.,1.,0.));
#155060=DIRECTION('',(1.,0.,0.));
#155070=AXIS2_PLACEMENT_3D('',#155040,#155050,#155060);
#155080=PLANE('',#155070);
#155090=ORIENTED_EDGE('',*,*,#154670,.F.);
#155100=CARTESIAN_POINT('',(-1.71478915595127,-3.59105222487757,11.555))
;
#155110=DIRECTION('',(0.,0.,1.));
#155120=VECTOR('',#155110,1.);
#155130=LINE('',#155100,#155120);
#155140=CARTESIAN_POINT('',(-1.71478915595127,-3.59105222487757,11.7575)
);
#155150=VERTEX_POINT('',#155140);
#155160=EDGE_CURVE('',#154580,#155150,#155130,.T.);
#155170=ORIENTED_EDGE('',*,*,#155160,.F.);
#155180=CARTESIAN_POINT('',(-2.01478915595127,-3.59105222487757,11.7575)
);
#155190=DIRECTION('',(-1.,0.,0.));
#155200=VECTOR('',#155190,1.);
#155210=LINE('',#155180,#155200);
#155220=EDGE_CURVE('',#154900,#155150,#155210,.T.);
#155230=ORIENTED_EDGE('',*,*,#155220,.T.);
#155240=ORIENTED_EDGE('',*,*,#154910,.T.);
#155250=EDGE_LOOP('',(#155240,#155230,#155170,#155090));
#155260=FACE_OUTER_BOUND('',#155250,.T.);
#155270=ADVANCED_FACE('',(#155260),#155080,.F.);
#155280=CARTESIAN_POINT('',(-1.71478915595127,-3.34105222487757,11.555))
;
#155290=DIRECTION('',(1.,0.,0.));
#155300=DIRECTION('',(0.,-1.,0.));
#155310=AXIS2_PLACEMENT_3D('',#155280,#155290,#155300);
#155320=PLANE('',#155310);
#155330=ORIENTED_EDGE('',*,*,#108300,.F.);
#155340=CARTESIAN_POINT('',(-1.71478915595127,1.00894777512243,14.115));
#155350=DIRECTION('',(0.,0.889933250556876,0.456090790910398));
#155360=VECTOR('',#155350,1.);
#155370=LINE('',#155340,#155360);
#155380=EDGE_CURVE('',#155150,#108210,#155370,.T.);
#155390=ORIENTED_EDGE('',*,*,#155380,.T.);
#155400=ORIENTED_EDGE('',*,*,#155160,.T.);
#155410=ORIENTED_EDGE('',*,*,#154590,.F.);
#155420=ORIENTED_EDGE('',*,*,#81780,.F.);
#155430=ORIENTED_EDGE('',*,*,#84950,.F.);
#155440=EDGE_LOOP('',(#155430,#155420,#155410,#155400,#155390,#155330));
#155450=FACE_OUTER_BOUND('',#155440,.T.);
#155460=ADVANCED_FACE('',(#155450),#155320,.F.);
#155470=CARTESIAN_POINT('',(-0.989789155951266,-3.49105222487758,
11.80875));
#155480=DIRECTION('',(0.,0.456090790910398,-0.889933250556876));
#155490=DIRECTION('',(0.,-0.889933250556876,-0.456090790910398));
#155500=AXIS2_PLACEMENT_3D('',#155470,#155480,#155490);
#155510=PLANE('',#155500);
#155520=ORIENTED_EDGE('',*,*,#108240,.F.);
#155530=ORIENTED_EDGE('',*,*,#154970,.F.);
#155540=ORIENTED_EDGE('',*,*,#155220,.F.);
#155550=ORIENTED_EDGE('',*,*,#155380,.F.);
#155560=EDGE_LOOP('',(#155550,#155540,#155530,#155520));
#155570=FACE_OUTER_BOUND('',#155560,.T.);
#155580=ADVANCED_FACE('',(#155570),#155510,.F.);
#155590=CARTESIAN_POINT('',(-0.989789155951266,-3.49105222487758,
12.10625));
#155600=DIRECTION('',(0.,-0.456090790910398,-0.889933250556876));
#155610=DIRECTION('',(0.,-0.889933250556876,0.456090790910398));
#155620=AXIS2_PLACEMENT_3D('',#155590,#155600,#155610);
#155630=PLANE('',#155620);
#155640=ORIENTED_EDGE('',*,*,#78610,.T.);
#155650=CARTESIAN_POINT('',(-1.71478915595127,1.00894777512243,9.8));
#155660=DIRECTION('',(0.,0.889933250556876,-0.456090790910398));
#155670=VECTOR('',#155660,1.);
#155680=LINE('',#155650,#155670);
#155690=CARTESIAN_POINT('',(-1.71478915595127,-3.59105222487757,12.1575)
);
#155700=VERTEX_POINT('',#155690);
#155710=EDGE_CURVE('',#155700,#78580,#155680,.T.);
#155720=ORIENTED_EDGE('',*,*,#155710,.T.);
#155730=CARTESIAN_POINT('',(-2.01478915595127,-3.59105222487757,12.1575)
);
#155740=DIRECTION('',(-1.,0.,0.));
#155750=VECTOR('',#155740,1.);
#155760=LINE('',#155730,#155750);
#155770=EDGE_CURVE('',#98670,#155700,#155760,.T.);
#155780=ORIENTED_EDGE('',*,*,#155770,.T.);
#155790=ORIENTED_EDGE('',*,*,#98680,.T.);
#155800=EDGE_LOOP('',(#155790,#155780,#155720,#155640));
#155810=FACE_OUTER_BOUND('',#155800,.T.);
#155820=ADVANCED_FACE('',(#155810),#155630,.T.);
#155830=CARTESIAN_POINT('',(-1.71478915595127,-3.34105222487757,12.055))
;
#155840=DIRECTION('',(1.,0.,0.));
#155850=DIRECTION('',(0.,-1.,0.));
#155860=AXIS2_PLACEMENT_3D('',#155830,#155840,#155850);
#155870=PLANE('',#155860);
#155880=CARTESIAN_POINT('',(-1.71478915595127,1.00894777512243,12.3575))
;
#155890=DIRECTION('',(0.,-1.,0.));
#155900=VECTOR('',#155890,1.);
#155910=LINE('',#155880,#155900);
#155920=EDGE_CURVE('',#84650,#78230,#155910,.T.);
#155930=ORIENTED_EDGE('',*,*,#155920,.F.);
#155940=ORIENTED_EDGE('',*,*,#78480,.T.);
#155950=CARTESIAN_POINT('',(-1.71478915595127,-3.59105222487757,12.055))
;
#155960=DIRECTION('',(0.,0.,1.));
#155970=VECTOR('',#155960,1.);
#155980=LINE('',#155950,#155970);
#155990=EDGE_CURVE('',#155700,#78410,#155980,.T.);
#156000=ORIENTED_EDGE('',*,*,#155990,.T.);
#156010=ORIENTED_EDGE('',*,*,#155710,.F.);
#156020=ORIENTED_EDGE('',*,*,#80200,.F.);
#156030=ORIENTED_EDGE('',*,*,#84720,.F.);
#156040=EDGE_LOOP('',(#156030,#156020,#156010,#156000,#155940,#155930));
#156050=FACE_OUTER_BOUND('',#156040,.T.);
#156060=ADVANCED_FACE('',(#156050),#155870,.F.);
#156070=CARTESIAN_POINT('',(-1.71478915595127,-3.59105222487757,12.055))
;
#156080=DIRECTION('',(0.,1.,0.));
#156090=DIRECTION('',(1.,0.,0.));
#156100=AXIS2_PLACEMENT_3D('',#156070,#156080,#156090);
#156110=PLANE('',#156100);
#156120=ORIENTED_EDGE('',*,*,#155770,.F.);
#156130=ORIENTED_EDGE('',*,*,#155990,.F.);
#156140=ORIENTED_EDGE('',*,*,#78420,.T.);
#156150=ORIENTED_EDGE('',*,*,#98740,.T.);
#156160=EDGE_LOOP('',(#156150,#156140,#156130,#156120));
#156170=FACE_OUTER_BOUND('',#156160,.T.);
#156180=ADVANCED_FACE('',(#156170),#156110,.F.);
#156190=CARTESIAN_POINT('',(-1.45941818394728,-1.06738394494655,12.3575)
);
#156200=DIRECTION('',(0.,0.,-1.));
#156210=DIRECTION('',(-1.,0.,0.));
#156220=AXIS2_PLACEMENT_3D('',#156190,#156200,#156210);
#156230=PLANE('',#156220);
#156240=ORIENTED_EDGE('',*,*,#155920,.T.);
#156250=ORIENTED_EDGE('',*,*,#84660,.F.);
#156260=CARTESIAN_POINT('',(-1.91478915595127,-0.709445224877575,12.3575
));
#156270=DIRECTION('',(0.,1.,0.));
#156280=VECTOR('',#156270,1.);
#156290=LINE('',#156260,#156280);
#156300=CARTESIAN_POINT('',(-1.91478915595127,-3.59105222487757,12.3575)
);
#156310=VERTEX_POINT('',#156300);
#156320=EDGE_CURVE('',#156310,#84570,#156290,.T.);
#156330=ORIENTED_EDGE('',*,*,#156320,.T.);
#156340=CARTESIAN_POINT('',(-1.89122415595127,-3.59105222487757,12.3575)
);
#156350=DIRECTION('',(-1.,0.,0.));
#156360=VECTOR('',#156350,1.);
#156370=LINE('',#156340,#156360);
#156380=CARTESIAN_POINT('',(-1.76478915595127,-3.59105222487757,12.3575)
);
#156390=VERTEX_POINT('',#156380);
#156400=EDGE_CURVE('',#156390,#156310,#156370,.T.);
#156410=ORIENTED_EDGE('',*,*,#156400,.T.);
#156420=CARTESIAN_POINT('',(-1.76478915595127,-0.709445224877575,12.3575
));
#156430=DIRECTION('',(0.,1.,0.));
#156440=VECTOR('',#156430,1.);
#156450=LINE('',#156420,#156440);
#156460=CARTESIAN_POINT('',(-1.76478915595127,-3.79105222487757,12.3575)
);
#156470=VERTEX_POINT('',#156460);
#156480=EDGE_CURVE('',#156470,#156390,#156450,.T.);
#156490=ORIENTED_EDGE('',*,*,#156480,.T.);
#156500=CARTESIAN_POINT('',(-1.89122415595127,-3.84812703587276,12.3575)
);
#156510=DIRECTION('',(0.911437827766148,0.411437827766147,0.));
#156520=VECTOR('',#156510,1.);
#156530=LINE('',#156500,#156520);
#156540=CARTESIAN_POINT('',(-2.00593293872788,-3.89990844210096,12.3575)
);
#156550=VERTEX_POINT('',#156540);
#156560=EDGE_CURVE('',#156550,#156470,#156530,.T.);
#156570=ORIENTED_EDGE('',*,*,#156560,.T.);
#156580=CARTESIAN_POINT('',(-1.96478915595127,-3.99105222487758,12.3575)
);
#156590=DIRECTION('',(0.,0.,1.));
#156600=DIRECTION('',(0.,1.,0.));
#156610=AXIS2_PLACEMENT_3D('',#156580,#156590,#156600);
#156620=CIRCLE('',#156610,0.1);
#156630=CARTESIAN_POINT('',(-2.06478915595127,-3.99105222487758,12.3575)
);
#156640=VERTEX_POINT('',#156630);
#156650=EDGE_CURVE('',#156550,#156640,#156620,.T.);
#156660=ORIENTED_EDGE('',*,*,#156650,.F.);
#156670=CARTESIAN_POINT('',(-2.06478915595127,-0.709445224877575,12.3575
));
#156680=DIRECTION('',(0.,1.,0.));
#156690=VECTOR('',#156680,1.);
#156700=LINE('',#156670,#156690);
#156710=CARTESIAN_POINT('',(-2.06478915595127,-4.29105222487757,12.3575)
);
#156720=VERTEX_POINT('',#156710);
#156730=EDGE_CURVE('',#156720,#156640,#156700,.T.);
#156740=ORIENTED_EDGE('',*,*,#156730,.T.);
#156750=CARTESIAN_POINT('',(-1.96478915595127,-4.29105222487757,12.3575)
);
#156760=DIRECTION('',(0.,0.,1.));
#156770=DIRECTION('',(0.,1.,0.));
#156780=AXIS2_PLACEMENT_3D('',#156750,#156760,#156770);
#156790=CIRCLE('',#156780,0.1);
#156800=CARTESIAN_POINT('',(-1.96478915595127,-4.39105222487757,12.3575)
);
#156810=VERTEX_POINT('',#156800);
#156820=EDGE_CURVE('',#156720,#156810,#156790,.T.);
#156830=ORIENTED_EDGE('',*,*,#156820,.F.);
#156840=CARTESIAN_POINT('',(-1.89122415595127,-4.39105222487757,12.3575)
);
#156850=DIRECTION('',(-1.,0.,0.));
#156860=VECTOR('',#156850,1.);
#156870=LINE('',#156840,#156860);
#156880=CARTESIAN_POINT('',(-1.69478915595127,-4.39105222487757,12.3575)
);
#156890=VERTEX_POINT('',#156880);
#156900=EDGE_CURVE('',#156890,#156810,#156870,.T.);
#156910=ORIENTED_EDGE('',*,*,#156900,.T.);
#156920=CARTESIAN_POINT('',(-1.69478915595127,-0.709445224877575,12.3575
));
#156930=DIRECTION('',(0.,-1.,0.));
#156940=VECTOR('',#156930,1.);
#156950=LINE('',#156920,#156940);
#156960=CARTESIAN_POINT('',(-1.69478915595127,-4.19105222487757,12.3575)
);
#156970=VERTEX_POINT('',#156960);
#156980=EDGE_CURVE('',#156970,#156890,#156950,.T.);
#156990=ORIENTED_EDGE('',*,*,#156980,.T.);
#157000=CARTESIAN_POINT('',(-1.59478915595127,-4.19105222487757,12.3575)
);
#157010=DIRECTION('',(0.,0.,1.));
#157020=DIRECTION('',(0.,1.,0.));
#157030=AXIS2_PLACEMENT_3D('',#157000,#157010,#157020);
#157040=CIRCLE('',#157030,0.1);
#157050=CARTESIAN_POINT('',(-1.59478915595127,-4.09105222487757,12.3575)
);
#157060=VERTEX_POINT('',#157050);
#157070=EDGE_CURVE('',#157060,#156970,#157040,.T.);
#157080=ORIENTED_EDGE('',*,*,#157070,.T.);
#157090=CARTESIAN_POINT('',(-1.89122415595127,-4.09105222487757,12.3575)
);
#157100=DIRECTION('',(-1.,0.,0.));
#157110=VECTOR('',#157100,1.);
#157120=LINE('',#157090,#157110);
#157130=CARTESIAN_POINT('',(-1.56478915595127,-4.09105222487757,12.3575)
);
#157140=VERTEX_POINT('',#157130);
#157150=EDGE_CURVE('',#157140,#157060,#157120,.T.);
#157160=ORIENTED_EDGE('',*,*,#157150,.T.);
#157170=CARTESIAN_POINT('',(-1.56478915595127,-3.99105222487758,12.3575)
);
#157180=DIRECTION('',(0.,0.,1.));
#157190=DIRECTION('',(0.,1.,0.));
#157200=AXIS2_PLACEMENT_3D('',#157170,#157180,#157190);
#157210=CIRCLE('',#157200,0.1);
#157220=CARTESIAN_POINT('',(-1.46478915595127,-3.99105222487758,12.3575)
);
#157230=VERTEX_POINT('',#157220);
#157240=EDGE_CURVE('',#157140,#157230,#157210,.T.);
#157250=ORIENTED_EDGE('',*,*,#157240,.F.);
#157260=CARTESIAN_POINT('',(-1.46478915595127,-0.709445224877575,12.3575
));
#157270=DIRECTION('',(0.,-1.,0.));
#157280=VECTOR('',#157270,1.);
#157290=LINE('',#157260,#157280);
#157300=CARTESIAN_POINT('',(-1.46478915595127,-3.79105222487757,12.3575)
);
#157310=VERTEX_POINT('',#157300);
#157320=EDGE_CURVE('',#157310,#157230,#157290,.T.);
#157330=ORIENTED_EDGE('',*,*,#157320,.T.);
#157340=CARTESIAN_POINT('',(-1.36478915595127,-3.79105222487757,12.3575)
);
#157350=DIRECTION('',(0.,0.,1.));
#157360=DIRECTION('',(0.,1.,0.));
#157370=AXIS2_PLACEMENT_3D('',#157340,#157350,#157360);
#157380=CIRCLE('',#157370,0.1);
#157390=CARTESIAN_POINT('',(-1.36478915595127,-3.69105222487757,12.3575)
);
#157400=VERTEX_POINT('',#157390);
#157410=EDGE_CURVE('',#157400,#157310,#157380,.T.);
#157420=ORIENTED_EDGE('',*,*,#157410,.T.);
#157430=CARTESIAN_POINT('',(-1.89122415595127,-3.69105222487757,12.3575)
);
#157440=DIRECTION('',(-1.,0.,0.));
#157450=VECTOR('',#157440,1.);
#157460=LINE('',#157430,#157450);
#157470=CARTESIAN_POINT('',(-0.0647891559512659,-3.69105222487757,
12.3575));
#157480=VERTEX_POINT('',#157470);
#157490=EDGE_CURVE('',#157480,#157400,#157460,.T.);
#157500=ORIENTED_EDGE('',*,*,#157490,.T.);
#157510=CARTESIAN_POINT('',(-0.0647891559512659,-0.709445224877575,
12.3575));
#157520=DIRECTION('',(0.,-1.,0.));
#157530=VECTOR('',#157520,1.);
#157540=LINE('',#157510,#157530);
#157550=EDGE_CURVE('',#107470,#157480,#157540,.T.);
#157560=ORIENTED_EDGE('',*,*,#157550,.T.);
#157570=ORIENTED_EDGE('',*,*,#107480,.F.);
#157580=ORIENTED_EDGE('',*,*,#98830,.T.);
#157590=ORIENTED_EDGE('',*,*,#78260,.T.);
#157600=EDGE_LOOP('',(#157590,#157580,#157570,#157560,#157500,#157420,
#157330,#157250,#157160,#157080,#156990,#156910,#156830,#156740,#156660,
#156570,#156490,#156410,#156330,#156250,#156240));
#157610=FACE_OUTER_BOUND('',#157600,.T.);
#157620=ADVANCED_FACE('',(#157610),#156230,.T.);
#157630=CARTESIAN_POINT('',(-1.91478915595127,-3.59105222487757,12.3675)
);
#157640=DIRECTION('',(-1.,0.,0.));
#157650=DIRECTION('',(0.,1.,0.));
#157660=AXIS2_PLACEMENT_3D('',#157630,#157640,#157650);
#157670=PLANE('',#157660);
#157680=ORIENTED_EDGE('',*,*,#84580,.F.);
#157690=ORIENTED_EDGE('',*,*,#77600,.F.);
#157700=CARTESIAN_POINT('',(-1.91478915595127,-3.59105222487757,12.5475)
);
#157710=DIRECTION('',(0.,0.,1.));
#157720=VECTOR('',#157710,1.);
#157730=LINE('',#157700,#157720);
#157740=EDGE_CURVE('',#156310,#77510,#157730,.T.);
#157750=ORIENTED_EDGE('',*,*,#157740,.T.);
#157760=ORIENTED_EDGE('',*,*,#156320,.F.);
#157770=EDGE_LOOP('',(#157760,#157750,#157690,#157680));
#157780=FACE_OUTER_BOUND('',#157770,.T.);
#157790=ADVANCED_FACE('',(#157780),#157670,.T.);
#157800=CARTESIAN_POINT('',(-1.76478915595127,-3.59105222487757,12.3675)
);
#157810=DIRECTION('',(0.,-1.,0.));
#157820=DIRECTION('',(-1.,0.,0.));
#157830=AXIS2_PLACEMENT_3D('',#157800,#157810,#157820);
#157840=PLANE('',#157830);
#157850=ORIENTED_EDGE('',*,*,#156400,.F.);
#157860=ORIENTED_EDGE('',*,*,#157740,.F.);
#157870=ORIENTED_EDGE('',*,*,#77520,.F.);
#157880=CARTESIAN_POINT('',(-1.76478915595127,-3.59105222487757,12.3675)
);
#157890=DIRECTION('',(0.,0.,1.));
#157900=VECTOR('',#157890,1.);
#157910=LINE('',#157880,#157900);
#157920=EDGE_CURVE('',#156390,#77430,#157910,.T.);
#157930=ORIENTED_EDGE('',*,*,#157920,.T.);
#157940=EDGE_LOOP('',(#157930,#157870,#157860,#157850));
#157950=FACE_OUTER_BOUND('',#157940,.T.);
#157960=ADVANCED_FACE('',(#157950),#157840,.T.);
#157970=CARTESIAN_POINT('',(-1.76478915595127,-3.79105222487757,12.3675)
);
#157980=DIRECTION('',(-1.,0.,0.));
#157990=DIRECTION('',(0.,1.,0.));
#158000=AXIS2_PLACEMENT_3D('',#157970,#157980,#157990);
#158010=PLANE('',#158000);
#158020=ORIENTED_EDGE('',*,*,#156480,.F.);
#158030=ORIENTED_EDGE('',*,*,#157920,.F.);
#158040=ORIENTED_EDGE('',*,*,#77440,.F.);
#158050=CARTESIAN_POINT('',(-1.76478915595127,-3.79105222487757,12.3675)
);
#158060=DIRECTION('',(0.,0.,1.));
#158070=VECTOR('',#158060,1.);
#158080=LINE('',#158050,#158070);
#158090=EDGE_CURVE('',#156470,#77350,#158080,.T.);
#158100=ORIENTED_EDGE('',*,*,#158090,.T.);
#158110=EDGE_LOOP('',(#158100,#158040,#158030,#158020));
#158120=FACE_OUTER_BOUND('',#158110,.T.);
#158130=ADVANCED_FACE('',(#158120),#158010,.T.);
#158140=CARTESIAN_POINT('',(-2.00593293872788,-3.89990844210096,12.3675)
);
#158150=DIRECTION('',(-0.411437827766147,0.911437827766148,0.));
#158160=DIRECTION('',(0.911437827766148,0.411437827766147,0.));
#158170=AXIS2_PLACEMENT_3D('',#158140,#158150,#158160);
#158180=PLANE('',#158170);
#158190=ORIENTED_EDGE('',*,*,#156560,.F.);
#158200=ORIENTED_EDGE('',*,*,#158090,.F.);
#158210=ORIENTED_EDGE('',*,*,#77360,.F.);
#158220=CARTESIAN_POINT('',(-2.00593293872788,-3.89990844210096,12.5475)
);
#158230=DIRECTION('',(0.,0.,1.));
#158240=VECTOR('',#158230,1.);
#158250=LINE('',#158220,#158240);
#158260=EDGE_CURVE('',#156550,#77270,#158250,.T.);
#158270=ORIENTED_EDGE('',*,*,#158260,.T.);
#158280=EDGE_LOOP('',(#158270,#158210,#158200,#158190));
#158290=FACE_OUTER_BOUND('',#158280,.T.);
#158300=ADVANCED_FACE('',(#158290),#158180,.T.);
#158310=CARTESIAN_POINT('',(-1.96478915595127,-3.99105222487758,12.3675)
);
#158320=DIRECTION('',(0.,0.,1.));
#158330=DIRECTION('',(0.,1.,0.));
#158340=AXIS2_PLACEMENT_3D('',#158310,#158320,#158330);
#158350=CYLINDRICAL_SURFACE('',#158340,0.1);
#158360=ORIENTED_EDGE('',*,*,#156650,.T.);
#158370=ORIENTED_EDGE('',*,*,#158260,.F.);
#158380=ORIENTED_EDGE('',*,*,#77280,.F.);
#158390=CARTESIAN_POINT('',(-2.06478915595127,-3.99105222487758,12.3675)
);
#158400=DIRECTION('',(0.,0.,1.));
#158410=VECTOR('',#158400,1.);
#158420=LINE('',#158390,#158410);
#158430=EDGE_CURVE('',#156640,#77180,#158420,.T.);
#158440=ORIENTED_EDGE('',*,*,#158430,.T.);
#158450=EDGE_LOOP('',(#158440,#158380,#158370,#158360));
#158460=FACE_OUTER_BOUND('',#158450,.T.);
#158470=ADVANCED_FACE('',(#158460),#158350,.T.);
#158480=CARTESIAN_POINT('',(-2.06478915595127,-4.29105222487757,12.3675)
);
#158490=DIRECTION('',(-1.,0.,0.));
#158500=DIRECTION('',(0.,1.,0.));
#158510=AXIS2_PLACEMENT_3D('',#158480,#158490,#158500);
#158520=PLANE('',#158510);
#158530=ORIENTED_EDGE('',*,*,#156730,.F.);
#158540=ORIENTED_EDGE('',*,*,#158430,.F.);
#158550=ORIENTED_EDGE('',*,*,#77190,.F.);
#158560=CARTESIAN_POINT('',(-2.06478915595127,-4.29105222487757,12.3675)
);
#158570=DIRECTION('',(0.,0.,1.));
#158580=VECTOR('',#158570,1.);
#158590=LINE('',#158560,#158580);
#158600=EDGE_CURVE('',#156720,#77100,#158590,.T.);
#158610=ORIENTED_EDGE('',*,*,#158600,.T.);
#158620=EDGE_LOOP('',(#158610,#158550,#158540,#158530));
#158630=FACE_OUTER_BOUND('',#158620,.T.);
#158640=ADVANCED_FACE('',(#158630),#158520,.T.);
#158650=CARTESIAN_POINT('',(-1.96478915595127,-4.29105222487757,12.3675)
);
#158660=DIRECTION('',(0.,0.,1.));
#158670=DIRECTION('',(0.,1.,0.));
#158680=AXIS2_PLACEMENT_3D('',#158650,#158660,#158670);
#158690=CYLINDRICAL_SURFACE('',#158680,0.1);
#158700=ORIENTED_EDGE('',*,*,#156820,.T.);
#158710=ORIENTED_EDGE('',*,*,#158600,.F.);
#158720=ORIENTED_EDGE('',*,*,#77110,.F.);
#158730=CARTESIAN_POINT('',(-1.96478915595127,-4.39105222487757,12.3675)
);
#158740=DIRECTION('',(0.,0.,1.));
#158750=VECTOR('',#158740,1.);
#158760=LINE('',#158730,#158750);
#158770=EDGE_CURVE('',#156810,#77010,#158760,.T.);
#158780=ORIENTED_EDGE('',*,*,#158770,.T.);
#158790=EDGE_LOOP('',(#158780,#158720,#158710,#158700));
#158800=FACE_OUTER_BOUND('',#158790,.T.);
#158810=ADVANCED_FACE('',(#158800),#158690,.T.);
#158820=CARTESIAN_POINT('',(-1.69478915595127,-4.39105222487757,12.3675)
);
#158830=DIRECTION('',(0.,-1.,0.));
#158840=DIRECTION('',(-1.,0.,0.));
#158850=AXIS2_PLACEMENT_3D('',#158820,#158830,#158840);
#158860=PLANE('',#158850);
#158870=ORIENTED_EDGE('',*,*,#156900,.F.);
#158880=ORIENTED_EDGE('',*,*,#158770,.F.);
#158890=ORIENTED_EDGE('',*,*,#77020,.F.);
#158900=CARTESIAN_POINT('',(-1.69478915595127,-4.39105222487757,12.5475)
);
#158910=DIRECTION('',(0.,0.,1.));
#158920=VECTOR('',#158910,1.);
#158930=LINE('',#158900,#158920);
#158940=EDGE_CURVE('',#156890,#76930,#158930,.T.);
#158950=ORIENTED_EDGE('',*,*,#158940,.T.);
#158960=EDGE_LOOP('',(#158950,#158890,#158880,#158870));
#158970=FACE_OUTER_BOUND('',#158960,.T.);
#158980=ADVANCED_FACE('',(#158970),#158860,.T.);
#158990=CARTESIAN_POINT('',(-1.69478915595127,-4.19105222487757,12.3675)
);
#159000=DIRECTION('',(1.,0.,0.));
#159010=DIRECTION('',(0.,-1.,0.));
#159020=AXIS2_PLACEMENT_3D('',#158990,#159000,#159010);
#159030=PLANE('',#159020);
#159040=ORIENTED_EDGE('',*,*,#156980,.F.);
#159050=ORIENTED_EDGE('',*,*,#158940,.F.);
#159060=ORIENTED_EDGE('',*,*,#76940,.F.);
#159070=CARTESIAN_POINT('',(-1.69478915595127,-4.19105222487757,12.3675)
);
#159080=DIRECTION('',(0.,0.,1.));
#159090=VECTOR('',#159080,1.);
#159100=LINE('',#159070,#159090);
#159110=EDGE_CURVE('',#156970,#76850,#159100,.T.);
#159120=ORIENTED_EDGE('',*,*,#159110,.T.);
#159130=EDGE_LOOP('',(#159120,#159060,#159050,#159040));
#159140=FACE_OUTER_BOUND('',#159130,.T.);
#159150=ADVANCED_FACE('',(#159140),#159030,.T.);
#159160=CARTESIAN_POINT('',(-1.59478915595127,-4.19105222487757,12.3675)
);
#159170=DIRECTION('',(0.,0.,1.));
#159180=DIRECTION('',(0.,1.,0.));
#159190=AXIS2_PLACEMENT_3D('',#159160,#159170,#159180);
#159200=CYLINDRICAL_SURFACE('',#159190,0.1);
#159210=ORIENTED_EDGE('',*,*,#157070,.F.);
#159220=ORIENTED_EDGE('',*,*,#159110,.F.);
#159230=ORIENTED_EDGE('',*,*,#76860,.T.);
#159240=CARTESIAN_POINT('',(-1.59478915595127,-4.09105222487757,12.3675)
);
#159250=DIRECTION('',(0.,0.,1.));
#159260=VECTOR('',#159250,1.);
#159270=LINE('',#159240,#159260);
#159280=EDGE_CURVE('',#157060,#76760,#159270,.T.);
#159290=ORIENTED_EDGE('',*,*,#159280,.T.);
#159300=EDGE_LOOP('',(#159290,#159230,#159220,#159210));
#159310=FACE_OUTER_BOUND('',#159300,.T.);
#159320=ADVANCED_FACE('',(#159310),#159200,.F.);
#159330=CARTESIAN_POINT('',(-1.56478915595127,-4.09105222487757,12.3675)
);
#159340=DIRECTION('',(0.,-1.,0.));
#159350=DIRECTION('',(-1.,0.,0.));
#159360=AXIS2_PLACEMENT_3D('',#159330,#159340,#159350);
#159370=PLANE('',#159360);
#159380=ORIENTED_EDGE('',*,*,#157150,.F.);
#159390=ORIENTED_EDGE('',*,*,#159280,.F.);
#159400=ORIENTED_EDGE('',*,*,#76770,.F.);
#159410=CARTESIAN_POINT('',(-1.56478915595127,-4.09105222487757,12.3675)
);
#159420=DIRECTION('',(0.,0.,1.));
#159430=VECTOR('',#159420,1.);
#159440=LINE('',#159410,#159430);
#159450=EDGE_CURVE('',#157140,#76680,#159440,.T.);
#159460=ORIENTED_EDGE('',*,*,#159450,.T.);
#159470=EDGE_LOOP('',(#159460,#159400,#159390,#159380));
#159480=FACE_OUTER_BOUND('',#159470,.T.);
#159490=ADVANCED_FACE('',(#159480),#159370,.T.);
#159500=CARTESIAN_POINT('',(-1.56478915595127,-3.99105222487758,12.3675)
);
#159510=DIRECTION('',(0.,0.,1.));
#159520=DIRECTION('',(0.,1.,0.));
#159530=AXIS2_PLACEMENT_3D('',#159500,#159510,#159520);
#159540=CYLINDRICAL_SURFACE('',#159530,0.1);
#159550=ORIENTED_EDGE('',*,*,#157240,.T.);
#159560=ORIENTED_EDGE('',*,*,#159450,.F.);
#159570=ORIENTED_EDGE('',*,*,#76690,.F.);
#159580=CARTESIAN_POINT('',(-1.46478915595127,-3.99105222487758,12.5475)
);
#159590=DIRECTION('',(0.,0.,1.));
#159600=VECTOR('',#159590,1.);
#159610=LINE('',#159580,#159600);
#159620=EDGE_CURVE('',#157230,#76590,#159610,.T.);
#159630=ORIENTED_EDGE('',*,*,#159620,.T.);
#159640=EDGE_LOOP('',(#159630,#159570,#159560,#159550));
#159650=FACE_OUTER_BOUND('',#159640,.T.);
#159660=ADVANCED_FACE('',(#159650),#159540,.T.);
#159670=CARTESIAN_POINT('',(-1.46478915595127,-3.79105222487757,12.3675)
);
#159680=DIRECTION('',(1.,0.,0.));
#159690=DIRECTION('',(0.,-1.,0.));
#159700=AXIS2_PLACEMENT_3D('',#159670,#159680,#159690);
#159710=PLANE('',#159700);
#159720=ORIENTED_EDGE('',*,*,#157320,.F.);
#159730=ORIENTED_EDGE('',*,*,#159620,.F.);
#159740=ORIENTED_EDGE('',*,*,#76600,.F.);
#159750=CARTESIAN_POINT('',(-1.46478915595127,-3.79105222487757,12.5475)
);
#159760=DIRECTION('',(0.,0.,1.));
#159770=VECTOR('',#159760,1.);
#159780=LINE('',#159750,#159770);
#159790=EDGE_CURVE('',#157310,#76510,#159780,.T.);
#159800=ORIENTED_EDGE('',*,*,#159790,.T.);
#159810=EDGE_LOOP('',(#159800,#159740,#159730,#159720));
#159820=FACE_OUTER_BOUND('',#159810,.T.);
#159830=ADVANCED_FACE('',(#159820),#159710,.T.);
#159840=CARTESIAN_POINT('',(-1.36478915595127,-3.79105222487757,12.3675)
);
#159850=DIRECTION('',(0.,0.,1.));
#159860=DIRECTION('',(0.,1.,0.));
#159870=AXIS2_PLACEMENT_3D('',#159840,#159850,#159860);
#159880=CYLINDRICAL_SURFACE('',#159870,0.1);
#159890=ORIENTED_EDGE('',*,*,#157410,.F.);
#159900=ORIENTED_EDGE('',*,*,#159790,.F.);
#159910=ORIENTED_EDGE('',*,*,#76520,.T.);
#159920=CARTESIAN_POINT('',(-1.36478915595127,-3.69105222487757,12.3675)
);
#159930=DIRECTION('',(0.,0.,1.));
#159940=VECTOR('',#159930,1.);
#159950=LINE('',#159920,#159940);
#159960=EDGE_CURVE('',#157400,#76420,#159950,.T.);
#159970=ORIENTED_EDGE('',*,*,#159960,.T.);
#159980=EDGE_LOOP('',(#159970,#159910,#159900,#159890));
#159990=FACE_OUTER_BOUND('',#159980,.T.);
#160000=ADVANCED_FACE('',(#159990),#159880,.F.);
#160010=CARTESIAN_POINT('',(-0.0647891559512659,-3.34105222487757,
12.3675));
#160020=DIRECTION('',(1.,0.,0.));
#160030=DIRECTION('',(0.,-1.,0.));
#160040=AXIS2_PLACEMENT_3D('',#160010,#160020,#160030);
#160050=PLANE('',#160040);
#160060=ORIENTED_EDGE('',*,*,#157550,.F.);
#160070=CARTESIAN_POINT('',(-0.0647891559512659,-3.69105222487757,
12.5475));
#160080=DIRECTION('',(0.,0.,1.));
#160090=VECTOR('',#160080,1.);
#160100=LINE('',#160070,#160090);
#160110=EDGE_CURVE('',#157480,#76340,#160100,.T.);
#160120=ORIENTED_EDGE('',*,*,#160110,.F.);
#160130=ORIENTED_EDGE('',*,*,#76350,.F.);
#160140=ORIENTED_EDGE('',*,*,#107540,.F.);
#160150=EDGE_LOOP('',(#160140,#160130,#160120,#160060));
#160160=FACE_OUTER_BOUND('',#160150,.T.);
#160170=ADVANCED_FACE('',(#160160),#160050,.T.);
#160180=CARTESIAN_POINT('',(-0.0647891559512659,-3.69105222487757,
12.3675));
#160190=DIRECTION('',(0.,-1.,0.));
#160200=DIRECTION('',(-1.,0.,0.));
#160210=AXIS2_PLACEMENT_3D('',#160180,#160190,#160200);
#160220=PLANE('',#160210);
#160230=ORIENTED_EDGE('',*,*,#157490,.F.);
#160240=ORIENTED_EDGE('',*,*,#159960,.F.);
#160250=ORIENTED_EDGE('',*,*,#76430,.F.);
#160260=ORIENTED_EDGE('',*,*,#160110,.T.);
#160270=EDGE_LOOP('',(#160260,#160250,#160240,#160230));
#160280=FACE_OUTER_BOUND('',#160270,.T.);
#160290=ADVANCED_FACE('',(#160280),#160220,.T.);
#160300=CARTESIAN_POINT('',(-0.989789155951266,-3.49105222487758,7.10625
));
#160310=DIRECTION('',(0.,-0.456090790910398,-0.889933250556876));
#160320=DIRECTION('',(0.,-0.889933250556876,0.456090790910398));
#160330=AXIS2_PLACEMENT_3D('',#160300,#160310,#160320);
#160340=PLANE('',#160330);
#160350=CARTESIAN_POINT('',(-0.264789155951266,-3.39593027365806,7.0575)
);
#160360=DIRECTION('',(1.,0.,0.));
#160370=VECTOR('',#160360,1.);
#160380=LINE('',#160350,#160370);
#160390=CARTESIAN_POINT('',(-1.71478915595127,-3.39593027365806,7.0575))
;
#160400=VERTEX_POINT('',#160390);
#160410=CARTESIAN_POINT('',(-0.264789155951266,-3.39593027365806,7.0575)
);
#160420=VERTEX_POINT('',#160410);
#160430=EDGE_CURVE('',#160400,#160420,#160380,.T.);
#160440=ORIENTED_EDGE('',*,*,#160430,.T.);
#160450=CARTESIAN_POINT('',(-1.71478915595127,1.00894777512243,4.8));
#160460=DIRECTION('',(0.,0.889933250556876,-0.456090790910398));
#160470=VECTOR('',#160460,1.);
#160480=LINE('',#160450,#160470);
#160490=CARTESIAN_POINT('',(-1.71478915595127,-3.59105222487757,7.1575))
;
#160500=VERTEX_POINT('',#160490);
#160510=EDGE_CURVE('',#160500,#160400,#160480,.T.);
#160520=ORIENTED_EDGE('',*,*,#160510,.T.);
#160530=CARTESIAN_POINT('',(-2.01478915595127,-3.59105222487757,7.1575))
;
#160540=DIRECTION('',(-1.,0.,0.));
#160550=VECTOR('',#160540,1.);
#160560=LINE('',#160530,#160550);
#160570=CARTESIAN_POINT('',(-0.264789155951266,-3.59105222487757,7.1575)
);
#160580=VERTEX_POINT('',#160570);
#160590=EDGE_CURVE('',#160580,#160500,#160560,.T.);
#160600=ORIENTED_EDGE('',*,*,#160590,.T.);
#160610=CARTESIAN_POINT('',(-0.264789155951266,1.00894777512243,4.8));
#160620=DIRECTION('',(0.,-0.889933250556876,0.456090790910398));
#160630=VECTOR('',#160620,1.);
#160640=LINE('',#160610,#160630);
#160650=EDGE_CURVE('',#160420,#160580,#160640,.T.);
#160660=ORIENTED_EDGE('',*,*,#160650,.T.);
#160670=EDGE_LOOP('',(#160660,#160600,#160520,#160440));
#160680=FACE_OUTER_BOUND('',#160670,.T.);
#160690=ADVANCED_FACE('',(#160680),#160340,.T.);
#160700=CARTESIAN_POINT('',(-0.264789155951266,-3.59105222487757,7.36));
#160710=DIRECTION('',(1.,0.,0.));
#160720=DIRECTION('',(0.,1.,0.));
#160730=AXIS2_PLACEMENT_3D('',#160700,#160710,#160720);
#160740=PLANE('',#160730);
#160750=CARTESIAN_POINT('',(-0.264789155951266,1.00894777512243,7.3575))
;
#160760=DIRECTION('',(0.,-1.,0.));
#160770=VECTOR('',#160760,1.);
#160780=LINE('',#160750,#160770);
#160790=CARTESIAN_POINT('',(-0.264789155951266,-3.39593027365807,7.3575)
);
#160800=VERTEX_POINT('',#160790);
#160810=EDGE_CURVE('',#105830,#160800,#160780,.T.);
#160820=ORIENTED_EDGE('',*,*,#160810,.T.);
#160830=ORIENTED_EDGE('',*,*,#105840,.T.);
#160840=CARTESIAN_POINT('',(-0.264789155951266,1.00894777512243,7.0575))
;
#160850=DIRECTION('',(0.,1.,0.));
#160860=VECTOR('',#160850,1.);
#160870=LINE('',#160840,#160860);
#160880=EDGE_CURVE('',#160420,#105750,#160870,.T.);
#160890=ORIENTED_EDGE('',*,*,#160880,.T.);
#160900=ORIENTED_EDGE('',*,*,#160650,.F.);
#160910=CARTESIAN_POINT('',(-0.264789155951266,-3.59105222487757,7.36));
#160920=DIRECTION('',(0.,0.,-1.));
#160930=VECTOR('',#160920,1.);
#160940=LINE('',#160910,#160930);
#160950=CARTESIAN_POINT('',(-0.264789155951266,-3.59105222487757,7.2575)
);
#160960=VERTEX_POINT('',#160950);
#160970=EDGE_CURVE('',#160960,#160580,#160940,.T.);
#160980=ORIENTED_EDGE('',*,*,#160970,.T.);
#160990=CARTESIAN_POINT('',(-0.264789155951266,1.00894777512243,9.615));
#161000=DIRECTION('',(0.,-0.889933250556876,-0.456090790910398));
#161010=VECTOR('',#161000,1.);
#161020=LINE('',#160990,#161010);
#161030=EDGE_CURVE('',#160800,#160960,#161020,.T.);
#161040=ORIENTED_EDGE('',*,*,#161030,.T.);
#161050=EDGE_LOOP('',(#161040,#160980,#160900,#160890,#160830,#160820));
#161060=FACE_OUTER_BOUND('',#161050,.T.);
#161070=ADVANCED_FACE('',(#161060),#160740,.T.);
#161080=CARTESIAN_POINT('',(-1.71478915595127,-3.59105222487757,7.36));
#161090=DIRECTION('',(0.,-1.,0.));
#161100=DIRECTION('',(1.,0.,0.));
#161110=AXIS2_PLACEMENT_3D('',#161080,#161090,#161100);
#161120=PLANE('',#161110);
#161130=ORIENTED_EDGE('',*,*,#160970,.F.);
#161140=ORIENTED_EDGE('',*,*,#160590,.F.);
#161150=CARTESIAN_POINT('',(-1.71478915595127,-3.59105222487757,7.36));
#161160=DIRECTION('',(0.,0.,-1.));
#161170=VECTOR('',#161160,1.);
#161180=LINE('',#161150,#161170);
#161190=CARTESIAN_POINT('',(-1.71478915595127,-3.59105222487757,7.2575))
;
#161200=VERTEX_POINT('',#161190);
#161210=EDGE_CURVE('',#161200,#160500,#161180,.T.);
#161220=ORIENTED_EDGE('',*,*,#161210,.T.);
#161230=CARTESIAN_POINT('',(-2.01478915595127,-3.59105222487757,7.2575))
;
#161240=DIRECTION('',(-1.,0.,0.));
#161250=VECTOR('',#161240,1.);
#161260=LINE('',#161230,#161250);
#161270=EDGE_CURVE('',#160960,#161200,#161260,.T.);
#161280=ORIENTED_EDGE('',*,*,#161270,.T.);
#161290=EDGE_LOOP('',(#161280,#161220,#161140,#161130));
#161300=FACE_OUTER_BOUND('',#161290,.T.);
#161310=ADVANCED_FACE('',(#161300),#161120,.T.);
#161320=CARTESIAN_POINT('',(-0.989789155951266,-3.49105222487758,7.30875
));
#161330=DIRECTION('',(0.,0.456090790910398,-0.889933250556876));
#161340=DIRECTION('',(0.,-0.889933250556876,-0.456090790910398));
#161350=AXIS2_PLACEMENT_3D('',#161320,#161330,#161340);
#161360=PLANE('',#161350);
#161370=ORIENTED_EDGE('',*,*,#161030,.F.);
#161380=ORIENTED_EDGE('',*,*,#161270,.F.);
#161390=CARTESIAN_POINT('',(-1.71478915595127,1.00894777512243,9.615));
#161400=DIRECTION('',(0.,0.889933250556876,0.456090790910398));
#161410=VECTOR('',#161400,1.);
#161420=LINE('',#161390,#161410);
#161430=CARTESIAN_POINT('',(-1.71478915595127,-3.39593027365807,7.3575))
;
#161440=VERTEX_POINT('',#161430);
#161450=EDGE_CURVE('',#161200,#161440,#161420,.T.);
#161460=ORIENTED_EDGE('',*,*,#161450,.F.);
#161470=CARTESIAN_POINT('',(-0.264789155951266,-3.39593027365807,7.3575)
);
#161480=DIRECTION('',(1.,0.,0.));
#161490=VECTOR('',#161480,1.);
#161500=LINE('',#161470,#161490);
#161510=EDGE_CURVE('',#161440,#160800,#161500,.T.);
#161520=ORIENTED_EDGE('',*,*,#161510,.F.);
#161530=EDGE_LOOP('',(#161520,#161460,#161380,#161370));
#161540=FACE_OUTER_BOUND('',#161530,.T.);
#161550=ADVANCED_FACE('',(#161540),#161360,.F.);
#161560=CARTESIAN_POINT('',(-1.71478915595127,-3.34105222487757,7.36));
#161570=DIRECTION('',(-1.,0.,0.));
#161580=DIRECTION('',(0.,-1.,0.));
#161590=AXIS2_PLACEMENT_3D('',#161560,#161570,#161580);
#161600=PLANE('',#161590);
#161610=CARTESIAN_POINT('',(-1.71478915595127,1.00894777512243,7.3575));
#161620=DIRECTION('',(0.,1.,0.));
#161630=VECTOR('',#161620,1.);
#161640=LINE('',#161610,#161630);
#161650=EDGE_CURVE('',#161440,#87490,#161640,.T.);
#161660=ORIENTED_EDGE('',*,*,#161650,.T.);
#161670=ORIENTED_EDGE('',*,*,#161450,.T.);
#161680=ORIENTED_EDGE('',*,*,#161210,.F.);
#161690=ORIENTED_EDGE('',*,*,#160510,.F.);
#161700=CARTESIAN_POINT('',(-1.71478915595127,1.00894777512243,7.0575));
#161710=DIRECTION('',(0.,-1.,0.));
#161720=VECTOR('',#161710,1.);
#161730=LINE('',#161700,#161720);
#161740=EDGE_CURVE('',#87570,#160400,#161730,.T.);
#161750=ORIENTED_EDGE('',*,*,#161740,.T.);
#161760=ORIENTED_EDGE('',*,*,#87580,.T.);
#161770=EDGE_LOOP('',(#161760,#161750,#161690,#161680,#161670,#161660));
#161780=FACE_OUTER_BOUND('',#161770,.T.);
#161790=ADVANCED_FACE('',(#161780),#161600,.T.);
#161800=CARTESIAN_POINT('',(-1.76478915595127,-3.59105222487757,7.3675))
;
#161810=DIRECTION('',(0.,-1.,0.));
#161820=DIRECTION('',(-1.,0.,0.));
#161830=AXIS2_PLACEMENT_3D('',#161800,#161810,#161820);
#161840=PLANE('',#161830);
#161850=CARTESIAN_POINT('',(-1.89122415595127,-3.59105222487757,7.3575))
;
#161860=DIRECTION('',(-1.,0.,0.));
#161870=VECTOR('',#161860,1.);
#161880=LINE('',#161850,#161870);
#161890=CARTESIAN_POINT('',(-1.76478915595127,-3.59105222487757,7.3575))
;
#161900=VERTEX_POINT('',#161890);
#161910=EDGE_CURVE('',#161900,#78010,#161880,.T.);
#161920=ORIENTED_EDGE('',*,*,#161910,.F.);
#161930=ORIENTED_EDGE('',*,*,#78020,.F.);
#161940=CARTESIAN_POINT('',(-1.89122415595127,-3.59105222487757,7.5575))
;
#161950=DIRECTION('',(-1.,0.,0.));
#161960=VECTOR('',#161950,1.);
#161970=LINE('',#161940,#161960);
#161980=CARTESIAN_POINT('',(-1.76478915595127,-3.59105222487757,7.5575))
;
#161990=VERTEX_POINT('',#161980);
#162000=EDGE_CURVE('',#161990,#77930,#161970,.T.);
#162010=ORIENTED_EDGE('',*,*,#162000,.T.);
#162020=CARTESIAN_POINT('',(-1.76478915595127,-3.59105222487757,7.3675))
;
#162030=DIRECTION('',(0.,0.,1.));
#162040=VECTOR('',#162030,1.);
#162050=LINE('',#162020,#162040);
#162060=EDGE_CURVE('',#161900,#161990,#162050,.T.);
#162070=ORIENTED_EDGE('',*,*,#162060,.T.);
#162080=EDGE_LOOP('',(#162070,#162010,#161930,#161920));
#162090=FACE_OUTER_BOUND('',#162080,.T.);
#162100=ADVANCED_FACE('',(#162090),#161840,.T.);
#162110=CARTESIAN_POINT('',(-1.46478915595127,-3.79105222487757,7.3675))
;
#162120=DIRECTION('',(1.,0.,0.));
#162130=DIRECTION('',(0.,-1.,0.));
#162140=AXIS2_PLACEMENT_3D('',#162110,#162120,#162130);
#162150=PLANE('',#162140);
#162160=CARTESIAN_POINT('',(-1.46478915595127,-0.709445224877575,7.3575)
);
#162170=DIRECTION('',(0.,-1.,0.));
#162180=VECTOR('',#162170,1.);
#162190=LINE('',#162160,#162180);
#162200=CARTESIAN_POINT('',(-1.46478915595127,-3.79105222487757,7.3575))
;
#162210=VERTEX_POINT('',#162200);
#162220=CARTESIAN_POINT('',(-1.46478915595127,-3.99105222487758,7.3575))
;
#162230=VERTEX_POINT('',#162220);
#162240=EDGE_CURVE('',#162210,#162230,#162190,.T.);
#162250=ORIENTED_EDGE('',*,*,#162240,.F.);
#162260=CARTESIAN_POINT('',(-1.46478915595127,-3.99105222487758,7.5475))
;
#162270=DIRECTION('',(0.,0.,1.));
#162280=VECTOR('',#162270,1.);
#162290=LINE('',#162260,#162280);
#162300=CARTESIAN_POINT('',(-1.46478915595127,-3.99105222487758,7.5575))
;
#162310=VERTEX_POINT('',#162300);
#162320=EDGE_CURVE('',#162230,#162310,#162290,.T.);
#162330=ORIENTED_EDGE('',*,*,#162320,.F.);
#162340=CARTESIAN_POINT('',(-1.46478915595127,-0.709445224877575,7.5575)
);
#162350=DIRECTION('',(0.,-1.,0.));
#162360=VECTOR('',#162350,1.);
#162370=LINE('',#162340,#162360);
#162380=CARTESIAN_POINT('',(-1.46478915595127,-3.79105222487757,7.5575))
;
#162390=VERTEX_POINT('',#162380);
#162400=EDGE_CURVE('',#162390,#162310,#162370,.T.);
#162410=ORIENTED_EDGE('',*,*,#162400,.T.);
#162420=CARTESIAN_POINT('',(-1.46478915595127,-3.79105222487757,7.5475))
;
#162430=DIRECTION('',(0.,0.,1.));
#162440=VECTOR('',#162430,1.);
#162450=LINE('',#162420,#162440);
#162460=EDGE_CURVE('',#162210,#162390,#162450,.T.);
#162470=ORIENTED_EDGE('',*,*,#162460,.T.);
#162480=EDGE_LOOP('',(#162470,#162410,#162330,#162250));
#162490=FACE_OUTER_BOUND('',#162480,.T.);
#162500=ADVANCED_FACE('',(#162490),#162150,.T.);
#162510=CARTESIAN_POINT('',(-1.76478915595127,-3.79105222487757,7.3675))
;
#162520=DIRECTION('',(-1.,0.,0.));
#162530=DIRECTION('',(0.,1.,0.));
#162540=AXIS2_PLACEMENT_3D('',#162510,#162520,#162530);
#162550=PLANE('',#162540);
#162560=CARTESIAN_POINT('',(-1.76478915595127,-0.709445224877575,7.3575)
);
#162570=DIRECTION('',(0.,1.,0.));
#162580=VECTOR('',#162570,1.);
#162590=LINE('',#162560,#162580);
#162600=CARTESIAN_POINT('',(-1.76478915595127,-3.79105222487757,7.3575))
;
#162610=VERTEX_POINT('',#162600);
#162620=EDGE_CURVE('',#162610,#161900,#162590,.T.);
#162630=ORIENTED_EDGE('',*,*,#162620,.F.);
#162640=ORIENTED_EDGE('',*,*,#162060,.F.);
#162650=CARTESIAN_POINT('',(-1.76478915595127,-0.709445224877575,7.5575)
);
#162660=DIRECTION('',(0.,1.,0.));
#162670=VECTOR('',#162660,1.);
#162680=LINE('',#162650,#162670);
#162690=CARTESIAN_POINT('',(-1.76478915595127,-3.79105222487757,7.5575))
;
#162700=VERTEX_POINT('',#162690);
#162710=EDGE_CURVE('',#162700,#161990,#162680,.T.);
#162720=ORIENTED_EDGE('',*,*,#162710,.T.);
#162730=CARTESIAN_POINT('',(-1.76478915595127,-3.79105222487757,7.3675))
;
#162740=DIRECTION('',(0.,0.,1.));
#162750=VECTOR('',#162740,1.);
#162760=LINE('',#162730,#162750);
#162770=EDGE_CURVE('',#162610,#162700,#162760,.T.);
#162780=ORIENTED_EDGE('',*,*,#162770,.T.);
#162790=EDGE_LOOP('',(#162780,#162720,#162640,#162630));
#162800=FACE_OUTER_BOUND('',#162790,.T.);
#162810=ADVANCED_FACE('',(#162800),#162550,.T.);
#162820=CARTESIAN_POINT('',(-2.00593293872788,-3.89990844210096,7.3675))
;
#162830=DIRECTION('',(-0.411437827766147,0.911437827766148,0.));
#162840=DIRECTION('',(0.911437827766148,0.411437827766147,0.));
#162850=AXIS2_PLACEMENT_3D('',#162820,#162830,#162840);
#162860=PLANE('',#162850);
#162870=CARTESIAN_POINT('',(-1.89122415595127,-3.84812703587276,7.3575))
;
#162880=DIRECTION('',(0.911437827766148,0.411437827766147,0.));
#162890=VECTOR('',#162880,1.);
#162900=LINE('',#162870,#162890);
#162910=CARTESIAN_POINT('',(-2.00593293872788,-3.89990844210096,7.3575))
;
#162920=VERTEX_POINT('',#162910);
#162930=EDGE_CURVE('',#162920,#162610,#162900,.T.);
#162940=ORIENTED_EDGE('',*,*,#162930,.F.);
#162950=ORIENTED_EDGE('',*,*,#162770,.F.);
#162960=CARTESIAN_POINT('',(-1.89122415595127,-3.84812703587276,7.5575))
;
#162970=DIRECTION('',(0.911437827766148,0.411437827766147,0.));
#162980=VECTOR('',#162970,1.);
#162990=LINE('',#162960,#162980);
#163000=CARTESIAN_POINT('',(-2.00593293872788,-3.89990844210096,7.5575))
;
#163010=VERTEX_POINT('',#163000);
#163020=EDGE_CURVE('',#163010,#162700,#162990,.T.);
#163030=ORIENTED_EDGE('',*,*,#163020,.T.);
#163040=CARTESIAN_POINT('',(-2.00593293872788,-3.89990844210096,7.5475))
;
#163050=DIRECTION('',(0.,0.,1.));
#163060=VECTOR('',#163050,1.);
#163070=LINE('',#163040,#163060);
#163080=EDGE_CURVE('',#162920,#163010,#163070,.T.);
#163090=ORIENTED_EDGE('',*,*,#163080,.T.);
#163100=EDGE_LOOP('',(#163090,#163030,#162950,#162940));
#163110=FACE_OUTER_BOUND('',#163100,.T.);
#163120=ADVANCED_FACE('',(#163110),#162860,.T.);
#163130=CARTESIAN_POINT('',(-1.96478915595127,-3.99105222487758,7.3675))
;
#163140=DIRECTION('',(0.,0.,1.));
#163150=DIRECTION('',(0.,1.,0.));
#163160=AXIS2_PLACEMENT_3D('',#163130,#163140,#163150);
#163170=CYLINDRICAL_SURFACE('',#163160,0.1);
#163180=CARTESIAN_POINT('',(-1.96478915595127,-3.99105222487758,7.3575))
;
#163190=DIRECTION('',(0.,0.,1.));
#163200=DIRECTION('',(0.,1.,0.));
#163210=AXIS2_PLACEMENT_3D('',#163180,#163190,#163200);
#163220=CIRCLE('',#163210,0.1);
#163230=CARTESIAN_POINT('',(-2.06478915595127,-3.99105222487758,7.3575))
;
#163240=VERTEX_POINT('',#163230);
#163250=EDGE_CURVE('',#162920,#163240,#163220,.T.);
#163260=ORIENTED_EDGE('',*,*,#163250,.T.);
#163270=ORIENTED_EDGE('',*,*,#163080,.F.);
#163280=CARTESIAN_POINT('',(-1.96478915595127,-3.99105222487758,7.5575))
;
#163290=DIRECTION('',(0.,0.,1.));
#163300=DIRECTION('',(0.,1.,0.));
#163310=AXIS2_PLACEMENT_3D('',#163280,#163290,#163300);
#163320=CIRCLE('',#163310,0.1);
#163330=CARTESIAN_POINT('',(-2.06478915595127,-3.99105222487758,7.5575))
;
#163340=VERTEX_POINT('',#163330);
#163350=EDGE_CURVE('',#163010,#163340,#163320,.T.);
#163360=ORIENTED_EDGE('',*,*,#163350,.F.);
#163370=CARTESIAN_POINT('',(-2.06478915595127,-3.99105222487758,7.3675))
;
#163380=DIRECTION('',(0.,0.,1.));
#163390=VECTOR('',#163380,1.);
#163400=LINE('',#163370,#163390);
#163410=EDGE_CURVE('',#163240,#163340,#163400,.T.);
#163420=ORIENTED_EDGE('',*,*,#163410,.T.);
#163430=EDGE_LOOP('',(#163420,#163360,#163270,#163260));
#163440=FACE_OUTER_BOUND('',#163430,.T.);
#163450=ADVANCED_FACE('',(#163440),#163170,.T.);
#163460=CARTESIAN_POINT('',(-2.06478915595127,-4.29105222487757,7.3675))
;
#163470=DIRECTION('',(-1.,0.,0.));
#163480=DIRECTION('',(0.,1.,0.));
#163490=AXIS2_PLACEMENT_3D('',#163460,#163470,#163480);
#163500=PLANE('',#163490);
#163510=CARTESIAN_POINT('',(-2.06478915595127,-0.709445224877575,7.3575)
);
#163520=DIRECTION('',(0.,1.,0.));
#163530=VECTOR('',#163520,1.);
#163540=LINE('',#163510,#163530);
#163550=CARTESIAN_POINT('',(-2.06478915595127,-4.29105222487757,7.3575))
;
#163560=VERTEX_POINT('',#163550);
#163570=EDGE_CURVE('',#163560,#163240,#163540,.T.);
#163580=ORIENTED_EDGE('',*,*,#163570,.F.);
#163590=ORIENTED_EDGE('',*,*,#163410,.F.);
#163600=CARTESIAN_POINT('',(-2.06478915595127,-0.709445224877575,7.5575)
);
#163610=DIRECTION('',(0.,1.,0.));
#163620=VECTOR('',#163610,1.);
#163630=LINE('',#163600,#163620);
#163640=CARTESIAN_POINT('',(-2.06478915595127,-4.29105222487757,7.5575))
;
#163650=VERTEX_POINT('',#163640);
#163660=EDGE_CURVE('',#163650,#163340,#163630,.T.);
#163670=ORIENTED_EDGE('',*,*,#163660,.T.);
#163680=CARTESIAN_POINT('',(-2.06478915595127,-4.29105222487757,7.3675))
;
#163690=DIRECTION('',(0.,0.,1.));
#163700=VECTOR('',#163690,1.);
#163710=LINE('',#163680,#163700);
#163720=EDGE_CURVE('',#163560,#163650,#163710,.T.);
#163730=ORIENTED_EDGE('',*,*,#163720,.T.);
#163740=EDGE_LOOP('',(#163730,#163670,#163590,#163580));
#163750=FACE_OUTER_BOUND('',#163740,.T.);
#163760=ADVANCED_FACE('',(#163750),#163500,.T.);
#163770=CARTESIAN_POINT('',(-1.96478915595127,-4.29105222487757,7.3675))
;
#163780=DIRECTION('',(0.,0.,1.));
#163790=DIRECTION('',(0.,1.,0.));
#163800=AXIS2_PLACEMENT_3D('',#163770,#163780,#163790);
#163810=CYLINDRICAL_SURFACE('',#163800,0.1);
#163820=CARTESIAN_POINT('',(-1.96478915595127,-4.29105222487757,7.3575))
;
#163830=DIRECTION('',(0.,0.,1.));
#163840=DIRECTION('',(0.,1.,0.));
#163850=AXIS2_PLACEMENT_3D('',#163820,#163830,#163840);
#163860=CIRCLE('',#163850,0.1);
#163870=CARTESIAN_POINT('',(-1.96478915595127,-4.39105222487757,7.3575))
;
#163880=VERTEX_POINT('',#163870);
#163890=EDGE_CURVE('',#163560,#163880,#163860,.T.);
#163900=ORIENTED_EDGE('',*,*,#163890,.T.);
#163910=ORIENTED_EDGE('',*,*,#163720,.F.);
#163920=CARTESIAN_POINT('',(-1.96478915595127,-4.29105222487757,7.5575))
;
#163930=DIRECTION('',(0.,0.,1.));
#163940=DIRECTION('',(0.,1.,0.));
#163950=AXIS2_PLACEMENT_3D('',#163920,#163930,#163940);
#163960=CIRCLE('',#163950,0.1);
#163970=CARTESIAN_POINT('',(-1.96478915595127,-4.39105222487757,7.5575))
;
#163980=VERTEX_POINT('',#163970);
#163990=EDGE_CURVE('',#163650,#163980,#163960,.T.);
#164000=ORIENTED_EDGE('',*,*,#163990,.F.);
#164010=CARTESIAN_POINT('',(-1.96478915595127,-4.39105222487757,7.3675))
;
#164020=DIRECTION('',(0.,0.,1.));
#164030=VECTOR('',#164020,1.);
#164040=LINE('',#164010,#164030);
#164050=EDGE_CURVE('',#163880,#163980,#164040,.T.);
#164060=ORIENTED_EDGE('',*,*,#164050,.T.);
#164070=EDGE_LOOP('',(#164060,#164000,#163910,#163900));
#164080=FACE_OUTER_BOUND('',#164070,.T.);
#164090=ADVANCED_FACE('',(#164080),#163810,.T.);
#164100=CARTESIAN_POINT('',(-1.69478915595127,-4.39105222487757,7.3675))
;
#164110=DIRECTION('',(0.,-1.,0.));
#164120=DIRECTION('',(-1.,0.,0.));
#164130=AXIS2_PLACEMENT_3D('',#164100,#164110,#164120);
#164140=PLANE('',#164130);
#164150=CARTESIAN_POINT('',(-1.89122415595127,-4.39105222487757,7.3575))
;
#164160=DIRECTION('',(-1.,0.,0.));
#164170=VECTOR('',#164160,1.);
#164180=LINE('',#164150,#164170);
#164190=CARTESIAN_POINT('',(-1.69478915595127,-4.39105222487757,7.3575))
;
#164200=VERTEX_POINT('',#164190);
#164210=EDGE_CURVE('',#164200,#163880,#164180,.T.);
#164220=ORIENTED_EDGE('',*,*,#164210,.F.);
#164230=ORIENTED_EDGE('',*,*,#164050,.F.);
#164240=CARTESIAN_POINT('',(-1.89122415595127,-4.39105222487757,7.5575))
;
#164250=DIRECTION('',(-1.,0.,0.));
#164260=VECTOR('',#164250,1.);
#164270=LINE('',#164240,#164260);
#164280=CARTESIAN_POINT('',(-1.69478915595127,-4.39105222487757,7.5575))
;
#164290=VERTEX_POINT('',#164280);
#164300=EDGE_CURVE('',#164290,#163980,#164270,.T.);
#164310=ORIENTED_EDGE('',*,*,#164300,.T.);
#164320=CARTESIAN_POINT('',(-1.69478915595127,-4.39105222487757,7.5475))
;
#164330=DIRECTION('',(0.,0.,1.));
#164340=VECTOR('',#164330,1.);
#164350=LINE('',#164320,#164340);
#164360=EDGE_CURVE('',#164200,#164290,#164350,.T.);
#164370=ORIENTED_EDGE('',*,*,#164360,.T.);
#164380=EDGE_LOOP('',(#164370,#164310,#164230,#164220));
#164390=FACE_OUTER_BOUND('',#164380,.T.);
#164400=ADVANCED_FACE('',(#164390),#164140,.T.);
#164410=CARTESIAN_POINT('',(-1.69478915595127,-4.19105222487757,7.3675))
;
#164420=DIRECTION('',(1.,0.,0.));
#164430=DIRECTION('',(0.,-1.,0.));
#164440=AXIS2_PLACEMENT_3D('',#164410,#164420,#164430);
#164450=PLANE('',#164440);
#164460=CARTESIAN_POINT('',(-1.69478915595127,-0.709445224877575,7.3575)
);
#164470=DIRECTION('',(0.,-1.,0.));
#164480=VECTOR('',#164470,1.);
#164490=LINE('',#164460,#164480);
#164500=CARTESIAN_POINT('',(-1.69478915595127,-4.19105222487757,7.3575))
;
#164510=VERTEX_POINT('',#164500);
#164520=EDGE_CURVE('',#164510,#164200,#164490,.T.);
#164530=ORIENTED_EDGE('',*,*,#164520,.F.);
#164540=ORIENTED_EDGE('',*,*,#164360,.F.);
#164550=CARTESIAN_POINT('',(-1.69478915595127,-0.709445224877575,7.5575)
);
#164560=DIRECTION('',(0.,-1.,0.));
#164570=VECTOR('',#164560,1.);
#164580=LINE('',#164550,#164570);
#164590=CARTESIAN_POINT('',(-1.69478915595127,-4.19105222487757,7.5575))
;
#164600=VERTEX_POINT('',#164590);
#164610=EDGE_CURVE('',#164600,#164290,#164580,.T.);
#164620=ORIENTED_EDGE('',*,*,#164610,.T.);
#164630=CARTESIAN_POINT('',(-1.69478915595127,-4.19105222487757,7.3675))
;
#164640=DIRECTION('',(0.,0.,1.));
#164650=VECTOR('',#164640,1.);
#164660=LINE('',#164630,#164650);
#164670=EDGE_CURVE('',#164510,#164600,#164660,.T.);
#164680=ORIENTED_EDGE('',*,*,#164670,.T.);
#164690=EDGE_LOOP('',(#164680,#164620,#164540,#164530));
#164700=FACE_OUTER_BOUND('',#164690,.T.);
#164710=ADVANCED_FACE('',(#164700),#164450,.T.);
#164720=CARTESIAN_POINT('',(-1.59478915595127,-4.19105222487757,7.3675))
;
#164730=DIRECTION('',(0.,0.,1.));
#164740=DIRECTION('',(0.,1.,0.));
#164750=AXIS2_PLACEMENT_3D('',#164720,#164730,#164740);
#164760=CYLINDRICAL_SURFACE('',#164750,0.1);
#164770=CARTESIAN_POINT('',(-1.59478915595127,-4.19105222487757,7.3575))
;
#164780=DIRECTION('',(0.,0.,1.));
#164790=DIRECTION('',(0.,1.,0.));
#164800=AXIS2_PLACEMENT_3D('',#164770,#164780,#164790);
#164810=CIRCLE('',#164800,0.1);
#164820=CARTESIAN_POINT('',(-1.59478915595127,-4.09105222487757,7.3575))
;
#164830=VERTEX_POINT('',#164820);
#164840=EDGE_CURVE('',#164830,#164510,#164810,.T.);
#164850=ORIENTED_EDGE('',*,*,#164840,.F.);
#164860=ORIENTED_EDGE('',*,*,#164670,.F.);
#164870=CARTESIAN_POINT('',(-1.59478915595127,-4.19105222487757,7.5575))
;
#164880=DIRECTION('',(0.,0.,1.));
#164890=DIRECTION('',(0.,1.,0.));
#164900=AXIS2_PLACEMENT_3D('',#164870,#164880,#164890);
#164910=CIRCLE('',#164900,0.1);
#164920=CARTESIAN_POINT('',(-1.59478915595127,-4.09105222487757,7.5575))
;
#164930=VERTEX_POINT('',#164920);
#164940=EDGE_CURVE('',#164930,#164600,#164910,.T.);
#164950=ORIENTED_EDGE('',*,*,#164940,.T.);
#164960=CARTESIAN_POINT('',(-1.59478915595127,-4.09105222487757,7.3675))
;
#164970=DIRECTION('',(0.,0.,1.));
#164980=VECTOR('',#164970,1.);
#164990=LINE('',#164960,#164980);
#165000=EDGE_CURVE('',#164830,#164930,#164990,.T.);
#165010=ORIENTED_EDGE('',*,*,#165000,.T.);
#165020=EDGE_LOOP('',(#165010,#164950,#164860,#164850));
#165030=FACE_OUTER_BOUND('',#165020,.T.);
#165040=ADVANCED_FACE('',(#165030),#164760,.F.);
#165050=CARTESIAN_POINT('',(-1.56478915595127,-4.09105222487757,7.3675))
;
#165060=DIRECTION('',(0.,-1.,0.));
#165070=DIRECTION('',(-1.,0.,0.));
#165080=AXIS2_PLACEMENT_3D('',#165050,#165060,#165070);
#165090=PLANE('',#165080);
#165100=CARTESIAN_POINT('',(-1.89122415595127,-4.09105222487757,7.3575))
;
#165110=DIRECTION('',(-1.,0.,0.));
#165120=VECTOR('',#165110,1.);
#165130=LINE('',#165100,#165120);
#165140=CARTESIAN_POINT('',(-1.56478915595127,-4.09105222487757,7.3575))
;
#165150=VERTEX_POINT('',#165140);
#165160=EDGE_CURVE('',#165150,#164830,#165130,.T.);
#165170=ORIENTED_EDGE('',*,*,#165160,.F.);
#165180=ORIENTED_EDGE('',*,*,#165000,.F.);
#165190=CARTESIAN_POINT('',(-1.89122415595127,-4.09105222487757,7.5575))
;
#165200=DIRECTION('',(-1.,0.,0.));
#165210=VECTOR('',#165200,1.);
#165220=LINE('',#165190,#165210);
#165230=CARTESIAN_POINT('',(-1.56478915595127,-4.09105222487757,7.5575))
;
#165240=VERTEX_POINT('',#165230);
#165250=EDGE_CURVE('',#165240,#164930,#165220,.T.);
#165260=ORIENTED_EDGE('',*,*,#165250,.T.);
#165270=CARTESIAN_POINT('',(-1.56478915595127,-4.09105222487757,7.3675))
;
#165280=DIRECTION('',(0.,0.,1.));
#165290=VECTOR('',#165280,1.);
#165300=LINE('',#165270,#165290);
#165310=EDGE_CURVE('',#165150,#165240,#165300,.T.);
#165320=ORIENTED_EDGE('',*,*,#165310,.T.);
#165330=EDGE_LOOP('',(#165320,#165260,#165180,#165170));
#165340=FACE_OUTER_BOUND('',#165330,.T.);
#165350=ADVANCED_FACE('',(#165340),#165090,.T.);
#165360=CARTESIAN_POINT('',(-1.56478915595127,-3.99105222487758,7.3675))
;
#165370=DIRECTION('',(0.,0.,1.));
#165380=DIRECTION('',(0.,1.,0.));
#165390=AXIS2_PLACEMENT_3D('',#165360,#165370,#165380);
#165400=CYLINDRICAL_SURFACE('',#165390,0.1);
#165410=CARTESIAN_POINT('',(-1.56478915595127,-3.99105222487758,7.3575))
;
#165420=DIRECTION('',(0.,0.,1.));
#165430=DIRECTION('',(0.,1.,0.));
#165440=AXIS2_PLACEMENT_3D('',#165410,#165420,#165430);
#165450=CIRCLE('',#165440,0.1);
#165460=EDGE_CURVE('',#165150,#162230,#165450,.T.);
#165470=ORIENTED_EDGE('',*,*,#165460,.T.);
#165480=ORIENTED_EDGE('',*,*,#165310,.F.);
#165490=CARTESIAN_POINT('',(-1.56478915595127,-3.99105222487758,7.5575))
;
#165500=DIRECTION('',(0.,0.,1.));
#165510=DIRECTION('',(0.,1.,0.));
#165520=AXIS2_PLACEMENT_3D('',#165490,#165500,#165510);
#165530=CIRCLE('',#165520,0.1);
#165540=EDGE_CURVE('',#165240,#162310,#165530,.T.);
#165550=ORIENTED_EDGE('',*,*,#165540,.F.);
#165560=ORIENTED_EDGE('',*,*,#162320,.T.);
#165570=EDGE_LOOP('',(#165560,#165550,#165480,#165470));
#165580=FACE_OUTER_BOUND('',#165570,.T.);
#165590=ADVANCED_FACE('',(#165580),#165400,.T.);
#165600=CARTESIAN_POINT('',(-1.36478915595127,-3.79105222487757,7.3675))
;
#165610=DIRECTION('',(0.,0.,1.));
#165620=DIRECTION('',(0.,1.,0.));
#165630=AXIS2_PLACEMENT_3D('',#165600,#165610,#165620);
#165640=CYLINDRICAL_SURFACE('',#165630,0.1);
#165650=CARTESIAN_POINT('',(-1.36478915595127,-3.79105222487757,7.3575))
;
#165660=DIRECTION('',(0.,0.,1.));
#165670=DIRECTION('',(0.,1.,0.));
#165680=AXIS2_PLACEMENT_3D('',#165650,#165660,#165670);
#165690=CIRCLE('',#165680,0.1);
#165700=CARTESIAN_POINT('',(-1.36478915595127,-3.69105222487757,7.3575))
;
#165710=VERTEX_POINT('',#165700);
#165720=EDGE_CURVE('',#165710,#162210,#165690,.T.);
#165730=ORIENTED_EDGE('',*,*,#165720,.F.);
#165740=ORIENTED_EDGE('',*,*,#162460,.F.);
#165750=CARTESIAN_POINT('',(-1.36478915595127,-3.79105222487757,7.5575))
;
#165760=DIRECTION('',(0.,0.,1.));
#165770=DIRECTION('',(0.,1.,0.));
#165780=AXIS2_PLACEMENT_3D('',#165750,#165760,#165770);
#165790=CIRCLE('',#165780,0.1);
#165800=CARTESIAN_POINT('',(-1.36478915595127,-3.69105222487757,7.5575))
;
#165810=VERTEX_POINT('',#165800);
#165820=EDGE_CURVE('',#165810,#162390,#165790,.T.);
#165830=ORIENTED_EDGE('',*,*,#165820,.T.);
#165840=CARTESIAN_POINT('',(-1.36478915595127,-3.69105222487757,7.3675))
;
#165850=DIRECTION('',(0.,0.,1.));
#165860=VECTOR('',#165850,1.);
#165870=LINE('',#165840,#165860);
#165880=EDGE_CURVE('',#165710,#165810,#165870,.T.);
#165890=ORIENTED_EDGE('',*,*,#165880,.T.);
#165900=EDGE_LOOP('',(#165890,#165830,#165740,#165730));
#165910=FACE_OUTER_BOUND('',#165900,.T.);
#165920=ADVANCED_FACE('',(#165910),#165640,.F.);
#165930=CARTESIAN_POINT('',(-0.0647891559512659,-3.69105222487757,7.3675
));
#165940=DIRECTION('',(0.,-1.,0.));
#165950=DIRECTION('',(-1.,0.,0.));
#165960=AXIS2_PLACEMENT_3D('',#165930,#165940,#165950);
#165970=PLANE('',#165960);
#165980=CARTESIAN_POINT('',(-1.89122415595127,-3.69105222487757,7.3575))
;
#165990=DIRECTION('',(-1.,0.,0.));
#166000=VECTOR('',#165990,1.);
#166010=LINE('',#165980,#166000);
#166020=CARTESIAN_POINT('',(-0.0647891559512659,-3.69105222487757,7.3575
));
#166030=VERTEX_POINT('',#166020);
#166040=EDGE_CURVE('',#166030,#165710,#166010,.T.);
#166050=ORIENTED_EDGE('',*,*,#166040,.F.);
#166060=ORIENTED_EDGE('',*,*,#165880,.F.);
#166070=CARTESIAN_POINT('',(-1.89122415595127,-3.69105222487757,7.5575))
;
#166080=DIRECTION('',(-1.,0.,0.));
#166090=VECTOR('',#166080,1.);
#166100=LINE('',#166070,#166090);
#166110=CARTESIAN_POINT('',(-0.0647891559512659,-3.69105222487757,7.5575
));
#166120=VERTEX_POINT('',#166110);
#166130=EDGE_CURVE('',#166120,#165810,#166100,.T.);
#166140=ORIENTED_EDGE('',*,*,#166130,.T.);
#166150=CARTESIAN_POINT('',(-0.0647891559512659,-3.69105222487757,7.5475
));
#166160=DIRECTION('',(0.,0.,1.));
#166170=VECTOR('',#166160,1.);
#166180=LINE('',#166150,#166170);
#166190=EDGE_CURVE('',#166030,#166120,#166180,.T.);
#166200=ORIENTED_EDGE('',*,*,#166190,.T.);
#166210=EDGE_LOOP('',(#166200,#166140,#166060,#166050));
#166220=FACE_OUTER_BOUND('',#166210,.T.);
#166230=ADVANCED_FACE('',(#166220),#165970,.T.);
#166240=CARTESIAN_POINT('',(-1.45941818394728,-1.06738394494655,7.3575))
;
#166250=DIRECTION('',(0.,0.,-1.));
#166260=DIRECTION('',(-1.,0.,0.));
#166270=AXIS2_PLACEMENT_3D('',#166240,#166250,#166260);
#166280=PLANE('',#166270);
#166290=ORIENTED_EDGE('',*,*,#161650,.F.);
#166300=ORIENTED_EDGE('',*,*,#87500,.F.);
#166310=ORIENTED_EDGE('',*,*,#78080,.T.);
#166320=ORIENTED_EDGE('',*,*,#161910,.T.);
#166330=ORIENTED_EDGE('',*,*,#162620,.T.);
#166340=ORIENTED_EDGE('',*,*,#162930,.T.);
#166350=ORIENTED_EDGE('',*,*,#163250,.F.);
#166360=ORIENTED_EDGE('',*,*,#163570,.T.);
#166370=ORIENTED_EDGE('',*,*,#163890,.F.);
#166380=ORIENTED_EDGE('',*,*,#164210,.T.);
#166390=ORIENTED_EDGE('',*,*,#164520,.T.);
#166400=ORIENTED_EDGE('',*,*,#164840,.T.);
#166410=ORIENTED_EDGE('',*,*,#165160,.T.);
#166420=ORIENTED_EDGE('',*,*,#165460,.F.);
#166430=ORIENTED_EDGE('',*,*,#162240,.T.);
#166440=ORIENTED_EDGE('',*,*,#165720,.T.);
#166450=ORIENTED_EDGE('',*,*,#166040,.T.);
#166460=CARTESIAN_POINT('',(-0.0647891559512659,-0.709445224877575,
7.3575));
#166470=DIRECTION('',(0.,-1.,0.));
#166480=VECTOR('',#166470,1.);
#166490=LINE('',#166460,#166480);
#166500=EDGE_CURVE('',#105870,#166030,#166490,.T.);
#166510=ORIENTED_EDGE('',*,*,#166500,.T.);
#166520=ORIENTED_EDGE('',*,*,#105880,.F.);
#166530=ORIENTED_EDGE('',*,*,#160810,.F.);
#166540=ORIENTED_EDGE('',*,*,#161510,.T.);
#166550=EDGE_LOOP('',(#166540,#166530,#166520,#166510,#166450,#166440,
#166430,#166420,#166410,#166400,#166390,#166380,#166370,#166360,#166350,
#166340,#166330,#166320,#166310,#166300,#166290));
#166560=FACE_OUTER_BOUND('',#166550,.T.);
#166570=ADVANCED_FACE('',(#166560),#166280,.T.);
#166580=CARTESIAN_POINT('',(-0.44011229673397,-2.19517762655054,7.5575))
;
#166590=DIRECTION('',(0.,0.,1.));
#166600=DIRECTION('',(0.,1.,0.));
#166610=AXIS2_PLACEMENT_3D('',#166580,#166590,#166600);
#166620=PLANE('',#166610);
#166630=ORIENTED_EDGE('',*,*,#153020,.F.);
#166640=ORIENTED_EDGE('',*,*,#88220,.F.);
#166650=ORIENTED_EDGE('',*,*,#152710,.F.);
#166660=ORIENTED_EDGE('',*,*,#106000,.F.);
#166670=CARTESIAN_POINT('',(-0.0647891559512659,-0.709445224877575,
7.5575));
#166680=DIRECTION('',(0.,-1.,0.));
#166690=VECTOR('',#166680,1.);
#166700=LINE('',#166670,#166690);
#166710=EDGE_CURVE('',#105950,#166120,#166700,.T.);
#166720=ORIENTED_EDGE('',*,*,#166710,.F.);
#166730=ORIENTED_EDGE('',*,*,#166130,.F.);
#166740=ORIENTED_EDGE('',*,*,#165820,.F.);
#166750=ORIENTED_EDGE('',*,*,#162400,.F.);
#166760=ORIENTED_EDGE('',*,*,#165540,.T.);
#166770=ORIENTED_EDGE('',*,*,#165250,.F.);
#166780=ORIENTED_EDGE('',*,*,#164940,.F.);
#166790=ORIENTED_EDGE('',*,*,#164610,.F.);
#166800=ORIENTED_EDGE('',*,*,#164300,.F.);
#166810=ORIENTED_EDGE('',*,*,#163990,.T.);
#166820=ORIENTED_EDGE('',*,*,#163660,.F.);
#166830=ORIENTED_EDGE('',*,*,#163350,.T.);
#166840=ORIENTED_EDGE('',*,*,#163020,.F.);
#166850=ORIENTED_EDGE('',*,*,#162710,.F.);
#166860=ORIENTED_EDGE('',*,*,#162000,.F.);
#166870=ORIENTED_EDGE('',*,*,#77940,.F.);
#166880=ORIENTED_EDGE('',*,*,#87410,.F.);
#166890=EDGE_LOOP('',(#166880,#166870,#166860,#166850,#166840,#166830,
#166820,#166810,#166800,#166790,#166780,#166770,#166760,#166750,#166740,
#166730,#166720,#166660,#166650,#166640,#166630));
#166900=FACE_OUTER_BOUND('',#166890,.T.);
#166910=ADVANCED_FACE('',(#166900),#166620,.T.);
#166920=CARTESIAN_POINT('',(-0.0647891559512659,-3.34105222487757,7.3675
));
#166930=DIRECTION('',(1.,0.,0.));
#166940=DIRECTION('',(0.,-1.,0.));
#166950=AXIS2_PLACEMENT_3D('',#166920,#166930,#166940);
#166960=PLANE('',#166950);
#166970=ORIENTED_EDGE('',*,*,#166500,.F.);
#166980=ORIENTED_EDGE('',*,*,#166190,.F.);
#166990=ORIENTED_EDGE('',*,*,#166710,.T.);
#167000=ORIENTED_EDGE('',*,*,#105960,.F.);
#167010=EDGE_LOOP('',(#167000,#166990,#166980,#166970));
#167020=FACE_OUTER_BOUND('',#167010,.T.);
#167030=ADVANCED_FACE('',(#167020),#166960,.T.);
#167040=ORIENTED_EDGE('',*,*,#160880,.F.);
#167050=ORIENTED_EDGE('',*,*,#105760,.F.);
#167060=CARTESIAN_POINT('',(-0.0647891559512659,-0.709445224877574,
7.0575));
#167070=DIRECTION('',(0.,-1.,0.));
#167080=VECTOR('',#167070,1.);
#167090=LINE('',#167060,#167080);
#167100=CARTESIAN_POINT('',(-0.0647891559512659,-3.69105222487757,7.0575
));
#167110=VERTEX_POINT('',#167100);
#167120=EDGE_CURVE('',#105710,#167110,#167090,.T.);
#167130=ORIENTED_EDGE('',*,*,#167120,.F.);
#167140=CARTESIAN_POINT('',(-1.89122415595127,-3.69105222487757,7.0575))
;
#167150=DIRECTION('',(-1.,0.,0.));
#167160=VECTOR('',#167150,1.);
#167170=LINE('',#167140,#167160);
#167180=CARTESIAN_POINT('',(-1.36478915595127,-3.69105222487757,7.0575))
;
#167190=VERTEX_POINT('',#167180);
#167200=EDGE_CURVE('',#167110,#167190,#167170,.T.);
#167210=ORIENTED_EDGE('',*,*,#167200,.F.);
#167220=CARTESIAN_POINT('',(-1.36478915595127,-3.79105222487757,7.0575))
;
#167230=DIRECTION('',(0.,0.,1.));
#167240=DIRECTION('',(0.,1.,0.));
#167250=AXIS2_PLACEMENT_3D('',#167220,#167230,#167240);
#167260=CIRCLE('',#167250,0.1);
#167270=CARTESIAN_POINT('',(-1.46478915595127,-3.79105222487757,7.0575))
;
#167280=VERTEX_POINT('',#167270);
#167290=EDGE_CURVE('',#167190,#167280,#167260,.T.);
#167300=ORIENTED_EDGE('',*,*,#167290,.F.);
#167310=CARTESIAN_POINT('',(-1.46478915595127,-0.709445224877574,7.0575)
);
#167320=DIRECTION('',(0.,-1.,0.));
#167330=VECTOR('',#167320,1.);
#167340=LINE('',#167310,#167330);
#167350=CARTESIAN_POINT('',(-1.46478915595127,-3.99105222487757,7.0575))
;
#167360=VERTEX_POINT('',#167350);
#167370=EDGE_CURVE('',#167280,#167360,#167340,.T.);
#167380=ORIENTED_EDGE('',*,*,#167370,.F.);
#167390=CARTESIAN_POINT('',(-1.56478915595127,-3.99105222487757,7.0575))
;
#167400=DIRECTION('',(0.,0.,1.));
#167410=DIRECTION('',(0.,1.,0.));
#167420=AXIS2_PLACEMENT_3D('',#167390,#167400,#167410);
#167430=CIRCLE('',#167420,0.1);
#167440=CARTESIAN_POINT('',(-1.56478915595127,-4.09105222487757,7.0575))
;
#167450=VERTEX_POINT('',#167440);
#167460=EDGE_CURVE('',#167450,#167360,#167430,.T.);
#167470=ORIENTED_EDGE('',*,*,#167460,.T.);
#167480=CARTESIAN_POINT('',(-1.89122415595127,-4.09105222487757,7.0575))
;
#167490=DIRECTION('',(-1.,0.,0.));
#167500=VECTOR('',#167490,1.);
#167510=LINE('',#167480,#167500);
#167520=CARTESIAN_POINT('',(-1.59478915595127,-4.09105222487757,7.0575))
;
#167530=VERTEX_POINT('',#167520);
#167540=EDGE_CURVE('',#167450,#167530,#167510,.T.);
#167550=ORIENTED_EDGE('',*,*,#167540,.F.);
#167560=CARTESIAN_POINT('',(-1.59478915595127,-4.19105222487757,7.0575))
;
#167570=DIRECTION('',(0.,0.,1.));
#167580=DIRECTION('',(0.,1.,0.));
#167590=AXIS2_PLACEMENT_3D('',#167560,#167570,#167580);
#167600=CIRCLE('',#167590,0.1);
#167610=CARTESIAN_POINT('',(-1.69478915595127,-4.19105222487757,7.0575))
;
#167620=VERTEX_POINT('',#167610);
#167630=EDGE_CURVE('',#167530,#167620,#167600,.T.);
#167640=ORIENTED_EDGE('',*,*,#167630,.F.);
#167650=CARTESIAN_POINT('',(-1.69478915595127,-0.709445224877574,7.0575)
);
#167660=DIRECTION('',(0.,-1.,0.));
#167670=VECTOR('',#167660,1.);
#167680=LINE('',#167650,#167670);
#167690=CARTESIAN_POINT('',(-1.69478915595127,-4.39105222487757,7.0575))
;
#167700=VERTEX_POINT('',#167690);
#167710=EDGE_CURVE('',#167620,#167700,#167680,.T.);
#167720=ORIENTED_EDGE('',*,*,#167710,.F.);
#167730=CARTESIAN_POINT('',(-1.89122415595127,-4.39105222487757,7.0575))
;
#167740=DIRECTION('',(-1.,0.,0.));
#167750=VECTOR('',#167740,1.);
#167760=LINE('',#167730,#167750);
#167770=CARTESIAN_POINT('',(-1.96478915595127,-4.39105222487757,7.0575))
;
#167780=VERTEX_POINT('',#167770);
#167790=EDGE_CURVE('',#167700,#167780,#167760,.T.);
#167800=ORIENTED_EDGE('',*,*,#167790,.F.);
#167810=CARTESIAN_POINT('',(-1.96478915595127,-4.29105222487757,7.0575))
;
#167820=DIRECTION('',(0.,0.,1.));
#167830=DIRECTION('',(0.,1.,0.));
#167840=AXIS2_PLACEMENT_3D('',#167810,#167820,#167830);
#167850=CIRCLE('',#167840,0.1);
#167860=CARTESIAN_POINT('',(-2.06478915595127,-4.29105222487757,7.0575))
;
#167870=VERTEX_POINT('',#167860);
#167880=EDGE_CURVE('',#167870,#167780,#167850,.T.);
#167890=ORIENTED_EDGE('',*,*,#167880,.T.);
#167900=CARTESIAN_POINT('',(-2.06478915595127,-0.709445224877574,7.0575)
);
#167910=DIRECTION('',(0.,1.,0.));
#167920=VECTOR('',#167910,1.);
#167930=LINE('',#167900,#167920);
#167940=CARTESIAN_POINT('',(-2.06478915595127,-3.99105222487757,7.0575))
;
#167950=VERTEX_POINT('',#167940);
#167960=EDGE_CURVE('',#167870,#167950,#167930,.T.);
#167970=ORIENTED_EDGE('',*,*,#167960,.F.);
#167980=CARTESIAN_POINT('',(-1.96478915595127,-3.99105222487757,7.0575))
;
#167990=DIRECTION('',(0.,0.,1.));
#168000=DIRECTION('',(0.,1.,0.));
#168010=AXIS2_PLACEMENT_3D('',#167980,#167990,#168000);
#168020=CIRCLE('',#168010,0.1);
#168030=CARTESIAN_POINT('',(-2.00593293872788,-3.89990844210096,7.0575))
;
#168040=VERTEX_POINT('',#168030);
#168050=EDGE_CURVE('',#168040,#167950,#168020,.T.);
#168060=ORIENTED_EDGE('',*,*,#168050,.T.);
#168070=CARTESIAN_POINT('',(-1.89122415595127,-3.84812703587276,7.0575))
;
#168080=DIRECTION('',(0.911437827766148,0.411437827766147,0.));
#168090=VECTOR('',#168080,1.);
#168100=LINE('',#168070,#168090);
#168110=CARTESIAN_POINT('',(-1.76478915595127,-3.79105222487757,7.0575))
;
#168120=VERTEX_POINT('',#168110);
#168130=EDGE_CURVE('',#168040,#168120,#168100,.T.);
#168140=ORIENTED_EDGE('',*,*,#168130,.F.);
#168150=CARTESIAN_POINT('',(-1.76478915595127,-0.709445224877574,7.0575)
);
#168160=DIRECTION('',(0.,1.,0.));
#168170=VECTOR('',#168160,1.);
#168180=LINE('',#168150,#168170);
#168190=CARTESIAN_POINT('',(-1.76478915595127,-3.59105222487757,7.0575))
;
#168200=VERTEX_POINT('',#168190);
#168210=EDGE_CURVE('',#168120,#168200,#168180,.T.);
#168220=ORIENTED_EDGE('',*,*,#168210,.F.);
#168230=CARTESIAN_POINT('',(-1.89122415595127,-3.59105222487757,7.0575))
;
#168240=DIRECTION('',(-1.,0.,0.));
#168250=VECTOR('',#168240,1.);
#168260=LINE('',#168230,#168250);
#168270=CARTESIAN_POINT('',(-1.91478915595127,-3.59105222487757,7.0575))
;
#168280=VERTEX_POINT('',#168270);
#168290=EDGE_CURVE('',#168200,#168280,#168260,.T.);
#168300=ORIENTED_EDGE('',*,*,#168290,.F.);
#168310=CARTESIAN_POINT('',(-1.91478915595127,-0.709445224877574,7.0575)
);
#168320=DIRECTION('',(0.,1.,0.));
#168330=VECTOR('',#168320,1.);
#168340=LINE('',#168310,#168330);
#168350=EDGE_CURVE('',#168280,#84260,#168340,.T.);
#168360=ORIENTED_EDGE('',*,*,#168350,.F.);
#168370=ORIENTED_EDGE('',*,*,#87640,.F.);
#168380=ORIENTED_EDGE('',*,*,#161740,.F.);
#168390=ORIENTED_EDGE('',*,*,#160430,.F.);
#168400=EDGE_LOOP('',(#168390,#168380,#168370,#168360,#168300,#168220,
#168140,#168060,#167970,#167890,#167800,#167720,#167640,#167550,#167470,
#167380,#167300,#167210,#167130,#167050,#167040));
#168410=FACE_OUTER_BOUND('',#168400,.T.);
#168420=ADVANCED_FACE('',(#168410),#71030,.T.);
#168430=CARTESIAN_POINT('',(-1.91478915595127,-3.59105222487757,6.8675))
;
#168440=DIRECTION('',(-1.,0.,0.));
#168450=DIRECTION('',(0.,1.,0.));
#168460=AXIS2_PLACEMENT_3D('',#168430,#168440,#168450);
#168470=PLANE('',#168460);
#168480=CARTESIAN_POINT('',(-1.91478915595127,1.00894777512243,
9.11500000000001));
#168490=DIRECTION('',(0.,0.889933250556875,0.4560907909104));
#168500=VECTOR('',#168490,1.);
#168510=LINE('',#168480,#168500);
#168520=CARTESIAN_POINT('',(-1.91478915595127,-3.39593027365806,6.8575))
;
#168530=VERTEX_POINT('',#168520);
#168540=EDGE_CURVE('',#168530,#84240,#168510,.T.);
#168550=ORIENTED_EDGE('',*,*,#168540,.F.);
#168560=ORIENTED_EDGE('',*,*,#84270,.F.);
#168570=ORIENTED_EDGE('',*,*,#168350,.T.);
#168580=CARTESIAN_POINT('',(-1.91478915595127,-3.59105222487757,7.0475))
;
#168590=DIRECTION('',(0.,0.,1.));
#168600=VECTOR('',#168590,1.);
#168610=LINE('',#168580,#168600);
#168620=CARTESIAN_POINT('',(-1.91478915595127,-3.59105222487757,6.8575))
;
#168630=VERTEX_POINT('',#168620);
#168640=EDGE_CURVE('',#168630,#168280,#168610,.T.);
#168650=ORIENTED_EDGE('',*,*,#168640,.T.);
#168660=CARTESIAN_POINT('',(-1.91478915595127,-0.709445224877574,6.8575)
);
#168670=DIRECTION('',(0.,1.,0.));
#168680=VECTOR('',#168670,1.);
#168690=LINE('',#168660,#168680);
#168700=EDGE_CURVE('',#168630,#168530,#168690,.T.);
#168710=ORIENTED_EDGE('',*,*,#168700,.F.);
#168720=EDGE_LOOP('',(#168710,#168650,#168570,#168560,#168550));
#168730=FACE_OUTER_BOUND('',#168720,.T.);
#168740=ADVANCED_FACE('',(#168730),#168470,.T.);
#168750=CARTESIAN_POINT('',(-1.76478915595127,-3.59105222487757,6.8675))
;
#168760=DIRECTION('',(0.,-1.,0.));
#168770=DIRECTION('',(-1.,0.,0.));
#168780=AXIS2_PLACEMENT_3D('',#168750,#168760,#168770);
#168790=PLANE('',#168780);
#168800=CARTESIAN_POINT('',(-1.89122415595127,-3.59105222487757,6.8575))
;
#168810=DIRECTION('',(-1.,0.,0.));
#168820=VECTOR('',#168810,1.);
#168830=LINE('',#168800,#168820);
#168840=CARTESIAN_POINT('',(-1.76478915595127,-3.59105222487757,6.8575))
;
#168850=VERTEX_POINT('',#168840);
#168860=EDGE_CURVE('',#168850,#168630,#168830,.T.);
#168870=ORIENTED_EDGE('',*,*,#168860,.F.);
#168880=ORIENTED_EDGE('',*,*,#168640,.F.);
#168890=ORIENTED_EDGE('',*,*,#168290,.T.);
#168900=CARTESIAN_POINT('',(-1.76478915595127,-3.59105222487757,6.8675))
;
#168910=DIRECTION('',(0.,0.,1.));
#168920=VECTOR('',#168910,1.);
#168930=LINE('',#168900,#168920);
#168940=EDGE_CURVE('',#168850,#168200,#168930,.T.);
#168950=ORIENTED_EDGE('',*,*,#168940,.T.);
#168960=EDGE_LOOP('',(#168950,#168890,#168880,#168870));
#168970=FACE_OUTER_BOUND('',#168960,.T.);
#168980=ADVANCED_FACE('',(#168970),#168790,.T.);
#168990=CARTESIAN_POINT('',(-1.76478915595127,-3.79105222487757,6.8675))
;
#169000=DIRECTION('',(-1.,0.,0.));
#169010=DIRECTION('',(0.,1.,0.));
#169020=AXIS2_PLACEMENT_3D('',#168990,#169000,#169010);
#169030=PLANE('',#169020);
#169040=CARTESIAN_POINT('',(-1.76478915595127,-0.709445224877574,6.8575)
);
#169050=DIRECTION('',(0.,1.,0.));
#169060=VECTOR('',#169050,1.);
#169070=LINE('',#169040,#169060);
#169080=CARTESIAN_POINT('',(-1.76478915595127,-3.79105222487757,6.8575))
;
#169090=VERTEX_POINT('',#169080);
#169100=EDGE_CURVE('',#169090,#168850,#169070,.T.);
#169110=ORIENTED_EDGE('',*,*,#169100,.F.);
#169120=ORIENTED_EDGE('',*,*,#168940,.F.);
#169130=ORIENTED_EDGE('',*,*,#168210,.T.);
#169140=CARTESIAN_POINT('',(-1.76478915595127,-3.79105222487757,6.8675))
;
#169150=DIRECTION('',(0.,0.,1.));
#169160=VECTOR('',#169150,1.);
#169170=LINE('',#169140,#169160);
#169180=EDGE_CURVE('',#169090,#168120,#169170,.T.);
#169190=ORIENTED_EDGE('',*,*,#169180,.T.);
#169200=EDGE_LOOP('',(#169190,#169130,#169120,#169110));
#169210=FACE_OUTER_BOUND('',#169200,.T.);
#169220=ADVANCED_FACE('',(#169210),#169030,.T.);
#169230=CARTESIAN_POINT('',(-2.00593293872788,-3.89990844210096,6.8675))
;
#169240=DIRECTION('',(-0.411437827766147,0.911437827766148,0.));
#169250=DIRECTION('',(0.911437827766148,0.411437827766147,0.));
#169260=AXIS2_PLACEMENT_3D('',#169230,#169240,#169250);
#169270=PLANE('',#169260);
#169280=CARTESIAN_POINT('',(-1.89122415595127,-3.84812703587276,6.8575))
;
#169290=DIRECTION('',(0.911437827766148,0.411437827766147,0.));
#169300=VECTOR('',#169290,1.);
#169310=LINE('',#169280,#169300);
#169320=CARTESIAN_POINT('',(-2.00593293872788,-3.89990844210096,6.8575))
;
#169330=VERTEX_POINT('',#169320);
#169340=EDGE_CURVE('',#169330,#169090,#169310,.T.);
#169350=ORIENTED_EDGE('',*,*,#169340,.F.);
#169360=ORIENTED_EDGE('',*,*,#169180,.F.);
#169370=ORIENTED_EDGE('',*,*,#168130,.T.);
#169380=CARTESIAN_POINT('',(-2.00593293872788,-3.89990844210096,7.0475))
;
#169390=DIRECTION('',(0.,0.,1.));
#169400=VECTOR('',#169390,1.);
#169410=LINE('',#169380,#169400);
#169420=EDGE_CURVE('',#169330,#168040,#169410,.T.);
#169430=ORIENTED_EDGE('',*,*,#169420,.T.);
#169440=EDGE_LOOP('',(#169430,#169370,#169360,#169350));
#169450=FACE_OUTER_BOUND('',#169440,.T.);
#169460=ADVANCED_FACE('',(#169450),#169270,.T.);
#169470=CARTESIAN_POINT('',(-1.96478915595127,-3.99105222487757,6.8675))
;
#169480=DIRECTION('',(0.,0.,1.));
#169490=DIRECTION('',(0.,1.,0.));
#169500=AXIS2_PLACEMENT_3D('',#169470,#169480,#169490);
#169510=CYLINDRICAL_SURFACE('',#169500,0.1);
#169520=CARTESIAN_POINT('',(-1.96478915595127,-3.99105222487757,6.8575))
;
#169530=DIRECTION('',(0.,0.,1.));
#169540=DIRECTION('',(0.,1.,0.));
#169550=AXIS2_PLACEMENT_3D('',#169520,#169530,#169540);
#169560=CIRCLE('',#169550,0.1);
#169570=CARTESIAN_POINT('',(-2.06478915595127,-3.99105222487757,6.8575))
;
#169580=VERTEX_POINT('',#169570);
#169590=EDGE_CURVE('',#169330,#169580,#169560,.T.);
#169600=ORIENTED_EDGE('',*,*,#169590,.T.);
#169610=ORIENTED_EDGE('',*,*,#169420,.F.);
#169620=ORIENTED_EDGE('',*,*,#168050,.F.);
#169630=CARTESIAN_POINT('',(-2.06478915595127,-3.99105222487757,6.8675))
;
#169640=DIRECTION('',(0.,0.,1.));
#169650=VECTOR('',#169640,1.);
#169660=LINE('',#169630,#169650);
#169670=EDGE_CURVE('',#169580,#167950,#169660,.T.);
#169680=ORIENTED_EDGE('',*,*,#169670,.T.);
#169690=EDGE_LOOP('',(#169680,#169620,#169610,#169600));
#169700=FACE_OUTER_BOUND('',#169690,.T.);
#169710=ADVANCED_FACE('',(#169700),#169510,.T.);
#169720=CARTESIAN_POINT('',(-2.06478915595127,-4.29105222487757,6.8675))
;
#169730=DIRECTION('',(-1.,0.,0.));
#169740=DIRECTION('',(0.,1.,0.));
#169750=AXIS2_PLACEMENT_3D('',#169720,#169730,#169740);
#169760=PLANE('',#169750);
#169770=CARTESIAN_POINT('',(-2.06478915595127,-0.709445224877574,6.8575)
);
#169780=DIRECTION('',(0.,1.,0.));
#169790=VECTOR('',#169780,1.);
#169800=LINE('',#169770,#169790);
#169810=CARTESIAN_POINT('',(-2.06478915595127,-4.29105222487757,6.8575))
;
#169820=VERTEX_POINT('',#169810);
#169830=EDGE_CURVE('',#169820,#169580,#169800,.T.);
#169840=ORIENTED_EDGE('',*,*,#169830,.F.);
#169850=ORIENTED_EDGE('',*,*,#169670,.F.);
#169860=ORIENTED_EDGE('',*,*,#167960,.T.);
#169870=CARTESIAN_POINT('',(-2.06478915595127,-4.29105222487757,6.8675))
;
#169880=DIRECTION('',(0.,0.,1.));
#169890=VECTOR('',#169880,1.);
#169900=LINE('',#169870,#169890);
#169910=EDGE_CURVE('',#169820,#167870,#169900,.T.);
#169920=ORIENTED_EDGE('',*,*,#169910,.T.);
#169930=EDGE_LOOP('',(#169920,#169860,#169850,#169840));
#169940=FACE_OUTER_BOUND('',#169930,.T.);
#169950=ADVANCED_FACE('',(#169940),#169760,.T.);
#169960=CARTESIAN_POINT('',(-1.96478915595127,-4.29105222487757,6.8675))
;
#169970=DIRECTION('',(0.,0.,1.));
#169980=DIRECTION('',(0.,1.,0.));
#169990=AXIS2_PLACEMENT_3D('',#169960,#169970,#169980);
#170000=CYLINDRICAL_SURFACE('',#169990,0.1);
#170010=CARTESIAN_POINT('',(-1.96478915595127,-4.29105222487757,6.8575))
;
#170020=DIRECTION('',(0.,0.,1.));
#170030=DIRECTION('',(0.,1.,0.));
#170040=AXIS2_PLACEMENT_3D('',#170010,#170020,#170030);
#170050=CIRCLE('',#170040,0.1);
#170060=CARTESIAN_POINT('',(-1.96478915595127,-4.39105222487757,6.8575))
;
#170070=VERTEX_POINT('',#170060);
#170080=EDGE_CURVE('',#169820,#170070,#170050,.T.);
#170090=ORIENTED_EDGE('',*,*,#170080,.T.);
#170100=ORIENTED_EDGE('',*,*,#169910,.F.);
#170110=ORIENTED_EDGE('',*,*,#167880,.F.);
#170120=CARTESIAN_POINT('',(-1.96478915595127,-4.39105222487757,6.8675))
;
#170130=DIRECTION('',(0.,0.,1.));
#170140=VECTOR('',#170130,1.);
#170150=LINE('',#170120,#170140);
#170160=EDGE_CURVE('',#170070,#167780,#170150,.T.);
#170170=ORIENTED_EDGE('',*,*,#170160,.T.);
#170180=EDGE_LOOP('',(#170170,#170110,#170100,#170090));
#170190=FACE_OUTER_BOUND('',#170180,.T.);
#170200=ADVANCED_FACE('',(#170190),#170000,.T.);
#170210=CARTESIAN_POINT('',(-1.69478915595127,-4.39105222487757,6.8675))
;
#170220=DIRECTION('',(0.,-1.,0.));
#170230=DIRECTION('',(-1.,0.,0.));
#170240=AXIS2_PLACEMENT_3D('',#170210,#170220,#170230);
#170250=PLANE('',#170240);
#170260=CARTESIAN_POINT('',(-1.89122415595127,-4.39105222487757,6.8575))
;
#170270=DIRECTION('',(-1.,0.,0.));
#170280=VECTOR('',#170270,1.);
#170290=LINE('',#170260,#170280);
#170300=CARTESIAN_POINT('',(-1.69478915595127,-4.39105222487757,6.8575))
;
#170310=VERTEX_POINT('',#170300);
#170320=EDGE_CURVE('',#170310,#170070,#170290,.T.);
#170330=ORIENTED_EDGE('',*,*,#170320,.F.);
#170340=ORIENTED_EDGE('',*,*,#170160,.F.);
#170350=ORIENTED_EDGE('',*,*,#167790,.T.);
#170360=CARTESIAN_POINT('',(-1.69478915595127,-4.39105222487757,7.0475))
;
#170370=DIRECTION('',(0.,0.,1.));
#170380=VECTOR('',#170370,1.);
#170390=LINE('',#170360,#170380);
#170400=EDGE_CURVE('',#170310,#167700,#170390,.T.);
#170410=ORIENTED_EDGE('',*,*,#170400,.T.);
#170420=EDGE_LOOP('',(#170410,#170350,#170340,#170330));
#170430=FACE_OUTER_BOUND('',#170420,.T.);
#170440=ADVANCED_FACE('',(#170430),#170250,.T.);
#170450=CARTESIAN_POINT('',(-1.69478915595127,-4.19105222487757,6.8675))
;
#170460=DIRECTION('',(1.,0.,0.));
#170470=DIRECTION('',(0.,-1.,0.));
#170480=AXIS2_PLACEMENT_3D('',#170450,#170460,#170470);
#170490=PLANE('',#170480);
#170500=CARTESIAN_POINT('',(-1.69478915595127,-0.709445224877574,6.8575)
);
#170510=DIRECTION('',(0.,-1.,0.));
#170520=VECTOR('',#170510,1.);
#170530=LINE('',#170500,#170520);
#170540=CARTESIAN_POINT('',(-1.69478915595127,-4.19105222487757,6.8575))
;
#170550=VERTEX_POINT('',#170540);
#170560=EDGE_CURVE('',#170550,#170310,#170530,.T.);
#170570=ORIENTED_EDGE('',*,*,#170560,.F.);
#170580=ORIENTED_EDGE('',*,*,#170400,.F.);
#170590=ORIENTED_EDGE('',*,*,#167710,.T.);
#170600=CARTESIAN_POINT('',(-1.69478915595127,-4.19105222487757,6.8675))
;
#170610=DIRECTION('',(0.,0.,1.));
#170620=VECTOR('',#170610,1.);
#170630=LINE('',#170600,#170620);
#170640=EDGE_CURVE('',#170550,#167620,#170630,.T.);
#170650=ORIENTED_EDGE('',*,*,#170640,.T.);
#170660=EDGE_LOOP('',(#170650,#170590,#170580,#170570));
#170670=FACE_OUTER_BOUND('',#170660,.T.);
#170680=ADVANCED_FACE('',(#170670),#170490,.T.);
#170690=CARTESIAN_POINT('',(-1.59478915595127,-4.19105222487757,6.8675))
;
#170700=DIRECTION('',(0.,0.,1.));
#170710=DIRECTION('',(0.,1.,0.));
#170720=AXIS2_PLACEMENT_3D('',#170690,#170700,#170710);
#170730=CYLINDRICAL_SURFACE('',#170720,0.1);
#170740=CARTESIAN_POINT('',(-1.59478915595127,-4.19105222487757,6.8575))
;
#170750=DIRECTION('',(0.,0.,1.));
#170760=DIRECTION('',(0.,1.,0.));
#170770=AXIS2_PLACEMENT_3D('',#170740,#170750,#170760);
#170780=CIRCLE('',#170770,0.1);
#170790=CARTESIAN_POINT('',(-1.59478915595127,-4.09105222487757,6.8575))
;
#170800=VERTEX_POINT('',#170790);
#170810=EDGE_CURVE('',#170800,#170550,#170780,.T.);
#170820=ORIENTED_EDGE('',*,*,#170810,.F.);
#170830=ORIENTED_EDGE('',*,*,#170640,.F.);
#170840=ORIENTED_EDGE('',*,*,#167630,.T.);
#170850=CARTESIAN_POINT('',(-1.59478915595127,-4.09105222487757,6.8675))
;
#170860=DIRECTION('',(0.,0.,1.));
#170870=VECTOR('',#170860,1.);
#170880=LINE('',#170850,#170870);
#170890=EDGE_CURVE('',#170800,#167530,#170880,.T.);
#170900=ORIENTED_EDGE('',*,*,#170890,.T.);
#170910=EDGE_LOOP('',(#170900,#170840,#170830,#170820));
#170920=FACE_OUTER_BOUND('',#170910,.T.);
#170930=ADVANCED_FACE('',(#170920),#170730,.F.);
#170940=CARTESIAN_POINT('',(-1.56478915595127,-4.09105222487757,6.8675))
;
#170950=DIRECTION('',(0.,-1.,0.));
#170960=DIRECTION('',(-1.,0.,0.));
#170970=AXIS2_PLACEMENT_3D('',#170940,#170950,#170960);
#170980=PLANE('',#170970);
#170990=CARTESIAN_POINT('',(-1.89122415595127,-4.09105222487757,6.8575))
;
#171000=DIRECTION('',(-1.,0.,0.));
#171010=VECTOR('',#171000,1.);
#171020=LINE('',#170990,#171010);
#171030=CARTESIAN_POINT('',(-1.56478915595127,-4.09105222487757,6.8575))
;
#171040=VERTEX_POINT('',#171030);
#171050=EDGE_CURVE('',#171040,#170800,#171020,.T.);
#171060=ORIENTED_EDGE('',*,*,#171050,.F.);
#171070=ORIENTED_EDGE('',*,*,#170890,.F.);
#171080=ORIENTED_EDGE('',*,*,#167540,.T.);
#171090=CARTESIAN_POINT('',(-1.56478915595127,-4.09105222487757,6.8675))
;
#171100=DIRECTION('',(0.,0.,1.));
#171110=VECTOR('',#171100,1.);
#171120=LINE('',#171090,#171110);
#171130=EDGE_CURVE('',#171040,#167450,#171120,.T.);
#171140=ORIENTED_EDGE('',*,*,#171130,.T.);
#171150=EDGE_LOOP('',(#171140,#171080,#171070,#171060));
#171160=FACE_OUTER_BOUND('',#171150,.T.);
#171170=ADVANCED_FACE('',(#171160),#170980,.T.);
#171180=CARTESIAN_POINT('',(-1.46478915595127,-3.79105222487757,6.8675))
;
#171190=DIRECTION('',(1.,0.,0.));
#171200=DIRECTION('',(0.,-1.,0.));
#171210=AXIS2_PLACEMENT_3D('',#171180,#171190,#171200);
#171220=PLANE('',#171210);
#171230=CARTESIAN_POINT('',(-1.46478915595127,-0.709445224877574,6.8575)
);
#171240=DIRECTION('',(0.,-1.,0.));
#171250=VECTOR('',#171240,1.);
#171260=LINE('',#171230,#171250);
#171270=CARTESIAN_POINT('',(-1.46478915595127,-3.79105222487757,6.8575))
;
#171280=VERTEX_POINT('',#171270);
#171290=CARTESIAN_POINT('',(-1.46478915595127,-3.99105222487757,6.8575))
;
#171300=VERTEX_POINT('',#171290);
#171310=EDGE_CURVE('',#171280,#171300,#171260,.T.);
#171320=ORIENTED_EDGE('',*,*,#171310,.F.);
#171330=CARTESIAN_POINT('',(-1.46478915595127,-3.99105222487757,7.0475))
;
#171340=DIRECTION('',(0.,0.,1.));
#171350=VECTOR('',#171340,1.);
#171360=LINE('',#171330,#171350);
#171370=EDGE_CURVE('',#171300,#167360,#171360,.T.);
#171380=ORIENTED_EDGE('',*,*,#171370,.F.);
#171390=ORIENTED_EDGE('',*,*,#167370,.T.);
#171400=CARTESIAN_POINT('',(-1.46478915595127,-3.79105222487757,7.0475))
;
#171410=DIRECTION('',(0.,0.,1.));
#171420=VECTOR('',#171410,1.);
#171430=LINE('',#171400,#171420);
#171440=EDGE_CURVE('',#171280,#167280,#171430,.T.);
#171450=ORIENTED_EDGE('',*,*,#171440,.T.);
#171460=EDGE_LOOP('',(#171450,#171390,#171380,#171320));
#171470=FACE_OUTER_BOUND('',#171460,.T.);
#171480=ADVANCED_FACE('',(#171470),#171220,.T.);
#171490=CARTESIAN_POINT('',(-1.36478915595127,-3.79105222487757,6.8675))
;
#171500=DIRECTION('',(0.,0.,1.));
#171510=DIRECTION('',(0.,1.,0.));
#171520=AXIS2_PLACEMENT_3D('',#171490,#171500,#171510);
#171530=CYLINDRICAL_SURFACE('',#171520,0.1);
#171540=CARTESIAN_POINT('',(-1.36478915595127,-3.79105222487757,6.8575))
;
#171550=DIRECTION('',(0.,0.,1.));
#171560=DIRECTION('',(0.,1.,0.));
#171570=AXIS2_PLACEMENT_3D('',#171540,#171550,#171560);
#171580=CIRCLE('',#171570,0.1);
#171590=CARTESIAN_POINT('',(-1.36478915595127,-3.69105222487757,6.8575))
;
#171600=VERTEX_POINT('',#171590);
#171610=EDGE_CURVE('',#171600,#171280,#171580,.T.);
#171620=ORIENTED_EDGE('',*,*,#171610,.F.);
#171630=ORIENTED_EDGE('',*,*,#171440,.F.);
#171640=ORIENTED_EDGE('',*,*,#167290,.T.);
#171650=CARTESIAN_POINT('',(-1.36478915595127,-3.69105222487757,6.8675))
;
#171660=DIRECTION('',(0.,0.,1.));
#171670=VECTOR('',#171660,1.);
#171680=LINE('',#171650,#171670);
#171690=EDGE_CURVE('',#171600,#167190,#171680,.T.);
#171700=ORIENTED_EDGE('',*,*,#171690,.T.);
#171710=EDGE_LOOP('',(#171700,#171640,#171630,#171620));
#171720=FACE_OUTER_BOUND('',#171710,.T.);
#171730=ADVANCED_FACE('',(#171720),#171530,.F.);
#171740=CARTESIAN_POINT('',(-0.0647891559512659,-3.69105222487757,6.8675
));
#171750=DIRECTION('',(0.,-1.,0.));
#171760=DIRECTION('',(-1.,0.,0.));
#171770=AXIS2_PLACEMENT_3D('',#171740,#171750,#171760);
#171780=PLANE('',#171770);
#171790=CARTESIAN_POINT('',(-1.89122415595127,-3.69105222487757,6.8575))
;
#171800=DIRECTION('',(-1.,0.,0.));
#171810=VECTOR('',#171800,1.);
#171820=LINE('',#171790,#171810);
#171830=CARTESIAN_POINT('',(-0.0647891559512659,-3.69105222487757,6.8575
));
#171840=VERTEX_POINT('',#171830);
#171850=EDGE_CURVE('',#171840,#171600,#171820,.T.);
#171860=ORIENTED_EDGE('',*,*,#171850,.F.);
#171870=ORIENTED_EDGE('',*,*,#171690,.F.);
#171880=ORIENTED_EDGE('',*,*,#167200,.T.);
#171890=CARTESIAN_POINT('',(-0.0647891559512659,-3.69105222487757,7.0475
));
#171900=DIRECTION('',(0.,0.,1.));
#171910=VECTOR('',#171900,1.);
#171920=LINE('',#171890,#171910);
#171930=EDGE_CURVE('',#171840,#167110,#171920,.T.);
#171940=ORIENTED_EDGE('',*,*,#171930,.T.);
#171950=EDGE_LOOP('',(#171940,#171880,#171870,#171860));
#171960=FACE_OUTER_BOUND('',#171950,.T.);
#171970=ADVANCED_FACE('',(#171960),#171780,.T.);
#171980=CARTESIAN_POINT('',(-0.0647891559512659,-3.34105222487757,6.8675
));
#171990=DIRECTION('',(1.,0.,0.));
#172000=DIRECTION('',(0.,-1.,0.));
#172010=AXIS2_PLACEMENT_3D('',#171980,#171990,#172000);
#172020=PLANE('',#172010);
#172030=CARTESIAN_POINT('',(-0.0647891559512659,-0.709445224877574,
6.8575));
#172040=DIRECTION('',(0.,-1.,0.));
#172050=VECTOR('',#172040,1.);
#172060=LINE('',#172030,#172050);
#172070=CARTESIAN_POINT('',(-0.0647891559512659,-3.39593027365806,6.8575
));
#172080=VERTEX_POINT('',#172070);
#172090=EDGE_CURVE('',#172080,#171840,#172060,.T.);
#172100=ORIENTED_EDGE('',*,*,#172090,.F.);
#172110=ORIENTED_EDGE('',*,*,#171930,.F.);
#172120=ORIENTED_EDGE('',*,*,#167120,.T.);
#172130=ORIENTED_EDGE('',*,*,#105720,.F.);
#172140=CARTESIAN_POINT('',(-0.0647891559512659,1.00894777512243,
9.11500000000001));
#172150=DIRECTION('',(0.,-0.889933250556875,-0.4560907909104));
#172160=VECTOR('',#172150,1.);
#172170=LINE('',#172140,#172160);
#172180=EDGE_CURVE('',#105630,#172080,#172170,.T.);
#172190=ORIENTED_EDGE('',*,*,#172180,.F.);
#172200=EDGE_LOOP('',(#172190,#172130,#172120,#172110,#172100));
#172210=FACE_OUTER_BOUND('',#172200,.T.);
#172220=ADVANCED_FACE('',(#172210),#172020,.T.);
#172230=CARTESIAN_POINT('',(-1.56478915595127,-3.99105222487757,6.8675))
;
#172240=DIRECTION('',(0.,0.,1.));
#172250=DIRECTION('',(0.,1.,0.));
#172260=AXIS2_PLACEMENT_3D('',#172230,#172240,#172250);
#172270=CYLINDRICAL_SURFACE('',#172260,0.1);
#172280=CARTESIAN_POINT('',(-1.56478915595127,-3.99105222487757,6.8575))
;
#172290=DIRECTION('',(0.,0.,1.));
#172300=DIRECTION('',(0.,1.,0.));
#172310=AXIS2_PLACEMENT_3D('',#172280,#172290,#172300);
#172320=CIRCLE('',#172310,0.1);
#172330=EDGE_CURVE('',#171040,#171300,#172320,.T.);
#172340=ORIENTED_EDGE('',*,*,#172330,.T.);
#172350=ORIENTED_EDGE('',*,*,#171130,.F.);
#172360=ORIENTED_EDGE('',*,*,#167460,.F.);
#172370=ORIENTED_EDGE('',*,*,#171370,.T.);
#172380=EDGE_LOOP('',(#172370,#172360,#172350,#172340));
#172390=FACE_OUTER_BOUND('',#172380,.T.);
#172400=ADVANCED_FACE('',(#172390),#172270,.T.);
#172410=CARTESIAN_POINT('',(0.0352108440487342,-3.39105222487758,6.86));
#172420=DIRECTION('',(0.,-0.4560907909104,0.889933250556875));
#172430=DIRECTION('',(0.,0.889933250556875,0.4560907909104));
#172440=AXIS2_PLACEMENT_3D('',#172410,#172420,#172430);
#172450=PLANE('',#172440);
#172460=ORIENTED_EDGE('',*,*,#105540,.F.);
#172470=ORIENTED_EDGE('',*,*,#105180,.T.);
#172480=ORIENTED_EDGE('',*,*,#84350,.T.);
#172490=ORIENTED_EDGE('',*,*,#168540,.T.);
#172500=CARTESIAN_POINT('',(-0.264789155951266,-3.39593027365807,6.8575)
);
#172510=DIRECTION('',(-1.,0.,0.));
#172520=VECTOR('',#172510,1.);
#172530=LINE('',#172500,#172520);
#172540=EDGE_CURVE('',#172080,#168530,#172530,.T.);
#172550=ORIENTED_EDGE('',*,*,#172540,.T.);
#172560=ORIENTED_EDGE('',*,*,#172180,.T.);
#172570=ORIENTED_EDGE('',*,*,#105640,.T.);
#172580=ORIENTED_EDGE('',*,*,#99130,.F.);
#172590=EDGE_LOOP('',(#172580,#172570,#172560,#172550,#172490,#172480,
#172470,#172460));
#172600=FACE_OUTER_BOUND('',#172590,.T.);
#172610=ADVANCED_FACE('',(#172600),#172450,.T.);
#172620=ORIENTED_EDGE('',*,*,#172540,.F.);
#172630=ORIENTED_EDGE('',*,*,#168700,.T.);
#172640=ORIENTED_EDGE('',*,*,#168860,.T.);
#172650=ORIENTED_EDGE('',*,*,#169100,.T.);
#172660=ORIENTED_EDGE('',*,*,#169340,.T.);
#172670=ORIENTED_EDGE('',*,*,#169590,.F.);
#172680=ORIENTED_EDGE('',*,*,#169830,.T.);
#172690=ORIENTED_EDGE('',*,*,#170080,.F.);
#172700=ORIENTED_EDGE('',*,*,#170320,.T.);
#172710=ORIENTED_EDGE('',*,*,#170560,.T.);
#172720=ORIENTED_EDGE('',*,*,#170810,.T.);
#172730=ORIENTED_EDGE('',*,*,#171050,.T.);
#172740=ORIENTED_EDGE('',*,*,#172330,.F.);
#172750=ORIENTED_EDGE('',*,*,#171310,.T.);
#172760=ORIENTED_EDGE('',*,*,#171610,.T.);
#172770=ORIENTED_EDGE('',*,*,#171850,.T.);
#172780=ORIENTED_EDGE('',*,*,#172090,.T.);
#172790=EDGE_LOOP('',(#172780,#172770,#172760,#172750,#172740,#172730,
#172720,#172710,#172700,#172690,#172680,#172670,#172660,#172650,#172640,
#172630,#172620));
#172800=FACE_OUTER_BOUND('',#172790,.T.);
#172810=ADVANCED_FACE('',(#172800),#71350,.T.);
#172820=CARTESIAN_POINT('',(-2.01478915595127,1.00894777512243,7.055));
#172830=DIRECTION('',(0.,0.,-1.));
#172840=DIRECTION('',(-1.,0.,0.));
#172850=AXIS2_PLACEMENT_3D('',#172820,#172830,#172840);
#172860=PLANE('',#172850);
#172870=ORIENTED_EDGE('',*,*,#71840,.T.);
#172880=CARTESIAN_POINT('',(-0.264789155951266,1.00894777512243,7.055));
#172890=DIRECTION('',(0.,-1.,0.));
#172900=VECTOR('',#172890,1.);
#172910=LINE('',#172880,#172900);
#172920=EDGE_CURVE('',#74460,#71750,#172910,.T.);
#172930=ORIENTED_EDGE('',*,*,#172920,.T.);
#172940=ORIENTED_EDGE('',*,*,#74470,.F.);
#172950=EDGE_LOOP('',(#172940,#172930,#172870));
#172960=FACE_OUTER_BOUND('',#172950,.T.);
#172970=ADVANCED_FACE('',(#172960),#172860,.T.);
#172980=CARTESIAN_POINT('',(-0.264789155951266,-1.19105222487757,7.055))
;
#172990=DIRECTION('',(-1.,0.,0.));
#173000=DIRECTION('',(0.,-1.,0.));
#173010=AXIS2_PLACEMENT_3D('',#172980,#172990,#173000);
#173020=PLANE('',#173010);
#173030=ORIENTED_EDGE('',*,*,#71430,.T.);
#173040=ORIENTED_EDGE('',*,*,#65550,.T.);
#173050=CARTESIAN_POINT('',(-0.264789155951266,1.00894777512243,6.8325))
;
#173060=DIRECTION('',(0.,-1.,0.));
#173070=VECTOR('',#173060,1.);
#173080=LINE('',#173050,#173070);
#173090=EDGE_CURVE('',#75940,#65460,#173080,.T.);
#173100=ORIENTED_EDGE('',*,*,#173090,.T.);
#173110=ORIENTED_EDGE('',*,*,#75950,.T.);
#173120=ORIENTED_EDGE('',*,*,#172920,.F.);
#173130=ORIENTED_EDGE('',*,*,#71760,.T.);
#173140=EDGE_LOOP('',(#173130,#173120,#173110,#173100,#173040,#173030));
#173150=FACE_OUTER_BOUND('',#173140,.T.);
#173160=ADVANCED_FACE('',(#173150),#173020,.T.);
#173170=CARTESIAN_POINT('',(-0.814789155951266,1.00894777512243,6.8325))
;
#173180=DIRECTION('',(1.,0.,0.));
#173190=DIRECTION('',(0.,0.,1.));
#173200=AXIS2_PLACEMENT_3D('',#173170,#173180,#173190);
#173210=PLANE('',#173200);
#173220=ORIENTED_EDGE('',*,*,#65230,.T.);
#173230=ORIENTED_EDGE('',*,*,#70390,.T.);
#173240=ORIENTED_EDGE('',*,*,#65870,.F.);
#173250=ORIENTED_EDGE('',*,*,#67470,.T.);
#173260=ORIENTED_EDGE('',*,*,#69910,.T.);
#173270=ORIENTED_EDGE('',*,*,#66520,.T.);
#173280=EDGE_LOOP('',(#173270,#173260,#173250,#173240,#173230,#173220));
#173290=FACE_OUTER_BOUND('',#173280,.T.);
#173300=ADVANCED_FACE('',(#173290),#173210,.T.);
#173310=CARTESIAN_POINT('',(-1.21478915595127,-1.69105222487758,5.4575))
;
#173320=DIRECTION('',(-1.,0.,0.));
#173330=DIRECTION('',(0.,-1.,0.));
#173340=AXIS2_PLACEMENT_3D('',#173310,#173320,#173330);
#173350=PLANE('',#173340);
#173360=ORIENTED_EDGE('',*,*,#66290,.T.);
#173370=ORIENTED_EDGE('',*,*,#67110,.T.);
#173380=ORIENTED_EDGE('',*,*,#53670,.T.);
#173390=ORIENTED_EDGE('',*,*,#105440,.T.);
#173400=EDGE_LOOP('',(#173390,#173380,#173370,#173360));
#173410=FACE_OUTER_BOUND('',#173400,.T.);
#173420=ADVANCED_FACE('',(#173410),#173350,.F.);
#173430=CARTESIAN_POINT('',(-1.11063398898803,-3.07057898015425,6.8325))
;
#173440=DIRECTION('',(0.,0.,1.));
#173450=DIRECTION('',(1.,0.,0.));
#173460=AXIS2_PLACEMENT_3D('',#173430,#173440,#173450);
#173470=PLANE('',#173460);
#173480=ORIENTED_EDGE('',*,*,#65470,.T.);
#173490=ORIENTED_EDGE('',*,*,#99320,.F.);
#173500=ORIENTED_EDGE('',*,*,#76030,.F.);
#173510=ORIENTED_EDGE('',*,*,#173090,.F.);
#173520=EDGE_LOOP('',(#173510,#173500,#173490,#173480));
#173530=FACE_OUTER_BOUND('',#173520,.T.);
#173540=ADVANCED_FACE('',(#173530),#173470,.F.);
#173550=ORIENTED_EDGE('',*,*,#70840,.T.);
#173560=ORIENTED_EDGE('',*,*,#74610,.F.);
#173570=ORIENTED_EDGE('',*,*,#73850,.T.);
#173580=CARTESIAN_POINT('',(-0.464789155951266,-1.29105222487757,7.3575)
);
#173590=DIRECTION('',(0.,0.,1.));
#173600=DIRECTION('',(0.,1.,0.));
#173610=AXIS2_PLACEMENT_3D('',#173580,#173590,#173600);
#173620=CIRCLE('',#173610,0.2);
#173630=EDGE_CURVE('',#73760,#70830,#173620,.T.);
#173640=ORIENTED_EDGE('',*,*,#173630,.F.);
#173650=EDGE_LOOP('',(#173640,#173570,#173560,#173550));
#173660=FACE_OUTER_BOUND('',#173650,.T.);
#173670=ADVANCED_FACE('',(#173660),#166280,.T.);
#173680=CARTESIAN_POINT('',(-0.464789155951266,-1.29105222487757,7.3675)
);
#173690=DIRECTION('',(0.,0.,1.));
#173700=DIRECTION('',(0.,1.,0.));
#173710=AXIS2_PLACEMENT_3D('',#173680,#173690,#173700);
#173720=CYLINDRICAL_SURFACE('',#173710,0.2);
#173730=ORIENTED_EDGE('',*,*,#72450,.T.);
#173740=ORIENTED_EDGE('',*,*,#173630,.T.);
#173750=ORIENTED_EDGE('',*,*,#73770,.F.);
#173760=CARTESIAN_POINT('',(-0.464789155951266,-1.29105222487757,7.5575)
);
#173770=DIRECTION('',(0.,0.,1.));
#173780=DIRECTION('',(0.,1.,0.));
#173790=AXIS2_PLACEMENT_3D('',#173760,#173770,#173780);
#173800=CIRCLE('',#173790,0.2);
#173810=EDGE_CURVE('',#73680,#64900,#173800,.T.);
#173820=ORIENTED_EDGE('',*,*,#173810,.F.);
#173830=EDGE_LOOP('',(#173820,#173750,#173740,#173730));
#173840=FACE_OUTER_BOUND('',#173830,.T.);
#173850=ADVANCED_FACE('',(#173840),#173720,.T.);
#173860=ORIENTED_EDGE('',*,*,#64750,.F.);
#173870=ORIENTED_EDGE('',*,*,#64970,.T.);
#173880=ORIENTED_EDGE('',*,*,#173810,.T.);
#173890=ORIENTED_EDGE('',*,*,#73690,.F.);
#173900=EDGE_LOOP('',(#173890,#173880,#173870,#173860));
#173910=FACE_OUTER_BOUND('',#173900,.T.);
#173920=ADVANCED_FACE('',(#173910),#166620,.T.);
#173930=ORIENTED_EDGE('',*,*,#64870,.T.);
#173940=ORIENTED_EDGE('',*,*,#64610,.F.);
#173950=CARTESIAN_POINT('',(-0.600580113963836,-0.709445224877575,7.8575
));
#173960=DIRECTION('',(0.5,-0.866025403784439,0.));
#173970=VECTOR('',#173960,1.);
#173980=LINE('',#173950,#173970);
#173990=CARTESIAN_POINT('',(-0.364789155951266,-1.11784714412069,7.8575)
);
#174000=VERTEX_POINT('',#173990);
#174010=EDGE_CURVE('',#174000,#64520,#173980,.T.);
#174020=ORIENTED_EDGE('',*,*,#174010,.T.);
#174030=CARTESIAN_POINT('',(-0.464789155951266,-1.29105222487757,7.8575)
);
#174040=DIRECTION('',(0.,0.,1.));
#174050=DIRECTION('',(0.,1.,0.));
#174060=AXIS2_PLACEMENT_3D('',#174030,#174040,#174050);
#174070=CIRCLE('',#174060,0.2);
#174080=EDGE_CURVE('',#174000,#64860,#174070,.T.);
#174090=ORIENTED_EDGE('',*,*,#174080,.F.);
#174100=EDGE_LOOP('',(#174090,#174020,#173940,#173930));
#174110=FACE_OUTER_BOUND('',#174100,.T.);
#174120=ADVANCED_FACE('',(#174110),#147560,.T.);
#174130=CARTESIAN_POINT('',(-0.364789155951266,-1.11784714412069,7.8675)
);
#174140=DIRECTION('',(0.866025403784439,0.5,0.));
#174150=DIRECTION('',(0.5,-0.866025403784439,0.));
#174160=AXIS2_PLACEMENT_3D('',#174130,#174140,#174150);
#174170=PLANE('',#174160);
#174180=CARTESIAN_POINT('',(-1.5926947750874,1.00894777512243,8.055));
#174190=DIRECTION('',(-0.5,0.866025403784439,0.));
#174200=VECTOR('',#174190,1.);
#174210=LINE('',#174180,#174200);
#174220=CARTESIAN_POINT('',(-0.264789155951266,-1.29105222487757,8.055))
;
#174230=VERTEX_POINT('',#174220);
#174240=CARTESIAN_POINT('',(-0.322524182870228,-1.19105222487757,8.055))
;
#174250=VERTEX_POINT('',#174240);
#174260=EDGE_CURVE('',#174230,#174250,#174210,.T.);
#174270=ORIENTED_EDGE('',*,*,#174260,.F.);
#174280=CARTESIAN_POINT('',(-0.322524182870228,-1.19105222487757,9.235))
;
#174290=DIRECTION('',(0.,0.,1.));
#174300=VECTOR('',#174290,1.);
#174310=LINE('',#174280,#174300);
#174320=EDGE_CURVE('',#174250,#63860,#174310,.T.);
#174330=ORIENTED_EDGE('',*,*,#174320,.F.);
#174340=ORIENTED_EDGE('',*,*,#64030,.T.);
#174350=CARTESIAN_POINT('',(-0.364789155951266,-1.11784714412069,8.0475)
);
#174360=DIRECTION('',(0.,0.,1.));
#174370=VECTOR('',#174360,1.);
#174380=LINE('',#174350,#174370);
#174390=EDGE_CURVE('',#174000,#63960,#174380,.T.);
#174400=ORIENTED_EDGE('',*,*,#174390,.T.);
#174410=ORIENTED_EDGE('',*,*,#174010,.F.);
#174420=ORIENTED_EDGE('',*,*,#64530,.F.);
#174430=CARTESIAN_POINT('',(-1.5926947750874,1.00894777512243,7.86));
#174440=DIRECTION('',(-0.5,0.866025403784439,0.));
#174450=VECTOR('',#174440,1.);
#174460=LINE('',#174430,#174450);
#174470=CARTESIAN_POINT('',(-0.264789155951266,-1.29105222487757,7.86));
#174480=VERTEX_POINT('',#174470);
#174490=EDGE_CURVE('',#174480,#64440,#174460,.T.);
#174500=ORIENTED_EDGE('',*,*,#174490,.T.);
#174510=CARTESIAN_POINT('',(-0.264789155951266,-1.29105222487758,9.235))
;
#174520=DIRECTION('',(0.,0.,1.));
#174530=VECTOR('',#174520,1.);
#174540=LINE('',#174510,#174530);
#174550=EDGE_CURVE('',#174480,#174230,#174540,.T.);
#174560=ORIENTED_EDGE('',*,*,#174550,.F.);
#174570=EDGE_LOOP('',(#174560,#174500,#174420,#174410,#174400,#174340,
#174330,#174270));
#174580=FACE_OUTER_BOUND('',#174570,.T.);
#174590=ADVANCED_FACE('',(#174580),#174170,.T.);
#174600=CARTESIAN_POINT('',(-0.464789155951266,-1.29105222487757,7.8675)
);
#174610=DIRECTION('',(0.,0.,1.));
#174620=DIRECTION('',(0.,1.,0.));
#174630=AXIS2_PLACEMENT_3D('',#174600,#174610,#174620);
#174640=CYLINDRICAL_SURFACE('',#174630,0.2);
#174650=ORIENTED_EDGE('',*,*,#72520,.T.);
#174660=ORIENTED_EDGE('',*,*,#174080,.T.);
#174670=ORIENTED_EDGE('',*,*,#174390,.F.);
#174680=ORIENTED_EDGE('',*,*,#63970,.F.);
#174690=EDGE_LOOP('',(#174680,#174670,#174660,#174650));
#174700=FACE_OUTER_BOUND('',#174690,.T.);
#174710=ADVANCED_FACE('',(#174700),#174640,.T.);
#174720=CARTESIAN_POINT('',(-0.264789155951266,-1.19105222487757,8.055))
;
#174730=DIRECTION('',(-1.,0.,0.));
#174740=DIRECTION('',(0.,-1.,0.));
#174750=AXIS2_PLACEMENT_3D('',#174720,#174730,#174740);
#174760=PLANE('',#174750);
#174770=ORIENTED_EDGE('',*,*,#174550,.T.);
#174780=CARTESIAN_POINT('',(-0.264789155951266,1.00894777512243,7.86));
#174790=DIRECTION('',(0.,-1.,0.));
#174800=VECTOR('',#174790,1.);
#174810=LINE('',#174780,#174800);
#174820=EDGE_CURVE('',#64360,#174480,#174810,.T.);
#174830=ORIENTED_EDGE('',*,*,#174820,.T.);
#174840=ORIENTED_EDGE('',*,*,#75790,.T.);
#174850=CARTESIAN_POINT('',(-0.264789155951266,1.00894777512243,8.055));
#174860=DIRECTION('',(0.,-1.,0.));
#174870=VECTOR('',#174860,1.);
#174880=LINE('',#174850,#174870);
#174890=EDGE_CURVE('',#75720,#174230,#174880,.T.);
#174900=ORIENTED_EDGE('',*,*,#174890,.F.);
#174910=EDGE_LOOP('',(#174900,#174840,#174830,#174770));
#174920=FACE_OUTER_BOUND('',#174910,.T.);
#174930=ADVANCED_FACE('',(#174920),#174760,.T.);
#174940=CARTESIAN_POINT('',(-2.01478915595127,1.00894777512243,8.055));
#174950=DIRECTION('',(0.,0.,-1.));
#174960=DIRECTION('',(-1.,0.,0.));
#174970=AXIS2_PLACEMENT_3D('',#174940,#174950,#174960);
#174980=PLANE('',#174970);
#174990=ORIENTED_EDGE('',*,*,#174260,.T.);
#175000=ORIENTED_EDGE('',*,*,#174890,.T.);
#175010=CARTESIAN_POINT('',(-2.01478915595127,-1.19105222487757,8.055));
#175020=DIRECTION('',(-1.,0.,0.));
#175030=VECTOR('',#175020,1.);
#175040=LINE('',#175010,#175030);
#175050=EDGE_CURVE('',#75720,#174250,#175040,.T.);
#175060=ORIENTED_EDGE('',*,*,#175050,.F.);
#175070=EDGE_LOOP('',(#175060,#175000,#174990));
#175080=FACE_OUTER_BOUND('',#175070,.T.);
#175090=ADVANCED_FACE('',(#175080),#174980,.T.);
#175100=CARTESIAN_POINT('',(-0.264789155951265,-1.19105222487757,8.36));
#175110=DIRECTION('',(0.,1.,0.));
#175120=DIRECTION('',(-1.,0.,0.));
#175130=AXIS2_PLACEMENT_3D('',#175100,#175110,#175120);
#175140=PLANE('',#175130);
#175150=ORIENTED_EDGE('',*,*,#174320,.T.);
#175160=ORIENTED_EDGE('',*,*,#175050,.T.);
#175170=ORIENTED_EDGE('',*,*,#75730,.T.);
#175180=CARTESIAN_POINT('',(-0.264789155951266,-1.19105222487757,8.36));
#175190=DIRECTION('',(-1.,0.,0.));
#175200=VECTOR('',#175190,1.);
#175210=LINE('',#175180,#175200);
#175220=CARTESIAN_POINT('',(-0.322524182870228,-1.19105222487757,8.36));
#175230=VERTEX_POINT('',#175220);
#175240=EDGE_CURVE('',#75640,#175230,#175210,.T.);
#175250=ORIENTED_EDGE('',*,*,#175240,.F.);
#175260=CARTESIAN_POINT('',(-0.322524182870228,-1.19105222487757,9.235))
;
#175270=DIRECTION('',(0.,0.,1.));
#175280=VECTOR('',#175270,1.);
#175290=LINE('',#175260,#175280);
#175300=CARTESIAN_POINT('',(-0.322524182870228,-1.19105222487757,8.3575)
);
#175310=VERTEX_POINT('',#175300);
#175320=EDGE_CURVE('',#175310,#175230,#175290,.T.);
#175330=ORIENTED_EDGE('',*,*,#175320,.T.);
#175340=CARTESIAN_POINT('',(-0.264789155951266,-1.19105222487757,8.3575)
);
#175350=DIRECTION('',(1.,0.,0.));
#175360=VECTOR('',#175350,1.);
#175370=LINE('',#175340,#175360);
#175380=EDGE_CURVE('',#63600,#175310,#175370,.T.);
#175390=ORIENTED_EDGE('',*,*,#175380,.T.);
#175400=ORIENTED_EDGE('',*,*,#63610,.T.);
#175410=ORIENTED_EDGE('',*,*,#63870,.T.);
#175420=EDGE_LOOP('',(#175410,#175400,#175390,#175330,#175250,#175170,
#175160,#175150));
#175430=FACE_OUTER_BOUND('',#175420,.T.);
#175440=ADVANCED_FACE('',(#175430),#175140,.T.);
#175450=ORIENTED_EDGE('',*,*,#63690,.T.);
#175460=ORIENTED_EDGE('',*,*,#175380,.F.);
#175470=CARTESIAN_POINT('',(-0.600580113963836,-0.709445224877575,8.3575
));
#175480=DIRECTION('',(0.5,-0.866025403784439,0.));
#175490=VECTOR('',#175480,1.);
#175500=LINE('',#175470,#175490);
#175510=CARTESIAN_POINT('',(-0.364789155951266,-1.11784714412069,8.3575)
);
#175520=VERTEX_POINT('',#175510);
#175530=EDGE_CURVE('',#175520,#175310,#175500,.T.);
#175540=ORIENTED_EDGE('',*,*,#175530,.T.);
#175550=CARTESIAN_POINT('',(-0.464789155951266,-1.29105222487757,8.3575)
);
#175560=DIRECTION('',(0.,0.,1.));
#175570=DIRECTION('',(0.,1.,0.));
#175580=AXIS2_PLACEMENT_3D('',#175550,#175560,#175570);
#175590=CIRCLE('',#175580,0.2);
#175600=EDGE_CURVE('',#175520,#63680,#175590,.T.);
#175610=ORIENTED_EDGE('',*,*,#175600,.F.);
#175620=EDGE_LOOP('',(#175610,#175540,#175460,#175450));
#175630=FACE_OUTER_BOUND('',#175620,.T.);
#175640=ADVANCED_FACE('',(#175630),#140630,.T.);
#175650=CARTESIAN_POINT('',(-0.464789155951266,-1.29105222487757,8.3675)
);
#175660=DIRECTION('',(0.,0.,1.));
#175670=DIRECTION('',(0.,1.,0.));
#175680=AXIS2_PLACEMENT_3D('',#175650,#175660,#175670);
#175690=CYLINDRICAL_SURFACE('',#175680,0.2);
#175700=ORIENTED_EDGE('',*,*,#72610,.T.);
#175710=ORIENTED_EDGE('',*,*,#175600,.T.);
#175720=CARTESIAN_POINT('',(-0.364789155951266,-1.11784714412069,8.5475)
);
#175730=DIRECTION('',(0.,0.,1.));
#175740=VECTOR('',#175730,1.);
#175750=LINE('',#175720,#175740);
#175760=CARTESIAN_POINT('',(-0.364789155951266,-1.11784714412069,8.5575)
);
#175770=VERTEX_POINT('',#175760);
#175780=EDGE_CURVE('',#175520,#175770,#175750,.T.);
#175790=ORIENTED_EDGE('',*,*,#175780,.F.);
#175800=CARTESIAN_POINT('',(-0.464789155951266,-1.29105222487757,8.5575)
);
#175810=DIRECTION('',(0.,0.,1.));
#175820=DIRECTION('',(0.,1.,0.));
#175830=AXIS2_PLACEMENT_3D('',#175800,#175810,#175820);
#175840=CIRCLE('',#175830,0.2);
#175850=EDGE_CURVE('',#175770,#72600,#175840,.T.);
#175860=ORIENTED_EDGE('',*,*,#175850,.F.);
#175870=EDGE_LOOP('',(#175860,#175790,#175710,#175700));
#175880=FACE_OUTER_BOUND('',#175870,.T.);
#175890=ADVANCED_FACE('',(#175880),#175690,.T.);
#175900=CARTESIAN_POINT('',(-0.364789155951266,-1.11784714412069,8.3675)
);
#175910=DIRECTION('',(0.866025403784439,0.5,0.));
#175920=DIRECTION('',(0.5,-0.866025403784439,0.));
#175930=AXIS2_PLACEMENT_3D('',#175900,#175910,#175920);
#175940=PLANE('',#175930);
#175950=CARTESIAN_POINT('',(-1.5926947750874,1.00894777512243,8.555));
#175960=DIRECTION('',(-0.5,0.866025403784439,0.));
#175970=VECTOR('',#175960,1.);
#175980=LINE('',#175950,#175970);
#175990=CARTESIAN_POINT('',(-0.264789155951266,-1.29105222487757,8.555))
;
#176000=VERTEX_POINT('',#175990);
#176010=CARTESIAN_POINT('',(-0.322524182870229,-1.19105222487757,8.555))
;
#176020=VERTEX_POINT('',#176010);
#176030=EDGE_CURVE('',#176000,#176020,#175980,.T.);
#176040=ORIENTED_EDGE('',*,*,#176030,.F.);
#176050=CARTESIAN_POINT('',(-0.322524182870228,-1.19105222487757,9.235))
;
#176060=DIRECTION('',(0.,0.,-1.));
#176070=VECTOR('',#176060,1.);
#176080=LINE('',#176050,#176070);
#176090=CARTESIAN_POINT('',(-0.322524182870228,-1.19105222487757,8.5575)
);
#176100=VERTEX_POINT('',#176090);
#176110=EDGE_CURVE('',#176100,#176020,#176080,.T.);
#176120=ORIENTED_EDGE('',*,*,#176110,.T.);
#176130=CARTESIAN_POINT('',(-0.600580113963836,-0.709445224877575,8.5575
));
#176140=DIRECTION('',(0.5,-0.866025403784439,0.));
#176150=VECTOR('',#176140,1.);
#176160=LINE('',#176130,#176150);
#176170=EDGE_CURVE('',#175770,#176100,#176160,.T.);
#176180=ORIENTED_EDGE('',*,*,#176170,.T.);
#176190=ORIENTED_EDGE('',*,*,#175780,.T.);
#176200=ORIENTED_EDGE('',*,*,#175530,.F.);
#176210=ORIENTED_EDGE('',*,*,#175320,.F.);
#176220=CARTESIAN_POINT('',(-1.5926947750874,1.00894777512243,8.36));
#176230=DIRECTION('',(-0.5,0.866025403784439,0.));
#176240=VECTOR('',#176230,1.);
#176250=LINE('',#176220,#176240);
#176260=CARTESIAN_POINT('',(-0.264789155951266,-1.29105222487757,8.36));
#176270=VERTEX_POINT('',#176260);
#176280=EDGE_CURVE('',#176270,#175230,#176250,.T.);
#176290=ORIENTED_EDGE('',*,*,#176280,.T.);
#176300=CARTESIAN_POINT('',(-0.264789155951266,-1.29105222487758,9.235))
;
#176310=DIRECTION('',(0.,0.,-1.));
#176320=VECTOR('',#176310,1.);
#176330=LINE('',#176300,#176320);
#176340=EDGE_CURVE('',#176000,#176270,#176330,.T.);
#176350=ORIENTED_EDGE('',*,*,#176340,.T.);
#176360=EDGE_LOOP('',(#176350,#176290,#176210,#176200,#176190,#176180,
#176120,#176040));
#176370=FACE_OUTER_BOUND('',#176360,.T.);
#176380=ADVANCED_FACE('',(#176370),#175940,.T.);
#176390=CARTESIAN_POINT('',(-2.01478915595127,1.00894777512243,8.36));
#176400=DIRECTION('',(0.,0.,-1.));
#176410=DIRECTION('',(-1.,0.,0.));
#176420=AXIS2_PLACEMENT_3D('',#176390,#176400,#176410);
#176430=PLANE('',#176420);
#176440=ORIENTED_EDGE('',*,*,#176280,.F.);
#176450=ORIENTED_EDGE('',*,*,#175240,.T.);
#176460=CARTESIAN_POINT('',(-0.264789155951266,1.00894777512243,8.36));
#176470=DIRECTION('',(0.,1.,0.));
#176480=VECTOR('',#176470,1.);
#176490=LINE('',#176460,#176480);
#176500=EDGE_CURVE('',#176270,#75640,#176490,.T.);
#176510=ORIENTED_EDGE('',*,*,#176500,.T.);
#176520=EDGE_LOOP('',(#176510,#176450,#176440));
#176530=FACE_OUTER_BOUND('',#176520,.T.);
#176540=ADVANCED_FACE('',(#176530),#176430,.F.);
#176550=CARTESIAN_POINT('',(-0.264789155951266,-1.19105222487757,8.36));
#176560=DIRECTION('',(1.,0.,0.));
#176570=DIRECTION('',(0.,-1.,0.));
#176580=AXIS2_PLACEMENT_3D('',#176550,#176560,#176570);
#176590=PLANE('',#176580);
#176600=ORIENTED_EDGE('',*,*,#176340,.F.);
#176610=ORIENTED_EDGE('',*,*,#176500,.F.);
#176620=ORIENTED_EDGE('',*,*,#75650,.F.);
#176630=CARTESIAN_POINT('',(-0.264789155951266,1.00894777512243,8.555));
#176640=DIRECTION('',(0.,-1.,0.));
#176650=VECTOR('',#176640,1.);
#176660=LINE('',#176630,#176650);
#176670=EDGE_CURVE('',#75560,#176000,#176660,.T.);
#176680=ORIENTED_EDGE('',*,*,#176670,.F.);
#176690=EDGE_LOOP('',(#176680,#176620,#176610,#176600));
#176700=FACE_OUTER_BOUND('',#176690,.T.);
#176710=ADVANCED_FACE('',(#176700),#176590,.F.);
#176720=CARTESIAN_POINT('',(-2.01478915595127,1.00894777512243,8.555));
#176730=DIRECTION('',(0.,0.,-1.));
#176740=DIRECTION('',(-1.,0.,0.));
#176750=AXIS2_PLACEMENT_3D('',#176720,#176730,#176740);
#176760=PLANE('',#176750);
#176770=ORIENTED_EDGE('',*,*,#176030,.T.);
#176780=ORIENTED_EDGE('',*,*,#176670,.T.);
#176790=CARTESIAN_POINT('',(-2.01478915595127,-1.19105222487757,8.555));
#176800=DIRECTION('',(-1.,0.,0.));
#176810=VECTOR('',#176800,1.);
#176820=LINE('',#176790,#176810);
#176830=EDGE_CURVE('',#75560,#176020,#176820,.T.);
#176840=ORIENTED_EDGE('',*,*,#176830,.F.);
#176850=EDGE_LOOP('',(#176840,#176780,#176770));
#176860=FACE_OUTER_BOUND('',#176850,.T.);
#176870=ADVANCED_FACE('',(#176860),#176760,.T.);
#176880=CARTESIAN_POINT('',(-0.464789155951266,1.00894777512243,9.0575))
;
#176890=DIRECTION('',(0.,-1.,0.));
#176900=VECTOR('',#176890,1.);
#176910=LINE('',#176880,#176900);
#176920=EDGE_CURVE('',#72720,#62760,#176910,.T.);
#176930=ORIENTED_EDGE('',*,*,#176920,.F.);
#176940=ORIENTED_EDGE('',*,*,#63240,.T.);
#176950=CARTESIAN_POINT('',(-0.464789155951266,1.00894777512243,9.3575))
;
#176960=DIRECTION('',(0.,1.,0.));
#176970=VECTOR('',#176960,1.);
#176980=LINE('',#176950,#176970);
#176990=EDGE_CURVE('',#63170,#72760,#176980,.T.);
#177000=ORIENTED_EDGE('',*,*,#176990,.F.);
#177010=ORIENTED_EDGE('',*,*,#72770,.F.);
#177020=EDGE_LOOP('',(#177010,#177000,#176940,#176930));
#177030=FACE_OUTER_BOUND('',#177020,.T.);
#177040=ADVANCED_FACE('',(#177030),#56330,.T.);
#177050=ORIENTED_EDGE('',*,*,#62790,.T.);
#177060=ORIENTED_EDGE('',*,*,#176920,.T.);
#177070=CARTESIAN_POINT('',(-0.464789155951266,-1.29105222487757,9.0575)
);
#177080=DIRECTION('',(0.,0.,1.));
#177090=DIRECTION('',(0.,1.,0.));
#177100=AXIS2_PLACEMENT_3D('',#177070,#177080,#177090);
#177110=CIRCLE('',#177100,0.2);
#177120=CARTESIAN_POINT('',(-0.364789155951266,-1.11784714412069,9.0575)
);
#177130=VERTEX_POINT('',#177120);
#177140=EDGE_CURVE('',#177130,#72720,#177110,.T.);
#177150=ORIENTED_EDGE('',*,*,#177140,.T.);
#177160=CARTESIAN_POINT('',(-0.600580113963836,-0.709445224877575,9.0575
));
#177170=DIRECTION('',(0.5,-0.866025403784439,0.));
#177180=VECTOR('',#177170,1.);
#177190=LINE('',#177160,#177180);
#177200=EDGE_CURVE('',#177130,#62780,#177190,.T.);
#177210=ORIENTED_EDGE('',*,*,#177200,.F.);
#177220=EDGE_LOOP('',(#177210,#177150,#177060,#177050));
#177230=FACE_OUTER_BOUND('',#177220,.T.);
#177240=ADVANCED_FACE('',(#177230),#138990,.T.);
#177250=CARTESIAN_POINT('',(-0.264789155951265,-1.19105222487757,8.555))
;
#177260=DIRECTION('',(0.,-1.,0.));
#177270=DIRECTION('',(-1.,0.,0.));
#177280=AXIS2_PLACEMENT_3D('',#177250,#177260,#177270);
#177290=PLANE('',#177280);
#177300=ORIENTED_EDGE('',*,*,#176110,.F.);
#177310=ORIENTED_EDGE('',*,*,#176830,.T.);
#177320=ORIENTED_EDGE('',*,*,#75570,.F.);
#177330=CARTESIAN_POINT('',(-0.264789155951266,-1.19105222487757,8.86));
#177340=DIRECTION('',(1.,0.,0.));
#177350=VECTOR('',#177340,1.);
#177360=LINE('',#177330,#177350);
#177370=CARTESIAN_POINT('',(-0.322524182870229,-1.19105222487757,8.86));
#177380=VERTEX_POINT('',#177370);
#177390=EDGE_CURVE('',#177380,#75480,#177360,.T.);
#177400=ORIENTED_EDGE('',*,*,#177390,.T.);
#177410=CARTESIAN_POINT('',(-0.322524182870228,-1.19105222487757,9.235))
;
#177420=DIRECTION('',(0.,0.,-1.));
#177430=VECTOR('',#177420,1.);
#177440=LINE('',#177410,#177430);
#177450=CARTESIAN_POINT('',(-0.322524182870228,-1.19105222487757,8.8575)
);
#177460=VERTEX_POINT('',#177450);
#177470=EDGE_CURVE('',#177380,#177460,#177440,.T.);
#177480=ORIENTED_EDGE('',*,*,#177470,.F.);
#177490=CARTESIAN_POINT('',(-0.264789155951266,-1.19105222487757,8.8575)
);
#177500=DIRECTION('',(-1.,0.,0.));
#177510=VECTOR('',#177500,1.);
#177520=LINE('',#177490,#177510);
#177530=CARTESIAN_POINT('',(-0.464789155951266,-1.19105222487757,8.8575)
);
#177540=VERTEX_POINT('',#177530);
#177550=EDGE_CURVE('',#177460,#177540,#177520,.T.);
#177560=ORIENTED_EDGE('',*,*,#177550,.F.);
#177570=CARTESIAN_POINT('',(-0.464789155951266,-1.19105222487757,9.235))
;
#177580=DIRECTION('',(0.,0.,-1.));
#177590=VECTOR('',#177580,1.);
#177600=LINE('',#177570,#177590);
#177610=CARTESIAN_POINT('',(-0.464789155951266,-1.19105222487757,8.5575)
);
#177620=VERTEX_POINT('',#177610);
#177630=EDGE_CURVE('',#177540,#177620,#177600,.T.);
#177640=ORIENTED_EDGE('',*,*,#177630,.F.);
#177650=CARTESIAN_POINT('',(-0.264789155951266,-1.19105222487757,8.5575)
);
#177660=DIRECTION('',(1.,0.,0.));
#177670=VECTOR('',#177660,1.);
#177680=LINE('',#177650,#177670);
#177690=EDGE_CURVE('',#177620,#176100,#177680,.T.);
#177700=ORIENTED_EDGE('',*,*,#177690,.F.);
#177710=EDGE_LOOP('',(#177700,#177640,#177560,#177480,#177400,#177320,
#177310,#177300));
#177720=FACE_OUTER_BOUND('',#177710,.T.);
#177730=ADVANCED_FACE('',(#177720),#177290,.F.);
#177740=ORIENTED_EDGE('',*,*,#177550,.T.);
#177750=CARTESIAN_POINT('',(-0.600580113963836,-0.709445224877575,8.8575
));
#177760=DIRECTION('',(0.5,-0.866025403784439,0.));
#177770=VECTOR('',#177760,1.);
#177780=LINE('',#177750,#177770);
#177790=CARTESIAN_POINT('',(-0.364789155951266,-1.11784714412069,8.8575)
);
#177800=VERTEX_POINT('',#177790);
#177810=EDGE_CURVE('',#177800,#177460,#177780,.T.);
#177820=ORIENTED_EDGE('',*,*,#177810,.T.);
#177830=CARTESIAN_POINT('',(-0.464789155951266,-1.29105222487757,8.8575)
);
#177840=DIRECTION('',(0.,0.,1.));
#177850=DIRECTION('',(0.,1.,0.));
#177860=AXIS2_PLACEMENT_3D('',#177830,#177840,#177850);
#177870=CIRCLE('',#177860,0.2);
#177880=EDGE_CURVE('',#177800,#72640,#177870,.T.);
#177890=ORIENTED_EDGE('',*,*,#177880,.F.);
#177900=CARTESIAN_POINT('',(-0.464789155951266,1.00894777512243,8.8575))
;
#177910=DIRECTION('',(0.,1.,0.));
#177920=VECTOR('',#177910,1.);
#177930=LINE('',#177900,#177920);
#177940=EDGE_CURVE('',#177540,#72640,#177930,.T.);
#177950=ORIENTED_EDGE('',*,*,#177940,.T.);
#177960=EDGE_LOOP('',(#177950,#177890,#177820,#177740));
#177970=FACE_OUTER_BOUND('',#177960,.T.);
#177980=ADVANCED_FACE('',(#177970),#135200,.T.);
#177990=CARTESIAN_POINT('',(-0.364789155951266,-1.11784714412069,8.8675)
);
#178000=DIRECTION('',(0.866025403784439,0.5,0.));
#178010=DIRECTION('',(0.5,-0.866025403784439,0.));
#178020=AXIS2_PLACEMENT_3D('',#177990,#178000,#178010);
#178030=PLANE('',#178020);
#178040=CARTESIAN_POINT('',(-1.5926947750874,1.00894777512243,8.86));
#178050=DIRECTION('',(-0.5,0.866025403784439,0.));
#178060=VECTOR('',#178050,1.);
#178070=LINE('',#178040,#178060);
#178080=CARTESIAN_POINT('',(-0.264789155951266,-1.29105222487757,8.86));
#178090=VERTEX_POINT('',#178080);
#178100=EDGE_CURVE('',#178090,#177380,#178070,.T.);
#178110=ORIENTED_EDGE('',*,*,#178100,.T.);
#178120=CARTESIAN_POINT('',(-0.264789155951266,-1.29105222487758,9.235))
;
#178130=DIRECTION('',(0.,0.,-1.));
#178140=VECTOR('',#178130,1.);
#178150=LINE('',#178120,#178140);
#178160=CARTESIAN_POINT('',(-0.264789155951266,-1.29105222487757,9.055))
;
#178170=VERTEX_POINT('',#178160);
#178180=EDGE_CURVE('',#178170,#178090,#178150,.T.);
#178190=ORIENTED_EDGE('',*,*,#178180,.T.);
#178200=CARTESIAN_POINT('',(-1.5926947750874,1.00894777512243,9.055));
#178210=DIRECTION('',(-0.5,0.866025403784439,0.));
#178220=VECTOR('',#178210,1.);
#178230=LINE('',#178200,#178220);
#178240=EDGE_CURVE('',#178170,#62860,#178230,.T.);
#178250=ORIENTED_EDGE('',*,*,#178240,.F.);
#178260=ORIENTED_EDGE('',*,*,#62870,.T.);
#178270=ORIENTED_EDGE('',*,*,#177200,.T.);
#178280=CARTESIAN_POINT('',(-0.364789155951266,-1.11784714412069,9.0475)
);
#178290=DIRECTION('',(0.,0.,1.));
#178300=VECTOR('',#178290,1.);
#178310=LINE('',#178280,#178300);
#178320=EDGE_CURVE('',#177800,#177130,#178310,.T.);
#178330=ORIENTED_EDGE('',*,*,#178320,.T.);
#178340=ORIENTED_EDGE('',*,*,#177810,.F.);
#178350=ORIENTED_EDGE('',*,*,#177470,.T.);
#178360=EDGE_LOOP('',(#178350,#178340,#178330,#178270,#178260,#178250,
#178190,#178110));
#178370=FACE_OUTER_BOUND('',#178360,.T.);
#178380=ADVANCED_FACE('',(#178370),#178030,.T.);
#178390=CARTESIAN_POINT('',(-0.464789155951266,-1.29105222487757,8.8675)
);
#178400=DIRECTION('',(0.,0.,1.));
#178410=DIRECTION('',(0.,1.,0.));
#178420=AXIS2_PLACEMENT_3D('',#178390,#178400,#178410);
#178430=CYLINDRICAL_SURFACE('',#178420,0.2);
#178440=ORIENTED_EDGE('',*,*,#72730,.T.);
#178450=ORIENTED_EDGE('',*,*,#177880,.T.);
#178460=ORIENTED_EDGE('',*,*,#178320,.F.);
#178470=ORIENTED_EDGE('',*,*,#177140,.F.);
#178480=EDGE_LOOP('',(#178470,#178460,#178450,#178440));
#178490=FACE_OUTER_BOUND('',#178480,.T.);
#178500=ADVANCED_FACE('',(#178490),#178430,.T.);
#178510=CARTESIAN_POINT('',(-2.01478915595127,1.00894777512243,9.055));
#178520=DIRECTION('',(0.,0.,-1.));
#178530=DIRECTION('',(-1.,0.,0.));
#178540=AXIS2_PLACEMENT_3D('',#178510,#178520,#178530);
#178550=PLANE('',#178540);
#178560=ORIENTED_EDGE('',*,*,#178240,.T.);
#178570=CARTESIAN_POINT('',(-0.264789155951266,1.00894777512243,9.055));
#178580=DIRECTION('',(0.,-1.,0.));
#178590=VECTOR('',#178580,1.);
#178600=LINE('',#178570,#178590);
#178610=EDGE_CURVE('',#62940,#178170,#178600,.T.);
#178620=ORIENTED_EDGE('',*,*,#178610,.T.);
#178630=ORIENTED_EDGE('',*,*,#62950,.F.);
#178640=EDGE_LOOP('',(#178630,#178620,#178560));
#178650=FACE_OUTER_BOUND('',#178640,.T.);
#178660=ADVANCED_FACE('',(#178650),#178550,.T.);
#178670=CARTESIAN_POINT('',(-0.264789155951266,-1.19105222487757,8.86));
#178680=DIRECTION('',(1.,0.,0.));
#178690=DIRECTION('',(0.,-1.,0.));
#178700=AXIS2_PLACEMENT_3D('',#178670,#178680,#178690);
#178710=PLANE('',#178700);
#178720=ORIENTED_EDGE('',*,*,#178180,.F.);
#178730=CARTESIAN_POINT('',(-0.264789155951266,1.00894777512243,8.86));
#178740=DIRECTION('',(0.,1.,0.));
#178750=VECTOR('',#178740,1.);
#178760=LINE('',#178730,#178750);
#178770=EDGE_CURVE('',#178090,#75480,#178760,.T.);
#178780=ORIENTED_EDGE('',*,*,#178770,.F.);
#178790=ORIENTED_EDGE('',*,*,#75490,.F.);
#178800=ORIENTED_EDGE('',*,*,#178610,.F.);
#178810=EDGE_LOOP('',(#178800,#178790,#178780,#178720));
#178820=FACE_OUTER_BOUND('',#178810,.T.);
#178830=ADVANCED_FACE('',(#178820),#178710,.F.);
#178840=CARTESIAN_POINT('',(-2.01478915595127,1.00894777512243,8.86));
#178850=DIRECTION('',(0.,0.,-1.));
#178860=DIRECTION('',(-1.,0.,0.));
#178870=AXIS2_PLACEMENT_3D('',#178840,#178850,#178860);
#178880=PLANE('',#178870);
#178890=ORIENTED_EDGE('',*,*,#178100,.F.);
#178900=ORIENTED_EDGE('',*,*,#177390,.F.);
#178910=ORIENTED_EDGE('',*,*,#178770,.T.);
#178920=EDGE_LOOP('',(#178910,#178900,#178890));
#178930=FACE_OUTER_BOUND('',#178920,.T.);
#178940=ADVANCED_FACE('',(#178930),#178880,.F.);
#178950=ORIENTED_EDGE('',*,*,#177690,.T.);
#178960=CARTESIAN_POINT('',(-0.464789155951266,1.00894777512243,8.5575))
;
#178970=DIRECTION('',(0.,-1.,0.));
#178980=VECTOR('',#178970,1.);
#178990=LINE('',#178960,#178980);
#179000=EDGE_CURVE('',#72600,#177620,#178990,.T.);
#179010=ORIENTED_EDGE('',*,*,#179000,.T.);
#179020=ORIENTED_EDGE('',*,*,#175850,.T.);
#179030=ORIENTED_EDGE('',*,*,#176170,.F.);
#179040=EDGE_LOOP('',(#179030,#179020,#179010,#178950));
#179050=FACE_OUTER_BOUND('',#179040,.T.);
#179060=ADVANCED_FACE('',(#179050),#144610,.T.);
#179070=ORIENTED_EDGE('',*,*,#177630,.T.);
#179080=ORIENTED_EDGE('',*,*,#177940,.F.);
#179090=ORIENTED_EDGE('',*,*,#72650,.F.);
#179100=ORIENTED_EDGE('',*,*,#179000,.F.);
#179110=EDGE_LOOP('',(#179100,#179090,#179080,#179070));
#179120=FACE_OUTER_BOUND('',#179110,.T.);
#179130=ADVANCED_FACE('',(#179120),#56330,.T.);
#179140=ORIENTED_EDGE('',*,*,#63180,.T.);
#179150=ORIENTED_EDGE('',*,*,#62610,.T.);
#179160=CARTESIAN_POINT('',(-0.464789155951266,-1.29105222487757,9.3575)
);
#179170=DIRECTION('',(0.,0.,1.));
#179180=DIRECTION('',(0.,1.,0.));
#179190=AXIS2_PLACEMENT_3D('',#179160,#179170,#179180);
#179200=CIRCLE('',#179190,0.2);
#179210=EDGE_CURVE('',#62540,#72760,#179200,.T.);
#179220=ORIENTED_EDGE('',*,*,#179210,.F.);
#179230=ORIENTED_EDGE('',*,*,#176990,.T.);
#179240=EDGE_LOOP('',(#179230,#179220,#179150,#179140));
#179250=FACE_OUTER_BOUND('',#179240,.T.);
#179260=ADVANCED_FACE('',(#179250),#129820,.T.);
#179270=CARTESIAN_POINT('',(-0.464789155951266,-1.29105222487757,9.3675)
);
#179280=DIRECTION('',(0.,0.,1.));
#179290=DIRECTION('',(0.,1.,0.));
#179300=AXIS2_PLACEMENT_3D('',#179270,#179280,#179290);
#179310=CYLINDRICAL_SURFACE('',#179300,0.2);
#179320=ORIENTED_EDGE('',*,*,#72830,.T.);
#179330=ORIENTED_EDGE('',*,*,#179210,.T.);
#179340=ORIENTED_EDGE('',*,*,#62550,.F.);
#179350=ORIENTED_EDGE('',*,*,#61830,.F.);
#179360=EDGE_LOOP('',(#179350,#179340,#179330,#179320));
#179370=FACE_OUTER_BOUND('',#179360,.T.);
#179380=ADVANCED_FACE('',(#179370),#179310,.T.);
#179390=ORIENTED_EDGE('',*,*,#61360,.T.);
#179400=ORIENTED_EDGE('',*,*,#60640,.T.);
#179410=CARTESIAN_POINT('',(-0.464789155951266,-1.29105222487757,9.8575)
);
#179420=DIRECTION('',(0.,0.,1.));
#179430=DIRECTION('',(0.,1.,0.));
#179440=AXIS2_PLACEMENT_3D('',#179410,#179420,#179430);
#179450=CIRCLE('',#179440,0.2);
#179460=EDGE_CURVE('',#60550,#61520,#179450,.T.);
#179470=ORIENTED_EDGE('',*,*,#179460,.F.);
#179480=ORIENTED_EDGE('',*,*,#61530,.T.);
#179490=EDGE_LOOP('',(#179480,#179470,#179400,#179390));
#179500=FACE_OUTER_BOUND('',#179490,.T.);
#179510=ADVANCED_FACE('',(#179500),#92580,.T.);
#179520=CARTESIAN_POINT('',(-0.464789155951266,-1.29105222487757,9.8675)
);
#179530=DIRECTION('',(0.,0.,1.));
#179540=DIRECTION('',(0.,1.,0.));
#179550=AXIS2_PLACEMENT_3D('',#179520,#179530,#179540);
#179560=CYLINDRICAL_SURFACE('',#179550,0.2);
#179570=ORIENTED_EDGE('',*,*,#72920,.T.);
#179580=ORIENTED_EDGE('',*,*,#179460,.T.);
#179590=ORIENTED_EDGE('',*,*,#60560,.F.);
#179600=CARTESIAN_POINT('',(-0.464789155951266,-1.29105222487757,10.0575
));
#179610=DIRECTION('',(0.,0.,1.));
#179620=DIRECTION('',(0.,1.,0.));
#179630=AXIS2_PLACEMENT_3D('',#179600,#179610,#179620);
#179640=CIRCLE('',#179630,0.2);
#179650=EDGE_CURVE('',#60470,#72910,#179640,.T.);
#179660=ORIENTED_EDGE('',*,*,#179650,.F.);
#179670=EDGE_LOOP('',(#179660,#179590,#179580,#179570));
#179680=FACE_OUTER_BOUND('',#179670,.T.);
#179690=ADVANCED_FACE('',(#179680),#179560,.T.);
#179700=CARTESIAN_POINT('',(-0.264789155951266,-1.19105222487757,10.0575
));
#179710=DIRECTION('',(1.,0.,0.));
#179720=VECTOR('',#179710,1.);
#179730=LINE('',#179700,#179720);
#179740=CARTESIAN_POINT('',(-0.464789155951266,-1.19105222487757,10.0575
));
#179750=VERTEX_POINT('',#179740);
#179760=EDGE_CURVE('',#179750,#60390,#179730,.T.);
#179770=ORIENTED_EDGE('',*,*,#179760,.T.);
#179780=CARTESIAN_POINT('',(-0.464789155951266,1.00894777512243,10.0575)
);
#179790=DIRECTION('',(0.,-1.,0.));
#179800=VECTOR('',#179790,1.);
#179810=LINE('',#179780,#179800);
#179820=EDGE_CURVE('',#72910,#179750,#179810,.T.);
#179830=ORIENTED_EDGE('',*,*,#179820,.T.);
#179840=ORIENTED_EDGE('',*,*,#179650,.T.);
#179850=ORIENTED_EDGE('',*,*,#60480,.F.);
#179860=EDGE_LOOP('',(#179850,#179840,#179830,#179770));
#179870=FACE_OUTER_BOUND('',#179860,.T.);
#179880=ADVANCED_FACE('',(#179870),#82410,.T.);
#179890=CARTESIAN_POINT('',(-0.464789155951266,-1.19105222487757,9.235))
;
#179900=DIRECTION('',(0.,0.,-1.));
#179910=VECTOR('',#179900,1.);
#179920=LINE('',#179890,#179910);
#179930=CARTESIAN_POINT('',(-0.464789155951266,-1.19105222487757,10.3575
));
#179940=VERTEX_POINT('',#179930);
#179950=EDGE_CURVE('',#179940,#179750,#179920,.T.);
#179960=ORIENTED_EDGE('',*,*,#179950,.T.);
#179970=CARTESIAN_POINT('',(-0.464789155951266,1.00894777512243,10.3575)
);
#179980=DIRECTION('',(0.,1.,0.));
#179990=VECTOR('',#179980,1.);
#180000=LINE('',#179970,#179990);
#180010=EDGE_CURVE('',#179940,#72950,#180000,.T.);
#180020=ORIENTED_EDGE('',*,*,#180010,.F.);
#180030=ORIENTED_EDGE('',*,*,#72960,.F.);
#180040=ORIENTED_EDGE('',*,*,#179820,.F.);
#180050=EDGE_LOOP('',(#180040,#180030,#180020,#179960));
#180060=FACE_OUTER_BOUND('',#180050,.T.);
#180070=ADVANCED_FACE('',(#180060),#56330,.T.);
#180080=CARTESIAN_POINT('',(-2.01478915595127,1.00894777512243,10.36));
#180090=DIRECTION('',(0.,0.,-1.));
#180100=DIRECTION('',(-1.,0.,0.));
#180110=AXIS2_PLACEMENT_3D('',#180080,#180090,#180100);
#180120=PLANE('',#180110);
#180130=CARTESIAN_POINT('',(-1.5926947750874,1.00894777512243,10.36));
#180140=DIRECTION('',(-0.5,0.866025403784439,0.));
#180150=VECTOR('',#180140,1.);
#180160=LINE('',#180130,#180150);
#180170=CARTESIAN_POINT('',(-0.264789155951266,-1.29105222487757,10.36))
;
#180180=VERTEX_POINT('',#180170);
#180190=CARTESIAN_POINT('',(-0.322524182870229,-1.19105222487757,10.36))
;
#180200=VERTEX_POINT('',#180190);
#180210=EDGE_CURVE('',#180180,#180200,#180160,.T.);
#180220=ORIENTED_EDGE('',*,*,#180210,.F.);
#180230=CARTESIAN_POINT('',(-0.264789155951266,-1.19105222487757,10.36))
;
#180240=DIRECTION('',(1.,0.,0.));
#180250=VECTOR('',#180240,1.);
#180260=LINE('',#180230,#180250);
#180270=EDGE_CURVE('',#180200,#75250,#180260,.T.);
#180280=ORIENTED_EDGE('',*,*,#180270,.F.);
#180290=CARTESIAN_POINT('',(-0.264789155951266,1.00894777512243,10.36));
#180300=DIRECTION('',(0.,1.,0.));
#180310=VECTOR('',#180300,1.);
#180320=LINE('',#180290,#180310);
#180330=EDGE_CURVE('',#180180,#75250,#180320,.T.);
#180340=ORIENTED_EDGE('',*,*,#180330,.T.);
#180350=EDGE_LOOP('',(#180340,#180280,#180220));
#180360=FACE_OUTER_BOUND('',#180350,.T.);
#180370=ADVANCED_FACE('',(#180360),#180120,.F.);
#180380=CARTESIAN_POINT('',(-0.264789155951265,-1.19105222487757,10.055)
);
#180390=DIRECTION('',(0.,-1.,0.));
#180400=DIRECTION('',(-1.,0.,0.));
#180410=AXIS2_PLACEMENT_3D('',#180380,#180390,#180400);
#180420=PLANE('',#180410);
#180430=ORIENTED_EDGE('',*,*,#179760,.F.);
#180440=ORIENTED_EDGE('',*,*,#60400,.F.);
#180450=ORIENTED_EDGE('',*,*,#29400,.T.);
#180460=ORIENTED_EDGE('',*,*,#75320,.F.);
#180470=ORIENTED_EDGE('',*,*,#180270,.T.);
#180480=CARTESIAN_POINT('',(-0.322524182870228,-1.19105222487757,9.235))
;
#180490=DIRECTION('',(0.,0.,-1.));
#180500=VECTOR('',#180490,1.);
#180510=LINE('',#180480,#180500);
#180520=CARTESIAN_POINT('',(-0.322524182870228,-1.19105222487757,10.3575
));
#180530=VERTEX_POINT('',#180520);
#180540=EDGE_CURVE('',#180200,#180530,#180510,.T.);
#180550=ORIENTED_EDGE('',*,*,#180540,.F.);
#180560=CARTESIAN_POINT('',(-0.264789155951266,-1.19105222487757,10.3575
));
#180570=DIRECTION('',(-1.,0.,0.));
#180580=VECTOR('',#180570,1.);
#180590=LINE('',#180560,#180580);
#180600=EDGE_CURVE('',#180530,#179940,#180590,.T.);
#180610=ORIENTED_EDGE('',*,*,#180600,.F.);
#180620=ORIENTED_EDGE('',*,*,#179950,.F.);
#180630=EDGE_LOOP('',(#180620,#180610,#180550,#180470,#180460,#180450,
#180440,#180430));
#180640=FACE_OUTER_BOUND('',#180630,.T.);
#180650=ADVANCED_FACE('',(#180640),#180420,.F.);
#180660=CARTESIAN_POINT('',(-0.364789155951266,-1.11784714412069,10.3675
));
#180670=DIRECTION('',(0.866025403784439,0.5,0.));
#180680=DIRECTION('',(0.5,-0.866025403784439,0.));
#180690=AXIS2_PLACEMENT_3D('',#180660,#180670,#180680);
#180700=PLANE('',#180690);
#180710=ORIENTED_EDGE('',*,*,#180210,.T.);
#180720=CARTESIAN_POINT('',(-0.264789155951266,-1.29105222487758,9.235))
;
#180730=DIRECTION('',(0.,0.,-1.));
#180740=VECTOR('',#180730,1.);
#180750=LINE('',#180720,#180740);
#180760=CARTESIAN_POINT('',(-0.264789155951266,-1.29105222487757,10.555)
);
#180770=VERTEX_POINT('',#180760);
#180780=EDGE_CURVE('',#180770,#180180,#180750,.T.);
#180790=ORIENTED_EDGE('',*,*,#180780,.T.);
#180800=CARTESIAN_POINT('',(-1.5926947750874,1.00894777512243,10.555));
#180810=DIRECTION('',(-0.5,0.866025403784439,0.));
#180820=VECTOR('',#180810,1.);
#180830=LINE('',#180800,#180820);
#180840=EDGE_CURVE('',#180770,#59770,#180830,.T.);
#180850=ORIENTED_EDGE('',*,*,#180840,.F.);
#180860=ORIENTED_EDGE('',*,*,#59780,.T.);
#180870=CARTESIAN_POINT('',(-0.600580113963836,-0.709445224877575,
10.5575));
#180880=DIRECTION('',(0.5,-0.866025403784439,0.));
#180890=VECTOR('',#180880,1.);
#180900=LINE('',#180870,#180890);
#180910=CARTESIAN_POINT('',(-0.364789155951266,-1.11784714412069,10.5575
));
#180920=VERTEX_POINT('',#180910);
#180930=EDGE_CURVE('',#180920,#59750,#180900,.T.);
#180940=ORIENTED_EDGE('',*,*,#180930,.T.);
#180950=CARTESIAN_POINT('',(-0.364789155951266,-1.11784714412069,10.5475
));
#180960=DIRECTION('',(0.,0.,1.));
#180970=VECTOR('',#180960,1.);
#180980=LINE('',#180950,#180970);
#180990=CARTESIAN_POINT('',(-0.364789155951266,-1.11784714412069,10.3575
));
#181000=VERTEX_POINT('',#180990);
#181010=EDGE_CURVE('',#181000,#180920,#180980,.T.);
#181020=ORIENTED_EDGE('',*,*,#181010,.T.);
#181030=CARTESIAN_POINT('',(-0.600580113963836,-0.709445224877575,
10.3575));
#181040=DIRECTION('',(0.5,-0.866025403784439,0.));
#181050=VECTOR('',#181040,1.);
#181060=LINE('',#181030,#181050);
#181070=EDGE_CURVE('',#181000,#180530,#181060,.T.);
#181080=ORIENTED_EDGE('',*,*,#181070,.F.);
#181090=ORIENTED_EDGE('',*,*,#180540,.T.);
#181100=EDGE_LOOP('',(#181090,#181080,#181020,#180940,#180860,#180850,
#180790,#180710));
#181110=FACE_OUTER_BOUND('',#181100,.T.);
#181120=ADVANCED_FACE('',(#181110),#180700,.T.);
#181130=ORIENTED_EDGE('',*,*,#180010,.T.);
#181140=ORIENTED_EDGE('',*,*,#180600,.T.);
#181150=ORIENTED_EDGE('',*,*,#181070,.T.);
#181160=CARTESIAN_POINT('',(-0.464789155951266,-1.29105222487757,10.3575
));
#181170=DIRECTION('',(0.,0.,1.));
#181180=DIRECTION('',(0.,1.,0.));
#181190=AXIS2_PLACEMENT_3D('',#181160,#181170,#181180);
#181200=CIRCLE('',#181190,0.2);
#181210=EDGE_CURVE('',#181000,#72950,#181200,.T.);
#181220=ORIENTED_EDGE('',*,*,#181210,.F.);
#181230=EDGE_LOOP('',(#181220,#181150,#181140,#181130));
#181240=FACE_OUTER_BOUND('',#181230,.T.);
#181250=ADVANCED_FACE('',(#181240),#121070,.T.);
#181260=CARTESIAN_POINT('',(-0.464789155951266,-1.29105222487757,10.3675
));
#181270=DIRECTION('',(0.,0.,1.));
#181280=DIRECTION('',(0.,1.,0.));
#181290=AXIS2_PLACEMENT_3D('',#181260,#181270,#181280);
#181300=CYLINDRICAL_SURFACE('',#181290,0.2);
#181310=ORIENTED_EDGE('',*,*,#73020,.T.);
#181320=ORIENTED_EDGE('',*,*,#181210,.T.);
#181330=ORIENTED_EDGE('',*,*,#181010,.F.);
#181340=CARTESIAN_POINT('',(-0.464789155951266,-1.29105222487757,10.5575
));
#181350=DIRECTION('',(0.,0.,1.));
#181360=DIRECTION('',(0.,1.,0.));
#181370=AXIS2_PLACEMENT_3D('',#181340,#181350,#181360);
#181380=CIRCLE('',#181370,0.2);
#181390=EDGE_CURVE('',#180920,#58810,#181380,.T.);
#181400=ORIENTED_EDGE('',*,*,#181390,.F.);
#181410=EDGE_LOOP('',(#181400,#181330,#181320,#181310));
#181420=FACE_OUTER_BOUND('',#181410,.T.);
#181430=ADVANCED_FACE('',(#181420),#181300,.T.);
#181440=CARTESIAN_POINT('',(-0.264789155951266,-1.19105222487757,10.36))
;
#181450=DIRECTION('',(1.,0.,0.));
#181460=DIRECTION('',(0.,-1.,0.));
#181470=AXIS2_PLACEMENT_3D('',#181440,#181450,#181460);
#181480=PLANE('',#181470);
#181490=ORIENTED_EDGE('',*,*,#180780,.F.);
#181500=ORIENTED_EDGE('',*,*,#180330,.F.);
#181510=ORIENTED_EDGE('',*,*,#75260,.F.);
#181520=CARTESIAN_POINT('',(-0.264789155951266,1.00894777512243,10.555))
;
#181530=DIRECTION('',(0.,-1.,0.));
#181540=VECTOR('',#181530,1.);
#181550=LINE('',#181520,#181540);
#181560=EDGE_CURVE('',#59850,#180770,#181550,.T.);
#181570=ORIENTED_EDGE('',*,*,#181560,.F.);
#181580=EDGE_LOOP('',(#181570,#181510,#181500,#181490));
#181590=FACE_OUTER_BOUND('',#181580,.T.);
#181600=ADVANCED_FACE('',(#181590),#181480,.F.);
#181610=CARTESIAN_POINT('',(-2.01478915595127,1.00894777512243,10.555));
#181620=DIRECTION('',(0.,0.,-1.));
#181630=DIRECTION('',(-1.,0.,0.));
#181640=AXIS2_PLACEMENT_3D('',#181610,#181620,#181630);
#181650=PLANE('',#181640);
#181660=ORIENTED_EDGE('',*,*,#180840,.T.);
#181670=ORIENTED_EDGE('',*,*,#181560,.T.);
#181680=ORIENTED_EDGE('',*,*,#59860,.F.);
#181690=EDGE_LOOP('',(#181680,#181670,#181660));
#181700=FACE_OUTER_BOUND('',#181690,.T.);
#181710=ADVANCED_FACE('',(#181700),#181650,.T.);
#181720=CARTESIAN_POINT('',(-2.01478915595127,1.00894777512243,10.86));
#181730=DIRECTION('',(0.,0.,-1.));
#181740=DIRECTION('',(-1.,0.,0.));
#181750=AXIS2_PLACEMENT_3D('',#181720,#181730,#181740);
#181760=PLANE('',#181750);
#181770=ORIENTED_EDGE('',*,*,#59460,.F.);
#181780=ORIENTED_EDGE('',*,*,#60000,.F.);
#181790=CARTESIAN_POINT('',(-0.264789155951266,1.00894777512243,10.86));
#181800=DIRECTION('',(0.,1.,0.));
#181810=VECTOR('',#181800,1.);
#181820=LINE('',#181790,#181810);
#181830=EDGE_CURVE('',#59450,#59930,#181820,.T.);
#181840=ORIENTED_EDGE('',*,*,#181830,.T.);
#181850=EDGE_LOOP('',(#181840,#181780,#181770));
#181860=FACE_OUTER_BOUND('',#181850,.T.);
#181870=ADVANCED_FACE('',(#181860),#181760,.F.);
#181880=CARTESIAN_POINT('',(-2.01478915595127,1.00894777512243,11.055));
#181890=DIRECTION('',(0.,0.,-1.));
#181900=DIRECTION('',(-1.,0.,0.));
#181910=AXIS2_PLACEMENT_3D('',#181880,#181890,#181900);
#181920=PLANE('',#181910);
#181930=ORIENTED_EDGE('',*,*,#59600,.T.);
#181940=CARTESIAN_POINT('',(-0.264789155951266,1.00894777512243,11.055))
;
#181950=DIRECTION('',(0.,-1.,0.));
#181960=VECTOR('',#181950,1.);
#181970=LINE('',#181940,#181960);
#181980=EDGE_CURVE('',#75100,#59530,#181970,.T.);
#181990=ORIENTED_EDGE('',*,*,#181980,.T.);
#182000=CARTESIAN_POINT('',(-2.01478915595127,-1.19105222487757,11.055))
;
#182010=DIRECTION('',(-1.,0.,0.));
#182020=VECTOR('',#182010,1.);
#182030=LINE('',#182000,#182020);
#182040=EDGE_CURVE('',#75100,#59050,#182030,.T.);
#182050=ORIENTED_EDGE('',*,*,#182040,.F.);
#182060=EDGE_LOOP('',(#182050,#181990,#181930));
#182070=FACE_OUTER_BOUND('',#182060,.T.);
#182080=ADVANCED_FACE('',(#182070),#181920,.T.);
#182090=CARTESIAN_POINT('',(-0.464789155951266,-1.29105222487757,10.8675
));
#182100=DIRECTION('',(0.,0.,1.));
#182110=DIRECTION('',(0.,1.,0.));
#182120=AXIS2_PLACEMENT_3D('',#182090,#182100,#182110);
#182130=CYLINDRICAL_SURFACE('',#182120,0.2);
#182140=ORIENTED_EDGE('',*,*,#73110,.T.);
#182150=CARTESIAN_POINT('',(-0.464789155951266,-1.29105222487757,10.8575
));
#182160=DIRECTION('',(0.,0.,1.));
#182170=DIRECTION('',(0.,1.,0.));
#182180=AXIS2_PLACEMENT_3D('',#182150,#182160,#182170);
#182190=CIRCLE('',#182180,0.2);
#182200=EDGE_CURVE('',#59210,#58770,#182190,.T.);
#182210=ORIENTED_EDGE('',*,*,#182200,.T.);
#182220=ORIENTED_EDGE('',*,*,#59220,.F.);
#182230=CARTESIAN_POINT('',(-0.464789155951266,-1.29105222487757,11.0575
));
#182240=DIRECTION('',(0.,0.,1.));
#182250=DIRECTION('',(0.,1.,0.));
#182260=AXIS2_PLACEMENT_3D('',#182230,#182240,#182250);
#182270=CIRCLE('',#182260,0.2);
#182280=EDGE_CURVE('',#59130,#73100,#182270,.T.);
#182290=ORIENTED_EDGE('',*,*,#182280,.F.);
#182300=EDGE_LOOP('',(#182290,#182220,#182210,#182140));
#182310=FACE_OUTER_BOUND('',#182300,.T.);
#182320=ADVANCED_FACE('',(#182310),#182130,.T.);
#182330=CARTESIAN_POINT('',(-0.464789155951266,1.00894777512243,11.0575)
);
#182340=DIRECTION('',(0.,-1.,0.));
#182350=VECTOR('',#182340,1.);
#182360=LINE('',#182330,#182350);
#182370=CARTESIAN_POINT('',(-0.464789155951266,-1.19105222487757,11.0575
));
#182380=VERTEX_POINT('',#182370);
#182390=EDGE_CURVE('',#73100,#182380,#182360,.T.);
#182400=ORIENTED_EDGE('',*,*,#182390,.T.);
#182410=ORIENTED_EDGE('',*,*,#182280,.T.);
#182420=ORIENTED_EDGE('',*,*,#59140,.F.);
#182430=CARTESIAN_POINT('',(-0.264789155951266,-1.19105222487757,11.0575
));
#182440=DIRECTION('',(1.,0.,0.));
#182450=VECTOR('',#182440,1.);
#182460=LINE('',#182430,#182450);
#182470=EDGE_CURVE('',#182380,#59030,#182460,.T.);
#182480=ORIENTED_EDGE('',*,*,#182470,.T.);
#182490=EDGE_LOOP('',(#182480,#182420,#182410,#182400));
#182500=FACE_OUTER_BOUND('',#182490,.T.);
#182510=ADVANCED_FACE('',(#182500),#119430,.T.);
#182520=CARTESIAN_POINT('',(-0.464789155951266,-1.19105222487757,9.235))
;
#182530=DIRECTION('',(0.,0.,-1.));
#182540=VECTOR('',#182530,1.);
#182550=LINE('',#182520,#182540);
#182560=CARTESIAN_POINT('',(-0.464789155951266,-1.19105222487757,11.3575
));
#182570=VERTEX_POINT('',#182560);
#182580=EDGE_CURVE('',#182570,#182380,#182550,.T.);
#182590=ORIENTED_EDGE('',*,*,#182580,.T.);
#182600=CARTESIAN_POINT('',(-0.464789155951266,1.00894777512243,11.3575)
);
#182610=DIRECTION('',(0.,1.,0.));
#182620=VECTOR('',#182610,1.);
#182630=LINE('',#182600,#182620);
#182640=EDGE_CURVE('',#182570,#73140,#182630,.T.);
#182650=ORIENTED_EDGE('',*,*,#182640,.F.);
#182660=ORIENTED_EDGE('',*,*,#73150,.F.);
#182670=ORIENTED_EDGE('',*,*,#182390,.F.);
#182680=EDGE_LOOP('',(#182670,#182660,#182650,#182590));
#182690=FACE_OUTER_BOUND('',#182680,.T.);
#182700=ADVANCED_FACE('',(#182690),#56330,.T.);
#182710=ORIENTED_EDGE('',*,*,#182640,.T.);
#182720=CARTESIAN_POINT('',(-0.264789155951266,-1.19105222487757,11.3575
));
#182730=DIRECTION('',(-1.,0.,0.));
#182740=VECTOR('',#182730,1.);
#182750=LINE('',#182720,#182740);
#182760=EDGE_CURVE('',#57510,#182570,#182750,.T.);
#182770=ORIENTED_EDGE('',*,*,#182760,.T.);
#182780=ORIENTED_EDGE('',*,*,#57520,.T.);
#182790=CARTESIAN_POINT('',(-0.464789155951266,-1.29105222487757,11.3575
));
#182800=DIRECTION('',(0.,0.,1.));
#182810=DIRECTION('',(0.,1.,0.));
#182820=AXIS2_PLACEMENT_3D('',#182790,#182800,#182810);
#182830=CIRCLE('',#182820,0.2);
#182840=EDGE_CURVE('',#57430,#73140,#182830,.T.);
#182850=ORIENTED_EDGE('',*,*,#182840,.F.);
#182860=EDGE_LOOP('',(#182850,#182780,#182770,#182710));
#182870=FACE_OUTER_BOUND('',#182860,.T.);
#182880=ADVANCED_FACE('',(#182870),#97010,.T.);
#182890=CARTESIAN_POINT('',(-0.264789155951265,-1.19105222487757,11.055)
);
#182900=DIRECTION('',(0.,-1.,0.));
#182910=DIRECTION('',(-1.,0.,0.));
#182920=AXIS2_PLACEMENT_3D('',#182890,#182900,#182910);
#182930=PLANE('',#182920);
#182940=ORIENTED_EDGE('',*,*,#182470,.F.);
#182950=ORIENTED_EDGE('',*,*,#59060,.F.);
#182960=ORIENTED_EDGE('',*,*,#182040,.T.);
#182970=ORIENTED_EDGE('',*,*,#75110,.F.);
#182980=CARTESIAN_POINT('',(-0.264789155951266,-1.19105222487757,11.36))
;
#182990=DIRECTION('',(1.,0.,0.));
#183000=VECTOR('',#182990,1.);
#183010=LINE('',#182980,#183000);
#183020=EDGE_CURVE('',#57590,#57980,#183010,.T.);
#183030=ORIENTED_EDGE('',*,*,#183020,.T.);
#183040=ORIENTED_EDGE('',*,*,#57600,.F.);
#183050=ORIENTED_EDGE('',*,*,#182760,.F.);
#183060=ORIENTED_EDGE('',*,*,#182580,.F.);
#183070=EDGE_LOOP('',(#183060,#183050,#183040,#183030,#182970,#182960,
#182950,#182940));
#183080=FACE_OUTER_BOUND('',#183070,.T.);
#183090=ADVANCED_FACE('',(#183080),#182930,.F.);
#183100=ORIENTED_EDGE('',*,*,#60070,.T.);
#183110=ORIENTED_EDGE('',*,*,#59300,.T.);
#183120=ORIENTED_EDGE('',*,*,#182200,.F.);
#183130=ORIENTED_EDGE('',*,*,#58780,.T.);
#183140=EDGE_LOOP('',(#183130,#183120,#183110,#183100));
#183150=FACE_OUTER_BOUND('',#183140,.T.);
#183160=ADVANCED_FACE('',(#183150),#115640,.T.);
#183170=ORIENTED_EDGE('',*,*,#60140,.T.);
#183180=ORIENTED_EDGE('',*,*,#58880,.T.);
#183190=ORIENTED_EDGE('',*,*,#181390,.T.);
#183200=ORIENTED_EDGE('',*,*,#180930,.F.);
#183210=EDGE_LOOP('',(#183200,#183190,#183180,#183170));
#183220=FACE_OUTER_BOUND('',#183210,.T.);
#183230=ADVANCED_FACE('',(#183220),#124910,.T.);
#183240=CARTESIAN_POINT('',(-0.264789155951266,-1.19105222487757,10.86))
;
#183250=DIRECTION('',(1.,0.,0.));
#183260=DIRECTION('',(0.,-1.,0.));
#183270=AXIS2_PLACEMENT_3D('',#183240,#183250,#183260);
#183280=PLANE('',#183270);
#183290=ORIENTED_EDGE('',*,*,#59540,.F.);
#183300=ORIENTED_EDGE('',*,*,#181830,.F.);
#183310=ORIENTED_EDGE('',*,*,#75170,.F.);
#183320=ORIENTED_EDGE('',*,*,#181980,.F.);
#183330=EDGE_LOOP('',(#183320,#183310,#183300,#183290));
#183340=FACE_OUTER_BOUND('',#183330,.T.);
#183350=ADVANCED_FACE('',(#183340),#183280,.F.);
#183360=CARTESIAN_POINT('',(-2.01478915595127,1.00894777512243,11.36));
#183370=DIRECTION('',(0.,0.,-1.));
#183380=DIRECTION('',(-1.,0.,0.));
#183390=AXIS2_PLACEMENT_3D('',#183360,#183370,#183380);
#183400=PLANE('',#183390);
#183410=ORIENTED_EDGE('',*,*,#57680,.F.);
#183420=ORIENTED_EDGE('',*,*,#183020,.F.);
#183430=ORIENTED_EDGE('',*,*,#57990,.T.);
#183440=EDGE_LOOP('',(#183430,#183420,#183410));
#183450=FACE_OUTER_BOUND('',#183440,.T.);
#183460=ADVANCED_FACE('',(#183450),#183400,.F.);
#183470=CARTESIAN_POINT('',(-0.464789155951266,-1.29105222487757,11.3675
));
#183480=DIRECTION('',(0.,0.,1.));
#183490=DIRECTION('',(0.,1.,0.));
#183500=AXIS2_PLACEMENT_3D('',#183470,#183480,#183490);
#183510=CYLINDRICAL_SURFACE('',#183500,0.2);
#183520=ORIENTED_EDGE('',*,*,#73210,.T.);
#183530=ORIENTED_EDGE('',*,*,#182840,.T.);
#183540=ORIENTED_EDGE('',*,*,#57440,.F.);
#183550=ORIENTED_EDGE('',*,*,#57130,.F.);
#183560=EDGE_LOOP('',(#183550,#183540,#183530,#183520));
#183570=FACE_OUTER_BOUND('',#183560,.T.);
#183580=ADVANCED_FACE('',(#183570),#183510,.T.);
#183590=CARTESIAN_POINT('',(-0.264789155951266,-1.19105222487757,11.86))
;
#183600=DIRECTION('',(1.,0.,0.));
#183610=DIRECTION('',(0.,-1.,0.));
#183620=AXIS2_PLACEMENT_3D('',#183590,#183600,#183610);
#183630=PLANE('',#183620);
#183640=ORIENTED_EDGE('',*,*,#55950,.F.);
#183650=CARTESIAN_POINT('',(-0.264789155951266,1.00894777512243,11.86));
#183660=DIRECTION('',(0.,1.,0.));
#183670=VECTOR('',#183660,1.);
#183680=LINE('',#183650,#183670);
#183690=EDGE_CURVE('',#55860,#58470,#183680,.T.);
#183700=ORIENTED_EDGE('',*,*,#183690,.F.);
#183710=ORIENTED_EDGE('',*,*,#75010,.F.);
#183720=CARTESIAN_POINT('',(-0.264789155951266,1.00894777512243,12.055))
;
#183730=DIRECTION('',(0.,-1.,0.));
#183740=VECTOR('',#183730,1.);
#183750=LINE('',#183720,#183740);
#183760=EDGE_CURVE('',#74940,#55940,#183750,.T.);
#183770=ORIENTED_EDGE('',*,*,#183760,.F.);
#183780=EDGE_LOOP('',(#183770,#183710,#183700,#183640));
#183790=FACE_OUTER_BOUND('',#183780,.T.);
#183800=ADVANCED_FACE('',(#183790),#183630,.F.);
#183810=CARTESIAN_POINT('',(-2.01478915595127,1.00894777512243,12.055));
#183820=DIRECTION('',(0.,0.,-1.));
#183830=DIRECTION('',(-1.,0.,0.));
#183840=AXIS2_PLACEMENT_3D('',#183810,#183820,#183830);
#183850=PLANE('',#183840);
#183860=ORIENTED_EDGE('',*,*,#56030,.T.);
#183870=ORIENTED_EDGE('',*,*,#183760,.T.);
#183880=CARTESIAN_POINT('',(-2.01478915595127,-1.19105222487757,12.055))
;
#183890=DIRECTION('',(-1.,0.,0.));
#183900=VECTOR('',#183890,1.);
#183910=LINE('',#183880,#183900);
#183920=EDGE_CURVE('',#74940,#56020,#183910,.T.);
#183930=ORIENTED_EDGE('',*,*,#183920,.F.);
#183940=EDGE_LOOP('',(#183930,#183870,#183860));
#183950=FACE_OUTER_BOUND('',#183940,.T.);
#183960=ADVANCED_FACE('',(#183950),#183850,.T.);
#183970=CARTESIAN_POINT('',(-0.264789155951265,-1.19105222487757,12.055)
);
#183980=DIRECTION('',(0.,-1.,0.));
#183990=DIRECTION('',(-1.,0.,0.));
#184000=AXIS2_PLACEMENT_3D('',#183970,#183980,#183990);
#184010=PLANE('',#184000);
#184020=ORIENTED_EDGE('',*,*,#55380,.F.);
#184030=ORIENTED_EDGE('',*,*,#56090,.F.);
#184040=ORIENTED_EDGE('',*,*,#183920,.T.);
#184050=ORIENTED_EDGE('',*,*,#74950,.F.);
#184060=CARTESIAN_POINT('',(-0.264789155951266,-1.19105222487757,12.36))
;
#184070=DIRECTION('',(1.,0.,0.));
#184080=VECTOR('',#184070,1.);
#184090=LINE('',#184060,#184080);
#184100=CARTESIAN_POINT('',(-0.322524182870229,-1.19105222487757,12.36))
;
#184110=VERTEX_POINT('',#184100);
#184120=EDGE_CURVE('',#184110,#74860,#184090,.T.);
#184130=ORIENTED_EDGE('',*,*,#184120,.T.);
#184140=CARTESIAN_POINT('',(-0.322524182870228,-1.19105222487757,9.235))
;
#184150=DIRECTION('',(0.,0.,-1.));
#184160=VECTOR('',#184150,1.);
#184170=LINE('',#184140,#184160);
#184180=CARTESIAN_POINT('',(-0.322524182870228,-1.19105222487757,12.3575
));
#184190=VERTEX_POINT('',#184180);
#184200=EDGE_CURVE('',#184110,#184190,#184170,.T.);
#184210=ORIENTED_EDGE('',*,*,#184200,.F.);
#184220=CARTESIAN_POINT('',(-0.264789155951266,-1.19105222487757,12.3575
));
#184230=DIRECTION('',(-1.,0.,0.));
#184240=VECTOR('',#184230,1.);
#184250=LINE('',#184220,#184240);
#184260=CARTESIAN_POINT('',(-0.464789155951266,-1.19105222487757,12.3575
));
#184270=VERTEX_POINT('',#184260);
#184280=EDGE_CURVE('',#184190,#184270,#184250,.T.);
#184290=ORIENTED_EDGE('',*,*,#184280,.F.);
#184300=CARTESIAN_POINT('',(-0.464789155951266,-1.19105222487757,9.235))
;
#184310=DIRECTION('',(0.,0.,-1.));
#184320=VECTOR('',#184310,1.);
#184330=LINE('',#184300,#184320);
#184340=EDGE_CURVE('',#184270,#55350,#184330,.T.);
#184350=ORIENTED_EDGE('',*,*,#184340,.F.);
#184360=EDGE_LOOP('',(#184350,#184290,#184210,#184130,#184050,#184040,
#184030,#184020));
#184370=FACE_OUTER_BOUND('',#184360,.T.);
#184380=ADVANCED_FACE('',(#184370),#184010,.F.);
#184390=CARTESIAN_POINT('',(-2.01478915595127,1.00894777512243,11.86));
#184400=DIRECTION('',(0.,0.,-1.));
#184410=DIRECTION('',(-1.,0.,0.));
#184420=AXIS2_PLACEMENT_3D('',#184390,#184400,#184410);
#184430=PLANE('',#184420);
#184440=ORIENTED_EDGE('',*,*,#55870,.F.);
#184450=ORIENTED_EDGE('',*,*,#58540,.F.);
#184460=ORIENTED_EDGE('',*,*,#183690,.T.);
#184470=EDGE_LOOP('',(#184460,#184450,#184440));
#184480=FACE_OUTER_BOUND('',#184470,.T.);
#184490=ADVANCED_FACE('',(#184480),#184430,.F.);
#184500=CARTESIAN_POINT('',(-0.464789155951266,-1.29105222487757,11.8675
));
#184510=DIRECTION('',(0.,0.,1.));
#184520=DIRECTION('',(0.,1.,0.));
#184530=AXIS2_PLACEMENT_3D('',#184500,#184510,#184520);
#184540=CYLINDRICAL_SURFACE('',#184530,0.2);
#184550=ORIENTED_EDGE('',*,*,#73280,.T.);
#184560=ORIENTED_EDGE('',*,*,#56870,.T.);
#184570=ORIENTED_EDGE('',*,*,#56180,.F.);
#184580=ORIENTED_EDGE('',*,*,#55550,.F.);
#184590=EDGE_LOOP('',(#184580,#184570,#184560,#184550));
#184600=FACE_OUTER_BOUND('',#184590,.T.);
#184610=ADVANCED_FACE('',(#184600),#184540,.T.);
#184620=ORIENTED_EDGE('',*,*,#184280,.T.);
#184630=CARTESIAN_POINT('',(-0.600580113963836,-0.709445224877575,
12.3575));
#184640=DIRECTION('',(0.5,-0.866025403784439,0.));
#184650=VECTOR('',#184640,1.);
#184660=LINE('',#184630,#184650);
#184670=CARTESIAN_POINT('',(-0.364789155951266,-1.11784714412069,12.3575
));
#184680=VERTEX_POINT('',#184670);
#184690=EDGE_CURVE('',#184680,#184190,#184660,.T.);
#184700=ORIENTED_EDGE('',*,*,#184690,.T.);
#184710=CARTESIAN_POINT('',(-0.464789155951266,-1.29105222487757,12.3575
));
#184720=DIRECTION('',(0.,0.,1.));
#184730=DIRECTION('',(0.,1.,0.));
#184740=AXIS2_PLACEMENT_3D('',#184710,#184720,#184730);
#184750=CIRCLE('',#184740,0.2);
#184760=EDGE_CURVE('',#184680,#73310,#184750,.T.);
#184770=ORIENTED_EDGE('',*,*,#184760,.F.);
#184780=CARTESIAN_POINT('',(-0.464789155951266,1.00894777512243,12.3575)
);
#184790=DIRECTION('',(0.,1.,0.));
#184800=VECTOR('',#184790,1.);
#184810=LINE('',#184780,#184800);
#184820=EDGE_CURVE('',#184270,#73310,#184810,.T.);
#184830=ORIENTED_EDGE('',*,*,#184820,.T.);
#184840=EDGE_LOOP('',(#184830,#184770,#184700,#184620));
#184850=FACE_OUTER_BOUND('',#184840,.T.);
#184860=ADVANCED_FACE('',(#184850),#156230,.T.);
#184870=ORIENTED_EDGE('',*,*,#184340,.T.);
#184880=ORIENTED_EDGE('',*,*,#184820,.F.);
#184890=ORIENTED_EDGE('',*,*,#73320,.F.);
#184900=ORIENTED_EDGE('',*,*,#55460,.F.);
#184910=EDGE_LOOP('',(#184900,#184890,#184880,#184870));
#184920=FACE_OUTER_BOUND('',#184910,.T.);
#184930=ADVANCED_FACE('',(#184920),#56330,.T.);
#184940=CARTESIAN_POINT('',(-0.264789155951266,-1.19105222487757,9.36));
#184950=DIRECTION('',(1.,0.,0.));
#184960=DIRECTION('',(0.,-1.,0.));
#184970=AXIS2_PLACEMENT_3D('',#184940,#184950,#184960);
#184980=PLANE('',#184970);
#184990=ORIENTED_EDGE('',*,*,#62440,.F.);
#185000=ORIENTED_EDGE('',*,*,#63400,.F.);
#185010=ORIENTED_EDGE('',*,*,#75400,.F.);
#185020=ORIENTED_EDGE('',*,*,#62110,.F.);
#185030=EDGE_LOOP('',(#185020,#185010,#185000,#184990));
#185040=FACE_OUTER_BOUND('',#185030,.T.);
#185050=ADVANCED_FACE('',(#185040),#184980,.F.);
#185060=CARTESIAN_POINT('',(-2.01478915595127,1.00894777512243,7.86));
#185070=DIRECTION('',(0.,0.,-1.));
#185080=DIRECTION('',(-1.,0.,0.));
#185090=AXIS2_PLACEMENT_3D('',#185060,#185070,#185080);
#185100=PLANE('',#185090);
#185110=ORIENTED_EDGE('',*,*,#174490,.F.);
#185120=ORIENTED_EDGE('',*,*,#64450,.T.);
#185130=ORIENTED_EDGE('',*,*,#174820,.F.);
#185140=EDGE_LOOP('',(#185130,#185120,#185110));
#185150=FACE_OUTER_BOUND('',#185140,.T.);
#185160=ADVANCED_FACE('',(#185150),#185100,.F.);
#185170=CARTESIAN_POINT('',(-2.01478915595127,1.00894777512243,7.555));
#185180=DIRECTION('',(0.,0.,-1.));
#185190=DIRECTION('',(-1.,0.,0.));
#185200=AXIS2_PLACEMENT_3D('',#185170,#185180,#185190);
#185210=PLANE('',#185200);
#185220=ORIENTED_EDGE('',*,*,#73600,.T.);
#185230=CARTESIAN_POINT('',(-0.264789155951266,1.00894777512243,7.555));
#185240=DIRECTION('',(0.,-1.,0.));
#185250=VECTOR('',#185240,1.);
#185260=LINE('',#185230,#185250);
#185270=EDGE_CURVE('',#64280,#73590,#185260,.T.);
#185280=ORIENTED_EDGE('',*,*,#185270,.T.);
#185290=ORIENTED_EDGE('',*,*,#64290,.F.);
#185300=EDGE_LOOP('',(#185290,#185280,#185220));
#185310=FACE_OUTER_BOUND('',#185300,.T.);
#185320=ADVANCED_FACE('',(#185310),#185210,.T.);
#185330=CARTESIAN_POINT('',(-0.264789155951266,-1.19105222487757,7.555))
;
#185340=DIRECTION('',(-1.,0.,0.));
#185350=DIRECTION('',(0.,-1.,0.));
#185360=AXIS2_PLACEMENT_3D('',#185330,#185340,#185350);
#185370=PLANE('',#185360);
#185380=ORIENTED_EDGE('',*,*,#74070,.T.);
#185390=ORIENTED_EDGE('',*,*,#74300,.T.);
#185400=ORIENTED_EDGE('',*,*,#75860,.T.);
#185410=ORIENTED_EDGE('',*,*,#185270,.F.);
#185420=EDGE_LOOP('',(#185410,#185400,#185390,#185380));
#185430=FACE_OUTER_BOUND('',#185420,.T.);
#185440=ADVANCED_FACE('',(#185430),#185370,.T.);
#185450=CARTESIAN_POINT('',(-0.264789155951266,-3.37105222487757,6.7575)
);
#185460=DIRECTION('',(0.,0.,1.));
#185470=DIRECTION('',(1.,0.,0.));
#185480=AXIS2_PLACEMENT_3D('',#185450,#185460,#185470);
#185490=PLANE('',#185480);
#185500=ORIENTED_EDGE('',*,*,#72360,.F.);
#185510=CARTESIAN_POINT('',(-1.3330646252371,-3.37105222487757,6.7575));
#185520=DIRECTION('',(-0.305710428815151,-0.952124536871967,0.));
#185530=VECTOR('',#185520,1.);
#185540=LINE('',#185510,#185530);
#185550=EDGE_CURVE('',#68460,#72290,#185540,.T.);
#185560=ORIENTED_EDGE('',*,*,#185550,.T.);
#185570=ORIENTED_EDGE('',*,*,#68470,.T.);
#185580=ORIENTED_EDGE('',*,*,#68820,.T.);
#185590=ORIENTED_EDGE('',*,*,#67980,.T.);
#185600=ORIENTED_EDGE('',*,*,#70540,.F.);
#185610=EDGE_LOOP('',(#185600,#185590,#185580,#185570,#185560,#185500));
#185620=FACE_OUTER_BOUND('',#185610,.T.);
#185630=ADVANCED_FACE('',(#185620),#185490,.T.);
#185640=CARTESIAN_POINT('',(-0.264789155951266,-3.37105222487757,5.7575)
);
#185650=DIRECTION('',(0.,0.,1.));
#185660=DIRECTION('',(1.,0.,0.));
#185670=AXIS2_PLACEMENT_3D('',#185640,#185650,#185660);
#185680=PLANE('',#185670);
#185690=CARTESIAN_POINT('',(-0.264789155951266,1.30894777512243,5.7575))
;
#185700=DIRECTION('',(1.,0.,0.));
#185710=VECTOR('',#185700,1.);
#185720=LINE('',#185690,#185710);
#185730=CARTESIAN_POINT('',(-1.11478915595127,1.30894777512243,5.7575));
#185740=VERTEX_POINT('',#185730);
#185750=CARTESIAN_POINT('',(-0.0647891559512658,1.30894777512243,5.7575)
);
#185760=VERTEX_POINT('',#185750);
#185770=EDGE_CURVE('',#185740,#185760,#185720,.T.);
#185780=ORIENTED_EDGE('',*,*,#185770,.T.);
#185790=CARTESIAN_POINT('',(-1.11478915595127,-3.37105222487757,5.7575))
;
#185800=DIRECTION('',(0.,-1.,0.));
#185810=VECTOR('',#185800,1.);
#185820=LINE('',#185790,#185810);
#185830=CARTESIAN_POINT('',(-1.11478915595127,1.10894777512243,5.7575));
#185840=VERTEX_POINT('',#185830);
#185850=EDGE_CURVE('',#185740,#185840,#185820,.T.);
#185860=ORIENTED_EDGE('',*,*,#185850,.F.);
#185870=CARTESIAN_POINT('',(-0.264789155951266,1.10894777512243,5.7575))
;
#185880=DIRECTION('',(-1.,0.,0.));
#185890=VECTOR('',#185880,1.);
#185900=LINE('',#185870,#185890);
#185910=EDGE_CURVE('',#51620,#185840,#185900,.T.);
#185920=ORIENTED_EDGE('',*,*,#185910,.T.);
#185930=ORIENTED_EDGE('',*,*,#52080,.F.);
#185940=ORIENTED_EDGE('',*,*,#104440,.T.);
#185950=ORIENTED_EDGE('',*,*,#43380,.T.);
#185960=ORIENTED_EDGE('',*,*,#43670,.F.);
#185970=ORIENTED_EDGE('',*,*,#54320,.F.);
#185980=ORIENTED_EDGE('',*,*,#68610,.F.);
#185990=CARTESIAN_POINT('',(-0.0647891559512658,0.578947775122426,5.7575
));
#186000=DIRECTION('',(-0.305710428815151,-0.952124536871967,0.));
#186010=VECTOR('',#186000,1.);
#186020=LINE('',#185990,#186010);
#186030=EDGE_CURVE('',#39560,#68540,#186020,.T.);
#186040=ORIENTED_EDGE('',*,*,#186030,.T.);
#186050=ORIENTED_EDGE('',*,*,#54290,.F.);
#186060=ORIENTED_EDGE('',*,*,#36780,.T.);
#186070=ORIENTED_EDGE('',*,*,#44570,.T.);
#186080=ORIENTED_EDGE('',*,*,#104330,.T.);
#186090=ORIENTED_EDGE('',*,*,#51360,.T.);
#186100=CARTESIAN_POINT('',(-0.0647891559512658,0.578947775122426,5.7575
));
#186110=VERTEX_POINT('',#186100);
#186120=EDGE_CURVE('',#186110,#39640,#186020,.T.);
#186130=ORIENTED_EDGE('',*,*,#186120,.T.);
#186140=CARTESIAN_POINT('',(-0.0647891559512658,-3.37105222487757,5.7575
));
#186150=DIRECTION('',(0.,1.,0.));
#186160=VECTOR('',#186150,1.);
#186170=LINE('',#186140,#186160);
#186180=EDGE_CURVE('',#186110,#185760,#186170,.T.);
#186190=ORIENTED_EDGE('',*,*,#186180,.F.);
#186200=EDGE_LOOP('',(#186190,#186130,#186090,#186080,#186070,#186060,
#186050,#186040,#185980,#185970,#185960,#185950,#185940,#185930,#185920,
#185860,#185780));
#186210=FACE_OUTER_BOUND('',#186200,.T.);
#186220=ADVANCED_FACE('',(#186210),#185680,.F.);
#186230=CARTESIAN_POINT('',(-0.0647891559512658,1.30894777512243,5.7575)
);
#186240=DIRECTION('',(0.,1.,0.));
#186250=DIRECTION('',(-1.,0.,0.));
#186260=AXIS2_PLACEMENT_3D('',#186230,#186240,#186250);
#186270=PLANE('',#186260);
#186280=ORIENTED_EDGE('',*,*,#185770,.F.);
#186290=CARTESIAN_POINT('',(-0.0647891559512658,1.30894777512243,5.7575)
);
#186300=DIRECTION('',(0.,0.,-1.));
#186310=VECTOR('',#186300,1.);
#186320=LINE('',#186290,#186310);
#186330=EDGE_CURVE('',#185760,#55120,#186320,.T.);
#186340=ORIENTED_EDGE('',*,*,#186330,.F.);
#186350=ORIENTED_EDGE('',*,*,#55130,.T.);
#186360=ORIENTED_EDGE('',*,*,#54590,.T.);
#186370=ORIENTED_EDGE('',*,*,#41600,.T.);
#186380=CARTESIAN_POINT('',(-1.11478915595127,1.30894777512243,31.3025))
;
#186390=DIRECTION('',(0.,0.,1.));
#186400=VECTOR('',#186390,1.);
#186410=LINE('',#186380,#186400);
#186420=EDGE_CURVE('',#185740,#41510,#186410,.T.);
#186430=ORIENTED_EDGE('',*,*,#186420,.T.);
#186440=EDGE_LOOP('',(#186430,#186370,#186360,#186350,#186340,#186280));
#186450=FACE_OUTER_BOUND('',#186440,.T.);
#186460=ADVANCED_FACE('',(#186450),#186270,.F.);
#186470=CARTESIAN_POINT('',(-1.11478915595127,-1.73105222487757,6.4225))
;
#186480=DIRECTION('',(-1.,0.,0.));
#186490=DIRECTION('',(0.,0.,1.));
#186500=AXIS2_PLACEMENT_3D('',#186470,#186480,#186490);
#186510=PLANE('',#186500);
#186520=ORIENTED_EDGE('',*,*,#41520,.T.);
#186530=CARTESIAN_POINT('',(-1.11478915595127,1.10894777512243,31.3025))
;
#186540=DIRECTION('',(0.,0.,-1.));
#186550=VECTOR('',#186540,1.);
#186560=LINE('',#186530,#186550);
#186570=EDGE_CURVE('',#41430,#185840,#186560,.T.);
#186580=ORIENTED_EDGE('',*,*,#186570,.F.);
#186590=ORIENTED_EDGE('',*,*,#185850,.T.);
#186600=ORIENTED_EDGE('',*,*,#186420,.F.);
#186610=EDGE_LOOP('',(#186600,#186590,#186580,#186520));
#186620=FACE_OUTER_BOUND('',#186610,.T.);
#186630=ADVANCED_FACE('',(#186620),#186510,.T.);
#186640=CARTESIAN_POINT('',(-0.464789155951266,-1.73105222487757,6.4575)
);
#186650=DIRECTION('',(0.,0.,1.));
#186660=DIRECTION('',(1.,0.,0.));
#186670=AXIS2_PLACEMENT_3D('',#186640,#186650,#186660);
#186680=PLANE('',#186670);
#186690=CARTESIAN_POINT('',(-0.464789155951266,1.10894777512243,6.4575))
;
#186700=DIRECTION('',(1.,0.,0.));
#186710=VECTOR('',#186700,1.);
#186720=LINE('',#186690,#186710);
#186730=EDGE_CURVE('',#32720,#51600,#186720,.T.);
#186740=ORIENTED_EDGE('',*,*,#186730,.T.);
#186750=ORIENTED_EDGE('',*,*,#32730,.F.);
#186760=ORIENTED_EDGE('',*,*,#53170,.T.);
#186770=ORIENTED_EDGE('',*,*,#51710,.T.);
#186780=EDGE_LOOP('',(#186770,#186760,#186750,#186740));
#186790=FACE_OUTER_BOUND('',#186780,.T.);
#186800=ADVANCED_FACE('',(#186790),#186680,.F.);
#186810=CARTESIAN_POINT('',(-0.814789155951266,1.10894777512243,5.7575))
;
#186820=DIRECTION('',(0.,-1.,0.));
#186830=DIRECTION('',(1.,0.,0.));
#186840=AXIS2_PLACEMENT_3D('',#186810,#186820,#186830);
#186850=PLANE('',#186840);
#186860=ORIENTED_EDGE('',*,*,#186570,.T.);
#186870=ORIENTED_EDGE('',*,*,#41440,.T.);
#186880=ORIENTED_EDGE('',*,*,#32810,.T.);
#186890=ORIENTED_EDGE('',*,*,#186730,.F.);
#186900=ORIENTED_EDGE('',*,*,#51630,.F.);
#186910=ORIENTED_EDGE('',*,*,#185910,.F.);
#186920=EDGE_LOOP('',(#186910,#186900,#186890,#186880,#186870,#186860));
#186930=FACE_OUTER_BOUND('',#186920,.T.);
#186940=ADVANCED_FACE('',(#186930),#186850,.T.);
#186950=CARTESIAN_POINT('',(-0.0647891559512658,0.578947775122426,
31.6575));
#186960=DIRECTION('',(1.,0.,0.));
#186970=DIRECTION('',(0.,-1.,0.));
#186980=AXIS2_PLACEMENT_3D('',#186950,#186960,#186970);
#186990=PLANE('',#186980);
#187000=ORIENTED_EDGE('',*,*,#42220,.F.);
#187010=ORIENTED_EDGE('',*,*,#55190,.T.);
#187020=ORIENTED_EDGE('',*,*,#186330,.T.);
#187030=ORIENTED_EDGE('',*,*,#186180,.T.);
#187040=CARTESIAN_POINT('',(-0.064789155951212,0.578947775122426,0.9575)
);
#187050=DIRECTION('',(0.,0.,-1.));
#187060=VECTOR('',#187050,1.);
#187070=LINE('',#187040,#187060);
#187080=EDGE_CURVE('',#25960,#186110,#187070,.T.);
#187090=ORIENTED_EDGE('',*,*,#187080,.T.);
#187100=ORIENTED_EDGE('',*,*,#25970,.F.);
#187110=ORIENTED_EDGE('',*,*,#16270,.F.);
#187120=ORIENTED_EDGE('',*,*,#3660,.F.);
#187130=EDGE_LOOP('',(#187120,#187110,#187100,#187090,#187030,#187020,
#187010,#187000));
#187140=FACE_OUTER_BOUND('',#187130,.T.);
#187150=ADVANCED_FACE('',(#187140),#186990,.T.);
#187160=CARTESIAN_POINT('',(-0.655214063325659,-1.25991013911454,6.9575)
);
#187170=DIRECTION('',(0.952124536871967,-0.305710428815151,0.));
#187180=DIRECTION('',(-0.305710428815151,-0.952124536871967,0.));
#187190=AXIS2_PLACEMENT_3D('',#187160,#187170,#187180);
#187200=PLANE('',#187190);
#187210=ORIENTED_EDGE('',*,*,#186030,.F.);
#187220=ORIENTED_EDGE('',*,*,#68550,.T.);
#187230=ORIENTED_EDGE('',*,*,#185550,.F.);
#187240=ORIENTED_EDGE('',*,*,#72300,.F.);
#187250=ORIENTED_EDGE('',*,*,#26610,.T.);
#187260=ORIENTED_EDGE('',*,*,#6000,.F.);
#187270=ORIENTED_EDGE('',*,*,#26150,.T.);
#187280=ORIENTED_EDGE('',*,*,#5450,.F.);
#187290=ORIENTED_EDGE('',*,*,#26030,.T.);
#187300=ORIENTED_EDGE('',*,*,#187080,.F.);
#187310=ORIENTED_EDGE('',*,*,#186120,.F.);
#187320=ORIENTED_EDGE('',*,*,#39650,.F.);
#187330=EDGE_LOOP('',(#187320,#187310,#187300,#187290,#187280,#187270,
#187260,#187250,#187240,#187230,#187220,#187210));
#187340=FACE_OUTER_BOUND('',#187330,.T.);
#187350=ADVANCED_FACE('',(#187340),#187200,.T.);
#187360=CARTESIAN_POINT('',(-0.464789155951266,-1.29105222487757,12.3675
));
#187370=DIRECTION('',(0.,0.,1.));
#187380=DIRECTION('',(0.,1.,0.));
#187390=AXIS2_PLACEMENT_3D('',#187360,#187370,#187380);
#187400=CYLINDRICAL_SURFACE('',#187390,0.2);
#187410=ORIENTED_EDGE('',*,*,#73380,.T.);
#187420=ORIENTED_EDGE('',*,*,#184760,.T.);
#187430=CARTESIAN_POINT('',(-0.364789155951266,-1.11784714412069,12.5475
));
#187440=DIRECTION('',(0.,0.,1.));
#187450=VECTOR('',#187440,1.);
#187460=LINE('',#187430,#187450);
#187470=EDGE_CURVE('',#184680,#44270,#187460,.T.);
#187480=ORIENTED_EDGE('',*,*,#187470,.F.);
#187490=ORIENTED_EDGE('',*,*,#44280,.F.);
#187500=EDGE_LOOP('',(#187490,#187480,#187420,#187410));
#187510=FACE_OUTER_BOUND('',#187500,.T.);
#187520=ADVANCED_FACE('',(#187510),#187400,.T.);
#187530=CARTESIAN_POINT('',(-0.364789155951266,-1.11784714412069,12.3675
));
#187540=DIRECTION('',(0.866025403784439,0.5,0.));
#187550=DIRECTION('',(0.5,-0.866025403784439,0.));
#187560=AXIS2_PLACEMENT_3D('',#187530,#187540,#187550);
#187570=PLANE('',#187560);
#187580=CARTESIAN_POINT('',(-1.5926947750874,1.00894777512243,12.36));
#187590=DIRECTION('',(-0.5,0.866025403784439,0.));
#187600=VECTOR('',#187590,1.);
#187610=LINE('',#187580,#187600);
#187620=CARTESIAN_POINT('',(-0.264789155951266,-1.29105222487757,12.36))
;
#187630=VERTEX_POINT('',#187620);
#187640=EDGE_CURVE('',#187630,#184110,#187610,.T.);
#187650=ORIENTED_EDGE('',*,*,#187640,.T.);
#187660=CARTESIAN_POINT('',(-0.264789155951266,-1.29105222487758,9.235))
;
#187670=DIRECTION('',(0.,0.,-1.));
#187680=VECTOR('',#187670,1.);
#187690=LINE('',#187660,#187680);
#187700=CARTESIAN_POINT('',(-0.264789155951266,-1.29105222487757,12.555)
);
#187710=VERTEX_POINT('',#187700);
#187720=EDGE_CURVE('',#187710,#187630,#187690,.T.);
#187730=ORIENTED_EDGE('',*,*,#187720,.T.);
#187740=CARTESIAN_POINT('',(-1.5926947750874,1.00894777512243,12.555));
#187750=DIRECTION('',(-0.5,0.866025403784439,0.));
#187760=VECTOR('',#187750,1.);
#187770=LINE('',#187740,#187760);
#187780=CARTESIAN_POINT('',(-0.322524182870228,-1.19105222487757,12.555)
);
#187790=VERTEX_POINT('',#187780);
#187800=EDGE_CURVE('',#187710,#187790,#187770,.T.);
#187810=ORIENTED_EDGE('',*,*,#187800,.F.);
#187820=CARTESIAN_POINT('',(-0.322524182870228,-1.19105222487757,9.235))
;
#187830=DIRECTION('',(0.,0.,-1.));
#187840=VECTOR('',#187830,1.);
#187850=LINE('',#187820,#187840);
#187860=EDGE_CURVE('',#44100,#187790,#187850,.T.);
#187870=ORIENTED_EDGE('',*,*,#187860,.T.);
#187880=ORIENTED_EDGE('',*,*,#44340,.F.);
#187890=ORIENTED_EDGE('',*,*,#187470,.T.);
#187900=ORIENTED_EDGE('',*,*,#184690,.F.);
#187910=ORIENTED_EDGE('',*,*,#184200,.T.);
#187920=EDGE_LOOP('',(#187910,#187900,#187890,#187880,#187870,#187810,
#187730,#187650));
#187930=FACE_OUTER_BOUND('',#187920,.T.);
#187940=ADVANCED_FACE('',(#187930),#187570,.T.);
#187950=CARTESIAN_POINT('',(-2.01478915595127,1.00894777512243,12.555));
#187960=DIRECTION('',(0.,0.,-1.));
#187970=DIRECTION('',(-1.,0.,0.));
#187980=AXIS2_PLACEMENT_3D('',#187950,#187960,#187970);
#187990=PLANE('',#187980);
#188000=ORIENTED_EDGE('',*,*,#187800,.T.);
#188010=CARTESIAN_POINT('',(-0.264789155951266,1.00894777512243,12.555))
;
#188020=DIRECTION('',(0.,-1.,0.));
#188030=VECTOR('',#188020,1.);
#188040=LINE('',#188010,#188030);
#188050=EDGE_CURVE('',#74780,#187710,#188040,.T.);
#188060=ORIENTED_EDGE('',*,*,#188050,.T.);
#188070=CARTESIAN_POINT('',(-2.01478915595127,-1.19105222487757,12.555))
;
#188080=DIRECTION('',(-1.,0.,0.));
#188090=VECTOR('',#188080,1.);
#188100=LINE('',#188070,#188090);
#188110=EDGE_CURVE('',#74780,#187790,#188100,.T.);
#188120=ORIENTED_EDGE('',*,*,#188110,.F.);
#188130=EDGE_LOOP('',(#188120,#188060,#188000));
#188140=FACE_OUTER_BOUND('',#188130,.T.);
#188150=ADVANCED_FACE('',(#188140),#187990,.T.);
#188160=CARTESIAN_POINT('',(-0.264789155951265,-1.19105222487757,12.555)
);
#188170=DIRECTION('',(0.,-1.,0.));
#188180=DIRECTION('',(-1.,0.,0.));
#188190=AXIS2_PLACEMENT_3D('',#188160,#188170,#188180);
#188200=PLANE('',#188190);
#188210=ORIENTED_EDGE('',*,*,#187860,.F.);
#188220=ORIENTED_EDGE('',*,*,#188110,.T.);
#188230=ORIENTED_EDGE('',*,*,#74790,.F.);
#188240=ORIENTED_EDGE('',*,*,#16990,.T.);
#188250=ORIENTED_EDGE('',*,*,#29720,.F.);
#188260=ORIENTED_EDGE('',*,*,#44960,.F.);
#188270=ORIENTED_EDGE('',*,*,#46500,.F.);
#188280=ORIENTED_EDGE('',*,*,#44110,.F.);
#188290=EDGE_LOOP('',(#188280,#188270,#188260,#188250,#188240,#188230,
#188220,#188210));
#188300=FACE_OUTER_BOUND('',#188290,.T.);
#188310=ADVANCED_FACE('',(#188300),#188200,.F.);
#188320=CARTESIAN_POINT('',(-0.264789155951266,-1.19105222487757,12.36))
;
#188330=DIRECTION('',(1.,0.,0.));
#188340=DIRECTION('',(0.,-1.,0.));
#188350=AXIS2_PLACEMENT_3D('',#188320,#188330,#188340);
#188360=PLANE('',#188350);
#188370=ORIENTED_EDGE('',*,*,#187720,.F.);
#188380=CARTESIAN_POINT('',(-0.264789155951266,1.00894777512243,12.36));
#188390=DIRECTION('',(0.,1.,0.));
#188400=VECTOR('',#188390,1.);
#188410=LINE('',#188380,#188400);
#188420=EDGE_CURVE('',#187630,#74860,#188410,.T.);
#188430=ORIENTED_EDGE('',*,*,#188420,.F.);
#188440=ORIENTED_EDGE('',*,*,#74870,.F.);
#188450=ORIENTED_EDGE('',*,*,#188050,.F.);
#188460=EDGE_LOOP('',(#188450,#188440,#188430,#188370));
#188470=FACE_OUTER_BOUND('',#188460,.T.);
#188480=ADVANCED_FACE('',(#188470),#188360,.F.);
#188490=CARTESIAN_POINT('',(-2.01478915595127,1.00894777512243,12.36));
#188500=DIRECTION('',(0.,0.,-1.));
#188510=DIRECTION('',(-1.,0.,0.));
#188520=AXIS2_PLACEMENT_3D('',#188490,#188500,#188510);
#188530=PLANE('',#188520);
#188540=ORIENTED_EDGE('',*,*,#187640,.F.);
#188550=ORIENTED_EDGE('',*,*,#184120,.F.);
#188560=ORIENTED_EDGE('',*,*,#188420,.T.);
#188570=EDGE_LOOP('',(#188560,#188550,#188540));
#188580=FACE_OUTER_BOUND('',#188570,.T.);
#188590=ADVANCED_FACE('',(#188580),#188530,.F.);
#188600=CLOSED_SHELL('',(#400,#800,#1120,#1430,#1740,#2230,#2700,#3430,
#3920,#4320,#4800,#5030,#5710,#6100,#6340,#6830,#7080,#7410,#7580,#7910,
#8310,#8900,#9540,#10100,#10500,#11320,#11570,#11810,#12050,#12290,
#12540,#12990,#13160,#13280,#13450,#13870,#14280,#14700,#14870,#15140,
#15620,#15900,#16370,#16770,#17090,#17400,#18120,#18240,#18480,#18880,
#19120,#19410,#19840,#20150,#20550,#20790,#21100,#21420,#21880,#22190,
#22520,#22920,#23160,#23330,#23660,#23850,#23970,#24280,#24630,#25190,
#25610,#25850,#26380,#26710,#27120,#27290,#27530,#27700,#27890,#28360,
#28620,#28810,#29210,#29440,#29910,#30310,#30780,#31160,#31550,#31860,
#32190,#33030,#33480,#33880,#34460,#35190,#35460,#35680,#36310,#36420,
#36820,#36910,#37030,#37200,#37600,#38020,#38270,#38490,#38710,#38880,
#38950,#39070,#39180,#40030,#40590,#40710,#40880,#41000,#41310,#41710,
#42030,#42280,#42840,#43170,#43480,#43720,#43970,#44380,#44620,#44840,
#45080,#45250,#45470,#45780,#45890,#46060,#46390,#46610,#46840,#47150,
#47390,#48310,#48550,#48800,#49040,#49290,#49530,#49770,#50010,#50250,
#50550,#50720,#50840,#51240,#51490,#52120,#52540,#52850,#53020,#53210,
#54010,#54180,#54450,#54690,#54860,#54990,#55240,#55650,#56280,#56680,
#56910,#57230,#57860,#58170,#58330,#58610,#58920,#59640,#60180,#60740,
#60900,#61460,#61680,#61930,#62160,#62650,#63280,#63440,#63750,#64070,
#64790,#65010,#65730,#66150,#66790,#67010,#67180,#67520,#67830,#68330,
#68720,#68890,#69290,#69530,#69790,#70070,#70190,#70430,#70670,#70980,
#71300,#71630,#72010,#72180,#73480,#74110,#74340,#74670,#76190,#77720,
#78120,#78520,#80240,#81960,#82360,#84130,#87680,#88080,#88480,#88880,
#89280,#89570,#89950,#90070,#90470,#90870,#91160,#91540,#91660,#92060,
#92530,#94120,#94500,#94900,#95300,#95590,#95970,#96090,#96490,#96960,
#98550,#98930,#99380,#99690,#99930,#100610,#101010,#101850,#102160,
#102910,#103080,#103250,#103420,#103590,#103760,#103930,#104050,#104170,
#104810,#105050,#105340,#105600,#107670,#107910,#108150,#109590,#109760,
#109930,#110100,#110270,#110440,#110610,#110780,#110950,#111120,#111290,
#111460,#111630,#111800,#111920,#112090,#112260,#112430,#112600,#112770,
#112940,#113110,#113280,#113450,#113620,#113790,#113960,#114130,#114300,
#114470,#114590,#114900,#115070,#115190,#115590,#116940,#117250,#117500,
#117740,#117990,#118230,#118470,#118720,#118960,#119210,#119380,#119990,
#120160,#120330,#120500,#120620,#121020,#122420,#122730,#122980,#123220,
#123470,#123710,#123950,#124200,#124440,#124690,#124860,#125470,#125640,
#125810,#125980,#126100,#126270,#126440,#126610,#126780,#126950,#127120,
#127290,#127460,#127630,#127800,#127970,#128140,#128310,#128480,#128650,
#128770,#129080,#129250,#129370,#129770,#131120,#131430,#131680,#131920,
#132170,#132410,#132650,#132900,#133140,#133390,#133560,#134120,#134290,
#134460,#134630,#134750,#135150,#136500,#136810,#137060,#137300,#137550,
#137790,#138030,#138280,#138520,#138770,#138940,#139550,#139720,#139890,
#140060,#140180,#140580,#142120,#142430,#142680,#142920,#143170,#143410,
#143650,#143900,#144140,#144390,#144560,#145170,#145340,#145510,#145680,
#145800,#146200,#146510,#146750,#146990,#147110,#147510,#148960,#149270,
#149520,#149760,#150010,#150250,#150490,#150740,#150980,#151230,#151400,
#151960,#152130,#152300,#152470,#152590,#152830,#153070,#153190,#153310,
#153430,#153550,#153670,#153910,#154100,#154220,#154340,#154460,#154770,
#155030,#155270,#155460,#155580,#155820,#156060,#156180,#157620,#157790,
#157960,#158130,#158300,#158470,#158640,#158810,#158980,#159150,#159320,
#159490,#159660,#159830,#160000,#160170,#160290,#160690,#161070,#161310,
#161550,#161790,#162100,#162500,#162810,#163120,#163450,#163760,#164090,
#164400,#164710,#165040,#165350,#165590,#165920,#166230,#166570,#166910,
#167030,#168420,#168740,#168980,#169220,#169460,#169710,#169950,#170200,
#170440,#170680,#170930,#171170,#171480,#171730,#171970,#172220,#172400,
#172610,#172810,#172970,#173160,#173300,#173420,#173540,#173670,#173850,
#173920,#174120,#174590,#174710,#174930,#175090,#175440,#175640,#175890,
#176380,#176540,#176710,#176870,#177040,#177240,#177730,#177980,#178380,
#178500,#178660,#178830,#178940,#179060,#179130,#179260,#179380,#179510,
#179690,#179880,#180070,#180370,#180650,#181120,#181250,#181430,#181600,
#181710,#181870,#182080,#182320,#182510,#182700,#182880,#183090,#183160,
#183230,#183350,#183460,#183580,#183800,#183960,#184380,#184490,#184610,
#184860,#184930,#185050,#185160,#185320,#185440,#185630,#186220,#186460,
#186630,#186800,#186940,#187150,#187350,#187520,#187940,#188150,#188310,
#188480,#188590));
#188610=MANIFOLD_SOLID_BREP('',#188600);
#188620=CARTESIAN_POINT('',(0.,0.,0.));
#188630=DIRECTION('',(0.,0.,1.));
#188640=DIRECTION('',(1.,0.,0.));
#188650=AXIS2_PLACEMENT_3D('',#188620,#188630,#188640);
#188660=APPLICATION_CONTEXT(' ');
#188670=APPLICATION_PROTOCOL_DEFINITION(' ','automotive_design',1998,
#188660);
#188680=MECHANICAL_CONTEXT('',#188660,'mechanical');
#188690=PRODUCT_DEFINITION_CONTEXT('part definition',#188660,'design');
#188700=PRODUCT('FH12-14S-0.5SH_\X\8A\S\H\X\97\S\*',
'FH12-14S-0.5SH_\X\8A\S\H\X\97\S\*','',(#188680));
#188710=PRODUCT_TYPE('part',' ',(#188700));
#188720=PRODUCT_DEFINITION_FORMATION_WITH_SPECIFIED_SOURCE('','',#188700
,.BOUGHT.);
#188730=PRODUCT_DEFINITION('',' ',#188720,#188690);
#188740=PRODUCT_DEFINITION_SHAPE('','',#188730);
#188750=DIMENSIONAL_EXPONENTS(1.,0.,0.,0.,0.,0.,0.);
#188760=DIMENSIONAL_EXPONENTS(0.,0.,0.,0.,0.,0.,0.);
#188770=DIMENSIONAL_EXPONENTS(0.,0.,0.,0.,0.,0.,0.);
#188780=(LENGTH_UNIT() NAMED_UNIT(*) SI_UNIT(.MILLI.,.METRE.));
#188790=(NAMED_UNIT(*) PLANE_ANGLE_UNIT() SI_UNIT($,.RADIAN.));
#188800=(NAMED_UNIT(*) SI_UNIT($,.STERADIAN.) SOLID_ANGLE_UNIT());
#188810=(GEOMETRIC_REPRESENTATION_CONTEXT(3) 
GLOBAL_UNCERTAINTY_ASSIGNED_CONTEXT((#188820)) 
GLOBAL_UNIT_ASSIGNED_CONTEXT((#188780,#188790,#188800)) 
REPRESENTATION_CONTEXT('',''));
#188820=UNCERTAINTY_MEASURE_WITH_UNIT(LENGTH_MEASURE(1.E-6),#188780,
'distance_accuracy_value','maximum gap value');
#188830=ADVANCED_BREP_SHAPE_REPRESENTATION('',(#188650,#188610),#188810)
;
#188840=SHAPE_DEFINITION_REPRESENTATION(#188740,#188830);
#188850=COLOUR_RGB('',0.854902029037476,0.713725507259369,
0.647058844566345);
#188860=FILL_AREA_STYLE_COLOUR('',#188850);
#188870=FILL_AREA_STYLE('',(#188860));
#188880=SURFACE_STYLE_FILL_AREA(#188870);
#188890=SURFACE_SIDE_STYLE('',(#188880));
#188900=SURFACE_STYLE_USAGE(.BOTH.,#188890);
#188910=PRESENTATION_STYLE_ASSIGNMENT((#188900));
#188920=STYLED_ITEM('',(#188910),#188610);
#188930=MECHANICAL_DESIGN_GEOMETRIC_PRESENTATION_REPRESENTATION('',(
#188920),#188810);
#188940=CARTESIAN_POINT('',(200.,-8.18678323380974,-28.65));
#188950=DIRECTION('',(0.,0.,1.));
#188960=DIRECTION('',(1.,0.,0.));
#188970=AXIS2_PLACEMENT_3D('',#188940,#188950,#188960);
#188980=ITEM_DEFINED_TRANSFORMATION('FH12-14S-0.5SH_\X\8A\S\H\X\97\S\*',
'',#188650,#188970);
#188990=APPLICATION_CONTEXT(' ');
#189000=APPLICATION_PROTOCOL_DEFINITION(' ','automotive_design',1998,
#188990);
#189010=MECHANICAL_CONTEXT('',#188990,'mechanical');
#189020=PRODUCT_DEFINITION_CONTEXT('part definition',#188990,'design');
#189030=PRODUCT('FH12-14S-0.5SH_\X\8A\S\H\X\97\S\*',
'FH12-14S-0.5SH_\X\8A\S\H\X\97\S\*','',(#189010));
#189040=PRODUCT_TYPE('part',' ',(#189030));
#189050=PRODUCT_DEFINITION_FORMATION_WITH_SPECIFIED_SOURCE('','',#189030
,.BOUGHT.);
#189060=PRODUCT_DEFINITION('',' ',#189050,#189020);
#189070=PRODUCT_DEFINITION_SHAPE('','',#189060);
#189080=DIMENSIONAL_EXPONENTS(1.,0.,0.,0.,0.,0.,0.);
#189090=DIMENSIONAL_EXPONENTS(0.,0.,0.,0.,0.,0.,0.);
#189100=DIMENSIONAL_EXPONENTS(0.,0.,0.,0.,0.,0.,0.);
#189110=(LENGTH_UNIT() NAMED_UNIT(*) SI_UNIT(.MILLI.,.METRE.));
#189120=(NAMED_UNIT(*) PLANE_ANGLE_UNIT() SI_UNIT($,.RADIAN.));
#189130=(NAMED_UNIT(*) SI_UNIT($,.STERADIAN.) SOLID_ANGLE_UNIT());
#189140=(GEOMETRIC_REPRESENTATION_CONTEXT(3) 
GLOBAL_UNCERTAINTY_ASSIGNED_CONTEXT((#189150)) 
GLOBAL_UNIT_ASSIGNED_CONTEXT((#189110,#189120,#189130)) 
REPRESENTATION_CONTEXT('',''));
#189150=UNCERTAINTY_MEASURE_WITH_UNIT(LENGTH_MEASURE(1.E-6),#189110,
'distance_accuracy_value','maximum gap value');
#189160=SHAPE_REPRESENTATION('',(#188650,#188970),#189140);
#189170=SHAPE_DEFINITION_REPRESENTATION(#189070,#189160);
#189180=(REPRESENTATION_RELATIONSHIP('','',#188830,#189160) 
REPRESENTATION_RELATIONSHIP_WITH_TRANSFORMATION(#188980) 
SHAPE_REPRESENTATION_RELATIONSHIP());
#189190=NEXT_ASSEMBLY_USAGE_OCCURRENCE('1','',
'FH12-14S-0.5SH_\X\8A\S\H\X\97\S\*',#189060,#188730,'');
#189200=PRODUCT_DEFINITION_SHAPE('','',#189190);
#189210=CONTEXT_DEPENDENT_SHAPE_REPRESENTATION(#189180,#189200);
ENDSEC;
END-ISO-10303-21;
