#VRML V2.0 utf8

Group {
	children [
		Shape {
			appearance Appearance {
				material Material {
					diffuseColor 1.0 1.0 1.0
					ambientIntensity 0.2
					specularColor 0.8 0.8 0.8
					shininess 0.4
					transparency 0
				}
			}
			geometry IndexedFaceSet {
				ccw TRUE
				solid FALSE
				coord DEF co Coordinate {
					point [
						-5.1785541 -2.110523 2.619581,
						-6.0374432 -2.110523 2.619581,
						-5.1785541 -2.240711 2.619581,
						-6.0374432 -2.240711 2.619581,
						-6.0374432 -2.9723661 1.2,
						-6.5153861 -2.9723661 1.2,
						-6.5153861 -2.9723661 1.017794,
						-4.787302 -2.9723661 1.017794,
						-4.787302 -2.9723661 1.2,
						-5.1785541 -2.9723661 1.2,
						-5.1785541 -2.9723661 2.8,
						-6.0374432 -2.9723661 2.8,
						9.9499998 -2.9723661 2.319581,
						9.9499998 -2.9723661 1.537133,
						10.95 -2.9723661 2.319581,
						10.95 -2.9723661 1.537133,
						9.9499998 -2.6723659 2.619581,
						10.95 -2.6723659 2.619581,
						9.9499998 -2.110523 2.619581,
						10.95 -0.87514001 2.619581,
						9.9499998 -0.87514001 2.619581,
						-7.0317311 -0.40032101 0,
						-10.7125 -0.40032101 0,
						-10.7125 -0.012821 0,
						-9.614769 1.60057 0,
						-9.614769 3.5999999 0,
						-7.0317311 3.5999999 0,
						9.614769 1.60057 0,
						10.95 1.60057 0,
						10.95 1.01282 0,
						9.2997036 -1.687644 0,
						9.3721323 -1.8625 0,
						4.5733972 -2.0999999 0,
						10.627869 -1.8625 0,
						10.95 -2.0999999 0,
						10.512652 -2.0126519 0,
						10.398819 -2.0999999 0,
						9.6374998 -0.872132 0,
						9.4873476 -0.98734802 0,
						4.5733972 -0.40032101 0,
						10.700296 -1.312356 0,
						10.95 -0.40032101 0,
						10.725 -1.5 0,
						10.700296 -1.687644 0,
						10.627869 -1.1375 0,
						10.512652 -0.98734802 0,
						10.3625 -0.872132 0,
						9.3721323 -1.1375 0,
						9.2997036 -1.312356 0,
						9.2749996 -1.5 0,
						10.187644 -0.79970402 0,
						10 -0.77499998 0,
						9.812356 -0.79970402 0,
						9.4873476 -2.0126519 0,
						9.601181 -2.0999999 0,
						4.5733972 -3.5999999 0,
						9.6374998 -2.1278679 0,
						10.87 -3.5999999 0,
						9.812356 -2.2002959 0,
						10 -2.2249999 0,
						10.187644 -2.2002959 0,
						10.890705 -3.5972741 0,
						10.3625 -2.1278679 0,
						10.95 -3.52 0,
						10.947274 -3.540705 0,
						10.939282 -3.5599999 0,
						10.926569 -3.5765691 0,
						10.91 -3.589282 0,
						9.614769 3.5999999 0,
						4.5733972 1.01282 0,
						-10.87 -3.5999999 0,
						-10.890705 -3.5972741 0,
						-10.939282 -3.5599999 0,
						-10.91 -3.589282 0,
						-10.926569 -3.5765691 0,
						-1.2560101 1.025641 0,
						-1.794872 3.5999999 0,
						-1.176106 1.020869 0,
						-0.66025603 3.5999999 0,
						-1.142194 1.01282 0,
						-0.66025603 1.01282 0,
						-0.94808 0.93812001 0,
						-1.054021 0.99189299 0,
						-0.71794897 0.50580901 0,
						-0.73447901 0.64240402 0,
						-1.101156 -0.0077780001 0,
						-0.98148602 0.038231999 0,
						-0.66025603 -0.012821 0,
						-0.88483298 0.107603 0,
						-0.84475201 0.149239 0,
						-0.77527601 0.74840099 0,
						-0.84391999 0.846843 0,
						-0.77211398 0.25884801 0,
						-0.73198301 0.37380999 0,
						-1.14521 -0.012821 0,
						-0.66025603 -0.40032101 0,
						-1.257212 -0.025641 0,
						-1.307163 -0.023822 0,
						-1.794872 -0.40032101 0,
						-1.38343 -0.012821 0,
						-1.6923079 0.184095 0,
						-1.604031 0.091587 0,
						-1.794872 -0.012821 0,
						-1.500499 0.026279001 0,
						-1.386789 -0.012336 0,
						-1.367444 1.01282 0,
						-1.401544 1.0088969 0,
						-1.794872 1.01282 0,
						-1.4926879 0.97763002 0,
						-1.601643 0.91158998 0,
						-1.662904 0.85335797 0,
						-1.6923079 0.81650603 0,
						-0.80995703 0.545964 0,
						-0.80769199 0.49899799 0,
						-1.250401 0.92307699 0,
						-0.831357 0.64311099 0,
						-0.90637201 0.227476 0,
						-0.97864997 0.161376 0,
						-1.613782 0.24359 0,
						-1.533591 0.83402699 0,
						-1.5584331 0.187712 0,
						-1.439557 0.88713902 0,
						-1.469991 0.12714 0,
						-1.37372 0.090759002 0,
						-1.1321681 0.90853602 0,
						-1.03009 0.86897898 0,
						-0.820894 0.38880801 0,
						-0.85249299 0.305787 0,
						-1.39573 0.90269798 0,
						-1.2852761 0.921875 0,
						-1.177084 0.082370996 0,
						-1.075472 0.108572 0,
						-1.256611 0.076922998 0,
						-0.93804699 0.80430102 0,
						-0.87593299 0.73177898 0,
						-1.794872 -2.0999999 0,
						-0.66025603 -2.0999999 0,
						-0.66025603 -3.5999999 0,
						-10.947274 -3.540705 0,
						-10.95 -3.52 0,
						-10.7125 -3.5999999 0,
						-10.7125 -2.0999999 0,
						-7.0317311 -3.5999999 0,
						-7.0317311 -2.0999999 0,
						-3.525641 -3.5999999 0,
						-2.5512819 -0.40032101 0,
						-10.411362 -1.2625 0,
						-10.458815 -1.377061 0,
						-10.475 -1.5 0,
						-10.458815 -1.622939 0,
						-9.7625008 -1.9113621 0,
						-9.6641235 -1.835876 0,
						-2.5512819 -3.5999999 0,
						-3.525641 -2.0999999 0,
						-9.5250006 -1.5 0,
						-9.5411854 -1.377061 0,
						-9.5886383 -1.2625 0,
						-9.6641235 -1.164124 0,
						-9.5886383 -1.7375 0,
						-9.5411854 -1.622939 0,
						-10.411362 -1.7375 0,
						-10.335876 -1.835876 0,
						-10.2375 -1.9113621 0,
						-9.7625008 -1.0886379 0,
						-9.8770609 -1.041185 0,
						-10 -1.025 0,
						-10.122939 -1.041185 0,
						-10.2375 -1.0886379 0,
						-10.335876 -1.164124 0,
						-10.122939 -1.958815 0,
						-10 -1.975 0,
						-9.8770609 -1.958815 0,
						-2.5512819 -0.012821 0,
						-3.525641 -0.012821 0,
						-10.95 1.01282 0,
						-10.95 -0.012821 0,
						-10.95 -0.40032101 0,
						-10.95 -2.0999999 0,
						10.95 -0.012821 0,
						4.5733972 -0.012821 0,
						-0.60256398 0 0,
						-0.128205 0 0,
						-0.60256398 0.102564 0,
						-0.217949 0.102564 0,
						-0.217949 1 0,
						-0.128205 1 0,
						-2.5512819 1.01282 0,
						-2.4615381 0.89743602 0,
						-2.4615381 1 0,
						-1.897436 1 0,
						-1.897436 0 0,
						-2.4615381 0.48717901 0,
						-1.98718 0.48717901 0,
						-1.98718 0.102564 0,
						-2.4615381 0.102564 0,
						-2.4615381 0.58974397 0,
						-1.98718 0.58974397 0,
						-1.98718 0.89743602 0,
						-2.4615381 0 0,
						-1.613782 0.75641 0,
						-3.408356 0.24222399 0,
						-3.3401721 0.139388 0,
						-3.265316 0.073310003 0,
						-3.190074 0.034504 0,
						-3.525641 1.01282 0,
						-3.1602559 0.96394199 0,
						-3.2614501 0.91282701 0,
						-2.8429489 1 0,
						-3.0031359 0.99388301 0,
						-3.068079 0.0065830001 0,
						-2.950922 0 0,
						-2.641026 0 0,
						-2.641026 1 0,
						-3.3344841 0.84936303 0,
						-3.398232 0.75910401 0,
						-3.440038 0.65479702 0,
						-3.4601181 0.53372401 0,
						-3.4615381 0.48738 0,
						-3.447468 0.35367301 0,
						-4.5384622 0 0,
						-4.440906 0 0,
						-1.794872 -3.5999999 0,
						-2.5512819 -2.0999999 0,
						-3.525641 -0.40032101 0,
						-7.0317311 -0.012821 0,
						-4.0769229 1 0,
						-4.2930689 0.32051301 0,
						-3.8397441 0.32051301 0,
						-3.6877 0 0,
						-3.5897441 0 0,
						-4.0641031 1 0,
						-7.0317311 1.01282 0,
						-10.7125 1.01282 0,
						-10.95 1.60057 0,
						4.5733972 3.5999999 0,
						-10.7125 1.60057 0,
						-3.525641 3.5999999 0,
						-2.5512819 3.5999999 0,
						10.582545 2.5999999 0.2,
						10.582545 2.5999999 -0.1,
						10.582545 3.5999999 0.2,
						10.582545 4.1999998 -0.1,
						10.582545 3.5999999 0.35223499,
						10.582545 4.1999998 0.35223499,
						10.582545 4.1999998 1.081993,
						10.582545 4.1999998 1.461566,
						10.582545 3.5999999 1.081993,
						10.582545 3.5999999 1.461566,
						10.382545 3.5999999 0.35223499,
						10.382545 4.1999998 0.35223499,
						10.382545 3.5999999 0.2,
						10.382545 4.1999998 -0.1,
						10.382545 2.5999999 0.2,
						10.382545 2.5999999 -0.1,
						10.382545 3.5999999 1.081993,
						10.382545 3.5999999 1.461566,
						10.382545 4.1999998 1.081993,
						10.382545 4.1999998 1.461566,
						-10.582545 3.5999999 0.35223499,
						-10.582545 4.1999998 0.35223499,
						-10.582545 3.5999999 0.2,
						-10.582545 4.1999998 -0.1,
						-10.582545 2.5999999 0.2,
						-10.582545 2.5999999 -0.1,
						-10.382545 2.5999999 0.2,
						-10.382545 2.5999999 -0.1,
						-10.382545 3.5999999 0.2,
						-10.382545 4.1999998 -0.1,
						-10.382545 3.5999999 0.35223499,
						-10.382545 4.1999998 0.35223499,
						-10.87 3.5999999 0.2,
						-9.614769 3.5999999 0.2,
						-10.582545 3.5999999 1.081993,
						-10.382545 3.5999999 1.081993,
						-9.1899996 3.5999999 1.2,
						-8.8099995 3.5999999 1.2,
						-9.1899996 3.5999999 0.237314,
						-8.8099995 3.5999999 0.237314,
						-7.8099999 3.5999999 0.237314,
						-7.6900001 3.5999999 0.237314,
						-9.9499998 3.5999999 2.1970389,
						-9.9499998 3.5999999 1.2,
						-9.3099995 3.5999999 1.2,
						-9.3099995 3.5999999 0.237314,
						-8.1900005 3.5999999 0.237314,
						-8.1900005 3.5999999 1.2,
						-7.8099999 3.5999999 1.2,
						-6.8099999 3.5999999 2.4321959,
						-10.87 3.5999999 3.02,
						-6.6900001 3.5999999 2.4321959,
						10.87 3.5999999 3.02,
						-8.3100004 3.5999999 0.237314,
						-8.6899996 3.5999999 0.237314,
						-8.3100004 3.5999999 1.2,
						-8.6899996 3.5999999 1.2,
						-7.1900001 3.5999999 0.237314,
						-7.1900001 3.5999999 1.2,
						-6.8099999 3.5999999 1.2,
						-7.3099999 3.5999999 2.4321959,
						-7.1900001 3.5999999 2.4321959,
						-7.1900001 3.5999999 2.1970389,
						-6.8099999 3.5999999 2.1970389,
						-6.6900001 3.5999999 0.237314,
						-6.8099999 3.5999999 0.237314,
						-7.6900001 3.5999999 1.2,
						-7.3099999 3.5999999 1.2,
						-7.3099999 3.5999999 0.237314,
						-4.1900001 3.5999999 0.237314,
						-4.1900001 3.5999999 1.2,
						-3.8099999 3.5999999 1.2,
						9.1899996 3.5999999 2.4321959,
						9.1899996 3.5999999 2.1970389,
						8.8099995 3.5999999 2.1970389,
						-7.8099999 3.5999999 2.4321959,
						-7.8099999 3.5999999 2.1970389,
						-8.1900005 3.5999999 2.1970389,
						-4.3099999 3.5999999 2.4321959,
						-4.3099999 3.5999999 2.1970389,
						-5.1785541 3.5999999 2.1970389,
						-8.1900005 3.5999999 2.4321959,
						-8.3100004 3.5999999 2.4321959,
						-3.8099999 3.5999999 0.237314,
						-4.3099999 3.5999999 0.237314,
						-6.0374432 3.5999999 1.2,
						-6.6900001 3.5999999 1.2,
						-4.3099999 3.5999999 1.2,
						-5.1785541 3.5999999 1.2,
						-6.0374432 3.5999999 2.1970389,
						-7.6900001 3.5999999 2.4321959,
						-7.6900001 3.5999999 2.1970389,
						-7.3099999 3.5999999 2.1970389,
						-3.6900001 3.5999999 1.2,
						-3.3099999 3.5999999 1.2,
						-3.6900001 3.5999999 0.237314,
						-3.3099999 3.5999999 0.237314,
						-3.1900001 3.5999999 0.237314,
						-3.1900001 3.5999999 1.2,
						-2.8099999 3.5999999 1.2,
						-8.8099995 3.5999999 2.4321959,
						-8.8099995 3.5999999 2.1970389,
						-9.1899996 3.5999999 2.1970389,
						-2.8099999 3.5999999 0.237314,
						-9.1899996 3.5999999 2.4321959,
						-8.6899996 3.5999999 2.4321959,
						-8.6899996 3.5999999 2.1970389,
						-8.3100004 3.5999999 2.1970389,
						-2.6900001 3.5999999 1.2,
						-2.3099999 3.5999999 1.2,
						-2.6900001 3.5999999 0.237314,
						-2.3099999 3.5999999 0.237314,
						-2.1900001 3.5999999 0.237314,
						-9.3099995 3.5999999 2.4321959,
						-9.3099995 3.5999999 2.1970389,
						-10.382545 3.5999999 1.461566,
						-10.582545 3.5999999 1.461566,
						-2.1900001 3.5999999 1.2,
						-1.8099999 3.5999999 1.2,
						-1.8099999 3.5999999 0.237314,
						-1.6900001 3.5999999 0.237314,
						3.1900001 3.5999999 2.4321959,
						3.1900001 3.5999999 2.1970389,
						2.8099999 3.5999999 2.1970389,
						-1.1900001 3.5999999 0.237314,
						-1.1900001 3.5999999 1.2,
						-0.81 3.5999999 1.2,
						-0.81 3.5999999 0.237314,
						-0.69 3.5999999 0.237314,
						-1.3099999 3.5999999 0.237314,
						-1.3099999 3.5999999 1.2,
						-1.6900001 3.5999999 1.2,
						1.1900001 3.5999999 2.4321959,
						1.1900001 3.5999999 2.1970389,
						0.81 3.5999999 2.1970389,
						-0.19 3.5999999 1.2,
						0.19 3.5999999 1.2,
						-0.19 3.5999999 0.237314,
						0.19 3.5999999 0.237314,
						0.19 3.5999999 2.4321959,
						0.19 3.5999999 2.1970389,
						-0.19 3.5999999 2.1970389,
						-0.69 3.5999999 1.2,
						-0.31 3.5999999 1.2,
						-0.31 3.5999999 0.237314,
						0.31 3.5999999 0.237314,
						0.81 3.5999999 0.237314,
						0.81 3.5999999 1.2,
						1.1900001 3.5999999 1.2,
						-1.3099999 3.5999999 2.4321959,
						-1.3099999 3.5999999 2.1970389,
						-1.6900001 3.5999999 2.1970389,
						1.1900001 3.5999999 0.237314,
						1.3099999 3.5999999 0.237314,
						0.69 3.5999999 0.237314,
						0.69 3.5999999 1.2,
						0.31 3.5999999 1.2,
						1.8099999 3.5999999 0.237314,
						1.8099999 3.5999999 1.2,
						2.1900001 3.5999999 1.2,
						-3.3099999 3.5999999 2.4321959,
						-3.3099999 3.5999999 2.1970389,
						-3.6900001 3.5999999 2.1970389,
						2.1900001 3.5999999 0.237314,
						2.3099999 3.5999999 0.237314,
						1.6900001 3.5999999 0.237314,
						1.6900001 3.5999999 1.2,
						1.3099999 3.5999999 1.2,
						2.8099999 3.5999999 0.237314,
						2.8099999 3.5999999 1.2,
						3.1900001 3.5999999 1.2,
						8.8099995 3.5999999 2.4321959,
						8.6899996 3.5999999 2.4321959,
						3.1900001 3.5999999 0.237314,
						3.3099999 3.5999999 0.237314,
						2.6900001 3.5999999 0.237314,
						2.6900001 3.5999999 1.2,
						2.3099999 3.5999999 1.2,
						8.6899996 3.5999999 2.1970389,
						8.3100004 3.5999999 2.1970389,
						8.3100004 3.5999999 2.4321959,
						8.1900005 3.5999999 2.4321959,
						3.8099999 3.5999999 0.237314,
						3.8099999 3.5999999 1.2,
						4.1900001 3.5999999 1.2,
						8.1900005 3.5999999 2.1970389,
						7.8099999 3.5999999 2.1970389,
						7.8099999 3.5999999 2.4321959,
						7.6900001 3.5999999 2.4321959,
						4.1900001 3.5999999 0.237314,
						4.3099999 3.5999999 0.237314,
						3.6900001 3.5999999 0.237314,
						3.6900001 3.5999999 1.2,
						3.3099999 3.5999999 1.2,
						7.6900001 3.5999999 2.1970389,
						7.3099999 3.5999999 2.1970389,
						7.3099999 3.5999999 2.4321959,
						7.1900001 3.5999999 2.4321959,
						4.6900001 3.5999999 1.2,
						4.6900001 3.5999999 0.237314,
						4.3099999 3.5999999 1.2,
						4.8099999 3.5999999 0.237314,
						7.1900001 3.5999999 2.1970389,
						6.8099999 3.5999999 2.1970389,
						6.8099999 3.5999999 2.4321959,
						6.6900001 3.5999999 2.4321959,
						5.3099999 3.5999999 0.237314,
						5.3099999 3.5999999 1.2,
						5.6900001 3.5999999 1.2,
						6.6900001 3.5999999 2.1970389,
						6.3099999 3.5999999 2.1970389,
						6.3099999 3.5999999 2.4321959,
						6.1900001 3.5999999 2.4321959,
						5.6900001 3.5999999 0.237314,
						5.8099999 3.5999999 0.237314,
						6.1900001 3.5999999 2.1970389,
						5.8099999 3.5999999 2.1970389,
						5.8099999 3.5999999 2.4321959,
						5.6900001 3.5999999 2.4321959,
						5.1900001 3.5999999 0.237314,
						5.1900001 3.5999999 1.2,
						4.8099999 3.5999999 1.2,
						5.6900001 3.5999999 2.1970389,
						5.3099999 3.5999999 2.1970389,
						5.3099999 3.5999999 2.4321959,
						5.1900001 3.5999999 2.4321959,
						5.1900001 3.5999999 2.1970389,
						4.8099999 3.5999999 2.1970389,
						4.8099999 3.5999999 2.4321959,
						4.6900001 3.5999999 2.4321959,
						6.3099999 3.5999999 0.237314,
						6.3099999 3.5999999 1.2,
						6.6900001 3.5999999 1.2,
						4.6900001 3.5999999 2.1970389,
						4.3099999 3.5999999 2.1970389,
						4.3099999 3.5999999 2.4321959,
						4.1900001 3.5999999 2.4321959,
						6.6900001 3.5999999 0.237314,
						6.8099999 3.5999999 0.237314,
						4.1900001 3.5999999 2.1970389,
						3.8099999 3.5999999 2.1970389,
						3.8099999 3.5999999 2.4321959,
						3.6900001 3.5999999 2.4321959,
						6.1900001 3.5999999 0.237314,
						6.1900001 3.5999999 1.2,
						5.8099999 3.5999999 1.2,
						2.8099999 3.5999999 2.4321959,
						2.6900001 3.5999999 2.4321959,
						3.3099999 3.5999999 2.4321959,
						3.3099999 3.5999999 2.1970389,
						3.6900001 3.5999999 2.1970389,
						7.3099999 3.5999999 0.237314,
						7.3099999 3.5999999 1.2,
						7.6900001 3.5999999 1.2,
						2.6900001 3.5999999 2.1970389,
						2.3099999 3.5999999 2.1970389,
						2.3099999 3.5999999 2.4321959,
						2.1900001 3.5999999 2.4321959,
						2.1900001 3.5999999 2.1970389,
						1.8099999 3.5999999 2.1970389,
						1.8099999 3.5999999 2.4321959,
						1.6900001 3.5999999 2.4321959,
						7.6900001 3.5999999 0.237314,
						7.8099999 3.5999999 0.237314,
						0.81 3.5999999 2.4321959,
						0.69 3.5999999 2.4321959,
						7.1900001 3.5999999 0.237314,
						7.1900001 3.5999999 1.2,
						6.8099999 3.5999999 1.2,
						1.6900001 3.5999999 2.1970389,
						1.3099999 3.5999999 2.1970389,
						1.3099999 3.5999999 2.4321959,
						-0.19 3.5999999 2.4321959,
						-0.31 3.5999999 2.4321959,
						0.69 3.5999999 2.1970389,
						0.31 3.5999999 2.1970389,
						0.31 3.5999999 2.4321959,
						-1.6900001 3.5999999 2.4321959,
						-1.8099999 3.5999999 2.4321959,
						8.3100004 3.5999999 0.237314,
						8.3100004 3.5999999 1.2,
						8.6899996 3.5999999 1.2,
						-0.31 3.5999999 2.1970389,
						-0.69 3.5999999 2.1970389,
						-0.69 3.5999999 2.4321959,
						-0.81 3.5999999 2.4321959,
						-3.6900001 3.5999999 2.4321959,
						-3.8099999 3.5999999 2.4321959,
						8.6899996 3.5999999 0.237314,
						8.8099995 3.5999999 0.237314,
						-1.8099999 3.5999999 2.1970389,
						-2.1900001 3.5999999 2.1970389,
						-2.1900001 3.5999999 2.4321959,
						-2.3099999 3.5999999 2.4321959,
						8.1900005 3.5999999 0.237314,
						8.1900005 3.5999999 1.2,
						7.8099999 3.5999999 1.2,
						-0.81 3.5999999 2.1970389,
						-1.1900001 3.5999999 2.1970389,
						-1.1900001 3.5999999 2.4321959,
						-3.8099999 3.5999999 2.1970389,
						-4.1900001 3.5999999 2.1970389,
						-4.1900001 3.5999999 2.4321959,
						-6.6900001 3.5999999 2.1970389,
						-2.3099999 3.5999999 2.1970389,
						-2.6900001 3.5999999 2.1970389,
						-2.6900001 3.5999999 2.4321959,
						-2.8099999 3.5999999 2.4321959,
						-3.1900001 3.5999999 2.4321959,
						-3.1900001 3.5999999 2.1970389,
						-2.8099999 3.5999999 2.1970389,
						10.87 3.5999999 0.2,
						9.9499998 3.5999999 2.1970389,
						9.3099995 3.5999999 2.1970389,
						9.3099995 3.5999999 2.4321959,
						9.3099995 3.5999999 1.2,
						9.9499998 3.5999999 1.2,
						8.8099995 3.5999999 1.2,
						9.1899996 3.5999999 1.2,
						9.1899996 3.5999999 0.237314,
						9.3099995 3.5999999 0.237314,
						9.614769 3.5999999 0.2,
						-6.6900001 3.4837899 1.2,
						-6.8099999 3.4837899 1.2,
						-9.9499998 0.60000002 1.2,
						-6.0374432 0.60000002 1.2,
						-8.6899996 3.4837899 1.2,
						-8.8099995 3.4837899 1.2,
						-8.3100004 3.4837899 1.2,
						-7.3099999 3.4837899 1.2,
						-9.3099995 3.4837899 1.2,
						-9.1899996 3.4837899 1.2,
						-7.6900001 3.4837899 1.2,
						-7.8099999 3.4837899 1.2,
						-7.1900001 3.4837899 1.2,
						-8.1900005 3.4837899 1.2,
						-9.3099995 3.471319 2.1970389,
						-9.1899996 3.471319 2.1970389,
						-6.0374432 0.60000002 2.1970389,
						-9.9499998 0.60000002 2.1970389,
						-8.6899996 3.471319 2.1970389,
						-8.3100004 3.471319 2.1970389,
						-8.1900005 3.471319 2.1970389,
						-8.8099995 3.471319 2.1970389,
						-7.3099999 3.471319 2.1970389,
						-7.1900001 3.471319 2.1970389,
						-7.6900001 3.471319 2.1970389,
						-7.8099999 3.471319 2.1970389,
						-6.6900001 3.471319 2.1970389,
						-6.8099999 3.471319 2.1970389,
						-8.5600004 -3.5999999 1.2,
						-8.5600004 -0.60000002 1.2,
						-8.9400005 -3.5999999 1.2,
						-8.9400005 -0.60000002 1.2,
						-8.0599995 -3.5999999 1.2,
						-8.0599995 -0.60000002 1.2,
						-8.4399996 -3.5999999 1.2,
						-8.4399996 -0.60000002 1.2,
						-7.5599999 -3.5999999 1.2,
						-7.5599999 -0.60000002 1.2,
						-7.9400001 -3.5999999 1.2,
						-7.9400001 -0.60000002 1.2,
						-7.0599999 -3.5999999 1.2,
						-7.0599999 -0.60000002 1.2,
						-7.4400001 -3.5999999 1.2,
						-7.4400001 -0.60000002 1.2,
						-6.9400001 -3.5999999 1.2,
						-6.5153861 -3.5999999 1.2,
						-6.0374432 -0.60000002 1.2,
						-6.9400001 -0.60000002 1.2,
						-4.0599999 -3.5999999 1.2,
						-4.0599999 -0.60000002 1.2,
						-4.4400001 -3.5999999 1.2,
						-4.4400001 -0.60000002 1.2,
						-3.5599999 -3.5999999 1.2,
						-3.5599999 -0.60000002 1.2,
						-3.9400001 -3.5999999 1.2,
						-3.9400001 -0.60000002 1.2,
						-3.0599999 -3.5999999 1.2,
						-3.0599999 -0.60000002 1.2,
						-3.4400001 -3.5999999 1.2,
						-3.4400001 -0.60000002 1.2,
						-2.5599999 -3.5999999 1.2,
						-2.5599999 -0.60000002 1.2,
						-2.9400001 -3.5999999 1.2,
						-2.9400001 -0.60000002 1.2,
						-2.0599999 -3.5999999 1.2,
						-2.0599999 -0.60000002 1.2,
						-2.4400001 -3.5999999 1.2,
						-2.4400001 -0.60000002 1.2,
						-1.5599999 -3.5999999 1.2,
						-1.5599999 -0.60000002 1.2,
						-1.9400001 -3.5999999 1.2,
						-1.9400001 -0.60000002 1.2,
						-1.0599999 -3.5999999 1.2,
						-1.0599999 -0.60000002 1.2,
						-1.4400001 -3.5999999 1.2,
						-1.4400001 -0.60000002 1.2,
						-0.56 -3.5999999 1.2,
						-0.56 -0.60000002 1.2,
						-0.94 -3.5999999 1.2,
						-0.94 -0.60000002 1.2,
						-0.059999999 -3.5999999 1.2,
						-0.059999999 -0.60000002 1.2,
						-0.44 -3.5999999 1.2,
						-0.44 -0.60000002 1.2,
						9.9499998 -3.5999999 1.2,
						9.9499998 -0.60000002 1.2,
						9.0600004 -3.5999999 1.2,
						9.0600004 -0.60000002 1.2,
						8.9400005 -0.60000002 1.2,
						8.5600004 -0.60000002 1.2,
						8.9400005 -3.5999999 1.2,
						8.5600004 -3.5999999 1.2,
						8.4399996 -0.60000002 1.2,
						8.0599995 -0.60000002 1.2,
						8.4399996 -3.5999999 1.2,
						8.0599995 -3.5999999 1.2,
						7.9400001 -0.60000002 1.2,
						7.5599999 -0.60000002 1.2,
						7.9400001 -3.5999999 1.2,
						7.5599999 -3.5999999 1.2,
						7.4400001 -0.60000002 1.2,
						7.0599999 -0.60000002 1.2,
						7.4400001 -3.5999999 1.2,
						7.0599999 -3.5999999 1.2,
						6.9400001 -0.60000002 1.2,
						6.5599999 -0.60000002 1.2,
						6.9400001 -3.5999999 1.2,
						6.5599999 -3.5999999 1.2,
						6.4400001 -0.60000002 1.2,
						6.0599999 -0.60000002 1.2,
						6.4400001 -3.5999999 1.2,
						6.0599999 -3.5999999 1.2,
						5.9400001 -0.60000002 1.2,
						5.5599999 -0.60000002 1.2,
						5.9400001 -3.5999999 1.2,
						5.5599999 -3.5999999 1.2,
						5.4400001 -0.60000002 1.2,
						5.0599999 -0.60000002 1.2,
						5.4400001 -3.5999999 1.2,
						5.0599999 -3.5999999 1.2,
						4.9400001 -0.60000002 1.2,
						4.5599999 -0.60000002 1.2,
						4.9400001 -3.5999999 1.2,
						4.5599999 -3.5999999 1.2,
						4.4400001 -0.60000002 1.2,
						4.0599999 -0.60000002 1.2,
						4.4400001 -3.5999999 1.2,
						4.0599999 -3.5999999 1.2,
						3.9400001 -0.60000002 1.2,
						3.5599999 -0.60000002 1.2,
						3.9400001 -3.5999999 1.2,
						3.5599999 -3.5999999 1.2,
						3.4400001 -0.60000002 1.2,
						3.0599999 -0.60000002 1.2,
						3.4400001 -3.5999999 1.2,
						3.0599999 -3.5999999 1.2,
						2.9400001 -0.60000002 1.2,
						2.5599999 -0.60000002 1.2,
						2.9400001 -3.5999999 1.2,
						2.5599999 -3.5999999 1.2,
						2.4400001 -0.60000002 1.2,
						2.0599999 -0.60000002 1.2,
						2.4400001 -3.5999999 1.2,
						2.0599999 -3.5999999 1.2,
						1.9400001 -0.60000002 1.2,
						1.5599999 -0.60000002 1.2,
						1.9400001 -3.5999999 1.2,
						1.5599999 -3.5999999 1.2,
						1.4400001 -0.60000002 1.2,
						1.0599999 -0.60000002 1.2,
						1.4400001 -3.5999999 1.2,
						1.0599999 -3.5999999 1.2,
						0.94 -0.60000002 1.2,
						0.56 -0.60000002 1.2,
						0.94 -3.5999999 1.2,
						0.56 -3.5999999 1.2,
						0.44 -0.60000002 1.2,
						0.059999999 -0.60000002 1.2,
						0.44 -3.5999999 1.2,
						0.059999999 -3.5999999 1.2,
						10.95 -0.87514001 3.02,
						10.95 3.52 3.02,
						10.95 1.60057 0.2,
						10.95 3.52 0.2,
						10.95 -3.52 1.537133,
						10.95 -2.9621429 2.3972261,
						10.95 -2.932173 2.4695809,
						10.95 -2.8844979 2.531713,
						10.95 -2.750011 2.6093581,
						10.95 -2.822366 2.5793879,
						-10.95 3.52 3.02,
						-10.95 3.52 0.2,
						-10.95 1.60057 0.2,
						-10.95 -0.87514001 2.619581,
						-10.95 -0.87514001 3.02,
						-10.95 -3.52 1.537133,
						-10.95 -2.9723661 1.537133,
						-10.95 -2.9723661 2.319581,
						-10.95 -2.6723659 2.619581,
						-10.95 -2.9621429 2.3972261,
						-10.95 -2.932173 2.4695809,
						-10.95 -2.8844979 2.531713,
						-10.95 -2.750011 2.6093581,
						-10.95 -2.822366 2.5793879,
						10.87 -3.5999999 1.537133,
						10.578271 -3.5999999 0.87267101,
						1.4400001 -3.5999999 0.30390701,
						10.578271 -3.5999999 0.236205,
						10.031138 -3.5999999 0.236205,
						8.9400005 -3.5999999 0.30390701,
						9.9499998 -3.5999999 1.537133,
						10.031138 -3.5999999 0.87267101,
						9.0600004 -3.5999999 0.30390701,
						1.0599999 -3.5999999 0.30390701,
						0.94 -3.5999999 0.30390701,
						8.4399996 -3.5999999 0.30390701,
						8.0599995 -3.5999999 0.30390701,
						7.9400001 -3.5999999 0.30390701,
						0.44 -3.5999999 0.30390701,
						0.56 -3.5999999 0.30390701,
						-0.059999999 -3.5999999 0.30390701,
						8.5600004 -3.5999999 0.30390701,
						7.4400001 -3.5999999 0.30390701,
						7.0599999 -3.5999999 0.30390701,
						6.9400001 -3.5999999 0.30390701,
						-0.56 -3.5999999 0.30390701,
						-0.94 -3.5999999 0.30390701,
						-1.0599999 -3.5999999 0.30390701,
						7.5599999 -3.5999999 0.30390701,
						-0.44 -3.5999999 0.30390701,
						0.059999999 -3.5999999 0.30390701,
						-1.4400001 -3.5999999 0.30390701,
						6.4400001 -3.5999999 0.30390701,
						-1.9400001 -3.5999999 0.30390701,
						-1.5599999 -3.5999999 0.30390701,
						6.0599999 -3.5999999 0.30390701,
						5.9400001 -3.5999999 0.30390701,
						-2.0599999 -3.5999999 0.30390701,
						6.5599999 -3.5999999 0.30390701,
						-2.5599999 -3.5999999 0.30390701,
						-2.9400001 -3.5999999 0.30390701,
						5.4400001 -3.5999999 0.30390701,
						-4.0599999 -3.5999999 0.30390701,
						5.0599999 -3.5999999 0.30390701,
						4.9400001 -3.5999999 0.30390701,
						5.5599999 -3.5999999 0.30390701,
						-4.5599999 -3.5999999 0.30390701,
						-4.787302 -3.5999999 0.77604097,
						-4.787302 -3.5999999 0.26567501,
						4.5599999 -3.5999999 0.30390701,
						-2.4400001 -3.5999999 0.30390701,
						-4.5599999 -3.5999999 1.2,
						-4.787302 -3.5999999 1.2,
						-4.787302 -3.5999999 1.017794,
						-6.5153861 -3.5999999 0.77604097,
						-6.5153861 -3.5999999 1.017794,
						-6.9400001 -3.5999999 0.30390701,
						2.4400001 -3.5999999 0.30390701,
						-8.5600004 -3.5999999 0.30390701,
						-3.0599999 -3.5999999 0.30390701,
						4.4400001 -3.5999999 0.30390701,
						1.9400001 -3.5999999 0.30390701,
						1.5599999 -3.5999999 0.30390701,
						-3.4400001 -3.5999999 0.30390701,
						-3.5599999 -3.5999999 0.30390701,
						4.0599999 -3.5999999 0.30390701,
						3.9400001 -3.5999999 0.30390701,
						-4.4400001 -3.5999999 0.30390701,
						-3.9400001 -3.5999999 0.30390701,
						-9.0600004 -3.5999999 0.30390701,
						-9.9220476 -3.5999999 0.87267101,
						-9.9220476 -3.5999999 0.236205,
						-9.0600004 -3.5999999 1.2,
						-9.9499998 -3.5999999 1.2,
						-10.535781 -3.5999999 0.87267101,
						-9.9499998 -3.5999999 1.537133,
						3.5599999 -3.5999999 0.30390701,
						3.4400001 -3.5999999 0.30390701,
						-6.5153861 -3.5999999 0.26567501,
						3.0599999 -3.5999999 0.30390701,
						2.9400001 -3.5999999 0.30390701,
						-7.0599999 -3.5999999 0.30390701,
						-7.4400001 -3.5999999 0.30390701,
						-7.5599999 -3.5999999 0.30390701,
						2.0599999 -3.5999999 0.30390701,
						2.5599999 -3.5999999 0.30390701,
						-7.9400001 -3.5999999 0.30390701,
						-8.0599995 -3.5999999 0.30390701,
						-8.9400005 -3.5999999 0.30390701,
						-8.4399996 -3.5999999 0.30390701,
						-10.87 -3.5999999 1.537133,
						-10.535781 -3.5999999 0.236205,
						10.87 3.52 3.0999999,
						-10.87 3.52 3.0999999,
						-9.8699999 -0.79514003 3.0999999,
						-10.87 -0.79514003 3.0999999,
						10.87 -0.79514003 3.0999999,
						9.8699999 -0.79514003 3.0999999,
						9.8699999 -2.0305231 3.0999999,
						-9.8699999 -2.0305231 3.0999999,
						-5.1785541 -0.60000002 1.2,
						-5.1785541 -0.60000002 2.1970389,
						-5.1785541 -2.110523 2.1970389,
						-5.1785541 -2.240711 2.8,
						9.9499998 -2.110523 2.1970389,
						9.9499998 -0.60000002 2.1970389,
						9.9499998 -2.9621429 2.3972261,
						9.9499998 -2.932173 2.4695809,
						9.9499998 -2.8844979 2.531713,
						9.9499998 -2.822366 2.5793879,
						9.9499998 -2.750011 2.6093581,
						-4.5599999 -0.60000002 1.2,
						5.4400001 -0.60000002 1.4533041,
						5.5599999 -0.60000002 1.4533041,
						2.5599999 -0.60000002 1.4533041,
						2.9400001 -0.60000002 1.4533041,
						3.0599999 -0.60000002 1.4533041,
						6.0599999 -0.60000002 1.4533041,
						5.9400001 -0.60000002 1.4533041,
						6.5599999 -0.60000002 1.4533041,
						-1.4400001 -0.60000002 1.4533041,
						0.44 -0.60000002 1.4533041,
						0.56 -0.60000002 1.4533041,
						6.9400001 -0.60000002 1.4533041,
						7.0599999 -0.60000002 1.4533041,
						1.4400001 -0.60000002 1.4533041,
						1.5599999 -0.60000002 1.4533041,
						6.4400001 -0.60000002 1.4533041,
						-4.4400001 -0.60000002 1.4533041,
						-4.0599999 -0.60000002 1.4533041,
						-0.94 -0.60000002 1.4533041,
						-0.56 -0.60000002 1.4533041,
						0.059999999 -0.60000002 1.4533041,
						1.0599999 -0.60000002 1.4533041,
						4.5599999 -0.60000002 1.4533041,
						-3.4400001 -0.60000002 1.4533041,
						-1.0599999 -0.60000002 1.4533041,
						-0.44 -0.60000002 1.4533041,
						2.0599999 -0.60000002 1.4533041,
						1.9400001 -0.60000002 1.4533041,
						8.0599995 -0.60000002 1.4533041,
						-0.059999999 -0.60000002 1.4533041,
						2.4400001 -0.60000002 1.4533041,
						5.0599999 -0.60000002 1.4533041,
						7.4400001 -0.60000002 1.4533041,
						7.5599999 -0.60000002 1.4533041,
						8.4399996 -0.60000002 1.4533041,
						8.5600004 -0.60000002 1.4533041,
						0.94 -0.60000002 1.4533041,
						7.9400001 -0.60000002 1.4533041,
						-3.0599999 -0.60000002 1.4533041,
						-2.9400001 -0.60000002 1.4533041,
						3.4400001 -0.60000002 1.4533041,
						3.5599999 -0.60000002 1.4533041,
						-1.5599999 -0.60000002 1.4533041,
						3.9400001 -0.60000002 1.4533041,
						4.0599999 -0.60000002 1.4533041,
						4.9400001 -0.60000002 1.4533041,
						9.0600004 -0.60000002 1.4533041,
						8.9400005 -0.60000002 1.4533041,
						-4.5599999 -0.60000002 1.4533041,
						-3.9400001 -0.60000002 1.4533041,
						4.4400001 -0.60000002 1.4533041,
						-1.9400001 -0.60000002 1.4533041,
						-3.5599999 -0.60000002 1.4533041,
						-2.5599999 -0.60000002 1.4533041,
						-2.4400001 -0.60000002 1.4533041,
						-2.0599999 -0.60000002 1.4533041,
						-9.9499998 -2.9723661 1.537133,
						-9.9499998 -0.60000002 1.2,
						-9.9499998 -0.60000002 2.1970389,
						-9.9499998 -2.110523 2.1970389,
						-9.9499998 -2.110523 2.619581,
						-9.9499998 -2.6723659 2.619581,
						-9.9499998 -2.932173 2.4695809,
						-9.9499998 -2.9621429 2.3972261,
						-9.9499998 -2.9723661 2.319581,
						-9.9499998 -2.750011 2.6093581,
						-9.9499998 -2.822366 2.5793879,
						-9.9499998 -2.8844979 2.531713,
						-6.0374432 -2.110523 2.1970389,
						-6.0374432 -0.60000002 2.1970389,
						-6.0374432 -2.240711 2.8,
						-9.0600004 -0.60000002 1.2,
						-8.9400005 -0.60000002 1.4533041,
						-8.5600004 -0.60000002 1.4533041,
						-9.0600004 -0.60000002 1.4533041,
						-8.4399996 -0.60000002 1.4533041,
						-7.9400001 -0.60000002 1.4533041,
						-7.5599999 -0.60000002 1.4533041,
						-7.4400001 -0.60000002 1.4533041,
						-8.0599995 -0.60000002 1.4533041,
						-6.9400001 -0.60000002 1.4533041,
						-7.0599999 -0.60000002 1.4533041,
						-5.1785541 0.60000002 2.1970389,
						-5.1785541 0.60000002 1.2,
						9.1899996 3.4837899 1.2,
						9.9499998 0.60000002 1.2,
						9.3099995 3.4837899 1.2,
						8.6899996 3.4837899 1.2,
						8.3100004 3.4837899 1.2,
						8.8099995 3.4837899 1.2,
						8.1900005 3.4837899 1.2,
						7.6900001 3.4837899 1.2,
						7.3099999 3.4837899 1.2,
						7.1900001 3.4837899 1.2,
						7.8099999 3.4837899 1.2,
						6.6900001 3.4837899 1.2,
						6.3099999 3.4837899 1.2,
						6.1900001 3.4837899 1.2,
						6.8099999 3.4837899 1.2,
						5.6900001 3.4837899 1.2,
						5.3099999 3.4837899 1.2,
						5.1900001 3.4837899 1.2,
						5.8099999 3.4837899 1.2,
						4.6900001 3.4837899 1.2,
						4.3099999 3.4837899 1.2,
						4.1900001 3.4837899 1.2,
						4.8099999 3.4837899 1.2,
						3.6900001 3.4837899 1.2,
						3.3099999 3.4837899 1.2,
						3.1900001 3.4837899 1.2,
						3.8099999 3.4837899 1.2,
						2.6900001 3.4837899 1.2,
						2.3099999 3.4837899 1.2,
						2.1900001 3.4837899 1.2,
						2.8099999 3.4837899 1.2,
						1.6900001 3.4837899 1.2,
						1.3099999 3.4837899 1.2,
						1.1900001 3.4837899 1.2,
						1.8099999 3.4837899 1.2,
						0.69 3.4837899 1.2,
						0.31 3.4837899 1.2,
						0.19 3.4837899 1.2,
						0.81 3.4837899 1.2,
						-0.31 3.4837899 1.2,
						-0.69 3.4837899 1.2,
						-0.81 3.4837899 1.2,
						-0.19 3.4837899 1.2,
						-1.3099999 3.4837899 1.2,
						-1.6900001 3.4837899 1.2,
						-1.8099999 3.4837899 1.2,
						-1.1900001 3.4837899 1.2,
						-2.3099999 3.4837899 1.2,
						-2.6900001 3.4837899 1.2,
						-2.8099999 3.4837899 1.2,
						-2.1900001 3.4837899 1.2,
						-3.3099999 3.4837899 1.2,
						-3.6900001 3.4837899 1.2,
						-3.8099999 3.4837899 1.2,
						-3.1900001 3.4837899 1.2,
						-4.3099999 3.4837899 1.2,
						-4.1900001 3.4837899 1.2,
						9.9499998 0.60000002 2.1970389,
						8.3100004 3.471319 2.1970389,
						-4.1900001 3.471319 2.1970389,
						-4.3099999 3.471319 2.1970389,
						8.8099995 3.471319 2.1970389,
						9.1899996 3.471319 2.1970389,
						-3.8099999 3.471319 2.1970389,
						-3.6900001 3.471319 2.1970389,
						-3.3099999 3.471319 2.1970389,
						-3.1900001 3.471319 2.1970389,
						-2.8099999 3.471319 2.1970389,
						-2.6900001 3.471319 2.1970389,
						-2.3099999 3.471319 2.1970389,
						-2.1900001 3.471319 2.1970389,
						-1.8099999 3.471319 2.1970389,
						-1.6900001 3.471319 2.1970389,
						-1.3099999 3.471319 2.1970389,
						-1.1900001 3.471319 2.1970389,
						-0.81 3.471319 2.1970389,
						-0.69 3.471319 2.1970389,
						-0.31 3.471319 2.1970389,
						-0.19 3.471319 2.1970389,
						0.19 3.471319 2.1970389,
						0.31 3.471319 2.1970389,
						0.69 3.471319 2.1970389,
						0.81 3.471319 2.1970389,
						1.1900001 3.471319 2.1970389,
						1.3099999 3.471319 2.1970389,
						1.6900001 3.471319 2.1970389,
						1.8099999 3.471319 2.1970389,
						2.1900001 3.471319 2.1970389,
						2.3099999 3.471319 2.1970389,
						2.6900001 3.471319 2.1970389,
						2.8099999 3.471319 2.1970389,
						3.1900001 3.471319 2.1970389,
						3.3099999 3.471319 2.1970389,
						3.6900001 3.471319 2.1970389,
						3.8099999 3.471319 2.1970389,
						4.1900001 3.471319 2.1970389,
						4.3099999 3.471319 2.1970389,
						4.6900001 3.471319 2.1970389,
						4.8099999 3.471319 2.1970389,
						5.1900001 3.471319 2.1970389,
						5.3099999 3.471319 2.1970389,
						5.6900001 3.471319 2.1970389,
						5.8099999 3.471319 2.1970389,
						6.1900001 3.471319 2.1970389,
						6.3099999 3.471319 2.1970389,
						6.6900001 3.471319 2.1970389,
						6.8099999 3.471319 2.1970389,
						7.1900001 3.471319 2.1970389,
						7.3099999 3.471319 2.1970389,
						7.6900001 3.471319 2.1970389,
						7.8099999 3.471319 2.1970389,
						8.1900005 3.471319 2.1970389,
						8.6899996 3.471319 2.1970389,
						9.3099995 3.471319 2.1970389,
						0.059999999 -3.753089 -0.040608,
						-0.059999999 -3.753089 -0.040608,
						-0.059999999 -3.5347281 1.4533041,
						-0.059999999 -3.5807381 1.44209,
						-0.059999999 -3.61643 1.410964,
						-0.059999999 -4.1999998 -0.1,
						-0.059999999 -4.1999998 0.050000001,
						-0.059999999 -3.8444729 -0.1,
						-0.059999999 -3.901819 0.050000001,
						-0.059999999 -3.8069899 -0.092708997,
						-0.059999999 -3.855809 0.061214,
						-0.059999999 -3.774972 -0.071900003,
						-0.059999999 -3.820117 0.09234,
						-0.059999999 -3.8027489 0.136397,
						-0.059999999 -3.6337979 1.366906,
						0.059999999 -3.901819 0.050000001,
						0.059999999 -4.1999998 0.050000001,
						0.059999999 -4.1999998 -0.1,
						0.059999999 -3.6337979 1.366906,
						0.059999999 -3.8027489 0.136397,
						0.059999999 -3.61643 1.410964,
						0.059999999 -3.5807381 1.44209,
						0.059999999 -3.5347281 1.4533041,
						0.059999999 -3.8444729 -0.1,
						0.059999999 -3.8069899 -0.092708997,
						0.059999999 -3.855809 0.061214,
						0.059999999 -3.774972 -0.071900003,
						0.059999999 -3.820117 0.09234,
						0.56 -3.753089 -0.040608,
						0.44 -3.753089 -0.040608,
						0.44 -3.5347281 1.4533041,
						0.44 -3.5807381 1.44209,
						0.44 -3.61643 1.410964,
						0.44 -4.1999998 -0.1,
						0.44 -4.1999998 0.050000001,
						0.44 -3.8444729 -0.1,
						0.44 -3.901819 0.050000001,
						0.44 -3.8069899 -0.092708997,
						0.44 -3.855809 0.061214,
						0.44 -3.774972 -0.071900003,
						0.44 -3.820117 0.09234,
						0.44 -3.8027489 0.136397,
						0.44 -3.6337979 1.366906,
						0.56 -3.901819 0.050000001,
						0.56 -4.1999998 0.050000001,
						0.56 -4.1999998 -0.1,
						0.56 -3.6337979 1.366906,
						0.56 -3.8027489 0.136397,
						0.56 -3.61643 1.410964,
						0.56 -3.5807381 1.44209,
						0.56 -3.5347281 1.4533041,
						0.56 -3.8444729 -0.1,
						0.56 -3.8069899 -0.092708997,
						0.56 -3.855809 0.061214,
						0.56 -3.774972 -0.071900003,
						0.56 -3.820117 0.09234,
						1.0599999 -3.753089 -0.040608,
						0.94 -3.753089 -0.040608,
						0.94 -3.5347281 1.4533041,
						0.94 -3.5807381 1.44209,
						0.94 -3.61643 1.410964,
						0.94 -4.1999998 -0.1,
						0.94 -4.1999998 0.050000001,
						0.94 -3.8444729 -0.1,
						0.94 -3.901819 0.050000001,
						0.94 -3.8069899 -0.092708997,
						0.94 -3.855809 0.061214,
						0.94 -3.774972 -0.071900003,
						0.94 -3.820117 0.09234,
						0.94 -3.8027489 0.136397,
						0.94 -3.6337979 1.366906,
						1.0599999 -3.901819 0.050000001,
						1.0599999 -4.1999998 0.050000001,
						1.0599999 -4.1999998 -0.1,
						1.0599999 -3.6337979 1.366906,
						1.0599999 -3.8027489 0.136397,
						1.0599999 -3.61643 1.410964,
						1.0599999 -3.5807381 1.44209,
						1.0599999 -3.5347281 1.4533041,
						1.0599999 -3.8444729 -0.1,
						1.0599999 -3.8069899 -0.092708997,
						1.0599999 -3.855809 0.061214,
						1.0599999 -3.774972 -0.071900003,
						1.0599999 -3.820117 0.09234,
						1.5599999 -3.753089 -0.040608,
						1.4400001 -3.753089 -0.040608,
						1.4400001 -3.5347281 1.4533041,
						1.4400001 -3.5807381 1.44209,
						1.4400001 -3.61643 1.410964,
						1.4400001 -4.1999998 -0.1,
						1.4400001 -4.1999998 0.050000001,
						1.4400001 -3.8444729 -0.1,
						1.4400001 -3.901819 0.050000001,
						1.4400001 -3.8069899 -0.092708997,
						1.4400001 -3.855809 0.061214,
						1.4400001 -3.774972 -0.071900003,
						1.4400001 -3.820117 0.09234,
						1.4400001 -3.8027489 0.136397,
						1.4400001 -3.6337979 1.366906,
						1.5599999 -3.901819 0.050000001,
						1.5599999 -4.1999998 0.050000001,
						1.5599999 -4.1999998 -0.1,
						1.5599999 -3.6337979 1.366906,
						1.5599999 -3.8027489 0.136397,
						1.5599999 -3.61643 1.410964,
						1.5599999 -3.5807381 1.44209,
						1.5599999 -3.5347281 1.4533041,
						1.5599999 -3.8444729 -0.1,
						1.5599999 -3.8069899 -0.092708997,
						1.5599999 -3.855809 0.061214,
						1.5599999 -3.774972 -0.071900003,
						1.5599999 -3.820117 0.09234,
						2.0599999 -3.753089 -0.040608,
						1.9400001 -3.753089 -0.040608,
						1.9400001 -3.5347281 1.4533041,
						1.9400001 -3.5807381 1.44209,
						1.9400001 -3.61643 1.410964,
						1.9400001 -4.1999998 -0.1,
						1.9400001 -4.1999998 0.050000001,
						1.9400001 -3.8444729 -0.1,
						1.9400001 -3.901819 0.050000001,
						1.9400001 -3.8069899 -0.092708997,
						1.9400001 -3.855809 0.061214,
						1.9400001 -3.774972 -0.071900003,
						1.9400001 -3.820117 0.09234,
						1.9400001 -3.8027489 0.136397,
						1.9400001 -3.6337979 1.366906,
						2.0599999 -3.901819 0.050000001,
						2.0599999 -4.1999998 0.050000001,
						2.0599999 -4.1999998 -0.1,
						2.0599999 -3.6337979 1.366906,
						2.0599999 -3.8027489 0.136397,
						2.0599999 -3.61643 1.410964,
						2.0599999 -3.5807381 1.44209,
						2.0599999 -3.5347281 1.4533041,
						2.0599999 -3.8444729 -0.1,
						2.0599999 -3.8069899 -0.092708997,
						2.0599999 -3.855809 0.061214,
						2.0599999 -3.774972 -0.071900003,
						2.0599999 -3.820117 0.09234,
						2.5599999 -3.753089 -0.040608,
						2.4400001 -3.753089 -0.040608,
						2.4400001 -3.5347281 1.4533041,
						2.4400001 -3.5807381 1.44209,
						2.4400001 -3.61643 1.410964,
						2.4400001 -4.1999998 -0.1,
						2.4400001 -4.1999998 0.050000001,
						2.4400001 -3.8444729 -0.1,
						2.4400001 -3.901819 0.050000001,
						2.4400001 -3.8069899 -0.092708997,
						2.4400001 -3.855809 0.061214,
						2.4400001 -3.774972 -0.071900003,
						2.4400001 -3.820117 0.09234,
						2.4400001 -3.8027489 0.136397,
						2.4400001 -3.6337979 1.366906,
						2.5599999 -3.901819 0.050000001,
						2.5599999 -4.1999998 0.050000001,
						2.5599999 -4.1999998 -0.1,
						2.5599999 -3.6337979 1.366906,
						2.5599999 -3.8027489 0.136397,
						2.5599999 -3.61643 1.410964,
						2.5599999 -3.5807381 1.44209,
						2.5599999 -3.5347281 1.4533041,
						2.5599999 -3.8444729 -0.1,
						2.5599999 -3.8069899 -0.092708997,
						2.5599999 -3.855809 0.061214,
						2.5599999 -3.774972 -0.071900003,
						2.5599999 -3.820117 0.09234,
						3.0599999 -3.753089 -0.040608,
						2.9400001 -3.753089 -0.040608,
						2.9400001 -3.5347281 1.4533041,
						2.9400001 -3.5807381 1.44209,
						2.9400001 -3.61643 1.410964,
						2.9400001 -4.1999998 -0.1,
						2.9400001 -4.1999998 0.050000001,
						2.9400001 -3.8444729 -0.1,
						2.9400001 -3.901819 0.050000001,
						2.9400001 -3.8069899 -0.092708997,
						2.9400001 -3.855809 0.061214,
						2.9400001 -3.774972 -0.071900003,
						2.9400001 -3.820117 0.09234,
						2.9400001 -3.8027489 0.136397,
						2.9400001 -3.6337979 1.366906,
						3.0599999 -3.901819 0.050000001,
						3.0599999 -4.1999998 0.050000001,
						3.0599999 -4.1999998 -0.1,
						3.0599999 -3.6337979 1.366906,
						3.0599999 -3.8027489 0.136397,
						3.0599999 -3.61643 1.410964,
						3.0599999 -3.5807381 1.44209,
						3.0599999 -3.5347281 1.4533041,
						3.0599999 -3.8444729 -0.1,
						3.0599999 -3.8069899 -0.092708997,
						3.0599999 -3.855809 0.061214,
						3.0599999 -3.774972 -0.071900003,
						3.0599999 -3.820117 0.09234,
						3.5599999 -3.753089 -0.040608,
						3.4400001 -3.753089 -0.040608,
						3.4400001 -3.5347281 1.4533041,
						3.4400001 -3.5807381 1.44209,
						3.4400001 -3.61643 1.410964,
						3.4400001 -4.1999998 -0.1,
						3.4400001 -4.1999998 0.050000001,
						3.4400001 -3.8444729 -0.1,
						3.4400001 -3.901819 0.050000001,
						3.4400001 -3.8069899 -0.092708997,
						3.4400001 -3.855809 0.061214,
						3.4400001 -3.774972 -0.071900003,
						3.4400001 -3.820117 0.09234,
						3.4400001 -3.8027489 0.136397,
						3.4400001 -3.6337979 1.366906,
						3.5599999 -3.901819 0.050000001,
						3.5599999 -4.1999998 0.050000001,
						3.5599999 -4.1999998 -0.1,
						3.5599999 -3.6337979 1.366906,
						3.5599999 -3.8027489 0.136397,
						3.5599999 -3.61643 1.410964,
						3.5599999 -3.5807381 1.44209,
						3.5599999 -3.5347281 1.4533041,
						3.5599999 -3.8444729 -0.1,
						3.5599999 -3.8069899 -0.092708997,
						3.5599999 -3.855809 0.061214,
						3.5599999 -3.774972 -0.071900003,
						3.5599999 -3.820117 0.09234,
						4.0599999 -3.753089 -0.040608,
						3.9400001 -3.753089 -0.040608,
						3.9400001 -3.5347281 1.4533041,
						3.9400001 -3.5807381 1.44209,
						3.9400001 -3.61643 1.410964,
						3.9400001 -4.1999998 -0.1,
						3.9400001 -4.1999998 0.050000001,
						3.9400001 -3.8444729 -0.1,
						3.9400001 -3.901819 0.050000001,
						3.9400001 -3.8069899 -0.092708997,
						3.9400001 -3.855809 0.061214,
						3.9400001 -3.774972 -0.071900003,
						3.9400001 -3.820117 0.09234,
						3.9400001 -3.8027489 0.136397,
						3.9400001 -3.6337979 1.366906,
						4.0599999 -3.901819 0.050000001,
						4.0599999 -4.1999998 0.050000001,
						4.0599999 -4.1999998 -0.1,
						4.0599999 -3.6337979 1.366906,
						4.0599999 -3.8027489 0.136397,
						4.0599999 -3.61643 1.410964,
						4.0599999 -3.5807381 1.44209,
						4.0599999 -3.5347281 1.4533041,
						4.0599999 -3.8444729 -0.1,
						4.0599999 -3.8069899 -0.092708997,
						4.0599999 -3.855809 0.061214,
						4.0599999 -3.774972 -0.071900003,
						4.0599999 -3.820117 0.09234,
						4.5599999 -3.753089 -0.040608,
						4.4400001 -3.753089 -0.040608,
						4.4400001 -3.5347281 1.4533041,
						4.4400001 -3.5807381 1.44209,
						4.4400001 -3.61643 1.410964,
						4.4400001 -4.1999998 -0.1,
						4.4400001 -4.1999998 0.050000001,
						4.4400001 -3.8444729 -0.1,
						4.4400001 -3.901819 0.050000001,
						4.4400001 -3.8069899 -0.092708997,
						4.4400001 -3.855809 0.061214,
						4.4400001 -3.774972 -0.071900003,
						4.4400001 -3.820117 0.09234,
						4.4400001 -3.8027489 0.136397,
						4.4400001 -3.6337979 1.366906,
						4.5599999 -3.901819 0.050000001,
						4.5599999 -4.1999998 0.050000001,
						4.5599999 -4.1999998 -0.1,
						4.5599999 -3.6337979 1.366906,
						4.5599999 -3.8027489 0.136397,
						4.5599999 -3.61643 1.410964,
						4.5599999 -3.5807381 1.44209,
						4.5599999 -3.5347281 1.4533041,
						4.5599999 -3.8444729 -0.1,
						4.5599999 -3.8069899 -0.092708997,
						4.5599999 -3.855809 0.061214,
						4.5599999 -3.774972 -0.071900003,
						4.5599999 -3.820117 0.09234,
						5.0599999 -3.753089 -0.040608,
						4.9400001 -3.753089 -0.040608,
						4.9400001 -3.5347281 1.4533041,
						4.9400001 -3.5807381 1.44209,
						4.9400001 -3.61643 1.410964,
						4.9400001 -4.1999998 -0.1,
						4.9400001 -4.1999998 0.050000001,
						4.9400001 -3.8444729 -0.1,
						4.9400001 -3.901819 0.050000001,
						4.9400001 -3.8069899 -0.092708997,
						4.9400001 -3.855809 0.061214,
						4.9400001 -3.774972 -0.071900003,
						4.9400001 -3.820117 0.09234,
						4.9400001 -3.8027489 0.136397,
						4.9400001 -3.6337979 1.366906,
						5.0599999 -3.901819 0.050000001,
						5.0599999 -4.1999998 0.050000001,
						5.0599999 -4.1999998 -0.1,
						5.0599999 -3.6337979 1.366906,
						5.0599999 -3.8027489 0.136397,
						5.0599999 -3.61643 1.410964,
						5.0599999 -3.5807381 1.44209,
						5.0599999 -3.5347281 1.4533041,
						5.0599999 -3.8444729 -0.1,
						5.0599999 -3.8069899 -0.092708997,
						5.0599999 -3.855809 0.061214,
						5.0599999 -3.774972 -0.071900003,
						5.0599999 -3.820117 0.09234,
						5.5599999 -3.753089 -0.040608,
						5.4400001 -3.753089 -0.040608,
						5.4400001 -3.5347281 1.4533041,
						5.4400001 -3.5807381 1.44209,
						5.4400001 -3.61643 1.410964,
						5.4400001 -4.1999998 -0.1,
						5.4400001 -4.1999998 0.050000001,
						5.4400001 -3.8444729 -0.1,
						5.4400001 -3.901819 0.050000001,
						5.4400001 -3.8069899 -0.092708997,
						5.4400001 -3.855809 0.061214,
						5.4400001 -3.774972 -0.071900003,
						5.4400001 -3.820117 0.09234,
						5.4400001 -3.8027489 0.136397,
						5.4400001 -3.6337979 1.366906,
						5.5599999 -3.901819 0.050000001,
						5.5599999 -4.1999998 0.050000001,
						5.5599999 -4.1999998 -0.1,
						5.5599999 -3.6337979 1.366906,
						5.5599999 -3.8027489 0.136397,
						5.5599999 -3.61643 1.410964,
						5.5599999 -3.5807381 1.44209,
						5.5599999 -3.5347281 1.4533041,
						5.5599999 -3.8444729 -0.1,
						5.5599999 -3.8069899 -0.092708997,
						5.5599999 -3.855809 0.061214,
						5.5599999 -3.774972 -0.071900003,
						5.5599999 -3.820117 0.09234,
						6.0599999 -3.753089 -0.040608,
						5.9400001 -3.753089 -0.040608,
						5.9400001 -3.5347281 1.4533041,
						5.9400001 -3.5807381 1.44209,
						5.9400001 -3.61643 1.410964,
						5.9400001 -4.1999998 -0.1,
						5.9400001 -4.1999998 0.050000001,
						5.9400001 -3.8444729 -0.1,
						5.9400001 -3.901819 0.050000001,
						5.9400001 -3.8069899 -0.092708997,
						5.9400001 -3.855809 0.061214,
						5.9400001 -3.774972 -0.071900003,
						5.9400001 -3.820117 0.09234,
						5.9400001 -3.8027489 0.136397,
						5.9400001 -3.6337979 1.366906,
						6.0599999 -3.901819 0.050000001,
						6.0599999 -4.1999998 0.050000001,
						6.0599999 -4.1999998 -0.1,
						6.0599999 -3.6337979 1.366906,
						6.0599999 -3.8027489 0.136397,
						6.0599999 -3.61643 1.410964,
						6.0599999 -3.5807381 1.44209,
						6.0599999 -3.5347281 1.4533041,
						6.0599999 -3.8444729 -0.1,
						6.0599999 -3.8069899 -0.092708997,
						6.0599999 -3.855809 0.061214,
						6.0599999 -3.774972 -0.071900003,
						6.0599999 -3.820117 0.09234,
						6.5599999 -3.753089 -0.040608,
						6.4400001 -3.753089 -0.040608,
						6.4400001 -3.5347281 1.4533041,
						6.4400001 -3.5807381 1.44209,
						6.4400001 -3.61643 1.410964,
						6.4400001 -4.1999998 -0.1,
						6.4400001 -4.1999998 0.050000001,
						6.4400001 -3.8444729 -0.1,
						6.4400001 -3.901819 0.050000001,
						6.4400001 -3.8069899 -0.092708997,
						6.4400001 -3.855809 0.061214,
						6.4400001 -3.774972 -0.071900003,
						6.4400001 -3.820117 0.09234,
						6.4400001 -3.8027489 0.136397,
						6.4400001 -3.6337979 1.366906,
						6.5599999 -3.901819 0.050000001,
						6.5599999 -4.1999998 0.050000001,
						6.5599999 -4.1999998 -0.1,
						6.5599999 -3.6337979 1.366906,
						6.5599999 -3.8027489 0.136397,
						6.5599999 -3.61643 1.410964,
						6.5599999 -3.5807381 1.44209,
						6.5599999 -3.5347281 1.4533041,
						6.5599999 -3.8444729 -0.1,
						6.5599999 -3.8069899 -0.092708997,
						6.5599999 -3.855809 0.061214,
						6.5599999 -3.774972 -0.071900003,
						6.5599999 -3.820117 0.09234,
						7.0599999 -3.753089 -0.040608,
						6.9400001 -3.753089 -0.040608,
						6.9400001 -3.5347281 1.4533041,
						6.9400001 -3.5807381 1.44209,
						6.9400001 -3.61643 1.410964,
						6.9400001 -4.1999998 -0.1,
						6.9400001 -4.1999998 0.050000001,
						6.9400001 -3.8444729 -0.1,
						6.9400001 -3.901819 0.050000001,
						6.9400001 -3.8069899 -0.092708997,
						6.9400001 -3.855809 0.061214,
						6.9400001 -3.774972 -0.071900003,
						6.9400001 -3.820117 0.09234,
						6.9400001 -3.8027489 0.136397,
						6.9400001 -3.6337979 1.366906,
						7.0599999 -3.901819 0.050000001,
						7.0599999 -4.1999998 0.050000001,
						7.0599999 -4.1999998 -0.1,
						7.0599999 -3.6337979 1.366906,
						7.0599999 -3.8027489 0.136397,
						7.0599999 -3.61643 1.410964,
						7.0599999 -3.5807381 1.44209,
						7.0599999 -3.5347281 1.4533041,
						7.0599999 -3.8444729 -0.1,
						7.0599999 -3.8069899 -0.092708997,
						7.0599999 -3.855809 0.061214,
						7.0599999 -3.774972 -0.071900003,
						7.0599999 -3.820117 0.09234,
						7.5599999 -3.753089 -0.040608,
						7.4400001 -3.753089 -0.040608,
						7.4400001 -3.5347281 1.4533041,
						7.4400001 -3.5807381 1.44209,
						7.4400001 -3.61643 1.410964,
						7.4400001 -4.1999998 -0.1,
						7.4400001 -4.1999998 0.050000001,
						7.4400001 -3.8444729 -0.1,
						7.4400001 -3.901819 0.050000001,
						7.4400001 -3.8069899 -0.092708997,
						7.4400001 -3.855809 0.061214,
						7.4400001 -3.774972 -0.071900003,
						7.4400001 -3.820117 0.09234,
						7.4400001 -3.8027489 0.136397,
						7.4400001 -3.6337979 1.366906,
						7.5599999 -3.901819 0.050000001,
						7.5599999 -4.1999998 0.050000001,
						7.5599999 -4.1999998 -0.1,
						7.5599999 -3.6337979 1.366906,
						7.5599999 -3.8027489 0.136397,
						7.5599999 -3.61643 1.410964,
						7.5599999 -3.5807381 1.44209,
						7.5599999 -3.5347281 1.4533041,
						7.5599999 -3.8444729 -0.1,
						7.5599999 -3.8069899 -0.092708997,
						7.5599999 -3.855809 0.061214,
						7.5599999 -3.774972 -0.071900003,
						7.5599999 -3.820117 0.09234,
						8.0599995 -3.753089 -0.040608,
						7.9400001 -3.753089 -0.040608,
						7.9400001 -3.5347281 1.4533041,
						7.9400001 -3.5807381 1.44209,
						7.9400001 -3.61643 1.410964,
						7.9400001 -4.1999998 -0.1,
						7.9400001 -4.1999998 0.050000001,
						7.9400001 -3.8444729 -0.1,
						7.9400001 -3.901819 0.050000001,
						7.9400001 -3.8069899 -0.092708997,
						7.9400001 -3.855809 0.061214,
						7.9400001 -3.774972 -0.071900003,
						7.9400001 -3.820117 0.09234,
						7.9400001 -3.8027489 0.136397,
						7.9400001 -3.6337979 1.366906,
						8.0599995 -3.901819 0.050000001,
						8.0599995 -4.1999998 0.050000001,
						8.0599995 -4.1999998 -0.1,
						8.0599995 -3.6337979 1.366906,
						8.0599995 -3.8027489 0.136397,
						8.0599995 -3.61643 1.410964,
						8.0599995 -3.5807381 1.44209,
						8.0599995 -3.5347281 1.4533041,
						8.0599995 -3.8444729 -0.1,
						8.0599995 -3.8069899 -0.092708997,
						8.0599995 -3.855809 0.061214,
						8.0599995 -3.774972 -0.071900003,
						8.0599995 -3.820117 0.09234,
						8.5600004 -3.753089 -0.040608,
						8.4399996 -3.753089 -0.040608,
						8.4399996 -3.5347281 1.4533041,
						8.4399996 -3.5807381 1.44209,
						8.4399996 -3.61643 1.410964,
						8.4399996 -4.1999998 -0.1,
						8.4399996 -4.1999998 0.050000001,
						8.4399996 -3.8444729 -0.1,
						8.4399996 -3.901819 0.050000001,
						8.4399996 -3.8069899 -0.092708997,
						8.4399996 -3.855809 0.061214,
						8.4399996 -3.774972 -0.071900003,
						8.4399996 -3.820117 0.09234,
						8.4399996 -3.8027489 0.136397,
						8.4399996 -3.6337979 1.366906,
						8.5600004 -3.901819 0.050000001,
						8.5600004 -4.1999998 0.050000001,
						8.5600004 -4.1999998 -0.1,
						8.5600004 -3.6337979 1.366906,
						8.5600004 -3.8027489 0.136397,
						8.5600004 -3.61643 1.410964,
						8.5600004 -3.5807381 1.44209,
						8.5600004 -3.5347281 1.4533041,
						8.5600004 -3.8444729 -0.1,
						8.5600004 -3.8069899 -0.092708997,
						8.5600004 -3.855809 0.061214,
						8.5600004 -3.774972 -0.071900003,
						8.5600004 -3.820117 0.09234,
						9.0600004 -3.753089 -0.040608,
						8.9400005 -3.753089 -0.040608,
						8.9400005 -3.5347281 1.4533041,
						8.9400005 -3.5807381 1.44209,
						8.9400005 -3.61643 1.410964,
						8.9400005 -4.1999998 -0.1,
						8.9400005 -4.1999998 0.050000001,
						8.9400005 -3.8444729 -0.1,
						8.9400005 -3.901819 0.050000001,
						8.9400005 -3.8069899 -0.092708997,
						8.9400005 -3.855809 0.061214,
						8.9400005 -3.774972 -0.071900003,
						8.9400005 -3.820117 0.09234,
						8.9400005 -3.8027489 0.136397,
						8.9400005 -3.6337979 1.366906,
						9.0600004 -3.901819 0.050000001,
						9.0600004 -4.1999998 0.050000001,
						9.0600004 -4.1999998 -0.1,
						9.0600004 -3.6337979 1.366906,
						9.0600004 -3.8027489 0.136397,
						9.0600004 -3.61643 1.410964,
						9.0600004 -3.5807381 1.44209,
						9.0600004 -3.5347281 1.4533041,
						9.0600004 -3.8444729 -0.1,
						9.0600004 -3.8069899 -0.092708997,
						9.0600004 -3.855809 0.061214,
						9.0600004 -3.774972 -0.071900003,
						9.0600004 -3.820117 0.09234,
						-0.44 -3.753089 -0.040608,
						-0.56 -3.753089 -0.040608,
						-0.56 -3.5347281 1.4533041,
						-0.56 -3.5807381 1.44209,
						-0.56 -3.61643 1.410964,
						-0.56 -4.1999998 -0.1,
						-0.56 -4.1999998 0.050000001,
						-0.56 -3.8444729 -0.1,
						-0.56 -3.901819 0.050000001,
						-0.56 -3.8069899 -0.092708997,
						-0.56 -3.855809 0.061214,
						-0.56 -3.774972 -0.071900003,
						-0.56 -3.820117 0.09234,
						-0.56 -3.8027489 0.136397,
						-0.56 -3.6337979 1.366906,
						-0.44 -3.901819 0.050000001,
						-0.44 -4.1999998 0.050000001,
						-0.44 -4.1999998 -0.1,
						-0.44 -3.6337979 1.366906,
						-0.44 -3.8027489 0.136397,
						-0.44 -3.61643 1.410964,
						-0.44 -3.5807381 1.44209,
						-0.44 -3.5347281 1.4533041,
						-0.44 -3.8444729 -0.1,
						-0.44 -3.8069899 -0.092708997,
						-0.44 -3.855809 0.061214,
						-0.44 -3.774972 -0.071900003,
						-0.44 -3.820117 0.09234,
						-0.94 -3.753089 -0.040608,
						-1.0599999 -3.753089 -0.040608,
						-1.0599999 -3.5347281 1.4533041,
						-1.0599999 -3.5807381 1.44209,
						-1.0599999 -3.61643 1.410964,
						-1.0599999 -4.1999998 -0.1,
						-1.0599999 -4.1999998 0.050000001,
						-1.0599999 -3.8444729 -0.1,
						-1.0599999 -3.901819 0.050000001,
						-1.0599999 -3.8069899 -0.092708997,
						-1.0599999 -3.855809 0.061214,
						-1.0599999 -3.774972 -0.071900003,
						-1.0599999 -3.820117 0.09234,
						-1.0599999 -3.8027489 0.136397,
						-1.0599999 -3.6337979 1.366906,
						-0.94 -3.901819 0.050000001,
						-0.94 -4.1999998 0.050000001,
						-0.94 -4.1999998 -0.1,
						-0.94 -3.6337979 1.366906,
						-0.94 -3.8027489 0.136397,
						-0.94 -3.61643 1.410964,
						-0.94 -3.5807381 1.44209,
						-0.94 -3.5347281 1.4533041,
						-0.94 -3.8444729 -0.1,
						-0.94 -3.8069899 -0.092708997,
						-0.94 -3.855809 0.061214,
						-0.94 -3.774972 -0.071900003,
						-0.94 -3.820117 0.09234,
						-1.4400001 -3.753089 -0.040608,
						-1.5599999 -3.753089 -0.040608,
						-1.5599999 -3.5347281 1.4533041,
						-1.5599999 -3.5807381 1.44209,
						-1.5599999 -3.61643 1.410964,
						-1.5599999 -4.1999998 -0.1,
						-1.5599999 -4.1999998 0.050000001,
						-1.5599999 -3.8444729 -0.1,
						-1.5599999 -3.901819 0.050000001,
						-1.5599999 -3.8069899 -0.092708997,
						-1.5599999 -3.855809 0.061214,
						-1.5599999 -3.774972 -0.071900003,
						-1.5599999 -3.820117 0.09234,
						-1.5599999 -3.8027489 0.136397,
						-1.5599999 -3.6337979 1.366906,
						-1.4400001 -3.901819 0.050000001,
						-1.4400001 -4.1999998 0.050000001,
						-1.4400001 -4.1999998 -0.1,
						-1.4400001 -3.6337979 1.366906,
						-1.4400001 -3.8027489 0.136397,
						-1.4400001 -3.61643 1.410964,
						-1.4400001 -3.5807381 1.44209,
						-1.4400001 -3.5347281 1.4533041,
						-1.4400001 -3.8444729 -0.1,
						-1.4400001 -3.8069899 -0.092708997,
						-1.4400001 -3.855809 0.061214,
						-1.4400001 -3.774972 -0.071900003,
						-1.4400001 -3.820117 0.09234,
						-1.9400001 -3.753089 -0.040608,
						-2.0599999 -3.753089 -0.040608,
						-2.0599999 -3.5347281 1.4533041,
						-2.0599999 -3.5807381 1.44209,
						-2.0599999 -3.61643 1.410964,
						-2.0599999 -4.1999998 -0.1,
						-2.0599999 -4.1999998 0.050000001,
						-2.0599999 -3.8444729 -0.1,
						-2.0599999 -3.901819 0.050000001,
						-2.0599999 -3.8069899 -0.092708997,
						-2.0599999 -3.855809 0.061214,
						-2.0599999 -3.774972 -0.071900003,
						-2.0599999 -3.820117 0.09234,
						-2.0599999 -3.8027489 0.136397,
						-2.0599999 -3.6337979 1.366906,
						-1.9400001 -3.901819 0.050000001,
						-1.9400001 -4.1999998 0.050000001,
						-1.9400001 -4.1999998 -0.1,
						-1.9400001 -3.6337979 1.366906,
						-1.9400001 -3.8027489 0.136397,
						-1.9400001 -3.61643 1.410964,
						-1.9400001 -3.5807381 1.44209,
						-1.9400001 -3.5347281 1.4533041,
						-1.9400001 -3.8444729 -0.1,
						-1.9400001 -3.8069899 -0.092708997,
						-1.9400001 -3.855809 0.061214,
						-1.9400001 -3.774972 -0.071900003,
						-1.9400001 -3.820117 0.09234,
						-2.4400001 -3.753089 -0.040608,
						-2.5599999 -3.753089 -0.040608,
						-2.5599999 -3.5347281 1.4533041,
						-2.5599999 -3.5807381 1.44209,
						-2.5599999 -3.61643 1.410964,
						-2.5599999 -4.1999998 -0.1,
						-2.5599999 -4.1999998 0.050000001,
						-2.5599999 -3.8444729 -0.1,
						-2.5599999 -3.901819 0.050000001,
						-2.5599999 -3.8069899 -0.092708997,
						-2.5599999 -3.855809 0.061214,
						-2.5599999 -3.774972 -0.071900003,
						-2.5599999 -3.820117 0.09234,
						-2.5599999 -3.8027489 0.136397,
						-2.5599999 -3.6337979 1.366906,
						-2.4400001 -3.901819 0.050000001,
						-2.4400001 -4.1999998 0.050000001,
						-2.4400001 -4.1999998 -0.1,
						-2.4400001 -3.6337979 1.366906,
						-2.4400001 -3.8027489 0.136397,
						-2.4400001 -3.61643 1.410964,
						-2.4400001 -3.5807381 1.44209,
						-2.4400001 -3.5347281 1.4533041,
						-2.4400001 -3.8444729 -0.1,
						-2.4400001 -3.8069899 -0.092708997,
						-2.4400001 -3.855809 0.061214,
						-2.4400001 -3.774972 -0.071900003,
						-2.4400001 -3.820117 0.09234,
						-2.9400001 -3.753089 -0.040608,
						-3.0599999 -3.753089 -0.040608,
						-3.0599999 -3.5347281 1.4533041,
						-3.0599999 -3.5807381 1.44209,
						-3.0599999 -3.61643 1.410964,
						-3.0599999 -4.1999998 -0.1,
						-3.0599999 -4.1999998 0.050000001,
						-3.0599999 -3.8444729 -0.1,
						-3.0599999 -3.901819 0.050000001,
						-3.0599999 -3.8069899 -0.092708997,
						-3.0599999 -3.855809 0.061214,
						-3.0599999 -3.774972 -0.071900003,
						-3.0599999 -3.820117 0.09234,
						-3.0599999 -3.8027489 0.136397,
						-3.0599999 -3.6337979 1.366906,
						-2.9400001 -3.901819 0.050000001,
						-2.9400001 -4.1999998 0.050000001,
						-2.9400001 -4.1999998 -0.1,
						-2.9400001 -3.6337979 1.366906,
						-2.9400001 -3.8027489 0.136397,
						-2.9400001 -3.61643 1.410964,
						-2.9400001 -3.5807381 1.44209,
						-2.9400001 -3.5347281 1.4533041,
						-2.9400001 -3.8444729 -0.1,
						-2.9400001 -3.8069899 -0.092708997,
						-2.9400001 -3.855809 0.061214,
						-2.9400001 -3.774972 -0.071900003,
						-2.9400001 -3.820117 0.09234,
						-3.4400001 -3.753089 -0.040608,
						-3.5599999 -3.753089 -0.040608,
						-3.5599999 -3.5347281 1.4533041,
						-3.5599999 -3.5807381 1.44209,
						-3.5599999 -3.61643 1.410964,
						-3.5599999 -4.1999998 -0.1,
						-3.5599999 -4.1999998 0.050000001,
						-3.5599999 -3.8444729 -0.1,
						-3.5599999 -3.901819 0.050000001,
						-3.5599999 -3.8069899 -0.092708997,
						-3.5599999 -3.855809 0.061214,
						-3.5599999 -3.774972 -0.071900003,
						-3.5599999 -3.820117 0.09234,
						-3.5599999 -3.8027489 0.136397,
						-3.5599999 -3.6337979 1.366906,
						-3.4400001 -3.901819 0.050000001,
						-3.4400001 -4.1999998 0.050000001,
						-3.4400001 -4.1999998 -0.1,
						-3.4400001 -3.6337979 1.366906,
						-3.4400001 -3.8027489 0.136397,
						-3.4400001 -3.61643 1.410964,
						-3.4400001 -3.5807381 1.44209,
						-3.4400001 -3.5347281 1.4533041,
						-3.4400001 -3.8444729 -0.1,
						-3.4400001 -3.8069899 -0.092708997,
						-3.4400001 -3.855809 0.061214,
						-3.4400001 -3.774972 -0.071900003,
						-3.4400001 -3.820117 0.09234,
						-3.9400001 -3.753089 -0.040608,
						-4.0599999 -3.753089 -0.040608,
						-4.0599999 -3.5347281 1.4533041,
						-4.0599999 -3.5807381 1.44209,
						-4.0599999 -3.61643 1.410964,
						-4.0599999 -4.1999998 -0.1,
						-4.0599999 -4.1999998 0.050000001,
						-4.0599999 -3.8444729 -0.1,
						-4.0599999 -3.901819 0.050000001,
						-4.0599999 -3.8069899 -0.092708997,
						-4.0599999 -3.855809 0.061214,
						-4.0599999 -3.774972 -0.071900003,
						-4.0599999 -3.820117 0.09234,
						-4.0599999 -3.8027489 0.136397,
						-4.0599999 -3.6337979 1.366906,
						-3.9400001 -3.901819 0.050000001,
						-3.9400001 -4.1999998 0.050000001,
						-3.9400001 -4.1999998 -0.1,
						-3.9400001 -3.6337979 1.366906,
						-3.9400001 -3.8027489 0.136397,
						-3.9400001 -3.61643 1.410964,
						-3.9400001 -3.5807381 1.44209,
						-3.9400001 -3.5347281 1.4533041,
						-3.9400001 -3.8444729 -0.1,
						-3.9400001 -3.8069899 -0.092708997,
						-3.9400001 -3.855809 0.061214,
						-3.9400001 -3.774972 -0.071900003,
						-3.9400001 -3.820117 0.09234,
						-4.4400001 -3.753089 -0.040608,
						-4.5599999 -3.753089 -0.040608,
						-4.5599999 -3.5347281 1.4533041,
						-4.5599999 -3.5807381 1.44209,
						-4.5599999 -3.61643 1.410964,
						-4.5599999 -4.1999998 -0.1,
						-4.5599999 -4.1999998 0.050000001,
						-4.5599999 -3.8444729 -0.1,
						-4.5599999 -3.901819 0.050000001,
						-4.5599999 -3.8069899 -0.092708997,
						-4.5599999 -3.855809 0.061214,
						-4.5599999 -3.774972 -0.071900003,
						-4.5599999 -3.820117 0.09234,
						-4.5599999 -3.8027489 0.136397,
						-4.5599999 -3.6337979 1.366906,
						-4.4400001 -3.901819 0.050000001,
						-4.4400001 -4.1999998 0.050000001,
						-4.4400001 -4.1999998 -0.1,
						-4.4400001 -3.6337979 1.366906,
						-4.4400001 -3.8027489 0.136397,
						-4.4400001 -3.61643 1.410964,
						-4.4400001 -3.5807381 1.44209,
						-4.4400001 -3.5347281 1.4533041,
						-4.4400001 -3.8444729 -0.1,
						-4.4400001 -3.8069899 -0.092708997,
						-4.4400001 -3.855809 0.061214,
						-4.4400001 -3.774972 -0.071900003,
						-4.4400001 -3.820117 0.09234,
						-7.0599999 -3.753089 -0.040608,
						-6.9400001 -3.753089 -0.040608,
						-6.9400001 -3.774972 -0.071900003,
						-7.0599999 -3.774972 -0.071900003,
						-6.9400001 -3.8069899 -0.092708997,
						-7.0599999 -3.8069899 -0.092708997,
						-6.9400001 -3.8444729 -0.1,
						-7.0599999 -3.8444729 -0.1,
						-7.0599999 -4.1999998 -0.1,
						-6.9400001 -4.1999998 -0.1,
						-7.0599999 -4.1999998 0.050000001,
						-6.9400001 -4.1999998 0.050000001,
						-7.0599999 -3.901819 0.050000001,
						-6.9400001 -3.901819 0.050000001,
						-7.0599999 -3.855809 0.061214,
						-6.9400001 -3.855809 0.061214,
						-7.0599999 -3.820117 0.09234,
						-6.9400001 -3.820117 0.09234,
						-7.0599999 -3.8027489 0.136397,
						-6.9400001 -3.8027489 0.136397,
						-7.0599999 -3.6337979 1.366906,
						-6.9400001 -3.6337979 1.366906,
						-6.9400001 -3.61643 1.410964,
						-7.0599999 -3.61643 1.410964,
						-6.9400001 -3.5807381 1.44209,
						-7.0599999 -3.5807381 1.44209,
						-6.9400001 -3.5347281 1.4533041,
						-7.0599999 -3.5347281 1.4533041,
						-7.5599999 -3.753089 -0.040608,
						-7.4400001 -3.753089 -0.040608,
						-7.4400001 -3.774972 -0.071900003,
						-7.5599999 -3.774972 -0.071900003,
						-7.4400001 -3.8069899 -0.092708997,
						-7.5599999 -3.8069899 -0.092708997,
						-7.4400001 -3.8444729 -0.1,
						-7.5599999 -3.8444729 -0.1,
						-7.5599999 -4.1999998 -0.1,
						-7.4400001 -4.1999998 -0.1,
						-7.5599999 -4.1999998 0.050000001,
						-7.4400001 -4.1999998 0.050000001,
						-7.5599999 -3.901819 0.050000001,
						-7.4400001 -3.901819 0.050000001,
						-7.5599999 -3.855809 0.061214,
						-7.4400001 -3.855809 0.061214,
						-7.5599999 -3.820117 0.09234,
						-7.4400001 -3.820117 0.09234,
						-7.5599999 -3.8027489 0.136397,
						-7.4400001 -3.8027489 0.136397,
						-7.5599999 -3.6337979 1.366906,
						-7.4400001 -3.6337979 1.366906,
						-7.4400001 -3.61643 1.410964,
						-7.5599999 -3.61643 1.410964,
						-7.4400001 -3.5807381 1.44209,
						-7.5599999 -3.5807381 1.44209,
						-7.4400001 -3.5347281 1.4533041,
						-7.5599999 -3.5347281 1.4533041,
						-8.0599995 -3.753089 -0.040608,
						-7.9400001 -3.753089 -0.040608,
						-7.9400001 -3.774972 -0.071900003,
						-8.0599995 -3.774972 -0.071900003,
						-7.9400001 -3.8069899 -0.092708997,
						-8.0599995 -3.8069899 -0.092708997,
						-7.9400001 -3.8444729 -0.1,
						-8.0599995 -3.8444729 -0.1,
						-8.0599995 -4.1999998 -0.1,
						-7.9400001 -4.1999998 -0.1,
						-8.0599995 -4.1999998 0.050000001,
						-7.9400001 -4.1999998 0.050000001,
						-8.0599995 -3.901819 0.050000001,
						-7.9400001 -3.901819 0.050000001,
						-8.0599995 -3.855809 0.061214,
						-7.9400001 -3.855809 0.061214,
						-8.0599995 -3.820117 0.09234,
						-7.9400001 -3.820117 0.09234,
						-8.0599995 -3.8027489 0.136397,
						-7.9400001 -3.8027489 0.136397,
						-8.0599995 -3.6337979 1.366906,
						-7.9400001 -3.6337979 1.366906,
						-7.9400001 -3.61643 1.410964,
						-8.0599995 -3.61643 1.410964,
						-7.9400001 -3.5807381 1.44209,
						-8.0599995 -3.5807381 1.44209,
						-7.9400001 -3.5347281 1.4533041,
						-8.0599995 -3.5347281 1.4533041,
						-8.5600004 -3.753089 -0.040608,
						-8.4399996 -3.753089 -0.040608,
						-8.4399996 -3.774972 -0.071900003,
						-8.5600004 -3.774972 -0.071900003,
						-8.4399996 -3.8069899 -0.092708997,
						-8.5600004 -3.8069899 -0.092708997,
						-8.4399996 -3.8444729 -0.1,
						-8.5600004 -3.8444729 -0.1,
						-8.5600004 -4.1999998 -0.1,
						-8.4399996 -4.1999998 -0.1,
						-8.5600004 -4.1999998 0.050000001,
						-8.4399996 -4.1999998 0.050000001,
						-8.5600004 -3.901819 0.050000001,
						-8.4399996 -3.901819 0.050000001,
						-8.5600004 -3.855809 0.061214,
						-8.4399996 -3.855809 0.061214,
						-8.5600004 -3.820117 0.09234,
						-8.4399996 -3.820117 0.09234,
						-8.5600004 -3.8027489 0.136397,
						-8.4399996 -3.8027489 0.136397,
						-8.5600004 -3.6337979 1.366906,
						-8.4399996 -3.6337979 1.366906,
						-8.4399996 -3.61643 1.410964,
						-8.5600004 -3.61643 1.410964,
						-8.4399996 -3.5807381 1.44209,
						-8.5600004 -3.5807381 1.44209,
						-8.4399996 -3.5347281 1.4533041,
						-8.5600004 -3.5347281 1.4533041,
						-9.0600004 -3.753089 -0.040608,
						-8.9400005 -3.753089 -0.040608,
						-8.9400005 -3.774972 -0.071900003,
						-9.0600004 -3.774972 -0.071900003,
						-8.9400005 -3.8069899 -0.092708997,
						-9.0600004 -3.8069899 -0.092708997,
						-8.9400005 -3.8444729 -0.1,
						-9.0600004 -3.8444729 -0.1,
						-9.0600004 -4.1999998 -0.1,
						-8.9400005 -4.1999998 -0.1,
						-9.0600004 -4.1999998 0.050000001,
						-8.9400005 -4.1999998 0.050000001,
						-9.0600004 -3.901819 0.050000001,
						-8.9400005 -3.901819 0.050000001,
						-9.0600004 -3.855809 0.061214,
						-8.9400005 -3.855809 0.061214,
						-9.0600004 -3.820117 0.09234,
						-8.9400005 -3.820117 0.09234,
						-9.0600004 -3.8027489 0.136397,
						-8.9400005 -3.8027489 0.136397,
						-9.0600004 -3.6337979 1.366906,
						-8.9400005 -3.6337979 1.366906,
						-8.9400005 -3.61643 1.410964,
						-9.0600004 -3.61643 1.410964,
						-8.9400005 -3.5807381 1.44209,
						-9.0600004 -3.5807381 1.44209,
						-8.9400005 -3.5347281 1.4533041,
						-9.0600004 -3.5347281 1.4533041,
						-6.6900001 3.6222911 2.3994679,
						-6.8099999 3.6222911 2.3994679,
						-6.6900001 3.630132 2.3606529,
						-6.8099999 3.630132 2.3606529,
						-6.8099999 3.7875609 -0.093048997,
						-6.8099999 3.756022 -0.073163003,
						-6.8099999 3.7339599 -0.043104999,
						-6.8099999 3.630132 0.69246101,
						-6.8099999 3.824192 -0.1,
						-6.8099999 3.8741961 0.080490001,
						-6.8099999 3.852762 0.114078,
						-6.8099999 4.1999998 0.050000001,
						-6.8099999 4.1999998 -0.1,
						-6.8099999 3.9460869 0.050000001,
						-6.8099999 3.907042 0.057937998,
						-6.6900001 3.630132 0.69246101,
						-6.6900001 3.824192 -0.1,
						-6.6900001 4.1999998 -0.1,
						-6.6900001 4.1999998 0.050000001,
						-6.6900001 3.9460869 0.050000001,
						-6.6900001 3.907042 0.057937998,
						-6.6900001 3.7875609 -0.093048997,
						-6.6900001 3.8741961 0.080490001,
						-6.6900001 3.852762 0.114078,
						-6.6900001 3.7339599 -0.043104999,
						-6.6900001 3.756022 -0.073163003,
						-7.1900001 3.6222911 2.3994679,
						-7.3099999 3.6222911 2.3994679,
						-7.1900001 3.630132 2.3606529,
						-7.3099999 3.630132 2.3606529,
						-7.3099999 3.7875609 -0.093048997,
						-7.3099999 3.756022 -0.073163003,
						-7.3099999 3.7339599 -0.043104999,
						-7.3099999 3.630132 0.69246101,
						-7.3099999 3.824192 -0.1,
						-7.3099999 3.8741961 0.080490001,
						-7.3099999 3.852762 0.114078,
						-7.3099999 4.1999998 0.050000001,
						-7.3099999 4.1999998 -0.1,
						-7.3099999 3.9460869 0.050000001,
						-7.3099999 3.907042 0.057937998,
						-7.1900001 3.630132 0.69246101,
						-7.1900001 3.824192 -0.1,
						-7.1900001 4.1999998 -0.1,
						-7.1900001 4.1999998 0.050000001,
						-7.1900001 3.9460869 0.050000001,
						-7.1900001 3.907042 0.057937998,
						-7.1900001 3.7875609 -0.093048997,
						-7.1900001 3.8741961 0.080490001,
						-7.1900001 3.852762 0.114078,
						-7.1900001 3.7339599 -0.043104999,
						-7.1900001 3.756022 -0.073163003,
						-7.6900001 3.6222911 2.3994679,
						-7.8099999 3.6222911 2.3994679,
						-7.6900001 3.630132 2.3606529,
						-7.8099999 3.630132 2.3606529,
						-7.8099999 3.7875609 -0.093048997,
						-7.8099999 3.756022 -0.073163003,
						-7.8099999 3.7339599 -0.043104999,
						-7.8099999 3.630132 0.69246101,
						-7.8099999 3.824192 -0.1,
						-7.8099999 3.8741961 0.080490001,
						-7.8099999 3.852762 0.114078,
						-7.8099999 4.1999998 0.050000001,
						-7.8099999 4.1999998 -0.1,
						-7.8099999 3.9460869 0.050000001,
						-7.8099999 3.907042 0.057937998,
						-7.6900001 3.630132 0.69246101,
						-7.6900001 3.824192 -0.1,
						-7.6900001 4.1999998 -0.1,
						-7.6900001 4.1999998 0.050000001,
						-7.6900001 3.9460869 0.050000001,
						-7.6900001 3.907042 0.057937998,
						-7.6900001 3.7875609 -0.093048997,
						-7.6900001 3.8741961 0.080490001,
						-7.6900001 3.852762 0.114078,
						-7.6900001 3.7339599 -0.043104999,
						-7.6900001 3.756022 -0.073163003,
						-8.1900005 3.6222911 2.3994679,
						-8.3100004 3.6222911 2.3994679,
						-8.1900005 3.630132 2.3606529,
						-8.3100004 3.630132 2.3606529,
						-8.3100004 3.7875609 -0.093048997,
						-8.3100004 3.756022 -0.073163003,
						-8.3100004 3.7339599 -0.043104999,
						-8.3100004 3.630132 0.69246101,
						-8.3100004 3.824192 -0.1,
						-8.3100004 3.8741961 0.080490001,
						-8.3100004 3.852762 0.114078,
						-8.3100004 4.1999998 0.050000001,
						-8.3100004 4.1999998 -0.1,
						-8.3100004 3.9460869 0.050000001,
						-8.3100004 3.907042 0.057937998,
						-8.1900005 3.630132 0.69246101,
						-8.1900005 3.824192 -0.1,
						-8.1900005 4.1999998 -0.1,
						-8.1900005 4.1999998 0.050000001,
						-8.1900005 3.9460869 0.050000001,
						-8.1900005 3.907042 0.057937998,
						-8.1900005 3.7875609 -0.093048997,
						-8.1900005 3.8741961 0.080490001,
						-8.1900005 3.852762 0.114078,
						-8.1900005 3.7339599 -0.043104999,
						-8.1900005 3.756022 -0.073163003,
						-8.6899996 3.6222911 2.3994679,
						-8.8099995 3.6222911 2.3994679,
						-8.6899996 3.630132 2.3606529,
						-8.8099995 3.630132 2.3606529,
						-8.8099995 3.7875609 -0.093048997,
						-8.8099995 3.756022 -0.073163003,
						-8.8099995 3.7339599 -0.043104999,
						-8.8099995 3.630132 0.69246101,
						-8.8099995 3.824192 -0.1,
						-8.8099995 3.8741961 0.080490001,
						-8.8099995 3.852762 0.114078,
						-8.8099995 4.1999998 0.050000001,
						-8.8099995 4.1999998 -0.1,
						-8.8099995 3.9460869 0.050000001,
						-8.8099995 3.907042 0.057937998,
						-8.6899996 3.630132 0.69246101,
						-8.6899996 3.824192 -0.1,
						-8.6899996 4.1999998 -0.1,
						-8.6899996 4.1999998 0.050000001,
						-8.6899996 3.9460869 0.050000001,
						-8.6899996 3.907042 0.057937998,
						-8.6899996 3.7875609 -0.093048997,
						-8.6899996 3.8741961 0.080490001,
						-8.6899996 3.852762 0.114078,
						-8.6899996 3.7339599 -0.043104999,
						-8.6899996 3.756022 -0.073163003,
						-9.1899996 3.6222911 2.3994679,
						-9.3099995 3.6222911 2.3994679,
						-9.1899996 3.630132 2.3606529,
						-9.3099995 3.630132 2.3606529,
						-9.3099995 3.7875609 -0.093048997,
						-9.3099995 3.756022 -0.073163003,
						-9.3099995 3.7339599 -0.043104999,
						-9.3099995 3.630132 0.69246101,
						-9.3099995 3.824192 -0.1,
						-9.3099995 3.8741961 0.080490001,
						-9.3099995 3.852762 0.114078,
						-9.3099995 4.1999998 0.050000001,
						-9.3099995 4.1999998 -0.1,
						-9.3099995 3.9460869 0.050000001,
						-9.3099995 3.907042 0.057937998,
						-9.1899996 3.630132 0.69246101,
						-9.1899996 3.824192 -0.1,
						-9.1899996 4.1999998 -0.1,
						-9.1899996 4.1999998 0.050000001,
						-9.1899996 3.9460869 0.050000001,
						-9.1899996 3.907042 0.057937998,
						-9.1899996 3.7875609 -0.093048997,
						-9.1899996 3.8741961 0.080490001,
						-9.1899996 3.852762 0.114078,
						-9.1899996 3.7339599 -0.043104999,
						-9.1899996 3.756022 -0.073163003,
						-4.3099999 3.630132 0.69246101,
						-4.3099999 3.630132 2.3606529,
						-4.1900001 3.630132 0.69246101,
						-4.1900001 3.630132 2.3606529,
						-4.3099999 3.852762 0.114078,
						-4.1900001 3.852762 0.114078,
						-4.3099999 3.8741961 0.080490001,
						-4.1900001 3.8741961 0.080490001,
						-4.3099999 3.907042 0.057937998,
						-4.1900001 3.907042 0.057937998,
						-4.3099999 3.9460869 0.050000001,
						-4.1900001 3.9460869 0.050000001,
						-4.3099999 4.1999998 0.050000001,
						-4.1900001 4.1999998 0.050000001,
						-4.3099999 4.1999998 -0.1,
						-4.1900001 4.1999998 -0.1,
						-4.3099999 3.824192 -0.1,
						-4.1900001 3.824192 -0.1,
						-4.1900001 3.7875609 -0.093048997,
						-4.3099999 3.7875609 -0.093048997,
						-4.1900001 3.756022 -0.073163003,
						-4.3099999 3.756022 -0.073163003,
						-4.1900001 3.7339599 -0.043104999,
						-4.3099999 3.7339599 -0.043104999,
						-4.1900001 3.6222911 2.3994679,
						-4.3099999 3.6222911 2.3994679,
						-3.8099999 3.630132 0.69246101,
						-3.8099999 3.630132 2.3606529,
						-3.6900001 3.630132 0.69246101,
						-3.6900001 3.630132 2.3606529,
						-3.8099999 3.852762 0.114078,
						-3.6900001 3.852762 0.114078,
						-3.8099999 3.8741961 0.080490001,
						-3.6900001 3.8741961 0.080490001,
						-3.8099999 3.907042 0.057937998,
						-3.6900001 3.907042 0.057937998,
						-3.8099999 3.9460869 0.050000001,
						-3.6900001 3.9460869 0.050000001,
						-3.8099999 4.1999998 0.050000001,
						-3.6900001 4.1999998 0.050000001,
						-3.8099999 4.1999998 -0.1,
						-3.6900001 4.1999998 -0.1,
						-3.8099999 3.824192 -0.1,
						-3.6900001 3.824192 -0.1,
						-3.6900001 3.7875609 -0.093048997,
						-3.8099999 3.7875609 -0.093048997,
						-3.6900001 3.756022 -0.073163003,
						-3.8099999 3.756022 -0.073163003,
						-3.6900001 3.7339599 -0.043104999,
						-3.8099999 3.7339599 -0.043104999,
						-3.6900001 3.6222911 2.3994679,
						-3.8099999 3.6222911 2.3994679,
						-3.3099999 3.630132 0.69246101,
						-3.3099999 3.630132 2.3606529,
						-3.1900001 3.630132 0.69246101,
						-3.1900001 3.630132 2.3606529,
						-3.3099999 3.852762 0.114078,
						-3.1900001 3.852762 0.114078,
						-3.3099999 3.8741961 0.080490001,
						-3.1900001 3.8741961 0.080490001,
						-3.3099999 3.907042 0.057937998,
						-3.1900001 3.907042 0.057937998,
						-3.3099999 3.9460869 0.050000001,
						-3.1900001 3.9460869 0.050000001,
						-3.3099999 4.1999998 0.050000001,
						-3.1900001 4.1999998 0.050000001,
						-3.3099999 4.1999998 -0.1,
						-3.1900001 4.1999998 -0.1,
						-3.3099999 3.824192 -0.1,
						-3.1900001 3.824192 -0.1,
						-3.1900001 3.7875609 -0.093048997,
						-3.3099999 3.7875609 -0.093048997,
						-3.1900001 3.756022 -0.073163003,
						-3.3099999 3.756022 -0.073163003,
						-3.1900001 3.7339599 -0.043104999,
						-3.3099999 3.7339599 -0.043104999,
						-3.1900001 3.6222911 2.3994679,
						-3.3099999 3.6222911 2.3994679,
						-2.8099999 3.630132 0.69246101,
						-2.8099999 3.630132 2.3606529,
						-2.6900001 3.630132 0.69246101,
						-2.6900001 3.630132 2.3606529,
						-2.8099999 3.852762 0.114078,
						-2.6900001 3.852762 0.114078,
						-2.8099999 3.8741961 0.080490001,
						-2.6900001 3.8741961 0.080490001,
						-2.8099999 3.907042 0.057937998,
						-2.6900001 3.907042 0.057937998,
						-2.8099999 3.9460869 0.050000001,
						-2.6900001 3.9460869 0.050000001,
						-2.8099999 4.1999998 0.050000001,
						-2.6900001 4.1999998 0.050000001,
						-2.8099999 4.1999998 -0.1,
						-2.6900001 4.1999998 -0.1,
						-2.8099999 3.824192 -0.1,
						-2.6900001 3.824192 -0.1,
						-2.6900001 3.7875609 -0.093048997,
						-2.8099999 3.7875609 -0.093048997,
						-2.6900001 3.756022 -0.073163003,
						-2.8099999 3.756022 -0.073163003,
						-2.6900001 3.7339599 -0.043104999,
						-2.8099999 3.7339599 -0.043104999,
						-2.6900001 3.6222911 2.3994679,
						-2.8099999 3.6222911 2.3994679,
						-2.3099999 3.630132 0.69246101,
						-2.3099999 3.630132 2.3606529,
						-2.1900001 3.630132 0.69246101,
						-2.1900001 3.630132 2.3606529,
						-2.3099999 3.852762 0.114078,
						-2.1900001 3.852762 0.114078,
						-2.3099999 3.8741961 0.080490001,
						-2.1900001 3.8741961 0.080490001,
						-2.3099999 3.907042 0.057937998,
						-2.1900001 3.907042 0.057937998,
						-2.3099999 3.9460869 0.050000001,
						-2.1900001 3.9460869 0.050000001,
						-2.3099999 4.1999998 0.050000001,
						-2.1900001 4.1999998 0.050000001,
						-2.3099999 4.1999998 -0.1,
						-2.1900001 4.1999998 -0.1,
						-2.3099999 3.824192 -0.1,
						-2.1900001 3.824192 -0.1,
						-2.1900001 3.7875609 -0.093048997,
						-2.3099999 3.7875609 -0.093048997,
						-2.1900001 3.756022 -0.073163003,
						-2.3099999 3.756022 -0.073163003,
						-2.1900001 3.7339599 -0.043104999,
						-2.3099999 3.7339599 -0.043104999,
						-2.1900001 3.6222911 2.3994679,
						-2.3099999 3.6222911 2.3994679,
						-1.8099999 3.630132 0.69246101,
						-1.8099999 3.630132 2.3606529,
						-1.6900001 3.630132 0.69246101,
						-1.6900001 3.630132 2.3606529,
						-1.8099999 3.852762 0.114078,
						-1.6900001 3.852762 0.114078,
						-1.8099999 3.8741961 0.080490001,
						-1.6900001 3.8741961 0.080490001,
						-1.8099999 3.907042 0.057937998,
						-1.6900001 3.907042 0.057937998,
						-1.8099999 3.9460869 0.050000001,
						-1.6900001 3.9460869 0.050000001,
						-1.8099999 4.1999998 0.050000001,
						-1.6900001 4.1999998 0.050000001,
						-1.8099999 4.1999998 -0.1,
						-1.6900001 4.1999998 -0.1,
						-1.8099999 3.824192 -0.1,
						-1.6900001 3.824192 -0.1,
						-1.6900001 3.7875609 -0.093048997,
						-1.8099999 3.7875609 -0.093048997,
						-1.6900001 3.756022 -0.073163003,
						-1.8099999 3.756022 -0.073163003,
						-1.6900001 3.7339599 -0.043104999,
						-1.8099999 3.7339599 -0.043104999,
						-1.6900001 3.6222911 2.3994679,
						-1.8099999 3.6222911 2.3994679,
						-1.3099999 3.630132 0.69246101,
						-1.3099999 3.630132 2.3606529,
						-1.1900001 3.630132 0.69246101,
						-1.1900001 3.630132 2.3606529,
						-1.3099999 3.852762 0.114078,
						-1.1900001 3.852762 0.114078,
						-1.3099999 3.8741961 0.080490001,
						-1.1900001 3.8741961 0.080490001,
						-1.3099999 3.907042 0.057937998,
						-1.1900001 3.907042 0.057937998,
						-1.3099999 3.9460869 0.050000001,
						-1.1900001 3.9460869 0.050000001,
						-1.3099999 4.1999998 0.050000001,
						-1.1900001 4.1999998 0.050000001,
						-1.3099999 4.1999998 -0.1,
						-1.1900001 4.1999998 -0.1,
						-1.3099999 3.824192 -0.1,
						-1.1900001 3.824192 -0.1,
						-1.1900001 3.7875609 -0.093048997,
						-1.3099999 3.7875609 -0.093048997,
						-1.1900001 3.756022 -0.073163003,
						-1.3099999 3.756022 -0.073163003,
						-1.1900001 3.7339599 -0.043104999,
						-1.3099999 3.7339599 -0.043104999,
						-1.1900001 3.6222911 2.3994679,
						-1.3099999 3.6222911 2.3994679,
						-0.81 3.630132 0.69246101,
						-0.81 3.630132 2.3606529,
						-0.69 3.630132 0.69246101,
						-0.69 3.630132 2.3606529,
						-0.81 3.852762 0.114078,
						-0.69 3.852762 0.114078,
						-0.81 3.8741961 0.080490001,
						-0.69 3.8741961 0.080490001,
						-0.81 3.907042 0.057937998,
						-0.69 3.907042 0.057937998,
						-0.81 3.9460869 0.050000001,
						-0.69 3.9460869 0.050000001,
						-0.81 4.1999998 0.050000001,
						-0.69 4.1999998 0.050000001,
						-0.81 4.1999998 -0.1,
						-0.69 4.1999998 -0.1,
						-0.81 3.824192 -0.1,
						-0.69 3.824192 -0.1,
						-0.69 3.7875609 -0.093048997,
						-0.81 3.7875609 -0.093048997,
						-0.69 3.756022 -0.073163003,
						-0.81 3.756022 -0.073163003,
						-0.69 3.7339599 -0.043104999,
						-0.81 3.7339599 -0.043104999,
						-0.69 3.6222911 2.3994679,
						-0.81 3.6222911 2.3994679,
						-0.31 3.630132 0.69246101,
						-0.31 3.630132 2.3606529,
						-0.19 3.630132 0.69246101,
						-0.19 3.630132 2.3606529,
						-0.31 3.852762 0.114078,
						-0.19 3.852762 0.114078,
						-0.31 3.8741961 0.080490001,
						-0.19 3.8741961 0.080490001,
						-0.31 3.907042 0.057937998,
						-0.19 3.907042 0.057937998,
						-0.31 3.9460869 0.050000001,
						-0.19 3.9460869 0.050000001,
						-0.31 4.1999998 0.050000001,
						-0.19 4.1999998 0.050000001,
						-0.31 4.1999998 -0.1,
						-0.19 4.1999998 -0.1,
						-0.31 3.824192 -0.1,
						-0.19 3.824192 -0.1,
						-0.19 3.7875609 -0.093048997,
						-0.31 3.7875609 -0.093048997,
						-0.19 3.756022 -0.073163003,
						-0.31 3.756022 -0.073163003,
						-0.19 3.7339599 -0.043104999,
						-0.31 3.7339599 -0.043104999,
						-0.19 3.6222911 2.3994679,
						-0.31 3.6222911 2.3994679,
						0.19 3.630132 0.69246101,
						0.19 3.630132 2.3606529,
						0.31 3.630132 0.69246101,
						0.31 3.630132 2.3606529,
						0.19 3.852762 0.114078,
						0.31 3.852762 0.114078,
						0.19 3.8741961 0.080490001,
						0.31 3.8741961 0.080490001,
						0.19 3.907042 0.057937998,
						0.31 3.907042 0.057937998,
						0.19 3.9460869 0.050000001,
						0.31 3.9460869 0.050000001,
						0.19 4.1999998 0.050000001,
						0.31 4.1999998 0.050000001,
						0.19 4.1999998 -0.1,
						0.31 4.1999998 -0.1,
						0.19 3.824192 -0.1,
						0.31 3.824192 -0.1,
						0.31 3.7875609 -0.093048997,
						0.19 3.7875609 -0.093048997,
						0.31 3.756022 -0.073163003,
						0.19 3.756022 -0.073163003,
						0.31 3.7339599 -0.043104999,
						0.19 3.7339599 -0.043104999,
						0.31 3.6222911 2.3994679,
						0.19 3.6222911 2.3994679,
						0.69 3.630132 0.69246101,
						0.69 3.630132 2.3606529,
						0.81 3.630132 0.69246101,
						0.81 3.630132 2.3606529,
						0.69 3.852762 0.114078,
						0.81 3.852762 0.114078,
						0.69 3.8741961 0.080490001,
						0.81 3.8741961 0.080490001,
						0.69 3.907042 0.057937998,
						0.81 3.907042 0.057937998,
						0.69 3.9460869 0.050000001,
						0.81 3.9460869 0.050000001,
						0.69 4.1999998 0.050000001,
						0.81 4.1999998 0.050000001,
						0.69 4.1999998 -0.1,
						0.81 4.1999998 -0.1,
						0.69 3.824192 -0.1,
						0.81 3.824192 -0.1,
						0.81 3.7875609 -0.093048997,
						0.69 3.7875609 -0.093048997,
						0.81 3.756022 -0.073163003,
						0.69 3.756022 -0.073163003,
						0.81 3.7339599 -0.043104999,
						0.69 3.7339599 -0.043104999,
						0.81 3.6222911 2.3994679,
						0.69 3.6222911 2.3994679,
						1.1900001 3.630132 0.69246101,
						1.1900001 3.630132 2.3606529,
						1.3099999 3.630132 0.69246101,
						1.3099999 3.630132 2.3606529,
						1.1900001 3.852762 0.114078,
						1.3099999 3.852762 0.114078,
						1.1900001 3.8741961 0.080490001,
						1.3099999 3.8741961 0.080490001,
						1.1900001 3.907042 0.057937998,
						1.3099999 3.907042 0.057937998,
						1.1900001 3.9460869 0.050000001,
						1.3099999 3.9460869 0.050000001,
						1.1900001 4.1999998 0.050000001,
						1.3099999 4.1999998 0.050000001,
						1.1900001 4.1999998 -0.1,
						1.3099999 4.1999998 -0.1,
						1.1900001 3.824192 -0.1,
						1.3099999 3.824192 -0.1,
						1.3099999 3.7875609 -0.093048997,
						1.1900001 3.7875609 -0.093048997,
						1.3099999 3.756022 -0.073163003,
						1.1900001 3.756022 -0.073163003,
						1.3099999 3.7339599 -0.043104999,
						1.1900001 3.7339599 -0.043104999,
						1.3099999 3.6222911 2.3994679,
						1.1900001 3.6222911 2.3994679,
						1.6900001 3.630132 0.69246101,
						1.6900001 3.630132 2.3606529,
						1.8099999 3.630132 0.69246101,
						1.8099999 3.630132 2.3606529,
						1.6900001 3.852762 0.114078,
						1.8099999 3.852762 0.114078,
						1.6900001 3.8741961 0.080490001,
						1.8099999 3.8741961 0.080490001,
						1.6900001 3.907042 0.057937998,
						1.8099999 3.907042 0.057937998,
						1.6900001 3.9460869 0.050000001,
						1.8099999 3.9460869 0.050000001,
						1.6900001 4.1999998 0.050000001,
						1.8099999 4.1999998 0.050000001,
						1.6900001 4.1999998 -0.1,
						1.8099999 4.1999998 -0.1,
						1.6900001 3.824192 -0.1,
						1.8099999 3.824192 -0.1,
						1.8099999 3.7875609 -0.093048997,
						1.6900001 3.7875609 -0.093048997,
						1.8099999 3.756022 -0.073163003,
						1.6900001 3.756022 -0.073163003,
						1.8099999 3.7339599 -0.043104999,
						1.6900001 3.7339599 -0.043104999,
						1.8099999 3.6222911 2.3994679,
						1.6900001 3.6222911 2.3994679,
						2.1900001 3.630132 0.69246101,
						2.1900001 3.630132 2.3606529,
						2.3099999 3.630132 0.69246101,
						2.3099999 3.630132 2.3606529,
						2.1900001 3.852762 0.114078,
						2.3099999 3.852762 0.114078,
						2.1900001 3.8741961 0.080490001,
						2.3099999 3.8741961 0.080490001,
						2.1900001 3.907042 0.057937998,
						2.3099999 3.907042 0.057937998,
						2.1900001 3.9460869 0.050000001,
						2.3099999 3.9460869 0.050000001,
						2.1900001 4.1999998 0.050000001,
						2.3099999 4.1999998 0.050000001,
						2.1900001 4.1999998 -0.1,
						2.3099999 4.1999998 -0.1,
						2.1900001 3.824192 -0.1,
						2.3099999 3.824192 -0.1,
						2.3099999 3.7875609 -0.093048997,
						2.1900001 3.7875609 -0.093048997,
						2.3099999 3.756022 -0.073163003,
						2.1900001 3.756022 -0.073163003,
						2.3099999 3.7339599 -0.043104999,
						2.1900001 3.7339599 -0.043104999,
						2.3099999 3.6222911 2.3994679,
						2.1900001 3.6222911 2.3994679,
						2.6900001 3.630132 0.69246101,
						2.6900001 3.630132 2.3606529,
						2.8099999 3.630132 0.69246101,
						2.8099999 3.630132 2.3606529,
						2.6900001 3.852762 0.114078,
						2.8099999 3.852762 0.114078,
						2.6900001 3.8741961 0.080490001,
						2.8099999 3.8741961 0.080490001,
						2.6900001 3.907042 0.057937998,
						2.8099999 3.907042 0.057937998,
						2.6900001 3.9460869 0.050000001,
						2.8099999 3.9460869 0.050000001,
						2.6900001 4.1999998 0.050000001,
						2.8099999 4.1999998 0.050000001,
						2.6900001 4.1999998 -0.1,
						2.8099999 4.1999998 -0.1,
						2.6900001 3.824192 -0.1,
						2.8099999 3.824192 -0.1,
						2.8099999 3.7875609 -0.093048997,
						2.6900001 3.7875609 -0.093048997,
						2.8099999 3.756022 -0.073163003,
						2.6900001 3.756022 -0.073163003,
						2.8099999 3.7339599 -0.043104999,
						2.6900001 3.7339599 -0.043104999,
						2.8099999 3.6222911 2.3994679,
						2.6900001 3.6222911 2.3994679,
						3.1900001 3.630132 0.69246101,
						3.1900001 3.630132 2.3606529,
						3.3099999 3.630132 0.69246101,
						3.3099999 3.630132 2.3606529,
						3.1900001 3.852762 0.114078,
						3.3099999 3.852762 0.114078,
						3.1900001 3.8741961 0.080490001,
						3.3099999 3.8741961 0.080490001,
						3.1900001 3.907042 0.057937998,
						3.3099999 3.907042 0.057937998,
						3.1900001 3.9460869 0.050000001,
						3.3099999 3.9460869 0.050000001,
						3.1900001 4.1999998 0.050000001,
						3.3099999 4.1999998 0.050000001,
						3.1900001 4.1999998 -0.1,
						3.3099999 4.1999998 -0.1,
						3.1900001 3.824192 -0.1,
						3.3099999 3.824192 -0.1,
						3.3099999 3.7875609 -0.093048997,
						3.1900001 3.7875609 -0.093048997,
						3.3099999 3.756022 -0.073163003,
						3.1900001 3.756022 -0.073163003,
						3.3099999 3.7339599 -0.043104999,
						3.1900001 3.7339599 -0.043104999,
						3.3099999 3.6222911 2.3994679,
						3.1900001 3.6222911 2.3994679,
						3.6900001 3.630132 0.69246101,
						3.6900001 3.630132 2.3606529,
						3.8099999 3.630132 0.69246101,
						3.8099999 3.630132 2.3606529,
						3.6900001 3.852762 0.114078,
						3.8099999 3.852762 0.114078,
						3.6900001 3.8741961 0.080490001,
						3.8099999 3.8741961 0.080490001,
						3.6900001 3.907042 0.057937998,
						3.8099999 3.907042 0.057937998,
						3.6900001 3.9460869 0.050000001,
						3.8099999 3.9460869 0.050000001,
						3.6900001 4.1999998 0.050000001,
						3.8099999 4.1999998 0.050000001,
						3.6900001 4.1999998 -0.1,
						3.8099999 4.1999998 -0.1,
						3.6900001 3.824192 -0.1,
						3.8099999 3.824192 -0.1,
						3.8099999 3.7875609 -0.093048997,
						3.6900001 3.7875609 -0.093048997,
						3.8099999 3.756022 -0.073163003,
						3.6900001 3.756022 -0.073163003,
						3.8099999 3.7339599 -0.043104999,
						3.6900001 3.7339599 -0.043104999,
						3.8099999 3.6222911 2.3994679,
						3.6900001 3.6222911 2.3994679,
						4.1900001 3.630132 0.69246101,
						4.1900001 3.630132 2.3606529,
						4.3099999 3.630132 0.69246101,
						4.3099999 3.630132 2.3606529,
						4.1900001 3.852762 0.114078,
						4.3099999 3.852762 0.114078,
						4.1900001 3.8741961 0.080490001,
						4.3099999 3.8741961 0.080490001,
						4.1900001 3.907042 0.057937998,
						4.3099999 3.907042 0.057937998,
						4.1900001 3.9460869 0.050000001,
						4.3099999 3.9460869 0.050000001,
						4.1900001 4.1999998 0.050000001,
						4.3099999 4.1999998 0.050000001,
						4.1900001 4.1999998 -0.1,
						4.3099999 4.1999998 -0.1,
						4.1900001 3.824192 -0.1,
						4.3099999 3.824192 -0.1,
						4.3099999 3.7875609 -0.093048997,
						4.1900001 3.7875609 -0.093048997,
						4.3099999 3.756022 -0.073163003,
						4.1900001 3.756022 -0.073163003,
						4.3099999 3.7339599 -0.043104999,
						4.1900001 3.7339599 -0.043104999,
						4.3099999 3.6222911 2.3994679,
						4.1900001 3.6222911 2.3994679,
						4.6900001 3.630132 0.69246101,
						4.6900001 3.630132 2.3606529,
						4.8099999 3.630132 0.69246101,
						4.8099999 3.630132 2.3606529,
						4.6900001 3.852762 0.114078,
						4.8099999 3.852762 0.114078,
						4.6900001 3.8741961 0.080490001,
						4.8099999 3.8741961 0.080490001,
						4.6900001 3.907042 0.057937998,
						4.8099999 3.907042 0.057937998,
						4.6900001 3.9460869 0.050000001,
						4.8099999 3.9460869 0.050000001,
						4.6900001 4.1999998 0.050000001,
						4.8099999 4.1999998 0.050000001,
						4.6900001 4.1999998 -0.1,
						4.8099999 4.1999998 -0.1,
						4.6900001 3.824192 -0.1,
						4.8099999 3.824192 -0.1,
						4.8099999 3.7875609 -0.093048997,
						4.6900001 3.7875609 -0.093048997,
						4.8099999 3.756022 -0.073163003,
						4.6900001 3.756022 -0.073163003,
						4.8099999 3.7339599 -0.043104999,
						4.6900001 3.7339599 -0.043104999,
						4.8099999 3.6222911 2.3994679,
						4.6900001 3.6222911 2.3994679,
						5.1900001 3.630132 0.69246101,
						5.1900001 3.630132 2.3606529,
						5.3099999 3.630132 0.69246101,
						5.3099999 3.630132 2.3606529,
						5.1900001 3.852762 0.114078,
						5.3099999 3.852762 0.114078,
						5.1900001 3.8741961 0.080490001,
						5.3099999 3.8741961 0.080490001,
						5.1900001 3.907042 0.057937998,
						5.3099999 3.907042 0.057937998,
						5.1900001 3.9460869 0.050000001,
						5.3099999 3.9460869 0.050000001,
						5.1900001 4.1999998 0.050000001,
						5.3099999 4.1999998 0.050000001,
						5.1900001 4.1999998 -0.1,
						5.3099999 4.1999998 -0.1,
						5.1900001 3.824192 -0.1,
						5.3099999 3.824192 -0.1,
						5.3099999 3.7875609 -0.093048997,
						5.1900001 3.7875609 -0.093048997,
						5.3099999 3.756022 -0.073163003,
						5.1900001 3.756022 -0.073163003,
						5.3099999 3.7339599 -0.043104999,
						5.1900001 3.7339599 -0.043104999,
						5.3099999 3.6222911 2.3994679,
						5.1900001 3.6222911 2.3994679,
						5.6900001 3.630132 0.69246101,
						5.6900001 3.630132 2.3606529,
						5.8099999 3.630132 0.69246101,
						5.8099999 3.630132 2.3606529,
						5.6900001 3.852762 0.114078,
						5.8099999 3.852762 0.114078,
						5.6900001 3.8741961 0.080490001,
						5.8099999 3.8741961 0.080490001,
						5.6900001 3.907042 0.057937998,
						5.8099999 3.907042 0.057937998,
						5.6900001 3.9460869 0.050000001,
						5.8099999 3.9460869 0.050000001,
						5.6900001 4.1999998 0.050000001,
						5.8099999 4.1999998 0.050000001,
						5.6900001 4.1999998 -0.1,
						5.8099999 4.1999998 -0.1,
						5.6900001 3.824192 -0.1,
						5.8099999 3.824192 -0.1,
						5.8099999 3.7875609 -0.093048997,
						5.6900001 3.7875609 -0.093048997,
						5.8099999 3.756022 -0.073163003,
						5.6900001 3.756022 -0.073163003,
						5.8099999 3.7339599 -0.043104999,
						5.6900001 3.7339599 -0.043104999,
						5.8099999 3.6222911 2.3994679,
						5.6900001 3.6222911 2.3994679,
						6.1900001 3.630132 0.69246101,
						6.1900001 3.630132 2.3606529,
						6.3099999 3.630132 0.69246101,
						6.3099999 3.630132 2.3606529,
						6.1900001 3.852762 0.114078,
						6.3099999 3.852762 0.114078,
						6.1900001 3.8741961 0.080490001,
						6.3099999 3.8741961 0.080490001,
						6.1900001 3.907042 0.057937998,
						6.3099999 3.907042 0.057937998,
						6.1900001 3.9460869 0.050000001,
						6.3099999 3.9460869 0.050000001,
						6.1900001 4.1999998 0.050000001,
						6.3099999 4.1999998 0.050000001,
						6.1900001 4.1999998 -0.1,
						6.3099999 4.1999998 -0.1,
						6.1900001 3.824192 -0.1,
						6.3099999 3.824192 -0.1,
						6.3099999 3.7875609 -0.093048997,
						6.1900001 3.7875609 -0.093048997,
						6.3099999 3.756022 -0.073163003,
						6.1900001 3.756022 -0.073163003,
						6.3099999 3.7339599 -0.043104999,
						6.1900001 3.7339599 -0.043104999,
						6.3099999 3.6222911 2.3994679,
						6.1900001 3.6222911 2.3994679,
						6.6900001 3.630132 0.69246101,
						6.6900001 3.630132 2.3606529,
						6.8099999 3.630132 0.69246101,
						6.8099999 3.630132 2.3606529,
						6.6900001 3.852762 0.114078,
						6.8099999 3.852762 0.114078,
						6.6900001 3.8741961 0.080490001,
						6.8099999 3.8741961 0.080490001,
						6.6900001 3.907042 0.057937998,
						6.8099999 3.907042 0.057937998,
						6.6900001 3.9460869 0.050000001,
						6.8099999 3.9460869 0.050000001,
						6.6900001 4.1999998 0.050000001,
						6.8099999 4.1999998 0.050000001,
						6.6900001 4.1999998 -0.1,
						6.8099999 4.1999998 -0.1,
						6.6900001 3.824192 -0.1,
						6.8099999 3.824192 -0.1,
						6.8099999 3.7875609 -0.093048997,
						6.6900001 3.7875609 -0.093048997,
						6.8099999 3.756022 -0.073163003,
						6.6900001 3.756022 -0.073163003,
						6.8099999 3.7339599 -0.043104999,
						6.6900001 3.7339599 -0.043104999,
						6.8099999 3.6222911 2.3994679,
						6.6900001 3.6222911 2.3994679,
						7.1900001 3.630132 0.69246101,
						7.1900001 3.630132 2.3606529,
						7.3099999 3.630132 0.69246101,
						7.3099999 3.630132 2.3606529,
						7.1900001 3.852762 0.114078,
						7.3099999 3.852762 0.114078,
						7.1900001 3.8741961 0.080490001,
						7.3099999 3.8741961 0.080490001,
						7.1900001 3.907042 0.057937998,
						7.3099999 3.907042 0.057937998,
						7.1900001 3.9460869 0.050000001,
						7.3099999 3.9460869 0.050000001,
						7.1900001 4.1999998 0.050000001,
						7.3099999 4.1999998 0.050000001,
						7.1900001 4.1999998 -0.1,
						7.3099999 4.1999998 -0.1,
						7.1900001 3.824192 -0.1,
						7.3099999 3.824192 -0.1,
						7.3099999 3.7875609 -0.093048997,
						7.1900001 3.7875609 -0.093048997,
						7.3099999 3.756022 -0.073163003,
						7.1900001 3.756022 -0.073163003,
						7.3099999 3.7339599 -0.043104999,
						7.1900001 3.7339599 -0.043104999,
						7.3099999 3.6222911 2.3994679,
						7.1900001 3.6222911 2.3994679,
						7.6900001 3.630132 0.69246101,
						7.6900001 3.630132 2.3606529,
						7.8099999 3.630132 0.69246101,
						7.8099999 3.630132 2.3606529,
						7.6900001 3.852762 0.114078,
						7.8099999 3.852762 0.114078,
						7.6900001 3.8741961 0.080490001,
						7.8099999 3.8741961 0.080490001,
						7.6900001 3.907042 0.057937998,
						7.8099999 3.907042 0.057937998,
						7.6900001 3.9460869 0.050000001,
						7.8099999 3.9460869 0.050000001,
						7.6900001 4.1999998 0.050000001,
						7.8099999 4.1999998 0.050000001,
						7.6900001 4.1999998 -0.1,
						7.8099999 4.1999998 -0.1,
						7.6900001 3.824192 -0.1,
						7.8099999 3.824192 -0.1,
						7.8099999 3.7875609 -0.093048997,
						7.6900001 3.7875609 -0.093048997,
						7.8099999 3.756022 -0.073163003,
						7.6900001 3.756022 -0.073163003,
						7.8099999 3.7339599 -0.043104999,
						7.6900001 3.7339599 -0.043104999,
						7.8099999 3.6222911 2.3994679,
						7.6900001 3.6222911 2.3994679,
						8.1900005 3.630132 0.69246101,
						8.1900005 3.630132 2.3606529,
						8.3100004 3.630132 0.69246101,
						8.3100004 3.630132 2.3606529,
						8.1900005 3.852762 0.114078,
						8.3100004 3.852762 0.114078,
						8.1900005 3.8741961 0.080490001,
						8.3100004 3.8741961 0.080490001,
						8.1900005 3.907042 0.057937998,
						8.3100004 3.907042 0.057937998,
						8.1900005 3.9460869 0.050000001,
						8.3100004 3.9460869 0.050000001,
						8.1900005 4.1999998 0.050000001,
						8.3100004 4.1999998 0.050000001,
						8.1900005 4.1999998 -0.1,
						8.3100004 4.1999998 -0.1,
						8.1900005 3.824192 -0.1,
						8.3100004 3.824192 -0.1,
						8.3100004 3.7875609 -0.093048997,
						8.1900005 3.7875609 -0.093048997,
						8.3100004 3.756022 -0.073163003,
						8.1900005 3.756022 -0.073163003,
						8.3100004 3.7339599 -0.043104999,
						8.1900005 3.7339599 -0.043104999,
						8.3100004 3.6222911 2.3994679,
						8.1900005 3.6222911 2.3994679,
						8.6899996 3.630132 0.69246101,
						8.6899996 3.630132 2.3606529,
						8.8099995 3.630132 0.69246101,
						8.8099995 3.630132 2.3606529,
						8.6899996 3.852762 0.114078,
						8.8099995 3.852762 0.114078,
						8.6899996 3.8741961 0.080490001,
						8.8099995 3.8741961 0.080490001,
						8.6899996 3.907042 0.057937998,
						8.8099995 3.907042 0.057937998,
						8.6899996 3.9460869 0.050000001,
						8.8099995 3.9460869 0.050000001,
						8.6899996 4.1999998 0.050000001,
						8.8099995 4.1999998 0.050000001,
						8.6899996 4.1999998 -0.1,
						8.8099995 4.1999998 -0.1,
						8.6899996 3.824192 -0.1,
						8.8099995 3.824192 -0.1,
						8.8099995 3.7875609 -0.093048997,
						8.6899996 3.7875609 -0.093048997,
						8.8099995 3.756022 -0.073163003,
						8.6899996 3.756022 -0.073163003,
						8.8099995 3.7339599 -0.043104999,
						8.6899996 3.7339599 -0.043104999,
						8.8099995 3.6222911 2.3994679,
						8.6899996 3.6222911 2.3994679,
						9.1899996 3.630132 0.69246101,
						9.1899996 3.630132 2.3606529,
						9.3099995 3.630132 0.69246101,
						9.3099995 3.630132 2.3606529,
						9.1899996 3.852762 0.114078,
						9.3099995 3.852762 0.114078,
						9.1899996 3.8741961 0.080490001,
						9.3099995 3.8741961 0.080490001,
						9.1899996 3.907042 0.057937998,
						9.3099995 3.907042 0.057937998,
						9.1899996 3.9460869 0.050000001,
						9.3099995 3.9460869 0.050000001,
						9.1899996 4.1999998 0.050000001,
						9.3099995 4.1999998 0.050000001,
						9.1899996 4.1999998 -0.1,
						9.3099995 4.1999998 -0.1,
						9.1899996 3.824192 -0.1,
						9.3099995 3.824192 -0.1,
						9.3099995 3.7875609 -0.093048997,
						9.1899996 3.7875609 -0.093048997,
						9.3099995 3.756022 -0.073163003,
						9.1899996 3.756022 -0.073163003,
						9.3099995 3.7339599 -0.043104999,
						9.1899996 3.7339599 -0.043104999,
						9.3099995 3.6222911 2.3994679,
						9.1899996 3.6222911 2.3994679,
						-9.614769 1.60057 0.2,
						-10.947274 3.540705 0.2,
						-10.939282 3.5599999 0.2,
						-10.926569 3.5765691 0.2,
						-10.91 3.589282 0.2,
						-10.890705 3.5972741 0.2,
						9.614769 1.60057 0.2,
						10.947274 3.540705 0.2,
						10.91 3.589282 0.2,
						10.926569 3.5765691 0.2,
						10.939282 3.5599999 0.2,
						10.890705 3.5972741 0.2,
						-10.382545 4.1999998 1.461566,
						-10.582545 4.1999998 1.461566,
						-10.582545 4.1999998 1.081993,
						-10.382545 4.1999998 1.081993,
						10.3625 -2.1278679 -0.55000001,
						10 -2.2249999 -0.55000001,
						9.6374998 -2.1278679 -0.55000001,
						9.6096315 -2.0999999 0,
						9.3721323 -1.8625 -0.55000001,
						9.2749996 -1.5 -0.55000001,
						9.3721323 -1.1375 -0.55000001,
						9.6374998 -0.872132 -0.55000001,
						10 -0.77499998 -0.55000001,
						10.3625 -0.872132 -0.55000001,
						10.627869 -1.1375 -0.55000001,
						10.725 -1.5 -0.55000001,
						10.627869 -1.8625 -0.55000001,
						10.390368 -2.0999999 0,
						9.6875 -2.041266 -0.64999998,
						9.4587336 -1.8125 -0.64999998,
						10 -1.5 -0.64999998,
						9.375 -1.5 -0.64999998,
						9.4587336 -1.1875 -0.64999998,
						10.541265 -1.8125 -0.64999998,
						10.3125 -2.041266 -0.64999998,
						10 -2.125 -0.64999998,
						10.3125 -0.95873398 -0.64999998,
						10.541265 -1.1875 -0.64999998,
						10.625 -1.5 -0.64999998,
						9.6875 -0.95873398 -0.64999998,
						10 -0.875 -0.64999998,
						-9.5886383 -1.2625 -0.55000001,
						-9.7625008 -1.0886379 -0.55000001,
						-10 -1.025 -0.55000001,
						-10.2375 -1.0886379 -0.55000001,
						-10.411362 -1.2625 -0.55000001,
						-10.475 -1.5 -0.55000001,
						-10.411362 -1.7375 -0.55000001,
						-10.2375 -1.9113621 -0.55000001,
						-10 -1.975 -0.55000001,
						-9.7625008 -1.9113621 -0.55000001,
						-9.5886383 -1.7375 -0.55000001,
						-9.5250006 -1.5 -0.55000001,
						-10.1875 -1.824759 -0.64999998,
						-10.324759 -1.6875 -0.64999998,
						-10 -1.5 -0.64999998,
						-10.375 -1.5 -0.64999998,
						-10.324759 -1.3125 -0.64999998,
						-9.6752415 -1.6875 -0.64999998,
						-9.8125 -1.824759 -0.64999998,
						-10 -1.875 -0.64999998,
						-9.8125 -1.175241 -0.64999998,
						-9.6752415 -1.3125 -0.64999998,
						-9.625 -1.5 -0.64999998,
						-10.1875 -1.175241 -0.64999998,
						-10 -1.125 -0.64999998,
						-4.0641031 1 0.1,
						-4.0769229 1 0.1,
						-4.5384622 0 0.1,
						-4.440906 0 0.1,
						-4.2930689 0.32051301 0.1,
						-3.8397441 0.32051301 0.1,
						-3.6877 -0 0.1,
						-3.5897441 0 0.1,
						-4.2457929 0.42307699 0.1,
						-3.888422 0.42307699 0.1,
						-4.0695109 0.80508798 0.1,
						-4.2457929 0.42307699 0,
						-4.0695109 0.80508798 0,
						-3.888422 0.42307699 0,
						-2.950922 0 0.1,
						-2.641026 0 0.1,
						-2.641026 1 0.1,
						-2.8429489 1 0.1,
						-3.1602559 0.96394199 0.1,
						-3.0031359 0.99388301 0.1,
						-3.4615381 0.48738 0.1,
						-3.4427559 0.64470601 0,
						-3.4427559 0.64470601 0.1,
						-3.3404729 0.84269202 0,
						-3.3404729 0.84269202 0.1,
						-3.0589349 0.0055280002 0,
						-3.0589349 0.0055280002 0.1,
						-3.2602589 0.069973998 -0,
						-3.2602589 0.069973998 0.1,
						-3.405129 0.235846 0,
						-3.405129 0.235846 0.1,
						-3.3559611 0.363074 0.1,
						-3.2742901 0.21669 0.1,
						-3.1314099 0.128005 0.1,
						-2.989397 0.10661 0.1,
						-2.8455529 0.102564 0.1,
						-2.7307689 0.102564 0.1,
						-2.7307689 0.89743602 0.1,
						-2.8010819 0.89743602 0.1,
						-2.955703 0.89272702 0.1,
						-3.1083729 0.86939102 0.1,
						-3.2189729 0.81608897 0.1,
						-3.328012 0.68728298 0.1,
						-3.3717949 0.48758 0.1,
						-2.7307689 0.89743602 0,
						-2.7307689 0.102564 0,
						-2.8010819 0.89743602 0,
						-2.955703 0.89272702 0,
						-3.1083729 0.86939102 0,
						-3.2189729 0.81608897 -0,
						-3.328012 0.68728298 0,
						-3.3717949 0.48758 0,
						-3.3559611 0.363074 0,
						-3.2742901 0.21669 0,
						-3.1314099 0.128005 0,
						-2.989397 0.10661 0,
						-2.8455529 0.102564 0,
						-1.897436 0 0.1,
						-1.897436 1 0.1,
						-2.4615381 1 0.1,
						-2.4615381 0.89743602 0.1,
						-1.98718 0.89743602 0.1,
						-1.98718 0.58974397 0.1,
						-2.4615381 0.58974397 0.1,
						-2.4615381 0.48717901 0.1,
						-1.98718 0.48717901 0.1,
						-1.98718 0.102564 0.1,
						-2.4615381 0.102564 0.1,
						-2.4615381 0 0.1,
						-1.6923079 0.81650603 0.1,
						-1.660836 0.85570598 0,
						-1.660836 0.85570598 0.1,
						-1.602459 0.91094202 -0,
						-1.602459 0.91094202 0.1,
						-1.500041 0.97426498 -0,
						-1.500041 0.97426498 0.1,
						-1.2560101 1.025641 0.1,
						-1.316905 1.01282 0,
						-1.613782 0.75641 0.1,
						-1.250401 0.92307699 0.1,
						-1.291767 0.92149597 -0,
						-1.291767 0.92149597 0.1,
						-1.357313 0.91238803 0,
						-1.357313 0.91238803 0.1,
						-1.451683 0.881899 0,
						-1.451683 0.881899 0.1,
						-0.80769199 0.49899799 0.1,
						-0.80930299 0.539303 0,
						-0.80930299 0.539303 0.1,
						-0.87381601 0.72859001 -0,
						-0.87381601 0.72859001 0.1,
						-1.028712 0.86825001 0,
						-1.028712 0.86825001 0.1,
						-1.256611 0.076922998 0.1,
						-1.1936311 0.080202997 -0,
						-1.1936311 0.080202997 0.1,
						-0.99736398 0.148435 0,
						-0.99736398 0.148435 0.1,
						-0.85948801 0.29292199 -0,
						-0.85948801 0.29292199 0.1,
						-1.613782 0.24359 0.1,
						-1.454222 0.119293 -0,
						-1.454222 0.119293 0.1,
						-1.6923079 0.184095 0.1,
						-1.257212 -0.025641 0.1,
						-1.307336 -0.023808001 0,
						-1.307336 -0.023808001 0.1,
						-1.383461 -0.012821 0,
						-1.386732 -0.012348 0.1,
						-1.386732 -0.012348 0,
						-1.500517 0.026287001 -0,
						-1.500517 0.026287001 0.1,
						-0.84475201 0.149239 0.1,
						-0.87644601 0.115497 0,
						-0.87644601 0.115497 0.1,
						-0.933393 0.068200998 0,
						-0.933393 0.068200998 0.1,
						-1.030712 0.015022 0,
						-1.030712 0.015022 0.1,
						-1.1858 -0.012821 0,
						-0.71794897 0.50580901 0.1,
						-0.748411 0.31568301 0,
						-0.748411 0.31568301 0.1,
						-1.2117881 1.02407 0,
						-1.2117881 1.02407 0.1,
						-1.1765389 1.01282 0,
						-0.95337802 0.94160002 0.1,
						-0.95337802 0.94160002 0,
						-0.78234601 0.76130801 0,
						-0.78234601 0.76130801 0.1,
						-0.128205 0 0.1,
						-0.128205 1 0.1,
						-0.217949 1 0.1,
						-0.217949 0.102564 0.1,
						-0.60256398 0.102564 0.1,
						-0.60256398 0 0.1,
						10.91 -3.589282 1.537133,
						10.926569 -3.5765691 1.537133,
						10.939282 -3.5599999 1.537133,
						10.890705 -3.5972741 1.537133,
						10.947274 -3.540705 1.537133,
						-10.947274 -3.540705 1.537133,
						-10.939282 -3.5599999 1.537133,
						-10.926569 -3.5765691 1.537133,
						-10.91 -3.589282 1.537133,
						-10.890705 -3.5972741 1.537133,
						-9.9499998 -2.110523 3.02,
						9.9499998 -2.110523 3.02,
						-9.9499998 -0.87514001 2.619581,
						-5.4785538 -2.5407109 3.0999999,
						-5.737443 -2.5407109 3.0999999,
						-5.4785538 -2.6723659 3.0999999,
						-5.737443 -2.6723659 3.0999999,
						-5.997251 -2.2809031 2.95,
						-5.8874431 -2.822366 3.059808,
						-5.8874431 -2.3907111 3.059808,
						-6.0272198 -2.2509329 2.877646,
						-6.0272198 -2.9621429 2.877646,
						-5.997251 -2.932173 2.95,
						-5.188776 -2.9621429 2.877646,
						-5.2187462 -2.932173 2.95,
						-5.3285542 -2.822366 3.059808,
						-5.188776 -2.2509329 2.877646,
						-5.2187462 -2.2809031 2.95,
						-5.3285542 -2.3907111 3.059808,
						-4.787302 -2.9723661 0.26567501,
						-4.787302 -2.9723661 0.77604097,
						-6.5153861 -2.9723661 0.26567501,
						-6.5153861 -2.9723661 0.77604097,
						10.031138 -1.6 0.236205,
						10.031138 -1.6 0.87267101,
						10.578271 -1.6 0.87267101,
						10.578271 -1.6 0.236205,
						-10.535781 -1.6 0.236205,
						-10.535781 -1.6 0.87267101,
						-9.9220476 -1.6 0.87267101,
						-9.9220476 -1.6 0.236205,
						-9.9499998 -0.87514001 3.02,
						9.9499998 -0.87514001 3.02,
						9.8907051 -0.81584603 3.0972741,
						10.890705 -0.81584603 3.0972741,
						9.9099998 -0.83513999 3.089282,
						10.91 -0.83513999 3.089282,
						9.926569 -0.85170901 3.0765679,
						10.926569 -0.85170901 3.0765679,
						9.9334679 -0.85860902 3.068701,
						10.933468 -0.85860902 3.068701,
						9.9392824 -0.86442298 3.0599999,
						10.939282 -0.86442298 3.0599999,
						9.9439096 -0.86905098 3.0506151,
						10.94391 -0.86905098 3.0506151,
						9.9472742 -0.87241501 3.0407059,
						10.947274 -0.87241501 3.0407059,
						9.9493151 -0.87445599 3.030442,
						10.949315 -0.87445599 3.030442,
						10.947994 3.537802 3.02,
						10.94701 3.5406129 3.02,
						10.942078 3.5547111 3.02,
						10.938903 3.559762 3.02,
						10.932546 3.5698791 3.02,
						10.926213 3.5762129 3.02,
						10.919879 3.582546 3.02,
						10.909762 3.588903 3.02,
						10.904711 3.592077 3.02,
						10.890614 3.5970099 3.02,
						10.887802 3.5979941 3.02,
						10.947274 3.52 3.0407059,
						10.939282 3.52 3.0599999,
						10.926569 3.52 3.0765679,
						10.91 3.52 3.089282,
						10.890705 3.52 3.0972741,
						9.926569 -2.087091 3.0765679,
						9.9493151 -2.109838 3.030442,
						9.9472742 -2.107796 3.0407059,
						9.9439096 -2.1044331 3.0506151,
						9.9392824 -2.0998051 3.0599999,
						9.9334679 -2.093991 3.068701,
						9.9099998 -2.0705221 3.089282,
						9.8907051 -2.051228 3.0972741,
						10.939621 3.5535281 3.0407059,
						10.930415 3.5681801 3.0407059,
						10.91818 3.580415 3.0407059,
						10.894939 3.5512731 3.089282,
						10.88291 3.5361879 3.0972741,
						10.886189 3.5329101 3.0972741,
						10.878983 3.538655 3.0972741,
						10.887356 3.5560391 3.089282,
						10.894545 3.570966 3.0765679,
						10.874608 3.5401859 3.0972741,
						10.878901 3.5589969 3.089282,
						10.882588 3.57515 3.0765679,
						10.885417 3.5875449 3.0599999,
						10.87 3.540705 3.0972741,
						10.87 3.5599999 3.089282,
						10.87 3.5765691 3.0765679,
						10.87 3.589282 3.0599999,
						10.87 3.5972741 3.0407059,
						10.900061 3.5824211 3.0599999,
						10.903528 3.589622 3.0407059,
						10.887196 3.5953369 3.0407059,
						10.913197 3.574167 3.0599999,
						10.90527 3.5642271 3.0765679,
						10.924167 3.5631969 3.0599999,
						10.914227 3.55527 3.0765679,
						10.901273 3.54494 3.089282,
						10.932422 3.55006 3.0599999,
						10.920966 3.544544 3.0765679,
						10.906039 3.5373549 3.089282,
						10.888655 3.5289841 3.0972741,
						10.945337 3.537195 3.0407059,
						10.937546 3.5354171 3.0599999,
						10.925151 3.532588 3.0765679,
						10.908997 3.5289011 3.089282,
						10.890186 3.5246069 3.0972741,
						-9.9493151 -2.109838 3.030442,
						-9.9472742 -2.107796 3.0407059,
						-9.9439096 -2.1044331 3.0506151,
						-9.9392824 -2.0998051 3.0599999,
						-9.9334679 -2.093991 3.068701,
						-9.926569 -2.087091 3.0765679,
						-9.9099998 -2.0705221 3.089282,
						-9.8907051 -2.051228 3.0972741,
						-10.890705 3.5972741 3.02,
						-10.91 3.589282 3.02,
						-10.926569 3.5765691 3.02,
						-10.939282 3.5599999 3.02,
						-10.947274 3.540705 3.02,
						-10.87 3.540705 3.0972741,
						-10.87 3.5599999 3.089282,
						-10.87 3.5765691 3.0765679,
						-10.87 3.589282 3.0599999,
						-10.87 3.5972741 3.0407059,
						-9.9493151 -0.87445599 3.030442,
						-9.9472742 -0.87241501 3.0407059,
						-9.9439096 -0.86905098 3.0506151,
						-9.9392824 -0.86442298 3.0599999,
						-9.9334679 -0.85860902 3.068701,
						-9.926569 -0.85170901 3.0765679,
						-9.9099998 -0.83513999 3.089282,
						-9.8907051 -0.81584603 3.0972741,
						-10.947274 3.52 3.0407059,
						-10.944641 3.54 3.0407059,
						-10.904641 3.54 3.089282,
						-10.887931 3.5303531 3.0972741,
						-10.884641 3.534641 3.0972741,
						-10.87536 3.54 3.0972741,
						-10.889999 3.5253589 3.0972741,
						-10.908637 3.5303531 3.089282,
						-10.924641 3.534641 3.0765679,
						-10.890705 3.52 3.0972741,
						-10.898285 3.5482841 3.089282,
						-10.880353 3.537931 3.0972741,
						-10.889999 3.554641 3.089282,
						-10.880353 3.5586369 3.089282,
						-10.91 3.52 3.089282,
						-10.926569 3.52 3.0765679,
						-10.939282 3.52 3.0599999,
						-10.91899 3.5482841 3.0765679,
						-10.91 3.5599999 3.0765679,
						-10.898285 3.56899 3.0765679,
						-10.884641 3.574641 3.0765679,
						-10.936921 3.537931 3.0599999,
						-10.93 3.554641 3.0599999,
						-10.91899 3.56899 3.0599999,
						-10.904641 3.5799999 3.0599999,
						-10.887931 3.586921 3.0599999,
						-10.936921 3.5586369 3.0407059,
						-10.924641 3.574641 3.0407059,
						-10.908637 3.586921 3.0407059,
						-10.889999 3.594641 3.0407059,
						-10.926569 -0.85170901 3.0765679,
						-10.949315 -0.87445599 3.030442,
						-10.947274 -0.87241501 3.0407059,
						-10.94391 -0.86905098 3.0506151,
						-10.939282 -0.86442298 3.0599999,
						-10.933468 -0.85860902 3.068701,
						-10.91 -0.83513999 3.089282,
						-10.890705 -0.81584603 3.0972741,
					]
				}
				coordIndex [
					0, 1, 2, -1,
					2, 1, 3, -1,
					4, 5, 6, -1,
					7, 8, 9, -1,
					10, 11, 9, -1,
					9, 11, 4, -1,
					9, 4, 7, -1,
					7, 4, 6, -1,
					12, 13, 14, -1,
					14, 13, 15, -1,
					16, 17, 18, -1,
					18, 17, 19, -1,
					18, 19, 20, -1,
					21, 22, 23, -1,
					24, 25, 26, -1,
					27, 28, 29, -1,
					30, 31, 32, -1,
					33, 34, 35, -1,
					35, 34, 36, -1,
					37, 38, 39, -1,
					40, 41, 42, -1,
					42, 41, 34, -1,
					42, 34, 43, -1,
					43, 34, 33, -1,
					40, 44, 41, -1,
					41, 44, 45, -1,
					41, 45, 46, -1,
					38, 47, 39, -1,
					39, 47, 48, -1,
					39, 48, 32, -1,
					32, 48, 49, -1,
					32, 49, 30, -1,
					46, 50, 41, -1,
					41, 50, 51, -1,
					41, 51, 52, -1,
					31, 53, 32, -1,
					32, 53, 54, -1,
					32, 54, 55, -1,
					55, 54, 56, -1,
					55, 56, 57, -1,
					57, 56, 58, -1,
					58, 59, 57, -1,
					57, 59, 60, -1,
					57, 60, 61, -1,
					36, 34, 62, -1,
					62, 34, 63, -1,
					62, 63, 60, -1,
					60, 63, 64, -1,
					60, 64, 65, -1,
					65, 66, 60, -1,
					60, 66, 67, -1,
					60, 67, 61, -1,
					68, 27, 69, -1,
					70, 71, 72, -1,
					72, 71, 73, -1,
					72, 73, 74, -1,
					75, 76, 77, -1,
					77, 76, 78, -1,
					77, 78, 79, -1,
					80, 81, 82, -1,
					83, 84, 80, -1,
					85, 86, 87, -1,
					87, 86, 88, -1,
					87, 88, 89, -1,
					84, 90, 80, -1,
					80, 90, 91, -1,
					80, 91, 81, -1,
					89, 92, 87, -1,
					87, 92, 93, -1,
					87, 93, 83, -1,
					85, 87, 94, -1,
					94, 87, 95, -1,
					94, 95, 96, -1,
					96, 95, 97, -1,
					97, 95, 98, -1,
					97, 98, 99, -1,
					100, 101, 102, -1,
					102, 101, 103, -1,
					102, 103, 104, -1,
					105, 106, 107, -1,
					107, 106, 108, -1,
					108, 109, 107, -1,
					107, 109, 110, -1,
					107, 110, 111, -1,
					112, 113, 114, -1,
					112, 114, 115, -1,
					114, 116, 117, -1,
					118, 119, 120, -1,
					120, 119, 121, -1,
					120, 121, 122, -1,
					122, 121, 123, -1,
					114, 124, 125, -1,
					113, 126, 114, -1,
					114, 126, 127, -1,
					114, 127, 116, -1,
					128, 129, 130, -1,
					130, 129, 114, -1,
					130, 114, 131, -1,
					131, 114, 117, -1,
					128, 130, 121, -1,
					121, 130, 132, -1,
					121, 132, 123, -1,
					125, 133, 114, -1,
					114, 133, 134, -1,
					114, 134, 115, -1,
					135, 136, 137, -1,
					72, 138, 70, -1,
					70, 138, 139, -1,
					70, 139, 140, -1,
					140, 139, 141, -1,
					140, 141, 142, -1,
					142, 141, 143, -1,
					142, 143, 144, -1,
					95, 136, 98, -1,
					98, 136, 135, -1,
					98, 135, 145, -1,
					146, 147, 22, -1,
					22, 147, 148, -1,
					22, 148, 141, -1,
					141, 148, 149, -1,
					150, 151, 143, -1,
					152, 144, 153, -1,
					153, 144, 143, -1,
					153, 143, 21, -1,
					21, 143, 154, -1,
					154, 155, 21, -1,
					21, 155, 156, -1,
					21, 156, 157, -1,
					151, 158, 143, -1,
					143, 158, 159, -1,
					143, 159, 154, -1,
					149, 160, 141, -1,
					141, 160, 161, -1,
					141, 161, 162, -1,
					157, 163, 21, -1,
					21, 163, 164, -1,
					21, 164, 22, -1,
					22, 164, 165, -1,
					22, 165, 166, -1,
					166, 167, 22, -1,
					22, 167, 168, -1,
					22, 168, 146, -1,
					162, 169, 141, -1,
					141, 169, 170, -1,
					141, 170, 143, -1,
					143, 170, 171, -1,
					143, 171, 150, -1,
					104, 99, 102, -1,
					102, 99, 98, -1,
					102, 98, 172, -1,
					172, 98, 145, -1,
					172, 145, 173, -1,
					174, 23, 175, -1,
					175, 23, 22, -1,
					175, 22, 176, -1,
					176, 22, 141, -1,
					176, 141, 177, -1,
					177, 141, 139, -1,
					27, 29, 69, -1,
					69, 29, 178, -1,
					69, 178, 179, -1,
					179, 178, 41, -1,
					179, 41, 39, -1,
					39, 41, 52, -1,
					39, 52, 37, -1,
					180, 181, 87, -1,
					83, 80, 87, -1,
					87, 80, 182, -1,
					87, 182, 180, -1,
					183, 182, 184, -1,
					184, 182, 80, -1,
					184, 80, 185, -1,
					185, 80, 69, -1,
					185, 69, 181, -1,
					181, 69, 179, -1,
					181, 179, 87, -1,
					87, 179, 39, -1,
					87, 39, 95, -1,
					95, 39, 32, -1,
					95, 32, 136, -1,
					136, 32, 55, -1,
					136, 55, 137, -1,
					172, 186, 187, -1,
					187, 186, 188, -1,
					188, 186, 189, -1,
					189, 186, 107, -1,
					189, 107, 190, -1,
					191, 192, 193, -1,
					193, 194, 191, -1,
					191, 194, 172, -1,
					191, 172, 195, -1,
					195, 172, 187, -1,
					195, 187, 196, -1,
					196, 187, 197, -1,
					194, 198, 172, -1,
					172, 198, 190, -1,
					172, 190, 102, -1,
					102, 190, 107, -1,
					102, 107, 100, -1,
					100, 107, 111, -1,
					100, 111, 118, -1,
					118, 111, 199, -1,
					118, 199, 119, -1,
					200, 201, 173, -1,
					173, 201, 202, -1,
					173, 202, 203, -1,
					204, 205, 206, -1,
					186, 207, 204, -1,
					204, 207, 208, -1,
					204, 208, 205, -1,
					203, 209, 173, -1,
					173, 209, 210, -1,
					173, 210, 172, -1,
					172, 210, 211, -1,
					172, 211, 186, -1,
					186, 211, 212, -1,
					186, 212, 207, -1,
					206, 213, 204, -1,
					204, 213, 214, -1,
					204, 214, 215, -1,
					215, 216, 204, -1,
					204, 216, 217, -1,
					204, 217, 173, -1,
					173, 217, 218, -1,
					173, 218, 200, -1,
					219, 220, 173, -1,
					137, 221, 135, -1,
					135, 221, 222, -1,
					135, 222, 145, -1,
					145, 222, 223, -1,
					145, 223, 173, -1,
					173, 223, 224, -1,
					173, 224, 219, -1,
					219, 224, 225, -1,
					226, 227, 220, -1,
					220, 227, 228, -1,
					220, 228, 173, -1,
					173, 228, 229, -1,
					173, 229, 204, -1,
					229, 230, 204, -1,
					204, 230, 225, -1,
					204, 225, 231, -1,
					231, 225, 224, -1,
					231, 224, 232, -1,
					221, 152, 222, -1,
					222, 152, 153, -1,
					222, 153, 223, -1,
					223, 153, 21, -1,
					223, 21, 224, -1,
					224, 21, 23, -1,
					224, 23, 232, -1,
					232, 23, 174, -1,
					232, 174, 233, -1,
					82, 79, 80, -1,
					80, 79, 78, -1,
					80, 78, 69, -1,
					69, 78, 234, -1,
					69, 234, 68, -1,
					233, 235, 232, -1,
					232, 235, 24, -1,
					232, 24, 231, -1,
					231, 24, 26, -1,
					231, 26, 204, -1,
					204, 26, 236, -1,
					204, 236, 186, -1,
					186, 236, 237, -1,
					186, 237, 107, -1,
					107, 237, 76, -1,
					107, 76, 105, -1,
					105, 76, 75, -1,
					238, 239, 240, -1,
					240, 239, 241, -1,
					240, 241, 242, -1,
					242, 241, 243, -1,
					244, 245, 246, -1,
					246, 245, 247, -1,
					248, 249, 250, -1,
					250, 249, 251, -1,
					250, 251, 252, -1,
					252, 251, 253, -1,
					254, 255, 256, -1,
					256, 255, 257, -1,
					241, 251, 243, -1,
					243, 251, 249, -1,
					257, 245, 256, -1,
					256, 245, 244, -1,
					258, 259, 260, -1,
					260, 259, 261, -1,
					260, 261, 262, -1,
					262, 261, 263, -1,
					264, 265, 266, -1,
					266, 265, 267, -1,
					266, 267, 268, -1,
					268, 267, 269, -1,
					269, 267, 259, -1,
					259, 267, 261, -1,
					258, 260, 270, -1,
					271, 272, 273, -1,
					274, 275, 276, -1,
					276, 275, 277, -1,
					278, 279, 26, -1,
					280, 281, 273, -1,
					281, 282, 283, -1,
					284, 285, 286, -1,
					287, 288, 289, -1,
					289, 288, 290, -1,
					286, 278, 284, -1,
					284, 278, 26, -1,
					284, 26, 291, -1,
					291, 26, 292, -1,
					291, 292, 293, -1,
					293, 292, 294, -1,
					295, 296, 297, -1,
					273, 281, 271, -1,
					271, 281, 283, -1,
					271, 283, 25, -1,
					25, 283, 276, -1,
					25, 276, 26, -1,
					26, 276, 277, -1,
					26, 277, 292, -1,
					298, 288, 299, -1,
					299, 288, 287, -1,
					299, 287, 300, -1,
					300, 287, 301, -1,
					236, 26, 302, -1,
					302, 26, 303, -1,
					304, 305, 279, -1,
					279, 305, 306, -1,
					279, 306, 26, -1,
					26, 306, 295, -1,
					26, 295, 303, -1,
					303, 295, 297, -1,
					307, 308, 309, -1,
					310, 311, 312, -1,
					313, 314, 315, -1,
					316, 317, 318, -1,
					319, 320, 288, -1,
					309, 321, 307, -1,
					307, 321, 236, -1,
					307, 236, 322, -1,
					322, 236, 302, -1,
					322, 302, 323, -1,
					323, 302, 324, -1,
					325, 322, 326, -1,
					326, 322, 323, -1,
					326, 323, 318, -1,
					318, 323, 327, -1,
					318, 327, 316, -1,
					315, 319, 313, -1,
					313, 319, 288, -1,
					313, 288, 328, -1,
					328, 288, 298, -1,
					328, 298, 329, -1,
					329, 298, 330, -1,
					331, 332, 333, -1,
					333, 332, 334, -1,
					335, 336, 337, -1,
					338, 339, 340, -1,
					337, 341, 335, -1,
					335, 341, 237, -1,
					335, 237, 334, -1,
					334, 237, 236, -1,
					334, 236, 333, -1,
					333, 236, 321, -1,
					340, 342, 338, -1,
					338, 342, 288, -1,
					338, 288, 343, -1,
					343, 288, 320, -1,
					343, 320, 344, -1,
					344, 320, 345, -1,
					346, 347, 348, -1,
					348, 347, 349, -1,
					341, 348, 237, -1,
					237, 348, 349, -1,
					237, 349, 76, -1,
					76, 349, 350, -1,
					342, 351, 288, -1,
					288, 351, 352, -1,
					288, 352, 280, -1,
					273, 353, 280, -1,
					280, 353, 354, -1,
					280, 354, 288, -1,
					288, 354, 272, -1,
					270, 288, 258, -1,
					258, 288, 272, -1,
					258, 272, 268, -1,
					268, 272, 271, -1,
					268, 271, 266, -1,
					355, 356, 350, -1,
					350, 356, 357, -1,
					350, 357, 76, -1,
					76, 357, 358, -1,
					76, 358, 78, -1,
					359, 360, 361, -1,
					362, 363, 364, -1,
					365, 366, 78, -1,
					364, 365, 362, -1,
					362, 365, 78, -1,
					362, 78, 367, -1,
					367, 78, 358, -1,
					367, 358, 368, -1,
					368, 358, 369, -1,
					370, 371, 372, -1,
					373, 374, 375, -1,
					375, 374, 376, -1,
					377, 378, 379, -1,
					380, 381, 366, -1,
					366, 381, 382, -1,
					366, 382, 78, -1,
					78, 382, 375, -1,
					78, 375, 234, -1,
					234, 375, 376, -1,
					234, 376, 383, -1,
					384, 385, 386, -1,
					387, 388, 389, -1,
					390, 391, 234, -1,
					386, 390, 384, -1,
					384, 390, 234, -1,
					384, 234, 392, -1,
					392, 234, 383, -1,
					392, 383, 393, -1,
					393, 383, 394, -1,
					395, 396, 397, -1,
					398, 399, 400, -1,
					401, 402, 234, -1,
					397, 401, 395, -1,
					395, 401, 234, -1,
					395, 234, 403, -1,
					403, 234, 391, -1,
					403, 391, 404, -1,
					404, 391, 405, -1,
					406, 407, 408, -1,
					290, 409, 410, -1,
					411, 412, 234, -1,
					408, 411, 406, -1,
					406, 411, 234, -1,
					406, 234, 413, -1,
					413, 234, 402, -1,
					413, 402, 414, -1,
					414, 402, 415, -1,
					416, 417, 410, -1,
					410, 417, 418, -1,
					410, 418, 290, -1,
					290, 418, 419, -1,
					420, 421, 422, -1,
					423, 424, 419, -1,
					419, 424, 425, -1,
					419, 425, 290, -1,
					290, 425, 426, -1,
					427, 428, 234, -1,
					422, 427, 420, -1,
					420, 427, 234, -1,
					420, 234, 429, -1,
					429, 234, 412, -1,
					429, 412, 430, -1,
					430, 412, 431, -1,
					432, 433, 426, -1,
					426, 433, 434, -1,
					426, 434, 290, -1,
					290, 434, 435, -1,
					436, 437, 438, -1,
					438, 437, 428, -1,
					428, 437, 234, -1,
					234, 437, 439, -1,
					234, 439, 68, -1,
					440, 441, 435, -1,
					435, 441, 442, -1,
					435, 442, 290, -1,
					290, 442, 443, -1,
					444, 445, 446, -1,
					447, 448, 443, -1,
					443, 448, 449, -1,
					443, 449, 290, -1,
					290, 449, 450, -1,
					451, 452, 68, -1,
					453, 454, 450, -1,
					450, 454, 455, -1,
					450, 455, 290, -1,
					290, 455, 456, -1,
					446, 451, 444, -1,
					444, 451, 68, -1,
					444, 68, 457, -1,
					457, 68, 439, -1,
					457, 439, 458, -1,
					458, 439, 459, -1,
					460, 461, 456, -1,
					456, 461, 462, -1,
					456, 462, 290, -1,
					290, 462, 463, -1,
					464, 465, 463, -1,
					463, 465, 466, -1,
					463, 466, 290, -1,
					290, 466, 467, -1,
					468, 469, 470, -1,
					471, 472, 467, -1,
					467, 472, 473, -1,
					467, 473, 290, -1,
					290, 473, 474, -1,
					475, 476, 68, -1,
					477, 478, 474, -1,
					474, 478, 479, -1,
					474, 479, 290, -1,
					290, 479, 480, -1,
					470, 475, 468, -1,
					468, 475, 68, -1,
					468, 68, 481, -1,
					481, 68, 452, -1,
					481, 452, 482, -1,
					482, 452, 483, -1,
					484, 485, 290, -1,
					361, 484, 359, -1,
					359, 484, 290, -1,
					359, 290, 486, -1,
					486, 290, 480, -1,
					486, 480, 487, -1,
					487, 480, 488, -1,
					489, 490, 491, -1,
					492, 493, 485, -1,
					485, 493, 494, -1,
					485, 494, 290, -1,
					290, 494, 495, -1,
					496, 497, 495, -1,
					495, 497, 498, -1,
					495, 498, 290, -1,
					290, 498, 499, -1,
					500, 501, 68, -1,
					290, 502, 503, -1,
					491, 500, 489, -1,
					489, 500, 68, -1,
					489, 68, 504, -1,
					504, 68, 476, -1,
					504, 476, 505, -1,
					505, 476, 506, -1,
					507, 508, 499, -1,
					499, 508, 509, -1,
					499, 509, 290, -1,
					290, 509, 370, -1,
					290, 370, 502, -1,
					502, 370, 372, -1,
					290, 510, 511, -1,
					512, 513, 503, -1,
					503, 513, 514, -1,
					503, 514, 290, -1,
					290, 514, 377, -1,
					290, 377, 510, -1,
					510, 377, 379, -1,
					290, 515, 516, -1,
					517, 518, 519, -1,
					520, 521, 511, -1,
					511, 521, 522, -1,
					511, 522, 290, -1,
					290, 522, 523, -1,
					290, 524, 525, -1,
					526, 527, 68, -1,
					528, 529, 516, -1,
					516, 529, 530, -1,
					516, 530, 290, -1,
					290, 530, 531, -1,
					519, 526, 517, -1,
					517, 526, 68, -1,
					517, 68, 532, -1,
					532, 68, 501, -1,
					532, 501, 533, -1,
					533, 501, 534, -1,
					535, 536, 523, -1,
					523, 536, 537, -1,
					523, 537, 290, -1,
					290, 537, 387, -1,
					290, 387, 515, -1,
					515, 387, 389, -1,
					538, 539, 525, -1,
					525, 539, 540, -1,
					525, 540, 290, -1,
					290, 540, 316, -1,
					290, 316, 289, -1,
					289, 316, 327, -1,
					289, 327, 541, -1,
					542, 543, 531, -1,
					531, 543, 544, -1,
					531, 544, 290, -1,
					290, 544, 545, -1,
					400, 524, 398, -1,
					398, 524, 290, -1,
					398, 290, 546, -1,
					546, 290, 545, -1,
					546, 545, 547, -1,
					547, 545, 548, -1,
					549, 240, 242, -1,
					247, 290, 549, -1,
					290, 550, 551, -1,
					312, 409, 310, -1,
					310, 409, 290, -1,
					310, 290, 552, -1,
					552, 290, 551, -1,
					248, 553, 242, -1,
					242, 553, 554, -1,
					242, 554, 549, -1,
					555, 556, 527, -1,
					527, 556, 557, -1,
					527, 557, 68, -1,
					68, 557, 558, -1,
					68, 558, 559, -1,
					559, 558, 553, -1,
					559, 553, 250, -1,
					250, 553, 248, -1,
					290, 247, 550, -1,
					550, 247, 255, -1,
					550, 255, 554, -1,
					554, 255, 254, -1,
					554, 254, 549, -1,
					549, 254, 246, -1,
					549, 246, 247, -1,
					323, 324, 560, -1,
					561, 562, 560, -1,
					560, 562, 563, -1,
					560, 563, 323, -1,
					564, 565, 562, -1,
					566, 293, 294, -1,
					567, 305, 304, -1,
					282, 281, 568, -1,
					568, 281, 562, -1,
					568, 562, 569, -1,
					569, 562, 565, -1,
					569, 565, 274, -1,
					274, 565, 275, -1,
					570, 571, 562, -1,
					304, 570, 567, -1,
					567, 570, 562, -1,
					567, 562, 572, -1,
					572, 562, 561, -1,
					572, 561, 296, -1,
					296, 561, 297, -1,
					294, 564, 566, -1,
					566, 564, 562, -1,
					566, 562, 573, -1,
					573, 562, 571, -1,
					573, 571, 285, -1,
					285, 571, 286, -1,
					280, 352, 574, -1,
					575, 576, 574, -1,
					574, 576, 577, -1,
					574, 577, 280, -1,
					578, 344, 345, -1,
					579, 580, 576, -1,
					345, 579, 578, -1,
					578, 579, 576, -1,
					578, 576, 581, -1,
					581, 576, 575, -1,
					581, 575, 339, -1,
					339, 575, 340, -1,
					582, 583, 576, -1,
					584, 329, 330, -1,
					330, 582, 584, -1,
					584, 582, 576, -1,
					584, 576, 585, -1,
					585, 576, 580, -1,
					585, 580, 314, -1,
					314, 580, 315, -1,
					541, 327, 586, -1,
					586, 327, 576, -1,
					586, 576, 587, -1,
					587, 576, 583, -1,
					587, 583, 301, -1,
					301, 583, 300, -1,
					588, 589, 590, -1,
					590, 589, 591, -1,
					592, 593, 594, -1,
					594, 593, 595, -1,
					596, 597, 598, -1,
					598, 597, 599, -1,
					600, 601, 602, -1,
					602, 601, 603, -1,
					604, 605, 5, -1,
					4, 606, 5, -1,
					5, 606, 607, -1,
					5, 607, 604, -1,
					608, 609, 610, -1,
					610, 609, 611, -1,
					612, 613, 614, -1,
					614, 613, 615, -1,
					616, 617, 618, -1,
					618, 617, 619, -1,
					620, 621, 622, -1,
					622, 621, 623, -1,
					624, 625, 626, -1,
					626, 625, 627, -1,
					628, 629, 630, -1,
					630, 629, 631, -1,
					632, 633, 634, -1,
					634, 633, 635, -1,
					636, 637, 638, -1,
					638, 637, 639, -1,
					640, 641, 642, -1,
					642, 641, 643, -1,
					644, 645, 646, -1,
					646, 645, 647, -1,
					648, 649, 650, -1,
					650, 649, 651, -1,
					652, 653, 654, -1,
					654, 653, 655, -1,
					656, 657, 658, -1,
					658, 657, 659, -1,
					660, 661, 662, -1,
					662, 661, 663, -1,
					664, 665, 666, -1,
					666, 665, 667, -1,
					668, 669, 670, -1,
					670, 669, 671, -1,
					672, 673, 674, -1,
					674, 673, 675, -1,
					676, 677, 678, -1,
					678, 677, 679, -1,
					680, 681, 682, -1,
					682, 681, 683, -1,
					684, 685, 686, -1,
					686, 685, 687, -1,
					688, 689, 690, -1,
					690, 689, 691, -1,
					692, 693, 694, -1,
					694, 693, 695, -1,
					696, 697, 698, -1,
					698, 697, 699, -1,
					700, 701, 702, -1,
					702, 701, 703, -1,
					704, 705, 706, -1,
					706, 705, 707, -1,
					708, 709, 710, -1,
					710, 709, 711, -1,
					712, 713, 714, -1,
					714, 713, 715, -1,
					716, 717, 718, -1,
					718, 717, 719, -1,
					720, 19, 721, -1,
					721, 19, 722, -1,
					721, 722, 723, -1,
					63, 34, 724, -1,
					724, 34, 15, -1,
					28, 722, 29, -1,
					29, 722, 19, -1,
					29, 19, 178, -1,
					178, 19, 41, -1,
					34, 41, 15, -1,
					15, 41, 19, -1,
					15, 19, 14, -1,
					14, 19, 17, -1,
					14, 17, 725, -1,
					725, 17, 726, -1,
					726, 17, 727, -1,
					727, 17, 728, -1,
					727, 728, 729, -1,
					730, 731, 732, -1,
					233, 174, 733, -1,
					733, 174, 175, -1,
					233, 733, 732, -1,
					732, 733, 734, -1,
					732, 734, 730, -1,
					139, 735, 177, -1,
					177, 735, 736, -1,
					177, 736, 176, -1,
					176, 736, 737, -1,
					175, 176, 733, -1,
					733, 176, 737, -1,
					733, 737, 738, -1,
					738, 737, 739, -1,
					739, 740, 738, -1,
					738, 740, 741, -1,
					738, 741, 742, -1,
					742, 741, 743, -1,
					57, 744, 745, -1,
					746, 710, 711, -1,
					745, 747, 57, -1,
					57, 747, 748, -1,
					57, 748, 55, -1,
					55, 748, 749, -1,
					744, 750, 745, -1,
					745, 750, 644, -1,
					745, 644, 751, -1,
					751, 644, 646, -1,
					751, 646, 748, -1,
					748, 646, 752, -1,
					748, 752, 749, -1,
					753, 754, 137, -1,
					755, 654, 655, -1,
					756, 757, 55, -1,
					758, 137, 759, -1,
					759, 137, 754, -1,
					759, 754, 715, -1,
					715, 754, 714, -1,
					760, 640, 642, -1,
					655, 756, 755, -1,
					755, 756, 55, -1,
					755, 55, 761, -1,
					761, 55, 749, -1,
					761, 749, 651, -1,
					651, 749, 650, -1,
					762, 662, 663, -1,
					763, 764, 55, -1,
					636, 638, 765, -1,
					765, 638, 766, -1,
					767, 632, 634, -1,
					663, 763, 762, -1,
					762, 763, 55, -1,
					762, 55, 768, -1,
					768, 55, 757, -1,
					768, 757, 659, -1,
					659, 757, 658, -1,
					642, 769, 760, -1,
					760, 769, 137, -1,
					760, 137, 770, -1,
					770, 137, 758, -1,
					770, 758, 719, -1,
					719, 758, 718, -1,
					634, 771, 767, -1,
					767, 771, 221, -1,
					767, 221, 766, -1,
					766, 221, 137, -1,
					766, 137, 765, -1,
					765, 137, 769, -1,
					772, 670, 671, -1,
					630, 773, 628, -1,
					628, 773, 774, -1,
					775, 776, 55, -1,
					777, 624, 626, -1,
					671, 775, 772, -1,
					772, 775, 55, -1,
					772, 55, 778, -1,
					778, 55, 764, -1,
					778, 764, 667, -1,
					667, 764, 666, -1,
					620, 622, 779, -1,
					779, 622, 780, -1,
					781, 678, 679, -1,
					782, 608, 610, -1,
					783, 784, 55, -1,
					679, 783, 781, -1,
					781, 783, 55, -1,
					781, 55, 785, -1,
					785, 55, 776, -1,
					785, 776, 675, -1,
					675, 776, 674, -1,
					786, 787, 788, -1,
					682, 683, 789, -1,
					626, 790, 777, -1,
					777, 790, 152, -1,
					777, 152, 773, -1,
					773, 152, 221, -1,
					773, 221, 774, -1,
					774, 221, 771, -1,
					791, 792, 793, -1,
					794, 787, 793, -1,
					793, 787, 786, -1,
					793, 786, 791, -1,
					605, 604, 795, -1,
					795, 604, 796, -1,
					797, 702, 703, -1,
					798, 588, 590, -1,
					790, 779, 152, -1,
					152, 779, 780, -1,
					152, 780, 144, -1,
					144, 780, 799, -1,
					800, 55, 789, -1,
					789, 55, 784, -1,
					789, 784, 682, -1,
					706, 707, 801, -1,
					801, 707, 802, -1,
					616, 618, 799, -1,
					799, 618, 803, -1,
					799, 803, 144, -1,
					144, 803, 804, -1,
					686, 687, 800, -1,
					800, 687, 805, -1,
					800, 805, 55, -1,
					55, 805, 806, -1,
					610, 807, 782, -1,
					782, 807, 144, -1,
					782, 144, 808, -1,
					808, 144, 804, -1,
					808, 804, 614, -1,
					614, 804, 612, -1,
					809, 810, 811, -1,
					809, 812, 810, -1,
					810, 812, 813, -1,
					810, 813, 814, -1,
					814, 813, 815, -1,
					690, 691, 806, -1,
					806, 691, 816, -1,
					806, 816, 55, -1,
					55, 816, 817, -1,
					807, 786, 144, -1,
					144, 786, 788, -1,
					144, 788, 142, -1,
					142, 788, 818, -1,
					142, 818, 794, -1,
					694, 695, 817, -1,
					817, 695, 819, -1,
					817, 819, 55, -1,
					55, 819, 820, -1,
					793, 795, 794, -1,
					794, 795, 796, -1,
					794, 796, 142, -1,
					142, 796, 821, -1,
					600, 602, 821, -1,
					821, 602, 822, -1,
					821, 822, 142, -1,
					142, 822, 823, -1,
					703, 824, 797, -1,
					797, 824, 55, -1,
					797, 55, 825, -1,
					825, 55, 820, -1,
					825, 820, 699, -1,
					699, 820, 698, -1,
					711, 753, 746, -1,
					746, 753, 137, -1,
					746, 137, 802, -1,
					802, 137, 55, -1,
					802, 55, 801, -1,
					801, 55, 824, -1,
					596, 598, 823, -1,
					823, 598, 826, -1,
					823, 826, 142, -1,
					142, 826, 827, -1,
					590, 828, 798, -1,
					798, 828, 142, -1,
					798, 142, 829, -1,
					829, 142, 827, -1,
					829, 827, 594, -1,
					594, 827, 592, -1,
					815, 830, 814, -1,
					814, 830, 70, -1,
					814, 70, 831, -1,
					831, 70, 140, -1,
					831, 140, 811, -1,
					811, 140, 142, -1,
					811, 142, 809, -1,
					809, 142, 828, -1,
					832, 833, 834, -1,
					834, 833, 835, -1,
					836, 832, 837, -1,
					837, 832, 834, -1,
					837, 834, 838, -1,
					838, 834, 839, -1,
					840, 841, 9, -1,
					9, 841, 842, -1,
					843, 10, 2, -1,
					2, 10, 9, -1,
					2, 9, 0, -1,
					0, 9, 842, -1,
					842, 841, 844, -1,
					844, 841, 845, -1,
					16, 18, 844, -1,
					644, 750, 13, -1,
					844, 845, 13, -1,
					13, 845, 645, -1,
					13, 645, 644, -1,
					846, 847, 16, -1,
					844, 13, 16, -1,
					16, 13, 12, -1,
					16, 12, 846, -1,
					847, 848, 16, -1,
					16, 848, 849, -1,
					16, 849, 850, -1,
					792, 791, 8, -1,
					8, 791, 851, -1,
					8, 851, 9, -1,
					9, 851, 840, -1,
					852, 853, 845, -1,
					854, 697, 696, -1,
					841, 840, 851, -1,
					855, 856, 845, -1,
					857, 845, 858, -1,
					858, 845, 853, -1,
					858, 853, 672, -1,
					672, 853, 673, -1,
					859, 665, 664, -1,
					860, 635, 633, -1,
					861, 862, 845, -1,
					863, 864, 845, -1,
					865, 866, 845, -1,
					664, 863, 859, -1,
					859, 863, 845, -1,
					859, 845, 867, -1,
					867, 845, 857, -1,
					867, 857, 668, -1,
					668, 857, 669, -1,
					611, 609, 868, -1,
					868, 609, 869, -1,
					639, 637, 870, -1,
					870, 637, 871, -1,
					872, 717, 716, -1,
					873, 709, 708, -1,
					874, 681, 680, -1,
					875, 619, 617, -1,
					876, 870, 845, -1,
					845, 870, 871, -1,
					845, 871, 877, -1,
					878, 845, 879, -1,
					879, 845, 866, -1,
					879, 866, 704, -1,
					704, 866, 705, -1,
					880, 653, 652, -1,
					643, 641, 877, -1,
					877, 641, 881, -1,
					877, 881, 845, -1,
					845, 881, 872, -1,
					845, 872, 861, -1,
					861, 872, 716, -1,
					696, 855, 854, -1,
					854, 855, 845, -1,
					854, 845, 882, -1,
					882, 845, 878, -1,
					882, 878, 700, -1,
					700, 878, 701, -1,
					883, 677, 676, -1,
					661, 660, 864, -1,
					864, 660, 884, -1,
					864, 884, 845, -1,
					845, 884, 885, -1,
					886, 887, 845, -1,
					713, 712, 862, -1,
					862, 712, 888, -1,
					862, 888, 845, -1,
					845, 888, 873, -1,
					845, 873, 865, -1,
					865, 873, 708, -1,
					652, 886, 880, -1,
					880, 886, 845, -1,
					880, 845, 889, -1,
					889, 845, 885, -1,
					889, 885, 656, -1,
					656, 885, 657, -1,
					890, 891, 845, -1,
					693, 692, 856, -1,
					856, 692, 892, -1,
					856, 892, 845, -1,
					845, 892, 893, -1,
					633, 876, 860, -1,
					860, 876, 845, -1,
					860, 845, 894, -1,
					689, 688, 893, -1,
					893, 688, 895, -1,
					893, 895, 845, -1,
					845, 895, 896, -1,
					676, 852, 883, -1,
					883, 852, 845, -1,
					883, 845, 897, -1,
					647, 645, 898, -1,
					898, 645, 845, -1,
					898, 845, 899, -1,
					899, 845, 887, -1,
					899, 887, 648, -1,
					648, 887, 649, -1,
					851, 900, 841, -1,
					841, 900, 868, -1,
					841, 868, 845, -1,
					845, 868, 869, -1,
					845, 869, 901, -1,
					685, 684, 896, -1,
					896, 684, 902, -1,
					896, 902, 845, -1,
					845, 902, 874, -1,
					845, 874, 897, -1,
					897, 874, 680, -1,
					903, 631, 629, -1,
					615, 613, 901, -1,
					901, 613, 904, -1,
					901, 904, 845, -1,
					845, 904, 875, -1,
					845, 875, 890, -1,
					890, 875, 617, -1,
					623, 621, 891, -1,
					891, 621, 905, -1,
					891, 905, 845, -1,
					845, 905, 906, -1,
					627, 625, 906, -1,
					906, 625, 907, -1,
					906, 907, 845, -1,
					845, 907, 903, -1,
					845, 903, 894, -1,
					894, 903, 629, -1,
					815, 813, 908, -1,
					908, 813, 909, -1,
					908, 909, 910, -1,
					910, 911, 908, -1,
					908, 911, 912, -1,
					908, 912, 913, -1,
					914, 915, 913, -1,
					913, 915, 916, -1,
					913, 916, 908, -1,
					917, 918, 913, -1,
					913, 918, 919, -1,
					913, 919, 914, -1,
					911, 910, 920, -1,
					920, 910, 921, -1,
					921, 606, 920, -1,
					920, 606, 4, -1,
					1, 920, 3, -1,
					3, 920, 4, -1,
					3, 4, 922, -1,
					922, 4, 11, -1,
					923, 909, 812, -1,
					812, 909, 813, -1,
					910, 909, 923, -1,
					591, 589, 924, -1,
					924, 589, 925, -1,
					923, 926, 910, -1,
					910, 926, 924, -1,
					910, 924, 921, -1,
					921, 924, 925, -1,
					921, 925, 927, -1,
					928, 599, 597, -1,
					929, 930, 921, -1,
					597, 929, 928, -1,
					928, 929, 921, -1,
					928, 921, 931, -1,
					931, 921, 927, -1,
					931, 927, 593, -1,
					593, 927, 595, -1,
					607, 606, 932, -1,
					932, 606, 921, -1,
					932, 921, 933, -1,
					933, 921, 930, -1,
					933, 930, 601, -1,
					601, 930, 603, -1,
					934, 935, 318, -1,
					318, 935, 326, -1,
					936, 937, 938, -1,
					938, 937, 554, -1,
					938, 554, 553, -1,
					519, 518, 939, -1,
					939, 518, 940, -1,
					556, 555, 936, -1,
					936, 555, 941, -1,
					936, 941, 937, -1,
					937, 941, 939, -1,
					937, 939, 935, -1,
					935, 939, 940, -1,
					935, 940, 942, -1,
					943, 491, 490, -1,
					944, 945, 935, -1,
					490, 944, 943, -1,
					943, 944, 935, -1,
					943, 935, 946, -1,
					946, 935, 942, -1,
					946, 942, 534, -1,
					534, 942, 533, -1,
					947, 470, 469, -1,
					948, 949, 935, -1,
					469, 948, 947, -1,
					947, 948, 935, -1,
					947, 935, 950, -1,
					950, 935, 945, -1,
					950, 945, 506, -1,
					506, 945, 505, -1,
					951, 446, 445, -1,
					952, 953, 935, -1,
					445, 952, 951, -1,
					951, 952, 935, -1,
					951, 935, 954, -1,
					954, 935, 949, -1,
					954, 949, 483, -1,
					483, 949, 482, -1,
					955, 436, 438, -1,
					956, 957, 935, -1,
					438, 956, 955, -1,
					955, 956, 935, -1,
					955, 935, 958, -1,
					958, 935, 953, -1,
					958, 953, 459, -1,
					459, 953, 458, -1,
					959, 430, 431, -1,
					960, 961, 935, -1,
					431, 960, 959, -1,
					959, 960, 935, -1,
					959, 935, 962, -1,
					962, 935, 957, -1,
					962, 957, 421, -1,
					421, 957, 422, -1,
					963, 414, 415, -1,
					964, 965, 935, -1,
					415, 964, 963, -1,
					963, 964, 935, -1,
					963, 935, 966, -1,
					966, 935, 961, -1,
					966, 961, 407, -1,
					407, 961, 408, -1,
					967, 404, 405, -1,
					968, 969, 935, -1,
					405, 968, 967, -1,
					967, 968, 935, -1,
					967, 935, 970, -1,
					970, 935, 965, -1,
					970, 965, 396, -1,
					396, 965, 397, -1,
					971, 393, 394, -1,
					972, 973, 935, -1,
					394, 972, 971, -1,
					971, 972, 935, -1,
					971, 935, 974, -1,
					974, 935, 969, -1,
					974, 969, 385, -1,
					385, 969, 386, -1,
					975, 381, 380, -1,
					976, 977, 935, -1,
					380, 976, 975, -1,
					975, 976, 935, -1,
					975, 935, 978, -1,
					978, 935, 973, -1,
					978, 973, 373, -1,
					373, 973, 374, -1,
					979, 368, 369, -1,
					980, 981, 935, -1,
					369, 980, 979, -1,
					979, 980, 935, -1,
					979, 935, 982, -1,
					982, 935, 977, -1,
					982, 977, 363, -1,
					363, 977, 364, -1,
					983, 347, 346, -1,
					984, 985, 935, -1,
					346, 984, 983, -1,
					983, 984, 935, -1,
					983, 935, 986, -1,
					986, 935, 981, -1,
					986, 981, 355, -1,
					355, 981, 356, -1,
					987, 332, 331, -1,
					988, 989, 935, -1,
					331, 988, 987, -1,
					987, 988, 935, -1,
					987, 935, 990, -1,
					990, 935, 985, -1,
					990, 985, 336, -1,
					336, 985, 337, -1,
					325, 326, 991, -1,
					991, 326, 935, -1,
					991, 935, 992, -1,
					992, 935, 989, -1,
					992, 989, 308, -1,
					308, 989, 309, -1,
					937, 993, 554, -1,
					554, 993, 550, -1,
					994, 417, 416, -1,
					995, 934, 996, -1,
					996, 934, 318, -1,
					996, 318, 317, -1,
					312, 311, 997, -1,
					997, 311, 998, -1,
					539, 538, 995, -1,
					995, 538, 999, -1,
					995, 999, 934, -1,
					934, 999, 1000, -1,
					400, 399, 1000, -1,
					1000, 399, 1001, -1,
					1000, 1001, 934, -1,
					934, 1001, 1002, -1,
					547, 548, 1002, -1,
					1002, 548, 1003, -1,
					1002, 1003, 934, -1,
					934, 1003, 1004, -1,
					543, 542, 1004, -1,
					1004, 542, 1005, -1,
					1004, 1005, 934, -1,
					934, 1005, 1006, -1,
					529, 528, 1006, -1,
					1006, 528, 1007, -1,
					1006, 1007, 934, -1,
					934, 1007, 1008, -1,
					389, 388, 1008, -1,
					1008, 388, 1009, -1,
					1008, 1009, 934, -1,
					934, 1009, 1010, -1,
					536, 535, 1010, -1,
					1010, 535, 1011, -1,
					1010, 1011, 934, -1,
					934, 1011, 1012, -1,
					521, 520, 1012, -1,
					1012, 520, 1013, -1,
					1012, 1013, 934, -1,
					934, 1013, 1014, -1,
					379, 378, 1014, -1,
					1014, 378, 1015, -1,
					1014, 1015, 934, -1,
					934, 1015, 1016, -1,
					513, 512, 1016, -1,
					1016, 512, 1017, -1,
					1016, 1017, 934, -1,
					934, 1017, 1018, -1,
					372, 371, 1018, -1,
					1018, 371, 1019, -1,
					1018, 1019, 934, -1,
					934, 1019, 1020, -1,
					508, 507, 1020, -1,
					1020, 507, 1021, -1,
					1020, 1021, 934, -1,
					934, 1021, 1022, -1,
					497, 496, 1022, -1,
					1022, 496, 1023, -1,
					1022, 1023, 934, -1,
					934, 1023, 1024, -1,
					493, 492, 1024, -1,
					1024, 492, 1025, -1,
					1024, 1025, 934, -1,
					934, 1025, 1026, -1,
					361, 360, 1026, -1,
					1026, 360, 1027, -1,
					1026, 1027, 934, -1,
					934, 1027, 1028, -1,
					487, 488, 1028, -1,
					1028, 488, 1029, -1,
					1028, 1029, 934, -1,
					934, 1029, 1030, -1,
					478, 477, 1030, -1,
					1030, 477, 1031, -1,
					1030, 1031, 934, -1,
					934, 1031, 1032, -1,
					472, 471, 1032, -1,
					1032, 471, 1033, -1,
					1032, 1033, 934, -1,
					934, 1033, 1034, -1,
					465, 464, 1034, -1,
					1034, 464, 1035, -1,
					1034, 1035, 934, -1,
					934, 1035, 1036, -1,
					461, 460, 1036, -1,
					1036, 460, 1037, -1,
					1036, 1037, 934, -1,
					934, 1037, 1038, -1,
					454, 453, 1038, -1,
					1038, 453, 1039, -1,
					1038, 1039, 934, -1,
					934, 1039, 1040, -1,
					448, 447, 1040, -1,
					1040, 447, 1041, -1,
					1040, 1041, 934, -1,
					934, 1041, 1042, -1,
					441, 440, 1042, -1,
					1042, 440, 1043, -1,
					1042, 1043, 934, -1,
					934, 1043, 1044, -1,
					433, 432, 1044, -1,
					1044, 432, 1045, -1,
					1044, 1045, 934, -1,
					934, 1045, 1046, -1,
					424, 423, 1046, -1,
					1046, 423, 1047, -1,
					1046, 1047, 934, -1,
					934, 1047, 994, -1,
					934, 994, 1048, -1,
					1048, 994, 416, -1,
					551, 550, 1049, -1,
					1049, 550, 993, -1,
					1049, 993, 998, -1,
					998, 993, 934, -1,
					998, 934, 997, -1,
					997, 934, 1048, -1,
					993, 937, 934, -1,
					934, 937, 935, -1,
					577, 562, 280, -1,
					280, 562, 281, -1,
					563, 576, 323, -1,
					323, 576, 327, -1,
					576, 563, 577, -1,
					577, 563, 562, -1,
					770, 1050, 760, -1,
					760, 1050, 1051, -1,
					881, 641, 1052, -1,
					1052, 641, 640, -1,
					1052, 640, 1053, -1,
					1053, 640, 1054, -1,
					1055, 1056, 1057, -1,
					1057, 1056, 1058, -1,
					1057, 1058, 1059, -1,
					1059, 1058, 1060, -1,
					1059, 1060, 1061, -1,
					1061, 1060, 1051, -1,
					1051, 1060, 1062, -1,
					1051, 1062, 760, -1,
					760, 1062, 1063, -1,
					760, 1063, 640, -1,
					640, 1063, 1064, -1,
					640, 1064, 1054, -1,
					1065, 1066, 1067, -1,
					719, 717, 872, -1,
					719, 1068, 1069, -1,
					1070, 1068, 1071, -1,
					1071, 1068, 719, -1,
					1071, 719, 1072, -1,
					1072, 719, 872, -1,
					1067, 1073, 1065, -1,
					1065, 1073, 1074, -1,
					1065, 1074, 1075, -1,
					1075, 1074, 1076, -1,
					1075, 1076, 1077, -1,
					1077, 1076, 1050, -1,
					1077, 1050, 1069, -1,
					1069, 1050, 770, -1,
					1069, 770, 719, -1,
					1052, 1072, 881, -1,
					881, 1072, 872, -1,
					1051, 1050, 1076, -1,
					1051, 1076, 1061, -1,
					1061, 1076, 1074, -1,
					1061, 1074, 1059, -1,
					1059, 1074, 1073, -1,
					1059, 1073, 1057, -1,
					1055, 1057, 1067, -1,
					1067, 1057, 1073, -1,
					1056, 1055, 1066, -1,
					1066, 1055, 1067, -1,
					1058, 1056, 1065, -1,
					1065, 1056, 1066, -1,
					1058, 1065, 1060, -1,
					1060, 1065, 1075, -1,
					1060, 1075, 1062, -1,
					1062, 1075, 1077, -1,
					1062, 1077, 1063, -1,
					1063, 1077, 1069, -1,
					1064, 1063, 1068, -1,
					1068, 1063, 1069, -1,
					1064, 1068, 1070, -1,
					1064, 1070, 1054, -1,
					1054, 1070, 1071, -1,
					1054, 1071, 1053, -1,
					1053, 1071, 1072, -1,
					1053, 1072, 1052, -1,
					759, 1078, 758, -1,
					758, 1078, 1079, -1,
					861, 716, 1080, -1,
					1080, 716, 718, -1,
					1080, 718, 1081, -1,
					1081, 718, 1082, -1,
					1083, 1084, 1085, -1,
					1085, 1084, 1086, -1,
					1085, 1086, 1087, -1,
					1087, 1086, 1088, -1,
					1087, 1088, 1089, -1,
					1089, 1088, 1079, -1,
					1079, 1088, 1090, -1,
					1079, 1090, 758, -1,
					758, 1090, 1091, -1,
					758, 1091, 718, -1,
					718, 1091, 1092, -1,
					718, 1092, 1082, -1,
					1093, 1094, 1095, -1,
					715, 713, 862, -1,
					715, 1096, 1097, -1,
					1098, 1096, 1099, -1,
					1099, 1096, 715, -1,
					1099, 715, 1100, -1,
					1100, 715, 862, -1,
					1095, 1101, 1093, -1,
					1093, 1101, 1102, -1,
					1093, 1102, 1103, -1,
					1103, 1102, 1104, -1,
					1103, 1104, 1105, -1,
					1105, 1104, 1078, -1,
					1105, 1078, 1097, -1,
					1097, 1078, 759, -1,
					1097, 759, 715, -1,
					1080, 1100, 861, -1,
					861, 1100, 862, -1,
					1079, 1078, 1104, -1,
					1079, 1104, 1089, -1,
					1089, 1104, 1102, -1,
					1089, 1102, 1087, -1,
					1087, 1102, 1101, -1,
					1087, 1101, 1085, -1,
					1083, 1085, 1095, -1,
					1095, 1085, 1101, -1,
					1084, 1083, 1094, -1,
					1094, 1083, 1095, -1,
					1086, 1084, 1093, -1,
					1093, 1084, 1094, -1,
					1086, 1093, 1088, -1,
					1088, 1093, 1103, -1,
					1088, 1103, 1090, -1,
					1090, 1103, 1105, -1,
					1090, 1105, 1091, -1,
					1091, 1105, 1097, -1,
					1092, 1091, 1096, -1,
					1096, 1091, 1097, -1,
					1092, 1096, 1098, -1,
					1092, 1098, 1082, -1,
					1082, 1098, 1099, -1,
					1082, 1099, 1081, -1,
					1081, 1099, 1100, -1,
					1081, 1100, 1080, -1,
					753, 1106, 754, -1,
					754, 1106, 1107, -1,
					888, 712, 1108, -1,
					1108, 712, 714, -1,
					1108, 714, 1109, -1,
					1109, 714, 1110, -1,
					1111, 1112, 1113, -1,
					1113, 1112, 1114, -1,
					1113, 1114, 1115, -1,
					1115, 1114, 1116, -1,
					1115, 1116, 1117, -1,
					1117, 1116, 1107, -1,
					1107, 1116, 1118, -1,
					1107, 1118, 754, -1,
					754, 1118, 1119, -1,
					754, 1119, 714, -1,
					714, 1119, 1120, -1,
					714, 1120, 1110, -1,
					1121, 1122, 1123, -1,
					711, 709, 873, -1,
					711, 1124, 1125, -1,
					1126, 1124, 1127, -1,
					1127, 1124, 711, -1,
					1127, 711, 1128, -1,
					1128, 711, 873, -1,
					1123, 1129, 1121, -1,
					1121, 1129, 1130, -1,
					1121, 1130, 1131, -1,
					1131, 1130, 1132, -1,
					1131, 1132, 1133, -1,
					1133, 1132, 1106, -1,
					1133, 1106, 1125, -1,
					1125, 1106, 753, -1,
					1125, 753, 711, -1,
					1108, 1128, 888, -1,
					888, 1128, 873, -1,
					1107, 1106, 1132, -1,
					1107, 1132, 1117, -1,
					1117, 1132, 1130, -1,
					1117, 1130, 1115, -1,
					1115, 1130, 1129, -1,
					1115, 1129, 1113, -1,
					1111, 1113, 1123, -1,
					1123, 1113, 1129, -1,
					1112, 1111, 1122, -1,
					1122, 1111, 1123, -1,
					1114, 1112, 1121, -1,
					1121, 1112, 1122, -1,
					1114, 1121, 1116, -1,
					1116, 1121, 1131, -1,
					1116, 1131, 1118, -1,
					1118, 1131, 1133, -1,
					1118, 1133, 1119, -1,
					1119, 1133, 1125, -1,
					1120, 1119, 1124, -1,
					1124, 1119, 1125, -1,
					1120, 1124, 1126, -1,
					1120, 1126, 1110, -1,
					1110, 1126, 1127, -1,
					1110, 1127, 1109, -1,
					1109, 1127, 1128, -1,
					1109, 1128, 1108, -1,
					802, 1134, 746, -1,
					746, 1134, 1135, -1,
					865, 708, 1136, -1,
					1136, 708, 710, -1,
					1136, 710, 1137, -1,
					1137, 710, 1138, -1,
					1139, 1140, 1141, -1,
					1141, 1140, 1142, -1,
					1141, 1142, 1143, -1,
					1143, 1142, 1144, -1,
					1143, 1144, 1145, -1,
					1145, 1144, 1135, -1,
					1135, 1144, 1146, -1,
					1135, 1146, 746, -1,
					746, 1146, 1147, -1,
					746, 1147, 710, -1,
					710, 1147, 1148, -1,
					710, 1148, 1138, -1,
					1149, 1150, 1151, -1,
					707, 705, 866, -1,
					707, 1152, 1153, -1,
					1154, 1152, 1155, -1,
					1155, 1152, 707, -1,
					1155, 707, 1156, -1,
					1156, 707, 866, -1,
					1151, 1157, 1149, -1,
					1149, 1157, 1158, -1,
					1149, 1158, 1159, -1,
					1159, 1158, 1160, -1,
					1159, 1160, 1161, -1,
					1161, 1160, 1134, -1,
					1161, 1134, 1153, -1,
					1153, 1134, 802, -1,
					1153, 802, 707, -1,
					1136, 1156, 865, -1,
					865, 1156, 866, -1,
					1135, 1134, 1160, -1,
					1135, 1160, 1145, -1,
					1145, 1160, 1158, -1,
					1145, 1158, 1143, -1,
					1143, 1158, 1157, -1,
					1143, 1157, 1141, -1,
					1139, 1141, 1151, -1,
					1151, 1141, 1157, -1,
					1140, 1139, 1150, -1,
					1150, 1139, 1151, -1,
					1142, 1140, 1149, -1,
					1149, 1140, 1150, -1,
					1142, 1149, 1144, -1,
					1144, 1149, 1159, -1,
					1144, 1159, 1146, -1,
					1146, 1159, 1161, -1,
					1146, 1161, 1147, -1,
					1147, 1161, 1153, -1,
					1148, 1147, 1152, -1,
					1152, 1147, 1153, -1,
					1148, 1152, 1154, -1,
					1148, 1154, 1138, -1,
					1138, 1154, 1155, -1,
					1138, 1155, 1137, -1,
					1137, 1155, 1156, -1,
					1137, 1156, 1136, -1,
					824, 1162, 801, -1,
					801, 1162, 1163, -1,
					879, 704, 1164, -1,
					1164, 704, 706, -1,
					1164, 706, 1165, -1,
					1165, 706, 1166, -1,
					1167, 1168, 1169, -1,
					1169, 1168, 1170, -1,
					1169, 1170, 1171, -1,
					1171, 1170, 1172, -1,
					1171, 1172, 1173, -1,
					1173, 1172, 1163, -1,
					1163, 1172, 1174, -1,
					1163, 1174, 801, -1,
					801, 1174, 1175, -1,
					801, 1175, 706, -1,
					706, 1175, 1176, -1,
					706, 1176, 1166, -1,
					1177, 1178, 1179, -1,
					703, 701, 878, -1,
					703, 1180, 1181, -1,
					1182, 1180, 1183, -1,
					1183, 1180, 703, -1,
					1183, 703, 1184, -1,
					1184, 703, 878, -1,
					1179, 1185, 1177, -1,
					1177, 1185, 1186, -1,
					1177, 1186, 1187, -1,
					1187, 1186, 1188, -1,
					1187, 1188, 1189, -1,
					1189, 1188, 1162, -1,
					1189, 1162, 1181, -1,
					1181, 1162, 824, -1,
					1181, 824, 703, -1,
					1164, 1184, 879, -1,
					879, 1184, 878, -1,
					1163, 1162, 1188, -1,
					1163, 1188, 1173, -1,
					1173, 1188, 1186, -1,
					1173, 1186, 1171, -1,
					1171, 1186, 1185, -1,
					1171, 1185, 1169, -1,
					1167, 1169, 1179, -1,
					1179, 1169, 1185, -1,
					1168, 1167, 1178, -1,
					1178, 1167, 1179, -1,
					1170, 1168, 1177, -1,
					1177, 1168, 1178, -1,
					1170, 1177, 1172, -1,
					1172, 1177, 1187, -1,
					1172, 1187, 1174, -1,
					1174, 1187, 1189, -1,
					1174, 1189, 1175, -1,
					1175, 1189, 1181, -1,
					1176, 1175, 1180, -1,
					1180, 1175, 1181, -1,
					1176, 1180, 1182, -1,
					1176, 1182, 1166, -1,
					1166, 1182, 1183, -1,
					1166, 1183, 1165, -1,
					1165, 1183, 1184, -1,
					1165, 1184, 1164, -1,
					825, 1190, 797, -1,
					797, 1190, 1191, -1,
					882, 700, 1192, -1,
					1192, 700, 702, -1,
					1192, 702, 1193, -1,
					1193, 702, 1194, -1,
					1195, 1196, 1197, -1,
					1197, 1196, 1198, -1,
					1197, 1198, 1199, -1,
					1199, 1198, 1200, -1,
					1199, 1200, 1201, -1,
					1201, 1200, 1191, -1,
					1191, 1200, 1202, -1,
					1191, 1202, 797, -1,
					797, 1202, 1203, -1,
					797, 1203, 702, -1,
					702, 1203, 1204, -1,
					702, 1204, 1194, -1,
					1205, 1206, 1207, -1,
					699, 697, 854, -1,
					699, 1208, 1209, -1,
					1210, 1208, 1211, -1,
					1211, 1208, 699, -1,
					1211, 699, 1212, -1,
					1212, 699, 854, -1,
					1207, 1213, 1205, -1,
					1205, 1213, 1214, -1,
					1205, 1214, 1215, -1,
					1215, 1214, 1216, -1,
					1215, 1216, 1217, -1,
					1217, 1216, 1190, -1,
					1217, 1190, 1209, -1,
					1209, 1190, 825, -1,
					1209, 825, 699, -1,
					1192, 1212, 882, -1,
					882, 1212, 854, -1,
					1191, 1190, 1216, -1,
					1191, 1216, 1201, -1,
					1201, 1216, 1214, -1,
					1201, 1214, 1199, -1,
					1199, 1214, 1213, -1,
					1199, 1213, 1197, -1,
					1195, 1197, 1207, -1,
					1207, 1197, 1213, -1,
					1196, 1195, 1206, -1,
					1206, 1195, 1207, -1,
					1198, 1196, 1205, -1,
					1205, 1196, 1206, -1,
					1198, 1205, 1200, -1,
					1200, 1205, 1215, -1,
					1200, 1215, 1202, -1,
					1202, 1215, 1217, -1,
					1202, 1217, 1203, -1,
					1203, 1217, 1209, -1,
					1204, 1203, 1208, -1,
					1208, 1203, 1209, -1,
					1204, 1208, 1210, -1,
					1204, 1210, 1194, -1,
					1194, 1210, 1211, -1,
					1194, 1211, 1193, -1,
					1193, 1211, 1212, -1,
					1193, 1212, 1192, -1,
					819, 1218, 820, -1,
					820, 1218, 1219, -1,
					855, 696, 1220, -1,
					1220, 696, 698, -1,
					1220, 698, 1221, -1,
					1221, 698, 1222, -1,
					1223, 1224, 1225, -1,
					1225, 1224, 1226, -1,
					1225, 1226, 1227, -1,
					1227, 1226, 1228, -1,
					1227, 1228, 1229, -1,
					1229, 1228, 1219, -1,
					1219, 1228, 1230, -1,
					1219, 1230, 820, -1,
					820, 1230, 1231, -1,
					820, 1231, 698, -1,
					698, 1231, 1232, -1,
					698, 1232, 1222, -1,
					1233, 1234, 1235, -1,
					695, 693, 856, -1,
					695, 1236, 1237, -1,
					1238, 1236, 1239, -1,
					1239, 1236, 695, -1,
					1239, 695, 1240, -1,
					1240, 695, 856, -1,
					1235, 1241, 1233, -1,
					1233, 1241, 1242, -1,
					1233, 1242, 1243, -1,
					1243, 1242, 1244, -1,
					1243, 1244, 1245, -1,
					1245, 1244, 1218, -1,
					1245, 1218, 1237, -1,
					1237, 1218, 819, -1,
					1237, 819, 695, -1,
					1220, 1240, 855, -1,
					855, 1240, 856, -1,
					1219, 1218, 1244, -1,
					1219, 1244, 1229, -1,
					1229, 1244, 1242, -1,
					1229, 1242, 1227, -1,
					1227, 1242, 1241, -1,
					1227, 1241, 1225, -1,
					1223, 1225, 1235, -1,
					1235, 1225, 1241, -1,
					1224, 1223, 1234, -1,
					1234, 1223, 1235, -1,
					1226, 1224, 1233, -1,
					1233, 1224, 1234, -1,
					1226, 1233, 1228, -1,
					1228, 1233, 1243, -1,
					1228, 1243, 1230, -1,
					1230, 1243, 1245, -1,
					1230, 1245, 1231, -1,
					1231, 1245, 1237, -1,
					1232, 1231, 1236, -1,
					1236, 1231, 1237, -1,
					1232, 1236, 1238, -1,
					1232, 1238, 1222, -1,
					1222, 1238, 1239, -1,
					1222, 1239, 1221, -1,
					1221, 1239, 1240, -1,
					1221, 1240, 1220, -1,
					816, 1246, 817, -1,
					817, 1246, 1247, -1,
					892, 692, 1248, -1,
					1248, 692, 694, -1,
					1248, 694, 1249, -1,
					1249, 694, 1250, -1,
					1251, 1252, 1253, -1,
					1253, 1252, 1254, -1,
					1253, 1254, 1255, -1,
					1255, 1254, 1256, -1,
					1255, 1256, 1257, -1,
					1257, 1256, 1247, -1,
					1247, 1256, 1258, -1,
					1247, 1258, 817, -1,
					817, 1258, 1259, -1,
					817, 1259, 694, -1,
					694, 1259, 1260, -1,
					694, 1260, 1250, -1,
					1261, 1262, 1263, -1,
					691, 689, 893, -1,
					691, 1264, 1265, -1,
					1266, 1264, 1267, -1,
					1267, 1264, 691, -1,
					1267, 691, 1268, -1,
					1268, 691, 893, -1,
					1263, 1269, 1261, -1,
					1261, 1269, 1270, -1,
					1261, 1270, 1271, -1,
					1271, 1270, 1272, -1,
					1271, 1272, 1273, -1,
					1273, 1272, 1246, -1,
					1273, 1246, 1265, -1,
					1265, 1246, 816, -1,
					1265, 816, 691, -1,
					1248, 1268, 892, -1,
					892, 1268, 893, -1,
					1247, 1246, 1272, -1,
					1247, 1272, 1257, -1,
					1257, 1272, 1270, -1,
					1257, 1270, 1255, -1,
					1255, 1270, 1269, -1,
					1255, 1269, 1253, -1,
					1251, 1253, 1263, -1,
					1263, 1253, 1269, -1,
					1252, 1251, 1262, -1,
					1262, 1251, 1263, -1,
					1254, 1252, 1261, -1,
					1261, 1252, 1262, -1,
					1254, 1261, 1256, -1,
					1256, 1261, 1271, -1,
					1256, 1271, 1258, -1,
					1258, 1271, 1273, -1,
					1258, 1273, 1259, -1,
					1259, 1273, 1265, -1,
					1260, 1259, 1264, -1,
					1264, 1259, 1265, -1,
					1260, 1264, 1266, -1,
					1260, 1266, 1250, -1,
					1250, 1266, 1267, -1,
					1250, 1267, 1249, -1,
					1249, 1267, 1268, -1,
					1249, 1268, 1248, -1,
					805, 1274, 806, -1,
					806, 1274, 1275, -1,
					895, 688, 1276, -1,
					1276, 688, 690, -1,
					1276, 690, 1277, -1,
					1277, 690, 1278, -1,
					1279, 1280, 1281, -1,
					1281, 1280, 1282, -1,
					1281, 1282, 1283, -1,
					1283, 1282, 1284, -1,
					1283, 1284, 1285, -1,
					1285, 1284, 1275, -1,
					1275, 1284, 1286, -1,
					1275, 1286, 806, -1,
					806, 1286, 1287, -1,
					806, 1287, 690, -1,
					690, 1287, 1288, -1,
					690, 1288, 1278, -1,
					1289, 1290, 1291, -1,
					687, 685, 896, -1,
					687, 1292, 1293, -1,
					1294, 1292, 1295, -1,
					1295, 1292, 687, -1,
					1295, 687, 1296, -1,
					1296, 687, 896, -1,
					1291, 1297, 1289, -1,
					1289, 1297, 1298, -1,
					1289, 1298, 1299, -1,
					1299, 1298, 1300, -1,
					1299, 1300, 1301, -1,
					1301, 1300, 1274, -1,
					1301, 1274, 1293, -1,
					1293, 1274, 805, -1,
					1293, 805, 687, -1,
					1276, 1296, 895, -1,
					895, 1296, 896, -1,
					1275, 1274, 1300, -1,
					1275, 1300, 1285, -1,
					1285, 1300, 1298, -1,
					1285, 1298, 1283, -1,
					1283, 1298, 1297, -1,
					1283, 1297, 1281, -1,
					1279, 1281, 1291, -1,
					1291, 1281, 1297, -1,
					1280, 1279, 1290, -1,
					1290, 1279, 1291, -1,
					1282, 1280, 1289, -1,
					1289, 1280, 1290, -1,
					1282, 1289, 1284, -1,
					1284, 1289, 1299, -1,
					1284, 1299, 1286, -1,
					1286, 1299, 1301, -1,
					1286, 1301, 1287, -1,
					1287, 1301, 1293, -1,
					1288, 1287, 1292, -1,
					1292, 1287, 1293, -1,
					1288, 1292, 1294, -1,
					1288, 1294, 1278, -1,
					1278, 1294, 1295, -1,
					1278, 1295, 1277, -1,
					1277, 1295, 1296, -1,
					1277, 1296, 1276, -1,
					789, 1302, 800, -1,
					800, 1302, 1303, -1,
					902, 684, 1304, -1,
					1304, 684, 686, -1,
					1304, 686, 1305, -1,
					1305, 686, 1306, -1,
					1307, 1308, 1309, -1,
					1309, 1308, 1310, -1,
					1309, 1310, 1311, -1,
					1311, 1310, 1312, -1,
					1311, 1312, 1313, -1,
					1313, 1312, 1303, -1,
					1303, 1312, 1314, -1,
					1303, 1314, 800, -1,
					800, 1314, 1315, -1,
					800, 1315, 686, -1,
					686, 1315, 1316, -1,
					686, 1316, 1306, -1,
					1317, 1318, 1319, -1,
					683, 681, 874, -1,
					683, 1320, 1321, -1,
					1322, 1320, 1323, -1,
					1323, 1320, 683, -1,
					1323, 683, 1324, -1,
					1324, 683, 874, -1,
					1319, 1325, 1317, -1,
					1317, 1325, 1326, -1,
					1317, 1326, 1327, -1,
					1327, 1326, 1328, -1,
					1327, 1328, 1329, -1,
					1329, 1328, 1302, -1,
					1329, 1302, 1321, -1,
					1321, 1302, 789, -1,
					1321, 789, 683, -1,
					1304, 1324, 902, -1,
					902, 1324, 874, -1,
					1303, 1302, 1328, -1,
					1303, 1328, 1313, -1,
					1313, 1328, 1326, -1,
					1313, 1326, 1311, -1,
					1311, 1326, 1325, -1,
					1311, 1325, 1309, -1,
					1307, 1309, 1319, -1,
					1319, 1309, 1325, -1,
					1308, 1307, 1318, -1,
					1318, 1307, 1319, -1,
					1310, 1308, 1317, -1,
					1317, 1308, 1318, -1,
					1310, 1317, 1312, -1,
					1312, 1317, 1327, -1,
					1312, 1327, 1314, -1,
					1314, 1327, 1329, -1,
					1314, 1329, 1315, -1,
					1315, 1329, 1321, -1,
					1316, 1315, 1320, -1,
					1320, 1315, 1321, -1,
					1316, 1320, 1322, -1,
					1316, 1322, 1306, -1,
					1306, 1322, 1323, -1,
					1306, 1323, 1305, -1,
					1305, 1323, 1324, -1,
					1305, 1324, 1304, -1,
					783, 1330, 784, -1,
					784, 1330, 1331, -1,
					897, 680, 1332, -1,
					1332, 680, 682, -1,
					1332, 682, 1333, -1,
					1333, 682, 1334, -1,
					1335, 1336, 1337, -1,
					1337, 1336, 1338, -1,
					1337, 1338, 1339, -1,
					1339, 1338, 1340, -1,
					1339, 1340, 1341, -1,
					1341, 1340, 1331, -1,
					1331, 1340, 1342, -1,
					1331, 1342, 784, -1,
					784, 1342, 1343, -1,
					784, 1343, 682, -1,
					682, 1343, 1344, -1,
					682, 1344, 1334, -1,
					1345, 1346, 1347, -1,
					679, 677, 883, -1,
					679, 1348, 1349, -1,
					1350, 1348, 1351, -1,
					1351, 1348, 679, -1,
					1351, 679, 1352, -1,
					1352, 679, 883, -1,
					1347, 1353, 1345, -1,
					1345, 1353, 1354, -1,
					1345, 1354, 1355, -1,
					1355, 1354, 1356, -1,
					1355, 1356, 1357, -1,
					1357, 1356, 1330, -1,
					1357, 1330, 1349, -1,
					1349, 1330, 783, -1,
					1349, 783, 679, -1,
					1332, 1352, 897, -1,
					897, 1352, 883, -1,
					1331, 1330, 1356, -1,
					1331, 1356, 1341, -1,
					1341, 1356, 1354, -1,
					1341, 1354, 1339, -1,
					1339, 1354, 1353, -1,
					1339, 1353, 1337, -1,
					1335, 1337, 1347, -1,
					1347, 1337, 1353, -1,
					1336, 1335, 1346, -1,
					1346, 1335, 1347, -1,
					1338, 1336, 1345, -1,
					1345, 1336, 1346, -1,
					1338, 1345, 1340, -1,
					1340, 1345, 1355, -1,
					1340, 1355, 1342, -1,
					1342, 1355, 1357, -1,
					1342, 1357, 1343, -1,
					1343, 1357, 1349, -1,
					1344, 1343, 1348, -1,
					1348, 1343, 1349, -1,
					1344, 1348, 1350, -1,
					1344, 1350, 1334, -1,
					1334, 1350, 1351, -1,
					1334, 1351, 1333, -1,
					1333, 1351, 1352, -1,
					1333, 1352, 1332, -1,
					785, 1358, 781, -1,
					781, 1358, 1359, -1,
					852, 676, 1360, -1,
					1360, 676, 678, -1,
					1360, 678, 1361, -1,
					1361, 678, 1362, -1,
					1363, 1364, 1365, -1,
					1365, 1364, 1366, -1,
					1365, 1366, 1367, -1,
					1367, 1366, 1368, -1,
					1367, 1368, 1369, -1,
					1369, 1368, 1359, -1,
					1359, 1368, 1370, -1,
					1359, 1370, 781, -1,
					781, 1370, 1371, -1,
					781, 1371, 678, -1,
					678, 1371, 1372, -1,
					678, 1372, 1362, -1,
					1373, 1374, 1375, -1,
					675, 673, 853, -1,
					675, 1376, 1377, -1,
					1378, 1376, 1379, -1,
					1379, 1376, 675, -1,
					1379, 675, 1380, -1,
					1380, 675, 853, -1,
					1375, 1381, 1373, -1,
					1373, 1381, 1382, -1,
					1373, 1382, 1383, -1,
					1383, 1382, 1384, -1,
					1383, 1384, 1385, -1,
					1385, 1384, 1358, -1,
					1385, 1358, 1377, -1,
					1377, 1358, 785, -1,
					1377, 785, 675, -1,
					1360, 1380, 852, -1,
					852, 1380, 853, -1,
					1359, 1358, 1384, -1,
					1359, 1384, 1369, -1,
					1369, 1384, 1382, -1,
					1369, 1382, 1367, -1,
					1367, 1382, 1381, -1,
					1367, 1381, 1365, -1,
					1363, 1365, 1375, -1,
					1375, 1365, 1381, -1,
					1364, 1363, 1374, -1,
					1374, 1363, 1375, -1,
					1366, 1364, 1373, -1,
					1373, 1364, 1374, -1,
					1366, 1373, 1368, -1,
					1368, 1373, 1383, -1,
					1368, 1383, 1370, -1,
					1370, 1383, 1385, -1,
					1370, 1385, 1371, -1,
					1371, 1385, 1377, -1,
					1372, 1371, 1376, -1,
					1376, 1371, 1377, -1,
					1372, 1376, 1378, -1,
					1372, 1378, 1362, -1,
					1362, 1378, 1379, -1,
					1362, 1379, 1361, -1,
					1361, 1379, 1380, -1,
					1361, 1380, 1360, -1,
					775, 1386, 776, -1,
					776, 1386, 1387, -1,
					858, 672, 1388, -1,
					1388, 672, 674, -1,
					1388, 674, 1389, -1,
					1389, 674, 1390, -1,
					1391, 1392, 1393, -1,
					1393, 1392, 1394, -1,
					1393, 1394, 1395, -1,
					1395, 1394, 1396, -1,
					1395, 1396, 1397, -1,
					1397, 1396, 1387, -1,
					1387, 1396, 1398, -1,
					1387, 1398, 776, -1,
					776, 1398, 1399, -1,
					776, 1399, 674, -1,
					674, 1399, 1400, -1,
					674, 1400, 1390, -1,
					1401, 1402, 1403, -1,
					671, 669, 857, -1,
					671, 1404, 1405, -1,
					1406, 1404, 1407, -1,
					1407, 1404, 671, -1,
					1407, 671, 1408, -1,
					1408, 671, 857, -1,
					1403, 1409, 1401, -1,
					1401, 1409, 1410, -1,
					1401, 1410, 1411, -1,
					1411, 1410, 1412, -1,
					1411, 1412, 1413, -1,
					1413, 1412, 1386, -1,
					1413, 1386, 1405, -1,
					1405, 1386, 775, -1,
					1405, 775, 671, -1,
					1388, 1408, 858, -1,
					858, 1408, 857, -1,
					1387, 1386, 1412, -1,
					1387, 1412, 1397, -1,
					1397, 1412, 1410, -1,
					1397, 1410, 1395, -1,
					1395, 1410, 1409, -1,
					1395, 1409, 1393, -1,
					1391, 1393, 1403, -1,
					1403, 1393, 1409, -1,
					1392, 1391, 1402, -1,
					1402, 1391, 1403, -1,
					1394, 1392, 1401, -1,
					1401, 1392, 1402, -1,
					1394, 1401, 1396, -1,
					1396, 1401, 1411, -1,
					1396, 1411, 1398, -1,
					1398, 1411, 1413, -1,
					1398, 1413, 1399, -1,
					1399, 1413, 1405, -1,
					1400, 1399, 1404, -1,
					1404, 1399, 1405, -1,
					1400, 1404, 1406, -1,
					1400, 1406, 1390, -1,
					1390, 1406, 1407, -1,
					1390, 1407, 1389, -1,
					1389, 1407, 1408, -1,
					1389, 1408, 1388, -1,
					778, 1414, 772, -1,
					772, 1414, 1415, -1,
					867, 668, 1416, -1,
					1416, 668, 670, -1,
					1416, 670, 1417, -1,
					1417, 670, 1418, -1,
					1419, 1420, 1421, -1,
					1421, 1420, 1422, -1,
					1421, 1422, 1423, -1,
					1423, 1422, 1424, -1,
					1423, 1424, 1425, -1,
					1425, 1424, 1415, -1,
					1415, 1424, 1426, -1,
					1415, 1426, 772, -1,
					772, 1426, 1427, -1,
					772, 1427, 670, -1,
					670, 1427, 1428, -1,
					670, 1428, 1418, -1,
					1429, 1430, 1431, -1,
					667, 665, 859, -1,
					667, 1432, 1433, -1,
					1434, 1432, 1435, -1,
					1435, 1432, 667, -1,
					1435, 667, 1436, -1,
					1436, 667, 859, -1,
					1431, 1437, 1429, -1,
					1429, 1437, 1438, -1,
					1429, 1438, 1439, -1,
					1439, 1438, 1440, -1,
					1439, 1440, 1441, -1,
					1441, 1440, 1414, -1,
					1441, 1414, 1433, -1,
					1433, 1414, 778, -1,
					1433, 778, 667, -1,
					1416, 1436, 867, -1,
					867, 1436, 859, -1,
					1415, 1414, 1440, -1,
					1415, 1440, 1425, -1,
					1425, 1440, 1438, -1,
					1425, 1438, 1423, -1,
					1423, 1438, 1437, -1,
					1423, 1437, 1421, -1,
					1419, 1421, 1431, -1,
					1431, 1421, 1437, -1,
					1420, 1419, 1430, -1,
					1430, 1419, 1431, -1,
					1422, 1420, 1429, -1,
					1429, 1420, 1430, -1,
					1422, 1429, 1424, -1,
					1424, 1429, 1439, -1,
					1424, 1439, 1426, -1,
					1426, 1439, 1441, -1,
					1426, 1441, 1427, -1,
					1427, 1441, 1433, -1,
					1428, 1427, 1432, -1,
					1432, 1427, 1433, -1,
					1428, 1432, 1434, -1,
					1428, 1434, 1418, -1,
					1418, 1434, 1435, -1,
					1418, 1435, 1417, -1,
					1417, 1435, 1436, -1,
					1417, 1436, 1416, -1,
					763, 1442, 764, -1,
					764, 1442, 1443, -1,
					863, 664, 1444, -1,
					1444, 664, 666, -1,
					1444, 666, 1445, -1,
					1445, 666, 1446, -1,
					1447, 1448, 1449, -1,
					1449, 1448, 1450, -1,
					1449, 1450, 1451, -1,
					1451, 1450, 1452, -1,
					1451, 1452, 1453, -1,
					1453, 1452, 1443, -1,
					1443, 1452, 1454, -1,
					1443, 1454, 764, -1,
					764, 1454, 1455, -1,
					764, 1455, 666, -1,
					666, 1455, 1456, -1,
					666, 1456, 1446, -1,
					1457, 1458, 1459, -1,
					663, 661, 864, -1,
					663, 1460, 1461, -1,
					1462, 1460, 1463, -1,
					1463, 1460, 663, -1,
					1463, 663, 1464, -1,
					1464, 663, 864, -1,
					1459, 1465, 1457, -1,
					1457, 1465, 1466, -1,
					1457, 1466, 1467, -1,
					1467, 1466, 1468, -1,
					1467, 1468, 1469, -1,
					1469, 1468, 1442, -1,
					1469, 1442, 1461, -1,
					1461, 1442, 763, -1,
					1461, 763, 663, -1,
					1444, 1464, 863, -1,
					863, 1464, 864, -1,
					1443, 1442, 1468, -1,
					1443, 1468, 1453, -1,
					1453, 1468, 1466, -1,
					1453, 1466, 1451, -1,
					1451, 1466, 1465, -1,
					1451, 1465, 1449, -1,
					1447, 1449, 1459, -1,
					1459, 1449, 1465, -1,
					1448, 1447, 1458, -1,
					1458, 1447, 1459, -1,
					1450, 1448, 1457, -1,
					1457, 1448, 1458, -1,
					1450, 1457, 1452, -1,
					1452, 1457, 1467, -1,
					1452, 1467, 1454, -1,
					1454, 1467, 1469, -1,
					1454, 1469, 1455, -1,
					1455, 1469, 1461, -1,
					1456, 1455, 1460, -1,
					1460, 1455, 1461, -1,
					1456, 1460, 1462, -1,
					1456, 1462, 1446, -1,
					1446, 1462, 1463, -1,
					1446, 1463, 1445, -1,
					1445, 1463, 1464, -1,
					1445, 1464, 1444, -1,
					768, 1470, 762, -1,
					762, 1470, 1471, -1,
					884, 660, 1472, -1,
					1472, 660, 662, -1,
					1472, 662, 1473, -1,
					1473, 662, 1474, -1,
					1475, 1476, 1477, -1,
					1477, 1476, 1478, -1,
					1477, 1478, 1479, -1,
					1479, 1478, 1480, -1,
					1479, 1480, 1481, -1,
					1481, 1480, 1471, -1,
					1471, 1480, 1482, -1,
					1471, 1482, 762, -1,
					762, 1482, 1483, -1,
					762, 1483, 662, -1,
					662, 1483, 1484, -1,
					662, 1484, 1474, -1,
					1485, 1486, 1487, -1,
					659, 657, 885, -1,
					659, 1488, 1489, -1,
					1490, 1488, 1491, -1,
					1491, 1488, 659, -1,
					1491, 659, 1492, -1,
					1492, 659, 885, -1,
					1487, 1493, 1485, -1,
					1485, 1493, 1494, -1,
					1485, 1494, 1495, -1,
					1495, 1494, 1496, -1,
					1495, 1496, 1497, -1,
					1497, 1496, 1470, -1,
					1497, 1470, 1489, -1,
					1489, 1470, 768, -1,
					1489, 768, 659, -1,
					1472, 1492, 884, -1,
					884, 1492, 885, -1,
					1471, 1470, 1496, -1,
					1471, 1496, 1481, -1,
					1481, 1496, 1494, -1,
					1481, 1494, 1479, -1,
					1479, 1494, 1493, -1,
					1479, 1493, 1477, -1,
					1475, 1477, 1487, -1,
					1487, 1477, 1493, -1,
					1476, 1475, 1486, -1,
					1486, 1475, 1487, -1,
					1478, 1476, 1485, -1,
					1485, 1476, 1486, -1,
					1478, 1485, 1480, -1,
					1480, 1485, 1495, -1,
					1480, 1495, 1482, -1,
					1482, 1495, 1497, -1,
					1482, 1497, 1483, -1,
					1483, 1497, 1489, -1,
					1484, 1483, 1488, -1,
					1488, 1483, 1489, -1,
					1484, 1488, 1490, -1,
					1484, 1490, 1474, -1,
					1474, 1490, 1491, -1,
					1474, 1491, 1473, -1,
					1473, 1491, 1492, -1,
					1473, 1492, 1472, -1,
					756, 1498, 757, -1,
					757, 1498, 1499, -1,
					889, 656, 1500, -1,
					1500, 656, 658, -1,
					1500, 658, 1501, -1,
					1501, 658, 1502, -1,
					1503, 1504, 1505, -1,
					1505, 1504, 1506, -1,
					1505, 1506, 1507, -1,
					1507, 1506, 1508, -1,
					1507, 1508, 1509, -1,
					1509, 1508, 1499, -1,
					1499, 1508, 1510, -1,
					1499, 1510, 757, -1,
					757, 1510, 1511, -1,
					757, 1511, 658, -1,
					658, 1511, 1512, -1,
					658, 1512, 1502, -1,
					1513, 1514, 1515, -1,
					655, 653, 880, -1,
					655, 1516, 1517, -1,
					1518, 1516, 1519, -1,
					1519, 1516, 655, -1,
					1519, 655, 1520, -1,
					1520, 655, 880, -1,
					1515, 1521, 1513, -1,
					1513, 1521, 1522, -1,
					1513, 1522, 1523, -1,
					1523, 1522, 1524, -1,
					1523, 1524, 1525, -1,
					1525, 1524, 1498, -1,
					1525, 1498, 1517, -1,
					1517, 1498, 756, -1,
					1517, 756, 655, -1,
					1500, 1520, 889, -1,
					889, 1520, 880, -1,
					1499, 1498, 1524, -1,
					1499, 1524, 1509, -1,
					1509, 1524, 1522, -1,
					1509, 1522, 1507, -1,
					1507, 1522, 1521, -1,
					1507, 1521, 1505, -1,
					1503, 1505, 1515, -1,
					1515, 1505, 1521, -1,
					1504, 1503, 1514, -1,
					1514, 1503, 1515, -1,
					1506, 1504, 1513, -1,
					1513, 1504, 1514, -1,
					1506, 1513, 1508, -1,
					1508, 1513, 1523, -1,
					1508, 1523, 1510, -1,
					1510, 1523, 1525, -1,
					1510, 1525, 1511, -1,
					1511, 1525, 1517, -1,
					1512, 1511, 1516, -1,
					1516, 1511, 1517, -1,
					1512, 1516, 1518, -1,
					1512, 1518, 1502, -1,
					1502, 1518, 1519, -1,
					1502, 1519, 1501, -1,
					1501, 1519, 1520, -1,
					1501, 1520, 1500, -1,
					761, 1526, 755, -1,
					755, 1526, 1527, -1,
					886, 652, 1528, -1,
					1528, 652, 654, -1,
					1528, 654, 1529, -1,
					1529, 654, 1530, -1,
					1531, 1532, 1533, -1,
					1533, 1532, 1534, -1,
					1533, 1534, 1535, -1,
					1535, 1534, 1536, -1,
					1535, 1536, 1537, -1,
					1537, 1536, 1527, -1,
					1527, 1536, 1538, -1,
					1527, 1538, 755, -1,
					755, 1538, 1539, -1,
					755, 1539, 654, -1,
					654, 1539, 1540, -1,
					654, 1540, 1530, -1,
					1541, 1542, 1543, -1,
					651, 649, 887, -1,
					651, 1544, 1545, -1,
					1546, 1544, 1547, -1,
					1547, 1544, 651, -1,
					1547, 651, 1548, -1,
					1548, 651, 887, -1,
					1543, 1549, 1541, -1,
					1541, 1549, 1550, -1,
					1541, 1550, 1551, -1,
					1551, 1550, 1552, -1,
					1551, 1552, 1553, -1,
					1553, 1552, 1526, -1,
					1553, 1526, 1545, -1,
					1545, 1526, 761, -1,
					1545, 761, 651, -1,
					1528, 1548, 886, -1,
					886, 1548, 887, -1,
					1527, 1526, 1552, -1,
					1527, 1552, 1537, -1,
					1537, 1552, 1550, -1,
					1537, 1550, 1535, -1,
					1535, 1550, 1549, -1,
					1535, 1549, 1533, -1,
					1531, 1533, 1543, -1,
					1543, 1533, 1549, -1,
					1532, 1531, 1542, -1,
					1542, 1531, 1543, -1,
					1534, 1532, 1541, -1,
					1541, 1532, 1542, -1,
					1534, 1541, 1536, -1,
					1536, 1541, 1551, -1,
					1536, 1551, 1538, -1,
					1538, 1551, 1553, -1,
					1538, 1553, 1539, -1,
					1539, 1553, 1545, -1,
					1540, 1539, 1544, -1,
					1544, 1539, 1545, -1,
					1540, 1544, 1546, -1,
					1540, 1546, 1530, -1,
					1530, 1546, 1547, -1,
					1530, 1547, 1529, -1,
					1529, 1547, 1548, -1,
					1529, 1548, 1528, -1,
					752, 1554, 749, -1,
					749, 1554, 1555, -1,
					899, 648, 1556, -1,
					1556, 648, 650, -1,
					1556, 650, 1557, -1,
					1557, 650, 1558, -1,
					1559, 1560, 1561, -1,
					1561, 1560, 1562, -1,
					1561, 1562, 1563, -1,
					1563, 1562, 1564, -1,
					1563, 1564, 1565, -1,
					1565, 1564, 1555, -1,
					1555, 1564, 1566, -1,
					1555, 1566, 749, -1,
					749, 1566, 1567, -1,
					749, 1567, 650, -1,
					650, 1567, 1568, -1,
					650, 1568, 1558, -1,
					1569, 1570, 1571, -1,
					646, 647, 898, -1,
					646, 1572, 1573, -1,
					1574, 1572, 1575, -1,
					1575, 1572, 646, -1,
					1575, 646, 1576, -1,
					1576, 646, 898, -1,
					1571, 1577, 1569, -1,
					1569, 1577, 1578, -1,
					1569, 1578, 1579, -1,
					1579, 1578, 1580, -1,
					1579, 1580, 1581, -1,
					1581, 1580, 1554, -1,
					1581, 1554, 1573, -1,
					1573, 1554, 752, -1,
					1573, 752, 646, -1,
					1556, 1576, 899, -1,
					899, 1576, 898, -1,
					1555, 1554, 1580, -1,
					1555, 1580, 1565, -1,
					1565, 1580, 1578, -1,
					1565, 1578, 1563, -1,
					1563, 1578, 1577, -1,
					1563, 1577, 1561, -1,
					1559, 1561, 1571, -1,
					1571, 1561, 1577, -1,
					1560, 1559, 1570, -1,
					1570, 1559, 1571, -1,
					1562, 1560, 1569, -1,
					1569, 1560, 1570, -1,
					1562, 1569, 1564, -1,
					1564, 1569, 1579, -1,
					1564, 1579, 1566, -1,
					1566, 1579, 1581, -1,
					1566, 1581, 1567, -1,
					1567, 1581, 1573, -1,
					1568, 1567, 1572, -1,
					1572, 1567, 1573, -1,
					1568, 1572, 1574, -1,
					1568, 1574, 1558, -1,
					1558, 1574, 1575, -1,
					1558, 1575, 1557, -1,
					1557, 1575, 1576, -1,
					1557, 1576, 1556, -1,
					769, 1582, 765, -1,
					765, 1582, 1583, -1,
					871, 637, 1584, -1,
					1584, 637, 636, -1,
					1584, 636, 1585, -1,
					1585, 636, 1586, -1,
					1587, 1588, 1589, -1,
					1589, 1588, 1590, -1,
					1589, 1590, 1591, -1,
					1591, 1590, 1592, -1,
					1591, 1592, 1593, -1,
					1593, 1592, 1583, -1,
					1583, 1592, 1594, -1,
					1583, 1594, 765, -1,
					765, 1594, 1595, -1,
					765, 1595, 636, -1,
					636, 1595, 1596, -1,
					636, 1596, 1586, -1,
					1597, 1598, 1599, -1,
					642, 643, 877, -1,
					642, 1600, 1601, -1,
					1602, 1600, 1603, -1,
					1603, 1600, 642, -1,
					1603, 642, 1604, -1,
					1604, 642, 877, -1,
					1599, 1605, 1597, -1,
					1597, 1605, 1606, -1,
					1597, 1606, 1607, -1,
					1607, 1606, 1608, -1,
					1607, 1608, 1609, -1,
					1609, 1608, 1582, -1,
					1609, 1582, 1601, -1,
					1601, 1582, 769, -1,
					1601, 769, 642, -1,
					1584, 1604, 871, -1,
					871, 1604, 877, -1,
					1583, 1582, 1608, -1,
					1583, 1608, 1593, -1,
					1593, 1608, 1606, -1,
					1593, 1606, 1591, -1,
					1591, 1606, 1605, -1,
					1591, 1605, 1589, -1,
					1587, 1589, 1599, -1,
					1599, 1589, 1605, -1,
					1588, 1587, 1598, -1,
					1598, 1587, 1599, -1,
					1590, 1588, 1597, -1,
					1597, 1588, 1598, -1,
					1590, 1597, 1592, -1,
					1592, 1597, 1607, -1,
					1592, 1607, 1594, -1,
					1594, 1607, 1609, -1,
					1594, 1609, 1595, -1,
					1595, 1609, 1601, -1,
					1596, 1595, 1600, -1,
					1600, 1595, 1601, -1,
					1596, 1600, 1602, -1,
					1596, 1602, 1586, -1,
					1586, 1602, 1603, -1,
					1586, 1603, 1585, -1,
					1585, 1603, 1604, -1,
					1585, 1604, 1584, -1,
					766, 1610, 767, -1,
					767, 1610, 1611, -1,
					876, 633, 1612, -1,
					1612, 633, 632, -1,
					1612, 632, 1613, -1,
					1613, 632, 1614, -1,
					1615, 1616, 1617, -1,
					1617, 1616, 1618, -1,
					1617, 1618, 1619, -1,
					1619, 1618, 1620, -1,
					1619, 1620, 1621, -1,
					1621, 1620, 1611, -1,
					1611, 1620, 1622, -1,
					1611, 1622, 767, -1,
					767, 1622, 1623, -1,
					767, 1623, 632, -1,
					632, 1623, 1624, -1,
					632, 1624, 1614, -1,
					1625, 1626, 1627, -1,
					638, 639, 870, -1,
					638, 1628, 1629, -1,
					1630, 1628, 1631, -1,
					1631, 1628, 638, -1,
					1631, 638, 1632, -1,
					1632, 638, 870, -1,
					1627, 1633, 1625, -1,
					1625, 1633, 1634, -1,
					1625, 1634, 1635, -1,
					1635, 1634, 1636, -1,
					1635, 1636, 1637, -1,
					1637, 1636, 1610, -1,
					1637, 1610, 1629, -1,
					1629, 1610, 766, -1,
					1629, 766, 638, -1,
					1612, 1632, 876, -1,
					876, 1632, 870, -1,
					1611, 1610, 1636, -1,
					1611, 1636, 1621, -1,
					1621, 1636, 1634, -1,
					1621, 1634, 1619, -1,
					1619, 1634, 1633, -1,
					1619, 1633, 1617, -1,
					1615, 1617, 1627, -1,
					1627, 1617, 1633, -1,
					1616, 1615, 1626, -1,
					1626, 1615, 1627, -1,
					1618, 1616, 1625, -1,
					1625, 1616, 1626, -1,
					1618, 1625, 1620, -1,
					1620, 1625, 1635, -1,
					1620, 1635, 1622, -1,
					1622, 1635, 1637, -1,
					1622, 1637, 1623, -1,
					1623, 1637, 1629, -1,
					1624, 1623, 1628, -1,
					1628, 1623, 1629, -1,
					1624, 1628, 1630, -1,
					1624, 1630, 1614, -1,
					1614, 1630, 1631, -1,
					1614, 1631, 1613, -1,
					1613, 1631, 1632, -1,
					1613, 1632, 1612, -1,
					771, 1638, 774, -1,
					774, 1638, 1639, -1,
					894, 629, 1640, -1,
					1640, 629, 628, -1,
					1640, 628, 1641, -1,
					1641, 628, 1642, -1,
					1643, 1644, 1645, -1,
					1645, 1644, 1646, -1,
					1645, 1646, 1647, -1,
					1647, 1646, 1648, -1,
					1647, 1648, 1649, -1,
					1649, 1648, 1639, -1,
					1639, 1648, 1650, -1,
					1639, 1650, 774, -1,
					774, 1650, 1651, -1,
					774, 1651, 628, -1,
					628, 1651, 1652, -1,
					628, 1652, 1642, -1,
					1653, 1654, 1655, -1,
					634, 635, 860, -1,
					634, 1656, 1657, -1,
					1658, 1656, 1659, -1,
					1659, 1656, 634, -1,
					1659, 634, 1660, -1,
					1660, 634, 860, -1,
					1655, 1661, 1653, -1,
					1653, 1661, 1662, -1,
					1653, 1662, 1663, -1,
					1663, 1662, 1664, -1,
					1663, 1664, 1665, -1,
					1665, 1664, 1638, -1,
					1665, 1638, 1657, -1,
					1657, 1638, 771, -1,
					1657, 771, 634, -1,
					1640, 1660, 894, -1,
					894, 1660, 860, -1,
					1639, 1638, 1664, -1,
					1639, 1664, 1649, -1,
					1649, 1664, 1662, -1,
					1649, 1662, 1647, -1,
					1647, 1662, 1661, -1,
					1647, 1661, 1645, -1,
					1643, 1645, 1655, -1,
					1655, 1645, 1661, -1,
					1644, 1643, 1654, -1,
					1654, 1643, 1655, -1,
					1646, 1644, 1653, -1,
					1653, 1644, 1654, -1,
					1646, 1653, 1648, -1,
					1648, 1653, 1663, -1,
					1648, 1663, 1650, -1,
					1650, 1663, 1665, -1,
					1650, 1665, 1651, -1,
					1651, 1665, 1657, -1,
					1652, 1651, 1656, -1,
					1656, 1651, 1657, -1,
					1652, 1656, 1658, -1,
					1652, 1658, 1642, -1,
					1642, 1658, 1659, -1,
					1642, 1659, 1641, -1,
					1641, 1659, 1660, -1,
					1641, 1660, 1640, -1,
					773, 1666, 777, -1,
					777, 1666, 1667, -1,
					907, 625, 1668, -1,
					1668, 625, 624, -1,
					1668, 624, 1669, -1,
					1669, 624, 1670, -1,
					1671, 1672, 1673, -1,
					1673, 1672, 1674, -1,
					1673, 1674, 1675, -1,
					1675, 1674, 1676, -1,
					1675, 1676, 1677, -1,
					1677, 1676, 1667, -1,
					1667, 1676, 1678, -1,
					1667, 1678, 777, -1,
					777, 1678, 1679, -1,
					777, 1679, 624, -1,
					624, 1679, 1680, -1,
					624, 1680, 1670, -1,
					1681, 1682, 1683, -1,
					630, 631, 903, -1,
					630, 1684, 1685, -1,
					1686, 1684, 1687, -1,
					1687, 1684, 630, -1,
					1687, 630, 1688, -1,
					1688, 630, 903, -1,
					1683, 1689, 1681, -1,
					1681, 1689, 1690, -1,
					1681, 1690, 1691, -1,
					1691, 1690, 1692, -1,
					1691, 1692, 1693, -1,
					1693, 1692, 1666, -1,
					1693, 1666, 1685, -1,
					1685, 1666, 773, -1,
					1685, 773, 630, -1,
					1668, 1688, 907, -1,
					907, 1688, 903, -1,
					1667, 1666, 1692, -1,
					1667, 1692, 1677, -1,
					1677, 1692, 1690, -1,
					1677, 1690, 1675, -1,
					1675, 1690, 1689, -1,
					1675, 1689, 1673, -1,
					1671, 1673, 1683, -1,
					1683, 1673, 1689, -1,
					1672, 1671, 1682, -1,
					1682, 1671, 1683, -1,
					1674, 1672, 1681, -1,
					1681, 1672, 1682, -1,
					1674, 1681, 1676, -1,
					1676, 1681, 1691, -1,
					1676, 1691, 1678, -1,
					1678, 1691, 1693, -1,
					1678, 1693, 1679, -1,
					1679, 1693, 1685, -1,
					1680, 1679, 1684, -1,
					1684, 1679, 1685, -1,
					1680, 1684, 1686, -1,
					1680, 1686, 1670, -1,
					1670, 1686, 1687, -1,
					1670, 1687, 1669, -1,
					1669, 1687, 1688, -1,
					1669, 1688, 1668, -1,
					790, 1694, 779, -1,
					779, 1694, 1695, -1,
					905, 621, 1696, -1,
					1696, 621, 620, -1,
					1696, 620, 1697, -1,
					1697, 620, 1698, -1,
					1699, 1700, 1701, -1,
					1701, 1700, 1702, -1,
					1701, 1702, 1703, -1,
					1703, 1702, 1704, -1,
					1703, 1704, 1705, -1,
					1705, 1704, 1695, -1,
					1695, 1704, 1706, -1,
					1695, 1706, 779, -1,
					779, 1706, 1707, -1,
					779, 1707, 620, -1,
					620, 1707, 1708, -1,
					620, 1708, 1698, -1,
					1709, 1710, 1711, -1,
					626, 627, 906, -1,
					626, 1712, 1713, -1,
					1714, 1712, 1715, -1,
					1715, 1712, 626, -1,
					1715, 626, 1716, -1,
					1716, 626, 906, -1,
					1711, 1717, 1709, -1,
					1709, 1717, 1718, -1,
					1709, 1718, 1719, -1,
					1719, 1718, 1720, -1,
					1719, 1720, 1721, -1,
					1721, 1720, 1694, -1,
					1721, 1694, 1713, -1,
					1713, 1694, 790, -1,
					1713, 790, 626, -1,
					1696, 1716, 905, -1,
					905, 1716, 906, -1,
					1695, 1694, 1720, -1,
					1695, 1720, 1705, -1,
					1705, 1720, 1718, -1,
					1705, 1718, 1703, -1,
					1703, 1718, 1717, -1,
					1703, 1717, 1701, -1,
					1699, 1701, 1711, -1,
					1711, 1701, 1717, -1,
					1700, 1699, 1710, -1,
					1710, 1699, 1711, -1,
					1702, 1700, 1709, -1,
					1709, 1700, 1710, -1,
					1702, 1709, 1704, -1,
					1704, 1709, 1719, -1,
					1704, 1719, 1706, -1,
					1706, 1719, 1721, -1,
					1706, 1721, 1707, -1,
					1707, 1721, 1713, -1,
					1708, 1707, 1712, -1,
					1712, 1707, 1713, -1,
					1708, 1712, 1714, -1,
					1708, 1714, 1698, -1,
					1698, 1714, 1715, -1,
					1698, 1715, 1697, -1,
					1697, 1715, 1716, -1,
					1697, 1716, 1696, -1,
					780, 1722, 799, -1,
					799, 1722, 1723, -1,
					890, 617, 1724, -1,
					1724, 617, 616, -1,
					1724, 616, 1725, -1,
					1725, 616, 1726, -1,
					1727, 1728, 1729, -1,
					1729, 1728, 1730, -1,
					1729, 1730, 1731, -1,
					1731, 1730, 1732, -1,
					1731, 1732, 1733, -1,
					1733, 1732, 1723, -1,
					1723, 1732, 1734, -1,
					1723, 1734, 799, -1,
					799, 1734, 1735, -1,
					799, 1735, 616, -1,
					616, 1735, 1736, -1,
					616, 1736, 1726, -1,
					1737, 1738, 1739, -1,
					622, 623, 891, -1,
					622, 1740, 1741, -1,
					1742, 1740, 1743, -1,
					1743, 1740, 622, -1,
					1743, 622, 1744, -1,
					1744, 622, 891, -1,
					1739, 1745, 1737, -1,
					1737, 1745, 1746, -1,
					1737, 1746, 1747, -1,
					1747, 1746, 1748, -1,
					1747, 1748, 1749, -1,
					1749, 1748, 1722, -1,
					1749, 1722, 1741, -1,
					1741, 1722, 780, -1,
					1741, 780, 622, -1,
					1724, 1744, 890, -1,
					890, 1744, 891, -1,
					1723, 1722, 1748, -1,
					1723, 1748, 1733, -1,
					1733, 1748, 1746, -1,
					1733, 1746, 1731, -1,
					1731, 1746, 1745, -1,
					1731, 1745, 1729, -1,
					1727, 1729, 1739, -1,
					1739, 1729, 1745, -1,
					1728, 1727, 1738, -1,
					1738, 1727, 1739, -1,
					1730, 1728, 1737, -1,
					1737, 1728, 1738, -1,
					1730, 1737, 1732, -1,
					1732, 1737, 1747, -1,
					1732, 1747, 1734, -1,
					1734, 1747, 1749, -1,
					1734, 1749, 1735, -1,
					1735, 1749, 1741, -1,
					1736, 1735, 1740, -1,
					1740, 1735, 1741, -1,
					1736, 1740, 1742, -1,
					1736, 1742, 1726, -1,
					1726, 1742, 1743, -1,
					1726, 1743, 1725, -1,
					1725, 1743, 1744, -1,
					1725, 1744, 1724, -1,
					803, 1750, 804, -1,
					804, 1750, 1751, -1,
					904, 613, 1752, -1,
					1752, 613, 612, -1,
					1752, 612, 1753, -1,
					1753, 612, 1754, -1,
					1755, 1756, 1757, -1,
					1757, 1756, 1758, -1,
					1757, 1758, 1759, -1,
					1759, 1758, 1760, -1,
					1759, 1760, 1761, -1,
					1761, 1760, 1751, -1,
					1751, 1760, 1762, -1,
					1751, 1762, 804, -1,
					804, 1762, 1763, -1,
					804, 1763, 612, -1,
					612, 1763, 1764, -1,
					612, 1764, 1754, -1,
					1765, 1766, 1767, -1,
					618, 619, 875, -1,
					618, 1768, 1769, -1,
					1770, 1768, 1771, -1,
					1771, 1768, 618, -1,
					1771, 618, 1772, -1,
					1772, 618, 875, -1,
					1767, 1773, 1765, -1,
					1765, 1773, 1774, -1,
					1765, 1774, 1775, -1,
					1775, 1774, 1776, -1,
					1775, 1776, 1777, -1,
					1777, 1776, 1750, -1,
					1777, 1750, 1769, -1,
					1769, 1750, 803, -1,
					1769, 803, 618, -1,
					1752, 1772, 904, -1,
					904, 1772, 875, -1,
					1751, 1750, 1776, -1,
					1751, 1776, 1761, -1,
					1761, 1776, 1774, -1,
					1761, 1774, 1759, -1,
					1759, 1774, 1773, -1,
					1759, 1773, 1757, -1,
					1755, 1757, 1767, -1,
					1767, 1757, 1773, -1,
					1756, 1755, 1766, -1,
					1766, 1755, 1767, -1,
					1758, 1756, 1765, -1,
					1765, 1756, 1766, -1,
					1758, 1765, 1760, -1,
					1760, 1765, 1775, -1,
					1760, 1775, 1762, -1,
					1762, 1775, 1777, -1,
					1762, 1777, 1763, -1,
					1763, 1777, 1769, -1,
					1764, 1763, 1768, -1,
					1768, 1763, 1769, -1,
					1764, 1768, 1770, -1,
					1764, 1770, 1754, -1,
					1754, 1770, 1771, -1,
					1754, 1771, 1753, -1,
					1753, 1771, 1772, -1,
					1753, 1772, 1752, -1,
					808, 1778, 782, -1,
					782, 1778, 1779, -1,
					869, 609, 1780, -1,
					1780, 609, 608, -1,
					1780, 608, 1781, -1,
					1781, 608, 1782, -1,
					1783, 1784, 1785, -1,
					1785, 1784, 1786, -1,
					1785, 1786, 1787, -1,
					1787, 1786, 1788, -1,
					1787, 1788, 1789, -1,
					1789, 1788, 1779, -1,
					1779, 1788, 1790, -1,
					1779, 1790, 782, -1,
					782, 1790, 1791, -1,
					782, 1791, 608, -1,
					608, 1791, 1792, -1,
					608, 1792, 1782, -1,
					1793, 1794, 1795, -1,
					614, 615, 901, -1,
					614, 1796, 1797, -1,
					1798, 1796, 1799, -1,
					1799, 1796, 614, -1,
					1799, 614, 1800, -1,
					1800, 614, 901, -1,
					1795, 1801, 1793, -1,
					1793, 1801, 1802, -1,
					1793, 1802, 1803, -1,
					1803, 1802, 1804, -1,
					1803, 1804, 1805, -1,
					1805, 1804, 1778, -1,
					1805, 1778, 1797, -1,
					1797, 1778, 808, -1,
					1797, 808, 614, -1,
					1780, 1800, 869, -1,
					869, 1800, 901, -1,
					1779, 1778, 1804, -1,
					1779, 1804, 1789, -1,
					1789, 1804, 1802, -1,
					1789, 1802, 1787, -1,
					1787, 1802, 1801, -1,
					1787, 1801, 1785, -1,
					1783, 1785, 1795, -1,
					1795, 1785, 1801, -1,
					1784, 1783, 1794, -1,
					1794, 1783, 1795, -1,
					1786, 1784, 1793, -1,
					1793, 1784, 1794, -1,
					1786, 1793, 1788, -1,
					1788, 1793, 1803, -1,
					1788, 1803, 1790, -1,
					1790, 1803, 1805, -1,
					1790, 1805, 1791, -1,
					1791, 1805, 1797, -1,
					1792, 1791, 1796, -1,
					1796, 1791, 1797, -1,
					1792, 1796, 1798, -1,
					1792, 1798, 1782, -1,
					1782, 1798, 1799, -1,
					1782, 1799, 1781, -1,
					1781, 1799, 1800, -1,
					1781, 1800, 1780, -1,
					807, 1806, 786, -1,
					786, 1806, 1807, -1,
					900, 851, 1808, -1,
					1808, 851, 791, -1,
					1808, 791, 1809, -1,
					1809, 791, 1810, -1,
					1811, 1812, 1813, -1,
					1813, 1812, 1814, -1,
					1813, 1814, 1815, -1,
					1815, 1814, 1816, -1,
					1815, 1816, 1817, -1,
					1817, 1816, 1807, -1,
					1807, 1816, 1818, -1,
					1807, 1818, 786, -1,
					786, 1818, 1819, -1,
					786, 1819, 791, -1,
					791, 1819, 1820, -1,
					791, 1820, 1810, -1,
					1821, 1822, 1823, -1,
					610, 611, 868, -1,
					610, 1824, 1825, -1,
					1826, 1824, 1827, -1,
					1827, 1824, 610, -1,
					1827, 610, 1828, -1,
					1828, 610, 868, -1,
					1823, 1829, 1821, -1,
					1821, 1829, 1830, -1,
					1821, 1830, 1831, -1,
					1831, 1830, 1832, -1,
					1831, 1832, 1833, -1,
					1833, 1832, 1806, -1,
					1833, 1806, 1825, -1,
					1825, 1806, 807, -1,
					1825, 807, 610, -1,
					1808, 1828, 900, -1,
					900, 1828, 868, -1,
					1807, 1806, 1832, -1,
					1807, 1832, 1817, -1,
					1817, 1832, 1830, -1,
					1817, 1830, 1815, -1,
					1815, 1830, 1829, -1,
					1815, 1829, 1813, -1,
					1811, 1813, 1823, -1,
					1823, 1813, 1829, -1,
					1812, 1811, 1822, -1,
					1822, 1811, 1823, -1,
					1814, 1812, 1821, -1,
					1821, 1812, 1822, -1,
					1814, 1821, 1816, -1,
					1816, 1821, 1831, -1,
					1816, 1831, 1818, -1,
					1818, 1831, 1833, -1,
					1818, 1833, 1819, -1,
					1819, 1833, 1825, -1,
					1820, 1819, 1824, -1,
					1824, 1819, 1825, -1,
					1820, 1824, 1826, -1,
					1820, 1826, 1810, -1,
					1810, 1826, 1827, -1,
					1810, 1827, 1809, -1,
					1809, 1827, 1828, -1,
					1809, 1828, 1808, -1,
					1834, 821, 1835, -1,
					1835, 821, 796, -1,
					1834, 1835, 1836, -1,
					1834, 1836, 1837, -1,
					1837, 1836, 1838, -1,
					1837, 1838, 1839, -1,
					1839, 1838, 1840, -1,
					1839, 1840, 1841, -1,
					1842, 1841, 1843, -1,
					1843, 1841, 1840, -1,
					1844, 1842, 1845, -1,
					1845, 1842, 1843, -1,
					1846, 1844, 1847, -1,
					1847, 1844, 1845, -1,
					1846, 1847, 1848, -1,
					1848, 1847, 1849, -1,
					1848, 1849, 1850, -1,
					1850, 1849, 1851, -1,
					1850, 1851, 1852, -1,
					1852, 1851, 1853, -1,
					1854, 1852, 1855, -1,
					1855, 1852, 1853, -1,
					1854, 1855, 1856, -1,
					1854, 1856, 1857, -1,
					1857, 1856, 1858, -1,
					1857, 1858, 1859, -1,
					1859, 1858, 1860, -1,
					1859, 1860, 1861, -1,
					933, 1861, 932, -1,
					932, 1861, 1860, -1,
					933, 601, 1861, -1,
					1861, 601, 600, -1,
					1861, 600, 1859, -1,
					1859, 600, 1857, -1,
					1842, 1844, 1841, -1,
					1841, 1844, 1846, -1,
					1841, 1846, 1839, -1,
					1839, 1846, 1848, -1,
					1839, 1848, 1837, -1,
					1837, 1848, 1834, -1,
					1834, 1848, 1850, -1,
					1834, 1850, 821, -1,
					821, 1850, 1852, -1,
					821, 1852, 600, -1,
					600, 1852, 1854, -1,
					600, 1854, 1857, -1,
					1847, 1845, 1843, -1,
					607, 932, 604, -1,
					604, 932, 1860, -1,
					604, 1855, 1853, -1,
					1860, 1858, 604, -1,
					604, 1858, 1856, -1,
					604, 1856, 1855, -1,
					1843, 1840, 1847, -1,
					1847, 1840, 1838, -1,
					1847, 1838, 1849, -1,
					1849, 1838, 1836, -1,
					1849, 1836, 1851, -1,
					1851, 1836, 1835, -1,
					1851, 1835, 1853, -1,
					1853, 1835, 796, -1,
					1853, 796, 604, -1,
					1862, 823, 1863, -1,
					1863, 823, 822, -1,
					1862, 1863, 1864, -1,
					1862, 1864, 1865, -1,
					1865, 1864, 1866, -1,
					1865, 1866, 1867, -1,
					1867, 1866, 1868, -1,
					1867, 1868, 1869, -1,
					1870, 1869, 1871, -1,
					1871, 1869, 1868, -1,
					1872, 1870, 1873, -1,
					1873, 1870, 1871, -1,
					1874, 1872, 1875, -1,
					1875, 1872, 1873, -1,
					1874, 1875, 1876, -1,
					1876, 1875, 1877, -1,
					1876, 1877, 1878, -1,
					1878, 1877, 1879, -1,
					1878, 1879, 1880, -1,
					1880, 1879, 1881, -1,
					1882, 1880, 1883, -1,
					1883, 1880, 1881, -1,
					1882, 1883, 1884, -1,
					1882, 1884, 1885, -1,
					1885, 1884, 1886, -1,
					1885, 1886, 1887, -1,
					1887, 1886, 1888, -1,
					1887, 1888, 1889, -1,
					929, 1889, 930, -1,
					930, 1889, 1888, -1,
					929, 597, 1889, -1,
					1889, 597, 596, -1,
					1889, 596, 1887, -1,
					1887, 596, 1885, -1,
					1870, 1872, 1869, -1,
					1869, 1872, 1874, -1,
					1869, 1874, 1867, -1,
					1867, 1874, 1876, -1,
					1867, 1876, 1865, -1,
					1865, 1876, 1862, -1,
					1862, 1876, 1878, -1,
					1862, 1878, 823, -1,
					823, 1878, 1880, -1,
					823, 1880, 596, -1,
					596, 1880, 1882, -1,
					596, 1882, 1885, -1,
					1875, 1873, 1871, -1,
					603, 930, 602, -1,
					602, 930, 1888, -1,
					602, 1883, 1881, -1,
					1888, 1886, 602, -1,
					602, 1886, 1884, -1,
					602, 1884, 1883, -1,
					1871, 1868, 1875, -1,
					1875, 1868, 1866, -1,
					1875, 1866, 1877, -1,
					1877, 1866, 1864, -1,
					1877, 1864, 1879, -1,
					1879, 1864, 1863, -1,
					1879, 1863, 1881, -1,
					1881, 1863, 822, -1,
					1881, 822, 602, -1,
					1890, 827, 1891, -1,
					1891, 827, 826, -1,
					1890, 1891, 1892, -1,
					1890, 1892, 1893, -1,
					1893, 1892, 1894, -1,
					1893, 1894, 1895, -1,
					1895, 1894, 1896, -1,
					1895, 1896, 1897, -1,
					1898, 1897, 1899, -1,
					1899, 1897, 1896, -1,
					1900, 1898, 1901, -1,
					1901, 1898, 1899, -1,
					1902, 1900, 1903, -1,
					1903, 1900, 1901, -1,
					1902, 1903, 1904, -1,
					1904, 1903, 1905, -1,
					1904, 1905, 1906, -1,
					1906, 1905, 1907, -1,
					1906, 1907, 1908, -1,
					1908, 1907, 1909, -1,
					1910, 1908, 1911, -1,
					1911, 1908, 1909, -1,
					1910, 1911, 1912, -1,
					1910, 1912, 1913, -1,
					1913, 1912, 1914, -1,
					1913, 1914, 1915, -1,
					1915, 1914, 1916, -1,
					1915, 1916, 1917, -1,
					931, 1917, 928, -1,
					928, 1917, 1916, -1,
					931, 593, 1917, -1,
					1917, 593, 592, -1,
					1917, 592, 1915, -1,
					1915, 592, 1913, -1,
					1898, 1900, 1897, -1,
					1897, 1900, 1902, -1,
					1897, 1902, 1895, -1,
					1895, 1902, 1904, -1,
					1895, 1904, 1893, -1,
					1893, 1904, 1890, -1,
					1890, 1904, 1906, -1,
					1890, 1906, 827, -1,
					827, 1906, 1908, -1,
					827, 1908, 592, -1,
					592, 1908, 1910, -1,
					592, 1910, 1913, -1,
					1903, 1901, 1899, -1,
					599, 928, 598, -1,
					598, 928, 1916, -1,
					598, 1911, 1909, -1,
					1916, 1914, 598, -1,
					598, 1914, 1912, -1,
					598, 1912, 1911, -1,
					1899, 1896, 1903, -1,
					1903, 1896, 1894, -1,
					1903, 1894, 1905, -1,
					1905, 1894, 1892, -1,
					1905, 1892, 1907, -1,
					1907, 1892, 1891, -1,
					1907, 1891, 1909, -1,
					1909, 1891, 826, -1,
					1909, 826, 598, -1,
					1918, 798, 1919, -1,
					1919, 798, 829, -1,
					1918, 1919, 1920, -1,
					1918, 1920, 1921, -1,
					1921, 1920, 1922, -1,
					1921, 1922, 1923, -1,
					1923, 1922, 1924, -1,
					1923, 1924, 1925, -1,
					1926, 1925, 1927, -1,
					1927, 1925, 1924, -1,
					1928, 1926, 1929, -1,
					1929, 1926, 1927, -1,
					1930, 1928, 1931, -1,
					1931, 1928, 1929, -1,
					1930, 1931, 1932, -1,
					1932, 1931, 1933, -1,
					1932, 1933, 1934, -1,
					1934, 1933, 1935, -1,
					1934, 1935, 1936, -1,
					1936, 1935, 1937, -1,
					1938, 1936, 1939, -1,
					1939, 1936, 1937, -1,
					1938, 1939, 1940, -1,
					1938, 1940, 1941, -1,
					1941, 1940, 1942, -1,
					1941, 1942, 1943, -1,
					1943, 1942, 1944, -1,
					1943, 1944, 1945, -1,
					925, 1945, 927, -1,
					927, 1945, 1944, -1,
					925, 589, 1945, -1,
					1945, 589, 588, -1,
					1945, 588, 1943, -1,
					1943, 588, 1941, -1,
					1926, 1928, 1925, -1,
					1925, 1928, 1930, -1,
					1925, 1930, 1923, -1,
					1923, 1930, 1932, -1,
					1923, 1932, 1921, -1,
					1921, 1932, 1918, -1,
					1918, 1932, 1934, -1,
					1918, 1934, 798, -1,
					798, 1934, 1936, -1,
					798, 1936, 588, -1,
					588, 1936, 1938, -1,
					588, 1938, 1941, -1,
					1931, 1929, 1927, -1,
					595, 927, 594, -1,
					594, 927, 1944, -1,
					594, 1939, 1937, -1,
					1944, 1942, 594, -1,
					594, 1942, 1940, -1,
					594, 1940, 1939, -1,
					1927, 1924, 1931, -1,
					1931, 1924, 1922, -1,
					1931, 1922, 1933, -1,
					1933, 1922, 1920, -1,
					1933, 1920, 1935, -1,
					1935, 1920, 1919, -1,
					1935, 1919, 1937, -1,
					1937, 1919, 829, -1,
					1937, 829, 594, -1,
					1946, 809, 1947, -1,
					1947, 809, 828, -1,
					1946, 1947, 1948, -1,
					1946, 1948, 1949, -1,
					1949, 1948, 1950, -1,
					1949, 1950, 1951, -1,
					1951, 1950, 1952, -1,
					1951, 1952, 1953, -1,
					1954, 1953, 1955, -1,
					1955, 1953, 1952, -1,
					1956, 1954, 1957, -1,
					1957, 1954, 1955, -1,
					1958, 1956, 1959, -1,
					1959, 1956, 1957, -1,
					1958, 1959, 1960, -1,
					1960, 1959, 1961, -1,
					1960, 1961, 1962, -1,
					1962, 1961, 1963, -1,
					1962, 1963, 1964, -1,
					1964, 1963, 1965, -1,
					1966, 1964, 1967, -1,
					1967, 1964, 1965, -1,
					1966, 1967, 1968, -1,
					1966, 1968, 1969, -1,
					1969, 1968, 1970, -1,
					1969, 1970, 1971, -1,
					1971, 1970, 1972, -1,
					1971, 1972, 1973, -1,
					926, 1973, 924, -1,
					924, 1973, 1972, -1,
					926, 923, 1973, -1,
					1973, 923, 812, -1,
					1973, 812, 1971, -1,
					1971, 812, 1969, -1,
					1954, 1956, 1953, -1,
					1953, 1956, 1958, -1,
					1953, 1958, 1951, -1,
					1951, 1958, 1960, -1,
					1951, 1960, 1949, -1,
					1949, 1960, 1946, -1,
					1946, 1960, 1962, -1,
					1946, 1962, 809, -1,
					809, 1962, 1964, -1,
					809, 1964, 812, -1,
					812, 1964, 1966, -1,
					812, 1966, 1969, -1,
					1959, 1957, 1955, -1,
					591, 924, 590, -1,
					590, 924, 1972, -1,
					590, 1967, 1965, -1,
					1972, 1970, 590, -1,
					590, 1970, 1968, -1,
					590, 1968, 1967, -1,
					1955, 1952, 1959, -1,
					1959, 1952, 1950, -1,
					1959, 1950, 1961, -1,
					1961, 1950, 1948, -1,
					1961, 1948, 1963, -1,
					1963, 1948, 1947, -1,
					1963, 1947, 1965, -1,
					1965, 1947, 828, -1,
					1965, 828, 590, -1,
					287, 289, 1974, -1,
					287, 1974, 1975, -1,
					1975, 1974, 1976, -1,
					1975, 1976, 1977, -1,
					1978, 1979, 1980, -1,
					561, 587, 297, -1,
					297, 587, 301, -1,
					287, 1975, 301, -1,
					301, 1975, 1977, -1,
					301, 1977, 297, -1,
					297, 1977, 1981, -1,
					297, 1981, 303, -1,
					303, 1981, 1980, -1,
					1982, 1978, 1983, -1,
					1983, 1978, 1980, -1,
					1983, 1980, 1984, -1,
					1984, 1980, 1981, -1,
					1985, 1986, 1987, -1,
					1987, 1986, 1982, -1,
					1987, 1982, 1988, -1,
					1988, 1982, 1983, -1,
					1974, 289, 1976, -1,
					1976, 289, 541, -1,
					1976, 541, 1989, -1,
					1990, 1991, 1992, -1,
					1992, 1993, 1990, -1,
					1990, 1993, 1994, -1,
					1990, 1994, 1995, -1,
					1995, 1994, 1996, -1,
					586, 560, 541, -1,
					541, 560, 324, -1,
					541, 324, 1989, -1,
					1989, 324, 302, -1,
					1989, 302, 1997, -1,
					1997, 302, 1998, -1,
					1997, 1998, 1996, -1,
					1996, 1998, 1999, -1,
					1996, 1999, 1995, -1,
					1981, 1977, 1989, -1,
					1989, 1977, 1976, -1,
					1984, 1981, 1997, -1,
					1997, 1981, 1989, -1,
					1984, 1997, 1983, -1,
					1983, 1997, 1996, -1,
					1983, 1996, 1988, -1,
					1988, 1996, 1994, -1,
					1988, 1994, 1987, -1,
					1987, 1994, 1993, -1,
					1985, 1987, 1992, -1,
					1992, 1987, 1993, -1,
					1986, 1985, 1991, -1,
					1991, 1985, 1992, -1,
					1982, 1986, 1990, -1,
					1990, 1986, 1991, -1,
					1982, 1990, 1995, -1,
					1982, 1995, 1978, -1,
					1978, 1995, 1999, -1,
					1978, 1999, 1979, -1,
					1979, 1999, 1998, -1,
					1979, 1998, 1980, -1,
					303, 1980, 302, -1,
					302, 1980, 1998, -1,
					586, 587, 560, -1,
					560, 587, 561, -1,
					298, 299, 2000, -1,
					298, 2000, 2001, -1,
					2001, 2000, 2002, -1,
					2001, 2002, 2003, -1,
					2004, 2005, 2006, -1,
					567, 582, 305, -1,
					305, 582, 330, -1,
					298, 2001, 330, -1,
					330, 2001, 2003, -1,
					330, 2003, 305, -1,
					305, 2003, 2007, -1,
					305, 2007, 306, -1,
					306, 2007, 2006, -1,
					2008, 2004, 2009, -1,
					2009, 2004, 2006, -1,
					2009, 2006, 2010, -1,
					2010, 2006, 2007, -1,
					2011, 2012, 2013, -1,
					2013, 2012, 2008, -1,
					2013, 2008, 2014, -1,
					2014, 2008, 2009, -1,
					2000, 299, 2002, -1,
					2002, 299, 300, -1,
					2002, 300, 2015, -1,
					2016, 2017, 2018, -1,
					2018, 2019, 2016, -1,
					2016, 2019, 2020, -1,
					2016, 2020, 2021, -1,
					2021, 2020, 2022, -1,
					583, 572, 300, -1,
					300, 572, 296, -1,
					300, 296, 2015, -1,
					2015, 296, 295, -1,
					2015, 295, 2023, -1,
					2023, 295, 2024, -1,
					2023, 2024, 2022, -1,
					2022, 2024, 2025, -1,
					2022, 2025, 2021, -1,
					2007, 2003, 2015, -1,
					2015, 2003, 2002, -1,
					2010, 2007, 2023, -1,
					2023, 2007, 2015, -1,
					2010, 2023, 2009, -1,
					2009, 2023, 2022, -1,
					2009, 2022, 2014, -1,
					2014, 2022, 2020, -1,
					2014, 2020, 2013, -1,
					2013, 2020, 2019, -1,
					2011, 2013, 2018, -1,
					2018, 2013, 2019, -1,
					2012, 2011, 2017, -1,
					2017, 2011, 2018, -1,
					2008, 2012, 2016, -1,
					2016, 2012, 2017, -1,
					2008, 2016, 2021, -1,
					2008, 2021, 2004, -1,
					2004, 2021, 2025, -1,
					2004, 2025, 2005, -1,
					2005, 2025, 2024, -1,
					2005, 2024, 2006, -1,
					306, 2006, 295, -1,
					295, 2006, 2024, -1,
					583, 582, 572, -1,
					572, 582, 567, -1,
					313, 328, 2026, -1,
					313, 2026, 2027, -1,
					2027, 2026, 2028, -1,
					2027, 2028, 2029, -1,
					2030, 2031, 2032, -1,
					571, 585, 286, -1,
					286, 585, 314, -1,
					313, 2027, 314, -1,
					314, 2027, 2029, -1,
					314, 2029, 286, -1,
					286, 2029, 2033, -1,
					286, 2033, 278, -1,
					278, 2033, 2032, -1,
					2034, 2030, 2035, -1,
					2035, 2030, 2032, -1,
					2035, 2032, 2036, -1,
					2036, 2032, 2033, -1,
					2037, 2038, 2039, -1,
					2039, 2038, 2034, -1,
					2039, 2034, 2040, -1,
					2040, 2034, 2035, -1,
					2026, 328, 2028, -1,
					2028, 328, 329, -1,
					2028, 329, 2041, -1,
					2042, 2043, 2044, -1,
					2044, 2045, 2042, -1,
					2042, 2045, 2046, -1,
					2042, 2046, 2047, -1,
					2047, 2046, 2048, -1,
					584, 570, 329, -1,
					329, 570, 304, -1,
					329, 304, 2041, -1,
					2041, 304, 279, -1,
					2041, 279, 2049, -1,
					2049, 279, 2050, -1,
					2049, 2050, 2048, -1,
					2048, 2050, 2051, -1,
					2048, 2051, 2047, -1,
					2033, 2029, 2041, -1,
					2041, 2029, 2028, -1,
					2036, 2033, 2049, -1,
					2049, 2033, 2041, -1,
					2036, 2049, 2035, -1,
					2035, 2049, 2048, -1,
					2035, 2048, 2040, -1,
					2040, 2048, 2046, -1,
					2040, 2046, 2039, -1,
					2039, 2046, 2045, -1,
					2037, 2039, 2044, -1,
					2044, 2039, 2045, -1,
					2038, 2037, 2043, -1,
					2043, 2037, 2044, -1,
					2034, 2038, 2042, -1,
					2042, 2038, 2043, -1,
					2034, 2042, 2047, -1,
					2034, 2047, 2030, -1,
					2030, 2047, 2051, -1,
					2030, 2051, 2031, -1,
					2031, 2051, 2050, -1,
					2031, 2050, 2032, -1,
					278, 2032, 279, -1,
					279, 2032, 2050, -1,
					584, 585, 570, -1,
					570, 585, 571, -1,
					320, 319, 2052, -1,
					320, 2052, 2053, -1,
					2053, 2052, 2054, -1,
					2053, 2054, 2055, -1,
					2056, 2057, 2058, -1,
					566, 579, 293, -1,
					293, 579, 345, -1,
					320, 2053, 345, -1,
					345, 2053, 2055, -1,
					345, 2055, 293, -1,
					293, 2055, 2059, -1,
					293, 2059, 291, -1,
					291, 2059, 2058, -1,
					2060, 2056, 2061, -1,
					2061, 2056, 2058, -1,
					2061, 2058, 2062, -1,
					2062, 2058, 2059, -1,
					2063, 2064, 2065, -1,
					2065, 2064, 2060, -1,
					2065, 2060, 2066, -1,
					2066, 2060, 2061, -1,
					2052, 319, 2054, -1,
					2054, 319, 315, -1,
					2054, 315, 2067, -1,
					2068, 2069, 2070, -1,
					2070, 2071, 2068, -1,
					2068, 2071, 2072, -1,
					2068, 2072, 2073, -1,
					2073, 2072, 2074, -1,
					580, 573, 315, -1,
					315, 573, 285, -1,
					315, 285, 2067, -1,
					2067, 285, 284, -1,
					2067, 284, 2075, -1,
					2075, 284, 2076, -1,
					2075, 2076, 2074, -1,
					2074, 2076, 2077, -1,
					2074, 2077, 2073, -1,
					2059, 2055, 2067, -1,
					2067, 2055, 2054, -1,
					2062, 2059, 2075, -1,
					2075, 2059, 2067, -1,
					2062, 2075, 2061, -1,
					2061, 2075, 2074, -1,
					2061, 2074, 2066, -1,
					2066, 2074, 2072, -1,
					2066, 2072, 2065, -1,
					2065, 2072, 2071, -1,
					2063, 2065, 2070, -1,
					2070, 2065, 2071, -1,
					2064, 2063, 2069, -1,
					2069, 2063, 2070, -1,
					2060, 2064, 2068, -1,
					2068, 2064, 2069, -1,
					2060, 2068, 2073, -1,
					2060, 2073, 2056, -1,
					2056, 2073, 2077, -1,
					2056, 2077, 2057, -1,
					2057, 2077, 2076, -1,
					2057, 2076, 2058, -1,
					291, 2058, 284, -1,
					284, 2058, 2076, -1,
					580, 579, 573, -1,
					573, 579, 566, -1,
					338, 343, 2078, -1,
					338, 2078, 2079, -1,
					2079, 2078, 2080, -1,
					2079, 2080, 2081, -1,
					2082, 2083, 2084, -1,
					565, 581, 275, -1,
					275, 581, 339, -1,
					338, 2079, 339, -1,
					339, 2079, 2081, -1,
					339, 2081, 275, -1,
					275, 2081, 2085, -1,
					275, 2085, 277, -1,
					277, 2085, 2084, -1,
					2086, 2082, 2087, -1,
					2087, 2082, 2084, -1,
					2087, 2084, 2088, -1,
					2088, 2084, 2085, -1,
					2089, 2090, 2091, -1,
					2091, 2090, 2086, -1,
					2091, 2086, 2092, -1,
					2092, 2086, 2087, -1,
					2078, 343, 2080, -1,
					2080, 343, 344, -1,
					2080, 344, 2093, -1,
					2094, 2095, 2096, -1,
					2096, 2097, 2094, -1,
					2094, 2097, 2098, -1,
					2094, 2098, 2099, -1,
					2099, 2098, 2100, -1,
					578, 564, 344, -1,
					344, 564, 294, -1,
					344, 294, 2093, -1,
					2093, 294, 292, -1,
					2093, 292, 2101, -1,
					2101, 292, 2102, -1,
					2101, 2102, 2100, -1,
					2100, 2102, 2103, -1,
					2100, 2103, 2099, -1,
					2085, 2081, 2093, -1,
					2093, 2081, 2080, -1,
					2088, 2085, 2101, -1,
					2101, 2085, 2093, -1,
					2088, 2101, 2087, -1,
					2087, 2101, 2100, -1,
					2087, 2100, 2092, -1,
					2092, 2100, 2098, -1,
					2092, 2098, 2091, -1,
					2091, 2098, 2097, -1,
					2089, 2091, 2096, -1,
					2096, 2091, 2097, -1,
					2090, 2089, 2095, -1,
					2095, 2089, 2096, -1,
					2086, 2090, 2094, -1,
					2094, 2090, 2095, -1,
					2086, 2094, 2099, -1,
					2086, 2099, 2082, -1,
					2082, 2099, 2103, -1,
					2082, 2103, 2083, -1,
					2083, 2103, 2102, -1,
					2083, 2102, 2084, -1,
					277, 2084, 292, -1,
					292, 2084, 2102, -1,
					578, 581, 564, -1,
					564, 581, 565, -1,
					351, 342, 2104, -1,
					351, 2104, 2105, -1,
					2105, 2104, 2106, -1,
					2105, 2106, 2107, -1,
					2108, 2109, 2110, -1,
					568, 574, 282, -1,
					282, 574, 352, -1,
					351, 2105, 352, -1,
					352, 2105, 2107, -1,
					352, 2107, 282, -1,
					282, 2107, 2111, -1,
					282, 2111, 283, -1,
					283, 2111, 2110, -1,
					2112, 2108, 2113, -1,
					2113, 2108, 2110, -1,
					2113, 2110, 2114, -1,
					2114, 2110, 2111, -1,
					2115, 2116, 2117, -1,
					2117, 2116, 2112, -1,
					2117, 2112, 2118, -1,
					2118, 2112, 2113, -1,
					2104, 342, 2106, -1,
					2106, 342, 340, -1,
					2106, 340, 2119, -1,
					2120, 2121, 2122, -1,
					2122, 2123, 2120, -1,
					2120, 2123, 2124, -1,
					2120, 2124, 2125, -1,
					2125, 2124, 2126, -1,
					575, 569, 340, -1,
					340, 569, 274, -1,
					340, 274, 2119, -1,
					2119, 274, 276, -1,
					2119, 276, 2127, -1,
					2127, 276, 2128, -1,
					2127, 2128, 2126, -1,
					2126, 2128, 2129, -1,
					2126, 2129, 2125, -1,
					2111, 2107, 2119, -1,
					2119, 2107, 2106, -1,
					2114, 2111, 2127, -1,
					2127, 2111, 2119, -1,
					2114, 2127, 2113, -1,
					2113, 2127, 2126, -1,
					2113, 2126, 2118, -1,
					2118, 2126, 2124, -1,
					2118, 2124, 2117, -1,
					2117, 2124, 2123, -1,
					2115, 2117, 2122, -1,
					2122, 2117, 2123, -1,
					2116, 2115, 2121, -1,
					2121, 2115, 2122, -1,
					2112, 2116, 2120, -1,
					2120, 2116, 2121, -1,
					2112, 2120, 2125, -1,
					2112, 2125, 2108, -1,
					2108, 2125, 2129, -1,
					2108, 2129, 2109, -1,
					2109, 2129, 2128, -1,
					2109, 2128, 2110, -1,
					283, 2110, 276, -1,
					276, 2110, 2128, -1,
					575, 574, 569, -1,
					569, 574, 568, -1,
					2130, 2131, 2132, -1,
					2132, 2131, 2133, -1,
					2134, 2130, 2135, -1,
					2135, 2130, 2132, -1,
					2134, 2135, 2136, -1,
					2136, 2135, 2137, -1,
					2136, 2137, 2138, -1,
					2138, 2137, 2139, -1,
					2138, 2139, 2140, -1,
					2140, 2139, 2141, -1,
					2142, 2140, 2143, -1,
					2143, 2140, 2141, -1,
					2144, 2142, 2145, -1,
					2145, 2142, 2143, -1,
					2146, 2144, 2147, -1,
					2147, 2144, 2145, -1,
					2146, 2147, 2148, -1,
					2146, 2148, 2149, -1,
					2149, 2148, 2150, -1,
					2149, 2150, 2151, -1,
					2151, 2150, 2152, -1,
					2151, 2152, 2153, -1,
					322, 2153, 307, -1,
					307, 2153, 2152, -1,
					996, 991, 995, -1,
					995, 991, 992, -1,
					316, 540, 2154, -1,
					316, 2154, 2155, -1,
					2155, 2154, 2133, -1,
					2155, 2133, 2131, -1,
					2149, 2151, 2153, -1,
					991, 996, 325, -1,
					325, 996, 317, -1,
					316, 2155, 317, -1,
					317, 2155, 2131, -1,
					317, 2131, 325, -1,
					325, 2131, 2130, -1,
					325, 2130, 322, -1,
					322, 2130, 2153, -1,
					2146, 2149, 2136, -1,
					2136, 2149, 2153, -1,
					2136, 2153, 2134, -1,
					2134, 2153, 2130, -1,
					2142, 2144, 2140, -1,
					2140, 2144, 2146, -1,
					2140, 2146, 2138, -1,
					2138, 2146, 2136, -1,
					2154, 540, 2133, -1,
					2133, 540, 539, -1,
					2133, 539, 2132, -1,
					2147, 2145, 2143, -1,
					2143, 2141, 2147, -1,
					2147, 2141, 2139, -1,
					2147, 2139, 2148, -1,
					2148, 2139, 2137, -1,
					995, 992, 539, -1,
					539, 992, 308, -1,
					539, 308, 2132, -1,
					2132, 308, 307, -1,
					2132, 307, 2135, -1,
					2135, 307, 2152, -1,
					2135, 2152, 2137, -1,
					2137, 2152, 2150, -1,
					2137, 2150, 2148, -1,
					2156, 2157, 2158, -1,
					2158, 2157, 2159, -1,
					2160, 2156, 2161, -1,
					2161, 2156, 2158, -1,
					2160, 2161, 2162, -1,
					2162, 2161, 2163, -1,
					2162, 2163, 2164, -1,
					2164, 2163, 2165, -1,
					2164, 2165, 2166, -1,
					2166, 2165, 2167, -1,
					2168, 2166, 2169, -1,
					2169, 2166, 2167, -1,
					2170, 2168, 2171, -1,
					2171, 2168, 2169, -1,
					2172, 2170, 2173, -1,
					2173, 2170, 2171, -1,
					2172, 2173, 2174, -1,
					2172, 2174, 2175, -1,
					2175, 2174, 2176, -1,
					2175, 2176, 2177, -1,
					2177, 2176, 2178, -1,
					2177, 2178, 2179, -1,
					321, 2179, 333, -1,
					333, 2179, 2178, -1,
					999, 989, 1000, -1,
					1000, 989, 988, -1,
					525, 524, 2180, -1,
					525, 2180, 2181, -1,
					2181, 2180, 2159, -1,
					2181, 2159, 2157, -1,
					2175, 2177, 2179, -1,
					989, 999, 309, -1,
					309, 999, 538, -1,
					525, 2181, 538, -1,
					538, 2181, 2157, -1,
					538, 2157, 309, -1,
					309, 2157, 2156, -1,
					309, 2156, 321, -1,
					321, 2156, 2179, -1,
					2172, 2175, 2162, -1,
					2162, 2175, 2179, -1,
					2162, 2179, 2160, -1,
					2160, 2179, 2156, -1,
					2168, 2170, 2166, -1,
					2166, 2170, 2172, -1,
					2166, 2172, 2164, -1,
					2164, 2172, 2162, -1,
					2180, 524, 2159, -1,
					2159, 524, 400, -1,
					2159, 400, 2158, -1,
					2173, 2171, 2169, -1,
					2169, 2167, 2173, -1,
					2173, 2167, 2165, -1,
					2173, 2165, 2174, -1,
					2174, 2165, 2163, -1,
					1000, 988, 400, -1,
					400, 988, 331, -1,
					400, 331, 2158, -1,
					2158, 331, 333, -1,
					2158, 333, 2161, -1,
					2161, 333, 2178, -1,
					2161, 2178, 2163, -1,
					2163, 2178, 2176, -1,
					2163, 2176, 2174, -1,
					2182, 2183, 2184, -1,
					2184, 2183, 2185, -1,
					2186, 2182, 2187, -1,
					2187, 2182, 2184, -1,
					2186, 2187, 2188, -1,
					2188, 2187, 2189, -1,
					2188, 2189, 2190, -1,
					2190, 2189, 2191, -1,
					2190, 2191, 2192, -1,
					2192, 2191, 2193, -1,
					2194, 2192, 2195, -1,
					2195, 2192, 2193, -1,
					2196, 2194, 2197, -1,
					2197, 2194, 2195, -1,
					2198, 2196, 2199, -1,
					2199, 2196, 2197, -1,
					2198, 2199, 2200, -1,
					2198, 2200, 2201, -1,
					2201, 2200, 2202, -1,
					2201, 2202, 2203, -1,
					2203, 2202, 2204, -1,
					2203, 2204, 2205, -1,
					334, 2205, 335, -1,
					335, 2205, 2204, -1,
					1001, 987, 1002, -1,
					1002, 987, 990, -1,
					398, 546, 2206, -1,
					398, 2206, 2207, -1,
					2207, 2206, 2185, -1,
					2207, 2185, 2183, -1,
					2201, 2203, 2205, -1,
					987, 1001, 332, -1,
					332, 1001, 399, -1,
					398, 2207, 399, -1,
					399, 2207, 2183, -1,
					399, 2183, 332, -1,
					332, 2183, 2182, -1,
					332, 2182, 334, -1,
					334, 2182, 2205, -1,
					2198, 2201, 2188, -1,
					2188, 2201, 2205, -1,
					2188, 2205, 2186, -1,
					2186, 2205, 2182, -1,
					2194, 2196, 2192, -1,
					2192, 2196, 2198, -1,
					2192, 2198, 2190, -1,
					2190, 2198, 2188, -1,
					2206, 546, 2185, -1,
					2185, 546, 547, -1,
					2185, 547, 2184, -1,
					2199, 2197, 2195, -1,
					2195, 2193, 2199, -1,
					2199, 2193, 2191, -1,
					2199, 2191, 2200, -1,
					2200, 2191, 2189, -1,
					1002, 990, 547, -1,
					547, 990, 336, -1,
					547, 336, 2184, -1,
					2184, 336, 335, -1,
					2184, 335, 2187, -1,
					2187, 335, 2204, -1,
					2187, 2204, 2189, -1,
					2189, 2204, 2202, -1,
					2189, 2202, 2200, -1,
					2208, 2209, 2210, -1,
					2210, 2209, 2211, -1,
					2212, 2208, 2213, -1,
					2213, 2208, 2210, -1,
					2212, 2213, 2214, -1,
					2214, 2213, 2215, -1,
					2214, 2215, 2216, -1,
					2216, 2215, 2217, -1,
					2216, 2217, 2218, -1,
					2218, 2217, 2219, -1,
					2220, 2218, 2221, -1,
					2221, 2218, 2219, -1,
					2222, 2220, 2223, -1,
					2223, 2220, 2221, -1,
					2224, 2222, 2225, -1,
					2225, 2222, 2223, -1,
					2224, 2225, 2226, -1,
					2224, 2226, 2227, -1,
					2227, 2226, 2228, -1,
					2227, 2228, 2229, -1,
					2229, 2228, 2230, -1,
					2229, 2230, 2231, -1,
					341, 2231, 348, -1,
					348, 2231, 2230, -1,
					1003, 985, 1004, -1,
					1004, 985, 984, -1,
					545, 544, 2232, -1,
					545, 2232, 2233, -1,
					2233, 2232, 2211, -1,
					2233, 2211, 2209, -1,
					2227, 2229, 2231, -1,
					985, 1003, 337, -1,
					337, 1003, 548, -1,
					545, 2233, 548, -1,
					548, 2233, 2209, -1,
					548, 2209, 337, -1,
					337, 2209, 2208, -1,
					337, 2208, 341, -1,
					341, 2208, 2231, -1,
					2224, 2227, 2214, -1,
					2214, 2227, 2231, -1,
					2214, 2231, 2212, -1,
					2212, 2231, 2208, -1,
					2220, 2222, 2218, -1,
					2218, 2222, 2224, -1,
					2218, 2224, 2216, -1,
					2216, 2224, 2214, -1,
					2232, 544, 2211, -1,
					2211, 544, 543, -1,
					2211, 543, 2210, -1,
					2225, 2223, 2221, -1,
					2221, 2219, 2225, -1,
					2225, 2219, 2217, -1,
					2225, 2217, 2226, -1,
					2226, 2217, 2215, -1,
					1004, 984, 543, -1,
					543, 984, 346, -1,
					543, 346, 2210, -1,
					2210, 346, 348, -1,
					2210, 348, 2213, -1,
					2213, 348, 2230, -1,
					2213, 2230, 2215, -1,
					2215, 2230, 2228, -1,
					2215, 2228, 2226, -1,
					2234, 2235, 2236, -1,
					2236, 2235, 2237, -1,
					2238, 2234, 2239, -1,
					2239, 2234, 2236, -1,
					2238, 2239, 2240, -1,
					2240, 2239, 2241, -1,
					2240, 2241, 2242, -1,
					2242, 2241, 2243, -1,
					2242, 2243, 2244, -1,
					2244, 2243, 2245, -1,
					2246, 2244, 2247, -1,
					2247, 2244, 2245, -1,
					2248, 2246, 2249, -1,
					2249, 2246, 2247, -1,
					2250, 2248, 2251, -1,
					2251, 2248, 2249, -1,
					2250, 2251, 2252, -1,
					2250, 2252, 2253, -1,
					2253, 2252, 2254, -1,
					2253, 2254, 2255, -1,
					2255, 2254, 2256, -1,
					2255, 2256, 2257, -1,
					349, 2257, 350, -1,
					350, 2257, 2256, -1,
					1005, 983, 1006, -1,
					1006, 983, 986, -1,
					531, 530, 2258, -1,
					531, 2258, 2259, -1,
					2259, 2258, 2237, -1,
					2259, 2237, 2235, -1,
					2253, 2255, 2257, -1,
					983, 1005, 347, -1,
					347, 1005, 542, -1,
					531, 2259, 542, -1,
					542, 2259, 2235, -1,
					542, 2235, 347, -1,
					347, 2235, 2234, -1,
					347, 2234, 349, -1,
					349, 2234, 2257, -1,
					2250, 2253, 2240, -1,
					2240, 2253, 2257, -1,
					2240, 2257, 2238, -1,
					2238, 2257, 2234, -1,
					2246, 2248, 2244, -1,
					2244, 2248, 2250, -1,
					2244, 2250, 2242, -1,
					2242, 2250, 2240, -1,
					2258, 530, 2237, -1,
					2237, 530, 529, -1,
					2237, 529, 2236, -1,
					2251, 2249, 2247, -1,
					2247, 2245, 2251, -1,
					2251, 2245, 2243, -1,
					2251, 2243, 2252, -1,
					2252, 2243, 2241, -1,
					1006, 986, 529, -1,
					529, 986, 355, -1,
					529, 355, 2236, -1,
					2236, 355, 350, -1,
					2236, 350, 2239, -1,
					2239, 350, 2256, -1,
					2239, 2256, 2241, -1,
					2241, 2256, 2254, -1,
					2241, 2254, 2252, -1,
					2260, 2261, 2262, -1,
					2262, 2261, 2263, -1,
					2264, 2260, 2265, -1,
					2265, 2260, 2262, -1,
					2264, 2265, 2266, -1,
					2266, 2265, 2267, -1,
					2266, 2267, 2268, -1,
					2268, 2267, 2269, -1,
					2268, 2269, 2270, -1,
					2270, 2269, 2271, -1,
					2272, 2270, 2273, -1,
					2273, 2270, 2271, -1,
					2274, 2272, 2275, -1,
					2275, 2272, 2273, -1,
					2276, 2274, 2277, -1,
					2277, 2274, 2275, -1,
					2276, 2277, 2278, -1,
					2276, 2278, 2279, -1,
					2279, 2278, 2280, -1,
					2279, 2280, 2281, -1,
					2281, 2280, 2282, -1,
					2281, 2282, 2283, -1,
					357, 2283, 358, -1,
					358, 2283, 2282, -1,
					1007, 981, 1008, -1,
					1008, 981, 980, -1,
					516, 515, 2284, -1,
					516, 2284, 2285, -1,
					2285, 2284, 2263, -1,
					2285, 2263, 2261, -1,
					2279, 2281, 2283, -1,
					981, 1007, 356, -1,
					356, 1007, 528, -1,
					516, 2285, 528, -1,
					528, 2285, 2261, -1,
					528, 2261, 356, -1,
					356, 2261, 2260, -1,
					356, 2260, 357, -1,
					357, 2260, 2283, -1,
					2276, 2279, 2266, -1,
					2266, 2279, 2283, -1,
					2266, 2283, 2264, -1,
					2264, 2283, 2260, -1,
					2272, 2274, 2270, -1,
					2270, 2274, 2276, -1,
					2270, 2276, 2268, -1,
					2268, 2276, 2266, -1,
					2284, 515, 2263, -1,
					2263, 515, 389, -1,
					2263, 389, 2262, -1,
					2277, 2275, 2273, -1,
					2273, 2271, 2277, -1,
					2277, 2271, 2269, -1,
					2277, 2269, 2278, -1,
					2278, 2269, 2267, -1,
					1008, 980, 389, -1,
					389, 980, 369, -1,
					389, 369, 2262, -1,
					2262, 369, 358, -1,
					2262, 358, 2265, -1,
					2265, 358, 2282, -1,
					2265, 2282, 2267, -1,
					2267, 2282, 2280, -1,
					2267, 2280, 2278, -1,
					2286, 2287, 2288, -1,
					2288, 2287, 2289, -1,
					2290, 2286, 2291, -1,
					2291, 2286, 2288, -1,
					2290, 2291, 2292, -1,
					2292, 2291, 2293, -1,
					2292, 2293, 2294, -1,
					2294, 2293, 2295, -1,
					2294, 2295, 2296, -1,
					2296, 2295, 2297, -1,
					2298, 2296, 2299, -1,
					2299, 2296, 2297, -1,
					2300, 2298, 2301, -1,
					2301, 2298, 2299, -1,
					2302, 2300, 2303, -1,
					2303, 2300, 2301, -1,
					2302, 2303, 2304, -1,
					2302, 2304, 2305, -1,
					2305, 2304, 2306, -1,
					2305, 2306, 2307, -1,
					2307, 2306, 2308, -1,
					2307, 2308, 2309, -1,
					367, 2309, 362, -1,
					362, 2309, 2308, -1,
					1009, 979, 1010, -1,
					1010, 979, 982, -1,
					387, 537, 2310, -1,
					387, 2310, 2311, -1,
					2311, 2310, 2289, -1,
					2311, 2289, 2287, -1,
					2305, 2307, 2309, -1,
					979, 1009, 368, -1,
					368, 1009, 388, -1,
					387, 2311, 388, -1,
					388, 2311, 2287, -1,
					388, 2287, 368, -1,
					368, 2287, 2286, -1,
					368, 2286, 367, -1,
					367, 2286, 2309, -1,
					2302, 2305, 2292, -1,
					2292, 2305, 2309, -1,
					2292, 2309, 2290, -1,
					2290, 2309, 2286, -1,
					2298, 2300, 2296, -1,
					2296, 2300, 2302, -1,
					2296, 2302, 2294, -1,
					2294, 2302, 2292, -1,
					2310, 537, 2289, -1,
					2289, 537, 536, -1,
					2289, 536, 2288, -1,
					2303, 2301, 2299, -1,
					2299, 2297, 2303, -1,
					2303, 2297, 2295, -1,
					2303, 2295, 2304, -1,
					2304, 2295, 2293, -1,
					1010, 982, 536, -1,
					536, 982, 363, -1,
					536, 363, 2288, -1,
					2288, 363, 362, -1,
					2288, 362, 2291, -1,
					2291, 362, 2308, -1,
					2291, 2308, 2293, -1,
					2293, 2308, 2306, -1,
					2293, 2306, 2304, -1,
					2312, 2313, 2314, -1,
					2314, 2313, 2315, -1,
					2316, 2312, 2317, -1,
					2317, 2312, 2314, -1,
					2316, 2317, 2318, -1,
					2318, 2317, 2319, -1,
					2318, 2319, 2320, -1,
					2320, 2319, 2321, -1,
					2320, 2321, 2322, -1,
					2322, 2321, 2323, -1,
					2324, 2322, 2325, -1,
					2325, 2322, 2323, -1,
					2326, 2324, 2327, -1,
					2327, 2324, 2325, -1,
					2328, 2326, 2329, -1,
					2329, 2326, 2327, -1,
					2328, 2329, 2330, -1,
					2328, 2330, 2331, -1,
					2331, 2330, 2332, -1,
					2331, 2332, 2333, -1,
					2333, 2332, 2334, -1,
					2333, 2334, 2335, -1,
					365, 2335, 366, -1,
					366, 2335, 2334, -1,
					1011, 977, 1012, -1,
					1012, 977, 976, -1,
					523, 522, 2336, -1,
					523, 2336, 2337, -1,
					2337, 2336, 2315, -1,
					2337, 2315, 2313, -1,
					2331, 2333, 2335, -1,
					977, 1011, 364, -1,
					364, 1011, 535, -1,
					523, 2337, 535, -1,
					535, 2337, 2313, -1,
					535, 2313, 364, -1,
					364, 2313, 2312, -1,
					364, 2312, 365, -1,
					365, 2312, 2335, -1,
					2328, 2331, 2318, -1,
					2318, 2331, 2335, -1,
					2318, 2335, 2316, -1,
					2316, 2335, 2312, -1,
					2324, 2326, 2322, -1,
					2322, 2326, 2328, -1,
					2322, 2328, 2320, -1,
					2320, 2328, 2318, -1,
					2336, 522, 2315, -1,
					2315, 522, 521, -1,
					2315, 521, 2314, -1,
					2329, 2327, 2325, -1,
					2325, 2323, 2329, -1,
					2329, 2323, 2321, -1,
					2329, 2321, 2330, -1,
					2330, 2321, 2319, -1,
					1012, 976, 521, -1,
					521, 976, 380, -1,
					521, 380, 2314, -1,
					2314, 380, 366, -1,
					2314, 366, 2317, -1,
					2317, 366, 2334, -1,
					2317, 2334, 2319, -1,
					2319, 2334, 2332, -1,
					2319, 2332, 2330, -1,
					2338, 2339, 2340, -1,
					2340, 2339, 2341, -1,
					2342, 2338, 2343, -1,
					2343, 2338, 2340, -1,
					2342, 2343, 2344, -1,
					2344, 2343, 2345, -1,
					2344, 2345, 2346, -1,
					2346, 2345, 2347, -1,
					2346, 2347, 2348, -1,
					2348, 2347, 2349, -1,
					2350, 2348, 2351, -1,
					2351, 2348, 2349, -1,
					2352, 2350, 2353, -1,
					2353, 2350, 2351, -1,
					2354, 2352, 2355, -1,
					2355, 2352, 2353, -1,
					2354, 2355, 2356, -1,
					2354, 2356, 2357, -1,
					2357, 2356, 2358, -1,
					2357, 2358, 2359, -1,
					2359, 2358, 2360, -1,
					2359, 2360, 2361, -1,
					382, 2361, 375, -1,
					375, 2361, 2360, -1,
					1013, 975, 1014, -1,
					1014, 975, 978, -1,
					511, 510, 2362, -1,
					511, 2362, 2363, -1,
					2363, 2362, 2341, -1,
					2363, 2341, 2339, -1,
					2357, 2359, 2361, -1,
					975, 1013, 381, -1,
					381, 1013, 520, -1,
					511, 2363, 520, -1,
					520, 2363, 2339, -1,
					520, 2339, 381, -1,
					381, 2339, 2338, -1,
					381, 2338, 382, -1,
					382, 2338, 2361, -1,
					2354, 2357, 2344, -1,
					2344, 2357, 2361, -1,
					2344, 2361, 2342, -1,
					2342, 2361, 2338, -1,
					2350, 2352, 2348, -1,
					2348, 2352, 2354, -1,
					2348, 2354, 2346, -1,
					2346, 2354, 2344, -1,
					2362, 510, 2341, -1,
					2341, 510, 379, -1,
					2341, 379, 2340, -1,
					2355, 2353, 2351, -1,
					2351, 2349, 2355, -1,
					2355, 2349, 2347, -1,
					2355, 2347, 2356, -1,
					2356, 2347, 2345, -1,
					1014, 978, 379, -1,
					379, 978, 373, -1,
					379, 373, 2340, -1,
					2340, 373, 375, -1,
					2340, 375, 2343, -1,
					2343, 375, 2360, -1,
					2343, 2360, 2345, -1,
					2345, 2360, 2358, -1,
					2345, 2358, 2356, -1,
					2364, 2365, 2366, -1,
					2366, 2365, 2367, -1,
					2368, 2364, 2369, -1,
					2369, 2364, 2366, -1,
					2368, 2369, 2370, -1,
					2370, 2369, 2371, -1,
					2370, 2371, 2372, -1,
					2372, 2371, 2373, -1,
					2372, 2373, 2374, -1,
					2374, 2373, 2375, -1,
					2376, 2374, 2377, -1,
					2377, 2374, 2375, -1,
					2378, 2376, 2379, -1,
					2379, 2376, 2377, -1,
					2380, 2378, 2381, -1,
					2381, 2378, 2379, -1,
					2380, 2381, 2382, -1,
					2380, 2382, 2383, -1,
					2383, 2382, 2384, -1,
					2383, 2384, 2385, -1,
					2385, 2384, 2386, -1,
					2385, 2386, 2387, -1,
					376, 2387, 383, -1,
					383, 2387, 2386, -1,
					1015, 973, 1016, -1,
					1016, 973, 972, -1,
					377, 514, 2388, -1,
					377, 2388, 2389, -1,
					2389, 2388, 2367, -1,
					2389, 2367, 2365, -1,
					2383, 2385, 2387, -1,
					973, 1015, 374, -1,
					374, 1015, 378, -1,
					377, 2389, 378, -1,
					378, 2389, 2365, -1,
					378, 2365, 374, -1,
					374, 2365, 2364, -1,
					374, 2364, 376, -1,
					376, 2364, 2387, -1,
					2380, 2383, 2370, -1,
					2370, 2383, 2387, -1,
					2370, 2387, 2368, -1,
					2368, 2387, 2364, -1,
					2376, 2378, 2374, -1,
					2374, 2378, 2380, -1,
					2374, 2380, 2372, -1,
					2372, 2380, 2370, -1,
					2388, 514, 2367, -1,
					2367, 514, 513, -1,
					2367, 513, 2366, -1,
					2381, 2379, 2377, -1,
					2377, 2375, 2381, -1,
					2381, 2375, 2373, -1,
					2381, 2373, 2382, -1,
					2382, 2373, 2371, -1,
					1016, 972, 513, -1,
					513, 972, 394, -1,
					513, 394, 2366, -1,
					2366, 394, 383, -1,
					2366, 383, 2369, -1,
					2369, 383, 2386, -1,
					2369, 2386, 2371, -1,
					2371, 2386, 2384, -1,
					2371, 2384, 2382, -1,
					2390, 2391, 2392, -1,
					2392, 2391, 2393, -1,
					2394, 2390, 2395, -1,
					2395, 2390, 2392, -1,
					2394, 2395, 2396, -1,
					2396, 2395, 2397, -1,
					2396, 2397, 2398, -1,
					2398, 2397, 2399, -1,
					2398, 2399, 2400, -1,
					2400, 2399, 2401, -1,
					2402, 2400, 2403, -1,
					2403, 2400, 2401, -1,
					2404, 2402, 2405, -1,
					2405, 2402, 2403, -1,
					2406, 2404, 2407, -1,
					2407, 2404, 2405, -1,
					2406, 2407, 2408, -1,
					2406, 2408, 2409, -1,
					2409, 2408, 2410, -1,
					2409, 2410, 2411, -1,
					2411, 2410, 2412, -1,
					2411, 2412, 2413, -1,
					392, 2413, 384, -1,
					384, 2413, 2412, -1,
					1017, 971, 1018, -1,
					1018, 971, 974, -1,
					503, 502, 2414, -1,
					503, 2414, 2415, -1,
					2415, 2414, 2393, -1,
					2415, 2393, 2391, -1,
					2409, 2411, 2413, -1,
					971, 1017, 393, -1,
					393, 1017, 512, -1,
					503, 2415, 512, -1,
					512, 2415, 2391, -1,
					512, 2391, 393, -1,
					393, 2391, 2390, -1,
					393, 2390, 392, -1,
					392, 2390, 2413, -1,
					2406, 2409, 2396, -1,
					2396, 2409, 2413, -1,
					2396, 2413, 2394, -1,
					2394, 2413, 2390, -1,
					2402, 2404, 2400, -1,
					2400, 2404, 2406, -1,
					2400, 2406, 2398, -1,
					2398, 2406, 2396, -1,
					2414, 502, 2393, -1,
					2393, 502, 372, -1,
					2393, 372, 2392, -1,
					2407, 2405, 2403, -1,
					2403, 2401, 2407, -1,
					2407, 2401, 2399, -1,
					2407, 2399, 2408, -1,
					2408, 2399, 2397, -1,
					1018, 974, 372, -1,
					372, 974, 385, -1,
					372, 385, 2392, -1,
					2392, 385, 384, -1,
					2392, 384, 2395, -1,
					2395, 384, 2412, -1,
					2395, 2412, 2397, -1,
					2397, 2412, 2410, -1,
					2397, 2410, 2408, -1,
					2416, 2417, 2418, -1,
					2418, 2417, 2419, -1,
					2420, 2416, 2421, -1,
					2421, 2416, 2418, -1,
					2420, 2421, 2422, -1,
					2422, 2421, 2423, -1,
					2422, 2423, 2424, -1,
					2424, 2423, 2425, -1,
					2424, 2425, 2426, -1,
					2426, 2425, 2427, -1,
					2428, 2426, 2429, -1,
					2429, 2426, 2427, -1,
					2430, 2428, 2431, -1,
					2431, 2428, 2429, -1,
					2432, 2430, 2433, -1,
					2433, 2430, 2431, -1,
					2432, 2433, 2434, -1,
					2432, 2434, 2435, -1,
					2435, 2434, 2436, -1,
					2435, 2436, 2437, -1,
					2437, 2436, 2438, -1,
					2437, 2438, 2439, -1,
					390, 2439, 391, -1,
					391, 2439, 2438, -1,
					1019, 969, 1020, -1,
					1020, 969, 968, -1,
					370, 509, 2440, -1,
					370, 2440, 2441, -1,
					2441, 2440, 2419, -1,
					2441, 2419, 2417, -1,
					2435, 2437, 2439, -1,
					969, 1019, 386, -1,
					386, 1019, 371, -1,
					370, 2441, 371, -1,
					371, 2441, 2417, -1,
					371, 2417, 386, -1,
					386, 2417, 2416, -1,
					386, 2416, 390, -1,
					390, 2416, 2439, -1,
					2432, 2435, 2422, -1,
					2422, 2435, 2439, -1,
					2422, 2439, 2420, -1,
					2420, 2439, 2416, -1,
					2428, 2430, 2426, -1,
					2426, 2430, 2432, -1,
					2426, 2432, 2424, -1,
					2424, 2432, 2422, -1,
					2440, 509, 2419, -1,
					2419, 509, 508, -1,
					2419, 508, 2418, -1,
					2433, 2431, 2429, -1,
					2429, 2427, 2433, -1,
					2433, 2427, 2425, -1,
					2433, 2425, 2434, -1,
					2434, 2425, 2423, -1,
					1020, 968, 508, -1,
					508, 968, 405, -1,
					508, 405, 2418, -1,
					2418, 405, 391, -1,
					2418, 391, 2421, -1,
					2421, 391, 2438, -1,
					2421, 2438, 2423, -1,
					2423, 2438, 2436, -1,
					2423, 2436, 2434, -1,
					2442, 2443, 2444, -1,
					2444, 2443, 2445, -1,
					2446, 2442, 2447, -1,
					2447, 2442, 2444, -1,
					2446, 2447, 2448, -1,
					2448, 2447, 2449, -1,
					2448, 2449, 2450, -1,
					2450, 2449, 2451, -1,
					2450, 2451, 2452, -1,
					2452, 2451, 2453, -1,
					2454, 2452, 2455, -1,
					2455, 2452, 2453, -1,
					2456, 2454, 2457, -1,
					2457, 2454, 2455, -1,
					2458, 2456, 2459, -1,
					2459, 2456, 2457, -1,
					2458, 2459, 2460, -1,
					2458, 2460, 2461, -1,
					2461, 2460, 2462, -1,
					2461, 2462, 2463, -1,
					2463, 2462, 2464, -1,
					2463, 2464, 2465, -1,
					403, 2465, 395, -1,
					395, 2465, 2464, -1,
					1021, 967, 1022, -1,
					1022, 967, 970, -1,
					499, 498, 2466, -1,
					499, 2466, 2467, -1,
					2467, 2466, 2445, -1,
					2467, 2445, 2443, -1,
					2461, 2463, 2465, -1,
					967, 1021, 404, -1,
					404, 1021, 507, -1,
					499, 2467, 507, -1,
					507, 2467, 2443, -1,
					507, 2443, 404, -1,
					404, 2443, 2442, -1,
					404, 2442, 403, -1,
					403, 2442, 2465, -1,
					2458, 2461, 2448, -1,
					2448, 2461, 2465, -1,
					2448, 2465, 2446, -1,
					2446, 2465, 2442, -1,
					2454, 2456, 2452, -1,
					2452, 2456, 2458, -1,
					2452, 2458, 2450, -1,
					2450, 2458, 2448, -1,
					2466, 498, 2445, -1,
					2445, 498, 497, -1,
					2445, 497, 2444, -1,
					2459, 2457, 2455, -1,
					2455, 2453, 2459, -1,
					2459, 2453, 2451, -1,
					2459, 2451, 2460, -1,
					2460, 2451, 2449, -1,
					1022, 970, 497, -1,
					497, 970, 396, -1,
					497, 396, 2444, -1,
					2444, 396, 395, -1,
					2444, 395, 2447, -1,
					2447, 395, 2464, -1,
					2447, 2464, 2449, -1,
					2449, 2464, 2462, -1,
					2449, 2462, 2460, -1,
					2468, 2469, 2470, -1,
					2470, 2469, 2471, -1,
					2472, 2468, 2473, -1,
					2473, 2468, 2470, -1,
					2472, 2473, 2474, -1,
					2474, 2473, 2475, -1,
					2474, 2475, 2476, -1,
					2476, 2475, 2477, -1,
					2476, 2477, 2478, -1,
					2478, 2477, 2479, -1,
					2480, 2478, 2481, -1,
					2481, 2478, 2479, -1,
					2482, 2480, 2483, -1,
					2483, 2480, 2481, -1,
					2484, 2482, 2485, -1,
					2485, 2482, 2483, -1,
					2484, 2485, 2486, -1,
					2484, 2486, 2487, -1,
					2487, 2486, 2488, -1,
					2487, 2488, 2489, -1,
					2489, 2488, 2490, -1,
					2489, 2490, 2491, -1,
					401, 2491, 402, -1,
					402, 2491, 2490, -1,
					1023, 965, 1024, -1,
					1024, 965, 964, -1,
					495, 494, 2492, -1,
					495, 2492, 2493, -1,
					2493, 2492, 2471, -1,
					2493, 2471, 2469, -1,
					2487, 2489, 2491, -1,
					965, 1023, 397, -1,
					397, 1023, 496, -1,
					495, 2493, 496, -1,
					496, 2493, 2469, -1,
					496, 2469, 397, -1,
					397, 2469, 2468, -1,
					397, 2468, 401, -1,
					401, 2468, 2491, -1,
					2484, 2487, 2474, -1,
					2474, 2487, 2491, -1,
					2474, 2491, 2472, -1,
					2472, 2491, 2468, -1,
					2480, 2482, 2478, -1,
					2478, 2482, 2484, -1,
					2478, 2484, 2476, -1,
					2476, 2484, 2474, -1,
					2492, 494, 2471, -1,
					2471, 494, 493, -1,
					2471, 493, 2470, -1,
					2485, 2483, 2481, -1,
					2481, 2479, 2485, -1,
					2485, 2479, 2477, -1,
					2485, 2477, 2486, -1,
					2486, 2477, 2475, -1,
					1024, 964, 493, -1,
					493, 964, 415, -1,
					493, 415, 2470, -1,
					2470, 415, 402, -1,
					2470, 402, 2473, -1,
					2473, 402, 2490, -1,
					2473, 2490, 2475, -1,
					2475, 2490, 2488, -1,
					2475, 2488, 2486, -1,
					2494, 2495, 2496, -1,
					2496, 2495, 2497, -1,
					2498, 2494, 2499, -1,
					2499, 2494, 2496, -1,
					2498, 2499, 2500, -1,
					2500, 2499, 2501, -1,
					2500, 2501, 2502, -1,
					2502, 2501, 2503, -1,
					2502, 2503, 2504, -1,
					2504, 2503, 2505, -1,
					2506, 2504, 2507, -1,
					2507, 2504, 2505, -1,
					2508, 2506, 2509, -1,
					2509, 2506, 2507, -1,
					2510, 2508, 2511, -1,
					2511, 2508, 2509, -1,
					2510, 2511, 2512, -1,
					2510, 2512, 2513, -1,
					2513, 2512, 2514, -1,
					2513, 2514, 2515, -1,
					2515, 2514, 2516, -1,
					2515, 2516, 2517, -1,
					413, 2517, 406, -1,
					406, 2517, 2516, -1,
					1025, 963, 1026, -1,
					1026, 963, 966, -1,
					485, 484, 2518, -1,
					485, 2518, 2519, -1,
					2519, 2518, 2497, -1,
					2519, 2497, 2495, -1,
					2513, 2515, 2517, -1,
					963, 1025, 414, -1,
					414, 1025, 492, -1,
					485, 2519, 492, -1,
					492, 2519, 2495, -1,
					492, 2495, 414, -1,
					414, 2495, 2494, -1,
					414, 2494, 413, -1,
					413, 2494, 2517, -1,
					2510, 2513, 2500, -1,
					2500, 2513, 2517, -1,
					2500, 2517, 2498, -1,
					2498, 2517, 2494, -1,
					2506, 2508, 2504, -1,
					2504, 2508, 2510, -1,
					2504, 2510, 2502, -1,
					2502, 2510, 2500, -1,
					2518, 484, 2497, -1,
					2497, 484, 361, -1,
					2497, 361, 2496, -1,
					2511, 2509, 2507, -1,
					2507, 2505, 2511, -1,
					2511, 2505, 2503, -1,
					2511, 2503, 2512, -1,
					2512, 2503, 2501, -1,
					1026, 966, 361, -1,
					361, 966, 407, -1,
					361, 407, 2496, -1,
					2496, 407, 406, -1,
					2496, 406, 2499, -1,
					2499, 406, 2516, -1,
					2499, 2516, 2501, -1,
					2501, 2516, 2514, -1,
					2501, 2514, 2512, -1,
					2520, 2521, 2522, -1,
					2522, 2521, 2523, -1,
					2524, 2520, 2525, -1,
					2525, 2520, 2522, -1,
					2524, 2525, 2526, -1,
					2526, 2525, 2527, -1,
					2526, 2527, 2528, -1,
					2528, 2527, 2529, -1,
					2528, 2529, 2530, -1,
					2530, 2529, 2531, -1,
					2532, 2530, 2533, -1,
					2533, 2530, 2531, -1,
					2534, 2532, 2535, -1,
					2535, 2532, 2533, -1,
					2536, 2534, 2537, -1,
					2537, 2534, 2535, -1,
					2536, 2537, 2538, -1,
					2536, 2538, 2539, -1,
					2539, 2538, 2540, -1,
					2539, 2540, 2541, -1,
					2541, 2540, 2542, -1,
					2541, 2542, 2543, -1,
					411, 2543, 412, -1,
					412, 2543, 2542, -1,
					1027, 961, 1028, -1,
					1028, 961, 960, -1,
					359, 486, 2544, -1,
					359, 2544, 2545, -1,
					2545, 2544, 2523, -1,
					2545, 2523, 2521, -1,
					2539, 2541, 2543, -1,
					961, 1027, 408, -1,
					408, 1027, 360, -1,
					359, 2545, 360, -1,
					360, 2545, 2521, -1,
					360, 2521, 408, -1,
					408, 2521, 2520, -1,
					408, 2520, 411, -1,
					411, 2520, 2543, -1,
					2536, 2539, 2526, -1,
					2526, 2539, 2543, -1,
					2526, 2543, 2524, -1,
					2524, 2543, 2520, -1,
					2532, 2534, 2530, -1,
					2530, 2534, 2536, -1,
					2530, 2536, 2528, -1,
					2528, 2536, 2526, -1,
					2544, 486, 2523, -1,
					2523, 486, 487, -1,
					2523, 487, 2522, -1,
					2537, 2535, 2533, -1,
					2533, 2531, 2537, -1,
					2537, 2531, 2529, -1,
					2537, 2529, 2538, -1,
					2538, 2529, 2527, -1,
					1028, 960, 487, -1,
					487, 960, 431, -1,
					487, 431, 2522, -1,
					2522, 431, 412, -1,
					2522, 412, 2525, -1,
					2525, 412, 2542, -1,
					2525, 2542, 2527, -1,
					2527, 2542, 2540, -1,
					2527, 2540, 2538, -1,
					2546, 2547, 2548, -1,
					2548, 2547, 2549, -1,
					2550, 2546, 2551, -1,
					2551, 2546, 2548, -1,
					2550, 2551, 2552, -1,
					2552, 2551, 2553, -1,
					2552, 2553, 2554, -1,
					2554, 2553, 2555, -1,
					2554, 2555, 2556, -1,
					2556, 2555, 2557, -1,
					2558, 2556, 2559, -1,
					2559, 2556, 2557, -1,
					2560, 2558, 2561, -1,
					2561, 2558, 2559, -1,
					2562, 2560, 2563, -1,
					2563, 2560, 2561, -1,
					2562, 2563, 2564, -1,
					2562, 2564, 2565, -1,
					2565, 2564, 2566, -1,
					2565, 2566, 2567, -1,
					2567, 2566, 2568, -1,
					2567, 2568, 2569, -1,
					429, 2569, 420, -1,
					420, 2569, 2568, -1,
					1029, 959, 1030, -1,
					1030, 959, 962, -1,
					480, 479, 2570, -1,
					480, 2570, 2571, -1,
					2571, 2570, 2549, -1,
					2571, 2549, 2547, -1,
					2565, 2567, 2569, -1,
					959, 1029, 430, -1,
					430, 1029, 488, -1,
					480, 2571, 488, -1,
					488, 2571, 2547, -1,
					488, 2547, 430, -1,
					430, 2547, 2546, -1,
					430, 2546, 429, -1,
					429, 2546, 2569, -1,
					2562, 2565, 2552, -1,
					2552, 2565, 2569, -1,
					2552, 2569, 2550, -1,
					2550, 2569, 2546, -1,
					2558, 2560, 2556, -1,
					2556, 2560, 2562, -1,
					2556, 2562, 2554, -1,
					2554, 2562, 2552, -1,
					2570, 479, 2549, -1,
					2549, 479, 478, -1,
					2549, 478, 2548, -1,
					2563, 2561, 2559, -1,
					2559, 2557, 2563, -1,
					2563, 2557, 2555, -1,
					2563, 2555, 2564, -1,
					2564, 2555, 2553, -1,
					1030, 962, 478, -1,
					478, 962, 421, -1,
					478, 421, 2548, -1,
					2548, 421, 420, -1,
					2548, 420, 2551, -1,
					2551, 420, 2568, -1,
					2551, 2568, 2553, -1,
					2553, 2568, 2566, -1,
					2553, 2566, 2564, -1,
					2572, 2573, 2574, -1,
					2574, 2573, 2575, -1,
					2576, 2572, 2577, -1,
					2577, 2572, 2574, -1,
					2576, 2577, 2578, -1,
					2578, 2577, 2579, -1,
					2578, 2579, 2580, -1,
					2580, 2579, 2581, -1,
					2580, 2581, 2582, -1,
					2582, 2581, 2583, -1,
					2584, 2582, 2585, -1,
					2585, 2582, 2583, -1,
					2586, 2584, 2587, -1,
					2587, 2584, 2585, -1,
					2588, 2586, 2589, -1,
					2589, 2586, 2587, -1,
					2588, 2589, 2590, -1,
					2588, 2590, 2591, -1,
					2591, 2590, 2592, -1,
					2591, 2592, 2593, -1,
					2593, 2592, 2594, -1,
					2593, 2594, 2595, -1,
					427, 2595, 428, -1,
					428, 2595, 2594, -1,
					1031, 957, 1032, -1,
					1032, 957, 956, -1,
					474, 473, 2596, -1,
					474, 2596, 2597, -1,
					2597, 2596, 2575, -1,
					2597, 2575, 2573, -1,
					2591, 2593, 2595, -1,
					957, 1031, 422, -1,
					422, 1031, 477, -1,
					474, 2597, 477, -1,
					477, 2597, 2573, -1,
					477, 2573, 422, -1,
					422, 2573, 2572, -1,
					422, 2572, 427, -1,
					427, 2572, 2595, -1,
					2588, 2591, 2578, -1,
					2578, 2591, 2595, -1,
					2578, 2595, 2576, -1,
					2576, 2595, 2572, -1,
					2584, 2586, 2582, -1,
					2582, 2586, 2588, -1,
					2582, 2588, 2580, -1,
					2580, 2588, 2578, -1,
					2596, 473, 2575, -1,
					2575, 473, 472, -1,
					2575, 472, 2574, -1,
					2589, 2587, 2585, -1,
					2585, 2583, 2589, -1,
					2589, 2583, 2581, -1,
					2589, 2581, 2590, -1,
					2590, 2581, 2579, -1,
					1032, 956, 472, -1,
					472, 956, 438, -1,
					472, 438, 2574, -1,
					2574, 438, 428, -1,
					2574, 428, 2577, -1,
					2577, 428, 2594, -1,
					2577, 2594, 2579, -1,
					2579, 2594, 2592, -1,
					2579, 2592, 2590, -1,
					2598, 2599, 2600, -1,
					2600, 2599, 2601, -1,
					2602, 2598, 2603, -1,
					2603, 2598, 2600, -1,
					2602, 2603, 2604, -1,
					2604, 2603, 2605, -1,
					2604, 2605, 2606, -1,
					2606, 2605, 2607, -1,
					2606, 2607, 2608, -1,
					2608, 2607, 2609, -1,
					2610, 2608, 2611, -1,
					2611, 2608, 2609, -1,
					2612, 2610, 2613, -1,
					2613, 2610, 2611, -1,
					2614, 2612, 2615, -1,
					2615, 2612, 2613, -1,
					2614, 2615, 2616, -1,
					2614, 2616, 2617, -1,
					2617, 2616, 2618, -1,
					2617, 2618, 2619, -1,
					2619, 2618, 2620, -1,
					2619, 2620, 2621, -1,
					437, 2621, 439, -1,
					439, 2621, 2620, -1,
					1033, 955, 1034, -1,
					1034, 955, 958, -1,
					467, 466, 2622, -1,
					467, 2622, 2623, -1,
					2623, 2622, 2601, -1,
					2623, 2601, 2599, -1,
					2617, 2619, 2621, -1,
					955, 1033, 436, -1,
					436, 1033, 471, -1,
					467, 2623, 471, -1,
					471, 2623, 2599, -1,
					471, 2599, 436, -1,
					436, 2599, 2598, -1,
					436, 2598, 437, -1,
					437, 2598, 2621, -1,
					2614, 2617, 2604, -1,
					2604, 2617, 2621, -1,
					2604, 2621, 2602, -1,
					2602, 2621, 2598, -1,
					2610, 2612, 2608, -1,
					2608, 2612, 2614, -1,
					2608, 2614, 2606, -1,
					2606, 2614, 2604, -1,
					2622, 466, 2601, -1,
					2601, 466, 465, -1,
					2601, 465, 2600, -1,
					2615, 2613, 2611, -1,
					2611, 2609, 2615, -1,
					2615, 2609, 2607, -1,
					2615, 2607, 2616, -1,
					2616, 2607, 2605, -1,
					1034, 958, 465, -1,
					465, 958, 459, -1,
					465, 459, 2600, -1,
					2600, 459, 439, -1,
					2600, 439, 2603, -1,
					2603, 439, 2620, -1,
					2603, 2620, 2605, -1,
					2605, 2620, 2618, -1,
					2605, 2618, 2616, -1,
					2624, 2625, 2626, -1,
					2626, 2625, 2627, -1,
					2628, 2624, 2629, -1,
					2629, 2624, 2626, -1,
					2628, 2629, 2630, -1,
					2630, 2629, 2631, -1,
					2630, 2631, 2632, -1,
					2632, 2631, 2633, -1,
					2632, 2633, 2634, -1,
					2634, 2633, 2635, -1,
					2636, 2634, 2637, -1,
					2637, 2634, 2635, -1,
					2638, 2636, 2639, -1,
					2639, 2636, 2637, -1,
					2640, 2638, 2641, -1,
					2641, 2638, 2639, -1,
					2640, 2641, 2642, -1,
					2640, 2642, 2643, -1,
					2643, 2642, 2644, -1,
					2643, 2644, 2645, -1,
					2645, 2644, 2646, -1,
					2645, 2646, 2647, -1,
					457, 2647, 444, -1,
					444, 2647, 2646, -1,
					1035, 953, 1036, -1,
					1036, 953, 952, -1,
					463, 462, 2648, -1,
					463, 2648, 2649, -1,
					2649, 2648, 2627, -1,
					2649, 2627, 2625, -1,
					2643, 2645, 2647, -1,
					953, 1035, 458, -1,
					458, 1035, 464, -1,
					463, 2649, 464, -1,
					464, 2649, 2625, -1,
					464, 2625, 458, -1,
					458, 2625, 2624, -1,
					458, 2624, 457, -1,
					457, 2624, 2647, -1,
					2640, 2643, 2630, -1,
					2630, 2643, 2647, -1,
					2630, 2647, 2628, -1,
					2628, 2647, 2624, -1,
					2636, 2638, 2634, -1,
					2634, 2638, 2640, -1,
					2634, 2640, 2632, -1,
					2632, 2640, 2630, -1,
					2648, 462, 2627, -1,
					2627, 462, 461, -1,
					2627, 461, 2626, -1,
					2641, 2639, 2637, -1,
					2637, 2635, 2641, -1,
					2641, 2635, 2633, -1,
					2641, 2633, 2642, -1,
					2642, 2633, 2631, -1,
					1036, 952, 461, -1,
					461, 952, 445, -1,
					461, 445, 2626, -1,
					2626, 445, 444, -1,
					2626, 444, 2629, -1,
					2629, 444, 2646, -1,
					2629, 2646, 2631, -1,
					2631, 2646, 2644, -1,
					2631, 2644, 2642, -1,
					2650, 2651, 2652, -1,
					2652, 2651, 2653, -1,
					2654, 2650, 2655, -1,
					2655, 2650, 2652, -1,
					2654, 2655, 2656, -1,
					2656, 2655, 2657, -1,
					2656, 2657, 2658, -1,
					2658, 2657, 2659, -1,
					2658, 2659, 2660, -1,
					2660, 2659, 2661, -1,
					2662, 2660, 2663, -1,
					2663, 2660, 2661, -1,
					2664, 2662, 2665, -1,
					2665, 2662, 2663, -1,
					2666, 2664, 2667, -1,
					2667, 2664, 2665, -1,
					2666, 2667, 2668, -1,
					2666, 2668, 2669, -1,
					2669, 2668, 2670, -1,
					2669, 2670, 2671, -1,
					2671, 2670, 2672, -1,
					2671, 2672, 2673, -1,
					451, 2673, 452, -1,
					452, 2673, 2672, -1,
					1037, 951, 1038, -1,
					1038, 951, 954, -1,
					456, 455, 2674, -1,
					456, 2674, 2675, -1,
					2675, 2674, 2653, -1,
					2675, 2653, 2651, -1,
					2669, 2671, 2673, -1,
					951, 1037, 446, -1,
					446, 1037, 460, -1,
					456, 2675, 460, -1,
					460, 2675, 2651, -1,
					460, 2651, 446, -1,
					446, 2651, 2650, -1,
					446, 2650, 451, -1,
					451, 2650, 2673, -1,
					2666, 2669, 2656, -1,
					2656, 2669, 2673, -1,
					2656, 2673, 2654, -1,
					2654, 2673, 2650, -1,
					2662, 2664, 2660, -1,
					2660, 2664, 2666, -1,
					2660, 2666, 2658, -1,
					2658, 2666, 2656, -1,
					2674, 455, 2653, -1,
					2653, 455, 454, -1,
					2653, 454, 2652, -1,
					2667, 2665, 2663, -1,
					2663, 2661, 2667, -1,
					2667, 2661, 2659, -1,
					2667, 2659, 2668, -1,
					2668, 2659, 2657, -1,
					1038, 954, 454, -1,
					454, 954, 483, -1,
					454, 483, 2652, -1,
					2652, 483, 452, -1,
					2652, 452, 2655, -1,
					2655, 452, 2672, -1,
					2655, 2672, 2657, -1,
					2657, 2672, 2670, -1,
					2657, 2670, 2668, -1,
					2676, 2677, 2678, -1,
					2678, 2677, 2679, -1,
					2680, 2676, 2681, -1,
					2681, 2676, 2678, -1,
					2680, 2681, 2682, -1,
					2682, 2681, 2683, -1,
					2682, 2683, 2684, -1,
					2684, 2683, 2685, -1,
					2684, 2685, 2686, -1,
					2686, 2685, 2687, -1,
					2688, 2686, 2689, -1,
					2689, 2686, 2687, -1,
					2690, 2688, 2691, -1,
					2691, 2688, 2689, -1,
					2692, 2690, 2693, -1,
					2693, 2690, 2691, -1,
					2692, 2693, 2694, -1,
					2692, 2694, 2695, -1,
					2695, 2694, 2696, -1,
					2695, 2696, 2697, -1,
					2697, 2696, 2698, -1,
					2697, 2698, 2699, -1,
					481, 2699, 468, -1,
					468, 2699, 2698, -1,
					1039, 949, 1040, -1,
					1040, 949, 948, -1,
					450, 449, 2700, -1,
					450, 2700, 2701, -1,
					2701, 2700, 2679, -1,
					2701, 2679, 2677, -1,
					2695, 2697, 2699, -1,
					949, 1039, 482, -1,
					482, 1039, 453, -1,
					450, 2701, 453, -1,
					453, 2701, 2677, -1,
					453, 2677, 482, -1,
					482, 2677, 2676, -1,
					482, 2676, 481, -1,
					481, 2676, 2699, -1,
					2692, 2695, 2682, -1,
					2682, 2695, 2699, -1,
					2682, 2699, 2680, -1,
					2680, 2699, 2676, -1,
					2688, 2690, 2686, -1,
					2686, 2690, 2692, -1,
					2686, 2692, 2684, -1,
					2684, 2692, 2682, -1,
					2700, 449, 2679, -1,
					2679, 449, 448, -1,
					2679, 448, 2678, -1,
					2693, 2691, 2689, -1,
					2689, 2687, 2693, -1,
					2693, 2687, 2685, -1,
					2693, 2685, 2694, -1,
					2694, 2685, 2683, -1,
					1040, 948, 448, -1,
					448, 948, 469, -1,
					448, 469, 2678, -1,
					2678, 469, 468, -1,
					2678, 468, 2681, -1,
					2681, 468, 2698, -1,
					2681, 2698, 2683, -1,
					2683, 2698, 2696, -1,
					2683, 2696, 2694, -1,
					2702, 2703, 2704, -1,
					2704, 2703, 2705, -1,
					2706, 2702, 2707, -1,
					2707, 2702, 2704, -1,
					2706, 2707, 2708, -1,
					2708, 2707, 2709, -1,
					2708, 2709, 2710, -1,
					2710, 2709, 2711, -1,
					2710, 2711, 2712, -1,
					2712, 2711, 2713, -1,
					2714, 2712, 2715, -1,
					2715, 2712, 2713, -1,
					2716, 2714, 2717, -1,
					2717, 2714, 2715, -1,
					2718, 2716, 2719, -1,
					2719, 2716, 2717, -1,
					2718, 2719, 2720, -1,
					2718, 2720, 2721, -1,
					2721, 2720, 2722, -1,
					2721, 2722, 2723, -1,
					2723, 2722, 2724, -1,
					2723, 2724, 2725, -1,
					475, 2725, 476, -1,
					476, 2725, 2724, -1,
					1041, 947, 1042, -1,
					1042, 947, 950, -1,
					443, 442, 2726, -1,
					443, 2726, 2727, -1,
					2727, 2726, 2705, -1,
					2727, 2705, 2703, -1,
					2721, 2723, 2725, -1,
					947, 1041, 470, -1,
					470, 1041, 447, -1,
					443, 2727, 447, -1,
					447, 2727, 2703, -1,
					447, 2703, 470, -1,
					470, 2703, 2702, -1,
					470, 2702, 475, -1,
					475, 2702, 2725, -1,
					2718, 2721, 2708, -1,
					2708, 2721, 2725, -1,
					2708, 2725, 2706, -1,
					2706, 2725, 2702, -1,
					2714, 2716, 2712, -1,
					2712, 2716, 2718, -1,
					2712, 2718, 2710, -1,
					2710, 2718, 2708, -1,
					2726, 442, 2705, -1,
					2705, 442, 441, -1,
					2705, 441, 2704, -1,
					2719, 2717, 2715, -1,
					2715, 2713, 2719, -1,
					2719, 2713, 2711, -1,
					2719, 2711, 2720, -1,
					2720, 2711, 2709, -1,
					1042, 950, 441, -1,
					441, 950, 506, -1,
					441, 506, 2704, -1,
					2704, 506, 476, -1,
					2704, 476, 2707, -1,
					2707, 476, 2724, -1,
					2707, 2724, 2709, -1,
					2709, 2724, 2722, -1,
					2709, 2722, 2720, -1,
					2728, 2729, 2730, -1,
					2730, 2729, 2731, -1,
					2732, 2728, 2733, -1,
					2733, 2728, 2730, -1,
					2732, 2733, 2734, -1,
					2734, 2733, 2735, -1,
					2734, 2735, 2736, -1,
					2736, 2735, 2737, -1,
					2736, 2737, 2738, -1,
					2738, 2737, 2739, -1,
					2740, 2738, 2741, -1,
					2741, 2738, 2739, -1,
					2742, 2740, 2743, -1,
					2743, 2740, 2741, -1,
					2744, 2742, 2745, -1,
					2745, 2742, 2743, -1,
					2744, 2745, 2746, -1,
					2744, 2746, 2747, -1,
					2747, 2746, 2748, -1,
					2747, 2748, 2749, -1,
					2749, 2748, 2750, -1,
					2749, 2750, 2751, -1,
					504, 2751, 489, -1,
					489, 2751, 2750, -1,
					1043, 945, 1044, -1,
					1044, 945, 944, -1,
					435, 434, 2752, -1,
					435, 2752, 2753, -1,
					2753, 2752, 2731, -1,
					2753, 2731, 2729, -1,
					2747, 2749, 2751, -1,
					945, 1043, 505, -1,
					505, 1043, 440, -1,
					435, 2753, 440, -1,
					440, 2753, 2729, -1,
					440, 2729, 505, -1,
					505, 2729, 2728, -1,
					505, 2728, 504, -1,
					504, 2728, 2751, -1,
					2744, 2747, 2734, -1,
					2734, 2747, 2751, -1,
					2734, 2751, 2732, -1,
					2732, 2751, 2728, -1,
					2740, 2742, 2738, -1,
					2738, 2742, 2744, -1,
					2738, 2744, 2736, -1,
					2736, 2744, 2734, -1,
					2752, 434, 2731, -1,
					2731, 434, 433, -1,
					2731, 433, 2730, -1,
					2745, 2743, 2741, -1,
					2741, 2739, 2745, -1,
					2745, 2739, 2737, -1,
					2745, 2737, 2746, -1,
					2746, 2737, 2735, -1,
					1044, 944, 433, -1,
					433, 944, 490, -1,
					433, 490, 2730, -1,
					2730, 490, 489, -1,
					2730, 489, 2733, -1,
					2733, 489, 2750, -1,
					2733, 2750, 2735, -1,
					2735, 2750, 2748, -1,
					2735, 2748, 2746, -1,
					2754, 2755, 2756, -1,
					2756, 2755, 2757, -1,
					2758, 2754, 2759, -1,
					2759, 2754, 2756, -1,
					2758, 2759, 2760, -1,
					2760, 2759, 2761, -1,
					2760, 2761, 2762, -1,
					2762, 2761, 2763, -1,
					2762, 2763, 2764, -1,
					2764, 2763, 2765, -1,
					2766, 2764, 2767, -1,
					2767, 2764, 2765, -1,
					2768, 2766, 2769, -1,
					2769, 2766, 2767, -1,
					2770, 2768, 2771, -1,
					2771, 2768, 2769, -1,
					2770, 2771, 2772, -1,
					2770, 2772, 2773, -1,
					2773, 2772, 2774, -1,
					2773, 2774, 2775, -1,
					2775, 2774, 2776, -1,
					2775, 2776, 2777, -1,
					500, 2777, 501, -1,
					501, 2777, 2776, -1,
					1045, 943, 1046, -1,
					1046, 943, 946, -1,
					426, 425, 2778, -1,
					426, 2778, 2779, -1,
					2779, 2778, 2757, -1,
					2779, 2757, 2755, -1,
					2773, 2775, 2777, -1,
					943, 1045, 491, -1,
					491, 1045, 432, -1,
					426, 2779, 432, -1,
					432, 2779, 2755, -1,
					432, 2755, 491, -1,
					491, 2755, 2754, -1,
					491, 2754, 500, -1,
					500, 2754, 2777, -1,
					2770, 2773, 2760, -1,
					2760, 2773, 2777, -1,
					2760, 2777, 2758, -1,
					2758, 2777, 2754, -1,
					2766, 2768, 2764, -1,
					2764, 2768, 2770, -1,
					2764, 2770, 2762, -1,
					2762, 2770, 2760, -1,
					2778, 425, 2757, -1,
					2757, 425, 424, -1,
					2757, 424, 2756, -1,
					2771, 2769, 2767, -1,
					2767, 2765, 2771, -1,
					2771, 2765, 2763, -1,
					2771, 2763, 2772, -1,
					2772, 2763, 2761, -1,
					1046, 946, 424, -1,
					424, 946, 534, -1,
					424, 534, 2756, -1,
					2756, 534, 501, -1,
					2756, 501, 2759, -1,
					2759, 501, 2776, -1,
					2759, 2776, 2761, -1,
					2761, 2776, 2774, -1,
					2761, 2774, 2772, -1,
					2780, 2781, 2782, -1,
					2782, 2781, 2783, -1,
					2784, 2780, 2785, -1,
					2785, 2780, 2782, -1,
					2784, 2785, 2786, -1,
					2786, 2785, 2787, -1,
					2786, 2787, 2788, -1,
					2788, 2787, 2789, -1,
					2788, 2789, 2790, -1,
					2790, 2789, 2791, -1,
					2792, 2790, 2793, -1,
					2793, 2790, 2791, -1,
					2794, 2792, 2795, -1,
					2795, 2792, 2793, -1,
					2796, 2794, 2797, -1,
					2797, 2794, 2795, -1,
					2796, 2797, 2798, -1,
					2796, 2798, 2799, -1,
					2799, 2798, 2800, -1,
					2799, 2800, 2801, -1,
					2801, 2800, 2802, -1,
					2801, 2802, 2803, -1,
					532, 2803, 517, -1,
					517, 2803, 2802, -1,
					1047, 942, 994, -1,
					994, 942, 940, -1,
					419, 418, 2804, -1,
					419, 2804, 2805, -1,
					2805, 2804, 2783, -1,
					2805, 2783, 2781, -1,
					2799, 2801, 2803, -1,
					942, 1047, 533, -1,
					533, 1047, 423, -1,
					419, 2805, 423, -1,
					423, 2805, 2781, -1,
					423, 2781, 533, -1,
					533, 2781, 2780, -1,
					533, 2780, 532, -1,
					532, 2780, 2803, -1,
					2796, 2799, 2786, -1,
					2786, 2799, 2803, -1,
					2786, 2803, 2784, -1,
					2784, 2803, 2780, -1,
					2792, 2794, 2790, -1,
					2790, 2794, 2796, -1,
					2790, 2796, 2788, -1,
					2788, 2796, 2786, -1,
					2804, 418, 2783, -1,
					2783, 418, 417, -1,
					2783, 417, 2782, -1,
					2797, 2795, 2793, -1,
					2793, 2791, 2797, -1,
					2797, 2791, 2789, -1,
					2797, 2789, 2798, -1,
					2798, 2789, 2787, -1,
					994, 940, 417, -1,
					417, 940, 518, -1,
					417, 518, 2782, -1,
					2782, 518, 517, -1,
					2782, 517, 2785, -1,
					2785, 517, 2802, -1,
					2785, 2802, 2787, -1,
					2787, 2802, 2800, -1,
					2787, 2800, 2798, -1,
					2806, 2807, 2808, -1,
					2808, 2807, 2809, -1,
					2810, 2806, 2811, -1,
					2811, 2806, 2808, -1,
					2810, 2811, 2812, -1,
					2812, 2811, 2813, -1,
					2812, 2813, 2814, -1,
					2814, 2813, 2815, -1,
					2814, 2815, 2816, -1,
					2816, 2815, 2817, -1,
					2818, 2816, 2819, -1,
					2819, 2816, 2817, -1,
					2820, 2818, 2821, -1,
					2821, 2818, 2819, -1,
					2822, 2820, 2823, -1,
					2823, 2820, 2821, -1,
					2822, 2823, 2824, -1,
					2822, 2824, 2825, -1,
					2825, 2824, 2826, -1,
					2825, 2826, 2827, -1,
					2827, 2826, 2828, -1,
					2827, 2828, 2829, -1,
					526, 2829, 527, -1,
					527, 2829, 2828, -1,
					1048, 939, 997, -1,
					997, 939, 941, -1,
					410, 409, 2830, -1,
					410, 2830, 2831, -1,
					2831, 2830, 2809, -1,
					2831, 2809, 2807, -1,
					2825, 2827, 2829, -1,
					939, 1048, 519, -1,
					519, 1048, 416, -1,
					410, 2831, 416, -1,
					416, 2831, 2807, -1,
					416, 2807, 519, -1,
					519, 2807, 2806, -1,
					519, 2806, 526, -1,
					526, 2806, 2829, -1,
					2822, 2825, 2812, -1,
					2812, 2825, 2829, -1,
					2812, 2829, 2810, -1,
					2810, 2829, 2806, -1,
					2818, 2820, 2816, -1,
					2816, 2820, 2822, -1,
					2816, 2822, 2814, -1,
					2814, 2822, 2812, -1,
					2830, 409, 2809, -1,
					2809, 409, 312, -1,
					2809, 312, 2808, -1,
					2823, 2821, 2819, -1,
					2819, 2817, 2823, -1,
					2823, 2817, 2815, -1,
					2823, 2815, 2824, -1,
					2824, 2815, 2813, -1,
					997, 941, 312, -1,
					312, 941, 555, -1,
					312, 555, 2808, -1,
					2808, 555, 527, -1,
					2808, 527, 2811, -1,
					2811, 527, 2828, -1,
					2811, 2828, 2813, -1,
					2813, 2828, 2826, -1,
					2813, 2826, 2824, -1,
					2832, 2833, 2834, -1,
					2834, 2833, 2835, -1,
					2836, 2832, 2837, -1,
					2837, 2832, 2834, -1,
					2836, 2837, 2838, -1,
					2838, 2837, 2839, -1,
					2838, 2839, 2840, -1,
					2840, 2839, 2841, -1,
					2840, 2841, 2842, -1,
					2842, 2841, 2843, -1,
					2844, 2842, 2845, -1,
					2845, 2842, 2843, -1,
					2846, 2844, 2847, -1,
					2847, 2844, 2845, -1,
					2848, 2846, 2849, -1,
					2849, 2846, 2847, -1,
					2848, 2849, 2850, -1,
					2848, 2850, 2851, -1,
					2851, 2850, 2852, -1,
					2851, 2852, 2853, -1,
					2853, 2852, 2854, -1,
					2853, 2854, 2855, -1,
					557, 2855, 558, -1,
					558, 2855, 2854, -1,
					998, 936, 1049, -1,
					1049, 936, 938, -1,
					310, 552, 2856, -1,
					310, 2856, 2857, -1,
					2857, 2856, 2835, -1,
					2857, 2835, 2833, -1,
					2851, 2853, 2855, -1,
					936, 998, 556, -1,
					556, 998, 311, -1,
					310, 2857, 311, -1,
					311, 2857, 2833, -1,
					311, 2833, 556, -1,
					556, 2833, 2832, -1,
					556, 2832, 557, -1,
					557, 2832, 2855, -1,
					2848, 2851, 2838, -1,
					2838, 2851, 2855, -1,
					2838, 2855, 2836, -1,
					2836, 2855, 2832, -1,
					2844, 2846, 2842, -1,
					2842, 2846, 2848, -1,
					2842, 2848, 2840, -1,
					2840, 2848, 2838, -1,
					2856, 552, 2835, -1,
					2835, 552, 551, -1,
					2835, 551, 2834, -1,
					2849, 2847, 2845, -1,
					2845, 2843, 2849, -1,
					2849, 2843, 2841, -1,
					2849, 2841, 2850, -1,
					2850, 2841, 2839, -1,
					1049, 938, 551, -1,
					551, 938, 553, -1,
					551, 553, 2834, -1,
					2834, 553, 558, -1,
					2834, 558, 2837, -1,
					2837, 558, 2854, -1,
					2837, 2854, 2839, -1,
					2839, 2854, 2852, -1,
					2839, 2852, 2850, -1,
					2858, 24, 732, -1,
					732, 24, 235, -1,
					732, 235, 233, -1,
					2858, 271, 24, -1,
					24, 271, 25, -1,
					270, 260, 262, -1,
					2859, 2860, 270, -1,
					266, 271, 264, -1,
					264, 271, 2858, -1,
					264, 2858, 262, -1,
					262, 2858, 732, -1,
					262, 732, 270, -1,
					270, 732, 731, -1,
					270, 731, 2859, -1,
					2861, 2862, 2860, -1,
					2860, 2862, 2863, -1,
					2860, 2863, 270, -1,
					559, 2864, 68, -1,
					68, 2864, 27, -1,
					2864, 722, 27, -1,
					27, 722, 28, -1,
					559, 250, 2864, -1,
					2864, 250, 252, -1,
					2864, 252, 722, -1,
					722, 252, 238, -1,
					238, 240, 722, -1,
					722, 240, 549, -1,
					722, 549, 723, -1,
					723, 549, 2865, -1,
					2866, 2867, 2868, -1,
					2865, 549, 2868, -1,
					2868, 549, 2869, -1,
					2868, 2869, 2866, -1,
					2870, 2871, 353, -1,
					353, 2871, 354, -1,
					354, 2871, 272, -1,
					272, 2871, 2872, -1,
					2870, 353, 2873, -1,
					2873, 353, 273, -1,
					262, 263, 264, -1,
					264, 263, 265, -1,
					267, 265, 261, -1,
					261, 265, 263, -1,
					2872, 2871, 2873, -1,
					2873, 2871, 2870, -1,
					245, 257, 247, -1,
					247, 257, 255, -1,
					241, 239, 251, -1,
					251, 239, 253, -1,
					253, 239, 252, -1,
					252, 239, 238, -1,
					268, 269, 258, -1,
					258, 269, 259, -1,
					2873, 273, 2872, -1,
					2872, 273, 272, -1,
					249, 248, 243, -1,
					243, 248, 242, -1,
					254, 256, 246, -1,
					246, 256, 244, -1,
					2874, 59, 2875, -1,
					2875, 59, 56, -1,
					2875, 56, 2876, -1,
					2876, 56, 2877, -1,
					2876, 2877, 2878, -1,
					2877, 31, 2878, -1,
					2878, 31, 49, -1,
					2878, 49, 2879, -1,
					2879, 49, 47, -1,
					2879, 47, 2880, -1,
					2880, 47, 37, -1,
					2880, 37, 2881, -1,
					2881, 37, 51, -1,
					2881, 51, 2882, -1,
					2882, 51, 46, -1,
					2882, 46, 2883, -1,
					2883, 46, 44, -1,
					2883, 44, 2884, -1,
					2884, 44, 42, -1,
					2884, 42, 2885, -1,
					2885, 42, 33, -1,
					2885, 33, 2886, -1,
					2886, 33, 2887, -1,
					2886, 2887, 2874, -1,
					2874, 2887, 62, -1,
					2874, 62, 59, -1,
					2888, 2889, 2890, -1,
					2890, 2889, 2891, -1,
					2890, 2891, 2892, -1,
					2893, 2894, 2890, -1,
					2890, 2894, 2895, -1,
					2890, 2895, 2888, -1,
					2896, 2897, 2890, -1,
					2890, 2897, 2898, -1,
					2890, 2898, 2893, -1,
					2892, 2899, 2890, -1,
					2890, 2899, 2900, -1,
					2890, 2900, 2896, -1,
					154, 2901, 156, -1,
					156, 2901, 2902, -1,
					156, 2902, 163, -1,
					163, 2902, 2903, -1,
					163, 2903, 165, -1,
					165, 2903, 2904, -1,
					165, 2904, 167, -1,
					167, 2904, 2905, -1,
					167, 2905, 146, -1,
					146, 2905, 2906, -1,
					146, 2906, 148, -1,
					148, 2906, 2907, -1,
					148, 2907, 160, -1,
					160, 2907, 2908, -1,
					160, 2908, 162, -1,
					162, 2908, 2909, -1,
					162, 2909, 170, -1,
					170, 2909, 2910, -1,
					170, 2910, 150, -1,
					150, 2910, 2911, -1,
					150, 2911, 158, -1,
					158, 2911, 2912, -1,
					158, 2912, 154, -1,
					154, 2912, 2901, -1,
					2913, 2914, 2915, -1,
					2915, 2914, 2916, -1,
					2915, 2916, 2917, -1,
					2918, 2919, 2915, -1,
					2915, 2919, 2920, -1,
					2915, 2920, 2913, -1,
					2921, 2922, 2915, -1,
					2915, 2922, 2923, -1,
					2915, 2923, 2918, -1,
					2917, 2924, 2915, -1,
					2915, 2924, 2925, -1,
					2915, 2925, 2921, -1,
					2885, 2897, 2884, -1,
					2884, 2897, 2896, -1,
					2884, 2896, 2883, -1,
					2883, 2896, 2900, -1,
					2883, 2900, 2882, -1,
					2882, 2900, 2899, -1,
					2882, 2899, 2881, -1,
					2881, 2899, 2892, -1,
					2881, 2892, 2880, -1,
					2880, 2892, 2891, -1,
					2880, 2891, 2879, -1,
					2879, 2891, 2889, -1,
					2879, 2889, 2878, -1,
					2878, 2889, 2888, -1,
					2878, 2888, 2876, -1,
					2876, 2888, 2895, -1,
					2876, 2895, 2875, -1,
					2875, 2895, 2894, -1,
					2875, 2894, 2874, -1,
					2874, 2894, 2893, -1,
					2874, 2893, 2886, -1,
					2886, 2893, 2898, -1,
					2886, 2898, 2885, -1,
					2885, 2898, 2897, -1,
					2912, 2922, 2901, -1,
					2901, 2922, 2921, -1,
					2901, 2921, 2902, -1,
					2902, 2921, 2925, -1,
					2902, 2925, 2903, -1,
					2903, 2925, 2924, -1,
					2903, 2924, 2904, -1,
					2904, 2924, 2917, -1,
					2904, 2917, 2905, -1,
					2905, 2917, 2916, -1,
					2905, 2916, 2906, -1,
					2906, 2916, 2914, -1,
					2906, 2914, 2907, -1,
					2907, 2914, 2913, -1,
					2907, 2913, 2908, -1,
					2908, 2913, 2920, -1,
					2908, 2920, 2909, -1,
					2909, 2920, 2919, -1,
					2909, 2919, 2910, -1,
					2910, 2919, 2918, -1,
					2910, 2918, 2911, -1,
					2911, 2918, 2923, -1,
					2911, 2923, 2912, -1,
					2912, 2923, 2922, -1,
					2926, 2927, 230, -1,
					230, 2927, 225, -1,
					2927, 2928, 225, -1,
					225, 2928, 219, -1,
					2928, 2929, 219, -1,
					219, 2929, 220, -1,
					2929, 2930, 220, -1,
					220, 2930, 226, -1,
					2930, 2931, 226, -1,
					226, 2931, 227, -1,
					2931, 2932, 227, -1,
					227, 2932, 228, -1,
					2932, 2933, 228, -1,
					228, 2933, 229, -1,
					2933, 2926, 229, -1,
					229, 2926, 230, -1,
					2934, 2928, 2927, -1,
					2926, 2935, 2927, -1,
					2927, 2935, 2936, -1,
					2927, 2936, 2934, -1,
					2933, 2932, 2931, -1,
					2929, 2928, 2930, -1,
					2930, 2928, 2934, -1,
					2930, 2934, 2931, -1,
					2931, 2934, 2935, -1,
					2931, 2935, 2933, -1,
					2933, 2935, 2926, -1,
					2934, 2936, 2937, -1,
					2937, 2936, 2938, -1,
					2935, 2934, 2939, -1,
					2939, 2934, 2937, -1,
					2936, 2935, 2938, -1,
					2938, 2935, 2939, -1,
					2940, 2941, 210, -1,
					210, 2941, 211, -1,
					2941, 2942, 211, -1,
					211, 2942, 212, -1,
					2942, 2943, 212, -1,
					212, 2943, 207, -1,
					2944, 205, 208, -1,
					2944, 208, 2945, -1,
					2945, 208, 207, -1,
					2945, 207, 2943, -1,
					2946, 217, 2947, -1,
					2946, 2947, 2948, -1,
					2948, 2947, 2949, -1,
					2948, 2949, 2950, -1,
					2950, 2949, 205, -1,
					2950, 205, 2944, -1,
					2940, 210, 2951, -1,
					2940, 2951, 2952, -1,
					2952, 2951, 2953, -1,
					2952, 2953, 2954, -1,
					2954, 2953, 2955, -1,
					2954, 2955, 2956, -1,
					2956, 2955, 217, -1,
					2956, 217, 2946, -1,
					2957, 2958, 2954, -1,
					2954, 2958, 2959, -1,
					2954, 2959, 2952, -1,
					2952, 2959, 2960, -1,
					2952, 2960, 2940, -1,
					2940, 2960, 2961, -1,
					2940, 2961, 2941, -1,
					2941, 2961, 2962, -1,
					2941, 2962, 2942, -1,
					2942, 2962, 2963, -1,
					2942, 2963, 2943, -1,
					2943, 2963, 2964, -1,
					2943, 2964, 2945, -1,
					2945, 2964, 2965, -1,
					2945, 2965, 2944, -1,
					2944, 2965, 2966, -1,
					2944, 2966, 2950, -1,
					2950, 2966, 2967, -1,
					2950, 2967, 2948, -1,
					2948, 2967, 2968, -1,
					2948, 2968, 2946, -1,
					2946, 2968, 2969, -1,
					2946, 2969, 2956, -1,
					2956, 2969, 2957, -1,
					2956, 2957, 2954, -1,
					2963, 2962, 2970, -1,
					2970, 2962, 2971, -1,
					2964, 2963, 2972, -1,
					2972, 2963, 2970, -1,
					2964, 2972, 2973, -1,
					2964, 2973, 2965, -1,
					2965, 2973, 2974, -1,
					2965, 2974, 2966, -1,
					2966, 2974, 2975, -1,
					2966, 2975, 2967, -1,
					2967, 2975, 2976, -1,
					2967, 2976, 2968, -1,
					2968, 2976, 2977, -1,
					2968, 2977, 2969, -1,
					2969, 2977, 2978, -1,
					2969, 2978, 2957, -1,
					2957, 2978, 2979, -1,
					2957, 2979, 2958, -1,
					2958, 2979, 2980, -1,
					2958, 2980, 2959, -1,
					2959, 2980, 2981, -1,
					2959, 2981, 2960, -1,
					2960, 2981, 2982, -1,
					2960, 2982, 2961, -1,
					2962, 2961, 2971, -1,
					2971, 2961, 2982, -1,
					2983, 2984, 190, -1,
					190, 2984, 189, -1,
					2984, 2985, 189, -1,
					189, 2985, 188, -1,
					2985, 2986, 188, -1,
					188, 2986, 187, -1,
					2986, 2987, 187, -1,
					187, 2987, 197, -1,
					2987, 2988, 197, -1,
					197, 2988, 196, -1,
					2988, 2989, 196, -1,
					196, 2989, 195, -1,
					2989, 2990, 195, -1,
					195, 2990, 191, -1,
					2990, 2991, 191, -1,
					191, 2991, 192, -1,
					2991, 2992, 192, -1,
					192, 2992, 193, -1,
					2992, 2993, 193, -1,
					193, 2993, 194, -1,
					2993, 2994, 194, -1,
					194, 2994, 198, -1,
					2994, 2983, 198, -1,
					198, 2983, 190, -1,
					2983, 2994, 2993, -1,
					2993, 2992, 2983, -1,
					2983, 2992, 2991, -1,
					2983, 2991, 2984, -1,
					2986, 2985, 2987, -1,
					2987, 2985, 2984, -1,
					2987, 2984, 2988, -1,
					2988, 2984, 2991, -1,
					2988, 2991, 2989, -1,
					2989, 2991, 2990, -1,
					2995, 111, 2996, -1,
					2995, 2996, 2997, -1,
					2997, 2996, 2998, -1,
					2997, 2998, 2999, -1,
					2999, 2998, 3000, -1,
					2999, 3000, 3001, -1,
					3001, 3000, 3002, -1,
					3002, 3000, 3003, -1,
					3002, 3003, 75, -1,
					2995, 3004, 111, -1,
					111, 3004, 199, -1,
					3005, 114, 3006, -1,
					3005, 3006, 3007, -1,
					3007, 3006, 3008, -1,
					3007, 3008, 3009, -1,
					3009, 3008, 3010, -1,
					3009, 3010, 3011, -1,
					3011, 3010, 199, -1,
					3011, 199, 3004, -1,
					3012, 113, 3013, -1,
					3012, 3013, 3014, -1,
					3014, 3013, 3015, -1,
					3014, 3015, 3016, -1,
					3016, 3015, 3017, -1,
					3016, 3017, 3018, -1,
					3018, 3017, 114, -1,
					3018, 114, 3005, -1,
					3019, 132, 3020, -1,
					3019, 3020, 3021, -1,
					3021, 3020, 3022, -1,
					3021, 3022, 3023, -1,
					3023, 3022, 3024, -1,
					3023, 3024, 3025, -1,
					3025, 3024, 113, -1,
					3025, 113, 3012, -1,
					3026, 118, 3027, -1,
					3026, 3027, 3028, -1,
					3028, 3027, 132, -1,
					3028, 132, 3019, -1,
					3026, 3029, 118, -1,
					118, 3029, 100, -1,
					3030, 96, 3031, -1,
					3030, 3031, 3032, -1,
					3032, 3031, 3033, -1,
					3032, 3033, 3034, -1,
					3033, 3035, 3034, -1,
					3034, 3035, 3036, -1,
					3034, 3036, 3037, -1,
					3037, 3036, 100, -1,
					3037, 100, 3029, -1,
					3038, 89, 3039, -1,
					3038, 3039, 3040, -1,
					3040, 3039, 3041, -1,
					3040, 3041, 3042, -1,
					3042, 3041, 3043, -1,
					3042, 3043, 3044, -1,
					3044, 3043, 3030, -1,
					3030, 3043, 3045, -1,
					3030, 3045, 96, -1,
					3046, 83, 3047, -1,
					3046, 3047, 3048, -1,
					3048, 3047, 89, -1,
					3048, 89, 3038, -1,
					3002, 75, 3049, -1,
					3002, 3049, 3050, -1,
					3050, 3049, 3051, -1,
					3050, 3051, 3052, -1,
					3051, 3053, 3052, -1,
					3052, 3053, 3054, -1,
					3052, 3054, 3055, -1,
					3055, 3054, 83, -1,
					3055, 83, 3046, -1,
					3029, 3026, 3037, -1,
					3037, 3026, 3028, -1,
					3046, 3048, 3025, -1,
					3025, 3048, 3023, -1,
					3023, 3048, 3038, -1,
					3023, 3038, 3040, -1,
					3004, 2995, 2997, -1,
					3004, 2997, 3011, -1,
					3011, 2997, 2999, -1,
					3011, 2999, 3001, -1,
					3040, 3042, 3023, -1,
					3023, 3042, 3044, -1,
					3023, 3044, 3021, -1,
					3021, 3044, 3030, -1,
					3021, 3030, 3019, -1,
					3019, 3030, 3032, -1,
					3019, 3032, 3028, -1,
					3028, 3032, 3034, -1,
					3028, 3034, 3037, -1,
					3025, 3012, 3046, -1,
					3046, 3012, 3014, -1,
					3046, 3014, 3055, -1,
					3055, 3014, 3016, -1,
					3055, 3016, 3052, -1,
					3052, 3016, 3018, -1,
					3052, 3018, 3050, -1,
					3050, 3018, 3005, -1,
					3050, 3005, 3002, -1,
					3002, 3005, 3007, -1,
					3002, 3007, 3001, -1,
					3001, 3007, 3009, -1,
					3001, 3009, 3011, -1,
					3056, 3057, 181, -1,
					181, 3057, 185, -1,
					3057, 3058, 185, -1,
					185, 3058, 184, -1,
					3058, 3059, 184, -1,
					184, 3059, 183, -1,
					3059, 3060, 183, -1,
					183, 3060, 182, -1,
					3060, 3061, 182, -1,
					182, 3061, 180, -1,
					3061, 3056, 180, -1,
					180, 3056, 181, -1,
					3058, 3057, 3059, -1,
					3059, 3057, 3056, -1,
					3059, 3056, 3060, -1,
					3060, 3056, 3061, -1,
					2938, 2939, 2937, -1,
					2970, 2971, 2972, -1,
					2972, 2971, 2982, -1,
					2972, 2982, 2973, -1,
					2973, 2982, 2981, -1,
					2973, 2981, 2974, -1,
					2980, 2979, 2981, -1,
					2981, 2979, 2978, -1,
					2981, 2978, 2977, -1,
					2977, 2976, 2981, -1,
					2981, 2976, 2975, -1,
					2981, 2975, 2974, -1,
					737, 736, 916, -1,
					916, 736, 908, -1,
					13, 750, 15, -1,
					15, 750, 744, -1,
					15, 744, 724, -1,
					3062, 3063, 3064, -1,
					744, 3065, 724, -1,
					724, 3065, 3062, -1,
					724, 3062, 3066, -1,
					3066, 3062, 3064, -1,
					815, 908, 830, -1,
					830, 908, 736, -1,
					736, 735, 830, -1,
					830, 735, 3067, -1,
					830, 3067, 3068, -1,
					3069, 3070, 3068, -1,
					3068, 3070, 3071, -1,
					3068, 3071, 830, -1,
					911, 920, 912, -1,
					912, 920, 1, -1,
					912, 1, 3072, -1,
					3072, 1, 0, -1,
					3072, 0, 3073, -1,
					3073, 0, 18, -1,
					18, 0, 842, -1,
					18, 842, 844, -1,
					3074, 733, 912, -1,
					912, 733, 738, -1,
					912, 738, 913, -1,
					843, 2, 922, -1,
					922, 2, 3, -1,
					3075, 3076, 3077, -1,
					3077, 3076, 3078, -1,
					3079, 3080, 3081, -1,
					3081, 3080, 3078, -1,
					3081, 3078, 3076, -1,
					922, 11, 3082, -1,
					3082, 11, 3083, -1,
					3082, 3083, 3079, -1,
					3079, 3083, 3084, -1,
					3079, 3084, 3080, -1,
					11, 10, 3085, -1,
					11, 3085, 3083, -1,
					3083, 3085, 3086, -1,
					3083, 3086, 3084, -1,
					3084, 3086, 3087, -1,
					3084, 3087, 3080, -1,
					3080, 3087, 3077, -1,
					3080, 3077, 3078, -1,
					843, 922, 3088, -1,
					3088, 922, 3082, -1,
					3088, 3082, 3089, -1,
					3082, 3079, 3089, -1,
					3089, 3079, 3081, -1,
					3089, 3081, 3090, -1,
					3090, 3081, 3076, -1,
					3090, 3076, 3075, -1,
					10, 843, 3088, -1,
					10, 3088, 3085, -1,
					3085, 3088, 3089, -1,
					3085, 3089, 3086, -1,
					3086, 3089, 3090, -1,
					3086, 3090, 3087, -1,
					3087, 3090, 3075, -1,
					3087, 3075, 3077, -1,
					6, 5, 795, -1,
					795, 5, 605, -1,
					793, 792, 7, -1,
					7, 792, 8, -1,
					793, 7, 795, -1,
					795, 7, 6, -1,
					3091, 3092, 3093, -1,
					3093, 3092, 3094, -1,
					788, 3091, 818, -1,
					818, 3091, 3093, -1,
					787, 3092, 788, -1,
					788, 3092, 3091, -1,
					794, 3094, 787, -1,
					787, 3094, 3092, -1,
					818, 3093, 794, -1,
					794, 3093, 3094, -1,
					3095, 3096, 748, -1,
					748, 3096, 751, -1,
					3096, 3097, 751, -1,
					751, 3097, 745, -1,
					3097, 3098, 745, -1,
					745, 3098, 747, -1,
					3098, 3095, 747, -1,
					747, 3095, 748, -1,
					3098, 3097, 3095, -1,
					3095, 3097, 3096, -1,
					3099, 3100, 831, -1,
					831, 3100, 814, -1,
					3100, 3101, 814, -1,
					814, 3101, 810, -1,
					3101, 3102, 810, -1,
					810, 3102, 811, -1,
					3102, 3099, 811, -1,
					811, 3099, 831, -1,
					3102, 3101, 3099, -1,
					3099, 3101, 3100, -1,
					734, 733, 3103, -1,
					3103, 733, 3074, -1,
					3103, 3074, 3072, -1,
					3072, 3074, 912, -1,
					3104, 20, 720, -1,
					720, 20, 19, -1,
					3073, 18, 3104, -1,
					3104, 18, 20, -1,
					12, 14, 725, -1,
					12, 725, 846, -1,
					846, 725, 726, -1,
					846, 726, 847, -1,
					847, 726, 727, -1,
					847, 727, 848, -1,
					848, 727, 729, -1,
					848, 729, 849, -1,
					849, 729, 728, -1,
					849, 728, 850, -1,
					850, 728, 17, -1,
					850, 17, 16, -1,
					737, 916, 915, -1,
					737, 915, 739, -1,
					739, 915, 914, -1,
					739, 914, 740, -1,
					740, 914, 919, -1,
					740, 919, 741, -1,
					741, 919, 918, -1,
					741, 918, 743, -1,
					743, 918, 917, -1,
					743, 917, 742, -1,
					742, 917, 913, -1,
					742, 913, 738, -1,
					836, 837, 3105, -1,
					836, 3105, 3106, -1,
					3106, 3105, 3107, -1,
					3106, 3107, 3108, -1,
					3108, 3107, 3109, -1,
					3108, 3109, 3110, -1,
					3110, 3109, 3111, -1,
					3110, 3111, 3112, -1,
					3112, 3111, 3113, -1,
					3112, 3113, 3114, -1,
					3114, 3113, 3115, -1,
					3114, 3115, 3116, -1,
					3116, 3115, 3117, -1,
					3116, 3117, 3118, -1,
					3118, 3117, 3119, -1,
					3118, 3119, 3120, -1,
					3120, 3119, 3104, -1,
					3120, 3104, 720, -1,
					3121, 721, 723, -1,
					3121, 723, 3122, -1,
					3122, 723, 2865, -1,
					3122, 2865, 3123, -1,
					3123, 2865, 3124, -1,
					3124, 2865, 2868, -1,
					3124, 2868, 3125, -1,
					3125, 2868, 3126, -1,
					3126, 2868, 2867, -1,
					3126, 2867, 3127, -1,
					3127, 2867, 2866, -1,
					3127, 2866, 3128, -1,
					3128, 2866, 3129, -1,
					3129, 2866, 2869, -1,
					3129, 2869, 3130, -1,
					3130, 2869, 3131, -1,
					3131, 2869, 549, -1,
					3131, 549, 290, -1,
					720, 721, 3120, -1,
					3120, 721, 3132, -1,
					3133, 3116, 3132, -1,
					3132, 3116, 3118, -1,
					3132, 3118, 3120, -1,
					3110, 3112, 3133, -1,
					3133, 3112, 3114, -1,
					3133, 3114, 3116, -1,
					3133, 3134, 3110, -1,
					3110, 3134, 3135, -1,
					3110, 3135, 3108, -1,
					3108, 3135, 3136, -1,
					3108, 3136, 3106, -1,
					3106, 3136, 832, -1,
					3106, 832, 836, -1,
					3113, 3111, 3137, -1,
					3073, 3104, 3138, -1,
					3138, 3104, 3119, -1,
					3138, 3119, 3139, -1,
					3139, 3119, 3117, -1,
					3139, 3117, 3140, -1,
					3140, 3117, 3115, -1,
					3140, 3115, 3141, -1,
					3141, 3115, 3113, -1,
					3141, 3113, 3142, -1,
					3142, 3113, 3137, -1,
					3111, 3109, 3137, -1,
					3137, 3109, 3107, -1,
					3137, 3107, 3143, -1,
					3143, 3107, 3105, -1,
					3143, 3105, 3144, -1,
					3144, 3105, 837, -1,
					3144, 837, 838, -1,
					3122, 3123, 3145, -1,
					3124, 3125, 3146, -1,
					3126, 3127, 3147, -1,
					3148, 3149, 3150, -1,
					3150, 3149, 832, -1,
					3151, 832, 3149, -1,
					3151, 3149, 3152, -1,
					3152, 3149, 3148, -1,
					3152, 3148, 3153, -1,
					3154, 832, 3151, -1,
					3154, 3151, 3155, -1,
					3155, 3151, 3152, -1,
					3155, 3152, 3156, -1,
					3156, 3152, 3153, -1,
					3156, 3153, 3157, -1,
					3158, 832, 3154, -1,
					3158, 3154, 3159, -1,
					3159, 3154, 3155, -1,
					3159, 3155, 3160, -1,
					3160, 3155, 3156, -1,
					3160, 3156, 3161, -1,
					3161, 3156, 3157, -1,
					3161, 3157, 3162, -1,
					3163, 3164, 3165, -1,
					3128, 3129, 3164, -1,
					3164, 3129, 3130, -1,
					3164, 3130, 3165, -1,
					3165, 3130, 3131, -1,
					3165, 3131, 290, -1,
					3127, 3128, 3147, -1,
					3147, 3128, 3164, -1,
					3147, 3164, 3166, -1,
					3166, 3164, 3163, -1,
					3166, 3163, 3167, -1,
					3125, 3126, 3146, -1,
					3146, 3126, 3147, -1,
					3146, 3147, 3168, -1,
					3168, 3147, 3166, -1,
					3168, 3166, 3169, -1,
					3169, 3166, 3167, -1,
					3169, 3167, 3170, -1,
					3123, 3124, 3145, -1,
					3145, 3124, 3146, -1,
					3145, 3146, 3171, -1,
					3171, 3146, 3168, -1,
					3171, 3168, 3172, -1,
					3172, 3168, 3169, -1,
					3172, 3169, 3173, -1,
					3173, 3169, 3170, -1,
					3173, 3170, 3174, -1,
					3121, 3122, 3175, -1,
					3175, 3122, 3145, -1,
					3175, 3145, 3176, -1,
					3176, 3145, 3171, -1,
					3176, 3171, 3177, -1,
					3177, 3171, 3172, -1,
					3177, 3172, 3178, -1,
					3178, 3172, 3173, -1,
					3178, 3173, 3179, -1,
					3179, 3173, 3174, -1,
					721, 3121, 3132, -1,
					3132, 3121, 3175, -1,
					3132, 3175, 3133, -1,
					3133, 3175, 3176, -1,
					3133, 3176, 3134, -1,
					3134, 3176, 3177, -1,
					3134, 3177, 3135, -1,
					3135, 3177, 3178, -1,
					3135, 3178, 3136, -1,
					3136, 3178, 3179, -1,
					3136, 3179, 832, -1,
					3174, 832, 3179, -1,
					290, 3162, 3165, -1,
					3165, 3162, 3157, -1,
					3165, 3157, 3163, -1,
					3163, 3157, 3153, -1,
					3163, 3153, 3167, -1,
					3167, 3153, 3148, -1,
					3167, 3148, 3170, -1,
					3170, 3148, 3150, -1,
					3170, 3150, 3174, -1,
					3174, 3150, 832, -1,
					3072, 3073, 3138, -1,
					3072, 3138, 3180, -1,
					3180, 3138, 3139, -1,
					3180, 3139, 3181, -1,
					3181, 3139, 3182, -1,
					3182, 3139, 3140, -1,
					3182, 3140, 3183, -1,
					3183, 3140, 3141, -1,
					3183, 3141, 3184, -1,
					3184, 3141, 3142, -1,
					3184, 3142, 3185, -1,
					3142, 3137, 3185, -1,
					3185, 3137, 3143, -1,
					3185, 3143, 3186, -1,
					3186, 3143, 3144, -1,
					3186, 3144, 3187, -1,
					3187, 3144, 838, -1,
					3187, 838, 839, -1,
					288, 270, 2863, -1,
					288, 2863, 3188, -1,
					3188, 2863, 2862, -1,
					3188, 2862, 3189, -1,
					3189, 2862, 2861, -1,
					3189, 2861, 3190, -1,
					3190, 2861, 2860, -1,
					3190, 2860, 3191, -1,
					3191, 2860, 2859, -1,
					3191, 2859, 3192, -1,
					3192, 2859, 731, -1,
					3192, 731, 730, -1,
					833, 832, 3158, -1,
					833, 3158, 3193, -1,
					3193, 3158, 3159, -1,
					3193, 3159, 3194, -1,
					3194, 3159, 3160, -1,
					3194, 3160, 3195, -1,
					3195, 3160, 3161, -1,
					3195, 3161, 3196, -1,
					3196, 3161, 3162, -1,
					3196, 3162, 3197, -1,
					3197, 3162, 290, -1,
					3197, 290, 288, -1,
					3103, 3072, 3180, -1,
					3103, 3180, 3198, -1,
					3198, 3180, 3181, -1,
					3198, 3181, 3199, -1,
					3199, 3181, 3182, -1,
					3199, 3182, 3200, -1,
					3200, 3182, 3183, -1,
					3200, 3183, 3201, -1,
					3201, 3183, 3184, -1,
					3201, 3184, 3202, -1,
					3202, 3184, 3185, -1,
					3202, 3185, 3203, -1,
					3203, 3185, 3186, -1,
					3203, 3186, 3204, -1,
					3204, 3186, 3187, -1,
					3204, 3187, 3205, -1,
					3205, 3187, 839, -1,
					3205, 839, 834, -1,
					730, 3206, 3207, -1,
					3208, 3209, 3210, -1,
					833, 3193, 3211, -1,
					3210, 3209, 833, -1,
					3212, 833, 3209, -1,
					3212, 3209, 3213, -1,
					3213, 3209, 3208, -1,
					3213, 3208, 3214, -1,
					3215, 833, 3212, -1,
					3216, 3217, 3218, -1,
					3218, 3217, 3211, -1,
					3218, 3211, 3219, -1,
					3219, 3211, 3193, -1,
					3219, 3193, 3194, -1,
					3215, 3212, 3220, -1,
					3220, 3212, 3213, -1,
					3220, 3213, 3221, -1,
					3221, 3213, 3214, -1,
					3221, 3214, 3222, -1,
					3223, 3216, 3224, -1,
					3224, 3216, 3218, -1,
					3224, 3218, 3225, -1,
					3225, 3218, 3219, -1,
					3225, 3219, 3226, -1,
					3226, 3219, 3194, -1,
					3226, 3194, 3195, -1,
					3227, 3223, 3228, -1,
					3228, 3223, 3224, -1,
					3228, 3224, 3229, -1,
					3229, 3224, 3225, -1,
					3229, 3225, 3230, -1,
					3230, 3225, 3226, -1,
					3230, 3226, 3231, -1,
					3231, 3226, 3195, -1,
					3231, 3195, 3196, -1,
					3206, 3227, 3207, -1,
					3207, 3227, 3228, -1,
					3207, 3228, 3232, -1,
					3232, 3228, 3229, -1,
					3232, 3229, 3233, -1,
					3233, 3229, 3230, -1,
					3233, 3230, 3234, -1,
					3234, 3230, 3231, -1,
					3234, 3231, 3235, -1,
					3235, 3231, 3196, -1,
					3235, 3196, 3197, -1,
					730, 3207, 3192, -1,
					3192, 3207, 3232, -1,
					3192, 3232, 3191, -1,
					3191, 3232, 3233, -1,
					3191, 3233, 3190, -1,
					3190, 3233, 3234, -1,
					3190, 3234, 3189, -1,
					3189, 3234, 3235, -1,
					3189, 3235, 3188, -1,
					3188, 3235, 3197, -1,
					3188, 3197, 288, -1,
					3217, 833, 3211, -1,
					3206, 3222, 3227, -1,
					3227, 3222, 3214, -1,
					3227, 3214, 3223, -1,
					3223, 3214, 3208, -1,
					3223, 3208, 3216, -1,
					3216, 3208, 3210, -1,
					3216, 3210, 3217, -1,
					3217, 3210, 833, -1,
					3201, 3202, 3236, -1,
					734, 3103, 3237, -1,
					3237, 3103, 3198, -1,
					3237, 3198, 3238, -1,
					3238, 3198, 3199, -1,
					3238, 3199, 3239, -1,
					3239, 3199, 3200, -1,
					3239, 3200, 3240, -1,
					3240, 3200, 3201, -1,
					3240, 3201, 3241, -1,
					3241, 3201, 3236, -1,
					3202, 3203, 3236, -1,
					3236, 3203, 3204, -1,
					3236, 3204, 3242, -1,
					3242, 3204, 3205, -1,
					3242, 3205, 3243, -1,
					3243, 3205, 834, -1,
					3243, 834, 835, -1,
					835, 833, 3215, -1,
					835, 3215, 3243, -1,
					3243, 3215, 3220, -1,
					3243, 3220, 3242, -1,
					3242, 3220, 3221, -1,
					3242, 3221, 3236, -1,
					3236, 3221, 3241, -1,
					3241, 3221, 3222, -1,
					3241, 3222, 3240, -1,
					3240, 3222, 3239, -1,
					3239, 3222, 3206, -1,
					3239, 3206, 3238, -1,
					3238, 3206, 3237, -1,
					3237, 3206, 730, -1,
					3237, 730, 734, -1,
					744, 57, 61, -1,
					744, 61, 3065, -1,
					3065, 61, 67, -1,
					3065, 67, 3062, -1,
					3062, 67, 66, -1,
					3062, 66, 3063, -1,
					3063, 66, 65, -1,
					3063, 65, 3064, -1,
					3064, 65, 64, -1,
					3064, 64, 3066, -1,
					3066, 64, 63, -1,
					3066, 63, 724, -1,
					735, 139, 138, -1,
					735, 138, 3067, -1,
					3067, 138, 72, -1,
					3067, 72, 3068, -1,
					3068, 72, 74, -1,
					3068, 74, 3069, -1,
					3069, 74, 73, -1,
					3069, 73, 3070, -1,
					3070, 73, 71, -1,
					3070, 71, 3071, -1,
					3071, 71, 70, -1,
					3071, 70, 830, -1,
				]
			}
		}
	]
}
