ISO-10303-21;
HEADER;
FILE_DESCRIPTION (( 'STEP AP214' ),
    '1' );
FILE_NAME ('D54F96B5-D83B-4B7E-93E6-CD4B3C74158D.STEP',
    '2026-03-23T20:33:20',
    ( '' ),
    ( '' ),
    'SwSTEP 2.0',
    'SolidWorks 2022',
    '' );
FILE_SCHEMA (( 'AUTOMOTIVE_DESIGN' ));
ENDSEC;

DATA;
#1 = CARTESIAN_POINT ( 'NONE',  ( 0.0000000000000000000, 0.0000000000000000000, 0.8180000000000000604 ) ) ;
#2 = LINE ( 'NONE', #7428, #5621 ) ;
#3 = CARTESIAN_POINT ( 'NONE',  ( 7.151667971656830325, 0.5500000000000000444, -0.01800000000000000211 ) ) ;
#4 = CARTESIAN_POINT ( 'NONE',  ( 19.65166797165684898, 2.000000000000000000, 0.0000000000000000000 ) ) ;
#5 = CARTESIAN_POINT ( 'NONE',  ( 11.00000000000000000, 79.00000000000000000, -1.350000000000000089 ) ) ;
#6 = CARTESIAN_POINT ( 'NONE',  ( 9.551667971656829792, 2.000000000000000000, 0.8180000000000000604 ) ) ;
#7 = EDGE_LOOP ( 'NONE', ( #201, #3051, #1191, #3502 ) ) ;
#8 = EDGE_CURVE ( 'NONE', #9327, #1642, #4664, .T. ) ;
#9 = CIRCLE ( 'NONE', #4829, 0.5000000000000000000 ) ;
#10 = ORIENTED_EDGE ( 'NONE', *, *, #6705, .F. ) ;
#11 = EDGE_LOOP ( 'NONE', ( #3426, #8866, #398, #2620 ) ) ;
#12 = FACE_BOUND ( 'NONE', #9898, .T. ) ;
#13 = EDGE_LOOP ( 'NONE', ( #3946, #10315, #5278, #3494 ) ) ;
#14 = SURFACE_SIDE_STYLE ('',( #10579 ) ) ;
#15 = DIRECTION ( 'NONE',  ( 0.0000000000000000000, 0.0000000000000000000, -1.000000000000000000 ) ) ;
#16 = ORIENTED_EDGE ( 'NONE', *, *, #9776, .F. ) ;
#17 = CARTESIAN_POINT ( 'NONE',  ( 18.55166797165685111, 2.000000000000000000, 0.8180000000000000604 ) ) ;
#18 = LINE ( 'NONE', #6638, #7993 ) ;
#19 = ADVANCED_FACE ( 'NONE', ( #8945 ), #71, .F. ) ;
#20 = DIRECTION ( 'NONE',  ( -1.000000000000000000, 0.0000000000000000000, 0.0000000000000000000 ) ) ;
#21 = CARTESIAN_POINT ( 'NONE',  ( 9.551667971656829792, 2.000000000000000000, 0.8180000000000000604 ) ) ;
#22 = ORIENTED_EDGE ( 'NONE', *, *, #8395, .F. ) ;
#23 = ORIENTED_EDGE ( 'NONE', *, *, #8087, .F. ) ;
#24 = VECTOR ( 'NONE', #6072, 1000.000000000000000 ) ;
#25 = CARTESIAN_POINT ( 'NONE',  ( 19.05166797165684756, 2.000000000000000000, 0.8180000000000000604 ) ) ;
#26 = FACE_OUTER_BOUND ( 'NONE', #8708, .T. ) ;
#27 = DIRECTION ( 'NONE',  ( 0.0000000000000000000, 0.0000000000000000000, 1.000000000000000000 ) ) ;
#28 = CARTESIAN_POINT ( 'NONE',  ( 2.901667971656824996, 2.000000000000000000, 0.8180000000000000604 ) ) ;
#29 = VERTEX_POINT ( 'NONE', #771 ) ;
#30 = UNCERTAINTY_MEASURE_WITH_UNIT (LENGTH_MEASURE( 1.000000000000000082E-05 ), #1014, 'distance_accuracy_value', 'NONE');
#31 = CARTESIAN_POINT ( 'NONE',  ( 14.55166797165681913, 0.5500000000000000444, 0.8180000000000000604 ) ) ;
#32 = FACE_OUTER_BOUND ( 'NONE', #1249, .T. ) ;
#33 = ORIENTED_EDGE ( 'NONE', *, *, #6459, .F. ) ;
#34 = LINE ( 'NONE', #5796, #8054 ) ;
#35 = VERTEX_POINT ( 'NONE', #7338 ) ;
#36 =( NAMED_UNIT ( * ) SI_UNIT ( $, .STERADIAN. ) SOLID_ANGLE_UNIT ( ) );
#37 = CARTESIAN_POINT ( 'NONE',  ( 2.051667971656824907, 2.000000000000000000, 0.8180000000000000604 ) ) ;
#38 = CARTESIAN_POINT ( 'NONE',  ( 21.99500000000000099, 5.200000000000000178, -1.350000000000000089 ) ) ;
#39 = DIRECTION ( 'NONE',  ( 0.0000000000000000000, 1.000000000000000000, 0.0000000000000000000 ) ) ;
#40 = ORIENTED_EDGE ( 'NONE', *, *, #3534, .F. ) ;
#41 = CARTESIAN_POINT ( 'NONE',  ( 9.301667971656820910, 2.000000000000000000, -0.01800000000000000211 ) ) ;
#42 = EDGE_CURVE ( 'NONE', #8425, #3660, #9096, .T. ) ;
#43 = ORIENTED_EDGE ( 'NONE', *, *, #7479, .T. ) ;
#44 = CARTESIAN_POINT ( 'NONE',  ( 14.15166797165682055, 0.5500000000000000444, -0.01800000000000000211 ) ) ;
#45 = ADVANCED_FACE ( 'NONE', ( #4110 ), #1693, .F. ) ;
#46 = VERTEX_POINT ( 'NONE', #9944 ) ;
#47 = CARTESIAN_POINT ( 'NONE',  ( 10.05166797165682091, 2.000000000000000000, 0.8180000000000000604 ) ) ;
#48 = CARTESIAN_POINT ( 'NONE',  ( 17.80166797165684756, 2.000000000000000000, -0.01800000000000000211 ) ) ;
#49 = LINE ( 'NONE', #4850, #1551 ) ;
#50 = CARTESIAN_POINT ( 'NONE',  ( 14.30166797165681913, 2.000000000000000000, -0.01800000000000000211 ) ) ;
#51 = CARTESIAN_POINT ( 'NONE',  ( 11.15166797165682055, 0.5500000000000000444, -0.01800000000000000211 ) ) ;
#52 = CARTESIAN_POINT ( 'NONE',  ( 11.30166797165682091, 2.000000000000000000, 0.0000000000000000000 ) ) ;
#53 = CARTESIAN_POINT ( 'NONE',  ( 2.401667971656824996, 2.000000000000000000, 0.8180000000000000604 ) ) ;
#54 = EDGE_CURVE ( 'NONE', #4211, #3460, #6695, .T. ) ;
#55 = EDGE_CURVE ( 'NONE', #546, #10037, #2609, .T. ) ;
#56 = ORIENTED_EDGE ( 'NONE', *, *, #4986, .T. ) ;
#57 = EDGE_CURVE ( 'NONE', #6574, #9412, #3209, .T. ) ;
#58 = ORIENTED_EDGE ( 'NONE', *, *, #10282, .T. ) ;
#59 = VECTOR ( 'NONE', #9787, 1000.000000000000000 ) ;
#60 = VERTEX_POINT ( 'NONE', #6586 ) ;
#61 = CARTESIAN_POINT ( 'NONE',  ( 8.801667971656820910, 2.000000000000000000, 0.0000000000000000000 ) ) ;
#62 = ORIENTED_EDGE ( 'NONE', *, *, #4497, .T. ) ;
#63 = DIRECTION ( 'NONE',  ( 0.0000000000000000000, 0.0000000000000000000, -1.000000000000000000 ) ) ;
#64 = CARTESIAN_POINT ( 'NONE',  ( 8.151667971656829437, 0.5500000000000000444, -0.01800000000000000211 ) ) ;
#65 = VECTOR ( 'NONE', #7492, 1000.000000000000000 ) ;
#66 = EDGE_CURVE ( 'NONE', #7046, #3088, #9145, .T. ) ;
#67 = EDGE_CURVE ( 'NONE', #9210, #9476, #6533, .T. ) ;
#68 = ORIENTED_EDGE ( 'NONE', *, *, #10353, .F. ) ;
#69 = PLANE ( 'NONE',  #4042 ) ;
#70 = LINE ( 'NONE', #3365, #5590 ) ;
#71 = CYLINDRICAL_SURFACE ( 'NONE', #5617, 2.999999999999999112 ) ;
#72 = EDGE_LOOP ( 'NONE', ( #1066, #7782, #2895, #1364 ) ) ;
#73 = ORIENTED_EDGE ( 'NONE', *, *, #7359, .T. ) ;
#74 = PLANE ( 'NONE',  #490 ) ;
#75 = EDGE_CURVE ( 'NONE', #6980, #8105, #4923, .T. ) ;
#76 = PLANE ( 'NONE',  #8862 ) ;
#77 = CARTESIAN_POINT ( 'NONE',  ( 15.15166797165684898, 0.5500000000000000444, 0.0000000000000000000 ) ) ;
#78 = VECTOR ( 'NONE', #10131, 1000.000000000000000 ) ;
#79 = PLANE ( 'NONE',  #3127 ) ;
#80 = AXIS2_PLACEMENT_3D ( 'NONE', #5620, #9736, #10583 ) ;
#81 = ORIENTED_EDGE ( 'NONE', *, *, #1242, .F. ) ;
#82 = CARTESIAN_POINT ( 'NONE',  ( 8.000000000000000000, 79.99000000000000909, -0.001000000000000000021 ) ) ;
#83 = CARTESIAN_POINT ( 'NONE',  ( 14.05166797165682091, 2.000000000000000000, 0.8180000000000000604 ) ) ;
#84 = EDGE_LOOP ( 'NONE', ( #1473, #3831, #7904, #4111 ) ) ;
#85 = DIRECTION ( 'NONE',  ( 0.0000000000000000000, 0.0000000000000000000, -1.000000000000000000 ) ) ;
#86 = EDGE_LOOP ( 'NONE', ( #9517, #2488, #1662, #1080 ) ) ;
#87 = DIRECTION ( 'NONE',  ( 1.000000000000000000, 2.621072365114365286E-16, 0.0000000000000000000 ) ) ;
#88 = VECTOR ( 'NONE', #564, 1000.000000000000000 ) ;
#89 = CARTESIAN_POINT ( 'NONE',  ( 11.15166797165682055, 2.000000000000000000, -0.01800000000000000211 ) ) ;
#90 = LINE ( 'NONE', #4944, #513 ) ;
#91 = LINE ( 'NONE', #2527, #7546 ) ;
#92 = ORIENTED_EDGE ( 'NONE', *, *, #717, .T. ) ;
#93 = MECHANICAL_DESIGN_GEOMETRIC_PRESENTATION_REPRESENTATION (  '', ( #7766 ), #2007 ) ;
#94 = CARTESIAN_POINT ( 'NONE',  ( 9.401667971656829437, 2.000000000000000000, 0.8000000000000000444 ) ) ;
#95 = EDGE_LOOP ( 'NONE', ( #9862, #6503, #3156, #9593 ) ) ;
#96 = CARTESIAN_POINT ( 'NONE',  ( 19.15166797165684898, 0.5499999999999929390, -0.01800000000000000211 ) ) ;
#97 = AXIS2_PLACEMENT_3D ( 'NONE', #8963, #6462, #1564 ) ;
#98 = CARTESIAN_POINT ( 'NONE',  ( 13.30166797165682091, 2.000000000000000000, 0.0000000000000000000 ) ) ;
#99 = ORIENTED_EDGE ( 'NONE', *, *, #9709, .T. ) ;
#100 = FACE_OUTER_BOUND ( 'NONE', #3767, .T. ) ;
#101 = VECTOR ( 'NONE', #8406, 1000.000000000000000 ) ;
#102 = LINE ( 'NONE', #1786, #9339 ) ;
#103 = PLANE ( 'NONE',  #1501 ) ;
#104 = FACE_OUTER_BOUND ( 'NONE', #3134, .T. ) ;
#105 = CARTESIAN_POINT ( 'NONE',  ( 7.051667971656829792, 2.000000000000000000, 0.8180000000000000604 ) ) ;
#106 = DIRECTION ( 'NONE',  ( 0.0000000000000000000, 0.0000000000000000000, 1.000000000000000000 ) ) ;
#107 = ORIENTED_EDGE ( 'NONE', *, *, #598, .F. ) ;
#108 = ORIENTED_EDGE ( 'NONE', *, *, #9260, .T. ) ;
#109 = ORIENTED_EDGE ( 'NONE', *, *, #4462, .T. ) ;
#110 = EDGE_CURVE ( 'NONE', #3944, #3588, #3318, .T. ) ;
#111 = FACE_OUTER_BOUND ( 'NONE', #3331, .T. ) ;
#112 = EDGE_LOOP ( 'NONE', ( #4340, #6195, #3874, #8779 ) ) ;
#113 = EDGE_CURVE ( 'NONE', #3980, #5566, #1639, .T. ) ;
#114 =( NAMED_UNIT ( * ) SI_UNIT ( $, .STERADIAN. ) SOLID_ANGLE_UNIT ( ) );
#115 = DIRECTION ( 'NONE',  ( 1.000000000000000000, 0.0000000000000000000, 0.0000000000000000000 ) ) ;
#116 = ADVANCED_FACE ( 'NONE', ( #1589 ), #9838, .F. ) ;
#117 = VECTOR ( 'NONE', #912, 1000.000000000000000 ) ;
#118 = AXIS2_PLACEMENT_3D ( 'NONE', #9341, #7002, #2013 ) ;
#119 = ORIENTED_EDGE ( 'NONE', *, *, #6192, .F. ) ;
#120 = LINE ( 'NONE', #4918, #7826 ) ;
#121 = PLANE ( 'NONE',  #1992 ) ;
#122 = VECTOR ( 'NONE', #3587, 1000.000000000000000 ) ;
#123 = CARTESIAN_POINT ( 'NONE',  ( 7.051667971656829792, 2.000000000000000000, 0.8180000000000000604 ) ) ;
#124 = ORIENTED_EDGE ( 'NONE', *, *, #2121, .T. ) ;
#125 = EDGE_CURVE ( 'NONE', #10487, #8725, #1806, .T. ) ;
#126 = EDGE_CURVE ( 'NONE', #9265, #2897, #4424, .T. ) ;
#127 = EDGE_LOOP ( 'NONE', ( #9812, #6036, #8171, #1865 ) ) ;
#128 = LINE ( 'NONE', #7341, #4615 ) ;
#129 = ADVANCED_FACE ( 'NONE', ( #4324 ), #7709, .F. ) ;
#130 = DIRECTION ( 'NONE',  ( 0.0000000000000000000, 1.000000000000000000, 0.0000000000000000000 ) ) ;
#131 = VECTOR ( 'NONE', #4376, 1000.000000000000000 ) ;
#132 = DIRECTION ( 'NONE',  ( 0.0000000000000000000, 0.0000000000000000000, -1.000000000000000000 ) ) ;
#133 = DIRECTION ( 'NONE',  ( 0.0000000000000000000, -1.000000000000000000, 0.0000000000000000000 ) ) ;
#134 = FACE_OUTER_BOUND ( 'NONE', #6416, .T. ) ;
#135 = ORIENTED_EDGE ( 'NONE', *, *, #984, .F. ) ;
#136 = AXIS2_PLACEMENT_3D ( 'NONE', #3372, #8995, #8298 ) ;
#137 =( NAMED_UNIT ( * ) SI_UNIT ( $, .STERADIAN. ) SOLID_ANGLE_UNIT ( ) );
#138 = EDGE_CURVE ( 'NONE', #1560, #4967, #9256, .T. ) ;
#139 = DIRECTION ( 'NONE',  ( -0.0000000000000000000, 1.000000000000000000, 0.0000000000000000000 ) ) ;
#140 = EDGE_LOOP ( 'NONE', ( #6813, #3802, #2465, #7291 ) ) ;
#141 = CARTESIAN_POINT ( 'NONE',  ( 11.65166797165682055, 2.000000000000000000, -0.01800000000000000211 ) ) ;
#142 = ORIENTED_EDGE ( 'NONE', *, *, #4521, .F. ) ;
#143 = AXIS2_PLACEMENT_3D ( 'NONE', #7010, #332, #3669 ) ;
#144 = COLOUR_RGB ( '',0.1019607843137254888, 0.1019607843137254888, 0.1019607843137254888 ) ;
#145 = CARTESIAN_POINT ( 'NONE',  ( 0.0000000000000000000, 0.0000000000000000000, 0.8180000000000000604 ) ) ;
#146 = CARTESIAN_POINT ( 'NONE',  ( 6.651667971656819667, 2.000000000000000000, -0.01800000000000000211 ) ) ;
#147 = CARTESIAN_POINT ( 'NONE',  ( 8.901667971656829437, 2.000000000000000000, 0.8180000000000000604 ) ) ;
#148 = ORIENTED_EDGE ( 'NONE', *, *, #3165, .F. ) ;
#149 = DIRECTION ( 'NONE',  ( 1.000000000000000000, 0.0000000000000000000, 0.0000000000000000000 ) ) ;
#150 = ORIENTED_EDGE ( 'NONE', *, *, #6820, .T. ) ;
#151 = LINE ( 'NONE', #1830, #10032 ) ;
#152 = VECTOR ( 'NONE', #10551, 1000.000000000000000 ) ;
#153 = AXIS2_PLACEMENT_3D ( 'NONE', #6759, #8422, #5105 ) ;
#154 = PLANE ( 'NONE',  #4747 ) ;
#155 = ORIENTED_EDGE ( 'NONE', *, *, #7243, .F. ) ;
#156 = DIRECTION ( 'NONE',  ( 0.0000000000000000000, 0.0000000000000000000, -1.000000000000000000 ) ) ;
#157 = LINE ( 'NONE', #9975, #5409 ) ;
#158 = DIRECTION ( 'NONE',  ( 0.0000000000000000000, 0.0000000000000000000, 1.000000000000000000 ) ) ;
#159 = CARTESIAN_POINT ( 'NONE',  ( 15.30166797165684933, 2.000000000000000000, -0.01800000000000000211 ) ) ;
#160 = FACE_OUTER_BOUND ( 'NONE', #1281, .T. ) ;
#161 = VECTOR ( 'NONE', #3128, 1000.000000000000000 ) ;
#162 = CARTESIAN_POINT ( 'NONE',  ( 7.551667971656830680, 2.000000000000000000, 0.8180000000000000604 ) ) ;
#163 = ORIENTED_EDGE ( 'NONE', *, *, #1043, .T. ) ;
#164 = VERTEX_POINT ( 'NONE', #6154 ) ;
#165 = ORIENTED_EDGE ( 'NONE', *, *, #5014, .T. ) ;
#166 = LINE ( 'NONE', #925, #7289 ) ;
#167 = ORIENTED_EDGE ( 'NONE', *, *, #176, .F. ) ;
#168 = STYLED_ITEM ( 'NONE', ( #1646 ), #7568 ) ;
#169 = LINE ( 'NONE', #5286, #3118 ) ;
#170 = DIRECTION ( 'NONE',  ( 0.0000000000000000000, -1.000000000000000000, 0.0000000000000000000 ) ) ;
#171 = VERTEX_POINT ( 'NONE', #279 ) ;
#172 =( LENGTH_UNIT ( ) NAMED_UNIT ( * ) SI_UNIT ( .MILLI., .METRE. ) );
#173 = CARTESIAN_POINT ( 'NONE',  ( 11.00000000000000000, 80.00000000000000000, 0.8009999999999999343 ) ) ;
#174 = EDGE_CURVE ( 'NONE', #4226, #901, #2665, .T. ) ;
#175 = VECTOR ( 'NONE', #2700, 1000.000000000000000 ) ;
#176 = EDGE_CURVE ( 'NONE', #6145, #1777, #224, .T. ) ;
#177 = DIRECTION ( 'NONE',  ( 1.000000000000000000, 0.0000000000000000000, 0.0000000000000000000 ) ) ;
#178 = EDGE_CURVE ( 'NONE', #2956, #7837, #3676, .T. ) ;
#179 = DIRECTION ( 'NONE',  ( 0.0000000000000000000, -1.000000000000000000, 0.0000000000000000000 ) ) ;
#180 = ORIENTED_EDGE ( 'NONE', *, *, #6437, .T. ) ;
#181 = EDGE_LOOP ( 'NONE', ( #656, #2611, #9611, #5535 ) ) ;
#182 = DIRECTION ( 'NONE',  ( -2.990902544787600071E-16, 1.000000000000000000, 0.0000000000000000000 ) ) ;
#183 = CARTESIAN_POINT ( 'NONE',  ( 0.005000000000005000445, 4.009999999999999787, 2.149999999999999911 ) ) ;
#184 = VECTOR ( 'NONE', #3336, 1000.000000000000000 ) ;
#185 = CARTESIAN_POINT ( 'NONE',  ( 0.0000000000000000000, 0.0000000000000000000, 0.8180000000000000604 ) ) ;
#186 = DIRECTION ( 'NONE',  ( 0.0000000000000000000, 0.0000000000000000000, -1.000000000000000000 ) ) ;
#187 = CARTESIAN_POINT ( 'NONE',  ( 22.00000000000000000, 80.00000000000000000, 0.0000000000000000000 ) ) ;
#188 = ADVANCED_FACE ( 'NONE', ( #8502 ), #1968, .T. ) ;
#189 = ORIENTED_EDGE ( 'NONE', *, *, #8969, .T. ) ;
#190 = EDGE_CURVE ( 'NONE', #194, #7223, #9302, .T. ) ;
#191 = FACE_OUTER_BOUND ( 'NONE', #889, .T. ) ;
#192 = ADVANCED_FACE ( 'NONE', ( #1143 ), #2876, .F. ) ;
#193 = DIRECTION ( 'NONE',  ( 0.0000000000000000000, -1.000000000000000000, 0.0000000000000000000 ) ) ;
#194 = VERTEX_POINT ( 'NONE', #6097 ) ;
#195 = LINE ( 'NONE', #6601, #4278 ) ;
#196 = ORIENTED_EDGE ( 'NONE', *, *, #10605, .T. ) ;
#197 = CARTESIAN_POINT ( 'NONE',  ( 20.15166797165684542, 2.000000000000000000, 0.0000000000000000000 ) ) ;
#198 = CARTESIAN_POINT ( 'NONE',  ( 13.30166797165682091, 2.000000000000000000, -0.01800000000000000211 ) ) ;
#199 = ORIENTED_EDGE ( 'NONE', *, *, #138, .T. ) ;
#200 = LINE ( 'NONE', #9065, #10465 ) ;
#201 = ORIENTED_EDGE ( 'NONE', *, *, #8856, .T. ) ;
#202 = LINE ( 'NONE', #1778, #3885 ) ;
#203 = DIRECTION ( 'NONE',  ( 0.0000000000000000000, 0.0000000000000000000, 1.000000000000000000 ) ) ;
#204 = VERTEX_POINT ( 'NONE', #6849 ) ;
#205 = PLANE ( 'NONE',  #4075 ) ;
#206 = DIRECTION ( 'NONE',  ( 1.000000000000000000, 0.0000000000000000000, 0.0000000000000000000 ) ) ;
#207 = DIRECTION ( 'NONE',  ( -0.0000000000000000000, 1.000000000000000000, 0.0000000000000000000 ) ) ;
#208 = DIRECTION ( 'NONE',  ( 1.000000000000000000, 0.0000000000000000000, 0.0000000000000000000 ) ) ;
#209 = ADVANCED_FACE ( 'NONE', ( #5087 ), #2023, .T. ) ;
#210 = DIRECTION ( 'NONE',  ( 0.0000000000000000000, 0.0000000000000000000, 1.000000000000000000 ) ) ;
#211 = LINE ( 'NONE', #4252, #8376 ) ;
#212 = DIRECTION ( 'NONE',  ( 0.0000000000000000000, 0.0000000000000000000, 1.000000000000000000 ) ) ;
#213 = ORIENTED_EDGE ( 'NONE', *, *, #8332, .T. ) ;
#214 = EDGE_LOOP ( 'NONE', ( #1746, #165, #1233, #2430 ) ) ;
#215 = ORIENTED_EDGE ( 'NONE', *, *, #7482, .F. ) ;
#216 = CARTESIAN_POINT ( 'NONE',  ( 14.05166797165682091, 0.5500000000000000444, 0.8180000000000000604 ) ) ;
#217 = EDGE_LOOP ( 'NONE', ( #5415, #7130, #2852, #4163 ) ) ;
#218 = DIRECTION ( 'NONE',  ( 0.0000000000000000000, -1.000000000000000000, 0.0000000000000000000 ) ) ;
#219 = CARTESIAN_POINT ( 'NONE',  ( 6.901667971656829437, 2.000000000000000000, 0.8180000000000000604 ) ) ;
#220 = DIRECTION ( 'NONE',  ( 0.0000000000000000000, 0.0000000000000000000, -1.000000000000000000 ) ) ;
#221 = ORIENTED_EDGE ( 'NONE', *, *, #8138, .F. ) ;
#222 = SURFACE_SIDE_STYLE ('',( #3515 ) ) ;
#223 = DIRECTION ( 'NONE',  ( 0.0000000000000000000, 1.000000000000000000, 0.0000000000000000000 ) ) ;
#224 = LINE ( 'NONE', #8560, #8880 ) ;
#225 = ORIENTED_EDGE ( 'NONE', *, *, #4793, .F. ) ;
#226 = ORIENTED_EDGE ( 'NONE', *, *, #2044, .F. ) ;
#227 = LINE ( 'NONE', #5193, #3071 ) ;
#228 = COLOUR_RGB ( '',0.1019607843137254888, 0.1019607843137254888, 0.1019607843137254888 ) ;
#229 = CARTESIAN_POINT ( 'NONE',  ( 1.298125607096193990E-14, 4.000000000000000000, 0.8000000000000000444 ) ) ;
#230 = DIRECTION ( 'NONE',  ( 0.0000000000000000000, 1.000000000000000000, 0.0000000000000000000 ) ) ;
#231 = ADVANCED_FACE ( 'NONE', ( #8349 ), #5291, .F. ) ;
#232 = LINE ( 'NONE', #2618, #3853 ) ;
#233 = LINE ( 'NONE', #10163, #7138 ) ;
#234 = ORIENTED_EDGE ( 'NONE', *, *, #4609, .T. ) ;
#235 = UNCERTAINTY_MEASURE_WITH_UNIT (LENGTH_MEASURE( 1.000000000000000082E-05 ), #4684, 'distance_accuracy_value', 'NONE');
#236 = DIRECTION ( 'NONE',  ( 1.752245935330099997E-15, 1.000000000000000000, 0.0000000000000000000 ) ) ;
#237 = AXIS2_PLACEMENT_3D ( 'NONE', #2395, #4760, #5612 ) ;
#238 = PRESENTATION_LAYER_ASSIGNMENT (  '', '', ( #756 ) ) ;
#239 = CARTESIAN_POINT ( 'NONE',  ( 7.151667971656830325, 2.000000000000000000, 0.0000000000000000000 ) ) ;
#240 = VERTEX_POINT ( 'NONE', #1201 ) ;
#241 = DIRECTION ( 'NONE',  ( -1.000000000000000000, 0.0000000000000000000, 0.0000000000000000000 ) ) ;
#242 = ORIENTED_EDGE ( 'NONE', *, *, #347, .T. ) ;
#243 = EDGE_CURVE ( 'NONE', #924, #5140, #1378, .T. ) ;
#244 = EDGE_CURVE ( 'NONE', #4158, #3130, #4488, .T. ) ;
#245 = VECTOR ( 'NONE', #7951, 1000.000000000000000 ) ;
#246 = DIRECTION ( 'NONE',  ( 0.0000000000000000000, 1.000000000000000000, 0.0000000000000000000 ) ) ;
#247 = EDGE_CURVE ( 'NONE', #10556, #10306, #395, .T. ) ;
#249 = DIRECTION ( 'NONE',  ( 1.000000000000000000, 0.0000000000000000000, 0.0000000000000000000 ) ) ;
#248 = AXIS2_PLACEMENT_3D ( 'NONE', #7998, #1599, #8148 ) ;
#250 = PLANE ( 'NONE',  #4283 ) ;
#251 = ORIENTED_EDGE ( 'NONE', *, *, #892, .F. ) ;
#252 =( NAMED_UNIT ( * ) PLANE_ANGLE_UNIT ( ) SI_UNIT ( $, .RADIAN. ) );
#253 = VERTEX_POINT ( 'NONE', #8400 ) ;
#254 = CARTESIAN_POINT ( 'NONE',  ( 1.551667971656825129, 2.000000000000000000, 0.8180000000000000604 ) ) ;
#255 = PLANE ( 'NONE',  #2281 ) ;
#256 = EDGE_LOOP ( 'NONE', ( #494, #9226, #2792, #5613 ) ) ;
#257 = CARTESIAN_POINT ( 'NONE',  ( 5.451667971656830147, 0.2999999999999944933, 0.0000000000000000000 ) ) ;
#258 = VECTOR ( 'NONE', #4552, 1000.000000000000000 ) ;
#259 = PLANE ( 'NONE',  #934 ) ;
#260 = EDGE_CURVE ( 'NONE', #6526, #393, #1044, .T. ) ;
#261 = EDGE_CURVE ( 'NONE', #5321, #4104, #505, .T. ) ;
#262 = DIRECTION ( 'NONE',  ( 1.000000000000000000, 0.0000000000000000000, 0.0000000000000000000 ) ) ;
#263 = EDGE_CURVE ( 'NONE', #9548, #4761, #1362, .T. ) ;
#264 = DIRECTION ( 'NONE',  ( 1.000000000000000000, -3.097720492815730124E-16, 0.0000000000000000000 ) ) ;
#265 = DIRECTION ( 'NONE',  ( 0.0000000000000000000, 1.000000000000000000, 0.0000000000000000000 ) ) ;
#266 = DIRECTION ( 'NONE',  ( 0.0000000000000000000, 0.0000000000000000000, -1.000000000000000000 ) ) ;
#267 = VERTEX_POINT ( 'NONE', #5350 ) ;
#268 =( GEOMETRIC_REPRESENTATION_CONTEXT ( 3 ) GLOBAL_UNCERTAINTY_ASSIGNED_CONTEXT ( ( #352 ) ) GLOBAL_UNIT_ASSIGNED_CONTEXT ( ( #7013, #3674, #7817 ) ) REPRESENTATION_CONTEXT ( 'NONE', 'WORKASPACE' ) );
#269 = FILL_AREA_STYLE ('',( #3721 ) ) ;
#270 = VECTOR ( 'NONE', #6446, 1000.000000000000000 ) ;
#271 = ADVANCED_FACE ( 'NONE', ( #7320 ), #6311, .F. ) ;
#272 = VERTEX_POINT ( 'NONE', #1613 ) ;
#273 = ORIENTED_EDGE ( 'NONE', *, *, #2691, .T. ) ;
#274 = FACE_BOUND ( 'NONE', #1261, .T. ) ;
#275 = VERTEX_POINT ( 'NONE', #7014 ) ;
#276 = DIRECTION ( 'NONE',  ( 0.0000000000000000000, -1.000000000000000000, 0.0000000000000000000 ) ) ;
#277 = ORIENTED_EDGE ( 'NONE', *, *, #9888, .F. ) ;
#278 = CARTESIAN_POINT ( 'NONE',  ( 8.801667971656820910, 0.5500000000000000444, -0.01800000000000000211 ) ) ;
#279 = CARTESIAN_POINT ( 'NONE',  ( 17.55166797165684756, 0.5500000000000000444, 0.8000000000000000444 ) ) ;
#280 = VERTEX_POINT ( 'NONE', #7819 ) ;
#281 = CARTESIAN_POINT ( 'NONE',  ( 14.90166797165682055, 2.000000000000000000, 0.8000000000000000444 ) ) ;
#282 = ORIENTED_EDGE ( 'NONE', *, *, #8075, .T. ) ;
#283 = LINE ( 'NONE', #8452, #5811 ) ;
#284 = LINE ( 'NONE', #345, #8008 ) ;
#285 = COLOUR_RGB ( '',0.6431372549019607199, 0.6156862745098039547, 0.5999999999999999778 ) ;
#286 = LINE ( 'NONE', #999, #8208 ) ;
#287 = LINE ( 'NONE', #3578, #3343 ) ;
#288 = FACE_OUTER_BOUND ( 'NONE', #6073, .T. ) ;
#289 = AXIS2_PLACEMENT_3D ( 'NONE', #3753, #8325, #158 ) ;
#290 = ORIENTED_EDGE ( 'NONE', *, *, #9785, .F. ) ;
#291 = DIRECTION ( 'NONE',  ( 1.000000000000000000, 0.0000000000000000000, 0.0000000000000000000 ) ) ;
#292 = VECTOR ( 'NONE', #9284, 1000.000000000000000 ) ;
#293 = LINE ( 'NONE', #6920, #9899 ) ;
#294 = ORIENTED_EDGE ( 'NONE', *, *, #9691, .T. ) ;
#295 = EDGE_LOOP ( 'NONE', ( #360, #4315, #10559, #936 ) ) ;
#296 = DIRECTION ( 'NONE',  ( 0.0000000000000000000, 0.0000000000000000000, 1.000000000000000000 ) ) ;
#297 = ORIENTED_EDGE ( 'NONE', *, *, #3837, .F. ) ;
#298 = LINE ( 'NONE', #361, #9921 ) ;
#299 = CARTESIAN_POINT ( 'NONE',  ( 7.651667971656829437, 2.000000000000000000, 0.0000000000000000000 ) ) ;
#300 = CARTESIAN_POINT ( 'NONE',  ( 0.0000000000000000000, 0.0000000000000000000, -0.01800000000000000211 ) ) ;
#301 = PRESENTATION_LAYER_ASSIGNMENT (  '', '', ( #3919 ) ) ;
#302 = ORIENTED_EDGE ( 'NONE', *, *, #5001, .F. ) ;
#303 = DIRECTION ( 'NONE',  ( 0.0000000000000000000, -1.000000000000000000, 0.0000000000000000000 ) ) ;
#304 = ORIENTED_EDGE ( 'NONE', *, *, #6319, .F. ) ;
#305 = VECTOR ( 'NONE', #7936, 1000.000000000000000 ) ;
#306 = CARTESIAN_POINT ( 'NONE',  ( 12.55166797165681913, 2.000000000000000000, 0.8000000000000000444 ) ) ;
#307 = EDGE_CURVE ( 'NONE', #6147, #10137, #4848, .T. ) ;
#308 = ADVANCED_FACE ( 'NONE', ( #9463 ), #556, .F. ) ;
#309 = ADVANCED_FACE ( 'NONE', ( #8165 ), #799, .F. ) ;
#310 = CARTESIAN_POINT ( 'NONE',  ( 20.92500000000000071, 0.3000000000000309641, 0.8000000000000130340 ) ) ;
#311 = VERTEX_POINT ( 'NONE', #6210 ) ;
#312 = PRESENTATION_LAYER_ASSIGNMENT (  '', '', ( #663 ) ) ;
#313 = FILL_AREA_STYLE_COLOUR ( '', #2373 ) ;
#314 = VECTOR ( 'NONE', #9447, 1000.000000000000000 ) ;
#315 = ORIENTED_EDGE ( 'NONE', *, *, #9831, .F. ) ;
#316 = CARTESIAN_POINT ( 'NONE',  ( 3.901667971656824996, 0.5500000000000000444, 0.8180000000000000604 ) ) ;
#317 = VECTOR ( 'NONE', #5585, 1000.000000000000000 ) ;
#318 =( NAMED_UNIT ( * ) PLANE_ANGLE_UNIT ( ) SI_UNIT ( $, .RADIAN. ) );
#319 = PLANE ( 'NONE',  #5669 ) ;
#320 = SURFACE_SIDE_STYLE ('',( #2010 ) ) ;
#321 = DIRECTION ( 'NONE',  ( 1.000000000000000000, -4.626155997695749151E-17, 0.0000000000000000000 ) ) ;
#322 = EDGE_LOOP ( 'NONE', ( #2541, #1032, #2678, #1957 ) ) ;
#323 = EDGE_CURVE ( 'NONE', #2733, #7183, #8922, .T. ) ;
#324 = EDGE_CURVE ( 'NONE', #5979, #3643, #8703, .T. ) ;
#325 = ORIENTED_EDGE ( 'NONE', *, *, #7959, .T. ) ;
#326 = VECTOR ( 'NONE', #562, 1000.000000000000000 ) ;
#327 = ORIENTED_EDGE ( 'NONE', *, *, #9451, .F. ) ;
#328 = SURFACE_SIDE_STYLE ('',( #9456 ) ) ;
#329 = ORIENTED_EDGE ( 'NONE', *, *, #5512, .F. ) ;
#330 = CARTESIAN_POINT ( 'NONE',  ( 12.80166797165682091, 0.5500000000000000444, -0.01800000000000000211 ) ) ;
#331 = VECTOR ( 'NONE', #9604, 1000.000000000000000 ) ;
#332 = DIRECTION ( 'NONE',  ( 1.000000000000000000, 0.0000000000000000000, 0.0000000000000000000 ) ) ;
#333 = VECTOR ( 'NONE', #2520, 1000.000000000000000 ) ;
#334 = CARTESIAN_POINT ( 'NONE',  ( 14.00000000000000000, 79.99000000000000909, 0.0000000000000000000 ) ) ;
#335 = ORIENTED_EDGE ( 'NONE', *, *, #6047, .T. ) ;
#336 = FACE_OUTER_BOUND ( 'NONE', #4642, .T. ) ;
#337 = AXIS2_PLACEMENT_3D ( 'NONE', #7962, #2930, #10358 ) ;
#338 = VECTOR ( 'NONE', #4342, 1000.000000000000000 ) ;
#339 = DIRECTION ( 'NONE',  ( 0.0000000000000000000, 0.0000000000000000000, -1.000000000000000000 ) ) ;
#340 = ORIENTED_EDGE ( 'NONE', *, *, #8677, .F. ) ;
#341 = LINE ( 'NONE', #9413, #1800 ) ;
#342 = ORIENTED_EDGE ( 'NONE', *, *, #4920, .T. ) ;
#343 = DIRECTION ( 'NONE',  ( 0.0000000000000000000, 1.000000000000000000, 0.0000000000000000000 ) ) ;
#344 = PLANE ( 'NONE',  #4188 ) ;
#345 = CARTESIAN_POINT ( 'NONE',  ( 6.151667971656830325, 2.000000000000000000, -0.01800000000000000211 ) ) ;
#346 = DIRECTION ( 'NONE',  ( -0.0000000000000000000, 1.000000000000000000, 0.0000000000000000000 ) ) ;
#347 = EDGE_CURVE ( 'NONE', #5976, #5339, #4538, .T. ) ;
#348 = VECTOR ( 'NONE', #4807, 1000.000000000000000 ) ;
#349 = PLANE ( 'NONE',  #4883 ) ;
#350 = CARTESIAN_POINT ( 'NONE',  ( 6.051667971656829792, 0.5500000000000000444, 0.8180000000000000604 ) ) ;
#351 = ORIENTED_EDGE ( 'NONE', *, *, #2841, .F. ) ;
#352 = UNCERTAINTY_MEASURE_WITH_UNIT (LENGTH_MEASURE( 1.000000000000000082E-05 ), #7013, 'distance_accuracy_value', 'NONE');
#353 = CARTESIAN_POINT ( 'NONE',  ( 8.250000000000000000, 80.00000000000000000, 0.8009999999999999343 ) ) ;
#354 = AXIS2_PLACEMENT_3D ( 'NONE', #8033, #5614, #6376 ) ;
#355 = CARTESIAN_POINT ( 'NONE',  ( 11.55166797165682091, 0.5500000000000000444, 0.8000000000000000444 ) ) ;
#356 = ORIENTED_EDGE ( 'NONE', *, *, #7667, .F. ) ;
#357 = ORIENTED_EDGE ( 'NONE', *, *, #7288, .T. ) ;
#358 = MECHANICAL_DESIGN_GEOMETRIC_PRESENTATION_REPRESENTATION (  '', ( #2273 ), #7235 ) ;
#359 = DIRECTION ( 'NONE',  ( 0.0000000000000000000, 1.000000000000000000, 0.0000000000000000000 ) ) ;
#360 = ORIENTED_EDGE ( 'NONE', *, *, #6976, .T. ) ;
#361 = CARTESIAN_POINT ( 'NONE',  ( 15.65166797165684898, 0.5500000000000000444, -0.01800000000000000211 ) ) ;
#362 = LINE ( 'NONE', #10174, #5830 ) ;
#363 = CARTESIAN_POINT ( 'NONE',  ( 8.901667971656829437, 2.000000000000000000, 0.8180000000000000604 ) ) ;
#364 = ORIENTED_EDGE ( 'NONE', *, *, #2811, .F. ) ;
#365 = FACE_OUTER_BOUND ( 'NONE', #2289, .T. ) ;
#366 = MECHANICAL_DESIGN_GEOMETRIC_PRESENTATION_REPRESENTATION (  '', ( #9108 ), #4495 ) ;
#367 = EDGE_LOOP ( 'NONE', ( #1417, #6254, #1409, #7665 ) ) ;
#368 = UNCERTAINTY_MEASURE_WITH_UNIT (LENGTH_MEASURE( 1.000000000000000082E-05 ), #6578, 'distance_accuracy_value', 'NONE');
#369 = CARTESIAN_POINT ( 'NONE',  ( 19.40166797165684898, 2.000000000000000000, 0.8180000000000000604 ) ) ;
#370 = DIRECTION ( 'NONE',  ( 0.0000000000000000000, 0.0000000000000000000, 1.000000000000000000 ) ) ;
#371 = VERTEX_POINT ( 'NONE', #452 ) ;
#372 = CARTESIAN_POINT ( 'NONE',  ( 10.90166797165682055, 2.000000000000000000, 0.8180000000000000604 ) ) ;
#373 = SURFACE_STYLE_USAGE ( .BOTH. , #10074 ) ;
#374 = VECTOR ( 'NONE', #2857, 1000.000000000000000 ) ;
#375 = DIRECTION ( 'NONE',  ( -1.000000000000000000, 0.0000000000000000000, 1.661092827106399975E-32 ) ) ;
#376 = EDGE_CURVE ( 'NONE', #7034, #7169, #7867, .T. ) ;
#377 = FACE_OUTER_BOUND ( 'NONE', #1298, .T. ) ;
#378 = CARTESIAN_POINT ( 'NONE',  ( 9.301667971656820910, 0.5500000000000000444, -0.01800000000000000211 ) ) ;
#379 = EDGE_CURVE ( 'NONE', #4276, #7924, #3731, .T. ) ;
#380 = CARTESIAN_POINT ( 'NONE',  ( 4.251667971656825529, -1.469576158976823799E-16, 0.1091910702798599975 ) ) ;
#381 = AXIS2_PLACEMENT_3D ( 'NONE', #797, #6720, #1728 ) ;
#382 = VERTEX_POINT ( 'NONE', #3038 ) ;
#383 = CARTESIAN_POINT ( 'NONE',  ( 11.55166797165682091, 0.5500000000000000444, 0.8000000000000000444 ) ) ;
#384 = ORIENTED_EDGE ( 'NONE', *, *, #5635, .F. ) ;
#385 = EDGE_LOOP ( 'NONE', ( #4580, #478, #4759, #533 ) ) ;
#386 = ORIENTED_EDGE ( 'NONE', *, *, #66, .T. ) ;
#387 =( NAMED_UNIT ( * ) SI_UNIT ( $, .STERADIAN. ) SOLID_ANGLE_UNIT ( ) );
#388 = CARTESIAN_POINT ( 'NONE',  ( 9.401667971656829437, 0.5500000000000000444, 0.8000000000000000444 ) ) ;
#389 = ADVANCED_FACE ( 'NONE', ( #4594 ), #10563, .F. ) ;
#390 = ADVANCED_FACE ( 'NONE', ( #6668 ), #5756, .T. ) ;
#391 = EDGE_CURVE ( 'NONE', #8042, #5283, #3340, .T. ) ;
#392 = DIRECTION ( 'NONE',  ( 0.0000000000000000000, 0.0000000000000000000, -1.000000000000000000 ) ) ;
#393 = VERTEX_POINT ( 'NONE', #2640 ) ;
#394 = DIRECTION ( 'NONE',  ( 0.0000000000000000000, -1.000000000000000000, 0.0000000000000000000 ) ) ;
#395 = LINE ( 'NONE', #1863, #8027 ) ;
#396 = VERTEX_POINT ( 'NONE', #910 ) ;
#397 = DIRECTION ( 'NONE',  ( 0.0000000000000000000, 0.0000000000000000000, -1.000000000000000000 ) ) ;
#398 = ORIENTED_EDGE ( 'NONE', *, *, #2072, .F. ) ;
#399 = DIRECTION ( 'NONE',  ( 0.0000000000000000000, 1.000000000000000000, 0.0000000000000000000 ) ) ;
#400 = CARTESIAN_POINT ( 'NONE',  ( 17.20166797165684969, 1.469576158976835879E-16, 0.1091910702798599975 ) ) ;
#401 = VECTOR ( 'NONE', #1974, 1000.000000000000000 ) ;
#402 = EDGE_CURVE ( 'NONE', #2992, #5460, #2588, .T. ) ;
#403 = ADVANCED_FACE ( 'NONE', ( #9866 ), #4141, .F. ) ;
#404 = DIRECTION ( 'NONE',  ( 0.0000000000000000000, -1.000000000000000000, 0.0000000000000000000 ) ) ;
#405 = DIRECTION ( 'NONE',  ( 1.000000000000000000, 0.0000000000000000000, 0.0000000000000000000 ) ) ;
#406 = PLANE ( 'NONE',  #7282 ) ;
#407 = DIRECTION ( 'NONE',  ( -0.0000000000000000000, 1.000000000000000000, 0.0000000000000000000 ) ) ;
#408 = LINE ( 'NONE', #10112, #8663 ) ;
#409 = FACE_OUTER_BOUND ( 'NONE', #3850, .T. ) ;
#410 = ADVANCED_FACE ( 'NONE', ( #8221 ), #4187, .T. ) ;
#411 = EDGE_LOOP ( 'NONE', ( #1934, #415, #9827, #10520 ) ) ;
#412 = ORIENTED_EDGE ( 'NONE', *, *, #5021, .T. ) ;
#413 = CARTESIAN_POINT ( 'NONE',  ( 1.801667971656825129, 2.000000000000000000, -0.01800000000000000211 ) ) ;
#414 = VECTOR ( 'NONE', #7236, 1000.000000000000000 ) ;
#415 = ORIENTED_EDGE ( 'NONE', *, *, #6441, .F. ) ;
#416 = CARTESIAN_POINT ( 'NONE',  ( 0.0000000000000000000, 0.0000000000000000000, 0.8180000000000000604 ) ) ;
#417 = DIRECTION ( 'NONE',  ( 0.0000000000000000000, -1.000000000000000000, 0.0000000000000000000 ) ) ;
#418 = PLANE ( 'NONE',  #8570 ) ;
#419 = DIRECTION ( 'NONE',  ( 0.0000000000000000000, 0.0000000000000000000, -1.000000000000000000 ) ) ;
#420 = VECTOR ( 'NONE', #6212, 1000.000000000000000 ) ;
#421 = ORIENTED_EDGE ( 'NONE', *, *, #4160, .T. ) ;
#422 = FILL_AREA_STYLE_COLOUR ( '', #2953 ) ;
#423 = ORIENTED_EDGE ( 'NONE', *, *, #6619, .F. ) ;
#424 = PRODUCT_DEFINITION_FORMATION_WITH_SPECIFIED_SOURCE ( 'ANY', '', #6843, .NOT_KNOWN. ) ;
#425 = DIRECTION ( 'NONE',  ( 0.0000000000000000000, -1.000000000000000000, 0.0000000000000000000 ) ) ;
#426 = PLANE ( 'NONE',  #7143 ) ;
#427 = ORIENTED_EDGE ( 'NONE', *, *, #3773, .T. ) ;
#428 = SURFACE_STYLE_USAGE ( .BOTH. , #4402 ) ;
#429 = AXIS2_PLACEMENT_3D ( 'NONE', #48, #968, #4248 ) ;
#430 = FILL_AREA_STYLE ('',( #5967 ) ) ;
#431 = VECTOR ( 'NONE', #8681, 1000.000000000000000 ) ;
#432 = FILL_AREA_STYLE_COLOUR ( '', #7028 ) ;
#433 = FACE_OUTER_BOUND ( 'NONE', #9406, .T. ) ;
#434 = CARTESIAN_POINT ( 'NONE',  ( 13.05166797165682091, 2.000000000000000000, 0.8180000000000000604 ) ) ;
#435 = DIRECTION ( 'NONE',  ( 1.000000000000000000, 0.0000000000000000000, 0.0000000000000000000 ) ) ;
#436 = VERTEX_POINT ( 'NONE', #7426 ) ;
#437 = VECTOR ( 'NONE', #10607, 1000.000000000000000 ) ;
#438 = AXIS2_PLACEMENT_3D ( 'NONE', #5885, #5937, #6737 ) ;
#439 = LINE ( 'NONE', #3983, #5622 ) ;
#440 = EDGE_LOOP ( 'NONE', ( #6355, #10130, #8124, #8094 ) ) ;
#441 = ORIENTED_EDGE ( 'NONE', *, *, #5143, .T. ) ;
#442 = FILL_AREA_STYLE_COLOUR ( '', #8136 ) ;
#443 = VERTEX_POINT ( 'NONE', #4953 ) ;
#444 = CARTESIAN_POINT ( 'NONE',  ( 22.00000000000000000, 4.000000000000000000, 0.8000000000000000444 ) ) ;
#445 = DIRECTION ( 'NONE',  ( 0.0000000000000000000, 0.0000000000000000000, -1.000000000000000000 ) ) ;
#446 = LINE ( 'NONE', #7011, #10108 ) ;
#447 = VERTEX_POINT ( 'NONE', #5061 ) ;
#448 = LINE ( 'NONE', #2771, #3204 ) ;
#449 = EDGE_CURVE ( 'NONE', #2200, #6008, #7474, .T. ) ;
#450 = EDGE_CURVE ( 'NONE', #2693, #2717, #8323, .T. ) ;
#451 = VECTOR ( 'NONE', #6479, 1000.000000000000000 ) ;
#452 = CARTESIAN_POINT ( 'NONE',  ( 14.90166797165682055, 2.000000000000000000, 0.8000000000000000444 ) ) ;
#453 = ADVANCED_FACE ( 'NONE', ( #100 ), #1021, .T. ) ;
#454 = VERTEX_POINT ( 'NONE', #1730 ) ;
#455 = CARTESIAN_POINT ( 'NONE',  ( 1.551667971656825129, 2.000000000000000000, 0.8180000000000000604 ) ) ;
#456 = ORIENTED_EDGE ( 'NONE', *, *, #3496, .F. ) ;
#457 = FACE_OUTER_BOUND ( 'NONE', #4118, .T. ) ;
#458 = DIRECTION ( 'NONE',  ( 0.0000000000000000000, 0.0000000000000000000, 1.000000000000000000 ) ) ;
#459 = CARTESIAN_POINT ( 'NONE',  ( 19.80166797165679782, 2.000000000000000000, -0.01800000000000000211 ) ) ;
#460 = CARTESIAN_POINT ( 'NONE',  ( 3.301667971656824907, 2.000000000000000000, -0.01800000000000000211 ) ) ;
#461 = PRESENTATION_STYLE_ASSIGNMENT (( #7930 ) ) ;
#462 = DIRECTION ( 'NONE',  ( 0.0000000000000000000, -1.000000000000000000, 0.0000000000000000000 ) ) ;
#463 = LINE ( 'NONE', #3745, #2668 ) ;
#464 = ADVANCED_FACE ( 'NONE', ( #4303 ), #205, .T. ) ;
#465 = EDGE_CURVE ( 'NONE', #6085, #6273, #3446, .T. ) ;
#466 = ORIENTED_EDGE ( 'NONE', *, *, #7828, .T. ) ;
#467 = ADVANCED_FACE ( 'NONE', ( #9973 ), #5167, .F. ) ;
#468 = ORIENTED_EDGE ( 'NONE', *, *, #2505, .T. ) ;
#469 = VERTEX_POINT ( 'NONE', #257 ) ;
#470 = CARTESIAN_POINT ( 'NONE',  ( 21.99500000000000099, 79.99000000000000909, 2.149999999999999911 ) ) ;
#471 = VECTOR ( 'NONE', #8184, 1000.000000000000000 ) ;
#472 = ORIENTED_EDGE ( 'NONE', *, *, #3228, .T. ) ;
#473 = CARTESIAN_POINT ( 'NONE',  ( 1.298125607096193990E-14, 4.000000000000000000, 0.8000000000000000444 ) ) ;
#474 = DIRECTION ( 'NONE',  ( -1.000000000000000000, 0.0000000000000000000, 0.0000000000000000000 ) ) ;
#475 = CARTESIAN_POINT ( 'NONE',  ( 18.65166797165684898, 2.000000000000000000, -0.01800000000000000211 ) ) ;
#476 = DIRECTION ( 'NONE',  ( 0.0000000000000000000, 0.0000000000000000000, -1.000000000000000000 ) ) ;
#477 = AXIS2_PLACEMENT_3D ( 'NONE', #9550, #4692, #3187 ) ;
#478 = ORIENTED_EDGE ( 'NONE', *, *, #5766, .F. ) ;
#479 = DIRECTION ( 'NONE',  ( 0.0000000000000000000, 0.0000000000000000000, 1.000000000000000000 ) ) ;
#480 = EDGE_CURVE ( 'NONE', #7935, #10000, #9228, .T. ) ;
#481 = ORIENTED_EDGE ( 'NONE', *, *, #450, .T. ) ;
#482 = FACE_BOUND ( 'NONE', #9304, .T. ) ;
#483 = CARTESIAN_POINT ( 'NONE',  ( 8.801667971656820910, 0.5500000000000000444, -0.01800000000000000211 ) ) ;
#484 = ORIENTED_EDGE ( 'NONE', *, *, #9039, .F. ) ;
#485 = LINE ( 'NONE', #2748, #9232 ) ;
#486 = SURFACE_STYLE_USAGE ( .BOTH. , #7204 ) ;
#487 = DIRECTION ( 'NONE',  ( 3.097720492815700049E-16, 1.000000000000000000, 0.0000000000000000000 ) ) ;
#488 = DIRECTION ( 'NONE',  ( 0.0000000000000000000, 1.000000000000000000, 0.0000000000000000000 ) ) ;
#489 = PLANE ( 'NONE',  #4798 ) ;
#490 = AXIS2_PLACEMENT_3D ( 'NONE', #9893, #2560, #5835 ) ;
#491 = LINE ( 'NONE', #6138, #1041 ) ;
#492 = VERTEX_POINT ( 'NONE', #6563 ) ;
#493 = FACE_OUTER_BOUND ( 'NONE', #3982, .T. ) ;
#494 = ORIENTED_EDGE ( 'NONE', *, *, #6051, .T. ) ;
#495 = ORIENTED_EDGE ( 'NONE', *, *, #2819, .F. ) ;
#496 = LINE ( 'NONE', #3783, #4368 ) ;
#497 = CARTESIAN_POINT ( 'NONE',  ( 9.151667971656820555, 0.5500000000000000444, -0.01800000000000000211 ) ) ;
#498 = CARTESIAN_POINT ( 'NONE',  ( 9.401667971656829437, 2.000000000000000000, 0.8180000000000000604 ) ) ;
#499 = VECTOR ( 'NONE', #4145, 1000.000000000000000 ) ;
#500 = COLOUR_RGB ( '',0.6431372549019607199, 0.6156862745098039547, 0.5999999999999999778 ) ;
#501 = LINE ( 'NONE', #4961, #6878 ) ;
#502 = EDGE_LOOP ( 'NONE', ( #10275, #1310, #633, #23 ) ) ;
#503 = PLANE ( 'NONE',  #8680 ) ;
#504 = AXIS2_PLACEMENT_3D ( 'NONE', #145, #3436, #9961 ) ;
#505 = LINE ( 'NONE', #747, #6144 ) ;
#506 = ORIENTED_EDGE ( 'NONE', *, *, #3876, .T. ) ;
#507 = DIRECTION ( 'NONE',  ( 0.0000000000000000000, -1.000000000000000000, 0.0000000000000000000 ) ) ;
#508 = ORIENTED_EDGE ( 'NONE', *, *, #9902, .F. ) ;
#509 = CARTESIAN_POINT ( 'NONE',  ( 18.80166797165680137, 2.000000000000000000, -0.01800000000000000211 ) ) ;
#510 = LINE ( 'NONE', #7772, #9149 ) ;
#511 = DIRECTION ( 'NONE',  ( 0.0000000000000000000, 0.0000000000000000000, 1.000000000000000000 ) ) ;
#512 = LINE ( 'NONE', #7978, #2914 ) ;
#513 = VECTOR ( 'NONE', #8212, 1000.000000000000000 ) ;
#514 = EDGE_CURVE ( 'NONE', #7674, #9717, #9813, .T. ) ;
#515 = DIRECTION ( 'NONE',  ( 0.0000000000000000000, 0.0000000000000000000, -1.000000000000000000 ) ) ;
#516 = DIRECTION ( 'NONE',  ( 0.0000000000000000000, -1.000000000000000000, 0.0000000000000000000 ) ) ;
#517 = ORIENTED_EDGE ( 'NONE', *, *, #3950, .T. ) ;
#518 = ORIENTED_EDGE ( 'NONE', *, *, #1931, .F. ) ;
#519 = ORIENTED_EDGE ( 'NONE', *, *, #5512, .T. ) ;
#520 = DIRECTION ( 'NONE',  ( 0.0000000000000000000, 0.0000000000000000000, 1.000000000000000000 ) ) ;
#521 = VECTOR ( 'NONE', #3078, 1000.000000000000000 ) ;
#522 = VERTEX_POINT ( 'NONE', #6824 ) ;
#523 = FILL_AREA_STYLE_COLOUR ( '', #2370 ) ;
#524 = VECTOR ( 'NONE', #604, 1000.000000000000000 ) ;
#525 = DIRECTION ( 'NONE',  ( -1.000000000000000000, 0.0000000000000000000, 0.0000000000000000000 ) ) ;
#526 = ADVANCED_FACE ( 'NONE', ( #4631 ), #5329, .F. ) ;
#527 = LINE ( 'NONE', #7191, #9430 ) ;
#528 = CARTESIAN_POINT ( 'NONE',  ( 9.801667971656820910, 0.5500000000000000444, -0.01800000000000000211 ) ) ;
#529 = ADVANCED_FACE ( 'NONE', ( #4573 ), #2913, .F. ) ;
#530 = ORIENTED_EDGE ( 'NONE', *, *, #10297, .F. ) ;
#531 = EDGE_CURVE ( 'NONE', #4068, #3540, #2969, .T. ) ;
#532 = DIRECTION ( 'NONE',  ( 0.0000000000000000000, 0.0000000000000000000, 1.000000000000000000 ) ) ;
#533 = ORIENTED_EDGE ( 'NONE', *, *, #10553, .F. ) ;
#534 = CARTESIAN_POINT ( 'NONE',  ( 14.80166797165682091, 2.000000000000000000, 0.0000000000000000000 ) ) ;
#535 = AXIS2_PLACEMENT_3D ( 'NONE', #1421, #7231, #9467 ) ;
#536 = VECTOR ( 'NONE', #2428, 1000.000000000000000 ) ;
#537 = DIRECTION ( 'NONE',  ( 1.000000000000000000, 0.0000000000000000000, 0.0000000000000000000 ) ) ;
#538 = VERTEX_POINT ( 'NONE', #7849 ) ;
#539 = DIRECTION ( 'NONE',  ( 0.0000000000000000000, 0.0000000000000000000, 1.000000000000000000 ) ) ;
#540 = CARTESIAN_POINT ( 'NONE',  ( 16.00166797165680066, 3.851859888774469954E-31, 0.8000000000000000444 ) ) ;
#541 = EDGE_CURVE ( 'NONE', #4610, #7384, #1287, .T. ) ;
#542 = VECTOR ( 'NONE', #303, 1000.000000000000000 ) ;
#543 = CARTESIAN_POINT ( 'NONE',  ( 2.551667971656824907, 0.5499999999999929390, 0.8000000000000000444 ) ) ;
#544 = DIRECTION ( 'NONE',  ( 1.000000000000000000, 0.0000000000000000000, 0.0000000000000000000 ) ) ;
#545 =( LENGTH_UNIT ( ) NAMED_UNIT ( * ) SI_UNIT ( .MILLI., .METRE. ) );
#546 = VERTEX_POINT ( 'NONE', #9331 ) ;
#547 = CARTESIAN_POINT ( 'NONE',  ( 13.15166797165682055, 2.000000000000000000, -0.01800000000000000211 ) ) ;
#548 = ORIENTED_EDGE ( 'NONE', *, *, #1374, .T. ) ;
#549 = ORIENTED_EDGE ( 'NONE', *, *, #8123, .F. ) ;
#550 = EDGE_CURVE ( 'NONE', #3167, #6314, #3547, .T. ) ;
#551 = PLANE ( 'NONE',  #10009 ) ;
#552 = CARTESIAN_POINT ( 'NONE',  ( 8.151667971656829437, 2.000000000000000000, -0.01800000000000000211 ) ) ;
#553 = CARTESIAN_POINT ( 'NONE',  ( 6.551667971656830680, 0.5500000000000000444, 0.8180000000000000604 ) ) ;
#554 = PRESENTATION_STYLE_ASSIGNMENT (( #2180 ) ) ;
#555 = ORIENTED_EDGE ( 'NONE', *, *, #1640, .F. ) ;
#556 = PLANE ( 'NONE',  #10567 ) ;
#557 = EDGE_LOOP ( 'NONE', ( #4097, #7734, #5639, #6542 ) ) ;
#558 = DIRECTION ( 'NONE',  ( 1.000000000000000000, 0.0000000000000000000, 0.0000000000000000000 ) ) ;
#559 = ORIENTED_EDGE ( 'NONE', *, *, #5120, .T. ) ;
#560 = CARTESIAN_POINT ( 'NONE',  ( 3.151667971656824996, 2.000000000000000000, -0.01800000000000000211 ) ) ;
#561 = DIRECTION ( 'NONE',  ( 0.0000000000000000000, -1.000000000000000000, 0.0000000000000000000 ) ) ;
#562 = DIRECTION ( 'NONE',  ( -1.000000000000000000, -4.563815034092980005E-32, 0.0000000000000000000 ) ) ;
#563 = CARTESIAN_POINT ( 'NONE',  ( 10.15166797165682055, 0.5500000000000000444, 0.0000000000000000000 ) ) ;
#564 = DIRECTION ( 'NONE',  ( 0.0000000000000000000, 0.0000000000000000000, -1.000000000000000000 ) ) ;
#565 = DIRECTION ( 'NONE',  ( 1.196361017915040028E-15, 1.000000000000000000, 0.0000000000000000000 ) ) ;
#566 = ORIENTED_EDGE ( 'NONE', *, *, #5998, .F. ) ;
#567 = VERTEX_POINT ( 'NONE', #6935 ) ;
#568 = ORIENTED_EDGE ( 'NONE', *, *, #138, .F. ) ;
#569 = CARTESIAN_POINT ( 'NONE',  ( 14.90166797165682055, 2.000000000000000000, 0.8180000000000000604 ) ) ;
#570 = EDGE_CURVE ( 'NONE', #4388, #538, #10072, .T. ) ;
#571 = ORIENTED_EDGE ( 'NONE', *, *, #2711, .T. ) ;
#572 = FILL_AREA_STYLE_COLOUR ( '', #2027 ) ;
#573 = DIRECTION ( 'NONE',  ( -2.990902544787600071E-16, 1.000000000000000000, 0.0000000000000000000 ) ) ;
#574 = LINE ( 'NONE', #4010, #7730 ) ;
#575 = FACE_OUTER_BOUND ( 'NONE', #7133, .T. ) ;
#576 = ORIENTED_EDGE ( 'NONE', *, *, #10005, .T. ) ;
#577 = PRESENTATION_STYLE_ASSIGNMENT (( #632 ) ) ;
#578 = VERTEX_POINT ( 'NONE', #5272 ) ;
#579 = DIRECTION ( 'NONE',  ( 0.0000000000000000000, 0.0000000000000000000, 1.000000000000000000 ) ) ;
#580 = DIRECTION ( 'NONE',  ( -1.000000000000000000, 0.0000000000000000000, 0.0000000000000000000 ) ) ;
#581 = EDGE_CURVE ( 'NONE', #5823, #1188, #485, .T. ) ;
#582 = VERTEX_POINT ( 'NONE', #8535 ) ;
#583 = EDGE_CURVE ( 'NONE', #7888, #8220, #10184, .T. ) ;
#584 = CARTESIAN_POINT ( 'NONE',  ( 13.40166797165682055, 2.000000000000000000, 0.8180000000000000604 ) ) ;
#585 = EDGE_CURVE ( 'NONE', #5964, #9440, #4465, .T. ) ;
#586 = VECTOR ( 'NONE', #1263, 1000.000000000000000 ) ;
#587 = FACE_OUTER_BOUND ( 'NONE', #4452, .T. ) ;
#588 = CYLINDRICAL_SURFACE ( 'NONE', #9419, 0.5000000000000000000 ) ;
#589 =( NAMED_UNIT ( * ) PLANE_ANGLE_UNIT ( ) SI_UNIT ( $, .RADIAN. ) );
#590 = VECTOR ( 'NONE', #8511, 1000.000000000000000 ) ;
#591 = CARTESIAN_POINT ( 'NONE',  ( 0.0000000000000000000, 0.0000000000000000000, 0.8180000000000000604 ) ) ;
#592 = VERTEX_POINT ( 'NONE', #9490 ) ;
#593 = VECTOR ( 'NONE', #2775, 1000.000000000000000 ) ;
#594 = PLANE ( 'NONE',  #381 ) ;
#595 = EDGE_CURVE ( 'NONE', #8725, #1514, #1176, .T. ) ;
#596 = EDGE_CURVE ( 'NONE', #3278, #5867, #3711, .T. ) ;
#597 = ORIENTED_EDGE ( 'NONE', *, *, #3345, .T. ) ;
#598 = EDGE_CURVE ( 'NONE', #8851, #2474, #8698, .T. ) ;
#599 = CARTESIAN_POINT ( 'NONE',  ( 9.051667971656829792, 0.5500000000000000444, 0.8180000000000000604 ) ) ;
#600 = DIRECTION ( 'NONE',  ( 0.0000000000000000000, 0.0000000000000000000, -1.000000000000000000 ) ) ;
#601 = DIRECTION ( 'NONE',  ( 0.0000000000000000000, 0.0000000000000000000, -1.000000000000000000 ) ) ;
#602 = PLANE ( 'NONE',  #1095 ) ;
#603 = VECTOR ( 'NONE', #7796, 1000.000000000000000 ) ;
#604 = DIRECTION ( 'NONE',  ( 0.0000000000000000000, -1.000000000000000000, 0.0000000000000000000 ) ) ;
#605 = VECTOR ( 'NONE', #1752, 1000.000000000000000 ) ;
#606 = ORIENTED_EDGE ( 'NONE', *, *, #1135, .T. ) ;
#607 = EDGE_CURVE ( 'NONE', #9429, #689, #10451, .T. ) ;
#608 = ORIENTED_EDGE ( 'NONE', *, *, #4872, .T. ) ;
#609 = VERTEX_POINT ( 'NONE', #8857 ) ;
#610 = CARTESIAN_POINT ( 'NONE',  ( 8.151667971656829437, 2.000000000000000000, -0.01800000000000000211 ) ) ;
#611 = ORIENTED_EDGE ( 'NONE', *, *, #3401, .T. ) ;
#612 = CARTESIAN_POINT ( 'NONE',  ( 9.051667971656829792, 2.000000000000000000, 0.8000000000000000444 ) ) ;
#613 = AXIS2_PLACEMENT_3D ( 'NONE', #3261, #8240, #7548 ) ;
#614 = PLANE ( 'NONE',  #5224 ) ;
#615 = CARTESIAN_POINT ( 'NONE',  ( 5.451667971656830147, 2.899999999999999911, 0.0000000000000000000 ) ) ;
#616 = CARTESIAN_POINT ( 'NONE',  ( 9.551667971656829792, 0.5500000000000000444, 0.8180000000000000604 ) ) ;
#617 = CARTESIAN_POINT ( 'NONE',  ( 6.151667971656830325, 2.000000000000000000, 0.0000000000000000000 ) ) ;
#618 = DIRECTION ( 'NONE',  ( -1.000000000000000000, 0.0000000000000000000, 0.0000000000000000000 ) ) ;
#619 =( GEOMETRIC_REPRESENTATION_CONTEXT ( 3 ) GLOBAL_UNCERTAINTY_ASSIGNED_CONTEXT ( ( #1982 ) ) GLOBAL_UNIT_ASSIGNED_CONTEXT ( ( #1666, #6559, #9810 ) ) REPRESENTATION_CONTEXT ( 'NONE', 'WORKASPACE' ) );
#620 = LINE ( 'NONE', #3900, #451 ) ;
#621 = ORIENTED_EDGE ( 'NONE', *, *, #10506, .T. ) ;
#622 = AXIS2_PLACEMENT_3D ( 'NONE', #1698, #4984, #8248 ) ;
#623 = ORIENTED_EDGE ( 'NONE', *, *, #5988, .F. ) ;
#624 = ORIENTED_EDGE ( 'NONE', *, *, #8722, .F. ) ;
#625 = LINE ( 'NONE', #2149, #4777 ) ;
#626 = ORIENTED_EDGE ( 'NONE', *, *, #3932, .F. ) ;
#627 = CARTESIAN_POINT ( 'NONE',  ( 6.801667971656820022, 0.5500000000000000444, -0.01800000000000000211 ) ) ;
#628 = CARTESIAN_POINT ( 'NONE',  ( 18.40166797165684898, 2.000000000000000000, 0.8180000000000000604 ) ) ;
#629 = CARTESIAN_POINT ( 'NONE',  ( 2.651667971656824996, 0.5500000000000000444, 0.0000000000000000000 ) ) ;
#630 = CARTESIAN_POINT ( 'NONE',  ( 14.00000000000000000, 80.00000000000000000, 0.0000000000000000000 ) ) ;
#631 = ORIENTED_EDGE ( 'NONE', *, *, #5393, .F. ) ;
#632 = SURFACE_STYLE_USAGE ( .BOTH. , #10229 ) ;
#633 = ORIENTED_EDGE ( 'NONE', *, *, #6776, .F. ) ;
#634 = FACE_BOUND ( 'NONE', #4151, .T. ) ;
#635 = CARTESIAN_POINT ( 'NONE',  ( 12.15166797165682055, 0.5500000000000000444, -0.01800000000000000211 ) ) ;
#636 = VERTEX_POINT ( 'NONE', #6494 ) ;
#637 = DIRECTION ( 'NONE',  ( 0.0000000000000000000, -1.000000000000000000, 0.0000000000000000000 ) ) ;
#638 = VERTEX_POINT ( 'NONE', #3224 ) ;
#639 = PLANE ( 'NONE',  #9174 ) ;
#640 = VECTOR ( 'NONE', #10026, 1000.000000000000000 ) ;
#641 = LINE ( 'NONE', #8911, #10080 ) ;
#642 = DIRECTION ( 'NONE',  ( 0.0000000000000000000, 1.000000000000000000, 0.0000000000000000000 ) ) ;
#643 = DIRECTION ( 'NONE',  ( 0.0000000000000000000, 0.0000000000000000000, 1.000000000000000000 ) ) ;
#644 = VECTOR ( 'NONE', #5724, 1000.000000000000000 ) ;
#645 = DIRECTION ( 'NONE',  ( -0.0000000000000000000, 1.000000000000000000, 0.0000000000000000000 ) ) ;
#646 = EDGE_CURVE ( 'NONE', #3560, #8974, #5638, .T. ) ;
#647 = EDGE_CURVE ( 'NONE', #5664, #10388, #8758, .T. ) ;
#648 = ORIENTED_EDGE ( 'NONE', *, *, #918, .F. ) ;
#649 = ADVANCED_FACE ( 'NONE', ( #737 ), #3867, .F. ) ;
#650 = ORIENTED_EDGE ( 'NONE', *, *, #7157, .F. ) ;
#651 = LINE ( 'NONE', #2435, #3357 ) ;
#652 = LINE ( 'NONE', #8712, #7240 ) ;
#653 = DIRECTION ( 'NONE',  ( -1.000000000000000000, 0.0000000000000000000, 0.0000000000000000000 ) ) ;
#654 = DIRECTION ( 'NONE',  ( 0.0000000000000000000, 1.000000000000000000, 0.0000000000000000000 ) ) ;
#655 = EDGE_CURVE ( 'NONE', #5235, #924, #3916, .T. ) ;
#656 = ORIENTED_EDGE ( 'NONE', *, *, #9633, .F. ) ;
#657 = VECTOR ( 'NONE', #784, 1000.000000000000000 ) ;
#658 = EDGE_CURVE ( 'NONE', #5223, #4066, #3821, .T. ) ;
#659 = ORIENTED_EDGE ( 'NONE', *, *, #6973, .T. ) ;
#660 = ORIENTED_EDGE ( 'NONE', *, *, #9707, .T. ) ;
#661 = DIRECTION ( 'NONE',  ( 1.000000000000000000, 0.0000000000000000000, 0.0000000000000000000 ) ) ;
#662 = ORIENTED_EDGE ( 'NONE', *, *, #1135, .F. ) ;
#663 = STYLED_ITEM ( 'NONE', ( #2336 ), #6197 ) ;
#664 = DIRECTION ( 'NONE',  ( 1.000000000000000000, 0.0000000000000000000, 0.0000000000000000000 ) ) ;
#665 = VECTOR ( 'NONE', #7054, 1000.000000000000000 ) ;
#666 = FACE_OUTER_BOUND ( 'NONE', #10436, .T. ) ;
#667 = CARTESIAN_POINT ( 'NONE',  ( 21.42500000000000071, 3.500000000000000000, 0.8000000000000000444 ) ) ;
#668 = AXIS2_PLACEMENT_3D ( 'NONE', #4996, #5901, #1007 ) ;
#669 = CARTESIAN_POINT ( 'NONE',  ( 7.151667971656830325, 2.000000000000000000, 0.0000000000000000000 ) ) ;
#670 = CARTESIAN_POINT ( 'NONE',  ( 11.15166797165682055, 2.000000000000000000, -0.01800000000000000211 ) ) ;
#671 =( GEOMETRIC_REPRESENTATION_CONTEXT ( 3 ) GLOBAL_UNCERTAINTY_ASSIGNED_CONTEXT ( ( #9596 ) ) GLOBAL_UNIT_ASSIGNED_CONTEXT ( ( #6777, #9927, #2698 ) ) REPRESENTATION_CONTEXT ( 'NONE', 'WORKASPACE' ) );
#672 = DIRECTION ( 'NONE',  ( 0.0000000000000000000, 1.000000000000000000, 0.0000000000000000000 ) ) ;
#673 = MECHANICAL_DESIGN_GEOMETRIC_PRESENTATION_REPRESENTATION (  '', ( #6508 ), #6349 ) ;
#674 = ORIENTED_EDGE ( 'NONE', *, *, #42, .T. ) ;
#675 = VERTEX_POINT ( 'NONE', #2420 ) ;
#676 = VERTEX_POINT ( 'NONE', #5694 ) ;
#677 = CARTESIAN_POINT ( 'NONE',  ( 13.40166797165682055, 2.000000000000000000, 0.8180000000000000604 ) ) ;
#678 = ORIENTED_EDGE ( 'NONE', *, *, #1375, .T. ) ;
#679 = VECTOR ( 'NONE', #7874, 1000.000000000000000 ) ;
#680 = EDGE_CURVE ( 'NONE', #1246, #8577, #1498, .T. ) ;
#681 = VECTOR ( 'NONE', #488, 1000.000000000000000 ) ;
#682 = DIRECTION ( 'NONE',  ( 0.0000000000000000000, -1.000000000000000000, 0.0000000000000000000 ) ) ;
#683 = LINE ( 'NONE', #7249, #2082 ) ;
#684 = LINE ( 'NONE', #5471, #3264 ) ;
#685 =( NAMED_UNIT ( * ) PLANE_ANGLE_UNIT ( ) SI_UNIT ( $, .RADIAN. ) );
#686 = ORIENTED_EDGE ( 'NONE', *, *, #2432, .F. ) ;
#687 = FACE_BOUND ( 'NONE', #10206, .T. ) ;
#688 = DIRECTION ( 'NONE',  ( 0.0000000000000000000, 0.0000000000000000000, 1.000000000000000000 ) ) ;
#689 = VERTEX_POINT ( 'NONE', #8003 ) ;
#690 = VECTOR ( 'NONE', #2986, 1000.000000000000000 ) ;
#691 = LINE ( 'NONE', #10393, #5474 ) ;
#692 = ORIENTED_EDGE ( 'NONE', *, *, #3291, .F. ) ;
#693 = PLANE ( 'NONE',  #4976 ) ;
#694 = PRESENTATION_STYLE_ASSIGNMENT (( #2372 ) ) ;
#695 = VERTEX_POINT ( 'NONE', #9543 ) ;
#696 = CARTESIAN_POINT ( 'NONE',  ( 6.151667971656830325, 0.5500000000000000444, -0.01800000000000000211 ) ) ;
#697 = VECTOR ( 'NONE', #3827, 1000.000000000000000 ) ;
#698 = EDGE_LOOP ( 'NONE', ( #3200, #8012, #1471, #9379 ) ) ;
#699 =( NAMED_UNIT ( * ) PLANE_ANGLE_UNIT ( ) SI_UNIT ( $, .RADIAN. ) );
#700 = ORIENTED_EDGE ( 'NONE', *, *, #7422, .F. ) ;
#701 = LINE ( 'NONE', #7917, #2321 ) ;
#702 = VECTOR ( 'NONE', #3164, 1000.000000000000000 ) ;
#703 = CARTESIAN_POINT ( 'NONE',  ( 11.05166797165682091, 2.000000000000000000, 0.8180000000000000604 ) ) ;
#704 = CARTESIAN_POINT ( 'NONE',  ( 17.20166797165684969, 0.2999999999999949929, 0.8000000000000000444 ) ) ;
#705 = EDGE_CURVE ( 'NONE', #4949, #6346, #5536, .T. ) ;
#706 = CARTESIAN_POINT ( 'NONE',  ( 11.05166797165682091, 2.000000000000000000, 0.8180000000000000604 ) ) ;
#707 = FACE_OUTER_BOUND ( 'NONE', #7525, .T. ) ;
#708 = VERTEX_POINT ( 'NONE', #4785 ) ;
#709 = ORIENTED_EDGE ( 'NONE', *, *, #5725, .T. ) ;
#710 = VERTEX_POINT ( 'NONE', #4019 ) ;
#711 = EDGE_CURVE ( 'NONE', #447, #3749, #10342, .T. ) ;
#712 = FACE_OUTER_BOUND ( 'NONE', #10578, .T. ) ;
#713 = VERTEX_POINT ( 'NONE', #3018 ) ;
#714 = EDGE_CURVE ( 'NONE', #7183, #5941, #2269, .T. ) ;
#715 = CARTESIAN_POINT ( 'NONE',  ( 6.301667971656820022, 0.5500000000000000444, -0.01800000000000000211 ) ) ;
#716 = EDGE_CURVE ( 'NONE', #8425, #2733, #1399, .T. ) ;
#717 = EDGE_CURVE ( 'NONE', #8158, #2239, #9602, .T. ) ;
#718 = FACE_OUTER_BOUND ( 'NONE', #3457, .T. ) ;
#719 = DIRECTION ( 'NONE',  ( 1.000000000000000000, 1.239088197126291803E-16, 0.0000000000000000000 ) ) ;
#720 = CARTESIAN_POINT ( 'NONE',  ( 9.651667971656820555, 2.000000000000000000, 0.0000000000000000000 ) ) ;
#721 = CARTESIAN_POINT ( 'NONE',  ( 17.90166797165684898, 0.5500000000000000444, 0.8180000000000000604 ) ) ;
#722 = VERTEX_POINT ( 'NONE', #4683 ) ;
#723 = ADVANCED_FACE ( 'NONE', ( #1555 ), #4838, .F. ) ;
#724 = EDGE_CURVE ( 'NONE', #901, #3917, #691, .T. ) ;
#725 = ORIENTED_EDGE ( 'NONE', *, *, #4546, .T. ) ;
#726 = DIRECTION ( 'NONE',  ( 0.0000000000000000000, 0.0000000000000000000, -1.000000000000000000 ) ) ;
#727 = ADVANCED_FACE ( 'NONE', ( #1447 ), #4733, .F. ) ;
#728 = CARTESIAN_POINT ( 'NONE',  ( 0.004999999999995699725, 79.99000000000000909, 2.149999999999999911 ) ) ;
#729 = CARTESIAN_POINT ( 'NONE',  ( 0.0000000000000000000, 0.0000000000000000000, -0.01800000000000000211 ) ) ;
#730 = LINE ( 'NONE', #7087, #2585 ) ;
#731 =( NAMED_UNIT ( * ) PLANE_ANGLE_UNIT ( ) SI_UNIT ( $, .RADIAN. ) );
#732 = ORIENTED_EDGE ( 'NONE', *, *, #449, .T. ) ;
#733 = LINE ( 'NONE', #6489, #10202 ) ;
#734 = EDGE_CURVE ( 'NONE', #6644, #7672, #10548, .T. ) ;
#735 = CARTESIAN_POINT ( 'NONE',  ( 7.401667971656830325, 2.000000000000000000, 0.8180000000000000604 ) ) ;
#736 = ORIENTED_EDGE ( 'NONE', *, *, #4998, .F. ) ;
#737 = FACE_OUTER_BOUND ( 'NONE', #112, .T. ) ;
#738 = ORIENTED_EDGE ( 'NONE', *, *, #5840, .F. ) ;
#739 =( NAMED_UNIT ( * ) SI_UNIT ( $, .STERADIAN. ) SOLID_ANGLE_UNIT ( ) );
#740 = DIRECTION ( 'NONE',  ( 0.0000000000000000000, -1.000000000000000000, 0.0000000000000000000 ) ) ;
#741 = ORIENTED_EDGE ( 'NONE', *, *, #2689, .T. ) ;
#742 = CARTESIAN_POINT ( 'NONE',  ( 12.55166797165681913, 0.5500000000000000444, 0.8180000000000000604 ) ) ;
#743 = ORIENTED_EDGE ( 'NONE', *, *, #402, .F. ) ;
#744 = CARTESIAN_POINT ( 'NONE',  ( 10.55166797165681913, 2.000000000000000000, 0.8180000000000000604 ) ) ;
#745 = CARTESIAN_POINT ( 'NONE',  ( 12.75000000000000000, 80.00000000000000000, 0.8000000000000000444 ) ) ;
#746 = ORIENTED_EDGE ( 'NONE', *, *, #8784, .T. ) ;
#747 = CARTESIAN_POINT ( 'NONE',  ( 8.151667971656829437, 0.5500000000000000444, -0.01800000000000000211 ) ) ;
#748 = AXIS2_PLACEMENT_3D ( 'NONE', #7928, #6265, #9358 ) ;
#749 = LINE ( 'NONE', #2384, #9163 ) ;
#750 = DIRECTION ( 'NONE',  ( 0.0000000000000000000, 0.0000000000000000000, -1.000000000000000000 ) ) ;
#751 = AXIS2_PLACEMENT_3D ( 'NONE', #4661, #2192, #4606 ) ;
#752 = CARTESIAN_POINT ( 'NONE',  ( 19.30166797165679782, 2.000000000000000000, 0.0000000000000000000 ) ) ;
#753 = LINE ( 'NONE', #9024, #1736 ) ;
#754 = ORIENTED_EDGE ( 'NONE', *, *, #2780, .F. ) ;
#755 = AXIS2_PLACEMENT_3D ( 'NONE', #8338, #4911, #7439 ) ;
#756 = STYLED_ITEM ( 'NONE', ( #7497 ), #3737 ) ;
#757 = EDGE_LOOP ( 'NONE', ( #5239, #8053, #10317, #6389 ) ) ;
#758 = ORIENTED_EDGE ( 'NONE', *, *, #5403, .F. ) ;
#759 = DIRECTION ( 'NONE',  ( -1.000000000000000000, 0.0000000000000000000, 0.0000000000000000000 ) ) ;
#760 = ORIENTED_EDGE ( 'NONE', *, *, #2811, .T. ) ;
#761 = VECTOR ( 'NONE', #3447, 1000.000000000000000 ) ;
#762 = LINE ( 'NONE', #1422, #3673 ) ;
#763 = VECTOR ( 'NONE', #6805, 1000.000000000000000 ) ;
#764 = CARTESIAN_POINT ( 'NONE',  ( 8.000000000000000000, 79.00000000000000000, -1.350000000000000089 ) ) ;
#765 = FACE_OUTER_BOUND ( 'NONE', #8881, .T. ) ;
#766 = EDGE_CURVE ( 'NONE', #9429, #9841, #8259, .T. ) ;
#767 = ADVANCED_FACE ( 'NONE', ( #9160 ), #6709, .F. ) ;
#768 = LINE ( 'NONE', #1539, #9510 ) ;
#769 = EDGE_CURVE ( 'NONE', #4859, #9372, #2466, .T. ) ;
#770 = VECTOR ( 'NONE', #7498, 1000.000000000000000 ) ;
#771 = CARTESIAN_POINT ( 'NONE',  ( 18.55166797165685111, 2.000000000000000000, 0.8000000000000000444 ) ) ;
#772 = ORIENTED_EDGE ( 'NONE', *, *, #2179, .T. ) ;
#773 = EDGE_LOOP ( 'NONE', ( #4162, #743, #6587, #3903 ) ) ;
#774 = DIRECTION ( 'NONE',  ( 0.0000000000000000000, 0.0000000000000000000, -1.000000000000000000 ) ) ;
#775 = SURFACE_STYLE_FILL_AREA ( #9925 ) ;
#776 = PLANE ( 'NONE',  #2904 ) ;
#777 = CARTESIAN_POINT ( 'NONE',  ( 11.40166797165682055, 0.5500000000000000444, 0.8180000000000000604 ) ) ;
#778 = AXIS2_PLACEMENT_3D ( 'NONE', #9224, #904, #9281 ) ;
#779 = CARTESIAN_POINT ( 'NONE',  ( 13.65166797165682055, 0.5500000000000000444, 0.0000000000000000000 ) ) ;
#780 = EDGE_CURVE ( 'NONE', #4104, #8158, #1768, .T. ) ;
#781 = EDGE_LOOP ( 'NONE', ( #4261, #6173, #977, #1108 ) ) ;
#782 = LINE ( 'NONE', #5582, #9195 ) ;
#783 = EDGE_CURVE ( 'NONE', #8164, #4839, #8152, .T. ) ;
#784 = DIRECTION ( 'NONE',  ( -1.000000000000000000, 0.0000000000000000000, 0.0000000000000000000 ) ) ;
#785 = ORIENTED_EDGE ( 'NONE', *, *, #4334, .F. ) ;
#786 = CARTESIAN_POINT ( 'NONE',  ( 12.55166797165681913, 2.000000000000000000, 0.8180000000000000604 ) ) ;
#787 = VERTEX_POINT ( 'NONE', #9853 ) ;
#788 = CARTESIAN_POINT ( 'NONE',  ( 11.65166797165682055, 0.5500000000000000444, 0.0000000000000000000 ) ) ;
#789 = CARTESIAN_POINT ( 'NONE',  ( 7.901667971656829437, 0.5500000000000000444, 0.8180000000000000604 ) ) ;
#790 = EDGE_CURVE ( 'NONE', #7141, #2101, #4172, .T. ) ;
#791 = CARTESIAN_POINT ( 'NONE',  ( 0.0000000000000000000, 0.0000000000000000000, -0.01800000000000000211 ) ) ;
#792 =( NAMED_UNIT ( * ) SI_UNIT ( $, .STERADIAN. ) SOLID_ANGLE_UNIT ( ) );
#793 = ORIENTED_EDGE ( 'NONE', *, *, #2323, .T. ) ;
#794 = DIRECTION ( 'NONE',  ( -1.000000000000000000, 0.0000000000000000000, 0.0000000000000000000 ) ) ;
#795 = EDGE_LOOP ( 'NONE', ( #2825, #2653, #9312, #9529 ) ) ;
#796 = LINE ( 'NONE', #2431, #6291 ) ;
#797 = CARTESIAN_POINT ( 'NONE',  ( 0.5749999999999999556, 0.2999999999999954925, 0.8000000000000000444 ) ) ;
#798 = ORIENTED_EDGE ( 'NONE', *, *, #10033, .T. ) ;
#799 = PLANE ( 'NONE',  #5960 ) ;
#800 = LINE ( 'NONE', #7427, #2494 ) ;
#801 = CARTESIAN_POINT ( 'NONE',  ( 19.55166797165679782, 2.000000000000000000, 0.8180000000000000604 ) ) ;
#802 = VECTOR ( 'NONE', #10261, 1000.000000000000000 ) ;
#803 = CARTESIAN_POINT ( 'NONE',  ( 18.30166797165680137, 0.5500000000000000444, 0.0000000000000000000 ) ) ;
#804 = ADVANCED_FACE ( 'NONE', ( #2679 ), #7356, .F. ) ;
#805 = DIRECTION ( 'NONE',  ( -1.000000000000000000, 0.0000000000000000000, 0.0000000000000000000 ) ) ;
#806 = CARTESIAN_POINT ( 'NONE',  ( 18.05166797165684756, 2.000000000000000000, 0.8180000000000000604 ) ) ;
#807 = VERTEX_POINT ( 'NONE', #10602 ) ;
#808 = VECTOR ( 'NONE', #5113, 1000.000000000000000 ) ;
#809 = ORIENTED_EDGE ( 'NONE', *, *, #3934, .F. ) ;
#810 = AXIS2_PLACEMENT_3D ( 'NONE', #6867, #9426, #2791 ) ;
#811 = VERTEX_POINT ( 'NONE', #3280 ) ;
#812 = FACE_BOUND ( 'NONE', #6862, .T. ) ;
#813 = ORIENTED_EDGE ( 'NONE', *, *, #711, .F. ) ;
#814 = DIRECTION ( 'NONE',  ( 0.0000000000000000000, -1.000000000000000000, 0.0000000000000000000 ) ) ;
#815 = VECTOR ( 'NONE', #9799, 1000.000000000000000 ) ;
#816 = VERTEX_POINT ( 'NONE', #9959 ) ;
#817 = AXIS2_PLACEMENT_3D ( 'NONE', #4926, #7400, #885 ) ;
#818 = LINE ( 'NONE', #6478, #10171 ) ;
#819 = CARTESIAN_POINT ( 'NONE',  ( 12.30166797165681913, 2.000000000000000000, -0.01800000000000000211 ) ) ;
#820 = CARTESIAN_POINT ( 'NONE',  ( 2.051667971656824907, 0.5499999999999900524, 0.8180000000000000604 ) ) ;
#821 = AXIS2_PLACEMENT_3D ( 'NONE', #50, #3395, #9181 ) ;
#822 = AXIS2_PLACEMENT_3D ( 'NONE', #7431, #10029, #2699 ) ;
#823 = ORIENTED_EDGE ( 'NONE', *, *, #9706, .T. ) ;
#824 = ORIENTED_EDGE ( 'NONE', *, *, #1722, .T. ) ;
#825 = CARTESIAN_POINT ( 'NONE',  ( 2.301667971656824907, 2.000000000000000000, -0.01800000000000000211 ) ) ;
#826 = AXIS2_PLACEMENT_3D ( 'NONE', #5100, #1878, #1821 ) ;
#827 = ADVANCED_FACE ( 'NONE', ( #2625 ), #5952, .F. ) ;
#828 = PLANE ( 'NONE',  #5266 ) ;
#829 = DIRECTION ( 'NONE',  ( 0.0000000000000000000, -1.000000000000000000, 0.0000000000000000000 ) ) ;
#830 = ADVANCED_FACE ( 'NONE', ( #9004 ), #1656, .F. ) ;
#831 = AXIS2_PLACEMENT_3D ( 'NONE', #7798, #10240, #2917 ) ;
#832 = PLANE ( 'NONE',  #9601 ) ;
#833 = VECTOR ( 'NONE', #3702, 1000.000000000000000 ) ;
#834 = SURFACE_SIDE_STYLE ('',( #7507 ) ) ;
#835 = VERTEX_POINT ( 'NONE', #9055 ) ;
#836 = CARTESIAN_POINT ( 'NONE',  ( 19.90166797165684542, 2.000000000000000000, 0.8180000000000000604 ) ) ;
#837 = CARTESIAN_POINT ( 'NONE',  ( 3.901667971656824996, 2.000000000000000000, 0.8180000000000000604 ) ) ;
#838 = ORIENTED_EDGE ( 'NONE', *, *, #9839, .T. ) ;
#839 = CARTESIAN_POINT ( 'NONE',  ( 12.90166797165682055, 0.5500000000000000444, 0.8180000000000000604 ) ) ;
#840 = AXIS2_PLACEMENT_3D ( 'NONE', #1606, #9060, #4175 ) ;
#841 = VECTOR ( 'NONE', #5360, 1000.000000000000000 ) ;
#842 = ORIENTED_EDGE ( 'NONE', *, *, #7693, .F. ) ;
#843 = LINE ( 'NONE', #7461, #3194 ) ;
#844 = EDGE_CURVE ( 'NONE', #3157, #2413, #8204, .T. ) ;
#845 = EDGE_CURVE ( 'NONE', #8790, #8576, #895, .T. ) ;
#846 = PLANE ( 'NONE',  #7890 ) ;
#847 = EDGE_CURVE ( 'NONE', #9635, #3220, #195, .T. ) ;
#848 = CARTESIAN_POINT ( 'NONE',  ( 13.99998333328701960, 79.99000000000000909, 2.149999999999999911 ) ) ;
#849 = FACE_OUTER_BOUND ( 'NONE', #3199, .T. ) ;
#850 = EDGE_LOOP ( 'NONE', ( #6401, #2879, #9280, #6155 ) ) ;
#851 = PLANE ( 'NONE',  #9618 ) ;
#852 = VERTEX_POINT ( 'NONE', #6656 ) ;
#853 = VECTOR ( 'NONE', #899, 1000.000000000000000 ) ;
#854 = AXIS2_PLACEMENT_3D ( 'NONE', #8795, #6281, #2412 ) ;
#855 = DIRECTION ( 'NONE',  ( 0.0000000000000000000, 0.0000000000000000000, 1.000000000000000000 ) ) ;
#856 = ORIENTED_EDGE ( 'NONE', *, *, #8318, .T. ) ;
#857 = DIRECTION ( 'NONE',  ( 0.0000000000000000000, 0.0000000000000000000, 1.000000000000000000 ) ) ;
#858 = CARTESIAN_POINT ( 'NONE',  ( 12.65166797165682055, 0.5500000000000000444, -0.01800000000000000211 ) ) ;
#859 = EDGE_CURVE ( 'NONE', #2317, #884, #34, .T. ) ;
#860 = EDGE_CURVE ( 'NONE', #4969, #3651, #1711, .T. ) ;
#861 = DIRECTION ( 'NONE',  ( 0.0000000000000000000, 0.0000000000000000000, 1.000000000000000000 ) ) ;
#862 = CARTESIAN_POINT ( 'NONE',  ( 7.651667971656829437, 2.000000000000000000, 0.0000000000000000000 ) ) ;
#863 = VECTOR ( 'NONE', #1163, 1000.000000000000000 ) ;
#864 = LINE ( 'NONE', #1839, #1712 ) ;
#865 = CARTESIAN_POINT ( 'NONE',  ( 2.651667971656824996, 2.000000000000000000, -0.01800000000000000211 ) ) ;
#866 = DIRECTION ( 'NONE',  ( 0.0000000000000000000, 1.000000000000000000, 0.0000000000000000000 ) ) ;
#867 = ORIENTED_EDGE ( 'NONE', *, *, #7286, .T. ) ;
#868 = EDGE_CURVE ( 'NONE', #3255, #9876, #3481, .T. ) ;
#869 = VECTOR ( 'NONE', #2485, 1000.000000000000000 ) ;
#870 = EDGE_LOOP ( 'NONE', ( #3541, #456, #6139, #4775 ) ) ;
#871 = ORIENTED_EDGE ( 'NONE', *, *, #1198, .T. ) ;
#872 = FACE_OUTER_BOUND ( 'NONE', #8267, .T. ) ;
#873 = ORIENTED_EDGE ( 'NONE', *, *, #10473, .T. ) ;
#874 = CARTESIAN_POINT ( 'NONE',  ( 18.15166797165684898, 0.5500000000000000444, -0.01800000000000000211 ) ) ;
#875 = CARTESIAN_POINT ( 'NONE',  ( 18.65166797165684898, 2.000000000000000000, 0.0000000000000000000 ) ) ;
#876 = VECTOR ( 'NONE', #1462, 1000.000000000000000 ) ;
#877 =( GEOMETRIC_REPRESENTATION_CONTEXT ( 3 ) GLOBAL_UNCERTAINTY_ASSIGNED_CONTEXT ( ( #30 ) ) GLOBAL_UNIT_ASSIGNED_CONTEXT ( ( #1014, #252, #1067 ) ) REPRESENTATION_CONTEXT ( 'NONE', 'WORKASPACE' ) );
#878 = EDGE_LOOP ( 'NONE', ( #10034, #2148, #8603, #8322 ) ) ;
#879 = DIRECTION ( 'NONE',  ( 1.000000000000000000, 0.0000000000000000000, 0.0000000000000000000 ) ) ;
#880 = FACE_OUTER_BOUND ( 'NONE', #8057, .T. ) ;
#881 = DIRECTION ( 'NONE',  ( 1.000000000000000000, 0.0000000000000000000, 0.0000000000000000000 ) ) ;
#882 = PRESENTATION_STYLE_ASSIGNMENT (( #9790 ) ) ;
#883 = VERTEX_POINT ( 'NONE', #9111 ) ;
#884 = VERTEX_POINT ( 'NONE', #951 ) ;
#885 = DIRECTION ( 'NONE',  ( 0.0000000000000000000, 1.000000000000000000, 0.0000000000000000000 ) ) ;
#886 = LINE ( 'NONE', #4165, #6124 ) ;
#887 = FACE_OUTER_BOUND ( 'NONE', #6243, .T. ) ;
#888 = CARTESIAN_POINT ( 'NONE',  ( 11.40166797165682055, 2.000000000000000000, 0.8180000000000000604 ) ) ;
#889 = EDGE_LOOP ( 'NONE', ( #9728, #5397, #3706, #674 ) ) ;
#890 = UNCERTAINTY_MEASURE_WITH_UNIT (LENGTH_MEASURE( 1.000000000000000082E-05 ), #9253, 'distance_accuracy_value', 'NONE');
#891 = CARTESIAN_POINT ( 'NONE',  ( 6.651667971656819667, 0.5500000000000000444, 0.0000000000000000000 ) ) ;
#892 = EDGE_CURVE ( 'NONE', #4018, #6761, #6753, .T. ) ;
#893 = FACE_OUTER_BOUND ( 'NONE', #3989, .T. ) ;
#894 = ORIENTED_EDGE ( 'NONE', *, *, #3473, .T. ) ;
#895 = LINE ( 'NONE', #4126, #2062 ) ;
#896 = VERTEX_POINT ( 'NONE', #1061 ) ;
#897 = LINE ( 'NONE', #3282, #7818 ) ;
#898 = PLANE ( 'NONE',  #504 ) ;
#899 = DIRECTION ( 'NONE',  ( 0.0000000000000000000, -1.000000000000000000, 0.0000000000000000000 ) ) ;
#900 = CARTESIAN_POINT ( 'NONE',  ( 9.301667971656820910, 0.5500000000000000444, 0.0000000000000000000 ) ) ;
#901 = VERTEX_POINT ( 'NONE', #5363 ) ;
#902 = DIRECTION ( 'NONE',  ( -1.124211620330683869E-15, -0.9396926207859108704, -0.3420201433256619405 ) ) ;
#903 = ORIENTED_EDGE ( 'NONE', *, *, #8989, .F. ) ;
#904 = DIRECTION ( 'NONE',  ( -1.000000000000000000, 0.0000000000000000000, 0.0000000000000000000 ) ) ;
#905 = EDGE_CURVE ( 'NONE', #8842, #1602, #7615, .T. ) ;
#906 = EDGE_CURVE ( 'NONE', #8105, #4093, #9373, .T. ) ;
#907 = EDGE_CURVE ( 'NONE', #5213, #29, #8631, .T. ) ;
#908 = LINE ( 'NONE', #2586, #9351 ) ;
#909 = VERTEX_POINT ( 'NONE', #8519 ) ;
#910 = CARTESIAN_POINT ( 'NONE',  ( 13.30166797165682091, 2.000000000000000000, -0.01800000000000000211 ) ) ;
#911 = LINE ( 'NONE', #3604, #4897 ) ;
#912 = DIRECTION ( 'NONE',  ( 0.0000000000000000000, 0.0000000000000000000, 1.000000000000000000 ) ) ;
#913 = DIRECTION ( 'NONE',  ( 1.000000000000000000, 0.0000000000000000000, 0.0000000000000000000 ) ) ;
#914 = DIRECTION ( 'NONE',  ( 0.0000000000000000000, 0.0000000000000000000, 1.000000000000000000 ) ) ;
#915 = PLANE ( 'NONE',  #9570 ) ;
#916 = LINE ( 'NONE', #7588, #1396 ) ;
#917 = ORIENTED_EDGE ( 'NONE', *, *, #2927, .F. ) ;
#918 = EDGE_CURVE ( 'NONE', #8978, #8877, #4387, .T. ) ;
#919 = EDGE_CURVE ( 'NONE', #280, #6954, #5205, .T. ) ;
#920 = AXIS2_PLACEMENT_3D ( 'NONE', #2710, #115, #5128 ) ;
#921 = EDGE_CURVE ( 'NONE', #10037, #9317, #10170, .T. ) ;
#922 = ORIENTED_EDGE ( 'NONE', *, *, #307, .T. ) ;
#923 = COLOUR_RGB ( '',0.1019607843137254888, 0.1019607843137254888, 0.1019607843137254888 ) ;
#924 = VERTEX_POINT ( 'NONE', #5257 ) ;
#925 = CARTESIAN_POINT ( 'NONE',  ( 2.301667971656824907, 0.5500000000000000444, -0.01800000000000000211 ) ) ;
#926 = ORIENTED_EDGE ( 'NONE', *, *, #4875, .T. ) ;
#927 = FACE_OUTER_BOUND ( 'NONE', #2332, .T. ) ;
#928 = VECTOR ( 'NONE', #5240, 1000.000000000000000 ) ;
#929 = EDGE_CURVE ( 'NONE', #6482, #5979, #6172, .T. ) ;
#930 = EDGE_LOOP ( 'NONE', ( #1154, #10199, #3724, #5578 ) ) ;
#931 = DIRECTION ( 'NONE',  ( 0.0000000000000000000, 0.0000000000000000000, 1.000000000000000000 ) ) ;
#932 = DIRECTION ( 'NONE',  ( 1.000000000000000000, 0.0000000000000000000, 0.0000000000000000000 ) ) ;
#933 = PLANE ( 'NONE',  #3360 ) ;
#934 = AXIS2_PLACEMENT_3D ( 'NONE', #7148, #10394, #1500 ) ;
#935 = FILL_AREA_STYLE_COLOUR ( '', #285 ) ;
#936 = ORIENTED_EDGE ( 'NONE', *, *, #1575, .T. ) ;
#937 = VERTEX_POINT ( 'NONE', #6924 ) ;
#938 = AXIS2_PLACEMENT_3D ( 'NONE', #3913, #2361, #7197 ) ;
#939 = CARTESIAN_POINT ( 'NONE',  ( 19.55166797165679782, 2.000000000000000000, 0.8180000000000000604 ) ) ;
#940 = CARTESIAN_POINT ( 'NONE',  ( 13.65166797165682055, 2.000000000000000000, 0.0000000000000000000 ) ) ;
#941 = CARTESIAN_POINT ( 'NONE',  ( 0.0000000000000000000, 0.0000000000000000000, -0.01800000000000000211 ) ) ;
#942 = AXIS2_PLACEMENT_3D ( 'NONE', #2226, #6467, #1461 ) ;
#943 = CARTESIAN_POINT ( 'NONE',  ( 11.30166797165682091, 0.5500000000000000444, -0.01800000000000000211 ) ) ;
#944 = DIRECTION ( 'NONE',  ( 0.0000000000000000000, 0.0000000000000000000, 1.000000000000000000 ) ) ;
#945 = VECTOR ( 'NONE', #9632, 1000.000000000000000 ) ;
#946 = ORIENTED_EDGE ( 'NONE', *, *, #8037, .T. ) ;
#947 = VECTOR ( 'NONE', #2948, 1000.000000000000000 ) ;
#948 = DIRECTION ( 'NONE',  ( 1.000000000000000000, 0.0000000000000000000, 0.0000000000000000000 ) ) ;
#949 = CARTESIAN_POINT ( 'NONE',  ( 8.000016666712959079, 79.99000000000000909, 2.149999999999999911 ) ) ;
#950 = ORIENTED_EDGE ( 'NONE', *, *, #4393, .F. ) ;
#951 = CARTESIAN_POINT ( 'NONE',  ( 13.65166797165682055, 0.5500000000000000444, 0.0000000000000000000 ) ) ;
#952 = ORIENTED_EDGE ( 'NONE', *, *, #5326, .T. ) ;
#953 = FILL_AREA_STYLE_COLOUR ( '', #228 ) ;
#954 = VECTOR ( 'NONE', #3764, 1000.000000000000000 ) ;
#955 = PLANE ( 'NONE',  #5488 ) ;
#956 = FACE_OUTER_BOUND ( 'NONE', #2253, .T. ) ;
#957 = CARTESIAN_POINT ( 'NONE',  ( 11.05166797165682091, 2.000000000000000000, 0.8180000000000000604 ) ) ;
#958 = VERTEX_POINT ( 'NONE', #3532 ) ;
#959 = AXIS2_PLACEMENT_3D ( 'NONE', #7628, #2002, #7847 ) ;
#960 = DIRECTION ( 'NONE',  ( -1.000000000000000000, 0.0000000000000000000, 0.0000000000000000000 ) ) ;
#961 = EDGE_LOOP ( 'NONE', ( #2016, #9854, #2426, #4485 ) ) ;
#962 = CARTESIAN_POINT ( 'NONE',  ( 2.151667971656824996, 2.000000000000000000, 0.0000000000000000000 ) ) ;
#963 = VECTOR ( 'NONE', #10216, 1000.000000000000000 ) ;
#964 = VERTEX_POINT ( 'NONE', #3696 ) ;
#965 = EDGE_LOOP ( 'NONE', ( #2489, #1592, #9112, #8030 ) ) ;
#966 = CARTESIAN_POINT ( 'NONE',  ( 0.0000000000000000000, 0.0000000000000000000, 0.8180000000000000604 ) ) ;
#967 = VECTOR ( 'NONE', #997, 1000.000000000000000 ) ;
#968 = DIRECTION ( 'NONE',  ( 1.000000000000000000, 0.0000000000000000000, 0.0000000000000000000 ) ) ;
#969 = FACE_OUTER_BOUND ( 'NONE', #1221, .T. ) ;
#970 = CARTESIAN_POINT ( 'NONE',  ( 18.05166797165684756, 2.000000000000000000, 0.8180000000000000604 ) ) ;
#971 = EDGE_CURVE ( 'NONE', #8723, #10294, #4445, .T. ) ;
#972 = SURFACE_STYLE_USAGE ( .BOTH. , #1737 ) ;
#973 = EDGE_CURVE ( 'NONE', #5611, #3369, #1273, .T. ) ;
#974 = DIRECTION ( 'NONE',  ( -0.0000000000000000000, 1.000000000000000000, 0.0000000000000000000 ) ) ;
#975 = EDGE_CURVE ( 'NONE', #7159, #1128, #7728, .T. ) ;
#976 = CARTESIAN_POINT ( 'NONE',  ( 9.551667971656829792, 2.000000000000000000, 0.8000000000000000444 ) ) ;
#977 = ORIENTED_EDGE ( 'NONE', *, *, #2061, .F. ) ;
#978 = EDGE_LOOP ( 'NONE', ( #4012, #4202, #4363, #1668 ) ) ;
#979 = VECTOR ( 'NONE', #179, 1000.000000000000000 ) ;
#980 = ORIENTED_EDGE ( 'NONE', *, *, #8211, .T. ) ;
#981 = FACE_BOUND ( 'NONE', #5028, .T. ) ;
#982 = VERTEX_POINT ( 'NONE', #3644 ) ;
#983 = CARTESIAN_POINT ( 'NONE',  ( 15.40166797165684898, 2.000000000000000000, 0.8000000000000000444 ) ) ;
#984 = EDGE_CURVE ( 'NONE', #4910, #2650, #2954, .T. ) ;
#985 = AXIS2_PLACEMENT_3D ( 'NONE', #10513, #3244, #4037 ) ;
#986 = ADVANCED_FACE ( 'NONE', ( #2844 ), #8578, .F. ) ;
#987 = ADVANCED_FACE ( 'NONE', ( #2896 ), #8464, .F. ) ;
#988 = ORIENTED_EDGE ( 'NONE', *, *, #4545, .F. ) ;
#989 = AXIS2_PLACEMENT_3D ( 'NONE', #8596, #8643, #5217 ) ;
#990 =( NAMED_UNIT ( * ) PLANE_ANGLE_UNIT ( ) SI_UNIT ( $, .RADIAN. ) );
#991 = CARTESIAN_POINT ( 'NONE',  ( 21.99500000000000099, 4.009999999999999787, 2.149999999999999911 ) ) ;
#992 = DIRECTION ( 'NONE',  ( 1.000000000000000000, 0.0000000000000000000, 0.0000000000000000000 ) ) ;
#993 = CARTESIAN_POINT ( 'NONE',  ( 9.151667971656820555, 0.5500000000000000444, -0.01800000000000000211 ) ) ;
#994 = ORIENTED_EDGE ( 'NONE', *, *, #9887, .F. ) ;
#995 = ORIENTED_EDGE ( 'NONE', *, *, #4521, .T. ) ;
#996 = DIRECTION ( 'NONE',  ( 0.0000000000000000000, 0.0000000000000000000, 1.000000000000000000 ) ) ;
#997 = DIRECTION ( 'NONE',  ( 0.0000000000000000000, -1.000000000000000000, 0.0000000000000000000 ) ) ;
#998 = VECTOR ( 'NONE', #9099, 1000.000000000000000 ) ;
#999 = CARTESIAN_POINT ( 'NONE',  ( 12.65166797165682055, 2.000000000000000000, -0.01800000000000000211 ) ) ;
#1000 = DIRECTION ( 'NONE',  ( 0.0000000000000000000, 0.0000000000000000000, -1.000000000000000000 ) ) ;
#1001 = ORIENTED_EDGE ( 'NONE', *, *, #6833, .T. ) ;
#1002 = VECTOR ( 'NONE', #1151, 1000.000000000000000 ) ;
#1003 = UNCERTAINTY_MEASURE_WITH_UNIT (LENGTH_MEASURE( 1.000000000000000082E-05 ), #5098, 'distance_accuracy_value', 'NONE');
#1004 = CARTESIAN_POINT ( 'NONE',  ( 10.55166797165681913, 0.5500000000000000444, 0.8000000000000000444 ) ) ;
#1005 = EDGE_CURVE ( 'NONE', #1157, #9919, #6062, .T. ) ;
#1006 = EDGE_LOOP ( 'NONE', ( #1485, #2003, #2987, #6945 ) ) ;
#1007 = DIRECTION ( 'NONE',  ( 0.0000000000000000000, 1.000000000000000000, 0.0000000000000000000 ) ) ;
#1008 = ORIENTED_EDGE ( 'NONE', *, *, #3620, .F. ) ;
#1009 = VECTOR ( 'NONE', #3137, 1000.000000000000000 ) ;
#1010 = VECTOR ( 'NONE', #2294, 1000.000000000000000 ) ;
#1011 = DIRECTION ( 'NONE',  ( 0.0000000000000000000, 0.0000000000000000000, -1.000000000000000000 ) ) ;
#1012 = CARTESIAN_POINT ( 'NONE',  ( 12.40166797165682055, 2.000000000000000000, 0.8180000000000000604 ) ) ;
#1013 = EDGE_LOOP ( 'NONE', ( #294, #9739, #1623, #7319 ) ) ;
#1014 =( LENGTH_UNIT ( ) NAMED_UNIT ( * ) SI_UNIT ( .MILLI., .METRE. ) );
#1015 = ORIENTED_EDGE ( 'NONE', *, *, #3822, .F. ) ;
#1016 = CARTESIAN_POINT ( 'NONE',  ( 5.451667971656830147, 2.899999999999999911, 0.8000000000000000444 ) ) ;
#1017 = AXIS2_PLACEMENT_3D ( 'NONE', #2009, #5331, #7852 ) ;
#1018 = AXIS2_PLACEMENT_3D ( 'NONE', #8526, #2795, #1994 ) ;
#1019 = CARTESIAN_POINT ( 'NONE',  ( 14.65166797165682055, 2.000000000000000000, 0.0000000000000000000 ) ) ;
#1020 = VERTEX_POINT ( 'NONE', #6224 ) ;
#1021 = PLANE ( 'NONE',  #8709 ) ;
#1022 = LINE ( 'NONE', #9019, #4554 ) ;
#1023 = LINE ( 'NONE', #7530, #10226 ) ;
#1024 = CARTESIAN_POINT ( 'NONE',  ( 18.05166797165684756, 0.5500000000000000444, 0.8000000000000000444 ) ) ;
#1025 = DIRECTION ( 'NONE',  ( 1.000000000000000000, 0.0000000000000000000, 0.0000000000000000000 ) ) ;
#1026 = DIRECTION ( 'NONE',  ( 3.097720492815730124E-16, 1.000000000000000000, 0.0000000000000000000 ) ) ;
#1027 = VECTOR ( 'NONE', #6027, 1000.000000000000000 ) ;
#1028 = CARTESIAN_POINT ( 'NONE',  ( 14.65166797165682055, 2.000000000000000000, -0.01800000000000000211 ) ) ;
#1029 = VERTEX_POINT ( 'NONE', #9477 ) ;
#1030 = ORIENTED_EDGE ( 'NONE', *, *, #7940, .T. ) ;
#1031 = EDGE_CURVE ( 'NONE', #3380, #5491, #7836, .T. ) ;
#1032 = ORIENTED_EDGE ( 'NONE', *, *, #8522, .F. ) ;
#1033 = LINE ( 'NONE', #2707, #4022 ) ;
#1034 = ORIENTED_EDGE ( 'NONE', *, *, #907, .F. ) ;
#1035 = VECTOR ( 'NONE', #5134, 1000.000000000000000 ) ;
#1036 = CARTESIAN_POINT ( 'NONE',  ( 10.90166797165682055, 2.000000000000000000, 0.8000000000000000444 ) ) ;
#1037 = FACE_OUTER_BOUND ( 'NONE', #1204, .T. ) ;
#1038 = ORIENTED_EDGE ( 'NONE', *, *, #6758, .T. ) ;
#1039 = VECTOR ( 'NONE', #343, 1000.000000000000000 ) ;
#1040 = CARTESIAN_POINT ( 'NONE',  ( 8.801667971656820910, 2.000000000000000000, -0.01800000000000000211 ) ) ;
#1041 = VECTOR ( 'NONE', #6297, 1000.000000000000000 ) ;
#1042 = EDGE_CURVE ( 'NONE', #937, #2530, #5154, .T. ) ;
#1043 = EDGE_CURVE ( 'NONE', #4895, #3326, #6388, .T. ) ;
#1044 = LINE ( 'NONE', #5994, #7168 ) ;
#1045 = ADVANCED_FACE ( 'NONE', ( #7987 ), #7887, .F. ) ;
#1046 = ORIENTED_EDGE ( 'NONE', *, *, #3095, .F. ) ;
#1047 = EDGE_LOOP ( 'NONE', ( #732, #226, #6929, #1850 ) ) ;
#1048 = PLANE ( 'NONE',  #3285 ) ;
#1049 = DIRECTION ( 'NONE',  ( -1.391675472103334055E-16, -1.000000000000000000, 0.0000000000000000000 ) ) ;
#1050 = VECTOR ( 'NONE', #5862, 1000.000000000000000 ) ;
#1051 = CARTESIAN_POINT ( 'NONE',  ( 8.901667971656829437, 2.000000000000000000, 0.8000000000000000444 ) ) ;
#1052 = CARTESIAN_POINT ( 'NONE',  ( 8.401667971656829437, 2.000000000000000000, 0.8180000000000000604 ) ) ;
#1053 = CARTESIAN_POINT ( 'NONE',  ( 6.151667971656830325, 0.5500000000000000444, 0.0000000000000000000 ) ) ;
#1054 = VERTEX_POINT ( 'NONE', #3962 ) ;
#1055 = DIRECTION ( 'NONE',  ( 0.0000000000000000000, 1.000000000000000000, 0.0000000000000000000 ) ) ;
#1056 = ADVANCED_FACE ( 'NONE', ( #2355 ), #5520, .F. ) ;
#1057 = ADVANCED_FACE ( 'NONE', ( #10489 ), #7184, .F. ) ;
#1058 = CARTESIAN_POINT ( 'NONE',  ( 7.801667971656819134, 2.000000000000000000, -0.01800000000000000211 ) ) ;
#1059 = ADVANCED_FACE ( 'NONE', ( #4773 ), #8045, .F. ) ;
#1060 = ORIENTED_EDGE ( 'NONE', *, *, #9706, .F. ) ;
#1061 = CARTESIAN_POINT ( 'NONE',  ( 15.05166797165684933, 2.000000000000000000, 0.8180000000000000604 ) ) ;
#1062 = VERTEX_POINT ( 'NONE', #3107 ) ;
#1063 = FACE_OUTER_BOUND ( 'NONE', #3273, .T. ) ;
#1064 = CARTESIAN_POINT ( 'NONE',  ( 6.901667971656829437, 0.5500000000000000444, 0.8000000000000000444 ) ) ;
#1065 = SURFACE_STYLE_USAGE ( .BOTH. , #9219 ) ;
#1066 = ORIENTED_EDGE ( 'NONE', *, *, #9630, .T. ) ;
#1067 =( NAMED_UNIT ( * ) SI_UNIT ( $, .STERADIAN. ) SOLID_ANGLE_UNIT ( ) );
#1068 = EDGE_CURVE ( 'NONE', #3630, #10534, #625, .T. ) ;
#1069 = ORIENTED_EDGE ( 'NONE', *, *, #2249, .T. ) ;
#1070 = CARTESIAN_POINT ( 'NONE',  ( 3.151667971656824996, 0.5500000000000000444, -0.01800000000000000211 ) ) ;
#1071 = DIRECTION ( 'NONE',  ( 0.0000000000000000000, -1.000000000000000000, 0.0000000000000000000 ) ) ;
#1072 = EDGE_LOOP ( 'NONE', ( #9040, #5849, #4870, #7050 ) ) ;
#1073 = DIRECTION ( 'NONE',  ( 0.0000000000000000000, 0.0000000000000000000, 1.000000000000000000 ) ) ;
#1074 = SURFACE_STYLE_USAGE ( .BOTH. , #3713 ) ;
#1075 = FACE_OUTER_BOUND ( 'NONE', #4676, .T. ) ;
#1076 = DIRECTION ( 'NONE',  ( 0.0000000000000000000, 0.0000000000000000000, 1.000000000000000000 ) ) ;
#1077 = DIRECTION ( 'NONE',  ( 1.000000000000000000, 0.0000000000000000000, 0.0000000000000000000 ) ) ;
#1078 = ORIENTED_EDGE ( 'NONE', *, *, #9655, .F. ) ;
#1079 = ORIENTED_EDGE ( 'NONE', *, *, #9877, .T. ) ;
#1080 = ORIENTED_EDGE ( 'NONE', *, *, #6071, .T. ) ;
#1081 = LINE ( 'NONE', #6897, #10176 ) ;
#1082 = ORIENTED_EDGE ( 'NONE', *, *, #5856, .F. ) ;
#1083 = DIRECTION ( 'NONE',  ( 0.0000000000000000000, 1.000000000000000000, 0.0000000000000000000 ) ) ;
#1084 = FACE_OUTER_BOUND ( 'NONE', #4123, .T. ) ;
#1085 = DIRECTION ( 'NONE',  ( 0.0000000000000000000, -1.000000000000000000, 0.0000000000000000000 ) ) ;
#1086 = ORIENTED_EDGE ( 'NONE', *, *, #2838, .T. ) ;
#1087 = CARTESIAN_POINT ( 'NONE',  ( 0.0000000000000000000, 0.0000000000000000000, 0.0000000000000000000 ) ) ;
#1088 = SURFACE_STYLE_FILL_AREA ( #6904 ) ;
#1089 = CARTESIAN_POINT ( 'NONE',  ( 0.0000000000000000000, 0.0000000000000000000, -0.01800000000000000211 ) ) ;
#1090 = ORIENTED_EDGE ( 'NONE', *, *, #4265, .F. ) ;
#1091 = ORIENTED_EDGE ( 'NONE', *, *, #8447, .T. ) ;
#1092 = DIRECTION ( 'NONE',  ( 0.0000000000000000000, 0.0000000000000000000, 1.000000000000000000 ) ) ;
#1093 = PRESENTATION_LAYER_ASSIGNMENT (  '', '', ( #8645 ) ) ;
#1094 = CARTESIAN_POINT ( 'NONE',  ( 2.151667971656824996, 2.000000000000000000, -0.01800000000000000211 ) ) ;
#1095 = AXIS2_PLACEMENT_3D ( 'NONE', #7163, #4804, #3987 ) ;
#1096 = LINE ( 'NONE', #4378, #5652 ) ;
#1097 = EDGE_CURVE ( 'NONE', #6804, #710, #5414, .T. ) ;
#1098 = EDGE_CURVE ( 'NONE', #8077, #9327, #1486, .T. ) ;
#1099 = ADVANCED_FACE ( 'NONE', ( #3806 ), #7083, .F. ) ;
#1100 = DIRECTION ( 'NONE',  ( 0.0000000000000000000, 0.0000000000000000000, -1.000000000000000000 ) ) ;
#1101 = CARTESIAN_POINT ( 'NONE',  ( 0.0000000000000000000, 0.0000000000000000000, 0.8180000000000000604 ) ) ;
#1102 = ORIENTED_EDGE ( 'NONE', *, *, #5265, .F. ) ;
#1103 = PLANE ( 'NONE',  #6982 ) ;
#1104 = VECTOR ( 'NONE', #8439, 1000.000000000000000 ) ;
#1105 = DIRECTION ( 'NONE',  ( 1.239088197126291803E-16, -1.000000000000000000, 0.0000000000000000000 ) ) ;
#1106 = ORIENTED_EDGE ( 'NONE', *, *, #10564, .T. ) ;
#1107 = DIRECTION ( 'NONE',  ( -1.369879028146991878E-16, 1.000000000000000000, 0.0000000000000000000 ) ) ;
#1108 = ORIENTED_EDGE ( 'NONE', *, *, #6305, .T. ) ;
#1109 = AXIS2_PLACEMENT_3D ( 'NONE', #8644, #6771, #2006 ) ;
#1110 = CARTESIAN_POINT ( 'NONE',  ( 15.30166797165684933, 2.000000000000000000, -0.01800000000000000211 ) ) ;
#1111 = ADVANCED_FACE ( 'NONE', ( #8845 ), #4668, .F. ) ;
#1113 = DIRECTION ( 'NONE',  ( -1.000000000000000000, 0.0000000000000000000, 0.0000000000000000000 ) ) ;
#1112 = VECTOR ( 'NONE', #881, 1000.000000000000000 ) ;
#1114 = ORIENTED_EDGE ( 'NONE', *, *, #8353, .F. ) ;
#1115 = EDGE_CURVE ( 'NONE', #4112, #10556, #8686, .T. ) ;
#1116 = CARTESIAN_POINT ( 'NONE',  ( 12.05166797165682091, 2.000000000000000000, 0.8000000000000000444 ) ) ;
#1117 = ORIENTED_EDGE ( 'NONE', *, *, #1434, .F. ) ;
#1118 = LINE ( 'NONE', #1070, #9352 ) ;
#1119 = CARTESIAN_POINT ( 'NONE',  ( 11.05166797165682091, 2.000000000000000000, 0.8180000000000000604 ) ) ;
#1120 = ORIENTED_EDGE ( 'NONE', *, *, #9785, .T. ) ;
#1121 = CARTESIAN_POINT ( 'NONE',  ( 5.801667971656820022, 0.5500000000000000444, -0.01800000000000000211 ) ) ;
#1122 = VECTOR ( 'NONE', #10272, 1000.000000000000000 ) ;
#1123 = EDGE_LOOP ( 'NONE', ( #7225, #9110, #8450, #8614 ) ) ;
#1124 = EDGE_CURVE ( 'NONE', #1770, #6761, #2198, .T. ) ;
#1125 = CARTESIAN_POINT ( 'NONE',  ( 20.92500000000000071, 3.500000000000000000, 0.8000000000000000444 ) ) ;
#1126 = LINE ( 'NONE', #1292, #6523 ) ;
#1127 = PLANE ( 'NONE',  #6369 ) ;
#1128 = VERTEX_POINT ( 'NONE', #5464 ) ;
#1129 = VECTOR ( 'NONE', #10067, 1000.000000000000000 ) ;
#1130 = CARTESIAN_POINT ( 'NONE',  ( 3.051667971656824907, 0.5500000000000000444, 0.8000000000000000444 ) ) ;
#1131 = VECTOR ( 'NONE', #7504, 1000.000000000000000 ) ;
#1132 = AXIS2_PLACEMENT_3D ( 'NONE', #3121, #2210, #4729 ) ;
#1133 = VERTEX_POINT ( 'NONE', #1326 ) ;
#1134 = ORIENTED_EDGE ( 'NONE', *, *, #3095, .T. ) ;
#1135 = EDGE_CURVE ( 'NONE', #4104, #253, #4614, .T. ) ;
#1136 =( LENGTH_UNIT ( ) NAMED_UNIT ( * ) SI_UNIT ( .MILLI., .METRE. ) );
#1137 = ORIENTED_EDGE ( 'NONE', *, *, #10021, .F. ) ;
#1138 = LINE ( 'NONE', #7699, #5860 ) ;
#1139 = LINE ( 'NONE', #10254, #9910 ) ;
#1140 = CARTESIAN_POINT ( 'NONE',  ( 2.051667971656824907, 2.000000000000000000, 0.8000000000000000444 ) ) ;
#1141 = ORIENTED_EDGE ( 'NONE', *, *, #4265, .T. ) ;
#1142 = SURFACE_STYLE_USAGE ( .BOTH. , #3625 ) ;
#1143 = FACE_OUTER_BOUND ( 'NONE', #8682, .T. ) ;
#1144 = VERTEX_POINT ( 'NONE', #3852 ) ;
#1145 = PLANE ( 'NONE',  #1280 ) ;
#1146 = ORIENTED_EDGE ( 'NONE', *, *, #7494, .T. ) ;
#1147 = LINE ( 'NONE', #3681, #1039 ) ;
#1148 = FACE_OUTER_BOUND ( 'NONE', #10600, .T. ) ;
#1149 = LINE ( 'NONE', #7829, #8973 ) ;
#1150 = VECTOR ( 'NONE', #3518, 1000.000000000000000 ) ;
#1151 = DIRECTION ( 'NONE',  ( 0.0000000000000000000, 0.0000000000000000000, -1.000000000000000000 ) ) ;
#1152 = LINE ( 'NONE', #1052, #2818 ) ;
#1153 = CARTESIAN_POINT ( 'NONE',  ( 18.15166797165684898, 2.000000000000000000, -0.01800000000000000211 ) ) ;
#1154 = ORIENTED_EDGE ( 'NONE', *, *, #583, .F. ) ;
#1155 = LINE ( 'NONE', #353, #9681 ) ;
#1156 = ADVANCED_FACE ( 'NONE', ( #2254 ), #7132, .F. ) ;
#1157 = VERTEX_POINT ( 'NONE', #9584 ) ;
#1158 = EDGE_LOOP ( 'NONE', ( #4365, #5124, #6809, #7313 ) ) ;
#1159 = CARTESIAN_POINT ( 'NONE',  ( 9.651667971656820555, 0.5500000000000000444, -0.01800000000000000211 ) ) ;
#1160 = EDGE_CURVE ( 'NONE', #7539, #3314, #8791, .T. ) ;
#1161 = ORIENTED_EDGE ( 'NONE', *, *, #3990, .T. ) ;
#1162 = CARTESIAN_POINT ( 'NONE',  ( 14.80166797165682091, 0.5500000000000000444, 0.0000000000000000000 ) ) ;
#1163 = DIRECTION ( 'NONE',  ( 0.0000000000000000000, -1.000000000000000000, 0.0000000000000000000 ) ) ;
#1164 = DIRECTION ( 'NONE',  ( 0.0000000000000000000, 1.000000000000000000, 0.0000000000000000000 ) ) ;
#1165 = AXIS2_PLACEMENT_3D ( 'NONE', #83, #9158, #3328 ) ;
#1166 = ORIENTED_EDGE ( 'NONE', *, *, #8482, .T. ) ;
#1167 = FACE_OUTER_BOUND ( 'NONE', #5412, .T. ) ;
#1168 = ORIENTED_EDGE ( 'NONE', *, *, #906, .F. ) ;
#1169 = VECTOR ( 'NONE', #1092, 1000.000000000000000 ) ;
#1170 = FACE_BOUND ( 'NONE', #10204, .T. ) ;
#1171 = CARTESIAN_POINT ( 'NONE',  ( 17.80166797165684756, 2.000000000000000000, 0.0000000000000000000 ) ) ;
#1172 = EDGE_CURVE ( 'NONE', #2545, #275, #8948, .T. ) ;
#1173 = EDGE_LOOP ( 'NONE', ( #1829, #1418, #6021, #1942 ) ) ;
#1174 = VECTOR ( 'NONE', #5288, 1000.000000000000000 ) ;
#1175 = ADVANCED_FACE ( 'NONE', ( #3370 ), #3469, .T. ) ;
#1176 = LINE ( 'NONE', #2162, #7875 ) ;
#1177 = VECTOR ( 'NONE', #3796, 1000.000000000000000 ) ;
#1178 = ADVANCED_FACE ( 'NONE', ( #4874 ), #1696, .F. ) ;
#1179 = CARTESIAN_POINT ( 'NONE',  ( 11.40166797165682055, 2.000000000000000000, 0.8180000000000000604 ) ) ;
#1180 = SURFACE_STYLE_FILL_AREA ( #1291 ) ;
#1181 = LINE ( 'NONE', #2165, #1872 ) ;
#1182 =( NAMED_UNIT ( * ) PLANE_ANGLE_UNIT ( ) SI_UNIT ( $, .RADIAN. ) );
#1183 = ORIENTED_EDGE ( 'NONE', *, *, #2723, .F. ) ;
#1184 = VECTOR ( 'NONE', #5318, 1000.000000000000000 ) ;
#1185 = CARTESIAN_POINT ( 'NONE',  ( 0.004999999999989870186, 79.99000000000000909, -1.350000000000000089 ) ) ;
#1186 = EDGE_CURVE ( 'NONE', #6830, #6836, #128, .T. ) ;
#1187 = ADVANCED_FACE ( 'NONE', ( #8352 ), #6536, .F. ) ;
#1188 = VERTEX_POINT ( 'NONE', #9741 ) ;
#1189 = ORIENTED_EDGE ( 'NONE', *, *, #3667, .F. ) ;
#1190 = CARTESIAN_POINT ( 'NONE',  ( 13.90166797165682055, 2.000000000000000000, 0.8000000000000000444 ) ) ;
#1191 = ORIENTED_EDGE ( 'NONE', *, *, #5021, .F. ) ;
#1192 = CARTESIAN_POINT ( 'NONE',  ( 18.40166797165684898, 2.000000000000000000, 0.8000000000000000444 ) ) ;
#1193 = VECTOR ( 'NONE', #4508, 1000.000000000000000 ) ;
#1194 = DIRECTION ( 'NONE',  ( 0.0000000000000000000, -1.000000000000000000, 0.0000000000000000000 ) ) ;
#1195 = DIRECTION ( 'NONE',  ( 0.0000000000000000000, 0.0000000000000000000, 1.000000000000000000 ) ) ;
#1196 = ORIENTED_EDGE ( 'NONE', *, *, #1780, .T. ) ;
#1197 = CARTESIAN_POINT ( 'NONE',  ( 12.65166797165682055, 2.000000000000000000, 0.0000000000000000000 ) ) ;
#1198 = EDGE_CURVE ( 'NONE', #6574, #1020, #7557, .T. ) ;
#1199 = AXIS2_PLACEMENT_3D ( 'NONE', #2984, #1412, #6251 ) ;
#1200 = PRESENTATION_LAYER_ASSIGNMENT (  '', '', ( #168 ) ) ;
#1201 = CARTESIAN_POINT ( 'NONE',  ( 0.5749999999999999556, 4.000000000000000000, 0.8000000000000000444 ) ) ;
#1202 = EDGE_LOOP ( 'NONE', ( #2911, #4771, #10389, #4444 ) ) ;
#1203 = LINE ( 'NONE', #1970, #928 ) ;
#1204 = EDGE_LOOP ( 'NONE', ( #8066, #2280, #3616, #2789 ) ) ;
#1205 = LINE ( 'NONE', #7771, #2265 ) ;
#1206 = DIRECTION ( 'NONE',  ( 0.0000000000000000000, 0.0000000000000000000, -1.000000000000000000 ) ) ;
#1207 = CARTESIAN_POINT ( 'NONE',  ( 20.05166797165679782, 2.000000000000000000, 0.8000000000000000444 ) ) ;
#1208 = DIRECTION ( 'NONE',  ( 0.0000000000000000000, 1.000000000000000000, 0.0000000000000000000 ) ) ;
#1209 = AXIS2_PLACEMENT_3D ( 'NONE', #5452, #9569, #1315 ) ;
#1210 = VECTOR ( 'NONE', #2540, 1000.000000000000000 ) ;
#1211 = CARTESIAN_POINT ( 'NONE',  ( 15.15166797165684898, 2.000000000000000000, 0.0000000000000000000 ) ) ;
#1212 = ORIENTED_EDGE ( 'NONE', *, *, #919, .T. ) ;
#1213 = UNCERTAINTY_MEASURE_WITH_UNIT (LENGTH_MEASURE( 1.000000000000000082E-05 ), #8774, 'distance_accuracy_value', 'NONE');
#1214 = DIRECTION ( 'NONE',  ( -1.000000000000000000, 0.0000000000000000000, 0.0000000000000000000 ) ) ;
#1215 = MECHANICAL_DESIGN_GEOMETRIC_PRESENTATION_REPRESENTATION (  '', ( #5170 ), #1741 ) ;
#1216 = CARTESIAN_POINT ( 'NONE',  ( 13.55166797165682091, 2.000000000000000000, 0.8180000000000000604 ) ) ;
#1217 = ORIENTED_EDGE ( 'NONE', *, *, #4355, .T. ) ;
#1218 = ORIENTED_EDGE ( 'NONE', *, *, #1436, .T. ) ;
#1219 = VECTOR ( 'NONE', #479, 1000.000000000000000 ) ;
#1220 = CARTESIAN_POINT ( 'NONE',  ( 12.55166797165681913, 2.000000000000000000, 0.8180000000000000604 ) ) ;
#1221 = EDGE_LOOP ( 'NONE', ( #8855, #2231, #5271, #3014 ) ) ;
#1222 = PLANE ( 'NONE',  #6140 ) ;
#1223 = LINE ( 'NONE', #6012, #3935 ) ;
#1224 = CARTESIAN_POINT ( 'NONE',  ( 21.99500000000000099, 79.99000000000000909, -1.350000000000000089 ) ) ;
#1225 = CARTESIAN_POINT ( 'NONE',  ( 13.15166797165682055, 2.000000000000000000, -0.01800000000000000211 ) ) ;
#1226 = ORIENTED_EDGE ( 'NONE', *, *, #6988, .F. ) ;
#1227 = FACE_OUTER_BOUND ( 'NONE', #8988, .T. ) ;
#1228 = VECTOR ( 'NONE', #8251, 1000.000000000000000 ) ;
#1229 = ORIENTED_EDGE ( 'NONE', *, *, #5513, .F. ) ;
#1230 = UNCERTAINTY_MEASURE_WITH_UNIT (LENGTH_MEASURE( 1.000000000000000082E-05 ), #8688, 'distance_accuracy_value', 'NONE');
#1231 = CARTESIAN_POINT ( 'NONE',  ( 0.0000000000000000000, 0.0000000000000000000, 0.8180000000000000604 ) ) ;
#1232 = CARTESIAN_POINT ( 'NONE',  ( 0.0000000000000000000, 0.0000000000000000000, -0.01800000000000000211 ) ) ;
#1233 = ORIENTED_EDGE ( 'NONE', *, *, #6109, .F. ) ;
#1234 = DIRECTION ( 'NONE',  ( 0.0000000000000000000, 0.0000000000000000000, -1.000000000000000000 ) ) ;
#1235 =( NAMED_UNIT ( * ) PLANE_ANGLE_UNIT ( ) SI_UNIT ( $, .RADIAN. ) );
#1236 = CARTESIAN_POINT ( 'NONE',  ( 11.65166797165682055, 0.5500000000000000444, -0.01800000000000000211 ) ) ;
#1237 = FACE_OUTER_BOUND ( 'NONE', #3866, .T. ) ;
#1238 = DIRECTION ( 'NONE',  ( 1.000000000000000000, 0.0000000000000000000, 0.0000000000000000000 ) ) ;
#1239 =( NAMED_UNIT ( * ) SI_UNIT ( $, .STERADIAN. ) SOLID_ANGLE_UNIT ( ) );
#1240 = STYLED_ITEM ( 'NONE', ( #1459 ), #2837 ) ;
#1241 = EDGE_CURVE ( 'NONE', #7526, #4666, #8187, .T. ) ;
#1242 = EDGE_CURVE ( 'NONE', #5741, #5223, #4055, .T. ) ;
#1243 = ORIENTED_EDGE ( 'NONE', *, *, #376, .F. ) ;
#1244 = EDGE_CURVE ( 'NONE', #3519, #3531, #5728, .T. ) ;
#1245 = CARTESIAN_POINT ( 'NONE',  ( 17.80166797165684756, 0.5500000000000000444, -0.01800000000000000211 ) ) ;
#1246 = VERTEX_POINT ( 'NONE', #939 ) ;
#1247 = ORIENTED_EDGE ( 'NONE', *, *, #8683, .F. ) ;
#1248 = DIRECTION ( 'NONE',  ( 0.0000000000000000000, -1.000000000000000000, 0.0000000000000000000 ) ) ;
#1249 = EDGE_LOOP ( 'NONE', ( #2796, #1323, #4810, #9740, #7085, #5844 ) ) ;
#1250 = DIRECTION ( 'NONE',  ( 1.000000000000000000, 0.0000000000000000000, 0.0000000000000000000 ) ) ;
#1251 = CARTESIAN_POINT ( 'NONE',  ( 20.92500000000000071, -3.851859888774469954E-31, 0.8000000000000000444 ) ) ;
#1252 = CARTESIAN_POINT ( 'NONE',  ( 14.40166797165682055, 2.000000000000000000, 0.8180000000000000604 ) ) ;
#1253 = EDGE_CURVE ( 'NONE', #4382, #7005, #9947, .T. ) ;
#1254 = ADVANCED_FACE ( 'NONE', ( #2408 ), #1593, .F. ) ;
#1255 = ORIENTED_EDGE ( 'NONE', *, *, #10079, .F. ) ;
#1256 = EDGE_CURVE ( 'NONE', #10287, #10610, #2612, .T. ) ;
#1257 = LINE ( 'NONE', #6847, #9015 ) ;
#1258 = DIRECTION ( 'NONE',  ( 1.000000000000000000, 0.0000000000000000000, 0.0000000000000000000 ) ) ;
#1259 = ORIENTED_EDGE ( 'NONE', *, *, #4730, .T. ) ;
#1260 = CARTESIAN_POINT ( 'NONE',  ( 20.92500000000000071, -3.851859888774469954E-31, 0.6908089297201439605 ) ) ;
#1261 = EDGE_LOOP ( 'NONE', ( #3841, #3030, #9916, #8032 ) ) ;
#1262 = CARTESIAN_POINT ( 'NONE',  ( 18.80166797165680137, 2.000000000000000000, -0.01800000000000000211 ) ) ;
#1263 = DIRECTION ( 'NONE',  ( 1.000000000000000000, -1.239088197126289880E-15, 0.0000000000000000000 ) ) ;
#1264 = ADVANCED_FACE ( 'NONE', ( #3321 ), #5785, .F. ) ;
#1265 = DIRECTION ( 'NONE',  ( 0.0000000000000000000, -1.000000000000000000, 0.0000000000000000000 ) ) ;
#1266 =( NAMED_UNIT ( * ) SI_UNIT ( $, .STERADIAN. ) SOLID_ANGLE_UNIT ( ) );
#1267 = CARTESIAN_POINT ( 'NONE',  ( 8.551667971656828016, 2.000000000000000000, 0.8180000000000000604 ) ) ;
#1268 = PLANE ( 'NONE',  #9348 ) ;
#1269 = CARTESIAN_POINT ( 'NONE',  ( 15.40166797165684898, 0.5500000000000000444, 0.8180000000000000604 ) ) ;
#1270 = VECTOR ( 'NONE', #9939, 1000.000000000000000 ) ;
#1271 = ORIENTED_EDGE ( 'NONE', *, *, #1997, .T. ) ;
#1272 = ORIENTED_EDGE ( 'NONE', *, *, #2277, .F. ) ;
#1273 = LINE ( 'NONE', #2041, #8029 ) ;
#1274 = AXIS2_PLACEMENT_3D ( 'NONE', #5147, #1000, #7562 ) ;
#1275 = ORIENTED_EDGE ( 'NONE', *, *, #6383, .F. ) ;
#1276 = FACE_OUTER_BOUND ( 'NONE', #9725, .T. ) ;
#1277 = LINE ( 'NONE', #7586, #7201 ) ;
#1278 = CARTESIAN_POINT ( 'NONE',  ( 15.40166797165684898, 2.000000000000000000, 0.8180000000000000604 ) ) ;
#1279 = DIRECTION ( 'NONE',  ( 0.0000000000000000000, 0.0000000000000000000, 1.000000000000000000 ) ) ;
#1280 = AXIS2_PLACEMENT_3D ( 'NONE', #8563, #9465, #2939 ) ;
#1281 = EDGE_LOOP ( 'NONE', ( #92, #6822, #662, #8965 ) ) ;
#1282 = CARTESIAN_POINT ( 'NONE',  ( 9.051667971656829792, 0.5500000000000000444, 0.8000000000000000444 ) ) ;
#1283 = ORIENTED_EDGE ( 'NONE', *, *, #1944, .F. ) ;
#1284 = FACE_BOUND ( 'NONE', #870, .T. ) ;
#1285 = DIRECTION ( 'NONE',  ( 0.0000000000000000000, -1.000000000000000000, 0.0000000000000000000 ) ) ;
#1286 = ORIENTED_EDGE ( 'NONE', *, *, #2903, .T. ) ;
#1287 = LINE ( 'NONE', #7681, #292 ) ;
#1288 = VECTOR ( 'NONE', #5114, 1000.000000000000000 ) ;
#1289 = FACE_OUTER_BOUND ( 'NONE', #1621, .T. ) ;
#1290 = AXIS2_PLACEMENT_3D ( 'NONE', #2622, #10054, #1818 ) ;
#1291 = FILL_AREA_STYLE ('',( #432 ) ) ;
#1292 = CARTESIAN_POINT ( 'NONE',  ( 19.80166797165679782, 2.000000000000000000, 0.0000000000000000000 ) ) ;
#1293 = CARTESIAN_POINT ( 'NONE',  ( 1.074999999999999956, 0.0000000000000000000, 0.1091910702798599975 ) ) ;
#1294 = SURFACE_STYLE_USAGE ( .BOTH. , #9496 ) ;
#1295 = ORIENTED_EDGE ( 'NONE', *, *, #8540, .T. ) ;
#1296 = STYLED_ITEM ( 'NONE', ( #9299 ), #9115 ) ;
#1297 = LINE ( 'NONE', #7855, #9586 ) ;
#1298 = EDGE_LOOP ( 'NONE', ( #5888, #6060, #8465, #9712 ) ) ;
#1299 = VERTEX_POINT ( 'NONE', #2508 ) ;
#1300 = EDGE_CURVE ( 'NONE', #7182, #10031, #4219, .T. ) ;
#1301 = CARTESIAN_POINT ( 'NONE',  ( 8.301667971656819134, 2.000000000000000000, 0.0000000000000000000 ) ) ;
#1302 = EDGE_CURVE ( 'NONE', #638, #3839, #4982, .T. ) ;
#1303 = LINE ( 'NONE', #444, #5500 ) ;
#1304 = CARTESIAN_POINT ( 'NONE',  ( 10.15166797165682055, 2.000000000000000000, 0.0000000000000000000 ) ) ;
#1305 = ADVANCED_FACE ( 'NONE', ( #7449 ), #74, .F. ) ;
#1306 = VECTOR ( 'NONE', #2964, 1000.000000000000000 ) ;
#1307 = ORIENTED_EDGE ( 'NONE', *, *, #7423, .T. ) ;
#1308 = FACE_OUTER_BOUND ( 'NONE', #4541, .T. ) ;
#1309 = CARTESIAN_POINT ( 'NONE',  ( 17.55166797165684756, 2.000000000000000000, 0.8180000000000000604 ) ) ;
#1310 = ORIENTED_EDGE ( 'NONE', *, *, #2652, .F. ) ;
#1311 = EDGE_CURVE ( 'NONE', #1460, #4932, #4327, .T. ) ;
#1312 = LINE ( 'NONE', #4426, #4889 ) ;
#1313 = ORIENTED_EDGE ( 'NONE', *, *, #2702, .T. ) ;
#1314 = EDGE_CURVE ( 'NONE', #8851, #1514, #227, .T. ) ;
#1315 = DIRECTION ( 'NONE',  ( 1.000000000000000000, 0.0000000000000000000, 0.0000000000000000000 ) ) ;
#1316 = PLANE ( 'NONE',  #3848 ) ;
#1317 = EDGE_CURVE ( 'NONE', #8577, #8790, #7602, .T. ) ;
#1318 = DIRECTION ( 'NONE',  ( 0.0000000000000000000, 0.0000000000000000000, -1.000000000000000000 ) ) ;
#1319 = DIRECTION ( 'NONE',  ( 1.000000000000000000, 0.0000000000000000000, 0.0000000000000000000 ) ) ;
#1320 = DIRECTION ( 'NONE',  ( 0.0000000000000000000, 0.0000000000000000000, 1.000000000000000000 ) ) ;
#1321 = DIRECTION ( 'NONE',  ( 0.0000000000000000000, -1.000000000000000000, 0.0000000000000000000 ) ) ;
#1322 = ORIENTED_EDGE ( 'NONE', *, *, #4718, .F. ) ;
#1323 = ORIENTED_EDGE ( 'NONE', *, *, #2365, .T. ) ;
#1324 = EDGE_CURVE ( 'NONE', #7539, #4211, #9307, .T. ) ;
#1325 = ORIENTED_EDGE ( 'NONE', *, *, #9903, .F. ) ;
#1326 = CARTESIAN_POINT ( 'NONE',  ( 8.901667971656829437, 0.5500000000000000444, 0.8000000000000000444 ) ) ;
#1327 = VECTOR ( 'NONE', #3294, 1000.000000000000000 ) ;
#1328 = ORIENTED_EDGE ( 'NONE', *, *, #10105, .F. ) ;
#1329 = CARTESIAN_POINT ( 'NONE',  ( 12.15166797165682055, 0.5500000000000000444, 0.0000000000000000000 ) ) ;
#1330 = CARTESIAN_POINT ( 'NONE',  ( 12.55166797165681913, 0.5500000000000000444, 0.8180000000000000604 ) ) ;
#1331 = AXIS2_PLACEMENT_3D ( 'NONE', #3855, #9587, #5628 ) ;
#1332 = CARTESIAN_POINT ( 'NONE',  ( 3.551667971656824907, 2.000000000000000000, 0.8180000000000000604 ) ) ;
#1333 = DIRECTION ( 'NONE',  ( 1.000000000000000000, 2.990902544787600071E-16, 0.0000000000000000000 ) ) ;
#1334 = EDGE_LOOP ( 'NONE', ( #1755, #4994, #8705, #2381 ) ) ;
#1335 = CARTESIAN_POINT ( 'NONE',  ( 15.40166797165684898, 2.000000000000000000, 0.8180000000000000604 ) ) ;
#1336 = ORIENTED_EDGE ( 'NONE', *, *, #10019, .T. ) ;
#1337 = AXIS2_PLACEMENT_3D ( 'NONE', #9126, #1669, #1835 ) ;
#1338 = LINE ( 'NONE', #4628, #4216 ) ;
#1339 = APPLICATION_CONTEXT ( 'automotive_design' ) ;
#1340 = EDGE_CURVE ( 'NONE', #7984, #9343, #283, .T. ) ;
#1341 = LINE ( 'NONE', #9649, #6620 ) ;
#1342 = ORIENTED_EDGE ( 'NONE', *, *, #4827, .F. ) ;
#1343 =( NAMED_UNIT ( * ) PLANE_ANGLE_UNIT ( ) SI_UNIT ( $, .RADIAN. ) );
#1344 = VECTOR ( 'NONE', #7037, 1000.000000000000000 ) ;
#1345 = FACE_OUTER_BOUND ( 'NONE', #773, .T. ) ;
#1346 = PLANE ( 'NONE',  #9255 ) ;
#1347 = ORIENTED_EDGE ( 'NONE', *, *, #1253, .T. ) ;
#1348 = AXIS2_PLACEMENT_3D ( 'NONE', #159, #5922, #2591 ) ;
#1349 = VECTOR ( 'NONE', #5145, 1000.000000000000000 ) ;
#1350 = LINE ( 'NONE', #4413, #8569 ) ;
#1351 = EDGE_LOOP ( 'NONE', ( #3520, #4509, #9191, #9932 ) ) ;
#1352 = ORIENTED_EDGE ( 'NONE', *, *, #10094, .T. ) ;
#1353 = LINE ( 'NONE', #3833, #7127 ) ;
#1354 = LINE ( 'NONE', #2283, #1923 ) ;
#1355 = CARTESIAN_POINT ( 'NONE',  ( 14.00000000000000000, 79.00000000000000000, -0.001000000000000000021 ) ) ;
#1356 = AXIS2_PLACEMENT_3D ( 'NONE', #7851, #10298, #5483 ) ;
#1357 = LINE ( 'NONE', #9559, #524 ) ;
#1358 = ORIENTED_EDGE ( 'NONE', *, *, #3092, .T. ) ;
#1359 = CARTESIAN_POINT ( 'NONE',  ( 8.401667971656829437, 2.000000000000000000, 0.8000000000000000444 ) ) ;
#1360 = EDGE_CURVE ( 'NONE', #267, #7590, #3522, .T. ) ;
#1361 = VECTOR ( 'NONE', #3754, 1000.000000000000000 ) ;
#1362 = LINE ( 'NONE', #10618, #802 ) ;
#1363 = AXIS2_PLACEMENT_3D ( 'NONE', #7787, #1279, #7733 ) ;
#1364 = ORIENTED_EDGE ( 'NONE', *, *, #1317, .T. ) ;
#1365 = PLANE ( 'NONE',  #10001 ) ;
#1366 = VERTEX_POINT ( 'NONE', #7714 ) ;
#1367 = CARTESIAN_POINT ( 'NONE',  ( 18.05166797165684756, 2.000000000000000000, 0.8000000000000000444 ) ) ;
#1368 = DIRECTION ( 'NONE',  ( 0.0000000000000000000, 0.0000000000000000000, 1.000000000000000000 ) ) ;
#1369 = FACE_OUTER_BOUND ( 'NONE', #8792, .T. ) ;
#1370 = CARTESIAN_POINT ( 'NONE',  ( 14.55166797165681913, 2.000000000000000000, 0.8180000000000000604 ) ) ;
#1371 = VECTOR ( 'NONE', #9166, 1000.000000000000000 ) ;
#1372 = DIRECTION ( 'NONE',  ( -0.0000000000000000000, 1.000000000000000000, 0.0000000000000000000 ) ) ;
#1373 = DIRECTION ( 'NONE',  ( 1.000000000000000000, 0.0000000000000000000, 0.0000000000000000000 ) ) ;
#1374 = EDGE_CURVE ( 'NONE', #2992, #6145, #10047, .T. ) ;
#1375 = EDGE_CURVE ( 'NONE', #9306, #7945, #7657, .T. ) ;
#1376 = DIRECTION ( 'NONE',  ( -1.000000000000000000, 0.0000000000000000000, 0.0000000000000000000 ) ) ;
#1377 = EDGE_CURVE ( 'NONE', #7139, #1457, #6158, .T. ) ;
#1378 = LINE ( 'NONE', #8449, #2031 ) ;
#1379 = EDGE_CURVE ( 'NONE', #447, #2133, #5243, .T. ) ;
#1380 = ORIENTED_EDGE ( 'NONE', *, *, #8123, .T. ) ;
#1381 = ORIENTED_EDGE ( 'NONE', *, *, #7551, .F. ) ;
#1382 = CARTESIAN_POINT ( 'NONE',  ( 13.55166797165682091, 2.000000000000000000, 0.8180000000000000604 ) ) ;
#1383 = EDGE_LOOP ( 'NONE', ( #3820, #10521, #9350, #5732 ) ) ;
#1384 = CARTESIAN_POINT ( 'NONE',  ( 13.15166797165682055, 2.000000000000000000, -0.01800000000000000211 ) ) ;
#1385 = COLOUR_RGB ( '',0.6431372549019607199, 0.6156862745098039547, 0.5999999999999999778 ) ;
#1386 = CARTESIAN_POINT ( 'NONE',  ( 9.651667971656820555, 0.5500000000000000444, 0.0000000000000000000 ) ) ;
#1387 = CARTESIAN_POINT ( 'NONE',  ( 14.90166797165682055, 0.5500000000000000444, 0.8180000000000000604 ) ) ;
#1388 = FACE_OUTER_BOUND ( 'NONE', #4893, .T. ) ;
#1389 = ORIENTED_EDGE ( 'NONE', *, *, #243, .T. ) ;
#1390 = CARTESIAN_POINT ( 'NONE',  ( 21.99500000000000099, 4.009999999999999787, 2.149999999999999911 ) ) ;
#1391 = EDGE_CURVE ( 'NONE', #722, #6147, #1866, .T. ) ;
#1392 = ADVANCED_FACE ( 'NONE', ( #5997 ), #6102, .F. ) ;
#1393 = ORIENTED_EDGE ( 'NONE', *, *, #9362, .F. ) ;
#1394 = FACE_BOUND ( 'NONE', #4558, .T. ) ;
#1395 = EDGE_CURVE ( 'NONE', #275, #1144, #4542, .T. ) ;
#1396 = VECTOR ( 'NONE', #9238, 1000.000000000000000 ) ;
#1397 = FACE_OUTER_BOUND ( 'NONE', #3091, .T. ) ;
#1398 = EDGE_LOOP ( 'NONE', ( #3253, #9731, #6232, #2934 ) ) ;
#1399 = LINE ( 'NONE', #2366, #4627 ) ;
#1400 = DIRECTION ( 'NONE',  ( 0.0000000000000000000, -1.000000000000000000, 0.0000000000000000000 ) ) ;
#1401 = CARTESIAN_POINT ( 'NONE',  ( 10.55166797165681913, 2.000000000000000000, 0.8180000000000000604 ) ) ;
#1402 = ADVANCED_FACE ( 'NONE', ( #457 ), #6742, .T. ) ;
#1403 = VECTOR ( 'NONE', #5211, 1000.000000000000000 ) ;
#1404 = SURFACE_SIDE_STYLE ('',( #3069 ) ) ;
#1405 = CARTESIAN_POINT ( 'NONE',  ( 0.005000000000005000445, 4.009999999999999787, 2.149999999999999911 ) ) ;
#1406 = DIRECTION ( 'NONE',  ( 0.0000000000000000000, -1.000000000000000000, 0.0000000000000000000 ) ) ;
#1407 = ORIENTED_EDGE ( 'NONE', *, *, #10557, .F. ) ;
#1408 = LINE ( 'NONE', #7318, #1854 ) ;
#1409 = ORIENTED_EDGE ( 'NONE', *, *, #9829, .F. ) ;
#1410 = ORIENTED_EDGE ( 'NONE', *, *, #3313, .T. ) ;
#1411 = CARTESIAN_POINT ( 'NONE',  ( 12.05166797165682091, 0.5500000000000000444, 0.8180000000000000604 ) ) ;
#1412 = DIRECTION ( 'NONE',  ( 1.000000000000000000, 0.0000000000000000000, 0.0000000000000000000 ) ) ;
#1413 = DIRECTION ( 'NONE',  ( 0.0000000000000000000, 0.0000000000000000000, -1.000000000000000000 ) ) ;
#1414 = CARTESIAN_POINT ( 'NONE',  ( 14.00000000000000000, 80.00000000000000000, -0.001000000000000000021 ) ) ;
#1415 = CARTESIAN_POINT ( 'NONE',  ( 0.004999999999989870186, 79.99000000000000909, -1.350000000000000089 ) ) ;
#1416 = ORIENTED_EDGE ( 'NONE', *, *, #8390, .F. ) ;
#1417 = ORIENTED_EDGE ( 'NONE', *, *, #4322, .T. ) ;
#1418 = ORIENTED_EDGE ( 'NONE', *, *, #10410, .F. ) ;
#1419 = LINE ( 'NONE', #8125, #8304 ) ;
#1420 = ORIENTED_EDGE ( 'NONE', *, *, #5312, .F. ) ;
#1421 = CARTESIAN_POINT ( 'NONE',  ( 18.05166797165684756, 2.000000000000000000, 0.8180000000000000604 ) ) ;
#1422 = CARTESIAN_POINT ( 'NONE',  ( 12.65166797165682055, 2.000000000000000000, 0.0000000000000000000 ) ) ;
#1423 = DIRECTION ( 'NONE',  ( 1.000000000000000000, 0.0000000000000000000, 0.0000000000000000000 ) ) ;
#1424 = PLANE ( 'NONE',  #10347 ) ;
#1425 = CARTESIAN_POINT ( 'NONE',  ( 19.05166797165684756, 0.5500000000000000444, 0.8000000000000000444 ) ) ;
#1426 = LINE ( 'NONE', #720, #3720 ) ;
#1427 = ORIENTED_EDGE ( 'NONE', *, *, #4406, .F. ) ;
#1428 = ORIENTED_EDGE ( 'NONE', *, *, #6643, .T. ) ;
#1429 = ORIENTED_EDGE ( 'NONE', *, *, #2691, .F. ) ;
#1430 = CARTESIAN_POINT ( 'NONE',  ( 7.151667971656830325, 2.000000000000000000, -0.01800000000000000211 ) ) ;
#1431 = VERTEX_POINT ( 'NONE', #5943 ) ;
#1432 = ADVANCED_FACE ( 'NONE', ( #2777 ), #4492, .F. ) ;
#1433 = LINE ( 'NONE', #3965, #8023 ) ;
#1434 = EDGE_CURVE ( 'NONE', #2194, #1560, #1205, .T. ) ;
#1435 = CARTESIAN_POINT ( 'NONE',  ( 21.42500000000000071, 4.000000000000000000, 0.8000000000000000444 ) ) ;
#1436 = EDGE_CURVE ( 'NONE', #9440, #8518, #1147, .T. ) ;
#1437 = LINE ( 'NONE', #7943, #7396 ) ;
#1438 = CARTESIAN_POINT ( 'NONE',  ( 13.65166797165682055, 2.000000000000000000, -0.01800000000000000211 ) ) ;
#1439 = ORIENTED_EDGE ( 'NONE', *, *, #3213, .F. ) ;
#1440 = CARTESIAN_POINT ( 'NONE',  ( 10.65166797165682055, 0.5500000000000000444, -0.01800000000000000211 ) ) ;
#1441 = ORIENTED_EDGE ( 'NONE', *, *, #10557, .T. ) ;
#1442 = UNCERTAINTY_MEASURE_WITH_UNIT (LENGTH_MEASURE( 1.000000000000000082E-05 ), #6404, 'distance_accuracy_value', 'NONE');
#1443 =( LENGTH_UNIT ( ) NAMED_UNIT ( * ) SI_UNIT ( .MILLI., .METRE. ) );
#1444 = VECTOR ( 'NONE', #8356, 1000.000000000000000 ) ;
#1445 = CARTESIAN_POINT ( 'NONE',  ( 11.80166797165682091, 0.5500000000000000444, 0.0000000000000000000 ) ) ;
#1446 = EDGE_LOOP ( 'NONE', ( #1347, #7994, #4053, #7591, #8494, #2624, #4443, #7199 ) ) ;
#1447 = FACE_OUTER_BOUND ( 'NONE', #2583, .T. ) ;
#1448 = ORIENTED_EDGE ( 'NONE', *, *, #6441, .T. ) ;
#1449 = CARTESIAN_POINT ( 'NONE',  ( 2.651667971656824996, 0.5500000000000000444, 0.0000000000000000000 ) ) ;
#1450 = EDGE_CURVE ( 'NONE', #9852, #3339, #3631, .T. ) ;
#1451 = VECTOR ( 'NONE', #170, 1000.000000000000000 ) ;
#1452 = DIRECTION ( 'NONE',  ( 0.0000000000000000000, 1.000000000000000000, 0.0000000000000000000 ) ) ;
#1453 = ADVANCED_FACE ( 'NONE', ( #8404 ), #1048, .F. ) ;
#1454 = CARTESIAN_POINT ( 'NONE',  ( 9.801667971656820910, 2.000000000000000000, -0.01800000000000000211 ) ) ;
#1455 = FACE_OUTER_BOUND ( 'NONE', #5980, .T. ) ;
#1456 = DIRECTION ( 'NONE',  ( 0.0000000000000000000, 0.0000000000000000000, 1.000000000000000000 ) ) ;
#1457 = VERTEX_POINT ( 'NONE', #9677 ) ;
#1458 =( GEOMETRIC_REPRESENTATION_CONTEXT ( 3 ) GLOBAL_UNCERTAINTY_ASSIGNED_CONTEXT ( ( #5949 ) ) GLOBAL_UNIT_ASSIGNED_CONTEXT ( ( #1136, #7006, #4527 ) ) REPRESENTATION_CONTEXT ( 'NONE', 'WORKASPACE' ) );
#1459 = PRESENTATION_STYLE_ASSIGNMENT (( #5544 ) ) ;
#1460 = VERTEX_POINT ( 'NONE', #1530 ) ;
#1461 = DIRECTION ( 'NONE',  ( 0.0000000000000000000, 0.0000000000000000000, -1.000000000000000000 ) ) ;
#1462 = DIRECTION ( 'NONE',  ( 0.0000000000000000000, 0.0000000000000000000, 1.000000000000000000 ) ) ;
#1463 = FACE_OUTER_BOUND ( 'NONE', #3777, .T. ) ;
#1464 =( NAMED_UNIT ( * ) SI_UNIT ( $, .STERADIAN. ) SOLID_ANGLE_UNIT ( ) );
#1465 = MECHANICAL_DESIGN_GEOMETRIC_PRESENTATION_REPRESENTATION (  '', ( #2163 ), #5237 ) ;
#1466 = CARTESIAN_POINT ( 'NONE',  ( 2.401667971656824996, 0.5499999999999900524, 0.8000000000000000444 ) ) ;
#1467 = VECTOR ( 'NONE', #5723, 1000.000000000000000 ) ;
#1468 = ORIENTED_EDGE ( 'NONE', *, *, #9187, .T. ) ;
#1469 = EDGE_CURVE ( 'NONE', #964, #5941, #10478, .T. ) ;
#1470 = VERTEX_POINT ( 'NONE', #6421 ) ;
#1471 = ORIENTED_EDGE ( 'NONE', *, *, #1186, .F. ) ;
#1472 = FACE_OUTER_BOUND ( 'NONE', #557, .T. ) ;
#1473 = ORIENTED_EDGE ( 'NONE', *, *, #1944, .T. ) ;
#1474 = DIRECTION ( 'NONE',  ( -1.000000000000000000, 0.0000000000000000000, 0.0000000000000000000 ) ) ;
#1475 = VECTOR ( 'NONE', #5084, 1000.000000000000000 ) ;
#1476 = DIRECTION ( 'NONE',  ( 0.0000000000000000000, 0.0000000000000000000, 1.000000000000000000 ) ) ;
#1477 = LINE ( 'NONE', #1370, #4271 ) ;
#1478 = LINE ( 'NONE', #8181, #4182 ) ;
#1479 = CARTESIAN_POINT ( 'NONE',  ( 7.151667971656830325, 0.5500000000000000444, 0.0000000000000000000 ) ) ;
#1480 = VECTOR ( 'NONE', #2159, 1000.000000000000000 ) ;
#1481 = FACE_OUTER_BOUND ( 'NONE', #411, .T. ) ;
#1482 = VERTEX_POINT ( 'NONE', #8885 ) ;
#1483 = VECTOR ( 'NONE', #9360, 1000.000000000000000 ) ;
#1484 = EDGE_LOOP ( 'NONE', ( #196, #7616, #8697, #6432 ) ) ;
#1485 = ORIENTED_EDGE ( 'NONE', *, *, #9572, .T. ) ;
#1486 = LINE ( 'NONE', #6276, #4253 ) ;
#1487 = ORIENTED_EDGE ( 'NONE', *, *, #10141, .F. ) ;
#1488 = LINE ( 'NONE', #4721, #4266 ) ;
#1489 = CARTESIAN_POINT ( 'NONE',  ( 2.801667971656824907, 0.5500000000000000444, -0.01800000000000000211 ) ) ;
#1490 = LINE ( 'NONE', #7992, #8218 ) ;
#1491 = EDGE_LOOP ( 'NONE', ( #4583, #9371, #2476, #1141 ) ) ;
#1492 = FACE_OUTER_BOUND ( 'NONE', #7071, .T. ) ;
#1493 = ORIENTED_EDGE ( 'NONE', *, *, #596, .T. ) ;
#1494 = SURFACE_STYLE_USAGE ( .BOTH. , #9000 ) ;
#1495 = EDGE_CURVE ( 'NONE', #3586, #4742, #2292, .T. ) ;
#1496 = CARTESIAN_POINT ( 'NONE',  ( 6.051667971656829792, 0.5500000000000000444, 0.8000000000000000444 ) ) ;
#1497 = EDGE_LOOP ( 'NONE', ( #9257, #4682, #1820, #8931 ) ) ;
#1498 = LINE ( 'NONE', #8955, #6502 ) ;
#1499 = ORIENTED_EDGE ( 'NONE', *, *, #4863, .F. ) ;
#1500 = DIRECTION ( 'NONE',  ( -1.369879028146991878E-16, 1.000000000000000000, 0.0000000000000000000 ) ) ;
#1501 = AXIS2_PLACEMENT_3D ( 'NONE', #7322, #6671, #750 ) ;
#1502 = AXIS2_PLACEMENT_3D ( 'NONE', #9716, #4032, #8816 ) ;
#1503 = CARTESIAN_POINT ( 'NONE',  ( 9.151667971656820555, 2.000000000000000000, -0.01800000000000000211 ) ) ;
#1504 = FILL_AREA_STYLE_COLOUR ( '', #4103 ) ;
#1505 = AXIS2_PLACEMENT_3D ( 'NONE', #6259, #8114, #4035 ) ;
#1506 = EDGE_LOOP ( 'NONE', ( #1328, #2842, #5335, #5959 ) ) ;
#1507 = LINE ( 'NONE', #4741, #2946 ) ;
#1508 = ORIENTED_EDGE ( 'NONE', *, *, #9951, .T. ) ;
#1509 = VECTOR ( 'NONE', #10277, 1000.000000000000000 ) ;
#1510 = EDGE_CURVE ( 'NONE', #6655, #443, #4600, .T. ) ;
#1511 = EDGE_CURVE ( 'NONE', #46, #1971, #5505, .T. ) ;
#1512 = EDGE_CURVE ( 'NONE', #7246, #2135, #2945, .T. ) ;
#1513 = CARTESIAN_POINT ( 'NONE',  ( 18.30166797165680137, 2.000000000000000000, 0.0000000000000000000 ) ) ;
#1514 = VERTEX_POINT ( 'NONE', #8780 ) ;
#1515 = CARTESIAN_POINT ( 'NONE',  ( 0.0000000000000000000, 0.0000000000000000000, -0.01800000000000000211 ) ) ;
#1516 = DIRECTION ( 'NONE',  ( 0.0000000000000000000, 0.0000000000000000000, -1.000000000000000000 ) ) ;
#1517 = VECTOR ( 'NONE', #9357, 1000.000000000000000 ) ;
#1518 = DIRECTION ( 'NONE',  ( 0.0000000000000000000, -1.000000000000000000, 0.0000000000000000000 ) ) ;
#1519 = DIRECTION ( 'NONE',  ( 1.560916672072335502E-32, -0.3420201433256715995, -0.9396926207859073177 ) ) ;
#1520 = LINE ( 'NONE', #806, #869 ) ;
#1521 = ORIENTED_EDGE ( 'NONE', *, *, #10214, .T. ) ;
#1522 = AXIS2_PLACEMENT_3D ( 'NONE', #1699, #7345, #6648 ) ;
#1523 = ADVANCED_FACE ( 'NONE', ( #10419 ), #3093, .F. ) ;
#1524 = EDGE_CURVE ( 'NONE', #710, #1470, #2427, .T. ) ;
#1525 = ORIENTED_EDGE ( 'NONE', *, *, #6901, .T. ) ;
#1526 = ORIENTED_EDGE ( 'NONE', *, *, #790, .T. ) ;
#1527 = LINE ( 'NONE', #6474, #7975 ) ;
#1528 = ORIENTED_EDGE ( 'NONE', *, *, #1374, .F. ) ;
#1529 = VECTOR ( 'NONE', #7862, 1000.000000000000000 ) ;
#1530 = CARTESIAN_POINT ( 'NONE',  ( 20.40166797165684542, 2.000000000000000000, 0.8180000000000000604 ) ) ;
#1531 = VECTOR ( 'NONE', #6137, 1000.000000000000000 ) ;
#1532 = CARTESIAN_POINT ( 'NONE',  ( 14.15166797165682055, 2.000000000000000000, 0.0000000000000000000 ) ) ;
#1533 = DIRECTION ( 'NONE',  ( 0.0000000000000000000, 0.0000000000000000000, 1.000000000000000000 ) ) ;
#1534 = VECTOR ( 'NONE', #7571, 1000.000000000000000 ) ;
#1535 = ADVANCED_FACE ( 'NONE', ( #8831 ), #5556, .F. ) ;
#1536 = CARTESIAN_POINT ( 'NONE',  ( 19.15166797165684898, 2.000000000000000000, -0.01800000000000000211 ) ) ;
#1537 = SURFACE_SIDE_STYLE ('',( #8889 ) ) ;
#1538 = AXIS2_PLACEMENT_3D ( 'NONE', #6660, #1825, #5103 ) ;
#1539 = CARTESIAN_POINT ( 'NONE',  ( 12.30166797165681913, 2.000000000000000000, 0.0000000000000000000 ) ) ;
#1540 = ORIENTED_EDGE ( 'NONE', *, *, #3830, .F. ) ;
#1541 = VERTEX_POINT ( 'NONE', #8084 ) ;
#1542 = ORIENTED_EDGE ( 'NONE', *, *, #5312, .T. ) ;
#1543 = DIRECTION ( 'NONE',  ( -1.000000000000000000, 0.0000000000000000000, 0.0000000000000000000 ) ) ;
#1544 = FACE_OUTER_BOUND ( 'NONE', #3645, .T. ) ;
#1545 = MECHANICAL_DESIGN_GEOMETRIC_PRESENTATION_REPRESENTATION (  '', ( #2753 ), #7719 ) ;
#1546 = FACE_OUTER_BOUND ( 'NONE', #3076, .T. ) ;
#1547 = FACE_OUTER_BOUND ( 'NONE', #8316, .T. ) ;
#1548 = PLANE ( 'NONE',  #10604 ) ;
#1549 = ORIENTED_EDGE ( 'NONE', *, *, #3488, .F. ) ;
#1550 = FACE_OUTER_BOUND ( 'NONE', #9091, .T. ) ;
#1551 = VECTOR ( 'NONE', #5015, 1000.000000000000000 ) ;
#1552 = CARTESIAN_POINT ( 'NONE',  ( 10.15166797165682055, 0.5500000000000000444, -0.01800000000000000211 ) ) ;
#1553 = ORIENTED_EDGE ( 'NONE', *, *, #75, .T. ) ;
#1554 = VECTOR ( 'NONE', #220, 1000.000000000000000 ) ;
#1555 = FACE_OUTER_BOUND ( 'NONE', #6367, .T. ) ;
#1556 = EDGE_LOOP ( 'NONE', ( #6327, #2345, #7781, #2865 ) ) ;
#1557 = DIRECTION ( 'NONE',  ( 0.0000000000000000000, 0.0000000000000000000, 1.000000000000000000 ) ) ;
#1558 = DIRECTION ( 'NONE',  ( 0.0000000000000000000, 0.0000000000000000000, -1.000000000000000000 ) ) ;
#1559 = DIRECTION ( 'NONE',  ( 0.0000000000000000000, 0.0000000000000000000, -1.000000000000000000 ) ) ;
#1560 = VERTEX_POINT ( 'NONE', #6316 ) ;
#1561 = CARTESIAN_POINT ( 'NONE',  ( 11.30166797165682091, 2.000000000000000000, -0.01800000000000000211 ) ) ;
#1562 = VECTOR ( 'NONE', #3923, 1000.000000000000000 ) ;
#1563 = ORIENTED_EDGE ( 'NONE', *, *, #2711, .F. ) ;
#1564 = DIRECTION ( 'NONE',  ( 0.0000000000000000000, 1.000000000000000000, 0.0000000000000000000 ) ) ;
#1565 = CARTESIAN_POINT ( 'NONE',  ( 3.401667971656824996, 2.000000000000000000, 0.8180000000000000604 ) ) ;
#1566 = ORIENTED_EDGE ( 'NONE', *, *, #1124, .T. ) ;
#1567 = CARTESIAN_POINT ( 'NONE',  ( 10.65166797165682055, 0.5500000000000000444, -0.01800000000000000211 ) ) ;
#1568 = CARTESIAN_POINT ( 'NONE',  ( 13.65166797165682055, 0.5500000000000000444, -0.01800000000000000211 ) ) ;
#1569 = VECTOR ( 'NONE', #1663, 1000.000000000000000 ) ;
#1570 = LINE ( 'NONE', #3342, #117 ) ;
#1571 = CARTESIAN_POINT ( 'NONE',  ( 12.05166797165682091, 0.5500000000000000444, 0.8180000000000000604 ) ) ;
#1572 = EDGE_CURVE ( 'NONE', #3141, #3944, #2240, .T. ) ;
#1573 = FILL_AREA_STYLE ('',( #3884 ) ) ;
#1574 = EDGE_CURVE ( 'NONE', #3130, #2298, #7018, .T. ) ;
#1575 = EDGE_CURVE ( 'NONE', #3860, #3352, #7871, .T. ) ;
#1576 = CARTESIAN_POINT ( 'NONE',  ( 13.99998333328701960, 79.99000000000000909, 2.149999999999999911 ) ) ;
#1577 = ORIENTED_EDGE ( 'NONE', *, *, #647, .T. ) ;
#1578 = EDGE_LOOP ( 'NONE', ( #2492, #1740, #6069, #7763 ) ) ;
#1579 = ORIENTED_EDGE ( 'NONE', *, *, #9648, .T. ) ;
#1580 = LINE ( 'NONE', #610, #5918 ) ;
#1581 = ORIENTED_EDGE ( 'NONE', *, *, #6960, .F. ) ;
#1582 = CARTESIAN_POINT ( 'NONE',  ( 3.051667971656824907, 2.000000000000000000, 0.8000000000000000444 ) ) ;
#1583 = LINE ( 'NONE', #3205, #65 ) ;
#1584 = EDGE_CURVE ( 'NONE', #7246, #582, #3793, .T. ) ;
#1585 = EDGE_CURVE ( 'NONE', #10460, #164, #10368, .T. ) ;
#1586 = DIRECTION ( 'NONE',  ( 0.0000000000000000000, 1.000000000000000000, 0.0000000000000000000 ) ) ;
#1587 = CARTESIAN_POINT ( 'NONE',  ( 0.0000000000000000000, 0.0000000000000000000, 0.8180000000000000604 ) ) ;
#1588 = CARTESIAN_POINT ( 'NONE',  ( 13.80166797165682091, 0.5500000000000000444, 0.0000000000000000000 ) ) ;
#1589 = FACE_OUTER_BOUND ( 'NONE', #2756, .T. ) ;
#1590 = ADVANCED_FACE ( 'NONE', ( #8727 ), #10266, .F. ) ;
#1591 = VERTEX_POINT ( 'NONE', #1367 ) ;
#1592 = ORIENTED_EDGE ( 'NONE', *, *, #6819, .F. ) ;
#1593 = PLANE ( 'NONE',  #817 ) ;
#1594 =( NAMED_UNIT ( * ) SI_UNIT ( $, .STERADIAN. ) SOLID_ANGLE_UNIT ( ) );
#1595 = CARTESIAN_POINT ( 'NONE',  ( 6.051667971656829792, 2.000000000000000000, 0.8000000000000000444 ) ) ;
#1596 = FACE_OUTER_BOUND ( 'NONE', #2340, .T. ) ;
#1597 = CARTESIAN_POINT ( 'NONE',  ( 5.801667971656820022, 2.000000000000000000, -0.01800000000000000211 ) ) ;
#1598 = ORIENTED_EDGE ( 'NONE', *, *, #113, .T. ) ;
#1599 = DIRECTION ( 'NONE',  ( 3.097720492815730124E-16, 1.000000000000000000, 0.0000000000000000000 ) ) ;
#1600 = DIRECTION ( 'NONE',  ( 1.000000000000000000, 0.0000000000000000000, 0.0000000000000000000 ) ) ;
#1601 = EDGE_CURVE ( 'NONE', #1642, #2650, #4653, .T. ) ;
#1602 = VERTEX_POINT ( 'NONE', #612 ) ;
#1603 = DIRECTION ( 'NONE',  ( 0.0000000000000000000, 1.000000000000000000, 0.0000000000000000000 ) ) ;
#1604 = ORIENTED_EDGE ( 'NONE', *, *, #2592, .F. ) ;
#1605 = DIRECTION ( 'NONE',  ( 0.0000000000000000000, 0.0000000000000000000, 1.000000000000000000 ) ) ;
#1606 = CARTESIAN_POINT ( 'NONE',  ( 19.05166797165684756, 2.000000000000000000, 0.8180000000000000604 ) ) ;
#1607 = CARTESIAN_POINT ( 'NONE',  ( 0.0000000000000000000, 0.0000000000000000000, 0.8180000000000000604 ) ) ;
#1608 = EDGE_LOOP ( 'NONE', ( #2568, #1060, #9011, #2113 ) ) ;
#1609 = CARTESIAN_POINT ( 'NONE',  ( 2.651667971656824996, 0.5500000000000000444, -0.01800000000000000211 ) ) ;
#1610 = EDGE_LOOP ( 'NONE', ( #4314, #4916, #10179, #5033 ) ) ;
#1611 = DIRECTION ( 'NONE',  ( 1.000000000000000000, 0.0000000000000000000, 0.0000000000000000000 ) ) ;
#1612 = VERTEX_POINT ( 'NONE', #3894 ) ;
#1613 = CARTESIAN_POINT ( 'NONE',  ( 14.65166797165682055, 0.5500000000000000444, 0.0000000000000000000 ) ) ;
#1614 = VECTOR ( 'NONE', #5045, 1000.000000000000000 ) ;
#1615 = LINE ( 'NONE', #2479, #3517 ) ;
#1616 = CARTESIAN_POINT ( 'NONE',  ( 9.051667971656829792, 0.5500000000000000444, 0.8180000000000000604 ) ) ;
#1617 = VECTOR ( 'NONE', #5842, 1000.000000000000000 ) ;
#1618 = CARTESIAN_POINT ( 'NONE',  ( 9.901667971656820555, 2.000000000000000000, 0.8180000000000000604 ) ) ;
#1619 = DIRECTION ( 'NONE',  ( 1.000000000000000000, 0.0000000000000000000, 0.0000000000000000000 ) ) ;
#1620 = LINE ( 'NONE', #5607, #9094 ) ;
#1621 = EDGE_LOOP ( 'NONE', ( #4816, #7031, #1420, #9661 ) ) ;
#1622 = AXIS2_PLACEMENT_3D ( 'NONE', #4815, #10366, #4045 ) ;
#1623 = ORIENTED_EDGE ( 'NONE', *, *, #2322, .F. ) ;
#1624 = EDGE_CURVE ( 'NONE', #7182, #1460, #3356, .T. ) ;
#1625 = ADVANCED_FACE ( 'NONE', ( #2398 ), #5824, .F. ) ;
#1626 = ORIENTED_EDGE ( 'NONE', *, *, #7025, .F. ) ;
#1627 = FACE_OUTER_BOUND ( 'NONE', #8122, .T. ) ;
#1628 = ORIENTED_EDGE ( 'NONE', *, *, #1115, .T. ) ;
#1629 =( NAMED_UNIT ( * ) PLANE_ANGLE_UNIT ( ) SI_UNIT ( $, .RADIAN. ) );
#1630 = PRESENTATION_LAYER_ASSIGNMENT (  '', '', ( #6271 ) ) ;
#1631 = CARTESIAN_POINT ( 'NONE',  ( 2.151667971656824996, 0.5500000000000000444, -0.01800000000000000211 ) ) ;
#1632 =( GEOMETRIC_REPRESENTATION_CONTEXT ( 3 ) GLOBAL_UNCERTAINTY_ASSIGNED_CONTEXT ( ( #8514 ) ) GLOBAL_UNIT_ASSIGNED_CONTEXT ( ( #1443, #1930, #137 ) ) REPRESENTATION_CONTEXT ( 'NONE', 'WORKASPACE' ) );
#1633 = CARTESIAN_POINT ( 'NONE',  ( 8.151667971656829437, 2.000000000000000000, 0.0000000000000000000 ) ) ;
#1634 = DIRECTION ( 'NONE',  ( 0.0000000000000000000, 0.0000000000000000000, -1.000000000000000000 ) ) ;
#1635 = CARTESIAN_POINT ( 'NONE',  ( 7.651667971656829437, 0.5500000000000000444, -0.01800000000000000211 ) ) ;
#1636 = ADVANCED_FACE ( 'NONE', ( #8939 ), #4970, .T. ) ;
#1637 = EDGE_CURVE ( 'NONE', #5342, #6830, #9089, .T. ) ;
#1638 = AXIS2_PLACEMENT_3D ( 'NONE', #1587, #4662, #1373 ) ;
#1639 = LINE ( 'NONE', #123, #471 ) ;
#1640 = EDGE_CURVE ( 'NONE', #9476, #10000, #7391, .T. ) ;
#1641 = EDGE_LOOP ( 'NONE', ( #10606, #1416, #6183, #6373 ) ) ;
#1642 = VERTEX_POINT ( 'NONE', #1582 ) ;
#1643 = DIRECTION ( 'NONE',  ( 1.000000000000000000, 0.0000000000000000000, 0.0000000000000000000 ) ) ;
#1644 = CARTESIAN_POINT ( 'NONE',  ( 19.40166797165684898, 0.5500000000000000444, 0.8180000000000000604 ) ) ;
#1645 = DIRECTION ( 'NONE',  ( 0.0000000000000000000, 1.000000000000000000, 0.0000000000000000000 ) ) ;
#1646 = PRESENTATION_STYLE_ASSIGNMENT (( #7650 ) ) ;
#1647 = AXIS2_PLACEMENT_3D ( 'NONE', #5347, #394, #6794 ) ;
#1648 = PLANE ( 'NONE',  #9445 ) ;
#1649 = ORIENTED_EDGE ( 'NONE', *, *, #4998, .T. ) ;
#1650 = UNCERTAINTY_MEASURE_WITH_UNIT (LENGTH_MEASURE( 1.000000000000000082E-05 ), #10461, 'distance_accuracy_value', 'NONE');
#1651 = SURFACE_SIDE_STYLE ('',( #6543 ) ) ;
#1652 = VECTOR ( 'NONE', #7144, 1000.000000000000000 ) ;
#1653 = ADVANCED_FACE ( 'NONE', ( #9030 ), #7331, .F. ) ;
#1654 = DIRECTION ( 'NONE',  ( 0.0000000000000000000, -1.000000000000000000, 0.0000000000000000000 ) ) ;
#1655 = ORIENTED_EDGE ( 'NONE', *, *, #9188, .F. ) ;
#1656 = PLANE ( 'NONE',  #668 ) ;
#1657 = ORIENTED_EDGE ( 'NONE', *, *, #7761, .T. ) ;
#1658 = FACE_OUTER_BOUND ( 'NONE', #2319, .T. ) ;
#1659 = DIRECTION ( 'NONE',  ( -1.000000000000000000, 0.0000000000000000000, 0.0000000000000000000 ) ) ;
#1660 = SURFACE_STYLE_FILL_AREA ( #2632 ) ;
#1661 = DIRECTION ( 'NONE',  ( 0.0000000000000000000, 1.000000000000000000, 0.0000000000000000000 ) ) ;
#1662 = ORIENTED_EDGE ( 'NONE', *, *, #6762, .T. ) ;
#1663 = DIRECTION ( 'NONE',  ( 1.000000000000000000, 0.0000000000000000000, 0.0000000000000000000 ) ) ;
#1664 = ADVANCED_FACE ( 'NONE', ( #9732 ), #4156, .F. ) ;
#1665 = VERTEX_POINT ( 'NONE', #4482 ) ;
#1666 =( LENGTH_UNIT ( ) NAMED_UNIT ( * ) SI_UNIT ( .MILLI., .METRE. ) );
#1667 = CARTESIAN_POINT ( 'NONE',  ( 8.051667971656829792, 2.000000000000000000, 0.8180000000000000604 ) ) ;
#1668 = ORIENTED_EDGE ( 'NONE', *, *, #6974, .F. ) ;
#1669 = DIRECTION ( 'NONE',  ( 0.0000000000000000000, -1.000000000000000000, 0.0000000000000000000 ) ) ;
#1670 = CARTESIAN_POINT ( 'NONE',  ( 20.15166797165684542, 2.000000000000000000, 0.0000000000000000000 ) ) ;
#1671 = FACE_OUTER_BOUND ( 'NONE', #1879, .T. ) ;
#1672 = VECTOR ( 'NONE', #7500, 1000.000000000000000 ) ;
#1673 = CARTESIAN_POINT ( 'NONE',  ( 6.801667971656820022, 0.5500000000000000444, -0.01800000000000000211 ) ) ;
#1674 = PLANE ( 'NONE',  #1874 ) ;
#1675 = LINE ( 'NONE', #6366, #348 ) ;
#1676 =( GEOMETRIC_REPRESENTATION_CONTEXT ( 3 ) GLOBAL_UNCERTAINTY_ASSIGNED_CONTEXT ( ( #8639 ) ) GLOBAL_UNIT_ASSIGNED_CONTEXT ( ( #4670, #8744, #1594 ) ) REPRESENTATION_CONTEXT ( 'NONE', 'WORKASPACE' ) );
#1677 = ORIENTED_EDGE ( 'NONE', *, *, #7167, .T. ) ;
#1678 = VECTOR ( 'NONE', #2004, 1000.000000000000000 ) ;
#1679 = ORIENTED_EDGE ( 'NONE', *, *, #8593, .F. ) ;
#1680 = ORIENTED_EDGE ( 'NONE', *, *, #9250, .T. ) ;
#1681 = FACE_BOUND ( 'NONE', #9345, .T. ) ;
#1682 = EDGE_LOOP ( 'NONE', ( #1657, #9242, #1913, #7757 ) ) ;
#1683 = DIRECTION ( 'NONE',  ( -1.000000000000000000, 0.0000000000000000000, 0.0000000000000000000 ) ) ;
#1684 = CARTESIAN_POINT ( 'NONE',  ( 13.55166797165682091, 0.5500000000000000444, 0.8180000000000000604 ) ) ;
#1685 = VECTOR ( 'NONE', #1600, 1000.000000000000000 ) ;
#1686 = ORIENTED_EDGE ( 'NONE', *, *, #4288, .F. ) ;
#1687 = AXIS2_PLACEMENT_3D ( 'NONE', #6589, #6645, #9042 ) ;
#1688 = EDGE_CURVE ( 'NONE', #3122, #4276, #9984, .T. ) ;
#1689 = DIRECTION ( 'NONE',  ( -0.0000000000000000000, 1.000000000000000000, 0.0000000000000000000 ) ) ;
#1690 = FACE_OUTER_BOUND ( 'NONE', #3307, .T. ) ;
#1691 = CARTESIAN_POINT ( 'NONE',  ( 12.15166797165682055, 2.000000000000000000, 0.0000000000000000000 ) ) ;
#1692 = VECTOR ( 'NONE', #1208, 1000.000000000000000 ) ;
#1693 = PLANE ( 'NONE',  #5282 ) ;
#1694 = ORIENTED_EDGE ( 'NONE', *, *, #2854, .F. ) ;
#1695 = EDGE_LOOP ( 'NONE', ( #1001, #4669, #8491, #3854 ) ) ;
#1696 = PLANE ( 'NONE',  #9904 ) ;
#1697 = VECTOR ( 'NONE', #10006, 1000.000000000000000 ) ;
#1698 = CARTESIAN_POINT ( 'NONE',  ( 9.301667971656820910, 2.000000000000000000, -0.01800000000000000211 ) ) ;
#1699 = CARTESIAN_POINT ( 'NONE',  ( 0.0000000000000000000, 0.0000000000000000000, 0.8180000000000000604 ) ) ;
#1700 = EDGE_CURVE ( 'NONE', #2693, #5351, #6788, .T. ) ;
#1701 = EDGE_CURVE ( 'NONE', #4997, #5135, #10038, .T. ) ;
#1702 = AXIS2_PLACEMENT_3D ( 'NONE', #4685, #8808, #1452 ) ;
#1703 = VECTOR ( 'NONE', #1661, 1000.000000000000000 ) ;
#1704 = EDGE_CURVE ( 'NONE', #3326, #7642, #4263, .T. ) ;
#1705 = FACE_OUTER_BOUND ( 'NONE', #8095, .T. ) ;
#1706 = ORIENTED_EDGE ( 'NONE', *, *, #3415, .F. ) ;
#1707 = LINE ( 'NONE', #1763, #10361 ) ;
#1708 = CARTESIAN_POINT ( 'NONE',  ( 12.65166797165682055, 0.5500000000000000444, -0.01800000000000000211 ) ) ;
#1709 = VECTOR ( 'NONE', #5383, 1000.000000000000000 ) ;
#1710 = VERTEX_POINT ( 'NONE', #8552 ) ;
#1711 = LINE ( 'NONE', #9907, #7538 ) ;
#1712 = VECTOR ( 'NONE', #6621, 1000.000000000000000 ) ;
#1713 = VECTOR ( 'NONE', #7567, 1000.000000000000114 ) ;
#1714 = ORIENTED_EDGE ( 'NONE', *, *, #7821, .T. ) ;
#1715 =( NAMED_UNIT ( * ) PLANE_ANGLE_UNIT ( ) SI_UNIT ( $, .RADIAN. ) );
#1716 = LINE ( 'NONE', #2525, #8228 ) ;
#1717 = EDGE_CURVE ( 'NONE', #2264, #3442, #2814, .T. ) ;
#1718 = ADVANCED_FACE ( 'NONE', ( #5983 ), #3509, .T. ) ;
#1719 = LINE ( 'NONE', #5002, #853 ) ;
#1720 = CARTESIAN_POINT ( 'NONE',  ( 12.80166797165682091, 0.5500000000000000444, 0.0000000000000000000 ) ) ;
#1721 = EDGE_LOOP ( 'NONE', ( #8463, #1988, #7468, #109 ) ) ;
#1722 = EDGE_CURVE ( 'NONE', #8577, #6289, #1960, .T. ) ;
#1723 = LINE ( 'NONE', #4238, #8776 ) ;
#1724 = EDGE_LOOP ( 'NONE', ( #9986, #1754, #6798, #2708 ) ) ;
#1725 = DIRECTION ( 'NONE',  ( 1.000000000000000000, 0.0000000000000000000, 0.0000000000000000000 ) ) ;
#1726 = VECTOR ( 'NONE', #9664, 1000.000000000000000 ) ;
#1727 = VECTOR ( 'NONE', #1963, 1000.000000000000000 ) ;
#1728 = DIRECTION ( 'NONE',  ( -1.000000000000000000, 0.0000000000000000000, -1.436568038475010113E-17 ) ) ;
#1729 = ORIENTED_EDGE ( 'NONE', *, *, #5709, .T. ) ;
#1730 = CARTESIAN_POINT ( 'NONE',  ( 9.151667971656820555, 2.000000000000000000, -0.01800000000000000211 ) ) ;
#1731 = EDGE_CURVE ( 'NONE', #3145, #5213, #169, .T. ) ;
#1732 = DIRECTION ( 'NONE',  ( -1.000000000000000000, 0.0000000000000000000, 0.0000000000000000000 ) ) ;
#1733 = DIRECTION ( 'NONE',  ( -1.000000000000000000, 0.0000000000000000000, 0.0000000000000000000 ) ) ;
#1734 = CARTESIAN_POINT ( 'NONE',  ( 19.80166797165679782, 2.000000000000000000, -0.01800000000000000211 ) ) ;
#1735 =( GEOMETRIC_REPRESENTATION_CONTEXT ( 3 ) GLOBAL_UNCERTAINTY_ASSIGNED_CONTEXT ( ( #368 ) ) GLOBAL_UNIT_ASSIGNED_CONTEXT ( ( #6578, #2449, #114 ) ) REPRESENTATION_CONTEXT ( 'NONE', 'WORKASPACE' ) );
#1736 = VECTOR ( 'NONE', #5711, 1000.000000000000000 ) ;
#1737 = SURFACE_SIDE_STYLE ('',( #3499 ) ) ;
#1738 = DIRECTION ( 'NONE',  ( 0.0000000000000000000, 0.0000000000000000000, -1.000000000000000000 ) ) ;
#1739 = CARTESIAN_POINT ( 'NONE',  ( 2.151667971656824996, 2.000000000000000000, -0.01800000000000000211 ) ) ;
#1740 = ORIENTED_EDGE ( 'NONE', *, *, #2391, .F. ) ;
#1741 =( GEOMETRIC_REPRESENTATION_CONTEXT ( 3 ) GLOBAL_UNCERTAINTY_ASSIGNED_CONTEXT ( ( #5322 ) ) GLOBAL_UNIT_ASSIGNED_CONTEXT ( ( #1851, #10090, #387 ) ) REPRESENTATION_CONTEXT ( 'NONE', 'WORKASPACE' ) );
#1742 = VECTOR ( 'NONE', #7735, 1000.000000000000000 ) ;
#1743 = ORIENTED_EDGE ( 'NONE', *, *, #1967, .T. ) ;
#1744 = VERTEX_POINT ( 'NONE', #4420 ) ;
#1745 = FACE_BOUND ( 'NONE', #7433, .T. ) ;
#1746 = ORIENTED_EDGE ( 'NONE', *, *, #3730, .T. ) ;
#1747 = FILL_AREA_STYLE ('',( #5673 ) ) ;
#1748 = LINE ( 'NONE', #4206, #5907 ) ;
#1749 = COLOUR_RGB ( '',0.6431372549019607199, 0.6156862745098039547, 0.5999999999999999778 ) ;
#1750 = ORIENTED_EDGE ( 'NONE', *, *, #5284, .T. ) ;
#1751 = CARTESIAN_POINT ( 'NONE',  ( 8.551667971656828016, 0.5500000000000000444, 0.8180000000000000604 ) ) ;
#1752 = DIRECTION ( 'NONE',  ( 0.0000000000000000000, 1.000000000000000000, 0.0000000000000000000 ) ) ;
#1753 = CARTESIAN_POINT ( 'NONE',  ( 7.151667971656830325, 0.5500000000000000444, -0.01800000000000000211 ) ) ;
#1754 = ORIENTED_EDGE ( 'NONE', *, *, #3808, .T. ) ;
#1755 = ORIENTED_EDGE ( 'NONE', *, *, #7738, .T. ) ;
#1756 = VECTOR ( 'NONE', #5165, 1000.000000000000000 ) ;
#1757 = CARTESIAN_POINT ( 'NONE',  ( 2.551667971656824907, 0.5499999999999929390, 0.8180000000000000604 ) ) ;
#1758 = LINE ( 'NONE', #6743, #7150 ) ;
#1759 = LINE ( 'NONE', #4222, #4085 ) ;
#1760 = VECTOR ( 'NONE', #6612, 1000.000000000000000 ) ;
#1761 = FACE_OUTER_BOUND ( 'NONE', #3991, .T. ) ;
#1762 = ORIENTED_EDGE ( 'NONE', *, *, #4139, .F. ) ;
#1763 = CARTESIAN_POINT ( 'NONE',  ( 2.151667971656824996, 2.000000000000000000, -0.01800000000000000211 ) ) ;
#1764 = PRESENTATION_STYLE_ASSIGNMENT (( #5848 ) ) ;
#1765 = EDGE_CURVE ( 'NONE', #7642, #7856, #10196, .T. ) ;
#1766 = ORIENTED_EDGE ( 'NONE', *, *, #449, .F. ) ;
#1767 = ADVANCED_FACE ( 'NONE', ( #9246 ), #1909, .F. ) ;
#1768 = LINE ( 'NONE', #4938, #6343 ) ;
#1769 = EDGE_CURVE ( 'NONE', #3519, #7984, #8441, .T. ) ;
#1770 = VERTEX_POINT ( 'NONE', #5231 ) ;
#1771 = CARTESIAN_POINT ( 'NONE',  ( 12.15166797165682055, 2.000000000000000000, -0.01800000000000000211 ) ) ;
#1772 = FACE_OUTER_BOUND ( 'NONE', #8654, .T. ) ;
#1773 = LINE ( 'NONE', #8421, #8374 ) ;
#1774 = LINE ( 'NONE', #7465, #8060 ) ;
#1775 = ORIENTED_EDGE ( 'NONE', *, *, #9819, .T. ) ;
#1776 = LINE ( 'NONE', #2853, #1219 ) ;
#1777 = VERTEX_POINT ( 'NONE', #8495 ) ;
#1778 = CARTESIAN_POINT ( 'NONE',  ( 10.55166797165681913, 2.000000000000000000, 0.8180000000000000604 ) ) ;
#1779 = CARTESIAN_POINT ( 'NONE',  ( 10.55166797165681913, 0.5500000000000000444, 0.8000000000000000444 ) ) ;
#1780 = EDGE_CURVE ( 'NONE', #3237, #3220, #1138, .T. ) ;
#1781 = ORIENTED_EDGE ( 'NONE', *, *, #6051, .F. ) ;
#1782 = ORIENTED_EDGE ( 'NONE', *, *, #5861, .F. ) ;
#1783 = CARTESIAN_POINT ( 'NONE',  ( 6.151667971656830325, 0.5500000000000000444, -0.01800000000000000211 ) ) ;
#1784 = EDGE_CURVE ( 'NONE', #7060, #722, #4529, .T. ) ;
#1785 = AXIS2_PLACEMENT_3D ( 'NONE', #6914, #6855, #1265 ) ;
#1786 = CARTESIAN_POINT ( 'NONE',  ( 12.55166797165681913, 2.000000000000000000, 0.8000000000000000444 ) ) ;
#1787 = CARTESIAN_POINT ( 'NONE',  ( 12.40166797165682055, 2.000000000000000000, 0.8180000000000000604 ) ) ;
#1788 = CARTESIAN_POINT ( 'NONE',  ( 11.40166797165682055, 2.000000000000000000, 0.8000000000000000444 ) ) ;
#1789 = CARTESIAN_POINT ( 'NONE',  ( 2.901667971656824996, 2.000000000000000000, 0.8000000000000000444 ) ) ;
#1790 = CARTESIAN_POINT ( 'NONE',  ( 6.401667971656830325, 0.5500000000000000444, 0.8000000000000000444 ) ) ;
#1791 = EDGE_LOOP ( 'NONE', ( #4855, #10086, #4232, #3565 ) ) ;
#1792 = VECTOR ( 'NONE', #5773, 1000.000000000000000 ) ;
#1793 = ORIENTED_EDGE ( 'NONE', *, *, #7242, .F. ) ;
#1794 = VECTOR ( 'NONE', #1586, 1000.000000000000000 ) ;
#1795 = ORIENTED_EDGE ( 'NONE', *, *, #9398, .F. ) ;
#1796 = PLANE ( 'NONE',  #755 ) ;
#1797 = ORIENTED_EDGE ( 'NONE', *, *, #10484, .F. ) ;
#1798 = FILL_AREA_STYLE_COLOUR ( '', #9777 ) ;
#1799 = DIRECTION ( 'NONE',  ( -1.000000000000000000, 0.0000000000000000000, 0.0000000000000000000 ) ) ;
#1800 = VECTOR ( 'NONE', #6908, 1000.000000000000000 ) ;
#1801 = ORIENTED_EDGE ( 'NONE', *, *, #1784, .T. ) ;
#1802 = CARTESIAN_POINT ( 'NONE',  ( 2.551667971656824907, 0.5499999999999929390, 0.8180000000000000604 ) ) ;
#1803 = EDGE_CURVE ( 'NONE', #5806, #2761, #3032, .T. ) ;
#1804 = LINE ( 'NONE', #8986, #4207 ) ;
#1805 = COLOUR_RGB ( '',0.1019607843137254888, 0.1019607843137254888, 0.1019607843137254888 ) ;
#1806 = LINE ( 'NONE', #3466, #1150 ) ;
#1807 = EDGE_LOOP ( 'NONE', ( #4694, #7625, #4006, #517 ) ) ;
#1808 = VERTEX_POINT ( 'NONE', #8019 ) ;
#1809 = VECTOR ( 'NONE', #3640, 1000.000000000000000 ) ;
#1810 = DIRECTION ( 'NONE',  ( 0.0000000000000000000, 0.0000000000000000000, 1.000000000000000000 ) ) ;
#1811 = CARTESIAN_POINT ( 'NONE',  ( 11.05166797165682091, 2.000000000000000000, 0.8000000000000000444 ) ) ;
#1812 = DIRECTION ( 'NONE',  ( 0.0000000000000000000, 0.0000000000000000000, -1.000000000000000000 ) ) ;
#1813 = AXIS2_PLACEMENT_3D ( 'NONE', #5482, #8759, #1400 ) ;
#1814 = LINE ( 'NONE', #7506, #5736 ) ;
#1815 = SURFACE_STYLE_USAGE ( .BOTH. , #834 ) ;
#1816 = ORIENTED_EDGE ( 'NONE', *, *, #9172, .F. ) ;
#1817 = AXIS2_PLACEMENT_3D ( 'NONE', #173, #5722, #4213 ) ;
#1818 = DIRECTION ( 'NONE',  ( 0.0000000000000000000, 0.0000000000000000000, 1.000000000000000000 ) ) ;
#1819 = CARTESIAN_POINT ( 'NONE',  ( 9.651667971656820555, 2.000000000000000000, -0.01800000000000000211 ) ) ;
#1820 = ORIENTED_EDGE ( 'NONE', *, *, #10422, .T. ) ;
#1821 = DIRECTION ( 'NONE',  ( 0.0000000000000000000, 1.000000000000000000, 0.0000000000000000000 ) ) ;
#1822 = ORIENTED_EDGE ( 'NONE', *, *, #7751, .T. ) ;
#1823 = LINE ( 'NONE', #8154, #6449 ) ;
#1824 = STYLED_ITEM ( 'NONE', ( #9014 ), #9293 ) ;
#1825 = DIRECTION ( 'NONE',  ( 0.0000000000000000000, 0.0000000000000000000, -1.000000000000000000 ) ) ;
#1826 = PLANE ( 'NONE',  #5826 ) ;
#1827 = VERTEX_POINT ( 'NONE', #7064 ) ;
#1828 = CARTESIAN_POINT ( 'NONE',  ( 6.651667971656819667, 0.5500000000000000444, 0.0000000000000000000 ) ) ;
#1829 = ORIENTED_EDGE ( 'NONE', *, *, #4999, .T. ) ;
#1830 = CARTESIAN_POINT ( 'NONE',  ( 12.05166797165682091, 0.5500000000000000444, 0.8000000000000000444 ) ) ;
#1831 = EDGE_CURVE ( 'NONE', #3728, #3912, #1354, .T. ) ;
#1832 = VECTOR ( 'NONE', #7029, 1000.000000000000000 ) ;
#1833 = CARTESIAN_POINT ( 'NONE',  ( 21.99500000000000099, 79.99000000000000909, -1.350000000000000089 ) ) ;
#1834 = EDGE_LOOP ( 'NONE', ( #73, #3073, #7305, #871 ) ) ;
#1835 = DIRECTION ( 'NONE',  ( 0.0000000000000000000, 0.0000000000000000000, -1.000000000000000000 ) ) ;
#1836 = CARTESIAN_POINT ( 'NONE',  ( 10.80166797165682091, 2.000000000000000000, -0.01800000000000000211 ) ) ;
#1837 = LINE ( 'NONE', #1329, #6823 ) ;
#1838 = DIRECTION ( 'NONE',  ( 0.0000000000000000000, -1.000000000000000000, 0.0000000000000000000 ) ) ;
#1839 = CARTESIAN_POINT ( 'NONE',  ( 18.80166797165680137, 2.000000000000000000, 0.0000000000000000000 ) ) ;
#1840 = CARTESIAN_POINT ( 'NONE',  ( 18.15166797165684898, 0.5500000000000000444, -0.01800000000000000211 ) ) ;
#1841 = CARTESIAN_POINT ( 'NONE',  ( 8.651667971656829437, 2.000000000000000000, 0.0000000000000000000 ) ) ;
#1842 = ADVANCED_FACE ( 'NONE', ( #10308 ), #7811, .T. ) ;
#1843 = EDGE_CURVE ( 'NONE', #3220, #46, #5547, .T. ) ;
#1844 = EDGE_LOOP ( 'NONE', ( #5516, #2196, #5672, #4589 ) ) ;
#1845 = EDGE_CURVE ( 'NONE', #2205, #9780, #652, .T. ) ;
#1846 = EDGE_CURVE ( 'NONE', #6277, #6213, #7008, .T. ) ;
#1847 = ORIENTED_EDGE ( 'NONE', *, *, #1244, .T. ) ;
#1848 = EDGE_LOOP ( 'NONE', ( #3891, #4489, #1229, #8364 ) ) ;
#1849 = CARTESIAN_POINT ( 'NONE',  ( 11.65166797165682055, 2.000000000000000000, 0.0000000000000000000 ) ) ;
#1850 = ORIENTED_EDGE ( 'NONE', *, *, #9363, .F. ) ;
#1851 =( LENGTH_UNIT ( ) NAMED_UNIT ( * ) SI_UNIT ( .MILLI., .METRE. ) );
#1852 = DIRECTION ( 'NONE',  ( 1.000000000000000000, 0.0000000000000000000, 0.0000000000000000000 ) ) ;
#1853 = COLOUR_RGB ( '',0.1019607843137254888, 0.1019607843137254888, 0.1019607843137254888 ) ;
#1854 = VECTOR ( 'NONE', #3239, 1000.000000000000000 ) ;
#1855 = LINE ( 'NONE', #7347, #1035 ) ;
#1856 = EDGE_CURVE ( 'NONE', #10355, #9652, #7860, .T. ) ;
#1857 = EDGE_CURVE ( 'NONE', #3439, #9483, #1303, .T. ) ;
#1858 = ORIENTED_EDGE ( 'NONE', *, *, #658, .T. ) ;
#1859 = AXIS2_PLACEMENT_3D ( 'NONE', #1783, #3495, #5868 ) ;
#1860 = EDGE_CURVE ( 'NONE', #1560, #9934, #9555, .T. ) ;
#1861 = LINE ( 'NONE', #5186, #7147 ) ;
#1862 = VECTOR ( 'NONE', #1107, 1000.000000000000000 ) ;
#1863 = CARTESIAN_POINT ( 'NONE',  ( 8.651667971656829437, 2.000000000000000000, -0.01800000000000000211 ) ) ;
#1864 = ORIENTED_EDGE ( 'NONE', *, *, #4497, .F. ) ;
#1865 = ORIENTED_EDGE ( 'NONE', *, *, #9442, .T. ) ;
#1866 = LINE ( 'NONE', #10156, #9895 ) ;
#1867 = EDGE_CURVE ( 'NONE', #4525, #5321, #7216, .T. ) ;
#1868 = CARTESIAN_POINT ( 'NONE',  ( 11.15166797165682055, 2.000000000000000000, 0.0000000000000000000 ) ) ;
#1869 = CARTESIAN_POINT ( 'NONE',  ( 12.05166797165682091, 2.000000000000000000, 0.8180000000000000604 ) ) ;
#1870 = FACE_OUTER_BOUND ( 'NONE', #1491, .T. ) ;
#1871 = LINE ( 'NONE', #9999, #2851 ) ;
#1872 = VECTOR ( 'NONE', #6996, 1000.000000000000000 ) ;
#1873 = ORIENTED_EDGE ( 'NONE', *, *, #2702, .F. ) ;
#1874 = AXIS2_PLACEMENT_3D ( 'NONE', #5875, #5762, #265 ) ;
#1875 = UNCERTAINTY_MEASURE_WITH_UNIT (LENGTH_MEASURE( 1.000000000000000082E-05 ), #2320, 'distance_accuracy_value', 'NONE');
#1876 = VECTOR ( 'NONE', #9703, 1000.000000000000000 ) ;
#1877 = ORIENTED_EDGE ( 'NONE', *, *, #2767, .F. ) ;
#1878 = DIRECTION ( 'NONE',  ( 1.000000000000000000, 0.0000000000000000000, 0.0000000000000000000 ) ) ;
#1879 = EDGE_LOOP ( 'NONE', ( #5552, #7369, #8389, #1358 ) ) ;
#1880 = PRESENTATION_LAYER_ASSIGNMENT (  '', '', ( #6336 ) ) ;
#1881 = PRESENTATION_LAYER_ASSIGNMENT (  '', '', ( #6508 ) ) ;
#1882 = DIRECTION ( 'NONE',  ( 0.0000000000000000000, 0.9396926207859073177, -0.3420201433256715995 ) ) ;
#1883 = CARTESIAN_POINT ( 'NONE',  ( 1.801667971656825129, 0.5500000000000000444, -0.01800000000000000211 ) ) ;
#1884 = PLANE ( 'NONE',  #8394 ) ;
#1885 = VERTEX_POINT ( 'NONE', #7161 ) ;
#1886 = SURFACE_SIDE_STYLE ('',( #4180 ) ) ;
#1887 = ORIENTED_EDGE ( 'NONE', *, *, #9117, .T. ) ;
#1888 = CARTESIAN_POINT ( 'NONE',  ( 8.401667971656829437, 2.000000000000000000, 0.8000000000000000444 ) ) ;
#1889 = VECTOR ( 'NONE', #3870, 1000.000000000000000 ) ;
#1890 = VECTOR ( 'NONE', #2633, 1000.000000000000000 ) ;
#1891 = DIRECTION ( 'NONE',  ( 0.0000000000000000000, 1.000000000000000000, 0.0000000000000000000 ) ) ;
#1892 = VERTEX_POINT ( 'NONE', #2227 ) ;
#1893 = DIRECTION ( 'NONE',  ( 0.0000000000000000000, 0.0000000000000000000, -1.000000000000000000 ) ) ;
#1894 = SURFACE_STYLE_FILL_AREA ( #430 ) ;
#1895 = CARTESIAN_POINT ( 'NONE',  ( 7.901667971656829437, 2.000000000000000000, 0.8180000000000000604 ) ) ;
#1896 = LINE ( 'NONE', #8277, #4270 ) ;
#1897 = DIRECTION ( 'NONE',  ( 0.0000000000000000000, 0.0000000000000000000, 1.000000000000000000 ) ) ;
#1898 = CARTESIAN_POINT ( 'NONE',  ( 7.551667971656830680, 2.000000000000000000, 0.8180000000000000604 ) ) ;
#1899 = VECTOR ( 'NONE', #4468, 1000.000000000000000 ) ;
#1900 = DIRECTION ( 'NONE',  ( 0.0000000000000000000, -1.000000000000000000, 0.0000000000000000000 ) ) ;
#1901 = ORIENTED_EDGE ( 'NONE', *, *, #766, .T. ) ;
#1902 = ORIENTED_EDGE ( 'NONE', *, *, #9775, .F. ) ;
#1903 = ORIENTED_EDGE ( 'NONE', *, *, #1966, .T. ) ;
#1904 = EDGE_CURVE ( 'NONE', #2610, #8694, #7219, .T. ) ;
#1905 = CARTESIAN_POINT ( 'NONE',  ( 10.15166797165682055, 2.000000000000000000, -0.01800000000000000211 ) ) ;
#1906 = ORIENTED_EDGE ( 'NONE', *, *, #8976, .F. ) ;
#1907 = AXIS2_PLACEMENT_3D ( 'NONE', #2768, #2462, #4369 ) ;
#1908 = EDGE_CURVE ( 'NONE', #7848, #10294, #4586, .T. ) ;
#1909 = PLANE ( 'NONE',  #4486 ) ;
#1910 = CARTESIAN_POINT ( 'NONE',  ( 10.15166797165682055, 2.000000000000000000, -0.01800000000000000211 ) ) ;
#1911 = ADVANCED_FACE ( 'NONE', ( #3136 ), #3784, .F. ) ;
#1912 = CARTESIAN_POINT ( 'NONE',  ( 0.0000000000000000000, 0.0000000000000000000, -0.01800000000000000211 ) ) ;
#1913 = ORIENTED_EDGE ( 'NONE', *, *, #5975, .F. ) ;
#1914 = SURFACE_STYLE_USAGE ( .BOTH. , #222 ) ;
#1915 = DIRECTION ( 'NONE',  ( -1.000000000000000000, 0.0000000000000000000, 0.0000000000000000000 ) ) ;
#1916 = AXIS2_PLACEMENT_3D ( 'NONE', #4894, #645, #3131 ) ;
#1917 = DIRECTION ( 'NONE',  ( 0.0000000000000000000, -1.000000000000000000, 0.0000000000000000000 ) ) ;
#1918 = ORIENTED_EDGE ( 'NONE', *, *, #5188, .T. ) ;
#1919 = EDGE_CURVE ( 'NONE', #6655, #4112, #9505, .T. ) ;
#1920 = ORIENTED_EDGE ( 'NONE', *, *, #1391, .F. ) ;
#1921 = DIRECTION ( 'NONE',  ( 0.0000000000000000000, 0.0000000000000000000, -1.000000000000000000 ) ) ;
#1922 = EDGE_CURVE ( 'NONE', #9934, #2108, #2174, .T. ) ;
#1923 = VECTOR ( 'NONE', #5386, 1000.000000000000000 ) ;
#1924 = PLANE ( 'NONE',  #1785 ) ;
#1925 = VECTOR ( 'NONE', #8109, 1000.000000000000000 ) ;
#1926 = LINE ( 'NONE', #3471, #1349 ) ;
#1927 = DIRECTION ( 'NONE',  ( 1.000000000000000000, -3.097720492815730124E-16, 0.0000000000000000000 ) ) ;
#1928 = DIRECTION ( 'NONE',  ( 0.0000000000000000000, 0.0000000000000000000, -1.000000000000000000 ) ) ;
#1929 = VERTEX_POINT ( 'NONE', #8772 ) ;
#1930 =( NAMED_UNIT ( * ) PLANE_ANGLE_UNIT ( ) SI_UNIT ( $, .RADIAN. ) );
#1931 = EDGE_CURVE ( 'NONE', #9270, #3052, #3882, .T. ) ;
#1932 = AXIS2_PLACEMENT_3D ( 'NONE', #1119, #7677, #4463 ) ;
#1933 = LINE ( 'NONE', #4556, #2049 ) ;
#1934 = ORIENTED_EDGE ( 'NONE', *, *, #4871, .T. ) ;
#1935 = DIRECTION ( 'NONE',  ( 0.0000000000000000000, -1.000000000000000000, 0.0000000000000000000 ) ) ;
#1936 = EDGE_LOOP ( 'NONE', ( #5442, #7438, #10183, #5695 ) ) ;
#1937 = CARTESIAN_POINT ( 'NONE',  ( 2.551667971656824907, 2.000000000000000000, 0.8000000000000000444 ) ) ;
#1938 = CARTESIAN_POINT ( 'NONE',  ( 14.55166797165681913, 2.000000000000000000, 0.8000000000000000444 ) ) ;
#1939 = LINE ( 'NONE', #5209, #2737 ) ;
#1940 = ORIENTED_EDGE ( 'NONE', *, *, #8074, .T. ) ;
#1941 = CARTESIAN_POINT ( 'NONE',  ( 9.551667971656829792, 0.5500000000000000444, 0.8180000000000000604 ) ) ;
#1942 = ORIENTED_EDGE ( 'NONE', *, *, #984, .T. ) ;
#1943 = CARTESIAN_POINT ( 'NONE',  ( 18.90166797165684898, 2.000000000000000000, 0.8180000000000000604 ) ) ;
#1944 = EDGE_CURVE ( 'NONE', #3839, #10534, #10404, .T. ) ;
#1945 = PLANE ( 'NONE',  #3305 ) ;
#1946 = EDGE_LOOP ( 'NONE', ( #7868, #3803, #10155, #2740 ) ) ;
#1947 = CARTESIAN_POINT ( 'NONE',  ( 18.05166797165684756, 0.5500000000000000444, 0.8180000000000000604 ) ) ;
#1948 = ORIENTED_EDGE ( 'NONE', *, *, #4139, .T. ) ;
#1949 = LINE ( 'NONE', #9230, #7297 ) ;
#1950 = DIRECTION ( 'NONE',  ( 0.0000000000000000000, 1.000000000000000000, 0.0000000000000000000 ) ) ;
#1951 = CARTESIAN_POINT ( 'NONE',  ( 19.65166797165684898, 2.000000000000000000, -0.01800000000000000211 ) ) ;
#1952 = PLANE ( 'NONE',  #7537 ) ;
#1953 = PLANE ( 'NONE',  #5509 ) ;
#1954 = ORIENTED_EDGE ( 'NONE', *, *, #6296, .T. ) ;
#1955 = PLANE ( 'NONE',  #6353 ) ;
#1956 = ORIENTED_EDGE ( 'NONE', *, *, #7098, .T. ) ;
#1957 = ORIENTED_EDGE ( 'NONE', *, *, #8604, .T. ) ;
#1958 = PRESENTATION_STYLE_ASSIGNMENT (( #6250 ) ) ;
#1959 = VERTEX_POINT ( 'NONE', #2536 ) ;
#1960 = LINE ( 'NONE', #7594, #7745 ) ;
#1961 = PLANE ( 'NONE',  #143 ) ;
#1962 = PRODUCT_DEFINITION_SHAPE ( 'NONE', 'NONE',  #2750 ) ;
#1963 = DIRECTION ( 'NONE',  ( 0.0000000000000000000, 1.000000000000000000, 0.0000000000000000000 ) ) ;
#1964 = ORIENTED_EDGE ( 'NONE', *, *, #4999, .F. ) ;
#1965 = DIRECTION ( 'NONE',  ( 1.000000000000000000, 0.0000000000000000000, 0.0000000000000000000 ) ) ;
#1966 = EDGE_CURVE ( 'NONE', #1062, #2961, #3191, .T. ) ;
#1967 = EDGE_CURVE ( 'NONE', #1246, #9781, #5758, .T. ) ;
#1968 = PLANE ( 'NONE',  #2199 ) ;
#1969 = VERTEX_POINT ( 'NONE', #7477 ) ;
#1970 = CARTESIAN_POINT ( 'NONE',  ( 10.65166797165682055, 0.5500000000000000444, -0.01800000000000000211 ) ) ;
#1971 = VERTEX_POINT ( 'NONE', #4144 ) ;
#1972 = CARTESIAN_POINT ( 'NONE',  ( 13.05166797165682091, 2.000000000000000000, 0.8180000000000000604 ) ) ;
#1973 = VECTOR ( 'NONE', #15, 1000.000000000000000 ) ;
#1974 = DIRECTION ( 'NONE',  ( 0.0000000000000000000, 0.0000000000000000000, -1.000000000000000000 ) ) ;
#1975 = STYLED_ITEM ( 'NONE', ( #3246 ), #10215 ) ;
#1976 = DIRECTION ( 'NONE',  ( 0.0000000000000000000, -1.000000000000000000, 0.0000000000000000000 ) ) ;
#1977 = DIRECTION ( 'NONE',  ( 3.097720492815730124E-16, 1.000000000000000000, 0.0000000000000000000 ) ) ;
#1978 = CARTESIAN_POINT ( 'NONE',  ( 8.000000000000000000, 79.99000000000000909, -1.350000000000000089 ) ) ;
#1979 = ADVANCED_FACE ( 'NONE', ( #1671 ), #6617, .F. ) ;
#1980 = ORIENTED_EDGE ( 'NONE', *, *, #9817, .F. ) ;
#1981 = EDGE_CURVE ( 'NONE', #3628, #4949, #9869, .T. ) ;
#1982 = UNCERTAINTY_MEASURE_WITH_UNIT (LENGTH_MEASURE( 1.000000000000000082E-05 ), #1666, 'distance_accuracy_value', 'NONE');
#1983 = CARTESIAN_POINT ( 'NONE',  ( 20.15166797165684542, 0.5499999999999860556, -0.01800000000000000211 ) ) ;
#1984 = AXIS2_PLACEMENT_3D ( 'NONE', #2085, #8724, #2878 ) ;
#1985 = ADVANCED_FACE ( 'NONE', ( #8224 ), #9020, .F. ) ;
#1986 = DIRECTION ( 'NONE',  ( -2.990902544787600071E-16, 1.000000000000000000, 0.0000000000000000000 ) ) ;
#1987 = ORIENTED_EDGE ( 'NONE', *, *, #7558, .T. ) ;
#1988 = ORIENTED_EDGE ( 'NONE', *, *, #1981, .F. ) ;
#1989 = DIRECTION ( 'NONE',  ( 0.0000000000000000000, 1.000000000000000000, 0.0000000000000000000 ) ) ;
#1990 = ORIENTED_EDGE ( 'NONE', *, *, #4533, .T. ) ;
#1991 = DIRECTION ( 'NONE',  ( 3.097720492815730124E-16, 1.000000000000000000, 0.0000000000000000000 ) ) ;
#1993 = DIRECTION ( 'NONE',  ( 0.0000000000000000000, 0.0000000000000000000, -1.000000000000000000 ) ) ;
#1992 = AXIS2_PLACEMENT_3D ( 'NONE', #5831, #2454, #4921 ) ;
#1994 = DIRECTION ( 'NONE',  ( 1.000000000000000000, 0.0000000000000000000, 0.0000000000000000000 ) ) ;
#1995 = ORIENTED_EDGE ( 'NONE', *, *, #7540, .T. ) ;
#1996 = PLANE ( 'NONE',  #3120 ) ;
#1997 = EDGE_CURVE ( 'NONE', #3912, #4650, #49, .T. ) ;
#1998 = EDGE_CURVE ( 'NONE', #3531, #447, #7377, .T. ) ;
#1999 = VERTEX_POINT ( 'NONE', #703 ) ;
#2000 = LINE ( 'NONE', #5323, #10376 ) ;
#2001 = AXIS2_PLACEMENT_3D ( 'NONE', #4836, #8056, #7948 ) ;
#2002 = DIRECTION ( 'NONE',  ( -0.0000000000000000000, 1.000000000000000000, 0.0000000000000000000 ) ) ;
#2003 = ORIENTED_EDGE ( 'NONE', *, *, #790, .F. ) ;
#2004 = DIRECTION ( 'NONE',  ( -1.000000000000000000, 0.0000000000000000000, 0.0000000000000000000 ) ) ;
#2005 = MECHANICAL_DESIGN_GEOMETRIC_PRESENTATION_REPRESENTATION (  '', ( #3027 ), #8497 ) ;
#2006 = DIRECTION ( 'NONE',  ( 1.000000000000000000, 0.0000000000000000000, 0.0000000000000000000 ) ) ;
#2007 =( GEOMETRIC_REPRESENTATION_CONTEXT ( 3 ) GLOBAL_UNCERTAINTY_ASSIGNED_CONTEXT ( ( #4013 ) ) GLOBAL_UNIT_ASSIGNED_CONTEXT ( ( #7471, #2532, #8372 ) ) REPRESENTATION_CONTEXT ( 'NONE', 'WORKASPACE' ) );
#2008 = EDGE_CURVE ( 'NONE', #8203, #7486, #8924, .T. ) ;
#2009 = CARTESIAN_POINT ( 'NONE',  ( 0.0000000000000000000, 0.0000000000000000000, 0.8180000000000000604 ) ) ;
#2010 = SURFACE_STYLE_FILL_AREA ( #5430 ) ;
#2011 = CARTESIAN_POINT ( 'NONE',  ( 11.30166797165682091, 2.000000000000000000, 0.0000000000000000000 ) ) ;
#2012 = ORIENTED_EDGE ( 'NONE', *, *, #7824, .T. ) ;
#2013 = DIRECTION ( 'NONE',  ( 1.000000000000000000, 0.0000000000000000000, 0.0000000000000000000 ) ) ;
#2014 = AXIS2_PLACEMENT_3D ( 'NONE', #3685, #7603, #6104 ) ;
#2015 = ORIENTED_EDGE ( 'NONE', *, *, #8402, .T. ) ;
#2016 = ORIENTED_EDGE ( 'NONE', *, *, #4920, .F. ) ;
#2017 = DIRECTION ( 'NONE',  ( 0.0000000000000000000, 0.0000000000000000000, -1.000000000000000000 ) ) ;
#2018 = ORIENTED_EDGE ( 'NONE', *, *, #5989, .T. ) ;
#2019 = DIRECTION ( 'NONE',  ( 0.0000000000000000000, 0.0000000000000000000, -1.000000000000000000 ) ) ;
#2020 = CARTESIAN_POINT ( 'NONE',  ( 9.250000000000000000, 80.00000000000000000, -0.001000000000000000021 ) ) ;
#2021 = ORIENTED_EDGE ( 'NONE', *, *, #868, .T. ) ;
#2022 = LINE ( 'NONE', #8500, #8004 ) ;
#2023 = PLANE ( 'NONE',  #2885 ) ;
#2024 = ORIENTED_EDGE ( 'NONE', *, *, #10410, .T. ) ;
#2025 = DIRECTION ( 'NONE',  ( -0.0000000000000000000, 1.000000000000000000, 0.0000000000000000000 ) ) ;
#2026 = EDGE_LOOP ( 'NONE', ( #6907, #4298, #5502, #7758 ) ) ;
#2027 = COLOUR_RGB ( '',0.6431372549019607199, 0.6156862745098039547, 0.5999999999999999778 ) ;
#2028 = CARTESIAN_POINT ( 'NONE',  ( 19.55166797165679782, 0.5500000000000000444, 0.8180000000000000604 ) ) ;
#2029 = DIRECTION ( 'NONE',  ( -1.982541115402070040E-15, 1.000000000000000000, 0.0000000000000000000 ) ) ;
#2030 = CARTESIAN_POINT ( 'NONE',  ( 0.005000000000005000445, 4.009999999999999787, 0.8000000000000000444 ) ) ;
#2031 = VECTOR ( 'NONE', #7553, 1000.000000000000000 ) ;
#2032 = DIRECTION ( 'NONE',  ( 1.000000000000000000, 0.0000000000000000000, 0.0000000000000000000 ) ) ;
#2033 = AXIS2_PLACEMENT_3D ( 'NONE', #1382, #3158, #6484 ) ;
#2034 = CARTESIAN_POINT ( 'NONE',  ( 3.551667971656824907, 0.5500000000000000444, 0.8180000000000000604 ) ) ;
#2035 = DIRECTION ( 'NONE',  ( 0.0000000000000000000, 0.0000000000000000000, 1.000000000000000000 ) ) ;
#2036 = VERTEX_POINT ( 'NONE', #4088 ) ;
#2037 = LINE ( 'NONE', #5253, #431 ) ;
#2038 = CARTESIAN_POINT ( 'NONE',  ( 15.40166797165684898, 0.5500000000000000444, 0.8000000000000000444 ) ) ;
#2039 = EDGE_LOOP ( 'NONE', ( #1380, #4701, #4171, #4900 ) ) ;
#2040 = ORIENTED_EDGE ( 'NONE', *, *, #4077, .T. ) ;
#2041 = CARTESIAN_POINT ( 'NONE',  ( 11.55166797165682091, 2.000000000000000000, 0.8000000000000000444 ) ) ;
#2042 = ORIENTED_EDGE ( 'NONE', *, *, #5782, .F. ) ;
#2043 = ADVANCED_FACE ( 'NONE', ( #3297 ), #6515, .F. ) ;
#2044 = EDGE_CURVE ( 'NONE', #3643, #6008, #2, .T. ) ;
#2045 = CARTESIAN_POINT ( 'NONE',  ( 9.551667971656829792, 2.000000000000000000, 0.8000000000000000444 ) ) ;
#2046 = EDGE_CURVE ( 'NONE', #8172, #9511, #1570, .T. ) ;
#2047 = LINE ( 'NONE', #1224, #1193 ) ;
#2048 = CARTESIAN_POINT ( 'NONE',  ( 0.0000000000000000000, 0.0000000000000000000, 0.8180000000000000604 ) ) ;
#2049 = VECTOR ( 'NONE', #4442, 1000.000000000000000 ) ;
#2050 = ORIENTED_EDGE ( 'NONE', *, *, #8260, .T. ) ;
#2051 = CARTESIAN_POINT ( 'NONE',  ( 10.90166797165682055, 0.5500000000000000444, 0.8180000000000000604 ) ) ;
#2052 = ORIENTED_EDGE ( 'NONE', *, *, #1867, .F. ) ;
#2053 = VECTOR ( 'NONE', #6132, 1000.000000000000000 ) ;
#2054 = CARTESIAN_POINT ( 'NONE',  ( 3.151667971656824996, 0.5500000000000000444, 0.0000000000000000000 ) ) ;
#2055 = CARTESIAN_POINT ( 'NONE',  ( 11.90166797165682055, 2.000000000000000000, 0.8180000000000000604 ) ) ;
#2056 = ORIENTED_EDGE ( 'NONE', *, *, #1624, .T. ) ;
#2057 = VECTOR ( 'NONE', #8168, 1000.000000000000000 ) ;
#2058 = CARTESIAN_POINT ( 'NONE',  ( 11.00000000000000000, 80.00000000000000000, 2.149999999999999911 ) ) ;
#2059 = AXIS2_PLACEMENT_3D ( 'NONE', #9872, #974, #5924 ) ;
#2060 = ADVANCED_FACE ( 'NONE', ( #4190 ), #103, .F. ) ;
#2061 = EDGE_CURVE ( 'NONE', #4427, #3787, #2335, .T. ) ;
#2062 = VECTOR ( 'NONE', #7412, 1000.000000000000000 ) ;
#2063 = DIRECTION ( 'NONE',  ( 0.0000000000000000000, 0.0000000000000000000, 1.000000000000000000 ) ) ;
#2064 = ADVANCED_FACE ( 'NONE', ( #5604 ), #3986, .F. ) ;
#2065 = DIRECTION ( 'NONE',  ( 0.0000000000000000000, 0.0000000000000000000, -1.000000000000000000 ) ) ;
#2066 = DIRECTION ( 'NONE',  ( 0.0000000000000000000, 1.000000000000000000, 0.0000000000000000000 ) ) ;
#2067 = PRESENTATION_STYLE_ASSIGNMENT (( #1294 ) ) ;
#2068 = ORIENTED_EDGE ( 'NONE', *, *, #5974, .T. ) ;
#2069 = AXIS2_PLACEMENT_3D ( 'NONE', #9234, #1897, #9131 ) ;
#2070 = MECHANICAL_DESIGN_GEOMETRIC_PRESENTATION_REPRESENTATION (  '', ( #7892 ), #2745 ) ;
#2071 = SURFACE_STYLE_FILL_AREA ( #269 ) ;
#2072 = EDGE_CURVE ( 'NONE', #4823, #3862, #7271, .T. ) ;
#2073 = EDGE_LOOP ( 'NONE', ( #5637, #484, #1407, #1566 ) ) ;
#2074 = ORIENTED_EDGE ( 'NONE', *, *, #5515, .F. ) ;
#2075 = FACE_BOUND ( 'NONE', #8231, .T. ) ;
#2076 = ORIENTED_EDGE ( 'NONE', *, *, #10486, .T. ) ;
#2077 = CARTESIAN_POINT ( 'NONE',  ( 1.074999999999999956, 3.500000000000000000, 0.8000000000000000444 ) ) ;
#2078 = CARTESIAN_POINT ( 'NONE',  ( 16.00166797165680066, 3.851859888774469954E-31, 0.6908089297201439605 ) ) ;
#2079 = DIRECTION ( 'NONE',  ( -1.000000000000000000, 0.0000000000000000000, 0.0000000000000000000 ) ) ;
#2080 = ORIENTED_EDGE ( 'NONE', *, *, #6306, .F. ) ;
#2081 = CARTESIAN_POINT ( 'NONE',  ( 8.250000000000000000, 80.00000000000000000, 0.8000000000000000444 ) ) ;
#2082 = VECTOR ( 'NONE', #4831, 1000.000000000000000 ) ;
#2083 = FILL_AREA_STYLE ('',( #9562 ) ) ;
#2084 = ORIENTED_EDGE ( 'NONE', *, *, #2838, .F. ) ;
#2085 = CARTESIAN_POINT ( 'NONE',  ( 11.80166797165682091, 2.000000000000000000, -0.01800000000000000211 ) ) ;
#2086 = ORIENTED_EDGE ( 'NONE', *, *, #7762, .F. ) ;
#2087 = CARTESIAN_POINT ( 'NONE',  ( 6.051667971656829792, 2.000000000000000000, 0.8180000000000000604 ) ) ;
#2088 = CARTESIAN_POINT ( 'NONE',  ( 1.551667971656825129, 2.000000000000000000, 0.8180000000000000604 ) ) ;
#2089 = LINE ( 'NONE', #5195, #4756 ) ;
#2090 = CARTESIAN_POINT ( 'NONE',  ( 7.651667971656829437, 2.000000000000000000, -0.01800000000000000211 ) ) ;
#2091 = STYLED_ITEM ( 'NONE', ( #6527 ), #1653 ) ;
#2092 = AXIS2_PLACEMENT_3D ( 'NONE', #591, #7956, #5749 ) ;
#2093 = CARTESIAN_POINT ( 'NONE',  ( 11.55166797165682091, 2.000000000000000000, 0.8180000000000000604 ) ) ;
#2094 = PLANE ( 'NONE',  #5765 ) ;
#2095 = LINE ( 'NONE', #9526, #3020 ) ;
#2096 = PLANE ( 'NONE',  #4954 ) ;
#2097 = ORIENTED_EDGE ( 'NONE', *, *, #6126, .T. ) ;
#2098 = ORIENTED_EDGE ( 'NONE', *, *, #8915, .F. ) ;
#2099 = VECTOR ( 'NONE', #2619, 1000.000000000000000 ) ;
#2100 = DIRECTION ( 'NONE',  ( 1.000000000000000000, 0.0000000000000000000, 0.0000000000000000000 ) ) ;
#2101 = VERTEX_POINT ( 'NONE', #8167 ) ;
#2102 = CARTESIAN_POINT ( 'NONE',  ( 6.051667971656829792, 2.000000000000000000, 0.8000000000000000444 ) ) ;
#2103 = DIRECTION ( 'NONE',  ( 0.0000000000000000000, 0.0000000000000000000, 1.000000000000000000 ) ) ;
#2104 = CARTESIAN_POINT ( 'NONE',  ( 6.551667971656830680, 2.000000000000000000, 0.8180000000000000604 ) ) ;
#2105 =( NAMED_UNIT ( * ) PLANE_ANGLE_UNIT ( ) SI_UNIT ( $, .RADIAN. ) );
#2106 = ORIENTED_EDGE ( 'NONE', *, *, #3990, .F. ) ;
#2107 = LINE ( 'NONE', #1282, #5691 ) ;
#2108 = VERTEX_POINT ( 'NONE', #2437 ) ;
#2109 = DIRECTION ( 'NONE',  ( -1.000000000000000000, 0.0000000000000000000, 0.0000000000000000000 ) ) ;
#2110 = ADVANCED_FACE ( 'NONE', ( #4903 ), #2480, .F. ) ;
#2111 = EDGE_CURVE ( 'NONE', #60, #8579, #2898, .T. ) ;
#2112 = CARTESIAN_POINT ( 'NONE',  ( 14.55166797165681913, 2.000000000000000000, 0.8180000000000000604 ) ) ;
#2113 = ORIENTED_EDGE ( 'NONE', *, *, #1981, .T. ) ;
#2114 = SURFACE_STYLE_FILL_AREA ( #2859 ) ;
#2115 = FACE_OUTER_BOUND ( 'NONE', #2926, .T. ) ;
#2116 = DIRECTION ( 'NONE',  ( -1.000000000000000000, 0.0000000000000000000, 0.0000000000000000000 ) ) ;
#2117 = LINE ( 'NONE', #5275, #681 ) ;
#2118 = CARTESIAN_POINT ( 'NONE',  ( 0.0000000000000000000, 0.0000000000000000000, -0.01800000000000000211 ) ) ;
#2119 = ORIENTED_EDGE ( 'NONE', *, *, #5190, .T. ) ;
#2120 = ADVANCED_FACE ( 'NONE', ( #1276 ), #5365, .F. ) ;
#2121 = EDGE_CURVE ( 'NONE', #3663, #3103, #1837, .T. ) ;
#2122 = ADVANCED_FACE ( 'NONE', ( #969 ), #1222, .F. ) ;
#2123 = FACE_OUTER_BOUND ( 'NONE', #5292, .T. ) ;
#2124 = ORIENTED_EDGE ( 'NONE', *, *, #7566, .F. ) ;
#2125 = ORIENTED_EDGE ( 'NONE', *, *, #3231, .F. ) ;
#2126 = CARTESIAN_POINT ( 'NONE',  ( 9.551667971656829792, 0.5500000000000000444, 0.8000000000000000444 ) ) ;
#2127 = CARTESIAN_POINT ( 'NONE',  ( 3.551667971656824907, 2.000000000000000000, 0.8000000000000000444 ) ) ;
#2128 = DIRECTION ( 'NONE',  ( 1.000000000000000000, 0.0000000000000000000, 0.0000000000000000000 ) ) ;
#2129 = CARTESIAN_POINT ( 'NONE',  ( 11.15166797165682055, 2.000000000000000000, -0.01800000000000000211 ) ) ;
#2130 = VERTEX_POINT ( 'NONE', #7838 ) ;
#2131 = FACE_OUTER_BOUND ( 'NONE', #1724, .T. ) ;
#2132 = DIRECTION ( 'NONE',  ( 1.000000000000000000, 0.0000000000000000000, 0.0000000000000000000 ) ) ;
#2133 = VERTEX_POINT ( 'NONE', #2102 ) ;
#2134 = DIRECTION ( 'NONE',  ( 0.0000000000000000000, 0.0000000000000000000, 1.000000000000000000 ) ) ;
#2135 = VERTEX_POINT ( 'NONE', #2957 ) ;
#2136 = DIRECTION ( 'NONE',  ( -1.000000000000000000, 1.239088197126289880E-15, 0.0000000000000000000 ) ) ;
#2137 = CARTESIAN_POINT ( 'NONE',  ( 20.92500000000000071, 3.500000000000000000, 0.8000000000000000444 ) ) ;
#2138 = MECHANICAL_DESIGN_GEOMETRIC_PRESENTATION_REPRESENTATION (  '', ( #6750 ), #8121 ) ;
#2139 = SURFACE_SIDE_STYLE ('',( #9469 ) ) ;
#2140 = LINE ( 'NONE', #7076, #2728 ) ;
#2141 = EDGE_CURVE ( 'NONE', #9210, #7935, #1023, .T. ) ;
#2142 = FACE_OUTER_BOUND ( 'NONE', #6787, .T. ) ;
#2143 = CARTESIAN_POINT ( 'NONE',  ( 9.401667971656829437, 0.5500000000000000444, 0.8180000000000000604 ) ) ;
#2144 = DIRECTION ( 'NONE',  ( -1.000000000000000000, 0.0000000000000000000, 0.0000000000000000000 ) ) ;
#2145 = AXIS2_PLACEMENT_3D ( 'NONE', #2088, #561, #9571 ) ;
#2146 = ORIENTED_EDGE ( 'NONE', *, *, #5792, .T. ) ;
#2147 = ORIENTED_EDGE ( 'NONE', *, *, #1574, .F. ) ;
#2148 = ORIENTED_EDGE ( 'NONE', *, *, #8919, .F. ) ;
#2149 = CARTESIAN_POINT ( 'NONE',  ( 7.301667971656820022, 2.000000000000000000, -0.01800000000000000211 ) ) ;
#2150 = AXIS2_PLACEMENT_3D ( 'NONE', #3139, #1519, #7323 ) ;
#2151 = ORIENTED_EDGE ( 'NONE', *, *, #4518, .T. ) ;
#2152 = DIRECTION ( 'NONE',  ( 0.0000000000000000000, 0.0000000000000000000, 1.000000000000000000 ) ) ;
#2153 = CARTESIAN_POINT ( 'NONE',  ( 10.55166797165681913, 2.000000000000000000, 0.8000000000000000444 ) ) ;
#2154 = DIRECTION ( 'NONE',  ( -1.000000000000000000, 0.0000000000000000000, 0.0000000000000000000 ) ) ;
#2155 = VECTOR ( 'NONE', #2871, 1000.000000000000000 ) ;
#2156 = VERTEX_POINT ( 'NONE', #1895 ) ;
#2157 = CARTESIAN_POINT ( 'NONE',  ( 6.551667971656830680, 2.000000000000000000, 0.8180000000000000604 ) ) ;
#2158 = EDGE_LOOP ( 'NONE', ( #8336, #8846, #304, #8547 ) ) ;
#2159 = DIRECTION ( 'NONE',  ( 1.000000000000000000, 0.0000000000000000000, 0.0000000000000000000 ) ) ;
#2160 = DIRECTION ( 'NONE',  ( 1.000000000000000000, 2.990902544787600071E-16, 0.0000000000000000000 ) ) ;
#2161 = EDGE_LOOP ( 'NONE', ( #6063, #4691, #9688, #3508 ) ) ;
#2162 = CARTESIAN_POINT ( 'NONE',  ( 8.051667971656829792, 0.5500000000000000444, 0.8000000000000000444 ) ) ;
#2163 = STYLED_ITEM ( 'NONE', ( #2915 ), #5380 ) ;
#2164 = VECTOR ( 'NONE', #672, 1000.000000000000000 ) ;
#2165 = CARTESIAN_POINT ( 'NONE',  ( 18.55166797165685111, 2.000000000000000000, 0.8000000000000000444 ) ) ;
#2166 =( NAMED_UNIT ( * ) SI_UNIT ( $, .STERADIAN. ) SOLID_ANGLE_UNIT ( ) );
#2167 = ADVANCED_FACE ( 'NONE', ( #5416 ), #4249, .F. ) ;
#2168 = EDGE_LOOP ( 'NONE', ( #9865, #9147, #7120, #5899 ) ) ;
#2169 = VECTOR ( 'NONE', #9093, 1000.000000000000000 ) ;
#2170 = DIRECTION ( 'NONE',  ( 1.000000000000000000, 0.0000000000000000000, 0.0000000000000000000 ) ) ;
#2171 = ORIENTED_EDGE ( 'NONE', *, *, #8000, .F. ) ;
#2172 = ORIENTED_EDGE ( 'NONE', *, *, #5916, .F. ) ;
#2173 = FACE_OUTER_BOUND ( 'NONE', #6274, .T. ) ;
#2174 = LINE ( 'NONE', #5437, #6363 ) ;
#2175 = LINE ( 'NONE', #5439, #2912 ) ;
#2176 = ADVANCED_FACE ( 'NONE', ( #7584 ), #10280, .T. ) ;
#2177 = EDGE_CURVE ( 'NONE', #6005, #3002, #3497, .T. ) ;
#2178 = VECTOR ( 'NONE', #9171, 1000.000000000000000 ) ;
#2179 = EDGE_CURVE ( 'NONE', #807, #6707, #5168, .T. ) ;
#2180 = SURFACE_STYLE_USAGE ( .BOTH. , #4484 ) ;
#2181 = EDGE_LOOP ( 'NONE', ( #4256, #9832, #1553, #9486 ) ) ;
#2182 = DIRECTION ( 'NONE',  ( 0.0000000000000000000, 0.0000000000000000000, -1.000000000000000000 ) ) ;
#2183 = ORIENTED_EDGE ( 'NONE', *, *, #8737, .T. ) ;
#2184 = LINE ( 'NONE', #3629, #8480 ) ;
#2185 = EDGE_LOOP ( 'NONE', ( #4702, #4746, #10475, #4584 ) ) ;
#2186 = DIRECTION ( 'NONE',  ( 0.0000000000000000000, 0.0000000000000000000, -1.000000000000000000 ) ) ;
#2187 = FACE_OUTER_BOUND ( 'NONE', #4714, .T. ) ;
#2188 = ADVANCED_FACE ( 'NONE', ( #4617 ), #7889, .F. ) ;
#2189 = ADVANCED_FACE ( 'NONE', ( #3110 ), #10329, .F. ) ;
#2190 = DIRECTION ( 'NONE',  ( -1.000000000000000000, 0.0000000000000000000, 0.0000000000000000000 ) ) ;
#2191 = EDGE_CURVE ( 'NONE', #2704, #3442, #4828, .T. ) ;
#2192 = DIRECTION ( 'NONE',  ( 1.000000000000000000, 0.0000000000000000000, 0.0000000000000000000 ) ) ;
#2193 = CARTESIAN_POINT ( 'NONE',  ( 10.65166797165682055, 2.000000000000000000, 0.0000000000000000000 ) ) ;
#2194 = VERTEX_POINT ( 'NONE', #2409 ) ;
#2195 = EDGE_CURVE ( 'NONE', #2735, #6909, #3007, .T. ) ;
#2196 = ORIENTED_EDGE ( 'NONE', *, *, #10304, .F. ) ;
#2197 = ORIENTED_EDGE ( 'NONE', *, *, #2380, .F. ) ;
#2198 = LINE ( 'NONE', #8096, #4257 ) ;
#2199 = AXIS2_PLACEMENT_3D ( 'NONE', #3627, #5189, #10203 ) ;
#2200 = VERTEX_POINT ( 'NONE', #7939 ) ;
#2201 = FACE_OUTER_BOUND ( 'NONE', #7131, .T. ) ;
#2202 = VECTOR ( 'NONE', #5064, 1000.000000000000000 ) ;
#2203 = DIRECTION ( 'NONE',  ( 0.0000000000000000000, 1.000000000000000000, 0.0000000000000000000 ) ) ;
#2204 = CARTESIAN_POINT ( 'NONE',  ( 14.05166797165682091, 2.000000000000000000, 0.8180000000000000604 ) ) ;
#2205 = VERTEX_POINT ( 'NONE', #2356 ) ;
#2206 = PLANE ( 'NONE',  #2598 ) ;
#2207 = ORIENTED_EDGE ( 'NONE', *, *, #5709, .F. ) ;
#2208 =( GEOMETRIC_REPRESENTATION_CONTEXT ( 3 ) GLOBAL_UNCERTAINTY_ASSIGNED_CONTEXT ( ( #4455 ) ) GLOBAL_UNIT_ASSIGNED_CONTEXT ( ( #3655, #1343, #10238 ) ) REPRESENTATION_CONTEXT ( 'NONE', 'WORKASPACE' ) );
#2209 = FACE_BOUND ( 'NONE', #9425, .T. ) ;
#2210 = DIRECTION ( 'NONE',  ( 1.000000000000000000, 0.0000000000000000000, 0.0000000000000000000 ) ) ;
#2211 = ORIENTED_EDGE ( 'NONE', *, *, #5532, .T. ) ;
#2212 = CARTESIAN_POINT ( 'NONE',  ( 7.801667971656819134, 2.000000000000000000, 0.0000000000000000000 ) ) ;
#2213 = AXIS2_PLACEMENT_3D ( 'NONE', #8606, #2170, #2924 ) ;
#2214 = FACE_OUTER_BOUND ( 'NONE', #5903, .T. ) ;
#2215 = COLOUR_RGB ( '',0.1019607843137254888, 0.1019607843137254888, 0.1019607843137254888 ) ;
#2216 = PLANE ( 'NONE',  #6001 ) ;
#2217 = CARTESIAN_POINT ( 'NONE',  ( 10.55166797165681913, 2.000000000000000000, 0.8000000000000000444 ) ) ;
#2218 = DIRECTION ( 'NONE',  ( 0.0000000000000000000, 0.0000000000000000000, -1.000000000000000000 ) ) ;
#2219 = FACE_OUTER_BOUND ( 'NONE', #5681, .T. ) ;
#2220 = EDGE_LOOP ( 'NONE', ( #2328, #7399, #2207, #9634 ) ) ;
#2221 = AXIS2_PLACEMENT_3D ( 'NONE', #5814, #9079, #1738 ) ;
#2222 = CARTESIAN_POINT ( 'NONE',  ( 16.00166797165680066, 0.2999999999999944933, 0.0000000000000000000 ) ) ;
#2223 = ORIENTED_EDGE ( 'NONE', *, *, #5991, .T. ) ;
#2224 = VECTOR ( 'NONE', #9651, 1000.000000000000000 ) ;
#2225 = VERTEX_POINT ( 'NONE', #3160 ) ;
#2226 = CARTESIAN_POINT ( 'NONE',  ( 8.551667971656828016, 2.000000000000000000, 0.8180000000000000604 ) ) ;
#2227 = CARTESIAN_POINT ( 'NONE',  ( 19.15166797165684898, 0.5499999999999929390, 0.0000000000000000000 ) ) ;
#2228 = CARTESIAN_POINT ( 'NONE',  ( 6.551667971656830680, 2.000000000000000000, 0.8000000000000000444 ) ) ;
#2229 = COLOUR_RGB ( '',0.6431372549019607199, 0.6156862745098039547, 0.5999999999999999778 ) ;
#2230 = VECTOR ( 'NONE', #8900, 1000.000000000000000 ) ;
#2231 = ORIENTED_EDGE ( 'NONE', *, *, #4695, .F. ) ;
#2232 = ADVANCED_FACE ( 'NONE', ( #1544 ), #5522, .F. ) ;
#2233 = EDGE_CURVE ( 'NONE', #8337, #9294, #1433, .T. ) ;
#2234 = VECTOR ( 'NONE', #1882, 1000.000000000000114 ) ;
#2235 = VECTOR ( 'NONE', #829, 1000.000000000000000 ) ;
#2236 = EDGE_CURVE ( 'NONE', #6342, #4425, #7989, .T. ) ;
#2237 = ORIENTED_EDGE ( 'NONE', *, *, #9049, .F. ) ;
#2238 = CARTESIAN_POINT ( 'NONE',  ( 2.401667971656824996, 2.000000000000000000, 0.8180000000000000604 ) ) ;
#2239 = VERTEX_POINT ( 'NONE', #7247 ) ;
#2240 = LINE ( 'NONE', #3735, #8247 ) ;
#2241 = CARTESIAN_POINT ( 'NONE',  ( 2.301667971656824907, 0.5500000000000000444, -0.01800000000000000211 ) ) ;
#2242 = DIRECTION ( 'NONE',  ( 0.0000000000000000000, 0.0000000000000000000, 1.000000000000000000 ) ) ;
#2243 = LINE ( 'NONE', #6217, #1010 ) ;
#2244 = VECTOR ( 'NONE', #3021, 1000.000000000000000 ) ;
#2245 = FACE_OUTER_BOUND ( 'NONE', #3750, .T. ) ;
#2246 = SURFACE_STYLE_USAGE ( .BOTH. , #1537 ) ;
#2247 = VECTOR ( 'NONE', #8049, 1000.000000000000000 ) ;
#2248 = LINE ( 'NONE', #9577, #2350 ) ;
#2249 = EDGE_CURVE ( 'NONE', #9176, #6764, #1758, .T. ) ;
#2250 = ORIENTED_EDGE ( 'NONE', *, *, #1843, .T. ) ;
#2251 = ADVANCED_FACE ( 'NONE', ( #9948 ), #2614, .T. ) ;
#2252 = VERTEX_POINT ( 'NONE', #4114 ) ;
#2253 = EDGE_LOOP ( 'NONE', ( #3173, #6865, #5775, #7662 ) ) ;
#2254 = FACE_OUTER_BOUND ( 'NONE', #5216, .T. ) ;
#2255 = VECTOR ( 'NONE', #3834, 1000.000000000000000 ) ;
#2256 = ORIENTED_EDGE ( 'NONE', *, *, #9875, .T. ) ;
#2257 = VECTOR ( 'NONE', #5973, 1000.000000000000000 ) ;
#2258 = DIRECTION ( 'NONE',  ( 0.0000000000000000000, 0.0000000000000000000, 1.000000000000000000 ) ) ;
#2259 = CARTESIAN_POINT ( 'NONE',  ( 14.05166797165682091, 2.000000000000000000, 0.8180000000000000604 ) ) ;
#2260 = CARTESIAN_POINT ( 'NONE',  ( 17.55166797165684756, 0.5500000000000000444, 0.8180000000000000604 ) ) ;
#2261 = ORIENTED_EDGE ( 'NONE', *, *, #9693, .F. ) ;
#2262 = CARTESIAN_POINT ( 'NONE',  ( 19.90166797165684542, 0.5500000000000000444, 0.8000000000000000444 ) ) ;
#2263 = EDGE_CURVE ( 'NONE', #6846, #3235, #5891, .T. ) ;
#2264 = VERTEX_POINT ( 'NONE', #9995 ) ;
#2265 = VECTOR ( 'NONE', #8506, 1000.000000000000000 ) ;
#2266 = VECTOR ( 'NONE', #8824, 1000.000000000000000 ) ;
#2267 = LINE ( 'NONE', #1496, #6294 ) ;
#2268 = VERTEX_POINT ( 'NONE', #1644 ) ;
#2269 = LINE ( 'NONE', #3123, #7196 ) ;
#2270 = ORIENTED_EDGE ( 'NONE', *, *, #6901, .F. ) ;
#2271 = CARTESIAN_POINT ( 'NONE',  ( 4.251667971656825529, -1.469576158976823799E-16, 0.1091910702798599975 ) ) ;
#2272 = PLANE ( 'NONE',  #3778 ) ;
#2273 = STYLED_ITEM ( 'NONE', ( #4011 ), #8537 ) ;
#2274 = CARTESIAN_POINT ( 'NONE',  ( 3.651667971656824996, 0.5500000000000000444, -0.01800000000000000211 ) ) ;
#2275 = CARTESIAN_POINT ( 'NONE',  ( 21.99500000000000099, 79.99000000000000909, -1.350000000000000089 ) ) ;
#2276 = CARTESIAN_POINT ( 'NONE',  ( 7.551667971656830680, 2.000000000000000000, 0.8180000000000000604 ) ) ;
#2277 = EDGE_CURVE ( 'NONE', #1744, #4854, #7450, .T. ) ;
#2278 = ORIENTED_EDGE ( 'NONE', *, *, #4852, .F. ) ;
#2279 = LINE ( 'NONE', #745, #6141 ) ;
#2280 = ORIENTED_EDGE ( 'NONE', *, *, #5447, .F. ) ;
#2281 = AXIS2_PLACEMENT_3D ( 'NONE', #5325, #2910, #9438 ) ;
#2282 = CARTESIAN_POINT ( 'NONE',  ( 12.65166797165682055, 2.000000000000000000, 0.0000000000000000000 ) ) ;
#2283 = CARTESIAN_POINT ( 'NONE',  ( 14.05166797165682091, 2.000000000000000000, 0.8180000000000000604 ) ) ;
#2284 = VECTOR ( 'NONE', #3389, 1000.000000000000000 ) ;
#2285 = PLANE ( 'NONE',  #9495 ) ;
#2286 = LINE ( 'NONE', #5550, #8417 ) ;
#2287 = ORIENTED_EDGE ( 'NONE', *, *, #7242, .T. ) ;
#2288 = ORIENTED_EDGE ( 'NONE', *, *, #10353, .T. ) ;
#2289 = EDGE_LOOP ( 'NONE', ( #8557, #8907, #9338, #8257 ) ) ;
#2290 = CARTESIAN_POINT ( 'NONE',  ( 9.651667971656820555, 0.5500000000000000444, -0.01800000000000000211 ) ) ;
#2291 = ORIENTED_EDGE ( 'NONE', *, *, #5914, .F. ) ;
#2292 = LINE ( 'NONE', #4817, #7059 ) ;
#2293 = LINE ( 'NONE', #6528, #6424 ) ;
#2294 = DIRECTION ( 'NONE',  ( 2.990902544787600071E-16, -1.000000000000000000, 0.0000000000000000000 ) ) ;
#2295 = ADVANCED_FACE ( 'NONE', ( #5091 ), #76, .T. ) ;
#2296 = CARTESIAN_POINT ( 'NONE',  ( 0.005000000000005000445, 4.009999999999999787, 2.149999999999999911 ) ) ;
#2297 = PLANE ( 'NONE',  #5093 ) ;
#2298 = VERTEX_POINT ( 'NONE', #3371 ) ;
#2299 = VECTOR ( 'NONE', #404, 1000.000000000000000 ) ;
#2300 = VERTEX_POINT ( 'NONE', #4927 ) ;
#2301 = ORIENTED_EDGE ( 'NONE', *, *, #6556, .T. ) ;
#2302 = CARTESIAN_POINT ( 'NONE',  ( 14.55166797165681913, 0.5500000000000000444, 0.8180000000000000604 ) ) ;
#2303 = ORIENTED_EDGE ( 'NONE', *, *, #5379, .F. ) ;
#2304 = DIRECTION ( 'NONE',  ( 0.0000000000000000000, 1.000000000000000000, 0.0000000000000000000 ) ) ;
#2305 = EDGE_CURVE ( 'NONE', #8579, #4598, #8354, .T. ) ;
#2306 = CYLINDRICAL_SURFACE ( 'NONE', #6870, 1.749999999999999778 ) ;
#2307 = LINE ( 'NONE', #3909, #9069 ) ;
#2308 = EDGE_CURVE ( 'NONE', #4361, #7032, #4280, .T. ) ;
#2309 = ORIENTED_EDGE ( 'NONE', *, *, #7883, .F. ) ;
#2310 = EDGE_CURVE ( 'NONE', #10149, #2156, #2670, .T. ) ;
#2311 = CARTESIAN_POINT ( 'NONE',  ( 17.20166797165684969, 1.469576158976835879E-16, 0.8000000000000000444 ) ) ;
#2312 = EDGE_LOOP ( 'NONE', ( #1954, #9214, #8757, #4255 ) ) ;
#2313 = PLANE ( 'NONE',  #2331 ) ;
#2314 = VECTOR ( 'NONE', #6686, 1000.000000000000000 ) ;
#2315 =( GEOMETRIC_REPRESENTATION_CONTEXT ( 3 ) GLOBAL_UNCERTAINTY_ASSIGNED_CONTEXT ( ( #4439 ) ) GLOBAL_UNIT_ASSIGNED_CONTEXT ( ( #7877, #8625, #4551 ) ) REPRESENTATION_CONTEXT ( 'NONE', 'WORKASPACE' ) );
#2316 = DIRECTION ( 'NONE',  ( 0.0000000000000000000, 0.0000000000000000000, 1.000000000000000000 ) ) ;
#2317 = VERTEX_POINT ( 'NONE', #940 ) ;
#2318 = DIRECTION ( 'NONE',  ( 1.000000000000000000, -1.239088197126289880E-15, 0.0000000000000000000 ) ) ;
#2319 = EDGE_LOOP ( 'NONE', ( #7156, #10096, #4350, #2448 ) ) ;
#2320 =( LENGTH_UNIT ( ) NAMED_UNIT ( * ) SI_UNIT ( .MILLI., .METRE. ) );
#2321 = VECTOR ( 'NONE', #7215, 1000.000000000000000 ) ;
#2322 = EDGE_CURVE ( 'NONE', #8842, #1062, #9101, .T. ) ;
#2323 = EDGE_CURVE ( 'NONE', #3157, #5823, #6591, .T. ) ;
#2324 = DIRECTION ( 'NONE',  ( 1.000000000000000000, 0.0000000000000000000, 0.0000000000000000000 ) ) ;
#2325 =( LENGTH_UNIT ( ) NAMED_UNIT ( * ) SI_UNIT ( .MILLI., .METRE. ) );
#2326 = ORIENTED_EDGE ( 'NONE', *, *, #6180, .F. ) ;
#2327 = FACE_OUTER_BOUND ( 'NONE', #4403, .T. ) ;
#2328 = ORIENTED_EDGE ( 'NONE', *, *, #2365, .F. ) ;
#2329 = AXIS2_PLACEMENT_3D ( 'NONE', #1515, #5436, #3929 ) ;
#2330 = CARTESIAN_POINT ( 'NONE',  ( 11.55166797165682091, 2.000000000000000000, 0.8180000000000000604 ) ) ;
#2331 = AXIS2_PLACEMENT_3D ( 'NONE', #8905, #3971, #10390 ) ;
#2332 = EDGE_LOOP ( 'NONE', ( #5281, #3924, #9220, #1775 ) ) ;
#2333 = ADVANCED_FACE ( 'NONE', ( #26 ), #828, .T. ) ;
#2334 = DIRECTION ( 'NONE',  ( 1.000000000000000000, 0.0000000000000000000, 0.0000000000000000000 ) ) ;
#2335 = LINE ( 'NONE', #9815, #3563 ) ;
#2336 = PRESENTATION_STYLE_ASSIGNMENT (( #8117 ) ) ;
#2337 =( NAMED_UNIT ( * ) PLANE_ANGLE_UNIT ( ) SI_UNIT ( $, .RADIAN. ) );
#2338 = VECTOR ( 'NONE', #1557, 1000.000000000000000 ) ;
#2339 = DIRECTION ( 'NONE',  ( 0.0000000000000000000, 0.0000000000000000000, 1.000000000000000000 ) ) ;
#2340 = EDGE_LOOP ( 'NONE', ( #8384, #5492, #9579, #7858 ) ) ;
#2341 = VECTOR ( 'NONE', #2349, 1000.000000000000000 ) ;
#2342 = ORIENTED_EDGE ( 'NONE', *, *, #402, .T. ) ;
#2343 = EDGE_LOOP ( 'NONE', ( #2068, #2869, #4186, #1743 ) ) ;
#2344 = DIRECTION ( 'NONE',  ( -1.000000000000000000, 0.0000000000000000000, 0.0000000000000000000 ) ) ;
#2345 = ORIENTED_EDGE ( 'NONE', *, *, #919, .F. ) ;
#2346 = DIRECTION ( 'NONE',  ( 0.0000000000000000000, 0.0000000000000000000, 1.000000000000000000 ) ) ;
#2347 = DIRECTION ( 'NONE',  ( 0.0000000000000000000, 0.0000000000000000000, -1.000000000000000000 ) ) ;
#2348 = LINE ( 'NONE', #4917, #8475 ) ;
#2349 = DIRECTION ( 'NONE',  ( 1.000000000000000000, -3.097720492815730124E-16, 0.0000000000000000000 ) ) ;
#2350 = VECTOR ( 'NONE', #2351, 1000.000000000000000 ) ;
#2351 = DIRECTION ( 'NONE',  ( -1.000000000000000000, 0.0000000000000000000, 0.0000000000000000000 ) ) ;
#2352 = ORIENTED_EDGE ( 'NONE', *, *, #4593, .F. ) ;
#2353 = VERTEX_POINT ( 'NONE', #183 ) ;
#2354 = ORIENTED_EDGE ( 'NONE', *, *, #9707, .F. ) ;
#2355 = FACE_OUTER_BOUND ( 'NONE', #10378, .T. ) ;
#2356 = CARTESIAN_POINT ( 'NONE',  ( 12.30166797165681913, 0.5500000000000000444, -0.01800000000000000211 ) ) ;
#2357 = CARTESIAN_POINT ( 'NONE',  ( 18.05166797165684756, 2.000000000000000000, 0.8180000000000000604 ) ) ;
#2358 = DIRECTION ( 'NONE',  ( 0.0000000000000000000, 0.0000000000000000000, -1.000000000000000000 ) ) ;
#2359 = DIRECTION ( 'NONE',  ( 2.621072365114365286E-16, -1.000000000000000000, 0.0000000000000000000 ) ) ;
#2360 = ORIENTED_EDGE ( 'NONE', *, *, #10003, .F. ) ;
#2361 = DIRECTION ( 'NONE',  ( -0.0000000000000000000, 1.000000000000000000, 0.0000000000000000000 ) ) ;
#2362 = CARTESIAN_POINT ( 'NONE',  ( 12.75000000000000000, 80.00000000000000000, 0.0000000000000000000 ) ) ;
#2363 = EDGE_CURVE ( 'NONE', #9483, #4859, #3470, .T. ) ;
#2364 = EDGE_LOOP ( 'NONE', ( #4569, #5309, #4786, #5543 ) ) ;
#2365 = EDGE_CURVE ( 'NONE', #469, #7208, #5144, .T. ) ;
#2366 = CARTESIAN_POINT ( 'NONE',  ( 17.90166797165684898, 2.000000000000000000, 0.8180000000000000604 ) ) ;
#2367 = ADVANCED_FACE ( 'NONE', ( #10591 ), #3269, .F. ) ;
#2368 = EDGE_LOOP ( 'NONE', ( #1030, #5162, #9603, #867 ) ) ;
#2369 = DIRECTION ( 'NONE',  ( 0.0000000000000000000, 0.0000000000000000000, 1.000000000000000000 ) ) ;
#2370 = COLOUR_RGB ( '',0.6431372549019607199, 0.6156862745098039547, 0.5999999999999999778 ) ;
#2371 = CARTESIAN_POINT ( 'NONE',  ( 8.051667971656829792, 2.000000000000000000, 0.8180000000000000604 ) ) ;
#2372 = SURFACE_STYLE_USAGE ( .BOTH. , #1404 ) ;
#2373 = COLOUR_RGB ( '',0.6431372549019607199, 0.6156862745098039547, 0.5999999999999999778 ) ;
#2374 = EDGE_LOOP ( 'NONE', ( #5052, #9201, #6736, #6663, #2291, #10535, #4043, #2602, #10172, #785, #1877, #2012, #3901, #2360, #10572, #8451, #3337, #549, #10333, #3890, #1342, #1706, #2456, #1782, #8265, #809 ) ) ;
#2375 = CARTESIAN_POINT ( 'NONE',  ( 2.051667971656824907, 0.5499999999999900524, 0.8000000000000000444 ) ) ;
#2376 = ORIENTED_EDGE ( 'NONE', *, *, #7969, .T. ) ;
#2377 = DIRECTION ( 'NONE',  ( 0.0000000000000000000, -1.000000000000000000, 0.0000000000000000000 ) ) ;
#2378 = DIRECTION ( 'NONE',  ( 1.000000000000000000, 0.0000000000000000000, 0.0000000000000000000 ) ) ;
#2379 = ADVANCED_FACE ( 'NONE', ( #9843 ), #9044, .F. ) ;
#2380 = EDGE_CURVE ( 'NONE', #3326, #10462, #886, .T. ) ;
#2381 = ORIENTED_EDGE ( 'NONE', *, *, #1241, .T. ) ;
#2382 =( NAMED_UNIT ( * ) SI_UNIT ( $, .STERADIAN. ) SOLID_ANGLE_UNIT ( ) );
#2383 = ADVANCED_FACE ( 'NONE', ( #7021 ), #8453, .F. ) ;
#2384 = CARTESIAN_POINT ( 'NONE',  ( 10.05166797165682091, 2.000000000000000000, 0.8180000000000000604 ) ) ;
#2385 = DIRECTION ( 'NONE',  ( 0.0000000000000000000, 0.0000000000000000000, 1.000000000000000000 ) ) ;
#2386 = LINE ( 'NONE', #3883, #5469 ) ;
#2387 = SURFACE_STYLE_USAGE ( .BOTH. , #7273 ) ;
#2388 = DIRECTION ( 'NONE',  ( -2.990902544787600071E-16, 1.000000000000000000, 0.0000000000000000000 ) ) ;
#2389 = VERTEX_POINT ( 'NONE', #2030 ) ;
#2390 = VECTOR ( 'NONE', #1319, 1000.000000000000000 ) ;
#2391 = EDGE_CURVE ( 'NONE', #4909, #6015, #284, .T. ) ;
#2392 = VECTOR ( 'NONE', #7258, 1000.000000000000000 ) ;
#2393 = VERTEX_POINT ( 'NONE', #229 ) ;
#2394 = ORIENTED_EDGE ( 'NONE', *, *, #10147, .T. ) ;
#2395 = CARTESIAN_POINT ( 'NONE',  ( 0.0000000000000000000, 0.0000000000000000000, -0.01800000000000000211 ) ) ;
#2396 = ORIENTED_EDGE ( 'NONE', *, *, #3889, .T. ) ;
#2397 = MECHANICAL_DESIGN_GEOMETRIC_PRESENTATION_REPRESENTATION (  '', ( #6336 ), #3256 ) ;
#2398 = FACE_OUTER_BOUND ( 'NONE', #7601, .T. ) ;
#2399 = CARTESIAN_POINT ( 'NONE',  ( 14.55166797165681913, 2.000000000000000000, 0.8180000000000000604 ) ) ;
#2400 = CARTESIAN_POINT ( 'NONE',  ( 8.051667971656829792, 2.000000000000000000, 0.8000000000000000444 ) ) ;
#2401 = CARTESIAN_POINT ( 'NONE',  ( 19.55166797165679782, 2.000000000000000000, 0.8180000000000000604 ) ) ;
#2402 = AXIS2_PLACEMENT_3D ( 'NONE', #9431, #3589, #246 ) ;
#2403 = LINE ( 'NONE', #6326, #945 ) ;
#2404 = VECTOR ( 'NONE', #5576, 1000.000000000000000 ) ;
#2405 = CARTESIAN_POINT ( 'NONE',  ( 11.00000000000000000, 79.00000000000000000, -1.350000000000000089 ) ) ;
#2406 = ORIENTED_EDGE ( 'NONE', *, *, #3292, .T. ) ;
#2407 = ORIENTED_EDGE ( 'NONE', *, *, #347, .F. ) ;
#2408 = FACE_OUTER_BOUND ( 'NONE', #1013, .T. ) ;
#2409 = CARTESIAN_POINT ( 'NONE',  ( 10.30166797165681913, 2.000000000000000000, -0.01800000000000000211 ) ) ;
#2410 = AXIS2_PLACEMENT_3D ( 'NONE', #791, #6456, #4073 ) ;
#2411 = LINE ( 'NONE', #3271, #3406 ) ;
#2412 = DIRECTION ( 'NONE',  ( 1.000000000000000000, 0.0000000000000000000, 0.0000000000000000000 ) ) ;
#2413 = VERTEX_POINT ( 'NONE', #6800 ) ;
#2414 = UNCERTAINTY_MEASURE_WITH_UNIT (LENGTH_MEASURE( 1.000000000000000082E-05 ), #2325, 'distance_accuracy_value', 'NONE');
#2415 = FACE_OUTER_BOUND ( 'NONE', #2921, .T. ) ;
#2416 = VECTOR ( 'NONE', #5343, 1000.000000000000000 ) ;
#2417 = LINE ( 'NONE', #5897, #8197 ) ;
#2418 = ORIENTED_EDGE ( 'NONE', *, *, #6976, .F. ) ;
#2419 = MECHANICAL_DESIGN_GEOMETRIC_PRESENTATION_REPRESENTATION (  '', ( #2936 ), #5501 ) ;
#2420 = CARTESIAN_POINT ( 'NONE',  ( 19.80166797165679782, 2.000000000000000000, 0.0000000000000000000 ) ) ;
#2421 = ORIENTED_EDGE ( 'NONE', *, *, #5328, .F. ) ;
#2422 = PLANE ( 'NONE',  #4360 ) ;
#2423 = LINE ( 'NONE', #4890, #3262 ) ;
#2424 = FILL_AREA_STYLE ('',( #8062 ) ) ;
#2425 = SURFACE_STYLE_USAGE ( .BOTH. , #5595 ) ;
#2426 = ORIENTED_EDGE ( 'NONE', *, *, #10486, .F. ) ;
#2427 = CIRCLE ( 'NONE', #10457, 0.5000000000000004441 ) ;
#2428 = DIRECTION ( 'NONE',  ( 0.0000000000000000000, -1.000000000000000000, 0.0000000000000000000 ) ) ;
#2429 = MECHANICAL_DESIGN_GEOMETRIC_PRESENTATION_REPRESENTATION (  '', ( #7063 ), #9608 ) ;
#2430 = ORIENTED_EDGE ( 'NONE', *, *, #541, .T. ) ;
#2431 = CARTESIAN_POINT ( 'NONE',  ( 5.451667971656830147, -9.629649721936179265E-32, 0.8000000000000000444 ) ) ;
#2432 = EDGE_CURVE ( 'NONE', #171, #3660, #2721, .T. ) ;
#2433 = CARTESIAN_POINT ( 'NONE',  ( 8.000000000000000000, 79.00000000000000000, -1.350000000000000089 ) ) ;
#2434 = ORIENTED_EDGE ( 'NONE', *, *, #5738, .T. ) ;
#2435 = CARTESIAN_POINT ( 'NONE',  ( 11.80166797165682091, 2.000000000000000000, -0.01800000000000000211 ) ) ;
#2436 = VECTOR ( 'NONE', #7896, 1000.000000000000000 ) ;
#2437 = CARTESIAN_POINT ( 'NONE',  ( 10.65166797165682055, 0.5500000000000000444, 0.0000000000000000000 ) ) ;
#2438 = DIRECTION ( 'NONE',  ( 0.0000000000000000000, 0.0000000000000000000, 1.000000000000000000 ) ) ;
#2439 = DIRECTION ( 'NONE',  ( 0.0000000000000000000, 1.000000000000000000, 0.0000000000000000000 ) ) ;
#2440 = CARTESIAN_POINT ( 'NONE',  ( 8.551667971656828016, 0.5500000000000000444, 0.8180000000000000604 ) ) ;
#2441 = EDGE_CURVE ( 'NONE', #1029, #7926, #3634, .T. ) ;
#2442 = EDGE_CURVE ( 'NONE', #9638, #896, #2089, .T. ) ;
#2443 = ORIENTED_EDGE ( 'NONE', *, *, #5178, .T. ) ;
#2444 = EDGE_CURVE ( 'NONE', #5941, #171, #10048, .T. ) ;
#2445 = ORIENTED_EDGE ( 'NONE', *, *, #9128, .T. ) ;
#2446 = ORIENTED_EDGE ( 'NONE', *, *, #7513, .F. ) ;
#2447 = PLANE ( 'NONE',  #237 ) ;
#2448 = ORIENTED_EDGE ( 'NONE', *, *, #2506, .T. ) ;
#2449 =( NAMED_UNIT ( * ) PLANE_ANGLE_UNIT ( ) SI_UNIT ( $, .RADIAN. ) );
#2450 = CARTESIAN_POINT ( 'NONE',  ( 18.55166797165685111, 2.000000000000000000, 0.8000000000000000444 ) ) ;
#2451 = EDGE_CURVE ( 'NONE', #1299, #8629, #8567, .T. ) ;
#2452 = FACE_OUTER_BOUND ( 'NONE', #2364, .T. ) ;
#2453 = PLANE ( 'NONE',  #8671 ) ;
#2454 = DIRECTION ( 'NONE',  ( -0.0000000000000000000, 1.000000000000000000, 0.0000000000000000000 ) ) ;
#2455 = CARTESIAN_POINT ( 'NONE',  ( 1.551667971656825129, 2.000000000000000000, 0.8180000000000000604 ) ) ;
#2456 = ORIENTED_EDGE ( 'NONE', *, *, #9951, .F. ) ;
#2457 = ORIENTED_EDGE ( 'NONE', *, *, #10599, .T. ) ;
#2458 = DIRECTION ( 'NONE',  ( 0.0000000000000000000, 0.0000000000000000000, -1.000000000000000000 ) ) ;
#2459 = EDGE_CURVE ( 'NONE', #6866, #787, #9417, .T. ) ;
#2460 = DIRECTION ( 'NONE',  ( 0.0000000000000000000, 0.0000000000000000000, 1.000000000000000000 ) ) ;
#2461 = DIRECTION ( 'NONE',  ( 0.0000000000000000000, 0.0000000000000000000, -1.000000000000000000 ) ) ;
#2462 = DIRECTION ( 'NONE',  ( 0.0000000000000000000, -1.000000000000000000, 0.0000000000000000000 ) ) ;
#2463 = EDGE_LOOP ( 'NONE', ( #9050, #3463, #5877, #8827 ) ) ;
#2464 = LINE ( 'NONE', #1819, #815 ) ;
#2465 = ORIENTED_EDGE ( 'NONE', *, *, #7513, .T. ) ;
#2466 = LINE ( 'NONE', #8363, #3583 ) ;
#2467 = ORIENTED_EDGE ( 'NONE', *, *, #2496, .F. ) ;
#2468 = CARTESIAN_POINT ( 'NONE',  ( 13.05166797165682091, 2.000000000000000000, 0.8180000000000000604 ) ) ;
#2469 = FACE_OUTER_BOUND ( 'NONE', #2558, .T. ) ;
#2470 = PRESENTATION_STYLE_ASSIGNMENT (( #5955 ) ) ;
#2471 = LINE ( 'NONE', #147, #3423 ) ;
#2472 = ORIENTED_EDGE ( 'NONE', *, *, #6831, .F. ) ;
#2473 = FACE_OUTER_BOUND ( 'NONE', #8975, .T. ) ;
#2474 = VERTEX_POINT ( 'NONE', #8622 ) ;
#2475 = FACE_OUTER_BOUND ( 'NONE', #2073, .T. ) ;
#2476 = ORIENTED_EDGE ( 'NONE', *, *, #2177, .T. ) ;
#2477 = CARTESIAN_POINT ( 'NONE',  ( 6.651667971656819667, 2.000000000000000000, 0.0000000000000000000 ) ) ;
#2478 = VECTOR ( 'NONE', #2029, 1000.000000000000000 ) ;
#2479 = CARTESIAN_POINT ( 'NONE',  ( 3.651667971656824996, 0.5500000000000000444, 0.0000000000000000000 ) ) ;
#2480 = PLANE ( 'NONE',  #9724 ) ;
#2481 = MECHANICAL_DESIGN_GEOMETRIC_PRESENTATION_REPRESENTATION (  '', ( #9996 ), #2315 ) ;
#2482 = DIRECTION ( 'NONE',  ( -1.000000000000000000, 0.0000000000000000000, 0.0000000000000000000 ) ) ;
#2483 = ADVANCED_FACE ( 'NONE', ( #4377 ), #1924, .T. ) ;
#2484 = DIRECTION ( 'NONE',  ( 0.0000000000000000000, 0.0000000000000000000, -1.000000000000000000 ) ) ;
#2485 = DIRECTION ( 'NONE',  ( 0.0000000000000000000, 0.0000000000000000000, -1.000000000000000000 ) ) ;
#2486 = ORIENTED_EDGE ( 'NONE', *, *, #6176, .F. ) ;
#2487 = AXIS2_PLACEMENT_3D ( 'NONE', #7822, #6261, #397 ) ;
#2488 = ORIENTED_EDGE ( 'NONE', *, *, #4002, .T. ) ;
#2489 = ORIENTED_EDGE ( 'NONE', *, *, #379, .T. ) ;
#2490 = ADVANCED_FACE ( 'NONE', ( #7774 ), #4547, .F. ) ;
#2491 = LINE ( 'NONE', #3403, #9670 ) ;
#2492 = ORIENTED_EDGE ( 'NONE', *, *, #10484, .T. ) ;
#2493 = EDGE_CURVE ( 'NONE', #3749, #3519, #2781, .T. ) ;
#2494 = VECTOR ( 'NONE', #9924, 1000.000000000000000 ) ;
#2495 = PLANE ( 'NONE',  #7281 ) ;
#2496 = EDGE_CURVE ( 'NONE', #7386, #638, #7716, .T. ) ;
#2497 = VECTOR ( 'NONE', #10569, 1000.000000000000000 ) ;
#2498 = EDGE_LOOP ( 'NONE', ( #148, #3445, #758, #2802 ) ) ;
#2499 = DIRECTION ( 'NONE',  ( 0.0000000000000000000, -1.000000000000000000, 0.0000000000000000000 ) ) ;
#2500 = DIRECTION ( 'NONE',  ( -1.000000000000000000, 0.0000000000000000000, 0.0000000000000000000 ) ) ;
#2501 = DIRECTION ( 'NONE',  ( 0.0000000000000000000, 1.000000000000000000, 0.0000000000000000000 ) ) ;
#2502 = VECTOR ( 'NONE', #944, 1000.000000000000000 ) ;
#2503 = CARTESIAN_POINT ( 'NONE',  ( 12.15166797165682055, 2.000000000000000000, -0.01800000000000000211 ) ) ;
#2504 = ORIENTED_EDGE ( 'NONE', *, *, #1857, .T. ) ;
#2505 = EDGE_CURVE ( 'NONE', #2268, #10014, #9308, .T. ) ;
#2506 = EDGE_CURVE ( 'NONE', #852, #2130, #5244, .T. ) ;
#2507 = EDGE_LOOP ( 'NONE', ( #7516, #5192, #7788, #10402 ) ) ;
#2508 = CARTESIAN_POINT ( 'NONE',  ( 12.40166797165682055, 0.5500000000000000444, 0.8000000000000000444 ) ) ;
#2509 = EDGE_CURVE ( 'NONE', #9919, #6085, #1149, .T. ) ;
#2510 = CARTESIAN_POINT ( 'NONE',  ( 0.0000000000000000000, 0.0000000000000000000, -0.01800000000000000211 ) ) ;
#2511 = CARTESIAN_POINT ( 'NONE',  ( 9.901667971656820555, 0.5500000000000000444, 0.8000000000000000444 ) ) ;
#2512 = CARTESIAN_POINT ( 'NONE',  ( 14.80166797165682091, 2.000000000000000000, 0.0000000000000000000 ) ) ;
#2513 = VECTOR ( 'NONE', #7580, 1000.000000000000000 ) ;
#2514 = DIRECTION ( 'NONE',  ( -1.000000000000000000, 0.0000000000000000000, 0.0000000000000000000 ) ) ;
#2515 = VERTEX_POINT ( 'NONE', #459 ) ;
#2516 = UNCERTAINTY_MEASURE_WITH_UNIT (LENGTH_MEASURE( 1.000000000000000082E-05 ), #5527, 'distance_accuracy_value', 'NONE');
#2517 = LINE ( 'NONE', #7510, #5580 ) ;
#2518 = VECTOR ( 'NONE', #7343, 1000.000000000000114 ) ;
#2519 = ADVANCED_FACE ( 'NONE', ( #3739 ), #10268, .F. ) ;
#2520 = DIRECTION ( 'NONE',  ( -1.000000000000000000, 0.0000000000000000000, 0.0000000000000000000 ) ) ;
#2521 = EDGE_LOOP ( 'NONE', ( #466, #3759, #6075, #7966 ) ) ;
#2522 = CARTESIAN_POINT ( 'NONE',  ( 11.90166797165682055, 2.000000000000000000, 0.8000000000000000444 ) ) ;
#2523 = VERTEX_POINT ( 'NONE', #8035 ) ;
#2524 = FACE_OUTER_BOUND ( 'NONE', #1006, .T. ) ;
#2525 = CARTESIAN_POINT ( 'NONE',  ( 14.15166797165682055, 2.000000000000000000, 0.0000000000000000000 ) ) ;
#2526 = CARTESIAN_POINT ( 'NONE',  ( 5.451667971656830147, -9.629649721936179265E-32, 0.1091910702798599975 ) ) ;
#2527 = CARTESIAN_POINT ( 'NONE',  ( 19.40166797165684898, 2.000000000000000000, 0.8180000000000000604 ) ) ;
#2528 = ORIENTED_EDGE ( 'NONE', *, *, #5782, .T. ) ;
#2529 = FILL_AREA_STYLE ('',( #3440 ) ) ;
#2530 = VERTEX_POINT ( 'NONE', #4708 ) ;
#2531 = CARTESIAN_POINT ( 'NONE',  ( 11.80166797165682091, 2.000000000000000000, -0.01800000000000000211 ) ) ;
#2532 =( NAMED_UNIT ( * ) PLANE_ANGLE_UNIT ( ) SI_UNIT ( $, .RADIAN. ) );
#2533 = ORIENTED_EDGE ( 'NONE', *, *, #844, .T. ) ;
#2534 = DIRECTION ( 'NONE',  ( 0.0000000000000000000, 0.0000000000000000000, 1.000000000000000000 ) ) ;
#2535 = PLANE ( 'NONE',  #2664 ) ;
#2536 = CARTESIAN_POINT ( 'NONE',  ( 10.80166797165682091, 0.5500000000000000444, -0.01800000000000000211 ) ) ;
#2537 = CARTESIAN_POINT ( 'NONE',  ( 14.65166797165682055, 2.000000000000000000, -0.01800000000000000211 ) ) ;
#2538 = PLANE ( 'NONE',  #5661 ) ;
#2539 = LINE ( 'NONE', #8279, #5305 ) ;
#2540 = DIRECTION ( 'NONE',  ( 2.990902544787600071E-16, -1.000000000000000000, 0.0000000000000000000 ) ) ;
#2541 = ORIENTED_EDGE ( 'NONE', *, *, #9888, .T. ) ;
#2542 = ORIENTED_EDGE ( 'NONE', *, *, #8482, .F. ) ;
#2543 = ORIENTED_EDGE ( 'NONE', *, *, #3810, .F. ) ;
#2544 = FACE_BOUND ( 'NONE', #3571, .T. ) ;
#2545 = VERTEX_POINT ( 'NONE', #2995 ) ;
#2546 = CARTESIAN_POINT ( 'NONE',  ( 13.55166797165682091, 2.000000000000000000, 0.8180000000000000604 ) ) ;
#2547 = AXIS2_PLACEMENT_3D ( 'NONE', #6864, #5202, #8462 ) ;
#2548 = EDGE_LOOP ( 'NONE', ( #2706, #6394, #6030, #1069 ) ) ;
#2549 = VECTOR ( 'NONE', #9415, 1000.000000000000000 ) ;
#2550 = DIRECTION ( 'NONE',  ( -1.000000000000000000, 0.0000000000000000000, 0.0000000000000000000 ) ) ;
#2551 = EDGE_CURVE ( 'NONE', #4066, #8205, #6423, .T. ) ;
#2552 = EDGE_CURVE ( 'NONE', #5487, #3310, #6320, .T. ) ;
#2553 = CARTESIAN_POINT ( 'NONE',  ( 4.851667971656830503, 2.899999999999999911, 0.8000000000000000444 ) ) ;
#2554 = EDGE_CURVE ( 'NONE', #443, #958, #8729, .T. ) ;
#2555 = VECTOR ( 'NONE', #9402, 1000.000000000000000 ) ;
#2556 = CIRCLE ( 'NONE', #9911, 2.999999999999999112 ) ;
#2557 = DIRECTION ( 'NONE',  ( -1.000000000000000000, 0.0000000000000000000, 0.0000000000000000000 ) ) ;
#2558 = EDGE_LOOP ( 'NONE', ( #6903, #6582, #9295, #9222 ) ) ;
#2559 = ORIENTED_EDGE ( 'NONE', *, *, #769, .T. ) ;
#2560 = DIRECTION ( 'NONE',  ( -1.000000000000000000, 0.0000000000000000000, 0.0000000000000000000 ) ) ;
#2561 = CARTESIAN_POINT ( 'NONE',  ( 7.901667971656829437, 2.000000000000000000, 0.8180000000000000604 ) ) ;
#2562 = LINE ( 'NONE', #7452, #7350 ) ;
#2563 = VECTOR ( 'NONE', #1659, 1000.000000000000000 ) ;
#2564 =( GEOMETRIC_REPRESENTATION_CONTEXT ( 3 ) GLOBAL_UNCERTAINTY_ASSIGNED_CONTEXT ( ( #8302 ) ) GLOBAL_UNIT_ASSIGNED_CONTEXT ( ( #9806, #2105, #6014 ) ) REPRESENTATION_CONTEXT ( 'NONE', 'WORKASPACE' ) );
#2565 = CARTESIAN_POINT ( 'NONE',  ( 5.451667971656830147, 2.899999999999999911, 0.0000000000000000000 ) ) ;
#2566 = CARTESIAN_POINT ( 'NONE',  ( 6.301667971656820022, 2.000000000000000000, 0.0000000000000000000 ) ) ;
#2567 = EDGE_CURVE ( 'NONE', #7208, #3159, #8834, .T. ) ;
#2568 = ORIENTED_EDGE ( 'NONE', *, *, #705, .T. ) ;
#2569 = CARTESIAN_POINT ( 'NONE',  ( 18.30166797165680137, 0.5500000000000000444, -0.01800000000000000211 ) ) ;
#2570 = ADVANCED_FACE ( 'NONE', ( #1369 ), #9680, .T. ) ;
#2571 = SURFACE_SIDE_STYLE ('',( #7354 ) ) ;
#2572 = PRESENTATION_LAYER_ASSIGNMENT (  '', '', ( #4974 ) ) ;
#2573 = EDGE_LOOP ( 'NONE', ( #1352, #1286, #9475, #7895 ) ) ;
#2574 = DIRECTION ( 'NONE',  ( 1.000000000000000000, 0.0000000000000000000, 0.0000000000000000000 ) ) ;
#2575 = VECTOR ( 'NONE', #9322, 1000.000000000000000 ) ;
#2576 = ORIENTED_EDGE ( 'NONE', *, *, #3412, .T. ) ;
#2577 = CARTESIAN_POINT ( 'NONE',  ( 1.551667971656825129, 0.5499999999999860556, 0.8000000000000000444 ) ) ;
#2578 = LINE ( 'NONE', #8311, #9752 ) ;
#2579 = CARTESIAN_POINT ( 'NONE',  ( 6.551667971656830680, 2.000000000000000000, 0.8180000000000000604 ) ) ;
#2580 = DIRECTION ( 'NONE',  ( 0.0000000000000000000, 1.000000000000000000, 0.0000000000000000000 ) ) ;
#2581 = ORIENTED_EDGE ( 'NONE', *, *, #2689, .F. ) ;
#2582 = DIRECTION ( 'NONE',  ( 1.000000000000000000, -4.626155997695749151E-17, 0.0000000000000000000 ) ) ;
#2583 = EDGE_LOOP ( 'NONE', ( #1079, #7339, #7367, #8216 ) ) ;
#2584 = DIRECTION ( 'NONE',  ( 0.0000000000000000000, 1.000000000000000000, 0.0000000000000000000 ) ) ;
#2585 = VECTOR ( 'NONE', #2203, 1000.000000000000000 ) ;
#2586 = CARTESIAN_POINT ( 'NONE',  ( 2.551667971656824907, 2.000000000000000000, 0.8180000000000000604 ) ) ;
#2587 = ORIENTED_EDGE ( 'NONE', *, *, #2888, .F. ) ;
#2588 = LINE ( 'NONE', #5917, #9726 ) ;
#2589 = LINE ( 'NONE', #3295, #761 ) ;
#2590 = SURFACE_STYLE_USAGE ( .BOTH. , #6175 ) ;
#2591 = DIRECTION ( 'NONE',  ( 0.0000000000000000000, 1.000000000000000000, 0.0000000000000000000 ) ) ;
#2592 = EDGE_CURVE ( 'NONE', #6082, #1744, #7929, .T. ) ;
#2593 = COLOUR_RGB ( '',0.6431372549019607199, 0.6156862745098039547, 0.5999999999999999778 ) ;
#2594 = CARTESIAN_POINT ( 'NONE',  ( 19.55166797165679782, 2.000000000000000000, 0.8000000000000000444 ) ) ;
#2595 = LINE ( 'NONE', #53, #4136 ) ;
#2596 = EDGE_LOOP ( 'NONE', ( #3535, #5750, #1906, #4149 ) ) ;
#2597 = VECTOR ( 'NONE', #10145, 1000.000000000000000 ) ;
#2598 = AXIS2_PLACEMENT_3D ( 'NONE', #2311, #5579, #10595 ) ;
#2599 = EDGE_LOOP ( 'NONE', ( #5584, #5764, #9883, #3284 ) ) ;
#2600 = ORIENTED_EDGE ( 'NONE', *, *, #9442, .F. ) ;
#2601 = CARTESIAN_POINT ( 'NONE',  ( 8.250000000000000000, 80.00000000000000000, 0.8009999999999999343 ) ) ;
#2602 = ORIENTED_EDGE ( 'NONE', *, *, #4593, .T. ) ;
#2603 = LINE ( 'NONE', #5027, #4178 ) ;
#2604 = VECTOR ( 'NONE', #7919, 1000.000000000000000 ) ;
#2605 = ORIENTED_EDGE ( 'NONE', *, *, #113, .F. ) ;
#2606 = APPLICATION_PROTOCOL_DEFINITION ( 'draft international standard', 'automotive_design', 1998, #3198 ) ;
#2607 = FACE_OUTER_BOUND ( 'NONE', #9273, .T. ) ;
#2608 = CARTESIAN_POINT ( 'NONE',  ( 6.801667971656820022, 2.000000000000000000, -0.01800000000000000211 ) ) ;
#2609 = LINE ( 'NONE', #4979, #6477 ) ;
#2610 = VERTEX_POINT ( 'NONE', #7234 ) ;
#2611 = ORIENTED_EDGE ( 'NONE', *, *, #8854, .T. ) ;
#2612 = LINE ( 'NONE', #25, #6332 ) ;
#2613 = EDGE_CURVE ( 'NONE', #3017, #1482, #10480, .T. ) ;
#2614 = PLANE ( 'NONE',  #5774 ) ;
#2615 = CARTESIAN_POINT ( 'NONE',  ( 22.00000000000000000, 4.000000000000000000, 0.0000000000000000000 ) ) ;
#2616 = EDGE_CURVE ( 'NONE', #609, #171, #7175, .T. ) ;
#2617 = VECTOR ( 'NONE', #2692, 1000.000000000000000 ) ;
#2618 = CARTESIAN_POINT ( 'NONE',  ( 5.451667971656830147, 2.899999999999999911, 0.8000000000000000444 ) ) ;
#2619 = DIRECTION ( 'NONE',  ( 0.0000000000000000000, 0.0000000000000000000, -1.000000000000000000 ) ) ;
#2620 = ORIENTED_EDGE ( 'NONE', *, *, #8353, .T. ) ;
#2621 = UNCERTAINTY_MEASURE_WITH_UNIT (LENGTH_MEASURE( 1.000000000000000082E-05 ), #10537, 'distance_accuracy_value', 'NONE');
#2622 = CARTESIAN_POINT ( 'NONE',  ( 17.90166797165684898, 2.000000000000000000, 0.8180000000000000604 ) ) ;
#2623 = DIRECTION ( 'NONE',  ( 1.000000000000000000, 0.0000000000000000000, 0.0000000000000000000 ) ) ;
#2624 = ORIENTED_EDGE ( 'NONE', *, *, #1005, .T. ) ;
#2625 = FACE_OUTER_BOUND ( 'NONE', #9946, .T. ) ;
#2626 = EDGE_LOOP ( 'NONE', ( #6475, #6225, #2086, #7704 ) ) ;
#2627 = CARTESIAN_POINT ( 'NONE',  ( 18.80166797165680137, 0.5499999999999929390, -0.01800000000000000211 ) ) ;
#2628 = EDGE_CURVE ( 'NONE', #10362, #469, #4603, .T. ) ;
#2629 = ADVANCED_FACE ( 'NONE', ( #3844 ), #7123, .T. ) ;
#2630 = LINE ( 'NONE', #9804, #2563 ) ;
#2631 = ADVANCED_FACE ( 'NONE', ( #2123 ), #8489, .F. ) ;
#2632 = FILL_AREA_STYLE ('',( #6551 ) ) ;
#2633 = DIRECTION ( 'NONE',  ( 0.0000000000000000000, 0.0000000000000000000, 1.000000000000000000 ) ) ;
#2634 = ORIENTED_EDGE ( 'NONE', *, *, #6234, .T. ) ;
#2635 = DIRECTION ( 'NONE',  ( 0.0000000000000000000, 0.0000000000000000000, 1.000000000000000000 ) ) ;
#2636 = ORIENTED_EDGE ( 'NONE', *, *, #10543, .T. ) ;
#2637 = DIRECTION ( 'NONE',  ( 0.0000000000000000000, 0.0000000000000000000, -1.000000000000000000 ) ) ;
#2638 = LINE ( 'NONE', #1667, #2284 ) ;
#2639 = ORIENTED_EDGE ( 'NONE', *, *, #9902, .T. ) ;
#2640 = CARTESIAN_POINT ( 'NONE',  ( 7.651667971656829437, 0.5500000000000000444, -0.01800000000000000211 ) ) ;
#2641 = PLANE ( 'NONE',  #429 ) ;
#2642 = ADVANCED_FACE ( 'NONE', ( #5433 ), #1955, .F. ) ;
#2643 = EDGE_CURVE ( 'NONE', #7005, #2523, #8707, .T. ) ;
#2644 = FILL_AREA_STYLE ('',( #5968 ) ) ;
#2645 = DIRECTION ( 'NONE',  ( 0.0000000000000000000, 1.000000000000000000, 0.0000000000000000000 ) ) ;
#2646 = EDGE_CURVE ( 'NONE', #6110, #8345, #1297, .T. ) ;
#2647 = FILL_AREA_STYLE_COLOUR ( '', #7708 ) ;
#2648 = DIRECTION ( 'NONE',  ( -1.000000000000000000, 0.0000000000000000000, 0.0000000000000000000 ) ) ;
#2649 = LINE ( 'NONE', #5925, #3111 ) ;
#2650 = VERTEX_POINT ( 'NONE', #1130 ) ;
#2651 = AXIS2_PLACEMENT_3D ( 'NONE', #5080, #4367, #276 ) ;
#2652 = EDGE_CURVE ( 'NONE', #7794, #3586, #5225, .T. ) ;
#2653 = ORIENTED_EDGE ( 'NONE', *, *, #3950, .F. ) ;
#2654 = AXIS2_PLACEMENT_3D ( 'NONE', #2093, #10162, #2997 ) ;
#2655 = EDGE_LOOP ( 'NONE', ( #3025, #6546, #9125, #10504 ) ) ;
#2656 = FACE_BOUND ( 'NONE', #3335, .T. ) ;
#2657 = EDGE_LOOP ( 'NONE', ( #9168, #6942, #6262, #9026 ) ) ;
#2658 = CARTESIAN_POINT ( 'NONE',  ( 14.40166797165682055, 2.000000000000000000, 0.8180000000000000604 ) ) ;
#2659 = CARTESIAN_POINT ( 'NONE',  ( 1.298125607096193990E-14, 4.000000000000000000, 0.0000000000000000000 ) ) ;
#2660 = VECTOR ( 'NONE', #4968, 1000.000000000000000 ) ;
#2661 = ORIENTED_EDGE ( 'NONE', *, *, #6844, .T. ) ;
#2662 = CARTESIAN_POINT ( 'NONE',  ( 9.901667971656820555, 0.5500000000000000444, 0.8180000000000000604 ) ) ;
#2663 = DIRECTION ( 'NONE',  ( -0.0000000000000000000, 1.000000000000000000, 0.0000000000000000000 ) ) ;
#2664 = AXIS2_PLACEMENT_3D ( 'NONE', #5920, #5757, #5809 ) ;
#2665 = LINE ( 'NONE', #7599, #7511 ) ;
#2666 = ORIENTED_EDGE ( 'NONE', *, *, #10147, .F. ) ;
#2667 = ORIENTED_EDGE ( 'NONE', *, *, #7667, .T. ) ;
#2668 = VECTOR ( 'NONE', #6863, 1000.000000000000000 ) ;
#2669 = DIRECTION ( 'NONE',  ( -0.0000000000000000000, 1.000000000000000000, 0.0000000000000000000 ) ) ;
#2670 = LINE ( 'NONE', #2561, #101 ) ;
#2671 = PLANE ( 'NONE',  #10256 ) ;
#2672 = CARTESIAN_POINT ( 'NONE',  ( 8.651667971656829437, 2.000000000000000000, -0.01800000000000000211 ) ) ;
#2673 = DIRECTION ( 'NONE',  ( -1.000000000000000000, 0.0000000000000000000, 0.0000000000000000000 ) ) ;
#2674 = ORIENTED_EDGE ( 'NONE', *, *, #581, .F. ) ;
#2675 = VECTOR ( 'NONE', #932, 1000.000000000000000 ) ;
#2676 = CARTESIAN_POINT ( 'NONE',  ( 6.301667971656820022, 2.000000000000000000, -0.01800000000000000211 ) ) ;
#2677 = LINE ( 'NONE', #9370, #7720 ) ;
#2678 = ORIENTED_EDGE ( 'NONE', *, *, #4002, .F. ) ;
#2679 = FACE_OUTER_BOUND ( 'NONE', #5703, .T. ) ;
#2680 = ORIENTED_EDGE ( 'NONE', *, *, #8538, .F. ) ;
#2681 = VECTOR ( 'NONE', #3707, 1000.000000000000000 ) ;
#2682 = CARTESIAN_POINT ( 'NONE',  ( 15.15166797165684898, 2.000000000000000000, -0.01800000000000000211 ) ) ;
#2683 = DIRECTION ( 'NONE',  ( -4.563815034092980005E-32, 1.000000000000000000, 0.0000000000000000000 ) ) ;
#2684 = FILL_AREA_STYLE ('',( #6552 ) ) ;
#2685 = ORIENTED_EDGE ( 'NONE', *, *, #8819, .F. ) ;
#2686 = FACE_OUTER_BOUND ( 'NONE', #1848, .T. ) ;
#2687 = ORIENTED_EDGE ( 'NONE', *, *, #8211, .F. ) ;
#2688 = DIRECTION ( 'NONE',  ( 1.000000000000000000, 0.0000000000000000000, 0.0000000000000000000 ) ) ;
#2689 = EDGE_CURVE ( 'NONE', #9841, #3211, #7754, .T. ) ;
#2690 = ADVANCED_FACE ( 'NONE', ( #493 ), #6142, .F. ) ;
#2691 = EDGE_CURVE ( 'NONE', #9137, #7945, #1350, .T. ) ;
#2692 = DIRECTION ( 'NONE',  ( 0.0000000000000000000, 0.0000000000000000000, 1.000000000000000000 ) ) ;
#2693 = VERTEX_POINT ( 'NONE', #1245 ) ;
#2694 = CARTESIAN_POINT ( 'NONE',  ( 13.15166797165682055, 2.000000000000000000, -0.01800000000000000211 ) ) ;
#2695 = LINE ( 'NONE', #316, #6611 ) ;
#2696 =( NAMED_UNIT ( * ) SI_UNIT ( $, .STERADIAN. ) SOLID_ANGLE_UNIT ( ) );
#2697 = CARTESIAN_POINT ( 'NONE',  ( 11.65166797165682055, 2.000000000000000000, -0.01800000000000000211 ) ) ;
#2698 =( NAMED_UNIT ( * ) SI_UNIT ( $, .STERADIAN. ) SOLID_ANGLE_UNIT ( ) );
#2699 = DIRECTION ( 'NONE',  ( 0.0000000000000000000, 0.0000000000000000000, 1.000000000000000000 ) ) ;
#2700 = DIRECTION ( 'NONE',  ( 0.0000000000000000000, -1.000000000000000000, 0.0000000000000000000 ) ) ;
#2701 = ORIENTED_EDGE ( 'NONE', *, *, #1780, .F. ) ;
#2702 = EDGE_CURVE ( 'NONE', #3369, #6644, #7641, .T. ) ;
#2703 = ADVANCED_FACE ( 'NONE', ( #2809 ), #10085, .F. ) ;
#2704 = VERTEX_POINT ( 'NONE', #5280 ) ;
#2705 = VECTOR ( 'NONE', #3838, 1000.000000000000000 ) ;
#2706 = ORIENTED_EDGE ( 'NONE', *, *, #7578, .T. ) ;
#2707 = CARTESIAN_POINT ( 'NONE',  ( 18.65166797165684898, 0.5500000000000000444, -0.01800000000000000211 ) ) ;
#2708 = ORIENTED_EDGE ( 'NONE', *, *, #10097, .T. ) ;
#2709 = CARTESIAN_POINT ( 'NONE',  ( 14.40166797165682055, 2.000000000000000000, 0.8180000000000000604 ) ) ;
#2710 = CARTESIAN_POINT ( 'NONE',  ( 8.301667971656819134, 2.000000000000000000, -0.01800000000000000211 ) ) ;
#2711 = EDGE_CURVE ( 'NONE', #9134, #1133, #4524, .T. ) ;
#2712 = FACE_OUTER_BOUND ( 'NONE', #8817, .T. ) ;
#2713 = EDGE_LOOP ( 'NONE', ( #7870, #9531, #8437, #5289 ) ) ;
#2714 = VECTOR ( 'NONE', #6615, 1000.000000000000000 ) ;
#2715 = FILL_AREA_STYLE_COLOUR ( '', #4892 ) ;
#2716 = DIRECTION ( 'NONE',  ( 0.0000000000000000000, 0.0000000000000000000, -1.000000000000000000 ) ) ;
#2717 = VERTEX_POINT ( 'NONE', #6944 ) ;
#2718 = ORIENTED_EDGE ( 'NONE', *, *, #260, .F. ) ;
#2719 = DIRECTION ( 'NONE',  ( 0.0000000000000000000, 0.0000000000000000000, 1.000000000000000000 ) ) ;
#2720 = VECTOR ( 'NONE', #1812, 1000.000000000000000 ) ;
#2721 = LINE ( 'NONE', #10106, #3377 ) ;
#2722 = DIRECTION ( 'NONE',  ( 0.0000000000000000000, 0.0000000000000000000, -1.000000000000000000 ) ) ;
#2723 = EDGE_CURVE ( 'NONE', #4873, #8723, #439, .T. ) ;
#2724 = LINE ( 'NONE', #6003, #5053 ) ;
#2725 = CARTESIAN_POINT ( 'NONE',  ( 6.151667971656830325, 0.5500000000000000444, -0.01800000000000000211 ) ) ;
#2726 = AXIS2_PLACEMENT_3D ( 'NONE', #6516, #1413, #8968 ) ;
#2727 = VERTEX_POINT ( 'NONE', #2330 ) ;
#2728 = VECTOR ( 'NONE', #2996, 1000.000000000000000 ) ;
#2729 = UNCERTAINTY_MEASURE_WITH_UNIT (LENGTH_MEASURE( 1.000000000000000082E-05 ), #8874, 'distance_accuracy_value', 'NONE');
#2730 = CARTESIAN_POINT ( 'NONE',  ( 14.90166797165682055, 2.000000000000000000, 0.8180000000000000604 ) ) ;
#2731 = VECTOR ( 'NONE', #6400, 1000.000000000000000 ) ;
#2732 = CARTESIAN_POINT ( 'NONE',  ( 13.30166797165682091, 0.5500000000000000444, -0.01800000000000000211 ) ) ;
#2733 = VERTEX_POINT ( 'NONE', #3927 ) ;
#2734 = CARTESIAN_POINT ( 'NONE',  ( 2.051667971656824907, 0.5499999999999900524, 0.8180000000000000604 ) ) ;
#2735 = VERTEX_POINT ( 'NONE', #547 ) ;
#2736 = LINE ( 'NONE', #9274, #3081 ) ;
#2737 = VECTOR ( 'NONE', #1164, 1000.000000000000000 ) ;
#2738 = LINE ( 'NONE', #6065, #6868 ) ;
#2739 = DIRECTION ( 'NONE',  ( 0.0000000000000000000, -1.000000000000000000, 0.0000000000000000000 ) ) ;
#2740 = ORIENTED_EDGE ( 'NONE', *, *, #9301, .T. ) ;
#2741 = CARTESIAN_POINT ( 'NONE',  ( 18.05166797165684756, 2.000000000000000000, 0.8180000000000000604 ) ) ;
#2742 = ORIENTED_EDGE ( 'NONE', *, *, #10284, .T. ) ;
#2743 = PLANE ( 'NONE',  #8858 ) ;
#2744 = VECTOR ( 'NONE', #8523, 1000.000000000000000 ) ;
#2745 =( GEOMETRIC_REPRESENTATION_CONTEXT ( 3 ) GLOBAL_UNCERTAINTY_ASSIGNED_CONTEXT ( ( #1442 ) ) GLOBAL_UNIT_ASSIGNED_CONTEXT ( ( #6404, #589, #792 ) ) REPRESENTATION_CONTEXT ( 'NONE', 'WORKASPACE' ) );
#2746 = CARTESIAN_POINT ( 'NONE',  ( 1.551667971656825129, 0.5499999999999860556, 0.8180000000000000604 ) ) ;
#2747 = VERTEX_POINT ( 'NONE', #2433 ) ;
#2748 = CARTESIAN_POINT ( 'NONE',  ( 12.90166797165682055, 2.000000000000000000, 0.8180000000000000604 ) ) ;
#2749 = PRESENTATION_STYLE_ASSIGNMENT (( #2972 ) ) ;
#2750 = PRODUCT_DEFINITION ( 'UNKNOWN', '', #424, #3689 ) ;
#2751 = CARTESIAN_POINT ( 'NONE',  ( 13.15166797165682055, 2.000000000000000000, 0.0000000000000000000 ) ) ;
#2752 = CARTESIAN_POINT ( 'NONE',  ( 13.15166797165682055, 2.000000000000000000, 0.0000000000000000000 ) ) ;
#2753 = STYLED_ITEM ( 'NONE', ( #2470 ), #7227 ) ;
#2754 = ADVANCED_FACE ( 'NONE', ( #8766 ), #9610, .F. ) ;
#2755 = CARTESIAN_POINT ( 'NONE',  ( 13.40166797165682055, 2.000000000000000000, 0.8180000000000000604 ) ) ;
#2756 = EDGE_LOOP ( 'NONE', ( #7113, #4217, #994, #8962 ) ) ;
#2757 = CARTESIAN_POINT ( 'NONE',  ( 3.051667971656824907, 2.000000000000000000, 0.8180000000000000604 ) ) ;
#2758 = ORIENTED_EDGE ( 'NONE', *, *, #5793, .T. ) ;
#2759 = VERTEX_POINT ( 'NONE', #1565 ) ;
#2760 = FACE_BOUND ( 'NONE', #3387, .T. ) ;
#2761 = VERTEX_POINT ( 'NONE', #5490 ) ;
#2762 = VECTOR ( 'NONE', #10148, 1000.000000000000000 ) ;
#2763 = SURFACE_SIDE_STYLE ('',( #4366 ) ) ;
#2764 = CARTESIAN_POINT ( 'NONE',  ( 2.801667971656824907, 0.5500000000000000444, -0.01800000000000000211 ) ) ;
#2765 = ADVANCED_FACE ( 'NONE', ( #6299 ), #3829, .T. ) ;
#2766 = EDGE_CURVE ( 'NONE', #4859, #6838, #2279, .T. ) ;
#2767 = EDGE_CURVE ( 'NONE', #2817, #676, #6509, .T. ) ;
#2768 = CARTESIAN_POINT ( 'NONE',  ( 12.05166797165682091, 2.000000000000000000, 0.8180000000000000604 ) ) ;
#2769 = ORIENTED_EDGE ( 'NONE', *, *, #1765, .F. ) ;
#2770 = AXIS2_PLACEMENT_3D ( 'NONE', #6050, #2669, #9203 ) ;
#2771 = CARTESIAN_POINT ( 'NONE',  ( 7.551667971656830680, 2.000000000000000000, 0.8000000000000000444 ) ) ;
#2772 = VECTOR ( 'NONE', #3072, 1000.000000000000000 ) ;
#2773 = DIRECTION ( 'NONE',  ( 0.0000000000000000000, 1.000000000000000000, 0.0000000000000000000 ) ) ;
#2774 = VERTEX_POINT ( 'NONE', #7913 ) ;
#2775 = DIRECTION ( 'NONE',  ( 1.000000000000000000, 0.0000000000000000000, 0.0000000000000000000 ) ) ;
#2776 = VERTEX_POINT ( 'NONE', #4846 ) ;
#2777 = FACE_OUTER_BOUND ( 'NONE', #2368, .T. ) ;
#2778 = AXIS2_PLACEMENT_3D ( 'NONE', #6204, #4644, #1250 ) ;
#2779 = EDGE_CURVE ( 'NONE', #6346, #3910, #10354, .T. ) ;
#2780 = EDGE_CURVE ( 'NONE', #9139, #6838, #8878, .T. ) ;
#2781 = LINE ( 'NONE', #3575, #7789 ) ;
#2782 =( GEOMETRIC_REPRESENTATION_CONTEXT ( 3 ) GLOBAL_UNCERTAINTY_ASSIGNED_CONTEXT ( ( #2516 ) ) GLOBAL_UNIT_ASSIGNED_CONTEXT ( ( #5527, #731, #8902 ) ) REPRESENTATION_CONTEXT ( 'NONE', 'WORKASPACE' ) );
#2783 = CARTESIAN_POINT ( 'NONE',  ( 19.15166797165684898, 0.5499999999999929390, -0.01800000000000000211 ) ) ;
#2784 = DIRECTION ( 'NONE',  ( 0.0000000000000000000, -1.000000000000000000, 0.0000000000000000000 ) ) ;
#2785 = DIRECTION ( 'NONE',  ( 1.000000000000000000, -3.097720492815700049E-16, 0.0000000000000000000 ) ) ;
#2786 = EDGE_LOOP ( 'NONE', ( #1275, #5645, #5039, #1137 ) ) ;
#2787 = DIRECTION ( 'NONE',  ( 1.000000000000000000, 0.0000000000000000000, 0.0000000000000000000 ) ) ;
#2788 = EDGE_CURVE ( 'NONE', #1128, #7060, #7213, .T. ) ;
#2789 = ORIENTED_EDGE ( 'NONE', *, *, #5529, .T. ) ;
#2790 = EDGE_LOOP ( 'NONE', ( #1313, #5930, #2098, #2434 ) ) ;
#2791 = DIRECTION ( 'NONE',  ( 0.0000000000000000000, 0.0000000000000000000, -1.000000000000000000 ) ) ;
#2792 = ORIENTED_EDGE ( 'NONE', *, *, #1803, .F. ) ;
#2793 = CARTESIAN_POINT ( 'NONE',  ( 7.551667971656830680, 2.000000000000000000, 0.8180000000000000604 ) ) ;
#2794 = CARTESIAN_POINT ( 'NONE',  ( 6.051667971656829792, 0.5500000000000000444, 0.8000000000000000444 ) ) ;
#2795 = DIRECTION ( 'NONE',  ( -0.0000000000000000000, 1.000000000000000000, 0.0000000000000000000 ) ) ;
#2796 = ORIENTED_EDGE ( 'NONE', *, *, #2628, .T. ) ;
#2797 = DIRECTION ( 'NONE',  ( 0.0000000000000000000, 0.0000000000000000000, -1.000000000000000000 ) ) ;
#2798 = ORIENTED_EDGE ( 'NONE', *, *, #8590, .F. ) ;
#2799 = FACE_BOUND ( 'NONE', #2026, .T. ) ;
#2800 = CARTESIAN_POINT ( 'NONE',  ( 9.551667971656829792, 2.000000000000000000, 0.8180000000000000604 ) ) ;
#2801 = ORIENTED_EDGE ( 'NONE', *, *, #5055, .F. ) ;
#2802 = ORIENTED_EDGE ( 'NONE', *, *, #9500, .F. ) ;
#2803 = DIRECTION ( 'NONE',  ( 2.990902544787600071E-16, -1.000000000000000000, 0.0000000000000000000 ) ) ;
#2804 = FACE_OUTER_BOUND ( 'NONE', #6730, .T. ) ;
#2805 = FACE_OUTER_BOUND ( 'NONE', #4197, .T. ) ;
#2806 = CARTESIAN_POINT ( 'NONE',  ( 10.65166797165682055, 2.000000000000000000, -0.01800000000000000211 ) ) ;
#2807 = DIRECTION ( 'NONE',  ( 0.0000000000000000000, 1.000000000000000000, 0.0000000000000000000 ) ) ;
#2808 = EDGE_LOOP ( 'NONE', ( #4464, #5210, #9528, #2812 ) ) ;
#2809 = FACE_OUTER_BOUND ( 'NONE', #9800, .T. ) ;
#2810 = ORIENTED_EDGE ( 'NONE', *, *, #8722, .T. ) ;
#2811 = EDGE_CURVE ( 'NONE', #9848, #9294, #1408, .T. ) ;
#2812 = ORIENTED_EDGE ( 'NONE', *, *, #1769, .T. ) ;
#2813 = ORIENTED_EDGE ( 'NONE', *, *, #5574, .T. ) ;
#2814 = LINE ( 'NONE', #1192, #8414 ) ;
#2815 = CARTESIAN_POINT ( 'NONE',  ( 7.551667971656830680, 0.5500000000000000444, 0.8180000000000000604 ) ) ;
#2816 = FILL_AREA_STYLE ('',( #8396 ) ) ;
#2817 = VERTEX_POINT ( 'NONE', #2222 ) ;
#2818 = VECTOR ( 'NONE', #4284, 1000.000000000000000 ) ;
#2819 = EDGE_CURVE ( 'NONE', #9652, #5364, #10509, .T. ) ;
#2820 = EDGE_CURVE ( 'NONE', #3832, #9848, #4799, .T. ) ;
#2821 = DIRECTION ( 'NONE',  ( 0.0000000000000000000, -1.000000000000000000, 0.0000000000000000000 ) ) ;
#2822 = ADVANCED_FACE ( 'NONE', ( #3133 ), #6464, .F. ) ;
#2823 = ORIENTED_EDGE ( 'NONE', *, *, #598, .T. ) ;
#2824 = CARTESIAN_POINT ( 'NONE',  ( 14.15166797165682055, 0.5500000000000000444, -0.01800000000000000211 ) ) ;
#2825 = ORIENTED_EDGE ( 'NONE', *, *, #3496, .T. ) ;
#2826 = CARTESIAN_POINT ( 'NONE',  ( 19.05166797165684756, 2.000000000000000000, 0.8000000000000000444 ) ) ;
#2827 = VECTOR ( 'NONE', #4763, 1000.000000000000000 ) ;
#2828 = DIRECTION ( 'NONE',  ( 1.000000000000000000, 0.0000000000000000000, 0.0000000000000000000 ) ) ;
#2829 = CARTESIAN_POINT ( 'NONE',  ( 7.651667971656829437, 2.000000000000000000, 0.0000000000000000000 ) ) ;
#2830 = CARTESIAN_POINT ( 'NONE',  ( 6.051667971656829792, 0.5500000000000000444, 0.8180000000000000604 ) ) ;
#2831 = CARTESIAN_POINT ( 'NONE',  ( 7.151667971656830325, 2.000000000000000000, -0.01800000000000000211 ) ) ;
#2832 = CARTESIAN_POINT ( 'NONE',  ( 9.901667971656820555, 2.000000000000000000, 0.8000000000000000444 ) ) ;
#2833 = ORIENTED_EDGE ( 'NONE', *, *, #5780, .F. ) ;
#2834 = UNCERTAINTY_MEASURE_WITH_UNIT (LENGTH_MEASURE( 1.000000000000000082E-05 ), #172, 'distance_accuracy_value', 'NONE');
#2835 = CARTESIAN_POINT ( 'NONE',  ( 3.401667971656824996, 0.5500000000000000444, 0.8180000000000000604 ) ) ;
#2836 = VECTOR ( 'NONE', #2017, 1000.000000000000000 ) ;
#2837 = ADVANCED_FACE ( 'NONE', ( #7958 ), #594, .F. ) ;
#2838 = EDGE_CURVE ( 'NONE', #3958, #9396, #7372, .T. ) ;
#2839 = VECTOR ( 'NONE', #8460, 1000.000000000000000 ) ;
#2840 = CARTESIAN_POINT ( 'NONE',  ( 18.80166797165680137, 2.000000000000000000, 0.0000000000000000000 ) ) ;
#2841 = EDGE_CURVE ( 'NONE', #3102, #6896, #5058, .T. ) ;
#2842 = ORIENTED_EDGE ( 'NONE', *, *, #7106, .F. ) ;
#2843 = ORIENTED_EDGE ( 'NONE', *, *, #4531, .F. ) ;
#2844 = FACE_OUTER_BOUND ( 'NONE', #4981, .T. ) ;
#2845 = ORIENTED_EDGE ( 'NONE', *, *, #2509, .F. ) ;
#2846 = COLOUR_RGB ( '',0.6431372549019607199, 0.6156862745098039547, 0.5999999999999999778 ) ;
#2847 = DIRECTION ( 'NONE',  ( 0.0000000000000000000, 0.0000000000000000000, -1.000000000000000000 ) ) ;
#2849 = DIRECTION ( 'NONE',  ( 0.0000000000000000000, 0.0000000000000000000, -1.000000000000000000 ) ) ;
#2848 = AXIS2_PLACEMENT_3D ( 'NONE', #6693, #9886, #7550 ) ;
#2850 = LINE ( 'NONE', #4395, #3779 ) ;
#2851 = VECTOR ( 'NONE', #5894, 1000.000000000000000 ) ;
#2852 = ORIENTED_EDGE ( 'NONE', *, *, #6902, .F. ) ;
#2853 = CARTESIAN_POINT ( 'NONE',  ( 3.301667971656824907, 2.000000000000000000, -0.01800000000000000211 ) ) ;
#2854 = EDGE_CURVE ( 'NONE', #5069, #6895, #6767, .T. ) ;
#2855 = EDGE_LOOP ( 'NONE', ( #7768, #1964, #8685, #3487 ) ) ;
#2856 = DIRECTION ( 'NONE',  ( 1.000000000000000000, 0.0000000000000000000, 0.0000000000000000000 ) ) ;
#2857 = DIRECTION ( 'NONE',  ( -1.000000000000000000, 0.0000000000000000000, 0.0000000000000000000 ) ) ;
#2858 = ORIENTED_EDGE ( 'NONE', *, *, #8674, .T. ) ;
#2859 = FILL_AREA_STYLE ('',( #313 ) ) ;
#2860 = VECTOR ( 'NONE', #6004, 1000.000000000000000 ) ;
#2861 = DIRECTION ( 'NONE',  ( 0.0000000000000000000, 1.000000000000000000, 0.0000000000000000000 ) ) ;
#2862 = CARTESIAN_POINT ( 'NONE',  ( 6.551667971656830680, 0.5500000000000000444, 0.8000000000000000444 ) ) ;
#2863 = CARTESIAN_POINT ( 'NONE',  ( 12.55166797165681913, 2.000000000000000000, 0.8180000000000000604 ) ) ;
#2864 = PLANE ( 'NONE',  #9437 ) ;
#2865 = ORIENTED_EDGE ( 'NONE', *, *, #7230, .T. ) ;
#2866 = COLOUR_RGB ( '',0.1019607843137254888, 0.1019607843137254888, 0.1019607843137254888 ) ;
#2867 =( NAMED_UNIT ( * ) SI_UNIT ( $, .STERADIAN. ) SOLID_ANGLE_UNIT ( ) );
#2868 = VECTOR ( 'NONE', #5999, 1000.000000000000000 ) ;
#2869 = ORIENTED_EDGE ( 'NONE', *, *, #1722, .F. ) ;
#2870 = ORIENTED_EDGE ( 'NONE', *, *, #3993, .T. ) ;
#2871 = DIRECTION ( 'NONE',  ( 0.0000000000000000000, 0.0000000000000000000, -1.000000000000000000 ) ) ;
#2872 = ORIENTED_EDGE ( 'NONE', *, *, #6058, .F. ) ;
#2873 = LINE ( 'NONE', #3785, #7190 ) ;
#2874 = LINE ( 'NONE', #7921, #690 ) ;
#2875 = ORIENTED_EDGE ( 'NONE', *, *, #9631, .T. ) ;
#2876 = PLANE ( 'NONE',  #4935 ) ;
#2877 = EDGE_LOOP ( 'NONE', ( #7420, #8864, #5884, #3458 ) ) ;
#2878 = DIRECTION ( 'NONE',  ( 0.0000000000000000000, 1.000000000000000000, 0.0000000000000000000 ) ) ;
#2879 = ORIENTED_EDGE ( 'NONE', *, *, #8075, .F. ) ;
#2880 = PRESENTATION_LAYER_ASSIGNMENT (  '', '', ( #10052 ) ) ;
#2881 = CARTESIAN_POINT ( 'NONE',  ( 1.551667971656825129, 0.5499999999999860556, 0.8180000000000000604 ) ) ;
#2882 = AXIS2_PLACEMENT_3D ( 'NONE', #3075, #5702, #8964 ) ;
#2883 = CARTESIAN_POINT ( 'NONE',  ( 6.301667971656820022, 2.000000000000000000, -0.01800000000000000211 ) ) ;
#2884 = CARTESIAN_POINT ( 'NONE',  ( -6.938893903907229955E-15, 80.00000000000000000, 0.8000000000000000444 ) ) ;
#2885 = AXIS2_PLACEMENT_3D ( 'NONE', #1089, #10100, #6739 ) ;
#2886 = CARTESIAN_POINT ( 'NONE',  ( 9.051667971656829792, 2.000000000000000000, 0.8180000000000000604 ) ) ;
#2887 = EDGE_CURVE ( 'NONE', #1482, #4873, #3493, .T. ) ;
#2888 = EDGE_CURVE ( 'NONE', #2474, #2252, #2638, .T. ) ;
#2889 = ADVANCED_FACE ( 'NONE', ( #6666 ), #5009, .F. ) ;
#2890 = DIRECTION ( 'NONE',  ( 0.0000000000000000000, 0.0000000000000000000, -1.000000000000000000 ) ) ;
#2891 = DIRECTION ( 'NONE',  ( 0.0000000000000000000, 0.0000000000000000000, 1.000000000000000000 ) ) ;
#2892 = LINE ( 'NONE', #7882, #2839 ) ;
#2893 = LINE ( 'NONE', #1058, #9561 ) ;
#2894 = ORIENTED_EDGE ( 'NONE', *, *, #1860, .T. ) ;
#2895 = ORIENTED_EDGE ( 'NONE', *, *, #680, .T. ) ;
#2896 = FACE_OUTER_BOUND ( 'NONE', #1334, .T. ) ;
#2897 = VERTEX_POINT ( 'NONE', #10615 ) ;
#2898 = LINE ( 'NONE', #8580, #2202 ) ;
#2899 = DIRECTION ( 'NONE',  ( 0.0000000000000000000, 0.0000000000000000000, 1.000000000000000000 ) ) ;
#2900 = EDGE_CURVE ( 'NONE', #8916, #272, #5963, .T. ) ;
#2901 = CARTESIAN_POINT ( 'NONE',  ( 17.20166797165684969, 1.469576158976835879E-16, 0.6908089297201439605 ) ) ;
#2902 = LINE ( 'NONE', #5368, #1184 ) ;
#2903 = EDGE_CURVE ( 'NONE', #2036, #10246, #7581, .T. ) ;
#2904 = AXIS2_PLACEMENT_3D ( 'NONE', #941, #2461, #4166 ) ;
#2905 = ORIENTED_EDGE ( 'NONE', *, *, #3056, .F. ) ;
#2906 = EDGE_CURVE ( 'NONE', #10433, #6147, #8219, .T. ) ;
#2907 = DIRECTION ( 'NONE',  ( 0.0000000000000000000, 0.0000000000000000000, -1.000000000000000000 ) ) ;
#2908 = VERTEX_POINT ( 'NONE', #9070 ) ;
#2909 = FACE_BOUND ( 'NONE', #6562, .T. ) ;
#2910 = DIRECTION ( 'NONE',  ( -0.0000000000000000000, 1.000000000000000000, 0.0000000000000000000 ) ) ;
#2911 = ORIENTED_EDGE ( 'NONE', *, *, #4882, .T. ) ;
#2912 = VECTOR ( 'NONE', #8713, 1000.000000000000000 ) ;
#2913 = PLANE ( 'NONE',  #989 ) ;
#2914 = VECTOR ( 'NONE', #7124, 1000.000000000000000 ) ;
#2915 = PRESENTATION_STYLE_ASSIGNMENT (( #373 ) ) ;
#2916 = VECTOR ( 'NONE', #8307, 1000.000000000000000 ) ;
#2917 = DIRECTION ( 'NONE',  ( 0.0000000000000000000, 0.0000000000000000000, -1.000000000000000000 ) ) ;
#2918 = DIRECTION ( 'NONE',  ( 0.0000000000000000000, -1.000000000000000000, 0.0000000000000000000 ) ) ;
#2919 = PRESENTATION_STYLE_ASSIGNMENT (( #5377 ) ) ;
#2920 =( NAMED_UNIT ( * ) PLANE_ANGLE_UNIT ( ) SI_UNIT ( $, .RADIAN. ) );
#2921 = EDGE_LOOP ( 'NONE', ( #9702, #7095, #8252, #3202 ) ) ;
#2922 = VECTOR ( 'NONE', #7686, 1000.000000000000000 ) ;
#2923 = AXIS2_PLACEMENT_3D ( 'NONE', #2048, #7671, #6985 ) ;
#2924 = DIRECTION ( 'NONE',  ( 0.0000000000000000000, 1.000000000000000000, 0.0000000000000000000 ) ) ;
#2925 = ORIENTED_EDGE ( 'NONE', *, *, #9439, .T. ) ;
#2926 = EDGE_LOOP ( 'NONE', ( #9553, #8936, #4041, #5521 ) ) ;
#2927 = EDGE_CURVE ( 'NONE', #7576, #1770, #908, .T. ) ;
#2928 = FACE_BOUND ( 'NONE', #8282, .T. ) ;
#2929 = EDGE_LOOP ( 'NONE', ( #124, #1795, #8120, #8235 ) ) ;
#2930 = DIRECTION ( 'NONE',  ( 0.0000000000000000000, 0.0000000000000000000, -1.000000000000000000 ) ) ;
#2931 = VECTOR ( 'NONE', #10285, 1000.000000000000000 ) ;
#2932 = CARTESIAN_POINT ( 'NONE',  ( 2.151667971656824996, 0.5500000000000000444, 0.0000000000000000000 ) ) ;
#2933 = DIRECTION ( 'NONE',  ( 0.0000000000000000000, -1.000000000000000000, 0.0000000000000000000 ) ) ;
#2934 = ORIENTED_EDGE ( 'NONE', *, *, #8343, .F. ) ;
#2935 = DIRECTION ( 'NONE',  ( -1.000000000000000000, 0.0000000000000000000, 0.0000000000000000000 ) ) ;
#2936 = STYLED_ITEM ( 'NONE', ( #554 ), #7707 ) ;
#2937 = DIRECTION ( 'NONE',  ( -0.0000000000000000000, 1.000000000000000000, 0.0000000000000000000 ) ) ;
#2938 = VERTEX_POINT ( 'NONE', #1779 ) ;
#2939 = DIRECTION ( 'NONE',  ( 0.0000000000000000000, 1.000000000000000000, 0.0000000000000000000 ) ) ;
#2940 = ORIENTED_EDGE ( 'NONE', *, *, #2767, .T. ) ;
#2941 = CARTESIAN_POINT ( 'NONE',  ( 17.55166797165684756, 2.000000000000000000, 0.8180000000000000604 ) ) ;
#2942 = DIRECTION ( 'NONE',  ( -0.0000000000000000000, 1.000000000000000000, 0.0000000000000000000 ) ) ;
#2943 = FILL_AREA_STYLE_COLOUR ( '', #4352 ) ;
#2944 = DIRECTION ( 'NONE',  ( 0.0000000000000000000, 0.0000000000000000000, -1.000000000000000000 ) ) ;
#2945 = CIRCLE ( 'NONE', #1209, 2.999999999999999112 ) ;
#2946 = VECTOR ( 'NONE', #6504, 1000.000000000000000 ) ;
#2947 = CARTESIAN_POINT ( 'NONE',  ( 19.65166797165684898, 0.5499999999999900524, -0.01800000000000000211 ) ) ;
#2948 = DIRECTION ( 'NONE',  ( 0.0000000000000000000, 0.0000000000000000000, -1.000000000000000000 ) ) ;
#2949 = CARTESIAN_POINT ( 'NONE',  ( 19.15166797165684898, 2.000000000000000000, -0.01800000000000000211 ) ) ;
#2950 = ORIENTED_EDGE ( 'NONE', *, *, #9851, .T. ) ;
#2951 = ORIENTED_EDGE ( 'NONE', *, *, #1098, .T. ) ;
#2952 = ORIENTED_EDGE ( 'NONE', *, *, #3037, .T. ) ;
#2953 = COLOUR_RGB ( '',0.1019607843137254888, 0.1019607843137254888, 0.1019607843137254888 ) ;
#2954 = LINE ( 'NONE', #5311, #122 ) ;
#2955 = ADVANCED_FACE ( 'NONE', ( #8320 ), #154, .T. ) ;
#2956 = VERTEX_POINT ( 'NONE', #4571 ) ;
#2957 = CARTESIAN_POINT ( 'NONE',  ( 8.000016666712959079, 79.99000000000000909, 2.149999999999999911 ) ) ;
#2958 = CARTESIAN_POINT ( 'NONE',  ( 6.651667971656819667, 0.5500000000000000444, -0.01800000000000000211 ) ) ;
#2959 = LINE ( 'NONE', #7786, #2575 ) ;
#2960 = PLANE ( 'NONE',  #9922 ) ;
#2961 = VERTEX_POINT ( 'NONE', #6821 ) ;
#2962 = CARTESIAN_POINT ( 'NONE',  ( 6.051667971656829792, 2.000000000000000000, 0.8180000000000000604 ) ) ;
#2963 = EDGE_LOOP ( 'NONE', ( #7854, #297, #2446, #3368 ) ) ;
#2964 = DIRECTION ( 'NONE',  ( 0.0000000000000000000, 0.0000000000000000000, 1.000000000000000000 ) ) ;
#2965 = CARTESIAN_POINT ( 'NONE',  ( 13.15166797165682055, 0.5500000000000000444, -0.01800000000000000211 ) ) ;
#2966 = ADVANCED_FACE ( 'NONE', ( #4400 ), #7740, .F. ) ;
#2967 = ORIENTED_EDGE ( 'NONE', *, *, #3243, .F. ) ;
#2968 = EDGE_CURVE ( 'NONE', #1892, #3310, #10182, .T. ) ;
#2969 = LINE ( 'NONE', #3769, #8188 ) ;
#2970 = EDGE_CURVE ( 'NONE', #3416, #9478, #3709, .T. ) ;
#2971 = CARTESIAN_POINT ( 'NONE',  ( 14.00000000000000000, 79.99000000000000909, -1.350000000000000089 ) ) ;
#2972 = SURFACE_STYLE_USAGE ( .BOTH. , #3714 ) ;
#2973 = ADVANCED_FACE ( 'NONE', ( #6991 ), #426, .F. ) ;
#2974 = CARTESIAN_POINT ( 'NONE',  ( 1.801667971656825129, 2.000000000000000000, 0.0000000000000000000 ) ) ;
#2975 = LINE ( 'NONE', #6079, #665 ) ;
#2976 = LINE ( 'NONE', #9337, #5685 ) ;
#2977 = ORIENTED_EDGE ( 'NONE', *, *, #1511, .T. ) ;
#2978 = EDGE_CURVE ( 'NONE', #10194, #10249, #7793, .T. ) ;
#2979 = ADVANCED_FACE ( 'NONE', ( #10129 ), #255, .F. ) ;
#2980 = ORIENTED_EDGE ( 'NONE', *, *, #1908, .F. ) ;
#2981 = EDGE_CURVE ( 'NONE', #5069, #3122, #5373, .T. ) ;
#2982 = ORIENTED_EDGE ( 'NONE', *, *, #6437, .F. ) ;
#2983 = LINE ( 'NONE', #5180, #1104 ) ;
#2984 = CARTESIAN_POINT ( 'NONE',  ( 6.301667971656820022, 2.000000000000000000, -0.01800000000000000211 ) ) ;
#2985 = LINE ( 'NONE', #6840, #9743 ) ;
#2986 = DIRECTION ( 'NONE',  ( 0.0000000000000000000, 1.000000000000000000, 0.0000000000000000000 ) ) ;
#2987 = ORIENTED_EDGE ( 'NONE', *, *, #8949, .F. ) ;
#2988 = DIRECTION ( 'NONE',  ( 0.0000000000000000000, 1.000000000000000000, 0.0000000000000000000 ) ) ;
#2989 = ADVANCED_FACE ( 'NONE', ( #8428 ), #1945, .F. ) ;
#2990 = ORIENTED_EDGE ( 'NONE', *, *, #6037, .T. ) ;
#2991 = PLANE ( 'NONE',  #10185 ) ;
#2992 = VERTEX_POINT ( 'NONE', #2746 ) ;
#2993 = DIRECTION ( 'NONE',  ( 0.0000000000000000000, 0.0000000000000000000, 1.000000000000000000 ) ) ;
#2994 = PLANE ( 'NONE',  #748 ) ;
#2995 = CARTESIAN_POINT ( 'NONE',  ( 19.40166797165684898, 2.000000000000000000, 0.8000000000000000444 ) ) ;
#2996 = DIRECTION ( 'NONE',  ( 0.0000000000000000000, -1.000000000000000000, 0.0000000000000000000 ) ) ;
#2997 = DIRECTION ( 'NONE',  ( 0.0000000000000000000, 1.000000000000000000, 0.0000000000000000000 ) ) ;
#2998 = CARTESIAN_POINT ( 'NONE',  ( 11.55166797165682091, 0.5500000000000000444, 0.8180000000000000604 ) ) ;
#2999 = LINE ( 'NONE', #9369, #1832 ) ;
#3000 = VECTOR ( 'NONE', #5102, 1000.000000000000000 ) ;
#3001 = ORIENTED_EDGE ( 'NONE', *, *, #9129, .F. ) ;
#3002 = VERTEX_POINT ( 'NONE', #4349 ) ;
#3003 = ORIENTED_EDGE ( 'NONE', *, *, #10024, .F. ) ;
#3004 = DIRECTION ( 'NONE',  ( -1.000000000000000000, 0.0000000000000000000, 0.0000000000000000000 ) ) ;
#3005 = VECTOR ( 'NONE', #4752, 1000.000000000000000 ) ;
#3006 = ORIENTED_EDGE ( 'NONE', *, *, #5657, .F. ) ;
#3007 = LINE ( 'NONE', #1384, #5450 ) ;
#3008 = CARTESIAN_POINT ( 'NONE',  ( 6.401667971656830325, 2.000000000000000000, 0.8180000000000000604 ) ) ;
#3009 = LINE ( 'NONE', #2259, #4988 ) ;
#3010 = LINE ( 'NONE', #5525, #3590 ) ;
#3011 = PRESENTATION_LAYER_ASSIGNMENT (  '', '', ( #6604 ) ) ;
#3012 = ORIENTED_EDGE ( 'NONE', *, *, #7606, .F. ) ;
#3013 = CARTESIAN_POINT ( 'NONE',  ( 5.801667971656820022, 2.000000000000000000, 0.0000000000000000000 ) ) ;
#3014 = ORIENTED_EDGE ( 'NONE', *, *, #7025, .T. ) ;
#3015 = FACE_BOUND ( 'NONE', #978, .T. ) ;
#3016 = CARTESIAN_POINT ( 'NONE',  ( 16.00166797165680066, 3.851859888774469954E-31, 0.1091910702798599975 ) ) ;
#3017 = VERTEX_POINT ( 'NONE', #483 ) ;
#3018 = CARTESIAN_POINT ( 'NONE',  ( 13.65166797165682055, 0.5500000000000000444, -0.01800000000000000211 ) ) ;
#3019 = LINE ( 'NONE', #2971, #3699 ) ;
#3020 = VECTOR ( 'NONE', #10323, 1000.000000000000000 ) ;
#3021 = DIRECTION ( 'NONE',  ( 1.000000000000000000, 0.0000000000000000000, 0.0000000000000000000 ) ) ;
#3022 = DIRECTION ( 'NONE',  ( -1.000000000000000000, 0.0000000000000000000, 0.0000000000000000000 ) ) ;
#3023 = EDGE_CURVE ( 'NONE', #1482, #454, #3766, .T. ) ;
#3024 = EDGE_CURVE ( 'NONE', #8369, #3167, #7049, .T. ) ;
#3025 = ORIENTED_EDGE ( 'NONE', *, *, #4334, .T. ) ;
#3026 = EDGE_CURVE ( 'NONE', #5351, #695, #8533, .T. ) ;
#3027 = STYLED_ITEM ( 'NONE', ( #9629 ), #8929 ) ;
#3028 = CARTESIAN_POINT ( 'NONE',  ( 3.301667971656824907, 2.000000000000000000, 0.0000000000000000000 ) ) ;
#3029 = EDGE_LOOP ( 'NONE', ( #4026, #7805, #10274, #7752 ) ) ;
#3030 = ORIENTED_EDGE ( 'NONE', *, *, #9427, .F. ) ;
#3031 = LINE ( 'NONE', #4849, #8832 ) ;
#3032 = LINE ( 'NONE', #4750, #8424 ) ;
#3033 = VECTOR ( 'NONE', #3568, 1000.000000000000000 ) ;
#3034 = PLANE ( 'NONE',  #8073 ) ;
#3035 = ADVANCED_FACE ( 'NONE', ( #6020 ), #5215, .F. ) ;
#3036 = ORIENTED_EDGE ( 'NONE', *, *, #465, .F. ) ;
#3037 = EDGE_CURVE ( 'NONE', #6748, #4610, #3653, .T. ) ;
#3038 = CARTESIAN_POINT ( 'NONE',  ( 9.301667971656820910, 2.000000000000000000, 0.0000000000000000000 ) ) ;
#3039 = EDGE_LOOP ( 'NONE', ( #4503, #1858, #441, #611 ) ) ;
#3040 = CARTESIAN_POINT ( 'NONE',  ( 13.65166797165682055, 2.000000000000000000, -0.01800000000000000211 ) ) ;
#3041 = ORIENTED_EDGE ( 'NONE', *, *, #4389, .T. ) ;
#3042 = CARTESIAN_POINT ( 'NONE',  ( 8.651667971656829437, 0.5500000000000000444, -0.01800000000000000211 ) ) ;
#3043 = FACE_OUTER_BOUND ( 'NONE', #5936, .T. ) ;
#3044 = EDGE_CURVE ( 'NONE', #164, #6740, #6879, .T. ) ;
#3045 = PRESENTATION_STYLE_ASSIGNMENT (( #4328 ) ) ;
#3046 = DIRECTION ( 'NONE',  ( 0.0000000000000000000, 0.0000000000000000000, -1.000000000000000000 ) ) ;
#3047 = DIRECTION ( 'NONE',  ( 0.0000000000000000000, -1.000000000000000000, 0.0000000000000000000 ) ) ;
#3048 = DIRECTION ( 'NONE',  ( 1.000000000000000000, 0.0000000000000000000, 0.0000000000000000000 ) ) ;
#3049 = CARTESIAN_POINT ( 'NONE',  ( 11.05166797165682091, 0.5500000000000000444, 0.8180000000000000604 ) ) ;
#3050 = VERTEX_POINT ( 'NONE', #9329 ) ;
#3051 = ORIENTED_EDGE ( 'NONE', *, *, #4986, .F. ) ;
#3052 = VERTEX_POINT ( 'NONE', #6130 ) ;
#3053 = DIRECTION ( 'NONE',  ( 0.0000000000000000000, -1.000000000000000000, 0.0000000000000000000 ) ) ;
#3054 = VECTOR ( 'NONE', #2716, 1000.000000000000000 ) ;
#3055 = ORIENTED_EDGE ( 'NONE', *, *, #2900, .T. ) ;
#3056 = EDGE_CURVE ( 'NONE', #311, #8186, #9385, .T. ) ;
#3057 = DIRECTION ( 'NONE',  ( -1.000000000000000000, 0.0000000000000000000, 0.0000000000000000000 ) ) ;
#3058 = FACE_OUTER_BOUND ( 'NONE', #2312, .T. ) ;
#3059 = DIRECTION ( 'NONE',  ( 0.0000000000000000000, 0.0000000000000000000, -1.000000000000000000 ) ) ;
#3060 = EDGE_LOOP ( 'NONE', ( #9027, #7089, #2905, #6221 ) ) ;
#3061 = ORIENTED_EDGE ( 'NONE', *, *, #4259, .F. ) ;
#3062 = STYLED_ITEM ( 'NONE', ( #10314 ), #389 ) ;
#3063 = DIRECTION ( 'NONE',  ( 0.0000000000000000000, 1.000000000000000000, 0.0000000000000000000 ) ) ;
#3064 = DIRECTION ( 'NONE',  ( -1.000000000000000000, 0.0000000000000000000, 0.0000000000000000000 ) ) ;
#3065 = ORIENTED_EDGE ( 'NONE', *, *, #8879, .T. ) ;
#3066 = CARTESIAN_POINT ( 'NONE',  ( 7.401667971656830325, 2.000000000000000000, 0.8000000000000000444 ) ) ;
#3067 = LINE ( 'NONE', #1449, #8144 ) ;
#3068 = VECTOR ( 'NONE', #3064, 1000.000000000000000 ) ;
#3069 = SURFACE_STYLE_FILL_AREA ( #2424 ) ;
#3070 = FACE_OUTER_BOUND ( 'NONE', #795, .T. ) ;
#3071 = VECTOR ( 'NONE', #5354, 1000.000000000000000 ) ;
#3072 = DIRECTION ( 'NONE',  ( 1.000000000000000000, 0.0000000000000000000, 0.0000000000000000000 ) ) ;
#3073 = ORIENTED_EDGE ( 'NONE', *, *, #7310, .F. ) ;
#3074 = AXIS2_PLACEMENT_3D ( 'NONE', #4147, #6727, #9977 ) ;
#3075 = CARTESIAN_POINT ( 'NONE',  ( 0.0000000000000000000, 0.0000000000000000000, -0.01800000000000000211 ) ) ;
#3076 = EDGE_LOOP ( 'NONE', ( #1628, #9753, #4559, #6535 ) ) ;
#3077 = DIRECTION ( 'NONE',  ( 1.000000000000000000, 0.0000000000000000000, 0.0000000000000000000 ) ) ;
#3078 = DIRECTION ( 'NONE',  ( 0.0000000000000000000, 1.000000000000000000, 0.0000000000000000000 ) ) ;
#3079 = DIRECTION ( 'NONE',  ( 0.0000000000000000000, 1.000000000000000000, 0.0000000000000000000 ) ) ;
#3080 = EDGE_CURVE ( 'NONE', #5156, #3910, #4017, .T. ) ;
#3081 = VECTOR ( 'NONE', #2847, 1000.000000000000000 ) ;
#3082 = CARTESIAN_POINT ( 'NONE',  ( 6.151667971656830325, 2.000000000000000000, 0.0000000000000000000 ) ) ;
#3083 = ORIENTED_EDGE ( 'NONE', *, *, #7750, .F. ) ;
#3084 = COLOUR_RGB ( '',0.6431372549019607199, 0.6156862745098039547, 0.5999999999999999778 ) ;
#3085 = ORIENTED_EDGE ( 'NONE', *, *, #3410, .F. ) ;
#3086 = VECTOR ( 'NONE', #3333, 1000.000000000000000 ) ;
#3087 = AXIS2_PLACEMENT_3D ( 'NONE', #729, #4778, #682 ) ;
#3088 = VERTEX_POINT ( 'NONE', #7304 ) ;
#3089 = ADVANCED_FACE ( 'NONE', ( #9701 ), #3819, .F. ) ;
#3090 = FACE_OUTER_BOUND ( 'NONE', #5859, .T. ) ;
#3091 = EDGE_LOOP ( 'NONE', ( #2301, #4396, #2801, #2097 ) ) ;
#3092 = EDGE_CURVE ( 'NONE', #393, #638, #5533, .T. ) ;
#3093 = PLANE ( 'NONE',  #354 ) ;
#3094 = CARTESIAN_POINT ( 'NONE',  ( 17.20166797165684969, 2.899999999999999911, 0.0000000000000000000 ) ) ;
#3095 = EDGE_CURVE ( 'NONE', #7886, #5598, #5477, .T. ) ;
#3096 = CARTESIAN_POINT ( 'NONE',  ( 17.55166797165684756, 0.5500000000000000444, 0.8180000000000000604 ) ) ;
#3097 = LINE ( 'NONE', #8676, #1177 ) ;
#3098 = VECTOR ( 'NONE', #8276, 1000.000000000000000 ) ;
#3099 = DIRECTION ( 'NONE',  ( 1.000000000000000000, 0.0000000000000000000, 0.0000000000000000000 ) ) ;
#3100 = VECTOR ( 'NONE', #866, 1000.000000000000000 ) ;
#3101 = DIRECTION ( 'NONE',  ( 1.000000000000000000, 0.0000000000000000000, 0.0000000000000000000 ) ) ;
#3102 = VERTEX_POINT ( 'NONE', #5424 ) ;
#3103 = VERTEX_POINT ( 'NONE', #1445 ) ;
#3104 = EDGE_CURVE ( 'NONE', #3531, #9343, #1341, .T. ) ;
#3105 = ADVANCED_FACE ( 'NONE', ( #9541 ), #5583, .F. ) ;
#3106 = ORIENTED_EDGE ( 'NONE', *, *, #2613, .F. ) ;
#3107 = CARTESIAN_POINT ( 'NONE',  ( 9.051667971656829792, 0.5500000000000000444, 0.8180000000000000604 ) ) ;
#3108 = VECTOR ( 'NONE', #9518, 1000.000000000000000 ) ;
#3109 = VERTEX_POINT ( 'NONE', #6288 ) ;
#3110 = FACE_OUTER_BOUND ( 'NONE', #1383, .T. ) ;
#3111 = VECTOR ( 'NONE', #212, 1000.000000000000000 ) ;
#3112 = PLANE ( 'NONE',  #6859 ) ;
#3113 = PLANE ( 'NONE',  #4820 ) ;
#3114 = CARTESIAN_POINT ( 'NONE',  ( 17.20166797165684969, 0.2999999999999949929, 0.0000000000000000000 ) ) ;
#3115 = VERTEX_POINT ( 'NONE', #3973 ) ;
#3116 = LINE ( 'NONE', #6442, #6717 ) ;
#3117 = EDGE_LOOP ( 'NONE', ( #3402, #5748, #6741, #2394 ) ) ;
#3118 = VECTOR ( 'NONE', #6949, 1000.000000000000000 ) ;
#3119 = EDGE_CURVE ( 'NONE', #9372, #4476, #10497, .T. ) ;
#3120 = AXIS2_PLACEMENT_3D ( 'NONE', #1335, #8471, #532 ) ;
#3121 = CARTESIAN_POINT ( 'NONE',  ( 6.551667971656830680, 2.000000000000000000, 0.8180000000000000604 ) ) ;
#3122 = VERTEX_POINT ( 'NONE', #7903 ) ;
#3123 = CARTESIAN_POINT ( 'NONE',  ( 17.55166797165684756, 2.000000000000000000, 0.8000000000000000444 ) ) ;
#3124 = ORIENTED_EDGE ( 'NONE', *, *, #973, .T. ) ;
#3125 =( NAMED_UNIT ( * ) PLANE_ANGLE_UNIT ( ) SI_UNIT ( $, .RADIAN. ) );
#3126 = CARTESIAN_POINT ( 'NONE',  ( 14.00000000000000000, 79.00000000000000000, -1.350000000000000089 ) ) ;
#3127 = AXIS2_PLACEMENT_3D ( 'NONE', #9897, #2514, #7563 ) ;
#3128 = DIRECTION ( 'NONE',  ( -1.000000000000000000, 0.0000000000000000000, 0.0000000000000000000 ) ) ;
#3129 =( NAMED_UNIT ( * ) SI_UNIT ( $, .STERADIAN. ) SOLID_ANGLE_UNIT ( ) );
#3130 = VERTEX_POINT ( 'NONE', #8853 ) ;
#3131 = DIRECTION ( 'NONE',  ( 1.000000000000000000, 0.0000000000000000000, 0.0000000000000000000 ) ) ;
#3132 = ORIENTED_EDGE ( 'NONE', *, *, #9036, .T. ) ;
#3133 = FACE_OUTER_BOUND ( 'NONE', #9966, .T. ) ;
#3134 = EDGE_LOOP ( 'NONE', ( #8175, #5795, #4572, #10237 ) ) ;
#3135 = FACE_OUTER_BOUND ( 'NONE', #4063, .T. ) ;
#3136 = FACE_OUTER_BOUND ( 'NONE', #95, .T. ) ;
#3137 = DIRECTION ( 'NONE',  ( 1.000000000000000000, 0.0000000000000000000, 0.0000000000000000000 ) ) ;
#3138 = PRESENTATION_LAYER_ASSIGNMENT (  '', '', ( #7766 ) ) ;
#3139 = CARTESIAN_POINT ( 'NONE',  ( 5.451667971656830147, -9.629649721936179265E-32, 0.1091910702798599975 ) ) ;
#3140 = CARTESIAN_POINT ( 'NONE',  ( 15.65166797165684898, 0.5500000000000000444, -0.01800000000000000211 ) ) ;
#3141 = VERTEX_POINT ( 'NONE', #1552 ) ;
#3142 = ORIENTED_EDGE ( 'NONE', *, *, #2779, .T. ) ;
#3143 = EDGE_LOOP ( 'NONE', ( #1271, #9190, #4419, #8843 ) ) ;
#3144 = CARTESIAN_POINT ( 'NONE',  ( 13.40166797165682055, 0.5500000000000000444, 0.8000000000000000444 ) ) ;
#3145 = VERTEX_POINT ( 'NONE', #10448 ) ;
#3146 = DIRECTION ( 'NONE',  ( 0.0000000000000000000, -1.000000000000000000, 0.0000000000000000000 ) ) ;
#3147 = CARTESIAN_POINT ( 'NONE',  ( 10.30166797165681913, 2.000000000000000000, -0.01800000000000000211 ) ) ;
#3148 =( NAMED_UNIT ( * ) PLANE_ANGLE_UNIT ( ) SI_UNIT ( $, .RADIAN. ) );
#3149 = DIRECTION ( 'NONE',  ( 0.0000000000000000000, -1.000000000000000000, 0.0000000000000000000 ) ) ;
#3150 = PLANE ( 'NONE',  #6965 ) ;
#3151 = EDGE_CURVE ( 'NONE', #7315, #7984, #2267, .T. ) ;
#3152 = ADVANCED_FACE ( 'NONE', ( #6236 ), #10340, .F. ) ;
#3153 = CARTESIAN_POINT ( 'NONE',  ( 19.40166797165684898, 0.5500000000000000444, 0.8000000000000000444 ) ) ;
#3154 = EDGE_CURVE ( 'NONE', #6797, #3355, #4629, .T. ) ;
#3155 = ORIENTED_EDGE ( 'NONE', *, *, #6725, .F. ) ;
#3156 = ORIENTED_EDGE ( 'NONE', *, *, #9648, .F. ) ;
#3157 = VERTEX_POINT ( 'NONE', #3172 ) ;
#3158 = DIRECTION ( 'NONE',  ( 0.0000000000000000000, -1.000000000000000000, 0.0000000000000000000 ) ) ;
#3159 = VERTEX_POINT ( 'NONE', #3016 ) ;
#3160 = CARTESIAN_POINT ( 'NONE',  ( 6.151667971656830325, 0.5500000000000000444, 0.0000000000000000000 ) ) ;
#3161 = PLANE ( 'NONE',  #4429 ) ;
#3162 = CARTESIAN_POINT ( 'NONE',  ( 7.651667971656829437, 2.000000000000000000, -0.01800000000000000211 ) ) ;
#3163 = FACE_OUTER_BOUND ( 'NONE', #2596, .T. ) ;
#3164 = DIRECTION ( 'NONE',  ( 0.0000000000000000000, 0.0000000000000000000, -1.000000000000000000 ) ) ;
#3165 = EDGE_CURVE ( 'NONE', #6207, #8205, #8756, .T. ) ;
#3166 = ADVANCED_FACE ( 'NONE', ( #1397 ), #9488, .F. ) ;
#3167 = VERTEX_POINT ( 'NONE', #6345 ) ;
#3168 = DIRECTION ( 'NONE',  ( 2.990902544787600071E-16, -1.000000000000000000, 0.0000000000000000000 ) ) ;
#3169 = VECTOR ( 'NONE', #7174, 1000.000000000000000 ) ;
#3170 = EDGE_CURVE ( 'NONE', #7203, #6834, #8696, .T. ) ;
#3171 = AXIS2_PLACEMENT_3D ( 'NONE', #10581, #879, #9682 ) ;
#3172 = CARTESIAN_POINT ( 'NONE',  ( 12.90166797165682055, 0.5500000000000000444, 0.8180000000000000604 ) ) ;
#3173 = ORIENTED_EDGE ( 'NONE', *, *, #3708, .T. ) ;
#3174 = DIRECTION ( 'NONE',  ( 0.0000000000000000000, -1.000000000000000000, 0.0000000000000000000 ) ) ;
#3175 = ORIENTED_EDGE ( 'NONE', *, *, #2887, .F. ) ;
#3176 =( NAMED_UNIT ( * ) SI_UNIT ( $, .STERADIAN. ) SOLID_ANGLE_UNIT ( ) );
#3177 = VECTOR ( 'NONE', #5125, 1000.000000000000000 ) ;
#3178 = CARTESIAN_POINT ( 'NONE',  ( 13.65166797165682055, 0.5500000000000000444, -0.01800000000000000211 ) ) ;
#3179 = EDGE_CURVE ( 'NONE', #8287, #811, #10391, .T. ) ;
#3180 = PLANE ( 'NONE',  #10613 ) ;
#3181 = CARTESIAN_POINT ( 'NONE',  ( 2.651667971656824996, 2.000000000000000000, -0.01800000000000000211 ) ) ;
#3182 = ORIENTED_EDGE ( 'NONE', *, *, #2451, .T. ) ;
#3183 = FACE_OUTER_BOUND ( 'NONE', #3060, .T. ) ;
#3184 = VERTEX_POINT ( 'NONE', #6398 ) ;
#3185 = PLANE ( 'NONE',  #778 ) ;
#3186 = MECHANICAL_DESIGN_GEOMETRIC_PRESENTATION_REPRESENTATION (  '', ( #8839 ), #7982 ) ;
#3187 = DIRECTION ( 'NONE',  ( 0.0000000000000000000, 1.000000000000000000, 0.0000000000000000000 ) ) ;
#3188 = VECTOR ( 'NONE', #516, 1000.000000000000000 ) ;
#3189 = ORIENTED_EDGE ( 'NONE', *, *, #6368, .F. ) ;
#3190 = LINE ( 'NONE', #4801, #5564 ) ;
#3191 = LINE ( 'NONE', #1616, #3098 ) ;
#3192 = CARTESIAN_POINT ( 'NONE',  ( 14.30166797165681913, 0.5500000000000000444, -0.01800000000000000211 ) ) ;
#3193 = FACE_OUTER_BOUND ( 'NONE', #5518, .T. ) ;
#3194 = VECTOR ( 'NONE', #3435, 1000.000000000000000 ) ;
#3195 = LINE ( 'NONE', #1576, #8771 ) ;
#3196 = VERTEX_POINT ( 'NONE', #3277 ) ;
#3197 = VECTOR ( 'NONE', #3526, 1000.000000000000000 ) ;
#3198 = APPLICATION_CONTEXT ( 'automotive_design' ) ;
#3199 = EDGE_LOOP ( 'NONE', ( #1542, #1521, #2457, #3320 ) ) ;
#3200 = ORIENTED_EDGE ( 'NONE', *, *, #9655, .T. ) ;
#3201 = CARTESIAN_POINT ( 'NONE',  ( 1.074999999999999956, 0.0000000000000000000, 0.1091910702798599975 ) ) ;
#3202 = ORIENTED_EDGE ( 'NONE', *, *, #550, .T. ) ;
#3203 = DIRECTION ( 'NONE',  ( 0.0000000000000000000, 0.0000000000000000000, -1.000000000000000000 ) ) ;
#3204 = VECTOR ( 'NONE', #3729, 1000.000000000000000 ) ;
#3205 = CARTESIAN_POINT ( 'NONE',  ( 14.15166797165682055, 2.000000000000000000, -0.01800000000000000211 ) ) ;
#3206 = CARTESIAN_POINT ( 'NONE',  ( 19.05166797165684756, 0.5500000000000000444, 0.8180000000000000604 ) ) ;
#3207 = PLANE ( 'NONE',  #1638 ) ;
#3208 = CARTESIAN_POINT ( 'NONE',  ( 8.250000000000000000, 80.00000000000000000, 0.8009999999999999343 ) ) ;
#3209 = LINE ( 'NONE', #2455, #644 ) ;
#3210 = ORIENTED_EDGE ( 'NONE', *, *, #7299, .F. ) ;
#3211 = VERTEX_POINT ( 'NONE', #9957 ) ;
#3212 = DIRECTION ( 'NONE',  ( 0.0000000000000000000, 0.0000000000000000000, -1.000000000000000000 ) ) ;
#3213 = EDGE_CURVE ( 'NONE', #8186, #2727, #2417, .T. ) ;
#3214 = SURFACE_SIDE_STYLE ('',( #775 ) ) ;
#3215 = EDGE_CURVE ( 'NONE', #2135, #6754, #4993, .T. ) ;
#3216 = CARTESIAN_POINT ( 'NONE',  ( 13.40166797165682055, 0.5500000000000000444, 0.8180000000000000604 ) ) ;
#3217 = EDGE_CURVE ( 'NONE', #4647, #2704, #3222, .T. ) ;
#3218 = DIRECTION ( 'NONE',  ( 0.0000000000000000000, -1.000000000000000000, 0.0000000000000000000 ) ) ;
#3219 =( NAMED_UNIT ( * ) SI_UNIT ( $, .STERADIAN. ) SOLID_ANGLE_UNIT ( ) );
#3220 = VERTEX_POINT ( 'NONE', #4170 ) ;
#3221 = PLANE ( 'NONE',  #248 ) ;
#3222 = LINE ( 'NONE', #4884, #5808 ) ;
#3223 = ORIENTED_EDGE ( 'NONE', *, *, #3664, .F. ) ;
#3224 = CARTESIAN_POINT ( 'NONE',  ( 7.651667971656829437, 0.5500000000000000444, 0.0000000000000000000 ) ) ;
#3225 = ORIENTED_EDGE ( 'NONE', *, *, #6900, .T. ) ;
#3226 = EDGE_CURVE ( 'NONE', #2135, #3407, #6545, .T. ) ;
#3227 =( GEOMETRIC_REPRESENTATION_CONTEXT ( 3 ) GLOBAL_UNCERTAINTY_ASSIGNED_CONTEXT ( ( #1230 ) ) GLOBAL_UNIT_ASSIGNED_CONTEXT ( ( #8688, #5921, #2696 ) ) REPRESENTATION_CONTEXT ( 'NONE', 'WORKASPACE' ) );
#3228 = EDGE_CURVE ( 'NONE', #2108, #9537, #8255, .T. ) ;
#3229 =( GEOMETRIC_REPRESENTATION_CONTEXT ( 3 ) GLOBAL_UNCERTAINTY_ASSIGNED_CONTEXT ( ( #5097 ) ) GLOBAL_UNIT_ASSIGNED_CONTEXT ( ( #7691, #5336, #2867 ) ) REPRESENTATION_CONTEXT ( 'NONE', 'WORKASPACE' ) );
#3230 = LINE ( 'NONE', #7205, #331 ) ;
#3231 = EDGE_CURVE ( 'NONE', #1665, #6980, #9109, .T. ) ;
#3232 = DIRECTION ( 'NONE',  ( -1.000000000000000000, -1.752245935330099997E-15, 0.0000000000000000000 ) ) ;
#3233 = CARTESIAN_POINT ( 'NONE',  ( 8.301667971656819134, 2.000000000000000000, -0.01800000000000000211 ) ) ;
#3234 = VECTOR ( 'NONE', #4351, 1000.000000000000000 ) ;
#3235 = VERTEX_POINT ( 'NONE', #4229 ) ;
#3236 = CARTESIAN_POINT ( 'NONE',  ( 3.151667971656824996, 0.5500000000000000444, -0.01800000000000000211 ) ) ;
#3237 = VERTEX_POINT ( 'NONE', #837 ) ;
#3238 = DIRECTION ( 'NONE',  ( 0.0000000000000000000, -1.000000000000000000, 0.0000000000000000000 ) ) ;
#3239 = DIRECTION ( 'NONE',  ( 1.000000000000000000, -1.239088197126289880E-15, 0.0000000000000000000 ) ) ;
#3240 = ORIENTED_EDGE ( 'NONE', *, *, #8879, .F. ) ;
#3241 = DIRECTION ( 'NONE',  ( 0.0000000000000000000, 1.000000000000000000, 0.0000000000000000000 ) ) ;
#3242 = DIRECTION ( 'NONE',  ( 0.0000000000000000000, 1.000000000000000000, 0.0000000000000000000 ) ) ;
#3243 = EDGE_CURVE ( 'NONE', #2717, #1541, #9053, .T. ) ;
#3244 = DIRECTION ( 'NONE',  ( 1.000000000000000000, 0.0000000000000000000, 0.0000000000000000000 ) ) ;
#3245 = LINE ( 'NONE', #3192, #7535 ) ;
#3246 = PRESENTATION_STYLE_ASSIGNMENT (( #2387 ) ) ;
#3247 = DIRECTION ( 'NONE',  ( 0.0000000000000000000, -1.000000000000000000, 0.0000000000000000000 ) ) ;
#3248 = AXIS2_PLACEMENT_3D ( 'NONE', #1454, #4740, #642 ) ;
#3249 = ORIENTED_EDGE ( 'NONE', *, *, #1186, .T. ) ;
#3250 = VECTOR ( 'NONE', #3897, 1000.000000000000000 ) ;
#3251 = ADVANCED_FACE ( 'NONE', ( #5794 ), #9002, .F. ) ;
#3252 = ORIENTED_EDGE ( 'NONE', *, *, #9039, .T. ) ;
#3253 = ORIENTED_EDGE ( 'NONE', *, *, #10282, .F. ) ;
#3254 = PLANE ( 'NONE',  #1622 ) ;
#3255 = VERTEX_POINT ( 'NONE', #5041 ) ;
#3256 =( GEOMETRIC_REPRESENTATION_CONTEXT ( 3 ) GLOBAL_UNCERTAINTY_ASSIGNED_CONTEXT ( ( #4991 ) ) GLOBAL_UNIT_ASSIGNED_CONTEXT ( ( #8598, #318, #7744 ) ) REPRESENTATION_CONTEXT ( 'NONE', 'WORKASPACE' ) );
#3257 = SURFACE_SIDE_STYLE ('',( #8127 ) ) ;
#3258 = VECTOR ( 'NONE', #8484, 1000.000000000000000 ) ;
#3259 = LINE ( 'NONE', #6377, #4881 ) ;
#3260 = CARTESIAN_POINT ( 'NONE',  ( 8.301667971656819134, 2.000000000000000000, -0.01800000000000000211 ) ) ;
#3261 = CARTESIAN_POINT ( 'NONE',  ( 11.00000000000000000, 80.00000000000000000, -0.001000000000000000021 ) ) ;
#3262 = VECTOR ( 'NONE', #9008, 1000.000000000000000 ) ;
#3263 = CARTESIAN_POINT ( 'NONE',  ( 12.15166797165682055, 2.000000000000000000, -0.01800000000000000211 ) ) ;
#3264 = VECTOR ( 'NONE', #7137, 1000.000000000000000 ) ;
#3265 = DIRECTION ( 'NONE',  ( 0.0000000000000000000, -1.000000000000000000, 0.0000000000000000000 ) ) ;
#3266 = ORIENTED_EDGE ( 'NONE', *, *, #7480, .T. ) ;
#3267 = VERTEX_POINT ( 'NONE', #6599 ) ;
#3268 = CARTESIAN_POINT ( 'NONE',  ( 1.901667971656824996, 2.000000000000000000, 0.8180000000000000604 ) ) ;
#3269 = PLANE ( 'NONE',  #8507 ) ;
#3270 = VECTOR ( 'NONE', #10301, 1000.000000000000000 ) ;
#3271 = CARTESIAN_POINT ( 'NONE',  ( 10.65166797165682055, 2.000000000000000000, 0.0000000000000000000 ) ) ;
#3272 = FACE_OUTER_BOUND ( 'NONE', #10302, .T. ) ;
#3273 = EDGE_LOOP ( 'NONE', ( #180, #5567, #4535, #56 ) ) ;
#3274 = UNCERTAINTY_MEASURE_WITH_UNIT (LENGTH_MEASURE( 1.000000000000000082E-05 ), #10554, 'distance_accuracy_value', 'NONE');
#3275 = FACE_BOUND ( 'NONE', #2713, .T. ) ;
#3276 = ADVANCED_FACE ( 'NONE', ( #7512 ), #4065, .F. ) ;
#3277 = CARTESIAN_POINT ( 'NONE',  ( 18.90166797165684898, 0.5500000000000000444, 0.8180000000000000604 ) ) ;
#3278 = VERTEX_POINT ( 'NONE', #9749 ) ;
#3279 = VECTOR ( 'NONE', #9459, 1000.000000000000000 ) ;
#3280 = CARTESIAN_POINT ( 'NONE',  ( 11.80166797165682091, 0.5500000000000000444, -0.01800000000000000211 ) ) ;
#3281 = ORIENTED_EDGE ( 'NONE', *, *, #244, .F. ) ;
#3282 = CARTESIAN_POINT ( 'NONE',  ( 12.05166797165682091, 2.000000000000000000, 0.8000000000000000444 ) ) ;
#3283 = DIRECTION ( 'NONE',  ( 1.000000000000000000, 0.0000000000000000000, 0.0000000000000000000 ) ) ;
#3284 = ORIENTED_EDGE ( 'NONE', *, *, #7084, .T. ) ;
#3285 = AXIS2_PLACEMENT_3D ( 'NONE', #560, #9624, #2136 ) ;
#3286 = CARTESIAN_POINT ( 'NONE',  ( 2.151667971656824996, 0.5500000000000000444, -0.01800000000000000211 ) ) ;
#3287 = AXIS2_PLACEMENT_3D ( 'NONE', #6460, #6406, #8865 ) ;
#3288 = ORIENTED_EDGE ( 'NONE', *, *, #7883, .T. ) ;
#3289 = SURFACE_STYLE_USAGE ( .BOTH. , #10560 ) ;
#3290 = ADVANCED_FACE ( 'NONE', ( #893 ), #4121, .T. ) ;
#3291 = EDGE_CURVE ( 'NONE', #6980, #5610, #2464, .T. ) ;
#3292 = EDGE_CURVE ( 'NONE', #5817, #6804, #7410, .T. ) ;
#3293 = EDGE_LOOP ( 'NONE', ( #5624, #2666, #3083, #8440, #8750, #873, #6472, #2559 ) ) ;
#3294 = DIRECTION ( 'NONE',  ( -1.000000000000000000, 0.0000000000000000000, 0.0000000000000000000 ) ) ;
#3295 = CARTESIAN_POINT ( 'NONE',  ( 1.551667971656825129, 0.5499999999999860556, 0.8000000000000000444 ) ) ;
#3296 = VECTOR ( 'NONE', #9325, 1000.000000000000000 ) ;
#3297 = FACE_OUTER_BOUND ( 'NONE', #8397, .T. ) ;
#3298 = DIRECTION ( 'NONE',  ( -1.000000000000000000, 0.0000000000000000000, 0.0000000000000000000 ) ) ;
#3299 = CARTESIAN_POINT ( 'NONE',  ( 10.40166797165682055, 2.000000000000000000, 0.8180000000000000604 ) ) ;
#3300 = SURFACE_STYLE_FILL_AREA ( #7022 ) ;
#3301 = CARTESIAN_POINT ( 'NONE',  ( 15.65166797165684898, 2.000000000000000000, 0.0000000000000000000 ) ) ;
#3302 = ORIENTED_EDGE ( 'NONE', *, *, #8200, .F. ) ;
#3303 = ADVANCED_FACE ( 'NONE', ( #32 ), #6654, .F. ) ;
#3304 = EDGE_CURVE ( 'NONE', #253, #2239, #2893, .T. ) ;
#3305 = AXIS2_PLACEMENT_3D ( 'NONE', #2112, #1071, #8641 ) ;
#3306 = ADVANCED_FACE ( 'NONE', ( #409 ), #6975, .F. ) ;
#3307 = EDGE_LOOP ( 'NONE', ( #3398, #6471, #7770, #1801 ) ) ;
#3308 = ORIENTED_EDGE ( 'NONE', *, *, #8969, .F. ) ;
#3309 = DIRECTION ( 'NONE',  ( 0.0000000000000000000, 0.0000000000000000000, 1.000000000000000000 ) ) ;
#3310 = VERTEX_POINT ( 'NONE', #6751 ) ;
#3311 = SURFACE_STYLE_USAGE ( .BOTH. , #3257 ) ;
#3312 = CARTESIAN_POINT ( 'NONE',  ( 8.000000000000000000, 80.00000000000000000, -0.001000000000000000021 ) ) ;
#3313 = EDGE_CURVE ( 'NONE', #3196, #3145, #1933, .T. ) ;
#3314 = VERTEX_POINT ( 'NONE', #239 ) ;
#3315 = CARTESIAN_POINT ( 'NONE',  ( 6.901667971656829437, 0.5500000000000000444, 0.8180000000000000604 ) ) ;
#3316 = PLANE ( 'NONE',  #438 ) ;
#3317 = DIRECTION ( 'NONE',  ( -1.000000000000000000, 0.0000000000000000000, 0.0000000000000000000 ) ) ;
#3318 = LINE ( 'NONE', #8291, #10222 ) ;
#3319 = VERTEX_POINT ( 'NONE', #2732 ) ;
#3320 = ORIENTED_EDGE ( 'NONE', *, *, #8344, .T. ) ;
#3321 = FACE_OUTER_BOUND ( 'NONE', #10177, .T. ) ;
#3322 = CARTESIAN_POINT ( 'NONE',  ( 6.801667971656820022, 2.000000000000000000, -0.01800000000000000211 ) ) ;
#3323 = CARTESIAN_POINT ( 'NONE',  ( 13.90166797165682055, 2.000000000000000000, 0.8000000000000000444 ) ) ;
#3324 = CARTESIAN_POINT ( 'NONE',  ( 20.40166797165684542, 2.000000000000000000, 0.8180000000000000604 ) ) ;
#3325 =( NAMED_UNIT ( * ) PLANE_ANGLE_UNIT ( ) SI_UNIT ( $, .RADIAN. ) );
#3326 = VERTEX_POINT ( 'NONE', #6806 ) ;
#3327 = LINE ( 'NONE', #2569, #5410 ) ;
#3328 = DIRECTION ( 'NONE',  ( 0.0000000000000000000, 1.000000000000000000, 0.0000000000000000000 ) ) ;
#3329 = ORIENTED_EDGE ( 'NONE', *, *, #7551, .T. ) ;
#3330 = DIRECTION ( 'NONE',  ( 0.0000000000000000000, -1.000000000000000000, 0.0000000000000000000 ) ) ;
#3331 = EDGE_LOOP ( 'NONE', ( #7214, #3752, #2872, #946 ) ) ;
#3332 = DIRECTION ( 'NONE',  ( 0.0000000000000000000, -1.000000000000000000, 0.0000000000000000000 ) ) ;
#3333 = DIRECTION ( 'NONE',  ( -1.000000000000000000, 0.0000000000000000000, 0.0000000000000000000 ) ) ;
#3334 = DIRECTION ( 'NONE',  ( 0.0000000000000000000, 0.0000000000000000000, -1.000000000000000000 ) ) ;
#3335 = EDGE_LOOP ( 'NONE', ( #2074, #5361, #3792, #3639 ) ) ;
#3336 = DIRECTION ( 'NONE',  ( 2.990902544787600071E-16, -1.000000000000000000, 0.0000000000000000000 ) ) ;
#3337 = ORIENTED_EDGE ( 'NONE', *, *, #3347, .F. ) ;
#3338 = PRESENTATION_STYLE_ASSIGNMENT (( #4185 ) ) ;
#3339 = VERTEX_POINT ( 'NONE', #2038 ) ;
#3340 = LINE ( 'NONE', #47, #808 ) ;
#3341 = LINE ( 'NONE', #1670, #5752 ) ;
#3342 = CARTESIAN_POINT ( 'NONE',  ( 3.151667971656824996, 0.5500000000000000444, -0.01800000000000000211 ) ) ;
#3343 = VECTOR ( 'NONE', #6701, 1000.000000000000114 ) ;
#3344 = FACE_OUTER_BOUND ( 'NONE', #5833, .T. ) ;
#3345 = EDGE_CURVE ( 'NONE', #8694, #5995, #10056, .T. ) ;
#3346 = CARTESIAN_POINT ( 'NONE',  ( 11.05166797165682091, 2.000000000000000000, 0.8000000000000000444 ) ) ;
#3347 = EDGE_CURVE ( 'NONE', #1969, #3586, #7613, .T. ) ;
#3348 = FACE_OUTER_BOUND ( 'NONE', #6869, .T. ) ;
#3349 = ADVANCED_FACE ( 'NONE', ( #10114 ), #7725, .F. ) ;
#3350 = FACE_OUTER_BOUND ( 'NONE', #7, .T. ) ;
#3351 = ORIENTED_EDGE ( 'NONE', *, *, #3932, .T. ) ;
#3352 = VERTEX_POINT ( 'NONE', #2840 ) ;
#3353 = VERTEX_POINT ( 'NONE', #3693 ) ;
#3354 = LINE ( 'NONE', #3507, #6770 ) ;
#3355 = VERTEX_POINT ( 'NONE', #1216 ) ;
#3356 = LINE ( 'NONE', #8176, #4657 ) ;
#3357 = VECTOR ( 'NONE', #5704, 1000.000000000000000 ) ;
#3358 = DIRECTION ( 'NONE',  ( 0.0000000000000000000, 1.000000000000000000, 0.0000000000000000000 ) ) ;
#3359 = EDGE_CURVE ( 'NONE', #8105, #3527, #4385, .T. ) ;
#3360 = AXIS2_PLACEMENT_3D ( 'NONE', #3299, #805, #8021 ) ;
#3361 = ADVANCED_FACE ( 'NONE', ( #10218 ), #2096, .F. ) ;
#3362 = ORIENTED_EDGE ( 'NONE', *, *, #3345, .F. ) ;
#3363 = FILL_AREA_STYLE ('',( #2715 ) ) ;
#3364 = CARTESIAN_POINT ( 'NONE',  ( 9.651667971656820555, 2.000000000000000000, -0.01800000000000000211 ) ) ;
#3365 = CARTESIAN_POINT ( 'NONE',  ( 8.551667971656828016, 0.5500000000000000444, 0.8000000000000000444 ) ) ;
#3366 = VECTOR ( 'NONE', #2673, 1000.000000000000000 ) ;
#3367 = DIRECTION ( 'NONE',  ( 0.0000000000000000000, 0.0000000000000000000, 1.000000000000000000 ) ) ;
#3368 = ORIENTED_EDGE ( 'NONE', *, *, #8390, .T. ) ;
#3369 = VERTEX_POINT ( 'NONE', #355 ) ;
#3370 = FACE_OUTER_BOUND ( 'NONE', #1497, .T. ) ;
#3371 = CARTESIAN_POINT ( 'NONE',  ( 15.65166797165684898, 2.000000000000000000, -0.01800000000000000211 ) ) ;
#3372 = CARTESIAN_POINT ( 'NONE',  ( 14.65166797165682055, 2.000000000000000000, -0.01800000000000000211 ) ) ;
#3373 = VECTOR ( 'NONE', #1965, 1000.000000000000000 ) ;
#3374 = ORIENTED_EDGE ( 'NONE', *, *, #2496, .T. ) ;
#3375 = UNCERTAINTY_MEASURE_WITH_UNIT (LENGTH_MEASURE( 1.000000000000000082E-05 ), #4090, 'distance_accuracy_value', 'NONE');
#3376 = CARTESIAN_POINT ( 'NONE',  ( 10.05166797165682091, 0.5500000000000000444, 0.8180000000000000604 ) ) ;
#3377 = VECTOR ( 'NONE', #3523, 1000.000000000000000 ) ;
#3378 = CARTESIAN_POINT ( 'NONE',  ( 20.92500000000000071, 6.647935621519060246E-15, 0.1091910702798573884 ) ) ;
#3379 = EDGE_CURVE ( 'NONE', #492, #1892, #7664, .T. ) ;
#3380 = VERTEX_POINT ( 'NONE', #3584 ) ;
#3381 = CARTESIAN_POINT ( 'NONE',  ( 3.651667971656824996, 0.5500000000000000444, -0.01800000000000000211 ) ) ;
#3382 = ORIENTED_EDGE ( 'NONE', *, *, #8331, .F. ) ;
#3383 = PRESENTATION_STYLE_ASSIGNMENT (( #5696 ) ) ;
#3384 = DIRECTION ( 'NONE',  ( 0.0000000000000000000, 0.0000000000000000000, -1.000000000000000000 ) ) ;
#3385 = LINE ( 'NONE', #8314, #1703 ) ;
#3386 = ORIENTED_EDGE ( 'NONE', *, *, #10158, .F. ) ;
#3387 = EDGE_LOOP ( 'NONE', ( #1499, #4417, #2687, #1429 ) ) ;
#3388 = PLANE ( 'NONE',  #9698 ) ;
#3389 = DIRECTION ( 'NONE',  ( -1.000000000000000000, 0.0000000000000000000, 0.0000000000000000000 ) ) ;
#3390 = STYLED_ITEM ( 'NONE', ( #4008 ), #2232 ) ;
#3391 = EDGE_LOOP ( 'NONE', ( #3225, #4637, #7252, #3680 ) ) ;
#3392 = DIRECTION ( 'NONE',  ( -1.000000000000000000, 0.0000000000000000000, 0.0000000000000000000 ) ) ;
#3393 = DIRECTION ( 'NONE',  ( 0.0000000000000000000, 0.0000000000000000000, 1.000000000000000000 ) ) ;
#3394 = CARTESIAN_POINT ( 'NONE',  ( 6.051667971656829792, 2.000000000000000000, 0.8180000000000000604 ) ) ;
#3395 = DIRECTION ( 'NONE',  ( 1.000000000000000000, 0.0000000000000000000, 0.0000000000000000000 ) ) ;
#3396 = CARTESIAN_POINT ( 'NONE',  ( 20.05166797165679782, 0.5500000000000000444, 0.8180000000000000604 ) ) ;
#3397 = CARTESIAN_POINT ( 'NONE',  ( 7.551667971656830680, 0.5500000000000000444, 0.8000000000000000444 ) ) ;
#3398 = ORIENTED_EDGE ( 'NONE', *, *, #1391, .T. ) ;
#3399 = ORIENTED_EDGE ( 'NONE', *, *, #5187, .T. ) ;
#3400 = AXIS2_PLACEMENT_3D ( 'NONE', #10382, #3053, #6331 ) ;
#3401 = EDGE_CURVE ( 'NONE', #8203, #5741, #293, .T. ) ;
#3402 = ORIENTED_EDGE ( 'NONE', *, *, #6307, .T. ) ;
#3403 = CARTESIAN_POINT ( 'NONE',  ( 15.65166797165684898, 2.000000000000000000, -0.01800000000000000211 ) ) ;
#3404 = EDGE_LOOP ( 'NONE', ( #6340, #7820, #7683, #5682 ) ) ;
#3405 = DIRECTION ( 'NONE',  ( 0.0000000000000000000, -1.000000000000000000, 0.0000000000000000000 ) ) ;
#3406 = VECTOR ( 'NONE', #5036, 1000.000000000000000 ) ;
#3407 = VERTEX_POINT ( 'NONE', #5151 ) ;
#3408 = DIRECTION ( 'NONE',  ( 0.0000000000000000000, 0.0000000000000000000, 1.000000000000000000 ) ) ;
#3409 = CARTESIAN_POINT ( 'NONE',  ( 15.15166797165684898, 0.5500000000000000444, -0.01800000000000000211 ) ) ;
#3410 = EDGE_CURVE ( 'NONE', #8960, #10460, #2677, .T. ) ;
#3411 = VECTOR ( 'NONE', #2861, 1000.000000000000000 ) ;
#3412 = EDGE_CURVE ( 'NONE', #2735, #5069, #6169, .T. ) ;
#3413 = STYLED_ITEM ( 'NONE', ( #9574 ), #3941 ) ;
#3414 = DIRECTION ( 'NONE',  ( 0.0000000000000000000, -1.000000000000000000, 0.0000000000000000000 ) ) ;
#3415 = EDGE_CURVE ( 'NONE', #6931, #1457, #8628, .T. ) ;
#3416 = VERTEX_POINT ( 'NONE', #10385 ) ;
#3417 = EDGE_LOOP ( 'NONE', ( #10116, #5010, #7937, #5545, #2376 ) ) ;
#3418 = DIRECTION ( 'NONE',  ( 1.224511328481548031E-16, 1.000000000000000000, 0.0000000000000000000 ) ) ;
#3419 = VECTOR ( 'NONE', #7783, 1000.000000000000000 ) ;
#3420 = CARTESIAN_POINT ( 'NONE',  ( 0.0000000000000000000, 0.0000000000000000000, -0.01800000000000000211 ) ) ;
#3421 = CARTESIAN_POINT ( 'NONE',  ( 13.15166797165682055, 2.000000000000000000, -0.01800000000000000211 ) ) ;
#3422 = VECTOR ( 'NONE', #5813, 1000.000000000000000 ) ;
#3423 = VECTOR ( 'NONE', #5048, 1000.000000000000000 ) ;
#3424 = PLANE ( 'NONE',  #1274 ) ;
#3425 = CARTESIAN_POINT ( 'NONE',  ( 9.551667971656829792, 0.5500000000000000444, 0.8180000000000000604 ) ) ;
#3426 = ORIENTED_EDGE ( 'NONE', *, *, #2459, .T. ) ;
#3427 = LINE ( 'NONE', #9266, #9165 ) ;
#3428 = ADVANCED_FACE ( 'NONE', ( #2201 ), #5523, .F. ) ;
#3429 = ADVANCED_FACE ( 'NONE', ( #7248 ), #3161, .F. ) ;
#3430 = CARTESIAN_POINT ( 'NONE',  ( 11.00000000000000000, 80.00000000000000000, -0.001000000000000000021 ) ) ;
#3431 = VERTEX_POINT ( 'NONE', #8793 ) ;
#3432 = DIRECTION ( 'NONE',  ( 0.0000000000000000000, -1.000000000000000000, 0.0000000000000000000 ) ) ;
#3433 = VECTOR ( 'NONE', #5540, 1000.000000000000000 ) ;
#3434 = VERTEX_POINT ( 'NONE', #9640 ) ;
#3435 = DIRECTION ( 'NONE',  ( 0.0000000000000000000, 0.0000000000000000000, -1.000000000000000000 ) ) ;
#3436 = DIRECTION ( 'NONE',  ( 0.0000000000000000000, 0.0000000000000000000, 1.000000000000000000 ) ) ;
#3437 = DIRECTION ( 'NONE',  ( 0.0000000000000000000, 0.0000000000000000000, -1.000000000000000000 ) ) ;
#3438 = LINE ( 'NONE', #9062, #9411 ) ;
#3439 = VERTEX_POINT ( 'NONE', #1435 ) ;
#3440 = FILL_AREA_STYLE_COLOUR ( '', #5519 ) ;
#3441 = EDGE_CURVE ( 'NONE', #6046, #835, #8098, .T. ) ;
#3442 = VERTEX_POINT ( 'NONE', #4618 ) ;
#3443 = CARTESIAN_POINT ( 'NONE',  ( 14.90166797165682055, 2.000000000000000000, 0.8180000000000000604 ) ) ;
#3444 = VECTOR ( 'NONE', #3930, 1000.000000000000000 ) ;
#3445 = ORIENTED_EDGE ( 'NONE', *, *, #3484, .F. ) ;
#3446 = LINE ( 'NONE', #6722, #5627 ) ;
#3447 = DIRECTION ( 'NONE',  ( 1.000000000000000000, 0.0000000000000000000, 0.0000000000000000000 ) ) ;
#3448 = CARTESIAN_POINT ( 'NONE',  ( 8.051667971656829792, 0.5500000000000000444, 0.8180000000000000604 ) ) ;
#3449 = FACE_OUTER_BOUND ( 'NONE', #8103, .T. ) ;
#3450 = MECHANICAL_DESIGN_GEOMETRIC_PRESENTATION_REPRESENTATION (  '', ( #2091 ), #1735 ) ;
#3451 = CIRCLE ( 'NONE', #3287, 2.999999999999999112 ) ;
#3452 = CARTESIAN_POINT ( 'NONE',  ( 13.75000000000000000, 80.00000000000000000, 0.8000000000000000444 ) ) ;
#3453 = FACE_OUTER_BOUND ( 'NONE', #217, .T. ) ;
#3454 = CARTESIAN_POINT ( 'NONE',  ( 3.051667971656824907, 0.5500000000000000444, 0.8180000000000000604 ) ) ;
#3455 = EDGE_LOOP ( 'NONE', ( #597, #6609, #8715, #6718, #8921, #5089, #6284, #3482 ) ) ;
#3456 = VECTOR ( 'NONE', #4167, 1000.000000000000000 ) ;
#3457 = EDGE_LOOP ( 'NONE', ( #7741, #5530, #2237, #3828 ) ) ;
#3458 = ORIENTED_EDGE ( 'NONE', *, *, #4393, .T. ) ;
#3459 = FACE_BOUND ( 'NONE', #9142, .T. ) ;
#3460 = VERTEX_POINT ( 'NONE', #4830 ) ;
#3461 = CARTESIAN_POINT ( 'NONE',  ( 17.80166797165684756, 0.5500000000000000444, -0.01800000000000000211 ) ) ;
#3462 = PLANE ( 'NONE',  #920 ) ;
#3463 = ORIENTED_EDGE ( 'NONE', *, *, #324, .F. ) ;
#3464 = FACE_OUTER_BOUND ( 'NONE', #8903, .T. ) ;
#3465 = FACE_OUTER_BOUND ( 'NONE', #9243, .T. ) ;
#3466 = CARTESIAN_POINT ( 'NONE',  ( 8.051667971656829792, 2.000000000000000000, 0.8000000000000000444 ) ) ;
#3467 = ORIENTED_EDGE ( 'NONE', *, *, #2592, .T. ) ;
#3468 = ORIENTED_EDGE ( 'NONE', *, *, #8025, .F. ) ;
#3469 = PLANE ( 'NONE',  #8201 ) ;
#3470 = LINE ( 'NONE', #5944, #3887 ) ;
#3471 = CARTESIAN_POINT ( 'NONE',  ( 18.90166797165684898, 0.5500000000000000444, 0.8180000000000000604 ) ) ;
#3472 = ADVANCED_FACE ( 'NONE', ( #1546 ), #6436, .T. ) ;
#3473 = EDGE_CURVE ( 'NONE', #4158, #901, #8047, .T. ) ;
#3474 = EDGE_CURVE ( 'NONE', #6761, #5942, #5573, .T. ) ;
#3475 = CARTESIAN_POINT ( 'NONE',  ( 7.401667971656830325, 2.000000000000000000, 0.8000000000000000444 ) ) ;
#3476 = LINE ( 'NONE', #1053, #3366 ) ;
#3477 = ORIENTED_EDGE ( 'NONE', *, *, #8160, .F. ) ;
#3478 = DIRECTION ( 'NONE',  ( 1.000000000000000000, 0.0000000000000000000, 0.0000000000000000000 ) ) ;
#3479 = CARTESIAN_POINT ( 'NONE',  ( 8.000000000000000000, 79.99000000000000909, 0.0000000000000000000 ) ) ;
#3480 = ORIENTED_EDGE ( 'NONE', *, *, #7682, .T. ) ;
#3481 = LINE ( 'NONE', #5851, #2916 ) ;
#3482 = ORIENTED_EDGE ( 'NONE', *, *, #9778, .F. ) ;
#3483 = CARTESIAN_POINT ( 'NONE',  ( 5.801667971656820022, 2.000000000000000000, -0.01800000000000000211 ) ) ;
#3484 = EDGE_CURVE ( 'NONE', #4833, #6207, #1488, .T. ) ;
#3485 =( NAMED_UNIT ( * ) PLANE_ANGLE_UNIT ( ) SI_UNIT ( $, .RADIAN. ) );
#3486 = LINE ( 'NONE', #957, #9578 ) ;
#3487 = ORIENTED_EDGE ( 'NONE', *, *, #8, .F. ) ;
#3488 = EDGE_CURVE ( 'NONE', #8108, #5790, #10330, .T. ) ;
#3489 = LINE ( 'NONE', #41, #6209 ) ;
#3490 = ORIENTED_EDGE ( 'NONE', *, *, #7434, .F. ) ;
#3491 = UNCERTAINTY_MEASURE_WITH_UNIT (LENGTH_MEASURE( 1.000000000000000082E-05 ), #9514, 'distance_accuracy_value', 'NONE');
#3492 = CARTESIAN_POINT ( 'NONE',  ( 11.80166797165682091, 0.5500000000000000444, -0.01800000000000000211 ) ) ;
#3493 = LINE ( 'NONE', #5753, #7421 ) ;
#3494 = ORIENTED_EDGE ( 'NONE', *, *, #9462, .T. ) ;
#3495 = DIRECTION ( 'NONE',  ( -0.0000000000000000000, 1.000000000000000000, 0.0000000000000000000 ) ) ;
#3496 = EDGE_CURVE ( 'NONE', #10000, #4907, #10283, .T. ) ;
#3497 = LINE ( 'NONE', #6774, #640 ) ;
#3498 = DIRECTION ( 'NONE',  ( 1.000000000000000000, -1.239088197126289880E-15, 0.0000000000000000000 ) ) ;
#3499 = SURFACE_STYLE_FILL_AREA ( #5761 ) ;
#3500 = LINE ( 'NONE', #5173, #8555 ) ;
#3501 = CARTESIAN_POINT ( 'NONE',  ( 18.65166797165684898, 2.000000000000000000, 0.0000000000000000000 ) ) ;
#3502 = ORIENTED_EDGE ( 'NONE', *, *, #2970, .T. ) ;
#3503 = VECTOR ( 'NONE', #9468, 1000.000000000000000 ) ;
#3504 = EDGE_LOOP ( 'NONE', ( #2542, #1243, #2326, #1816 ) ) ;
#3505 = PRESENTATION_LAYER_ASSIGNMENT (  '', '', ( #1975 ) ) ;
#3506 = ORIENTED_EDGE ( 'NONE', *, *, #769, .F. ) ;
#3507 = CARTESIAN_POINT ( 'NONE',  ( 14.65166797165682055, 2.000000000000000000, 0.0000000000000000000 ) ) ;
#3508 = ORIENTED_EDGE ( 'NONE', *, *, #6772, .T. ) ;
#3509 = PLANE ( 'NONE',  #9100 ) ;
#3510 = LINE ( 'NONE', #983, #8295 ) ;
#3511 = AXIS2_PLACEMENT_3D ( 'NONE', #3679, #9516, #507 ) ;
#3512 = LINE ( 'NONE', #6791, #9088 ) ;
#3513 = ORIENTED_EDGE ( 'NONE', *, *, #1922, .F. ) ;
#3514 = MECHANICAL_DESIGN_GEOMETRIC_PRESENTATION_REPRESENTATION (  '', ( #756 ), #7294 ) ;
#3515 = SURFACE_STYLE_FILL_AREA ( #3363 ) ;
#3516 = FACE_OUTER_BOUND ( 'NONE', #9041, .T. ) ;
#3517 = VECTOR ( 'NONE', #1732, 1000.000000000000000 ) ;
#3518 = DIRECTION ( 'NONE',  ( 0.0000000000000000000, -1.000000000000000000, 0.0000000000000000000 ) ) ;
#3519 = VERTEX_POINT ( 'NONE', #7990 ) ;
#3520 = ORIENTED_EDGE ( 'NONE', *, *, #514, .T. ) ;
#3521 = VECTOR ( 'NONE', #1376, 1000.000000000000000 ) ;
#3522 = LINE ( 'NONE', #8620, #1169 ) ;
#3523 = DIRECTION ( 'NONE',  ( 1.000000000000000000, -3.097720492815730124E-16, 0.0000000000000000000 ) ) ;
#3524 = LINE ( 'NONE', #5196, #9059 ) ;
#3525 = PLANE ( 'NONE',  #751 ) ;
#3526 = DIRECTION ( 'NONE',  ( 0.0000000000000000000, 0.0000000000000000000, -1.000000000000000000 ) ) ;
#3527 = VERTEX_POINT ( 'NONE', #1386 ) ;
#3528 = VECTOR ( 'NONE', #5843, 1000.000000000000000 ) ;
#3529 = DIRECTION ( 'NONE',  ( 0.0000000000000000000, 0.0000000000000000000, 1.000000000000000000 ) ) ;
#3530 = ADVANCED_FACE ( 'NONE', ( #10491 ), #7891, .F. ) ;
#3531 = VERTEX_POINT ( 'NONE', #3008 ) ;
#3532 = CARTESIAN_POINT ( 'NONE',  ( 8.301667971656819134, 0.5500000000000000444, 0.0000000000000000000 ) ) ;
#3533 = EDGE_CURVE ( 'NONE', #2704, #8369, #3907, .T. ) ;
#3534 = EDGE_CURVE ( 'NONE', #883, #8851, #4671, .T. ) ;
#3535 = ORIENTED_EDGE ( 'NONE', *, *, #2780, .T. ) ;
#3536 = VECTOR ( 'NONE', #8615, 1000.000000000000000 ) ;
#3537 = FACE_OUTER_BOUND ( 'NONE', #10472, .T. ) ;
#3538 = CARTESIAN_POINT ( 'NONE',  ( 0.0000000000000000000, 0.0000000000000000000, -0.01800000000000000211 ) ) ;
#3539 = CARTESIAN_POINT ( 'NONE',  ( 8.151667971656829437, 2.000000000000000000, -0.01800000000000000211 ) ) ;
#3540 = VERTEX_POINT ( 'NONE', #8897 ) ;
#3541 = ORIENTED_EDGE ( 'NONE', *, *, #6628, .F. ) ;
#3542 = DIRECTION ( 'NONE',  ( 1.000000000000000000, 0.0000000000000000000, 0.0000000000000000000 ) ) ;
#3543 = DIRECTION ( 'NONE',  ( 0.0000000000000000000, 0.0000000000000000000, -1.000000000000000000 ) ) ;
#3544 = ADVANCED_FACE ( 'NONE', ( #10439 ), #3112, .F. ) ;
#3545 = ORIENTED_EDGE ( 'NONE', *, *, #391, .F. ) ;
#3546 = ADVANCED_FACE ( 'NONE', ( #5468 ), #7941, .T. ) ;
#3547 = LINE ( 'NONE', #1947, #6321 ) ;
#3548 = EDGE_CURVE ( 'NONE', #35, #9934, #2411, .T. ) ;
#3549 = CARTESIAN_POINT ( 'NONE',  ( 12.55166797165681913, 2.000000000000000000, 0.8180000000000000604 ) ) ;
#3550 = CARTESIAN_POINT ( 'NONE',  ( 13.65166797165682055, 2.000000000000000000, -0.01800000000000000211 ) ) ;
#3551 = LINE ( 'NONE', #5117, #3422 ) ;
#3552 = DIRECTION ( 'NONE',  ( -1.000000000000000000, 0.0000000000000000000, 0.0000000000000000000 ) ) ;
#3553 = CARTESIAN_POINT ( 'NONE',  ( 10.05166797165682091, 2.000000000000000000, 0.8180000000000000604 ) ) ;
#3554 = EDGE_LOOP ( 'NONE', ( #6624, #2406, #9146, #6444, #8308, #2952 ) ) ;
#3555 = SURFACE_SIDE_STYLE ('',( #2071 ) ) ;
#3556 = ADVANCED_FACE ( 'NONE', ( #4057 ), #5837, .F. ) ;
#3557 = ORIENTED_EDGE ( 'NONE', *, *, #7359, .F. ) ;
#3558 = EDGE_LOOP ( 'NONE', ( #6934, #5769, #2967, #10495 ) ) ;
#3559 = LINE ( 'NONE', #8609, #5743 ) ;
#3560 = VERTEX_POINT ( 'NONE', #3216 ) ;
#3561 = CARTESIAN_POINT ( 'NONE',  ( 6.401667971656830325, 0.5500000000000000444, 0.8180000000000000604 ) ) ;
#3562 = LINE ( 'NONE', #4971, #7456 ) ;
#3563 = VECTOR ( 'NONE', #10566, 1000.000000000000000 ) ;
#3564 = FACE_OUTER_BOUND ( 'NONE', #3293, .T. ) ;
#3565 = ORIENTED_EDGE ( 'NONE', *, *, #1843, .F. ) ;
#3566 = AXIS2_PLACEMENT_3D ( 'NONE', #2058, #10295, #6074 ) ;
#3567 = SHAPE_DEFINITION_REPRESENTATION ( #1962, #3737 ) ;
#3568 = DIRECTION ( 'NONE',  ( 0.0000000000000000000, 0.0000000000000000000, 1.000000000000000000 ) ) ;
#3569 = EDGE_CURVE ( 'NONE', #7223, #5004, #4876, .T. ) ;
#3570 = CARTESIAN_POINT ( 'NONE',  ( 2.401667971656824996, 0.5499999999999900524, 0.8180000000000000604 ) ) ;
#3571 = EDGE_LOOP ( 'NONE', ( #10311, #8884, #7067, #3961, #4099, #3468 ) ) ;
#3572 = LINE ( 'NONE', #10102, #593 ) ;
#3573 = VERTEX_POINT ( 'NONE', #2615 ) ;
#3574 = DIRECTION ( 'NONE',  ( 0.0000000000000000000, 0.0000000000000000000, -1.000000000000000000 ) ) ;
#3575 = CARTESIAN_POINT ( 'NONE',  ( 6.051667971656829792, 0.5500000000000000444, 0.8180000000000000604 ) ) ;
#3576 = VECTOR ( 'NONE', #8992, 1000.000000000000000 ) ;
#3577 = DIRECTION ( 'NONE',  ( 1.000000000000000000, 0.0000000000000000000, 0.0000000000000000000 ) ) ;
#3578 = CARTESIAN_POINT ( 'NONE',  ( 17.20166797165684969, 0.3000000000000129785, 0.8000000000000000444 ) ) ;
#3579 = CARTESIAN_POINT ( 'NONE',  ( 7.051667971656829792, 0.5500000000000000444, 0.8180000000000000604 ) ) ;
#3580 = ORIENTED_EDGE ( 'NONE', *, *, #1340, .F. ) ;
#3581 = VECTOR ( 'NONE', #3046, 1000.000000000000000 ) ;
#3582 = LINE ( 'NONE', #8574, #6782 ) ;
#3583 = VECTOR ( 'NONE', #85, 1000.000000000000000 ) ;
#3584 = CARTESIAN_POINT ( 'NONE',  ( 14.55166797165681913, 0.5500000000000000444, 0.8000000000000000444 ) ) ;
#3585 = ORIENTED_EDGE ( 'NONE', *, *, #905, .F. ) ;
#3586 = VERTEX_POINT ( 'NONE', #5092 ) ;
#3587 = DIRECTION ( 'NONE',  ( 0.0000000000000000000, 0.0000000000000000000, -1.000000000000000000 ) ) ;
#3588 = VERTEX_POINT ( 'NONE', #5686 ) ;
#3589 = DIRECTION ( 'NONE',  ( 1.000000000000000000, 0.0000000000000000000, 0.0000000000000000000 ) ) ;
#3590 = VECTOR ( 'NONE', #10332, 1000.000000000000000 ) ;
#3591 = LINE ( 'NONE', #9378, #4292 ) ;
#3592 = FACE_OUTER_BOUND ( 'NONE', #5879, .T. ) ;
#3593 = ORIENTED_EDGE ( 'NONE', *, *, #480, .T. ) ;
#3594 = LINE ( 'NONE', #8528, #1742 ) ;
#3595 = ORIENTED_EDGE ( 'NONE', *, *, #5900, .T. ) ;
#3596 = DIRECTION ( 'NONE',  ( 0.0000000000000000000, -1.000000000000000000, 0.0000000000000000000 ) ) ;
#3597 = ADVANCED_FACE ( 'NONE', ( #4985 ), #9046, .F. ) ;
#3598 = VECTOR ( 'NONE', #8675, 1000.000000000000000 ) ;
#3599 = VECTOR ( 'NONE', #2899, 1000.000000000000000 ) ;
#3600 = VECTOR ( 'NONE', #1105, 1000.000000000000000 ) ;
#3601 = DIRECTION ( 'NONE',  ( 1.862979256547989927E-15, -0.9396926207859108704, -0.3420201433256619405 ) ) ;
#3602 = ORIENTED_EDGE ( 'NONE', *, *, #1704, .F. ) ;
#3603 = DIRECTION ( 'NONE',  ( 1.000000000000000000, 0.0000000000000000000, 0.0000000000000000000 ) ) ;
#3604 = CARTESIAN_POINT ( 'NONE',  ( 7.151667971656830325, 2.000000000000000000, -0.01800000000000000211 ) ) ;
#3605 = DIRECTION ( 'NONE',  ( 1.000000000000000000, 0.0000000000000000000, 0.0000000000000000000 ) ) ;
#3606 = FACE_OUTER_BOUND ( 'NONE', #757, .T. ) ;
#3607 = PLANE ( 'NONE',  #3617 ) ;
#3608 = EDGE_CURVE ( 'NONE', #2133, #7315, #8950, .T. ) ;
#3609 = VECTOR ( 'NONE', #6519, 1000.000000000000000 ) ;
#3610 = ADVANCED_FACE ( 'NONE', ( #8142 ), #5730, .T. ) ;
#3611 = ORIENTED_EDGE ( 'NONE', *, *, #8981, .T. ) ;
#3612 = EDGE_CURVE ( 'NONE', #7794, #7926, #9742, .T. ) ;
#3613 = EDGE_LOOP ( 'NONE', ( #1272, #1604, #3382, #3386 ) ) ;
#3614 = ORIENTED_EDGE ( 'NONE', *, *, #1998, .F. ) ;
#3615 = DIRECTION ( 'NONE',  ( 0.0000000000000000000, 0.0000000000000000000, 1.000000000000000000 ) ) ;
#3616 = ORIENTED_EDGE ( 'NONE', *, *, #5938, .F. ) ;
#3617 = AXIS2_PLACEMENT_3D ( 'NONE', #6890, #10135, #4470 ) ;
#3618 = DIRECTION ( 'NONE',  ( 0.0000000000000000000, 1.000000000000000000, 0.0000000000000000000 ) ) ;
#3619 = DIRECTION ( 'NONE',  ( 1.000000000000000000, -3.097720492815730124E-16, 0.0000000000000000000 ) ) ;
#3620 = EDGE_CURVE ( 'NONE', #4491, #2735, #5892, .T. ) ;
#3621 = ADVANCED_FACE ( 'NONE', ( #887 ), #776, .T. ) ;
#3622 = VERTEX_POINT ( 'NONE', #77 ) ;
#3623 = VECTOR ( 'NONE', #6148, 1000.000000000000000 ) ;
#3624 = EDGE_CURVE ( 'NONE', #9382, #3434, #2562, .T. ) ;
#3625 = SURFACE_SIDE_STYLE ('',( #1088 ) ) ;
#3626 = PRESENTATION_LAYER_ASSIGNMENT (  '', '', ( #8941 ) ) ;
#3627 = CARTESIAN_POINT ( 'NONE',  ( 0.0000000000000000000, 0.0000000000000000000, 0.8180000000000000604 ) ) ;
#3628 = VERTEX_POINT ( 'NONE', #4928 ) ;
#3629 = CARTESIAN_POINT ( 'NONE',  ( 10.80166797165682091, 2.000000000000000000, -0.01800000000000000211 ) ) ;
#3630 = VERTEX_POINT ( 'NONE', #8190 ) ;
#3631 = LINE ( 'NONE', #6910, #8768 ) ;
#3632 = DIRECTION ( 'NONE',  ( 0.0000000000000000000, -1.000000000000000000, 0.0000000000000000000 ) ) ;
#3633 = EDGE_CURVE ( 'NONE', #5060, #6992, #8355, .T. ) ;
#3634 = LINE ( 'NONE', #4431, #9359 ) ;
#3635 = AXIS2_PLACEMENT_3D ( 'NONE', #2276, #5542, #5909 ) ;
#3636 = LINE ( 'NONE', #9309, #9229 ) ;
#3637 = LINE ( 'NONE', #9998, #8983 ) ;
#3638 = DIRECTION ( 'NONE',  ( 0.0000000000000000000, -1.000000000000000000, 0.0000000000000000000 ) ) ;
#3639 = ORIENTED_EDGE ( 'NONE', *, *, #10605, .F. ) ;
#3640 = DIRECTION ( 'NONE',  ( 1.000000000000000000, -3.097720492815730124E-16, 0.0000000000000000000 ) ) ;
#3641 = DIRECTION ( 'NONE',  ( 0.0000000000000000000, -1.000000000000000000, 0.0000000000000000000 ) ) ;
#3642 = EDGE_LOOP ( 'NONE', ( #10111, #6222, #1581, #2634 ) ) ;
#3643 = VERTEX_POINT ( 'NONE', #10592 ) ;
#3644 = CARTESIAN_POINT ( 'NONE',  ( 13.75000000000000000, 80.00000000000000000, 0.8009999999999999343 ) ) ;
#3645 = EDGE_LOOP ( 'NONE', ( #838, #3240, #8373, #10365 ) ) ;
#3646 = CARTESIAN_POINT ( 'NONE',  ( 17.55166797165684756, 0.5500000000000000444, 0.8180000000000000604 ) ) ;
#3647 = CARTESIAN_POINT ( 'NONE',  ( 7.551667971656830680, 0.5500000000000000444, 0.8180000000000000604 ) ) ;
#3648 = FACE_OUTER_BOUND ( 'NONE', #2161, .T. ) ;
#3649 = VERTEX_POINT ( 'NONE', #6592 ) ;
#3650 = DIRECTION ( 'NONE',  ( 0.0000000000000000000, -1.000000000000000000, 0.0000000000000000000 ) ) ;
#3651 = VERTEX_POINT ( 'NONE', #2511 ) ;
#3652 = LINE ( 'NONE', #369, #954 ) ;
#3653 = LINE ( 'NONE', #310, #4679 ) ;
#3654 = ORIENTED_EDGE ( 'NONE', *, *, #9819, .F. ) ;
#3655 =( LENGTH_UNIT ( ) NAMED_UNIT ( * ) SI_UNIT ( .MILLI., .METRE. ) );
#3656 = FACE_OUTER_BOUND ( 'NONE', #11, .T. ) ;
#3657 = PLANE ( 'NONE',  #4619 ) ;
#3658 = PLANE ( 'NONE',  #9737 ) ;
#3659 = DIRECTION ( 'NONE',  ( -1.582238537378820553E-17, -0.3420201433256715995, -0.9396926207859073177 ) ) ;
#3660 = VERTEX_POINT ( 'NONE', #6700 ) ;
#3661 = CARTESIAN_POINT ( 'NONE',  ( 1.074999999999999956, 0.2999999999999944933, 0.0000000000000000000 ) ) ;
#3662 = ORIENTED_EDGE ( 'NONE', *, *, #1450, .T. ) ;
#3663 = VERTEX_POINT ( 'NONE', #9844 ) ;
#3664 = EDGE_CURVE ( 'NONE', #2717, #695, #6485, .T. ) ;
#3665 = FACE_BOUND ( 'NONE', #7713, .T. ) ;
#3666 = ORIENTED_EDGE ( 'NONE', *, *, #3379, .F. ) ;
#3667 = EDGE_CURVE ( 'NONE', #10031, #4932, #1759, .T. ) ;
#3668 = DIRECTION ( 'NONE',  ( 0.0000000000000000000, -0.9396926207859073177, 0.3420201433256715995 ) ) ;
#3669 = DIRECTION ( 'NONE',  ( 0.0000000000000000000, 1.000000000000000000, 0.0000000000000000000 ) ) ;
#3670 = ADVANCED_FACE ( 'NONE', ( #4009 ), #7295, .T. ) ;
#3671 = FACE_OUTER_BOUND ( 'NONE', #8798, .T. ) ;
#3672 = ORIENTED_EDGE ( 'NONE', *, *, #3608, .F. ) ;
#3673 = VECTOR ( 'NONE', #814, 1000.000000000000000 ) ;
#3674 =( NAMED_UNIT ( * ) PLANE_ANGLE_UNIT ( ) SI_UNIT ( $, .RADIAN. ) );
#3675 = AXIS2_PLACEMENT_3D ( 'NONE', #17, #6427, #6583 ) ;
#3676 = LINE ( 'NONE', #3570, #9205 ) ;
#3677 = ORIENTED_EDGE ( 'NONE', *, *, #7866, .T. ) ;
#3678 = ADVANCED_FACE ( 'NONE', ( #6915 ), #10161, .T. ) ;
#3679 = CARTESIAN_POINT ( 'NONE',  ( 0.0000000000000000000, 0.0000000000000000000, -0.01800000000000000211 ) ) ;
#3680 = ORIENTED_EDGE ( 'NONE', *, *, #7385, .T. ) ;
#3681 = CARTESIAN_POINT ( 'NONE',  ( 5.801667971656820022, 2.000000000000000000, 0.0000000000000000000 ) ) ;
#3682 = VECTOR ( 'NONE', #5554, 1000.000000000000000 ) ;
#3683 = FACE_OUTER_BOUND ( 'NONE', #1834, .T. ) ;
#3684 = EDGE_CURVE ( 'NONE', #4693, #4742, #10211, .T. ) ;
#3685 = CARTESIAN_POINT ( 'NONE',  ( 19.40166797165684898, 2.000000000000000000, 0.8180000000000000604 ) ) ;
#3686 = LINE ( 'NONE', #9418, #4094 ) ;
#3687 = SURFACE_SIDE_STYLE ('',( #3799 ) ) ;
#3688 = DIRECTION ( 'NONE',  ( 1.000000000000000000, 0.0000000000000000000, 0.0000000000000000000 ) ) ;
#3689 = PRODUCT_DEFINITION_CONTEXT ( 'detailed design', #3198, 'design' ) ;
#3690 = CARTESIAN_POINT ( 'NONE',  ( 6.801667971656820022, 2.000000000000000000, -0.01800000000000000211 ) ) ;
#3691 = AXIS2_PLACEMENT_3D ( 'NONE', #9653, #8006, #7260 ) ;
#3692 = AXIS2_PLACEMENT_3D ( 'NONE', #10165, #1214, #6113 ) ;
#3693 = CARTESIAN_POINT ( 'NONE',  ( 0.004999999999995629468, 79.99000000000000909, 0.8000000000000000444 ) ) ;
#3694 = ORIENTED_EDGE ( 'NONE', *, *, #1700, .T. ) ;
#3695 = ORIENTED_EDGE ( 'NONE', *, *, #9454, .T. ) ;
#3696 = CARTESIAN_POINT ( 'NONE',  ( 17.55166797165684756, 2.000000000000000000, 0.8180000000000000604 ) ) ;
#3697 = ORIENTED_EDGE ( 'NONE', *, *, #7443, .T. ) ;
#3698 = CARTESIAN_POINT ( 'NONE',  ( 7.401667971656830325, 2.000000000000000000, 0.8180000000000000604 ) ) ;
#3699 = VECTOR ( 'NONE', #6238, 1000.000000000000000 ) ;
#3700 = LINE ( 'NONE', #2793, #4107 ) ;
#3701 = FACE_OUTER_BOUND ( 'NONE', #4083, .T. ) ;
#3702 = DIRECTION ( 'NONE',  ( 0.0000000000000000000, 0.0000000000000000000, 1.000000000000000000 ) ) ;
#3703 = COLOUR_RGB ( '',0.1019607843137254888, 0.1019607843137254888, 0.1019607843137254888 ) ;
#3704 = ORIENTED_EDGE ( 'NONE', *, *, #1846, .T. ) ;
#3705 = FILL_AREA_STYLE ('',( #422 ) ) ;
#3706 = ORIENTED_EDGE ( 'NONE', *, *, #716, .F. ) ;
#3707 = DIRECTION ( 'NONE',  ( 0.0000000000000000000, 0.0000000000000000000, -1.000000000000000000 ) ) ;
#3708 = EDGE_CURVE ( 'NONE', #5206, #7674, #7659, .T. ) ;
#3709 = LINE ( 'NONE', #9282, #5423 ) ;
#3710 = ORIENTED_EDGE ( 'NONE', *, *, #2444, .F. ) ;
#3711 = LINE ( 'NONE', #372, #5819 ) ;
#3712 = VECTOR ( 'NONE', #2637, 1000.000000000000000 ) ;
#3713 = SURFACE_SIDE_STYLE ('',( #1894 ) ) ;
#3714 = SURFACE_SIDE_STYLE ('',( #1180 ) ) ;
#3715 = AXIS2_PLACEMENT_3D ( 'NONE', #1833, #8270, #203 ) ;
#3716 = CARTESIAN_POINT ( 'NONE',  ( 9.651667971656820555, 2.000000000000000000, -0.01800000000000000211 ) ) ;
#3717 = PLANE ( 'NONE',  #10420 ) ;
#3718 = CARTESIAN_POINT ( 'NONE',  ( 3.401667971656824996, 0.5500000000000000444, 0.8000000000000000444 ) ) ;
#3719 = ORIENTED_EDGE ( 'NONE', *, *, #261, .T. ) ;
#3720 = VECTOR ( 'NONE', #10483, 1000.000000000000000 ) ;
#3721 = FILL_AREA_STYLE_COLOUR ( '', #3084 ) ;
#3722 = ORIENTED_EDGE ( 'NONE', *, *, #1436, .F. ) ;
#3723 = ORIENTED_EDGE ( 'NONE', *, *, #5898, .F. ) ;
#3724 = ORIENTED_EDGE ( 'NONE', *, *, #110, .F. ) ;
#3725 = DIRECTION ( 'NONE',  ( 1.000000000000000000, 0.0000000000000000000, 0.0000000000000000000 ) ) ;
#3726 = DIRECTION ( 'NONE',  ( 3.097720492815730124E-16, 1.000000000000000000, 0.0000000000000000000 ) ) ;
#3727 = DIRECTION ( 'NONE',  ( 2.621072365114365286E-16, -1.000000000000000000, 0.0000000000000000000 ) ) ;
#3728 = VERTEX_POINT ( 'NONE', #4496 ) ;
#3729 = DIRECTION ( 'NONE',  ( 0.0000000000000000000, -1.000000000000000000, 0.0000000000000000000 ) ) ;
#3730 = EDGE_CURVE ( 'NONE', #7384, #5668, #4329, .T. ) ;
#3731 = LINE ( 'NONE', #8666, #9033 ) ;
#3732 = ORIENTED_EDGE ( 'NONE', *, *, #4127, .F. ) ;
#3733 = LINE ( 'NONE', #281, #3859 ) ;
#3734 = ORIENTED_EDGE ( 'NONE', *, *, #8074, .F. ) ;
#3735 = CARTESIAN_POINT ( 'NONE',  ( 10.15166797165682055, 0.5500000000000000444, -0.01800000000000000211 ) ) ;
#3736 = VECTOR ( 'NONE', #8112, 1000.000000000000000 ) ;
#3737 = ADVANCED_BREP_SHAPE_REPRESENTATION ( 'D54F96B5-D83B-4B7E-93E6-CD4B3C74158D', ( #3941, #5747 ), #9672 ) ;
#3738 = CARTESIAN_POINT ( 'NONE',  ( 11.55166797165682091, 2.000000000000000000, 0.8000000000000000444 ) ) ;
#3739 = FACE_OUTER_BOUND ( 'NONE', #10263, .T. ) ;
#3740 = CARTESIAN_POINT ( 'NONE',  ( 18.30166797165680137, 2.000000000000000000, 0.0000000000000000000 ) ) ;
#3741 = DIRECTION ( 'NONE',  ( -1.000000000000000000, 0.0000000000000000000, 0.0000000000000000000 ) ) ;
#3742 = CARTESIAN_POINT ( 'NONE',  ( 21.99500000000000099, 79.99000000000000909, 2.149999999999999911 ) ) ;
#3743 = EDGE_CURVE ( 'NONE', #8370, #9980, #3636, .T. ) ;
#3744 = ADVANCED_FACE ( 'NONE', ( #6162 ), #2671, .F. ) ;
#3745 = CARTESIAN_POINT ( 'NONE',  ( 20.15166797165684542, 0.5499999999999860556, 0.0000000000000000000 ) ) ;
#3746 = EDGE_CURVE ( 'NONE', #4502, #7466, #6744, .T. ) ;
#3747 = EDGE_LOOP ( 'NONE', ( #2870, #10325, #4539, #4480 ) ) ;
#3748 = EDGE_CURVE ( 'NONE', #708, #676, #10049, .T. ) ;
#3749 = VERTEX_POINT ( 'NONE', #5245 ) ;
#3750 = EDGE_LOOP ( 'NONE', ( #2875, #10064, #3902, #9292 ) ) ;
#3751 = CARTESIAN_POINT ( 'NONE',  ( 14.55166797165681913, 0.5500000000000000444, 0.8000000000000000444 ) ) ;
#3752 = ORIENTED_EDGE ( 'NONE', *, *, #9967, .F. ) ;
#3753 = CARTESIAN_POINT ( 'NONE',  ( 19.15166797165684898, 2.000000000000000000, -0.01800000000000000211 ) ) ;
#3754 = DIRECTION ( 'NONE',  ( 0.0000000000000000000, -1.000000000000000000, 0.0000000000000000000 ) ) ;
#3755 = AXIS2_PLACEMENT_3D ( 'NONE', #10502, #3232, #6501 ) ;
#3756 = PLANE ( 'NONE',  #5334 ) ;
#3757 = DIRECTION ( 'NONE',  ( 0.0000000000000000000, -1.000000000000000000, 0.0000000000000000000 ) ) ;
#3758 = VECTOR ( 'NONE', #3552, 1000.000000000000000 ) ;
#3759 = ORIENTED_EDGE ( 'NONE', *, *, #5532, .F. ) ;
#3760 = FACE_OUTER_BOUND ( 'NONE', #9087, .T. ) ;
#3761 = EDGE_CURVE ( 'NONE', #6110, #8842, #9997, .T. ) ;
#3762 = EDGE_CURVE ( 'NONE', #6034, #8345, #8568, .T. ) ;
#3763 = ORIENTED_EDGE ( 'NONE', *, *, #918, .T. ) ;
#3764 = DIRECTION ( 'NONE',  ( 0.0000000000000000000, 0.0000000000000000000, -1.000000000000000000 ) ) ;
#3765 = EDGE_CURVE ( 'NONE', #1157, #522, #3686, .T. ) ;
#3766 = LINE ( 'NONE', #10069, #1756 ) ;
#3767 = EDGE_LOOP ( 'NONE', ( #10008, #7912, #4990, #660 ) ) ;
#3768 = AXIS2_PLACEMENT_3D ( 'NONE', #7065, #3726, #3619 ) ;
#3769 = CARTESIAN_POINT ( 'NONE',  ( 11.65166797165682055, 2.000000000000000000, 0.0000000000000000000 ) ) ;
#3770 =( GEOMETRIC_REPRESENTATION_CONTEXT ( 3 ) GLOBAL_UNCERTAINTY_ASSIGNED_CONTEXT ( ( #6488 ) ) GLOBAL_UNIT_ASSIGNED_CONTEXT ( ( #6241, #1182, #2166 ) ) REPRESENTATION_CONTEXT ( 'NONE', 'WORKASPACE' ) );
#3771 = DIRECTION ( 'NONE',  ( -1.000000000000000000, 0.0000000000000000000, 0.0000000000000000000 ) ) ;
#3772 = LINE ( 'NONE', #1236, #5479 ) ;
#3773 = EDGE_CURVE ( 'NONE', #10460, #8828, #7604, .T. ) ;
#3774 = CARTESIAN_POINT ( 'NONE',  ( 0.004999999999995699725, 79.99000000000000909, 2.149999999999999911 ) ) ;
#3775 = CARTESIAN_POINT ( 'NONE',  ( 6.051667971656829792, 2.000000000000000000, 0.8180000000000000604 ) ) ;
#3776 = DIRECTION ( 'NONE',  ( 0.0000000000000000000, 0.0000000000000000000, -1.000000000000000000 ) ) ;
#3777 = EDGE_LOOP ( 'NONE', ( #9400, #8503, #3085, #9159 ) ) ;
#3778 = AXIS2_PLACEMENT_3D ( 'NONE', #3823, #5428, #5538 ) ;
#3779 = VECTOR ( 'NONE', #6928, 1000.000000000000000 ) ;
#3780 = PRESENTATION_STYLE_ASSIGNMENT (( #6084 ) ) ;
#3781 = ORIENTED_EDGE ( 'NONE', *, *, #3347, .T. ) ;
#3782 = ORIENTED_EDGE ( 'NONE', *, *, #6126, .F. ) ;
#3783 = CARTESIAN_POINT ( 'NONE',  ( 15.15166797165684898, 2.000000000000000000, -0.01800000000000000211 ) ) ;
#3784 = PLANE ( 'NONE',  #1199 ) ;
#3785 = CARTESIAN_POINT ( 'NONE',  ( 19.30166797165679782, 2.000000000000000000, -0.01800000000000000211 ) ) ;
#3786 = CARTESIAN_POINT ( 'NONE',  ( 6.651667971656819667, 2.000000000000000000, 0.0000000000000000000 ) ) ;
#3787 = VERTEX_POINT ( 'NONE', #1869 ) ;
#3788 = CARTESIAN_POINT ( 'NONE',  ( 21.99500000000000099, 5.200000000000000178, 0.0000000000000000000 ) ) ;
#3789 = SURFACE_SIDE_STYLE ('',( #6512 ) ) ;
#3790 = ORIENTED_EDGE ( 'NONE', *, *, #5131, .T. ) ;
#3791 = LINE ( 'NONE', #455, #6430 ) ;
#3792 = ORIENTED_EDGE ( 'NONE', *, *, #5190, .F. ) ;
#3793 = LINE ( 'NONE', #7074, #9267 ) ;
#3794 = LINE ( 'NONE', #3843, #8469 ) ;
#3795 = DIRECTION ( 'NONE',  ( 0.0000000000000000000, 0.0000000000000000000, -1.000000000000000000 ) ) ;
#3796 = DIRECTION ( 'NONE',  ( 0.0000000000000000000, 0.0000000000000000000, -1.000000000000000000 ) ) ;
#3797 = COLOUR_RGB ( '',0.1019607843137254888, 0.1019607843137254888, 0.1019607843137254888 ) ;
#3798 = VECTOR ( 'NONE', #321, 1000.000000000000000 ) ;
#3799 = SURFACE_STYLE_FILL_AREA ( #8785 ) ;
#3800 = FILL_AREA_STYLE_COLOUR ( '', #3703 ) ;
#3801 = LINE ( 'NONE', #7663, #5073 ) ;
#3802 = ORIENTED_EDGE ( 'NONE', *, *, #2442, .T. ) ;
#3803 = ORIENTED_EDGE ( 'NONE', *, *, #6319, .T. ) ;
#3804 = ORIENTED_EDGE ( 'NONE', *, *, #9572, .F. ) ;
#3805 = VECTOR ( 'NONE', #4297, 1000.000000000000000 ) ;
#3806 = FACE_OUTER_BOUND ( 'NONE', #6641, .T. ) ;
#3807 = ORIENTED_EDGE ( 'NONE', *, *, #1375, .F. ) ;
#3808 = EDGE_CURVE ( 'NONE', #3630, #6526, #9262, .T. ) ;
#3809 = DIRECTION ( 'NONE',  ( -0.0000000000000000000, 1.000000000000000000, 0.0000000000000000000 ) ) ;
#3810 = EDGE_CURVE ( 'NONE', #924, #5175, #286, .T. ) ;
#3811 = CARTESIAN_POINT ( 'NONE',  ( 2.801667971656824907, 2.000000000000000000, -0.01800000000000000211 ) ) ;
#3812 = EDGE_CURVE ( 'NONE', #3196, #4847, #1926, .T. ) ;
#3813 = DIRECTION ( 'NONE',  ( 0.0000000000000000000, 1.000000000000000000, 0.0000000000000000000 ) ) ;
#3814 = DIRECTION ( 'NONE',  ( -1.000000000000000000, 0.0000000000000000000, 0.0000000000000000000 ) ) ;
#3815 = ORIENTED_EDGE ( 'NONE', *, *, #6245, .F. ) ;
#3816 = LINE ( 'NONE', #7090, #5176 ) ;
#3817 = EDGE_LOOP ( 'NONE', ( #335, #5587, #8505, #7835 ) ) ;
#3818 = DIRECTION ( 'NONE',  ( 1.000000000000000000, 0.0000000000000000000, 0.0000000000000000000 ) ) ;
#3819 = PLANE ( 'NONE',  #6278 ) ;
#3820 = ORIENTED_EDGE ( 'NONE', *, *, #174, .T. ) ;
#3821 = LINE ( 'NONE', #6290, #4095 ) ;
#3822 = EDGE_CURVE ( 'NONE', #1133, #7651, #8407, .T. ) ;
#3823 = CARTESIAN_POINT ( 'NONE',  ( 13.90166797165682055, 2.000000000000000000, 0.8180000000000000604 ) ) ;
#3824 = EDGE_CURVE ( 'NONE', #5526, #9860, #3524, .T. ) ;
#3825 = CARTESIAN_POINT ( 'NONE',  ( 11.65166797165682055, 2.000000000000000000, -0.01800000000000000211 ) ) ;
#3826 = CARTESIAN_POINT ( 'NONE',  ( 12.05166797165682091, 2.000000000000000000, 0.8180000000000000604 ) ) ;
#3827 = DIRECTION ( 'NONE',  ( 0.0000000000000000000, 0.0000000000000000000, -1.000000000000000000 ) ) ;
#3828 = ORIENTED_EDGE ( 'NONE', *, *, #1845, .T. ) ;
#3829 = PLANE ( 'NONE',  #2882 ) ;
#3830 = EDGE_CURVE ( 'NONE', #3235, #7203, #1096, .T. ) ;
#3831 = ORIENTED_EDGE ( 'NONE', *, *, #1068, .F. ) ;
#3832 = VERTEX_POINT ( 'NONE', #6856 ) ;
#3833 = CARTESIAN_POINT ( 'NONE',  ( 3.151667971656824996, 2.000000000000000000, -0.01800000000000000211 ) ) ;
#3834 = DIRECTION ( 'NONE',  ( -1.000000000000000000, 0.0000000000000000000, 0.0000000000000000000 ) ) ;
#3835 = CARTESIAN_POINT ( 'NONE',  ( 19.65166797165684898, 0.5499999999999900524, 0.0000000000000000000 ) ) ;
#3836 = VERTEX_POINT ( 'NONE', #2783 ) ;
#3837 = EDGE_CURVE ( 'NONE', #1366, #1827, #512, .T. ) ;
#3838 = DIRECTION ( 'NONE',  ( 0.0000000000000000000, 0.0000000000000000000, -1.000000000000000000 ) ) ;
#3839 = VERTEX_POINT ( 'NONE', #9523 ) ;
#3840 = CARTESIAN_POINT ( 'NONE',  ( 7.051667971656829792, 2.000000000000000000, 0.8180000000000000604 ) ) ;
#3841 = ORIENTED_EDGE ( 'NONE', *, *, #2451, .F. ) ;
#3842 = DIRECTION ( 'NONE',  ( 0.0000000000000000000, 0.0000000000000000000, 1.000000000000000000 ) ) ;
#3843 = CARTESIAN_POINT ( 'NONE',  ( 6.651667971656819667, 2.000000000000000000, -0.01800000000000000211 ) ) ;
#3844 = FACE_OUTER_BOUND ( 'NONE', #6492, .T. ) ;
#3845 = LINE ( 'NONE', #7876, #3581 ) ;
#3846 = LINE ( 'NONE', #2998, #7475 ) ;
#3847 = CARTESIAN_POINT ( 'NONE',  ( 14.15166797165682055, 2.000000000000000000, -0.01800000000000000211 ) ) ;
#3848 = AXIS2_PLACEMENT_3D ( 'NONE', #5297, #8672, #458 ) ;
#3849 = ORIENTED_EDGE ( 'NONE', *, *, #3746, .T. ) ;
#3850 = EDGE_LOOP ( 'NONE', ( #506, #6211, #2421, #10305 ) ) ;
#3851 = EDGE_LOOP ( 'NONE', ( #2418, #6465, #9054, #3666 ) ) ;
#3852 = CARTESIAN_POINT ( 'NONE',  ( 19.05166797165684756, 0.5500000000000000444, 0.8000000000000000444 ) ) ;
#3853 = VECTOR ( 'NONE', #5893, 1000.000000000000000 ) ;
#3854 = ORIENTED_EDGE ( 'NONE', *, *, #2552, .T. ) ;
#3855 = CARTESIAN_POINT ( 'NONE',  ( 15.65166797165684898, 0.5500000000000000444, -0.01800000000000000211 ) ) ;
#3856 = CARTESIAN_POINT ( 'NONE',  ( 0.0000000000000000000, 0.0000000000000000000, 0.8180000000000000604 ) ) ;
#3857 = DIRECTION ( 'NONE',  ( -1.000000000000000000, 0.0000000000000000000, 0.0000000000000000000 ) ) ;
#3858 = PLANE ( 'NONE',  #5662 ) ;
#3859 = VECTOR ( 'NONE', #7016, 1000.000000000000000 ) ;
#3860 = VERTEX_POINT ( 'NONE', #9470 ) ;
#3861 = DIRECTION ( 'NONE',  ( 1.582238537378774331E-17, 0.3420201433256619405, -0.9396926207859108704 ) ) ;
#3862 = VERTEX_POINT ( 'NONE', #9627 ) ;
#3863 = FACE_BOUND ( 'NONE', #5285, .T. ) ;
#3864 = EDGE_CURVE ( 'NONE', #10287, #275, #8623, .T. ) ;
#3865 = CARTESIAN_POINT ( 'NONE',  ( 11.40166797165682055, 2.000000000000000000, 0.8000000000000000444 ) ) ;
#3866 = EDGE_LOOP ( 'NONE', ( #6522, #650, #7502, #3288 ) ) ;
#3867 = PLANE ( 'NONE',  #4965 ) ;
#3868 = VECTOR ( 'NONE', #9285, 1000.000000000000000 ) ;
#3869 = CIRCLE ( 'NONE', #80, 0.5999999999999998668 ) ;
#3870 = DIRECTION ( 'NONE',  ( 0.0000000000000000000, 0.0000000000000000000, -1.000000000000000000 ) ) ;
#3871 = PLANE ( 'NONE',  #3248 ) ;
#3872 = CARTESIAN_POINT ( 'NONE',  ( 7.151667971656830325, 0.5500000000000000444, -0.01800000000000000211 ) ) ;
#3873 = DIRECTION ( 'NONE',  ( 0.0000000000000000000, 0.0000000000000000000, 1.000000000000000000 ) ) ;
#3874 = ORIENTED_EDGE ( 'NONE', *, *, #6111, .F. ) ;
#3875 = EDGE_CURVE ( 'NONE', #5364, #7170, #1477, .T. ) ;
#3876 = EDGE_CURVE ( 'NONE', #1054, #9511, #2243, .T. ) ;
#3877 = AXIS2_PLACEMENT_3D ( 'NONE', #6381, #719, #7284 ) ;
#3878 = EDGE_CURVE ( 'NONE', #9880, #1710, #5559, .T. ) ;
#3879 = FILL_AREA_STYLE ('',( #8920 ) ) ;
#3880 = ORIENTED_EDGE ( 'NONE', *, *, #3243, .T. ) ;
#3881 = PLANE ( 'NONE',  #9678 ) ;
#3882 = LINE ( 'NONE', #6412, #1726 ) ;
#3883 = CARTESIAN_POINT ( 'NONE',  ( 11.30166797165682091, 2.000000000000000000, -0.01800000000000000211 ) ) ;
#3884 = FILL_AREA_STYLE_COLOUR ( '', #923 ) ;
#3885 = VECTOR ( 'NONE', #6766, 1000.000000000000000 ) ;
#3886 = ORIENTED_EDGE ( 'NONE', *, *, #10297, .T. ) ;
#3887 = VECTOR ( 'NONE', #9204, 1000.000000000000000 ) ;
#3888 = EDGE_CURVE ( 'NONE', #6707, #10388, #3097, .T. ) ;
#3889 = EDGE_CURVE ( 'NONE', #7986, #443, #2140, .T. ) ;
#3890 = ORIENTED_EDGE ( 'NONE', *, *, #7680, .F. ) ;
#3891 = ORIENTED_EDGE ( 'NONE', *, *, #3684, .T. ) ;
#3892 = FACE_OUTER_BOUND ( 'NONE', #5141, .T. ) ;
#3893 = VERTEX_POINT ( 'NONE', #4549 ) ;
#3894 = CARTESIAN_POINT ( 'NONE',  ( 2.901667971656824996, 0.5499999999999929390, 0.8180000000000000604 ) ) ;
#3895 = DIRECTION ( 'NONE',  ( 0.0000000000000000000, -1.000000000000000000, 0.0000000000000000000 ) ) ;
#3896 = DIRECTION ( 'NONE',  ( 0.0000000000000000000, 0.0000000000000000000, -1.000000000000000000 ) ) ;
#3897 = DIRECTION ( 'NONE',  ( 0.0000000000000000000, 0.0000000000000000000, 1.000000000000000000 ) ) ;
#3898 = EDGE_CURVE ( 'NONE', #8638, #8960, #5405, .T. ) ;
#3899 = CARTESIAN_POINT ( 'NONE',  ( 3.401667971656824996, 0.5500000000000000444, 0.8180000000000000604 ) ) ;
#3900 = CARTESIAN_POINT ( 'NONE',  ( 6.901667971656829437, 0.5500000000000000444, 0.8180000000000000604 ) ) ;
#3901 = ORIENTED_EDGE ( 'NONE', *, *, #2628, .F. ) ;
#3902 = ORIENTED_EDGE ( 'NONE', *, *, #9497, .F. ) ;
#3903 = ORIENTED_EDGE ( 'NONE', *, *, #7310, .T. ) ;
#3904 = DIRECTION ( 'NONE',  ( 0.0000000000000000000, 1.000000000000000000, 0.0000000000000000000 ) ) ;
#3905 = ORIENTED_EDGE ( 'NONE', *, *, #7940, .F. ) ;
#3906 = CARTESIAN_POINT ( 'NONE',  ( 8.000000000000000000, 79.99000000000000909, -1.350000000000000089 ) ) ;
#3907 = LINE ( 'NONE', #2357, #4109 ) ;
#3908 = CARTESIAN_POINT ( 'NONE',  ( 20.05166797165679782, 2.000000000000000000, 0.8180000000000000604 ) ) ;
#3909 = CARTESIAN_POINT ( 'NONE',  ( 11.30166797165682091, 0.5500000000000000444, -0.01800000000000000211 ) ) ;
#3910 = VERTEX_POINT ( 'NONE', #3740 ) ;
#3911 = LINE ( 'NONE', #1390, #702 ) ;
#3912 = VERTEX_POINT ( 'NONE', #4765 ) ;
#3913 = CARTESIAN_POINT ( 'NONE',  ( 19.15166797165684898, 0.5499999999999929390, -0.01800000000000000211 ) ) ;
#3914 = DIRECTION ( 'NONE',  ( 0.0000000000000000000, 1.000000000000000000, 0.0000000000000000000 ) ) ;
#3915 = ORIENTED_EDGE ( 'NONE', *, *, #921, .F. ) ;
#3916 = LINE ( 'NONE', #10499, #5136 ) ;
#3917 = VERTEX_POINT ( 'NONE', #6568 ) ;
#3918 = FILL_AREA_STYLE_COLOUR ( '', #1805 ) ;
#3919 = STYLED_ITEM ( 'NONE', ( #1764 ), #3303 ) ;
#3920 = LINE ( 'NONE', #7206, #6010 ) ;
#3921 = DIRECTION ( 'NONE',  ( 1.000000000000000000, 0.0000000000000000000, 0.0000000000000000000 ) ) ;
#3922 = VECTOR ( 'NONE', #2719, 1000.000000000000000 ) ;
#3923 = DIRECTION ( 'NONE',  ( 0.0000000000000000000, -1.000000000000000000, 0.0000000000000000000 ) ) ;
#3924 = ORIENTED_EDGE ( 'NONE', *, *, #4195, .F. ) ;
#3925 = VECTOR ( 'NONE', #1518, 1000.000000000000000 ) ;
#3926 = VECTOR ( 'NONE', #230, 1000.000000000000000 ) ;
#3927 = CARTESIAN_POINT ( 'NONE',  ( 17.90166797165684898, 2.000000000000000000, 0.8180000000000000604 ) ) ;
#3928 = EDGE_LOOP ( 'NONE', ( #4230, #2472, #9464, #9414 ) ) ;
#3929 = DIRECTION ( 'NONE',  ( 0.0000000000000000000, -1.000000000000000000, 0.0000000000000000000 ) ) ;
#3930 = DIRECTION ( 'NONE',  ( 0.0000000000000000000, 0.0000000000000000000, 1.000000000000000000 ) ) ;
#3931 = SURFACE_SIDE_STYLE ('',( #6413 ) ) ;
#3932 = EDGE_CURVE ( 'NONE', #5823, #5693, #7380, .T. ) ;
#3933 = LINE ( 'NONE', #6414, #9847 ) ;
#3934 = EDGE_CURVE ( 'NONE', #9217, #6273, #8836, .T. ) ;
#3935 = VECTOR ( 'NONE', #9218, 1000.000000000000000 ) ;
#3936 = AXIS2_PLACEMENT_3D ( 'NONE', #5003, #9167, #9119 ) ;
#3937 = EDGE_CURVE ( 'NONE', #2747, #6482, #2556, .T. ) ;
#3938 = LINE ( 'NONE', #7222, #8934 ) ;
#3939 = ORIENTED_EDGE ( 'NONE', *, *, #1700, .F. ) ;
#3940 = MECHANICAL_DESIGN_GEOMETRIC_PRESENTATION_REPRESENTATION (  '', ( #4974 ), #3229 ) ;
#3941 = MANIFOLD_SOLID_BREP ( 'NONE', #4774 ) ;
#3942 = VERTEX_POINT ( 'NONE', #460 ) ;
#3943 =( GEOMETRIC_REPRESENTATION_CONTEXT ( 3 ) GLOBAL_UNCERTAINTY_ASSIGNED_CONTEXT ( ( #3274 ) ) GLOBAL_UNIT_ASSIGNED_CONTEXT ( ( #10554, #10396, #739 ) ) REPRESENTATION_CONTEXT ( 'NONE', 'WORKASPACE' ) );
#3944 = VERTEX_POINT ( 'NONE', #563 ) ;
#3945 = PLANE ( 'NONE',  #9157 ) ;
#3946 = ORIENTED_EDGE ( 'NONE', *, *, #9362, .T. ) ;
#3947 = DIRECTION ( 'NONE',  ( 0.0000000000000000000, 0.0000000000000000000, -1.000000000000000000 ) ) ;
#3948 = CARTESIAN_POINT ( 'NONE',  ( 11.55166797165682091, 0.5500000000000000444, 0.8180000000000000604 ) ) ;
#3949 = EDGE_CURVE ( 'NONE', #311, #6644, #3845, .T. ) ;
#3950 = EDGE_CURVE ( 'NONE', #2036, #4907, #4709, .T. ) ;
#3951 = CARTESIAN_POINT ( 'NONE',  ( 16.00166797165680066, 3.851859888774475209E-31, 0.1091910702798599975 ) ) ;
#3952 = ADVANCED_FACE ( 'NONE', ( #3453 ), #9235, .F. ) ;
#3953 = AXIS2_PLACEMENT_3D ( 'NONE', #4802, #6468, #8967 ) ;
#3954 = DIRECTION ( 'NONE',  ( 0.0000000000000000000, -1.000000000000000000, 0.0000000000000000000 ) ) ;
#3955 = FACE_OUTER_BOUND ( 'NONE', #8306, .T. ) ;
#3956 =( GEOMETRIC_REPRESENTATION_CONTEXT ( 3 ) GLOBAL_UNCERTAINTY_ASSIGNED_CONTEXT ( ( #890 ) ) GLOBAL_UNIT_ASSIGNED_CONTEXT ( ( #9253, #6540, #4929 ) ) REPRESENTATION_CONTEXT ( 'NONE', 'WORKASPACE' ) );
#3957 = CARTESIAN_POINT ( 'NONE',  ( 13.90166797165682055, 2.000000000000000000, 0.8180000000000000604 ) ) ;
#3958 = VERTEX_POINT ( 'NONE', #7481 ) ;
#3959 = EDGE_CURVE ( 'NONE', #267, #2693, #4310, .T. ) ;
#3960 = ORIENTED_EDGE ( 'NONE', *, *, #3215, .F. ) ;
#3961 = ORIENTED_EDGE ( 'NONE', *, *, #7423, .F. ) ;
#3962 = CARTESIAN_POINT ( 'NONE',  ( 3.151667971656824996, 2.000000000000000000, 0.0000000000000000000 ) ) ;
#3963 = AXIS2_PLACEMENT_3D ( 'NONE', #4861, #63, #9938 ) ;
#3964 = EDGE_LOOP ( 'NONE', ( #7809, #8607, #1325, #2982 ) ) ;
#3965 = CARTESIAN_POINT ( 'NONE',  ( 3.651667971656824996, 2.000000000000000000, -0.01800000000000000211 ) ) ;
#3966 = VECTOR ( 'NONE', #7749, 1000.000000000000000 ) ;
#3967 = CARTESIAN_POINT ( 'NONE',  ( 15.30166797165684933, 0.5500000000000000444, -0.01800000000000000211 ) ) ;
#3968 = LINE ( 'NONE', #5630, #10450 ) ;
#3969 = CARTESIAN_POINT ( 'NONE',  ( 19.30166797165679782, 0.5499999999999900524, -0.01800000000000000211 ) ) ;
#3970 = ORIENTED_EDGE ( 'NONE', *, *, #4695, .T. ) ;
#3971 = DIRECTION ( 'NONE',  ( 0.0000000000000000000, 0.0000000000000000000, -1.000000000000000000 ) ) ;
#3972 = AXIS2_PLACEMENT_3D ( 'NONE', #10444, #4062, #10494 ) ;
#3973 = CARTESIAN_POINT ( 'NONE',  ( 20.15166797165684542, 0.5499999999999860556, 0.0000000000000000000 ) ) ;
#3974 = ORIENTED_EDGE ( 'NONE', *, *, #1688, .F. ) ;
#3975 = CARTESIAN_POINT ( 'NONE',  ( 18.65166797165684898, 2.000000000000000000, -0.01800000000000000211 ) ) ;
#3976 = EDGE_LOOP ( 'NONE', ( #9585, #5251, #40, #2742 ) ) ;
#3977 = DIRECTION ( 'NONE',  ( -1.000000000000000000, 1.196361017915040028E-15, 0.0000000000000000000 ) ) ;
#3978 = FACE_OUTER_BOUND ( 'NONE', #6198, .T. ) ;
#3979 = FILL_AREA_STYLE_COLOUR ( '', #500 ) ;
#3980 = VERTEX_POINT ( 'NONE', #105 ) ;
#3981 = LINE ( 'NONE', #4791, #4995 ) ;
#3982 = EDGE_LOOP ( 'NONE', ( #3142, #5537, #6461, #823 ) ) ;
#3983 = CARTESIAN_POINT ( 'NONE',  ( 9.151667971656820555, 2.000000000000000000, 0.0000000000000000000 ) ) ;
#3984 = ORIENTED_EDGE ( 'NONE', *, *, #2263, .T. ) ;
#3985 = CARTESIAN_POINT ( 'NONE',  ( 18.90166797165684898, 2.000000000000000000, 0.8000000000000000444 ) ) ;
#3986 = PLANE ( 'NONE',  #985 ) ;
#3987 = DIRECTION ( 'NONE',  ( 0.0000000000000000000, 0.0000000000000000000, 1.000000000000000000 ) ) ;
#3988 = CARTESIAN_POINT ( 'NONE',  ( 8.901667971656829437, 2.000000000000000000, 0.8180000000000000604 ) ) ;
#3989 = EDGE_LOOP ( 'NONE', ( #189, #9809, #6678, #421, #10510, #4937, #9840, #709 ) ) ;
#3990 = EDGE_CURVE ( 'NONE', #9992, #3235, #211, .T. ) ;
#3991 = EDGE_LOOP ( 'NONE', ( #4596, #7017, #5304, #3677 ) ) ;
#3992 = ADVANCED_FACE ( 'NONE', ( #160 ), #6675, .F. ) ;
#3993 = EDGE_CURVE ( 'NONE', #5948, #9781, #10077, .T. ) ;
#3994 = VERTEX_POINT ( 'NONE', #4193 ) ;
#3995 = CARTESIAN_POINT ( 'NONE',  ( 8.151667971656829437, 2.000000000000000000, 0.0000000000000000000 ) ) ;
#3996 = ORIENTED_EDGE ( 'NONE', *, *, #5916, .T. ) ;
#3997 = CARTESIAN_POINT ( 'NONE',  ( 13.99998333328701960, 79.99000000000000909, 2.149999999999999911 ) ) ;
#3998 = CARTESIAN_POINT ( 'NONE',  ( 13.05166797165682091, 0.5500000000000000444, 0.8180000000000000604 ) ) ;
#3999 = DIRECTION ( 'NONE',  ( -1.000000000000000000, 0.0000000000000000000, 0.0000000000000000000 ) ) ;
#4000 = CARTESIAN_POINT ( 'NONE',  ( 11.65166797165682055, 2.000000000000000000, -0.01800000000000000211 ) ) ;
#4001 = ADVANCED_FACE ( 'NONE', ( #6828 ), #1674, .F. ) ;
#4002 = EDGE_CURVE ( 'NONE', #2156, #8068, #9132, .T. ) ;
#4003 = ADVANCED_FACE ( 'NONE', ( #4960 ), #7587, .F. ) ;
#4004 = VECTOR ( 'NONE', #1533, 1000.000000000000000 ) ;
#4005 = ORIENTED_EDGE ( 'NONE', *, *, #859, .T. ) ;
#4006 = ORIENTED_EDGE ( 'NONE', *, *, #2903, .F. ) ;
#4007 = DIRECTION ( 'NONE',  ( 0.0000000000000000000, 1.000000000000000000, 0.0000000000000000000 ) ) ;
#4008 = PRESENTATION_STYLE_ASSIGNMENT (( #9533 ) ) ;
#4009 = FACE_OUTER_BOUND ( 'NONE', #5258, .T. ) ;
#4010 = CARTESIAN_POINT ( 'NONE',  ( 10.80166797165682091, 2.000000000000000000, -0.01800000000000000211 ) ) ;
#4011 = PRESENTATION_STYLE_ASSIGNMENT (( #8052 ) ) ;
#4012 = ORIENTED_EDGE ( 'NONE', *, *, #7773, .F. ) ;
#4013 = UNCERTAINTY_MEASURE_WITH_UNIT (LENGTH_MEASURE( 1.000000000000000082E-05 ), #7471, 'distance_accuracy_value', 'NONE');
#4014 = FACE_BOUND ( 'NONE', #6851, .T. ) ;
#4015 = AXIS2_PLACEMENT_3D ( 'NONE', #2468, #8309, #4129 ) ;
#4016 =( GEOMETRIC_REPRESENTATION_CONTEXT ( 3 ) GLOBAL_UNCERTAINTY_ASSIGNED_CONTEXT ( ( #1213 ) ) GLOBAL_UNIT_ASSIGNED_CONTEXT ( ( #8774, #2337, #1464 ) ) REPRESENTATION_CONTEXT ( 'NONE', 'WORKASPACE' ) );
#4017 = LINE ( 'NONE', #4783, #8327 ) ;
#4018 = VERTEX_POINT ( 'NONE', #1789 ) ;
#4019 = CARTESIAN_POINT ( 'NONE',  ( 20.92500000000000071, 3.500000000000000000, 0.0000000000000000000 ) ) ;
#4020 = ORIENTED_EDGE ( 'NONE', *, *, #1450, .F. ) ;
#4021 = CARTESIAN_POINT ( 'NONE',  ( 2.301667971656824907, 2.000000000000000000, -0.01800000000000000211 ) ) ;
#4022 = VECTOR ( 'NONE', #9028, 1000.000000000000000 ) ;
#4023 = CARTESIAN_POINT ( 'NONE',  ( 7.651667971656829437, 2.000000000000000000, -0.01800000000000000211 ) ) ;
#4024 = CARTESIAN_POINT ( 'NONE',  ( 9.151667971656820555, 0.5500000000000000444, -0.01800000000000000211 ) ) ;
#4025 = LINE ( 'NONE', #3233, #9241 ) ;
#4026 = ORIENTED_EDGE ( 'NONE', *, *, #4687, .T. ) ;
#4027 = LINE ( 'NONE', #10458, #8079 ) ;
#4028 = EDGE_CURVE ( 'NONE', #2300, #7543, #3500, .T. ) ;
#4029 = ORIENTED_EDGE ( 'NONE', *, *, #8318, .F. ) ;
#4030 = PLANE ( 'NONE',  #4574 ) ;
#4031 = VECTOR ( 'NONE', #9504, 1000.000000000000000 ) ;
#4032 = DIRECTION ( 'NONE',  ( 0.0000000000000000000, 0.0000000000000000000, 1.000000000000000000 ) ) ;
#4033 = VECTOR ( 'NONE', #8091, 1000.000000000000000 ) ;
#4034 = EDGE_LOOP ( 'NONE', ( #9560, #9643, #3189, #7643 ) ) ;
#4035 = DIRECTION ( 'NONE',  ( -1.000000000000000000, 0.0000000000000000000, 0.0000000000000000000 ) ) ;
#4036 = CARTESIAN_POINT ( 'NONE',  ( 2.901667971656824996, 2.000000000000000000, 0.8000000000000000444 ) ) ;
#4037 = DIRECTION ( 'NONE',  ( 0.0000000000000000000, 1.000000000000000000, 0.0000000000000000000 ) ) ;
#4038 =( NAMED_UNIT ( * ) PLANE_ANGLE_UNIT ( ) SI_UNIT ( $, .RADIAN. ) );
#4039 = LINE ( 'NONE', #1414, #7128 ) ;
#4040 = CARTESIAN_POINT ( 'NONE',  ( 4.251667971656825529, 0.2999999999999944933, 0.0000000000000000000 ) ) ;
#4041 = ORIENTED_EDGE ( 'NONE', *, *, #1857, .F. ) ;
#4042 = AXIS2_PLACEMENT_3D ( 'NONE', #3364, #2935, #6152 ) ;
#4043 = ORIENTED_EDGE ( 'NONE', *, *, #1097, .F. ) ;
#4044 = ORIENTED_EDGE ( 'NONE', *, *, #1031, .F. ) ;
#4045 = DIRECTION ( 'NONE',  ( 0.0000000000000000000, 0.0000000000000000000, 1.000000000000000000 ) ) ;
#4046 = EDGE_LOOP ( 'NONE', ( #576, #4755, #4514, #5319 ) ) ;
#4047 = CARTESIAN_POINT ( 'NONE',  ( 3.551667971656824907, 2.000000000000000000, 0.8180000000000000604 ) ) ;
#4048 = EDGE_CURVE ( 'NONE', #9176, #3416, #2539, .T. ) ;
#4049 = DIRECTION ( 'NONE',  ( 0.0000000000000000000, 1.000000000000000000, 0.0000000000000000000 ) ) ;
#4050 = DIRECTION ( 'NONE',  ( 0.0000000000000000000, 0.0000000000000000000, 1.000000000000000000 ) ) ;
#4051 = CARTESIAN_POINT ( 'NONE',  ( 18.05166797165684756, 2.000000000000000000, 0.8000000000000000444 ) ) ;
#4052 = DIRECTION ( 'NONE',  ( 0.0000000000000000000, 0.0000000000000000000, -1.000000000000000000 ) ) ;
#4053 = ORIENTED_EDGE ( 'NONE', *, *, #9363, .T. ) ;
#4054 = ORIENTED_EDGE ( 'NONE', *, *, #7044, .T. ) ;
#4055 = LINE ( 'NONE', #825, #10066 ) ;
#4056 = CARTESIAN_POINT ( 'NONE',  ( 5.451667971656830147, -9.629649721936179265E-32, 0.1091910702798599975 ) ) ;
#4057 = FACE_OUTER_BOUND ( 'NONE', #6650, .T. ) ;
#4058 = ADVANCED_FACE ( 'NONE', ( #6778 ), #9183, .F. ) ;
#4059 = DIRECTION ( 'NONE',  ( -1.000000000000000000, 0.0000000000000000000, 0.0000000000000000000 ) ) ;
#4060 = EDGE_CURVE ( 'NONE', #5235, #5797, #5067, .T. ) ;
#4061 = EDGE_CURVE ( 'NONE', #7032, #4693, #8434, .T. ) ;
#4062 = DIRECTION ( 'NONE',  ( -0.0000000000000000000, 1.000000000000000000, 0.0000000000000000000 ) ) ;
#4063 = EDGE_LOOP ( 'NONE', ( #6715, #7638, #5411, #7589 ) ) ;
#4064 = FACE_OUTER_BOUND ( 'NONE', #9955, .T. ) ;
#4065 = PLANE ( 'NONE',  #4461 ) ;
#4066 = VERTEX_POINT ( 'NONE', #865 ) ;
#4067 = CARTESIAN_POINT ( 'NONE',  ( 20.15166797165684542, 2.000000000000000000, -0.01800000000000000211 ) ) ;
#4068 = VERTEX_POINT ( 'NONE', #52 ) ;
#4069 = CARTESIAN_POINT ( 'NONE',  ( 3.651667971656824996, 2.000000000000000000, -0.01800000000000000211 ) ) ;
#4070 = PLANE ( 'NONE',  #1538 ) ;
#4071 = ADVANCED_FACE ( 'NONE', ( #3348 ), #6622, .F. ) ;
#4072 = ADVANCED_FACE ( 'NONE', ( #5018 ), #915, .F. ) ;
#4073 = DIRECTION ( 'NONE',  ( 0.0000000000000000000, -1.000000000000000000, 0.0000000000000000000 ) ) ;
#4074 = PRESENTATION_STYLE_ASSIGNMENT (( #8813 ) ) ;
#4075 = AXIS2_PLACEMENT_3D ( 'NONE', #6769, #857, #10022 ) ;
#4076 = ORIENTED_EDGE ( 'NONE', *, *, #9189, .T. ) ;
#4077 = EDGE_CURVE ( 'NONE', #4895, #4650, #5276, .T. ) ;
#4078 = LINE ( 'NONE', #8011, #536 ) ;
#4079 = ORIENTED_EDGE ( 'NONE', *, *, #5710, .T. ) ;
#4080 = AXIS2_PLACEMENT_3D ( 'NONE', #1220, #1935, #4560 ) ;
#4081 = DIRECTION ( 'NONE',  ( 0.0000000000000000000, 0.0000000000000000000, -1.000000000000000000 ) ) ;
#4082 = DIRECTION ( 'NONE',  ( 0.0000000000000000000, 1.000000000000000000, 0.0000000000000000000 ) ) ;
#4083 = EDGE_LOOP ( 'NONE', ( #8775, #8788, #5727, #10232 ) ) ;
#4084 = DIRECTION ( 'NONE',  ( -1.000000000000000000, 0.0000000000000000000, 0.0000000000000000000 ) ) ;
#4085 = VECTOR ( 'NONE', #7505, 1000.000000000000000 ) ;
#4086 = ADVANCED_FACE ( 'NONE', ( #3606 ), #489, .F. ) ;
#4087 = DIRECTION ( 'NONE',  ( 0.0000000000000000000, -1.000000000000000000, 0.0000000000000000000 ) ) ;
#4088 = CARTESIAN_POINT ( 'NONE',  ( 13.80166797165682091, 2.000000000000000000, -0.01800000000000000211 ) ) ;
#4089 = CARTESIAN_POINT ( 'NONE',  ( 17.20166797165684969, 2.899999999999999911, 0.8000000000000000444 ) ) ;
#4090 =( LENGTH_UNIT ( ) NAMED_UNIT ( * ) SI_UNIT ( .MILLI., .METRE. ) );
#4091 = CARTESIAN_POINT ( 'NONE',  ( 9.151667971656820555, 0.5500000000000000444, -0.01800000000000000211 ) ) ;
#4092 = VECTOR ( 'NONE', #5169, 1000.000000000000000 ) ;
#4093 = VERTEX_POINT ( 'NONE', #378 ) ;
#4094 = VECTOR ( 'NONE', #5945, 1000.000000000000000 ) ;
#4095 = VECTOR ( 'NONE', #2318, 1000.000000000000000 ) ;
#4096 = EDGE_LOOP ( 'NONE', ( #481, #3880, #9324, #8185 ) ) ;
#4097 = ORIENTED_EDGE ( 'NONE', *, *, #5515, .T. ) ;
#4098 = FACE_BOUND ( 'NONE', #3504, .T. ) ;
#4099 = ORIENTED_EDGE ( 'NONE', *, *, #8222, .F. ) ;
#4100 = VECTOR ( 'NONE', #8646, 1000.000000000000000 ) ;
#4101 = DIRECTION ( 'NONE',  ( 1.000000000000000000, 0.0000000000000000000, 0.0000000000000000000 ) ) ;
#4102 = LINE ( 'NONE', #3147, #3169 ) ;
#4103 = COLOUR_RGB ( '',0.6431372549019607199, 0.6156862745098039547, 0.5999999999999999778 ) ;
#4104 = VERTEX_POINT ( 'NONE', #6888 ) ;
#4105 = FACE_OUTER_BOUND ( 'NONE', #6557, .T. ) ;
#4106 = CARTESIAN_POINT ( 'NONE',  ( 7.551667971656830680, 0.5500000000000000444, 0.8000000000000000444 ) ) ;
#4107 = VECTOR ( 'NONE', #6926, 1000.000000000000000 ) ;
#4108 = CARTESIAN_POINT ( 'NONE',  ( 10.15166797165682055, 0.5500000000000000444, -0.01800000000000000211 ) ) ;
#4109 = VECTOR ( 'NONE', #7189, 1000.000000000000000 ) ;
#4110 = FACE_OUTER_BOUND ( 'NONE', #6033, .T. ) ;
#4111 = ORIENTED_EDGE ( 'NONE', *, *, #6570, .T. ) ;
#4112 = VERTEX_POINT ( 'NONE', #7687 ) ;
#4113 = CARTESIAN_POINT ( 'NONE',  ( 0.004999999999989870186, 79.99000000000000909, -1.350000000000000089 ) ) ;
#4114 = CARTESIAN_POINT ( 'NONE',  ( 8.051667971656829792, 2.000000000000000000, 0.8180000000000000604 ) ) ;
#4115 = VECTOR ( 'NONE', #9009, 1000.000000000000000 ) ;
#4116 = CARTESIAN_POINT ( 'NONE',  ( 12.05166797165682091, 0.5500000000000000444, 0.8180000000000000604 ) ) ;
#4117 = FACE_OUTER_BOUND ( 'NONE', #1682, .T. ) ;
#4118 = EDGE_LOOP ( 'NONE', ( #6119, #4980, #7413, #3249 ) ) ;
#4119 = UNCERTAINTY_MEASURE_WITH_UNIT (LENGTH_MEASURE( 1.000000000000000082E-05 ), #545, 'distance_accuracy_value', 'NONE');
#4120 = LINE ( 'NONE', #1004, #4899 ) ;
#4121 = PLANE ( 'NONE',  #9590 ) ;
#4122 = ADVANCED_FACE ( 'NONE', ( #9494 ), #3717, .F. ) ;
#4123 = EDGE_LOOP ( 'NONE', ( #8619, #4338, #4725, #6682 ) ) ;
#4124 = VECTOR ( 'NONE', #4534, 1000.000000000000000 ) ;
#4125 = ADVANCED_FACE ( 'NONE', ( #7748 ), #1952, .F. ) ;
#4126 = CARTESIAN_POINT ( 'NONE',  ( 19.90166797165684542, 0.5500000000000000444, 0.8180000000000000604 ) ) ;
#4127 = EDGE_CURVE ( 'NONE', #3560, #4761, #2975, .T. ) ;
#4128 = ORIENTED_EDGE ( 'NONE', *, *, #6694, .T. ) ;
#4129 = DIRECTION ( 'NONE',  ( 0.0000000000000000000, 0.0000000000000000000, -1.000000000000000000 ) ) ;
#4130 = PLANE ( 'NONE',  #8909 ) ;
#4131 = LINE ( 'NONE', #2579, #5130 ) ;
#4132 = CARTESIAN_POINT ( 'NONE',  ( 15.65166797165684898, 0.5500000000000000444, 0.0000000000000000000 ) ) ;
#4133 = ORIENTED_EDGE ( 'NONE', *, *, #9877, .F. ) ;
#4134 = AXIS2_PLACEMENT_3D ( 'NONE', #7121, #1474, #2993 ) ;
#4135 = DIRECTION ( 'NONE',  ( 4.626155997695749151E-17, 1.000000000000000000, 0.0000000000000000000 ) ) ;
#4136 = VECTOR ( 'NONE', #5121, 1000.000000000000000 ) ;
#4137 = EDGE_LOOP ( 'NONE', ( #659, #7448, #5413, #5075 ) ) ;
#4138 = SURFACE_SIDE_STYLE ('',( #9811 ) ) ;
#4139 = EDGE_CURVE ( 'NONE', #7924, #6909, #6997, .T. ) ;
#4140 = ORIENTED_EDGE ( 'NONE', *, *, #2046, .T. ) ;
#4141 = PLANE ( 'NONE',  #1859 ) ;
#4142 = ADVANCED_FACE ( 'NONE', ( #9336 ), #7101, .F. ) ;
#4143 = LINE ( 'NONE', #6616, #5070 ) ;
#4144 = CARTESIAN_POINT ( 'NONE',  ( 3.551667971656824907, 0.5500000000000000444, 0.8000000000000000444 ) ) ;
#4145 = DIRECTION ( 'NONE',  ( 1.000000000000000000, 0.0000000000000000000, 0.0000000000000000000 ) ) ;
#4146 = LINE ( 'NONE', #4309, #9588 ) ;
#4147 = CARTESIAN_POINT ( 'NONE',  ( 7.801667971656819134, 2.000000000000000000, -0.01800000000000000211 ) ) ;
#4148 = DIRECTION ( 'NONE',  ( -1.000000000000000000, 0.0000000000000000000, 0.0000000000000000000 ) ) ;
#4149 = ORIENTED_EDGE ( 'NONE', *, *, #4922, .T. ) ;
#4150 = ADVANCED_FACE ( 'NONE', ( #7800 ), #4469, .T. ) ;
#4151 = EDGE_LOOP ( 'NONE', ( #4966, #5160, #7610, #5435 ) ) ;
#4153 = ORIENTED_EDGE ( 'NONE', *, *, #4406, .T. ) ;
#4152 = COLOUR_RGB ( '',0.1019607843137254888, 0.1019607843137254888, 0.1019607843137254888 ) ;
#4154 = DIRECTION ( 'NONE',  ( 0.0000000000000000000, -1.000000000000000000, 0.0000000000000000000 ) ) ;
#4155 = ORIENTED_EDGE ( 'NONE', *, *, #4958, .T. ) ;
#4156 = PLANE ( 'NONE',  #8933 ) ;
#4157 = LINE ( 'NONE', #8237, #6937 ) ;
#4158 = VERTEX_POINT ( 'NONE', #6940 ) ;
#4159 = DIRECTION ( 'NONE',  ( 1.000000000000000000, 0.0000000000000000000, 0.0000000000000000000 ) ) ;
#4160 = EDGE_CURVE ( 'NONE', #522, #5979, #8601, .T. ) ;
#4161 = CARTESIAN_POINT ( 'NONE',  ( 19.30166797165679782, 0.5499999999999900524, 0.0000000000000000000 ) ) ;
#4162 = ORIENTED_EDGE ( 'NONE', *, *, #8200, .T. ) ;
#4163 = ORIENTED_EDGE ( 'NONE', *, *, #7376, .T. ) ;
#4164 = DIRECTION ( 'NONE',  ( 1.000000000000000000, 0.0000000000000000000, 0.0000000000000000000 ) ) ;
#4165 = CARTESIAN_POINT ( 'NONE',  ( 14.40166797165682055, 0.5500000000000000444, 0.8180000000000000604 ) ) ;
#4166 = DIRECTION ( 'NONE',  ( 0.0000000000000000000, -1.000000000000000000, 0.0000000000000000000 ) ) ;
#4167 = DIRECTION ( 'NONE',  ( 0.0000000000000000000, 0.0000000000000000000, -1.000000000000000000 ) ) ;
#4168 = EDGE_LOOP ( 'NONE', ( #6630, #7572, #8935, #7407 ) ) ;
#4169 = CARTESIAN_POINT ( 'NONE',  ( 22.00000000000000000, 80.00000000000000000, 0.8000000000000000444 ) ) ;
#4170 = CARTESIAN_POINT ( 'NONE',  ( 3.901667971656824996, 2.000000000000000000, 0.8000000000000000444 ) ) ;
#4171 = ORIENTED_EDGE ( 'NONE', *, *, #6244, .F. ) ;
#4172 = LINE ( 'NONE', #3381, #9063 ) ;
#4173 = ORIENTED_EDGE ( 'NONE', *, *, #6306, .T. ) ;
#4174 = FACE_OUTER_BOUND ( 'NONE', #7458, .T. ) ;
#4175 = DIRECTION ( 'NONE',  ( 0.0000000000000000000, 0.0000000000000000000, -1.000000000000000000 ) ) ;
#4176 = LINE ( 'NONE', #38, #3086 ) ;
#4177 = FACE_OUTER_BOUND ( 'NONE', #1158, .T. ) ;
#4178 = VECTOR ( 'NONE', #9090, 1000.000000000000000 ) ;
#4179 = ORIENTED_EDGE ( 'NONE', *, *, #6296, .F. ) ;
#4180 = SURFACE_STYLE_FILL_AREA ( #2529 ) ;
#4181 = ORIENTED_EDGE ( 'NONE', *, *, #3313, .F. ) ;
#4182 = VECTOR ( 'NONE', #8984, 1000.000000000000114 ) ;
#4183 = DIRECTION ( 'NONE',  ( 0.0000000000000000000, 1.000000000000000000, 0.0000000000000000000 ) ) ;
#4184 = EDGE_CURVE ( 'NONE', #5693, #8272, #10189, .T. ) ;
#4185 = SURFACE_STYLE_USAGE ( .BOTH. , #4138 ) ;
#4186 = ORIENTED_EDGE ( 'NONE', *, *, #680, .F. ) ;
#4187 = PLANE ( 'NONE',  #7342 ) ;
#4188 = AXIS2_PLACEMENT_3D ( 'NONE', #9416, #4544, #10421 ) ;
#4189 = CARTESIAN_POINT ( 'NONE',  ( 6.651667971656819667, 2.000000000000000000, -0.01800000000000000211 ) ) ;
#4190 = FACE_OUTER_BOUND ( 'NONE', #1578, .T. ) ;
#4191 = PLANE ( 'NONE',  #5816 ) ;
#4192 = PRESENTATION_STYLE_ASSIGNMENT (( #972 ) ) ;
#4193 = CARTESIAN_POINT ( 'NONE',  ( 7.551667971656830680, 0.5500000000000000444, 0.8180000000000000604 ) ) ;
#4194 = DIRECTION ( 'NONE',  ( -1.000000000000000000, 0.0000000000000000000, 0.0000000000000000000 ) ) ;
#4195 = EDGE_CURVE ( 'NONE', #10556, #4952, #4025, .T. ) ;
#4196 = ADVANCED_FACE ( 'NONE', ( #1455 ), #10455, .F. ) ;
#4197 = EDGE_LOOP ( 'NONE', ( #7622, #9003, #4731, #9958 ) ) ;
#4198 = AXIS2_PLACEMENT_3D ( 'NONE', #5503, #2344, #6313 ) ;
#4199 = ADVANCED_FACE ( 'NONE', ( #9757 ), #10503, .F. ) ;
#4200 = STYLED_ITEM ( 'NONE', ( #9597 ), #9619 ) ;
#4201 = ORIENTED_EDGE ( 'NONE', *, *, #9380, .T. ) ;
#4202 = ORIENTED_EDGE ( 'NONE', *, *, #724, .F. ) ;
#4203 = DIRECTION ( 'NONE',  ( 0.0000000000000000000, -1.000000000000000000, 0.0000000000000000000 ) ) ;
#4204 = ORIENTED_EDGE ( 'NONE', *, *, #596, .F. ) ;
#4205 = PRESENTATION_LAYER_ASSIGNMENT (  '', '', ( #8839 ) ) ;
#4206 = CARTESIAN_POINT ( 'NONE',  ( 19.55166797165679782, 2.000000000000000000, 0.8000000000000000444 ) ) ;
#4207 = VECTOR ( 'NONE', #2501, 1000.000000000000000 ) ;
#4208 = AXIS2_PLACEMENT_3D ( 'NONE', #6164, #462, #1928 ) ;
#4209 = ADVANCED_FACE ( 'NONE', ( #8010 ), #9546, .F. ) ;
#4210 = EDGE_CURVE ( 'NONE', #4382, #3893, #5485, .T. ) ;
#4211 = VERTEX_POINT ( 'NONE', #3872 ) ;
#4212 = VECTOR ( 'NONE', #10236, 1000.000000000000000 ) ;
#4213 = DIRECTION ( 'NONE',  ( 1.000000000000000000, 0.0000000000000000000, 0.0000000000000000000 ) ) ;
#4214 = VECTOR ( 'NONE', #7093, 1000.000000000000000 ) ;
#4215 = LINE ( 'NONE', #3409, #9340 ) ;
#4216 = VECTOR ( 'NONE', #7737, 1000.000000000000000 ) ;
#4217 = ORIENTED_EDGE ( 'NONE', *, *, #5529, .F. ) ;
#4218 = ORIENTED_EDGE ( 'NONE', *, *, #1324, .T. ) ;
#4219 = LINE ( 'NONE', #9842, #998 ) ;
#4220 = ADVANCED_FACE ( 'NONE', ( #3070 ), #6352, .F. ) ;
#4221 = CARTESIAN_POINT ( 'NONE',  ( 9.051667971656829792, 2.000000000000000000, 0.8180000000000000604 ) ) ;
#4222 = CARTESIAN_POINT ( 'NONE',  ( 20.40166797165684542, 2.000000000000000000, 0.8000000000000000444 ) ) ;
#4223 = VECTOR ( 'NONE', #5372, 1000.000000000000000 ) ;
#4224 = CARTESIAN_POINT ( 'NONE',  ( 14.90166797165682055, 0.5500000000000000444, 0.8180000000000000604 ) ) ;
#4225 = CARTESIAN_POINT ( 'NONE',  ( 7.901667971656829437, 2.000000000000000000, 0.8180000000000000604 ) ) ;
#4226 = VERTEX_POINT ( 'NONE', #4132 ) ;
#4227 = LINE ( 'NONE', #2676, #8312 ) ;
#4228 = VECTOR ( 'NONE', #9894, 1000.000000000000114 ) ;
#4229 = CARTESIAN_POINT ( 'NONE',  ( 11.05166797165682091, 0.5500000000000000444, 0.8000000000000000444 ) ) ;
#4230 = ORIENTED_EDGE ( 'NONE', *, *, #6956, .T. ) ;
#4231 = DIRECTION ( 'NONE',  ( 1.000000000000000000, 0.0000000000000000000, 0.0000000000000000000 ) ) ;
#4232 = ORIENTED_EDGE ( 'NONE', *, *, #1511, .F. ) ;
#4233 = CARTESIAN_POINT ( 'NONE',  ( 13.15166797165682055, 0.5500000000000000444, 0.0000000000000000000 ) ) ;
#4234 = LINE ( 'NONE', #6712, #5314 ) ;
#4235 = CARTESIAN_POINT ( 'NONE',  ( 12.40166797165682055, 0.5500000000000000444, 0.8180000000000000604 ) ) ;
#4236 = DIRECTION ( 'NONE',  ( 0.0000000000000000000, 0.0000000000000000000, 1.000000000000000000 ) ) ;
#4237 = ORIENTED_EDGE ( 'NONE', *, *, #8763, .T. ) ;
#4238 = CARTESIAN_POINT ( 'NONE',  ( 0.5749999999999999556, 0.2999999999999954925, 0.8000000000000000444 ) ) ;
#4239 = ORIENTED_EDGE ( 'NONE', *, *, #607, .T. ) ;
#4240 = VECTOR ( 'NONE', #6640, 1000.000000000000000 ) ;
#4241 = DIRECTION ( 'NONE',  ( 0.0000000000000000000, 0.0000000000000000000, 1.000000000000000000 ) ) ;
#4242 = CARTESIAN_POINT ( 'NONE',  ( 2.151667971656824996, 2.000000000000000000, -0.01800000000000000211 ) ) ;
#4243 = EDGE_LOOP ( 'NONE', ( #7970, #142, #6524, #1448 ) ) ;
#4244 = PRESENTATION_LAYER_ASSIGNMENT (  '', '', ( #6315 ) ) ;
#4245 = ORIENTED_EDGE ( 'NONE', *, *, #6180, .T. ) ;
#4246 = CARTESIAN_POINT ( 'NONE',  ( 0.0000000000000000000, 0.0000000000000000000, 0.8180000000000000604 ) ) ;
#4247 = VECTOR ( 'NONE', #2378, 1000.000000000000000 ) ;
#4248 = DIRECTION ( 'NONE',  ( 0.0000000000000000000, 1.000000000000000000, 0.0000000000000000000 ) ) ;
#4249 = PLANE ( 'NONE',  #7001 ) ;
#4250 = CARTESIAN_POINT ( 'NONE',  ( 3.151667971656824996, 2.000000000000000000, -0.01800000000000000211 ) ) ;
#4251 = CARTESIAN_POINT ( 'NONE',  ( 13.30166797165682091, 2.000000000000000000, 0.0000000000000000000 ) ) ;
#4252 = CARTESIAN_POINT ( 'NONE',  ( 11.05166797165682091, 0.5500000000000000444, 0.8180000000000000604 ) ) ;
#4253 = VECTOR ( 'NONE', #3904, 1000.000000000000000 ) ;
#4254 = CARTESIAN_POINT ( 'NONE',  ( 13.99998333328701960, 79.99000000000000909, 0.8000000000000000444 ) ) ;
#4255 = ORIENTED_EDGE ( 'NONE', *, *, #1068, .T. ) ;
#4256 = ORIENTED_EDGE ( 'NONE', *, *, #5337, .T. ) ;
#4257 = VECTOR ( 'NONE', #726, 1000.000000000000000 ) ;
#4258 = ORIENTED_EDGE ( 'NONE', *, *, #4857, .F. ) ;
#4259 = EDGE_CURVE ( 'NONE', #2268, #7393, #91, .T. ) ;
#4260 = FACE_BOUND ( 'NONE', #9940, .T. ) ;
#4261 = ORIENTED_EDGE ( 'NONE', *, *, #5476, .T. ) ;
#4262 = ADVANCED_FACE ( 'NONE', ( #5746 ), #8213, .F. ) ;
#4263 = LINE ( 'NONE', #2658, #3623 ) ;
#4264 = LINE ( 'NONE', #875, #1451 ) ;
#4265 = EDGE_CURVE ( 'NONE', #3002, #8232, #3438, .T. ) ;
#4266 = VECTOR ( 'NONE', #573, 1000.000000000000000 ) ;
#4267 = ORIENTED_EDGE ( 'NONE', *, *, #6176, .T. ) ;
#4268 = DIRECTION ( 'NONE',  ( 0.0000000000000000000, 0.0000000000000000000, -1.000000000000000000 ) ) ;
#4269 = LINE ( 'NONE', #5085, #7472 ) ;
#4270 = VECTOR ( 'NONE', #6724, 1000.000000000000000 ) ;
#4271 = VECTOR ( 'NONE', #2944, 1000.000000000000000 ) ;
#4272 = DIRECTION ( 'NONE',  ( 0.0000000000000000000, 0.0000000000000000000, 1.000000000000000000 ) ) ;
#4273 = ORIENTED_EDGE ( 'NONE', *, *, #6820, .F. ) ;
#4274 = ADVANCED_FACE ( 'NONE', ( #9859 ), #1884, .F. ) ;
#4275 = ADVANCED_FACE ( 'NONE', ( #849 ), #7417, .T. ) ;
#4276 = VERTEX_POINT ( 'NONE', #1720 ) ;
#4277 = CARTESIAN_POINT ( 'NONE',  ( 19.05166797165684756, 2.000000000000000000, 0.8000000000000000444 ) ) ;
#4278 = VECTOR ( 'NONE', #7459, 1000.000000000000000 ) ;
#4279 = EDGE_CURVE ( 'NONE', #4736, #5867, #6714, .T. ) ;
#4280 = LINE ( 'NONE', #6647, #4228 ) ;
#4281 = DIRECTION ( 'NONE',  ( 0.0000000000000000000, -1.000000000000000000, 0.0000000000000000000 ) ) ;
#4282 = VECTOR ( 'NONE', #3384, 1000.000000000000000 ) ;
#4283 = AXIS2_PLACEMENT_3D ( 'NONE', #3539, #3757, #6812 ) ;
#4284 = DIRECTION ( 'NONE',  ( 0.0000000000000000000, 0.0000000000000000000, -1.000000000000000000 ) ) ;
#4285 = DIRECTION ( 'NONE',  ( 0.0000000000000000000, 0.0000000000000000000, -1.000000000000000000 ) ) ;
#4286 = VERTEX_POINT ( 'NONE', #9914 ) ;
#4287 = DIRECTION ( 'NONE',  ( -1.000000000000000000, 0.0000000000000000000, 0.0000000000000000000 ) ) ;
#4288 = EDGE_CURVE ( 'NONE', #4388, #7651, #2471, .T. ) ;
#4289 = DIRECTION ( 'NONE',  ( 0.0000000000000000000, 0.0000000000000000000, -1.000000000000000000 ) ) ;
#4290 = EDGE_LOOP ( 'NONE', ( #3593, #555, #4641, #5601 ) ) ;
#4291 = DIRECTION ( 'NONE',  ( 0.0000000000000000000, 1.000000000000000000, 0.0000000000000000000 ) ) ;
#4292 = VECTOR ( 'NONE', #10121, 1000.000000000000000 ) ;
#4293 = EDGE_LOOP ( 'NONE', ( #10016, #9515, #6330, #8830 ) ) ;
#4294 = LINE ( 'NONE', #6550, #8745 ) ;
#4295 = LINE ( 'NONE', #198, #7202 ) ;
#4296 = EDGE_LOOP ( 'NONE', ( #7244, #4784, #2685, #4128 ) ) ;
#4297 = DIRECTION ( 'NONE',  ( -1.000000000000000000, 0.0000000000000000000, 0.0000000000000000000 ) ) ;
#4298 = ORIENTED_EDGE ( 'NONE', *, *, #6956, .F. ) ;
#4299 = CARTESIAN_POINT ( 'NONE',  ( 3.401667971656824996, 2.000000000000000000, 0.8180000000000000604 ) ) ;
#4300 = VECTOR ( 'NONE', #10331, 1000.000000000000000 ) ;
#4301 = DIRECTION ( 'NONE',  ( 0.0000000000000000000, -1.000000000000000000, 0.0000000000000000000 ) ) ;
#4302 = ORIENTED_EDGE ( 'NONE', *, *, #3620, .T. ) ;
#4303 = FACE_OUTER_BOUND ( 'NONE', #10392, .T. ) ;
#4304 = DIRECTION ( 'NONE',  ( 0.0000000000000000000, 1.000000000000000000, 0.0000000000000000000 ) ) ;
#4305 = DIRECTION ( 'NONE',  ( 1.000000000000000000, 0.0000000000000000000, 0.0000000000000000000 ) ) ;
#4306 = DIRECTION ( 'NONE',  ( 0.0000000000000000000, 0.0000000000000000000, -1.000000000000000000 ) ) ;
#4307 = VECTOR ( 'NONE', #8391, 1000.000000000000000 ) ;
#4308 = VECTOR ( 'NONE', #2339, 1000.000000000000000 ) ;
#4309 = CARTESIAN_POINT ( 'NONE',  ( 19.80166797165679782, 2.000000000000000000, -0.01800000000000000211 ) ) ;
#4310 = LINE ( 'NONE', #1840, #4622 ) ;
#4311 = CARTESIAN_POINT ( 'NONE',  ( 15.15166797165684898, 2.000000000000000000, -0.01800000000000000211 ) ) ;
#4312 = ORIENTED_EDGE ( 'NONE', *, *, #5337, .F. ) ;
#4313 = PRESENTATION_LAYER_ASSIGNMENT (  '', '', ( #4667 ) ) ;
#4314 = ORIENTED_EDGE ( 'NONE', *, *, #3056, .T. ) ;
#4315 = ORIENTED_EDGE ( 'NONE', *, *, #4355, .F. ) ;
#4316 = DIRECTION ( 'NONE',  ( 0.0000000000000000000, 0.0000000000000000000, -1.000000000000000000 ) ) ;
#4317 = ORIENTED_EDGE ( 'NONE', *, *, #2766, .T. ) ;
#4318 = CARTESIAN_POINT ( 'NONE',  ( 18.05166797165684756, 0.5500000000000000444, 0.8180000000000000604 ) ) ;
#4319 = DIRECTION ( 'NONE',  ( 0.0000000000000000000, 0.0000000000000000000, 1.000000000000000000 ) ) ;
#4320 = ORIENTED_EDGE ( 'NONE', *, *, #9630, .F. ) ;
#4321 = DIRECTION ( 'NONE',  ( 1.000000000000000000, 0.0000000000000000000, 0.0000000000000000000 ) ) ;
#4322 = EDGE_CURVE ( 'NONE', #1777, #1020, #3385, .T. ) ;
#4323 = EDGE_CURVE ( 'NONE', #3319, #396, #4295, .T. ) ;
#4324 = FACE_OUTER_BOUND ( 'NONE', #4705, .T. ) ;
#4325 = ORIENTED_EDGE ( 'NONE', *, *, #8604, .F. ) ;
#4326 = ORIENTED_EDGE ( 'NONE', *, *, #10299, .T. ) ;
#4327 = LINE ( 'NONE', #9259, #7695 ) ;
#4328 = SURFACE_STYLE_USAGE ( .BOTH. , #2139 ) ;
#4329 = LINE ( 'NONE', #9206, #7362 ) ;
#4330 = CARTESIAN_POINT ( 'NONE',  ( 19.05166797165684756, 0.5500000000000000444, 0.8180000000000000604 ) ) ;
#4331 = DIRECTION ( 'NONE',  ( 1.000000000000000000, 0.0000000000000000000, 0.0000000000000000000 ) ) ;
#4332 = EDGE_CURVE ( 'NONE', #1999, #6846, #3486, .T. ) ;
#4333 = ORIENTED_EDGE ( 'NONE', *, *, #3875, .F. ) ;
#4334 = EDGE_CURVE ( 'NONE', #676, #5712, #7382, .T. ) ;
#4335 = DIRECTION ( 'NONE',  ( 0.0000000000000000000, -1.000000000000000000, 0.0000000000000000000 ) ) ;
#4336 = EDGE_CURVE ( 'NONE', #909, #8579, #1774, .T. ) ;
#4337 = DIRECTION ( 'NONE',  ( -1.000000000000000000, -2.990902544787600071E-16, 0.0000000000000000000 ) ) ;
#4338 = ORIENTED_EDGE ( 'NONE', *, *, #7953, .T. ) ;
#4339 = DIRECTION ( 'NONE',  ( 0.0000000000000000000, 0.0000000000000000000, 1.000000000000000000 ) ) ;
#4340 = ORIENTED_EDGE ( 'NONE', *, *, #6974, .T. ) ;
#4341 = DIRECTION ( 'NONE',  ( 0.0000000000000000000, 0.0000000000000000000, 1.000000000000000000 ) ) ;
#4342 = DIRECTION ( 'NONE',  ( 0.0000000000000000000, 0.0000000000000000000, -1.000000000000000000 ) ) ;
#4343 = LINE ( 'NONE', #9323, #5481 ) ;
#4344 = ORIENTED_EDGE ( 'NONE', *, *, #4060, .T. ) ;
#4345 = CARTESIAN_POINT ( 'NONE',  ( 20.05166797165679782, 2.000000000000000000, 0.8180000000000000604 ) ) ;
#4346 = EDGE_CURVE ( 'NONE', #10507, #3052, #8264, .T. ) ;
#4347 = EDGE_LOOP ( 'NONE', ( #8912, #8543, #988, #8740 ) ) ;
#4348 = CARTESIAN_POINT ( 'NONE',  ( 5.801667971656820022, 0.5500000000000000444, 0.0000000000000000000 ) ) ;
#4349 = CARTESIAN_POINT ( 'NONE',  ( 14.65166797165682055, 0.5500000000000000444, -0.01800000000000000211 ) ) ;
#4350 = ORIENTED_EDGE ( 'NONE', *, *, #4557, .F. ) ;
#4351 = DIRECTION ( 'NONE',  ( -1.000000000000000000, 0.0000000000000000000, 0.0000000000000000000 ) ) ;
#4352 = COLOUR_RGB ( '',0.1019607843137254888, 0.1019607843137254888, 0.1019607843137254888 ) ;
#4353 = CARTESIAN_POINT ( 'NONE',  ( 9.301667971656820910, 2.000000000000000000, -0.01800000000000000211 ) ) ;
#4354 = DIRECTION ( 'NONE',  ( 0.0000000000000000000, -1.000000000000000000, 0.0000000000000000000 ) ) ;
#4355 = EDGE_CURVE ( 'NONE', #8860, #492, #7520, .T. ) ;
#4356 = LINE ( 'NONE', #7635, #4805 ) ;
#4357 = DIRECTION ( 'NONE',  ( 0.0000000000000000000, 1.000000000000000000, 0.0000000000000000000 ) ) ;
#4358 = CARTESIAN_POINT ( 'NONE',  ( 12.80166797165682091, 2.000000000000000000, -0.01800000000000000211 ) ) ;
#4359 = ORIENTED_EDGE ( 'NONE', *, *, #7024, .T. ) ;
#4360 = AXIS2_PLACEMENT_3D ( 'NONE', #9057, #87, #10550 ) ;
#4361 = VERTEX_POINT ( 'NONE', #5906 ) ;
#4362 = VECTOR ( 'NONE', #6517, 1000.000000000000000 ) ;
#4363 = ORIENTED_EDGE ( 'NONE', *, *, #174, .F. ) ;
#4364 = LINE ( 'NONE', #6837, #7462 ) ;
#4365 = ORIENTED_EDGE ( 'NONE', *, *, #929, .T. ) ;
#4366 = SURFACE_STYLE_FILL_AREA ( #5933 ) ;
#4367 = DIRECTION ( 'NONE',  ( 0.0000000000000000000, 0.0000000000000000000, -1.000000000000000000 ) ) ;
#4368 = VECTOR ( 'NONE', #3615, 1000.000000000000000 ) ;
#4369 = DIRECTION ( 'NONE',  ( 0.0000000000000000000, 0.0000000000000000000, -1.000000000000000000 ) ) ;
#4370 = VERTEX_POINT ( 'NONE', #900 ) ;
#4371 = DIRECTION ( 'NONE',  ( 1.000000000000000000, 0.0000000000000000000, 0.0000000000000000000 ) ) ;
#4372 = DIRECTION ( 'NONE',  ( 0.0000000000000000000, 0.0000000000000000000, -1.000000000000000000 ) ) ;
#4373 = ORIENTED_EDGE ( 'NONE', *, *, #845, .T. ) ;
#4374 = ORIENTED_EDGE ( 'NONE', *, *, #2981, .F. ) ;
#4375 = PRESENTATION_LAYER_ASSIGNMENT (  '', '', ( #4200 ) ) ;
#4376 = DIRECTION ( 'NONE',  ( 1.000000000000000000, -3.097720492815700049E-16, 0.0000000000000000000 ) ) ;
#4377 = FACE_OUTER_BOUND ( 'NONE', #6577, .T. ) ;
#4378 = CARTESIAN_POINT ( 'NONE',  ( 11.05166797165682091, 0.5500000000000000444, 0.8000000000000000444 ) ) ;
#4379 = ADVANCED_FACE ( 'NONE', ( #4177 ), #1826, .F. ) ;
#4380 = DIRECTION ( 'NONE',  ( 0.0000000000000000000, 1.000000000000000000, 0.0000000000000000000 ) ) ;
#4381 = CARTESIAN_POINT ( 'NONE',  ( 0.5749999999999999556, 0.2999999999999944933, 0.8000000000000000444 ) ) ;
#4382 = VERTEX_POINT ( 'NONE', #8691 ) ;
#4383 = VECTOR ( 'NONE', #2785, 1000.000000000000000 ) ;
#4384 = CARTESIAN_POINT ( 'NONE',  ( 8.301667971656819134, 0.5500000000000000444, -0.01800000000000000211 ) ) ;
#4385 = LINE ( 'NONE', #6115, #841 ) ;
#4386 = ORIENTED_EDGE ( 'NONE', *, *, #3569, .F. ) ;
#4387 = LINE ( 'NONE', #470, #1862 ) ;
#4388 = VERTEX_POINT ( 'NONE', #363 ) ;
#4389 = EDGE_CURVE ( 'NONE', #10014, #2545, #1939, .T. ) ;
#4390 = ADVANCED_FACE ( 'NONE', ( #10175 ), #6066, .T. ) ;
#4391 = VECTOR ( 'NONE', #4183, 1000.000000000000000 ) ;
#4392 = CARTESIAN_POINT ( 'NONE',  ( 8.551667971656828016, 2.000000000000000000, 0.8000000000000000444 ) ) ;
#4393 = EDGE_CURVE ( 'NONE', #2252, #10487, #2902, .T. ) ;
#4394 = LINE ( 'NONE', #2104, #7212 ) ;
#4395 = CARTESIAN_POINT ( 'NONE',  ( 2.551667971656824907, 0.5499999999999929390, 0.8180000000000000604 ) ) ;
#4396 = ORIENTED_EDGE ( 'NONE', *, *, #3441, .F. ) ;
#4397 = LINE ( 'NONE', #8637, #9786 ) ;
#4398 = ORIENTED_EDGE ( 'NONE', *, *, #9117, .F. ) ;
#4399 = DIRECTION ( 'NONE',  ( -1.000000000000000000, 0.0000000000000000000, 0.0000000000000000000 ) ) ;
#4400 = FACE_OUTER_BOUND ( 'NONE', #1123, .T. ) ;
#4401 = VERTEX_POINT ( 'NONE', #8584 ) ;
#4402 = SURFACE_SIDE_STYLE ('',( #2114 ) ) ;
#4403 = EDGE_LOOP ( 'NONE', ( #9991, #3732, #4454, #2990 ) ) ;
#4404 =( LENGTH_UNIT ( ) NAMED_UNIT ( * ) SI_UNIT ( .MILLI., .METRE. ) );
#4405 = ADVANCED_FACE ( 'NONE', ( #8468 ), #8635, .T. ) ;
#4406 = EDGE_CURVE ( 'NONE', #816, #1612, #2850, .T. ) ;
#4407 = CARTESIAN_POINT ( 'NONE',  ( 19.55166797165679782, 0.5500000000000000444, 0.8180000000000000604 ) ) ;
#4408 = ADVANCED_FACE ( 'NONE', ( #3648 ), #7841, .T. ) ;
#4409 = LINE ( 'NONE', #4577, #1899 ) ;
#4410 = DIRECTION ( 'NONE',  ( 0.0000000000000000000, 1.000000000000000000, 0.0000000000000000000 ) ) ;
#4411 = DIRECTION ( 'NONE',  ( 1.000000000000000000, 0.0000000000000000000, 0.0000000000000000000 ) ) ;
#4412 = ORIENTED_EDGE ( 'NONE', *, *, #2551, .F. ) ;
#4413 = CARTESIAN_POINT ( 'NONE',  ( 13.05166797165682091, 2.000000000000000000, 0.8000000000000000444 ) ) ;
#4414 = EDGE_CURVE ( 'NONE', #7526, #8042, #4343, .T. ) ;
#4415 = ORIENTED_EDGE ( 'NONE', *, *, #10350, .T. ) ;
#4416 = COLOUR_RGB ( '',0.1019607843137254888, 0.1019607843137254888, 0.1019607843137254888 ) ;
#4417 = ORIENTED_EDGE ( 'NONE', *, *, #263, .F. ) ;
#4418 = DIRECTION ( 'NONE',  ( -1.000000000000000000, 0.0000000000000000000, 0.0000000000000000000 ) ) ;
#4419 = ORIENTED_EDGE ( 'NONE', *, *, #4474, .F. ) ;
#4420 = CARTESIAN_POINT ( 'NONE',  ( 5.451667971656830147, -9.629649721936179265E-32, 0.6908089297201439605 ) ) ;
#4421 = LINE ( 'NONE', #1304, #8048 ) ;
#4422 = CARTESIAN_POINT ( 'NONE',  ( 12.15166797165682055, 2.000000000000000000, -0.01800000000000000211 ) ) ;
#4423 = ORIENTED_EDGE ( 'NONE', *, *, #10024, .T. ) ;
#4424 = LINE ( 'NONE', #6959, #9547 ) ;
#4425 = VERTEX_POINT ( 'NONE', #7620 ) ;
#4426 = CARTESIAN_POINT ( 'NONE',  ( 8.000000000000000000, 79.99000000000000909, -1.350000000000000089 ) ) ;
#4427 = VERTEX_POINT ( 'NONE', #9482 ) ;
#4428 = DIRECTION ( 'NONE',  ( 0.0000000000000000000, -1.000000000000000000, 0.0000000000000000000 ) ) ;
#4429 = AXIS2_PLACEMENT_3D ( 'NONE', #6391, #525, #2258 ) ;
#4430 = DIRECTION ( 'NONE',  ( -1.000000000000000000, 1.239088197126289880E-15, 0.0000000000000000000 ) ) ;
#4431 = CARTESIAN_POINT ( 'NONE',  ( 4.251667971656825529, 2.899999999999999911, 0.8000000000000000444 ) ) ;
#4432 = VECTOR ( 'NONE', #5295, 1000.000000000000000 ) ;
#4433 = CARTESIAN_POINT ( 'NONE',  ( 15.15166797165684898, 2.000000000000000000, -0.01800000000000000211 ) ) ;
#4434 = LINE ( 'NONE', #7721, #6598 ) ;
#4435 = LINE ( 'NONE', #350, #947 ) ;
#4436 = AXIS2_PLACEMENT_3D ( 'NONE', #2537, #1838, #4306 ) ;
#4437 = EDGE_LOOP ( 'NONE', ( #6447, #5555, #22, #10488 ) ) ;
#4438 =( GEOMETRIC_REPRESENTATION_CONTEXT ( 3 ) GLOBAL_UNCERTAINTY_ASSIGNED_CONTEXT ( ( #3375 ) ) GLOBAL_UNIT_ASSIGNED_CONTEXT ( ( #4090, #8731, #1266 ) ) REPRESENTATION_CONTEXT ( 'NONE', 'WORKASPACE' ) );
#4439 = UNCERTAINTY_MEASURE_WITH_UNIT (LENGTH_MEASURE( 1.000000000000000082E-05 ), #7877, 'distance_accuracy_value', 'NONE');
#4440 = LINE ( 'NONE', #2949, #8998 ) ;
#4441 = AXIS2_PLACEMENT_3D ( 'NONE', #786, #9215, #4291 ) ;
#4442 = DIRECTION ( 'NONE',  ( 0.0000000000000000000, 1.000000000000000000, 0.0000000000000000000 ) ) ;
#4443 = ORIENTED_EDGE ( 'NONE', *, *, #2509, .T. ) ;
#4444 = ORIENTED_EDGE ( 'NONE', *, *, #9693, .T. ) ;
#4445 = LINE ( 'NONE', #9272, #8532 ) ;
#4446 = ORIENTED_EDGE ( 'NONE', *, *, #860, .T. ) ;
#4447 = MECHANICAL_DESIGN_GEOMETRIC_PRESENTATION_REPRESENTATION (  '', ( #6685 ), #671 ) ;
#4448 = CARTESIAN_POINT ( 'NONE',  ( 20.92500000000000071, 0.2999999999999944933, 0.0000000000000000000 ) ) ;
#4449 = AXIS2_PLACEMENT_3D ( 'NONE', #3181, #6457, #9711 ) ;
#4450 = DIRECTION ( 'NONE',  ( 0.0000000000000000000, 1.000000000000000000, 0.0000000000000000000 ) ) ;
#4451 = LINE ( 'NONE', #10062, #833 ) ;
#4452 = EDGE_LOOP ( 'NONE', ( #7668, #9161, #7398, #6301 ) ) ;
#4453 = CARTESIAN_POINT ( 'NONE',  ( 3.051667971656824907, 2.000000000000000000, 0.8180000000000000604 ) ) ;
#4454 = ORIENTED_EDGE ( 'NONE', *, *, #4546, .F. ) ;
#4455 = UNCERTAINTY_MEASURE_WITH_UNIT (LENGTH_MEASURE( 1.000000000000000082E-05 ), #3655, 'distance_accuracy_value', 'NONE');
#4456 = FACE_BOUND ( 'NONE', #8564, .T. ) ;
#4457 = VECTOR ( 'NONE', #1318, 1000.000000000000000 ) ;
#4458 = ADVANCED_FACE ( 'NONE', ( #3592 ), #250, .F. ) ;
#4459 = ADVANCED_FACE ( 'NONE', ( #6873 ), #10122, .F. ) ;
#4460 = STYLED_ITEM ( 'NONE', ( #694 ), #7061 ) ;
#4461 = AXIS2_PLACEMENT_3D ( 'NONE', #1708, #139, #2623 ) ;
#4462 = EDGE_CURVE ( 'NONE', #6815, #8024, #4451, .T. ) ;
#4463 = DIRECTION ( 'NONE',  ( 0.0000000000000000000, 1.000000000000000000, 0.0000000000000000000 ) ) ;
#4464 = ORIENTED_EDGE ( 'NONE', *, *, #1340, .T. ) ;
#4465 = LINE ( 'NONE', #1121, #2053 ) ;
#4466 = CARTESIAN_POINT ( 'NONE',  ( 17.80166797165684756, 0.5500000000000000444, 0.0000000000000000000 ) ) ;
#4467 = FACE_OUTER_BOUND ( 'NONE', #3613, .T. ) ;
#4468 = DIRECTION ( 'NONE',  ( 0.0000000000000000000, -1.000000000000000000, 0.0000000000000000000 ) ) ;
#4469 = PLANE ( 'NONE',  #9745 ) ;
#4470 = DIRECTION ( 'NONE',  ( 0.0000000000000000000, 0.0000000000000000000, -1.000000000000000000 ) ) ;
#4471 = VECTOR ( 'NONE', #1195, 1000.000000000000000 ) ;
#4472 = VERTEX_POINT ( 'NONE', #7041 ) ;
#4473 = ADVANCED_FACE ( 'NONE', ( #10286 ), #2960, .F. ) ;
#4474 = EDGE_CURVE ( 'NONE', #3728, #4895, #6229, .T. ) ;
#4475 = DIRECTION ( 'NONE',  ( 1.000000000000000000, 0.0000000000000000000, 0.0000000000000000000 ) ) ;
#4476 = VERTEX_POINT ( 'NONE', #630 ) ;
#4477 = VECTOR ( 'NONE', #7490, 1000.000000000000000 ) ;
#4478 = ORIENTED_EDGE ( 'NONE', *, *, #7692, .T. ) ;
#4479 = LINE ( 'NONE', #9344, #2836 ) ;
#4480 = ORIENTED_EDGE ( 'NONE', *, *, #10181, .T. ) ;
#4481 = VECTOR ( 'NONE', #1900, 1000.000000000000000 ) ;
#4482 = CARTESIAN_POINT ( 'NONE',  ( 9.301667971656820910, 2.000000000000000000, -0.01800000000000000211 ) ) ;
#4483 = CARTESIAN_POINT ( 'NONE',  ( 14.65166797165682055, 0.5500000000000000444, -0.01800000000000000211 ) ) ;
#4484 = SURFACE_SIDE_STYLE ('',( #10411 ) ) ;
#4485 = ORIENTED_EDGE ( 'NONE', *, *, #2900, .F. ) ;
#4486 = AXIS2_PLACEMENT_3D ( 'NONE', #6038, #5182, #1083 ) ;
#4487 = FACE_OUTER_BOUND ( 'NONE', #1844, .T. ) ;
#4488 = LINE ( 'NONE', #9200, #10397 ) ;
#4489 = ORIENTED_EDGE ( 'NONE', *, *, #8087, .T. ) ;
#4490 = LINE ( 'NONE', #10416, #9837 ) ;
#4491 = VERTEX_POINT ( 'NONE', #8050 ) ;
#4492 = PLANE ( 'NONE',  #2770 ) ;
#4493 = DIRECTION ( 'NONE',  ( 1.000000000000000000, 0.0000000000000000000, 0.0000000000000000000 ) ) ;
#4494 = CARTESIAN_POINT ( 'NONE',  ( 17.55166797165684756, 2.000000000000000000, 0.8000000000000000444 ) ) ;
#4495 =( GEOMETRIC_REPRESENTATION_CONTEXT ( 3 ) GLOBAL_UNCERTAINTY_ASSIGNED_CONTEXT ( ( #9900 ) ) GLOBAL_UNIT_ASSIGNED_CONTEXT ( ( #8300, #3325, #6594 ) ) REPRESENTATION_CONTEXT ( 'NONE', 'WORKASPACE' ) );
#4496 = CARTESIAN_POINT ( 'NONE',  ( 14.05166797165682091, 2.000000000000000000, 0.8180000000000000604 ) ) ;
#4497 = EDGE_CURVE ( 'NONE', #7159, #10137, #4723, .T. ) ;
#4498 = DIRECTION ( 'NONE',  ( 0.0000000000000000000, 0.0000000000000000000, -1.000000000000000000 ) ) ;
#4499 = DIRECTION ( 'NONE',  ( 1.000000000000000000, 0.0000000000000000000, 0.0000000000000000000 ) ) ;
#4500 = DIRECTION ( 'NONE',  ( -1.164362035342493704E-16, 0.9396926207859108704, 0.3420201433256619405 ) ) ;
#4501 = DIRECTION ( 'NONE',  ( -1.000000000000000000, 0.0000000000000000000, 0.0000000000000000000 ) ) ;
#4502 = VERTEX_POINT ( 'NONE', #6393 ) ;
#4503 = ORIENTED_EDGE ( 'NONE', *, *, #1242, .T. ) ;
#4504 = CARTESIAN_POINT ( 'NONE',  ( 2.551667971656824907, 2.000000000000000000, 0.8000000000000000444 ) ) ;
#4505 = ORIENTED_EDGE ( 'NONE', *, *, #4744, .F. ) ;
#4506 = PRESENTATION_STYLE_ASSIGNMENT (( #2590 ) ) ;
#4507 = PLANE ( 'NONE',  #2402 ) ;
#4508 = DIRECTION ( 'NONE',  ( 0.0000000000000000000, 0.0000000000000000000, 1.000000000000000000 ) ) ;
#4509 = ORIENTED_EDGE ( 'NONE', *, *, #5900, .F. ) ;
#4510 = CARTESIAN_POINT ( 'NONE',  ( 6.901667971656829437, 2.000000000000000000, 0.8000000000000000444 ) ) ;
#4511 = ORIENTED_EDGE ( 'NONE', *, *, #3484, .T. ) ;
#4512 = PLANE ( 'NONE',  #5259 ) ;
#4513 = DIRECTION ( 'NONE',  ( -1.000000000000000000, 0.0000000000000000000, 0.0000000000000000000 ) ) ;
#4514 = ORIENTED_EDGE ( 'NONE', *, *, #55, .T. ) ;
#4515 = CARTESIAN_POINT ( 'NONE',  ( 10.15166797165682055, 2.000000000000000000, 0.0000000000000000000 ) ) ;
#4516 = DIRECTION ( 'NONE',  ( 0.0000000000000000000, 0.0000000000000000000, -1.000000000000000000 ) ) ;
#4517 = PLANE ( 'NONE',  #831 ) ;
#4518 = EDGE_CURVE ( 'NONE', #7973, #1642, #1490, .T. ) ;
#4519 = DIRECTION ( 'NONE',  ( 0.0000000000000000000, 0.0000000000000000000, -1.000000000000000000 ) ) ;
#4520 = DIRECTION ( 'NONE',  ( -1.000000000000000000, 0.0000000000000000000, 0.0000000000000000000 ) ) ;
#4521 = EDGE_CURVE ( 'NONE', #10249, #9860, #2307, .T. ) ;
#4522 = DIRECTION ( 'NONE',  ( 0.0000000000000000000, 0.0000000000000000000, -1.000000000000000000 ) ) ;
#4523 = ORIENTED_EDGE ( 'NONE', *, *, #6643, .F. ) ;
#4524 = LINE ( 'NONE', #7804, #9211 ) ;
#4525 = VERTEX_POINT ( 'NONE', #7088 ) ;
#4526 = ORIENTED_EDGE ( 'NONE', *, *, #7897, .F. ) ;
#4527 =( NAMED_UNIT ( * ) SI_UNIT ( $, .STERADIAN. ) SOLID_ANGLE_UNIT ( ) );
#4528 = EDGE_LOOP ( 'NONE', ( #7791, #1540, #8608, #2303 ) ) ;
#4529 = LINE ( 'NONE', #10466, #876 ) ;
#4530 = DIRECTION ( 'NONE',  ( 0.0000000000000000000, -1.000000000000000000, 0.0000000000000000000 ) ) ;
#4531 = EDGE_CURVE ( 'NONE', #10004, #8220, #3010, .T. ) ;
#4532 = ADVANCED_FACE ( 'NONE', ( #575 ), #3858, .F. ) ;
#4533 = EDGE_CURVE ( 'NONE', #609, #8425, #8796, .T. ) ;
#4534 = DIRECTION ( 'NONE',  ( 0.0000000000000000000, 0.0000000000000000000, 1.000000000000000000 ) ) ;
#4535 = ORIENTED_EDGE ( 'NONE', *, *, #3746, .F. ) ;
#4536 = VECTOR ( 'NONE', #5984, 1000.000000000000000 ) ;
#4537 = FILL_AREA_STYLE_COLOUR ( '', #5935 ) ;
#4538 = LINE ( 'NONE', #7117, #5444 ) ;
#4539 = ORIENTED_EDGE ( 'NONE', *, *, #8811, .F. ) ;
#4540 = DIRECTION ( 'NONE',  ( 1.000000000000000000, 0.0000000000000000000, 0.0000000000000000000 ) ) ;
#4541 = EDGE_LOOP ( 'NONE', ( #8486, #2701, #9342, #7834 ) ) ;
#4542 = LINE ( 'NONE', #2826, #1517 ) ;
#4543 = VECTOR ( 'NONE', #9935, 1000.000000000000000 ) ;
#4544 = DIRECTION ( 'NONE',  ( -1.000000000000000000, 0.0000000000000000000, 0.0000000000000000000 ) ) ;
#4545 = EDGE_CURVE ( 'NONE', #1591, #6314, #7944, .T. ) ;
#4546 = EDGE_CURVE ( 'NONE', #5834, #3560, #684, .T. ) ;
#4547 = PLANE ( 'NONE',  #10334 ) ;
#4548 = VECTOR ( 'NONE', #9734, 1000.000000000000000 ) ;
#4549 = CARTESIAN_POINT ( 'NONE',  ( 0.004999999999980709979, 5.200000000000000178, 0.0000000000000000000 ) ) ;
#4550 = ADVANCED_FACE ( 'NONE', ( #1388 ), #1548, .F. ) ;
#4551 =( NAMED_UNIT ( * ) SI_UNIT ( $, .STERADIAN. ) SOLID_ANGLE_UNIT ( ) );
#4552 = DIRECTION ( 'NONE',  ( 0.0000000000000000000, 0.0000000000000000000, -1.000000000000000000 ) ) ;
#4553 = LINE ( 'NONE', #7724, #8835 ) ;
#4554 = VECTOR ( 'NONE', #4304, 1000.000000000000000 ) ;
#4555 =( GEOMETRIC_REPRESENTATION_CONTEXT ( 3 ) GLOBAL_UNCERTAINTY_ASSIGNED_CONTEXT ( ( #5306 ) ) GLOBAL_UNIT_ASSIGNED_CONTEXT ( ( #6397, #10447, #4933 ) ) REPRESENTATION_CONTEXT ( 'NONE', 'WORKASPACE' ) );
#4556 = CARTESIAN_POINT ( 'NONE',  ( 18.90166797165684898, 2.000000000000000000, 0.8180000000000000604 ) ) ;
#4557 = EDGE_CURVE ( 'NONE', #852, #2393, #8749, .T. ) ;
#4558 = EDGE_LOOP ( 'NONE', ( #9122, #9424, #340, #6963 ) ) ;
#4559 = ORIENTED_EDGE ( 'NONE', *, *, #9821, .T. ) ;
#4560 = DIRECTION ( 'NONE',  ( 0.0000000000000000000, 0.0000000000000000000, -1.000000000000000000 ) ) ;
#4561 = EDGE_LOOP ( 'NONE', ( #5204, #5596, #3003, #1980 ) ) ;
#4562 =( GEOMETRIC_REPRESENTATION_CONTEXT ( 3 ) GLOBAL_UNCERTAINTY_ASSIGNED_CONTEXT ( ( #235 ) ) GLOBAL_UNIT_ASSIGNED_CONTEXT ( ( #4684, #8861, #3176 ) ) REPRESENTATION_CONTEXT ( 'NONE', 'WORKASPACE' ) );
#4563 = LINE ( 'NONE', #7617, #2234 ) ;
#4564 = LINE ( 'NONE', #5367, #338 ) ;
#4565 = DIRECTION ( 'NONE',  ( 1.000000000000000000, 1.752245935330099997E-15, 0.0000000000000000000 ) ) ;
#4566 = PRESENTATION_LAYER_ASSIGNMENT (  '', '', ( #3027 ) ) ;
#4567 = ORIENTED_EDGE ( 'NONE', *, *, #9778, .T. ) ;
#4568 = LINE ( 'NONE', #4453, #2436 ) ;
#4569 = ORIENTED_EDGE ( 'NONE', *, *, #1931, .T. ) ;
#4570 = FACE_BOUND ( 'NONE', #5362, .T. ) ;
#4571 = CARTESIAN_POINT ( 'NONE',  ( 2.401667971656824996, 0.5499999999999900524, 0.8180000000000000604 ) ) ;
#4572 = ORIENTED_EDGE ( 'NONE', *, *, #3024, .F. ) ;
#4573 = FACE_OUTER_BOUND ( 'NONE', #6298, .T. ) ;
#4574 = AXIS2_PLACEMENT_3D ( 'NONE', #744, #2377, #8217 ) ;
#4575 = CARTESIAN_POINT ( 'NONE',  ( 10.55166797165681913, 2.000000000000000000, 0.8180000000000000604 ) ) ;
#4576 = FACE_OUTER_BOUND ( 'NONE', #2808, .T. ) ;
#4577 = CARTESIAN_POINT ( 'NONE',  ( 15.65166797165684898, 2.000000000000000000, 0.0000000000000000000 ) ) ;
#4578 = DIRECTION ( 'NONE',  ( 0.0000000000000000000, -0.9396926207859073177, 0.3420201433256715995 ) ) ;
#4579 = CARTESIAN_POINT ( 'NONE',  ( 6.651667971656819667, 0.5500000000000000444, -0.01800000000000000211 ) ) ;
#4580 = ORIENTED_EDGE ( 'NONE', *, *, #9135, .F. ) ;
#4581 = MECHANICAL_DESIGN_GEOMETRIC_PRESENTATION_REPRESENTATION (  '', ( #4200 ), #1632 ) ;
#4582 = DIRECTION ( 'NONE',  ( -1.000000000000000000, 0.0000000000000000000, 0.0000000000000000000 ) ) ;
#4583 = ORIENTED_EDGE ( 'NONE', *, *, #6960, .T. ) ;
#4584 = ORIENTED_EDGE ( 'NONE', *, *, #3878, .T. ) ;
#4585 = CARTESIAN_POINT ( 'NONE',  ( 0.5749999999999999556, 3.500000000000000000, 0.8000000000000000444 ) ) ;
#4586 = LINE ( 'NONE', #497, #2416 ) ;
#4587 = LINE ( 'NONE', #1251, #1529 ) ;
#4588 = DIRECTION ( 'NONE',  ( 1.000000000000000000, -1.224511328481548031E-16, 0.0000000000000000000 ) ) ;
#4589 = ORIENTED_EDGE ( 'NONE', *, *, #2441, .T. ) ;
#4590 = DIRECTION ( 'NONE',  ( -1.000000000000000000, 0.0000000000000000000, 0.0000000000000000000 ) ) ;
#4591 = AXIS2_PLACEMENT_3D ( 'NONE', #5238, #10044, #4272 ) ;
#4592 = EDGE_CURVE ( 'NONE', #7393, #10287, #4621, .T. ) ;
#4593 = EDGE_CURVE ( 'NONE', #6804, #3184, #7250, .T. ) ;
#4594 = FACE_OUTER_BOUND ( 'NONE', #3455, .T. ) ;
#4595 = ADVANCED_FACE ( 'NONE', ( #3163 ), #6439, .T. ) ;
#4596 = ORIENTED_EDGE ( 'NONE', *, *, #8919, .T. ) ;
#4597 = PLANE ( 'NONE',  #3511 ) ;
#4598 = VERTEX_POINT ( 'NONE', #5631 ) ;
#4599 = AXIS2_PLACEMENT_3D ( 'NONE', #416, #9479, #10224 ) ;
#4600 = LINE ( 'NONE', #3042, #5684 ) ;
#4601 = VECTOR ( 'NONE', #5600, 1000.000000000000000 ) ;
#4602 = CARTESIAN_POINT ( 'NONE',  ( 6.901667971656829437, 2.000000000000000000, 0.8180000000000000604 ) ) ;
#4603 = LINE ( 'NONE', #615, #679 ) ;
#4604 = PRESENTATION_LAYER_ASSIGNMENT (  '', '', ( #7857 ) ) ;
#4605 = CARTESIAN_POINT ( 'NONE',  ( 21.99500000000000099, 79.99000000000000909, 0.0000000000000000000 ) ) ;
#4606 = DIRECTION ( 'NONE',  ( 0.0000000000000000000, 1.000000000000000000, 0.0000000000000000000 ) ) ;
#4607 = LINE ( 'NONE', #3742, #1122 ) ;
#4608 = LINE ( 'NONE', #9422, #3188 ) ;
#4609 = EDGE_CURVE ( 'NONE', #7046, #3588, #7894, .T. ) ;
#4610 = VERTEX_POINT ( 'NONE', #1260 ) ;
#4611 = ADVANCED_FACE ( 'NONE', ( #6852 ), #2991, .T. ) ;
#4612 = ORIENTED_EDGE ( 'NONE', *, *, #971, .T. ) ;
#4613 = ORIENTED_EDGE ( 'NONE', *, *, #3151, .F. ) ;
#4614 = LINE ( 'NONE', #8742, #305 ) ;
#4615 = VECTOR ( 'NONE', #1643, 1000.000000000000000 ) ;
#4616 = ORIENTED_EDGE ( 'NONE', *, *, #2310, .F. ) ;
#4617 = FACE_OUTER_BOUND ( 'NONE', #1047, .T. ) ;
#4618 = CARTESIAN_POINT ( 'NONE',  ( 18.40166797165684898, 2.000000000000000000, 0.8000000000000000444 ) ) ;
#4619 = AXIS2_PLACEMENT_3D ( 'NONE', #6134, #8432, #2063 ) ;
#4620 = LINE ( 'NONE', #6392, #8581 ) ;
#4621 = LINE ( 'NONE', #9536, #10352 ) ;
#4622 = VECTOR ( 'NONE', #7533, 1000.000000000000000 ) ;
#4623 = ORIENTED_EDGE ( 'NONE', *, *, #5513, .T. ) ;
#4624 = PLANE ( 'NONE',  #8089 ) ;
#4625 = ADVANCED_FACE ( 'NONE', ( #5398 ), #4597, .T. ) ;
#4626 = ORIENTED_EDGE ( 'NONE', *, *, #7761, .F. ) ;
#4627 = VECTOR ( 'NONE', #8805, 1000.000000000000000 ) ;
#4628 = CARTESIAN_POINT ( 'NONE',  ( 3.051667971656824907, 0.5500000000000000444, 0.8180000000000000604 ) ) ;
#4629 = LINE ( 'NONE', #7255, #10379 ) ;
#4630 = ORIENTED_EDGE ( 'NONE', *, *, #3624, .F. ) ;
#4631 = FACE_OUTER_BOUND ( 'NONE', #5670, .T. ) ;
#4632 = PLANE ( 'NONE',  #1813 ) ;
#4633 = DIRECTION ( 'NONE',  ( 0.0000000000000000000, -1.000000000000000000, 0.0000000000000000000 ) ) ;
#4634 = CARTESIAN_POINT ( 'NONE',  ( 6.551667971656830680, 2.000000000000000000, 0.8180000000000000604 ) ) ;
#4635 = PLANE ( 'NONE',  #6203 ) ;
#4636 = ADVANCED_FACE ( 'NONE', ( #6099 ), #1145, .F. ) ;
#4637 = ORIENTED_EDGE ( 'NONE', *, *, #6245, .T. ) ;
#4638 = VECTOR ( 'NONE', #4341, 1000.000000000000000 ) ;
#4639 = VECTOR ( 'NONE', #2580, 1000.000000000000000 ) ;
#4640 = CARTESIAN_POINT ( 'NONE',  ( 16.00166797165680066, 3.851859888774469954E-31, 0.0000000000000000000 ) ) ;
#4641 = ORIENTED_EDGE ( 'NONE', *, *, #67, .F. ) ;
#4642 = EDGE_LOOP ( 'NONE', ( #10612, #1046, #4844, #5177 ) ) ;
#4643 = CARTESIAN_POINT ( 'NONE',  ( 10.05166797165682091, 0.5500000000000000444, 0.8180000000000000604 ) ) ;
#4644 = DIRECTION ( 'NONE',  ( 0.0000000000000000000, 0.0000000000000000000, 1.000000000000000000 ) ) ;
#4645 = FACE_OUTER_BOUND ( 'NONE', #8017, .T. ) ;
#4646 = CARTESIAN_POINT ( 'NONE',  ( 20.15166797165684542, 0.5499999999999860556, -0.01800000000000000211 ) ) ;
#4647 = VERTEX_POINT ( 'NONE', #7869 ) ;
#4648 = VECTOR ( 'NONE', #2079, 1000.000000000000000 ) ;
#4649 =( NAMED_UNIT ( * ) PLANE_ANGLE_UNIT ( ) SI_UNIT ( $, .RADIAN. ) );
#4650 = VERTEX_POINT ( 'NONE', #6048 ) ;
#4651 = CARTESIAN_POINT ( 'NONE',  ( 8.151667971656829437, 2.000000000000000000, -0.01800000000000000211 ) ) ;
#4652 = ORIENTED_EDGE ( 'NONE', *, *, #75, .F. ) ;
#4653 = LINE ( 'NONE', #7927, #6706 ) ;
#4654 = DIRECTION ( 'NONE',  ( 0.0000000000000000000, 0.0000000000000000000, 1.000000000000000000 ) ) ;
#4655 = DIRECTION ( 'NONE',  ( -1.000000000000000000, 0.0000000000000000000, 0.0000000000000000000 ) ) ;
#4656 = DIRECTION ( 'NONE',  ( -1.000000000000000000, 0.0000000000000000000, 0.0000000000000000000 ) ) ;
#4657 = VECTOR ( 'NONE', #10524, 1000.000000000000000 ) ;
#4658 = ADVANCED_FACE ( 'NONE', ( #6962 ), #9355, .F. ) ;
#4659 = VECTOR ( 'NONE', #8971, 1000.000000000000000 ) ;
#4660 = EDGE_CURVE ( 'NONE', #5228, #60, #2184, .T. ) ;
#4661 = CARTESIAN_POINT ( 'NONE',  ( 5.801667971656820022, 2.000000000000000000, -0.01800000000000000211 ) ) ;
#4662 = DIRECTION ( 'NONE',  ( 0.0000000000000000000, 0.0000000000000000000, 1.000000000000000000 ) ) ;
#4663 = LINE ( 'NONE', #8890, #8341 ) ;
#4664 = LINE ( 'NONE', #7933, #8530 ) ;
#4665 = ORIENTED_EDGE ( 'NONE', *, *, #9821, .F. ) ;
#4666 = VERTEX_POINT ( 'NONE', #8668 ) ;
#4667 = STYLED_ITEM ( 'NONE', ( #6814 ), #8387 ) ;
#4668 = PLANE ( 'NONE',  #6835 ) ;
#4669 = ORIENTED_EDGE ( 'NONE', *, *, #1575, .F. ) ;
#4670 =( LENGTH_UNIT ( ) NAMED_UNIT ( * ) SI_UNIT ( .MILLI., .METRE. ) );
#4671 = LINE ( 'NONE', #5629, #5489 ) ;
#4672 = EDGE_CURVE ( 'NONE', #7005, #2200, #1312, .T. ) ;
#4673 = CARTESIAN_POINT ( 'NONE',  ( 7.151667971656830325, 2.000000000000000000, -0.01800000000000000211 ) ) ;
#4674 = CARTESIAN_POINT ( 'NONE',  ( 11.00000000000000000, 80.00000000000000000, 0.8009999999999999343 ) ) ;
#4675 = EDGE_CURVE ( 'NONE', #9412, #2992, #3791, .T. ) ;
#4676 = EDGE_LOOP ( 'NONE', ( #2810, #6043, #6626, #824 ) ) ;
#4677 = ADVANCED_FACE ( 'NONE', ( #7072 ), #5448, .F. ) ;
#4678 = ORIENTED_EDGE ( 'NONE', *, *, #1495, .T. ) ;
#4679 = VECTOR ( 'NONE', #3601, 1000.000000000000114 ) ;
#4680 = LINE ( 'NONE', #6932, #8501 ) ;
#4681 = DIRECTION ( 'NONE',  ( -2.990902544787600071E-16, 1.000000000000000000, 0.0000000000000000000 ) ) ;
#4682 = ORIENTED_EDGE ( 'NONE', *, *, #570, .T. ) ;
#4683 = CARTESIAN_POINT ( 'NONE',  ( 19.65166797165684898, 2.000000000000000000, 0.0000000000000000000 ) ) ;
#4684 =( LENGTH_UNIT ( ) NAMED_UNIT ( * ) SI_UNIT ( .MILLI., .METRE. ) );
#4685 = CARTESIAN_POINT ( 'NONE',  ( 1.551667971656825129, 2.000000000000000000, 0.8180000000000000604 ) ) ;
#4686 = ADVANCED_FACE ( 'NONE', ( #10316 ), #1365, .F. ) ;
#4687 = EDGE_CURVE ( 'NONE', #5491, #371, #3733, .T. ) ;
#4688 = PLANE ( 'NONE',  #3755 ) ;
#4689 = CARTESIAN_POINT ( 'NONE',  ( 0.004999999999980709979, 5.200000000000000178, -1.350000000000000089 ) ) ;
#4690 = PLANE ( 'NONE',  #2092 ) ;
#4691 = ORIENTED_EDGE ( 'NONE', *, *, #1574, .T. ) ;
#4692 = DIRECTION ( 'NONE',  ( 1.000000000000000000, 0.0000000000000000000, 0.0000000000000000000 ) ) ;
#4693 = VERTEX_POINT ( 'NONE', #6156 ) ;
#4694 = ORIENTED_EDGE ( 'NONE', *, *, #6628, .T. ) ;
#4695 = EDGE_CURVE ( 'NONE', #396, #6896, #341, .T. ) ;
#4696 = DIRECTION ( 'NONE',  ( -0.0000000000000000000, 1.000000000000000000, 0.0000000000000000000 ) ) ;
#4697 = CARTESIAN_POINT ( 'NONE',  ( 8.651667971656829437, 0.5500000000000000444, -0.01800000000000000211 ) ) ;
#4698 = CARTESIAN_POINT ( 'NONE',  ( 1.901667971656824996, 0.5499999999999860556, 0.8180000000000000604 ) ) ;
#4699 = DIRECTION ( 'NONE',  ( 1.000000000000000000, 4.563815034092980005E-32, 0.0000000000000000000 ) ) ;
#4700 = LINE ( 'NONE', #5345, #8764 ) ;
#4701 = ORIENTED_EDGE ( 'NONE', *, *, #6756, .F. ) ;
#4702 = ORIENTED_EDGE ( 'NONE', *, *, #9135, .T. ) ;
#4703 = ORIENTED_EDGE ( 'NONE', *, *, #5649, .F. ) ;
#4704 = CARTESIAN_POINT ( 'NONE',  ( 19.05166797165684756, 0.5500000000000000444, 0.8180000000000000604 ) ) ;
#4705 = EDGE_LOOP ( 'NONE', ( #8436, #3001, #7971, #8429 ) ) ;
#4706 = DIRECTION ( 'NONE',  ( 0.0000000000000000000, 0.0000000000000000000, -1.000000000000000000 ) ) ;
#4707 = DIRECTION ( 'NONE',  ( 0.0000000000000000000, 1.000000000000000000, 0.0000000000000000000 ) ) ;
#4708 = CARTESIAN_POINT ( 'NONE',  ( 7.901667971656829437, 2.000000000000000000, 0.8000000000000000444 ) ) ;
#4709 = LINE ( 'NONE', #5119, #10073 ) ;
#4710 = VECTOR ( 'NONE', #9365, 1000.000000000000000 ) ;
#4711 = CARTESIAN_POINT ( 'NONE',  ( 8.651667971656829437, 2.000000000000000000, -0.01800000000000000211 ) ) ;
#4712 = CARTESIAN_POINT ( 'NONE',  ( 8.000000000000000000, 79.99000000000000909, 0.0000000000000000000 ) ) ;
#4713 = AXIS2_PLACEMENT_3D ( 'NONE', #2399, #8940, #4707 ) ;
#4714 = EDGE_LOOP ( 'NONE', ( #6067, #2084, #5504, #1212 ) ) ;
#4715 = VERTEX_POINT ( 'NONE', #5352 ) ;
#4716 = ORIENTED_EDGE ( 'NONE', *, *, #1867, .T. ) ;
#4717 = DIRECTION ( 'NONE',  ( 0.0000000000000000000, -1.000000000000000000, 0.0000000000000000000 ) ) ;
#4718 = EDGE_CURVE ( 'NONE', #1808, #6005, #3572, .T. ) ;
#4719 = ORIENTED_EDGE ( 'NONE', *, *, #10339, .F. ) ;
#4720 = DIRECTION ( 'NONE',  ( 0.0000000000000000000, 0.0000000000000000000, 1.000000000000000000 ) ) ;
#4721 = CARTESIAN_POINT ( 'NONE',  ( 2.301667971656824907, 2.000000000000000000, 0.0000000000000000000 ) ) ;
#4722 = FACE_OUTER_BOUND ( 'NONE', #5478, .T. ) ;
#4723 = LINE ( 'NONE', #3969, #2230 ) ;
#4724 = VECTOR ( 'NONE', #4203, 1000.000000000000000 ) ;
#4725 = ORIENTED_EDGE ( 'NONE', *, *, #8868, .T. ) ;
#4726 = DIRECTION ( 'NONE',  ( -1.000000000000000000, 0.0000000000000000000, 0.0000000000000000000 ) ) ;
#4727 = ORIENTED_EDGE ( 'NONE', *, *, #450, .F. ) ;
#4728 = FILL_AREA_STYLE ('',( #10597 ) ) ;
#4729 = DIRECTION ( 'NONE',  ( 0.0000000000000000000, 1.000000000000000000, 0.0000000000000000000 ) ) ;
#4730 = EDGE_CURVE ( 'NONE', #4967, #2108, #1203, .T. ) ;
#4731 = ORIENTED_EDGE ( 'NONE', *, *, #3024, .T. ) ;
#4732 = ADVANCED_FACE ( 'NONE', ( #10154 ), #8504, .F. ) ;
#4733 = PLANE ( 'NONE',  #8558 ) ;
#4734 = VECTOR ( 'NONE', #3242, 1000.000000000000000 ) ;
#4735 = EDGE_CURVE ( 'NONE', #6836, #3278, #4490, .T. ) ;
#4736 = VERTEX_POINT ( 'NONE', #9675 ) ;
#4737 = CARTESIAN_POINT ( 'NONE',  ( 15.05166797165684933, 2.000000000000000000, 0.8000000000000000444 ) ) ;
#4738 = VECTOR ( 'NONE', #7238, 1000.000000000000000 ) ;
#4739 = FILL_AREA_STYLE ('',( #10345 ) ) ;
#4740 = DIRECTION ( 'NONE',  ( 1.000000000000000000, 0.0000000000000000000, 0.0000000000000000000 ) ) ;
#4741 = CARTESIAN_POINT ( 'NONE',  ( 9.151667971656820555, 2.000000000000000000, -0.01800000000000000211 ) ) ;
#4742 = VERTEX_POINT ( 'NONE', #3201 ) ;
#4743 = VECTOR ( 'NONE', #6530, 1000.000000000000000 ) ;
#4744 = EDGE_CURVE ( 'NONE', #4598, #6511, #8829, .T. ) ;
#4745 = EDGE_CURVE ( 'NONE', #1541, #4715, #1527, .T. ) ;
#4746 = ORIENTED_EDGE ( 'NONE', *, *, #1160, .F. ) ;
#4747 = AXIS2_PLACEMENT_3D ( 'NONE', #1232, #3543, #1285 ) ;
#4748 = ADVANCED_FACE ( 'NONE', ( #3090 ), #3945, .F. ) ;
#4749 = CARTESIAN_POINT ( 'NONE',  ( 2.651667971656824996, 2.000000000000000000, -0.01800000000000000211 ) ) ;
#4750 = CARTESIAN_POINT ( 'NONE',  ( 2.151667971656824996, 0.5500000000000000444, -0.01800000000000000211 ) ) ;
#4751 = LINE ( 'NONE', #10568, #9239 ) ;
#4752 = DIRECTION ( 'NONE',  ( -1.000000000000000000, 0.0000000000000000000, 0.0000000000000000000 ) ) ;
#4753 = VECTOR ( 'NONE', #425, 1000.000000000000000 ) ;
#4754 = FACE_OUTER_BOUND ( 'NONE', #9609, .T. ) ;
#4755 = ORIENTED_EDGE ( 'NONE', *, *, #9052, .T. ) ;
#4756 = VECTOR ( 'NONE', #5298, 1000.000000000000000 ) ;
#4757 = EDGE_CURVE ( 'NONE', #10610, #2268, #7329, .T. ) ;
#4758 = VERTEX_POINT ( 'NONE', #3040 ) ;
#4759 = ORIENTED_EDGE ( 'NONE', *, *, #8930, .F. ) ;
#4760 = DIRECTION ( 'NONE',  ( 0.0000000000000000000, 0.0000000000000000000, -1.000000000000000000 ) ) ;
#4761 = VERTEX_POINT ( 'NONE', #3144 ) ;
#4762 = CARTESIAN_POINT ( 'NONE',  ( 15.65166797165684898, 2.000000000000000000, -0.01800000000000000211 ) ) ;
#4763 = DIRECTION ( 'NONE',  ( 0.0000000000000000000, 1.000000000000000000, 0.0000000000000000000 ) ) ;
#4764 = DIRECTION ( 'NONE',  ( 0.0000000000000000000, -1.000000000000000000, 0.0000000000000000000 ) ) ;
#4765 = CARTESIAN_POINT ( 'NONE',  ( 14.05166797165682091, 2.000000000000000000, 0.8000000000000000444 ) ) ;
#4766 = PLANE ( 'NONE',  #7801 ) ;
#4767 = FACE_OUTER_BOUND ( 'NONE', #3747, .T. ) ;
#4768 = DIRECTION ( 'NONE',  ( -1.000000000000000000, 0.0000000000000000000, 0.0000000000000000000 ) ) ;
#4769 = VECTOR ( 'NONE', #861, 1000.000000000000000 ) ;
#4770 = ORIENTED_EDGE ( 'NONE', *, *, #8289, .T. ) ;
#4771 = ORIENTED_EDGE ( 'NONE', *, *, #126, .F. ) ;
#4772 = VERTEX_POINT ( 'NONE', #3995 ) ;
#4773 = FACE_OUTER_BOUND ( 'NONE', #7043, .T. ) ;
#4774 = CLOSED_SHELL ( 'NONE', ( #4934, #9564, #5570, #2110, #7061, #8929, #8387, #10474, #9115, #3303, #7227, #5440, #1653, #6197, #8537, #9293, #2519, #5380, #9619, #7568, #7554, #389, #9300, #5719, #6885, #10471, #3610, #6466, #8461, #4072, #3744, #410, #3428, #9175, #2631, #7942, #5194, #3429, #192, #9236, #1187, #6857, #4808, #6691, #5665, #5057, #7108, #1305, #5593, #6560, #9441, #4611, #6407, #7042, #3152, #4919, #8783, #3089, #7023, #4748, #8752, #7424, #2043, #8274, #2822, #1432, #188, #10217, #6513, #4636, #2167, #6642, #231, #5118, #9197, #3105, #1175, #4058, #1056, #1254, #5074, #2333, #6235, #45, #7813, #8427, #3678, #10144, #987, #2642, #5056, #2629, #8859, #9251, #1767, #2979, #1402, #5338, #8457, #3035, #6246, #4275, #8210, #4864, #10426, #8072, #4405, #4262, #7565, #4086, #4003, #464, #10231, #986, #804, #3544, #8869, #1059, #5539, #4122, #8215, #8194, #6558, #1045, #10539, #8649, #3670, #529, #3361, #3251, #8258, #5261, #1057, #2989, #5838, #1099, #453, #8473, #4658, #830, #723, #2176, #9644, #7364, #271, #6783, #1842, #3530, #1590, #6318, #9582, #6921, #9748, #10601, #9269, #6040, #9512, #2383, #6652, #5072, #10351, #9103, #8990, #8932, #4001, #6426, #4390, #7605, #7493, #5330, #3952, #3546, #5247, #8149, #8719, #1625, #5071, #6257, #1178, #649, #2189, #4408, #4550, #1985, #5528, #827, #2955, #2690, #727, #7285, #2754, #2570, #1392, #3597, #2120, #9568, #1636, #8993, #8799, #9001, #8914, #2483, #6372, #3349, #8659, #4459, #4809, #767, #7907, #6773, #10095, #2251, #6268, #6323, #3556, #4274, #10373, #4220, #9963, #4796, #4732, #7115, #2122, #4532, #5438, #6521, #209, #6035, #4473, #467, #10616, #7409, #10552, #6454, #5589, #3276, #6646, #4677, #116, #7607, #9765, #5720, #7898, #6957, #9962, #9316, #390, #6702, #7644, #6571, #2966, #5978, #1523, #8405, #4125, #309, #2295, #7155, #4071, #5977, #10043, #3621, #2379, #1156, #9114, #4792, #6127, #9173, #6495, #1111, #129, #7632, #5870, #10432, #1535, #7361, #3472, #3992, #4458, #4686, #6755, #8624, #10279, #7552, #4142, #1979, #9237, #2367, #10423, #5707, #8088, #8135, #1911, #7218, #4811, #5609, #10241, #10407, #2060, #6371, #403, #5454, #3166, #1453, #3306, #8546, #10081, #1264, #4199, #7807, #308, #4625, #5666, #5667, #2490, #2973, #2765, #2837, #6385, #8524, #4150, #10215, #1718, #5389, #1664, #526, #6493, #2232, #4196, #6889, #7707, #8658, #2188, #19, #4379, #4209, #2889, #2703, #8134, #2064, #7105, #3290, #4595, #6580 ) ) ;
#4775 = ORIENTED_EDGE ( 'NONE', *, *, #8192, .F. ) ;
#4776 =( NAMED_UNIT ( * ) PLANE_ANGLE_UNIT ( ) SI_UNIT ( $, .RADIAN. ) );
#4777 = VECTOR ( 'NONE', #7245, 1000.000000000000000 ) ;
#4778 = DIRECTION ( 'NONE',  ( 0.0000000000000000000, 0.0000000000000000000, -1.000000000000000000 ) ) ;
#4779 = LINE ( 'NONE', #10386, #10281 ) ;
#4780 = DIRECTION ( 'NONE',  ( 0.0000000000000000000, 0.0000000000000000000, 1.000000000000000000 ) ) ;
#4781 = ORIENTED_EDGE ( 'NONE', *, *, #5013, .T. ) ;
#4782 = VECTOR ( 'NONE', #8246, 1000.000000000000000 ) ;
#4783 = CARTESIAN_POINT ( 'NONE',  ( 18.30166797165680137, 2.000000000000000000, -0.01800000000000000211 ) ) ;
#4784 = ORIENTED_EDGE ( 'NONE', *, *, #585, .F. ) ;
#4785 = CARTESIAN_POINT ( 'NONE',  ( 16.00166797165685040, 2.899999999999999911, 0.8000000000000000444 ) ) ;
#4786 = ORIENTED_EDGE ( 'NONE', *, *, #6758, .F. ) ;
#4787 =( NAMED_UNIT ( * ) SI_UNIT ( $, .STERADIAN. ) SOLID_ANGLE_UNIT ( ) );
#4788 = VECTOR ( 'NONE', #6335, 1000.000000000000000 ) ;
#4789 = CARTESIAN_POINT ( 'NONE',  ( 10.80166797165682091, 0.5500000000000000444, 0.0000000000000000000 ) ) ;
#4790 = ORIENTED_EDGE ( 'NONE', *, *, #5651, .F. ) ;
#4791 = CARTESIAN_POINT ( 'NONE',  ( 3.151667971656824996, 2.000000000000000000, 0.0000000000000000000 ) ) ;
#4792 = ADVANCED_FACE ( 'NONE', ( #712 ), #5715, .F. ) ;
#4793 = EDGE_CURVE ( 'NONE', #2897, #4666, #9782, .T. ) ;
#4794 = EDGE_LOOP ( 'NONE', ( #1295, #1626, #4523, #3790 ) ) ;
#4795 = FILL_AREA_STYLE_COLOUR ( '', #5426 ) ;
#4796 = ADVANCED_FACE ( 'NONE', ( #1627 ), #7925, .F. ) ;
#4797 = AXIS2_PLACEMENT_3D ( 'NONE', #1618, #4904, #6304 ) ;
#4798 = AXIS2_PLACEMENT_3D ( 'NONE', #3826, #10134, #4410 ) ;
#4799 = LINE ( 'NONE', #3028, #10573 ) ;
#4800 = ORIENTED_EDGE ( 'NONE', *, *, #2233, .F. ) ;
#4801 = CARTESIAN_POINT ( 'NONE',  ( 15.15166797165684898, 2.000000000000000000, -0.01800000000000000211 ) ) ;
#4802 = CARTESIAN_POINT ( 'NONE',  ( 7.651667971656829437, 0.5500000000000000444, -0.01800000000000000211 ) ) ;
#4803 = DIRECTION ( 'NONE',  ( -1.196361017915040028E-15, 1.000000000000000000, 0.0000000000000000000 ) ) ;
#4804 = DIRECTION ( 'NONE',  ( -1.000000000000000000, 0.0000000000000000000, 0.0000000000000000000 ) ) ;
#4805 = VECTOR ( 'NONE', #264, 1000.000000000000000 ) ;
#4806 = STYLED_ITEM ( 'NONE', ( #7366 ), #4379 ) ;
#4807 = DIRECTION ( 'NONE',  ( 0.0000000000000000000, 0.0000000000000000000, 1.000000000000000000 ) ) ;
#4808 = ADVANCED_FACE ( 'NONE', ( #1472 ), #7972, .F. ) ;
#4809 = ADVANCED_FACE ( 'NONE', ( #3892 ), #2447, .T. ) ;
#4810 = ORIENTED_EDGE ( 'NONE', *, *, #9260, .F. ) ;
#4811 = ADVANCED_FACE ( 'NONE', ( #7119 ), #3254, .F. ) ;
#4812 = ORIENTED_EDGE ( 'NONE', *, *, #4210, .T. ) ;
#4813 = VECTOR ( 'NONE', #9605, 1000.000000000000000 ) ;
#4814 = ORIENTED_EDGE ( 'NONE', *, *, #3993, .F. ) ;
#4815 = CARTESIAN_POINT ( 'NONE',  ( 6.651667971656819667, 2.000000000000000000, -0.01800000000000000211 ) ) ;
#4816 = ORIENTED_EDGE ( 'NONE', *, *, #3170, .T. ) ;
#4817 = CARTESIAN_POINT ( 'NONE',  ( 1.074999999999999956, 0.0000000000000000000, 0.1091910702798599975 ) ) ;
#4818 = DIRECTION ( 'NONE',  ( 0.0000000000000000000, 0.0000000000000000000, -1.000000000000000000 ) ) ;
#4819 = LINE ( 'NONE', #764, #59 ) ;
#4820 = AXIS2_PLACEMENT_3D ( 'NONE', #3908, #3218, #5687 ) ;
#4821 = LINE ( 'NONE', #4712, #5754 ) ;
#4822 = SURFACE_STYLE_FILL_AREA ( #5781 ) ;
#4823 = VERTEX_POINT ( 'NONE', #8883 ) ;
#4824 = EDGE_LOOP ( 'NONE', ( #472, #5199, #2798, #1259 ) ) ;
#4825 = CARTESIAN_POINT ( 'NONE',  ( 8.301667971656819134, 2.000000000000000000, -0.01800000000000000211 ) ) ;
#4826 = MECHANICAL_DESIGN_GEOMETRIC_PRESENTATION_REPRESENTATION (  '', ( #5847 ), #6199 ) ;
#4827 = EDGE_CURVE ( 'NONE', #1457, #2130, #9565, .T. ) ;
#4828 = LINE ( 'NONE', #8097, #8358 ) ;
#4829 = AXIS2_PLACEMENT_3D ( 'NONE', #9393, #3776, #3022 ) ;
#4830 = CARTESIAN_POINT ( 'NONE',  ( 7.151667971656830325, 0.5500000000000000444, 0.0000000000000000000 ) ) ;
#4831 = DIRECTION ( 'NONE',  ( 0.0000000000000000000, 0.0000000000000000000, 1.000000000000000000 ) ) ;
#4832 = DIRECTION ( 'NONE',  ( 0.0000000000000000000, 0.0000000000000000000, -1.000000000000000000 ) ) ;
#4833 = VERTEX_POINT ( 'NONE', #8031 ) ;
#4834 = FACE_BOUND ( 'NONE', #2498, .T. ) ;
#4835 = VECTOR ( 'NONE', #4878, 1000.000000000000000 ) ;
#4836 = CARTESIAN_POINT ( 'NONE',  ( 8.551667971656828016, 0.5500000000000000444, 0.8180000000000000604 ) ) ;
#4837 = ORIENTED_EDGE ( 'NONE', *, *, #9521, .T. ) ;
#4838 = PLANE ( 'NONE',  #8730 ) ;
#4839 = VERTEX_POINT ( 'NONE', #8937 ) ;
#4840 = FACE_OUTER_BOUND ( 'NONE', #8110, .T. ) ;
#4841 = SURFACE_STYLE_USAGE ( .BOTH. , #6351 ) ;
#4842 = ORIENTED_EDGE ( 'NONE', *, *, #8540, .F. ) ;
#4843 = DIRECTION ( 'NONE',  ( 1.000000000000000000, -1.239088197126289880E-15, 0.0000000000000000000 ) ) ;
#4844 = ORIENTED_EDGE ( 'NONE', *, *, #10422, .F. ) ;
#4845 = CARTESIAN_POINT ( 'NONE',  ( 10.40166797165682055, 0.5500000000000000444, 0.8180000000000000604 ) ) ;
#4846 = CARTESIAN_POINT ( 'NONE',  ( 11.55166797165682091, 0.5500000000000000444, 0.8180000000000000604 ) ) ;
#4847 = VERTEX_POINT ( 'NONE', #7171 ) ;
#4848 = LINE ( 'NONE', #5445, #1327 ) ;
#4849 = CARTESIAN_POINT ( 'NONE',  ( 20.92500000000000071, -4.087927635364665100E-31, 0.1091910702798599975 ) ) ;
#4850 = CARTESIAN_POINT ( 'NONE',  ( 14.05166797165682091, 2.000000000000000000, 0.8000000000000000444 ) ) ;
#4851 = FILL_AREA_STYLE ('',( #6362 ) ) ;
#4852 = EDGE_CURVE ( 'NONE', #253, #4525, #1580, .T. ) ;
#4853 = CARTESIAN_POINT ( 'NONE',  ( 19.05166797165684756, 0.5500000000000000444, 0.8180000000000000604 ) ) ;
#4854 = VERTEX_POINT ( 'NONE', #7228 ) ;
#4855 = ORIENTED_EDGE ( 'NONE', *, *, #847, .F. ) ;
#4856 = ORIENTED_EDGE ( 'NONE', *, *, #4793, .T. ) ;
#4857 = EDGE_CURVE ( 'NONE', #10294, #1929, #1419, .T. ) ;
#4858 = DIRECTION ( 'NONE',  ( 1.000000000000000000, 0.0000000000000000000, 0.0000000000000000000 ) ) ;
#4859 = VERTEX_POINT ( 'NONE', #10577 ) ;
#4860 = EDGE_CURVE ( 'NONE', #5741, #4833, #166, .T. ) ;
#4861 = CARTESIAN_POINT ( 'NONE',  ( 0.0000000000000000000, 0.0000000000000000000, -0.01800000000000000211 ) ) ;
#4862 = FACE_OUTER_BOUND ( 'NONE', #2168, .T. ) ;
#4863 = EDGE_CURVE ( 'NONE', #4761, #9137, #7592, .T. ) ;
#4864 = ADVANCED_FACE ( 'NONE', ( #872 ), #9192, .F. ) ;
#4865 = CARTESIAN_POINT ( 'NONE',  ( 7.301667971656820022, 2.000000000000000000, 0.0000000000000000000 ) ) ;
#4866 = LINE ( 'NONE', #9788, #1475 ) ;
#4867 = LINE ( 'NONE', #4051, #6101 ) ;
#4868 = DIRECTION ( 'NONE',  ( 0.0000000000000000000, 0.0000000000000000000, -1.000000000000000000 ) ) ;
#4869 = VECTOR ( 'NONE', #511, 1000.000000000000000 ) ;
#4870 = ORIENTED_EDGE ( 'NONE', *, *, #7953, .F. ) ;
#4871 = EDGE_CURVE ( 'NONE', #3540, #5526, #5931, .T. ) ;
#4872 = EDGE_CURVE ( 'NONE', #10433, #7159, #5770, .T. ) ;
#4873 = VERTEX_POINT ( 'NONE', #61 ) ;
#4874 = FACE_OUTER_BOUND ( 'NONE', #5369, .T. ) ;
#4875 = EDGE_CURVE ( 'NONE', #3628, #5078, #1033, .T. ) ;
#4876 = LINE ( 'NONE', #3323, #10440 ) ;
#4877 = PLANE ( 'NONE',  #8408 ) ;
#4878 = DIRECTION ( 'NONE',  ( 0.0000000000000000000, 1.000000000000000000, 0.0000000000000000000 ) ) ;
#4879 = ORIENTED_EDGE ( 'NONE', *, *, #10033, .F. ) ;
#4880 = FACE_BOUND ( 'NONE', #930, .T. ) ;
#4881 = VECTOR ( 'NONE', #9733, 1000.000000000000000 ) ;
#4882 = EDGE_CURVE ( 'NONE', #2908, #2897, #7542, .T. ) ;
#4883 = AXIS2_PLACEMENT_3D ( 'NONE', #9954, #5094, #4380 ) ;
#4884 = CARTESIAN_POINT ( 'NONE',  ( 18.40166797165684898, 2.000000000000000000, 0.8180000000000000604 ) ) ;
#4885 = ORIENTED_EDGE ( 'NONE', *, *, #1379, .F. ) ;
#4886 = CARTESIAN_POINT ( 'NONE',  ( 15.65166797165684898, 2.000000000000000000, -0.01800000000000000211 ) ) ;
#4887 = EDGE_LOOP ( 'NONE', ( #7833, #8529, #6946, #9583 ) ) ;
#4888 = LINE ( 'NONE', #4021, #8319 ) ;
#4889 = VECTOR ( 'NONE', #4540, 1000.000000000000000 ) ;
#4890 = CARTESIAN_POINT ( 'NONE',  ( 11.55166797165682091, 2.000000000000000000, 0.8180000000000000604 ) ) ;
#4891 = PLANE ( 'NONE',  #2410 ) ;
#4892 = COLOUR_RGB ( '',0.7921568627450980005, 0.8196078431372548767, 0.9333333333333333481 ) ;
#4893 = EDGE_LOOP ( 'NONE', ( #8151, #7181, #5608, #7229 ) ) ;
#4894 = CARTESIAN_POINT ( 'NONE',  ( 13.05166797165682091, 0.5500000000000000444, 0.8180000000000000604 ) ) ;
#4895 = VERTEX_POINT ( 'NONE', #216 ) ;
#4896 = PLANE ( 'NONE',  #6463 ) ;
#4897 = VECTOR ( 'NONE', #6882, 1000.000000000000000 ) ;
#4898 = CARTESIAN_POINT ( 'NONE',  ( 19.65166797165684898, 0.5499999999999900524, -0.01800000000000000211 ) ) ;
#4899 = VECTOR ( 'NONE', #4992, 1000.000000000000000 ) ;
#4900 = ORIENTED_EDGE ( 'NONE', *, *, #9364, .T. ) ;
#4901 = CARTESIAN_POINT ( 'NONE',  ( 2.651667971656824996, 0.5500000000000000444, -0.01800000000000000211 ) ) ;
#4902 = DIRECTION ( 'NONE',  ( 0.0000000000000000000, -1.000000000000000000, 0.0000000000000000000 ) ) ;
#4903 = FACE_OUTER_BOUND ( 'NONE', #8513, .T. ) ;
#4904 = DIRECTION ( 'NONE',  ( -1.000000000000000000, 0.0000000000000000000, 0.0000000000000000000 ) ) ;
#4905 = DIRECTION ( 'NONE',  ( 0.0000000000000000000, 0.0000000000000000000, 1.000000000000000000 ) ) ;
#4906 = DIRECTION ( 'NONE',  ( 0.0000000000000000000, -1.000000000000000000, 0.0000000000000000000 ) ) ;
#4907 = VERTEX_POINT ( 'NONE', #5981 ) ;
#4908 = CIRCLE ( 'NONE', #613, 1.749999999999999778 ) ;
#4909 = VERTEX_POINT ( 'NONE', #5880 ) ;
#4910 = VERTEX_POINT ( 'NONE', #5077 ) ;
#4911 = DIRECTION ( 'NONE',  ( -0.0000000000000000000, 1.000000000000000000, 0.0000000000000000000 ) ) ;
#4912 = ORIENTED_EDGE ( 'NONE', *, *, #5203, .T. ) ;
#4913 =( NAMED_UNIT ( * ) SI_UNIT ( $, .STERADIAN. ) SOLID_ANGLE_UNIT ( ) );
#4914 = VECTOR ( 'NONE', #2584, 1000.000000000000000 ) ;
#4915 = CARTESIAN_POINT ( 'NONE',  ( 0.0000000000000000000, 0.0000000000000000000, -0.01800000000000000211 ) ) ;
#4916 = ORIENTED_EDGE ( 'NONE', *, *, #3213, .T. ) ;
#4917 = CARTESIAN_POINT ( 'NONE',  ( 2.901667971656824996, 0.5499999999999929390, 0.8180000000000000604 ) ) ;
#4918 = CARTESIAN_POINT ( 'NONE',  ( 10.55166797165681913, 0.5500000000000000444, 0.8180000000000000604 ) ) ;
#4919 = ADVANCED_FACE ( 'NONE', ( #111 ), #1796, .F. ) ;
#4920 = EDGE_CURVE ( 'NONE', #7543, #8916, #3354, .T. ) ;
#4921 = DIRECTION ( 'NONE',  ( 1.000000000000000000, 0.0000000000000000000, 0.0000000000000000000 ) ) ;
#4922 = EDGE_CURVE ( 'NONE', #9972, #9139, #9879, .T. ) ;
#4923 = LINE ( 'NONE', #10533, #4240 ) ;
#4924 = ORIENTED_EDGE ( 'NONE', *, *, #6510, .T. ) ;
#4925 = EDGE_LOOP ( 'NONE', ( #980, #5032, #4526, #678 ) ) ;
#4926 = CARTESIAN_POINT ( 'NONE',  ( 9.051667971656829792, 2.000000000000000000, 0.8180000000000000604 ) ) ;
#4927 = CARTESIAN_POINT ( 'NONE',  ( 14.30166797165681913, 0.5500000000000000444, 0.0000000000000000000 ) ) ;
#4928 = CARTESIAN_POINT ( 'NONE',  ( 18.65166797165684898, 0.5500000000000000444, -0.01800000000000000211 ) ) ;
#4929 =( NAMED_UNIT ( * ) SI_UNIT ( $, .STERADIAN. ) SOLID_ANGLE_UNIT ( ) );
#4930 = FILL_AREA_STYLE_COLOUR ( '', #1749 ) ;
#4931 = EDGE_CURVE ( 'NONE', #2298, #4401, #2491, .T. ) ;
#4932 = VERTEX_POINT ( 'NONE', #6683 ) ;
#4933 =( NAMED_UNIT ( * ) SI_UNIT ( $, .STERADIAN. ) SOLID_ANGLE_UNIT ( ) );
#4934 = ADVANCED_FACE ( 'NONE', ( #9138, #2544, #981, #4260, #1745, #5822, #9086, #5024, #812, #3459, #6732, #9982, #6786, #4098, #2656, #7389, #10036, #12, #6576, #9826, #1681, #3665, #7808, #6146, #6947, #274, #2760, #2928, #7859, #10307, #8655, #2075 ), #8493, .F. ) ;
#4935 = AXIS2_PLACEMENT_3D ( 'NONE', #7767, #2821, #5940 ) ;
#4936 = DIRECTION ( 'NONE',  ( 0.0000000000000000000, 1.000000000000000000, 0.0000000000000000000 ) ) ;
#4937 = ORIENTED_EDGE ( 'NONE', *, *, #2044, .T. ) ;
#4938 = CARTESIAN_POINT ( 'NONE',  ( 7.801667971656819134, 0.5500000000000000444, -0.01800000000000000211 ) ) ;
#4939 = ORIENTED_EDGE ( 'NONE', *, *, #9671, .T. ) ;
#4940 = LINE ( 'NONE', #2137, #2478 ) ;
#4941 = AXIS2_PLACEMENT_3D ( 'NONE', #728, #5467, #5571 ) ;
#4942 = FACE_OUTER_BOUND ( 'NONE', #1484, .T. ) ;
#4943 = EDGE_CURVE ( 'NONE', #2727, #5611, #10251, .T. ) ;
#4944 = CARTESIAN_POINT ( 'NONE',  ( 2.901667971656824996, 2.000000000000000000, 0.8180000000000000604 ) ) ;
#4945 = DIRECTION ( 'NONE',  ( 0.0000000000000000000, 0.0000000000000000000, 1.000000000000000000 ) ) ;
#4946 = VECTOR ( 'NONE', #1073, 1000.000000000000000 ) ;
#4947 = VERTEX_POINT ( 'NONE', #5229 ) ;
#4948 = CARTESIAN_POINT ( 'NONE',  ( 2.151667971656824996, 2.000000000000000000, 0.0000000000000000000 ) ) ;
#4949 = VERTEX_POINT ( 'NONE', #7645 ) ;
#4950 = AXIS2_PLACEMENT_3D ( 'NONE', #7293, #4717, #3212 ) ;
#4951 = CARTESIAN_POINT ( 'NONE',  ( 2.551667971656824907, 2.000000000000000000, 0.8180000000000000604 ) ) ;
#4952 = VERTEX_POINT ( 'NONE', #1301 ) ;
#4953 = CARTESIAN_POINT ( 'NONE',  ( 8.651667971656829437, 0.5500000000000000444, 0.0000000000000000000 ) ) ;
#4954 = AXIS2_PLACEMENT_3D ( 'NONE', #8575, #7780, #9213 ) ;
#4955 = DIRECTION ( 'NONE',  ( -1.000000000000000000, 0.0000000000000000000, 0.0000000000000000000 ) ) ;
#4956 = CARTESIAN_POINT ( 'NONE',  ( 2.651667971656824996, 0.5500000000000000444, -0.01800000000000000211 ) ) ;
#4957 = FACE_OUTER_BOUND ( 'NONE', #3928, .T. ) ;
#4958 = EDGE_CURVE ( 'NONE', #8345, #1602, #3559, .T. ) ;
#4959 = PLANE ( 'NONE',  #2069 ) ;
#4960 = FACE_OUTER_BOUND ( 'NONE', #9983, .T. ) ;
#4961 = CARTESIAN_POINT ( 'NONE',  ( 13.55166797165682091, 0.5500000000000000444, 0.8000000000000000444 ) ) ;
#4962 = VECTOR ( 'NONE', #6149, 1000.000000000000000 ) ;
#4963 = ORIENTED_EDGE ( 'NONE', *, *, #646, .F. ) ;
#4964 = VECTOR ( 'NONE', #6267, 1000.000000000000000 ) ;
#4965 = AXIS2_PLACEMENT_3D ( 'NONE', #4886, #7097, #539 ) ;
#4966 = ORIENTED_EDGE ( 'NONE', *, *, #10506, .F. ) ;
#4967 = VERTEX_POINT ( 'NONE', #9399 ) ;
#4968 = DIRECTION ( 'NONE',  ( 0.0000000000000000000, 1.000000000000000000, 0.0000000000000000000 ) ) ;
#4969 = VERTEX_POINT ( 'NONE', #2126 ) ;
#4970 = PLANE ( 'NONE',  #3963 ) ;
#4971 = CARTESIAN_POINT ( 'NONE',  ( 7.051667971656829792, 0.5500000000000000444, 0.8180000000000000604 ) ) ;
#4972 = ORIENTED_EDGE ( 'NONE', *, *, #2646, .T. ) ;
#4973 = LINE ( 'NONE', #6529, #414 ) ;
#4974 = STYLED_ITEM ( 'NONE', ( #3780 ), #2703 ) ;
#4975 = CARTESIAN_POINT ( 'NONE',  ( 19.65166797165684898, 2.000000000000000000, -0.01800000000000000211 ) ) ;
#4976 = AXIS2_PLACEMENT_3D ( 'NONE', #9708, #4633, #6293 ) ;
#4977 = DIRECTION ( 'NONE',  ( -1.000000000000000000, 0.0000000000000000000, 0.0000000000000000000 ) ) ;
#4978 = AXIS2_PLACEMENT_3D ( 'NONE', #9268, #6059, #8415 ) ;
#4979 = CARTESIAN_POINT ( 'NONE',  ( 2.051667971656824907, 2.000000000000000000, 0.8180000000000000604 ) ) ;
#4980 = ORIENTED_EDGE ( 'NONE', *, *, #9326, .T. ) ;
#4981 = EDGE_LOOP ( 'NONE', ( #2443, #9542, #626, #7555 ) ) ;
#4982 = LINE ( 'NONE', #7503, #4782 ) ;
#4983 = EDGE_CURVE ( 'NONE', #10004, #3141, #5341, .T. ) ;
#4984 = DIRECTION ( 'NONE',  ( 1.000000000000000000, 0.0000000000000000000, 0.0000000000000000000 ) ) ;
#4985 = FACE_OUTER_BOUND ( 'NONE', #295, .T. ) ;
#4986 = EDGE_CURVE ( 'NONE', #4502, #636, #496, .T. ) ;
#4987 = VECTOR ( 'NONE', #10253, 1000.000000000000000 ) ;
#4988 = VECTOR ( 'NONE', #10492, 1000.000000000000000 ) ;
#4989 = LINE ( 'NONE', #187, #1228 ) ;
#4990 = ORIENTED_EDGE ( 'NONE', *, *, #7762, .T. ) ;
#4991 = UNCERTAINTY_MEASURE_WITH_UNIT (LENGTH_MEASURE( 1.000000000000000082E-05 ), #8598, 'distance_accuracy_value', 'NONE');
#4992 = DIRECTION ( 'NONE',  ( 1.000000000000000000, 0.0000000000000000000, 0.0000000000000000000 ) ) ;
#4993 = LINE ( 'NONE', #949, #6669 ) ;
#4994 = ORIENTED_EDGE ( 'NONE', *, *, #5129, .F. ) ;
#4995 = VECTOR ( 'NONE', #4843, 1000.000000000000000 ) ;
#4996 = CARTESIAN_POINT ( 'NONE',  ( 15.05166797165684933, 2.000000000000000000, 0.8180000000000000604 ) ) ;
#4997 = VERTEX_POINT ( 'NONE', #7697 ) ;
#4998 = EDGE_CURVE ( 'NONE', #4847, #5088, #2983, .T. ) ;
#4999 = EDGE_CURVE ( 'NONE', #2650, #8077, #1081, .T. ) ;
#5000 = LINE ( 'NONE', #197, #7036 ) ;
#5001 = EDGE_CURVE ( 'NONE', #2353, #8978, #4364, .T. ) ;
#5002 = CARTESIAN_POINT ( 'NONE',  ( 17.55166797165684756, 2.000000000000000000, 0.8180000000000000604 ) ) ;
#5003 = CARTESIAN_POINT ( 'NONE',  ( 16.60166797165684827, 2.899999999999999911, 0.0000000000000000000 ) ) ;
#5004 = VERTEX_POINT ( 'NONE', #1190 ) ;
#5005 = CARTESIAN_POINT ( 'NONE',  ( 15.05166797165684933, 2.000000000000000000, 0.8180000000000000604 ) ) ;
#5006 = MECHANICAL_DESIGN_GEOMETRIC_PRESENTATION_REPRESENTATION (  '', ( #8941 ), #2782 ) ;
#5007 = ORIENTED_EDGE ( 'NONE', *, *, #9598, .T. ) ;
#5008 = LINE ( 'NONE', #96, #4223 ) ;
#5009 = PLANE ( 'NONE',  #3715 ) ;
#5010 = ORIENTED_EDGE ( 'NONE', *, *, #7344, .F. ) ;
#5011 = DIRECTION ( 'NONE',  ( 0.0000000000000000000, 0.0000000000000000000, 1.000000000000000000 ) ) ;
#5012 = CARTESIAN_POINT ( 'NONE',  ( 2.301667971656824907, 2.000000000000000000, -0.01800000000000000211 ) ) ;
#5013 = EDGE_CURVE ( 'NONE', #6277, #5712, #4479, .T. ) ;
#5014 = EDGE_CURVE ( 'NONE', #5668, #5817, #3031, .T. ) ;
#5015 = DIRECTION ( 'NONE',  ( 0.0000000000000000000, -1.000000000000000000, 0.0000000000000000000 ) ) ;
#5016 = LINE ( 'NONE', #6618, #5650 ) ;
#5017 = CARTESIAN_POINT ( 'NONE',  ( 10.90166797165682055, 0.5500000000000000444, 0.8180000000000000604 ) ) ;
#5018 = FACE_OUTER_BOUND ( 'NONE', #5421, .T. ) ;
#5019 = LINE ( 'NONE', #976, #4481 ) ;
#5020 = ORIENTED_EDGE ( 'NONE', *, *, #6912, .F. ) ;
#5021 = EDGE_CURVE ( 'NONE', #3416, #4502, #3190, .T. ) ;
#5022 = ORIENTED_EDGE ( 'NONE', *, *, #3548, .T. ) ;
#5023 = ORIENTED_EDGE ( 'NONE', *, *, #9498, .T. ) ;
#5024 = FACE_BOUND ( 'NONE', #7327, .T. ) ;
#5025 = ORIENTED_EDGE ( 'NONE', *, *, #10230, .T. ) ;
#5026 = CARTESIAN_POINT ( 'NONE',  ( 10.55166797165681913, 2.000000000000000000, 0.8180000000000000604 ) ) ;
#5027 = CARTESIAN_POINT ( 'NONE',  ( 0.004999999999989870186, 79.99000000000000909, 0.0000000000000000000 ) ) ;
#5028 = EDGE_LOOP ( 'NONE', ( #5498, #624, #9460, #4814 ) ) ;
#5029 = PLANE ( 'NONE',  #7649 ) ;
#5030 = DIRECTION ( 'NONE',  ( 1.000000000000000000, 0.0000000000000000000, 0.0000000000000000000 ) ) ;
#5031 = CARTESIAN_POINT ( 'NONE',  ( 9.801667971656820910, 2.000000000000000000, -0.01800000000000000211 ) ) ;
#5032 = ORIENTED_EDGE ( 'NONE', *, *, #6037, .F. ) ;
#5033 = ORIENTED_EDGE ( 'NONE', *, *, #8915, .T. ) ;
#5034 = DIRECTION ( 'NONE',  ( 0.0000000000000000000, -1.000000000000000000, 0.0000000000000000000 ) ) ;
#5035 = CARTESIAN_POINT ( 'NONE',  ( 5.451667971656830147, 0.2999999999999919398, 0.8000000000000000444 ) ) ;
#5036 = DIRECTION ( 'NONE',  ( 1.000000000000000000, 0.0000000000000000000, 0.0000000000000000000 ) ) ;
#5037 = CARTESIAN_POINT ( 'NONE',  ( 0.0000000000000000000, 0.0000000000000000000, -0.01800000000000000211 ) ) ;
#5038 = CARTESIAN_POINT ( 'NONE',  ( 14.30166797165681913, 2.000000000000000000, -0.01800000000000000211 ) ) ;
#5039 = ORIENTED_EDGE ( 'NONE', *, *, #8013, .F. ) ;
#5040 = LINE ( 'NONE', #3376, #5928 ) ;
#5041 = CARTESIAN_POINT ( 'NONE',  ( 18.55166797165685111, 0.5500000000000000444, 0.8180000000000000604 ) ) ;
#5042 = ORIENTED_EDGE ( 'NONE', *, *, #1966, .F. ) ;
#5043 = DIRECTION ( 'NONE',  ( 0.0000000000000000000, 0.0000000000000000000, 1.000000000000000000 ) ) ;
#5044 = EDGE_LOOP ( 'NONE', ( #10400, #9066, #155, #6248 ) ) ;
#5045 = DIRECTION ( 'NONE',  ( 0.0000000000000000000, 0.0000000000000000000, 1.000000000000000000 ) ) ;
#5046 = DIRECTION ( 'NONE',  ( 0.0000000000000000000, 0.0000000000000000000, 1.000000000000000000 ) ) ;
#5047 = CARTESIAN_POINT ( 'NONE',  ( 9.801667971656820910, 2.000000000000000000, -0.01800000000000000211 ) ) ;
#5048 = DIRECTION ( 'NONE',  ( 0.0000000000000000000, 0.0000000000000000000, -1.000000000000000000 ) ) ;
#5049 = VECTOR ( 'NONE', #1852, 1000.000000000000000 ) ;
#5050 = ORIENTED_EDGE ( 'NONE', *, *, #4474, .T. ) ;
#5051 = CARTESIAN_POINT ( 'NONE',  ( 13.05166797165682091, 2.000000000000000000, 0.8180000000000000604 ) ) ;
#5052 = ORIENTED_EDGE ( 'NONE', *, *, #5653, .F. ) ;
#5053 = VECTOR ( 'NONE', #186, 1000.000000000000000 ) ;
#5054 = LINE ( 'NONE', #7469, #6633 ) ;
#5055 = EDGE_CURVE ( 'NONE', #7556, #6046, #701, .T. ) ;
#5056 = ADVANCED_FACE ( 'NONE', ( #10403 ), #551, .F. ) ;
#5057 = ADVANCED_FACE ( 'NONE', ( #5658 ), #7160, .F. ) ;
#5058 = LINE ( 'NONE', #98, #7256 ) ;
#5059 = ORIENTED_EDGE ( 'NONE', *, *, #1731, .T. ) ;
#5060 = VERTEX_POINT ( 'NONE', #1411 ) ;
#5061 = CARTESIAN_POINT ( 'NONE',  ( 6.051667971656829792, 2.000000000000000000, 0.8180000000000000604 ) ) ;
#5062 = AXIS2_PLACEMENT_3D ( 'NONE', #4585, #10088, #7062 ) ;
#5063 = CARTESIAN_POINT ( 'NONE',  ( 11.15166797165682055, 0.5500000000000000444, -0.01800000000000000211 ) ) ;
#5064 = DIRECTION ( 'NONE',  ( 1.000000000000000000, 0.0000000000000000000, 0.0000000000000000000 ) ) ;
#5065 = LINE ( 'NONE', #9926, #10255 ) ;
#5066 = CARTESIAN_POINT ( 'NONE',  ( 13.15166797165682055, 0.5500000000000000444, 0.0000000000000000000 ) ) ;
#5067 = LINE ( 'NONE', #8227, #8051 ) ;
#5068 = DIRECTION ( 'NONE',  ( -0.0000000000000000000, 1.000000000000000000, 0.0000000000000000000 ) ) ;
#5069 = VERTEX_POINT ( 'NONE', #6411 ) ;
#5070 = VECTOR ( 'NONE', #9179, 1000.000000000000000 ) ;
#5071 = ADVANCED_FACE ( 'NONE', ( #8115 ), #6302, .T. ) ;
#5072 = ADVANCED_FACE ( 'NONE', ( #3135 ), #3881, .F. ) ;
#5073 = VECTOR ( 'NONE', #7079, 1000.000000000000000 ) ;
#5074 = ADVANCED_FACE ( 'NONE', ( #2173 ), #7321, .F. ) ;
#5075 = ORIENTED_EDGE ( 'NONE', *, *, #907, .T. ) ;
#5076 = ORIENTED_EDGE ( 'NONE', *, *, #9532, .T. ) ;
#5077 = CARTESIAN_POINT ( 'NONE',  ( 3.051667971656824907, 0.5500000000000000444, 0.8180000000000000604 ) ) ;
#5078 = VERTEX_POINT ( 'NONE', #8069 ) ;
#5079 = FILL_AREA_STYLE ('',( #1798 ) ) ;
#5080 = CARTESIAN_POINT ( 'NONE',  ( 0.0000000000000000000, 0.0000000000000000000, -0.01800000000000000211 ) ) ;
#5081 = VECTOR ( 'NONE', #7931, 1000.000000000000000 ) ;
#5082 = EDGE_CURVE ( 'NONE', #1929, #4873, #10565, .T. ) ;
#5083 = ORIENTED_EDGE ( 'NONE', *, *, #6745, .T. ) ;
#5084 = DIRECTION ( 'NONE',  ( -1.000000000000000000, 0.0000000000000000000, 0.0000000000000000000 ) ) ;
#5085 = CARTESIAN_POINT ( 'NONE',  ( 14.55166797165681913, 2.000000000000000000, 0.8000000000000000444 ) ) ;
#5086 = VECTOR ( 'NONE', #3596, 1000.000000000000000 ) ;
#5087 = FACE_OUTER_BOUND ( 'NONE', #7547, .T. ) ;
#5088 = VERTEX_POINT ( 'NONE', #3985 ) ;
#5089 = ORIENTED_EDGE ( 'NONE', *, *, #8784, .F. ) ;
#5090 = DIRECTION ( 'NONE',  ( 1.000000000000000000, 0.0000000000000000000, 0.0000000000000000000 ) ) ;
#5091 = FACE_OUTER_BOUND ( 'NONE', #5553, .T. ) ;
#5092 = CARTESIAN_POINT ( 'NONE',  ( 1.074999999999999956, 0.2999999999999944933, 0.0000000000000000000 ) ) ;
#5093 = AXIS2_PLACEMENT_3D ( 'NONE', #3847, #6429, #7287 ) ;
#5094 = DIRECTION ( 'NONE',  ( 1.000000000000000000, 0.0000000000000000000, 0.0000000000000000000 ) ) ;
#5095 = CARTESIAN_POINT ( 'NONE',  ( 0.0000000000000000000, 0.0000000000000000000, -0.01800000000000000211 ) ) ;
#5096 = ORIENTED_EDGE ( 'NONE', *, *, #8797, .F. ) ;
#5097 = UNCERTAINTY_MEASURE_WITH_UNIT (LENGTH_MEASURE( 1.000000000000000082E-05 ), #7691, 'distance_accuracy_value', 'NONE');
#5098 =( LENGTH_UNIT ( ) NAMED_UNIT ( * ) SI_UNIT ( .MILLI., .METRE. ) );
#5099 = ORIENTED_EDGE ( 'NONE', *, *, #3934, .T. ) ;
#5100 = CARTESIAN_POINT ( 'NONE',  ( 14.80166797165682091, 2.000000000000000000, -0.01800000000000000211 ) ) ;
#5101 = ORIENTED_EDGE ( 'NONE', *, *, #4332, .T. ) ;
#5102 = DIRECTION ( 'NONE',  ( 1.000000000000000000, 0.0000000000000000000, 0.0000000000000000000 ) ) ;
#5103 = DIRECTION ( 'NONE',  ( 0.0000000000000000000, -1.000000000000000000, 0.0000000000000000000 ) ) ;
#5104 = SURFACE_SIDE_STYLE ('',( #1660 ) ) ;
#5105 = DIRECTION ( 'NONE',  ( 1.000000000000000000, 0.0000000000000000000, 0.0000000000000000000 ) ) ;
#5106 = ORIENTED_EDGE ( 'NONE', *, *, #3226, .F. ) ;
#5107 = CARTESIAN_POINT ( 'NONE',  ( 3.651667971656824996, 2.000000000000000000, -0.01800000000000000211 ) ) ;
#5108 = ORIENTED_EDGE ( 'NONE', *, *, #1042, .F. ) ;
#5109 = VECTOR ( 'NONE', #2557, 1000.000000000000000 ) ;
#5110 = LINE ( 'NONE', #4299, #7491 ) ;
#5111 = DIRECTION ( 'NONE',  ( 0.0000000000000000000, 0.0000000000000000000, 1.000000000000000000 ) ) ;
#5112 = ORIENTED_EDGE ( 'NONE', *, *, #6725, .T. ) ;
#5113 = DIRECTION ( 'NONE',  ( 0.0000000000000000000, -1.000000000000000000, 0.0000000000000000000 ) ) ;
#5114 = DIRECTION ( 'NONE',  ( -1.000000000000000000, 0.0000000000000000000, 0.0000000000000000000 ) ) ;
#5115 = DIRECTION ( 'NONE',  ( 1.000000000000000000, 0.0000000000000000000, 0.0000000000000000000 ) ) ;
#5116 = CARTESIAN_POINT ( 'NONE',  ( 11.05166797165682091, 0.5500000000000000444, 0.8180000000000000604 ) ) ;
#5117 = CARTESIAN_POINT ( 'NONE',  ( 8.051667971656829792, 2.000000000000000000, 0.8000000000000000444 ) ) ;
#5118 = ADVANCED_FACE ( 'NONE', ( #10512 ), #5546, .F. ) ;
#5119 = CARTESIAN_POINT ( 'NONE',  ( 13.80166797165682091, 2.000000000000000000, -0.01800000000000000211 ) ) ;
#5120 = EDGE_CURVE ( 'NONE', #2774, #4018, #9613, .T. ) ;
#5121 = DIRECTION ( 'NONE',  ( 0.0000000000000000000, 0.0000000000000000000, -1.000000000000000000 ) ) ;
#5122 = ORIENTED_EDGE ( 'NONE', *, *, #2111, .F. ) ;
#5123 = ORIENTED_EDGE ( 'NONE', *, *, #1253, .F. ) ;
#5124 = ORIENTED_EDGE ( 'NONE', *, *, #4160, .F. ) ;
#5125 = DIRECTION ( 'NONE',  ( -1.000000000000000000, 0.0000000000000000000, 0.0000000000000000000 ) ) ;
#5126 = ORIENTED_EDGE ( 'NONE', *, *, #6328, .T. ) ;
#5127 = DIRECTION ( 'NONE',  ( 0.0000000000000000000, 0.0000000000000000000, -1.000000000000000000 ) ) ;
#5128 = DIRECTION ( 'NONE',  ( 0.0000000000000000000, 1.000000000000000000, 0.0000000000000000000 ) ) ;
#5129 = EDGE_CURVE ( 'NONE', #8042, #5713, #749, .T. ) ;
#5130 = VECTOR ( 'NONE', #7365, 1000.000000000000000 ) ;
#5131 = EDGE_CURVE ( 'NONE', #713, #884, #8923, .T. ) ;
#5132 = VECTOR ( 'NONE', #405, 1000.000000000000000 ) ;
#5133 = EDGE_CURVE ( 'NONE', #7593, #1054, #1353, .T. ) ;
#5134 = DIRECTION ( 'NONE',  ( 0.0000000000000000000, 0.0000000000000000000, 1.000000000000000000 ) ) ;
#5135 = VERTEX_POINT ( 'NONE', #5493 ) ;
#5136 = VECTOR ( 'NONE', #9751, 1000.000000000000000 ) ;
#5137 = AXIS2_PLACEMENT_3D ( 'NONE', #10467, #601, #9721 ) ;
#5138 = VECTOR ( 'NONE', #8761, 1000.000000000000000 ) ;
#5139 = DIRECTION ( 'NONE',  ( 1.000000000000000000, 0.0000000000000000000, 0.0000000000000000000 ) ) ;
#5140 = VERTEX_POINT ( 'NONE', #2282 ) ;
#5141 = EDGE_LOOP ( 'NONE', ( #5878, #6329, #1901, #741 ) ) ;
#5142 = DIRECTION ( 'NONE',  ( 1.000000000000000000, 0.0000000000000000000, 0.0000000000000000000 ) ) ;
#5143 = EDGE_CURVE ( 'NONE', #4066, #8203, #8820, .T. ) ;
#5144 = LINE ( 'NONE', #4056, #2518 ) ;
#5145 = DIRECTION ( 'NONE',  ( 0.0000000000000000000, 0.0000000000000000000, -1.000000000000000000 ) ) ;
#5146 = VECTOR ( 'NONE', #1011, 1000.000000000000000 ) ;
#5147 = CARTESIAN_POINT ( 'NONE',  ( 0.0000000000000000000, 0.0000000000000000000, -0.01800000000000000211 ) ) ;
#5148 = CARTESIAN_POINT ( 'NONE',  ( 9.250000000000000000, 80.00000000000000000, 0.8009999999999999343 ) ) ;
#5149 = EDGE_LOOP ( 'NONE', ( #6223, #351, #4842, #10276 ) ) ;
#5150 = DIRECTION ( 'NONE',  ( -1.826024711554534899E-16, 1.000000000000000000, 0.0000000000000000000 ) ) ;
#5151 = CARTESIAN_POINT ( 'NONE',  ( 0.004999999999995699725, 79.99000000000000909, 2.149999999999999911 ) ) ;
#5152 = EDGE_CURVE ( 'NONE', #6011, #8386, #651, .T. ) ;
#5153 = ORIENTED_EDGE ( 'NONE', *, *, #3730, .F. ) ;
#5154 = LINE ( 'NONE', #8418, #7176 ) ;
#5155 = VECTOR ( 'NONE', #5745, 1000.000000000000000 ) ;
#5156 = VERTEX_POINT ( 'NONE', #7529 ) ;
#5157 = CARTESIAN_POINT ( 'NONE',  ( 13.55166797165682091, 2.000000000000000000, 0.8180000000000000604 ) ) ;
#5158 = LINE ( 'NONE', #9061, #4115 ) ;
#5159 = DIRECTION ( 'NONE',  ( -0.0000000000000000000, 1.000000000000000000, 0.0000000000000000000 ) ) ;
#5160 = ORIENTED_EDGE ( 'NONE', *, *, #717, .F. ) ;
#5161 = CARTESIAN_POINT ( 'NONE',  ( 11.80166797165682091, 2.000000000000000000, 0.0000000000000000000 ) ) ;
#5162 = ORIENTED_EDGE ( 'NONE', *, *, #6631, .F. ) ;
#5163 = CARTESIAN_POINT ( 'NONE',  ( 20.15166797165684542, 2.000000000000000000, -0.01800000000000000211 ) ) ;
#5164 = AXIS2_PLACEMENT_3D ( 'NONE', #3162, #10441, #2358 ) ;
#5165 = DIRECTION ( 'NONE',  ( 1.000000000000000000, 0.0000000000000000000, 0.0000000000000000000 ) ) ;
#5166 = ORIENTED_EDGE ( 'NONE', *, *, #8180, .F. ) ;
#5167 = PLANE ( 'NONE',  #10055 ) ;
#5168 = LINE ( 'NONE', #3698, #10571 ) ;
#5169 = DIRECTION ( 'NONE',  ( 0.0000000000000000000, -1.000000000000000000, 0.0000000000000000000 ) ) ;
#5170 = STYLED_ITEM ( 'NONE', ( #6734 ), #1718 ) ;
#5171 = AXIS2_PLACEMENT_3D ( 'NONE', #6, #6415, #9668 ) ;
#5172 = CARTESIAN_POINT ( 'NONE',  ( 16.00166797165680066, 3.851859888774469954E-31, 0.8000000000000000444 ) ) ;
#5173 = CARTESIAN_POINT ( 'NONE',  ( 14.30166797165681913, 2.000000000000000000, 0.0000000000000000000 ) ) ;
#5174 = LINE ( 'NONE', #9081, #175 ) ;
#5175 = VERTEX_POINT ( 'NONE', #858 ) ;
#5176 = VECTOR ( 'NONE', #5320, 1000.000000000000000 ) ;
#5177 = ORIENTED_EDGE ( 'NONE', *, *, #8510, .T. ) ;
#5178 = EDGE_CURVE ( 'NONE', #1188, #9382, #102, .T. ) ;
#5179 = ORIENTED_EDGE ( 'NONE', *, *, #4184, .T. ) ;
#5180 = CARTESIAN_POINT ( 'NONE',  ( 18.90166797165684898, 2.000000000000000000, 0.8000000000000000444 ) ) ;
#5181 = EDGE_LOOP ( 'NONE', ( #7656, #4567, #10452, #5951 ) ) ;
#5182 = DIRECTION ( 'NONE',  ( 1.000000000000000000, 0.0000000000000000000, 0.0000000000000000000 ) ) ;
#5183 = DIRECTION ( 'NONE',  ( 0.0000000000000000000, 0.0000000000000000000, 1.000000000000000000 ) ) ;
#5184 = DIRECTION ( 'NONE',  ( 0.0000000000000000000, 0.0000000000000000000, -1.000000000000000000 ) ) ;
#5185 = EDGE_LOOP ( 'NONE', ( #10490, #5784, #10143, #4237 ) ) ;
#5186 = CARTESIAN_POINT ( 'NONE',  ( 6.551667971656830680, 2.000000000000000000, 0.8000000000000000444 ) ) ;
#5187 = EDGE_CURVE ( 'NONE', #675, #689, #3341, .T. ) ;
#5188 = EDGE_CURVE ( 'NONE', #5701, #3050, #9868, .T. ) ;
#5189 = DIRECTION ( 'NONE',  ( 0.0000000000000000000, 0.0000000000000000000, 1.000000000000000000 ) ) ;
#5190 = EDGE_CURVE ( 'NONE', #7569, #9317, #157, .T. ) ;
#5191 = ORIENTED_EDGE ( 'NONE', *, *, #971, .F. ) ;
#5192 = ORIENTED_EDGE ( 'NONE', *, *, #8510, .F. ) ;
#5193 = CARTESIAN_POINT ( 'NONE',  ( 8.401667971656829437, 0.5500000000000000444, 0.8180000000000000604 ) ) ;
#5194 = ADVANCED_FACE ( 'NONE', ( #6564 ), #8324, .T. ) ;
#5195 = CARTESIAN_POINT ( 'NONE',  ( 15.05166797165684933, 2.000000000000000000, 0.8180000000000000604 ) ) ;
#5196 = CARTESIAN_POINT ( 'NONE',  ( 11.65166797165682055, 0.5500000000000000444, 0.0000000000000000000 ) ) ;
#5197 = CARTESIAN_POINT ( 'NONE',  ( 18.55166797165685111, 2.000000000000000000, 0.8180000000000000604 ) ) ;
#5198 = DIRECTION ( 'NONE',  ( -1.000000000000000000, 0.0000000000000000000, 0.0000000000000000000 ) ) ;
#5199 = ORIENTED_EDGE ( 'NONE', *, *, #7558, .F. ) ;
#5200 = PLANE ( 'NONE',  #3692 ) ;
#5201 = EDGE_CURVE ( 'NONE', #9265, #7526, #4143, .T. ) ;
#5202 = DIRECTION ( 'NONE',  ( 0.0000000000000000000, -1.000000000000000000, 0.0000000000000000000 ) ) ;
#5203 = EDGE_CURVE ( 'NONE', #396, #4758, #8966, .T. ) ;
#5204 = ORIENTED_EDGE ( 'NONE', *, *, #9953, .F. ) ;
#5205 = LINE ( 'NONE', #413, #7861 ) ;
#5206 = VERTEX_POINT ( 'NONE', #7375 ) ;
#5207 = CARTESIAN_POINT ( 'NONE',  ( 7.401667971656830325, 2.000000000000000000, 0.8180000000000000604 ) ) ;
#5208 = LINE ( 'NONE', #8467, #4300 ) ;
#5209 = CARTESIAN_POINT ( 'NONE',  ( 19.40166797165684898, 2.000000000000000000, 0.8000000000000000444 ) ) ;
#5210 = ORIENTED_EDGE ( 'NONE', *, *, #3104, .F. ) ;
#5211 = DIRECTION ( 'NONE',  ( 0.0000000000000000000, 1.000000000000000000, 0.0000000000000000000 ) ) ;
#5212 = EDGE_CURVE ( 'NONE', #4947, #436, #800, .T. ) ;
#5213 = VERTEX_POINT ( 'NONE', #9073 ) ;
#5214 = CARTESIAN_POINT ( 'NONE',  ( 2.051667971656824907, 0.5499999999999900524, 0.8000000000000000444 ) ) ;
#5215 = PLANE ( 'NONE',  #1932 ) ;
#5216 = EDGE_LOOP ( 'NONE', ( #8517, #692, #2125, #213 ) ) ;
#5217 = DIRECTION ( 'NONE',  ( 0.0000000000000000000, 0.0000000000000000000, 1.000000000000000000 ) ) ;
#5218 = CARTESIAN_POINT ( 'NONE',  ( 11.05166797165682091, 2.000000000000000000, 0.8000000000000000444 ) ) ;
#5219 = FACE_OUTER_BOUND ( 'NONE', #10265, .T. ) ;
#5220 = FACE_OUTER_BOUND ( 'NONE', #2039, .T. ) ;
#5221 = DIRECTION ( 'NONE',  ( 0.0000000000000000000, 0.0000000000000000000, 1.000000000000000000 ) ) ;
#5222 = CARTESIAN_POINT ( 'NONE',  ( 4.251667971656825529, 2.899999999999999911, 0.0000000000000000000 ) ) ;
#5223 = VERTEX_POINT ( 'NONE', #5012 ) ;
#5224 = AXIS2_PLACEMENT_3D ( 'NONE', #4047, #8034, #7332 ) ;
#5225 = LINE ( 'NONE', #3661, #7718 ) ;
#5226 = ORIENTED_EDGE ( 'NONE', *, *, #1701, .F. ) ;
#5227 = VECTOR ( 'NONE', #3954, 1000.000000000000000 ) ;
#5228 = VERTEX_POINT ( 'NONE', #1836 ) ;
#5229 = CARTESIAN_POINT ( 'NONE',  ( 21.99500000000000099, 4.009999999999999787, 0.8000000000000000444 ) ) ;
#5230 = ORIENTED_EDGE ( 'NONE', *, *, #5919, .F. ) ;
#5231 = CARTESIAN_POINT ( 'NONE',  ( 2.551667971656824907, 2.000000000000000000, 0.8180000000000000604 ) ) ;
#5232 = LINE ( 'NONE', #4483, #5392 ) ;
#5233 = AXIS2_PLACEMENT_3D ( 'NONE', #2824, #2025, #5293 ) ;
#5234 = CARTESIAN_POINT ( 'NONE',  ( 3.151667971656824996, 2.000000000000000000, -0.01800000000000000211 ) ) ;
#5235 = VERTEX_POINT ( 'NONE', #5871 ) ;
#5236 = DIRECTION ( 'NONE',  ( 1.196361017915040028E-15, -1.000000000000000000, 0.0000000000000000000 ) ) ;
#5237 =( GEOMETRIC_REPRESENTATION_CONTEXT ( 3 ) GLOBAL_UNCERTAINTY_ASSIGNED_CONTEXT ( ( #7997 ) ) GLOBAL_UNIT_ASSIGNED_CONTEXT ( ( #4404, #1235, #7633 ) ) REPRESENTATION_CONTEXT ( 'NONE', 'WORKASPACE' ) );
#5238 = CARTESIAN_POINT ( 'NONE',  ( 8.901667971656829437, 2.000000000000000000, 0.8180000000000000604 ) ) ;
#5239 = ORIENTED_EDGE ( 'NONE', *, *, #8521, .T. ) ;
#5240 = DIRECTION ( 'NONE',  ( 0.0000000000000000000, 0.0000000000000000000, 1.000000000000000000 ) ) ;
#5241 = ORIENTED_EDGE ( 'NONE', *, *, #8593, .T. ) ;
#5242 = VECTOR ( 'NONE', #20, 1000.000000000000000 ) ;
#5243 = LINE ( 'NONE', #2087, #5299 ) ;
#5244 = LINE ( 'NONE', #2884, #10159 ) ;
#5245 = CARTESIAN_POINT ( 'NONE',  ( 6.051667971656829792, 0.5500000000000000444, 0.8180000000000000604 ) ) ;
#5246 = EDGE_CURVE ( 'NONE', #8245, #1959, #8223, .T. ) ;
#5247 = ADVANCED_FACE ( 'NONE', ( #7476 ), #2641, .F. ) ;
#5248 = EDGE_CURVE ( 'NONE', #5460, #1777, #2589, .T. ) ;
#5249 = LINE ( 'NONE', #6802, #1617 ) ;
#5250 = LINE ( 'NONE', #2143, #258 ) ;
#5251 = ORIENTED_EDGE ( 'NONE', *, *, #1314, .F. ) ;
#5252 = VECTOR ( 'NONE', #2035, 1000.000000000000000 ) ;
#5253 = CARTESIAN_POINT ( 'NONE',  ( 20.05166797165679782, 2.000000000000000000, 0.8000000000000000444 ) ) ;
#5254 = DIRECTION ( 'NONE',  ( 0.0000000000000000000, 0.0000000000000000000, -1.000000000000000000 ) ) ;
#5255 = VERTEX_POINT ( 'NONE', #6514 ) ;
#5256 = ORIENTED_EDGE ( 'NONE', *, *, #8026, .F. ) ;
#5257 = CARTESIAN_POINT ( 'NONE',  ( 12.65166797165682055, 2.000000000000000000, -0.01800000000000000211 ) ) ;
#5258 = EDGE_LOOP ( 'NONE', ( #6681, #8573, #1038, #7523 ) ) ;
#5259 = AXIS2_PLACEMENT_3D ( 'NONE', #1231, #6233, #8588 ) ;
#5260 = DIRECTION ( 'NONE',  ( 1.000000000000000000, -3.097720492815730124E-16, 0.0000000000000000000 ) ) ;
#5261 = ADVANCED_FACE ( 'NONE', ( #6723 ), #2535, .T. ) ;
#5262 = CARTESIAN_POINT ( 'NONE',  ( 15.05166797165684933, 2.000000000000000000, 0.8000000000000000444 ) ) ;
#5263 = DIRECTION ( 'NONE',  ( 0.0000000000000000000, -1.000000000000000000, 0.0000000000000000000 ) ) ;
#5264 = ORIENTED_EDGE ( 'NONE', *, *, #3154, .F. ) ;
#5265 = EDGE_CURVE ( 'NONE', #2101, #3832, #1615, .T. ) ;
#5266 = AXIS2_PLACEMENT_3D ( 'NONE', #5786, #2460, #7559 ) ;
#5267 = LINE ( 'NONE', #4510, #1403 ) ;
#5268 = ORIENTED_EDGE ( 'NONE', *, *, #8160, .T. ) ;
#5269 = FACE_BOUND ( 'NONE', #3851, .T. ) ;
#5270 = CARTESIAN_POINT ( 'NONE',  ( 2.151667971656824996, 0.5500000000000000444, -0.01800000000000000211 ) ) ;
#5271 = ORIENTED_EDGE ( 'NONE', *, *, #4323, .F. ) ;
#5272 = CARTESIAN_POINT ( 'NONE',  ( 5.451667971656830147, 2.899999999999999911, 0.8000000000000000444 ) ) ;
#5273 = FACE_OUTER_BOUND ( 'NONE', #7349, .T. ) ;
#5274 = CARTESIAN_POINT ( 'NONE',  ( 10.30166797165681913, 0.5500000000000000444, -0.01800000000000000211 ) ) ;
#5275 = CARTESIAN_POINT ( 'NONE',  ( 14.30166797165681913, 2.000000000000000000, -0.01800000000000000211 ) ) ;
#5276 = LINE ( 'NONE', #7909, #1531 ) ;
#5277 = CARTESIAN_POINT ( 'NONE',  ( 7.151667971656830325, 0.5500000000000000444, -0.01800000000000000211 ) ) ;
#5278 = ORIENTED_EDGE ( 'NONE', *, *, #8448, .T. ) ;
#5279 = AXIS2_PLACEMENT_3D ( 'NONE', #3906, #8896, #9692 ) ;
#5280 = CARTESIAN_POINT ( 'NONE',  ( 18.40166797165684898, 2.000000000000000000, 0.8180000000000000604 ) ) ;
#5281 = ORIENTED_EDGE ( 'NONE', *, *, #9890, .T. ) ;
#5282 = AXIS2_PLACEMENT_3D ( 'NONE', #21, #3265, #4052 ) ;
#5283 = VERTEX_POINT ( 'NONE', #8275 ) ;
#5284 = EDGE_CURVE ( 'NONE', #7060, #10433, #8377, .T. ) ;
#5285 = EDGE_LOOP ( 'NONE', ( #7884, #5739, #566, #6450 ) ) ;
#5286 = CARTESIAN_POINT ( 'NONE',  ( 18.55166797165685111, 2.000000000000000000, 0.8180000000000000604 ) ) ;
#5287 = VECTOR ( 'NONE', #2100, 1000.000000000000000 ) ;
#5288 = DIRECTION ( 'NONE',  ( -1.000000000000000000, 0.0000000000000000000, 0.0000000000000000000 ) ) ;
#5289 = ORIENTED_EDGE ( 'NONE', *, *, #3889, .F. ) ;
#5290 = FACE_OUTER_BOUND ( 'NONE', #6128, .T. ) ;
#5291 = PLANE ( 'NONE',  #4591 ) ;
#5292 = EDGE_LOOP ( 'NONE', ( #5908, #135, #10431, #2151 ) ) ;
#5293 = DIRECTION ( 'NONE',  ( 1.000000000000000000, 0.0000000000000000000, 0.0000000000000000000 ) ) ;
#5294 = ORIENTED_EDGE ( 'NONE', *, *, #7938, .T. ) ;
#5295 = DIRECTION ( 'NONE',  ( 0.0000000000000000000, -1.000000000000000000, 0.0000000000000000000 ) ) ;
#5296 = AXIS2_PLACEMENT_3D ( 'NONE', #5417, #3057, #9694 ) ;
#5297 = CARTESIAN_POINT ( 'NONE',  ( 12.65166797165682055, 2.000000000000000000, -0.01800000000000000211 ) ) ;
#5298 = DIRECTION ( 'NONE',  ( -1.000000000000000000, 0.0000000000000000000, 0.0000000000000000000 ) ) ;
#5299 = VECTOR ( 'NONE', #3574, 1000.000000000000000 ) ;
#5300 = CARTESIAN_POINT ( 'NONE',  ( 16.00166797165685040, 2.899999999999999911, 0.8000000000000000444 ) ) ;
#5301 = DIRECTION ( 'NONE',  ( 1.000000000000000000, 0.0000000000000000000, 0.0000000000000000000 ) ) ;
#5302 = LINE ( 'NONE', #1211, #8155 ) ;
#5303 = VECTOR ( 'NONE', #7963, 1000.000000000000000 ) ;
#5304 = ORIENTED_EDGE ( 'NONE', *, *, #4757, .F. ) ;
#5305 = VECTOR ( 'NONE', #4357, 1000.000000000000000 ) ;
#5306 = UNCERTAINTY_MEASURE_WITH_UNIT (LENGTH_MEASURE( 1.000000000000000082E-05 ), #6397, 'distance_accuracy_value', 'NONE');
#5307 = LINE ( 'NONE', #6270, #1809 ) ;
#5308 = DIRECTION ( 'NONE',  ( 0.0000000000000000000, 1.000000000000000000, 0.0000000000000000000 ) ) ;
#5309 = ORIENTED_EDGE ( 'NONE', *, *, #4346, .F. ) ;
#5310 = ORIENTED_EDGE ( 'NONE', *, *, #2363, .F. ) ;
#5311 = CARTESIAN_POINT ( 'NONE',  ( 3.051667971656824907, 0.5500000000000000444, 0.8180000000000000604 ) ) ;
#5312 = EDGE_CURVE ( 'NONE', #3267, #8664, #1022, .T. ) ;
#5313 = ORIENTED_EDGE ( 'NONE', *, *, #2643, .T. ) ;
#5314 = VECTOR ( 'NONE', #7463, 1000.000000000000000 ) ;
#5315 = CARTESIAN_POINT ( 'NONE',  ( 18.65166797165684898, 2.000000000000000000, -0.01800000000000000211 ) ) ;
#5316 = PRESENTATION_LAYER_ASSIGNMENT (  '', '', ( #4806 ) ) ;
#5317 = DIRECTION ( 'NONE',  ( 0.0000000000000000000, 0.0000000000000000000, 1.000000000000000000 ) ) ;
#5318 = DIRECTION ( 'NONE',  ( 0.0000000000000000000, 0.0000000000000000000, -1.000000000000000000 ) ) ;
#5319 = ORIENTED_EDGE ( 'NONE', *, *, #6440, .T. ) ;
#5320 = DIRECTION ( 'NONE',  ( 0.0000000000000000000, 0.0000000000000000000, -1.000000000000000000 ) ) ;
#5321 = VERTEX_POINT ( 'NONE', #7583 ) ;
#5322 = UNCERTAINTY_MEASURE_WITH_UNIT (LENGTH_MEASURE( 1.000000000000000082E-05 ), #1851, 'distance_accuracy_value', 'NONE');
#5323 = CARTESIAN_POINT ( 'NONE',  ( 2.651667971656824996, 2.000000000000000000, 0.0000000000000000000 ) ) ;
#5324 = VECTOR ( 'NONE', #5429, 1000.000000000000000 ) ;
#5325 = CARTESIAN_POINT ( 'NONE',  ( 10.55166797165681913, 0.5500000000000000444, 0.8180000000000000604 ) ) ;
#5326 = EDGE_CURVE ( 'NONE', #9880, #7539, #911, .T. ) ;
#5327 = EDGE_LOOP ( 'NONE', ( #6687, #6807, #4029, #8610 ) ) ;
#5328 = EDGE_CURVE ( 'NONE', #7593, #8172, #1949, .T. ) ;
#5329 = CYLINDRICAL_SURFACE ( 'NONE', #3566, 2.999999999999999112 ) ;
#5330 = ADVANCED_FACE ( 'NONE', ( #3656 ), #6994, .F. ) ;
#5331 = DIRECTION ( 'NONE',  ( 0.0000000000000000000, 0.0000000000000000000, 1.000000000000000000 ) ) ;
#5332 = DIRECTION ( 'NONE',  ( -1.000000000000000000, 0.0000000000000000000, 0.0000000000000000000 ) ) ;
#5333 = PLANE ( 'NONE',  #8591 ) ;
#5334 = AXIS2_PLACEMENT_3D ( 'NONE', #3538, #1993, #8525 ) ;
#5335 = ORIENTED_EDGE ( 'NONE', *, *, #2121, .F. ) ;
#5336 =( NAMED_UNIT ( * ) PLANE_ANGLE_UNIT ( ) SI_UNIT ( $, .RADIAN. ) );
#5337 = EDGE_CURVE ( 'NONE', #4093, #1665, #6023, .T. ) ;
#5338 = ADVANCED_FACE ( 'NONE', ( #1289 ), #7743, .F. ) ;
#5339 = VERTEX_POINT ( 'NONE', #6076 ) ;
#5340 = ORIENTED_EDGE ( 'NONE', *, *, #8335, .T. ) ;
#5341 = LINE ( 'NONE', #1905, #9501 ) ;
#5342 = VERTEX_POINT ( 'NONE', #4575 ) ;
#5343 = DIRECTION ( 'NONE',  ( 0.0000000000000000000, 0.0000000000000000000, 1.000000000000000000 ) ) ;
#5344 = CARTESIAN_POINT ( 'NONE',  ( 21.99500000000000099, 5.200000000000000178, -1.350000000000000089 ) ) ;
#5345 = CARTESIAN_POINT ( 'NONE',  ( 14.00000000000000000, 80.00000000000000000, -0.001000000000000000021 ) ) ;
#5346 = EDGE_LOOP ( 'NONE', ( #8650, #167, #1528, #2342 ) ) ;
#5347 = CARTESIAN_POINT ( 'NONE',  ( 3.051667971656824907, 2.000000000000000000, 0.8180000000000000604 ) ) ;
#5348 = EDGE_CURVE ( 'NONE', #5693, #9382, #8597, .T. ) ;
#5349 = VECTOR ( 'NONE', #4726, 1000.000000000000000 ) ;
#5350 = CARTESIAN_POINT ( 'NONE',  ( 18.15166797165684898, 0.5500000000000000444, -0.01800000000000000211 ) ) ;
#5351 = VERTEX_POINT ( 'NONE', #4466 ) ;
#5352 = CARTESIAN_POINT ( 'NONE',  ( 18.15166797165684898, 2.000000000000000000, 0.0000000000000000000 ) ) ;
#5353 = ORIENTED_EDGE ( 'NONE', *, *, #4592, .T. ) ;
#5354 = DIRECTION ( 'NONE',  ( 0.0000000000000000000, 0.0000000000000000000, -1.000000000000000000 ) ) ;
#5355 = CARTESIAN_POINT ( 'NONE',  ( 7.401667971656830325, 0.5500000000000000444, 0.8000000000000000444 ) ) ;
#5356 = DIRECTION ( 'NONE',  ( 0.0000000000000000000, 1.000000000000000000, 0.0000000000000000000 ) ) ;
#5357 = DIRECTION ( 'NONE',  ( 1.000000000000000000, 0.0000000000000000000, 0.0000000000000000000 ) ) ;
#5358 = DIRECTION ( 'NONE',  ( -1.000000000000000000, 0.0000000000000000000, 0.0000000000000000000 ) ) ;
#5359 = CARTESIAN_POINT ( 'NONE',  ( 12.15166797165682055, 0.5500000000000000444, -0.01800000000000000211 ) ) ;
#5360 = DIRECTION ( 'NONE',  ( 0.0000000000000000000, 0.0000000000000000000, 1.000000000000000000 ) ) ;
#5361 = ORIENTED_EDGE ( 'NONE', *, *, #8260, .F. ) ;
#5362 = EDGE_LOOP ( 'NONE', ( #1762, #8438, #8470, #7679 ) ) ;
#5363 = CARTESIAN_POINT ( 'NONE',  ( 15.30166797165684933, 0.5500000000000000444, 0.0000000000000000000 ) ) ;
#5364 = VERTEX_POINT ( 'NONE', #9388 ) ;
#5365 = PLANE ( 'NONE',  #289 ) ;
#5366 = CARTESIAN_POINT ( 'NONE',  ( 20.92500000000000071, 0.2999999999999944933, 0.8000000000000000444 ) ) ;
#5367 = CARTESIAN_POINT ( 'NONE',  ( 20.05166797165679782, 0.5500000000000000444, 0.8180000000000000604 ) ) ;
#5368 = CARTESIAN_POINT ( 'NONE',  ( 8.051667971656829792, 2.000000000000000000, 0.8180000000000000604 ) ) ;
#5369 = EDGE_LOOP ( 'NONE', ( #9650, #8173, #2147, #6989 ) ) ;
#5370 = CARTESIAN_POINT ( 'NONE',  ( 10.65166797165682055, 2.000000000000000000, -0.01800000000000000211 ) ) ;
#5371 = VERTEX_POINT ( 'NONE', #7850 ) ;
#5372 = DIRECTION ( 'NONE',  ( -1.000000000000000000, 0.0000000000000000000, 0.0000000000000000000 ) ) ;
#5373 = LINE ( 'NONE', #2965, #374 ) ;
#5374 = ORIENTED_EDGE ( 'NONE', *, *, #10084, .T. ) ;
#5375 = LINE ( 'NONE', #3550, #4100 ) ;
#5376 = CARTESIAN_POINT ( 'NONE',  ( 19.15166797165684898, 2.000000000000000000, 0.0000000000000000000 ) ) ;
#5377 = SURFACE_STYLE_USAGE ( .BOTH. , #320 ) ;
#5378 = FILL_AREA_STYLE_COLOUR ( '', #2593 ) ;
#5379 = EDGE_CURVE ( 'NONE', #6834, #6846, #7684, .T. ) ;
#5380 = ADVANCED_FACE ( 'NONE', ( #2115 ), #9333, .F. ) ;
#5381 = ORIENTED_EDGE ( 'NONE', *, *, #5675, .F. ) ;
#5382 = EDGE_CURVE ( 'NONE', #204, #9635, #2695, .T. ) ;
#5383 = DIRECTION ( 'NONE',  ( 0.0000000000000000000, 0.0000000000000000000, 1.000000000000000000 ) ) ;
#5384 = VERTEX_POINT ( 'NONE', #10239 ) ;
#5385 = EDGE_LOOP ( 'NONE', ( #1525, #1729, #2940, #9290, #508, #7194 ) ) ;
#5386 = DIRECTION ( 'NONE',  ( 0.0000000000000000000, 0.0000000000000000000, -1.000000000000000000 ) ) ;
#5387 = CARTESIAN_POINT ( 'NONE',  ( 14.65166797165682055, 2.000000000000000000, -0.01800000000000000211 ) ) ;
#5388 = FILL_AREA_STYLE_COLOUR ( '', #1385 ) ;
#5389 = ADVANCED_FACE ( 'NONE', ( #5273 ), #259, .F. ) ;
#5390 = EDGE_CURVE ( 'NONE', #10562, #7325, #6350, .T. ) ;
#5391 = ORIENTED_EDGE ( 'NONE', *, *, #1512, .F. ) ;
#5392 = VECTOR ( 'NONE', #7759, 1000.000000000000000 ) ;
#5393 = EDGE_CURVE ( 'NONE', #2413, #1188, #8807, .T. ) ;
#5394 = SURFACE_STYLE_FILL_AREA ( #10614 ) ;
#5395 = PRESENTATION_LAYER_ASSIGNMENT (  '', '', ( #9996 ) ) ;
#5396 = DIRECTION ( 'NONE',  ( 0.0000000000000000000, 0.0000000000000000000, -1.000000000000000000 ) ) ;
#5397 = ORIENTED_EDGE ( 'NONE', *, *, #323, .F. ) ;
#5398 = FACE_OUTER_BOUND ( 'NONE', #3039, .T. ) ;
#5399 = ORIENTED_EDGE ( 'NONE', *, *, #3044, .T. ) ;
#5400 = CARTESIAN_POINT ( 'NONE',  ( 21.42500000000000071, 3.500000000000000000, 0.0000000000000000000 ) ) ;
#5401 = AXIS2_PLACEMENT_3D ( 'NONE', #2290, #9730, #661 ) ;
#5402 = CARTESIAN_POINT ( 'NONE',  ( 2.051667971656824907, 2.000000000000000000, 0.8180000000000000604 ) ) ;
#5403 = EDGE_CURVE ( 'NONE', #7486, #4833, #3067, .T. ) ;
#5404 = DIRECTION ( 'NONE',  ( 0.0000000000000000000, 0.0000000000000000000, 1.000000000000000000 ) ) ;
#5405 = LINE ( 'NONE', #616, #2390 ) ;
#5406 = PLANE ( 'NONE',  #6425 ) ;
#5407 = LINE ( 'NONE', #6917, #2860 ) ;
#5408 = CARTESIAN_POINT ( 'NONE',  ( 12.30166797165681913, 0.5500000000000000444, 0.0000000000000000000 ) ) ;
#5409 = VECTOR ( 'NONE', #4087, 1000.000000000000000 ) ;
#5410 = VECTOR ( 'NONE', #9051, 1000.000000000000000 ) ;
#5411 = ORIENTED_EDGE ( 'NONE', *, *, #1256, .F. ) ;
#5412 = EDGE_LOOP ( 'NONE', ( #5022, #9503, #1117, #5569 ) ) ;
#5413 = ORIENTED_EDGE ( 'NONE', *, *, #10338, .F. ) ;
#5414 = LINE ( 'NONE', #10435, #7009 ) ;
#5415 = ORIENTED_EDGE ( 'NONE', *, *, #5780, .T. ) ;
#5416 = FACE_OUTER_BOUND ( 'NONE', #3976, .T. ) ;
#5417 = CARTESIAN_POINT ( 'NONE',  ( 3.401667971656824996, 2.000000000000000000, 0.8180000000000000604 ) ) ;
#5418 = FACE_OUTER_BOUND ( 'NONE', #9539, .T. ) ;
#5419 = ORIENTED_EDGE ( 'NONE', *, *, #4323, .T. ) ;
#5420 = FACE_OUTER_BOUND ( 'NONE', #10123, .T. ) ;
#5421 = EDGE_LOOP ( 'NONE', ( #6614, #10588, #813, #7694 ) ) ;
#5422 = LINE ( 'NONE', #7900, #1306 ) ;
#5423 = VECTOR ( 'NONE', #370, 1000.000000000000000 ) ;
#5424 = CARTESIAN_POINT ( 'NONE',  ( 13.30166797165682091, 0.5500000000000000444, 0.0000000000000000000 ) ) ;
#5425 = ORIENTED_EDGE ( 'NONE', *, *, #5861, .T. ) ;
#5426 = COLOUR_RGB ( '',0.1019607843137254888, 0.1019607843137254888, 0.1019607843137254888 ) ;
#5427 = DIRECTION ( 'NONE',  ( -1.000000000000000000, 0.0000000000000000000, 0.0000000000000000000 ) ) ;
#5428 = DIRECTION ( 'NONE',  ( -1.000000000000000000, 0.0000000000000000000, 0.0000000000000000000 ) ) ;
#5429 = DIRECTION ( 'NONE',  ( 0.0000000000000000000, 0.0000000000000000000, 1.000000000000000000 ) ) ;
#5430 = FILL_AREA_STYLE ('',( #10243 ) ) ;
#5431 = DIRECTION ( 'NONE',  ( 0.0000000000000000000, 0.0000000000000000000, -1.000000000000000000 ) ) ;
#5432 = ORIENTED_EDGE ( 'NONE', *, *, #9521, .F. ) ;
#5433 = FACE_OUTER_BOUND ( 'NONE', #7723, .T. ) ;
#5434 = VERTEX_POINT ( 'NONE', #2271 ) ;
#5435 = ORIENTED_EDGE ( 'NONE', *, *, #6818, .F. ) ;
#5436 = DIRECTION ( 'NONE',  ( 0.0000000000000000000, 0.0000000000000000000, -1.000000000000000000 ) ) ;
#5437 = CARTESIAN_POINT ( 'NONE',  ( 10.65166797165682055, 2.000000000000000000, 0.0000000000000000000 ) ) ;
#5438 = ADVANCED_FACE ( 'NONE', ( #4840 ), #7905, .F. ) ;
#5439 = CARTESIAN_POINT ( 'NONE',  ( 14.00000000000000000, 79.99000000000000909, -0.001000000000000000021 ) ) ;
#5440 = ADVANCED_FACE ( 'NONE', ( #8699 ), #639, .F. ) ;
#5441 =( NAMED_UNIT ( * ) SI_UNIT ( $, .STERADIAN. ) SOLID_ANGLE_UNIT ( ) );
#5442 = ORIENTED_EDGE ( 'NONE', *, *, #7096, .T. ) ;
#5443 = FACE_OUTER_BOUND ( 'NONE', #3554, .T. ) ;
#5444 = VECTOR ( 'NONE', #5396, 1000.000000000000000 ) ;
#5445 = CARTESIAN_POINT ( 'NONE',  ( 19.65166797165684898, 0.5499999999999900524, 0.0000000000000000000 ) ) ;
#5446 = ORIENTED_EDGE ( 'NONE', *, *, #2177, .F. ) ;
#5447 = EDGE_CURVE ( 'NONE', #8287, #3663, #5640, .T. ) ;
#5448 = PLANE ( 'NONE',  #1984 ) ;
#5449 = ORIENTED_EDGE ( 'NONE', *, *, #5248, .F. ) ;
#5450 = VECTOR ( 'NONE', #6279, 1000.000000000000000 ) ;
#5451 = EDGE_CURVE ( 'NONE', #6482, #1157, #3019, .T. ) ;
#5452 = CARTESIAN_POINT ( 'NONE',  ( 11.00000000000000000, 80.00000000000000000, 2.149999999999999911 ) ) ;
#5453 = PLANE ( 'NONE',  #6255 ) ;
#5454 = ADVANCED_FACE ( 'NONE', ( #2214 ), #4632, .T. ) ;
#5455 = PRESENTATION_LAYER_ASSIGNMENT (  '', '', ( #3062 ) ) ;
#5456 = CARTESIAN_POINT ( 'NONE',  ( 14.40166797165682055, 0.5500000000000000444, 0.8000000000000000444 ) ) ;
#5457 = DIRECTION ( 'NONE',  ( 0.0000000000000000000, -1.000000000000000000, 0.0000000000000000000 ) ) ;
#5458 = DIRECTION ( 'NONE',  ( -1.000000000000000000, 0.0000000000000000000, 0.0000000000000000000 ) ) ;
#5459 = AXIS2_PLACEMENT_3D ( 'NONE', #185, #6105, #7775 ) ;
#5460 = VERTEX_POINT ( 'NONE', #2577 ) ;
#5461 = ORIENTED_EDGE ( 'NONE', *, *, #9952, .T. ) ;
#5462 = EDGE_CURVE ( 'NONE', #5701, #5206, #9754, .T. ) ;
#5463 = ORIENTED_EDGE ( 'NONE', *, *, #8037, .F. ) ;
#5464 = CARTESIAN_POINT ( 'NONE',  ( 19.30166797165679782, 2.000000000000000000, -0.01800000000000000211 ) ) ;
#5465 = AXIS2_PLACEMENT_3D ( 'NONE', #2302, #5568, #10536 ) ;
#5466 = ORIENTED_EDGE ( 'NONE', *, *, #9557, .T. ) ;
#5467 = DIRECTION ( 'NONE',  ( 1.000000000000000000, 1.224619232112199784E-16, 0.0000000000000000000 ) ) ;
#5468 = FACE_OUTER_BOUND ( 'NONE', #9433, .T. ) ;
#5469 = VECTOR ( 'NONE', #3079, 1000.000000000000000 ) ;
#5470 = PLANE ( 'NONE',  #5164 ) ;
#5471 = CARTESIAN_POINT ( 'NONE',  ( 13.05166797165682091, 0.5500000000000000444, 0.8180000000000000604 ) ) ;
#5472 = EDGE_LOOP ( 'NONE', ( #10380, #10485, #8061, #8562 ) ) ;
#5473 = ORIENTED_EDGE ( 'NONE', *, *, #780, .F. ) ;
#5474 = VECTOR ( 'NONE', #6347, 1000.000000000000000 ) ;
#5475 = FACE_BOUND ( 'NONE', #3964, .T. ) ;
#5476 = EDGE_CURVE ( 'NONE', #8629, #4286, #897, .T. ) ;
#5477 = LINE ( 'NONE', #8803, #8492 ) ;
#5478 = EDGE_LOOP ( 'NONE', ( #1120, #1114, #7186, #9005 ) ) ;
#5479 = VECTOR ( 'NONE', #10132, 1000.000000000000000 ) ;
#5480 = CARTESIAN_POINT ( 'NONE',  ( 15.05166797165684933, 0.5500000000000000444, 0.8180000000000000604 ) ) ;
#5481 = VECTOR ( 'NONE', #2154, 1000.000000000000000 ) ;
#5482 = CARTESIAN_POINT ( 'NONE',  ( 0.0000000000000000000, 0.0000000000000000000, -0.01800000000000000211 ) ) ;
#5483 = DIRECTION ( 'NONE',  ( 0.0000000000000000000, 0.0000000000000000000, 1.000000000000000000 ) ) ;
#5484 = CARTESIAN_POINT ( 'NONE',  ( 12.55166797165681913, 0.5500000000000000444, 0.8180000000000000604 ) ) ;
#5485 = LINE ( 'NONE', #4689, #6850 ) ;
#5486 = LINE ( 'NONE', #7055, #3966 ) ;
#5487 = VERTEX_POINT ( 'NONE', #2627 ) ;
#5488 = AXIS2_PLACEMENT_3D ( 'NONE', #5798, #7573, #3283 ) ;
#5489 = VECTOR ( 'NONE', #6280, 1000.000000000000000 ) ;
#5490 = CARTESIAN_POINT ( 'NONE',  ( 1.801667971656825129, 0.5500000000000000444, -0.01800000000000000211 ) ) ;
#5491 = VERTEX_POINT ( 'NONE', #9909 ) ;
#5492 = ORIENTED_EDGE ( 'NONE', *, *, #1311, .F. ) ;
#5493 = CARTESIAN_POINT ( 'NONE',  ( 1.074999999999999956, 0.2999999999999944933, 0.8000000000000000444 ) ) ;
#5494 = DIRECTION ( 'NONE',  ( 0.0000000000000000000, -1.000000000000000000, 0.0000000000000000000 ) ) ;
#5495 = MECHANICAL_DESIGN_GEOMETRIC_PRESENTATION_REPRESENTATION (  '', ( #4460 ), #3943 ) ;
#5496 = DIRECTION ( 'NONE',  ( 0.0000000000000000000, 0.0000000000000000000, -1.000000000000000000 ) ) ;
#5497 = DIRECTION ( 'NONE',  ( 1.000000000000000000, 0.0000000000000000000, 0.0000000000000000000 ) ) ;
#5498 = ORIENTED_EDGE ( 'NONE', *, *, #8271, .F. ) ;
#5499 = EDGE_CURVE ( 'NONE', #6895, #4276, #6603, .T. ) ;
#5500 = VECTOR ( 'NONE', #3725, 1000.000000000000000 ) ;
#5501 =( GEOMETRIC_REPRESENTATION_CONTEXT ( 3 ) GLOBAL_UNCERTAINTY_ASSIGNED_CONTEXT ( ( #8198 ) ) GLOBAL_UNIT_ASSIGNED_CONTEXT ( ( #6150, #7760, #5441 ) ) REPRESENTATION_CONTEXT ( 'NONE', 'WORKASPACE' ) );
#5502 = ORIENTED_EDGE ( 'NONE', *, *, #9875, .F. ) ;
#5503 = CARTESIAN_POINT ( 'NONE',  ( 14.15166797165682055, 2.000000000000000000, -0.01800000000000000211 ) ) ;
#5504 = ORIENTED_EDGE ( 'NONE', *, *, #9727, .F. ) ;
#5505 = LINE ( 'NONE', #7173, #8589 ) ;
#5506 = PLANE ( 'NONE',  #8129 ) ;
#5507 = CARTESIAN_POINT ( 'NONE',  ( 0.0000000000000000000, 0.0000000000000000000, -0.01800000000000000211 ) ) ;
#5508 = VECTOR ( 'NONE', #2186, 1000.000000000000000 ) ;
#5509 = AXIS2_PLACEMENT_3D ( 'NONE', #9930, #5068, #435 ) ;
#5510 = LINE ( 'NONE', #8678, #7968 ) ;
#5511 = DIRECTION ( 'NONE',  ( 0.0000000000000000000, -1.000000000000000000, 0.0000000000000000000 ) ) ;
#5512 = EDGE_CURVE ( 'NONE', #5223, #6207, #4888, .T. ) ;
#5513 = EDGE_CURVE ( 'NONE', #7032, #5434, #843, .T. ) ;
#5514 = LINE ( 'NONE', #8735, #3521 ) ;
#5515 = EDGE_CURVE ( 'NONE', #7837, #6088, #1823, .T. ) ;
#5516 = ORIENTED_EDGE ( 'NONE', *, *, #10003, .T. ) ;
#5517 = EDGE_LOOP ( 'NONE', ( #10219, #6309, #8938, #548 ) ) ;
#5518 = EDGE_LOOP ( 'NONE', ( #4201, #4719, #107, #6697 ) ) ;
#5519 = COLOUR_RGB ( '',0.1019607843137254888, 0.1019607843137254888, 0.1019607843137254888 ) ;
#5520 = PLANE ( 'NONE',  #4950 ) ;
#5521 = ORIENTED_EDGE ( 'NONE', *, *, #8797, .T. ) ;
#5522 = PLANE ( 'NONE',  #4941 ) ;
#5523 = PLANE ( 'NONE',  #5296 ) ;
#5524 = FACE_OUTER_BOUND ( 'NONE', #7899, .T. ) ;
#5525 = CARTESIAN_POINT ( 'NONE',  ( 10.15166797165682055, 2.000000000000000000, -0.01800000000000000211 ) ) ;
#5526 = VERTEX_POINT ( 'NONE', #788 ) ;
#5527 =( LENGTH_UNIT ( ) NAMED_UNIT ( * ) SI_UNIT ( .MILLI., .METRE. ) );
#5528 = ADVANCED_FACE ( 'NONE', ( #2524 ), #5904, .F. ) ;
#5529 = EDGE_CURVE ( 'NONE', #1885, #592, #9113, .T. ) ;
#5530 = ORIENTED_EDGE ( 'NONE', *, *, #4060, .F. ) ;
#5531 = FILL_AREA_STYLE_COLOUR ( '', #2866 ) ;
#5532 = EDGE_CURVE ( 'NONE', #10306, #7986, #8957, .T. ) ;
#5533 = LINE ( 'NONE', #9599, #5760 ) ;
#5534 =( GEOMETRIC_REPRESENTATION_CONTEXT ( 3 ) GLOBAL_UNCERTAINTY_ASSIGNED_CONTEXT ( ( #1650 ) ) GLOBAL_UNIT_ASSIGNED_CONTEXT ( ( #10461, #699, #10018 ) ) REPRESENTATION_CONTEXT ( 'NONE', 'WORKASPACE' ) );
#5535 = ORIENTED_EDGE ( 'NONE', *, *, #1377, .F. ) ;
#5536 = LINE ( 'NONE', #6448, #317 ) ;
#5537 = ORIENTED_EDGE ( 'NONE', *, *, #3080, .F. ) ;
#5538 = DIRECTION ( 'NONE',  ( 0.0000000000000000000, 0.0000000000000000000, 1.000000000000000000 ) ) ;
#5539 = ADVANCED_FACE ( 'NONE', ( #4174 ), #9162, .F. ) ;
#5540 = DIRECTION ( 'NONE',  ( 0.0000000000000000000, -1.000000000000000000, 0.0000000000000000000 ) ) ;
#5541 = SURFACE_STYLE_FILL_AREA ( #10555 ) ;
#5542 = DIRECTION ( 'NONE',  ( 0.0000000000000000000, -1.000000000000000000, 0.0000000000000000000 ) ) ;
#5543 = ORIENTED_EDGE ( 'NONE', *, *, #5902, .T. ) ;
#5544 = SURFACE_STYLE_USAGE ( .BOTH. , #10401 ) ;
#5545 = ORIENTED_EDGE ( 'NONE', *, *, #3765, .T. ) ;
#5546 = PLANE ( 'NONE',  #942 ) ;
#5547 = LINE ( 'NONE', #2127, #5869 ) ;
#5548 = DIRECTION ( 'NONE',  ( 1.000000000000000000, 1.196361017915040028E-15, 0.0000000000000000000 ) ) ;
#5549 = LINE ( 'NONE', #9818, #4362 ) ;
#5550 = CARTESIAN_POINT ( 'NONE',  ( 13.05166797165682091, 2.000000000000000000, 0.8180000000000000604 ) ) ;
#5551 = ORIENTED_EDGE ( 'NONE', *, *, #2613, .T. ) ;
#5552 = ORIENTED_EDGE ( 'NONE', *, *, #1302, .T. ) ;
#5553 = EDGE_LOOP ( 'NONE', ( #2758, #10164, #199, #9397 ) ) ;
#5554 = DIRECTION ( 'NONE',  ( 0.0000000000000000000, 1.000000000000000000, 0.0000000000000000000 ) ) ;
#5555 = ORIENTED_EDGE ( 'NONE', *, *, #8673, .F. ) ;
#5556 = PLANE ( 'NONE',  #4134 ) ;
#5557 = LINE ( 'NONE', #2450, #5735 ) ;
#5558 = CARTESIAN_POINT ( 'NONE',  ( 8.651667971656829437, 0.5500000000000000444, 0.0000000000000000000 ) ) ;
#5559 = LINE ( 'NONE', #9820, #3250 ) ;
#5560 = VECTOR ( 'NONE', #8833, 1000.000000000000000 ) ;
#5561 = DIRECTION ( 'NONE',  ( 1.000000000000000000, 0.0000000000000000000, 0.0000000000000000000 ) ) ;
#5562 = CARTESIAN_POINT ( 'NONE',  ( 21.99500000000000099, 79.99000000000000909, 2.149999999999999911 ) ) ;
#5563 = CARTESIAN_POINT ( 'NONE',  ( 21.99500000000000099, 79.99000000000000909, -1.350000000000000089 ) ) ;
#5564 = VECTOR ( 'NONE', #8770, 1000.000000000000000 ) ;
#5565 = VERTEX_POINT ( 'NONE', #7358 ) ;
#5566 = VERTEX_POINT ( 'NONE', #5742 ) ;
#5567 = ORIENTED_EDGE ( 'NONE', *, *, #9454, .F. ) ;
#5568 = DIRECTION ( 'NONE',  ( -0.0000000000000000000, 1.000000000000000000, 0.0000000000000000000 ) ) ;
#5569 = ORIENTED_EDGE ( 'NONE', *, *, #9775, .T. ) ;
#5570 = ADVANCED_FACE ( 'NONE', ( #1658 ), #2422, .F. ) ;
#5571 = DIRECTION ( 'NONE',  ( -1.224619232112199784E-16, 1.000000000000000000, 0.0000000000000000000 ) ) ;
#5572 = EDGE_CURVE ( 'NONE', #6748, #6431, #4940, .T. ) ;
#5573 = LINE ( 'NONE', #9589, #1344 ) ;
#5574 = EDGE_CURVE ( 'NONE', #3050, #8108, #3794, .T. ) ;
#5575 = DIRECTION ( 'NONE',  ( -1.000000000000000000, 0.0000000000000000000, 0.0000000000000000000 ) ) ;
#5576 = DIRECTION ( 'NONE',  ( 0.0000000000000000000, -1.000000000000000000, 0.0000000000000000000 ) ) ;
#5577 = MECHANICAL_DESIGN_GEOMETRIC_PRESENTATION_REPRESENTATION (  '', ( #6604 ), #1458 ) ;
#5578 = ORIENTED_EDGE ( 'NONE', *, *, #6047, .F. ) ;
#5579 = DIRECTION ( 'NONE',  ( 3.946938247220394728E-17, 1.000000000000000000, 0.0000000000000000000 ) ) ;
#5580 = VECTOR ( 'NONE', #4335, 1000.000000000000000 ) ;
#5581 = ORIENTED_EDGE ( 'NONE', *, *, #9509, .T. ) ;
#5582 = CARTESIAN_POINT ( 'NONE',  ( 9.401667971656829437, 2.000000000000000000, 0.8180000000000000604 ) ) ;
#5583 = PLANE ( 'NONE',  #2001 ) ;
#5584 = ORIENTED_EDGE ( 'NONE', *, *, #9049, .T. ) ;
#5585 = DIRECTION ( 'NONE',  ( -1.000000000000000000, 0.0000000000000000000, 0.0000000000000000000 ) ) ;
#5586 = AXIS2_PLACEMENT_3D ( 'NONE', #8872, #4696, #7270 ) ;
#5587 = ORIENTED_EDGE ( 'NONE', *, *, #1572, .F. ) ;
#5588 = PRESENTATION_STYLE_ASSIGNMENT (( #486 ) ) ;
#5589 = ADVANCED_FACE ( 'NONE', ( #10208 ), #1316, .F. ) ;
#5590 = VECTOR ( 'NONE', #5030, 1000.000000000000000 ) ;
#5591 = PRESENTATION_LAYER_ASSIGNMENT (  '', '', ( #1296 ) ) ;
#5592 = PLANE ( 'NONE',  #9247 ) ;
#5593 = ADVANCED_FACE ( 'NONE', ( #3683 ), #7020, .F. ) ;
#5594 = LINE ( 'NONE', #7262, #2244 ) ;
#5595 = SURFACE_SIDE_STYLE ('',( #5541 ) ) ;
#5596 = ORIENTED_EDGE ( 'NONE', *, *, #7303, .F. ) ;
#5597 = DIRECTION ( 'NONE',  ( -1.000000000000000000, 0.0000000000000000000, 0.0000000000000000000 ) ) ;
#5598 = VERTEX_POINT ( 'NONE', #6911 ) ;
#5599 = MECHANICAL_DESIGN_GEOMETRIC_PRESENTATION_REPRESENTATION (  '', ( #1824 ), #619 ) ;
#5600 = DIRECTION ( 'NONE',  ( 1.196361017915040028E-15, 1.000000000000000000, 0.0000000000000000000 ) ) ;
#5601 = ORIENTED_EDGE ( 'NONE', *, *, #2141, .T. ) ;
#5602 = VECTOR ( 'NONE', #1611, 1000.000000000000000 ) ;
#5603 = CARTESIAN_POINT ( 'NONE',  ( 19.05166797165684756, 2.000000000000000000, 0.8180000000000000604 ) ) ;
#5604 = FACE_OUTER_BOUND ( 'NONE', #181, .T. ) ;
#5605 = LINE ( 'NONE', #7221, #8130 ) ;
#5606 = VECTOR ( 'NONE', #948, 1000.000000000000000 ) ;
#5607 = CARTESIAN_POINT ( 'NONE',  ( 8.651667971656829437, 2.000000000000000000, 0.0000000000000000000 ) ) ;
#5608 = ORIENTED_EDGE ( 'NONE', *, *, #6900, .F. ) ;
#5609 = ADVANCED_FACE ( 'NONE', ( #1148 ), #8566, .F. ) ;
#5610 = VERTEX_POINT ( 'NONE', #7873 ) ;
#5611 = VERTEX_POINT ( 'NONE', #3738 ) ;
#5612 = DIRECTION ( 'NONE',  ( 0.0000000000000000000, -1.000000000000000000, 0.0000000000000000000 ) ) ;
#5613 = ORIENTED_EDGE ( 'NONE', *, *, #8180, .T. ) ;
#5614 = DIRECTION ( 'NONE',  ( 1.000000000000000000, 0.0000000000000000000, 0.0000000000000000000 ) ) ;
#5615 = CARTESIAN_POINT ( 'NONE',  ( 20.92500000000000071, -3.851859888774469954E-31, 0.1091910702798599975 ) ) ;
#5616 = CARTESIAN_POINT ( 'NONE',  ( 5.451667971656830147, -9.629649721936179265E-32, 0.6908089297201439605 ) ) ;
#5617 = AXIS2_PLACEMENT_3D ( 'NONE', #2405, #3367, #7290 ) ;
#5618 = CARTESIAN_POINT ( 'NONE',  ( 2.051667971656824907, 2.000000000000000000, 0.8000000000000000444 ) ) ;
#5619 = FILL_AREA_STYLE ('',( #3800 ) ) ;
#5620 = CARTESIAN_POINT ( 'NONE',  ( 4.851667971656830503, 2.899999999999999911, 0.0000000000000000000 ) ) ;
#5621 = VECTOR ( 'NONE', #5705, 1000.000000000000000 ) ;
#5622 = VECTOR ( 'NONE', #10561, 1000.000000000000000 ) ;
#5623 = EDGE_LOOP ( 'NONE', ( #4245, #5463, #9714, #6696 ) ) ;
#5624 = ORIENTED_EDGE ( 'NONE', *, *, #3119, .T. ) ;
#5625 = EDGE_LOOP ( 'NONE', ( #10383, #1902, #9658, #1987 ) ) ;
#5626 = DIRECTION ( 'NONE',  ( -1.000000000000000000, 0.0000000000000000000, 0.0000000000000000000 ) ) ;
#5627 = VECTOR ( 'NONE', #5011, 1000.000000000000000 ) ;
#5628 = DIRECTION ( 'NONE',  ( 1.000000000000000000, 0.0000000000000000000, 0.0000000000000000000 ) ) ;
#5629 = CARTESIAN_POINT ( 'NONE',  ( 8.051667971656829792, 0.5500000000000000444, 0.8180000000000000604 ) ) ;
#5630 = CARTESIAN_POINT ( 'NONE',  ( 14.55166797165681913, 0.5500000000000000444, 0.8180000000000000604 ) ) ;
#5631 = CARTESIAN_POINT ( 'NONE',  ( 11.15166797165682055, 0.5500000000000000444, 0.0000000000000000000 ) ) ;
#5632 = LINE ( 'NONE', #4225, #2099 ) ;
#5633 = ORIENTED_EDGE ( 'NONE', *, *, #7344, .T. ) ;
#5634 = VECTOR ( 'NONE', #3418, 1000.000000000000000 ) ;
#5635 = EDGE_CURVE ( 'NONE', #10500, #5976, #10267, .T. ) ;
#5636 = CARTESIAN_POINT ( 'NONE',  ( 2.651667971656824996, 2.000000000000000000, 0.0000000000000000000 ) ) ;
#5637 = ORIENTED_EDGE ( 'NONE', *, *, #3474, .T. ) ;
#5638 = LINE ( 'NONE', #584, #2224 ) ;
#5639 = ORIENTED_EDGE ( 'NONE', *, *, #10005, .F. ) ;
#5640 = LINE ( 'NONE', #10296, #2338 ) ;
#5641 = PRESENTATION_LAYER_ASSIGNMENT (  '', '', ( #3413 ) ) ;
#5642 = DIRECTION ( 'NONE',  ( 1.000000000000000000, 0.0000000000000000000, 0.0000000000000000000 ) ) ;
#5643 = CARTESIAN_POINT ( 'NONE',  ( 12.65166797165682055, 0.5500000000000000444, -0.01800000000000000211 ) ) ;
#5644 = FILL_AREA_STYLE ('',( #3979 ) ) ;
#5645 = ORIENTED_EDGE ( 'NONE', *, *, #860, .F. ) ;
#5646 = CARTESIAN_POINT ( 'NONE',  ( 19.90166797165684542, 2.000000000000000000, 0.8000000000000000444 ) ) ;
#5647 = ORIENTED_EDGE ( 'NONE', *, *, #4184, .F. ) ;
#5648 = CARTESIAN_POINT ( 'NONE',  ( 21.99500000000000099, 79.99000000000000909, 0.0000000000000000000 ) ) ;
#5649 = EDGE_CURVE ( 'NONE', #3211, #3431, #7827, .T. ) ;
#5650 = VECTOR ( 'NONE', #8379, 1000.000000000000000 ) ;
#5651 = EDGE_CURVE ( 'NONE', #6431, #3439, #10166, .T. ) ;
#5652 = VECTOR ( 'NONE', #3577, 1000.000000000000000 ) ;
#5653 = EDGE_CURVE ( 'NONE', #7600, #9217, #7122, .T. ) ;
#5654 = DIRECTION ( 'NONE',  ( -1.000000000000000000, 0.0000000000000000000, 0.0000000000000000000 ) ) ;
#5655 = ORIENTED_EDGE ( 'NONE', *, *, #2616, .T. ) ;
#5656 = CARTESIAN_POINT ( 'NONE',  ( 17.90166797165684898, 2.000000000000000000, 0.8180000000000000604 ) ) ;
#5657 = EDGE_CURVE ( 'NONE', #5790, #10035, #510, .T. ) ;
#5658 = FACE_OUTER_BOUND ( 'NONE', #9474, .T. ) ;
#5659 = CARTESIAN_POINT ( 'NONE',  ( 7.901667971656829437, 2.000000000000000000, 0.8180000000000000604 ) ) ;
#5660 = LINE ( 'NONE', #2228, #3925 ) ;
#5661 = AXIS2_PLACEMENT_3D ( 'NONE', #8278, #10076, #9182 ) ;
#5662 = AXIS2_PLACEMENT_3D ( 'NONE', #1438, #6282, #4832 ) ;
#5663 = LINE ( 'NONE', #7432, #4659 ) ;
#5664 = VERTEX_POINT ( 'NONE', #5355 ) ;
#5665 = ADVANCED_FACE ( 'NONE', ( #3043 ), #10319, .F. ) ;
#5666 = ADVANCED_FACE ( 'NONE', ( #6317 ), #2994, .F. ) ;
#5667 = ADVANCED_FACE ( 'NONE', ( #2187 ), #5453, .F. ) ;
#5668 = VERTEX_POINT ( 'NONE', #400 ) ;
#5669 = AXIS2_PLACEMENT_3D ( 'NONE', #3825, #9493, #7100 ) ;
#5670 = EDGE_LOOP ( 'NONE', ( #8684, #3960, #5391, #7946 ) ) ;
#5671 = DIRECTION ( 'NONE',  ( 1.000000000000000000, -3.097720492815730124E-16, 0.0000000000000000000 ) ) ;
#5672 = ORIENTED_EDGE ( 'NONE', *, *, #10084, .F. ) ;
#5673 = FILL_AREA_STYLE_COLOUR ( '', #6025 ) ;
#5674 = FACE_OUTER_BOUND ( 'NONE', #2626, .T. ) ;
#5675 = EDGE_CURVE ( 'NONE', #6954, #9396, #6966, .T. ) ;
#5676 = LINE ( 'NONE', #669, #9833 ) ;
#5677 = CARTESIAN_POINT ( 'NONE',  ( 13.75000000000000000, 80.00000000000000000, 0.8009999999999999343 ) ) ;
#5678 = VECTOR ( 'NONE', #8899, 1000.000000000000000 ) ;
#5679 = LINE ( 'NONE', #3957, #4738 ) ;
#5680 = DIRECTION ( 'NONE',  ( -1.000000000000000000, 0.0000000000000000000, 0.0000000000000000000 ) ) ;
#5681 = EDGE_LOOP ( 'NONE', ( #798, #952, #4218, #8743 ) ) ;
#5682 = ORIENTED_EDGE ( 'NONE', *, *, #8810, .T. ) ;
#5683 = DIRECTION ( 'NONE',  ( -0.0000000000000000000, 1.000000000000000000, 0.0000000000000000000 ) ) ;
#5684 = VECTOR ( 'NONE', #2346, 1000.000000000000000 ) ;
#5685 = VECTOR ( 'NONE', #6081, 1000.000000000000000 ) ;
#5686 = CARTESIAN_POINT ( 'NONE',  ( 9.801667971656820910, 0.5500000000000000444, 0.0000000000000000000 ) ) ;
#5687 = DIRECTION ( 'NONE',  ( 0.0000000000000000000, 0.0000000000000000000, -1.000000000000000000 ) ) ;
#5688 = FILL_AREA_STYLE ('',( #7251 ) ) ;
#5689 = ORIENTED_EDGE ( 'NONE', *, *, #5738, .F. ) ;
#5690 = FACE_BOUND ( 'NONE', #4561, .T. ) ;
#5691 = VECTOR ( 'NONE', #6930, 1000.000000000000000 ) ;
#5692 = CARTESIAN_POINT ( 'NONE',  ( 10.65166797165682055, 0.5500000000000000444, 0.0000000000000000000 ) ) ;
#5693 = VERTEX_POINT ( 'NONE', #7715 ) ;
#5694 = CARTESIAN_POINT ( 'NONE',  ( 16.00166797165685040, 2.899999999999999911, 0.0000000000000000000 ) ) ;
#5695 = ORIENTED_EDGE ( 'NONE', *, *, #6531, .T. ) ;
#5696 = SURFACE_STYLE_USAGE ( .BOTH. , #8206 ) ;
#5697 = FACE_OUTER_BOUND ( 'NONE', #2599, .T. ) ;
#5698 = FACE_OUTER_BOUND ( 'NONE', #3117, .T. ) ;
#5699 = ORIENTED_EDGE ( 'NONE', *, *, #6192, .T. ) ;
#5700 = DIRECTION ( 'NONE',  ( 0.0000000000000000000, -1.000000000000000000, 0.0000000000000000000 ) ) ;
#5701 = VERTEX_POINT ( 'NONE', #2883 ) ;
#5702 = DIRECTION ( 'NONE',  ( 0.0000000000000000000, 0.0000000000000000000, -1.000000000000000000 ) ) ;
#5703 = EDGE_LOOP ( 'NONE', ( #7509, #10057, #5647, #9106 ) ) ;
#5704 = DIRECTION ( 'NONE',  ( 0.0000000000000000000, 0.0000000000000000000, 1.000000000000000000 ) ) ;
#5705 = DIRECTION ( 'NONE',  ( 1.752245935330099997E-15, 1.000000000000000000, 0.0000000000000000000 ) ) ;
#5706 = PLANE ( 'NONE',  #4797 ) ;
#5707 = ADVANCED_FACE ( 'NONE', ( #6160 ), #344, .F. ) ;
#5708 = PLANE ( 'NONE',  #7451 ) ;
#5709 = EDGE_CURVE ( 'NONE', #3159, #2817, #7976, .T. ) ;
#5710 = EDGE_CURVE ( 'NONE', #1959, #6511, #7392, .T. ) ;
#5711 = DIRECTION ( 'NONE',  ( 1.224619232112199784E-16, -1.000000000000000000, 0.0000000000000000000 ) ) ;
#5712 = VERTEX_POINT ( 'NONE', #3094 ) ;
#5713 = VERTEX_POINT ( 'NONE', #7280 ) ;
#5714 = EDGE_LOOP ( 'NONE', ( #10456, #8147, #7425, #6784 ) ) ;
#5715 = PLANE ( 'NONE',  #5401 ) ;
#5716 = EDGE_LOOP ( 'NONE', ( #4939, #7823, #5264, #5926 ) ) ;
#5717 = PRESENTATION_STYLE_ASSIGNMENT (( #7441 ) ) ;
#5718 = LINE ( 'NONE', #9679, #6597 ) ;
#5719 = ADVANCED_FACE ( 'NONE', ( #666 ), #614, .F. ) ;
#5720 = ADVANCED_FACE ( 'NONE', ( #4862 ), #5506, .T. ) ;
#5721 = LINE ( 'NONE', #10481, #5227 ) ;
#5722 = DIRECTION ( 'NONE',  ( 0.0000000000000000000, 0.0000000000000000000, 1.000000000000000000 ) ) ;
#5723 = DIRECTION ( 'NONE',  ( -1.000000000000000000, 0.0000000000000000000, 0.0000000000000000000 ) ) ;
#5724 = DIRECTION ( 'NONE',  ( -1.000000000000000000, 0.0000000000000000000, 0.0000000000000000000 ) ) ;
#5725 = EDGE_CURVE ( 'NONE', #7139, #5995, #8177, .T. ) ;
#5726 = ORIENTED_EDGE ( 'NONE', *, *, #2643, .F. ) ;
#5727 = ORIENTED_EDGE ( 'NONE', *, *, #10299, .F. ) ;
#5728 = LINE ( 'NONE', #8294, #3576 ) ;
#5729 = DIRECTION ( 'NONE',  ( 5.621058101653419344E-16, 0.9396926207859108704, 0.3420201433256619405 ) ) ;
#5730 = PLANE ( 'NONE',  #1522 ) ;
#5731 = FACE_OUTER_BOUND ( 'NONE', #781, .T. ) ;
#5732 = ORIENTED_EDGE ( 'NONE', *, *, #7810, .T. ) ;
#5733 = UNCERTAINTY_MEASURE_WITH_UNIT (LENGTH_MEASURE( 1.000000000000000082E-05 ), #8367, 'distance_accuracy_value', 'NONE');
#5734 = SURFACE_STYLE_FILL_AREA ( #4728 ) ;
#5735 = VECTOR ( 'NONE', #7232, 1000.000000000000000 ) ;
#5736 = VECTOR ( 'NONE', #133, 1000.000000000000000 ) ;
#5737 = DIRECTION ( 'NONE',  ( 0.0000000000000000000, 0.0000000000000000000, -1.000000000000000000 ) ) ;
#5738 = EDGE_CURVE ( 'NONE', #2776, #3369, #6579, .T. ) ;
#5739 = ORIENTED_EDGE ( 'NONE', *, *, #6556, .F. ) ;
#5740 = DIRECTION ( 'NONE',  ( 0.0000000000000000000, 1.000000000000000000, 0.0000000000000000000 ) ) ;
#5741 = VERTEX_POINT ( 'NONE', #2241 ) ;
#5742 = CARTESIAN_POINT ( 'NONE',  ( 7.051667971656829792, 0.5500000000000000444, 0.8180000000000000604 ) ) ;
#5743 = VECTOR ( 'NONE', #4418, 1000.000000000000000 ) ;
#5744 = DIRECTION ( 'NONE',  ( -1.000000000000000000, 0.0000000000000000000, 0.0000000000000000000 ) ) ;
#5745 = DIRECTION ( 'NONE',  ( 0.0000000000000000000, 0.0000000000000000000, 1.000000000000000000 ) ) ;
#5746 = FACE_OUTER_BOUND ( 'NONE', #9098, .T. ) ;
#5747 = AXIS2_PLACEMENT_3D ( 'NONE', #1087, #931, #4371 ) ;
#5748 = ORIENTED_EDGE ( 'NONE', *, *, #7969, .F. ) ;
#5749 = DIRECTION ( 'NONE',  ( 1.000000000000000000, 0.0000000000000000000, 0.0000000000000000000 ) ) ;
#5750 = ORIENTED_EDGE ( 'NONE', *, *, #10473, .F. ) ;
#5751 = DIRECTION ( 'NONE',  ( 1.000000000000000000, 0.0000000000000000000, 0.0000000000000000000 ) ) ;
#5752 = VECTOR ( 'NONE', #206, 1000.000000000000000 ) ;
#5753 = CARTESIAN_POINT ( 'NONE',  ( 8.801667971656820910, 2.000000000000000000, -0.01800000000000000211 ) ) ;
#5754 = VECTOR ( 'NONE', #10531, 1000.000000000000000 ) ;
#5755 = ORIENTED_EDGE ( 'NONE', *, *, #5082, .F. ) ;
#5756 = PLANE ( 'NONE',  #9043 ) ;
#5757 = DIRECTION ( 'NONE',  ( 0.0000000000000000000, 0.0000000000000000000, 1.000000000000000000 ) ) ;
#5758 = LINE ( 'NONE', #801, #9084 ) ;
#5759 = DIRECTION ( 'NONE',  ( 0.0000000000000000000, 0.0000000000000000000, 1.000000000000000000 ) ) ;
#5760 = VECTOR ( 'NONE', #688, 1000.000000000000000 ) ;
#5761 = FILL_AREA_STYLE ('',( #2647 ) ) ;
#5762 = DIRECTION ( 'NONE',  ( 1.000000000000000000, 0.0000000000000000000, 0.0000000000000000000 ) ) ;
#5763 = LINE ( 'NONE', #4853, #2266 ) ;
#5764 = ORIENTED_EDGE ( 'NONE', *, *, #655, .T. ) ;
#5765 = AXIS2_PLACEMENT_3D ( 'NONE', #3579, #407, #3688 ) ;
#5766 = EDGE_CURVE ( 'NONE', #4425, #1710, #3259, .T. ) ;
#5767 = ORIENTED_EDGE ( 'NONE', *, *, #2179, .F. ) ;
#5768 = EDGE_CURVE ( 'NONE', #8664, #6834, #2293, .T. ) ;
#5769 = ORIENTED_EDGE ( 'NONE', *, *, #4745, .F. ) ;
#5770 = LINE ( 'NONE', #7488, #3177 ) ;
#5771 = EDGE_LOOP ( 'NONE', ( #2076, #9056, #1090, #2018 ) ) ;
#5772 = CARTESIAN_POINT ( 'NONE',  ( 13.80166797165682091, 0.5500000000000000444, -0.01800000000000000211 ) ) ;
#5773 = DIRECTION ( 'NONE',  ( 1.000000000000000000, -3.097720492815730124E-16, 0.0000000000000000000 ) ) ;
#5774 = AXIS2_PLACEMENT_3D ( 'NONE', #3420, #9150, #5836 ) ;
#5775 = ORIENTED_EDGE ( 'NONE', *, *, #5188, .F. ) ;
#5776 = LINE ( 'NONE', #1633, #8297 ) ;
#5777 = LINE ( 'NONE', #8132, #10532 ) ;
#5778 = CARTESIAN_POINT ( 'NONE',  ( 7.051667971656829792, 0.5500000000000000444, 0.8000000000000000444 ) ) ;
#5779 = EDGE_CURVE ( 'NONE', #5088, #29, #5557, .T. ) ;
#5780 = EDGE_CURVE ( 'NONE', #787, #10031, #8781, .T. ) ;
#5781 = FILL_AREA_STYLE ('',( #935 ) ) ;
#5782 = EDGE_CURVE ( 'NONE', #10462, #7856, #10479, .T. ) ;
#5783 = ORIENTED_EDGE ( 'NONE', *, *, #4332, .F. ) ;
#5784 = ORIENTED_EDGE ( 'NONE', *, *, #1769, .F. ) ;
#5785 = PLANE ( 'NONE',  #1687 ) ;
#5786 = CARTESIAN_POINT ( 'NONE',  ( 0.0000000000000000000, 0.0000000000000000000, 0.8180000000000000604 ) ) ;
#5787 = DIRECTION ( 'NONE',  ( 1.000000000000000000, 0.0000000000000000000, 0.0000000000000000000 ) ) ;
#5788 = CARTESIAN_POINT ( 'NONE',  ( 0.5749999999999999556, 4.000000000000000000, 0.0000000000000000000 ) ) ;
#5789 = DIRECTION ( 'NONE',  ( 0.0000000000000000000, -1.000000000000000000, 0.0000000000000000000 ) ) ;
#5790 = VERTEX_POINT ( 'NONE', #715 ) ;
#5791 = LINE ( 'NONE', #5846, #7300 ) ;
#5792 = EDGE_CURVE ( 'NONE', #5140, #5565, #762, .T. ) ;
#5793 = EDGE_CURVE ( 'NONE', #6405, #2194, #4102, .T. ) ;
#5794 = FACE_OUTER_BOUND ( 'NONE', #3143, .T. ) ;
#5795 = ORIENTED_EDGE ( 'NONE', *, *, #550, .F. ) ;
#5796 = CARTESIAN_POINT ( 'NONE',  ( 13.65166797165682055, 2.000000000000000000, 0.0000000000000000000 ) ) ;
#5797 = VERTEX_POINT ( 'NONE', #6422 ) ;
#5798 = CARTESIAN_POINT ( 'NONE',  ( 11.00000000000000000, 80.00000000000000000, 0.8009999999999999343 ) ) ;
#5799 = DIRECTION ( 'NONE',  ( 1.000000000000000000, 4.563815034092980005E-32, 0.0000000000000000000 ) ) ;
#5800 = DIRECTION ( 'NONE',  ( 1.000000000000000000, 0.0000000000000000000, 0.0000000000000000000 ) ) ;
#5801 = ORIENTED_EDGE ( 'NONE', *, *, #4757, .T. ) ;
#5802 = CARTESIAN_POINT ( 'NONE',  ( 1.074999999999999956, 0.0000000000000000000, 0.8000000000000000444 ) ) ;
#5803 = EDGE_CURVE ( 'NONE', #7211, #1299, #5718, .T. ) ;
#5804 = EDGE_LOOP ( 'NONE', ( #9354, #10250, #5990, #8359 ) ) ;
#5805 = LINE ( 'NONE', #3492, #5939 ) ;
#5806 = VERTEX_POINT ( 'NONE', #1631 ) ;
#5807 = DIRECTION ( 'NONE',  ( 1.000000000000000000, 0.0000000000000000000, 0.0000000000000000000 ) ) ;
#5808 = VECTOR ( 'NONE', #4936, 1000.000000000000000 ) ;
#5809 = DIRECTION ( 'NONE',  ( 1.000000000000000000, 0.0000000000000000000, 0.0000000000000000000 ) ) ;
#5810 = DIRECTION ( 'NONE',  ( -1.000000000000000000, 0.0000000000000000000, 0.0000000000000000000 ) ) ;
#5811 = VECTOR ( 'NONE', #399, 1000.000000000000000 ) ;
#5812 = DIRECTION ( 'NONE',  ( 0.0000000000000000000, 0.0000000000000000000, -1.000000000000000000 ) ) ;
#5813 = DIRECTION ( 'NONE',  ( -1.000000000000000000, 0.0000000000000000000, 0.0000000000000000000 ) ) ;
#5814 = CARTESIAN_POINT ( 'NONE',  ( 10.15166797165682055, 2.000000000000000000, -0.01800000000000000211 ) ) ;
#5815 = LINE ( 'NONE', #1739, #1210 ) ;
#5816 = AXIS2_PLACEMENT_3D ( 'NONE', #5116, #7478, #10027 ) ;
#5817 = VERTEX_POINT ( 'NONE', #5615 ) ;
#5818 = AXIS2_PLACEMENT_3D ( 'NONE', #6028, #4520, #5221 ) ;
#5819 = VECTOR ( 'NONE', #6993, 1000.000000000000000 ) ;
#5820 = ORIENTED_EDGE ( 'NONE', *, *, #7346, .T. ) ;
#5821 = EDGE_LOOP ( 'NONE', ( #4359, #1694, #9097, #8738 ) ) ;
#5822 = FACE_BOUND ( 'NONE', #6922, .T. ) ;
#5823 = VERTEX_POINT ( 'NONE', #8886 ) ;
#5824 = PLANE ( 'NONE',  #9612 ) ;
#5825 = CARTESIAN_POINT ( 'NONE',  ( 5.801667971656820022, 0.5500000000000000444, -0.01800000000000000211 ) ) ;
#5826 = AXIS2_PLACEMENT_3D ( 'NONE', #6182, #4565, #9276 ) ;
#5827 = VERTEX_POINT ( 'NONE', #1532 ) ;
#5828 = PRODUCT_CONTEXT ( 'NONE', #1339, 'mechanical' ) ;
#5829 = LINE ( 'NONE', #1802, #6452 ) ;
#5830 = VECTOR ( 'NONE', #8583, 1000.000000000000000 ) ;
#5831 = CARTESIAN_POINT ( 'NONE',  ( 15.15166797165684898, 0.5500000000000000444, -0.01800000000000000211 ) ) ;
#5832 = VECTOR ( 'NONE', #3641, 1000.000000000000000 ) ;
#5833 = EDGE_LOOP ( 'NONE', ( #10477, #7275, #10193, #1161 ) ) ;
#5834 = VERTEX_POINT ( 'NONE', #3998 ) ;
#5835 = DIRECTION ( 'NONE',  ( 0.0000000000000000000, 0.0000000000000000000, 1.000000000000000000 ) ) ;
#5836 = DIRECTION ( 'NONE',  ( 0.0000000000000000000, -1.000000000000000000, 0.0000000000000000000 ) ) ;
#5837 = PLANE ( 'NONE',  #136 ) ;
#5838 = ADVANCED_FACE ( 'NONE', ( #5674 ), #10526, .F. ) ;
#5839 = VECTOR ( 'NONE', #10468, 1000.000000000000000 ) ;
#5840 = EDGE_CURVE ( 'NONE', #10246, #9210, #1583, .T. ) ;
#5841 = EDGE_CURVE ( 'NONE', #3167, #4647, #8442, .T. ) ;
#5842 = DIRECTION ( 'NONE',  ( -1.000000000000000000, 0.0000000000000000000, 0.0000000000000000000 ) ) ;
#5843 = DIRECTION ( 'NONE',  ( 0.0000000000000000000, 1.000000000000000000, 0.0000000000000000000 ) ) ;
#5844 = ORIENTED_EDGE ( 'NONE', *, *, #10304, .T. ) ;
#5845 = UNCERTAINTY_MEASURE_WITH_UNIT (LENGTH_MEASURE( 1.000000000000000082E-05 ), #9654, 'distance_accuracy_value', 'NONE');
#5846 = CARTESIAN_POINT ( 'NONE',  ( 11.90166797165682055, 2.000000000000000000, 0.8180000000000000604 ) ) ;
#5847 = STYLED_ITEM ( 'NONE', ( #5717 ), #1664 ) ;
#5848 = SURFACE_STYLE_USAGE ( .BOTH. , #2571 ) ;
#5849 = ORIENTED_EDGE ( 'NONE', *, *, #4336, .F. ) ;
#5850 = VECTOR ( 'NONE', #6779, 1000.000000000000000 ) ;
#5851 = CARTESIAN_POINT ( 'NONE',  ( 18.55166797165685111, 0.5500000000000000444, 0.8180000000000000604 ) ) ;
#5852 = ORIENTED_EDGE ( 'NONE', *, *, #9129, .T. ) ;
#5853 = DIRECTION ( 'NONE',  ( -2.990902544787600071E-16, 1.000000000000000000, 0.0000000000000000000 ) ) ;
#5854 = FACE_OUTER_BOUND ( 'NONE', #5181, .T. ) ;
#5855 = EDGE_CURVE ( 'NONE', #8024, #4949, #4264, .T. ) ;
#5856 = EDGE_CURVE ( 'NONE', #5566, #10087, #3562, .T. ) ;
#5857 = CARTESIAN_POINT ( 'NONE',  ( 11.40166797165682055, 0.5500000000000000444, 0.8000000000000000444 ) ) ;
#5858 = CARTESIAN_POINT ( 'NONE',  ( 14.65166797165682055, 0.5500000000000000444, -0.01800000000000000211 ) ) ;
#5859 = EDGE_LOOP ( 'NONE', ( #5241, #1082, #2605, #6948 ) ) ;
#5860 = VECTOR ( 'NONE', #600, 1000.000000000000000 ) ;
#5861 = EDGE_CURVE ( 'NONE', #3893, #2523, #2603, .T. ) ;
#5862 = DIRECTION ( 'NONE',  ( -1.000000000000000000, 0.0000000000000000000, 0.0000000000000000000 ) ) ;
#5863 = VECTOR ( 'NONE', #7624, 1000.000000000000000 ) ;
#5864 = EDGE_LOOP ( 'NONE', ( #1015, #1487, #7541, #6116 ) ) ;
#5865 = DIRECTION ( 'NONE',  ( 0.0000000000000000000, 0.0000000000000000000, -1.000000000000000000 ) ) ;
#5866 = DIRECTION ( 'NONE',  ( -1.000000000000000000, 0.0000000000000000000, 0.0000000000000000000 ) ) ;
#5867 = VERTEX_POINT ( 'NONE', #1036 ) ;
#5868 = DIRECTION ( 'NONE',  ( 1.000000000000000000, 0.0000000000000000000, 0.0000000000000000000 ) ) ;
#5869 = VECTOR ( 'NONE', #9614, 1000.000000000000000 ) ;
#5870 = ADVANCED_FACE ( 'NONE', ( #927 ), #3462, .F. ) ;
#5871 = CARTESIAN_POINT ( 'NONE',  ( 12.30166797165681913, 2.000000000000000000, -0.01800000000000000211 ) ) ;
#5872 = PRESENTATION_LAYER_ASSIGNMENT (  '', '', ( #9108 ) ) ;
#5873 = SURFACE_STYLE_FILL_AREA ( #2644 ) ;
#5874 = LINE ( 'NONE', #862, #499 ) ;
#5875 = CARTESIAN_POINT ( 'NONE',  ( 19.55166797165679782, 2.000000000000000000, 0.8180000000000000604 ) ) ;
#5876 = FACE_OUTER_BOUND ( 'NONE', #1173, .T. ) ;
#5877 = ORIENTED_EDGE ( 'NONE', *, *, #929, .F. ) ;
#5878 = ORIENTED_EDGE ( 'NONE', *, *, #6191, .T. ) ;
#5879 = EDGE_LOOP ( 'NONE', ( #621, #3155, #2278, #8444 ) ) ;
#5880 = CARTESIAN_POINT ( 'NONE',  ( 6.151667971656830325, 2.000000000000000000, -0.01800000000000000211 ) ) ;
#5881 = ORIENTED_EDGE ( 'NONE', *, *, #2820, .F. ) ;
#5882 =( LENGTH_UNIT ( ) NAMED_UNIT ( * ) SI_UNIT ( .MILLI., .METRE. ) );
#5883 = DIRECTION ( 'NONE',  ( 0.0000000000000000000, 0.0000000000000000000, 1.000000000000000000 ) ) ;
#5884 = ORIENTED_EDGE ( 'NONE', *, *, #9532, .F. ) ;
#5885 = CARTESIAN_POINT ( 'NONE',  ( 19.30166797165679782, 2.000000000000000000, -0.01800000000000000211 ) ) ;
#5886 = CARTESIAN_POINT ( 'NONE',  ( 6.301667971656820022, 0.5500000000000000444, 0.0000000000000000000 ) ) ;
#5887 =( NAMED_UNIT ( * ) SI_UNIT ( $, .STERADIAN. ) SOLID_ANGLE_UNIT ( ) );
#5888 = ORIENTED_EDGE ( 'NONE', *, *, #8794, .T. ) ;
#5889 = ORIENTED_EDGE ( 'NONE', *, *, #8605, .T. ) ;
#5890 = DIRECTION ( 'NONE',  ( -1.000000000000000000, 0.0000000000000000000, 0.0000000000000000000 ) ) ;
#5891 = LINE ( 'NONE', #1811, #6636 ) ;
#5892 = LINE ( 'NONE', #3421, #8229 ) ;
#5893 = DIRECTION ( 'NONE',  ( 0.0000000000000000000, 0.0000000000000000000, -1.000000000000000000 ) ) ;
#5894 = DIRECTION ( 'NONE',  ( -1.000000000000000000, 0.0000000000000000000, 0.0000000000000000000 ) ) ;
#5895 = ORIENTED_EDGE ( 'NONE', *, *, #7167, .F. ) ;
#5896 = LINE ( 'NONE', #9849, #10011 ) ;
#5897 = CARTESIAN_POINT ( 'NONE',  ( 11.55166797165682091, 2.000000000000000000, 0.8180000000000000604 ) ) ;
#5898 = EDGE_CURVE ( 'NONE', #2759, #7973, #8393, .T. ) ;
#5899 = ORIENTED_EDGE ( 'NONE', *, *, #3179, .T. ) ;
#5900 = EDGE_CURVE ( 'NONE', #8108, #9717, #8286, .T. ) ;
#5901 = DIRECTION ( 'NONE',  ( 1.000000000000000000, 0.0000000000000000000, 0.0000000000000000000 ) ) ;
#5902 = EDGE_CURVE ( 'NONE', #3355, #9270, #9031, .T. ) ;
#5903 = EDGE_LOOP ( 'NONE', ( #10139, #3611, #9254, #7816 ) ) ;
#5904 = PLANE ( 'NONE',  #7621 ) ;
#5905 = DIRECTION ( 'NONE',  ( 0.0000000000000000000, 1.000000000000000000, 0.0000000000000000000 ) ) ;
#5906 = CARTESIAN_POINT ( 'NONE',  ( 4.251667971656825529, 0.2999999999999944933, 0.8000000000000000444 ) ) ;
#5907 = VECTOR ( 'NONE', #3405, 1000.000000000000000 ) ;
#5908 = ORIENTED_EDGE ( 'NONE', *, *, #1601, .T. ) ;
#5909 = DIRECTION ( 'NONE',  ( 0.0000000000000000000, 0.0000000000000000000, -1.000000000000000000 ) ) ;
#5910 = ORIENTED_EDGE ( 'NONE', *, *, #8271, .T. ) ;
#5911 = MECHANICAL_DESIGN_GEOMETRIC_PRESENTATION_REPRESENTATION (  '', ( #1975 ), #4016 ) ;
#5912 = CARTESIAN_POINT ( 'NONE',  ( 0.5749999999999999556, 4.000000000000000000, 0.8000000000000000444 ) ) ;
#5913 = FILL_AREA_STYLE ('',( #6561 ) ) ;
#5914 = EDGE_CURVE ( 'NONE', #1470, #3573, #4157, .T. ) ;
#5915 = ORIENTED_EDGE ( 'NONE', *, *, #6844, .F. ) ;
#5916 = EDGE_CURVE ( 'NONE', #5321, #5371, #7442, .T. ) ;
#5917 = CARTESIAN_POINT ( 'NONE',  ( 1.551667971656825129, 0.5499999999999860556, 0.8180000000000000604 ) ) ;
#5918 = VECTOR ( 'NONE', #4858, 1000.000000000000000 ) ;
#5919 = EDGE_CURVE ( 'NONE', #3339, #10562, #3510, .T. ) ;
#5920 = CARTESIAN_POINT ( 'NONE',  ( 0.0000000000000000000, 0.0000000000000000000, 0.8180000000000000604 ) ) ;
#5921 =( NAMED_UNIT ( * ) PLANE_ANGLE_UNIT ( ) SI_UNIT ( $, .RADIAN. ) );
#5922 = DIRECTION ( 'NONE',  ( 1.000000000000000000, 0.0000000000000000000, 0.0000000000000000000 ) ) ;
#5923 = CARTESIAN_POINT ( 'NONE',  ( 3.301667971656824907, 2.000000000000000000, -0.01800000000000000211 ) ) ;
#5924 = DIRECTION ( 'NONE',  ( 1.000000000000000000, 0.0000000000000000000, 0.0000000000000000000 ) ) ;
#5925 = CARTESIAN_POINT ( 'NONE',  ( 14.00000000000000000, 79.99000000000000909, -1.350000000000000089 ) ) ;
#5926 = ORIENTED_EDGE ( 'NONE', *, *, #7233, .T. ) ;
#5927 = VECTOR ( 'NONE', #8018, 1000.000000000000000 ) ;
#5928 = VECTOR ( 'NONE', #8199, 1000.000000000000000 ) ;
#5929 = EDGE_LOOP ( 'NONE', ( #3781, #4678, #8804, #2950, #5226, #10289 ) ) ;
#5930 = ORIENTED_EDGE ( 'NONE', *, *, #3949, .F. ) ;
#5931 = LINE ( 'NONE', #1849, #4724 ) ;
#5932 = ORIENTED_EDGE ( 'NONE', *, *, #10313, .T. ) ;
#5933 = FILL_AREA_STYLE ('',( #9401 ) ) ;
#5934 = DIRECTION ( 'NONE',  ( 0.0000000000000000000, -1.000000000000000000, 0.0000000000000000000 ) ) ;
#5935 = COLOUR_RGB ( '',0.1019607843137254888, 0.1019607843137254888, 0.1019607843137254888 ) ;
#5936 = EDGE_LOOP ( 'NONE', ( #2119, #3915, #5996, #4924 ) ) ;
#5937 = DIRECTION ( 'NONE',  ( 1.000000000000000000, 0.0000000000000000000, 0.0000000000000000000 ) ) ;
#5938 = EDGE_CURVE ( 'NONE', #1885, #8287, #6735, .T. ) ;
#5939 = VECTOR ( 'NONE', #4241, 1000.000000000000000 ) ;
#5940 = DIRECTION ( 'NONE',  ( 0.0000000000000000000, 0.0000000000000000000, -1.000000000000000000 ) ) ;
#5941 = VERTEX_POINT ( 'NONE', #7648 ) ;
#5942 = VERTEX_POINT ( 'NONE', #9248 ) ;
#5943 = CARTESIAN_POINT ( 'NONE',  ( 2.151667971656824996, 0.5500000000000000444, 0.0000000000000000000 ) ) ;
#5944 = CARTESIAN_POINT ( 'NONE',  ( 22.00000000000000000, 80.00000000000000000, 0.8000000000000000444 ) ) ;
#5945 = DIRECTION ( 'NONE',  ( 0.0000000000000000000, 0.0000000000000000000, 1.000000000000000000 ) ) ;
#5946 = CARTESIAN_POINT ( 'NONE',  ( 3.901667971656824996, 2.000000000000000000, 0.8180000000000000604 ) ) ;
#5947 = FILL_AREA_STYLE ('',( #4930 ) ) ;
#5948 = VERTEX_POINT ( 'NONE', #9985 ) ;
#5949 = UNCERTAINTY_MEASURE_WITH_UNIT (LENGTH_MEASURE( 1.000000000000000082E-05 ), #1136, 'distance_accuracy_value', 'NONE');
#5950 =( NAMED_UNIT ( * ) SI_UNIT ( $, .STERADIAN. ) SOLID_ANGLE_UNIT ( ) );
#5951 = ORIENTED_EDGE ( 'NONE', *, *, #8871, .T. ) ;
#5952 = PLANE ( 'NONE',  #10424 ) ;
#5953 = ORIENTED_EDGE ( 'NONE', *, *, #4557, .T. ) ;
#5954 = CARTESIAN_POINT ( 'NONE',  ( 6.151667971656830325, 0.5500000000000000444, -0.01800000000000000211 ) ) ;
#5955 = SURFACE_STYLE_USAGE ( .BOTH. , #5104 ) ;
#5956 = SURFACE_STYLE_FILL_AREA ( #2684 ) ;
#5957 = ORIENTED_EDGE ( 'NONE', *, *, #7165, .F. ) ;
#5958 = CARTESIAN_POINT ( 'NONE',  ( 12.15166797165682055, 0.5500000000000000444, -0.01800000000000000211 ) ) ;
#5959 = ORIENTED_EDGE ( 'NONE', *, *, #8086, .F. ) ;
#5960 = AXIS2_PLACEMENT_3D ( 'NONE', #1567, #2937, #1258 ) ;
#5961 = CARTESIAN_POINT ( 'NONE',  ( 6.401667971656830325, 2.000000000000000000, 0.8000000000000000444 ) ) ;
#5962 = EDGE_CURVE ( 'NONE', #7727, #7582, #9882, .T. ) ;
#5963 = LINE ( 'NONE', #1019, #10545 ) ;
#5964 = VERTEX_POINT ( 'NONE', #5825 ) ;
#5965 = MECHANICAL_DESIGN_GEOMETRIC_PRESENTATION_REPRESENTATION (  '', ( #10052 ), #1676 ) ;
#5966 = DIRECTION ( 'NONE',  ( 0.0000000000000000000, 0.0000000000000000000, 1.000000000000000000 ) ) ;
#5967 = FILL_AREA_STYLE_COLOUR ( '', #2846 ) ;
#5968 = FILL_AREA_STYLE_COLOUR ( '', #1853 ) ;
#5969 = DIRECTION ( 'NONE',  ( -1.000000000000000000, 0.0000000000000000000, 0.0000000000000000000 ) ) ;
#5970 = CARTESIAN_POINT ( 'NONE',  ( 10.55166797165681913, 0.5500000000000000444, 0.8180000000000000604 ) ) ;
#5971 = DIRECTION ( 'NONE',  ( 0.0000000000000000000, 0.0000000000000000000, 1.000000000000000000 ) ) ;
#5972 = VECTOR ( 'NONE', #359, 1000.000000000000000 ) ;
#5973 = DIRECTION ( 'NONE',  ( 0.0000000000000000000, 0.0000000000000000000, -1.000000000000000000 ) ) ;
#5974 = EDGE_CURVE ( 'NONE', #9781, #6289, #1748, .T. ) ;
#5975 = EDGE_CURVE ( 'NONE', #10507, #194, #6789, .T. ) ;
#5976 = VERTEX_POINT ( 'NONE', #219 ) ;
#5977 = ADVANCED_FACE ( 'NONE', ( #10039 ), #2495, .F. ) ;
#5978 = ADVANCED_FACE ( 'NONE', ( #1084 ), #9141, .T. ) ;
#5979 = VERTEX_POINT ( 'NONE', #1355 ) ;
#5980 = EDGE_LOOP ( 'NONE', ( #1956, #7307, #302, #3065 ) ) ;
#5981 = CARTESIAN_POINT ( 'NONE',  ( 13.80166797165682091, 2.000000000000000000, 0.0000000000000000000 ) ) ;
#5982 = ORIENTED_EDGE ( 'NONE', *, *, #5499, .T. ) ;
#5983 = FACE_OUTER_BOUND ( 'NONE', #8947, .T. ) ;
#5984 = DIRECTION ( 'NONE',  ( -1.000000000000000000, 0.0000000000000000000, 0.0000000000000000000 ) ) ;
#5985 = AXIS2_PLACEMENT_3D ( 'NONE', #9556, #5496, #653 ) ;
#5986 = VECTOR ( 'NONE', #6968, 1000.000000000000000 ) ;
#5987 = PLANE ( 'NONE',  #7561 ) ;
#5988 = EDGE_CURVE ( 'NONE', #5713, #2908, #9506, .T. ) ;
#5989 = EDGE_CURVE ( 'NONE', #3002, #272, #5232, .T. ) ;
#5990 = ORIENTED_EDGE ( 'NONE', *, *, #9691, .F. ) ;
#5991 = EDGE_CURVE ( 'NONE', #1128, #6375, #2873, .T. ) ;
#5992 = PLANE ( 'NONE',  #1647 ) ;
#5993 = MECHANICAL_DESIGN_GEOMETRIC_PRESENTATION_REPRESENTATION (  '', ( #10593 ), #8392 ) ;
#5994 = CARTESIAN_POINT ( 'NONE',  ( 7.651667971656829437, 2.000000000000000000, -0.01800000000000000211 ) ) ;
#5995 = VERTEX_POINT ( 'NONE', #2020 ) ;
#5996 = ORIENTED_EDGE ( 'NONE', *, *, #55, .F. ) ;
#5997 = FACE_OUTER_BOUND ( 'NONE', #1695, .T. ) ;
#5998 = EDGE_CURVE ( 'NONE', #9511, #9892, #7700, .T. ) ;
#5999 = DIRECTION ( 'NONE',  ( 0.0000000000000000000, -1.000000000000000000, 0.0000000000000000000 ) ) ;
#6000 = CARTESIAN_POINT ( 'NONE',  ( 9.401667971656829437, 2.000000000000000000, 0.8000000000000000444 ) ) ;
#6001 = AXIS2_PLACEMENT_3D ( 'NONE', #2371, #7149, #7261 ) ;
#6002 = VECTOR ( 'NONE', #2359, 1000.000000000000000 ) ;
#6003 = CARTESIAN_POINT ( 'NONE',  ( 9.551667971656829792, 0.5500000000000000444, 0.8180000000000000604 ) ) ;
#6004 = DIRECTION ( 'NONE',  ( -1.000000000000000000, 0.0000000000000000000, 0.0000000000000000000 ) ) ;
#6005 = VERTEX_POINT ( 'NONE', #5387 ) ;
#6006 = LINE ( 'NONE', #31, #5606 ) ;
#6007 = CARTESIAN_POINT ( 'NONE',  ( 1.074999999999999956, 3.500000000000000000, 0.0000000000000000000 ) ) ;
#6008 = VERTEX_POINT ( 'NONE', #7812 ) ;
#6009 = CARTESIAN_POINT ( 'NONE',  ( 14.00000000000000000, 79.00000000000000000, -1.350000000000000089 ) ) ;
#6010 = VECTOR ( 'NONE', #9858, 1000.000000000000000 ) ;
#6011 = VERTEX_POINT ( 'NONE', #6899 ) ;
#6012 = CARTESIAN_POINT ( 'NONE',  ( 8.151667971656829437, 2.000000000000000000, -0.01800000000000000211 ) ) ;
#6013 = CARTESIAN_POINT ( 'NONE',  ( 3.651667971656824996, 0.5500000000000000444, -0.01800000000000000211 ) ) ;
#6014 =( NAMED_UNIT ( * ) SI_UNIT ( $, .STERADIAN. ) SOLID_ANGLE_UNIT ( ) );
#6015 = VERTEX_POINT ( 'NONE', #9347 ) ;
#6016 = DIRECTION ( 'NONE',  ( 1.000000000000000000, -3.946938247220394728E-17, 0.0000000000000000000 ) ) ;
#6017 = ORIENTED_EDGE ( 'NONE', *, *, #5120, .F. ) ;
#6018 = CARTESIAN_POINT ( 'NONE',  ( 1.551667971656825129, 0.5499999999999860556, 0.8180000000000000604 ) ) ;
#6019 = AXIS2_PLACEMENT_3D ( 'NONE', #4422, #4059, #4319 ) ;
#6020 = FACE_OUTER_BOUND ( 'NONE', #6487, .T. ) ;
#6021 = ORIENTED_EDGE ( 'NONE', *, *, #9462, .F. ) ;
#6022 = PRESENTATION_STYLE_ASSIGNMENT (( #428 ) ) ;
#6023 = LINE ( 'NONE', #4353, #78 ) ;
#6024 = DIRECTION ( 'NONE',  ( 1.000000000000000000, -3.097720492815700049E-16, 0.0000000000000000000 ) ) ;
#6025 = COLOUR_RGB ( '',0.1019607843137254888, 0.1019607843137254888, 0.1019607843137254888 ) ;
#6026 = VECTOR ( 'NONE', #1456, 1000.000000000000000 ) ;
#6027 = DIRECTION ( 'NONE',  ( 1.000000000000000000, 0.0000000000000000000, 0.0000000000000000000 ) ) ;
#6028 = CARTESIAN_POINT ( 'NONE',  ( 7.651667971656829437, 2.000000000000000000, -0.01800000000000000211 ) ) ;
#6029 = LINE ( 'NONE', #4254, #7224 ) ;
#6030 = ORIENTED_EDGE ( 'NONE', *, *, #4048, .F. ) ;
#6031 = DIRECTION ( 'NONE',  ( -1.000000000000000000, 4.626155997695749151E-17, 0.0000000000000000000 ) ) ;
#6032 = VECTOR ( 'NONE', #960, 1000.000000000000000 ) ;
#6033 = EDGE_LOOP ( 'NONE', ( #10223, #6534, #8101, #427 ) ) ;
#6034 = VERTEX_POINT ( 'NONE', #388 ) ;
#6035 = ADVANCED_FACE ( 'NONE', ( #8496 ), #1961, .F. ) ;
#6036 = ORIENTED_EDGE ( 'NONE', *, *, #9763, .T. ) ;
#6037 = EDGE_CURVE ( 'NONE', #5834, #9548, #1139, .T. ) ;
#6038 = CARTESIAN_POINT ( 'NONE',  ( 10.55166797165681913, 2.000000000000000000, 0.8180000000000000604 ) ) ;
#6039 = LINE ( 'NONE', #2815, #2555 ) ;
#6040 = ADVANCED_FACE ( 'NONE', ( #4645 ), #8553, .F. ) ;
#6041 = SURFACE_SIDE_STYLE ('',( #8996 ) ) ;
#6042 = VECTOR ( 'NONE', #3914, 1000.000000000000000 ) ;
#6043 = ORIENTED_EDGE ( 'NONE', *, *, #845, .F. ) ;
#6044 = DIRECTION ( 'NONE',  ( 0.0000000000000000000, 1.000000000000000000, 0.0000000000000000000 ) ) ;
#6045 = DIRECTION ( 'NONE',  ( 0.0000000000000000000, 0.0000000000000000000, -1.000000000000000000 ) ) ;
#6046 = VERTEX_POINT ( 'NONE', #10309 ) ;
#6047 = EDGE_CURVE ( 'NONE', #8220, #3944, #4421, .T. ) ;
#6048 = CARTESIAN_POINT ( 'NONE',  ( 14.05166797165682091, 0.5500000000000000444, 0.8000000000000000444 ) ) ;
#6049 = ORIENTED_EDGE ( 'NONE', *, *, #2906, .T. ) ;
#6050 = CARTESIAN_POINT ( 'NONE',  ( 7.551667971656830680, 0.5500000000000000444, 0.8180000000000000604 ) ) ;
#6051 = EDGE_CURVE ( 'NONE', #1431, #10523, #6950, .T. ) ;
#6052 = DIRECTION ( 'NONE',  ( 0.0000000000000000000, 0.0000000000000000000, -1.000000000000000000 ) ) ;
#6053 = CARTESIAN_POINT ( 'NONE',  ( 6.651667971656819667, 2.000000000000000000, 0.0000000000000000000 ) ) ;
#6054 = LINE ( 'NONE', #9310, #1444 ) ;
#6055 = FACE_OUTER_BOUND ( 'NONE', #6925, .T. ) ;
#6056 = ORIENTED_EDGE ( 'NONE', *, *, #1784, .F. ) ;
#6057 = CARTESIAN_POINT ( 'NONE',  ( 19.55166797165679782, 2.000000000000000000, 0.8000000000000000444 ) ) ;
#6058 = EDGE_CURVE ( 'NONE', #3109, #10500, #10197, .T. ) ;
#6059 = DIRECTION ( 'NONE',  ( 1.000000000000000000, -5.981805089575200142E-16, 0.0000000000000000000 ) ) ;
#6060 = ORIENTED_EDGE ( 'NONE', *, *, #7039, .F. ) ;
#6061 = ORIENTED_EDGE ( 'NONE', *, *, #3878, .F. ) ;
#6062 = LINE ( 'NONE', #9319, #5287 ) ;
#6063 = ORIENTED_EDGE ( 'NONE', *, *, #244, .T. ) ;
#6064 = DIRECTION ( 'NONE',  ( -1.000000000000000000, 0.0000000000000000000, 0.0000000000000000000 ) ) ;
#6065 = CARTESIAN_POINT ( 'NONE',  ( 1.298125607096193990E-14, 4.000000000000000000, 0.8000000000000000444 ) ) ;
#6066 = PLANE ( 'NONE',  #2923 ) ;
#6067 = ORIENTED_EDGE ( 'NONE', *, *, #5675, .T. ) ;
#6068 = DIRECTION ( 'NONE',  ( 1.000000000000000000, 0.0000000000000000000, 0.0000000000000000000 ) ) ;
#6069 = ORIENTED_EDGE ( 'NONE', *, *, #8981, .F. ) ;
#6070 = FACE_BOUND ( 'NONE', #1506, .T. ) ;
#6071 = EDGE_CURVE ( 'NONE', #3994, #10149, #6039, .T. ) ;
#6072 = DIRECTION ( 'NONE',  ( 0.0000000000000000000, 0.0000000000000000000, -1.000000000000000000 ) ) ;
#6073 = EDGE_LOOP ( 'NONE', ( #4076, #356, #10443, #7614 ) ) ;
#6074 = DIRECTION ( 'NONE',  ( -1.000000000000000000, 0.0000000000000000000, 0.0000000000000000000 ) ) ;
#6075 = ORIENTED_EDGE ( 'NONE', *, *, #247, .F. ) ;
#6076 = CARTESIAN_POINT ( 'NONE',  ( 6.901667971656829437, 2.000000000000000000, 0.8000000000000000444 ) ) ;
#6077 = PLANE ( 'NONE',  #7360 ) ;
#6078 = LINE ( 'NONE', #3774, #6498 ) ;
#6079 = CARTESIAN_POINT ( 'NONE',  ( 13.40166797165682055, 0.5500000000000000444, 0.8180000000000000604 ) ) ;
#6080 = VECTOR ( 'NONE', #7026, 1000.000000000000000 ) ;
#6081 = DIRECTION ( 'NONE',  ( 0.0000000000000000000, 0.0000000000000000000, -1.000000000000000000 ) ) ;
#6082 = VERTEX_POINT ( 'NONE', #2078 ) ;
#6083 = AXIS2_PLACEMENT_3D ( 'NONE', #5402, #2828, #8621 ) ;
#6084 = SURFACE_STYLE_USAGE ( .BOTH. , #3555 ) ;
#6085 = VERTEX_POINT ( 'NONE', #5344 ) ;
#6086 = EDGE_LOOP ( 'NONE', ( #7129, #1146, #10258, #9185 ) ) ;
#6087 = DIRECTION ( 'NONE',  ( 1.000000000000000000, 0.0000000000000000000, 0.0000000000000000000 ) ) ;
#6088 = VERTEX_POINT ( 'NONE', #9458 ) ;
#6089 = LINE ( 'NONE', #8612, #6165 ) ;
#6090 = AXIS2_PLACEMENT_3D ( 'NONE', #4674, #9697, #3814 ) ;
#6091 = VECTOR ( 'NONE', #236, 1000.000000000000000 ) ;
#6092 = ORIENTED_EDGE ( 'NONE', *, *, #2191, .T. ) ;
#6093 = DIRECTION ( 'NONE',  ( 1.000000000000000000, 0.0000000000000000000, 0.0000000000000000000 ) ) ;
#6094 = PRODUCT_RELATED_PRODUCT_CATEGORY ( 'part', '', ( #6843 ) ) ;
#6095 = EDGE_CURVE ( 'NONE', #3434, #2413, #6089, .T. ) ;
#6096 = COLOUR_RGB ( '',0.1019607843137254888, 0.1019607843137254888, 0.1019607843137254888 ) ;
#6097 = CARTESIAN_POINT ( 'NONE',  ( 13.90166797165682055, 0.5500000000000000444, 0.8180000000000000604 ) ) ;
#6098 = ORIENTED_EDGE ( 'NONE', *, *, #110, .T. ) ;
#6099 = FACE_OUTER_BOUND ( 'NONE', #2877, .T. ) ;
#6100 = ORIENTED_EDGE ( 'NONE', *, *, #3488, .T. ) ;
#6101 = VECTOR ( 'NONE', #7336, 1000.000000000000000 ) ;
#6102 = PLANE ( 'NONE',  #6153 ) ;
#6103 = CARTESIAN_POINT ( 'NONE',  ( 2.151667971656824996, 2.000000000000000000, 0.0000000000000000000 ) ) ;
#6104 = DIRECTION ( 'NONE',  ( 0.0000000000000000000, 0.0000000000000000000, 1.000000000000000000 ) ) ;
#6105 = DIRECTION ( 'NONE',  ( 0.0000000000000000000, 0.0000000000000000000, 1.000000000000000000 ) ) ;
#6106 = VECTOR ( 'NONE', #4513, 1000.000000000000000 ) ;
#6107 = DIRECTION ( 'NONE',  ( 0.0000000000000000000, -1.000000000000000000, 0.0000000000000000000 ) ) ;
#6108 = CARTESIAN_POINT ( 'NONE',  ( 9.051667971656829792, 2.000000000000000000, 0.8180000000000000604 ) ) ;
#6109 = EDGE_CURVE ( 'NONE', #4610, #5817, #4587, .T. ) ;
#6110 = VERTEX_POINT ( 'NONE', #498 ) ;
#6111 = EDGE_CURVE ( 'NONE', #2298, #10041, #2985, .T. ) ;
#6112 = VECTOR ( 'NONE', #5358, 1000.000000000000000 ) ;
#6113 = DIRECTION ( 'NONE',  ( 0.0000000000000000000, 0.0000000000000000000, 1.000000000000000000 ) ) ;
#6114 = EDGE_CURVE ( 'NONE', #8630, #522, #2175, .T. ) ;
#6115 = CARTESIAN_POINT ( 'NONE',  ( 9.651667971656820555, 0.5500000000000000444, -0.01800000000000000211 ) ) ;
#6116 = ORIENTED_EDGE ( 'NONE', *, *, #9077, .F. ) ;
#6117 = ORIENTED_EDGE ( 'NONE', *, *, #711, .T. ) ;
#6118 = DIRECTION ( 'NONE',  ( 0.0000000000000000000, 0.0000000000000000000, -1.000000000000000000 ) ) ;
#6119 = ORIENTED_EDGE ( 'NONE', *, *, #4735, .T. ) ;
#6120 = VECTOR ( 'NONE', #4590, 1000.000000000000000 ) ;
#6121 = DIRECTION ( 'NONE',  ( -0.0000000000000000000, 1.000000000000000000, 0.0000000000000000000 ) ) ;
#6122 = LINE ( 'NONE', #3647, #2931 ) ;
#6123 = ORIENTED_EDGE ( 'NONE', *, *, #1731, .F. ) ;
#6124 = VECTOR ( 'NONE', #6052, 1000.000000000000000 ) ;
#6125 = LINE ( 'NONE', #8693, #3296 ) ;
#6126 = EDGE_CURVE ( 'NONE', #7556, #9892, #10092, .T. ) ;
#6127 = ADVANCED_FACE ( 'NONE', ( #8773 ), #10406, .T. ) ;
#6128 = EDGE_LOOP ( 'NONE', ( #9674, #3175, #3106, #5852 ) ) ;
#6129 = LINE ( 'NONE', #9436, #7317 ) ;
#6130 = CARTESIAN_POINT ( 'NONE',  ( 13.55166797165682091, 0.5500000000000000444, 0.8000000000000000444 ) ) ;
#6131 = EDGE_LOOP ( 'NONE', ( #10168, #6061, #4879, #6752 ) ) ;
#6132 = DIRECTION ( 'NONE',  ( 0.0000000000000000000, 0.0000000000000000000, 1.000000000000000000 ) ) ;
#6133 = CARTESIAN_POINT ( 'NONE',  ( 20.05166797165679782, 2.000000000000000000, 0.8180000000000000604 ) ) ;
#6134 = CARTESIAN_POINT ( 'NONE',  ( 6.901667971656829437, 2.000000000000000000, 0.8180000000000000604 ) ) ;
#6135 = EDGE_CURVE ( 'NONE', #5156, #6815, #8925, .T. ) ;
#6136 = CARTESIAN_POINT ( 'NONE',  ( 7.051667971656829792, 2.000000000000000000, 0.8180000000000000604 ) ) ;
#6137 = DIRECTION ( 'NONE',  ( 0.0000000000000000000, 0.0000000000000000000, -1.000000000000000000 ) ) ;
#6138 = CARTESIAN_POINT ( 'NONE',  ( 7.651667971656829437, 2.000000000000000000, -0.01800000000000000211 ) ) ;
#6139 = ORIENTED_EDGE ( 'NONE', *, *, #480, .F. ) ;
#6140 = AXIS2_PLACEMENT_3D ( 'NONE', #6226, #5115, #8378 ) ;
#6141 = VECTOR ( 'NONE', #8867, 1000.000000000000000 ) ;
#6142 = PLANE ( 'NONE',  #2213 ) ;
#6143 = ORIENTED_EDGE ( 'NONE', *, *, #10564, .F. ) ;
#6144 = VECTOR ( 'NONE', #4084, 1000.000000000000000 ) ;
#6145 = VERTEX_POINT ( 'NONE', #4698 ) ;
#6146 = FACE_BOUND ( 'NONE', #6667, .T. ) ;
#6147 = VERTEX_POINT ( 'NONE', #3835 ) ;
#6148 = DIRECTION ( 'NONE',  ( 0.0000000000000000000, 1.000000000000000000, 0.0000000000000000000 ) ) ;
#6149 = DIRECTION ( 'NONE',  ( 1.000000000000000000, 0.0000000000000000000, 0.0000000000000000000 ) ) ;
#6150 =( LENGTH_UNIT ( ) NAMED_UNIT ( * ) SI_UNIT ( .MILLI., .METRE. ) );
#6151 = ORIENTED_EDGE ( 'NONE', *, *, #3743, .F. ) ;
#6152 = DIRECTION ( 'NONE',  ( 0.0000000000000000000, 0.0000000000000000000, 1.000000000000000000 ) ) ;
#6153 = AXIS2_PLACEMENT_3D ( 'NONE', #1262, #8565, #6854 ) ;
#6154 = CARTESIAN_POINT ( 'NONE',  ( 9.551667971656829792, 2.000000000000000000, 0.8180000000000000604 ) ) ;
#6155 = ORIENTED_EDGE ( 'NONE', *, *, #4871, .F. ) ;
#6156 = CARTESIAN_POINT ( 'NONE',  ( 1.074999999999999956, 0.0000000000000000000, 0.6908089297201439605 ) ) ;
#6157 = ORIENTED_EDGE ( 'NONE', *, *, #4730, .F. ) ;
#6158 = LINE ( 'NONE', #6964, #3922 ) ;
#6159 = AXIS2_PLACEMENT_3D ( 'NONE', #9795, #8250, #132 ) ;
#6160 = FACE_OUTER_BOUND ( 'NONE', #4168, .T. ) ;
#6161 = DIRECTION ( 'NONE',  ( 0.0000000000000000000, 0.0000000000000000000, -1.000000000000000000 ) ) ;
#6162 = FACE_OUTER_BOUND ( 'NONE', #5185, .T. ) ;
#6163 = LINE ( 'NONE', #10212, #4710 ) ;
#6164 = CARTESIAN_POINT ( 'NONE',  ( 19.65166797165684898, 2.000000000000000000, -0.01800000000000000211 ) ) ;
#6165 = VECTOR ( 'NONE', #2128, 1000.000000000000000 ) ;
#6166 = STYLED_ITEM ( 'NONE', ( #2919 ), #4150 ) ;
#6167 = CARTESIAN_POINT ( 'NONE',  ( 10.30166797165681913, 2.000000000000000000, -0.01800000000000000211 ) ) ;
#6168 = VECTOR ( 'NONE', #10058, 1000.000000000000000 ) ;
#6169 = LINE ( 'NONE', #9423, #7690 ) ;
#6170 = ORIENTED_EDGE ( 'NONE', *, *, #9817, .T. ) ;
#6171 = ORIENTED_EDGE ( 'NONE', *, *, #1922, .T. ) ;
#6172 = LINE ( 'NONE', #6009, #9216 ) ;
#6173 = ORIENTED_EDGE ( 'NONE', *, *, #10409, .F. ) ;
#6174 = EDGE_CURVE ( 'NONE', #708, #6277, #9058, .T. ) ;
#6175 = SURFACE_SIDE_STYLE ('',( #5873 ) ) ;
#6176 = EDGE_CURVE ( 'NONE', #10249, #8164, #2386, .T. ) ;
#6177 = AXIS2_PLACEMENT_3D ( 'NONE', #3178, #6453, #5642 ) ;
#6178 = FACE_OUTER_BOUND ( 'NONE', #6961, .T. ) ;
#6179 = AXIS2_PLACEMENT_3D ( 'NONE', #1012, #9010, #4945 ) ;
#6180 = EDGE_CURVE ( 'NONE', #567, #7034, #5660, .T. ) ;
#6181 = CARTESIAN_POINT ( 'NONE',  ( 8.651667971656829437, 0.5500000000000000444, -0.01800000000000000211 ) ) ;
#6182 = CARTESIAN_POINT ( 'NONE',  ( 14.00000000000000000, 79.99000000000000909, -1.350000000000000089 ) ) ;
#6183 = ORIENTED_EDGE ( 'NONE', *, *, #2442, .F. ) ;
#6184 = CARTESIAN_POINT ( 'NONE',  ( 14.55166797165681913, 0.5500000000000000444, 0.8180000000000000604 ) ) ;
#6185 = ORIENTED_EDGE ( 'NONE', *, *, #7187, .F. ) ;
#6186 = FACE_BOUND ( 'NONE', #5149, .T. ) ;
#6187 = CARTESIAN_POINT ( 'NONE',  ( 19.15166797165684898, 0.5499999999999929390, 0.0000000000000000000 ) ) ;
#6188 = ORIENTED_EDGE ( 'NONE', *, *, #6491, .T. ) ;
#6189 = DIRECTION ( 'NONE',  ( 0.0000000000000000000, 1.000000000000000000, 0.0000000000000000000 ) ) ;
#6190 = EDGE_CURVE ( 'NONE', #3050, #7674, #9770, .T. ) ;
#6191 = EDGE_CURVE ( 'NONE', #3211, #2515, #4751, .T. ) ;
#6192 = EDGE_CURVE ( 'NONE', #5060, #7211, #7112, .T. ) ;
#6193 = CARTESIAN_POINT ( 'NONE',  ( 9.801667971656820910, 0.5500000000000000444, -0.01800000000000000211 ) ) ;
#6194 = CARTESIAN_POINT ( 'NONE',  ( 11.00000000000000000, 79.00000000000000000, -1.350000000000000089 ) ) ;
#6195 = ORIENTED_EDGE ( 'NONE', *, *, #7810, .F. ) ;
#6196 = DIRECTION ( 'NONE',  ( 1.000000000000000000, 0.0000000000000000000, 0.0000000000000000000 ) ) ;
#6197 = ADVANCED_FACE ( 'NONE', ( #10359 ), #10515, .F. ) ;
#6198 = EDGE_LOOP ( 'NONE', ( #2661, #950, #2587, #8669 ) ) ;
#6199 =( GEOMETRIC_REPRESENTATION_CONTEXT ( 3 ) GLOBAL_UNCERTAINTY_ASSIGNED_CONTEXT ( ( #7326 ) ) GLOBAL_UNIT_ASSIGNED_CONTEXT ( ( #5882, #1629, #4913 ) ) REPRESENTATION_CONTEXT ( 'NONE', 'WORKASPACE' ) );
#6200 = ORIENTED_EDGE ( 'NONE', *, *, #1043, .F. ) ;
#6201 = CARTESIAN_POINT ( 'NONE',  ( 11.55166797165682091, 2.000000000000000000, 0.8180000000000000604 ) ) ;
#6202 = ORIENTED_EDGE ( 'NONE', *, *, #5803, .F. ) ;
#6203 = AXIS2_PLACEMENT_3D ( 'NONE', #2118, #5431, #1406 ) ;
#6204 = CARTESIAN_POINT ( 'NONE',  ( 0.0000000000000000000, 0.0000000000000000000, 0.8180000000000000604 ) ) ;
#6205 = DIRECTION ( 'NONE',  ( -1.000000000000000000, 0.0000000000000000000, 0.0000000000000000000 ) ) ;
#6206 = FACE_OUTER_BOUND ( 'NONE', #1072, .T. ) ;
#6207 = VERTEX_POINT ( 'NONE', #8071 ) ;
#6208 = DIRECTION ( 'NONE',  ( 0.0000000000000000000, 0.0000000000000000000, -1.000000000000000000 ) ) ;
#6209 = VECTOR ( 'NONE', #2635, 1000.000000000000000 ) ;
#6210 = CARTESIAN_POINT ( 'NONE',  ( 11.90166797165682055, 0.5500000000000000444, 0.8180000000000000604 ) ) ;
#6211 = ORIENTED_EDGE ( 'NONE', *, *, #2046, .F. ) ;
#6212 = DIRECTION ( 'NONE',  ( 0.0000000000000000000, 0.0000000000000000000, 1.000000000000000000 ) ) ;
#6213 = VERTEX_POINT ( 'NONE', #704 ) ;
#6214 = DIRECTION ( 'NONE',  ( 1.164362035342490253E-16, -0.9396926207859073177, 0.3420201433256715995 ) ) ;
#6215 = CARTESIAN_POINT ( 'NONE',  ( 21.99500000000000099, 79.99000000000000909, 0.0000000000000000000 ) ) ;
#6216 = FILL_AREA_STYLE ('',( #2943 ) ) ;
#6217 = CARTESIAN_POINT ( 'NONE',  ( 3.151667971656824996, 2.000000000000000000, 0.0000000000000000000 ) ) ;
#6218 = PLANE ( 'NONE',  #9151 ) ;
#6219 = PLANE ( 'NONE',  #7485 ) ;
#6220 = DIRECTION ( 'NONE',  ( -0.0000000000000000000, 1.000000000000000000, 0.0000000000000000000 ) ) ;
#6221 = ORIENTED_EDGE ( 'NONE', *, *, #3949, .T. ) ;
#6222 = ORIENTED_EDGE ( 'NONE', *, *, #8674, .F. ) ;
#6223 = ORIENTED_EDGE ( 'NONE', *, *, #7959, .F. ) ;
#6224 = CARTESIAN_POINT ( 'NONE',  ( 1.901667971656824996, 2.000000000000000000, 0.8000000000000000444 ) ) ;
#6225 = ORIENTED_EDGE ( 'NONE', *, *, #7480, .F. ) ;
#6226 = CARTESIAN_POINT ( 'NONE',  ( 13.30166797165682091, 2.000000000000000000, -0.01800000000000000211 ) ) ;
#6227 = DIRECTION ( 'NONE',  ( -1.000000000000000000, 0.0000000000000000000, 0.0000000000000000000 ) ) ;
#6228 = CARTESIAN_POINT ( 'NONE',  ( 19.40166797165684898, 2.000000000000000000, 0.8180000000000000604 ) ) ;
#6229 = LINE ( 'NONE', #2204, #10262 ) ;
#6230 = ORIENTED_EDGE ( 'NONE', *, *, #3217, .F. ) ;
#6231 = DIRECTION ( 'NONE',  ( 0.0000000000000000000, -1.000000000000000000, 0.0000000000000000000 ) ) ;
#6232 = ORIENTED_EDGE ( 'NONE', *, *, #3037, .F. ) ;
#6233 = DIRECTION ( 'NONE',  ( 0.0000000000000000000, 0.0000000000000000000, 1.000000000000000000 ) ) ;
#6234 = EDGE_CURVE ( 'NONE', #8232, #2300, #3245, .T. ) ;
#6235 = ADVANCED_FACE ( 'NONE', ( #1463 ), #5706, .F. ) ;
#6236 = FACE_OUTER_BOUND ( 'NONE', #5623, .T. ) ;
#6237 = ORIENTED_EDGE ( 'NONE', *, *, #783, .T. ) ;
#6238 = DIRECTION ( 'NONE',  ( -1.752245935330099997E-15, 1.000000000000000000, 0.0000000000000000000 ) ) ;
#6239 = LINE ( 'NONE', #9492, #3411 ) ;
#6240 = LINE ( 'NONE', #6939, #5324 ) ;
#6241 =( LENGTH_UNIT ( ) NAMED_UNIT ( * ) SI_UNIT ( .MILLI., .METRE. ) );
#6242 = SURFACE_STYLE_FILL_AREA ( #8542 ) ;
#6243 = EDGE_LOOP ( 'NONE', ( #386, #150, #8551, #5268 ) ) ;
#6244 = EDGE_CURVE ( 'NONE', #240, #4997, #8898, .T. ) ;
#6245 = EDGE_CURVE ( 'NONE', #3942, #8337, #1896, .T. ) ;
#6246 = ADVANCED_FACE ( 'NONE', ( #3344 ), #4191, .F. ) ;
#6247 = VECTOR ( 'NONE', #4655, 1000.000000000000000 ) ;
#6248 = ORIENTED_EDGE ( 'NONE', *, *, #1469, .T. ) ;
#6249 = ORIENTED_EDGE ( 'NONE', *, *, #1704, .T. ) ;
#6250 = SURFACE_STYLE_USAGE ( .BOTH. , #328 ) ;
#6251 = DIRECTION ( 'NONE',  ( 0.0000000000000000000, 1.000000000000000000, 0.0000000000000000000 ) ) ;
#6252 = DIRECTION ( 'NONE',  ( 0.0000000000000000000, -1.000000000000000000, 0.0000000000000000000 ) ) ;
#6253 = LINE ( 'NONE', #9508, #9937 ) ;
#6254 = ORIENTED_EDGE ( 'NONE', *, *, #1198, .F. ) ;
#6255 = AXIS2_PLACEMENT_3D ( 'NONE', #8728, #8365, #4430 ) ;
#6256 = LINE ( 'NONE', #7068, #8850 ) ;
#6257 = ADVANCED_FACE ( 'NONE', ( #3449 ), #9976, .F. ) ;
#6258 = VECTOR ( 'NONE', #515, 1000.000000000000000 ) ;
#6259 = CARTESIAN_POINT ( 'NONE',  ( 11.00000000000000000, 79.00000000000000000, -0.001000000000000000021 ) ) ;
#6260 = ORIENTED_EDGE ( 'NONE', *, *, #3104, .T. ) ;
#6261 = DIRECTION ( 'NONE',  ( 0.0000000000000000000, -1.000000000000000000, 0.0000000000000000000 ) ) ;
#6262 = ORIENTED_EDGE ( 'NONE', *, *, #3401, .F. ) ;
#6263 = CARTESIAN_POINT ( 'NONE',  ( 9.551667971656829792, 2.000000000000000000, 0.8180000000000000604 ) ) ;
#6264 = VECTOR ( 'NONE', #5671, 1000.000000000000000 ) ;
#6265 = DIRECTION ( 'NONE',  ( 1.000000000000000000, 2.990902544787600071E-16, 0.0000000000000000000 ) ) ;
#6266 = DIRECTION ( 'NONE',  ( -1.000000000000000000, 0.0000000000000000000, 0.0000000000000000000 ) ) ;
#6267 = DIRECTION ( 'NONE',  ( -1.391675472103334055E-16, -1.000000000000000000, 0.0000000000000000000 ) ) ;
#6268 = ADVANCED_FACE ( 'NONE', ( #8225 ), #6673, .F. ) ;
#6269 = DIRECTION ( 'NONE',  ( -1.000000000000000000, 0.0000000000000000000, 0.0000000000000000000 ) ) ;
#6270 = CARTESIAN_POINT ( 'NONE',  ( 18.55166797165685111, 0.5500000000000000444, 0.8000000000000000444 ) ) ;
#6271 = STYLED_ITEM ( 'NONE', ( #5588 ), #5440 ) ;
#6272 = COLOUR_RGB ( '',0.1019607843137254888, 0.1019607843137254888, 0.1019607843137254888 ) ;
#6273 = VERTEX_POINT ( 'NONE', #9021 ) ;
#6274 = EDGE_LOOP ( 'NONE', ( #1091, #8064, #5042, #5889 ) ) ;
#6275 = ORIENTED_EDGE ( 'NONE', *, *, #7479, .F. ) ;
#6276 = CARTESIAN_POINT ( 'NONE',  ( 3.401667971656824996, 2.000000000000000000, 0.8000000000000000444 ) ) ;
#6277 = VERTEX_POINT ( 'NONE', #4089 ) ;
#6278 = AXIS2_PLACEMENT_3D ( 'NONE', #735, #8001, #8906 ) ;
#6279 = DIRECTION ( 'NONE',  ( 0.0000000000000000000, 0.0000000000000000000, 1.000000000000000000 ) ) ;
#6280 = DIRECTION ( 'NONE',  ( 1.000000000000000000, 0.0000000000000000000, 0.0000000000000000000 ) ) ;
#6281 = DIRECTION ( 'NONE',  ( 0.0000000000000000000, 0.0000000000000000000, 1.000000000000000000 ) ) ;
#6282 = DIRECTION ( 'NONE',  ( 0.0000000000000000000, -1.000000000000000000, 0.0000000000000000000 ) ) ;
#6283 = CIRCLE ( 'NONE', #1817, 2.749999999999999112 ) ;
#6284 = ORIENTED_EDGE ( 'NONE', *, *, #4922, .F. ) ;
#6285 = CARTESIAN_POINT ( 'NONE',  ( 11.15166797165682055, 2.000000000000000000, 0.0000000000000000000 ) ) ;
#6286 = ORIENTED_EDGE ( 'NONE', *, *, #5768, .T. ) ;
#6287 = DIRECTION ( 'NONE',  ( 2.990902544787600071E-16, -1.000000000000000000, 0.0000000000000000000 ) ) ;
#6288 = CARTESIAN_POINT ( 'NONE',  ( 6.551667971656830680, 0.5500000000000000444, 0.8180000000000000604 ) ) ;
#6289 = VERTEX_POINT ( 'NONE', #9130 ) ;
#6290 = CARTESIAN_POINT ( 'NONE',  ( 2.651667971656824996, 2.000000000000000000, -0.01800000000000000211 ) ) ;
#6291 = VECTOR ( 'NONE', #4081, 1000.000000000000000 ) ;
#6292 = FILL_AREA_STYLE ('',( #3918 ) ) ;
#6293 = DIRECTION ( 'NONE',  ( 0.0000000000000000000, 0.0000000000000000000, -1.000000000000000000 ) ) ;
#6294 = VECTOR ( 'NONE', #537, 1000.000000000000000 ) ;
#6295 = DIRECTION ( 'NONE',  ( 0.0000000000000000000, 0.0000000000000000000, 1.000000000000000000 ) ) ;
#6296 = EDGE_CURVE ( 'NONE', #10534, #7386, #5874, .T. ) ;
#6297 = DIRECTION ( 'NONE',  ( 0.0000000000000000000, 0.0000000000000000000, 1.000000000000000000 ) ) ;
#6298 = EDGE_LOOP ( 'NONE', ( #2528, #2769, #3602, #9356 ) ) ;
#6299 = FACE_OUTER_BOUND ( 'NONE', #440, .T. ) ;
#6300 = ORIENTED_EDGE ( 'NONE', *, *, #8413, .T. ) ;
#6301 = ORIENTED_EDGE ( 'NONE', *, *, #2887, .T. ) ;
#6302 = PLANE ( 'NONE',  #2329 ) ;
#6303 = CARTESIAN_POINT ( 'NONE',  ( 10.65166797165682055, 2.000000000000000000, -0.01800000000000000211 ) ) ;
#6304 = DIRECTION ( 'NONE',  ( 0.0000000000000000000, 0.0000000000000000000, 1.000000000000000000 ) ) ;
#6305 = EDGE_CURVE ( 'NONE', #4427, #8629, #7585, .T. ) ;
#6306 = EDGE_CURVE ( 'NONE', #9343, #2133, #5065, .T. ) ;
#6307 = EDGE_CURVE ( 'NONE', #4476, #7600, #5016, .T. ) ;
#6308 = CARTESIAN_POINT ( 'NONE',  ( 1.298125607096193990E-14, 4.000000000000000000, 0.0000000000000000000 ) ) ;
#6309 = ORIENTED_EDGE ( 'NONE', *, *, #57, .T. ) ;
#6310 = VECTOR ( 'NONE', #4868, 1000.000000000000000 ) ;
#6311 = PLANE ( 'NONE',  #6998 ) ;
#6312 = ORIENTED_EDGE ( 'NONE', *, *, #1919, .F. ) ;
#6313 = DIRECTION ( 'NONE',  ( 0.0000000000000000000, 0.0000000000000000000, 1.000000000000000000 ) ) ;
#6314 = VERTEX_POINT ( 'NONE', #1024 ) ;
#6315 = STYLED_ITEM ( 'NONE', ( #4506 ), #2110 ) ;
#6316 = CARTESIAN_POINT ( 'NONE',  ( 10.65166797165682055, 2.000000000000000000, -0.01800000000000000211 ) ) ;
#6317 = FACE_OUTER_BOUND ( 'NONE', #1556, .T. ) ;
#6318 = ADVANCED_FACE ( 'NONE', ( #104 ), #8326, .F. ) ;
#6319 = EDGE_CURVE ( 'NONE', #6046, #7593, #9870, .T. ) ;
#6320 = LINE ( 'NONE', #7977, #4869 ) ;
#6321 = VECTOR ( 'NONE', #1234, 1000.000000000000000 ) ;
#6322 = FILL_AREA_STYLE_COLOUR ( '', #7872 ) ;
#6323 = ADVANCED_FACE ( 'NONE', ( #7531 ), #9233, .F. ) ;
#6324 = LINE ( 'NONE', #3899, #6258 ) ;
#6325 = CARTESIAN_POINT ( 'NONE',  ( 14.65166797165682055, 2.000000000000000000, 0.0000000000000000000 ) ) ;
#6326 = CARTESIAN_POINT ( 'NONE',  ( 2.401667971656824996, 2.000000000000000000, 0.8180000000000000604 ) ) ;
#6327 = ORIENTED_EDGE ( 'NONE', *, *, #7566, .T. ) ;
#6328 = EDGE_CURVE ( 'NONE', #4839, #10194, #6775, .T. ) ;
#6329 = ORIENTED_EDGE ( 'NONE', *, *, #6573, .T. ) ;
#6330 = ORIENTED_EDGE ( 'NONE', *, *, #10007, .F. ) ;
#6331 = DIRECTION ( 'NONE',  ( 0.0000000000000000000, 0.0000000000000000000, -1.000000000000000000 ) ) ;
#6332 = VECTOR ( 'NONE', #9148, 1000.000000000000000 ) ;
#6333 = ORIENTED_EDGE ( 'NONE', *, *, #647, .F. ) ;
#6334 =( NAMED_UNIT ( * ) SI_UNIT ( $, .STERADIAN. ) SOLID_ANGLE_UNIT ( ) );
#6335 = DIRECTION ( 'NONE',  ( 0.0000000000000000000, 0.0000000000000000000, 1.000000000000000000 ) ) ;
#6336 = STYLED_ITEM ( 'NONE', ( #2749 ), #6385 ) ;
#6337 = LINE ( 'NONE', #7893, #5678 ) ;
#6338 = CARTESIAN_POINT ( 'NONE',  ( -6.938893903907229955E-15, 80.00000000000000000, 0.8000000000000000444 ) ) ;
#6339 = VECTOR ( 'NONE', #1976, 1000.000000000000000 ) ;
#6340 = ORIENTED_EDGE ( 'NONE', *, *, #8025, .T. ) ;
#6341 = SURFACE_STYLE_FILL_AREA ( #5688 ) ;
#6342 = VERTEX_POINT ( 'NONE', #1673 ) ;
#6343 = VECTOR ( 'NONE', #7515, 1000.000000000000000 ) ;
#6344 = PLANE ( 'NONE',  #6443 ) ;
#6345 = CARTESIAN_POINT ( 'NONE',  ( 18.05166797165684756, 0.5500000000000000444, 0.8180000000000000604 ) ) ;
#6346 = VERTEX_POINT ( 'NONE', #803 ) ;
#6347 = DIRECTION ( 'NONE',  ( 0.0000000000000000000, 1.000000000000000000, 0.0000000000000000000 ) ) ;
#6348 = AXIS2_PLACEMENT_3D ( 'NONE', #9871, #210, #6674 ) ;
#6349 =( GEOMETRIC_REPRESENTATION_CONTEXT ( 3 ) GLOBAL_UNCERTAINTY_ASSIGNED_CONTEXT ( ( #2414 ) ) GLOBAL_UNIT_ASSIGNED_CONTEXT ( ( #2325, #8063, #3129 ) ) REPRESENTATION_CONTEXT ( 'NONE', 'WORKASPACE' ) );
#6350 = LINE ( 'NONE', #4737, #6951 ) ;
#6351 = SURFACE_SIDE_STYLE ('',( #6500 ) ) ;
#6352 = PLANE ( 'NONE',  #10430 ) ;
#6353 = AXIS2_PLACEMENT_3D ( 'NONE', #10303, #4475, #9450 ) ;
#6354 = LINE ( 'NONE', #5646, #1925 ) ;
#6355 = ORIENTED_EDGE ( 'NONE', *, *, #7901, .T. ) ;
#6356 = VECTOR ( 'NONE', #9857, 1000.000000000000000 ) ;
#6357 = VECTOR ( 'NONE', #2304, 1000.000000000000000 ) ;
#6358 = CARTESIAN_POINT ( 'NONE',  ( 18.65166797165684898, 0.5500000000000000444, -0.01800000000000000211 ) ) ;
#6359 = ORIENTED_EDGE ( 'NONE', *, *, #5379, .T. ) ;
#6360 = CARTESIAN_POINT ( 'NONE',  ( 8.801667971656820910, 2.000000000000000000, 0.0000000000000000000 ) ) ;
#6361 = DIRECTION ( 'NONE',  ( 1.196361017915040028E-15, -1.000000000000000000, 0.0000000000000000000 ) ) ;
#6362 = FILL_AREA_STYLE_COLOUR ( '', #8207 ) ;
#6363 = VECTOR ( 'NONE', #5494, 1000.000000000000000 ) ;
#6364 = COLOUR_RGB ( '',0.1019607843137254888, 0.1019607843137254888, 0.1019607843137254888 ) ;
#6365 = FACE_OUTER_BOUND ( 'NONE', #10119, .T. ) ;
#6366 = CARTESIAN_POINT ( 'NONE',  ( 11.30166797165682091, 2.000000000000000000, -0.01800000000000000211 ) ) ;
#6367 = EDGE_LOOP ( 'NONE', ( #9750, #4020, #9193, #8481 ) ) ;
#6368 = EDGE_CURVE ( 'NONE', #4211, #6342, #7378, .T. ) ;
#6369 = AXIS2_PLACEMENT_3D ( 'NONE', #4311, #6728, #7534 ) ;
#6370 = ORIENTED_EDGE ( 'NONE', *, *, #6590, .F. ) ;
#6371 = ADVANCED_FACE ( 'NONE', ( #6566 ), #9816, .F. ) ;
#6372 = ADVANCED_FACE ( 'NONE', ( #4957 ), #7429, .F. ) ;
#6373 = ORIENTED_EDGE ( 'NONE', *, *, #8472, .T. ) ;
#6374 = DIRECTION ( 'NONE',  ( -1.000000000000000000, 0.0000000000000000000, 0.0000000000000000000 ) ) ;
#6375 = VERTEX_POINT ( 'NONE', #9334 ) ;
#6376 = DIRECTION ( 'NONE',  ( 0.0000000000000000000, 1.000000000000000000, 0.0000000000000000000 ) ) ;
#6377 = CARTESIAN_POINT ( 'NONE',  ( 6.801667971656820022, 2.000000000000000000, 0.0000000000000000000 ) ) ;
#6378 = SURFACE_STYLE_USAGE ( .BOTH. , #10372 ) ;
#6379 = VECTOR ( 'NONE', #3842, 1000.000000000000000 ) ;
#6380 = LINE ( 'NONE', #5618, #9665 ) ;
#6381 = CARTESIAN_POINT ( 'NONE',  ( 1.074999999999999956, 3.500000000000000000, 0.8000000000000000444 ) ) ;
#6382 = CARTESIAN_POINT ( 'NONE',  ( 15.05166797165684933, 0.5500000000000000444, 0.8180000000000000604 ) ) ;
#6383 = EDGE_CURVE ( 'NONE', #3651, #8828, #6239, .T. ) ;
#6384 = EDGE_LOOP ( 'NONE', ( #8806, #10082, #4312, #4415 ) ) ;
#6385 = ADVANCED_FACE ( 'NONE', ( #4467 ), #6995, .F. ) ;
#6386 = ORIENTED_EDGE ( 'NONE', *, *, #7880, .T. ) ;
#6387 = ORIENTED_EDGE ( 'NONE', *, *, #8191, .T. ) ;
#6388 = LINE ( 'NONE', #10327, #6657 ) ;
#6389 = ORIENTED_EDGE ( 'NONE', *, *, #10409, .T. ) ;
#6390 = FILL_AREA_STYLE ('',( #572 ) ) ;
#6391 = CARTESIAN_POINT ( 'NONE',  ( 2.901667971656824996, 2.000000000000000000, 0.8180000000000000604 ) ) ;
#6392 = CARTESIAN_POINT ( 'NONE',  ( 18.05166797165684756, 0.5500000000000000444, 0.8000000000000000444 ) ) ;
#6393 = CARTESIAN_POINT ( 'NONE',  ( 15.15166797165684898, 2.000000000000000000, -0.01800000000000000211 ) ) ;
#6394 = ORIENTED_EDGE ( 'NONE', *, *, #2970, .F. ) ;
#6395 = PLANE ( 'NONE',  #3972 ) ;
#6396 = ORIENTED_EDGE ( 'NONE', *, *, #7084, .F. ) ;
#6397 =( LENGTH_UNIT ( ) NAMED_UNIT ( * ) SI_UNIT ( .MILLI., .METRE. ) );
#6398 = CARTESIAN_POINT ( 'NONE',  ( 17.20166797165684969, 0.2999999999999949929, 0.0000000000000000000 ) ) ;
#6399 = ORIENTED_EDGE ( 'NONE', *, *, #4943, .F. ) ;
#6400 = DIRECTION ( 'NONE',  ( 0.0000000000000000000, 1.000000000000000000, 0.0000000000000000000 ) ) ;
#6401 = ORIENTED_EDGE ( 'NONE', *, *, #531, .F. ) ;
#6402 = FACE_OUTER_BOUND ( 'NONE', #10059, .T. ) ;
#6403 = LINE ( 'NONE', #10454, #7048 ) ;
#6404 =( LENGTH_UNIT ( ) NAMED_UNIT ( * ) SI_UNIT ( .MILLI., .METRE. ) );
#6405 = VERTEX_POINT ( 'NONE', #5274 ) ;
#6406 = DIRECTION ( 'NONE',  ( 0.0000000000000000000, 0.0000000000000000000, -1.000000000000000000 ) ) ;
#6407 = ADVANCED_FACE ( 'NONE', ( #5219 ), #3657, .F. ) ;
#6408 = ORIENTED_EDGE ( 'NONE', *, *, #6973, .F. ) ;
#6409 = DIRECTION ( 'NONE',  ( -0.0000000000000000000, 1.000000000000000000, 0.0000000000000000000 ) ) ;
#6410 = EDGE_LOOP ( 'NONE', ( #9240, #4333, #495, #7081 ) ) ;
#6411 = CARTESIAN_POINT ( 'NONE',  ( 13.15166797165682055, 0.5500000000000000444, -0.01800000000000000211 ) ) ;
#6412 = CARTESIAN_POINT ( 'NONE',  ( 13.55166797165682091, 2.000000000000000000, 0.8000000000000000444 ) ) ;
#6413 = SURFACE_STYLE_FILL_AREA ( #4851 ) ;
#6414 = CARTESIAN_POINT ( 'NONE',  ( 0.5749999999999999556, 0.2999999999999944933, 0.8000000000000000444 ) ) ;
#6415 = DIRECTION ( 'NONE',  ( 1.000000000000000000, 0.0000000000000000000, 0.0000000000000000000 ) ) ;
#6416 = EDGE_LOOP ( 'NONE', ( #1508, #6684, #1766, #9746, #5313 ) ) ;
#6417 = ORIENTED_EDGE ( 'NONE', *, *, #5651, .T. ) ;
#6418 = EDGE_LOOP ( 'NONE', ( #8585, #2172, #2052, #5112 ) ) ;
#6419 = CARTESIAN_POINT ( 'NONE',  ( 10.40166797165682055, 2.000000000000000000, 0.8000000000000000444 ) ) ;
#6420 = ORIENTED_EDGE ( 'NONE', *, *, #2141, .F. ) ;
#6421 = CARTESIAN_POINT ( 'NONE',  ( 21.42500000000000071, 4.000000000000000000, 0.0000000000000000000 ) ) ;
#6422 = CARTESIAN_POINT ( 'NONE',  ( 12.30166797165681913, 2.000000000000000000, 0.0000000000000000000 ) ) ;
#6423 = LINE ( 'NONE', #8782, #4004 ) ;
#6424 = VECTOR ( 'NONE', #8085, 1000.000000000000000 ) ;
#6425 = AXIS2_PLACEMENT_3D ( 'NONE', #4711, #9575, #2890 ) ;
#6426 = ADVANCED_FACE ( 'NONE', ( #1075 ), #6077, .F. ) ;
#6427 = DIRECTION ( 'NONE',  ( 0.0000000000000000000, -1.000000000000000000, 0.0000000000000000000 ) ) ;
#6428 = FACE_OUTER_BOUND ( 'NONE', #7711, .T. ) ;
#6429 = DIRECTION ( 'NONE',  ( 0.0000000000000000000, -1.000000000000000000, 0.0000000000000000000 ) ) ;
#6430 = VECTOR ( 'NONE', #10205, 1000.000000000000000 ) ;
#6431 = VERTEX_POINT ( 'NONE', #1125 ) ;
#6432 = ORIENTED_EDGE ( 'NONE', *, *, #7952, .T. ) ;
#6433 = ORIENTED_EDGE ( 'NONE', *, *, #2441, .F. ) ;
#6434 = DIRECTION ( 'NONE',  ( 1.000000000000000000, 0.0000000000000000000, 0.0000000000000000000 ) ) ;
#6435 = PRESENTATION_STYLE_ASSIGNMENT (( #10437 ) ) ;
#6436 = PLANE ( 'NONE',  #3087 ) ;
#6437 = EDGE_CURVE ( 'NONE', #636, #3622, #6883, .T. ) ;
#6438 = CARTESIAN_POINT ( 'NONE',  ( 9.051667971656829792, 0.5500000000000000444, 0.8000000000000000444 ) ) ;
#6439 = CYLINDRICAL_SURFACE ( 'NONE', #6090, 2.749999999999999112 ) ;
#6440 = EDGE_CURVE ( 'NONE', #10037, #2956, #7634, .T. ) ;
#6441 = EDGE_CURVE ( 'NONE', #10194, #5526, #3772, .T. ) ;
#6442 = CARTESIAN_POINT ( 'NONE',  ( 7.051667971656829792, 2.000000000000000000, 0.8000000000000000444 ) ) ;
#6443 = AXIS2_PLACEMENT_3D ( 'NONE', #4169, #9956, #5150 ) ;
#6444 = ORIENTED_EDGE ( 'NONE', *, *, #6491, .F. ) ;
#6445 = LINE ( 'NONE', #9647, #10527 ) ;
#6446 = DIRECTION ( 'NONE',  ( 1.000000000000000000, -1.239088197126289880E-15, 0.0000000000000000000 ) ) ;
#6447 = ORIENTED_EDGE ( 'NONE', *, *, #3708, .F. ) ;
#6448 = CARTESIAN_POINT ( 'NONE',  ( 18.65166797165684898, 0.5500000000000000444, 0.0000000000000000000 ) ) ;
#6449 = VECTOR ( 'NONE', #9855, 1000.000000000000000 ) ;
#6450 = ORIENTED_EDGE ( 'NONE', *, *, #3876, .F. ) ;
#6451 = SURFACE_STYLE_FILL_AREA ( #6292 ) ;
#6452 = VECTOR ( 'NONE', #10582, 1000.000000000000000 ) ;
#6453 = DIRECTION ( 'NONE',  ( -0.0000000000000000000, 1.000000000000000000, 0.0000000000000000000 ) ) ;
#6454 = ADVANCED_FACE ( 'NONE', ( #2804 ), #4517, .F. ) ;
#6455 = EDGE_CURVE ( 'NONE', #1460, #4823, #9444, .T. ) ;
#6456 = DIRECTION ( 'NONE',  ( 0.0000000000000000000, 0.0000000000000000000, -1.000000000000000000 ) ) ;
#6457 = DIRECTION ( 'NONE',  ( -1.239088197126289880E-15, -1.000000000000000000, 0.0000000000000000000 ) ) ;
#6458 = ORIENTED_EDGE ( 'NONE', *, *, #7764, .F. ) ;
#6459 = EDGE_CURVE ( 'NONE', #4758, #2317, #5375, .T. ) ;
#6460 = CARTESIAN_POINT ( 'NONE',  ( 11.00000000000000000, 80.00000000000000000, 0.8000000000000000444 ) ) ;
#6461 = ORIENTED_EDGE ( 'NONE', *, *, #7443, .F. ) ;
#6462 = DIRECTION ( 'NONE',  ( 1.000000000000000000, 0.0000000000000000000, 0.0000000000000000000 ) ) ;
#6463 = AXIS2_PLACEMENT_3D ( 'NONE', #8111, #5751, #2988 ) ;
#6464 = PLANE ( 'NONE',  #477 ) ;
#6465 = ORIENTED_EDGE ( 'NONE', *, *, #6833, .F. ) ;
#6466 = ADVANCED_FACE ( 'NONE', ( #4576 ), #7052, .F. ) ;
#6467 = DIRECTION ( 'NONE',  ( 0.0000000000000000000, -1.000000000000000000, 0.0000000000000000000 ) ) ;
#6468 = DIRECTION ( 'NONE',  ( -0.0000000000000000000, 1.000000000000000000, 0.0000000000000000000 ) ) ;
#6469 = CARTESIAN_POINT ( 'NONE',  ( 15.05166797165684933, 0.5500000000000000444, 0.8000000000000000444 ) ) ;
#6470 = CARTESIAN_POINT ( 'NONE',  ( 11.30166797165682091, 2.000000000000000000, -0.01800000000000000211 ) ) ;
#6471 = ORIENTED_EDGE ( 'NONE', *, *, #2906, .F. ) ;
#6472 = ORIENTED_EDGE ( 'NONE', *, *, #2766, .F. ) ;
#6473 = EDGE_LOOP ( 'NONE', ( #8844, #10412, #6230, #6977 ) ) ;
#6474 = CARTESIAN_POINT ( 'NONE',  ( 18.15166797165684898, 2.000000000000000000, -0.01800000000000000211 ) ) ;
#6475 = ORIENTED_EDGE ( 'NONE', *, *, #7422, .T. ) ;
#6476 = CARTESIAN_POINT ( 'NONE',  ( 16.00166797165680066, -1.114516098836963953E-14, 0.1091910702798639943 ) ) ;
#6477 = VECTOR ( 'NONE', #10586, 1000.000000000000000 ) ;
#6478 = CARTESIAN_POINT ( 'NONE',  ( 11.05166797165682091, 2.000000000000000000, 0.8180000000000000604 ) ) ;
#6479 = DIRECTION ( 'NONE',  ( 0.0000000000000000000, 0.0000000000000000000, -1.000000000000000000 ) ) ;
#6480 = AXIS2_PLACEMENT_3D ( 'NONE', #6358, #6409, #9766 ) ;
#6481 = SURFACE_SIDE_STYLE ('',( #4822 ) ) ;
#6482 = VERTEX_POINT ( 'NONE', #3126 ) ;
#6483 = EDGE_LOOP ( 'NONE', ( #1579, #1918, #2813, #6100 ) ) ;
#6484 = DIRECTION ( 'NONE',  ( 0.0000000000000000000, 0.0000000000000000000, -1.000000000000000000 ) ) ;
#6485 = LINE ( 'NONE', #9152, #8716 ) ;
#6486 = DIRECTION ( 'NONE',  ( 0.0000000000000000000, 0.0000000000000000000, -1.000000000000000000 ) ) ;
#6487 = EDGE_LOOP ( 'NONE', ( #3984, #2106, #7015, #5101 ) ) ;
#6488 = UNCERTAINTY_MEASURE_WITH_UNIT (LENGTH_MEASURE( 1.000000000000000082E-05 ), #6241, 'distance_accuracy_value', 'NONE');
#6489 = CARTESIAN_POINT ( 'NONE',  ( 3.651667971656824996, 2.000000000000000000, 0.0000000000000000000 ) ) ;
#6490 = DIRECTION ( 'NONE',  ( 1.000000000000000000, 0.0000000000000000000, 0.0000000000000000000 ) ) ;
#6491 = EDGE_CURVE ( 'NONE', #6431, #710, #641, .T. ) ;
#6492 = EDGE_LOOP ( 'NONE', ( #7145, #9600, #8852, #3132 ) ) ;
#6493 = ADVANCED_FACE ( 'NONE', ( #6402 ), #693, .F. ) ;
#6494 = CARTESIAN_POINT ( 'NONE',  ( 15.15166797165684898, 2.000000000000000000, 0.0000000000000000000 ) ) ;
#6495 = ADVANCED_FACE ( 'NONE', ( #587 ), #5592, .F. ) ;
#6496 = ORIENTED_EDGE ( 'NONE', *, *, #8, .T. ) ;
#6497 = SURFACE_STYLE_FILL_AREA ( #7517 ) ;
#6498 = VECTOR ( 'NONE', #9335, 1000.000000000000000 ) ;
#6499 = AXIS2_PLACEMENT_3D ( 'NONE', #3396, #1026, #8381 ) ;
#6500 = SURFACE_STYLE_FILL_AREA ( #4739 ) ;
#6501 = DIRECTION ( 'NONE',  ( -1.752245935330099997E-15, 1.000000000000000000, 0.0000000000000000000 ) ) ;
#6502 = VECTOR ( 'NONE', #3174, 1000.000000000000000 ) ;
#6503 = ORIENTED_EDGE ( 'NONE', *, *, #5462, .F. ) ;
#6504 = DIRECTION ( 'NONE',  ( 0.0000000000000000000, 0.0000000000000000000, 1.000000000000000000 ) ) ;
#6505 = ORIENTED_EDGE ( 'NONE', *, *, #8026, .T. ) ;
#6506 = PLANE ( 'NONE',  #9186 ) ;
#6507 = VECTOR ( 'NONE', #3498, 1000.000000000000000 ) ;
#6508 = STYLED_ITEM ( 'NONE', ( #4074 ), #4196 ) ;
#6509 = LINE ( 'NONE', #4640, #4601 ) ;
#6510 = EDGE_CURVE ( 'NONE', #546, #7569, #10501, .T. ) ;
#6511 = VERTEX_POINT ( 'NONE', #4789 ) ;
#6512 = SURFACE_STYLE_FILL_AREA ( #2083 ) ;
#6513 = ADVANCED_FACE ( 'NONE', ( #3978 ), #2216, .F. ) ;
#6514 = CARTESIAN_POINT ( 'NONE',  ( 12.75000000000000000, 80.00000000000000000, -0.001000000000000000021 ) ) ;
#6515 = PLANE ( 'NONE',  #8876 ) ;
#6516 = CARTESIAN_POINT ( 'NONE',  ( 0.0000000000000000000, 0.0000000000000000000, -0.01800000000000000211 ) ) ;
#6517 = DIRECTION ( 'NONE',  ( 0.0000000000000000000, -1.000000000000000000, 0.0000000000000000000 ) ) ;
#6518 = MECHANICAL_DESIGN_GEOMETRIC_PRESENTATION_REPRESENTATION (  '', ( #4806 ), #2564 ) ;
#6519 = DIRECTION ( 'NONE',  ( 0.0000000000000000000, -1.000000000000000000, 0.0000000000000000000 ) ) ;
#6520 = ORIENTED_EDGE ( 'NONE', *, *, #3762, .T. ) ;
#6521 = ADVANCED_FACE ( 'NONE', ( #8700 ), #7099, .F. ) ;
#6522 = ORIENTED_EDGE ( 'NONE', *, *, #531, .T. ) ;
#6523 = VECTOR ( 'NONE', #8541, 1000.000000000000000 ) ;
#6524 = ORIENTED_EDGE ( 'NONE', *, *, #2978, .F. ) ;
#6525 = DIRECTION ( 'NONE',  ( 0.0000000000000000000, 1.000000000000000000, 0.0000000000000000000 ) ) ;
#6526 = VERTEX_POINT ( 'NONE', #4023 ) ;
#6527 = PRESENTATION_STYLE_ASSIGNMENT (( #3311 ) ) ;
#6528 = CARTESIAN_POINT ( 'NONE',  ( 11.40166797165682055, 2.000000000000000000, 0.8180000000000000604 ) ) ;
#6529 = CARTESIAN_POINT ( 'NONE',  ( 14.65166797165682055, 0.5500000000000000444, 0.0000000000000000000 ) ) ;
#6530 = DIRECTION ( 'NONE',  ( 0.0000000000000000000, 1.000000000000000000, 0.0000000000000000000 ) ) ;
#6531 = EDGE_CURVE ( 'NONE', #5342, #7357, #7309, .T. ) ;
#6532 = LINE ( 'NONE', #7932, #2164 ) ;
#6533 = LINE ( 'NONE', #8243, #5109 ) ;
#6534 = ORIENTED_EDGE ( 'NONE', *, *, #3044, .F. ) ;
#6535 = ORIENTED_EDGE ( 'NONE', *, *, #1919, .T. ) ;
#6536 = PLANE ( 'NONE',  #9392 ) ;
#6537 = PRESENTATION_LAYER_ASSIGNMENT (  '', '', ( #5170 ) ) ;
#6538 = DIRECTION ( 'NONE',  ( 1.000000000000000000, 0.0000000000000000000, 0.0000000000000000000 ) ) ;
#6539 = CARTESIAN_POINT ( 'NONE',  ( 0.0000000000000000000, 0.0000000000000000000, 0.8180000000000000604 ) ) ;
#6540 =( NAMED_UNIT ( * ) PLANE_ANGLE_UNIT ( ) SI_UNIT ( $, .RADIAN. ) );
#6541 = CARTESIAN_POINT ( 'NONE',  ( 12.40166797165682055, 2.000000000000000000, 0.8000000000000000444 ) ) ;
#6542 = ORIENTED_EDGE ( 'NONE', *, *, #178, .T. ) ;
#6543 = SURFACE_STYLE_FILL_AREA ( #8802 ) ;
#6544 = AXIS2_PLACEMENT_3D ( 'NONE', #5370, #3650, #10124 ) ;
#6545 = LINE ( 'NONE', #8202, #657 ) ;
#6546 = ORIENTED_EDGE ( 'NONE', *, *, #5013, .F. ) ;
#6547 = CARTESIAN_POINT ( 'NONE',  ( 3.651667971656824996, 0.5500000000000000444, -0.01800000000000000211 ) ) ;
#6548 = ORIENTED_EDGE ( 'NONE', *, *, #5962, .T. ) ;
#6549 = DIRECTION ( 'NONE',  ( -1.000000000000000000, -2.990902544787600071E-16, 0.0000000000000000000 ) ) ;
#6550 = CARTESIAN_POINT ( 'NONE',  ( 12.40166797165682055, 2.000000000000000000, 0.8180000000000000604 ) ) ;
#6551 = FILL_AREA_STYLE_COLOUR ( '', #7387 ) ;
#6552 = FILL_AREA_STYLE_COLOUR ( '', #9249 ) ;
#6553 = VECTOR ( 'NONE', #1891, 1000.000000000000000 ) ;
#6554 = ORIENTED_EDGE ( 'NONE', *, *, #4872, .F. ) ;
#6555 = DIRECTION ( 'NONE',  ( 1.000000000000000000, 0.0000000000000000000, 0.0000000000000000000 ) ) ;
#6556 = EDGE_CURVE ( 'NONE', #9892, #835, #3230, .T. ) ;
#6557 = EDGE_LOOP ( 'NONE', ( #8419, #1034, #6123, #8281 ) ) ;
#6558 = ADVANCED_FACE ( 'NONE', ( #10453 ), #2272, .F. ) ;
#6559 =( NAMED_UNIT ( * ) PLANE_ANGLE_UNIT ( ) SI_UNIT ( $, .RADIAN. ) );
#6560 = ADVANCED_FACE ( 'NONE', ( #1345 ), #7906, .F. ) ;
#6561 = FILL_AREA_STYLE_COLOUR ( '', #8269 ) ;
#6562 = EDGE_LOOP ( 'NONE', ( #364, #5881, #1102, #3804 ) ) ;
#6563 = CARTESIAN_POINT ( 'NONE',  ( 19.15166797165684898, 2.000000000000000000, 0.0000000000000000000 ) ) ;
#6564 = FACE_OUTER_BOUND ( 'NONE', #13, .T. ) ;
#6565 = DIRECTION ( 'NONE',  ( 0.0000000000000000000, -1.000000000000000000, 0.0000000000000000000 ) ) ;
#6566 = FACE_OUTER_BOUND ( 'NONE', #4887, .T. ) ;
#6567 = PLANE ( 'NONE',  #2150 ) ;
#6568 = CARTESIAN_POINT ( 'NONE',  ( 15.30166797165684933, 2.000000000000000000, 0.0000000000000000000 ) ) ;
#6569 = LINE ( 'NONE', #3082, #10459 ) ;
#6570 = EDGE_CURVE ( 'NONE', #9931, #3839, #7363, .T. ) ;
#6571 = ADVANCED_FACE ( 'NONE', ( #8262 ), #4130, .F. ) ;
#6572 = ORIENTED_EDGE ( 'NONE', *, *, #9645, .F. ) ;
#6573 = EDGE_CURVE ( 'NONE', #2515, #9429, #2578, .T. ) ;
#6574 = VERTEX_POINT ( 'NONE', #8156 ) ;
#6575 = EDGE_LOOP ( 'NONE', ( #5461, #5473, #10576, #3996 ) ) ;
#6576 = FACE_BOUND ( 'NONE', #7514, .T. ) ;
#6577 = EDGE_LOOP ( 'NONE', ( #9878, #6853, #1750, #608 ) ) ;
#6578 =( LENGTH_UNIT ( ) NAMED_UNIT ( * ) SI_UNIT ( .MILLI., .METRE. ) );
#6579 = LINE ( 'NONE', #3948, #1973 ) ;
#6580 = ADVANCED_FACE ( 'NONE', ( #5854 ), #955, .T. ) ;
#6581 = EDGE_CURVE ( 'NONE', #689, #3115, #5000, .T. ) ;
#6582 = ORIENTED_EDGE ( 'NONE', *, *, #3864, .F. ) ;
#6583 = DIRECTION ( 'NONE',  ( 0.0000000000000000000, 0.0000000000000000000, -1.000000000000000000 ) ) ;
#6584 = PLANE ( 'NONE',  #9007 ) ;
#6585 = CARTESIAN_POINT ( 'NONE',  ( 9.651667971656820555, 0.5500000000000000444, 0.0000000000000000000 ) ) ;
#6586 = CARTESIAN_POINT ( 'NONE',  ( 10.80166797165682091, 2.000000000000000000, 0.0000000000000000000 ) ) ;
#6587 = ORIENTED_EDGE ( 'NONE', *, *, #4675, .F. ) ;
#6588 = ORIENTED_EDGE ( 'NONE', *, *, #5212, .T. ) ;
#6589 = CARTESIAN_POINT ( 'NONE',  ( 2.301667971656824907, 2.000000000000000000, -0.01800000000000000211 ) ) ;
#6590 = EDGE_CURVE ( 'NONE', #1541, #267, #4234, .T. ) ;
#6591 = LINE ( 'NONE', #8189, #10209 ) ;
#6592 = CARTESIAN_POINT ( 'NONE',  ( 1.551667971656825129, 2.000000000000000000, 0.8000000000000000444 ) ) ;
#6593 = DIRECTION ( 'NONE',  ( -1.000000000000000000, 0.0000000000000000000, 0.0000000000000000000 ) ) ;
#6594 =( NAMED_UNIT ( * ) SI_UNIT ( $, .STERADIAN. ) SOLID_ANGLE_UNIT ( ) );
#6595 = ORIENTED_EDGE ( 'NONE', *, *, #8013, .T. ) ;
#6596 = DIRECTION ( 'NONE',  ( 0.0000000000000000000, 1.000000000000000000, 0.0000000000000000000 ) ) ;
#6597 = VECTOR ( 'NONE', #2347, 1000.000000000000000 ) ;
#6598 = VECTOR ( 'NONE', #6916, 1000.000000000000000 ) ;
#6599 = CARTESIAN_POINT ( 'NONE',  ( 11.40166797165682055, 0.5500000000000000444, 0.8180000000000000604 ) ) ;
#6600 = ORIENTED_EDGE ( 'NONE', *, *, #7385, .F. ) ;
#6601 = CARTESIAN_POINT ( 'NONE',  ( 3.901667971656824996, 2.000000000000000000, 0.8000000000000000444 ) ) ;
#6602 = ORIENTED_EDGE ( 'NONE', *, *, #9557, .F. ) ;
#6603 = LINE ( 'NONE', #4233, #437 ) ;
#6604 = STYLED_ITEM ( 'NONE', ( #1958 ), #4934 ) ;
#6605 = DIRECTION ( 'NONE',  ( 0.0000000000000000000, 0.0000000000000000000, -1.000000000000000000 ) ) ;
#6606 = CARTESIAN_POINT ( 'NONE',  ( 5.451667971656830147, -9.629649721936179265E-32, 0.8000000000000000444 ) ) ;
#6607 = DIRECTION ( 'NONE',  ( 0.0000000000000000000, 1.000000000000000000, 0.0000000000000000000 ) ) ;
#6608 = ORIENTED_EDGE ( 'NONE', *, *, #4048, .T. ) ;
#6609 = ORIENTED_EDGE ( 'NONE', *, *, #5725, .F. ) ;
#6610 = LINE ( 'NONE', #3443, #3712 ) ;
#6611 = VECTOR ( 'NONE', #4516, 1000.000000000000000 ) ;
#6612 = DIRECTION ( 'NONE',  ( 0.0000000000000000000, 0.0000000000000000000, 1.000000000000000000 ) ) ;
#6613 = CIRCLE ( 'NONE', #8840, 0.5999999999999998668 ) ;
#6614 = ORIENTED_EDGE ( 'NONE', *, *, #3608, .T. ) ;
#6615 = DIRECTION ( 'NONE',  ( 0.0000000000000000000, 1.000000000000000000, 0.0000000000000000000 ) ) ;
#6616 = CARTESIAN_POINT ( 'NONE',  ( 10.40166797165682055, 2.000000000000000000, 0.8180000000000000604 ) ) ;
#6617 = PLANE ( 'NONE',  #3953 ) ;
#6618 = CARTESIAN_POINT ( 'NONE',  ( 14.00000000000000000, 79.00000000000000000, 0.0000000000000000000 ) ) ;
#6619 = EDGE_CURVE ( 'NONE', #8370, #46, #9116, .T. ) ;
#6620 = VECTOR ( 'NONE', #7198, 1000.000000000000000 ) ;
#6621 = DIRECTION ( 'NONE',  ( 0.0000000000000000000, 1.000000000000000000, 0.0000000000000000000 ) ) ;
#6622 = PLANE ( 'NONE',  #2221 ) ;
#6623 = LINE ( 'NONE', #1028, #7403 ) ;
#6624 = ORIENTED_EDGE ( 'NONE', *, *, #6109, .T. ) ;
#6625 = VECTOR ( 'NONE', #9143, 1000.000000000000000 ) ;
#6626 = ORIENTED_EDGE ( 'NONE', *, *, #1317, .F. ) ;
#6627 = VERTEX_POINT ( 'NONE', #3483 ) ;
#6628 = EDGE_CURVE ( 'NONE', #4907, #5827, #1716, .T. ) ;
#6629 = DIRECTION ( 'NONE',  ( 1.000000000000000000, 0.0000000000000000000, 0.0000000000000000000 ) ) ;
#6630 = ORIENTED_EDGE ( 'NONE', *, *, #10553, .T. ) ;
#6631 = EDGE_CURVE ( 'NONE', #10149, #937, #7518, .T. ) ;
#6632 = DIRECTION ( 'NONE',  ( -0.0000000000000000000, 1.000000000000000000, 0.0000000000000000000 ) ) ;
#6633 = VECTOR ( 'NONE', #9970, 1000.000000000000000 ) ;
#6634 = CARTESIAN_POINT ( 'NONE',  ( 3.051667971656824907, 2.000000000000000000, 0.8180000000000000604 ) ) ;
#6635 = EDGE_CURVE ( 'NONE', #7211, #4427, #4294, .T. ) ;
#6636 = VECTOR ( 'NONE', #8994, 1000.000000000000000 ) ;
#6637 = ORIENTED_EDGE ( 'NONE', *, *, #8015, .T. ) ;
#6638 = CARTESIAN_POINT ( 'NONE',  ( 18.15166797165684898, 2.000000000000000000, 0.0000000000000000000 ) ) ;
#6639 = FACE_OUTER_BOUND ( 'NONE', #1946, .T. ) ;
#6640 = DIRECTION ( 'NONE',  ( 0.0000000000000000000, -1.000000000000000000, 0.0000000000000000000 ) ) ;
#6641 = EDGE_LOOP ( 'NONE', ( #7914, #3490, #2354, #3266 ) ) ;
#6642 = ADVANCED_FACE ( 'NONE', ( #1772 ), #898, .T. ) ;
#6643 = EDGE_CURVE ( 'NONE', #713, #3319, #2630, .T. ) ;
#6644 = VERTEX_POINT ( 'NONE', #8958 ) ;
#6645 = DIRECTION ( 'NONE',  ( 1.000000000000000000, 2.990902544787600071E-16, 0.0000000000000000000 ) ) ;
#6646 = ADVANCED_FACE ( 'NONE', ( #5697 ), #4070, .T. ) ;
#6647 = CARTESIAN_POINT ( 'NONE',  ( 4.251667971656825529, 0.2999999999999944933, 0.8000000000000000444 ) ) ;
#6648 = DIRECTION ( 'NONE',  ( 1.000000000000000000, 0.0000000000000000000, 0.0000000000000000000 ) ) ;
#6649 = PLANE ( 'NONE',  #10470 ) ;
#6650 = EDGE_LOOP ( 'NONE', ( #3055, #10065, #5446, #5294 ) ) ;
#6651 = CARTESIAN_POINT ( 'NONE',  ( 15.40166797165684898, 2.000000000000000000, 0.8180000000000000604 ) ) ;
#6652 = ADVANCED_FACE ( 'NONE', ( #2469 ), #6757, .F. ) ;
#6653 = AXIS2_PLACEMENT_3D ( 'NONE', #2503, #3414, #6796 ) ;
#6654 = PLANE ( 'NONE',  #4978 ) ;
#6655 = VERTEX_POINT ( 'NONE', #8366 ) ;
#6656 = CARTESIAN_POINT ( 'NONE',  ( -6.938893903907229955E-15, 80.00000000000000000, 0.8000000000000000444 ) ) ;
#6657 = VECTOR ( 'NONE', #6434, 1000.000000000000000 ) ;
#6658 = EDGE_LOOP ( 'NONE', ( #9013, #5820, #6637, #8285 ) ) ;
#6659 = DIRECTION ( 'NONE',  ( 0.0000000000000000000, 0.0000000000000000000, 1.000000000000000000 ) ) ;
#6660 = CARTESIAN_POINT ( 'NONE',  ( 0.0000000000000000000, 0.0000000000000000000, -0.01800000000000000211 ) ) ;
#6661 = FACE_OUTER_BOUND ( 'NONE', #8527, .T. ) ;
#6662 = DIRECTION ( 'NONE',  ( 0.0000000000000000000, 0.0000000000000000000, -1.000000000000000000 ) ) ;
#6663 = ORIENTED_EDGE ( 'NONE', *, *, #8661, .F. ) ;
#6664 = ORIENTED_EDGE ( 'NONE', *, *, #3092, .F. ) ;
#6665 = LINE ( 'NONE', #2531, #4391 ) ;
#6666 = FACE_OUTER_BOUND ( 'NONE', #10349, .T. ) ;
#6667 = EDGE_LOOP ( 'NONE', ( #225, #8474, #623, #7418 ) ) ;
#6668 = FACE_OUTER_BOUND ( 'NONE', #8769, .T. ) ;
#6669 = VECTOR ( 'NONE', #4289, 1000.000000000000000 ) ;
#6670 = DIRECTION ( 'NONE',  ( 1.000000000000000000, 0.0000000000000000000, 0.0000000000000000000 ) ) ;
#6671 = DIRECTION ( 'NONE',  ( 0.0000000000000000000, -1.000000000000000000, 0.0000000000000000000 ) ) ;
#6672 = VECTOR ( 'NONE', #3432, 1000.000000000000000 ) ;
#6673 = PLANE ( 'NONE',  #821 ) ;
#6674 = DIRECTION ( 'NONE',  ( 1.000000000000000000, 0.0000000000000000000, 0.0000000000000000000 ) ) ;
#6675 = PLANE ( 'NONE',  #3074 ) ;
#6676 = CARTESIAN_POINT ( 'NONE',  ( 6.551667971656830680, 0.5500000000000000444, 0.8180000000000000604 ) ) ;
#6677 = AXIS2_PLACEMENT_3D ( 'NONE', #1734, #913, #1950 ) ;
#6678 = ORIENTED_EDGE ( 'NONE', *, *, #6114, .T. ) ;
#6679 = VECTOR ( 'NONE', #8509, 1000.000000000000000 ) ;
#6680 = VECTOR ( 'NONE', #8479, 1000.000000000000000 ) ;
#6681 = ORIENTED_EDGE ( 'NONE', *, *, #10007, .T. ) ;
#6682 = ORIENTED_EDGE ( 'NONE', *, *, #5246, .T. ) ;
#6683 = CARTESIAN_POINT ( 'NONE',  ( 20.40166797165684542, 2.000000000000000000, 0.8000000000000000444 ) ) ;
#6684 = ORIENTED_EDGE ( 'NONE', *, *, #8854, .F. ) ;
#6685 = STYLED_ITEM ( 'NONE', ( #4192 ), #6889 ) ;
#6686 = DIRECTION ( 'NONE',  ( 0.0000000000000000000, 0.0000000000000000000, 1.000000000000000000 ) ) ;
#6687 = ORIENTED_EDGE ( 'NONE', *, *, #6095, .T. ) ;
#6688 = VECTOR ( 'NONE', #4582, 1000.000000000000000 ) ;
#6689 = CARTESIAN_POINT ( 'NONE',  ( 13.40166797165682055, 2.000000000000000000, 0.8180000000000000604 ) ) ;
#6690 = EDGE_CURVE ( 'NONE', #2727, #2776, #2423, .T. ) ;
#6691 = ADVANCED_FACE ( 'NONE', ( #4942 ), #846, .F. ) ;
#6692 = PRESENTATION_LAYER_ASSIGNMENT (  '', '', ( #4460 ) ) ;
#6693 = CARTESIAN_POINT ( 'NONE',  ( 0.0000000000000000000, 0.0000000000000000000, -0.01800000000000000211 ) ) ;
#6694 = EDGE_CURVE ( 'NONE', #8233, #2225, #6810, .T. ) ;
#6695 = LINE ( 'NONE', #1753, #8179 ) ;
#6696 = ORIENTED_EDGE ( 'NONE', *, *, #7187, .T. ) ;
#6697 = ORIENTED_EDGE ( 'NONE', *, *, #1314, .T. ) ;
#6698 = DIRECTION ( 'NONE',  ( 0.0000000000000000000, 0.0000000000000000000, -1.000000000000000000 ) ) ;
#6699 = DIRECTION ( 'NONE',  ( 0.0000000000000000000, 0.0000000000000000000, 1.000000000000000000 ) ) ;
#6700 = CARTESIAN_POINT ( 'NONE',  ( 17.90166797165684898, 0.5500000000000000444, 0.8000000000000000444 ) ) ;
#6701 = DIRECTION ( 'NONE',  ( -1.124211620330683869E-15, 0.9396926207859108704, 0.3420201433256619405 ) ) ;
#6702 = ADVANCED_FACE ( 'NONE', ( #6178 ), #4507, .F. ) ;
#6703 = ORIENTED_EDGE ( 'NONE', *, *, #1845, .F. ) ;
#6704 = DIRECTION ( 'NONE',  ( 0.0000000000000000000, -1.000000000000000000, 0.0000000000000000000 ) ) ;
#6705 = EDGE_CURVE ( 'NONE', #3130, #3917, #8420, .T. ) ;
#6706 = VECTOR ( 'NONE', #7974, 1000.000000000000000 ) ;
#6707 = VERTEX_POINT ( 'NONE', #5207 ) ;
#6708 = VECTOR ( 'NONE', #266, 1000.000000000000000 ) ;
#6709 = PLANE ( 'NONE',  #826 ) ;
#6710 = VERTEX_POINT ( 'NONE', #4392 ) ;
#6711 = DIRECTION ( 'NONE',  ( -1.000000000000000000, 0.0000000000000000000, 0.0000000000000000000 ) ) ;
#6712 = CARTESIAN_POINT ( 'NONE',  ( 18.15166797165684898, 2.000000000000000000, -0.01800000000000000211 ) ) ;
#6713 = CARTESIAN_POINT ( 'NONE',  ( 19.30166797165679782, 0.5499999999999900524, -0.01800000000000000211 ) ) ;
#6714 = LINE ( 'NONE', #8368, #4639 ) ;
#6715 = ORIENTED_EDGE ( 'NONE', *, *, #1395, .T. ) ;
#6716 = SURFACE_STYLE_USAGE ( .BOTH. , #1886 ) ;
#6717 = VECTOR ( 'NONE', #9699, 1000.000000000000000 ) ;
#6718 = ORIENTED_EDGE ( 'NONE', *, *, #4827, .T. ) ;
#6719 = CARTESIAN_POINT ( 'NONE',  ( 3.401667971656824996, 2.000000000000000000, 0.8000000000000000444 ) ) ;
#6720 = DIRECTION ( 'NONE',  ( 1.349932385011857514E-17, 0.3420201433256619405, -0.9396926207859108704 ) ) ;
#6721 = EDGE_LOOP ( 'NONE', ( #6520, #10195, #9082, #9202 ) ) ;
#6722 = CARTESIAN_POINT ( 'NONE',  ( 21.99500000000000099, 5.200000000000000178, -1.350000000000000089 ) ) ;
#6723 = FACE_OUTER_BOUND ( 'NONE', #8894, .T. ) ;
#6724 = DIRECTION ( 'NONE',  ( 1.000000000000000000, -1.239088197126289880E-15, 0.0000000000000000000 ) ) ;
#6725 = EDGE_CURVE ( 'NONE', #4525, #4772, #1223, .T. ) ;
#6726 = LINE ( 'NONE', #5172, #10260 ) ;
#6727 = DIRECTION ( 'NONE',  ( 1.000000000000000000, 0.0000000000000000000, 0.0000000000000000000 ) ) ;
#6728 = DIRECTION ( 'NONE',  ( 0.0000000000000000000, -1.000000000000000000, 0.0000000000000000000 ) ) ;
#6729 = ORIENTED_EDGE ( 'NONE', *, *, #7044, .F. ) ;
#6730 = EDGE_LOOP ( 'NONE', ( #1468, #7756, #7292, #4344 ) ) ;
#6731 = ORIENTED_EDGE ( 'NONE', *, *, #2323, .F. ) ;
#6732 = FACE_BOUND ( 'NONE', #2786, .T. ) ;
#6733 = ORIENTED_EDGE ( 'NONE', *, *, #8289, .F. ) ;
#6734 = PRESENTATION_STYLE_ASSIGNMENT (( #9194 ) ) ;
#6735 = LINE ( 'NONE', #7595, #9662 ) ;
#6736 = ORIENTED_EDGE ( 'NONE', *, *, #3119, .F. ) ;
#6737 = DIRECTION ( 'NONE',  ( 0.0000000000000000000, 1.000000000000000000, 0.0000000000000000000 ) ) ;
#6738 = LINE ( 'NONE', #7499, #5242 ) ;
#6739 = DIRECTION ( 'NONE',  ( 0.0000000000000000000, -1.000000000000000000, 0.0000000000000000000 ) ) ;
#6740 = VERTEX_POINT ( 'NONE', #2045 ) ;
#6741 = ORIENTED_EDGE ( 'NONE', *, *, #6114, .F. ) ;
#6742 = PLANE ( 'NONE',  #7401 ) ;
#6743 = CARTESIAN_POINT ( 'NONE',  ( 14.80166797165682091, 0.5500000000000000444, -0.01800000000000000211 ) ) ;
#6744 = LINE ( 'NONE', #4433, #6339 ) ;
#6745 = EDGE_CURVE ( 'NONE', #6815, #3628, #6871, .T. ) ;
#6746 = LINE ( 'NONE', #5946, #8822 ) ;
#6747 = PLANE ( 'NONE',  #7755 ) ;
#6748 = VERTEX_POINT ( 'NONE', #5366 ) ;
#6749 = PLANE ( 'NONE',  #1290 ) ;
#6750 = STYLED_ITEM ( 'NONE', ( #3045 ), #2519 ) ;
#6751 = CARTESIAN_POINT ( 'NONE',  ( 18.80166797165680137, 0.5499999999999929390, 0.0000000000000000000 ) ) ;
#6752 = ORIENTED_EDGE ( 'NONE', *, *, #2236, .T. ) ;
#6753 = LINE ( 'NONE', #4504, #6168 ) ;
#6754 = VERTEX_POINT ( 'NONE', #7839 ) ;
#6755 = ADVANCED_FACE ( 'NONE', ( #10060 ), #7731, .F. ) ;
#6756 = EDGE_CURVE ( 'NONE', #4997, #1969, #2736, .T. ) ;
#6757 = PLANE ( 'NONE',  #840 ) ;
#6758 = EDGE_CURVE ( 'NONE', #3355, #10507, #10010, .T. ) ;
#6759 = CARTESIAN_POINT ( 'NONE',  ( 0.0000000000000000000, 0.0000000000000000000, 0.8180000000000000604 ) ) ;
#6760 = VECTOR ( 'NONE', #9784, 1000.000000000000114 ) ;
#6761 = VERTEX_POINT ( 'NONE', #1937 ) ;
#6762 = EDGE_CURVE ( 'NONE', #8068, #3994, #3700, .T. ) ;
#6763 = LINE ( 'NONE', #5051, #6032 ) ;
#6764 = VERTEX_POINT ( 'NONE', #1162 ) ;
#6765 = AXIS2_PLACEMENT_3D ( 'NONE', #4330, #1977, #1927 ) ;
#6766 = DIRECTION ( 'NONE',  ( -1.000000000000000000, 0.0000000000000000000, 0.0000000000000000000 ) ) ;
#6767 = LINE ( 'NONE', #9971, #2617 ) ;
#6768 = ORIENTED_EDGE ( 'NONE', *, *, #4860, .T. ) ;
#6769 = CARTESIAN_POINT ( 'NONE',  ( 0.0000000000000000000, 0.0000000000000000000, 0.8180000000000000604 ) ) ;
#6770 = VECTOR ( 'NONE', #6629, 1000.000000000000000 ) ;
#6771 = DIRECTION ( 'NONE',  ( -0.0000000000000000000, 1.000000000000000000, 0.0000000000000000000 ) ) ;
#6772 = EDGE_CURVE ( 'NONE', #10041, #4158, #298, .T. ) ;
#6773 = ADVANCED_FACE ( 'NONE', ( #1063 ), #8633, .F. ) ;
#6774 = CARTESIAN_POINT ( 'NONE',  ( 14.65166797165682055, 2.000000000000000000, -0.01800000000000000211 ) ) ;
#6775 = LINE ( 'NONE', #2697, #4092 ) ;
#6776 = EDGE_CURVE ( 'NONE', #5434, #7794, #4563, .T. ) ;
#6777 =( LENGTH_UNIT ( ) NAMED_UNIT ( * ) SI_UNIT ( .MILLI., .METRE. ) );
#6778 = FACE_OUTER_BOUND ( 'NONE', #6721, .T. ) ;
#6779 = DIRECTION ( 'NONE',  ( 0.0000000000000000000, 1.000000000000000000, 0.0000000000000000000 ) ) ;
#6780 = ORIENTED_EDGE ( 'NONE', *, *, #9189, .F. ) ;
#6781 = VECTOR ( 'NONE', #4902, 1000.000000000000000 ) ;
#6782 = VECTOR ( 'NONE', #4500, 1000.000000000000114 ) ;
#6783 = ADVANCED_FACE ( 'NONE', ( #3537 ), #10120, .F. ) ;
#6784 = ORIENTED_EDGE ( 'NONE', *, *, #9398, .T. ) ;
#6785 = ORIENTED_EDGE ( 'NONE', *, *, #2888, .T. ) ;
#6786 = FACE_BOUND ( 'NONE', #9700, .T. ) ;
#6787 = EDGE_LOOP ( 'NONE', ( #3124, #5689, #10367, #7437 ) ) ;
#6788 = LINE ( 'NONE', #3461, #10291 ) ;
#6789 = LINE ( 'NONE', #1684, #1270 ) ;
#6790 = AXIS2_PLACEMENT_3D ( 'NONE', #2401, #5457, #1634 ) ;
#6791 = CARTESIAN_POINT ( 'NONE',  ( 14.05166797165682091, 2.000000000000000000, 0.8000000000000000444 ) ) ;
#6792 = ORIENTED_EDGE ( 'NONE', *, *, #2551, .T. ) ;
#6793 =( NAMED_UNIT ( * ) PLANE_ANGLE_UNIT ( ) SI_UNIT ( $, .RADIAN. ) );
#6794 = DIRECTION ( 'NONE',  ( 0.0000000000000000000, 0.0000000000000000000, -1.000000000000000000 ) ) ;
#6795 = STYLED_ITEM ( 'NONE', ( #7352 ), #9564 ) ;
#6796 = DIRECTION ( 'NONE',  ( 0.0000000000000000000, 0.0000000000000000000, -1.000000000000000000 ) ) ;
#6797 = VERTEX_POINT ( 'NONE', #9375 ) ;
#6798 = ORIENTED_EDGE ( 'NONE', *, *, #260, .T. ) ;
#6799 = DIRECTION ( 'NONE',  ( 0.0000000000000000000, 0.0000000000000000000, -1.000000000000000000 ) ) ;
#6800 = CARTESIAN_POINT ( 'NONE',  ( 12.90166797165682055, 0.5500000000000000444, 0.8000000000000000444 ) ) ;
#6801 = DIRECTION ( 'NONE',  ( 1.000000000000000000, 0.0000000000000000000, 0.0000000000000000000 ) ) ;
#6802 = CARTESIAN_POINT ( 'NONE',  ( 17.55166797165684756, 2.000000000000000000, 0.8180000000000000604 ) ) ;
#6803 = PLANE ( 'NONE',  #4208 ) ;
#6804 = VERTEX_POINT ( 'NONE', #4448 ) ;
#6805 = DIRECTION ( 'NONE',  ( 0.0000000000000000000, 1.000000000000000000, 0.0000000000000000000 ) ) ;
#6806 = CARTESIAN_POINT ( 'NONE',  ( 14.40166797165682055, 0.5500000000000000444, 0.8180000000000000604 ) ) ;
#6807 = ORIENTED_EDGE ( 'NONE', *, *, #844, .F. ) ;
#6808 = CARTESIAN_POINT ( 'NONE',  ( 18.55166797165685111, 2.000000000000000000, 0.8180000000000000604 ) ) ;
#6809 = ORIENTED_EDGE ( 'NONE', *, *, #3765, .F. ) ;
#6810 = LINE ( 'NONE', #5954, #4638 ) ;
#6811 = LINE ( 'NONE', #1938, #863 ) ;
#6812 = DIRECTION ( 'NONE',  ( 0.0000000000000000000, 0.0000000000000000000, -1.000000000000000000 ) ) ;
#6813 = ORIENTED_EDGE ( 'NONE', *, *, #7298, .T. ) ;
#6814 = PRESENTATION_STYLE_ASSIGNMENT (( #6716 ) ) ;
#6815 = VERTEX_POINT ( 'NONE', #5315 ) ;
#6816 = VECTOR ( 'NONE', #10364, 1000.000000000000000 ) ;
#6817 = FACE_OUTER_BOUND ( 'NONE', #5346, .T. ) ;
#6818 = EDGE_CURVE ( 'NONE', #4772, #5371, #8582, .T. ) ;
#6819 = EDGE_CURVE ( 'NONE', #4491, #7924, #6983, .T. ) ;
#6820 = EDGE_CURVE ( 'NONE', #3088, #10004, #1277, .T. ) ;
#6821 = CARTESIAN_POINT ( 'NONE',  ( 9.401667971656829437, 0.5500000000000000444, 0.8180000000000000604 ) ) ;
#6822 = ORIENTED_EDGE ( 'NONE', *, *, #3304, .F. ) ;
#6823 = VECTOR ( 'NONE', #9180, 1000.000000000000000 ) ;
#6824 = CARTESIAN_POINT ( 'NONE',  ( 14.00000000000000000, 79.99000000000000909, -0.001000000000000000021 ) ) ;
#6825 = FILL_AREA_STYLE ('',( #10025 ) ) ;
#6826 = DIRECTION ( 'NONE',  ( -1.560916672072290890E-32, 0.3420201433256619405, -0.9396926207859108704 ) ) ;
#6827 = FACE_OUTER_BOUND ( 'NONE', #8293, .T. ) ;
#6828 = FACE_OUTER_BOUND ( 'NONE', #2343, .T. ) ;
#6829 = CARTESIAN_POINT ( 'NONE',  ( 13.05166797165682091, 2.000000000000000000, 0.8000000000000000444 ) ) ;
#6830 = VERTEX_POINT ( 'NONE', #5970 ) ;
#6831 = EDGE_CURVE ( 'NONE', #2515, #675, #4146, .T. ) ;
#6832 = AXIS2_PLACEMENT_3D ( 'NONE', #10167, #4337, #1986 ) ;
#6833 = EDGE_CURVE ( 'NONE', #3310, #3352, #864, .T. ) ;
#6834 = VERTEX_POINT ( 'NONE', #1788 ) ;
#6835 = AXIS2_PLACEMENT_3D ( 'NONE', #9690, #1543, #9530 ) ;
#6836 = VERTEX_POINT ( 'NONE', #5017 ) ;
#6837 = CARTESIAN_POINT ( 'NONE',  ( 0.005000000000005000445, 4.009999999999999787, 2.149999999999999911 ) ) ;
#6838 = VERTEX_POINT ( 'NONE', #3452 ) ;
#6839 = DIRECTION ( 'NONE',  ( 0.0000000000000000000, 0.0000000000000000000, -1.000000000000000000 ) ) ;
#6840 = CARTESIAN_POINT ( 'NONE',  ( 15.65166797165684898, 2.000000000000000000, -0.01800000000000000211 ) ) ;
#6841 = MECHANICAL_DESIGN_GEOMETRIC_PRESENTATION_REPRESENTATION (  '', ( #663 ), #10071 ) ;
#6842 = VECTOR ( 'NONE', #8329, 1000.000000000000000 ) ;
#6843 = PRODUCT ( 'D54F96B5-D83B-4B7E-93E6-CD4B3C74158D', 'D54F96B5-D83B-4B7E-93E6-CD4B3C74158D', '', ( #5828 ) ) ;
#6844 = EDGE_CURVE ( 'NONE', #9283, #10487, #3551, .T. ) ;
#6845 = PLANE ( 'NONE',  #1907 ) ;
#6846 = VERTEX_POINT ( 'NONE', #3346 ) ;
#6847 = CARTESIAN_POINT ( 'NONE',  ( 17.90166797165684898, 2.000000000000000000, 0.8000000000000000444 ) ) ;
#6848 = VECTOR ( 'NONE', #2116, 1000.000000000000000 ) ;
#6849 = CARTESIAN_POINT ( 'NONE',  ( 3.901667971656824996, 0.5500000000000000444, 0.8180000000000000604 ) ) ;
#6850 = VECTOR ( 'NONE', #643, 1000.000000000000000 ) ;
#6851 = EDGE_LOOP ( 'NONE', ( #1797, #3722, #1247, #10191 ) ) ;
#6852 = FACE_OUTER_BOUND ( 'NONE', #5517, .T. ) ;
#6853 = ORIENTED_EDGE ( 'NONE', *, *, #2788, .T. ) ;
#6854 = DIRECTION ( 'NONE',  ( 0.0000000000000000000, 1.000000000000000000, 0.0000000000000000000 ) ) ;
#6855 = DIRECTION ( 'NONE',  ( 0.0000000000000000000, 0.0000000000000000000, -1.000000000000000000 ) ) ;
#6856 = CARTESIAN_POINT ( 'NONE',  ( 3.301667971656824907, 0.5500000000000000444, 0.0000000000000000000 ) ) ;
#6857 = ADVANCED_FACE ( 'NONE', ( #9078 ), #10028, .T. ) ;
#6858 = AXIS2_PLACEMENT_3D ( 'NONE', #2682, #6064, #9321 ) ;
#6859 = AXIS2_PLACEMENT_3D ( 'NONE', #1330, #8847, #9534 ) ;
#6860 = CARTESIAN_POINT ( 'NONE',  ( 14.15166797165682055, 2.000000000000000000, -0.01800000000000000211 ) ) ;
#6861 = DIRECTION ( 'NONE',  ( -1.000000000000000000, 0.0000000000000000000, 0.0000000000000000000 ) ) ;
#6862 = EDGE_LOOP ( 'NONE', ( #8214, #1873, #7960, #68 ) ) ;
#6863 = DIRECTION ( 'NONE',  ( -1.000000000000000000, 0.0000000000000000000, 0.0000000000000000000 ) ) ;
#6864 = CARTESIAN_POINT ( 'NONE',  ( 20.15166797165684542, 2.000000000000000000, -0.01800000000000000211 ) ) ;
#6865 = ORIENTED_EDGE ( 'NONE', *, *, #6190, .F. ) ;
#6866 = VERTEX_POINT ( 'NONE', #9022 ) ;
#6867 = CARTESIAN_POINT ( 'NONE',  ( 10.05166797165682091, 2.000000000000000000, 0.8180000000000000604 ) ) ;
#6868 = VECTOR ( 'NONE', #7040, 1000.000000000000000 ) ;
#6869 = EDGE_LOOP ( 'NONE', ( #9758, #2843, #4273, #1677 ) ) ;
#6870 = AXIS2_PLACEMENT_3D ( 'NONE', #8848, #8748, #3857 ) ;
#6871 = LINE ( 'NONE', #8466, #1361 ) ;
#6872 = CARTESIAN_POINT ( 'NONE',  ( 7.051667971656829792, 2.000000000000000000, 0.8000000000000000444 ) ) ;
#6873 = FACE_OUTER_BOUND ( 'NONE', #10518, .T. ) ;
#6874 = ORIENTED_EDGE ( 'NONE', *, *, #6581, .T. ) ;
#6875 = PLANE ( 'NONE',  #7923 ) ;
#6876 = ORIENTED_EDGE ( 'NONE', *, *, #2567, .T. ) ;
#6877 = LINE ( 'NONE', #7092, #2681 ) ;
#6878 = VECTOR ( 'NONE', #7383, 1000.000000000000000 ) ;
#6879 = LINE ( 'NONE', #2800, #24 ) ;
#6880 = ORIENTED_EDGE ( 'NONE', *, *, #7165, .T. ) ;
#6881 = EDGE_LOOP ( 'NONE', ( #1218, #9064, #2680, #8946 ) ) ;
#6882 = DIRECTION ( 'NONE',  ( 1.000000000000000000, 0.0000000000000000000, 0.0000000000000000000 ) ) ;
#6883 = LINE ( 'NONE', #9389, #7701 ) ;
#6884 = PRESENTATION_LAYER_ASSIGNMENT (  '', '', ( #5847 ) ) ;
#6885 = ADVANCED_FACE ( 'NONE', ( #8328 ), #2538, .F. ) ;
#6886 = VECTOR ( 'NONE', #2807, 1000.000000000000000 ) ;
#6887 = CARTESIAN_POINT ( 'NONE',  ( 0.004999999999989870186, 79.99000000000000909, -1.350000000000000089 ) ) ;
#6888 = CARTESIAN_POINT ( 'NONE',  ( 7.801667971656819134, 0.5500000000000000444, -0.01800000000000000211 ) ) ;
#6889 = ADVANCED_FACE ( 'NONE', ( #6827 ), #4959, .T. ) ;
#6890 = CARTESIAN_POINT ( 'NONE',  ( 18.15166797165684898, 2.000000000000000000, -0.01800000000000000211 ) ) ;
#6891 = ORIENTED_EDGE ( 'NONE', *, *, #7692, .F. ) ;
#6892 = DIRECTION ( 'NONE',  ( 1.000000000000000000, 0.0000000000000000000, 0.0000000000000000000 ) ) ;
#6893 = VECTOR ( 'NONE', #6361, 1000.000000000000000 ) ;
#6894 = VECTOR ( 'NONE', #7045, 1000.000000000000000 ) ;
#6895 = VERTEX_POINT ( 'NONE', #5066 ) ;
#6896 = VERTEX_POINT ( 'NONE', #4251 ) ;
#6897 = CARTESIAN_POINT ( 'NONE',  ( 3.051667971656824907, 0.5500000000000000444, 0.8000000000000000444 ) ) ;
#6898 = ORIENTED_EDGE ( 'NONE', *, *, #5390, .F. ) ;
#6899 = CARTESIAN_POINT ( 'NONE',  ( 11.80166797165682091, 2.000000000000000000, -0.01800000000000000211 ) ) ;
#6900 = EDGE_CURVE ( 'NONE', #10140, #3942, #8380, .T. ) ;
#6901 = EDGE_CURVE ( 'NONE', #6082, #3159, #6726, .T. ) ;
#6902 = EDGE_CURVE ( 'NONE', #3862, #7182, #4356, .T. ) ;
#6903 = ORIENTED_EDGE ( 'NONE', *, *, #1172, .T. ) ;
#6904 = FILL_AREA_STYLE ('',( #4537 ) ) ;
#6905 = MECHANICAL_DESIGN_GEOMETRIC_PRESENTATION_REPRESENTATION (  '', ( #1240 ), #5534 ) ;
#6906 = DIRECTION ( 'NONE',  ( -0.0000000000000000000, 1.000000000000000000, 0.0000000000000000000 ) ) ;
#6907 = ORIENTED_EDGE ( 'NONE', *, *, #5187, .F. ) ;
#6908 = DIRECTION ( 'NONE',  ( 0.0000000000000000000, 0.0000000000000000000, 1.000000000000000000 ) ) ;
#6909 = VERTEX_POINT ( 'NONE', #8226 ) ;
#6910 = CARTESIAN_POINT ( 'NONE',  ( 15.40166797165684898, 0.5500000000000000444, 0.8180000000000000604 ) ) ;
#6911 = CARTESIAN_POINT ( 'NONE',  ( 8.551667971656828016, 0.5500000000000000444, 0.8000000000000000444 ) ) ;
#6912 = EDGE_CURVE ( 'NONE', #8245, #4598, #7430, .T. ) ;
#6913 = EDGE_CURVE ( 'NONE', #6627, #8518, #10133, .T. ) ;
#6914 = CARTESIAN_POINT ( 'NONE',  ( 0.0000000000000000000, 0.0000000000000000000, -0.01800000000000000211 ) ) ;
#6915 = FACE_OUTER_BOUND ( 'NONE', #8113, .T. ) ;
#6916 = DIRECTION ( 'NONE',  ( -1.000000000000000000, 0.0000000000000000000, 0.0000000000000000000 ) ) ;
#6917 = CARTESIAN_POINT ( 'NONE',  ( -6.938893903907229955E-15, 80.00000000000000000, 0.8000000000000000444 ) ) ;
#6918 = ORIENTED_EDGE ( 'NONE', *, *, #6619, .T. ) ;
#6919 = CARTESIAN_POINT ( 'NONE',  ( 3.301667971656824907, 2.000000000000000000, 0.0000000000000000000 ) ) ;
#6920 = CARTESIAN_POINT ( 'NONE',  ( 2.651667971656824996, 0.5500000000000000444, -0.01800000000000000211 ) ) ;
#6921 = ADVANCED_FACE ( 'NONE', ( #2805 ), #8600, .T. ) ;
#6922 = EDGE_LOOP ( 'NONE', ( #7949, #4044, #700, #10414 ) ) ;
#6923 = ORIENTED_EDGE ( 'NONE', *, *, #3812, .F. ) ;
#6924 = CARTESIAN_POINT ( 'NONE',  ( 7.901667971656829437, 0.5500000000000000444, 0.8000000000000000444 ) ) ;
#6925 = EDGE_LOOP ( 'NONE', ( #9673, #6056, #7484, #2223 ) ) ;
#6926 = DIRECTION ( 'NONE',  ( 0.0000000000000000000, -1.000000000000000000, 0.0000000000000000000 ) ) ;
#6927 = PLANE ( 'NONE',  #7549 ) ;
#6928 = DIRECTION ( 'NONE',  ( 1.000000000000000000, 0.0000000000000000000, 0.0000000000000000000 ) ) ;
#6929 = ORIENTED_EDGE ( 'NONE', *, *, #10528, .F. ) ;
#6930 = DIRECTION ( 'NONE',  ( 1.000000000000000000, 0.0000000000000000000, 0.0000000000000000000 ) ) ;
#6931 = VERTEX_POINT ( 'NONE', #9446 ) ;
#6932 = CARTESIAN_POINT ( 'NONE',  ( 3.551667971656824907, 0.5500000000000000444, 0.8180000000000000604 ) ) ;
#6933 = CARTESIAN_POINT ( 'NONE',  ( 11.65166797165682055, 0.5500000000000000444, -0.01800000000000000211 ) ) ;
#6934 = ORIENTED_EDGE ( 'NONE', *, *, #8989, .T. ) ;
#6935 = CARTESIAN_POINT ( 'NONE',  ( 6.551667971656830680, 2.000000000000000000, 0.8000000000000000444 ) ) ;
#6936 = DIRECTION ( 'NONE',  ( -1.000000000000000000, 0.0000000000000000000, 0.0000000000000000000 ) ) ;
#6937 = VECTOR ( 'NONE', #9828, 1000.000000000000000 ) ;
#6938 = CARTESIAN_POINT ( 'NONE',  ( 0.5749999999999999556, 0.2999999999999944933, 0.8000000000000000444 ) ) ;
#6939 = CARTESIAN_POINT ( 'NONE',  ( 13.30166797165682091, 0.5500000000000000444, -0.01800000000000000211 ) ) ;
#6940 = CARTESIAN_POINT ( 'NONE',  ( 15.30166797165684933, 0.5500000000000000444, -0.01800000000000000211 ) ) ;
#6941 = VECTOR ( 'NONE', #9104, 1000.000000000000000 ) ;
#6942 = ORIENTED_EDGE ( 'NONE', *, *, #4860, .F. ) ;
#6943 = AXIS2_PLACEMENT_3D ( 'NONE', #8234, #4154, #4316 ) ;
#6944 = CARTESIAN_POINT ( 'NONE',  ( 17.80166797165684756, 2.000000000000000000, -0.01800000000000000211 ) ) ;
#6945 = ORIENTED_EDGE ( 'NONE', *, *, #2233, .T. ) ;
#6946 = ORIENTED_EDGE ( 'NONE', *, *, #10201, .F. ) ;
#6947 = FACE_BOUND ( 'NONE', #4528, .T. ) ;
#6948 = ORIENTED_EDGE ( 'NONE', *, *, #7039, .T. ) ;
#6949 = DIRECTION ( 'NONE',  ( -1.000000000000000000, 0.0000000000000000000, 0.0000000000000000000 ) ) ;
#6950 = LINE ( 'NONE', #2932, #10584 ) ;
#6951 = VECTOR ( 'NONE', #3771, 1000.000000000000000 ) ;
#6952 = CARTESIAN_POINT ( 'NONE',  ( 7.401667971656830325, 0.5500000000000000444, 0.8180000000000000604 ) ) ;
#6953 = VECTOR ( 'NONE', #6596, 1000.000000000000000 ) ;
#6954 = VERTEX_POINT ( 'NONE', #2974 ) ;
#6955 = CARTESIAN_POINT ( 'NONE',  ( 8.901667971656829437, 0.5500000000000000444, 0.8180000000000000604 ) ) ;
#6956 = EDGE_CURVE ( 'NONE', #3431, #675, #1126, .T. ) ;
#6957 = ADVANCED_FACE ( 'NONE', ( #1237 ), #319, .F. ) ;
#6958 = PRESENTATION_LAYER_ASSIGNMENT (  '', '', ( #2163 ) ) ;
#6959 = CARTESIAN_POINT ( 'NONE',  ( 10.40166797165682055, 0.5500000000000000444, 0.8180000000000000604 ) ) ;
#6960 = EDGE_CURVE ( 'NONE', #8232, #1808, #2117, .T. ) ;
#6961 = EDGE_LOOP ( 'NONE', ( #10544, #8161, #215, #4079 ) ) ;
#6962 = FACE_OUTER_BOUND ( 'NONE', #1641, .T. ) ;
#6963 = ORIENTED_EDGE ( 'NONE', *, *, #5792, .F. ) ;
#6964 = CARTESIAN_POINT ( 'NONE',  ( 8.000000000000000000, 80.00000000000000000, -0.001000000000000000021 ) ) ;
#6965 = AXIS2_PLACEMENT_3D ( 'NONE', #8786, #6269, #9683 ) ;
#6966 = LINE ( 'NONE', #6103, #586 ) ;
#6967 = DIRECTION ( 'NONE',  ( -1.000000000000000000, -2.990902544787600071E-16, 0.0000000000000000000 ) ) ;
#6968 = DIRECTION ( 'NONE',  ( 0.0000000000000000000, 0.0000000000000000000, -1.000000000000000000 ) ) ;
#6969 = PLANE ( 'NONE',  #2654 ) ;
#6970 = CARTESIAN_POINT ( 'NONE',  ( 19.90166797165684542, 0.5500000000000000444, 0.8180000000000000604 ) ) ;
#6971 = PRESENTATION_LAYER_ASSIGNMENT (  '', '', ( #1824 ) ) ;
#6972 = LINE ( 'NONE', #3263, #4033 ) ;
#6973 = EDGE_CURVE ( 'NONE', #29, #9876, #1181, .T. ) ;
#6974 = EDGE_CURVE ( 'NONE', #4401, #4226, #4409, .T. ) ;
#6975 = PLANE ( 'NONE',  #6832 ) ;
#6976 = EDGE_CURVE ( 'NONE', #3352, #492, #8483, .T. ) ;
#6977 = ORIENTED_EDGE ( 'NONE', *, *, #9252, .T. ) ;
#6978 = ORIENTED_EDGE ( 'NONE', *, *, #595, .F. ) ;
#6979 = DIRECTION ( 'NONE',  ( 0.0000000000000000000, -1.000000000000000000, 0.0000000000000000000 ) ) ;
#6980 = VERTEX_POINT ( 'NONE', #3716 ) ;
#6981 = DIRECTION ( 'NONE',  ( 0.0000000000000000000, 1.000000000000000000, 0.0000000000000000000 ) ) ;
#6982 = AXIS2_PLACEMENT_3D ( 'NONE', #5359, #6220, #291 ) ;
#6983 = LINE ( 'NONE', #10225, #3599 ) ;
#6984 = DIRECTION ( 'NONE',  ( 0.0000000000000000000, 0.0000000000000000000, -1.000000000000000000 ) ) ;
#6985 = DIRECTION ( 'NONE',  ( 1.000000000000000000, 0.0000000000000000000, 0.0000000000000000000 ) ) ;
#6986 = ORIENTED_EDGE ( 'NONE', *, *, #5991, .F. ) ;
#6987 = SURFACE_STYLE_FILL_AREA ( #3705 ) ;
#6988 = EDGE_CURVE ( 'NONE', #3407, #3353, #6078, .T. ) ;
#6989 = ORIENTED_EDGE ( 'NONE', *, *, #6705, .T. ) ;
#6990 = CARTESIAN_POINT ( 'NONE',  ( 19.90166797165684542, 2.000000000000000000, 0.8180000000000000604 ) ) ;
#6991 = FACE_OUTER_BOUND ( 'NONE', #256, .T. ) ;
#6992 = VERTEX_POINT ( 'NONE', #7747 ) ;
#6993 = DIRECTION ( 'NONE',  ( 0.0000000000000000000, 0.0000000000000000000, -1.000000000000000000 ) ) ;
#6994 = PLANE ( 'NONE',  #9507 ) ;
#6995 = PLANE ( 'NONE',  #9227 ) ;
#6996 = DIRECTION ( 'NONE',  ( 0.0000000000000000000, -1.000000000000000000, 0.0000000000000000000 ) ) ;
#6997 = LINE ( 'NONE', #2752, #314 ) ;
#6998 = AXIS2_PLACEMENT_3D ( 'NONE', #1309, #8616, #3241 ) ;
#6999 = FACE_OUTER_BOUND ( 'NONE', #4034, .T. ) ;
#7000 = ORIENTED_EDGE ( 'NONE', *, *, #5572, .T. ) ;
#7001 = AXIS2_PLACEMENT_3D ( 'NONE', #3448, #207, #4305 ) ;
#7002 = DIRECTION ( 'NONE',  ( -0.0000000000000000000, 1.000000000000000000, 0.0000000000000000000 ) ) ;
#7003 = ORIENTED_EDGE ( 'NONE', *, *, #7243, .T. ) ;
#7004 = MECHANICAL_DESIGN_GEOMETRIC_PRESENTATION_REPRESENTATION (  '', ( #7857 ), #2208 ) ;
#7005 = VERTEX_POINT ( 'NONE', #6887 ) ;
#7006 =( NAMED_UNIT ( * ) PLANE_ANGLE_UNIT ( ) SI_UNIT ( $, .RADIAN. ) );
#7007 = ORIENTED_EDGE ( 'NONE', *, *, #7623, .F. ) ;
#7008 = LINE ( 'NONE', #8821, #6893 ) ;
#7009 = VECTOR ( 'NONE', #8895, 1000.000000000000000 ) ;
#7010 = CARTESIAN_POINT ( 'NONE',  ( 12.80166797165682091, 2.000000000000000000, -0.01800000000000000211 ) ) ;
#7011 = CARTESIAN_POINT ( 'NONE',  ( 18.80166797165680137, 2.000000000000000000, -0.01800000000000000211 ) ) ;
#7012 = ORIENTED_EDGE ( 'NONE', *, *, #8014, .T. ) ;
#7013 =( LENGTH_UNIT ( ) NAMED_UNIT ( * ) SI_UNIT ( .MILLI., .METRE. ) );
#7014 = CARTESIAN_POINT ( 'NONE',  ( 19.05166797165684756, 2.000000000000000000, 0.8000000000000000444 ) ) ;
#7015 = ORIENTED_EDGE ( 'NONE', *, *, #10599, .F. ) ;
#7016 = DIRECTION ( 'NONE',  ( 0.0000000000000000000, 1.000000000000000000, 0.0000000000000000000 ) ) ;
#7017 = ORIENTED_EDGE ( 'NONE', *, *, #2505, .F. ) ;
#7018 = LINE ( 'NONE', #4762, #7915 ) ;
#7019 = VECTOR ( 'NONE', #4656, 1000.000000000000000 ) ;
#7020 = PLANE ( 'NONE',  #2145 ) ;
#7021 = FACE_OUTER_BOUND ( 'NONE', #9936, .T. ) ;
#7022 = FILL_AREA_STYLE ('',( #6322 ) ) ;
#7023 = ADVANCED_FACE ( 'NONE', ( #377 ), #3658, .F. ) ;
#7024 = EDGE_CURVE ( 'NONE', #6909, #6895, #7799, .T. ) ;
#7025 = EDGE_CURVE ( 'NONE', #3319, #3102, #6240, .T. ) ;
#7026 = DIRECTION ( 'NONE',  ( 1.000000000000000000, 0.0000000000000000000, 0.0000000000000000000 ) ) ;
#7027 = CARTESIAN_POINT ( 'NONE',  ( 9.551667971656829792, 2.000000000000000000, 0.8180000000000000604 ) ) ;
#7028 = COLOUR_RGB ( '',0.1019607843137254888, 0.1019607843137254888, 0.1019607843137254888 ) ;
#7029 = DIRECTION ( 'NONE',  ( 0.0000000000000000000, 0.0000000000000000000, -1.000000000000000000 ) ) ;
#7030 = ORIENTED_EDGE ( 'NONE', *, *, #2008, .F. ) ;
#7031 = ORIENTED_EDGE ( 'NONE', *, *, #5768, .F. ) ;
#7032 = VERTEX_POINT ( 'NONE', #10242 ) ;
#7033 = DIRECTION ( 'NONE',  ( 0.0000000000000000000, 0.0000000000000000000, -1.000000000000000000 ) ) ;
#7034 = VERTEX_POINT ( 'NONE', #2862 ) ;
#7035 = DIRECTION ( 'NONE',  ( 0.0000000000000000000, 0.0000000000000000000, 1.000000000000000000 ) ) ;
#7036 = VECTOR ( 'NONE', #9164, 1000.000000000000000 ) ;
#7037 = DIRECTION ( 'NONE',  ( 0.0000000000000000000, -1.000000000000000000, 0.0000000000000000000 ) ) ;
#7038 = VECTOR ( 'NONE', #9642, 1000.000000000000000 ) ;
#7039 = EDGE_CURVE ( 'NONE', #3980, #7390, #8701, .T. ) ;
#7040 = DIRECTION ( 'NONE',  ( 0.0000000000000000000, 0.0000000000000000000, -1.000000000000000000 ) ) ;
#7041 = CARTESIAN_POINT ( 'NONE',  ( 7.551667971656830680, 2.000000000000000000, 0.8000000000000000444 ) ) ;
#7042 = ADVANCED_FACE ( 'NONE', ( #433 ), #1346, .F. ) ;
#7043 = EDGE_LOOP ( 'NONE', ( #10587, #5256, #4963, #9807 ) ) ;
#7044 = EDGE_CURVE ( 'NONE', #5942, #2774, #7908, .T. ) ;
#7045 = DIRECTION ( 'NONE',  ( 0.0000000000000000000, 0.0000000000000000000, -1.000000000000000000 ) ) ;
#7046 = VERTEX_POINT ( 'NONE', #6193 ) ;
#7047 = LINE ( 'NONE', #9487, #4753 ) ;
#7048 = VECTOR ( 'NONE', #9656, 1000.000000000000000 ) ;
#7049 = LINE ( 'NONE', #10293, #9286 ) ;
#7050 = ORIENTED_EDGE ( 'NONE', *, *, #4660, .T. ) ;
#7051 = DIRECTION ( 'NONE',  ( 0.0000000000000000000, 0.0000000000000000000, -1.000000000000000000 ) ) ;
#7052 = PLANE ( 'NONE',  #1356 ) ;
#7053 = CARTESIAN_POINT ( 'NONE',  ( 7.051667971656829792, 2.000000000000000000, 0.8180000000000000604 ) ) ;
#7054 = DIRECTION ( 'NONE',  ( 0.0000000000000000000, 0.0000000000000000000, -1.000000000000000000 ) ) ;
#7055 = CARTESIAN_POINT ( 'NONE',  ( 12.15166797165682055, 2.000000000000000000, 0.0000000000000000000 ) ) ;
#7056 = MECHANICAL_DESIGN_GEOMETRIC_PRESENTATION_REPRESENTATION (  '', ( #168 ), #3956 ) ;
#7057 = ORIENTED_EDGE ( 'NONE', *, *, #6819, .T. ) ;
#7058 = ORIENTED_EDGE ( 'NONE', *, *, #9903, .T. ) ;
#7059 = VECTOR ( 'NONE', #6214, 1000.000000000000114 ) ;
#7060 = VERTEX_POINT ( 'NONE', #1951 ) ;
#7061 = ADVANCED_FACE ( 'NONE', ( #5220 ), #588, .F. ) ;
#7062 = DIRECTION ( 'NONE',  ( 0.0000000000000000000, -1.000000000000000000, 0.0000000000000000000 ) ) ;
#7063 = STYLED_ITEM ( 'NONE', ( #2067 ), #8134 ) ;
#7064 = CARTESIAN_POINT ( 'NONE',  ( 15.05166797165684933, 0.5500000000000000444, 0.8000000000000000444 ) ) ;
#7065 = CARTESIAN_POINT ( 'NONE',  ( 18.55166797165685111, 0.5500000000000000444, 0.8180000000000000604 ) ) ;
#7066 = LINE ( 'NONE', #4646, #4471 ) ;
#7067 = ORIENTED_EDGE ( 'NONE', *, *, #9839, .F. ) ;
#7068 = CARTESIAN_POINT ( 'NONE',  ( 18.40166797165684898, 0.5500000000000000444, 0.8180000000000000604 ) ) ;
#7069 = AXIS2_PLACEMENT_3D ( 'NONE', #2962, #6231, #9485 ) ;
#7070 = SURFACE_STYLE_USAGE ( .BOTH. , #3789 ) ;
#7071 = EDGE_LOOP ( 'NONE', ( #10101, #3782, #8789, #4140 ) ) ;
#7072 = FACE_OUTER_BOUND ( 'NONE', #5714, .T. ) ;
#7073 = ORIENTED_EDGE ( 'NONE', *, *, #10363, .F. ) ;
#7074 = CARTESIAN_POINT ( 'NONE',  ( 13.99998333328701960, 79.99000000000000909, 2.149999999999999911 ) ) ;
#7075 = DIRECTION ( 'NONE',  ( 1.000000000000000000, 0.0000000000000000000, 0.0000000000000000000 ) ) ;
#7076 = CARTESIAN_POINT ( 'NONE',  ( 8.651667971656829437, 2.000000000000000000, 0.0000000000000000000 ) ) ;
#7077 = FACE_OUTER_BOUND ( 'NONE', #2521, .T. ) ;
#7078 =( NAMED_UNIT ( * ) SI_UNIT ( $, .STERADIAN. ) SOLID_ANGLE_UNIT ( ) );
#7079 = DIRECTION ( 'NONE',  ( 0.0000000000000000000, 1.000000000000000000, 0.0000000000000000000 ) ) ;
#7080 = ORIENTED_EDGE ( 'NONE', *, *, #1512, .T. ) ;
#7081 = ORIENTED_EDGE ( 'NONE', *, *, #9315, .T. ) ;
#7082 = ORIENTED_EDGE ( 'NONE', *, *, #10235, .F. ) ;
#7083 = PLANE ( 'NONE',  #5465 ) ;
#7084 = EDGE_CURVE ( 'NONE', #5175, #2205, #8157, .T. ) ;
#7085 = ORIENTED_EDGE ( 'NONE', *, *, #9439, .F. ) ;
#7086 = DIRECTION ( 'NONE',  ( 0.0000000000000000000, 0.0000000000000000000, 1.000000000000000000 ) ) ;
#7087 = CARTESIAN_POINT ( 'NONE',  ( 2.901667971656824996, 2.000000000000000000, 0.8180000000000000604 ) ) ;
#7088 = CARTESIAN_POINT ( 'NONE',  ( 8.151667971656829437, 2.000000000000000000, -0.01800000000000000211 ) ) ;
#7089 = ORIENTED_EDGE ( 'NONE', *, *, #9709, .F. ) ;
#7090 = CARTESIAN_POINT ( 'NONE',  ( 8.551667971656828016, 2.000000000000000000, 0.8180000000000000604 ) ) ;
#7091 = ORIENTED_EDGE ( 'NONE', *, *, #7094, .T. ) ;
#7092 = CARTESIAN_POINT ( 'NONE',  ( 12.75000000000000000, 80.00000000000000000, 0.8000000000000000444 ) ) ;
#7093 = DIRECTION ( 'NONE',  ( -1.000000000000000000, 0.0000000000000000000, 0.0000000000000000000 ) ) ;
#7094 = EDGE_CURVE ( 'NONE', #7848, #3017, #8863, .T. ) ;
#7095 = ORIENTED_EDGE ( 'NONE', *, *, #9252, .F. ) ;
#7096 = EDGE_CURVE ( 'NONE', #7357, #2938, #7311, .T. ) ;
#7097 = DIRECTION ( 'NONE',  ( -1.000000000000000000, 0.0000000000000000000, 0.0000000000000000000 ) ) ;
#7098 = EDGE_CURVE ( 'NONE', #2389, #4947, #5594, .T. ) ;
#7099 = PLANE ( 'NONE',  #6177 ) ;
#7100 = DIRECTION ( 'NONE',  ( 0.0000000000000000000, 0.0000000000000000000, -1.000000000000000000 ) ) ;
#7101 = PLANE ( 'NONE',  #5818 ) ;
#7102 = FACE_OUTER_BOUND ( 'NONE', #3558, .T. ) ;
#7103 = ORIENTED_EDGE ( 'NONE', *, *, #5988, .T. ) ;
#7104 = CARTESIAN_POINT ( 'NONE',  ( 14.55166797165681913, 2.000000000000000000, 0.8180000000000000604 ) ) ;
#7105 = ADVANCED_FACE ( 'NONE', ( #5698 ), #4688, .F. ) ;
#7106 = EDGE_CURVE ( 'NONE', #3103, #8386, #6403, .T. ) ;
#7107 = ORIENTED_EDGE ( 'NONE', *, *, #2072, .T. ) ;
#7108 = ADVANCED_FACE ( 'NONE', ( #9756 ), #3180, .T. ) ;
#7109 = EDGE_LOOP ( 'NONE', ( #1847, #7806, #6117, #10381 ) ) ;
#7110 = DIRECTION ( 'NONE',  ( 0.0000000000000000000, 0.0000000000000000000, 1.000000000000000000 ) ) ;
#7111 = DIRECTION ( 'NONE',  ( -1.000000000000000000, 0.0000000000000000000, 0.0000000000000000000 ) ) ;
#7112 = LINE ( 'NONE', #1571, #5303 ) ;
#7113 = ORIENTED_EDGE ( 'NONE', *, *, #10105, .T. ) ;
#7114 = AXIS2_PLACEMENT_3D ( 'NONE', #10157, #2942, #7075 ) ;
#7115 = ADVANCED_FACE ( 'NONE', ( #7152 ), #4891, .T. ) ;
#7116 = VECTOR ( 'NONE', #1619, 1000.000000000000000 ) ;
#7117 = CARTESIAN_POINT ( 'NONE',  ( 6.901667971656829437, 2.000000000000000000, 0.8180000000000000604 ) ) ;
#7118 = ORIENTED_EDGE ( 'NONE', *, *, #3359, .T. ) ;
#7119 = FACE_OUTER_BOUND ( 'NONE', #1351, .T. ) ;
#7120 = ORIENTED_EDGE ( 'NONE', *, *, #5938, .T. ) ;
#7121 = CARTESIAN_POINT ( 'NONE',  ( 8.651667971656829437, 2.000000000000000000, -0.01800000000000000211 ) ) ;
#7122 = LINE ( 'NONE', #6215, #3000 ) ;
#7123 = PLANE ( 'NONE',  #9558 ) ;
#7124 = DIRECTION ( 'NONE',  ( 0.0000000000000000000, 0.0000000000000000000, -1.000000000000000000 ) ) ;
#7125 = CARTESIAN_POINT ( 'NONE',  ( 19.65166797165684898, 0.5499999999999900524, -0.01800000000000000211 ) ) ;
#7126 = FACE_OUTER_BOUND ( 'NONE', #1807, .T. ) ;
#7127 = VECTOR ( 'NONE', #7110, 1000.000000000000000 ) ;
#7128 = VECTOR ( 'NONE', #4905, 1000.000000000000000 ) ;
#7129 = ORIENTED_EDGE ( 'NONE', *, *, #10398, .T. ) ;
#7130 = ORIENTED_EDGE ( 'NONE', *, *, #1300, .F. ) ;
#7131 = EDGE_LOOP ( 'NONE', ( #2951, #3734, #1393, #2024 ) ) ;
#7132 = PLANE ( 'NONE',  #3400 ) ;
#7133 = EDGE_LOOP ( 'NONE', ( #325, #33, #7340, #3970 ) ) ;
#7134 = DIRECTION ( 'NONE',  ( 0.0000000000000000000, 0.0000000000000000000, -1.000000000000000000 ) ) ;
#7135 = DIRECTION ( 'NONE',  ( 0.0000000000000000000, 0.0000000000000000000, 1.000000000000000000 ) ) ;
#7136 = LINE ( 'NONE', #1387, #7220 ) ;
#7137 = DIRECTION ( 'NONE',  ( 1.000000000000000000, 0.0000000000000000000, 0.0000000000000000000 ) ) ;
#7138 = VECTOR ( 'NONE', #10051, 1000.000000000000000 ) ;
#7139 = VERTEX_POINT ( 'NONE', #10346 ) ;
#7140 = LINE ( 'NONE', #1597, #4835 ) ;
#7141 = VERTEX_POINT ( 'NONE', #2274 ) ;
#7142 = FACE_BOUND ( 'NONE', #9969, .T. ) ;
#7143 = AXIS2_PLACEMENT_3D ( 'NONE', #5270, #8594, #8477 ) ;
#7144 = DIRECTION ( 'NONE',  ( 0.0000000000000000000, 1.000000000000000000, 0.0000000000000000000 ) ) ;
#7145 = ORIENTED_EDGE ( 'NONE', *, *, #5201, .T. ) ;
#7146 = DIRECTION ( 'NONE',  ( -1.000000000000000000, 0.0000000000000000000, 0.0000000000000000000 ) ) ;
#7147 = VECTOR ( 'NONE', #8446, 1000.000000000000000 ) ;
#7148 = CARTESIAN_POINT ( 'NONE',  ( 21.99500000000000099, 79.99000000000000909, 2.149999999999999911 ) ) ;
#7149 = DIRECTION ( 'NONE',  ( 0.0000000000000000000, -1.000000000000000000, 0.0000000000000000000 ) ) ;
#7150 = VECTOR ( 'NONE', #6699, 1000.000000000000000 ) ;
#7151 = AXIS2_PLACEMENT_3D ( 'NONE', #8102, #2160, #4681 ) ;
#7152 = FACE_OUTER_BOUND ( 'NONE', #2573, .T. ) ;
#7153 = PLANE ( 'NONE',  #1916 ) ;
#7154 = EDGE_CURVE ( 'NONE', #8272, #3434, #9545, .T. ) ;
#7155 = ADVANCED_FACE ( 'NONE', ( #7954 ), #3871, .F. ) ;
#7156 = ORIENTED_EDGE ( 'NONE', *, *, #7680, .T. ) ;
#7157 = EDGE_CURVE ( 'NONE', #4839, #3540, #3920, .T. ) ;
#7158 = SURFACE_STYLE_FILL_AREA ( #3879 ) ;
#7159 = VERTEX_POINT ( 'NONE', #6713 ) ;
#7160 = PLANE ( 'NONE',  #5586 ) ;
#7161 = CARTESIAN_POINT ( 'NONE',  ( 12.15166797165682055, 2.000000000000000000, -0.01800000000000000211 ) ) ;
#7162 = DIRECTION ( 'NONE',  ( 0.0000000000000000000, 1.000000000000000000, 0.0000000000000000000 ) ) ;
#7163 = CARTESIAN_POINT ( 'NONE',  ( 8.401667971656829437, 2.000000000000000000, 0.8180000000000000604 ) ) ;
#7164 = LINE ( 'NONE', #7863, #7911 ) ;
#7165 = EDGE_CURVE ( 'NONE', #3255, #3196, #1773, .T. ) ;
#7166 = EDGE_LOOP ( 'NONE', ( #5466, #2197, #6200, #2040 ) ) ;
#7167 = EDGE_CURVE ( 'NONE', #3088, #7888, #8263, .T. ) ;
#7168 = VECTOR ( 'NONE', #1917, 1000.000000000000000 ) ;
#7169 = VERTEX_POINT ( 'NONE', #1064 ) ;
#7170 = VERTEX_POINT ( 'NONE', #9913 ) ;
#7171 = CARTESIAN_POINT ( 'NONE',  ( 18.90166797165684898, 0.5500000000000000444, 0.8000000000000000444 ) ) ;
#7172 = ORIENTED_EDGE ( 'NONE', *, *, #9364, .F. ) ;
#7173 = CARTESIAN_POINT ( 'NONE',  ( 3.551667971656824907, 2.000000000000000000, 0.8000000000000000444 ) ) ;
#7174 = DIRECTION ( 'NONE',  ( 0.0000000000000000000, 1.000000000000000000, 0.0000000000000000000 ) ) ;
#7175 = LINE ( 'NONE', #3096, #4457 ) ;
#7176 = VECTOR ( 'NONE', #1989, 1000.000000000000000 ) ;
#7177 = DIRECTION ( 'NONE',  ( 1.000000000000000000, 0.0000000000000000000, 0.0000000000000000000 ) ) ;
#7178 = DIRECTION ( 'NONE',  ( -0.0000000000000000000, 1.000000000000000000, 0.0000000000000000000 ) ) ;
#7179 = CARTESIAN_POINT ( 'NONE',  ( 3.551667971656824907, 0.5500000000000000444, 0.8180000000000000604 ) ) ;
#7180 = VECTOR ( 'NONE', #8746, 1000.000000000000000 ) ;
#7181 = ORIENTED_EDGE ( 'NONE', *, *, #8402, .F. ) ;
#7182 = VERTEX_POINT ( 'NONE', #8313 ) ;
#7183 = VERTEX_POINT ( 'NONE', #9118 ) ;
#7184 = PLANE ( 'NONE',  #9384 ) ;
#7185 = VECTOR ( 'NONE', #1810, 1000.000000000000000 ) ;
#7186 = ORIENTED_EDGE ( 'NONE', *, *, #6455, .F. ) ;
#7187 = EDGE_CURVE ( 'NONE', #8423, #567, #4131, .T. ) ;
#7188 = DIRECTION ( 'NONE',  ( 0.0000000000000000000, 0.0000000000000000000, 1.000000000000000000 ) ) ;
#7189 = DIRECTION ( 'NONE',  ( -1.000000000000000000, 0.0000000000000000000, 0.0000000000000000000 ) ) ;
#7190 = VECTOR ( 'NONE', #7920, 1000.000000000000000 ) ;
#7191 = CARTESIAN_POINT ( 'NONE',  ( 9.801667971656820910, 2.000000000000000000, 0.0000000000000000000 ) ) ;
#7192 = CARTESIAN_POINT ( 'NONE',  ( 18.05166797165684756, 2.000000000000000000, 0.8000000000000000444 ) ) ;
#7193 = VECTOR ( 'NONE', #10320, 1000.000000000000000 ) ;
#7194 = ORIENTED_EDGE ( 'NONE', *, *, #8331, .T. ) ;
#7195 = ORIENTED_EDGE ( 'NONE', *, *, #1510, .T. ) ;
#7196 = VECTOR ( 'NONE', #7146, 1000.000000000000000 ) ;
#7197 = DIRECTION ( 'NONE',  ( 1.000000000000000000, 0.0000000000000000000, 0.0000000000000000000 ) ) ;
#7198 = DIRECTION ( 'NONE',  ( 0.0000000000000000000, 0.0000000000000000000, -1.000000000000000000 ) ) ;
#7199 = ORIENTED_EDGE ( 'NONE', *, *, #7254, .T. ) ;
#7200 = CARTESIAN_POINT ( 'NONE',  ( 20.15166797165684542, 2.000000000000000000, -0.01800000000000000211 ) ) ;
#7201 = VECTOR ( 'NONE', #1025, 1000.000000000000000 ) ;
#7202 = VECTOR ( 'NONE', #39, 1000.000000000000000 ) ;
#7203 = VERTEX_POINT ( 'NONE', #5857 ) ;
#7204 = SURFACE_SIDE_STYLE ('',( #6451 ) ) ;
#7205 = CARTESIAN_POINT ( 'NONE',  ( 2.801667971656824907, 2.000000000000000000, 0.0000000000000000000 ) ) ;
#7206 = CARTESIAN_POINT ( 'NONE',  ( 11.65166797165682055, 2.000000000000000000, -0.01800000000000000211 ) ) ;
#7207 = DIRECTION ( 'NONE',  ( 0.0000000000000000000, 1.000000000000000000, 0.0000000000000000000 ) ) ;
#7208 = VERTEX_POINT ( 'NONE', #2526 ) ;
#7209 = AXIS2_PLACEMENT_3D ( 'NONE', #5507, #3795, #4764 ) ;
#7210 = LINE ( 'NONE', #3286, #6026 ) ;
#7211 = VERTEX_POINT ( 'NONE', #4235 ) ;
#7212 = VECTOR ( 'NONE', #1113, 1000.000000000000000 ) ;
#7213 = LINE ( 'NONE', #8016, #4247 ) ;
#7214 = ORIENTED_EDGE ( 'NONE', *, *, #376, .T. ) ;
#7215 = DIRECTION ( 'NONE',  ( -2.990902544787600071E-16, 1.000000000000000000, 0.0000000000000000000 ) ) ;
#7216 = LINE ( 'NONE', #552, #4987 ) ;
#7217 = CARTESIAN_POINT ( 'NONE',  ( 18.65166797165684898, 2.000000000000000000, -0.01800000000000000211 ) ) ;
#7218 = ADVANCED_FACE ( 'NONE', ( #956 ), #7519, .F. ) ;
#7219 = CIRCLE ( 'NONE', #337, 1.749999999999999778 ) ;
#7220 = VECTOR ( 'NONE', #6486, 1000.000000000000000 ) ;
#7221 = CARTESIAN_POINT ( 'NONE',  ( 19.90166797165684542, 2.000000000000000000, 0.8180000000000000604 ) ) ;
#7222 = CARTESIAN_POINT ( 'NONE',  ( 1.801667971656825129, 2.000000000000000000, -0.01800000000000000211 ) ) ;
#7223 = VERTEX_POINT ( 'NONE', #9964 ) ;
#7224 = VECTOR ( 'NONE', #4194, 1000.000000000000000 ) ;
#7225 = ORIENTED_EDGE ( 'NONE', *, *, #4744, .T. ) ;
#7226 = ORIENTED_EDGE ( 'NONE', *, *, #4852, .T. ) ;
#7227 = ADVANCED_FACE ( 'NONE', ( #6661 ), #10012, .F. ) ;
#7228 = CARTESIAN_POINT ( 'NONE',  ( 5.451667971656830147, 0.2999999999999944933, 0.8000000000000000444 ) ) ;
#7229 = ORIENTED_EDGE ( 'NONE', *, *, #7606, .T. ) ;
#7230 = EDGE_CURVE ( 'NONE', #2761, #10523, #9805, .T. ) ;
#7231 = DIRECTION ( 'NONE',  ( 0.0000000000000000000, -1.000000000000000000, 0.0000000000000000000 ) ) ;
#7232 = DIRECTION ( 'NONE',  ( -1.000000000000000000, 0.0000000000000000000, 0.0000000000000000000 ) ) ;
#7233 = EDGE_CURVE ( 'NONE', #6797, #5004, #5158, .T. ) ;
#7234 = CARTESIAN_POINT ( 'NONE',  ( 12.75000000000000000, 80.00000000000000000, 0.8009999999999999343 ) ) ;
#7235 =( GEOMETRIC_REPRESENTATION_CONTEXT ( 3 ) GLOBAL_UNCERTAINTY_ASSIGNED_CONTEXT ( ( #7455 ) ) GLOBAL_UNIT_ASSIGNED_CONTEXT ( ( #8100, #685, #3219 ) ) REPRESENTATION_CONTEXT ( 'NONE', 'WORKASPACE' ) );
#7236 = DIRECTION ( 'NONE',  ( -1.000000000000000000, 0.0000000000000000000, 0.0000000000000000000 ) ) ;
#7237 = LINE ( 'NONE', #2296, #88 ) ;
#7238 = DIRECTION ( 'NONE',  ( 0.0000000000000000000, 1.000000000000000000, 0.0000000000000000000 ) ) ;
#7239 = ORIENTED_EDGE ( 'NONE', *, *, #3959, .F. ) ;
#7240 = VECTOR ( 'NONE', #9457, 1000.000000000000000 ) ;
#7241 = ORIENTED_EDGE ( 'NONE', *, *, #1701, .T. ) ;
#7242 = EDGE_CURVE ( 'NONE', #7576, #4018, #90, .T. ) ;
#7243 = EDGE_CURVE ( 'NONE', #964, #609, #1719, .T. ) ;
#7244 = ORIENTED_EDGE ( 'NONE', *, *, #8683, .T. ) ;
#7245 = DIRECTION ( 'NONE',  ( 0.0000000000000000000, 0.0000000000000000000, 1.000000000000000000 ) ) ;
#7246 = VERTEX_POINT ( 'NONE', #848 ) ;
#7247 = CARTESIAN_POINT ( 'NONE',  ( 7.801667971656819134, 2.000000000000000000, 0.0000000000000000000 ) ) ;
#7248 = FACE_OUTER_BOUND ( 'NONE', #9595, .T. ) ;
#7249 = CARTESIAN_POINT ( 'NONE',  ( 10.30166797165681913, 0.5500000000000000444, -0.01800000000000000211 ) ) ;
#7250 = LINE ( 'NONE', #3114, #9332 ) ;
#7251 = FILL_AREA_STYLE_COLOUR ( '', #10125 ) ;
#7252 = ORIENTED_EDGE ( 'NONE', *, *, #8949, .T. ) ;
#7253 = FACE_BOUND ( 'NONE', #10617, .T. ) ;
#7254 = EDGE_CURVE ( 'NONE', #6085, #4382, #4176, .T. ) ;
#7255 = CARTESIAN_POINT ( 'NONE',  ( 13.55166797165682091, 2.000000000000000000, 0.8180000000000000604 ) ) ;
#7256 = VECTOR ( 'NONE', #4082, 1000.000000000000000 ) ;
#7257 = ORIENTED_EDGE ( 'NONE', *, *, #9172, .T. ) ;
#7258 = DIRECTION ( 'NONE',  ( 0.0000000000000000000, 0.0000000000000000000, 1.000000000000000000 ) ) ;
#7259 = ORIENTED_EDGE ( 'NONE', *, *, #607, .F. ) ;
#7260 = DIRECTION ( 'NONE',  ( 0.0000000000000000000, 0.0000000000000000000, 1.000000000000000000 ) ) ;
#7261 = DIRECTION ( 'NONE',  ( 0.0000000000000000000, 0.0000000000000000000, -1.000000000000000000 ) ) ;
#7262 = CARTESIAN_POINT ( 'NONE',  ( 0.005000000000005000445, 4.009999999999999787, 0.8000000000000000444 ) ) ;
#7263 = DIRECTION ( 'NONE',  ( -0.0000000000000000000, 1.000000000000000000, 0.0000000000000000000 ) ) ;
#7264 = ORIENTED_EDGE ( 'NONE', *, *, #4609, .F. ) ;
#7265 = FACE_OUTER_BOUND ( 'NONE', #7166, .T. ) ;
#7266 = ORIENTED_EDGE ( 'NONE', *, *, #3534, .T. ) ;
#7267 = CARTESIAN_POINT ( 'NONE',  ( 20.92500000000000071, 3.500000000000000000, 0.8000000000000000444 ) ) ;
#7268 = DIRECTION ( 'NONE',  ( -2.990902544787600071E-16, 1.000000000000000000, 0.0000000000000000000 ) ) ;
#7269 = ORIENTED_EDGE ( 'NONE', *, *, #6459, .T. ) ;
#7270 = DIRECTION ( 'NONE',  ( 1.000000000000000000, 0.0000000000000000000, 0.0000000000000000000 ) ) ;
#7271 = LINE ( 'NONE', #9769, #7508 ) ;
#7272 = CARTESIAN_POINT ( 'NONE',  ( 17.20166797165684969, 2.899999999999999911, 0.8000000000000000444 ) ) ;
#7273 = SURFACE_SIDE_STYLE ('',( #9722 ) ) ;
#7274 = FACE_OUTER_BOUND ( 'NONE', #9499, .T. ) ;
#7275 = ORIENTED_EDGE ( 'NONE', *, *, #7618, .F. ) ;
#7276 = ORIENTED_EDGE ( 'NONE', *, *, #4279, .T. ) ;
#7277 = ORIENTED_EDGE ( 'NONE', *, *, #3898, .F. ) ;
#7278 = CARTESIAN_POINT ( 'NONE',  ( -6.938893903907229955E-15, 80.00000000000000000, 0.0000000000000000000 ) ) ;
#7279 = ORIENTED_EDGE ( 'NONE', *, *, #5014, .F. ) ;
#7280 = CARTESIAN_POINT ( 'NONE',  ( 10.05166797165682091, 2.000000000000000000, 0.8000000000000000444 ) ) ;
#7281 = AXIS2_PLACEMENT_3D ( 'NONE', #1910, #1799, #5883 ) ;
#7282 = AXIS2_PLACEMENT_3D ( 'NONE', #2831, #6107, #10271 ) ;
#7283 = CARTESIAN_POINT ( 'NONE',  ( 13.55166797165682091, 2.000000000000000000, 0.8180000000000000604 ) ) ;
#7284 = DIRECTION ( 'NONE',  ( -1.239088197126291803E-16, 1.000000000000000000, 0.0000000000000000000 ) ) ;
#7285 = ADVANCED_FACE ( 'NONE', ( #7464 ), #6927, .F. ) ;
#7286 = EDGE_CURVE ( 'NONE', #3994, #8956, #6122, .T. ) ;
#7287 = DIRECTION ( 'NONE',  ( 0.0000000000000000000, 0.0000000000000000000, -1.000000000000000000 ) ) ;
#7288 = EDGE_CURVE ( 'NONE', #2393, #7727, #2738, .T. ) ;
#7289 = VECTOR ( 'NONE', #9244, 1000.000000000000000 ) ;
#7290 = DIRECTION ( 'NONE',  ( 1.000000000000000000, 0.0000000000000000000, 0.0000000000000000000 ) ) ;
#7291 = ORIENTED_EDGE ( 'NONE', *, *, #9974, .T. ) ;
#7292 = ORIENTED_EDGE ( 'NONE', *, *, #655, .F. ) ;
#7293 = CARTESIAN_POINT ( 'NONE',  ( 9.051667971656829792, 2.000000000000000000, 0.8180000000000000604 ) ) ;
#7294 =( GEOMETRIC_REPRESENTATION_CONTEXT ( 3 ) GLOBAL_UNCERTAINTY_ASSIGNED_CONTEXT ( ( #2834 ) ) GLOBAL_UNIT_ASSIGNED_CONTEXT ( ( #172, #990, #9987 ) ) REPRESENTATION_CONTEXT ( 'NONE', 'WORKASPACE' ) );
#7295 = PLANE ( 'NONE',  #10063 ) ;
#7296 = DIRECTION ( 'NONE',  ( 0.0000000000000000000, 1.000000000000000000, 0.0000000000000000000 ) ) ;
#7297 = VECTOR ( 'NONE', #2803, 1000.000000000000000 ) ;
#7298 = EDGE_CURVE ( 'NONE', #9852, #9638, #7619, .T. ) ;
#7299 = EDGE_CURVE ( 'NONE', #2393, #240, #362, .T. ) ;
#7300 = VECTOR ( 'NONE', #9107, 1000.000000000000000 ) ;
#7301 = ORIENTED_EDGE ( 'NONE', *, *, #10141, .T. ) ;
#7302 = FACE_BOUND ( 'NONE', #385, .T. ) ;
#7303 = EDGE_CURVE ( 'NONE', #4370, #382, #3591, .T. ) ;
#7304 = CARTESIAN_POINT ( 'NONE',  ( 9.801667971656820910, 2.000000000000000000, -0.01800000000000000211 ) ) ;
#7305 = ORIENTED_EDGE ( 'NONE', *, *, #57, .F. ) ;
#7306 = DIRECTION ( 'NONE',  ( 0.0000000000000000000, 0.0000000000000000000, -1.000000000000000000 ) ) ;
#7307 = ORIENTED_EDGE ( 'NONE', *, *, #8592, .F. ) ;
#7308 = DIRECTION ( 'NONE',  ( 0.0000000000000000000, 0.0000000000000000000, 1.000000000000000000 ) ) ;
#7309 = LINE ( 'NONE', #1401, #152 ) ;
#7310 = EDGE_CURVE ( 'NONE', #9412, #3649, #9432, .T. ) ;
#7311 = LINE ( 'NONE', #2217, #3433 ) ;
#7312 = SURFACE_SIDE_STYLE ('',( #9657 ) ) ;
#7313 = ORIENTED_EDGE ( 'NONE', *, *, #5451, .F. ) ;
#7314 = PLANE ( 'NONE',  #3635 ) ;
#7315 = VERTEX_POINT ( 'NONE', #2794 ) ;
#7316 = CARTESIAN_POINT ( 'NONE',  ( 0.0000000000000000000, 0.0000000000000000000, -0.01800000000000000211 ) ) ;
#7317 = VECTOR ( 'NONE', #3818, 1000.000000000000000 ) ;
#7318 = CARTESIAN_POINT ( 'NONE',  ( 3.651667971656824996, 2.000000000000000000, 0.0000000000000000000 ) ) ;
#7319 = ORIENTED_EDGE ( 'NONE', *, *, #905, .T. ) ;
#7320 = FACE_OUTER_BOUND ( 'NONE', #5044, .T. ) ;
#7321 = PLANE ( 'NONE',  #8487 ) ;
#7322 = CARTESIAN_POINT ( 'NONE',  ( 6.151667971656830325, 2.000000000000000000, -0.01800000000000000211 ) ) ;
#7323 = DIRECTION ( 'NONE',  ( 0.0000000000000000000, -0.9396926207859073177, 0.3420201433256715995 ) ) ;
#7324 = CARTESIAN_POINT ( 'NONE',  ( 9.801667971656820910, 2.000000000000000000, 0.0000000000000000000 ) ) ;
#7325 = VERTEX_POINT ( 'NONE', #5262 ) ;
#7326 = UNCERTAINTY_MEASURE_WITH_UNIT (LENGTH_MEASURE( 1.000000000000000082E-05 ), #5882, 'distance_accuracy_value', 'NONE');
#7327 = EDGE_LOOP ( 'NONE', ( #631, #8292, #4630, #7440 ) ) ;
#7328 = ORIENTED_EDGE ( 'NONE', *, *, #3812, .T. ) ;
#7329 = LINE ( 'NONE', #4704, #6264 ) ;
#7330 = ORIENTED_EDGE ( 'NONE', *, *, #3228, .F. ) ;
#7331 = CYLINDRICAL_SURFACE ( 'NONE', #9092, 0.5999999999999998668 ) ;
#7332 = DIRECTION ( 'NONE',  ( 0.0000000000000000000, 0.0000000000000000000, -1.000000000000000000 ) ) ;
#7333 = STYLED_ITEM ( 'NONE', ( #882 ), #19 ) ;
#7334 = PLANE ( 'NONE',  #3171 ) ;
#7335 = DIRECTION ( 'NONE',  ( 1.000000000000000000, 0.0000000000000000000, 0.0000000000000000000 ) ) ;
#7336 = DIRECTION ( 'NONE',  ( -1.000000000000000000, 0.0000000000000000000, 0.0000000000000000000 ) ) ;
#7337 = PRESENTATION_LAYER_ASSIGNMENT (  '', '', ( #3390 ) ) ;
#7338 = CARTESIAN_POINT ( 'NONE',  ( 10.30166797165681913, 2.000000000000000000, 0.0000000000000000000 ) ) ;
#7339 = ORIENTED_EDGE ( 'NONE', *, *, #4462, .F. ) ;
#7340 = ORIENTED_EDGE ( 'NONE', *, *, #5203, .F. ) ;
#7341 = CARTESIAN_POINT ( 'NONE',  ( 10.55166797165681913, 0.5500000000000000444, 0.8180000000000000604 ) ) ;
#7342 = AXIS2_PLACEMENT_3D ( 'NONE', #4246, #2534, #9177 ) ;
#7343 = DIRECTION ( 'NONE',  ( -5.621058101653403567E-16, -0.9396926207859073177, 0.3420201433256715995 ) ) ;
#7344 = EDGE_CURVE ( 'NONE', #9919, #9217, #2047, .T. ) ;
#7345 = DIRECTION ( 'NONE',  ( 0.0000000000000000000, 0.0000000000000000000, 1.000000000000000000 ) ) ;
#7346 = EDGE_CURVE ( 'NONE', #5976, #8423, #4394, .T. ) ;
#7347 = CARTESIAN_POINT ( 'NONE',  ( 3.301667971656824907, 0.5500000000000000444, -0.01800000000000000211 ) ) ;
#7348 = SURFACE_SIDE_STYLE ('',( #6341 ) ) ;
#7349 = EDGE_LOOP ( 'NONE', ( #6588, #7916, #648, #8892 ) ) ;
#7350 = VECTOR ( 'NONE', #9102, 1000.000000000000000 ) ;
#7351 = UNCERTAINTY_MEASURE_WITH_UNIT (LENGTH_MEASURE( 1.000000000000000082E-05 ), #7414, 'distance_accuracy_value', 'NONE');
#7352 = PRESENTATION_STYLE_ASSIGNMENT (( #8055 ) ) ;
#7353 = VECTOR ( 'NONE', #5890, 1000.000000000000000 ) ;
#7354 = SURFACE_STYLE_FILL_AREA ( #8953 ) ;
#7355 = ORIENTED_EDGE ( 'NONE', *, *, #3023, .T. ) ;
#7356 = PLANE ( 'NONE',  #4441 ) ;
#7357 = VERTEX_POINT ( 'NONE', #2153 ) ;
#7358 = CARTESIAN_POINT ( 'NONE',  ( 12.65166797165682055, 0.5500000000000000444, 0.0000000000000000000 ) ) ;
#7359 = EDGE_CURVE ( 'NONE', #1020, #3649, #2959, .T. ) ;
#7360 = AXIS2_PLACEMENT_3D ( 'NONE', #4407, #487, #6024 ) ;
#7361 = ADVANCED_FACE ( 'NONE', ( #5418 ), #418, .F. ) ;
#7362 = VECTOR ( 'NONE', #7717, 1000.000000000000000 ) ;
#7363 = LINE ( 'NONE', #10608, #6356 ) ;
#7364 = ADVANCED_FACE ( 'NONE', ( #3701 ), #8690, .F. ) ;
#7365 = DIRECTION ( 'NONE',  ( 0.0000000000000000000, 0.0000000000000000000, -1.000000000000000000 ) ) ;
#7366 = PRESENTATION_STYLE_ASSIGNMENT (( #1065 ) ) ;
#7367 = ORIENTED_EDGE ( 'NONE', *, *, #6135, .F. ) ;
#7368 = CARTESIAN_POINT ( 'NONE',  ( 14.05166797165682091, 0.5500000000000000444, 0.8180000000000000604 ) ) ;
#7369 = ORIENTED_EDGE ( 'NONE', *, *, #6570, .F. ) ;
#7370 = CARTESIAN_POINT ( 'NONE',  ( 13.55166797165682091, 2.000000000000000000, 0.8000000000000000444 ) ) ;
#7371 = PRESENTATION_LAYER_ASSIGNMENT (  '', '', ( #10593 ) ) ;
#7372 = LINE ( 'NONE', #4242, #1760 ) ;
#7373 = ORIENTED_EDGE ( 'NONE', *, *, #2927, .T. ) ;
#7374 = DIRECTION ( 'NONE',  ( 0.0000000000000000000, 1.000000000000000000, 0.0000000000000000000 ) ) ;
#7375 = CARTESIAN_POINT ( 'NONE',  ( 6.301667971656820022, 2.000000000000000000, 0.0000000000000000000 ) ) ;
#7376 = EDGE_CURVE ( 'NONE', #3862, #787, #4564, .T. ) ;
#7377 = LINE ( 'NONE', #3394, #8926 ) ;
#7378 = LINE ( 'NONE', #3, #9567 ) ;
#7379 = CARTESIAN_POINT ( 'NONE',  ( 12.90166797165682055, 2.000000000000000000, 0.8180000000000000604 ) ) ;
#7380 = LINE ( 'NONE', #8036, #7019 ) ;
#7381 = AXIS2_PLACEMENT_3D ( 'NONE', #10173, #6121, #7669 ) ;
#7382 = CIRCLE ( 'NONE', #3936, 0.5999999999999998668 ) ;
#7383 = DIRECTION ( 'NONE',  ( 1.000000000000000000, 0.0000000000000000000, 0.0000000000000000000 ) ) ;
#7384 = VERTEX_POINT ( 'NONE', #2901 ) ;
#7385 = EDGE_CURVE ( 'NONE', #7141, #10140, #8634, .T. ) ;
#7386 = VERTEX_POINT ( 'NONE', #299 ) ;
#7387 = COLOUR_RGB ( '',0.1019607843137254888, 0.1019607843137254888, 0.1019607843137254888 ) ;
#7388 = ORIENTED_EDGE ( 'NONE', *, *, #7693, .T. ) ;
#7389 = FACE_BOUND ( 'NONE', #2855, .T. ) ;
#7390 = VERTEX_POINT ( 'NONE', #6872 ) ;
#7391 = LINE ( 'NONE', #5772, #4477 ) ;
#7392 = LINE ( 'NONE', #9625, #8982 ) ;
#7393 = VERTEX_POINT ( 'NONE', #6228 ) ;
#7394 = PLANE ( 'NONE',  #3675 ) ;
#7395 = CARTESIAN_POINT ( 'NONE',  ( 6.151667971656830325, 2.000000000000000000, -0.01800000000000000211 ) ) ;
#7396 = VECTOR ( 'NONE', #5575, 1000.000000000000000 ) ;
#7397 = CARTESIAN_POINT ( 'NONE',  ( 15.65166797165684898, 0.5500000000000000444, -0.01800000000000000211 ) ) ;
#7398 = ORIENTED_EDGE ( 'NONE', *, *, #3023, .F. ) ;
#7399 = ORIENTED_EDGE ( 'NONE', *, *, #7824, .F. ) ;
#7400 = DIRECTION ( 'NONE',  ( 1.000000000000000000, 0.0000000000000000000, 0.0000000000000000000 ) ) ;
#7401 = AXIS2_PLACEMENT_3D ( 'NONE', #10104, #9993, #5142 ) ;
#7402 = DIRECTION ( 'NONE',  ( 0.0000000000000000000, 0.0000000000000000000, -1.000000000000000000 ) ) ;
#7403 = VECTOR ( 'NONE', #106, 1000.000000000000000 ) ;
#7404 = DIRECTION ( 'NONE',  ( 1.000000000000000000, 0.0000000000000000000, 0.0000000000000000000 ) ) ;
#7405 = DIRECTION ( 'NONE',  ( 0.0000000000000000000, -1.000000000000000000, 0.0000000000000000000 ) ) ;
#7406 = CARTESIAN_POINT ( 'NONE',  ( 9.051667971656829792, 0.5500000000000000444, 0.8180000000000000604 ) ) ;
#7407 = ORIENTED_EDGE ( 'NONE', *, *, #1160, .T. ) ;
#7408 = LINE ( 'NONE', #8361, #763 ) ;
#7409 = ADVANCED_FACE ( 'NONE', ( #9481 ), #3756, .T. ) ;
#7410 = LINE ( 'NONE', #3378, #1713 ) ;
#7411 = EDGE_LOOP ( 'NONE', ( #5340, #5166, #2171, #1086 ) ) ;
#7412 = DIRECTION ( 'NONE',  ( 0.0000000000000000000, 0.0000000000000000000, -1.000000000000000000 ) ) ;
#7413 = ORIENTED_EDGE ( 'NONE', *, *, #1637, .T. ) ;
#7414 =( LENGTH_UNIT ( ) NAMED_UNIT ( * ) SI_UNIT ( .MILLI., .METRE. ) );
#7415 = DIRECTION ( 'NONE',  ( 1.000000000000000000, 0.0000000000000000000, 0.0000000000000000000 ) ) ;
#7416 = DIRECTION ( 'NONE',  ( 0.0000000000000000000, -1.000000000000000000, 0.0000000000000000000 ) ) ;
#7417 = PLANE ( 'NONE',  #153 ) ;
#7418 = ORIENTED_EDGE ( 'NONE', *, *, #7738, .F. ) ;
#7419 = LINE ( 'NONE', #9169, #1569 ) ;
#7420 = ORIENTED_EDGE ( 'NONE', *, *, #125, .T. ) ;
#7421 = VECTOR ( 'NONE', #5111, 1000.000000000000000 ) ;
#7422 = EDGE_CURVE ( 'NONE', #7170, #3380, #6811, .T. ) ;
#7423 = EDGE_CURVE ( 'NONE', #6754, #3353, #5208, .T. ) ;
#7424 = ADVANCED_FACE ( 'NONE', ( #5524 ), #7991, .T. ) ;
#7425 = ORIENTED_EDGE ( 'NONE', *, *, #9376, .F. ) ;
#7426 = CARTESIAN_POINT ( 'NONE',  ( 21.99500000000000099, 79.99000000000000909, 0.8000000000000000444 ) ) ;
#7427 = CARTESIAN_POINT ( 'NONE',  ( 21.99500000000000099, 79.99000000000000909, 0.8000000000000000444 ) ) ;
#7428 = CARTESIAN_POINT ( 'NONE',  ( 8.000000000000000000, 79.99000000000000909, -0.001000000000000000021 ) ) ;
#7429 = PLANE ( 'NONE',  #6677 ) ;
#7430 = LINE ( 'NONE', #51, #7544 ) ;
#7431 = CARTESIAN_POINT ( 'NONE',  ( 9.401667971656829437, 2.000000000000000000, 0.8180000000000000604 ) ) ;
#7432 = CARTESIAN_POINT ( 'NONE',  ( 5.451667971656830147, 0.2999999999999944933, 0.0000000000000000000 ) ) ;
#7433 = EDGE_LOOP ( 'NONE', ( #1655, #686, #3710, #9798 ) ) ;
#7434 = EDGE_CURVE ( 'NONE', #10355, #5491, #7136, .T. ) ;
#7435 = EDGE_CURVE ( 'NONE', #6314, #2264, #4620, .T. ) ;
#7436 = EDGE_CURVE ( 'NONE', #7642, #3728, #3009, .T. ) ;
#7437 = ORIENTED_EDGE ( 'NONE', *, *, #4943, .T. ) ;
#7438 = ORIENTED_EDGE ( 'NONE', *, *, #8979, .F. ) ;
#7439 = DIRECTION ( 'NONE',  ( 1.000000000000000000, 0.0000000000000000000, 0.0000000000000000000 ) ) ;
#7440 = ORIENTED_EDGE ( 'NONE', *, *, #5178, .F. ) ;
#7441 = SURFACE_STYLE_USAGE ( .BOTH. , #14 ) ;
#7442 = LINE ( 'NONE', #64, #2314 ) ;
#7443 = EDGE_CURVE ( 'NONE', #5078, #5156, #4779, .T. ) ;
#7444 = ORIENTED_EDGE ( 'NONE', *, *, #6635, .T. ) ;
#7445 = DIRECTION ( 'NONE',  ( -1.000000000000000000, 0.0000000000000000000, 0.0000000000000000000 ) ) ;
#7446 = LINE ( 'NONE', #1691, #1112 ) ;
#7447 = ORIENTED_EDGE ( 'NONE', *, *, #4745, .T. ) ;
#7448 = ORIENTED_EDGE ( 'NONE', *, *, #868, .F. ) ;
#7449 = FACE_OUTER_BOUND ( 'NONE', #367, .T. ) ;
#7450 = LINE ( 'NONE', #5035, #9867 ) ;
#7451 = AXIS2_PLACEMENT_3D ( 'NONE', #7379, #9615, #10408 ) ;
#7452 = CARTESIAN_POINT ( 'NONE',  ( 12.55166797165681913, 2.000000000000000000, 0.8000000000000000444 ) ) ;
#7453 = CARTESIAN_POINT ( 'NONE',  ( 14.00000000000000000, 80.00000000000000000, -0.001000000000000000021 ) ) ;
#7454 = ORIENTED_EDGE ( 'NONE', *, *, #3898, .T. ) ;
#7455 = UNCERTAINTY_MEASURE_WITH_UNIT (LENGTH_MEASURE( 1.000000000000000082E-05 ), #8100, 'distance_accuracy_value', 'NONE');
#7456 = VECTOR ( 'NONE', #8342, 1000.000000000000000 ) ;
#7457 = CARTESIAN_POINT ( 'NONE',  ( 18.15166797165684898, 2.000000000000000000, -0.01800000000000000211 ) ) ;
#7458 = EDGE_LOOP ( 'NONE', ( #273, #3807, #7489, #6505 ) ) ;
#7459 = DIRECTION ( 'NONE',  ( 0.0000000000000000000, 1.000000000000000000, 0.0000000000000000000 ) ) ;
#7460 = ORIENTED_EDGE ( 'NONE', *, *, #10338, .T. ) ;
#7461 = CARTESIAN_POINT ( 'NONE',  ( 4.251667971656825529, -1.469576158976823799E-16, 0.8000000000000000444 ) ) ;
#7462 = VECTOR ( 'NONE', #6087, 1000.000000000000000 ) ;
#7463 = DIRECTION ( 'NONE',  ( 0.0000000000000000000, -1.000000000000000000, 0.0000000000000000000 ) ) ;
#7464 = FACE_OUTER_BOUND ( 'NONE', #1721, .T. ) ;
#7465 = CARTESIAN_POINT ( 'NONE',  ( 11.15166797165682055, 2.000000000000000000, -0.01800000000000000211 ) ) ;
#7466 = VERTEX_POINT ( 'NONE', #9744 ) ;
#7467 = LINE ( 'NONE', #9968, #3805 ) ;
#7468 = ORIENTED_EDGE ( 'NONE', *, *, #6745, .F. ) ;
#7469 = CARTESIAN_POINT ( 'NONE',  ( 8.000000000000000000, 79.99000000000000909, -1.350000000000000089 ) ) ;
#7470 = VECTOR ( 'NONE', #9718, 1000.000000000000000 ) ;
#7471 =( LENGTH_UNIT ( ) NAMED_UNIT ( * ) SI_UNIT ( .MILLI., .METRE. ) );
#7472 = VECTOR ( 'NONE', #3317, 1000.000000000000000 ) ;
#7473 = ORIENTED_EDGE ( 'NONE', *, *, #4322, .F. ) ;
#7474 = LINE ( 'NONE', #8375, #4946 ) ;
#7475 = VECTOR ( 'NONE', #10375, 1000.000000000000000 ) ;
#7476 = FACE_OUTER_BOUND ( 'NONE', #10228, .T. ) ;
#7477 = CARTESIAN_POINT ( 'NONE',  ( 1.074999999999999956, 3.500000000000000000, 0.0000000000000000000 ) ) ;
#7478 = DIRECTION ( 'NONE',  ( -0.0000000000000000000, 1.000000000000000000, 0.0000000000000000000 ) ) ;
#7479 = EDGE_CURVE ( 'NONE', #5867, #7357, #1437, .T. ) ;
#7480 = EDGE_CURVE ( 'NONE', #8458, #3380, #3968, .T. ) ;
#7481 = CARTESIAN_POINT ( 'NONE',  ( 2.151667971656824996, 2.000000000000000000, -0.01800000000000000211 ) ) ;
#7482 = EDGE_CURVE ( 'NONE', #1959, #5228, #574, .T. ) ;
#7483 = CARTESIAN_POINT ( 'NONE',  ( 14.15166797165682055, 0.5500000000000000444, 0.0000000000000000000 ) ) ;
#7484 = ORIENTED_EDGE ( 'NONE', *, *, #2788, .F. ) ;
#7485 = AXIS2_PLACEMENT_3D ( 'NONE', #1101, #2891, #7722 ) ;
#7486 = VERTEX_POINT ( 'NONE', #629 ) ;
#7487 = EDGE_LOOP ( 'NONE', ( #7988, #6703, #6396, #9489 ) ) ;
#7488 = CARTESIAN_POINT ( 'NONE',  ( 19.65166797165684898, 0.5499999999999900524, -0.01800000000000000211 ) ) ;
#7489 = ORIENTED_EDGE ( 'NONE', *, *, #8346, .F. ) ;
#7490 = DIRECTION ( 'NONE',  ( 0.0000000000000000000, 0.0000000000000000000, 1.000000000000000000 ) ) ;
#7491 = VECTOR ( 'NONE', #10017, 1000.000000000000000 ) ;
#7492 = DIRECTION ( 'NONE',  ( 0.0000000000000000000, -1.000000000000000000, 0.0000000000000000000 ) ) ;
#7493 = ADVANCED_FACE ( 'NONE', ( #4722 ), #3113, .F. ) ;
#7494 = EDGE_CURVE ( 'NONE', #3237, #8370, #9535, .T. ) ;
#7495 = VECTOR ( 'NONE', #5356, 1000.000000000000000 ) ;
#7496 = VERTEX_POINT ( 'NONE', #6438 ) ;
#7497 = PRESENTATION_STYLE_ASSIGNMENT (( #1914 ) ) ;
#7498 = DIRECTION ( 'NONE',  ( 2.990902544787600071E-16, -1.000000000000000000, 0.0000000000000000000 ) ) ;
#7499 = CARTESIAN_POINT ( 'NONE',  ( 9.551667971656829792, 2.000000000000000000, 0.8000000000000000444 ) ) ;
#7500 = DIRECTION ( 'NONE',  ( 0.0000000000000000000, 1.000000000000000000, 0.0000000000000000000 ) ) ;
#7501 = EDGE_LOOP ( 'NONE', ( #2146, #10336, #2543, #1389 ) ) ;
#7502 = ORIENTED_EDGE ( 'NONE', *, *, #783, .F. ) ;
#7503 = CARTESIAN_POINT ( 'NONE',  ( 7.651667971656829437, 0.5500000000000000444, 0.0000000000000000000 ) ) ;
#7504 = DIRECTION ( 'NONE',  ( 0.0000000000000000000, -1.000000000000000000, 0.0000000000000000000 ) ) ;
#7505 = DIRECTION ( 'NONE',  ( 0.0000000000000000000, 1.000000000000000000, 0.0000000000000000000 ) ) ;
#7506 = CARTESIAN_POINT ( 'NONE',  ( 15.05166797165684933, 2.000000000000000000, 0.8000000000000000444 ) ) ;
#7507 = SURFACE_STYLE_FILL_AREA ( #5947 ) ;
#7508 = VECTOR ( 'NONE', #6565, 1000.000000000000000 ) ;
#7509 = ORIENTED_EDGE ( 'NONE', *, *, #3624, .T. ) ;
#7510 = CARTESIAN_POINT ( 'NONE',  ( 9.051667971656829792, 2.000000000000000000, 0.8000000000000000444 ) ) ;
#7511 = VECTOR ( 'NONE', #9353, 1000.000000000000000 ) ;
#7512 = FACE_OUTER_BOUND ( 'NONE', #7487, .T. ) ;
#7513 = EDGE_CURVE ( 'NONE', #896, #1366, #6337, .T. ) ;
#7514 = EDGE_LOOP ( 'NONE', ( #6017, #6729, #9453, #251 ) ) ;
#7515 = DIRECTION ( 'NONE',  ( 0.0000000000000000000, 0.0000000000000000000, 1.000000000000000000 ) ) ;
#7516 = ORIENTED_EDGE ( 'NONE', *, *, #9077, .T. ) ;
#7517 = FILL_AREA_STYLE ('',( #953 ) ) ;
#7518 = LINE ( 'NONE', #789, #4282 ) ;
#7519 = PLANE ( 'NONE',  #8067 ) ;
#7520 = LINE ( 'NONE', #9965, #1890 ) ;
#7521 = EDGE_LOOP ( 'NONE', ( #4054, #8339, #1427, #3252 ) ) ;
#7522 = CARTESIAN_POINT ( 'NONE',  ( 11.05166797165682091, 0.5500000000000000444, 0.8180000000000000604 ) ) ;
#7523 = ORIENTED_EDGE ( 'NONE', *, *, #5975, .T. ) ;
#7524 = FACE_OUTER_BOUND ( 'NONE', #4243, .T. ) ;
#7525 = EDGE_LOOP ( 'NONE', ( #6595, #9620, #7726, #5399 ) ) ;
#7526 = VERTEX_POINT ( 'NONE', #9591 ) ;
#7527 = DIRECTION ( 'NONE',  ( 0.0000000000000000000, 0.0000000000000000000, 1.000000000000000000 ) ) ;
#7528 = VECTOR ( 'NONE', #1645, 1000.000000000000000 ) ;
#7529 = CARTESIAN_POINT ( 'NONE',  ( 18.30166797165680137, 2.000000000000000000, -0.01800000000000000211 ) ) ;
#7530 = CARTESIAN_POINT ( 'NONE',  ( 14.15166797165682055, 0.5500000000000000444, -0.01800000000000000211 ) ) ;
#7531 = FACE_OUTER_BOUND ( 'NONE', #10252, .T. ) ;
#7532 = DIRECTION ( 'NONE',  ( -2.990902544787600071E-16, 1.000000000000000000, 0.0000000000000000000 ) ) ;
#7533 = DIRECTION ( 'NONE',  ( -1.000000000000000000, 0.0000000000000000000, 0.0000000000000000000 ) ) ;
#7534 = DIRECTION ( 'NONE',  ( 0.0000000000000000000, 0.0000000000000000000, -1.000000000000000000 ) ) ;
#7535 = VECTOR ( 'NONE', #2438, 1000.000000000000000 ) ;
#7536 = EDGE_LOOP ( 'NONE', ( #3329, #7373, #1441, #4153 ) ) ;
#7537 = AXIS2_PLACEMENT_3D ( 'NONE', #2806, #5332, #9288 ) ;
#7538 = VECTOR ( 'NONE', #2574, 1000.000000000000000 ) ;
#7539 = VERTEX_POINT ( 'NONE', #4673 ) ;
#7540 = EDGE_CURVE ( 'NONE', #3588, #7888, #527, .T. ) ;
#7541 = ORIENTED_EDGE ( 'NONE', *, *, #7678, .F. ) ;
#7542 = LINE ( 'NONE', #8388, #4543 ) ;
#7543 = VERTEX_POINT ( 'NONE', #9696 ) ;
#7544 = VECTOR ( 'NONE', #8647, 1000.000000000000000 ) ;
#7545 = DIRECTION ( 'NONE',  ( 0.0000000000000000000, 0.0000000000000000000, -1.000000000000000000 ) ) ;
#7546 = VECTOR ( 'NONE', #6607, 1000.000000000000000 ) ;
#7547 = EDGE_LOOP ( 'NONE', ( #5419, #4912, #3886, #1428 ) ) ;
#7548 = DIRECTION ( 'NONE',  ( -1.000000000000000000, 0.0000000000000000000, 0.0000000000000000000 ) ) ;
#7549 = AXIS2_PLACEMENT_3D ( 'NONE', #475, #10061, #5317 ) ;
#7550 = DIRECTION ( 'NONE',  ( 0.0000000000000000000, -1.000000000000000000, 0.0000000000000000000 ) ) ;
#7551 = EDGE_CURVE ( 'NONE', #1612, #7576, #730, .T. ) ;
#7552 = ADVANCED_FACE ( 'NONE', ( #3058 ), #5470, .F. ) ;
#7553 = DIRECTION ( 'NONE',  ( 0.0000000000000000000, 0.0000000000000000000, 1.000000000000000000 ) ) ;
#7554 = ADVANCED_FACE ( 'NONE', ( #1547 ), #2306, .F. ) ;
#7555 = ORIENTED_EDGE ( 'NONE', *, *, #581, .T. ) ;
#7556 = VERTEX_POINT ( 'NONE', #1489 ) ;
#7557 = LINE ( 'NONE', #3268, #8718 ) ;
#7558 = EDGE_CURVE ( 'NONE', #6405, #9537, #683, .T. ) ;
#7559 = DIRECTION ( 'NONE',  ( 1.000000000000000000, 0.0000000000000000000, 0.0000000000000000000 ) ) ;
#7560 = CARTESIAN_POINT ( 'NONE',  ( 9.901667971656820555, 2.000000000000000000, 0.8180000000000000604 ) ) ;
#7561 = AXIS2_PLACEMENT_3D ( 'NONE', #1912, #8443, #1085 ) ;
#7562 = DIRECTION ( 'NONE',  ( 0.0000000000000000000, -1.000000000000000000, 0.0000000000000000000 ) ) ;
#7563 = DIRECTION ( 'NONE',  ( 0.0000000000000000000, 0.0000000000000000000, 1.000000000000000000 ) ) ;
#7564 = EDGE_LOOP ( 'NONE', ( #7012, #4302, #2576, #8954 ) ) ;
#7565 = ADVANCED_FACE ( 'NONE', ( #5731 ), #6845, .F. ) ;
#7566 = EDGE_CURVE ( 'NONE', #10523, #6954, #9845, .T. ) ;
#7567 = DIRECTION ( 'NONE',  ( -1.862979256547985982E-15, 0.9396926207859073177, -0.3420201433256715995 ) ) ;
#7568 = ADVANCED_FACE ( 'NONE', ( #3564 ), #832, .F. ) ;
#7569 = VERTEX_POINT ( 'NONE', #1140 ) ;
#7570 = AXIS2_PLACEMENT_3D ( 'NONE', #9012, #794, #3873 ) ;
#7571 = DIRECTION ( 'NONE',  ( 0.0000000000000000000, 0.0000000000000000000, -1.000000000000000000 ) ) ;
#7572 = ORIENTED_EDGE ( 'NONE', *, *, #54, .F. ) ;
#7573 = DIRECTION ( 'NONE',  ( 0.0000000000000000000, 0.0000000000000000000, 1.000000000000000000 ) ) ;
#7574 = DIRECTION ( 'NONE',  ( 1.000000000000000000, -3.097720492815730124E-16, 0.0000000000000000000 ) ) ;
#7575 = DIRECTION ( 'NONE',  ( -1.000000000000000000, 0.0000000000000000000, 0.0000000000000000000 ) ) ;
#7576 = VERTEX_POINT ( 'NONE', #28 ) ;
#7577 = CARTESIAN_POINT ( 'NONE',  ( 3.551667971656824907, 2.000000000000000000, 0.8180000000000000604 ) ) ;
#7578 = EDGE_CURVE ( 'NONE', #6764, #9478, #9796, .T. ) ;
#7579 = ORIENTED_EDGE ( 'NONE', *, *, #9581, .F. ) ;
#7580 = DIRECTION ( 'NONE',  ( -5.981805089575200142E-16, -1.000000000000000000, 0.0000000000000000000 ) ) ;
#7581 = LINE ( 'NONE', #9016, #5602 ) ;
#7582 = VERTEX_POINT ( 'NONE', #5788 ) ;
#7583 = CARTESIAN_POINT ( 'NONE',  ( 8.151667971656829437, 0.5500000000000000444, -0.01800000000000000211 ) ) ;
#7584 = FACE_OUTER_BOUND ( 'NONE', #140, .T. ) ;
#7585 = LINE ( 'NONE', #1787, #8726 ) ;
#7586 = CARTESIAN_POINT ( 'NONE',  ( 10.15166797165682055, 2.000000000000000000, -0.01800000000000000211 ) ) ;
#7587 = PLANE ( 'NONE',  #2059 ) ;
#7588 = CARTESIAN_POINT ( 'NONE',  ( 13.65166797165682055, 2.000000000000000000, 0.0000000000000000000 ) ) ;
#7589 = ORIENTED_EDGE ( 'NONE', *, *, #3864, .T. ) ;
#7590 = VERTEX_POINT ( 'NONE', #7703 ) ;
#7591 = ORIENTED_EDGE ( 'NONE', *, *, #3937, .T. ) ;
#7592 = LINE ( 'NONE', #8284, #2660 ) ;
#7593 = VERTEX_POINT ( 'NONE', #5234 ) ;
#7594 = CARTESIAN_POINT ( 'NONE',  ( 19.55166797165679782, 0.5500000000000000444, 0.8180000000000000604 ) ) ;
#7595 = CARTESIAN_POINT ( 'NONE',  ( 12.15166797165682055, 2.000000000000000000, -0.01800000000000000211 ) ) ;
#7596 = CARTESIAN_POINT ( 'NONE',  ( 1.801667971656825129, 2.000000000000000000, 0.0000000000000000000 ) ) ;
#7597 = EDGE_LOOP ( 'NONE', ( #2977, #221, #6151, #6918 ) ) ;
#7598 = PLANE ( 'NONE',  #8334 ) ;
#7599 = CARTESIAN_POINT ( 'NONE',  ( 15.65166797165684898, 0.5500000000000000444, 0.0000000000000000000 ) ) ;
#7600 = VERTEX_POINT ( 'NONE', #334 ) ;
#7601 = EDGE_LOOP ( 'NONE', ( #4770, #3939, #7239, #7729 ) ) ;
#7602 = LINE ( 'NONE', #2028, #131 ) ;
#7603 = DIRECTION ( 'NONE',  ( -1.000000000000000000, 0.0000000000000000000, 0.0000000000000000000 ) ) ;
#7604 = LINE ( 'NONE', #7560, #1002 ) ;
#7605 = ADVANCED_FACE ( 'NONE', ( #1596 ), #4877, .F. ) ;
#7606 = EDGE_CURVE ( 'NONE', #10140, #3832, #1855, .T. ) ;
#7607 = ADVANCED_FACE ( 'NONE', ( #1037 ), #8498, .F. ) ;
#7608 = FACE_OUTER_BOUND ( 'NONE', #84, .T. ) ;
#7609 = FACE_OUTER_BOUND ( 'NONE', #9874, .T. ) ;
#7610 = ORIENTED_EDGE ( 'NONE', *, *, #9952, .F. ) ;
#7611 = CARTESIAN_POINT ( 'NONE',  ( 18.15166797165684898, 2.000000000000000000, 0.0000000000000000000 ) ) ;
#7612 = VECTOR ( 'NONE', #9626, 1000.000000000000000 ) ;
#7613 = LINE ( 'NONE', #6007, #3600 ) ;
#7614 = ORIENTED_EDGE ( 'NONE', *, *, #5856, .T. ) ;
#7615 = LINE ( 'NONE', #7666, #3419 ) ;
#7616 = ORIENTED_EDGE ( 'NONE', *, *, #6510, .F. ) ;
#7617 = CARTESIAN_POINT ( 'NONE',  ( 4.251667971656825529, -1.719077543262509864E-17, 0.1091910702798597893 ) ) ;
#7618 = EDGE_CURVE ( 'NONE', #3267, #7203, #8143, .T. ) ;
#7619 = LINE ( 'NONE', #1278, #8917 ) ;
#7620 = CARTESIAN_POINT ( 'NONE',  ( 6.801667971656820022, 0.5500000000000000444, 0.0000000000000000000 ) ) ;
#7621 = AXIS2_PLACEMENT_3D ( 'NONE', #4069, #6549, #5853 ) ;
#7622 = ORIENTED_EDGE ( 'NONE', *, *, #3217, .T. ) ;
#7623 = EDGE_CURVE ( 'NONE', #7856, #3912, #3512, .T. ) ;
#7624 = DIRECTION ( 'NONE',  ( 0.0000000000000000000, 0.0000000000000000000, -1.000000000000000000 ) ) ;
#7625 = ORIENTED_EDGE ( 'NONE', *, *, #7751, .F. ) ;
#7626 = VECTOR ( 'NONE', #3047, 1000.000000000000000 ) ;
#7627 = LINE ( 'NONE', #1943, #9525 ) ;
#7628 = CARTESIAN_POINT ( 'NONE',  ( 11.15166797165682055, 0.5500000000000000444, -0.01800000000000000211 ) ) ;
#7629 = ORIENTED_EDGE ( 'NONE', *, *, #3359, .F. ) ;
#7630 = CARTESIAN_POINT ( 'NONE',  ( 17.80166797165684756, 2.000000000000000000, -0.01800000000000000211 ) ) ;
#7631 = VECTOR ( 'NONE', #8082, 1000.000000000000000 ) ;
#7632 = ADVANCED_FACE ( 'NONE', ( #2712 ), #5987, .T. ) ;
#7633 =( NAMED_UNIT ( * ) SI_UNIT ( $, .STERADIAN. ) SOLID_ANGLE_UNIT ( ) );
#7634 = LINE ( 'NONE', #8539, #8734 ) ;
#7635 = CARTESIAN_POINT ( 'NONE',  ( 20.05166797165679782, 0.5500000000000000444, 0.8180000000000000604 ) ) ;
#7636 = CARTESIAN_POINT ( 'NONE',  ( 1.074999999999999956, 0.0000000000000000000, 0.6908089297201439605 ) ) ;
#7637 = LINE ( 'NONE', #6676, #6708 ) ;
#7638 = ORIENTED_EDGE ( 'NONE', *, *, #7866, .F. ) ;
#7639 = MECHANICAL_DESIGN_GEOMETRIC_PRESENTATION_REPRESENTATION (  '', ( #6271 ), #4562 ) ;
#7640 = VECTOR ( 'NONE', #6704, 1000.000000000000000 ) ;
#7641 = LINE ( 'NONE', #383, #8193 ) ;
#7642 = VERTEX_POINT ( 'NONE', #1252 ) ;
#7643 = ORIENTED_EDGE ( 'NONE', *, *, #54, .T. ) ;
#7644 = ADVANCED_FACE ( 'NONE', ( #6206 ), #10310, .F. ) ;
#7645 = CARTESIAN_POINT ( 'NONE',  ( 18.65166797165684898, 0.5500000000000000444, 0.0000000000000000000 ) ) ;
#7646 = ORIENTED_EDGE ( 'NONE', *, *, #4735, .F. ) ;
#7647 = DIRECTION ( 'NONE',  ( 0.0000000000000000000, 0.0000000000000000000, 1.000000000000000000 ) ) ;
#7648 = CARTESIAN_POINT ( 'NONE',  ( 17.55166797165684756, 2.000000000000000000, 0.8000000000000000444 ) ) ;
#7649 = AXIS2_PLACEMENT_3D ( 'NONE', #8985, #2500, #3408 ) ;
#7650 = SURFACE_STYLE_USAGE ( .BOTH. , #6041 ) ;
#7651 = VERTEX_POINT ( 'NONE', #8714 ) ;
#7652 = APPLICATION_PROTOCOL_DEFINITION ( 'draft international standard', 'automotive_design', 1998, #1339 ) ;
#7653 = VECTOR ( 'NONE', #2109, 1000.000000000000000 ) ;
#7654 = DIRECTION ( 'NONE',  ( 1.000000000000000000, 0.0000000000000000000, 0.0000000000000000000 ) ) ;
#7655 = ORIENTED_EDGE ( 'NONE', *, *, #1042, .T. ) ;
#7656 = ORIENTED_EDGE ( 'NONE', *, *, #1904, .T. ) ;
#7657 = LINE ( 'NONE', #1972, #8548 ) ;
#7658 = DIRECTION ( 'NONE',  ( -2.990902544787600071E-16, 1.000000000000000000, 0.0000000000000000000 ) ) ;
#7659 = LINE ( 'NONE', #6053, #5132 ) ;
#7660 = LINE ( 'NONE', #9153, #6941 ) ;
#7661 = LINE ( 'NONE', #4381, #10369 ) ;
#7662 = ORIENTED_EDGE ( 'NONE', *, *, #5462, .T. ) ;
#7663 = CARTESIAN_POINT ( 'NONE',  ( 1.901667971656824996, 2.000000000000000000, 0.8180000000000000604 ) ) ;
#7664 = LINE ( 'NONE', #8516, #5832 ) ;
#7665 = ORIENTED_EDGE ( 'NONE', *, *, #176, .T. ) ;
#7666 = CARTESIAN_POINT ( 'NONE',  ( 9.051667971656829792, 2.000000000000000000, 0.8180000000000000604 ) ) ;
#7667 = EDGE_CURVE ( 'NONE', #807, #5664, #8613, .T. ) ;
#7668 = ORIENTED_EDGE ( 'NONE', *, *, #2723, .T. ) ;
#7669 = DIRECTION ( 'NONE',  ( 1.000000000000000000, 0.0000000000000000000, 0.0000000000000000000 ) ) ;
#7670 = DIRECTION ( 'NONE',  ( -0.0000000000000000000, 1.000000000000000000, 0.0000000000000000000 ) ) ;
#7671 = DIRECTION ( 'NONE',  ( 0.0000000000000000000, 0.0000000000000000000, 1.000000000000000000 ) ) ;
#7672 = VERTEX_POINT ( 'NONE', #7814 ) ;
#7673 = DIRECTION ( 'NONE',  ( 0.0000000000000000000, -1.000000000000000000, 0.0000000000000000000 ) ) ;
#7674 = VERTEX_POINT ( 'NONE', #3786 ) ;
#7675 = AXIS2_PLACEMENT_3D ( 'NONE', #993, #6906, #7654 ) ;
#7676 = LINE ( 'NONE', #1888, #1129 ) ;
#7677 = DIRECTION ( 'NONE',  ( 1.000000000000000000, 0.0000000000000000000, 0.0000000000000000000 ) ) ;
#7678 = EDGE_CURVE ( 'NONE', #6710, #5598, #7164, .T. ) ;
#7679 = ORIENTED_EDGE ( 'NONE', *, *, #7024, .F. ) ;
#7680 = EDGE_CURVE ( 'NONE', #2130, #7727, #6253, .T. ) ;
#7681 = CARTESIAN_POINT ( 'NONE',  ( 17.20166797165684969, 1.469576158976835879E-16, 0.6908089297201439605 ) ) ;
#7682 = EDGE_CURVE ( 'NONE', #3787, #5060, #1357, .T. ) ;
#7683 = ORIENTED_EDGE ( 'NONE', *, *, #7821, .F. ) ;
#7684 = LINE ( 'NONE', #5218, #603 ) ;
#7685 = MECHANICAL_DESIGN_GEOMETRIC_PRESENTATION_REPRESENTATION (  '', ( #3062 ), #10574 ) ;
#7686 = DIRECTION ( 'NONE',  ( 0.0000000000000000000, 0.0000000000000000000, 1.000000000000000000 ) ) ;
#7687 = CARTESIAN_POINT ( 'NONE',  ( 8.301667971656819134, 0.5500000000000000444, -0.01800000000000000211 ) ) ;
#7688 = LINE ( 'NONE', #380, #3798 ) ;
#7689 = ORIENTED_EDGE ( 'NONE', *, *, #4279, .F. ) ;
#7690 = VECTOR ( 'NONE', #193, 1000.000000000000000 ) ;
#7691 =( LENGTH_UNIT ( ) NAMED_UNIT ( * ) SI_UNIT ( .MILLI., .METRE. ) );
#7692 = EDGE_CURVE ( 'NONE', #9841, #3115, #7066, .T. ) ;
#7693 = EDGE_CURVE ( 'NONE', #4361, #1029, #2874, .T. ) ;
#7694 = ORIENTED_EDGE ( 'NONE', *, *, #1379, .T. ) ;
#7695 = VECTOR ( 'NONE', #1921, 1000.000000000000000 ) ;
#7696 = ORIENTED_EDGE ( 'NONE', *, *, #1572, .T. ) ;
#7697 = CARTESIAN_POINT ( 'NONE',  ( 1.074999999999999956, 3.500000000000000000, 0.8000000000000000444 ) ) ;
#7698 = ORIENTED_EDGE ( 'NONE', *, *, #4518, .F. ) ;
#7699 = CARTESIAN_POINT ( 'NONE',  ( 3.901667971656824996, 2.000000000000000000, 0.8180000000000000604 ) ) ;
#7700 = LINE ( 'NONE', #8657, #1174 ) ;
#7701 = VECTOR ( 'NONE', #4354, 1000.000000000000000 ) ;
#7702 = MECHANICAL_DESIGN_GEOMETRIC_PRESENTATION_REPRESENTATION (  '', ( #3413 ), #4438 ) ;
#7703 = CARTESIAN_POINT ( 'NONE',  ( 18.15166797165684898, 0.5500000000000000444, 0.0000000000000000000 ) ) ;
#7704 = ORIENTED_EDGE ( 'NONE', *, *, #3875, .T. ) ;
#7705 = VECTOR ( 'NONE', #5740, 1000.000000000000000 ) ;
#7706 = LINE ( 'NONE', #278, #3033 ) ;
#7707 = ADVANCED_FACE ( 'NONE', ( #3671 ), #3034, .F. ) ;
#7708 = COLOUR_RGB ( '',0.6431372549019607199, 0.6156862745098039547, 0.5999999999999999778 ) ;
#7709 = PLANE ( 'NONE',  #7675 ) ;
#7710 = AXIS2_PLACEMENT_3D ( 'NONE', #1405, #7263, #8107 ) ;
#7711 = EDGE_LOOP ( 'NONE', ( #922, #1864, #6554, #6049 ) ) ;
#7712 = DIRECTION ( 'NONE',  ( -1.000000000000000000, 0.0000000000000000000, 0.0000000000000000000 ) ) ;
#7713 = EDGE_LOOP ( 'NONE', ( #10415, #6978, #8741, #5915 ) ) ;
#7714 = CARTESIAN_POINT ( 'NONE',  ( 15.05166797165684933, 0.5500000000000000444, 0.8180000000000000604 ) ) ;
#7715 = CARTESIAN_POINT ( 'NONE',  ( 12.55166797165681913, 2.000000000000000000, 0.8180000000000000604 ) ) ;
#7716 = LINE ( 'NONE', #2829, #2299 ) ;
#7717 = DIRECTION ( 'NONE',  ( 0.0000000000000000000, 0.0000000000000000000, -1.000000000000000000 ) ) ;
#7718 = VECTOR ( 'NONE', #6031, 1000.000000000000000 ) ;
#7719 =( GEOMETRIC_REPRESENTATION_CONTEXT ( 3 ) GLOBAL_UNCERTAINTY_ASSIGNED_CONTEXT ( ( #5733 ) ) GLOBAL_UNIT_ASSIGNED_CONTEXT ( ( #8367, #3485, #10609 ) ) REPRESENTATION_CONTEXT ( 'NONE', 'WORKASPACE' ) );
#7720 = VECTOR ( 'NONE', #5308, 1000.000000000000000 ) ;
#7721 = CARTESIAN_POINT ( 'NONE',  ( 11.55166797165682091, 2.000000000000000000, 0.8000000000000000444 ) ) ;
#7722 = DIRECTION ( 'NONE',  ( 1.000000000000000000, 0.0000000000000000000, 0.0000000000000000000 ) ) ;
#7723 = EDGE_LOOP ( 'NONE', ( #7103, #2261, #3545, #10547 ) ) ;
#7724 = CARTESIAN_POINT ( 'NONE',  ( 9.651667971656820555, 2.000000000000000000, 0.0000000000000000000 ) ) ;
#7725 = PLANE ( 'NONE',  #2547 ) ;
#7726 = ORIENTED_EDGE ( 'NONE', *, *, #8720, .F. ) ;
#7727 = VERTEX_POINT ( 'NONE', #6308 ) ;
#7728 = LINE ( 'NONE', #10221, #5972 ) ;
#7729 = ORIENTED_EDGE ( 'NONE', *, *, #1360, .T. ) ;
#7730 = VECTOR ( 'NONE', #7296, 1000.000000000000000 ) ;
#7731 = PLANE ( 'NONE',  #7381 ) ;
#7732 = CARTESIAN_POINT ( 'NONE',  ( 1.551667971656825129, 2.000000000000000000, 0.8180000000000000604 ) ) ;
#7733 = DIRECTION ( 'NONE',  ( 1.000000000000000000, 0.0000000000000000000, 0.0000000000000000000 ) ) ;
#7734 = ORIENTED_EDGE ( 'NONE', *, *, #7952, .F. ) ;
#7735 = DIRECTION ( 'NONE',  ( 0.0000000000000000000, 0.0000000000000000000, -1.000000000000000000 ) ) ;
#7736 = ORIENTED_EDGE ( 'NONE', *, *, #9831, .T. ) ;
#7737 = DIRECTION ( 'NONE',  ( 1.000000000000000000, 0.0000000000000000000, 0.0000000000000000000 ) ) ;
#7738 = EDGE_CURVE ( 'NONE', #4666, #5713, #9349, .T. ) ;
#7739 = AXIS2_PLACEMENT_3D ( 'NONE', #9723, #10517, #2388 ) ;
#7740 = PLANE ( 'NONE',  #959 ) ;
#7741 = ORIENTED_EDGE ( 'NONE', *, *, #9918, .T. ) ;
#7742 = DIRECTION ( 'NONE',  ( 1.000000000000000000, 0.0000000000000000000, 0.0000000000000000000 ) ) ;
#7743 = PLANE ( 'NONE',  #8660 ) ;
#7744 =( NAMED_UNIT ( * ) SI_UNIT ( $, .STERADIAN. ) SOLID_ANGLE_UNIT ( ) );
#7745 = VECTOR ( 'NONE', #2019, 1000.000000000000000 ) ;
#7746 = AXIS2_PLACEMENT_3D ( 'NONE', #8951, #3861, #9538 ) ;
#7747 = CARTESIAN_POINT ( 'NONE',  ( 12.05166797165682091, 0.5500000000000000444, 0.8000000000000000444 ) ) ;
#7748 = FACE_OUTER_BOUND ( 'NONE', #9669, .T. ) ;
#7749 = DIRECTION ( 'NONE',  ( 0.0000000000000000000, -1.000000000000000000, 0.0000000000000000000 ) ) ;
#7750 = EDGE_CURVE ( 'NONE', #5255, #8630, #4700, .T. ) ;
#7751 = EDGE_CURVE ( 'NONE', #10246, #5827, #8556, .T. ) ;
#7752 = ORIENTED_EDGE ( 'NONE', *, *, #7434, .T. ) ;
#7753 = EDGE_CURVE ( 'NONE', #5487, #3860, #446, .T. ) ;
#7754 = LINE ( 'NONE', #10138, #6688 ) ;
#7755 = AXIS2_PLACEMENT_3D ( 'NONE', #8997, #5789, #4285 ) ;
#7756 = ORIENTED_EDGE ( 'NONE', *, *, #243, .F. ) ;
#7757 = ORIENTED_EDGE ( 'NONE', *, *, #4346, .T. ) ;
#7758 = ORIENTED_EDGE ( 'NONE', *, *, #6581, .F. ) ;
#7759 = DIRECTION ( 'NONE',  ( 0.0000000000000000000, 0.0000000000000000000, 1.000000000000000000 ) ) ;
#7760 =( NAMED_UNIT ( * ) PLANE_ANGLE_UNIT ( ) SI_UNIT ( $, .RADIAN. ) );
#7761 = EDGE_CURVE ( 'NONE', #3052, #7223, #501, .T. ) ;
#7762 = EDGE_CURVE ( 'NONE', #5364, #8458, #9773, .T. ) ;
#7763 = ORIENTED_EDGE ( 'NONE', *, *, #6913, .T. ) ;
#7764 = EDGE_CURVE ( 'NONE', #9134, #4388, #10570, .T. ) ;
#7765 = LINE ( 'NONE', #9408, #7831 ) ;
#7766 = STYLED_ITEM ( 'NONE', ( #3338 ), #2889 ) ;
#7767 = CARTESIAN_POINT ( 'NONE',  ( 2.551667971656824907, 2.000000000000000000, 0.8180000000000000604 ) ) ;
#7768 = ORIENTED_EDGE ( 'NONE', *, *, #1098, .F. ) ;
#7769 = CARTESIAN_POINT ( 'NONE',  ( 0.0000000000000000000, 0.0000000000000000000, 0.8180000000000000604 ) ) ;
#7770 = ORIENTED_EDGE ( 'NONE', *, *, #5284, .F. ) ;
#7771 = CARTESIAN_POINT ( 'NONE',  ( 10.65166797165682055, 2.000000000000000000, -0.01800000000000000211 ) ) ;
#7772 = CARTESIAN_POINT ( 'NONE',  ( 6.301667971656820022, 0.5500000000000000444, -0.01800000000000000211 ) ) ;
#7773 = EDGE_CURVE ( 'NONE', #3917, #4401, #9822, .T. ) ;
#7774 = FACE_OUTER_BOUND ( 'NONE', #7411, .T. ) ;
#7775 = DIRECTION ( 'NONE',  ( 1.000000000000000000, 0.0000000000000000000, 0.0000000000000000000 ) ) ;
#7776 = CARTESIAN_POINT ( 'NONE',  ( 4.251667971656825529, -1.469576158976823799E-16, 0.8000000000000000444 ) ) ;
#7777 = LINE ( 'NONE', #8512, #4383 ) ;
#7778 = UNCERTAINTY_MEASURE_WITH_UNIT (LENGTH_MEASURE( 1.000000000000000082E-05 ), #8837, 'distance_accuracy_value', 'NONE');
#7779 = CARTESIAN_POINT ( 'NONE',  ( 18.55166797165685111, 0.5500000000000000444, 0.8000000000000000444 ) ) ;
#7780 = DIRECTION ( 'NONE',  ( 0.0000000000000000000, -1.000000000000000000, 0.0000000000000000000 ) ) ;
#7781 = ORIENTED_EDGE ( 'NONE', *, *, #7901, .F. ) ;
#7782 = ORIENTED_EDGE ( 'NONE', *, *, #8811, .T. ) ;
#7783 = DIRECTION ( 'NONE',  ( 0.0000000000000000000, 0.0000000000000000000, -1.000000000000000000 ) ) ;
#7784 = ORIENTED_EDGE ( 'NONE', *, *, #66, .F. ) ;
#7785 = CARTESIAN_POINT ( 'NONE',  ( 8.151667971656829437, 2.000000000000000000, 0.0000000000000000000 ) ) ;
#7786 = CARTESIAN_POINT ( 'NONE',  ( 1.551667971656825129, 2.000000000000000000, 0.8000000000000000444 ) ) ;
#7787 = CARTESIAN_POINT ( 'NONE',  ( 0.0000000000000000000, 0.0000000000000000000, 0.8180000000000000604 ) ) ;
#7788 = ORIENTED_EDGE ( 'NONE', *, *, #570, .F. ) ;
#7789 = VECTOR ( 'NONE', #10160, 1000.000000000000000 ) ;
#7790 = PLANE ( 'NONE',  #7746 ) ;
#7791 = ORIENTED_EDGE ( 'NONE', *, *, #3170, .F. ) ;
#7792 = CARTESIAN_POINT ( 'NONE',  ( 9.151667971656820555, 2.000000000000000000, -0.01800000000000000211 ) ) ;
#7793 = LINE ( 'NONE', #6933, #4212 ) ;
#7794 = VERTEX_POINT ( 'NONE', #4040 ) ;
#7795 = CARTESIAN_POINT ( 'NONE',  ( 8.551667971656828016, 2.000000000000000000, 0.8180000000000000604 ) ) ;
#7796 = DIRECTION ( 'NONE',  ( -1.000000000000000000, 0.0000000000000000000, 0.0000000000000000000 ) ) ;
#7797 = VECTOR ( 'NONE', #7545, 1000.000000000000000 ) ;
#7798 = CARTESIAN_POINT ( 'NONE',  ( 12.65166797165682055, 2.000000000000000000, -0.01800000000000000211 ) ) ;
#7799 = LINE ( 'NONE', #2751, #3270 ) ;
#7800 = FACE_OUTER_BOUND ( 'NONE', #502, .T. ) ;
#7801 = AXIS2_PLACEMENT_3D ( 'NONE', #7283, #5561, #4049 ) ;
#7802 = ORIENTED_EDGE ( 'NONE', *, *, #3612, .T. ) ;
#7803 = VECTOR ( 'NONE', #6374, 1000.000000000000000 ) ;
#7804 = CARTESIAN_POINT ( 'NONE',  ( 8.901667971656829437, 0.5500000000000000444, 0.8180000000000000604 ) ) ;
#7805 = ORIENTED_EDGE ( 'NONE', *, *, #9315, .F. ) ;
#7806 = ORIENTED_EDGE ( 'NONE', *, *, #1998, .T. ) ;
#7807 = ADVANCED_FACE ( 'NONE', ( #7274 ), #8076, .F. ) ;
#7808 = FACE_BOUND ( 'NONE', #5804, .T. ) ;
#7809 = ORIENTED_EDGE ( 'NONE', *, *, #8856, .F. ) ;
#7810 = EDGE_CURVE ( 'NONE', #10041, #4226, #8230, .T. ) ;
#7811 = PLANE ( 'NONE',  #2778 ) ;
#7812 = CARTESIAN_POINT ( 'NONE',  ( 8.000000000000000000, 79.99000000000000909, -0.001000000000000000021 ) ) ;
#7813 = ADVANCED_FACE ( 'NONE', ( #707 ), #9616, .F. ) ;
#7814 = CARTESIAN_POINT ( 'NONE',  ( 11.90166797165682055, 2.000000000000000000, 0.8000000000000000444 ) ) ;
#7815 = VECTOR ( 'NONE', #9473, 1000.000000000000000 ) ;
#7816 = ORIENTED_EDGE ( 'NONE', *, *, #8819, .T. ) ;
#7817 =( NAMED_UNIT ( * ) SI_UNIT ( $, .STERADIAN. ) SOLID_ANGLE_UNIT ( ) );
#7818 = VECTOR ( 'NONE', #6711, 1000.000000000000000 ) ;
#7819 = CARTESIAN_POINT ( 'NONE',  ( 1.801667971656825129, 2.000000000000000000, -0.01800000000000000211 ) ) ;
#7820 = ORIENTED_EDGE ( 'NONE', *, *, #1584, .F. ) ;
#7821 = EDGE_CURVE ( 'NONE', #8877, #7246, #3195, .T. ) ;
#7822 = CARTESIAN_POINT ( 'NONE',  ( 15.05166797165684933, 2.000000000000000000, 0.8180000000000000604 ) ) ;
#7823 = ORIENTED_EDGE ( 'NONE', *, *, #5902, .F. ) ;
#7824 = EDGE_CURVE ( 'NONE', #2817, #469, #5663, .T. ) ;
#7825 = CARTESIAN_POINT ( 'NONE',  ( 7.151667971656830325, 2.000000000000000000, -0.01800000000000000211 ) ) ;
#7826 = VECTOR ( 'NONE', #4268, 1000.000000000000000 ) ;
#7827 = LINE ( 'NONE', #10370, #9491 ) ;
#7828 = EDGE_CURVE ( 'NONE', #4952, #7986, #1620, .T. ) ;
#7829 = CARTESIAN_POINT ( 'NONE',  ( 21.99500000000000099, 79.99000000000000909, -1.350000000000000089 ) ) ;
#7830 = FACE_OUTER_BOUND ( 'NONE', #6658, .T. ) ;
#7831 = VECTOR ( 'NONE', #6093, 1000.000000000000000 ) ;
#7832 = CARTESIAN_POINT ( 'NONE',  ( 11.30166797165682091, 0.5500000000000000444, 0.0000000000000000000 ) ) ;
#7833 = ORIENTED_EDGE ( 'NONE', *, *, #7846, .T. ) ;
#7834 = ORIENTED_EDGE ( 'NONE', *, *, #5382, .T. ) ;
#7835 = ORIENTED_EDGE ( 'NONE', *, *, #4531, .T. ) ;
#7836 = LINE ( 'NONE', #3751, #1509 ) ;
#7837 = VERTEX_POINT ( 'NONE', #1466 ) ;
#7838 = CARTESIAN_POINT ( 'NONE',  ( -6.938893903907229955E-15, 80.00000000000000000, 0.0000000000000000000 ) ) ;
#7839 = CARTESIAN_POINT ( 'NONE',  ( 8.000016666712959079, 79.99000000000000909, 0.8000000000000000444 ) ) ;
#7840 = CARTESIAN_POINT ( 'NONE',  ( 17.55166797165684756, 2.000000000000000000, 0.8180000000000000604 ) ) ;
#7841 = PLANE ( 'NONE',  #10083 ) ;
#7842 = ORIENTED_EDGE ( 'NONE', *, *, #3533, .F. ) ;
#7843 = DIRECTION ( 'NONE',  ( -0.0000000000000000000, 1.000000000000000000, 0.0000000000000000000 ) ) ;
#7844 = ORIENTED_EDGE ( 'NONE', *, *, #10230, .F. ) ;
#7845 = FACE_OUTER_BOUND ( 'NONE', #8595, .T. ) ;
#7846 = EDGE_CURVE ( 'NONE', #6015, #2225, #6569, .T. ) ;
#7847 = DIRECTION ( 'NONE',  ( 1.000000000000000000, 0.0000000000000000000, 0.0000000000000000000 ) ) ;
#7848 = VERTEX_POINT ( 'NONE', #4091 ) ;
#7849 = CARTESIAN_POINT ( 'NONE',  ( 8.551667971656828016, 2.000000000000000000, 0.8180000000000000604 ) ) ;
#7850 = CARTESIAN_POINT ( 'NONE',  ( 8.151667971656829437, 0.5500000000000000444, 0.0000000000000000000 ) ) ;
#7851 = CARTESIAN_POINT ( 'NONE',  ( 6.401667971656830325, 2.000000000000000000, 0.8180000000000000604 ) ) ;
#7852 = DIRECTION ( 'NONE',  ( 1.000000000000000000, 0.0000000000000000000, 0.0000000000000000000 ) ) ;
#7853 = LINE ( 'NONE', #2011, #6886 ) ;
#7854 = ORIENTED_EDGE ( 'NONE', *, *, #10363, .T. ) ;
#7855 = CARTESIAN_POINT ( 'NONE',  ( 9.401667971656829437, 2.000000000000000000, 0.8180000000000000604 ) ) ;
#7856 = VERTEX_POINT ( 'NONE', #8928 ) ;
#7857 = STYLED_ITEM ( 'NONE', ( #6022 ), #526 ) ;
#7858 = ORIENTED_EDGE ( 'NONE', *, *, #1300, .T. ) ;
#7859 = FACE_BOUND ( 'NONE', #9979, .T. ) ;
#7860 = LINE ( 'NONE', #8656, #2604 ) ;
#7861 = VECTOR ( 'NONE', #4339, 1000.000000000000000 ) ;
#7862 = DIRECTION ( 'NONE',  ( 0.0000000000000000000, 0.0000000000000000000, -1.000000000000000000 ) ) ;
#7863 = CARTESIAN_POINT ( 'NONE',  ( 8.551667971656828016, 2.000000000000000000, 0.8000000000000000444 ) ) ;
#7864 = ORIENTED_EDGE ( 'NONE', *, *, #8459, .T. ) ;
#7865 = DIRECTION ( 'NONE',  ( 0.0000000000000000000, 1.000000000000000000, 0.0000000000000000000 ) ) ;
#7866 = EDGE_CURVE ( 'NONE', #10610, #1144, #5763, .T. ) ;
#7867 = LINE ( 'NONE', #9410, #6816 ) ;
#7868 = ORIENTED_EDGE ( 'NONE', *, *, #5055, .T. ) ;
#7869 = CARTESIAN_POINT ( 'NONE',  ( 18.40166797165684898, 0.5500000000000000444, 0.8180000000000000604 ) ) ;
#7870 = ORIENTED_EDGE ( 'NONE', *, *, #7828, .F. ) ;
#7871 = LINE ( 'NONE', #509, #6379 ) ;
#7872 = COLOUR_RGB ( '',1.000000000000000000, 0.8117647058823529438, 0.5019607843137254832 ) ;
#7873 = CARTESIAN_POINT ( 'NONE',  ( 9.651667971656820555, 2.000000000000000000, 0.0000000000000000000 ) ) ;
#7874 = DIRECTION ( 'NONE',  ( -5.981805089575200142E-16, -1.000000000000000000, 0.0000000000000000000 ) ) ;
#7875 = VECTOR ( 'NONE', #7742, 1000.000000000000000 ) ;
#7876 = CARTESIAN_POINT ( 'NONE',  ( 11.90166797165682055, 0.5500000000000000444, 0.8180000000000000604 ) ) ;
#7877 =( LENGTH_UNIT ( ) NAMED_UNIT ( * ) SI_UNIT ( .MILLI., .METRE. ) );
#7878 = FACE_OUTER_BOUND ( 'NONE', #5929, .T. ) ;
#7879 = EDGE_CURVE ( 'NONE', #8369, #1591, #1520, .T. ) ;
#7880 = EDGE_CURVE ( 'NONE', #3407, #2353, #753, .T. ) ;
#7881 = MECHANICAL_DESIGN_GEOMETRIC_PRESENTATION_REPRESENTATION (  '', ( #6166 ), #3770 ) ;
#7882 = CARTESIAN_POINT ( 'NONE',  ( 12.65166797165682055, 0.5500000000000000444, -0.01800000000000000211 ) ) ;
#7883 = EDGE_CURVE ( 'NONE', #8164, #4068, #1675, .T. ) ;
#7884 = ORIENTED_EDGE ( 'NONE', *, *, #8256, .F. ) ;
#7885 = ORIENTED_EDGE ( 'NONE', *, *, #2305, .F. ) ;
#7886 = VERTEX_POINT ( 'NONE', #2440 ) ;
#7887 = PLANE ( 'NONE',  #2033 ) ;
#7888 = VERTEX_POINT ( 'NONE', #7324 ) ;
#7889 = PLANE ( 'NONE',  #5279 ) ;
#7890 = AXIS2_PLACEMENT_3D ( 'NONE', #37, #3332, #6605 ) ;
#7891 = PLANE ( 'NONE',  #10413 ) ;
#7892 = STYLED_ITEM ( 'NONE', ( #8959 ), #4209 ) ;
#7893 = CARTESIAN_POINT ( 'NONE',  ( 15.05166797165684933, 2.000000000000000000, 0.8180000000000000604 ) ) ;
#7894 = LINE ( 'NONE', #528, #420 ) ;
#7895 = ORIENTED_EDGE ( 'NONE', *, *, #67, .T. ) ;
#7896 = DIRECTION ( 'NONE',  ( 0.0000000000000000000, -1.000000000000000000, 0.0000000000000000000 ) ) ;
#7897 = EDGE_CURVE ( 'NONE', #9306, #5834, #2286, .T. ) ;
#7898 = ADVANCED_FACE ( 'NONE', ( #4754 ), #8119, .F. ) ;
#7899 = EDGE_LOOP ( 'NONE', ( #772, #9155, #1598, #5023 ) ) ;
#7900 = CARTESIAN_POINT ( 'NONE',  ( 15.15166797165684898, 0.5500000000000000444, -0.01800000000000000211 ) ) ;
#7901 = EDGE_CURVE ( 'NONE', #2761, #280, #3938, .T. ) ;
#7902 = VECTOR ( 'NONE', #3605, 1000.000000000000000 ) ;
#7903 = CARTESIAN_POINT ( 'NONE',  ( 12.80166797165682091, 0.5500000000000000444, -0.01800000000000000211 ) ) ;
#7904 = ORIENTED_EDGE ( 'NONE', *, *, #9303, .F. ) ;
#7905 = PLANE ( 'NONE',  #3691 ) ;
#7906 = PLANE ( 'NONE',  #1702 ) ;
#7907 = ADVANCED_FACE ( 'NONE', ( #3350 ), #1127, .F. ) ;
#7908 = LINE ( 'NONE', #543, #1027 ) ;
#7909 = CARTESIAN_POINT ( 'NONE',  ( 14.05166797165682091, 0.5500000000000000444, 0.8180000000000000604 ) ) ;
#7910 = LINE ( 'NONE', #10348, #697 ) ;
#7911 = VECTOR ( 'NONE', #10360, 1000.000000000000000 ) ;
#7912 = ORIENTED_EDGE ( 'NONE', *, *, #2819, .T. ) ;
#7913 = CARTESIAN_POINT ( 'NONE',  ( 2.901667971656824996, 0.5499999999999929390, 0.8000000000000000444 ) ) ;
#7914 = ORIENTED_EDGE ( 'NONE', *, *, #1031, .T. ) ;
#7915 = VECTOR ( 'NONE', #664, 1000.000000000000000 ) ;
#7916 = ORIENTED_EDGE ( 'NONE', *, *, #8810, .F. ) ;
#7917 = CARTESIAN_POINT ( 'NONE',  ( 2.801667971656824907, 2.000000000000000000, -0.01800000000000000211 ) ) ;
#7918 = PRESENTATION_LAYER_ASSIGNMENT (  '', '', ( #7063 ) ) ;
#7919 = DIRECTION ( 'NONE',  ( 0.0000000000000000000, 1.000000000000000000, 0.0000000000000000000 ) ) ;
#7920 = DIRECTION ( 'NONE',  ( 0.0000000000000000000, 0.0000000000000000000, 1.000000000000000000 ) ) ;
#7921 = CARTESIAN_POINT ( 'NONE',  ( 4.251667971656825529, -1.469576158976823799E-16, 0.8000000000000000444 ) ) ;
#7922 = ORIENTED_EDGE ( 'NONE', *, *, #3410, .T. ) ;
#7923 = AXIS2_PLACEMENT_3D ( 'NONE', #1941, #7843, #6068 ) ;
#7924 = VERTEX_POINT ( 'NONE', #8485 ) ;
#7925 = PLANE ( 'NONE',  #4198 ) ;
#7926 = VERTEX_POINT ( 'NONE', #5222 ) ;
#7927 = CARTESIAN_POINT ( 'NONE',  ( 3.051667971656824907, 2.000000000000000000, 0.8000000000000000444 ) ) ;
#7928 = CARTESIAN_POINT ( 'NONE',  ( 1.801667971656825129, 2.000000000000000000, -0.01800000000000000211 ) ) ;
#7929 = LINE ( 'NONE', #5616, #326 ) ;
#7930 = SURFACE_STYLE_USAGE ( .BOTH. , #3687 ) ;
#7931 = DIRECTION ( 'NONE',  ( -1.000000000000000000, 0.0000000000000000000, 0.0000000000000000000 ) ) ;
#7932 = CARTESIAN_POINT ( 'NONE',  ( 8.301667971656819134, 2.000000000000000000, 0.0000000000000000000 ) ) ;
#7933 = CARTESIAN_POINT ( 'NONE',  ( 3.051667971656824907, 2.000000000000000000, 0.8000000000000000444 ) ) ;
#7934 = ORIENTED_EDGE ( 'NONE', *, *, #10350, .F. ) ;
#7935 = VERTEX_POINT ( 'NONE', #7483 ) ;
#7936 = DIRECTION ( 'NONE',  ( 0.0000000000000000000, 1.000000000000000000, 0.0000000000000000000 ) ) ;
#7937 = ORIENTED_EDGE ( 'NONE', *, *, #1005, .F. ) ;
#7938 = EDGE_CURVE ( 'NONE', #6005, #8916, #6623, .T. ) ;
#7939 = CARTESIAN_POINT ( 'NONE',  ( 8.000000000000000000, 79.99000000000000909, -1.350000000000000089 ) ) ;
#7940 = EDGE_CURVE ( 'NONE', #8956, #937, #10078, .T. ) ;
#7941 = PLANE ( 'NONE',  #9080 ) ;
#7942 = ADVANCED_FACE ( 'NONE', ( #5876 ), #9873, .F. ) ;
#7943 = CARTESIAN_POINT ( 'NONE',  ( 10.55166797165681913, 2.000000000000000000, 0.8000000000000000444 ) ) ;
#7944 = LINE ( 'NONE', #7192, #2404 ) ;
#7945 = VERTEX_POINT ( 'NONE', #6829 ) ;
#7946 = ORIENTED_EDGE ( 'NONE', *, *, #1584, .T. ) ;
#7947 = LINE ( 'NONE', #9328, #7653 ) ;
#7948 = DIRECTION ( 'NONE',  ( 1.000000000000000000, 0.0000000000000000000, 0.0000000000000000000 ) ) ;
#7949 = ORIENTED_EDGE ( 'NONE', *, *, #4687, .F. ) ;
#7950 = DIRECTION ( 'NONE',  ( -0.0000000000000000000, 1.000000000000000000, 0.0000000000000000000 ) ) ;
#7951 = DIRECTION ( 'NONE',  ( 0.0000000000000000000, 1.000000000000000000, 0.0000000000000000000 ) ) ;
#7952 = EDGE_CURVE ( 'NONE', #5384, #6088, #2595, .T. ) ;
#7953 = EDGE_CURVE ( 'NONE', #5228, #909, #9133, .T. ) ;
#7954 = FACE_OUTER_BOUND ( 'NONE', #9908, .T. ) ;
#7955 = DIRECTION ( 'NONE',  ( 0.0000000000000000000, 0.0000000000000000000, 1.000000000000000000 ) ) ;
#7956 = DIRECTION ( 'NONE',  ( 0.0000000000000000000, 0.0000000000000000000, 1.000000000000000000 ) ) ;
#7957 = ORIENTED_EDGE ( 'NONE', *, *, #5919, .T. ) ;
#7958 = FACE_OUTER_BOUND ( 'NONE', #1398, .T. ) ;
#7959 = EDGE_CURVE ( 'NONE', #6896, #2317, #916, .T. ) ;
#7960 = ORIENTED_EDGE ( 'NONE', *, *, #973, .F. ) ;
#7961 = DIRECTION ( 'NONE',  ( 0.0000000000000000000, 1.000000000000000000, 0.0000000000000000000 ) ) ;
#7962 = CARTESIAN_POINT ( 'NONE',  ( 11.00000000000000000, 80.00000000000000000, 0.8009999999999999343 ) ) ;
#7963 = DIRECTION ( 'NONE',  ( 1.000000000000000000, 0.0000000000000000000, 0.0000000000000000000 ) ) ;
#7964 = FACE_OUTER_BOUND ( 'NONE', #2220, .T. ) ;
#7965 = CARTESIAN_POINT ( 'NONE',  ( 14.15166797165682055, 2.000000000000000000, -0.01800000000000000211 ) ) ;
#7966 = ORIENTED_EDGE ( 'NONE', *, *, #4195, .T. ) ;
#7967 = VECTOR ( 'NONE', #10580, 1000.000000000000000 ) ;
#7968 = VECTOR ( 'NONE', #4498, 1000.000000000000000 ) ;
#7969 = EDGE_CURVE ( 'NONE', #522, #7600, #2649, .T. ) ;
#7970 = ORIENTED_EDGE ( 'NONE', *, *, #3824, .T. ) ;
#7971 = ORIENTED_EDGE ( 'NONE', *, *, #7094, .F. ) ;
#7972 = PLANE ( 'NONE',  #8651 ) ;
#7973 = VERTEX_POINT ( 'NONE', #8330 ) ;
#7974 = DIRECTION ( 'NONE',  ( 0.0000000000000000000, -1.000000000000000000, 0.0000000000000000000 ) ) ;
#7975 = VECTOR ( 'NONE', #9622, 1000.000000000000000 ) ;
#7976 = LINE ( 'NONE', #6476, #6760 ) ;
#7977 = CARTESIAN_POINT ( 'NONE',  ( 18.80166797165680137, 0.5499999999999929390, -0.01800000000000000211 ) ) ;
#7978 = CARTESIAN_POINT ( 'NONE',  ( 15.05166797165684933, 0.5500000000000000444, 0.8180000000000000604 ) ) ;
#7979 = LINE ( 'NONE', #617, #6080 ) ;
#7980 =( NAMED_UNIT ( * ) PLANE_ANGLE_UNIT ( ) SI_UNIT ( $, .RADIAN. ) );
#7981 = PLANE ( 'NONE',  #9704 ) ;
#7982 =( GEOMETRIC_REPRESENTATION_CONTEXT ( 3 ) GLOBAL_UNCERTAINTY_ASSIGNED_CONTEXT ( ( #1875 ) ) GLOBAL_UNIT_ASSIGNED_CONTEXT ( ( #2320, #3125, #4787 ) ) REPRESENTATION_CONTEXT ( 'NONE', 'WORKASPACE' ) );
#7983 = VECTOR ( 'NONE', #8183, 1000.000000000000000 ) ;
#7984 = VERTEX_POINT ( 'NONE', #1790 ) ;
#7985 = EDGE_LOOP ( 'NONE', ( #7301, #1563, #8385, #1134 ) ) ;
#7986 = VERTEX_POINT ( 'NONE', #1841 ) ;
#7987 = FACE_OUTER_BOUND ( 'NONE', #5716, .T. ) ;
#7988 = ORIENTED_EDGE ( 'NONE', *, *, #8677, .T. ) ;
#7989 = LINE ( 'NONE', #627, #9377 ) ;
#7990 = CARTESIAN_POINT ( 'NONE',  ( 6.401667971656830325, 0.5500000000000000444, 0.8180000000000000604 ) ) ;
#7991 = PLANE ( 'NONE',  #854 ) ;
#7992 = CARTESIAN_POINT ( 'NONE',  ( 3.051667971656824907, 2.000000000000000000, 0.8180000000000000604 ) ) ;
#7993 = VECTOR ( 'NONE', #4159, 1000.000000000000000 ) ;
#7994 = ORIENTED_EDGE ( 'NONE', *, *, #4672, .T. ) ;
#7995 = FACE_OUTER_BOUND ( 'NONE', #214, .T. ) ;
#7996 = ORIENTED_EDGE ( 'NONE', *, *, #6531, .F. ) ;
#7997 = UNCERTAINTY_MEASURE_WITH_UNIT (LENGTH_MEASURE( 1.000000000000000082E-05 ), #4404, 'distance_accuracy_value', 'NONE');
#7998 = CARTESIAN_POINT ( 'NONE',  ( 18.05166797165684756, 0.5500000000000000444, 0.8180000000000000604 ) ) ;
#7999 = VECTOR ( 'NONE', #855, 1000.000000000000000 ) ;
#8000 = EDGE_CURVE ( 'NONE', #3958, #5806, #5815, .T. ) ;
#8001 = DIRECTION ( 'NONE',  ( -1.000000000000000000, 0.0000000000000000000, 0.0000000000000000000 ) ) ;
#8002 = EDGE_LOOP ( 'NONE', ( #5982, #3974, #4374, #8126 ) ) ;
#8003 = CARTESIAN_POINT ( 'NONE',  ( 20.15166797165684542, 2.000000000000000000, 0.0000000000000000000 ) ) ;
#8004 = VECTOR ( 'NONE', #5236, 1000.000000000000000 ) ;
#8005 = EDGE_LOOP ( 'NONE', ( #4623, #10356, #7802, #6433, #842, #9330 ) ) ;
#8006 = DIRECTION ( 'NONE',  ( -1.000000000000000000, 0.0000000000000000000, 0.0000000000000000000 ) ) ;
#8007 = PRESENTATION_STYLE_ASSIGNMENT (( #4841 ) ) ;
#8008 = VECTOR ( 'NONE', #5404, 1000.000000000000000 ) ;
#8009 = CARTESIAN_POINT ( 'NONE',  ( 0.5749999999999999556, 3.500000000000000000, 0.8000000000000000444 ) ) ;
#8010 = FACE_OUTER_BOUND ( 'NONE', #3417, .T. ) ;
#8011 = CARTESIAN_POINT ( 'NONE',  ( 1.551667971656825129, 2.000000000000000000, 0.8000000000000000444 ) ) ;
#8012 = ORIENTED_EDGE ( 'NONE', *, *, #8459, .F. ) ;
#8013 = EDGE_CURVE ( 'NONE', #6740, #4969, #5019, .T. ) ;
#8014 = EDGE_CURVE ( 'NONE', #3122, #4491, #8280, .T. ) ;
#8015 = EDGE_CURVE ( 'NONE', #8423, #3109, #5174, .T. ) ;
#8016 = CARTESIAN_POINT ( 'NONE',  ( 19.65166797165684898, 2.000000000000000000, -0.01800000000000000211 ) ) ;
#8017 = EDGE_LOOP ( 'NONE', ( #7736, #6923, #5957, #2021 ) ) ;
#8018 = DIRECTION ( 'NONE',  ( 2.990902544787600071E-16, -1.000000000000000000, 0.0000000000000000000 ) ) ;
#8019 = CARTESIAN_POINT ( 'NONE',  ( 14.30166797165681913, 2.000000000000000000, -0.01800000000000000211 ) ) ;
#8020 =( NAMED_UNIT ( * ) SI_UNIT ( $, .STERADIAN. ) SOLID_ANGLE_UNIT ( ) );
#8021 = DIRECTION ( 'NONE',  ( 0.0000000000000000000, 0.0000000000000000000, 1.000000000000000000 ) ) ;
#8022 = DIRECTION ( 'NONE',  ( 1.000000000000000000, 0.0000000000000000000, 0.0000000000000000000 ) ) ;
#8023 = VECTOR ( 'NONE', #4720, 1000.000000000000000 ) ;
#8024 = VERTEX_POINT ( 'NONE', #3501 ) ;
#8025 = EDGE_CURVE ( 'NONE', #436, #582, #6029, .T. ) ;
#8026 = EDGE_CURVE ( 'NONE', #8974, #9137, #8382, .T. ) ;
#8027 = VECTOR ( 'NONE', #5139, 1000.000000000000000 ) ;
#8028 = ORIENTED_EDGE ( 'NONE', *, *, #8395, .T. ) ;
#8029 = VECTOR ( 'NONE', #10118, 1000.000000000000000 ) ;
#8030 = ORIENTED_EDGE ( 'NONE', *, *, #1688, .T. ) ;
#8031 = CARTESIAN_POINT ( 'NONE',  ( 2.301667971656824907, 0.5500000000000000444, 0.0000000000000000000 ) ) ;
#8032 = ORIENTED_EDGE ( 'NONE', *, *, #5476, .F. ) ;
#8033 = CARTESIAN_POINT ( 'NONE',  ( 10.30166797165681913, 2.000000000000000000, -0.01800000000000000211 ) ) ;
#8034 = DIRECTION ( 'NONE',  ( 0.0000000000000000000, -1.000000000000000000, 0.0000000000000000000 ) ) ;
#8035 = CARTESIAN_POINT ( 'NONE',  ( 0.004999999999989870186, 79.99000000000000909, 0.0000000000000000000 ) ) ;
#8036 = CARTESIAN_POINT ( 'NONE',  ( 12.55166797165681913, 2.000000000000000000, 0.8180000000000000604 ) ) ;
#8037 = EDGE_CURVE ( 'NONE', #3109, #7034, #7637, .T. ) ;
#8038 = CARTESIAN_POINT ( 'NONE',  ( 1.801667971656825129, 0.5500000000000000444, 0.0000000000000000000 ) ) ;
#8039 = LINE ( 'NONE', #670, #9178 ) ;
#8040 = CARTESIAN_POINT ( 'NONE',  ( 10.15166797165682055, 2.000000000000000000, -0.01800000000000000211 ) ) ;
#8041 = VECTOR ( 'NONE', #6227, 1000.000000000000000 ) ;
#8042 = VERTEX_POINT ( 'NONE', #3553 ) ;
#8043 = ORIENTED_EDGE ( 'NONE', *, *, #42, .F. ) ;
#8044 = ORIENTED_EDGE ( 'NONE', *, *, #5265, .T. ) ;
#8045 = PLANE ( 'NONE',  #10405 ) ;
#8046 = ORIENTED_EDGE ( 'NONE', *, *, #766, .F. ) ;
#8047 = LINE ( 'NONE', #3967, #4788 ) ;
#8048 = VECTOR ( 'NONE', #1194, 1000.000000000000000 ) ;
#8049 = DIRECTION ( 'NONE',  ( -1.000000000000000000, 0.0000000000000000000, 0.0000000000000000000 ) ) ;
#8050 = CARTESIAN_POINT ( 'NONE',  ( 12.80166797165682091, 2.000000000000000000, -0.01800000000000000211 ) ) ;
#8051 = VECTOR ( 'NONE', #5971, 1000.000000000000000 ) ;
#8052 = SURFACE_STYLE_USAGE ( .BOTH. , #7348 ) ;
#8053 = ORIENTED_EDGE ( 'NONE', *, *, #3633, .F. ) ;
#8054 = VECTOR ( 'NONE', #3330, 1000.000000000000000 ) ;
#8055 = SURFACE_STYLE_USAGE ( .BOTH. , #1651 ) ;
#8056 = DIRECTION ( 'NONE',  ( -0.0000000000000000000, 1.000000000000000000, 0.0000000000000000000 ) ) ;
#8057 = EDGE_LOOP ( 'NONE', ( #6170, #7629, #4652, #9394 ) ) ;
#8058 = DIRECTION ( 'NONE',  ( 1.000000000000000000, 0.0000000000000000000, 0.0000000000000000000 ) ) ;
#8059 = VECTOR ( 'NONE', #417, 1000.000000000000000 ) ;
#8060 = VECTOR ( 'NONE', #4236, 1000.000000000000000 ) ;
#8061 = ORIENTED_EDGE ( 'NONE', *, *, #7436, .F. ) ;
#8062 = FILL_AREA_STYLE_COLOUR ( '', #8399 ) ;
#8063 =( NAMED_UNIT ( * ) PLANE_ANGLE_UNIT ( ) SI_UNIT ( $, .RADIAN. ) );
#8064 = ORIENTED_EDGE ( 'NONE', *, *, #8739, .F. ) ;
#8065 = CARTESIAN_POINT ( 'NONE',  ( 11.15166797165682055, 0.5500000000000000444, -0.01800000000000000211 ) ) ;
#8066 = ORIENTED_EDGE ( 'NONE', *, *, #8086, .T. ) ;
#8067 = AXIS2_PLACEMENT_3D ( 'NONE', #146, #7416, #3437 ) ;
#8068 = VERTEX_POINT ( 'NONE', #162 ) ;
#8069 = CARTESIAN_POINT ( 'NONE',  ( 18.30166797165680137, 0.5500000000000000444, -0.01800000000000000211 ) ) ;
#8070 = DIRECTION ( 'NONE',  ( -1.239088197126289880E-15, -1.000000000000000000, 0.0000000000000000000 ) ) ;
#8071 = CARTESIAN_POINT ( 'NONE',  ( 2.301667971656824907, 2.000000000000000000, 0.0000000000000000000 ) ) ;
#8072 = ADVANCED_FACE ( 'NONE', ( #9289 ), #1953, .F. ) ;
#8073 = AXIS2_PLACEMENT_3D ( 'NONE', #1415, #4588, #10198 ) ;
#8074 = EDGE_CURVE ( 'NONE', #2759, #9327, #2976, .T. ) ;
#8075 = EDGE_CURVE ( 'NONE', #9860, #4068, #7853, .T. ) ;
#8076 = PLANE ( 'NONE',  #7739 ) ;
#8077 = VERTEX_POINT ( 'NONE', #3718 ) ;
#8078 = PRESENTATION_LAYER_ASSIGNMENT (  '', '', ( #2091 ) ) ;
#8079 = VECTOR ( 'NONE', #5700, 1000.000000000000000 ) ;
#8080 = ORIENTED_EDGE ( 'NONE', *, *, #465, .T. ) ;
#8081 = ORIENTED_EDGE ( 'NONE', *, *, #7346, .F. ) ;
#8082 = DIRECTION ( 'NONE',  ( -1.000000000000000000, 0.0000000000000000000, 0.0000000000000000000 ) ) ;
#8083 = ORIENTED_EDGE ( 'NONE', *, *, #5001, .T. ) ;
#8084 = CARTESIAN_POINT ( 'NONE',  ( 18.15166797165684898, 2.000000000000000000, -0.01800000000000000211 ) ) ;
#8085 = DIRECTION ( 'NONE',  ( 0.0000000000000000000, 0.0000000000000000000, -1.000000000000000000 ) ) ;
#8086 = EDGE_CURVE ( 'NONE', #592, #3663, #5486, .T. ) ;
#8087 = EDGE_CURVE ( 'NONE', #4742, #5434, #7688, .T. ) ;
#8088 = ADVANCED_FACE ( 'NONE', ( #6999 ), #2864, .F. ) ;
#8089 = AXIS2_PLACEMENT_3D ( 'NONE', #9381, #7673, #2907 ) ;
#8090 = LINE ( 'NONE', #5677, #5081 ) ;
#8091 = DIRECTION ( 'NONE',  ( 1.000000000000000000, 0.0000000000000000000, 0.0000000000000000000 ) ) ;
#8092 = DIRECTION ( 'NONE',  ( 0.0000000000000000000, 0.0000000000000000000, 1.000000000000000000 ) ) ;
#8093 = EDGE_CURVE ( 'NONE', #6526, #7386, #491, .T. ) ;
#8094 = ORIENTED_EDGE ( 'NONE', *, *, #1803, .T. ) ;
#8095 = EDGE_LOOP ( 'NONE', ( #606, #7226, #4716, #3719 ) ) ;
#8096 = CARTESIAN_POINT ( 'NONE',  ( 2.551667971656824907, 2.000000000000000000, 0.8180000000000000604 ) ) ;
#8097 = CARTESIAN_POINT ( 'NONE',  ( 18.40166797165684898, 2.000000000000000000, 0.8180000000000000604 ) ) ;
#8098 = LINE ( 'NONE', #3811, #8544 ) ;
#8099 = DIRECTION ( 'NONE',  ( 1.000000000000000000, -3.097720492815730124E-16, 0.0000000000000000000 ) ) ;
#8100 =( LENGTH_UNIT ( ) NAMED_UNIT ( * ) SI_UNIT ( .MILLI., .METRE. ) );
#8101 = ORIENTED_EDGE ( 'NONE', *, *, #1585, .F. ) ;
#8102 = CARTESIAN_POINT ( 'NONE',  ( 2.801667971656824907, 2.000000000000000000, -0.01800000000000000211 ) ) ;
#8103 = EDGE_LOOP ( 'NONE', ( #10434, #10, #3281, #894 ) ) ;
#8104 = DIRECTION ( 'NONE',  ( 0.0000000000000000000, 1.000000000000000000, 0.0000000000000000000 ) ) ;
#8105 = VERTEX_POINT ( 'NONE', #8762 ) ;
#8106 =( NAMED_UNIT ( * ) PLANE_ANGLE_UNIT ( ) SI_UNIT ( $, .RADIAN. ) );
#8107 = DIRECTION ( 'NONE',  ( 1.000000000000000000, 0.0000000000000000000, 0.0000000000000000000 ) ) ;
#8108 = VERTEX_POINT ( 'NONE', #4579 ) ;
#8109 = DIRECTION ( 'NONE',  ( 0.0000000000000000000, 1.000000000000000000, 0.0000000000000000000 ) ) ;
#8110 = EDGE_LOOP ( 'NONE', ( #4005, #9435, #530, #7269 ) ) ;
#8111 = CARTESIAN_POINT ( 'NONE',  ( 18.55166797165685111, 2.000000000000000000, 0.8180000000000000604 ) ) ;
#8112 = DIRECTION ( 'NONE',  ( 0.0000000000000000000, 1.000000000000000000, 0.0000000000000000000 ) ) ;
#8113 = EDGE_LOOP ( 'NONE', ( #7922, #8362, #9386, #7454 ) ) ;
#8114 = DIRECTION ( 'NONE',  ( 0.0000000000000000000, 0.0000000000000000000, -1.000000000000000000 ) ) ;
#8115 = FACE_OUTER_BOUND ( 'NONE', #4096, .T. ) ;
#8116 = DIRECTION ( 'NONE',  ( 0.0000000000000000000, 0.0000000000000000000, 1.000000000000000000 ) ) ;
#8117 = SURFACE_STYLE_USAGE ( .BOTH. , #3931 ) ;
#8118 = CARTESIAN_POINT ( 'NONE',  ( 11.65166797165682055, 0.5500000000000000444, -0.01800000000000000211 ) ) ;
#8119 = PLANE ( 'NONE',  #8249 ) ;
#8120 = ORIENTED_EDGE ( 'NONE', *, *, #3179, .F. ) ;
#8121 =( GEOMETRIC_REPRESENTATION_CONTEXT ( 3 ) GLOBAL_UNCERTAINTY_ASSIGNED_CONTEXT ( ( #10446 ) ) GLOBAL_UNIT_ASSIGNED_CONTEXT ( ( #9573, #3148, #9522 ) ) REPRESENTATION_CONTEXT ( 'NONE', 'WORKASPACE' ) );
#8122 = EDGE_LOOP ( 'NONE', ( #10341, #6420, #738, #1822 ) ) ;
#8123 = EDGE_CURVE ( 'NONE', #7582, #1969, #9, .T. ) ;
#8124 = ORIENTED_EDGE ( 'NONE', *, *, #8000, .T. ) ;
#8125 = CARTESIAN_POINT ( 'NONE',  ( 9.151667971656820555, 0.5500000000000000444, 0.0000000000000000000 ) ) ;
#8126 = ORIENTED_EDGE ( 'NONE', *, *, #2854, .T. ) ;
#8127 = SURFACE_STYLE_FILL_AREA ( #1747 ) ;
#8128 = CARTESIAN_POINT ( 'NONE',  ( 20.05166797165679782, 0.5500000000000000444, 0.8000000000000000444 ) ) ;
#8129 = AXIS2_PLACEMENT_3D ( 'NONE', #4915, #4818, #3895 ) ;
#8130 = VECTOR ( 'NONE', #2484, 1000.000000000000000 ) ;
#8131 = CARTESIAN_POINT ( 'NONE',  ( 13.55166797165682091, 0.5500000000000000444, 0.8180000000000000604 ) ) ;
#8132 = CARTESIAN_POINT ( 'NONE',  ( 8.551667971656828016, 2.000000000000000000, 0.8000000000000000444 ) ) ;
#8133 = LINE ( 'NONE', #10429, #8146 ) ;
#8134 = ADVANCED_FACE ( 'NONE', ( #10245 ), #5333, .T. ) ;
#8135 = ADVANCED_FACE ( 'NONE', ( #2219 ), #4635, .T. ) ;
#8136 = COLOUR_RGB ( '',0.1019607843137254888, 0.1019607843137254888, 0.1019607843137254888 ) ;
#8137 =( NAMED_UNIT ( * ) PLANE_ANGLE_UNIT ( ) SI_UNIT ( $, .RADIAN. ) );
#8138 = EDGE_CURVE ( 'NONE', #9980, #1971, #7910, .T. ) ;
#8139 = EDGE_LOOP ( 'NONE', ( #3374, #6664, #2718, #8642 ) ) ;
#8140 = EDGE_LOOP ( 'NONE', ( #2396, #8490, #4665, #2211 ) ) ;
#8141 = CARTESIAN_POINT ( 'NONE',  ( 15.65166797165684898, 2.000000000000000000, -0.01800000000000000211 ) ) ;
#8142 = FACE_OUTER_BOUND ( 'NONE', #6086, .T. ) ;
#8143 = LINE ( 'NONE', #777, #1554 ) ;
#8144 = VECTOR ( 'NONE', #5427, 1000.000000000000000 ) ;
#8145 = LINE ( 'NONE', #779, #8599 ) ;
#8146 = VECTOR ( 'NONE', #565, 1000.000000000000000 ) ;
#8147 = ORIENTED_EDGE ( 'NONE', *, *, #5152, .F. ) ;
#8148 = DIRECTION ( 'NONE',  ( 1.000000000000000000, -3.097720492815730124E-16, 0.0000000000000000000 ) ) ;
#8149 = ADVANCED_FACE ( 'NONE', ( #7102 ), #3607, .F. ) ;
#8150 = CARTESIAN_POINT ( 'NONE',  ( 9.651667971656820555, 2.000000000000000000, -0.01800000000000000211 ) ) ;
#8151 = ORIENTED_EDGE ( 'NONE', *, *, #2820, .T. ) ;
#8152 = LINE ( 'NONE', #141, #1697 ) ;
#8153 = ORIENTED_EDGE ( 'NONE', *, *, #5779, .F. ) ;
#8154 = CARTESIAN_POINT ( 'NONE',  ( 2.401667971656824996, 2.000000000000000000, 0.8000000000000000444 ) ) ;
#8155 = VECTOR ( 'NONE', #4499, 1000.000000000000000 ) ;
#8156 = CARTESIAN_POINT ( 'NONE',  ( 1.901667971656824996, 2.000000000000000000, 0.8180000000000000604 ) ) ;
#8157 = LINE ( 'NONE', #5643, #4813 ) ;
#8158 = VERTEX_POINT ( 'NONE', #10190 ) ;
#8159 = PLANE ( 'NONE',  #9271 ) ;
#8160 = EDGE_CURVE ( 'NONE', #3141, #7046, #10558, .T. ) ;
#8161 = ORIENTED_EDGE ( 'NONE', *, *, #4660, .F. ) ;
#8162 = DIRECTION ( 'NONE',  ( 0.0000000000000000000, 0.0000000000000000000, -1.000000000000000000 ) ) ;
#8163 = PRESENTATION_LAYER_ASSIGNMENT (  '', '', ( #6795 ) ) ;
#8164 = VERTEX_POINT ( 'NONE', #1561 ) ;
#8165 = FACE_OUTER_BOUND ( 'NONE', #4824, .T. ) ;
#8166 = DIRECTION ( 'NONE',  ( 1.000000000000000000, 0.0000000000000000000, 0.0000000000000000000 ) ) ;
#8167 = CARTESIAN_POINT ( 'NONE',  ( 3.651667971656824996, 0.5500000000000000444, 0.0000000000000000000 ) ) ;
#8168 = DIRECTION ( 'NONE',  ( 0.0000000000000000000, 0.0000000000000000000, 1.000000000000000000 ) ) ;
#8169 = FACE_OUTER_BOUND ( 'NONE', #6483, .T. ) ;
#8170 = CARTESIAN_POINT ( 'NONE',  ( 14.55166797165681913, 2.000000000000000000, 0.8180000000000000604 ) ) ;
#8171 = ORIENTED_EDGE ( 'NONE', *, *, #10619, .T. ) ;
#8172 = VERTEX_POINT ( 'NONE', #3236 ) ;
#8173 = ORIENTED_EDGE ( 'NONE', *, *, #4931, .F. ) ;
#8174 = DIRECTION ( 'NONE',  ( 0.0000000000000000000, 0.0000000000000000000, -1.000000000000000000 ) ) ;
#8175 = ORIENTED_EDGE ( 'NONE', *, *, #4545, .T. ) ;
#8176 = CARTESIAN_POINT ( 'NONE',  ( 20.40166797165684542, 2.000000000000000000, 0.8180000000000000604 ) ) ;
#8177 = LINE ( 'NONE', #3312, #7967 ) ;
#8178 = ORIENTED_EDGE ( 'NONE', *, *, #1524, .T. ) ;
#8179 = VECTOR ( 'NONE', #8092, 1000.000000000000000 ) ;
#8180 = EDGE_CURVE ( 'NONE', #5806, #1431, #7210, .T. ) ;
#8181 = CARTESIAN_POINT ( 'NONE',  ( 17.20166797165684969, 1.469576158976835879E-16, 0.1091910702798599975 ) ) ;
#8182 = LINE ( 'NONE', #1751, #2675 ) ;
#8183 = DIRECTION ( 'NONE',  ( -1.000000000000000000, 0.0000000000000000000, 0.0000000000000000000 ) ) ;
#8184 = DIRECTION ( 'NONE',  ( 0.0000000000000000000, -1.000000000000000000, 0.0000000000000000000 ) ) ;
#8185 = ORIENTED_EDGE ( 'NONE', *, *, #3959, .T. ) ;
#8186 = VERTEX_POINT ( 'NONE', #10399 ) ;
#8187 = LINE ( 'NONE', #9793, #10244 ) ;
#8188 = VECTOR ( 'NONE', #3603, 1000.000000000000000 ) ;
#8189 = CARTESIAN_POINT ( 'NONE',  ( 12.90166797165682055, 2.000000000000000000, 0.8180000000000000604 ) ) ;
#8190 = CARTESIAN_POINT ( 'NONE',  ( 7.301667971656820022, 2.000000000000000000, -0.01800000000000000211 ) ) ;
#8191 = EDGE_CURVE ( 'NONE', #454, #8723, #1507, .T. ) ;
#8192 = EDGE_CURVE ( 'NONE', #5827, #7935, #8961, .T. ) ;
#8193 = VECTOR ( 'NONE', #6196, 1000.000000000000000 ) ;
#8194 = ADVANCED_FACE ( 'NONE', ( #2473 ), #4690, .T. ) ;
#8195 = DIRECTION ( 'NONE',  ( -0.0000000000000000000, 1.000000000000000000, 0.0000000000000000000 ) ) ;
#8196 = ORIENTED_EDGE ( 'NONE', *, *, #2305, .T. ) ;
#8197 = VECTOR ( 'NONE', #9850, 1000.000000000000000 ) ;
#8198 = UNCERTAINTY_MEASURE_WITH_UNIT (LENGTH_MEASURE( 1.000000000000000082E-05 ), #6150, 'distance_accuracy_value', 'NONE');
#8199 = DIRECTION ( 'NONE',  ( 0.0000000000000000000, 0.0000000000000000000, -1.000000000000000000 ) ) ;
#8200 = EDGE_CURVE ( 'NONE', #3649, #5460, #4078, .T. ) ;
#8201 = AXIS2_PLACEMENT_3D ( 'NONE', #10589, #996, #5090 ) ;
#8202 = CARTESIAN_POINT ( 'NONE',  ( 0.004999999999995699725, 79.99000000000000909, 2.149999999999999911 ) ) ;
#8203 = VERTEX_POINT ( 'NONE', #1609 ) ;
#8204 = LINE ( 'NONE', #839, #1534 ) ;
#8205 = VERTEX_POINT ( 'NONE', #10611 ) ;
#8206 = SURFACE_SIDE_STYLE ('',( #6497 ) ) ;
#8207 = COLOUR_RGB ( '',0.1019607843137254888, 0.1019607843137254888, 0.1019607843137254888 ) ;
#8208 = VECTOR ( 'NONE', #4281, 1000.000000000000000 ) ;
#8209 = CARTESIAN_POINT ( 'NONE',  ( 3.551667971656824907, 2.000000000000000000, 0.8180000000000000604 ) ) ;
#8210 = ADVANCED_FACE ( 'NONE', ( #3183 ), #9607, .F. ) ;
#8211 = EDGE_CURVE ( 'NONE', #7945, #9548, #4027, .T. ) ;
#8212 = DIRECTION ( 'NONE',  ( 0.0000000000000000000, 0.0000000000000000000, -1.000000000000000000 ) ) ;
#8213 = PLANE ( 'NONE',  #6179 ) ;
#8214 = ORIENTED_EDGE ( 'NONE', *, *, #734, .F. ) ;
#8215 = ADVANCED_FACE ( 'NONE', ( #2327 ), #7153, .F. ) ;
#8216 = ORIENTED_EDGE ( 'NONE', *, *, #3080, .T. ) ;
#8217 = DIRECTION ( 'NONE',  ( 0.0000000000000000000, 0.0000000000000000000, -1.000000000000000000 ) ) ;
#8218 = VECTOR ( 'NONE', #3059, 1000.000000000000000 ) ;
#8219 = LINE ( 'NONE', #4898, #7999 ) ;
#8220 = VERTEX_POINT ( 'NONE', #9659 ) ;
#8221 = FACE_OUTER_BOUND ( 'NONE', #7109, .T. ) ;
#8222 = EDGE_CURVE ( 'NONE', #582, #6754, #3451, .T. ) ;
#8223 = LINE ( 'NONE', #5063, #1288 ) ;
#8224 = FACE_OUTER_BOUND ( 'NONE', #9906, .T. ) ;
#8225 = FACE_OUTER_BOUND ( 'NONE', #3642, .T. ) ;
#8226 = CARTESIAN_POINT ( 'NONE',  ( 13.15166797165682055, 2.000000000000000000, 0.0000000000000000000 ) ) ;
#8227 = CARTESIAN_POINT ( 'NONE',  ( 12.30166797165681913, 2.000000000000000000, -0.01800000000000000211 ) ) ;
#8228 = VECTOR ( 'NONE', #9912, 1000.000000000000000 ) ;
#8229 = VECTOR ( 'NONE', #7404, 1000.000000000000000 ) ;
#8230 = LINE ( 'NONE', #3140, #4308 ) ;
#8231 = EDGE_LOOP ( 'NONE', ( #1189, #2833, #9466, #290 ) ) ;
#8232 = VERTEX_POINT ( 'NONE', #8913 ) ;
#8233 = VERTEX_POINT ( 'NONE', #696 ) ;
#8234 = CARTESIAN_POINT ( 'NONE',  ( 11.55166797165682091, 2.000000000000000000, 0.8180000000000000604 ) ) ;
#8235 = ORIENTED_EDGE ( 'NONE', *, *, #5447, .T. ) ;
#8236 = PRESENTATION_LAYER_ASSIGNMENT (  '', '', ( #2936 ) ) ;
#8237 = CARTESIAN_POINT ( 'NONE',  ( 22.00000000000000000, 4.000000000000000000, 0.0000000000000000000 ) ) ;
#8238 = ORIENTED_EDGE ( 'NONE', *, *, #9581, .T. ) ;
#8239 = LINE ( 'NONE', #8942, #1794 ) ;
#8240 = DIRECTION ( 'NONE',  ( 0.0000000000000000000, 0.0000000000000000000, 1.000000000000000000 ) ) ;
#8241 = AXIS2_PLACEMENT_3D ( 'NONE', #3454, #9978, #4411 ) ;
#8242 = FACE_OUTER_BOUND ( 'NONE', #8991, .T. ) ;
#8243 = CARTESIAN_POINT ( 'NONE',  ( 14.15166797165682055, 0.5500000000000000444, -0.01800000000000000211 ) ) ;
#8244 = ORIENTED_EDGE ( 'NONE', *, *, #2363, .T. ) ;
#8245 = VERTEX_POINT ( 'NONE', #8065 ) ;
#8246 = DIRECTION ( 'NONE',  ( -1.000000000000000000, 0.0000000000000000000, 0.0000000000000000000 ) ) ;
#8247 = VECTOR ( 'NONE', #10318, 1000.000000000000000 ) ;
#8248 = DIRECTION ( 'NONE',  ( 0.0000000000000000000, 1.000000000000000000, 0.0000000000000000000 ) ) ;
#8249 = AXIS2_PLACEMENT_3D ( 'NONE', #6470, #8022, #654 ) ;
#8250 = DIRECTION ( 'NONE',  ( 0.0000000000000000000, -1.000000000000000000, 0.0000000000000000000 ) ) ;
#8251 = DIRECTION ( 'NONE',  ( -1.826024711554534899E-16, 1.000000000000000000, 0.0000000000000000000 ) ) ;
#8252 = ORIENTED_EDGE ( 'NONE', *, *, #5841, .F. ) ;
#8253 = DIRECTION ( 'NONE',  ( 1.000000000000000000, -1.239088197126289880E-15, 0.0000000000000000000 ) ) ;
#8254 = PRESENTATION_LAYER_ASSIGNMENT (  '', '', ( #2273 ) ) ;
#8255 = LINE ( 'NONE', #5692, #333 ) ;
#8256 = EDGE_CURVE ( 'NONE', #835, #1054, #3981, .T. ) ;
#8257 = ORIENTED_EDGE ( 'NONE', *, *, #8737, .F. ) ;
#8258 = ADVANCED_FACE ( 'NONE', ( #7265 ), #8159, .F. ) ;
#8259 = LINE ( 'NONE', #4067, #6672 ) ;
#8260 = EDGE_CURVE ( 'NONE', #9317, #7837, #9713, .T. ) ;
#8261 = EDGE_LOOP ( 'NONE', ( #10445, #4412, #10089, #519 ) ) ;
#8262 = FACE_OUTER_BOUND ( 'NONE', #9277, .T. ) ;
#8263 = LINE ( 'NONE', #5047, #1371 ) ;
#8264 = LINE ( 'NONE', #10013, #8747 ) ;
#8265 = ORIENTED_EDGE ( 'NONE', *, *, #9250, .F. ) ;
#8266 = LINE ( 'NONE', #4345, #5863 ) ;
#8267 = EDGE_LOOP ( 'NONE', ( #2288, #6399, #1439, #99 ) ) ;
#8268 = CARTESIAN_POINT ( 'NONE',  ( 11.65166797165682055, 0.5500000000000000444, -0.01800000000000000211 ) ) ;
#8269 = COLOUR_RGB ( '',0.6431372549019607199, 0.6156862745098039547, 0.5999999999999999778 ) ;
#8270 = DIRECTION ( 'NONE',  ( -1.000000000000000000, 1.391675472103334055E-16, 0.0000000000000000000 ) ) ;
#8271 = EDGE_CURVE ( 'NONE', #8576, #5948, #6354, .T. ) ;
#8272 = VERTEX_POINT ( 'NONE', #742 ) ;
#8273 = DIRECTION ( 'NONE',  ( 0.0000000000000000000, -1.000000000000000000, 0.0000000000000000000 ) ) ;
#8274 = ADVANCED_FACE ( 'NONE', ( #9808 ), #7314, .F. ) ;
#8275 = CARTESIAN_POINT ( 'NONE',  ( 10.05166797165682091, 0.5500000000000000444, 0.8180000000000000604 ) ) ;
#8276 = DIRECTION ( 'NONE',  ( 1.000000000000000000, 0.0000000000000000000, 0.0000000000000000000 ) ) ;
#8277 = CARTESIAN_POINT ( 'NONE',  ( 3.651667971656824996, 2.000000000000000000, -0.01800000000000000211 ) ) ;
#8278 = CARTESIAN_POINT ( 'NONE',  ( 3.551667971656824907, 2.000000000000000000, 0.8180000000000000604 ) ) ;
#8279 = CARTESIAN_POINT ( 'NONE',  ( 14.80166797165682091, 2.000000000000000000, -0.01800000000000000211 ) ) ;
#8280 = LINE ( 'NONE', #4358, #5850 ) ;
#8281 = ORIENTED_EDGE ( 'NONE', *, *, #9314, .T. ) ;
#8282 = EDGE_LOOP ( 'NONE', ( #2042, #6602, #8321, #7007 ) ) ;
#8283 = EDGE_LOOP ( 'NONE', ( #4386, #4626, #518, #9502 ) ) ;
#8284 = CARTESIAN_POINT ( 'NONE',  ( 13.40166797165682055, 2.000000000000000000, 0.8000000000000000444 ) ) ;
#8285 = ORIENTED_EDGE ( 'NONE', *, *, #6058, .T. ) ;
#8286 = LINE ( 'NONE', #9196, #10511 ) ;
#8287 = VERTEX_POINT ( 'NONE', #5958 ) ;
#8288 = CARTESIAN_POINT ( 'NONE',  ( 10.05166797165682091, 0.5500000000000000444, 0.8180000000000000604 ) ) ;
#8289 = EDGE_CURVE ( 'NONE', #7590, #5351, #7467, .T. ) ;
#8290 = FACE_OUTER_BOUND ( 'NONE', #8753, .T. ) ;
#8291 = CARTESIAN_POINT ( 'NONE',  ( 10.15166797165682055, 0.5500000000000000444, 0.0000000000000000000 ) ) ;
#8292 = ORIENTED_EDGE ( 'NONE', *, *, #6095, .F. ) ;
#8293 = EDGE_LOOP ( 'NONE', ( #3763, #1714, #7080, #9455, #6386, #8083 ) ) ;
#8294 = CARTESIAN_POINT ( 'NONE',  ( 6.401667971656830325, 2.000000000000000000, 0.8180000000000000604 ) ) ;
#8295 = VECTOR ( 'NONE', #3358, 1000.000000000000000 ) ;
#8296 = DIRECTION ( 'NONE',  ( 0.0000000000000000000, -1.000000000000000000, 0.0000000000000000000 ) ) ;
#8297 = VECTOR ( 'NONE', #3099, 1000.000000000000000 ) ;
#8298 = DIRECTION ( 'NONE',  ( 0.0000000000000000000, 0.0000000000000000000, 1.000000000000000000 ) ) ;
#8299 = DIRECTION ( 'NONE',  ( 0.0000000000000000000, -1.000000000000000000, 0.0000000000000000000 ) ) ;
#8300 =( LENGTH_UNIT ( ) NAMED_UNIT ( * ) SI_UNIT ( .MILLI., .METRE. ) );
#8301 = ORIENTED_EDGE ( 'NONE', *, *, #6762, .F. ) ;
#8302 = UNCERTAINTY_MEASURE_WITH_UNIT (LENGTH_MEASURE( 1.000000000000000082E-05 ), #9806, 'distance_accuracy_value', 'NONE');
#8303 = FACE_OUTER_BOUND ( 'NONE', #9258, .T. ) ;
#8304 = VECTOR ( 'NONE', #759, 1000.000000000000000 ) ;
#8305 = AXIS2_PLACEMENT_3D ( 'NONE', #9034, #1689, #7177 ) ;
#8306 = EDGE_LOOP ( 'NONE', ( #7276, #4204, #7646, #7864 ) ) ;
#8307 = DIRECTION ( 'NONE',  ( 0.0000000000000000000, 0.0000000000000000000, -1.000000000000000000 ) ) ;
#8308 = ORIENTED_EDGE ( 'NONE', *, *, #5572, .F. ) ;
#8309 = DIRECTION ( 'NONE',  ( 0.0000000000000000000, -1.000000000000000000, 0.0000000000000000000 ) ) ;
#8310 = VECTOR ( 'NONE', #9814, 1000.000000000000000 ) ;
#8311 = CARTESIAN_POINT ( 'NONE',  ( 20.15166797165684542, 2.000000000000000000, -0.01800000000000000211 ) ) ;
#8313 = CARTESIAN_POINT ( 'NONE',  ( 20.40166797165684542, 0.5500000000000000444, 0.8180000000000000604 ) ) ;
#8312 = VECTOR ( 'NONE', #1055, 1000.000000000000000 ) ;
#8314 = CARTESIAN_POINT ( 'NONE',  ( 1.901667971656824996, 2.000000000000000000, 0.8000000000000000444 ) ) ;
#8315 = ORIENTED_EDGE ( 'NONE', *, *, #8794, .F. ) ;
#8316 = EDGE_LOOP ( 'NONE', ( #5581, #3308, #3362, #9960 ) ) ;
#8317 = CARTESIAN_POINT ( 'NONE',  ( 22.00000000000000000, 80.00000000000000000, 0.0000000000000000000 ) ) ;
#8318 = EDGE_CURVE ( 'NONE', #8272, #3157, #7419, .T. ) ;
#8319 = VECTOR ( 'NONE', #7308, 1000.000000000000000 ) ;
#8320 = FACE_OUTER_BOUND ( 'NONE', #3391, .T. ) ;
#8321 = ORIENTED_EDGE ( 'NONE', *, *, #1997, .F. ) ;
#8322 = ORIENTED_EDGE ( 'NONE', *, *, #1172, .F. ) ;
#8323 = LINE ( 'NONE', #7630, #2714 ) ;
#8324 = PLANE ( 'NONE',  #9846 ) ;
#8325 = DIRECTION ( 'NONE',  ( -1.000000000000000000, 0.0000000000000000000, 0.0000000000000000000 ) ) ;
#8326 = PLANE ( 'NONE',  #8383 ) ;
#8327 = VECTOR ( 'NONE', #2316, 1000.000000000000000 ) ;
#8328 = FACE_OUTER_BOUND ( 'NONE', #7597, .T. ) ;
#8329 = DIRECTION ( 'NONE',  ( -1.000000000000000000, 4.626155997695749151E-17, 0.0000000000000000000 ) ) ;
#8330 = CARTESIAN_POINT ( 'NONE',  ( 3.051667971656824907, 2.000000000000000000, 0.8180000000000000604 ) ) ;
#8331 = EDGE_CURVE ( 'NONE', #8893, #6082, #200, .T. ) ;
#8332 = EDGE_CURVE ( 'NONE', #1665, #382, #3489, .T. ) ;
#8333 = ORIENTED_EDGE ( 'NONE', *, *, #10619, .F. ) ;
#8334 = AXIS2_PLACEMENT_3D ( 'NONE', #1040, #4321, #223 ) ;
#8335 = EDGE_CURVE ( 'NONE', #9396, #1431, #9221, .T. ) ;
#8336 = ORIENTED_EDGE ( 'NONE', *, *, #8256, .T. ) ;
#8337 = VERTEX_POINT ( 'NONE', #5107 ) ;
#8338 = CARTESIAN_POINT ( 'NONE',  ( 6.551667971656830680, 0.5500000000000000444, 0.8180000000000000604 ) ) ;
#8339 = ORIENTED_EDGE ( 'NONE', *, *, #10543, .F. ) ;
#8340 = DIRECTION ( 'NONE',  ( -1.349932385011894338E-17, -0.3420201433256715995, -0.9396926207859073177 ) ) ;
#8341 = VECTOR ( 'NONE', #5458, 1000.000000000000000 ) ;
#8342 = DIRECTION ( 'NONE',  ( 0.0000000000000000000, 0.0000000000000000000, -1.000000000000000000 ) ) ;
#8343 = EDGE_CURVE ( 'NONE', #6213, #6748, #1723, .T. ) ;
#8344 = EDGE_CURVE ( 'NONE', #9992, #3267, #10015, .T. ) ;
#8345 = VERTEX_POINT ( 'NONE', #94 ) ;
#8346 = EDGE_CURVE ( 'NONE', #8974, #9306, #6763, .T. ) ;
#8347 = CARTESIAN_POINT ( 'NONE',  ( 0.0000000000000000000, 0.0000000000000000000, 0.8180000000000000604 ) ) ;
#8348 = CARTESIAN_POINT ( 'NONE',  ( 20.40166797165684542, 0.5500000000000000444, 0.8000000000000000444 ) ) ;
#8349 = FACE_OUTER_BOUND ( 'NONE', #9660, .T. ) ;
#8350 = ORIENTED_EDGE ( 'NONE', *, *, #3026, .F. ) ;
#8351 = ORIENTED_EDGE ( 'NONE', *, *, #10214, .F. ) ;
#8352 = FACE_OUTER_BOUND ( 'NONE', #7521, .T. ) ;
#8353 = EDGE_CURVE ( 'NONE', #4823, #6866, #8266, .T. ) ;
#8354 = LINE ( 'NONE', #1868, #967 ) ;
#8355 = LINE ( 'NONE', #4116, #2720 ) ;
#8356 = DIRECTION ( 'NONE',  ( 0.0000000000000000000, 0.0000000000000000000, 1.000000000000000000 ) ) ;
#8357 = DIRECTION ( 'NONE',  ( 0.0000000000000000000, -1.000000000000000000, 0.0000000000000000000 ) ) ;
#8358 = VECTOR ( 'NONE', #7134, 1000.000000000000000 ) ;
#8359 = ORIENTED_EDGE ( 'NONE', *, *, #4958, .F. ) ;
#8360 = VECTOR ( 'NONE', #5654, 1000.000000000000000 ) ;
#8361 = CARTESIAN_POINT ( 'NONE',  ( 10.30166797165681913, 2.000000000000000000, 0.0000000000000000000 ) ) ;
#8362 = ORIENTED_EDGE ( 'NONE', *, *, #1585, .T. ) ;
#8363 = CARTESIAN_POINT ( 'NONE',  ( 22.00000000000000000, 80.00000000000000000, 0.8000000000000000444 ) ) ;
#8364 = ORIENTED_EDGE ( 'NONE', *, *, #4061, .T. ) ;
#8365 = DIRECTION ( 'NONE',  ( -1.239088197126289880E-15, -1.000000000000000000, 0.0000000000000000000 ) ) ;
#8366 = CARTESIAN_POINT ( 'NONE',  ( 8.651667971656829437, 0.5500000000000000444, -0.01800000000000000211 ) ) ;
#8367 =( LENGTH_UNIT ( ) NAMED_UNIT ( * ) SI_UNIT ( .MILLI., .METRE. ) );
#8368 = CARTESIAN_POINT ( 'NONE',  ( 10.90166797165682055, 2.000000000000000000, 0.8000000000000000444 ) ) ;
#8369 = VERTEX_POINT ( 'NONE', #2741 ) ;
#8370 = VERTEX_POINT ( 'NONE', #7577 ) ;
#8371 = LINE ( 'NONE', #5912, #2178 ) ;
#8372 =( NAMED_UNIT ( * ) SI_UNIT ( $, .STERADIAN. ) SOLID_ANGLE_UNIT ( ) );
#8373 = ORIENTED_EDGE ( 'NONE', *, *, #7880, .F. ) ;
#8374 = VECTOR ( 'NONE', #7574, 1000.000000000000000 ) ;
#8375 = CARTESIAN_POINT ( 'NONE',  ( 8.000000000000000000, 79.99000000000000909, -1.350000000000000089 ) ) ;
#8376 = VECTOR ( 'NONE', #9928, 1000.000000000000000 ) ;
#8377 = LINE ( 'NONE', #9768, #6781 ) ;
#8378 = DIRECTION ( 'NONE',  ( 0.0000000000000000000, 1.000000000000000000, 0.0000000000000000000 ) ) ;
#8379 = DIRECTION ( 'NONE',  ( 1.752245935330099997E-15, -1.000000000000000000, 0.0000000000000000000 ) ) ;
#8380 = LINE ( 'NONE', #5923, #9409 ) ;
#8381 = DIRECTION ( 'NONE',  ( 1.000000000000000000, -3.097720492815730124E-16, 0.0000000000000000000 ) ) ;
#8382 = LINE ( 'NONE', #2755, #2257 ) ;
#8383 = AXIS2_PLACEMENT_3D ( 'NONE', #970, #208, #2645 ) ;
#8384 = ORIENTED_EDGE ( 'NONE', *, *, #3667, .T. ) ;
#8385 = ORIENTED_EDGE ( 'NONE', *, *, #9037, .F. ) ;
#8386 = VERTEX_POINT ( 'NONE', #5161 ) ;
#8387 = ADVANCED_FACE ( 'NONE', ( #2686 ), #851, .F. ) ;
#8388 = CARTESIAN_POINT ( 'NONE',  ( 10.05166797165682091, 0.5500000000000000444, 0.8000000000000000444 ) ) ;
#8389 = ORIENTED_EDGE ( 'NONE', *, *, #10097, .F. ) ;
#8390 = EDGE_CURVE ( 'NONE', #896, #7325, #9121, .T. ) ;
#8391 = DIRECTION ( 'NONE',  ( 0.0000000000000000000, 0.0000000000000000000, 1.000000000000000000 ) ) ;
#8392 =( GEOMETRIC_REPRESENTATION_CONTEXT ( 3 ) GLOBAL_UNCERTAINTY_ASSIGNED_CONTEXT ( ( #5845 ) ) GLOBAL_UNIT_ASSIGNED_CONTEXT ( ( #9654, #8106, #9755 ) ) REPRESENTATION_CONTEXT ( 'NONE', 'WORKASPACE' ) );
#8393 = LINE ( 'NONE', #6634, #4536 ) ;
#8394 = AXIS2_PLACEMENT_3D ( 'NONE', #5858, #5159, #5800 ) ;
#8395 = EDGE_CURVE ( 'NONE', #9717, #10035, #9917, .T. ) ;
#8396 = FILL_AREA_STYLE_COLOUR ( '', #6364 ) ;
#8397 = EDGE_LOOP ( 'NONE', ( #7655, #4325, #4616, #9025 ) ) ;
#8398 = CARTESIAN_POINT ( 'NONE',  ( 13.40166797165682055, 2.000000000000000000, 0.8000000000000000444 ) ) ;
#8399 = COLOUR_RGB ( '',0.1019607843137254888, 0.1019607843137254888, 0.1019607843137254888 ) ;
#8400 = CARTESIAN_POINT ( 'NONE',  ( 7.801667971656819134, 2.000000000000000000, -0.01800000000000000211 ) ) ;
#8401 = EDGE_LOOP ( 'NONE', ( #2445, #1106, #5153, #58, #10449, #4781 ) ) ;
#8402 = EDGE_CURVE ( 'NONE', #3942, #9848, #1776, .T. ) ;
#8403 = ORIENTED_EDGE ( 'NONE', *, *, #8661, .T. ) ;
#8404 = FACE_OUTER_BOUND ( 'NONE', #2158, .T. ) ;
#8405 = ADVANCED_FACE ( 'NONE', ( #1167 ), #9434, .F. ) ;
#8406 = DIRECTION ( 'NONE',  ( 0.0000000000000000000, 1.000000000000000000, 0.0000000000000000000 ) ) ;
#8407 = LINE ( 'NONE', #1051, #3926 ) ;
#8408 = AXIS2_PLACEMENT_3D ( 'NONE', #3324, #6593, #9047 ) ;
#8409 = FACE_OUTER_BOUND ( 'NONE', #6881, .T. ) ;
#8410 = CARTESIAN_POINT ( 'NONE',  ( 13.55166797165682091, 0.5500000000000000444, 0.8180000000000000604 ) ) ;
#8411 = ORIENTED_EDGE ( 'NONE', *, *, #646, .T. ) ;
#8412 = LINE ( 'NONE', #836, #6953 ) ;
#8413 = EDGE_CURVE ( 'NONE', #9483, #3573, #4397, .T. ) ;
#8414 = VECTOR ( 'NONE', #3618, 1000.000000000000000 ) ;
#8415 = DIRECTION ( 'NONE',  ( -5.981805089575200142E-16, -1.000000000000000000, 0.0000000000000000000 ) ) ;
#8416 = ORIENTED_EDGE ( 'NONE', *, *, #7286, .F. ) ;
#8417 = VECTOR ( 'NONE', #3247, 1000.000000000000000 ) ;
#8418 = CARTESIAN_POINT ( 'NONE',  ( 7.901667971656829437, 2.000000000000000000, 0.8000000000000000444 ) ) ;
#8419 = ORIENTED_EDGE ( 'NONE', *, *, #5779, .T. ) ;
#8420 = LINE ( 'NONE', #1110, #10603 ) ;
#8421 = CARTESIAN_POINT ( 'NONE',  ( 18.55166797165685111, 0.5500000000000000444, 0.8180000000000000604 ) ) ;
#8422 = DIRECTION ( 'NONE',  ( 0.0000000000000000000, 0.0000000000000000000, 1.000000000000000000 ) ) ;
#8423 = VERTEX_POINT ( 'NONE', #2157 ) ;
#8424 = VECTOR ( 'NONE', #7111, 1000.000000000000000 ) ;
#8425 = VERTEX_POINT ( 'NONE', #10335 ) ;
#8426 = CARTESIAN_POINT ( 'NONE',  ( 13.05166797165682091, 2.000000000000000000, 0.8180000000000000604 ) ) ;
#8427 = ADVANCED_FACE ( 'NONE', ( #5420 ), #6875, .F. ) ;
#8428 = FACE_OUTER_BOUND ( 'NONE', #6410, .T. ) ;
#8429 = ORIENTED_EDGE ( 'NONE', *, *, #1908, .T. ) ;
#8430 = CARTESIAN_POINT ( 'NONE',  ( 14.15166797165682055, 0.5500000000000000444, 0.0000000000000000000 ) ) ;
#8431 = DIRECTION ( 'NONE',  ( 1.000000000000000000, 0.0000000000000000000, 0.0000000000000000000 ) ) ;
#8432 = DIRECTION ( 'NONE',  ( -1.000000000000000000, 0.0000000000000000000, 0.0000000000000000000 ) ) ;
#8433 = DIRECTION ( 'NONE',  ( 0.0000000000000000000, 0.0000000000000000000, -1.000000000000000000 ) ) ;
#8434 = LINE ( 'NONE', #7636, #6842 ) ;
#8435 = DIRECTION ( 'NONE',  ( -2.990902544787600071E-16, 1.000000000000000000, 0.0000000000000000000 ) ) ;
#8436 = ORIENTED_EDGE ( 'NONE', *, *, #4857, .T. ) ;
#8437 = ORIENTED_EDGE ( 'NONE', *, *, #2554, .F. ) ;
#8438 = ORIENTED_EDGE ( 'NONE', *, *, #379, .F. ) ;
#8439 = DIRECTION ( 'NONE',  ( 0.0000000000000000000, 1.000000000000000000, 0.0000000000000000000 ) ) ;
#8440 = ORIENTED_EDGE ( 'NONE', *, *, #9509, .F. ) ;
#8441 = LINE ( 'NONE', #3561, #10463 ) ;
#8442 = LINE ( 'NONE', #4318, #1792 ) ;
#8443 = DIRECTION ( 'NONE',  ( 0.0000000000000000000, 0.0000000000000000000, -1.000000000000000000 ) ) ;
#8444 = ORIENTED_EDGE ( 'NONE', *, *, #3304, .T. ) ;
#8445 =( NAMED_UNIT ( * ) SI_UNIT ( $, .STERADIAN. ) SOLID_ANGLE_UNIT ( ) );
#8446 = DIRECTION ( 'NONE',  ( -1.000000000000000000, 0.0000000000000000000, 0.0000000000000000000 ) ) ;
#8447 = EDGE_CURVE ( 'NONE', #7496, #6034, #2107, .T. ) ;
#8448 = EDGE_CURVE ( 'NONE', #7973, #4910, #4568, .T. ) ;
#8449 = CARTESIAN_POINT ( 'NONE',  ( 12.65166797165682055, 2.000000000000000000, -0.01800000000000000211 ) ) ;
#8450 = ORIENTED_EDGE ( 'NONE', *, *, #5246, .F. ) ;
#8451 = ORIENTED_EDGE ( 'NONE', *, *, #2652, .T. ) ;
#8452 = CARTESIAN_POINT ( 'NONE',  ( 6.401667971656830325, 2.000000000000000000, 0.8000000000000000444 ) ) ;
#8453 = PLANE ( 'NONE',  #2014 ) ;
#8454 = DIRECTION ( 'NONE',  ( -1.000000000000000000, 0.0000000000000000000, 0.0000000000000000000 ) ) ;
#8455 = CARTESIAN_POINT ( 'NONE',  ( 19.05166797165684756, 2.000000000000000000, 0.8180000000000000604 ) ) ;
#8456 = CARTESIAN_POINT ( 'NONE',  ( 8.401667971656829437, 0.5500000000000000444, 0.8180000000000000604 ) ) ;
#8457 = ADVANCED_FACE ( 'NONE', ( #3760 ), #4624, .F. ) ;
#8458 = VERTEX_POINT ( 'NONE', #6184 ) ;
#8459 = EDGE_CURVE ( 'NONE', #6836, #4736, #8586, .T. ) ;
#8460 = DIRECTION ( 'NONE',  ( 0.0000000000000000000, 0.0000000000000000000, 1.000000000000000000 ) ) ;
#8461 = ADVANCED_FACE ( 'NONE', ( #10288 ), #10178, .F. ) ;
#8462 = DIRECTION ( 'NONE',  ( 0.0000000000000000000, 0.0000000000000000000, -1.000000000000000000 ) ) ;
#8463 = ORIENTED_EDGE ( 'NONE', *, *, #5855, .T. ) ;
#8464 = PLANE ( 'NONE',  #810 ) ;
#8465 = ORIENTED_EDGE ( 'NONE', *, *, #9452, .F. ) ;
#8466 = CARTESIAN_POINT ( 'NONE',  ( 18.65166797165684898, 2.000000000000000000, -0.01800000000000000211 ) ) ;
#8467 = CARTESIAN_POINT ( 'NONE',  ( 0.004999999999995699725, 79.99000000000000909, 0.8000000000000000444 ) ) ;
#8468 = FACE_OUTER_BOUND ( 'NONE', #1610, .T. ) ;
#8469 = VECTOR ( 'NONE', #3632, 1000.000000000000000 ) ;
#8470 = ORIENTED_EDGE ( 'NONE', *, *, #5499, .F. ) ;
#8471 = DIRECTION ( 'NONE',  ( -1.000000000000000000, 0.0000000000000000000, 0.0000000000000000000 ) ) ;
#8472 = EDGE_CURVE ( 'NONE', #9638, #10562, #6125, .T. ) ;
#8473 = ADVANCED_FACE ( 'NONE', ( #1227 ), #1996, .F. ) ;
#8474 = ORIENTED_EDGE ( 'NONE', *, *, #4882, .F. ) ;
#8475 = VECTOR ( 'NONE', #10427, 1000.000000000000000 ) ;
#8476 = DIRECTION ( 'NONE',  ( -0.0000000000000000000, 1.000000000000000000, 0.0000000000000000000 ) ) ;
#8477 = DIRECTION ( 'NONE',  ( 1.000000000000000000, 0.0000000000000000000, 0.0000000000000000000 ) ) ;
#8478 = ORIENTED_EDGE ( 'NONE', *, *, #2779, .F. ) ;
#8479 = DIRECTION ( 'NONE',  ( 1.000000000000000000, 0.0000000000000000000, 0.0000000000000000000 ) ) ;
#8480 = VECTOR ( 'NONE', #8618, 1000.000000000000000 ) ;
#8481 = ORIENTED_EDGE ( 'NONE', *, *, #3837, .T. ) ;
#8482 = EDGE_CURVE ( 'NONE', #7169, #5339, #5267, .T. ) ;
#8483 = LINE ( 'NONE', #5376, #7902 ) ;
#8484 = DIRECTION ( 'NONE',  ( 0.0000000000000000000, -1.000000000000000000, 0.0000000000000000000 ) ) ;
#8485 = CARTESIAN_POINT ( 'NONE',  ( 12.80166797165682091, 2.000000000000000000, 0.0000000000000000000 ) ) ;
#8486 = ORIENTED_EDGE ( 'NONE', *, *, #847, .T. ) ;
#8487 = AXIS2_PLACEMENT_3D ( 'NONE', #599, #9554, #3077 ) ;
#8488 = AXIS2_PLACEMENT_3D ( 'NONE', #4108, #2663, #992 ) ;
#8489 = PLANE ( 'NONE',  #9076 ) ;
#8490 = ORIENTED_EDGE ( 'NONE', *, *, #1510, .F. ) ;
#8491 = ORIENTED_EDGE ( 'NONE', *, *, #7753, .F. ) ;
#8492 = VECTOR ( 'NONE', #10546, 1000.000000000000000 ) ;
#8493 = PLANE ( 'NONE',  #5062 ) ;
#8494 = ORIENTED_EDGE ( 'NONE', *, *, #5451, .T. ) ;
#8495 = CARTESIAN_POINT ( 'NONE',  ( 1.901667971656824996, 0.5499999999999860556, 0.8000000000000000444 ) ) ;
#8496 = FACE_OUTER_BOUND ( 'NONE', #965, .T. ) ;
#8497 =( GEOMETRIC_REPRESENTATION_CONTEXT ( 3 ) GLOBAL_UNCERTAINTY_ASSIGNED_CONTEXT ( ( #9368 ) ) GLOBAL_UNIT_ASSIGNED_CONTEXT ( ( #10428, #7980, #7078 ) ) REPRESENTATION_CONTEXT ( 'NONE', 'WORKASPACE' ) );
#8498 = PLANE ( 'NONE',  #6019 ) ;
#8499 = ORIENTED_EDGE ( 'NONE', *, *, #7096, .F. ) ;
#8500 = CARTESIAN_POINT ( 'NONE',  ( 17.20166797165684969, 2.899999999999999911, 0.0000000000000000000 ) ) ;
#8501 = VECTOR ( 'NONE', #2856, 1000.000000000000000 ) ;
#8502 = FACE_OUTER_BOUND ( 'NONE', #86, .T. ) ;
#8503 = ORIENTED_EDGE ( 'NONE', *, *, #3773, .F. ) ;
#8504 = PLANE ( 'NONE',  #5233 ) ;
#8505 = ORIENTED_EDGE ( 'NONE', *, *, #4983, .F. ) ;
#8506 = DIRECTION ( 'NONE',  ( 1.000000000000000000, 0.0000000000000000000, 0.0000000000000000000 ) ) ;
#8507 = AXIS2_PLACEMENT_3D ( 'NONE', #3322, #6538, #9794 ) ;
#8508 = DIRECTION ( 'NONE',  ( 0.0000000000000000000, 0.0000000000000000000, -1.000000000000000000 ) ) ;
#8509 = DIRECTION ( 'NONE',  ( -1.000000000000000000, 0.0000000000000000000, 0.0000000000000000000 ) ) ;
#8510 = EDGE_CURVE ( 'NONE', #538, #6710, #3816, .T. ) ;
#8511 = DIRECTION ( 'NONE',  ( 0.0000000000000000000, -1.000000000000000000, 0.0000000000000000000 ) ) ;
#8512 = CARTESIAN_POINT ( 'NONE',  ( 19.55166797165679782, 0.5500000000000000444, 0.8000000000000000444 ) ) ;
#8513 = EDGE_LOOP ( 'NONE', ( #6548, #7172, #3210, #357 ) ) ;
#8514 = UNCERTAINTY_MEASURE_WITH_UNIT (LENGTH_MEASURE( 1.000000000000000082E-05 ), #1443, 'distance_accuracy_value', 'NONE');
#8515 = LINE ( 'NONE', #4384, #963 ) ;
#8516 = CARTESIAN_POINT ( 'NONE',  ( 19.15166797165684898, 2.000000000000000000, 0.0000000000000000000 ) ) ;
#8517 = ORIENTED_EDGE ( 'NONE', *, *, #9953, .T. ) ;
#8518 = VERTEX_POINT ( 'NONE', #3013 ) ;
#8519 = CARTESIAN_POINT ( 'NONE',  ( 11.15166797165682055, 2.000000000000000000, -0.01800000000000000211 ) ) ;
#8520 = ORIENTED_EDGE ( 'NONE', *, *, #4336, .T. ) ;
#8521 = EDGE_CURVE ( 'NONE', #4286, #6992, #9278, .T. ) ;
#8522 = EDGE_CURVE ( 'NONE', #8068, #4472, #3594, .T. ) ;
#8523 = DIRECTION ( 'NONE',  ( 0.0000000000000000000, -1.000000000000000000, 0.0000000000000000000 ) ) ;
#8524 = ADVANCED_FACE ( 'NONE', ( #365 ), #7790, .F. ) ;
#8525 = DIRECTION ( 'NONE',  ( 0.0000000000000000000, -1.000000000000000000, 0.0000000000000000000 ) ) ;
#8526 = CARTESIAN_POINT ( 'NONE',  ( 20.15166797165684542, 0.5499999999999860556, -0.01800000000000000211 ) ) ;
#8527 = EDGE_LOOP ( 'NONE', ( #108, #6876, #2270, #3467 ) ) ;
#8528 = CARTESIAN_POINT ( 'NONE',  ( 7.551667971656830680, 2.000000000000000000, 0.8180000000000000604 ) ) ;
#8529 = ORIENTED_EDGE ( 'NONE', *, *, #6694, .F. ) ;
#8530 = VECTOR ( 'NONE', #5680, 1000.000000000000000 ) ;
#8531 = FACE_BOUND ( 'NONE', #850, .T. ) ;
#8532 = VECTOR ( 'NONE', #6979, 1000.000000000000000 ) ;
#8533 = LINE ( 'NONE', #1171, #6553 ) ;
#8534 = ORIENTED_EDGE ( 'NONE', *, *, #8346, .T. ) ;
#8535 = CARTESIAN_POINT ( 'NONE',  ( 13.99998333328701960, 79.99000000000000909, 0.8000000000000000444 ) ) ;
#8536 = SURFACE_STYLE_FILL_AREA ( #6825 ) ;
#8537 = ADVANCED_FACE ( 'NONE', ( #7995 ), #2206, .F. ) ;
#8538 = EDGE_CURVE ( 'NONE', #5964, #6627, #7140, .T. ) ;
#8539 = CARTESIAN_POINT ( 'NONE',  ( 2.051667971656824907, 0.5499999999999900524, 0.8180000000000000604 ) ) ;
#8540 = EDGE_CURVE ( 'NONE', #884, #3102, #8145, .T. ) ;
#8541 = DIRECTION ( 'NONE',  ( 0.0000000000000000000, 1.000000000000000000, 0.0000000000000000000 ) ) ;
#8542 = FILL_AREA_STYLE ('',( #5378 ) ) ;
#8543 = ORIENTED_EDGE ( 'NONE', *, *, #7435, .F. ) ;
#8544 = VECTOR ( 'NONE', #7086, 1000.000000000000000 ) ;
#8545 = DIRECTION ( 'NONE',  ( 0.0000000000000000000, 0.0000000000000000000, -1.000000000000000000 ) ) ;
#8546 = ADVANCED_FACE ( 'NONE', ( #1492 ), #6395, .F. ) ;
#8547 = ORIENTED_EDGE ( 'NONE', *, *, #3441, .T. ) ;
#8548 = VECTOR ( 'NONE', #6799, 1000.000000000000000 ) ;
#8549 = ORIENTED_EDGE ( 'NONE', *, *, #2249, .F. ) ;
#8550 = FILL_AREA_STYLE ('',( #442 ) ) ;
#8551 = ORIENTED_EDGE ( 'NONE', *, *, #4983, .T. ) ;
#8552 = CARTESIAN_POINT ( 'NONE',  ( 6.801667971656820022, 2.000000000000000000, 0.0000000000000000000 ) ) ;
#8553 = PLANE ( 'NONE',  #3768 ) ;
#8554 = VECTOR ( 'NONE', #9297, 1000.000000000000000 ) ;
#8555 = VECTOR ( 'NONE', #9023, 1000.000000000000000 ) ;
#8556 = LINE ( 'NONE', #7965, #4124 ) ;
#8557 = ORIENTED_EDGE ( 'NONE', *, *, #9851, .F. ) ;
#8558 = AXIS2_PLACEMENT_3D ( 'NONE', #3975, #637, #7306 ) ;
#8559 = LINE ( 'NONE', #1197, #3536 ) ;
#8560 = CARTESIAN_POINT ( 'NONE',  ( 1.901667971656824996, 0.5499999999999860556, 0.8180000000000000604 ) ) ;
#8561 = AXIS2_PLACEMENT_3D ( 'NONE', #2275, #740, #2218 ) ;
#8562 = ORIENTED_EDGE ( 'NONE', *, *, #1765, .T. ) ;
#8563 = CARTESIAN_POINT ( 'NONE',  ( 8.051667971656829792, 2.000000000000000000, 0.8180000000000000604 ) ) ;
#8564 = EDGE_LOOP ( 'NONE', ( #9017, #6572, #7330, #3513 ) ) ;
#8565 = DIRECTION ( 'NONE',  ( 1.000000000000000000, 0.0000000000000000000, 0.0000000000000000000 ) ) ;
#8566 = PLANE ( 'NONE',  #7114 ) ;
#8567 = LINE ( 'NONE', #9261, #7495 ) ;
#8568 = LINE ( 'NONE', #6000, #1692 ) ;
#8569 = VECTOR ( 'NONE', #9291, 1000.000000000000000 ) ;
#8570 = AXIS2_PLACEMENT_3D ( 'NONE', #6181, #7670, #249 ) ;
#8571 = FILL_AREA_STYLE_COLOUR ( '', #8648 ) ;
#8572 = LINE ( 'NONE', #8679, #3197 ) ;
#8573 = ORIENTED_EDGE ( 'NONE', *, *, #3154, .T. ) ;
#8574 = CARTESIAN_POINT ( 'NONE',  ( 1.074999999999999956, 0.2999999999999949929, 0.8000000000000000444 ) ) ;
#8575 = CARTESIAN_POINT ( 'NONE',  ( 14.05166797165682091, 2.000000000000000000, 0.8180000000000000604 ) ) ;
#8576 = VERTEX_POINT ( 'NONE', #2262 ) ;
#8577 = VERTEX_POINT ( 'NONE', #8800 ) ;
#8578 = PLANE ( 'NONE',  #4080 ) ;
#8579 = VERTEX_POINT ( 'NONE', #6285 ) ;
#8580 = CARTESIAN_POINT ( 'NONE',  ( 11.15166797165682055, 2.000000000000000000, 0.0000000000000000000 ) ) ;
#8581 = VECTOR ( 'NONE', #8099, 1000.000000000000000 ) ;
#8582 = LINE ( 'NONE', #7785, #8059 ) ;
#8583 = DIRECTION ( 'NONE',  ( 1.000000000000000000, 0.0000000000000000000, 0.0000000000000000000 ) ) ;
#8584 = CARTESIAN_POINT ( 'NONE',  ( 15.65166797165684898, 2.000000000000000000, 0.0000000000000000000 ) ) ;
#8585 = ORIENTED_EDGE ( 'NONE', *, *, #6818, .T. ) ;
#8586 = LINE ( 'NONE', #2051, #6894 ) ;
#8587 = ORIENTED_EDGE ( 'NONE', *, *, #10158, .T. ) ;
#8588 = DIRECTION ( 'NONE',  ( 1.000000000000000000, 0.0000000000000000000, 0.0000000000000000000 ) ) ;
#8589 = VECTOR ( 'NONE', #3146, 1000.000000000000000 ) ;
#8590 = EDGE_CURVE ( 'NONE', #4967, #6405, #8751, .T. ) ;
#8591 = AXIS2_PLACEMENT_3D ( 'NONE', #6194, #4522, #9448 ) ;
#8592 = EDGE_CURVE ( 'NONE', #8978, #4947, #3911, .T. ) ;
#8593 = EDGE_CURVE ( 'NONE', #7390, #10087, #3116, .T. ) ;
#8594 = DIRECTION ( 'NONE',  ( -0.0000000000000000000, 1.000000000000000000, 0.0000000000000000000 ) ) ;
#8595 = EDGE_LOOP ( 'NONE', ( #1410, #5059, #7460, #6880 ) ) ;
#8596 = CARTESIAN_POINT ( 'NONE',  ( 14.40166797165682055, 2.000000000000000000, 0.8180000000000000604 ) ) ;
#8597 = LINE ( 'NONE', #3549, #3868 ) ;
#8598 =( LENGTH_UNIT ( ) NAMED_UNIT ( * ) SI_UNIT ( .MILLI., .METRE. ) );
#8599 = VECTOR ( 'NONE', #9594, 1000.000000000000000 ) ;
#8600 = PLANE ( 'NONE',  #1017 ) ;
#8601 = LINE ( 'NONE', #8702, #3258 ) ;
#8602 = DIRECTION ( 'NONE',  ( 1.000000000000000000, 0.0000000000000000000, 0.0000000000000000000 ) ) ;
#8603 = ORIENTED_EDGE ( 'NONE', *, *, #1395, .F. ) ;
#8604 = EDGE_CURVE ( 'NONE', #2156, #2530, #5632, .T. ) ;
#8605 = EDGE_CURVE ( 'NONE', #1062, #7496, #9154, .T. ) ;
#8606 = CARTESIAN_POINT ( 'NONE',  ( 18.30166797165680137, 2.000000000000000000, -0.01800000000000000211 ) ) ;
#8607 = ORIENTED_EDGE ( 'NONE', *, *, #7578, .F. ) ;
#8608 = ORIENTED_EDGE ( 'NONE', *, *, #2263, .F. ) ;
#8609 = CARTESIAN_POINT ( 'NONE',  ( 9.051667971656829792, 2.000000000000000000, 0.8000000000000000444 ) ) ;
#8610 = ORIENTED_EDGE ( 'NONE', *, *, #7154, .T. ) ;
#8611 = CARTESIAN_POINT ( 'NONE',  ( 7.301667971656820022, 2.000000000000000000, 0.0000000000000000000 ) ) ;
#8612 = CARTESIAN_POINT ( 'NONE',  ( 12.55166797165681913, 0.5500000000000000444, 0.8000000000000000444 ) ) ;
#8613 = LINE ( 'NONE', #6952, #3279 ) ;
#8614 = ORIENTED_EDGE ( 'NONE', *, *, #6912, .T. ) ;
#8615 = DIRECTION ( 'NONE',  ( 1.000000000000000000, 0.0000000000000000000, 0.0000000000000000000 ) ) ;
#8616 = DIRECTION ( 'NONE',  ( 1.000000000000000000, 0.0000000000000000000, 0.0000000000000000000 ) ) ;
#8617 = ORIENTED_EDGE ( 'NONE', *, *, #178, .F. ) ;
#8618 = DIRECTION ( 'NONE',  ( 0.0000000000000000000, 0.0000000000000000000, 1.000000000000000000 ) ) ;
#8619 = ORIENTED_EDGE ( 'NONE', *, *, #7482, .T. ) ;
#8620 = CARTESIAN_POINT ( 'NONE',  ( 18.15166797165684898, 0.5500000000000000444, -0.01800000000000000211 ) ) ;
#8621 = DIRECTION ( 'NONE',  ( 0.0000000000000000000, 1.000000000000000000, 0.0000000000000000000 ) ) ;
#8622 = CARTESIAN_POINT ( 'NONE',  ( 8.401667971656829437, 2.000000000000000000, 0.8180000000000000604 ) ) ;
#8623 = LINE ( 'NONE', #10269, #7193 ) ;
#8624 = ADVANCED_FACE ( 'NONE', ( #1705 ), #1648, .T. ) ;
#8625 =( NAMED_UNIT ( * ) PLANE_ANGLE_UNIT ( ) SI_UNIT ( $, .RADIAN. ) );
#8626 = CARTESIAN_POINT ( 'NONE',  ( 7.051667971656829792, 2.000000000000000000, 0.8000000000000000444 ) ) ;
#8627 = LINE ( 'NONE', #6167, #7815 ) ;
#8628 = LINE ( 'NONE', #3479, #6357 ) ;
#8629 = VERTEX_POINT ( 'NONE', #6541 ) ;
#8630 = VERTEX_POINT ( 'NONE', #7453 ) ;
#8631 = LINE ( 'NONE', #6808, #8904 ) ;
#8632 = ORIENTED_EDGE ( 'NONE', *, *, #8522, .T. ) ;
#8633 = PLANE ( 'NONE',  #6858 ) ;
#8634 = LINE ( 'NONE', #6013, #8927 ) ;
#8635 = PLANE ( 'NONE',  #1363 ) ;
#8636 = ORIENTED_EDGE ( 'NONE', *, *, #6902, .T. ) ;
#8637 = CARTESIAN_POINT ( 'NONE',  ( 22.00000000000000000, 4.000000000000000000, 0.8000000000000000444 ) ) ;
#8638 = VERTEX_POINT ( 'NONE', #3425 ) ;
#8639 = UNCERTAINTY_MEASURE_WITH_UNIT (LENGTH_MEASURE( 1.000000000000000082E-05 ), #4670, 'distance_accuracy_value', 'NONE');
#8640 = FACE_OUTER_BOUND ( 'NONE', #2374, .T. ) ;
#8641 = DIRECTION ( 'NONE',  ( 0.0000000000000000000, 0.0000000000000000000, -1.000000000000000000 ) ) ;
#8642 = ORIENTED_EDGE ( 'NONE', *, *, #8093, .T. ) ;
#8643 = DIRECTION ( 'NONE',  ( -1.000000000000000000, 0.0000000000000000000, 0.0000000000000000000 ) ) ;
#8644 = CARTESIAN_POINT ( 'NONE',  ( 22.00000000000000000, 4.000000000000000000, 0.8000000000000000444 ) ) ;
#8645 = STYLED_ITEM ( 'NONE', ( #3383 ), #5570 ) ;
#8646 = DIRECTION ( 'NONE',  ( 0.0000000000000000000, 0.0000000000000000000, 1.000000000000000000 ) ) ;
#8647 = DIRECTION ( 'NONE',  ( 0.0000000000000000000, 0.0000000000000000000, 1.000000000000000000 ) ) ;
#8648 = COLOUR_RGB ( '',0.1019607843137254888, 0.1019607843137254888, 0.1019607843137254888 ) ;
#8649 = ADVANCED_FACE ( 'NONE', ( #4117 ), #6649, .F. ) ;
#8650 = ORIENTED_EDGE ( 'NONE', *, *, #5248, .T. ) ;
#8651 = AXIS2_PLACEMENT_3D ( 'NONE', #2238, #8778, #10476 ) ;
#8652 = DIRECTION ( 'NONE',  ( 0.0000000000000000000, 1.000000000000000000, 0.0000000000000000000 ) ) ;
#8653 = ORIENTED_EDGE ( 'NONE', *, *, #10153, .F. ) ;
#8654 = EDGE_LOOP ( 'NONE', ( #2823, #6785, #5076, #7266 ) ) ;
#8655 = FACE_BOUND ( 'NONE', #878, .T. ) ;
#8656 = CARTESIAN_POINT ( 'NONE',  ( 14.90166797165682055, 2.000000000000000000, 0.8180000000000000604 ) ) ;
#8657 = CARTESIAN_POINT ( 'NONE',  ( 3.151667971656824996, 0.5500000000000000444, 0.0000000000000000000 ) ) ;
#8658 = ADVANCED_FACE ( 'NONE', ( #134 ), #6747, .F. ) ;
#8659 = ADVANCED_FACE ( 'NONE', ( #7609 ), #79, .F. ) ;
#8660 = AXIS2_PLACEMENT_3D ( 'NONE', #1179, #6936, #10186 ) ;
#8661 = EDGE_CURVE ( 'NONE', #3573, #9372, #4989, .T. ) ;
#8662 = FILL_AREA_STYLE ('',( #5388 ) ) ;
#8663 = VECTOR ( 'NONE', #2787, 1000.000000000000000 ) ;
#8664 = VERTEX_POINT ( 'NONE', #888 ) ;
#8665 = DIRECTION ( 'NONE',  ( -1.982541115402070040E-15, 1.000000000000000000, 0.0000000000000000000 ) ) ;
#8666 = CARTESIAN_POINT ( 'NONE',  ( 12.80166797165682091, 2.000000000000000000, 0.0000000000000000000 ) ) ;
#8667 = ORIENTED_EDGE ( 'NONE', *, *, #9695, .T. ) ;
#8668 = CARTESIAN_POINT ( 'NONE',  ( 10.40166797165682055, 2.000000000000000000, 0.8000000000000000444 ) ) ;
#8669 = ORIENTED_EDGE ( 'NONE', *, *, #10339, .T. ) ;
#8670 = DIRECTION ( 'NONE',  ( 1.000000000000000000, 0.0000000000000000000, 0.0000000000000000000 ) ) ;
#8671 = AXIS2_PLACEMENT_3D ( 'NONE', #8347, #4050, #7335 ) ;
#8672 = DIRECTION ( 'NONE',  ( -1.000000000000000000, 0.0000000000000000000, 0.0000000000000000000 ) ) ;
#8673 = EDGE_CURVE ( 'NONE', #10035, #5206, #9208, .T. ) ;
#8674 = EDGE_CURVE ( 'NONE', #1808, #7543, #9105, .T. ) ;
#8675 = DIRECTION ( 'NONE',  ( 0.0000000000000000000, 1.000000000000000000, 0.0000000000000000000 ) ) ;
#8676 = CARTESIAN_POINT ( 'NONE',  ( 7.401667971656830325, 2.000000000000000000, 0.8180000000000000604 ) ) ;
#8677 = EDGE_CURVE ( 'NONE', #5565, #9780, #1871, .T. ) ;
#8678 = CARTESIAN_POINT ( 'NONE',  ( 13.75000000000000000, 80.00000000000000000, 0.8009999999999999343 ) ) ;
#8679 = CARTESIAN_POINT ( 'NONE',  ( 21.42500000000000071, 4.000000000000000000, 0.8000000000000000444 ) ) ;
#8680 = AXIS2_PLACEMENT_3D ( 'NONE', #7316, #8162, #3238 ) ;
#8681 = DIRECTION ( 'NONE',  ( -1.000000000000000000, 0.0000000000000000000, 0.0000000000000000000 ) ) ;
#8682 = EDGE_LOOP ( 'NONE', ( #10020, #8999, #917, #2287 ) ) ;
#8683 = EDGE_CURVE ( 'NONE', #2225, #9440, #3476, .T. ) ;
#8684 = ORIENTED_EDGE ( 'NONE', *, *, #8222, .T. ) ;
#8685 = ORIENTED_EDGE ( 'NONE', *, *, #1601, .F. ) ;
#8686 = LINE ( 'NONE', #4825, #9223 ) ;
#8687 = ORIENTED_EDGE ( 'NONE', *, *, #9695, .F. ) ;
#8688 =( LENGTH_UNIT ( ) NAMED_UNIT ( * ) SI_UNIT ( .MILLI., .METRE. ) );
#8689 = CARTESIAN_POINT ( 'NONE',  ( 13.80166797165682091, 2.000000000000000000, 0.0000000000000000000 ) ) ;
#8690 = PLANE ( 'NONE',  #10270 ) ;
#8691 = CARTESIAN_POINT ( 'NONE',  ( 0.004999999999980709979, 5.200000000000000178, -1.350000000000000089 ) ) ;
#8692 = ORIENTED_EDGE ( 'NONE', *, *, #8343, .T. ) ;
#8693 = CARTESIAN_POINT ( 'NONE',  ( 15.40166797165684898, 2.000000000000000000, 0.8180000000000000604 ) ) ;
#8694 = VERTEX_POINT ( 'NONE', #5148 ) ;
#8695 = CARTESIAN_POINT ( 'NONE',  ( 10.30166797165681913, 0.5500000000000000444, 0.0000000000000000000 ) ) ;
#8696 = LINE ( 'NONE', #3865, #1652 ) ;
#8697 = ORIENTED_EDGE ( 'NONE', *, *, #9052, .F. ) ;
#8698 = LINE ( 'NONE', #9387, #10590 ) ;
#8699 = FACE_OUTER_BOUND ( 'NONE', #5385, .T. ) ;
#8700 = FACE_OUTER_BOUND ( 'NONE', #4794, .T. ) ;
#8701 = LINE ( 'NONE', #6136, #10099 ) ;
#8702 = CARTESIAN_POINT ( 'NONE',  ( 14.00000000000000000, 79.99000000000000909, -0.001000000000000000021 ) ) ;
#8703 = CIRCLE ( 'NONE', #1505, 2.999999999999999112 ) ;
#8704 = DIRECTION ( 'NONE',  ( -0.0000000000000000000, 1.000000000000000000, 0.0000000000000000000 ) ) ;
#8705 = ORIENTED_EDGE ( 'NONE', *, *, #4414, .F. ) ;
#8706 =( GEOMETRIC_REPRESENTATION_CONTEXT ( 3 ) GLOBAL_UNCERTAINTY_ASSIGNED_CONTEXT ( ( #2621 ) ) GLOBAL_UNIT_ASSIGNED_CONTEXT ( ( #10537, #4776, #6334 ) ) REPRESENTATION_CONTEXT ( 'NONE', 'WORKASPACE' ) );
#8707 = LINE ( 'NONE', #1185, #1709 ) ;
#8708 = EDGE_LOOP ( 'NONE', ( #5007, #9032, #10053, #1903 ) ) ;
#8709 = AXIS2_PLACEMENT_3D ( 'NONE', #966, #7527, #5807 ) ;
#8710 = ORIENTED_EDGE ( 'NONE', *, *, #5855, .F. ) ;
#8711 = DIRECTION ( 'NONE',  ( 0.0000000000000000000, 0.0000000000000000000, -1.000000000000000000 ) ) ;
#8712 = CARTESIAN_POINT ( 'NONE',  ( 12.30166797165681913, 0.5500000000000000444, -0.01800000000000000211 ) ) ;
#8713 = DIRECTION ( 'NONE',  ( 0.0000000000000000000, -1.000000000000000000, 0.0000000000000000000 ) ) ;
#8714 = CARTESIAN_POINT ( 'NONE',  ( 8.901667971656829437, 2.000000000000000000, 0.8000000000000000444 ) ) ;
#8715 = ORIENTED_EDGE ( 'NONE', *, *, #1377, .T. ) ;
#8716 = VECTOR ( 'NONE', #9950, 1000.000000000000000 ) ;
#8717 = PLANE ( 'NONE',  #10542 ) ;
#8718 = VECTOR ( 'NONE', #774, 1000.000000000000000 ) ;
#8719 = ADVANCED_FACE ( 'NONE', ( #3272 ), #1268, .F. ) ;
#8720 = EDGE_CURVE ( 'NONE', #164, #8638, #9472, .T. ) ;
#8721 = DIRECTION ( 'NONE',  ( -0.0000000000000000000, 1.000000000000000000, 0.0000000000000000000 ) ) ;
#8722 = EDGE_CURVE ( 'NONE', #6289, #8576, #7777, .T. ) ;
#8723 = VERTEX_POINT ( 'NONE', #10213 ) ;
#8724 = DIRECTION ( 'NONE',  ( 1.000000000000000000, 0.0000000000000000000, 0.0000000000000000000 ) ) ;
#8725 = VERTEX_POINT ( 'NONE', #9264 ) ;
#8726 = VECTOR ( 'NONE', #5812, 1000.000000000000000 ) ;
#8727 = FACE_OUTER_BOUND ( 'NONE', #9245, .T. ) ;
#8728 = CARTESIAN_POINT ( 'NONE',  ( 2.151667971656824996, 2.000000000000000000, -0.01800000000000000211 ) ) ;
#8729 = LINE ( 'NONE', #5558, #6247 ) ;
#8730 = AXIS2_PLACEMENT_3D ( 'NONE', #5480, #7950, #8058 ) ;
#8731 =( NAMED_UNIT ( * ) PLANE_ANGLE_UNIT ( ) SI_UNIT ( $, .RADIAN. ) );
#8732 = CARTESIAN_POINT ( 'NONE',  ( 9.901667971656820555, 2.000000000000000000, 0.8180000000000000604 ) ) ;
#8733 = CARTESIAN_POINT ( 'NONE',  ( 19.15166797165684898, 2.000000000000000000, -0.01800000000000000211 ) ) ;
#8734 = VECTOR ( 'NONE', #262, 1000.000000000000000 ) ;
#8735 = CARTESIAN_POINT ( 'NONE',  ( 15.15166797165684898, 0.5500000000000000444, 0.0000000000000000000 ) ) ;
#8736 = PRESENTATION_LAYER_ASSIGNMENT (  '', '', ( #7892 ) ) ;
#8737 = EDGE_CURVE ( 'NONE', #5135, #4361, #7661, .T. ) ;
#8738 = ORIENTED_EDGE ( 'NONE', *, *, #2195, .T. ) ;
#8739 = EDGE_CURVE ( 'NONE', #2961, #6034, #5250, .T. ) ;
#8740 = ORIENTED_EDGE ( 'NONE', *, *, #10019, .F. ) ;
#8741 = ORIENTED_EDGE ( 'NONE', *, *, #125, .F. ) ;
#8742 = CARTESIAN_POINT ( 'NONE',  ( 7.801667971656819134, 2.000000000000000000, -0.01800000000000000211 ) ) ;
#8743 = ORIENTED_EDGE ( 'NONE', *, *, #6368, .T. ) ;
#8744 =( NAMED_UNIT ( * ) PLANE_ANGLE_UNIT ( ) SI_UNIT ( $, .RADIAN. ) );
#8745 = VECTOR ( 'NONE', #5905, 1000.000000000000000 ) ;
#8746 = DIRECTION ( 'NONE',  ( 0.0000000000000000000, 1.000000000000000000, 0.0000000000000000000 ) ) ;
#8747 = VECTOR ( 'NONE', #3334, 1000.000000000000000 ) ;
#8748 = DIRECTION ( 'NONE',  ( 0.0000000000000000000, 0.0000000000000000000, -1.000000000000000000 ) ) ;
#8749 = LINE ( 'NONE', #6338, #6002 ) ;
#8750 = ORIENTED_EDGE ( 'NONE', *, *, #8871, .F. ) ;
#8751 = LINE ( 'NONE', #1440, #5349 ) ;
#8752 = ADVANCED_FACE ( 'NONE', ( #288 ), #2094, .F. ) ;
#8753 = EDGE_LOOP ( 'NONE', ( #4856, #9374, #10324, #9891 ) ) ;
#8754 = FACE_BOUND ( 'NONE', #961, .T. ) ;
#8755 = PRESENTATION_LAYER_ASSIGNMENT (  '', '', ( #2753 ) ) ;
#8756 = LINE ( 'NONE', #5636, #270 ) ;
#8757 = ORIENTED_EDGE ( 'NONE', *, *, #3808, .F. ) ;
#8758 = LINE ( 'NONE', #3066, #9915 ) ;
#8759 = DIRECTION ( 'NONE',  ( 0.0000000000000000000, 0.0000000000000000000, -1.000000000000000000 ) ) ;
#8760 = CARTESIAN_POINT ( 'NONE',  ( 2.051667971656824907, 2.000000000000000000, 0.8180000000000000604 ) ) ;
#8761 = DIRECTION ( 'NONE',  ( 0.0000000000000000000, -1.000000000000000000, 0.0000000000000000000 ) ) ;
#8762 = CARTESIAN_POINT ( 'NONE',  ( 9.651667971656820555, 0.5500000000000000444, -0.01800000000000000211 ) ) ;
#8763 = EDGE_CURVE ( 'NONE', #3749, #7315, #4435, .T. ) ;
#8764 = VECTOR ( 'NONE', #5497, 1000.000000000000000 ) ;
#8765 = ORIENTED_EDGE ( 'NONE', *, *, #5143, .F. ) ;
#8766 = FACE_OUTER_BOUND ( 'NONE', #1608, .T. ) ;
#8767 = ORIENTED_EDGE ( 'NONE', *, *, #2432, .T. ) ;
#8768 = VECTOR ( 'NONE', #10207, 1000.000000000000000 ) ;
#8769 = EDGE_LOOP ( 'NONE', ( #4267, #6237, #5126, #9320 ) ) ;
#8770 = DIRECTION ( 'NONE',  ( 1.000000000000000000, 0.0000000000000000000, 0.0000000000000000000 ) ) ;
#8771 = VECTOR ( 'NONE', #4148, 1000.000000000000000 ) ;
#8772 = CARTESIAN_POINT ( 'NONE',  ( 8.801667971656820910, 0.5500000000000000444, 0.0000000000000000000 ) ) ;
#8773 = FACE_OUTER_BOUND ( 'NONE', #2181, .T. ) ;
#8774 =( LENGTH_UNIT ( ) NAMED_UNIT ( * ) SI_UNIT ( .MILLI., .METRE. ) );
#8775 = ORIENTED_EDGE ( 'NONE', *, *, #714, .T. ) ;
#8776 = VECTOR ( 'NONE', #6016, 1000.000000000000000 ) ;
#8777 = EDGE_LOOP ( 'NONE', ( #4173, #4885, #3614, #6260 ) ) ;
#8778 = DIRECTION ( 'NONE',  ( -1.000000000000000000, 0.0000000000000000000, 0.0000000000000000000 ) ) ;
#8779 = ORIENTED_EDGE ( 'NONE', *, *, #4931, .T. ) ;
#8780 = CARTESIAN_POINT ( 'NONE',  ( 8.401667971656829437, 0.5500000000000000444, 0.8000000000000000444 ) ) ;
#8781 = LINE ( 'NONE', #8128, #5560 ) ;
#8782 = CARTESIAN_POINT ( 'NONE',  ( 2.651667971656824996, 2.000000000000000000, -0.01800000000000000211 ) ) ;
#8783 = ADVANCED_FACE ( 'NONE', ( #7830 ), #6219, .T. ) ;
#8784 = EDGE_CURVE ( 'NONE', #9139, #852, #5407, .T. ) ;
#8785 = FILL_AREA_STYLE ('',( #8571 ) ) ;
#8786 = CARTESIAN_POINT ( 'NONE',  ( 10.90166797165682055, 2.000000000000000000, 0.8180000000000000604 ) ) ;
#8787 = DIRECTION ( 'NONE',  ( 0.0000000000000000000, 1.000000000000000000, 0.0000000000000000000 ) ) ;
#8788 = ORIENTED_EDGE ( 'NONE', *, *, #1469, .F. ) ;
#8789 = ORIENTED_EDGE ( 'NONE', *, *, #9301, .F. ) ;
#8790 = VERTEX_POINT ( 'NONE', #6970 ) ;
#8791 = LINE ( 'NONE', #1430, #7185 ) ;
#8792 = EDGE_LOOP ( 'NONE', ( #3697, #9318, #5083, #926 ) ) ;
#8793 = CARTESIAN_POINT ( 'NONE',  ( 19.80166797165679782, 0.5499999999999860556, 0.0000000000000000000 ) ) ;
#8794 = EDGE_CURVE ( 'NONE', #10388, #7390, #10110, .T. ) ;
#8795 = CARTESIAN_POINT ( 'NONE',  ( 0.0000000000000000000, 0.0000000000000000000, 0.8180000000000000604 ) ) ;
#8796 = LINE ( 'NONE', #2260, #7038 ) ;
#8797 = EDGE_CURVE ( 'NONE', #3439, #1470, #8572, .T. ) ;
#8798 = EDGE_LOOP ( 'NONE', ( #5425, #5726, #5123, #4812 ) ) ;
#8799 = ADVANCED_FACE ( 'NONE', ( #6055 ), #6803, .F. ) ;
#8800 = CARTESIAN_POINT ( 'NONE',  ( 19.55166797165679782, 0.5500000000000000444, 0.8180000000000000604 ) ) ;
#8801 = ORIENTED_EDGE ( 'NONE', *, *, #6174, .T. ) ;
#8802 = FILL_AREA_STYLE ('',( #5531 ) ) ;
#8803 = CARTESIAN_POINT ( 'NONE',  ( 8.551667971656828016, 0.5500000000000000444, 0.8180000000000000604 ) ) ;
#8804 = ORIENTED_EDGE ( 'NONE', *, *, #3684, .F. ) ;
#8805 = DIRECTION ( 'NONE',  ( 0.0000000000000000000, 1.000000000000000000, 0.0000000000000000000 ) ) ;
#8806 = ORIENTED_EDGE ( 'NONE', *, *, #7303, .T. ) ;
#8807 = LINE ( 'NONE', #10343, #245 ) ;
#8808 = DIRECTION ( 'NONE',  ( 1.000000000000000000, 0.0000000000000000000, 0.0000000000000000000 ) ) ;
#8809 = PRESENTATION_LAYER_ASSIGNMENT (  '', '', ( #6750 ) ) ;
#8810 = EDGE_CURVE ( 'NONE', #8877, #436, #4607, .T. ) ;
#8811 = EDGE_CURVE ( 'NONE', #9563, #1246, #233, .T. ) ;
#8812 = DIRECTION ( 'NONE',  ( 0.0000000000000000000, 0.0000000000000000000, -1.000000000000000000 ) ) ;
#8813 = SURFACE_STYLE_USAGE ( .BOTH. , #7312 ) ;
#8814 = CARTESIAN_POINT ( 'NONE',  ( 10.15166797165682055, 0.5500000000000000444, -0.01800000000000000211 ) ) ;
#8815 = ORIENTED_EDGE ( 'NONE', *, *, #3215, .T. ) ;
#8816 = DIRECTION ( 'NONE',  ( 1.000000000000000000, 0.0000000000000000000, 0.0000000000000000000 ) ) ;
#8817 = EDGE_LOOP ( 'NONE', ( #5551, #7355, #4837, #7091 ) ) ;
#8818 = MECHANICAL_DESIGN_GEOMETRIC_PRESENTATION_REPRESENTATION (  '', ( #8645 ), #10344 ) ;
#8819 = EDGE_CURVE ( 'NONE', #8233, #5964, #9311, .T. ) ;
#8820 = LINE ( 'NONE', #4749, #5927 ) ;
#8821 = CARTESIAN_POINT ( 'NONE',  ( 17.20166797165684969, 2.899999999999999911, 0.8000000000000000444 ) ) ;
#8822 = VECTOR ( 'NONE', #9207, 1000.000000000000000 ) ;
#8823 = LINE ( 'NONE', #706, #3005 ) ;
#8824 = DIRECTION ( 'NONE',  ( 0.0000000000000000000, 0.0000000000000000000, -1.000000000000000000 ) ) ;
#8825 = ORIENTED_EDGE ( 'NONE', *, *, #716, .T. ) ;
#8826 = VECTOR ( 'NONE', #1605, 1000.000000000000000 ) ;
#8827 = ORIENTED_EDGE ( 'NONE', *, *, #3937, .F. ) ;
#8828 = VERTEX_POINT ( 'NONE', #2832 ) ;
#8829 = LINE ( 'NONE', #10522, #7803 ) ;
#8830 = ORIENTED_EDGE ( 'NONE', *, *, #190, .T. ) ;
#8831 = FACE_OUTER_BOUND ( 'NONE', #8140, .T. ) ;
#8832 = VECTOR ( 'NONE', #10464, 1000.000000000000000 ) ;
#8833 = DIRECTION ( 'NONE',  ( 1.000000000000000000, -3.097720492815730124E-16, 0.0000000000000000000 ) ) ;
#8834 = LINE ( 'NONE', #3951, #7612 ) ;
#8835 = VECTOR ( 'NONE', #1321, 1000.000000000000000 ) ;
#8836 = LINE ( 'NONE', #4605, #4964 ) ;
#8837 =( LENGTH_UNIT ( ) NAMED_UNIT ( * ) SI_UNIT ( .MILLI., .METRE. ) );
#8838 = CARTESIAN_POINT ( 'NONE',  ( 7.301667971656820022, 0.5500000000000000444, -0.01800000000000000211 ) ) ;
#8839 = STYLED_ITEM ( 'NONE', ( #9443 ), #5389 ) ;
#8840 = AXIS2_PLACEMENT_3D ( 'NONE', #2553, #9144, #177 ) ;
#8841 = VECTOR ( 'NONE', #3638, 1000.000000000000000 ) ;
#8842 = VERTEX_POINT ( 'NONE', #6108 ) ;
#8843 = ORIENTED_EDGE ( 'NONE', *, *, #1831, .T. ) ;
#8844 = ORIENTED_EDGE ( 'NONE', *, *, #1717, .T. ) ;
#8845 = FACE_OUTER_BOUND ( 'NONE', #9527, .T. ) ;
#8846 = ORIENTED_EDGE ( 'NONE', *, *, #5133, .F. ) ;
#8847 = DIRECTION ( 'NONE',  ( -0.0000000000000000000, 1.000000000000000000, 0.0000000000000000000 ) ) ;
#8848 = CARTESIAN_POINT ( 'NONE',  ( 11.00000000000000000, 80.00000000000000000, 0.8000000000000000444 ) ) ;
#8849 = DIRECTION ( 'NONE',  ( -1.000000000000000000, 0.0000000000000000000, 0.0000000000000000000 ) ) ;
#8850 = VECTOR ( 'NONE', #2182, 1000.000000000000000 ) ;
#8851 = VERTEX_POINT ( 'NONE', #8456 ) ;
#8852 = ORIENTED_EDGE ( 'NONE', *, *, #391, .T. ) ;
#8853 = CARTESIAN_POINT ( 'NONE',  ( 15.30166797165684933, 2.000000000000000000, -0.01800000000000000211 ) ) ;
#8854 = EDGE_CURVE ( 'NONE', #6008, #6931, #9366, .T. ) ;
#8855 = ORIENTED_EDGE ( 'NONE', *, *, #2841, .T. ) ;
#8856 = EDGE_CURVE ( 'NONE', #9478, #636, #5302, .T. ) ;
#8857 = CARTESIAN_POINT ( 'NONE',  ( 17.55166797165684756, 0.5500000000000000444, 0.8180000000000000604 ) ) ;
#8858 = AXIS2_PLACEMENT_3D ( 'NONE', #6018, #8476, #1725 ) ;
#8859 = ADVANCED_FACE ( 'NONE', ( #3955 ), #3150, .F. ) ;
#8860 = VERTEX_POINT ( 'NONE', #8733 ) ;
#8861 =( NAMED_UNIT ( * ) PLANE_ANGLE_UNIT ( ) SI_UNIT ( $, .RADIAN. ) );
#8862 = AXIS2_PLACEMENT_3D ( 'NONE', #2510, #7402, #8296 ) ;
#8863 = LINE ( 'NONE', #4024, #161 ) ;
#8864 = ORIENTED_EDGE ( 'NONE', *, *, #10284, .F. ) ;
#8865 = DIRECTION ( 'NONE',  ( 1.000000000000000000, 0.0000000000000000000, 0.0000000000000000000 ) ) ;
#8866 = ORIENTED_EDGE ( 'NONE', *, *, #7376, .F. ) ;
#8867 = DIRECTION ( 'NONE',  ( -1.000000000000000000, 0.0000000000000000000, 0.0000000000000000000 ) ) ;
#8868 = EDGE_CURVE ( 'NONE', #909, #8245, #8039, .T. ) ;
#8869 = ADVANCED_FACE ( 'NONE', ( #8943 ), #3207, .T. ) ;
#8870 = ORIENTED_EDGE ( 'NONE', *, *, #6244, .T. ) ;
#8871 = EDGE_CURVE ( 'NONE', #982, #2610, #8090, .T. ) ;
#8872 = CARTESIAN_POINT ( 'NONE',  ( 2.051667971656824907, 0.5499999999999900524, 0.8180000000000000604 ) ) ;
#8873 = CARTESIAN_POINT ( 'NONE',  ( 18.65166797165684898, 0.5500000000000000444, -0.01800000000000000211 ) ) ;
#8874 =( LENGTH_UNIT ( ) NAMED_UNIT ( * ) SI_UNIT ( .MILLI., .METRE. ) );
#8875 = DIRECTION ( 'NONE',  ( 1.000000000000000000, 0.0000000000000000000, 0.0000000000000000000 ) ) ;
#8876 = AXIS2_PLACEMENT_3D ( 'NONE', #5659, #1733, #8116 ) ;
#8877 = VERTEX_POINT ( 'NONE', #5562 ) ;
#8878 = CIRCLE ( 'NONE', #1502, 2.749999999999999112 ) ;
#8879 = EDGE_CURVE ( 'NONE', #2353, #2389, #7237, .T. ) ;
#8880 = VECTOR ( 'NONE', #6045, 1000.000000000000000 ) ;
#8881 = EDGE_LOOP ( 'NONE', ( #10126, #5353, #9623, #5801 ) ) ;
#8882 = ORIENTED_EDGE ( 'NONE', *, *, #8335, .F. ) ;
#8883 = CARTESIAN_POINT ( 'NONE',  ( 20.05166797165679782, 2.000000000000000000, 0.8180000000000000604 ) ) ;
#8884 = ORIENTED_EDGE ( 'NONE', *, *, #7098, .F. ) ;
#8885 = CARTESIAN_POINT ( 'NONE',  ( 8.801667971656820910, 2.000000000000000000, -0.01800000000000000211 ) ) ;
#8886 = CARTESIAN_POINT ( 'NONE',  ( 12.90166797165682055, 2.000000000000000000, 0.8180000000000000604 ) ) ;
#8887 = CARTESIAN_POINT ( 'NONE',  ( 8.801667971656820910, 2.000000000000000000, -0.01800000000000000211 ) ) ;
#8888 = PLANE ( 'NONE',  #8305 ) ;
#8889 = SURFACE_STYLE_FILL_AREA ( #5619 ) ;
#8890 = CARTESIAN_POINT ( 'NONE',  ( 8.151667971656829437, 0.5500000000000000444, 0.0000000000000000000 ) ) ;
#8891 = MECHANICAL_DESIGN_GEOMETRIC_PRESENTATION_REPRESENTATION (  '', ( #3919 ), #10247 ) ;
#8892 = ORIENTED_EDGE ( 'NONE', *, *, #8592, .T. ) ;
#8893 = VERTEX_POINT ( 'NONE', #10482 ) ;
#8894 = EDGE_LOOP ( 'NONE', ( #6249, #9120, #5050, #163 ) ) ;
#8895 = DIRECTION ( 'NONE',  ( -1.982541115402070040E-15, 1.000000000000000000, 0.0000000000000000000 ) ) ;
#8896 = DIRECTION ( 'NONE',  ( -1.000000000000000000, 1.752245935330099997E-15, 0.0000000000000000000 ) ) ;
#8897 = CARTESIAN_POINT ( 'NONE',  ( 11.65166797165682055, 2.000000000000000000, 0.0000000000000000000 ) ) ;
#8898 = CIRCLE ( 'NONE', #5985, 0.5000000000000000000 ) ;
#8899 = DIRECTION ( 'NONE',  ( 0.0000000000000000000, -1.000000000000000000, 0.0000000000000000000 ) ) ;
#8900 = DIRECTION ( 'NONE',  ( 0.0000000000000000000, 0.0000000000000000000, 1.000000000000000000 ) ) ;
#8901 = PRESENTATION_LAYER_ASSIGNMENT (  '', '', ( #6166 ) ) ;
#8902 =( NAMED_UNIT ( * ) SI_UNIT ( $, .STERADIAN. ) SOLID_ANGLE_UNIT ( ) );
#8903 = EDGE_LOOP ( 'NONE', ( #5025, #6986, #9923, #62 ) ) ;
#8904 = VECTOR ( 'NONE', #7033, 1000.000000000000000 ) ;
#8905 = CARTESIAN_POINT ( 'NONE',  ( 0.5749999999999999556, 3.500000000000000000, 0.0000000000000000000 ) ) ;
#8906 = DIRECTION ( 'NONE',  ( 0.0000000000000000000, 0.0000000000000000000, 1.000000000000000000 ) ) ;
#8907 = ORIENTED_EDGE ( 'NONE', *, *, #4061, .F. ) ;
#8908 = CARTESIAN_POINT ( 'NONE',  ( 6.051667971656829792, 2.000000000000000000, 0.8180000000000000604 ) ) ;
#8909 = AXIS2_PLACEMENT_3D ( 'NONE', #89, #5744, #5046 ) ;
#8910 = ORIENTED_EDGE ( 'NONE', *, *, #9500, .T. ) ;
#8911 = CARTESIAN_POINT ( 'NONE',  ( 20.92500000000000071, 3.500000000000000000, 0.8000000000000000444 ) ) ;
#8912 = ORIENTED_EDGE ( 'NONE', *, *, #1717, .F. ) ;
#8913 = CARTESIAN_POINT ( 'NONE',  ( 14.30166797165681913, 0.5500000000000000444, -0.01800000000000000211 ) ) ;
#8914 = ADVANCED_FACE ( 'NONE', ( #6428 ), #10530, .F. ) ;
#8915 = EDGE_CURVE ( 'NONE', #2776, #311, #3846, .T. ) ;
#8916 = VERTEX_POINT ( 'NONE', #6325 ) ;
#8917 = VECTOR ( 'NONE', #4450, 1000.000000000000000 ) ;
#8918 = FACE_OUTER_BOUND ( 'NONE', #9981, .T. ) ;
#8919 = EDGE_CURVE ( 'NONE', #1144, #10014, #9524, .T. ) ;
#8920 = FILL_AREA_STYLE_COLOUR ( '', #4152 ) ;
#8921 = ORIENTED_EDGE ( 'NONE', *, *, #2506, .F. ) ;
#8922 = LINE ( 'NONE', #5656, #2705 ) ;
#8923 = LINE ( 'NONE', #1568, #4031 ) ;
#8924 = LINE ( 'NONE', #4956, #4769 ) ;
#8925 = LINE ( 'NONE', #7217, #1009 ) ;
#8926 = VECTOR ( 'NONE', #5810, 1000.000000000000000 ) ;
#8927 = VECTOR ( 'NONE', #9275, 1000.000000000000000 ) ;
#8928 = CARTESIAN_POINT ( 'NONE',  ( 14.40166797165682055, 2.000000000000000000, 0.8000000000000000444 ) ) ;
#8929 = ADVANCED_FACE ( 'NONE', ( #7878 ), #9576, .F. ) ;
#8930 = EDGE_CURVE ( 'NONE', #3460, #4425, #10322, .T. ) ;
#8931 = ORIENTED_EDGE ( 'NONE', *, *, #9037, .T. ) ;
#8932 = ADVANCED_FACE ( 'NONE', ( #4767 ), #9735, .F. ) ;
#8933 = AXIS2_PLACEMENT_3D ( 'NONE', #3997, #218, #5127 ) ;
#8934 = VECTOR ( 'NONE', #8435, 1000.000000000000000 ) ;
#8935 = ORIENTED_EDGE ( 'NONE', *, *, #1324, .F. ) ;
#8936 = ORIENTED_EDGE ( 'NONE', *, *, #8413, .F. ) ;
#8937 = CARTESIAN_POINT ( 'NONE',  ( 11.65166797165682055, 2.000000000000000000, -0.01800000000000000211 ) ) ;
#8938 = ORIENTED_EDGE ( 'NONE', *, *, #4675, .T. ) ;
#8939 = FACE_OUTER_BOUND ( 'NONE', #127, .T. ) ;
#8940 = DIRECTION ( 'NONE',  ( 1.000000000000000000, 0.0000000000000000000, 0.0000000000000000000 ) ) ;
#8941 = STYLED_ITEM ( 'NONE', ( #577 ), #8524 ) ;
#8942 = CARTESIAN_POINT ( 'NONE',  ( 10.80166797165682091, 2.000000000000000000, 0.0000000000000000000 ) ) ;
#8943 = FACE_OUTER_BOUND ( 'NONE', #9617, .T. ) ;
#8944 = DIRECTION ( 'NONE',  ( 0.0000000000000000000, 0.0000000000000000000, 1.000000000000000000 ) ) ;
#8945 = FACE_OUTER_BOUND ( 'NONE', #2463, .T. ) ;
#8946 = ORIENTED_EDGE ( 'NONE', *, *, #585, .T. ) ;
#8947 = EDGE_LOOP ( 'NONE', ( #6143, #2352, #9124, #7279 ) ) ;
#8948 = LINE ( 'NONE', #4277, #7353 ) ;
#8949 = EDGE_CURVE ( 'NONE', #8337, #7141, #9942, .T. ) ;
#8950 = LINE ( 'NONE', #1595, #2235 ) ;
#8951 = CARTESIAN_POINT ( 'NONE',  ( 0.5749999999999999556, 0.2999999999999944933, 0.8000000000000000444 ) ) ;
#8952 = EDGE_LOOP ( 'NONE', ( #6608, #412, #3849, #10220 ) ) ;
#8953 = FILL_AREA_STYLE ('',( #9905 ) ) ;
#8954 = ORIENTED_EDGE ( 'NONE', *, *, #2981, .T. ) ;
#8955 = CARTESIAN_POINT ( 'NONE',  ( 19.55166797165679782, 2.000000000000000000, 0.8180000000000000604 ) ) ;
#8956 = VERTEX_POINT ( 'NONE', #4106 ) ;
#8957 = LINE ( 'NONE', #9803, #1614 ) ;
#8958 = CARTESIAN_POINT ( 'NONE',  ( 11.90166797165682055, 0.5500000000000000444, 0.8000000000000000444 ) ) ;
#8959 = PRESENTATION_STYLE_ASSIGNMENT (( #2425 ) ) ;
#8960 = VERTEX_POINT ( 'NONE', #2662 ) ;
#8961 = LINE ( 'NONE', #9759, #1562 ) ;
#8962 = ORIENTED_EDGE ( 'NONE', *, *, #5152, .T. ) ;
#8963 = CARTESIAN_POINT ( 'NONE',  ( 8.551667971656828016, 2.000000000000000000, 0.8180000000000000604 ) ) ;
#8964 = DIRECTION ( 'NONE',  ( 0.0000000000000000000, -1.000000000000000000, 0.0000000000000000000 ) ) ;
#8965 = ORIENTED_EDGE ( 'NONE', *, *, #780, .T. ) ;
#8966 = LINE ( 'NONE', #9127, #8310 ) ;
#8967 = DIRECTION ( 'NONE',  ( 1.000000000000000000, 0.0000000000000000000, 0.0000000000000000000 ) ) ;
#8968 = DIRECTION ( 'NONE',  ( 0.0000000000000000000, -1.000000000000000000, 0.0000000000000000000 ) ) ;
#8969 = EDGE_CURVE ( 'NONE', #5995, #5255, #4908, .T. ) ;
#8970 = LINE ( 'NONE', #4, #7116 ) ;
#8971 = DIRECTION ( 'NONE',  ( -1.000000000000000000, -4.563815034092980005E-32, 0.0000000000000000000 ) ) ;
#8972 = ORIENTED_EDGE ( 'NONE', *, *, #3761, .F. ) ;
#8973 = VECTOR ( 'NONE', #1049, 1000.000000000000000 ) ;
#8974 = VERTEX_POINT ( 'NONE', #6689 ) ;
#8975 = EDGE_LOOP ( 'NONE', ( #8411, #8534, #10169, #725 ) ) ;
#8976 = EDGE_CURVE ( 'NONE', #9972, #982, #6283, .T. ) ;
#8977 = DIRECTION ( 'NONE',  ( 0.0000000000000000000, 1.000000000000000000, 0.0000000000000000000 ) ) ;
#8978 = VERTEX_POINT ( 'NONE', #991 ) ;
#8979 = EDGE_CURVE ( 'NONE', #6830, #2938, #120, .T. ) ;
#8980 = CARTESIAN_POINT ( 'NONE',  ( 14.40166797165682055, 2.000000000000000000, 0.8000000000000000444 ) ) ;
#8981 = EDGE_CURVE ( 'NONE', #6627, #4909, #9035, .T. ) ;
#8982 = VECTOR ( 'NONE', #1476, 1000.000000000000000 ) ;
#8983 = VECTOR ( 'NONE', #2784, 1000.000000000000000 ) ;
#8984 = DIRECTION ( 'NONE',  ( 1.124211620330680713E-15, -0.9396926207859073177, 0.3420201433256715995 ) ) ;
#8985 = CARTESIAN_POINT ( 'NONE',  ( 19.90166797165684542, 2.000000000000000000, 0.8180000000000000604 ) ) ;
#8986 = CARTESIAN_POINT ( 'NONE',  ( 13.80166797165682091, 2.000000000000000000, -0.01800000000000000211 ) ) ;
#8987 = DIRECTION ( 'NONE',  ( -1.000000000000000000, 0.0000000000000000000, 0.0000000000000000000 ) ) ;
#8988 = EDGE_LOOP ( 'NONE', ( #7957, #9729, #10070, #3662 ) ) ;
#8989 = EDGE_CURVE ( 'NONE', #695, #4715, #18, .T. ) ;
#8990 = ADVANCED_FACE ( 'NONE', ( #2607 ), #5029, .F. ) ;
#8991 = EDGE_LOOP ( 'NONE', ( #6098, #7264, #3477, #7696 ) ) ;
#8992 = DIRECTION ( 'NONE',  ( 0.0000000000000000000, 1.000000000000000000, 0.0000000000000000000 ) ) ;
#8993 = ADVANCED_FACE ( 'NONE', ( #3464 ), #3316, .F. ) ;
#8994 = DIRECTION ( 'NONE',  ( 0.0000000000000000000, -1.000000000000000000, 0.0000000000000000000 ) ) ;
#8995 = DIRECTION ( 'NONE',  ( -1.000000000000000000, 0.0000000000000000000, 0.0000000000000000000 ) ) ;
#8996 = SURFACE_STYLE_FILL_AREA ( #2816 ) ;
#8997 = CARTESIAN_POINT ( 'NONE',  ( 8.000000000000000000, 79.99000000000000909, -1.350000000000000089 ) ) ;
#8998 = VECTOR ( 'NONE', #10273, 1000.000000000000000 ) ;
#8999 = ORIENTED_EDGE ( 'NONE', *, *, #1124, .F. ) ;
#9000 = SURFACE_SIDE_STYLE ('',( #5734 ) ) ;
#9001 = ADVANCED_FACE ( 'NONE', ( #1690 ), #6584, .F. ) ;
#9002 = PLANE ( 'NONE',  #1165 ) ;
#9003 = ORIENTED_EDGE ( 'NONE', *, *, #3533, .T. ) ;
#9004 = FACE_OUTER_BOUND ( 'NONE', #2963, .T. ) ;
#9005 = ORIENTED_EDGE ( 'NONE', *, *, #1311, .T. ) ;
#9006 = CARTESIAN_POINT ( 'NONE',  ( 6.301667971656820022, 2.000000000000000000, -0.01800000000000000211 ) ) ;
#9007 = AXIS2_PLACEMENT_3D ( 'NONE', #4975, #7445, #9835 ) ;
#9008 = DIRECTION ( 'NONE',  ( 0.0000000000000000000, -1.000000000000000000, 0.0000000000000000000 ) ) ;
#9009 = DIRECTION ( 'NONE',  ( 0.0000000000000000000, 0.0000000000000000000, -1.000000000000000000 ) ) ;
#9010 = DIRECTION ( 'NONE',  ( -1.000000000000000000, 0.0000000000000000000, 0.0000000000000000000 ) ) ;
#9011 = ORIENTED_EDGE ( 'NONE', *, *, #4875, .F. ) ;
#9012 = CARTESIAN_POINT ( 'NONE',  ( 11.90166797165682055, 2.000000000000000000, 0.8180000000000000604 ) ) ;
#9013 = ORIENTED_EDGE ( 'NONE', *, *, #5635, .T. ) ;
#9014 = PRESENTATION_STYLE_ASSIGNMENT (( #3289 ) ) ;
#9015 = VECTOR ( 'NONE', #6044, 1000.000000000000000 ) ;
#9016 = CARTESIAN_POINT ( 'NONE',  ( 14.15166797165682055, 2.000000000000000000, -0.01800000000000000211 ) ) ;
#9017 = ORIENTED_EDGE ( 'NONE', *, *, #3548, .F. ) ;
#9018 = DIRECTION ( 'NONE',  ( 0.0000000000000000000, -1.000000000000000000, 0.0000000000000000000 ) ) ;
#9019 = CARTESIAN_POINT ( 'NONE',  ( 11.40166797165682055, 2.000000000000000000, 0.8180000000000000604 ) ) ;
#9020 = PLANE ( 'NONE',  #9428 ) ;
#9021 = CARTESIAN_POINT ( 'NONE',  ( 21.99500000000000099, 5.200000000000000178, 0.0000000000000000000 ) ) ;
#9022 = CARTESIAN_POINT ( 'NONE',  ( 20.05166797165679782, 2.000000000000000000, 0.8000000000000000444 ) ) ;
#9023 = DIRECTION ( 'NONE',  ( 0.0000000000000000000, 1.000000000000000000, 0.0000000000000000000 ) ) ;
#9024 = CARTESIAN_POINT ( 'NONE',  ( 0.004999999999995699725, 79.99000000000000909, 2.149999999999999911 ) ) ;
#9025 = ORIENTED_EDGE ( 'NONE', *, *, #6631, .T. ) ;
#9026 = ORIENTED_EDGE ( 'NONE', *, *, #2008, .T. ) ;
#9027 = ORIENTED_EDGE ( 'NONE', *, *, #734, .T. ) ;
#9028 = DIRECTION ( 'NONE',  ( -1.000000000000000000, 0.0000000000000000000, 0.0000000000000000000 ) ) ;
#9029 = ORIENTED_EDGE ( 'NONE', *, *, #3822, .T. ) ;
#9030 = FACE_OUTER_BOUND ( 'NONE', #2655, .T. ) ;
#9031 = LINE ( 'NONE', #2546, #7797 ) ;
#9032 = ORIENTED_EDGE ( 'NONE', *, *, #3761, .T. ) ;
#9033 = VECTOR ( 'NONE', #7374, 1000.000000000000000 ) ;
#9034 = CARTESIAN_POINT ( 'NONE',  ( 13.15166797165682055, 0.5500000000000000444, -0.01800000000000000211 ) ) ;
#9035 = LINE ( 'NONE', #7395, #6625 ) ;
#9036 = EDGE_CURVE ( 'NONE', #5283, #9265, #9885, .T. ) ;
#9037 = EDGE_CURVE ( 'NONE', #7886, #9134, #8182, .T. ) ;
#9038 = LINE ( 'NONE', #1635, #7983 ) ;
#9039 = EDGE_CURVE ( 'NONE', #816, #5942, #5829, .T. ) ;
#9040 = ORIENTED_EDGE ( 'NONE', *, *, #2111, .T. ) ;
#9041 = EDGE_LOOP ( 'NONE', ( #6496, #7698, #3723, #1940 ) ) ;
#9042 = DIRECTION ( 'NONE',  ( -2.990902544787600071E-16, 1.000000000000000000, 0.0000000000000000000 ) ) ;
#9043 = AXIS2_PLACEMENT_3D ( 'NONE', #9072, #156, #8273 ) ;
#9044 = PLANE ( 'NONE',  #622 ) ;
#9045 = VECTOR ( 'NONE', #6118, 1000.000000000000000 ) ;
#9046 = PLANE ( 'NONE',  #6159 ) ;
#9047 = DIRECTION ( 'NONE',  ( 0.0000000000000000000, 0.0000000000000000000, 1.000000000000000000 ) ) ;
#9048 = DIRECTION ( 'NONE',  ( 0.0000000000000000000, 0.0000000000000000000, -1.000000000000000000 ) ) ;
#9049 = EDGE_CURVE ( 'NONE', #2205, #5235, #9199, .T. ) ;
#9050 = ORIENTED_EDGE ( 'NONE', *, *, #10528, .T. ) ;
#9051 = DIRECTION ( 'NONE',  ( 0.0000000000000000000, 0.0000000000000000000, 1.000000000000000000 ) ) ;
#9052 = EDGE_CURVE ( 'NONE', #5384, #546, #4866, .T. ) ;
#9053 = LINE ( 'NONE', #7457, #9395 ) ;
#9054 = ORIENTED_EDGE ( 'NONE', *, *, #2968, .F. ) ;
#9055 = CARTESIAN_POINT ( 'NONE',  ( 2.801667971656824907, 2.000000000000000000, 0.0000000000000000000 ) ) ;
#9056 = ORIENTED_EDGE ( 'NONE', *, *, #6234, .F. ) ;
#9057 = CARTESIAN_POINT ( 'NONE',  ( -6.938893903907229955E-15, 80.00000000000000000, 0.8000000000000000444 ) ) ;
#9058 = CIRCLE ( 'NONE', #5137, 0.5999999999999998668 ) ;
#9059 = VECTOR ( 'NONE', #8454, 1000.000000000000000 ) ;
#9060 = DIRECTION ( 'NONE',  ( 0.0000000000000000000, -1.000000000000000000, 0.0000000000000000000 ) ) ;
#9061 = CARTESIAN_POINT ( 'NONE',  ( 13.90166797165682055, 2.000000000000000000, 0.8180000000000000604 ) ) ;
#9062 = CARTESIAN_POINT ( 'NONE',  ( 14.65166797165682055, 0.5500000000000000444, -0.01800000000000000211 ) ) ;
#9063 = VECTOR ( 'NONE', #5043, 1000.000000000000000 ) ;
#9064 = ORIENTED_EDGE ( 'NONE', *, *, #6913, .F. ) ;
#9065 = CARTESIAN_POINT ( 'NONE',  ( 16.00166797165680066, 0.2999999999999784506, 0.8000000000000000444 ) ) ;
#9066 = ORIENTED_EDGE ( 'NONE', *, *, #2616, .F. ) ;
#9067 = LINE ( 'NONE', #1016, #2513 ) ;
#9068 = PRESENTATION_LAYER_ASSIGNMENT (  '', '', ( #6685 ) ) ;
#9069 = VECTOR ( 'NONE', #4780, 1000.000000000000000 ) ;
#9070 = CARTESIAN_POINT ( 'NONE',  ( 10.05166797165682091, 0.5500000000000000444, 0.8000000000000000444 ) ) ;
#9071 = ORIENTED_EDGE ( 'NONE', *, *, #3633, .T. ) ;
#9072 = CARTESIAN_POINT ( 'NONE',  ( 0.0000000000000000000, 0.0000000000000000000, -0.01800000000000000211 ) ) ;
#9073 = CARTESIAN_POINT ( 'NONE',  ( 18.55166797165685111, 2.000000000000000000, 0.8180000000000000604 ) ) ;
#9074 = DIRECTION ( 'NONE',  ( -1.000000000000000000, 1.239088197126289880E-15, 0.0000000000000000000 ) ) ;
#9075 = CARTESIAN_POINT ( 'NONE',  ( 6.151667971656830325, 2.000000000000000000, -0.01800000000000000211 ) ) ;
#9076 = AXIS2_PLACEMENT_3D ( 'NONE', #2757, #6892, #8652 ) ;
#9077 = EDGE_CURVE ( 'NONE', #7651, #6710, #5777, .T. ) ;
#9078 = FACE_OUTER_BOUND ( 'NONE', #7536, .T. ) ;
#9079 = DIRECTION ( 'NONE',  ( 0.0000000000000000000, -1.000000000000000000, 0.0000000000000000000 ) ) ;
#9080 = AXIS2_PLACEMENT_3D ( 'NONE', #3856, #7135, #5787 ) ;
#9081 = CARTESIAN_POINT ( 'NONE',  ( 6.551667971656830680, 2.000000000000000000, 0.8180000000000000604 ) ) ;
#9082 = ORIENTED_EDGE ( 'NONE', *, *, #9598, .F. ) ;
#9083 = ORIENTED_EDGE ( 'NONE', *, *, #9427, .T. ) ;
#9084 = VECTOR ( 'NONE', #1516, 1000.000000000000000 ) ;
#9085 = EDGE_LOOP ( 'NONE', ( #7473, #5449, #3302, #3557 ) ) ;
#9086 = FACE_BOUND ( 'NONE', #8283, .T. ) ;
#9087 = EDGE_LOOP ( 'NONE', ( #6359, #5783, #8351, #6286 ) ) ;
#9088 = VECTOR ( 'NONE', #10040, 1000.000000000000000 ) ;
#9089 = LINE ( 'NONE', #5026, #9941 ) ;
#9090 = DIRECTION ( 'NONE',  ( 1.224511328481548031E-16, 1.000000000000000000, 0.0000000000000000000 ) ) ;
#9091 = EDGE_LOOP ( 'NONE', ( #9767, #10152, #2600, #8238 ) ) ;
#9092 = AXIS2_PLACEMENT_3D ( 'NONE', #9881, #3203, #1683 ) ;
#9093 = DIRECTION ( 'NONE',  ( 1.000000000000000000, 0.0000000000000000000, 0.0000000000000000000 ) ) ;
#9094 = VECTOR ( 'NONE', #8875, 1000.000000000000000 ) ;
#9095 = CARTESIAN_POINT ( 'NONE',  ( 3.301667971656824907, 0.5500000000000000444, -0.01800000000000000211 ) ) ;
#9096 = LINE ( 'NONE', #721, #6310 ) ;
#9097 = ORIENTED_EDGE ( 'NONE', *, *, #3412, .F. ) ;
#9098 = EDGE_LOOP ( 'NONE', ( #3182, #10575, #9170, #10103 ) ) ;
#9099 = DIRECTION ( 'NONE',  ( 0.0000000000000000000, 0.0000000000000000000, -1.000000000000000000 ) ) ;
#9100 = AXIS2_PLACEMENT_3D ( 'NONE', #9346, #8340, #3668 ) ;
#9101 = LINE ( 'NONE', #4221, #1131 ) ;
#9102 = DIRECTION ( 'NONE',  ( 0.0000000000000000000, -1.000000000000000000, 0.0000000000000000000 ) ) ;
#9103 = ADVANCED_FACE ( 'NONE', ( #765 ), #2453, .T. ) ;
#9104 = DIRECTION ( 'NONE',  ( 0.0000000000000000000, 0.0000000000000000000, -1.000000000000000000 ) ) ;
#9105 = LINE ( 'NONE', #5038, #2502 ) ;
#9106 = ORIENTED_EDGE ( 'NONE', *, *, #5348, .T. ) ;
#9107 = DIRECTION ( 'NONE',  ( 0.0000000000000000000, 0.0000000000000000000, -1.000000000000000000 ) ) ;
#9108 = STYLED_ITEM ( 'NONE', ( #9797 ), #8658 ) ;
#9109 = LINE ( 'NONE', #8150, #1685 ) ;
#9110 = ORIENTED_EDGE ( 'NONE', *, *, #5710, .F. ) ;
#9111 = CARTESIAN_POINT ( 'NONE',  ( 8.051667971656829792, 0.5500000000000000444, 0.8180000000000000604 ) ) ;
#9112 = ORIENTED_EDGE ( 'NONE', *, *, #8014, .F. ) ;
#9113 = LINE ( 'NONE', #1771, #8826 ) ;
#9114 = ADVANCED_FACE ( 'NONE', ( #880 ), #69, .F. ) ;
#9115 = ADVANCED_FACE ( 'NONE', ( #4487 ), #10150, .F. ) ;
#9116 = LINE ( 'NONE', #8209, #5146 ) ;
#9117 = EDGE_CURVE ( 'NONE', #4472, #8956, #448, .T. ) ;
#9118 = CARTESIAN_POINT ( 'NONE',  ( 17.90166797165684898, 2.000000000000000000, 0.8000000000000000444 ) ) ;
#9119 = DIRECTION ( 'NONE',  ( 1.000000000000000000, 0.0000000000000000000, 0.0000000000000000000 ) ) ;
#9120 = ORIENTED_EDGE ( 'NONE', *, *, #7436, .T. ) ;
#9121 = LINE ( 'NONE', #5005, #10300 ) ;
#9122 = ORIENTED_EDGE ( 'NONE', *, *, #9187, .F. ) ;
#9123 = LINE ( 'NONE', #9863, #4914 ) ;
#9124 = ORIENTED_EDGE ( 'NONE', *, *, #3292, .F. ) ;
#9125 = ORIENTED_EDGE ( 'NONE', *, *, #6174, .F. ) ;
#9126 = CARTESIAN_POINT ( 'NONE',  ( -6.938893903907229955E-15, 80.00000000000000000, 0.8000000000000000444 ) ) ;
#9127 = CARTESIAN_POINT ( 'NONE',  ( 13.65166797165682055, 2.000000000000000000, -0.01800000000000000211 ) ) ;
#9128 = EDGE_CURVE ( 'NONE', #5712, #3184, #2022, .T. ) ;
#9129 = EDGE_CURVE ( 'NONE', #3017, #1929, #7706, .T. ) ;
#9130 = CARTESIAN_POINT ( 'NONE',  ( 19.55166797165679782, 0.5500000000000000444, 0.8000000000000000444 ) ) ;
#9131 = DIRECTION ( 'NONE',  ( 1.000000000000000000, 0.0000000000000000000, 0.0000000000000000000 ) ) ;
#9132 = LINE ( 'NONE', #1898, #10585 ) ;
#9133 = LINE ( 'NONE', #10030, #10117 ) ;
#9134 = VERTEX_POINT ( 'NONE', #6955 ) ;
#9135 = EDGE_CURVE ( 'NONE', #1710, #3314, #7765, .T. ) ;
#9136 = ORIENTED_EDGE ( 'NONE', *, *, #10541, .F. ) ;
#9137 = VERTEX_POINT ( 'NONE', #8398 ) ;
#9138 = FACE_OUTER_BOUND ( 'NONE', #10328, .T. ) ;
#9139 = VERTEX_POINT ( 'NONE', #2081 ) ;
#9140 = DIRECTION ( 'NONE',  ( 0.0000000000000000000, -1.000000000000000000, 0.0000000000000000000 ) ) ;
#9141 = PLANE ( 'NONE',  #2651 ) ;
#9142 = EDGE_LOOP ( 'NONE', ( #7689, #1078, #8499, #6275 ) ) ;
#9143 = DIRECTION ( 'NONE',  ( 1.000000000000000000, 0.0000000000000000000, 0.0000000000000000000 ) ) ;
#9144 = DIRECTION ( 'NONE',  ( 0.0000000000000000000, 0.0000000000000000000, -1.000000000000000000 ) ) ;
#9145 = LINE ( 'NONE', #5031, #1672 ) ;
#9146 = ORIENTED_EDGE ( 'NONE', *, *, #1097, .T. ) ;
#9147 = ORIENTED_EDGE ( 'NONE', *, *, #9887, .T. ) ;
#9148 = DIRECTION ( 'NONE',  ( 0.0000000000000000000, -1.000000000000000000, 0.0000000000000000000 ) ) ;
#9149 = VECTOR ( 'NONE', #4654, 1000.000000000000000 ) ;
#9150 = DIRECTION ( 'NONE',  ( 0.0000000000000000000, 0.0000000000000000000, -1.000000000000000000 ) ) ;
#9151 = AXIS2_PLACEMENT_3D ( 'NONE', #2034, #1372, #5301 ) ;
#9152 = CARTESIAN_POINT ( 'NONE',  ( 17.80166797165684756, 2.000000000000000000, -0.01800000000000000211 ) ) ;
#9153 = CARTESIAN_POINT ( 'NONE',  ( 8.051667971656829792, 0.5500000000000000444, 0.8180000000000000604 ) ) ;
#9154 = LINE ( 'NONE', #7406, #3456 ) ;
#9155 = ORIENTED_EDGE ( 'NONE', *, *, #9452, .T. ) ;
#9156 = CARTESIAN_POINT ( 'NONE',  ( 3.901667971656824996, 0.5500000000000000444, 0.8000000000000000444 ) ) ;
#9157 = AXIS2_PLACEMENT_3D ( 'NONE', #3840, #558, #8977 ) ;
#9158 = DIRECTION ( 'NONE',  ( 1.000000000000000000, 0.0000000000000000000, 0.0000000000000000000 ) ) ;
#9159 = ORIENTED_EDGE ( 'NONE', *, *, #9776, .T. ) ;
#9160 = FACE_OUTER_BOUND ( 'NONE', #2548, .T. ) ;
#9161 = ORIENTED_EDGE ( 'NONE', *, *, #8191, .F. ) ;
#9162 = PLANE ( 'NONE',  #4015 ) ;
#9163 = VECTOR ( 'NONE', #8711, 1000.000000000000000 ) ;
#9164 = DIRECTION ( 'NONE',  ( 0.0000000000000000000, -1.000000000000000000, 0.0000000000000000000 ) ) ;
#9166 = DIRECTION ( 'NONE',  ( 0.0000000000000000000, 0.0000000000000000000, 1.000000000000000000 ) ) ;
#9165 = VECTOR ( 'NONE', #3478, 1000.000000000000000 ) ;
#9167 = DIRECTION ( 'NONE',  ( 0.0000000000000000000, 0.0000000000000000000, -1.000000000000000000 ) ) ;
#9168 = ORIENTED_EDGE ( 'NONE', *, *, #5403, .T. ) ;
#9169 = CARTESIAN_POINT ( 'NONE',  ( 12.55166797165681913, 0.5500000000000000444, 0.8180000000000000604 ) ) ;
#9170 = ORIENTED_EDGE ( 'NONE', *, *, #6635, .F. ) ;
#9171 = DIRECTION ( 'NONE',  ( 0.0000000000000000000, 0.0000000000000000000, -1.000000000000000000 ) ) ;
#9172 = EDGE_CURVE ( 'NONE', #5339, #567, #1861, .T. ) ;
#9173 = ADVANCED_FACE ( 'NONE', ( #5290 ), #7598, .F. ) ;
#9174 = AXIS2_PLACEMENT_3D ( 'NONE', #540, #3977, #2369 ) ;
#9175 = ADVANCED_FACE ( 'NONE', ( #3516 ), #5992, .F. ) ;
#9176 = VERTEX_POINT ( 'NONE', #10259 ) ;
#9177 = DIRECTION ( 'NONE',  ( 1.000000000000000000, 0.0000000000000000000, 0.0000000000000000000 ) ) ;
#9178 = VECTOR ( 'NONE', #5511, 1000.000000000000000 ) ;
#9179 = DIRECTION ( 'NONE',  ( 0.0000000000000000000, 1.000000000000000000, 0.0000000000000000000 ) ) ;
#9180 = DIRECTION ( 'NONE',  ( -1.000000000000000000, 0.0000000000000000000, 0.0000000000000000000 ) ) ;
#9181 = DIRECTION ( 'NONE',  ( 0.0000000000000000000, 1.000000000000000000, 0.0000000000000000000 ) ) ;
#9182 = DIRECTION ( 'NONE',  ( 0.0000000000000000000, 1.000000000000000000, 0.0000000000000000000 ) ) ;
#9183 = PLANE ( 'NONE',  #822 ) ;
#9184 = DIRECTION ( 'NONE',  ( 1.000000000000000000, 0.0000000000000000000, 0.0000000000000000000 ) ) ;
#9185 = ORIENTED_EDGE ( 'NONE', *, *, #9497, .T. ) ;
#9186 = AXIS2_PLACEMENT_3D ( 'NONE', #4951, #9715, #7865 ) ;
#9187 = EDGE_CURVE ( 'NONE', #5797, #5140, #8559, .T. ) ;
#9188 = EDGE_CURVE ( 'NONE', #3660, #7183, #1257, .T. ) ;
#9189 = EDGE_CURVE ( 'NONE', #10087, #5664, #10042, .T. ) ;
#9190 = ORIENTED_EDGE ( 'NONE', *, *, #4077, .F. ) ;
#9191 = ORIENTED_EDGE ( 'NONE', *, *, #5574, .F. ) ;
#9192 = PLANE ( 'NONE',  #6943 ) ;
#9193 = ORIENTED_EDGE ( 'NONE', *, *, #9974, .F. ) ;
#9194 = SURFACE_STYLE_USAGE ( .BOTH. , #2763 ) ;
#9195 = VECTOR ( 'NONE', #3063, 1000.000000000000000 ) ;
#9196 = CARTESIAN_POINT ( 'NONE',  ( 6.651667971656819667, 0.5500000000000000444, -0.01800000000000000211 ) ) ;
#9197 = ADVANCED_FACE ( 'NONE', ( #336 ), #10312, .F. ) ;
#9198 = ORIENTED_EDGE ( 'NONE', *, *, #7938, .F. ) ;
#9199 = LINE ( 'NONE', #819, #4743 ) ;
#9200 = CARTESIAN_POINT ( 'NONE',  ( 15.30166797165684933, 2.000000000000000000, -0.01800000000000000211 ) ) ;
#9201 = ORIENTED_EDGE ( 'NONE', *, *, #6307, .F. ) ;
#9202 = ORIENTED_EDGE ( 'NONE', *, *, #8739, .T. ) ;
#9203 = DIRECTION ( 'NONE',  ( 1.000000000000000000, 0.0000000000000000000, 0.0000000000000000000 ) ) ;
#9204 = DIRECTION ( 'NONE',  ( -1.826024711554534899E-16, 1.000000000000000000, 0.0000000000000000000 ) ) ;
#9205 = VECTOR ( 'NONE', #339, 1000.000000000000000 ) ;
#9206 = CARTESIAN_POINT ( 'NONE',  ( 17.20166797165684969, 1.469576158976835879E-16, 0.8000000000000000444 ) ) ;
#9207 = DIRECTION ( 'NONE',  ( 0.0000000000000000000, 1.000000000000000000, 0.0000000000000000000 ) ) ;
#9208 = LINE ( 'NONE', #2566, #3528 ) ;
#9209 = MECHANICAL_DESIGN_GEOMETRIC_PRESENTATION_REPRESENTATION (  '', ( #6315 ), #3227 ) ;
#9210 = VERTEX_POINT ( 'NONE', #44 ) ;
#9211 = VECTOR ( 'NONE', #8545, 1000.000000000000000 ) ;
#9212 = LINE ( 'NONE', #82, #6091 ) ;
#9213 = DIRECTION ( 'NONE',  ( 0.0000000000000000000, 0.0000000000000000000, -1.000000000000000000 ) ) ;
#9214 = ORIENTED_EDGE ( 'NONE', *, *, #8093, .F. ) ;
#9215 = DIRECTION ( 'NONE',  ( 1.000000000000000000, 0.0000000000000000000, 0.0000000000000000000 ) ) ;
#9216 = VECTOR ( 'NONE', #296, 1000.000000000000000 ) ;
#9217 = VERTEX_POINT ( 'NONE', #5648 ) ;
#9218 = DIRECTION ( 'NONE',  ( 0.0000000000000000000, 0.0000000000000000000, 1.000000000000000000 ) ) ;
#9219 = SURFACE_SIDE_STYLE ('',( #5956 ) ) ;
#9220 = ORIENTED_EDGE ( 'NONE', *, *, #1115, .F. ) ;
#9221 = LINE ( 'NONE', #4948, #184 ) ;
#9222 = ORIENTED_EDGE ( 'NONE', *, *, #9451, .T. ) ;
#9223 = VECTOR ( 'NONE', #4007, 1000.000000000000000 ) ;
#9224 = CARTESIAN_POINT ( 'NONE',  ( 3.901667971656824996, 2.000000000000000000, 0.8180000000000000604 ) ) ;
#9225 = DIRECTION ( 'NONE',  ( 0.0000000000000000000, -1.000000000000000000, 0.0000000000000000000 ) ) ;
#9226 = ORIENTED_EDGE ( 'NONE', *, *, #7230, .F. ) ;
#9227 = AXIS2_PLACEMENT_3D ( 'NONE', #6938, #6826, #375 ) ;
#9228 = LINE ( 'NONE', #8430, #3234 ) ;
#9229 = VECTOR ( 'NONE', #9361, 1000.000000000000000 ) ;
#9230 = CARTESIAN_POINT ( 'NONE',  ( 3.151667971656824996, 2.000000000000000000, -0.01800000000000000211 ) ) ;
#9231 = DIRECTION ( 'NONE',  ( 1.000000000000000000, 0.0000000000000000000, 0.0000000000000000000 ) ) ;
#9232 = VECTOR ( 'NONE', #7051, 1000.000000000000000 ) ;
#9233 = PLANE ( 'NONE',  #4436 ) ;
#9234 = CARTESIAN_POINT ( 'NONE',  ( 11.00000000000000000, 80.00000000000000000, 2.149999999999999911 ) ) ;
#9235 = PLANE ( 'NONE',  #6499 ) ;
#9236 = ADVANCED_FACE ( 'NONE', ( #2475 ), #6506, .F. ) ;
#9237 = ADVANCED_FACE ( 'NONE', ( #2131 ), #503, .T. ) ;
#9238 = DIRECTION ( 'NONE',  ( 1.000000000000000000, 0.0000000000000000000, 0.0000000000000000000 ) ) ;
#9239 = VECTOR ( 'NONE', #7162, 1000.000000000000000 ) ;
#9240 = ORIENTED_EDGE ( 'NONE', *, *, #10068, .T. ) ;
#9241 = VECTOR ( 'NONE', #7955, 1000.000000000000000 ) ;
#9242 = ORIENTED_EDGE ( 'NONE', *, *, #190, .F. ) ;
#9243 = EDGE_LOOP ( 'NONE', ( #7058, #8549, #1255, #3695 ) ) ;
#9244 = DIRECTION ( 'NONE',  ( 0.0000000000000000000, 0.0000000000000000000, 1.000000000000000000 ) ) ;
#9245 = EDGE_LOOP ( 'NONE', ( #1336, #9636, #7842, #6092 ) ) ;
#9246 = FACE_OUTER_BOUND ( 'NONE', #1936, .T. ) ;
#9247 = AXIS2_PLACEMENT_3D ( 'NONE', #1503, #10395, #9544 ) ;
#9248 = CARTESIAN_POINT ( 'NONE',  ( 2.551667971656824907, 0.5499999999999929390, 0.8000000000000000444 ) ) ;
#9249 = COLOUR_RGB ( '',0.6431372549019607199, 0.6156862745098039547, 0.5999999999999999778 ) ;
#9250 = EDGE_CURVE ( 'NONE', #6273, #3893, #9762, .T. ) ;
#9251 = ADVANCED_FACE ( 'NONE', ( #8918 ), #4030, .F. ) ;
#9252 = EDGE_CURVE ( 'NONE', #4647, #2264, #6256, .T. ) ;
#9253 =( LENGTH_UNIT ( ) NAMED_UNIT ( * ) SI_UNIT ( .MILLI., .METRE. ) );
#9254 = ORIENTED_EDGE ( 'NONE', *, *, #10201, .T. ) ;
#9255 = AXIS2_PLACEMENT_3D ( 'NONE', #4634, #2918, #9390 ) ;
#9256 = LINE ( 'NONE', #9990, #979 ) ;
#9257 = ORIENTED_EDGE ( 'NONE', *, *, #7764, .T. ) ;
#9258 = EDGE_LOOP ( 'NONE', ( #1649, #9551, #4181, #7328 ) ) ;
#9259 = CARTESIAN_POINT ( 'NONE',  ( 20.40166797165684542, 2.000000000000000000, 0.8180000000000000604 ) ) ;
#9260 = EDGE_CURVE ( 'NONE', #1744, #7208, #796, .T. ) ;
#9261 = CARTESIAN_POINT ( 'NONE',  ( 12.40166797165682055, 2.000000000000000000, 0.8000000000000000444 ) ) ;
#9262 = LINE ( 'NONE', #2090, #9404 ) ;
#9263 = PLANE ( 'NONE',  #6765 ) ;
#9264 = CARTESIAN_POINT ( 'NONE',  ( 8.051667971656829792, 0.5500000000000000444, 0.8000000000000000444 ) ) ;
#9265 = VERTEX_POINT ( 'NONE', #4845 ) ;
#9266 = CARTESIAN_POINT ( 'NONE',  ( 3.551667971656824907, 0.5500000000000000444, 0.8000000000000000444 ) ) ;
#9267 = VECTOR ( 'NONE', #3947, 1000.000000000000000 ) ;
#9268 = CARTESIAN_POINT ( 'NONE',  ( 5.451667971656830147, 2.899999999999999911, 0.8000000000000000444 ) ) ;
#9269 = ADVANCED_FACE ( 'NONE', ( #9513 ), #4896, .F. ) ;
#9270 = VERTEX_POINT ( 'NONE', #7370 ) ;
#9271 = AXIS2_PLACEMENT_3D ( 'NONE', #7368, #10505, #6555 ) ;
#9272 = CARTESIAN_POINT ( 'NONE',  ( 9.151667971656820555, 2.000000000000000000, 0.0000000000000000000 ) ) ;
#9273 = EDGE_LOOP ( 'NONE', ( #5910, #9705, #4320, #4373 ) ) ;
#9274 = CARTESIAN_POINT ( 'NONE',  ( 1.074999999999999956, 3.500000000000000000, 0.8000000000000000444 ) ) ;
#9275 = DIRECTION ( 'NONE',  ( -1.000000000000000000, 0.0000000000000000000, 0.0000000000000000000 ) ) ;
#9276 = DIRECTION ( 'NONE',  ( -1.752245935330099997E-15, 1.000000000000000000, 0.0000000000000000000 ) ) ;
#9277 = EDGE_LOOP ( 'NONE', ( #8196, #5020, #9825, #8520 ) ) ;
#9278 = LINE ( 'NONE', #1116, #542 ) ;
#9279 = VECTOR ( 'NONE', #149, 1000.000000000000000 ) ;
#9280 = ORIENTED_EDGE ( 'NONE', *, *, #3824, .F. ) ;
#9281 = DIRECTION ( 'NONE',  ( 0.0000000000000000000, 0.0000000000000000000, 1.000000000000000000 ) ) ;
#9282 = CARTESIAN_POINT ( 'NONE',  ( 14.80166797165682091, 2.000000000000000000, -0.01800000000000000211 ) ) ;
#9283 = VERTEX_POINT ( 'NONE', #1359 ) ;
#9284 = DIRECTION ( 'NONE',  ( -1.000000000000000000, 3.946938247220394728E-17, 0.0000000000000000000 ) ) ;
#9285 = DIRECTION ( 'NONE',  ( 0.0000000000000000000, 0.0000000000000000000, -1.000000000000000000 ) ) ;
#9286 = VECTOR ( 'NONE', #9225, 1000.000000000000000 ) ;
#9287 = CARTESIAN_POINT ( 'NONE',  ( 5.801667971656820022, 2.000000000000000000, -0.01800000000000000211 ) ) ;
#9288 = DIRECTION ( 'NONE',  ( 0.0000000000000000000, 0.0000000000000000000, 1.000000000000000000 ) ) ;
#9289 = FACE_OUTER_BOUND ( 'NONE', #2790, .T. ) ;
#9290 = ORIENTED_EDGE ( 'NONE', *, *, #3748, .F. ) ;
#9291 = DIRECTION ( 'NONE',  ( -1.000000000000000000, 0.0000000000000000000, 0.0000000000000000000 ) ) ;
#9292 = ORIENTED_EDGE ( 'NONE', *, *, #8138, .T. ) ;
#9293 = ADVANCED_FACE ( 'NONE', ( #5443 ), #8717, .F. ) ;
#9294 = VERTEX_POINT ( 'NONE', #9461 ) ;
#9295 = ORIENTED_EDGE ( 'NONE', *, *, #4592, .F. ) ;
#9296 = DIRECTION ( 'NONE',  ( 1.239088197126291803E-16, -1.000000000000000000, 0.0000000000000000000 ) ) ;
#9297 = DIRECTION ( 'NONE',  ( 0.0000000000000000000, 0.0000000000000000000, 1.000000000000000000 ) ) ;
#9298 = ORIENTED_EDGE ( 'NONE', *, *, #2554, .T. ) ;
#9299 = PRESENTATION_STYLE_ASSIGNMENT (( #1142 ) ) ;
#9300 = ADVANCED_FACE ( 'NONE', ( #1308 ), #3185, .F. ) ;
#9301 = EDGE_CURVE ( 'NONE', #8172, #7556, #1118, .T. ) ;
#9302 = LINE ( 'NONE', #10151, #3054 ) ;
#9303 = EDGE_CURVE ( 'NONE', #9931, #3630, #9123, .T. ) ;
#9304 = EDGE_LOOP ( 'NONE', ( #903, #8350, #6733, #8687 ) ) ;
#9305 = DIRECTION ( 'NONE',  ( 0.0000000000000000000, 0.0000000000000000000, 1.000000000000000000 ) ) ;
#9306 = VERTEX_POINT ( 'NONE', #8426 ) ;
#9307 = LINE ( 'NONE', #7825, #4432 ) ;
#9308 = LINE ( 'NONE', #10210, #401 ) ;
#9309 = CARTESIAN_POINT ( 'NONE',  ( 3.551667971656824907, 2.000000000000000000, 0.8180000000000000604 ) ) ;
#9310 = CARTESIAN_POINT ( 'NONE',  ( 9.301667971656820910, 0.5500000000000000444, -0.01800000000000000211 ) ) ;
#9311 = LINE ( 'NONE', #2725, #9856 ) ;
#9312 = ORIENTED_EDGE ( 'NONE', *, *, #10094, .F. ) ;
#9313 = FACE_OUTER_BOUND ( 'NONE', #2929, .T. ) ;
#9314 = EDGE_CURVE ( 'NONE', #3145, #5088, #7627, .T. ) ;
#9315 = EDGE_CURVE ( 'NONE', #9652, #371, #6610, .T. ) ;
#9316 = ADVANCED_FACE ( 'NONE', ( #7524 ), #3388, .F. ) ;
#9317 = VERTEX_POINT ( 'NONE', #5214 ) ;
#9318 = ORIENTED_EDGE ( 'NONE', *, *, #6135, .T. ) ;
#9319 = CARTESIAN_POINT ( 'NONE',  ( 21.99500000000000099, 79.99000000000000909, -1.350000000000000089 ) ) ;
#9320 = ORIENTED_EDGE ( 'NONE', *, *, #2978, .T. ) ;
#9321 = DIRECTION ( 'NONE',  ( 0.0000000000000000000, 0.0000000000000000000, 1.000000000000000000 ) ) ;
#9322 = DIRECTION ( 'NONE',  ( -1.000000000000000000, 0.0000000000000000000, 0.0000000000000000000 ) ) ;
#9323 = CARTESIAN_POINT ( 'NONE',  ( 10.05166797165682091, 2.000000000000000000, 0.8180000000000000604 ) ) ;
#9324 = ORIENTED_EDGE ( 'NONE', *, *, #6590, .T. ) ;
#9325 = DIRECTION ( 'NONE',  ( 0.0000000000000000000, 0.0000000000000000000, -1.000000000000000000 ) ) ;
#9326 = EDGE_CURVE ( 'NONE', #3278, #5342, #202, .T. ) ;
#9327 = VERTEX_POINT ( 'NONE', #6719 ) ;
#9328 = CARTESIAN_POINT ( 'NONE',  ( 7.051667971656829792, 2.000000000000000000, 0.8180000000000000604 ) ) ;
#9329 = CARTESIAN_POINT ( 'NONE',  ( 6.651667971656819667, 2.000000000000000000, -0.01800000000000000211 ) ) ;
#9330 = ORIENTED_EDGE ( 'NONE', *, *, #2308, .T. ) ;
#9331 = CARTESIAN_POINT ( 'NONE',  ( 2.051667971656824907, 2.000000000000000000, 0.8180000000000000604 ) ) ;
#9332 = VECTOR ( 'NONE', #10493, 1000.000000000000000 ) ;
#9333 = PLANE ( 'NONE',  #1109 ) ;
#9334 = CARTESIAN_POINT ( 'NONE',  ( 19.30166797165679782, 2.000000000000000000, 0.0000000000000000000 ) ) ;
#9335 = DIRECTION ( 'NONE',  ( 0.0000000000000000000, 0.0000000000000000000, -1.000000000000000000 ) ) ;
#9336 = FACE_OUTER_BOUND ( 'NONE', #8139, .T. ) ;
#9337 = CARTESIAN_POINT ( 'NONE',  ( 3.401667971656824996, 2.000000000000000000, 0.8180000000000000604 ) ) ;
#9338 = ORIENTED_EDGE ( 'NONE', *, *, #2308, .F. ) ;
#9339 = VECTOR ( 'NONE', #4955, 1000.000000000000000 ) ;
#9340 = VECTOR ( 'NONE', #4977, 1000.000000000000000 ) ;
#9341 = CARTESIAN_POINT ( 'NONE',  ( 21.99500000000000099, 5.200000000000000178, -1.350000000000000089 ) ) ;
#9342 = ORIENTED_EDGE ( 'NONE', *, *, #10398, .F. ) ;
#9343 = VERTEX_POINT ( 'NONE', #5961 ) ;
#9344 = CARTESIAN_POINT ( 'NONE',  ( 17.20166797165684969, 2.899999999999999911, 0.8000000000000000444 ) ) ;
#9345 = EDGE_LOOP ( 'NONE', ( #6333, #6780, #1679, #8315 ) ) ;
#9346 = CARTESIAN_POINT ( 'NONE',  ( 17.20166797165684969, 1.469576158976835879E-16, 0.1091910702798599975 ) ) ;
#9347 = CARTESIAN_POINT ( 'NONE',  ( 6.151667971656830325, 2.000000000000000000, 0.0000000000000000000 ) ) ;
#9348 = AXIS2_PLACEMENT_3D ( 'NONE', #1153, #6861, #1320 ) ;
#9349 = LINE ( 'NONE', #9405, #4648 ) ;
#9350 = ORIENTED_EDGE ( 'NONE', *, *, #6772, .F. ) ;
#9351 = VECTOR ( 'NONE', #5866, 1000.000000000000000 ) ;
#9352 = VECTOR ( 'NONE', #4399, 1000.000000000000000 ) ;
#9353 = DIRECTION ( 'NONE',  ( -1.000000000000000000, 0.0000000000000000000, 0.0000000000000000000 ) ) ;
#9354 = ORIENTED_EDGE ( 'NONE', *, *, #3762, .F. ) ;
#9355 = PLANE ( 'NONE',  #2487 ) ;
#9356 = ORIENTED_EDGE ( 'NONE', *, *, #2380, .T. ) ;
#9357 = DIRECTION ( 'NONE',  ( 0.0000000000000000000, -1.000000000000000000, 0.0000000000000000000 ) ) ;
#9358 = DIRECTION ( 'NONE',  ( -2.990902544787600071E-16, 1.000000000000000000, 0.0000000000000000000 ) ) ;
#9359 = VECTOR ( 'NONE', #6161, 1000.000000000000000 ) ;
#9360 = DIRECTION ( 'NONE',  ( 0.0000000000000000000, -1.000000000000000000, 0.0000000000000000000 ) ) ;
#9361 = DIRECTION ( 'NONE',  ( 0.0000000000000000000, -1.000000000000000000, 0.0000000000000000000 ) ) ;
#9362 = EDGE_CURVE ( 'NONE', #9760, #2759, #5110, .T. ) ;
#9363 = EDGE_CURVE ( 'NONE', #2200, #2747, #5054, .T. ) ;
#9364 = EDGE_CURVE ( 'NONE', #240, #7582, #8371, .T. ) ;
#9365 = DIRECTION ( 'NONE',  ( 0.0000000000000000000, 0.0000000000000000000, -1.000000000000000000 ) ) ;
#9366 = LINE ( 'NONE', #1978, #5252 ) ;
#9367 = ORIENTED_EDGE ( 'NONE', *, *, #6831, .T. ) ;
#9368 = UNCERTAINTY_MEASURE_WITH_UNIT (LENGTH_MEASURE( 1.000000000000000082E-05 ), #10428, 'distance_accuracy_value', 'NONE');
#9369 = CARTESIAN_POINT ( 'NONE',  ( 9.901667971656820555, 0.5500000000000000444, 0.8180000000000000604 ) ) ;
#9370 = CARTESIAN_POINT ( 'NONE',  ( 9.901667971656820555, 2.000000000000000000, 0.8180000000000000604 ) ) ;
#9371 = ORIENTED_EDGE ( 'NONE', *, *, #4718, .T. ) ;
#9372 = VERTEX_POINT ( 'NONE', #8317 ) ;
#9373 = LINE ( 'NONE', #1159, #9407 ) ;
#9374 = ORIENTED_EDGE ( 'NONE', *, *, #1241, .F. ) ;
#9375 = CARTESIAN_POINT ( 'NONE',  ( 13.90166797165682055, 2.000000000000000000, 0.8180000000000000604 ) ) ;
#9376 = EDGE_CURVE ( 'NONE', #811, #6011, #6665, .T. ) ;
#9377 = VECTOR ( 'NONE', #7188, 1000.000000000000000 ) ;
#9378 = CARTESIAN_POINT ( 'NONE',  ( 9.301667971656820910, 2.000000000000000000, 0.0000000000000000000 ) ) ;
#9379 = ORIENTED_EDGE ( 'NONE', *, *, #8979, .T. ) ;
#9380 = EDGE_CURVE ( 'NONE', #1514, #9283, #7676, .T. ) ;
#9381 = CARTESIAN_POINT ( 'NONE',  ( 11.05166797165682091, 2.000000000000000000, 0.8180000000000000604 ) ) ;
#9382 = VERTEX_POINT ( 'NONE', #306 ) ;
#9383 = CARTESIAN_POINT ( 'NONE',  ( 22.00000000000000000, 4.000000000000000000, 0.8000000000000000444 ) ) ;
#9384 = AXIS2_PLACEMENT_3D ( 'NONE', #569, #5626, #9637 ) ;
#9385 = LINE ( 'NONE', #2055, #6042 ) ;
#9386 = ORIENTED_EDGE ( 'NONE', *, *, #8720, .T. ) ;
#9387 = CARTESIAN_POINT ( 'NONE',  ( 8.401667971656829437, 2.000000000000000000, 0.8180000000000000604 ) ) ;
#9388 = CARTESIAN_POINT ( 'NONE',  ( 14.55166797165681913, 2.000000000000000000, 0.8180000000000000604 ) ) ;
#9389 = CARTESIAN_POINT ( 'NONE',  ( 15.15166797165684898, 2.000000000000000000, 0.0000000000000000000 ) ) ;
#9390 = DIRECTION ( 'NONE',  ( 0.0000000000000000000, 0.0000000000000000000, -1.000000000000000000 ) ) ;
#9391 = DIRECTION ( 'NONE',  ( 0.0000000000000000000, 1.000000000000000000, 0.0000000000000000000 ) ) ;
#9392 = AXIS2_PLACEMENT_3D ( 'NONE', #1757, #5683, #4164 ) ;
#9393 = CARTESIAN_POINT ( 'NONE',  ( 0.5749999999999999556, 3.500000000000000000, 0.0000000000000000000 ) ) ;
#9394 = ORIENTED_EDGE ( 'NONE', *, *, #3291, .T. ) ;
#9395 = VECTOR ( 'NONE', #6490, 1000.000000000000000 ) ;
#9396 = VERTEX_POINT ( 'NONE', #962 ) ;
#9397 = ORIENTED_EDGE ( 'NONE', *, *, #8590, .T. ) ;
#9398 = EDGE_CURVE ( 'NONE', #811, #3103, #5805, .T. ) ;
#9399 = CARTESIAN_POINT ( 'NONE',  ( 10.65166797165682055, 0.5500000000000000444, -0.01800000000000000211 ) ) ;
#9400 = ORIENTED_EDGE ( 'NONE', *, *, #6383, .T. ) ;
#9401 = FILL_AREA_STYLE_COLOUR ( '', #3797 ) ;
#9402 = DIRECTION ( 'NONE',  ( 1.000000000000000000, 0.0000000000000000000, 0.0000000000000000000 ) ) ;
#9403 = AXIS2_PLACEMENT_3D ( 'NONE', #7272, #5548, #4803 ) ;
#9404 = VECTOR ( 'NONE', #5357, 1000.000000000000000 ) ;
#9405 = CARTESIAN_POINT ( 'NONE',  ( 10.05166797165682091, 2.000000000000000000, 0.8000000000000000444 ) ) ;
#9406 = EDGE_LOOP ( 'NONE', ( #7257, #6185, #8081, #242 ) ) ;
#9407 = VECTOR ( 'NONE', #241, 1000.000000000000000 ) ;
#9408 = CARTESIAN_POINT ( 'NONE',  ( 7.151667971656830325, 2.000000000000000000, 0.0000000000000000000 ) ) ;
#9409 = VECTOR ( 'NONE', #7532, 1000.000000000000000 ) ;
#9410 = CARTESIAN_POINT ( 'NONE',  ( 6.551667971656830680, 0.5500000000000000444, 0.8000000000000000444 ) ) ;
#9411 = VECTOR ( 'NONE', #7575, 1000.000000000000000 ) ;
#9412 = VERTEX_POINT ( 'NONE', #254 ) ;
#9413 = CARTESIAN_POINT ( 'NONE',  ( 13.30166797165682091, 2.000000000000000000, -0.01800000000000000211 ) ) ;
#9414 = ORIENTED_EDGE ( 'NONE', *, *, #5649, .T. ) ;
#9415 = DIRECTION ( 'NONE',  ( 1.000000000000000000, 0.0000000000000000000, 0.0000000000000000000 ) ) ;
#9416 = CARTESIAN_POINT ( 'NONE',  ( 7.151667971656830325, 2.000000000000000000, -0.01800000000000000211 ) ) ;
#9417 = LINE ( 'NONE', #1207, #2868 ) ;
#9418 = CARTESIAN_POINT ( 'NONE',  ( 14.00000000000000000, 79.99000000000000909, -1.350000000000000089 ) ) ;
#9419 = AXIS2_PLACEMENT_3D ( 'NONE', #8009, #1559, #9710 ) ;
#9420 = FACE_OUTER_BOUND ( 'NONE', #2185, .T. ) ;
#9421 = DIRECTION ( 'NONE',  ( 1.000000000000000000, -4.626155997695749151E-17, 0.0000000000000000000 ) ) ;
#9422 = CARTESIAN_POINT ( 'NONE',  ( 8.651667971656829437, 2.000000000000000000, -0.01800000000000000211 ) ) ;
#9423 = CARTESIAN_POINT ( 'NONE',  ( 13.15166797165682055, 2.000000000000000000, -0.01800000000000000211 ) ) ;
#9424 = ORIENTED_EDGE ( 'NONE', *, *, #9918, .F. ) ;
#9425 = EDGE_LOOP ( 'NONE', ( #7082, #7844, #10115, #1920 ) ) ;
#9426 = DIRECTION ( 'NONE',  ( 0.0000000000000000000, -1.000000000000000000, 0.0000000000000000000 ) ) ;
#9427 = EDGE_CURVE ( 'NONE', #6992, #1299, #151, .T. ) ;
#9428 = AXIS2_PLACEMENT_3D ( 'NONE', #9719, #8070, #9074 ) ;
#9429 = VERTEX_POINT ( 'NONE', #5163 ) ;
#9430 = VECTOR ( 'NONE', #3813, 1000.000000000000000 ) ;
#9431 = CARTESIAN_POINT ( 'NONE',  ( 10.80166797165682091, 2.000000000000000000, -0.01800000000000000211 ) ) ;
#9432 = LINE ( 'NONE', #7732, #10438 ) ;
#9433 = EDGE_LOOP ( 'NONE', ( #2056, #9689, #7107, #8636 ) ) ;
#9434 = PLANE ( 'NONE',  #6544 ) ;
#9435 = ORIENTED_EDGE ( 'NONE', *, *, #5131, .F. ) ;
#9436 = CARTESIAN_POINT ( 'NONE',  ( 7.051667971656829792, 0.5500000000000000444, 0.8180000000000000604 ) ) ;
#9437 = AXIS2_PLACEMENT_3D ( 'NONE', #5277, #8704, #8602 ) ;
#9438 = DIRECTION ( 'NONE',  ( 1.000000000000000000, 0.0000000000000000000, 0.0000000000000000000 ) ) ;
#9439 = EDGE_CURVE ( 'NONE', #578, #4854, #9067, .T. ) ;
#9440 = VERTEX_POINT ( 'NONE', #4348 ) ;
#9441 = ADVANCED_FACE ( 'NONE', ( #6817 ), #2743, .F. ) ;
#9442 = EDGE_CURVE ( 'NONE', #3836, #5487, #5008, .T. ) ;
#9443 = PRESENTATION_STYLE_ASSIGNMENT (( #1074 ) ) ;
#9444 = LINE ( 'NONE', #10075, #6848 ) ;
#9445 = AXIS2_PLACEMENT_3D ( 'NONE', #5095, #9048, #8357 ) ;
#9446 = CARTESIAN_POINT ( 'NONE',  ( 8.000000000000000000, 79.99000000000000909, 0.0000000000000000000 ) ) ;
#9447 = DIRECTION ( 'NONE',  ( 1.000000000000000000, 0.0000000000000000000, 0.0000000000000000000 ) ) ;
#9448 = DIRECTION ( 'NONE',  ( 0.0000000000000000000, -1.000000000000000000, 0.0000000000000000000 ) ) ;
#9449 = ORIENTED_EDGE ( 'NONE', *, *, #7299, .T. ) ;
#9450 = DIRECTION ( 'NONE',  ( 0.0000000000000000000, 1.000000000000000000, 0.0000000000000000000 ) ) ;
#9451 = EDGE_CURVE ( 'NONE', #7393, #2545, #3652, .T. ) ;
#9452 = EDGE_CURVE ( 'NONE', #6707, #3980, #7947, .T. ) ;
#9453 = ORIENTED_EDGE ( 'NONE', *, *, #3474, .F. ) ;
#9454 = EDGE_CURVE ( 'NONE', #7466, #3622, #5422, .T. ) ;
#9455 = ORIENTED_EDGE ( 'NONE', *, *, #3226, .T. ) ;
#9456 = SURFACE_STYLE_FILL_AREA ( #8550 ) ;
#9457 = DIRECTION ( 'NONE',  ( 0.0000000000000000000, 0.0000000000000000000, 1.000000000000000000 ) ) ;
#9458 = CARTESIAN_POINT ( 'NONE',  ( 2.401667971656824996, 2.000000000000000000, 0.8000000000000000444 ) ) ;
#9459 = DIRECTION ( 'NONE',  ( 0.0000000000000000000, 0.0000000000000000000, -1.000000000000000000 ) ) ;
#9460 = ORIENTED_EDGE ( 'NONE', *, *, #5974, .F. ) ;
#9461 = CARTESIAN_POINT ( 'NONE',  ( 3.651667971656824996, 2.000000000000000000, 0.0000000000000000000 ) ) ;
#9462 = EDGE_CURVE ( 'NONE', #4910, #9760, #1338, .T. ) ;
#9463 = FACE_OUTER_BOUND ( 'NONE', #2657, .T. ) ;
#9464 = ORIENTED_EDGE ( 'NONE', *, *, #6191, .F. ) ;
#9465 = DIRECTION ( 'NONE',  ( 1.000000000000000000, 0.0000000000000000000, 0.0000000000000000000 ) ) ;
#9466 = ORIENTED_EDGE ( 'NONE', *, *, #2459, .F. ) ;
#9467 = DIRECTION ( 'NONE',  ( 0.0000000000000000000, 0.0000000000000000000, -1.000000000000000000 ) ) ;
#9468 = DIRECTION ( 'NONE',  ( 0.0000000000000000000, 1.000000000000000000, 0.0000000000000000000 ) ) ;
#9469 = SURFACE_STYLE_FILL_AREA ( #6216 ) ;
#9470 = CARTESIAN_POINT ( 'NONE',  ( 18.80166797165680137, 2.000000000000000000, -0.01800000000000000211 ) ) ;
#9471 = LINE ( 'NONE', #1267, #7626 ) ;
#9472 = LINE ( 'NONE', #7027, #8841 ) ;
#9473 = DIRECTION ( 'NONE',  ( 0.0000000000000000000, 0.0000000000000000000, 1.000000000000000000 ) ) ;
#9474 = EDGE_LOOP ( 'NONE', ( #2050, #8617, #10549, #9566 ) ) ;
#9475 = ORIENTED_EDGE ( 'NONE', *, *, #5840, .T. ) ;
#9476 = VERTEX_POINT ( 'NONE', #10180 ) ;
#9477 = CARTESIAN_POINT ( 'NONE',  ( 4.251667971656825529, 2.899999999999999911, 0.8000000000000000444 ) ) ;
#9478 = VERTEX_POINT ( 'NONE', #534 ) ;
#9479 = DIRECTION ( 'NONE',  ( 0.0000000000000000000, 0.0000000000000000000, 1.000000000000000000 ) ) ;
#9480 = DIRECTION ( 'NONE',  ( -1.000000000000000000, 0.0000000000000000000, 0.0000000000000000000 ) ) ;
#9481 = FACE_OUTER_BOUND ( 'NONE', #7564, .T. ) ;
#9482 = CARTESIAN_POINT ( 'NONE',  ( 12.40166797165682055, 2.000000000000000000, 0.8180000000000000604 ) ) ;
#9483 = VERTEX_POINT ( 'NONE', #9383 ) ;
#9484 = AXIS2_PLACEMENT_3D ( 'NONE', #667, #3896, #6266 ) ;
#9485 = DIRECTION ( 'NONE',  ( 0.0000000000000000000, 0.0000000000000000000, -1.000000000000000000 ) ) ;
#9486 = ORIENTED_EDGE ( 'NONE', *, *, #906, .T. ) ;
#9487 = CARTESIAN_POINT ( 'NONE',  ( 8.051667971656829792, 2.000000000000000000, 0.8180000000000000604 ) ) ;
#9488 = PLANE ( 'NONE',  #7151 ) ;
#9489 = ORIENTED_EDGE ( 'NONE', *, *, #9764, .T. ) ;
#9490 = CARTESIAN_POINT ( 'NONE',  ( 12.15166797165682055, 2.000000000000000000, 0.0000000000000000000 ) ) ;
#9491 = VECTOR ( 'NONE', #1368, 1000.000000000000000 ) ;
#9492 = CARTESIAN_POINT ( 'NONE',  ( 9.901667971656820555, 2.000000000000000000, 0.8000000000000000444 ) ) ;
#9493 = DIRECTION ( 'NONE',  ( 0.0000000000000000000, -1.000000000000000000, 0.0000000000000000000 ) ) ;
#9494 = FACE_OUTER_BOUND ( 'NONE', #4925, .T. ) ;
#9495 = AXIS2_PLACEMENT_3D ( 'NONE', #5037, #1100, #8299 ) ;
#9496 = SURFACE_SIDE_STYLE ('',( #6242 ) ) ;
#9497 = EDGE_CURVE ( 'NONE', #9980, #204, #4680, .T. ) ;
#9498 = EDGE_CURVE ( 'NONE', #5566, #807, #6129, .T. ) ;
#9499 = EDGE_LOOP ( 'NONE', ( #8910, #7030, #8765, #6792 ) ) ;
#9500 = EDGE_CURVE ( 'NONE', #8205, #7486, #2000, .T. ) ;
#9501 = VECTOR ( 'NONE', #1248, 1000.000000000000000 ) ;
#9502 = ORIENTED_EDGE ( 'NONE', *, *, #9671, .F. ) ;
#9503 = ORIENTED_EDGE ( 'NONE', *, *, #1860, .F. ) ;
#9504 = DIRECTION ( 'NONE',  ( 0.0000000000000000000, 0.0000000000000000000, 1.000000000000000000 ) ) ;
#9505 = LINE ( 'NONE', #4697, #2255 ) ;
#9506 = LINE ( 'NONE', #10146, #9994 ) ;
#9507 = AXIS2_PLACEMENT_3D ( 'NONE', #6133, #8431, #6189 ) ;
#9508 = CARTESIAN_POINT ( 'NONE',  ( -6.938893903907229955E-15, 80.00000000000000000, 0.0000000000000000000 ) ) ;
#9509 = EDGE_CURVE ( 'NONE', #2610, #5255, #6877, .T. ) ;
#9510 = VECTOR ( 'NONE', #8787, 1000.000000000000000 ) ;
#9511 = VERTEX_POINT ( 'NONE', #2054 ) ;
#9512 = ADVANCED_FACE ( 'NONE', ( #7845 ), #4512, .T. ) ;
#9513 = FACE_OUTER_BOUND ( 'NONE', #4137, .T. ) ;
#9514 =( LENGTH_UNIT ( ) NAMED_UNIT ( * ) SI_UNIT ( .MILLI., .METRE. ) );
#9515 = ORIENTED_EDGE ( 'NONE', *, *, #7233, .F. ) ;
#9516 = DIRECTION ( 'NONE',  ( 0.0000000000000000000, 0.0000000000000000000, -1.000000000000000000 ) ) ;
#9517 = ORIENTED_EDGE ( 'NONE', *, *, #2310, .T. ) ;
#9518 = DIRECTION ( 'NONE',  ( -1.000000000000000000, 0.0000000000000000000, 0.0000000000000000000 ) ) ;
#9519 = AXIS2_PLACEMENT_3D ( 'NONE', #7125, #7178, #3048 ) ;
#9520 = CARTESIAN_POINT ( 'NONE',  ( 21.42500000000000071, 3.500000000000000000, 0.8000000000000000444 ) ) ;
#9521 = EDGE_CURVE ( 'NONE', #454, #7848, #10337, .T. ) ;
#9522 =( NAMED_UNIT ( * ) SI_UNIT ( $, .STERADIAN. ) SOLID_ANGLE_UNIT ( ) );
#9523 = CARTESIAN_POINT ( 'NONE',  ( 7.301667971656820022, 0.5500000000000000444, 0.0000000000000000000 ) ) ;
#9524 = LINE ( 'NONE', #1425, #2341 ) ;
#9525 = VECTOR ( 'NONE', #5865, 1000.000000000000000 ) ;
#9526 = CARTESIAN_POINT ( 'NONE',  ( 0.004999999999995699725, 79.99000000000000909, 0.8000000000000000444 ) ) ;
#9527 = EDGE_LOOP ( 'NONE', ( #4612, #2980, #5432, #6387 ) ) ;
#9528 = ORIENTED_EDGE ( 'NONE', *, *, #1244, .F. ) ;
#9529 = ORIENTED_EDGE ( 'NONE', *, *, #1640, .T. ) ;
#9530 = DIRECTION ( 'NONE',  ( 0.0000000000000000000, 0.0000000000000000000, 1.000000000000000000 ) ) ;
#9531 = ORIENTED_EDGE ( 'NONE', *, *, #9890, .F. ) ;
#9532 = EDGE_CURVE ( 'NONE', #2252, #883, #7047, .T. ) ;
#9533 = SURFACE_STYLE_USAGE ( .BOTH. , #10384 ) ;
#9534 = DIRECTION ( 'NONE',  ( 1.000000000000000000, 0.0000000000000000000, 0.0000000000000000000 ) ) ;
#9535 = LINE ( 'NONE', #1332, #2247 ) ;
#9536 = CARTESIAN_POINT ( 'NONE',  ( 19.05166797165684756, 2.000000000000000000, 0.8180000000000000604 ) ) ;
#9537 = VERTEX_POINT ( 'NONE', #8695 ) ;
#9538 = DIRECTION ( 'NONE',  ( -1.000000000000000000, 0.0000000000000000000, -1.683783082233284876E-17 ) ) ;
#9539 = EDGE_LOOP ( 'NONE', ( #9298, #3654, #6312, #7195 ) ) ;
#9540 = FACE_BOUND ( 'NONE', #10326, .T. ) ;
#9541 = FACE_OUTER_BOUND ( 'NONE', #7985, .T. ) ;
#9542 = ORIENTED_EDGE ( 'NONE', *, *, #5348, .F. ) ;
#9543 = CARTESIAN_POINT ( 'NONE',  ( 17.80166797165684756, 2.000000000000000000, 0.0000000000000000000 ) ) ;
#9544 = DIRECTION ( 'NONE',  ( 0.0000000000000000000, 0.0000000000000000000, -1.000000000000000000 ) ) ;
#9545 = LINE ( 'NONE', #5484, #9929 ) ;
#9546 = PLANE ( 'NONE',  #8561 ) ;
#9547 = VECTOR ( 'NONE', #4372, 1000.000000000000000 ) ;
#9548 = VERTEX_POINT ( 'NONE', #10290 ) ;
#9549 = MECHANICAL_DESIGN_GEOMETRIC_PRESENTATION_REPRESENTATION (  '', ( #3390 ), #8706 ) ;
#9550 = CARTESIAN_POINT ( 'NONE',  ( 7.551667971656830680, 2.000000000000000000, 0.8180000000000000604 ) ) ;
#9551 = ORIENTED_EDGE ( 'NONE', *, *, #9314, .F. ) ;
#9552 = VECTOR ( 'NONE', #9018, 1000.000000000000000 ) ;
#9553 = ORIENTED_EDGE ( 'NONE', *, *, #5914, .T. ) ;
#9554 = DIRECTION ( 'NONE',  ( -0.0000000000000000000, 1.000000000000000000, 0.0000000000000000000 ) ) ;
#9555 = LINE ( 'NONE', #6303, #3444 ) ;
#9556 = CARTESIAN_POINT ( 'NONE',  ( 0.5749999999999999556, 3.500000000000000000, 0.8000000000000000444 ) ) ;
#9557 = EDGE_CURVE ( 'NONE', #4650, #10462, #10234, .T. ) ;
#9558 = AXIS2_PLACEMENT_3D ( 'NONE', #10371, #2242, #1423 ) ;
#9559 = CARTESIAN_POINT ( 'NONE',  ( 12.05166797165682091, 2.000000000000000000, 0.8180000000000000604 ) ) ;
#9560 = ORIENTED_EDGE ( 'NONE', *, *, #8930, .T. ) ;
#9561 = VECTOR ( 'NONE', #3529, 1000.000000000000000 ) ;
#9562 = FILL_AREA_STYLE_COLOUR ( '', #4416 ) ;
#9563 = VERTEX_POINT ( 'NONE', #6990 ) ;
#9564 = ADVANCED_FACE ( 'NONE', ( #8640, #482, #3015, #2909, #9540, #5269, #2209, #2799, #5475, #8754, #1284, #6186, #4570, #1394, #6070, #8531, #1170, #4456, #4880, #5690, #687, #3275, #634, #7142, #7302, #9747, #4014, #3863, #4834, #7253 ), #2313, .T. ) ;
#9565 = LINE ( 'NONE', #7278, #7631 ) ;
#9566 = ORIENTED_EDGE ( 'NONE', *, *, #921, .T. ) ;
#9567 = VECTOR ( 'NONE', #3298, 1000.000000000000000 ) ;
#9568 = ADVANCED_FACE ( 'NONE', ( #1550 ), #10496, .F. ) ;
#9569 = DIRECTION ( 'NONE',  ( 0.0000000000000000000, 0.0000000000000000000, -1.000000000000000000 ) ) ;
#9570 = AXIS2_PLACEMENT_3D ( 'NONE', #3775, #1238, #9391 ) ;
#9571 = DIRECTION ( 'NONE',  ( 0.0000000000000000000, 0.0000000000000000000, -1.000000000000000000 ) ) ;
#9572 = EDGE_CURVE ( 'NONE', #9294, #2101, #733, .T. ) ;
#9573 =( LENGTH_UNIT ( ) NAMED_UNIT ( * ) SI_UNIT ( .MILLI., .METRE. ) );
#9574 = PRESENTATION_STYLE_ASSIGNMENT (( #6378 ) ) ;
#9575 = DIRECTION ( 'NONE',  ( 0.0000000000000000000, -1.000000000000000000, 0.0000000000000000000 ) ) ;
#9576 = PLANE ( 'NONE',  #3877 ) ;
#9577 = CARTESIAN_POINT ( 'NONE',  ( 7.551667971656830680, 2.000000000000000000, 0.8000000000000000444 ) ) ;
#9578 = VECTOR ( 'NONE', #6662, 1000.000000000000000 ) ;
#9579 = ORIENTED_EDGE ( 'NONE', *, *, #1624, .F. ) ;
#9580 = EDGE_LOOP ( 'NONE', ( #1577, #10596, #5767, #2667 ) ) ;
#9581 = EDGE_CURVE ( 'NONE', #3836, #1892, #6445, .T. ) ;
#9582 = ADVANCED_FACE ( 'NONE', ( #2415 ), #3221, .F. ) ;
#9583 = ORIENTED_EDGE ( 'NONE', *, *, #2391, .T. ) ;
#9584 = CARTESIAN_POINT ( 'NONE',  ( 14.00000000000000000, 79.99000000000000909, -1.350000000000000089 ) ) ;
#9585 = ORIENTED_EDGE ( 'NONE', *, *, #595, .T. ) ;
#9586 = VECTOR ( 'NONE', #10248, 1000.000000000000000 ) ;
#9587 = DIRECTION ( 'NONE',  ( -0.0000000000000000000, 1.000000000000000000, 0.0000000000000000000 ) ) ;
#9588 = VECTOR ( 'NONE', #914, 1000.000000000000000 ) ;
#9589 = CARTESIAN_POINT ( 'NONE',  ( 2.551667971656824907, 2.000000000000000000, 0.8000000000000000444 ) ) ;
#9590 = AXIS2_PLACEMENT_3D ( 'NONE', #3430, #5737, #1654 ) ;
#9591 = CARTESIAN_POINT ( 'NONE',  ( 10.40166797165682055, 2.000000000000000000, 0.8180000000000000604 ) ) ;
#9592 = DIRECTION ( 'NONE',  ( 0.0000000000000000000, -1.000000000000000000, 0.0000000000000000000 ) ) ;
#9593 = ORIENTED_EDGE ( 'NONE', *, *, #5657, .T. ) ;
#9594 = DIRECTION ( 'NONE',  ( -1.000000000000000000, 0.0000000000000000000, 0.0000000000000000000 ) ) ;
#9595 = EDGE_LOOP ( 'NONE', ( #559, #1793, #1381, #2636 ) ) ;
#9596 = UNCERTAINTY_MEASURE_WITH_UNIT (LENGTH_MEASURE( 1.000000000000000082E-05 ), #6777, 'distance_accuracy_value', 'NONE');
#9597 = PRESENTATION_STYLE_ASSIGNMENT (( #1494 ) ) ;
#9598 = EDGE_CURVE ( 'NONE', #2961, #6110, #782, .T. ) ;
#9599 = CARTESIAN_POINT ( 'NONE',  ( 7.651667971656829437, 0.5500000000000000444, -0.01800000000000000211 ) ) ;
#9600 = ORIENTED_EDGE ( 'NONE', *, *, #4414, .T. ) ;
#9601 = AXIS2_PLACEMENT_3D ( 'NONE', #10594, #7405, #5184 ) ;
#9602 = LINE ( 'NONE', #2212, #2731 ) ;
#9603 = ORIENTED_EDGE ( 'NONE', *, *, #6071, .F. ) ;
#9604 = DIRECTION ( 'NONE',  ( -2.990902544787600071E-16, 1.000000000000000000, 0.0000000000000000000 ) ) ;
#9605 = DIRECTION ( 'NONE',  ( -1.000000000000000000, 0.0000000000000000000, 0.0000000000000000000 ) ) ;
#9606 = CARTESIAN_POINT ( 'NONE',  ( 13.80166797165682091, 2.000000000000000000, -0.01800000000000000211 ) ) ;
#9607 = PLANE ( 'NONE',  #7570 ) ;
#9608 =( GEOMETRIC_REPRESENTATION_CONTEXT ( 3 ) GLOBAL_UNCERTAINTY_ASSIGNED_CONTEXT ( ( #4119 ) ) GLOBAL_UNIT_ASSIGNED_CONTEXT ( ( #545, #2920, #1239 ) ) REPRESENTATION_CONTEXT ( 'NONE', 'WORKASPACE' ) );
#9609 = EDGE_LOOP ( 'NONE', ( #282, #2309, #2486, #995 ) ) ;
#9610 = PLANE ( 'NONE',  #6480 ) ;
#9611 = ORIENTED_EDGE ( 'NONE', *, *, #3415, .T. ) ;
#9612 = AXIS2_PLACEMENT_3D ( 'NONE', #874, #6632, #4101 ) ;
#9613 = LINE ( 'NONE', #4036, #7470 ) ;
#9614 = DIRECTION ( 'NONE',  ( -1.000000000000000000, 0.0000000000000000000, 0.0000000000000000000 ) ) ;
#9615 = DIRECTION ( 'NONE',  ( -1.000000000000000000, 0.0000000000000000000, 0.0000000000000000000 ) ) ;
#9616 = PLANE ( 'NONE',  #5171 ) ;
#9617 = EDGE_LOOP ( 'NONE', ( #793, #3351, #5179, #856 ) ) ;
#9618 = AXIS2_PLACEMENT_3D ( 'NONE', #5802, #4135, #2582 ) ;
#9619 = ADVANCED_FACE ( 'NONE', ( #4064 ), #6344, .F. ) ;
#9620 = ORIENTED_EDGE ( 'NONE', *, *, #10313, .F. ) ;
#9621 = ORIENTED_EDGE ( 'NONE', *, *, #705, .F. ) ;
#9622 = DIRECTION ( 'NONE',  ( 0.0000000000000000000, 0.0000000000000000000, 1.000000000000000000 ) ) ;
#9623 = ORIENTED_EDGE ( 'NONE', *, *, #1256, .T. ) ;
#9624 = DIRECTION ( 'NONE',  ( -1.239088197126289880E-15, -1.000000000000000000, 0.0000000000000000000 ) ) ;
#9625 = CARTESIAN_POINT ( 'NONE',  ( 10.80166797165682091, 0.5500000000000000444, -0.01800000000000000211 ) ) ;
#9626 = DIRECTION ( 'NONE',  ( 1.000000000000000000, 4.563815034092980005E-32, 0.0000000000000000000 ) ) ;
#9627 = CARTESIAN_POINT ( 'NONE',  ( 20.05166797165679782, 0.5500000000000000444, 0.8180000000000000604 ) ) ;
#9628 = LINE ( 'NONE', #1536, #4548 ) ;
#9629 = PRESENTATION_STYLE_ASSIGNMENT (( #2246 ) ) ;
#9630 = EDGE_CURVE ( 'NONE', #8790, #9563, #8412, .T. ) ;
#9631 = EDGE_CURVE ( 'NONE', #1971, #9635, #3427, .T. ) ;
#9632 = DIRECTION ( 'NONE',  ( 0.0000000000000000000, 1.000000000000000000, 0.0000000000000000000 ) ) ;
#9633 = EDGE_CURVE ( 'NONE', #6008, #7139, #9212, .T. ) ;
#9634 = ORIENTED_EDGE ( 'NONE', *, *, #2567, .F. ) ;
#9635 = VERTEX_POINT ( 'NONE', #9156 ) ;
#9636 = ORIENTED_EDGE ( 'NONE', *, *, #7879, .F. ) ;
#9637 = DIRECTION ( 'NONE',  ( 0.0000000000000000000, 0.0000000000000000000, 1.000000000000000000 ) ) ;
#9638 = VERTEX_POINT ( 'NONE', #6651 ) ;
#9639 = SURFACE_STYLE_FILL_AREA ( #6390 ) ;
#9640 = CARTESIAN_POINT ( 'NONE',  ( 12.55166797165681913, 0.5500000000000000444, 0.8000000000000000444 ) ) ;
#9641 = DIRECTION ( 'NONE',  ( 0.0000000000000000000, 0.0000000000000000000, -1.000000000000000000 ) ) ;
#9642 = DIRECTION ( 'NONE',  ( 1.000000000000000000, -3.097720492815730124E-16, 0.0000000000000000000 ) ) ;
#9643 = ORIENTED_EDGE ( 'NONE', *, *, #2236, .F. ) ;
#9644 = ADVANCED_FACE ( 'NONE', ( #191 ), #6749, .F. ) ;
#9645 = EDGE_CURVE ( 'NONE', #9537, #35, #7408, .T. ) ;
#9646 = ORIENTED_EDGE ( 'NONE', *, *, #3379, .T. ) ;
#9647 = CARTESIAN_POINT ( 'NONE',  ( 19.15166797165684898, 0.5499999999999929390, -0.01800000000000000211 ) ) ;
#9648 = EDGE_CURVE ( 'NONE', #5790, #5701, #4227, .T. ) ;
#9649 = CARTESIAN_POINT ( 'NONE',  ( 6.401667971656830325, 2.000000000000000000, 0.8180000000000000604 ) ) ;
#9650 = ORIENTED_EDGE ( 'NONE', *, *, #7773, .T. ) ;
#9651 = DIRECTION ( 'NONE',  ( 0.0000000000000000000, 1.000000000000000000, 0.0000000000000000000 ) ) ;
#9652 = VERTEX_POINT ( 'NONE', #2730 ) ;
#9653 = CARTESIAN_POINT ( 'NONE',  ( 13.65166797165682055, 2.000000000000000000, -0.01800000000000000211 ) ) ;
#9654 =( LENGTH_UNIT ( ) NAMED_UNIT ( * ) SI_UNIT ( .MILLI., .METRE. ) );
#9655 = EDGE_CURVE ( 'NONE', #2938, #4736, #4120, .T. ) ;
#9656 = DIRECTION ( 'NONE',  ( 0.0000000000000000000, 1.000000000000000000, 0.0000000000000000000 ) ) ;
#9657 = SURFACE_STYLE_FILL_AREA ( #5644 ) ;
#9658 = ORIENTED_EDGE ( 'NONE', *, *, #5793, .F. ) ;
#9659 = CARTESIAN_POINT ( 'NONE',  ( 10.15166797165682055, 2.000000000000000000, 0.0000000000000000000 ) ) ;
#9660 = EDGE_LOOP ( 'NONE', ( #9029, #1686, #6458, #571 ) ) ;
#9661 = ORIENTED_EDGE ( 'NONE', *, *, #7618, .T. ) ;
#9662 = VECTOR ( 'NONE', #5934, 1000.000000000000000 ) ;
#9663 = DIRECTION ( 'NONE',  ( -0.0000000000000000000, 1.000000000000000000, 0.0000000000000000000 ) ) ;
#9664 = DIRECTION ( 'NONE',  ( 0.0000000000000000000, -1.000000000000000000, 0.0000000000000000000 ) ) ;
#9665 = VECTOR ( 'NONE', #3999, 1000.000000000000000 ) ;
#9666 = CARTESIAN_POINT ( 'NONE',  ( 6.651667971656819667, 2.000000000000000000, -0.01800000000000000211 ) ) ;
#9667 = LINE ( 'NONE', #6469, #2497 ) ;
#9668 = DIRECTION ( 'NONE',  ( 0.0000000000000000000, 1.000000000000000000, 0.0000000000000000000 ) ) ;
#9669 = EDGE_LOOP ( 'NONE', ( #6171, #6157, #568, #2894 ) ) ;
#9670 = VECTOR ( 'NONE', #3309, 1000.000000000000000 ) ;
#9671 = EDGE_CURVE ( 'NONE', #5004, #9270, #5896, .T. ) ;
#9672 =( GEOMETRIC_REPRESENTATION_CONTEXT ( 3 ) GLOBAL_UNCERTAINTY_ASSIGNED_CONTEXT ( ( #7778 ) ) GLOBAL_UNIT_ASSIGNED_CONTEXT ( ( #8837, #6793, #8445 ) ) REPRESENTATION_CONTEXT ( 'NONE', 'WORKASPACE' ) );
#9673 = ORIENTED_EDGE ( 'NONE', *, *, #10235, .T. ) ;
#9674 = ORIENTED_EDGE ( 'NONE', *, *, #5082, .T. ) ;
#9675 = CARTESIAN_POINT ( 'NONE',  ( 10.90166797165682055, 0.5500000000000000444, 0.8000000000000000444 ) ) ;
#9676 = ORIENTED_EDGE ( 'NONE', *, *, #1360, .F. ) ;
#9677 = CARTESIAN_POINT ( 'NONE',  ( 8.000000000000000000, 80.00000000000000000, 0.0000000000000000000 ) ) ;
#9678 = AXIS2_PLACEMENT_3D ( 'NONE', #5603, #2334, #7961 ) ;
#9679 = CARTESIAN_POINT ( 'NONE',  ( 12.40166797165682055, 0.5500000000000000444, 0.8180000000000000604 ) ) ;
#9680 = PLANE ( 'NONE',  #7209 ) ;
#9681 = VECTOR ( 'NONE', #2144, 1000.000000000000000 ) ;
#9682 = DIRECTION ( 'NONE',  ( 0.0000000000000000000, 1.000000000000000000, 0.0000000000000000000 ) ) ;
#9683 = DIRECTION ( 'NONE',  ( 0.0000000000000000000, 0.0000000000000000000, 1.000000000000000000 ) ) ;
#9684 = CARTESIAN_POINT ( 'NONE',  ( 2.801667971656824907, 0.5500000000000000444, 0.0000000000000000000 ) ) ;
#9685 = VECTOR ( 'NONE', #6659, 1000.000000000000000 ) ;
#9686 = VECTOR ( 'NONE', #618, 1000.000000000000000 ) ;
#9687 = ORIENTED_EDGE ( 'NONE', *, *, #9967, .T. ) ;
#9688 = ORIENTED_EDGE ( 'NONE', *, *, #6111, .T. ) ;
#9689 = ORIENTED_EDGE ( 'NONE', *, *, #6455, .T. ) ;
#9690 = CARTESIAN_POINT ( 'NONE',  ( 9.151667971656820555, 2.000000000000000000, -0.01800000000000000211 ) ) ;
#9691 = EDGE_CURVE ( 'NONE', #1602, #7496, #2517, .T. ) ;
#9692 = DIRECTION ( 'NONE',  ( 0.0000000000000000000, 0.0000000000000000000, 1.000000000000000000 ) ) ;
#9693 = EDGE_CURVE ( 'NONE', #5283, #2908, #5040, .T. ) ;
#9694 = DIRECTION ( 'NONE',  ( 0.0000000000000000000, 0.0000000000000000000, 1.000000000000000000 ) ) ;
#9695 = EDGE_CURVE ( 'NONE', #4715, #7590, #9901, .T. ) ;
#9696 = CARTESIAN_POINT ( 'NONE',  ( 14.30166797165681913, 2.000000000000000000, 0.0000000000000000000 ) ) ;
#9697 = DIRECTION ( 'NONE',  ( 0.0000000000000000000, 0.0000000000000000000, -1.000000000000000000 ) ) ;
#9698 = AXIS2_PLACEMENT_3D ( 'NONE', #8268, #9920, #2688 ) ;
#9699 = DIRECTION ( 'NONE',  ( 0.0000000000000000000, -1.000000000000000000, 0.0000000000000000000 ) ) ;
#9700 = EDGE_LOOP ( 'NONE', ( #5108, #3905, #4398, #277 ) ) ;
#9701 = FACE_OUTER_BOUND ( 'NONE', #9580, .T. ) ;
#9702 = ORIENTED_EDGE ( 'NONE', *, *, #7435, .T. ) ;
#9703 = DIRECTION ( 'NONE',  ( 0.0000000000000000000, -1.000000000000000000, 0.0000000000000000000 ) ) ;
#9704 = AXIS2_PLACEMENT_3D ( 'NONE', #4000, #4768, #8944 ) ;
#9705 = ORIENTED_EDGE ( 'NONE', *, *, #10181, .F. ) ;
#9706 = EDGE_CURVE ( 'NONE', #5078, #6346, #3327, .T. ) ;
#9707 = EDGE_CURVE ( 'NONE', #8458, #10355, #6006, .T. ) ;
#9708 = CARTESIAN_POINT ( 'NONE',  ( 0.004999999999995699725, 79.99000000000000909, 2.149999999999999911 ) ) ;
#9709 = EDGE_CURVE ( 'NONE', #8186, #7672, #5791, .T. ) ;
#9710 = DIRECTION ( 'NONE',  ( -1.000000000000000000, 0.0000000000000000000, 0.0000000000000000000 ) ) ;
#9711 = DIRECTION ( 'NONE',  ( -1.000000000000000000, 1.239088197126289880E-15, 0.0000000000000000000 ) ) ;
#9712 = ORIENTED_EDGE ( 'NONE', *, *, #3888, .T. ) ;
#9713 = LINE ( 'NONE', #2375, #2772 ) ;
#9714 = ORIENTED_EDGE ( 'NONE', *, *, #8015, .F. ) ;
#9715 = DIRECTION ( 'NONE',  ( 1.000000000000000000, 0.0000000000000000000, 0.0000000000000000000 ) ) ;
#9716 = CARTESIAN_POINT ( 'NONE',  ( 11.00000000000000000, 80.00000000000000000, 0.8000000000000000444 ) ) ;
#9717 = VERTEX_POINT ( 'NONE', #891 ) ;
#9718 = DIRECTION ( 'NONE',  ( 0.0000000000000000000, 1.000000000000000000, 0.0000000000000000000 ) ) ;
#9719 = CARTESIAN_POINT ( 'NONE',  ( 3.651667971656824996, 2.000000000000000000, -0.01800000000000000211 ) ) ;
#9720 = MECHANICAL_DESIGN_GEOMETRIC_PRESENTATION_REPRESENTATION (  '', ( #7333 ), #10233 ) ;
#9721 = DIRECTION ( 'NONE',  ( 1.000000000000000000, 0.0000000000000000000, 0.0000000000000000000 ) ) ;
#9722 = SURFACE_STYLE_FILL_AREA ( #1573 ) ;
#9723 = CARTESIAN_POINT ( 'NONE',  ( 2.651667971656824996, 2.000000000000000000, -0.01800000000000000211 ) ) ;
#9724 = AXIS2_PLACEMENT_3D ( 'NONE', #473, #3809, #9231 ) ;
#9725 = EDGE_LOOP ( 'NONE', ( #9646, #7579, #8333, #1217 ) ) ;
#9726 = VECTOR ( 'NONE', #1893, 1000.000000000000000 ) ;
#9727 = EDGE_CURVE ( 'NONE', #280, #3958, #1707, .T. ) ;
#9728 = ORIENTED_EDGE ( 'NONE', *, *, #9188, .T. ) ;
#9729 = ORIENTED_EDGE ( 'NONE', *, *, #8472, .F. ) ;
#9730 = DIRECTION ( 'NONE',  ( -0.0000000000000000000, 1.000000000000000000, 0.0000000000000000000 ) ) ;
#9731 = ORIENTED_EDGE ( 'NONE', *, *, #541, .F. ) ;
#9732 = FACE_OUTER_BOUND ( 'NONE', #3404, .T. ) ;
#9733 = DIRECTION ( 'NONE',  ( 0.0000000000000000000, 1.000000000000000000, 0.0000000000000000000 ) ) ;
#9734 = DIRECTION ( 'NONE',  ( 0.0000000000000000000, -1.000000000000000000, 0.0000000000000000000 ) ) ;
#9735 = PLANE ( 'NONE',  #6790 ) ;
#9736 = DIRECTION ( 'NONE',  ( 0.0000000000000000000, 0.0000000000000000000, -1.000000000000000000 ) ) ;
#9737 = AXIS2_PLACEMENT_3D ( 'NONE', #7053, #10188, #4519 ) ;
#9738 = VECTOR ( 'NONE', #2722, 1000.000000000000000 ) ;
#9739 = ORIENTED_EDGE ( 'NONE', *, *, #8605, .F. ) ;
#9740 = ORIENTED_EDGE ( 'NONE', *, *, #2277, .T. ) ;
#9741 = CARTESIAN_POINT ( 'NONE',  ( 12.90166797165682055, 2.000000000000000000, 0.8000000000000000444 ) ) ;
#9742 = LINE ( 'NONE', #9896, #7528 ) ;
#9743 = VECTOR ( 'NONE', #6252, 1000.000000000000000 ) ;
#9744 = CARTESIAN_POINT ( 'NONE',  ( 15.15166797165684898, 0.5500000000000000444, -0.01800000000000000211 ) ) ;
#9745 = AXIS2_PLACEMENT_3D ( 'NONE', #1293, #3659, #4578 ) ;
#9746 = ORIENTED_EDGE ( 'NONE', *, *, #4672, .F. ) ;
#9747 = FACE_BOUND ( 'NONE', #4437, .T. ) ;
#9748 = ADVANCED_FACE ( 'NONE', ( #8303 ), #5200, .F. ) ;
#9749 = CARTESIAN_POINT ( 'NONE',  ( 10.90166797165682055, 2.000000000000000000, 0.8180000000000000604 ) ) ;
#9750 = ORIENTED_EDGE ( 'NONE', *, *, #10153, .T. ) ;
#9751 = DIRECTION ( 'NONE',  ( 1.000000000000000000, 0.0000000000000000000, 0.0000000000000000000 ) ) ;
#9752 = VECTOR ( 'NONE', #7415, 1000.000000000000000 ) ;
#9753 = ORIENTED_EDGE ( 'NONE', *, *, #247, .T. ) ;
#9754 = LINE ( 'NONE', #9006, #9685 ) ;
#9755 =( NAMED_UNIT ( * ) SI_UNIT ( $, .STERADIAN. ) SOLID_ANGLE_UNIT ( ) );
#9756 = FACE_OUTER_BOUND ( 'NONE', #4046, .T. ) ;
#9757 = FACE_OUTER_BOUND ( 'NONE', #8261, .T. ) ;
#9758 = ORIENTED_EDGE ( 'NONE', *, *, #583, .T. ) ;
#9759 = CARTESIAN_POINT ( 'NONE',  ( 14.15166797165682055, 2.000000000000000000, 0.0000000000000000000 ) ) ;
#9760 = VERTEX_POINT ( 'NONE', #2835 ) ;
#9761 = AXIS2_PLACEMENT_3D ( 'NONE', #6606, #2683, #5799 ) ;
#9762 = LINE ( 'NONE', #3788, #6120 ) ;
#9763 = EDGE_CURVE ( 'NONE', #3860, #8860, #4440, .T. ) ;
#9764 = EDGE_CURVE ( 'NONE', #5175, #5565, #2892, .T. ) ;
#9765 = ADVANCED_FACE ( 'NONE', ( #9313 ), #1103, .F. ) ;
#9766 = DIRECTION ( 'NONE',  ( 1.000000000000000000, 0.0000000000000000000, 0.0000000000000000000 ) ) ;
#9767 = ORIENTED_EDGE ( 'NONE', *, *, #2968, .T. ) ;
#9768 = CARTESIAN_POINT ( 'NONE',  ( 19.65166797165684898, 2.000000000000000000, -0.01800000000000000211 ) ) ;
#9769 = CARTESIAN_POINT ( 'NONE',  ( 20.05166797165679782, 2.000000000000000000, 0.8180000000000000604 ) ) ;
#9770 = LINE ( 'NONE', #9666, #2057 ) ;
#9771 = AXIS2_PLACEMENT_3D ( 'NONE', #2129, #2933, #392 ) ;
#9772 = LINE ( 'NONE', #752, #10514 ) ;
#9773 = LINE ( 'NONE', #8170, #3609 ) ;
#9774 = ORIENTED_EDGE ( 'NONE', *, *, #5393, .T. ) ;
#9775 = EDGE_CURVE ( 'NONE', #2194, #35, #8627, .T. ) ;
#9776 = EDGE_CURVE ( 'NONE', #8960, #3651, #2999, .T. ) ;
#9777 = COLOUR_RGB ( '',0.6431372549019607199, 0.6156862745098039547, 0.5999999999999999778 ) ;
#9778 = EDGE_CURVE ( 'NONE', #8694, #9972, #1155, .T. ) ;
#9779 = VECTOR ( 'NONE', #5597, 1000.000000000000000 ) ;
#9780 = VERTEX_POINT ( 'NONE', #5408 ) ;
#9781 = VERTEX_POINT ( 'NONE', #6057 ) ;
#9782 = LINE ( 'NONE', #6419, #3682 ) ;
#9783 = ORIENTED_EDGE ( 'NONE', *, *, #2195, .F. ) ;
#9784 = DIRECTION ( 'NONE',  ( 1.124211620330680713E-15, 0.9396926207859073177, -0.3420201433256715995 ) ) ;
#9785 = EDGE_CURVE ( 'NONE', #4932, #6866, #2037, .T. ) ;
#9786 = VECTOR ( 'NONE', #2797, 1000.000000000000000 ) ;
#9787 = DIRECTION ( 'NONE',  ( 0.0000000000000000000, 0.0000000000000000000, 1.000000000000000000 ) ) ;
#9788 = CARTESIAN_POINT ( 'NONE',  ( 2.051667971656824907, 2.000000000000000000, 0.8180000000000000604 ) ) ;
#9789 = LINE ( 'NONE', #6585, #1467 ) ;
#9790 = SURFACE_STYLE_USAGE ( .BOTH. , #6481 ) ;
#9791 = EDGE_LOOP ( 'NONE', ( #3399, #7259, #10278, #9367 ) ) ;
#9792 = ORIENTED_EDGE ( 'NONE', *, *, #1302, .F. ) ;
#9793 = CARTESIAN_POINT ( 'NONE',  ( 10.40166797165682055, 2.000000000000000000, 0.8180000000000000604 ) ) ;
#9794 = DIRECTION ( 'NONE',  ( 0.0000000000000000000, 1.000000000000000000, 0.0000000000000000000 ) ) ;
#9795 = CARTESIAN_POINT ( 'NONE',  ( 19.15166797165684898, 2.000000000000000000, -0.01800000000000000211 ) ) ;
#9796 = LINE ( 'NONE', #2512, #1727 ) ;
#9797 = PRESENTATION_STYLE_ASSIGNMENT (( #1815 ) ) ;
#9798 = ORIENTED_EDGE ( 'NONE', *, *, #714, .F. ) ;
#9799 = DIRECTION ( 'NONE',  ( 0.0000000000000000000, 0.0000000000000000000, 1.000000000000000000 ) ) ;
#9800 = EDGE_LOOP ( 'NONE', ( #1680, #9945, #10046, #8080 ) ) ;
#9801 = DIRECTION ( 'NONE',  ( -0.0000000000000000000, 1.000000000000000000, 0.0000000000000000000 ) ) ;
#9802 = ORIENTED_EDGE ( 'NONE', *, *, #7494, .F. ) ;
#9803 = CARTESIAN_POINT ( 'NONE',  ( 8.651667971656829437, 2.000000000000000000, -0.01800000000000000211 ) ) ;
#9804 = CARTESIAN_POINT ( 'NONE',  ( 13.65166797165682055, 0.5500000000000000444, -0.01800000000000000211 ) ) ;
#9805 = LINE ( 'NONE', #1883, #5155 ) ;
#9806 =( LENGTH_UNIT ( ) NAMED_UNIT ( * ) SI_UNIT ( .MILLI., .METRE. ) );
#9807 = ORIENTED_EDGE ( 'NONE', *, *, #4127, .T. ) ;
#9808 = FACE_OUTER_BOUND ( 'NONE', #322, .T. ) ;
#9809 = ORIENTED_EDGE ( 'NONE', *, *, #7750, .T. ) ;
#9810 =( NAMED_UNIT ( * ) SI_UNIT ( $, .STERADIAN. ) SOLID_ANGLE_UNIT ( ) );
#9811 = SURFACE_STYLE_FILL_AREA ( #5913 ) ;
#9812 = ORIENTED_EDGE ( 'NONE', *, *, #7753, .T. ) ;
#9813 = LINE ( 'NONE', #2477, #9552 ) ;
#9814 = DIRECTION ( 'NONE',  ( 1.000000000000000000, 0.0000000000000000000, 0.0000000000000000000 ) ) ;
#9815 = CARTESIAN_POINT ( 'NONE',  ( 12.05166797165682091, 2.000000000000000000, 0.8180000000000000604 ) ) ;
#9816 = PLANE ( 'NONE',  #10418 ) ;
#9817 = EDGE_CURVE ( 'NONE', #5610, #3527, #4553, .T. ) ;
#9818 = CARTESIAN_POINT ( 'NONE',  ( 6.151667971656830325, 2.000000000000000000, -0.01800000000000000211 ) ) ;
#9819 = EDGE_CURVE ( 'NONE', #4112, #958, #8515, .T. ) ;
#9820 = CARTESIAN_POINT ( 'NONE',  ( 6.801667971656820022, 2.000000000000000000, -0.01800000000000000211 ) ) ;
#9821 = EDGE_CURVE ( 'NONE', #10306, #6655, #4608, .T. ) ;
#9822 = LINE ( 'NONE', #3301, #5839 ) ;
#9823 = EDGE_LOOP ( 'NONE', ( #1948, #9783, #1008, #7057 ) ) ;
#9824 = ORIENTED_EDGE ( 'NONE', *, *, #9326, .F. ) ;
#9825 = ORIENTED_EDGE ( 'NONE', *, *, #8868, .F. ) ;
#9826 = FACE_BOUND ( 'NONE', #9085, .T. ) ;
#9827 = ORIENTED_EDGE ( 'NONE', *, *, #6328, .F. ) ;
#9828 = DIRECTION ( 'NONE',  ( 1.000000000000000000, 0.0000000000000000000, 0.0000000000000000000 ) ) ;
#9829 = EDGE_CURVE ( 'NONE', #6145, #6574, #3801, .T. ) ;
#9830 = AXIS2_PLACEMENT_3D ( 'NONE', #9520, #1206, #4493 ) ;
#9831 = EDGE_CURVE ( 'NONE', #9876, #4847, #5307, .T. ) ;
#9832 = ORIENTED_EDGE ( 'NONE', *, *, #3231, .T. ) ;
#9833 = VECTOR ( 'NONE', #3149, 1000.000000000000000 ) ;
#9834 = FACE_OUTER_BOUND ( 'NONE', #8002, .T. ) ;
#9835 = DIRECTION ( 'NONE',  ( 0.0000000000000000000, 0.0000000000000000000, 1.000000000000000000 ) ) ;
#9836 = PLANE ( 'NONE',  #2848 ) ;
#9837 = VECTOR ( 'NONE', #6525, 1000.000000000000000 ) ;
#9838 = PLANE ( 'NONE',  #6653 ) ;
#9839 = EDGE_CURVE ( 'NONE', #3353, #2389, #2095, .T. ) ;
#9840 = ORIENTED_EDGE ( 'NONE', *, *, #9633, .T. ) ;
#9841 = VERTEX_POINT ( 'NONE', #1983 ) ;
#9842 = CARTESIAN_POINT ( 'NONE',  ( 20.40166797165684542, 0.5500000000000000444, 0.8180000000000000604 ) ) ;
#9843 = FACE_OUTER_BOUND ( 'NONE', #6384, .T. ) ;
#9844 = CARTESIAN_POINT ( 'NONE',  ( 12.15166797165682055, 0.5500000000000000444, 0.0000000000000000000 ) ) ;
#9845 = LINE ( 'NONE', #7596, #2762 ) ;
#9846 = AXIS2_PLACEMENT_3D ( 'NONE', #1, #3393, #6670 ) ;
#9847 = VECTOR ( 'NONE', #4699, 1000.000000000000000 ) ;
#9848 = VERTEX_POINT ( 'NONE', #6919 ) ;
#9849 = CARTESIAN_POINT ( 'NONE',  ( 13.55166797165682091, 2.000000000000000000, 0.8000000000000000444 ) ) ;
#9850 = DIRECTION ( 'NONE',  ( -1.000000000000000000, 0.0000000000000000000, 0.0000000000000000000 ) ) ;
#9851 = EDGE_CURVE ( 'NONE', #4693, #5135, #3582, .T. ) ;
#9852 = VERTEX_POINT ( 'NONE', #1269 ) ;
#9853 = CARTESIAN_POINT ( 'NONE',  ( 20.05166797165679782, 0.5500000000000000444, 0.8000000000000000444 ) ) ;
#9854 = ORIENTED_EDGE ( 'NONE', *, *, #4028, .F. ) ;
#9855 = DIRECTION ( 'NONE',  ( 0.0000000000000000000, 1.000000000000000000, 0.0000000000000000000 ) ) ;
#9856 = VECTOR ( 'NONE', #5198, 1000.000000000000000 ) ;
#9857 = DIRECTION ( 'NONE',  ( 0.0000000000000000000, 0.0000000000000000000, 1.000000000000000000 ) ) ;
#9858 = DIRECTION ( 'NONE',  ( 0.0000000000000000000, 0.0000000000000000000, 1.000000000000000000 ) ) ;
#9859 = FACE_OUTER_BOUND ( 'NONE', #5771, .T. ) ;
#9860 = VERTEX_POINT ( 'NONE', #7832 ) ;
#9861 = DIRECTION ( 'NONE',  ( 0.0000000000000000000, 0.0000000000000000000, -1.000000000000000000 ) ) ;
#9862 = ORIENTED_EDGE ( 'NONE', *, *, #8673, .T. ) ;
#9863 = CARTESIAN_POINT ( 'NONE',  ( 7.301667971656820022, 2.000000000000000000, -0.01800000000000000211 ) ) ;
#9864 = AXIS2_PLACEMENT_3D ( 'NONE', #10200, #6208, #1915 ) ;
#9865 = ORIENTED_EDGE ( 'NONE', *, *, #9376, .T. ) ;
#9866 = FACE_OUTER_BOUND ( 'NONE', #4296, .T. ) ;
#9867 = VECTOR ( 'NONE', #5729, 1000.000000000000114 ) ;
#9868 = LINE ( 'NONE', #4189, #10525 ) ;
#9869 = LINE ( 'NONE', #8873, #9933 ) ;
#9870 = LINE ( 'NONE', #4250, #6507 ) ;
#9871 = CARTESIAN_POINT ( 'NONE',  ( 0.0000000000000000000, 0.0000000000000000000, 0.8180000000000000604 ) ) ;
#9872 = CARTESIAN_POINT ( 'NONE',  ( 12.05166797165682091, 0.5500000000000000444, 0.8180000000000000604 ) ) ;
#9873 = PLANE ( 'NONE',  #8241 ) ;
#9874 = EDGE_LOOP ( 'NONE', ( #6874, #6891, #8046, #4239 ) ) ;
#9875 = EDGE_CURVE ( 'NONE', #3115, #3431, #463, .T. ) ;
#9876 = VERTEX_POINT ( 'NONE', #7779 ) ;
#9877 = EDGE_CURVE ( 'NONE', #3910, #8024, #408, .T. ) ;
#9878 = ORIENTED_EDGE ( 'NONE', *, *, #975, .T. ) ;
#9879 = LINE ( 'NONE', #2601, #10519 ) ;
#9880 = VERTEX_POINT ( 'NONE', #3690 ) ;
#9881 = CARTESIAN_POINT ( 'NONE',  ( 16.60166797165684827, 2.899999999999999911, 0.8000000000000000444 ) ) ;
#9882 = LINE ( 'NONE', #2659, #5049 ) ;
#9883 = ORIENTED_EDGE ( 'NONE', *, *, #3810, .T. ) ;
#9884 = PRESENTATION_LAYER_ASSIGNMENT (  '', '', ( #7333 ) ) ;
#9885 = LINE ( 'NONE', #8288, #2169 ) ;
#9886 = DIRECTION ( 'NONE',  ( 0.0000000000000000000, 0.0000000000000000000, -1.000000000000000000 ) ) ;
#9887 = EDGE_CURVE ( 'NONE', #6011, #1885, #6972, .T. ) ;
#9888 = EDGE_CURVE ( 'NONE', #2530, #4472, #2248, .T. ) ;
#9889 =( LENGTH_UNIT ( ) NAMED_UNIT ( * ) SI_UNIT ( .MILLI., .METRE. ) );
#9890 = EDGE_CURVE ( 'NONE', #958, #4952, #6532, .T. ) ;
#9891 = ORIENTED_EDGE ( 'NONE', *, *, #126, .T. ) ;
#9892 = VERTEX_POINT ( 'NONE', #9684 ) ;
#9893 = CARTESIAN_POINT ( 'NONE',  ( 1.901667971656824996, 2.000000000000000000, 0.8180000000000000604 ) ) ;
#9894 = DIRECTION ( 'NONE',  ( 0.0000000000000000000, -0.9396926207859108704, -0.3420201433256619405 ) ) ;
#9895 = VECTOR ( 'NONE', #4428, 1000.000000000000000 ) ;
#9896 = CARTESIAN_POINT ( 'NONE',  ( 4.251667971656825529, -1.469576158976823799E-16, 0.0000000000000000000 ) ) ;
#9897 = CARTESIAN_POINT ( 'NONE',  ( 20.15166797165684542, 2.000000000000000000, -0.01800000000000000211 ) ) ;
#9898 = EDGE_LOOP ( 'NONE', ( #3580, #4613, #3672, #2080 ) ) ;
#9899 = VECTOR ( 'NONE', #4501, 1000.000000000000000 ) ;
#9900 = UNCERTAINTY_MEASURE_WITH_UNIT (LENGTH_MEASURE( 1.000000000000000082E-05 ), #8300, 'distance_accuracy_value', 'NONE');
#9901 = LINE ( 'NONE', #7611, #7640 ) ;
#9902 = EDGE_CURVE ( 'NONE', #8893, #708, #8133, .T. ) ;
#9903 = EDGE_CURVE ( 'NONE', #3622, #6764, #5514, .T. ) ;
#9904 = AXIS2_PLACEMENT_3D ( 'NONE', #8141, #5034, #6698 ) ;
#9905 = FILL_AREA_STYLE_COLOUR ( '', #2215 ) ;
#9906 = EDGE_LOOP ( 'NONE', ( #760, #4800, #3815, #2015 ) ) ;
#9907 = CARTESIAN_POINT ( 'NONE',  ( 9.551667971656829792, 0.5500000000000000444, 0.8000000000000000444 ) ) ;
#9908 = EDGE_LOOP ( 'NONE', ( #1995, #5895, #7784, #234 ) ) ;
#9909 = CARTESIAN_POINT ( 'NONE',  ( 14.90166797165682055, 0.5500000000000000444, 0.8000000000000000444 ) ) ;
#9910 = VECTOR ( 'NONE', #445, 1000.000000000000000 ) ;
#9911 = AXIS2_PLACEMENT_3D ( 'NONE', #5, #10425, #2190 ) ;
#9912 = DIRECTION ( 'NONE',  ( 1.000000000000000000, 0.0000000000000000000, 0.0000000000000000000 ) ) ;
#9913 = CARTESIAN_POINT ( 'NONE',  ( 14.55166797165681913, 2.000000000000000000, 0.8000000000000000444 ) ) ;
#9914 = CARTESIAN_POINT ( 'NONE',  ( 12.05166797165682091, 2.000000000000000000, 0.8000000000000000444 ) ) ;
#9915 = VECTOR ( 'NONE', #8104, 1000.000000000000000 ) ;
#9916 = ORIENTED_EDGE ( 'NONE', *, *, #8521, .F. ) ;
#9917 = LINE ( 'NONE', #1828, #1050 ) ;
#9918 = EDGE_CURVE ( 'NONE', #9780, #5797, #768, .T. ) ;
#9919 = VERTEX_POINT ( 'NONE', #5563 ) ;
#9920 = DIRECTION ( 'NONE',  ( -0.0000000000000000000, 1.000000000000000000, 0.0000000000000000000 ) ) ;
#9921 = VECTOR ( 'NONE', #474, 1000.000000000000000 ) ;
#9922 = AXIS2_PLACEMENT_3D ( 'NONE', #1225, #2739, #419 ) ;
#9923 = ORIENTED_EDGE ( 'NONE', *, *, #975, .F. ) ;
#9924 = DIRECTION ( 'NONE',  ( -1.369879028146991878E-16, 1.000000000000000000, 0.0000000000000000000 ) ) ;
#9925 = FILL_AREA_STYLE ('',( #523 ) ) ;
#9926 = CARTESIAN_POINT ( 'NONE',  ( 6.051667971656829792, 2.000000000000000000, 0.8000000000000000444 ) ) ;
#9927 =( NAMED_UNIT ( * ) PLANE_ANGLE_UNIT ( ) SI_UNIT ( $, .RADIAN. ) );
#9928 = DIRECTION ( 'NONE',  ( 0.0000000000000000000, 0.0000000000000000000, -1.000000000000000000 ) ) ;
#9929 = VECTOR ( 'NONE', #8812, 1000.000000000000000 ) ;
#9930 = CARTESIAN_POINT ( 'NONE',  ( 11.55166797165682091, 0.5500000000000000444, 0.8180000000000000604 ) ) ;
#9931 = VERTEX_POINT ( 'NONE', #8838 ) ;
#9932 = ORIENTED_EDGE ( 'NONE', *, *, #6190, .T. ) ;
#9933 = VECTOR ( 'NONE', #2385, 1000.000000000000000 ) ;
#9934 = VERTEX_POINT ( 'NONE', #2193 ) ;
#9935 = DIRECTION ( 'NONE',  ( 1.000000000000000000, 0.0000000000000000000, 0.0000000000000000000 ) ) ;
#9936 = EDGE_LOOP ( 'NONE', ( #3041, #327, #3061, #468 ) ) ;
#9937 = VECTOR ( 'NONE', #3727, 1000.000000000000000 ) ;
#9938 = DIRECTION ( 'NONE',  ( 0.0000000000000000000, -1.000000000000000000, 0.0000000000000000000 ) ) ;
#9939 = DIRECTION ( 'NONE',  ( 1.000000000000000000, 0.0000000000000000000, 0.0000000000000000000 ) ) ;
#9940 = EDGE_LOOP ( 'NONE', ( #736, #315, #6408, #8153 ) ) ;
#9941 = VECTOR ( 'NONE', #9140, 1000.000000000000000 ) ;
#9942 = LINE ( 'NONE', #9988, #770 ) ;
#9943 = LINE ( 'NONE', #2608, #605 ) ;
#9944 = CARTESIAN_POINT ( 'NONE',  ( 3.551667971656824907, 2.000000000000000000, 0.8000000000000000444 ) ) ;
#9945 = ORIENTED_EDGE ( 'NONE', *, *, #4210, .F. ) ;
#9946 = EDGE_LOOP ( 'NONE', ( #8044, #3012, #6600, #1526 ) ) ;
#9947 = LINE ( 'NONE', #4113, #5634 ) ;
#9948 = FACE_OUTER_BOUND ( 'NONE', #8952, .T. ) ;
#9949 = MECHANICAL_DESIGN_GEOMETRIC_PRESENTATION_REPRESENTATION (  '', ( #4667 ), #877 ) ;
#9950 = DIRECTION ( 'NONE',  ( 0.0000000000000000000, 0.0000000000000000000, 1.000000000000000000 ) ) ;
#9951 = EDGE_CURVE ( 'NONE', #2523, #6931, #4821, .T. ) ;
#9952 = EDGE_CURVE ( 'NONE', #5371, #8158, #4663, .T. ) ;
#9953 = EDGE_CURVE ( 'NONE', #382, #5610, #1426, .T. ) ;
#9954 = CARTESIAN_POINT ( 'NONE',  ( 7.301667971656820022, 2.000000000000000000, -0.01800000000000000211 ) ) ;
#9955 = EDGE_LOOP ( 'NONE', ( #8403, #3506, #5310, #6300 ) ) ;
#9956 = DIRECTION ( 'NONE',  ( -1.000000000000000000, -1.826024711554534899E-16, 0.0000000000000000000 ) ) ;
#9957 = CARTESIAN_POINT ( 'NONE',  ( 19.80166797165679782, 0.5499999999999860556, -0.01800000000000000211 ) ) ;
#9958 = ORIENTED_EDGE ( 'NONE', *, *, #5841, .T. ) ;
#9959 = CARTESIAN_POINT ( 'NONE',  ( 2.551667971656824907, 0.5499999999999929390, 0.8180000000000000604 ) ) ;
#9960 = ORIENTED_EDGE ( 'NONE', *, *, #1904, .F. ) ;
#9961 = DIRECTION ( 'NONE',  ( 1.000000000000000000, 0.0000000000000000000, 0.0000000000000000000 ) ) ;
#9962 = ADVANCED_FACE ( 'NONE', ( #1481 ), #7981, .F. ) ;
#9963 = ADVANCED_FACE ( 'NONE', ( #7126 ), #2297, .F. ) ;
#9964 = CARTESIAN_POINT ( 'NONE',  ( 13.90166797165682055, 0.5500000000000000444, 0.8000000000000000444 ) ) ;
#9965 = CARTESIAN_POINT ( 'NONE',  ( 19.15166797165684898, 2.000000000000000000, -0.01800000000000000211 ) ) ;
#9966 = EDGE_LOOP ( 'NONE', ( #1887, #8416, #8301, #8632 ) ) ;
#9967 = EDGE_CURVE ( 'NONE', #10500, #7169, #620, .T. ) ;
#9968 = CARTESIAN_POINT ( 'NONE',  ( 18.15166797165684898, 0.5500000000000000444, 0.0000000000000000000 ) ) ;
#9969 = EDGE_LOOP ( 'NONE', ( #4179, #1283, #9792, #2467 ) ) ;
#9970 = DIRECTION ( 'NONE',  ( -1.752245935330099997E-15, -1.000000000000000000, 0.0000000000000000000 ) ) ;
#9971 = CARTESIAN_POINT ( 'NONE',  ( 13.15166797165682055, 0.5500000000000000444, -0.01800000000000000211 ) ) ;
#9972 = VERTEX_POINT ( 'NONE', #3208 ) ;
#9973 = FACE_OUTER_BOUND ( 'NONE', #5821, .T. ) ;
#9974 = EDGE_CURVE ( 'NONE', #1366, #9852, #10377, .T. ) ;
#9975 = CARTESIAN_POINT ( 'NONE',  ( 2.051667971656824907, 2.000000000000000000, 0.8000000000000000444 ) ) ;
#9976 = PLANE ( 'NONE',  #1348 ) ;
#9977 = DIRECTION ( 'NONE',  ( 0.0000000000000000000, 1.000000000000000000, 0.0000000000000000000 ) ) ;
#9978 = DIRECTION ( 'NONE',  ( -0.0000000000000000000, 1.000000000000000000, 0.0000000000000000000 ) ) ;
#9979 = EDGE_LOOP ( 'NONE', ( #5230, #8653, #7073, #6898 ) ) ;
#9980 = VERTEX_POINT ( 'NONE', #7179 ) ;
#9981 = EDGE_LOOP ( 'NONE', ( #43, #7996, #9824, #1493 ) ) ;
#9982 = FACE_BOUND ( 'NONE', #5864, .T. ) ;
#9983 = EDGE_LOOP ( 'NONE', ( #9083, #6202, #119, #9071 ) ) ;
#9984 = LINE ( 'NONE', #330, #4307 ) ;
#9985 = CARTESIAN_POINT ( 'NONE',  ( 19.90166797165684542, 2.000000000000000000, 0.8000000000000000444 ) ) ;
#9986 = ORIENTED_EDGE ( 'NONE', *, *, #9303, .T. ) ;
#9987 =( NAMED_UNIT ( * ) SI_UNIT ( $, .STERADIAN. ) SOLID_ANGLE_UNIT ( ) );
#9988 = CARTESIAN_POINT ( 'NONE',  ( 3.651667971656824996, 2.000000000000000000, -0.01800000000000000211 ) ) ;
#9989 = PLANE ( 'NONE',  #8488 ) ;
#9990 = CARTESIAN_POINT ( 'NONE',  ( 10.65166797165682055, 2.000000000000000000, -0.01800000000000000211 ) ) ;
#9991 = ORIENTED_EDGE ( 'NONE', *, *, #263, .T. ) ;
#9992 = VERTEX_POINT ( 'NONE', #3049 ) ;
#9993 = DIRECTION ( 'NONE',  ( 0.0000000000000000000, 0.0000000000000000000, 1.000000000000000000 ) ) ;
#9994 = VECTOR ( 'NONE', #4530, 1000.000000000000000 ) ;
#9995 = CARTESIAN_POINT ( 'NONE',  ( 18.40166797165684898, 0.5500000000000000444, 0.8000000000000000444 ) ) ;
#9996 = STYLED_ITEM ( 'NONE', ( #461 ), #10474 ) ;
#9997 = LINE ( 'NONE', #2886, #6679 ) ;
#9998 = CARTESIAN_POINT ( 'NONE',  ( 13.65166797165682055, 2.000000000000000000, -0.01800000000000000211 ) ) ;
#9999 = CARTESIAN_POINT ( 'NONE',  ( 12.65166797165682055, 0.5500000000000000444, 0.0000000000000000000 ) ) ;
#10000 = VERTEX_POINT ( 'NONE', #1588 ) ;
#10001 = AXIS2_PLACEMENT_3D ( 'NONE', #4651, #7712, #9305 ) ;
#10002 = CARTESIAN_POINT ( 'NONE',  ( 9.250000000000000000, 80.00000000000000000, 0.8000000000000000444 ) ) ;
#10003 = EDGE_CURVE ( 'NONE', #7926, #10362, #3869, .T. ) ;
#10004 = VERTEX_POINT ( 'NONE', #8040 ) ;
#10005 = EDGE_CURVE ( 'NONE', #2956, #5384, #2403, .T. ) ;
#10006 = DIRECTION ( 'NONE',  ( 1.000000000000000000, 0.0000000000000000000, 0.0000000000000000000 ) ) ;
#10007 = EDGE_CURVE ( 'NONE', #194, #6797, #5679, .T. ) ;
#10008 = ORIENTED_EDGE ( 'NONE', *, *, #1856, .T. ) ;
#10009 = AXIS2_PLACEMENT_3D ( 'NONE', #4643, #9663, #10357 ) ;
#10010 = LINE ( 'NONE', #5157, #2744 ) ;
#10012 = PLANE ( 'NONE',  #9761 ) ;
#10011 = VECTOR ( 'NONE', #4287, 1000.000000000000000 ) ;
#10013 = CARTESIAN_POINT ( 'NONE',  ( 13.55166797165682091, 0.5500000000000000444, 0.8180000000000000604 ) ) ;
#10014 = VERTEX_POINT ( 'NONE', #3153 ) ;
#10015 = LINE ( 'NONE', #7522, #9279 ) ;
#10016 = ORIENTED_EDGE ( 'NONE', *, *, #3569, .T. ) ;
#10017 = DIRECTION ( 'NONE',  ( 0.0000000000000000000, 1.000000000000000000, 0.0000000000000000000 ) ) ;
#10018 =( NAMED_UNIT ( * ) SI_UNIT ( $, .STERADIAN. ) SOLID_ANGLE_UNIT ( ) );
#10019 = EDGE_CURVE ( 'NONE', #3442, #1591, #4867, .T. ) ;
#10020 = ORIENTED_EDGE ( 'NONE', *, *, #892, .T. ) ;
#10021 = EDGE_CURVE ( 'NONE', #8828, #6740, #6738, .T. ) ;
#10022 = DIRECTION ( 'NONE',  ( 1.000000000000000000, 0.0000000000000000000, 0.0000000000000000000 ) ) ;
#10023 = MECHANICAL_DESIGN_GEOMETRIC_PRESENTATION_REPRESENTATION (  '', ( #1296 ), #268 ) ;
#10024 = EDGE_CURVE ( 'NONE', #3527, #4370, #9789, .T. ) ;
#10025 = FILL_AREA_STYLE_COLOUR ( '', #6096 ) ;
#10026 = DIRECTION ( 'NONE',  ( 0.0000000000000000000, -1.000000000000000000, 0.0000000000000000000 ) ) ;
#10027 = DIRECTION ( 'NONE',  ( 1.000000000000000000, 0.0000000000000000000, 0.0000000000000000000 ) ) ;
#10028 = PLANE ( 'NONE',  #6348 ) ;
#10029 = DIRECTION ( 'NONE',  ( -1.000000000000000000, 0.0000000000000000000, 0.0000000000000000000 ) ) ;
#10030 = CARTESIAN_POINT ( 'NONE',  ( 11.15166797165682055, 2.000000000000000000, -0.01800000000000000211 ) ) ;
#10031 = VERTEX_POINT ( 'NONE', #8348 ) ;
#10032 = VECTOR ( 'NONE', #3542, 1000.000000000000000 ) ;
#10033 = EDGE_CURVE ( 'NONE', #6342, #9880, #9943, .T. ) ;
#10034 = ORIENTED_EDGE ( 'NONE', *, *, #4389, .F. ) ;
#10035 = VERTEX_POINT ( 'NONE', #5886 ) ;
#10036 = FACE_BOUND ( 'NONE', #1791, .T. ) ;
#10037 = VERTEX_POINT ( 'NONE', #820 ) ;
#10038 = LINE ( 'NONE', #2077, #10113 ) ;
#10039 = FACE_OUTER_BOUND ( 'NONE', #3817, .T. ) ;
#10040 = DIRECTION ( 'NONE',  ( -1.000000000000000000, 0.0000000000000000000, 0.0000000000000000000 ) ) ;
#10041 = VERTEX_POINT ( 'NONE', #7397 ) ;
#10042 = LINE ( 'NONE', #10098, #3373 ) ;
#10043 = ADVANCED_FACE ( 'NONE', ( #8242 ), #9989, .F. ) ;
#10044 = DIRECTION ( 'NONE',  ( -1.000000000000000000, 0.0000000000000000000, 0.0000000000000000000 ) ) ;
#10045 = ORIENTED_EDGE ( 'NONE', *, *, #2061, .T. ) ;
#10046 = ORIENTED_EDGE ( 'NONE', *, *, #7254, .F. ) ;
#10047 = LINE ( 'NONE', #2881, #2549 ) ;
#10048 = LINE ( 'NONE', #4494, #1483 ) ;
#10049 = LINE ( 'NONE', #5300, #5986 ) ;
#10050 = LINE ( 'NONE', #5197, #590 ) ;
#10051 = DIRECTION ( 'NONE',  ( -1.000000000000000000, 0.0000000000000000000, 0.0000000000000000000 ) ) ;
#10052 = STYLED_ITEM ( 'NONE', ( #6435 ), #2188 ) ;
#10053 = ORIENTED_EDGE ( 'NONE', *, *, #2322, .T. ) ;
#10054 = DIRECTION ( 'NONE',  ( -1.000000000000000000, 0.0000000000000000000, 0.0000000000000000000 ) ) ;
#10055 = AXIS2_PLACEMENT_3D ( 'NONE', #2694, #3392, #5966 ) ;
#10056 = LINE ( 'NONE', #10002, #10093 ) ;
#10057 = ORIENTED_EDGE ( 'NONE', *, *, #7154, .F. ) ;
#10058 = DIRECTION ( 'NONE',  ( -1.000000000000000000, 0.0000000000000000000, 0.0000000000000000000 ) ) ;
#10059 = EDGE_LOOP ( 'NONE', ( #1307, #1226, #5106, #8815 ) ) ;
#10060 = FACE_OUTER_BOUND ( 'NONE', #6575, .T. ) ;
#10061 = DIRECTION ( 'NONE',  ( -1.000000000000000000, 0.0000000000000000000, 0.0000000000000000000 ) ) ;
#10062 = CARTESIAN_POINT ( 'NONE',  ( 18.65166797165684898, 2.000000000000000000, -0.01800000000000000211 ) ) ;
#10063 = AXIS2_PLACEMENT_3D ( 'NONE', #6539, #27, #6801 ) ;
#10064 = ORIENTED_EDGE ( 'NONE', *, *, #5382, .F. ) ;
#10065 = ORIENTED_EDGE ( 'NONE', *, *, #5989, .F. ) ;
#10066 = VECTOR ( 'NONE', #182, 1000.000000000000000 ) ;
#10067 = DIRECTION ( 'NONE',  ( 0.0000000000000000000, 1.000000000000000000, 0.0000000000000000000 ) ) ;
#10068 = EDGE_CURVE ( 'NONE', #371, #7170, #4269, .T. ) ;
#10069 = CARTESIAN_POINT ( 'NONE',  ( 9.151667971656820555, 2.000000000000000000, -0.01800000000000000211 ) ) ;
#10070 = ORIENTED_EDGE ( 'NONE', *, *, #7298, .F. ) ;
#10071 =( GEOMETRIC_REPRESENTATION_CONTEXT ( 3 ) GLOBAL_UNCERTAINTY_ASSIGNED_CONTEXT ( ( #2729 ) ) GLOBAL_UNIT_ASSIGNED_CONTEXT ( ( #8874, #4038, #8020 ) ) REPRESENTATION_CONTEXT ( 'NONE', 'WORKASPACE' ) );
#10072 = LINE ( 'NONE', #7795, #1678 ) ;
#10073 = VECTOR ( 'NONE', #1076, 1000.000000000000000 ) ;
#10074 = SURFACE_SIDE_STYLE ('',( #8536 ) ) ;
#10075 = CARTESIAN_POINT ( 'NONE',  ( 20.05166797165679782, 2.000000000000000000, 0.8180000000000000604 ) ) ;
#10076 = DIRECTION ( 'NONE',  ( 1.000000000000000000, 0.0000000000000000000, 0.0000000000000000000 ) ) ;
#10077 = LINE ( 'NONE', #2594, #3758 ) ;
#10078 = LINE ( 'NONE', #3397, #10292 ) ;
#10079 = EDGE_CURVE ( 'NONE', #7466, #9176, #4215, .T. ) ;
#10080 = VECTOR ( 'NONE', #1558, 1000.000000000000000 ) ;
#10081 = ADVANCED_FACE ( 'NONE', ( #6639 ), #9836, .T. ) ;
#10082 = ORIENTED_EDGE ( 'NONE', *, *, #8332, .F. ) ;
#10083 = AXIS2_PLACEMENT_3D ( 'NONE', #300, #476, #5263 ) ;
#10084 = EDGE_CURVE ( 'NONE', #1029, #578, #6613, .T. ) ;
#10085 = PLANE ( 'NONE',  #118 ) ;
#10086 = ORIENTED_EDGE ( 'NONE', *, *, #9631, .F. ) ;
#10087 = VERTEX_POINT ( 'NONE', #5778 ) ;
#10088 = DIRECTION ( 'NONE',  ( 0.0000000000000000000, 0.0000000000000000000, -1.000000000000000000 ) ) ;
#10089 = ORIENTED_EDGE ( 'NONE', *, *, #658, .F. ) ;
#10090 =( NAMED_UNIT ( * ) PLANE_ANGLE_UNIT ( ) SI_UNIT ( $, .RADIAN. ) );
#10091 = AXIS2_PLACEMENT_3D ( 'NONE', #3646, #1991, #5260 ) ;
#10092 = LINE ( 'NONE', #2764, #8554 ) ;
#10093 = VECTOR ( 'NONE', #5254, 1000.000000000000000 ) ;
#10094 = EDGE_CURVE ( 'NONE', #9476, #2036, #1804, .T. ) ;
#10095 = ADVANCED_FACE ( 'NONE', ( #3465 ), #121, .F. ) ;
#10096 = ORIENTED_EDGE ( 'NONE', *, *, #7288, .F. ) ;
#10097 = EDGE_CURVE ( 'NONE', #393, #9931, #9038, .T. ) ;
#10098 = CARTESIAN_POINT ( 'NONE',  ( 7.051667971656829792, 0.5500000000000000444, 0.8000000000000000444 ) ) ;
#10099 = VECTOR ( 'NONE', #2065, 1000.000000000000000 ) ;
#10100 = DIRECTION ( 'NONE',  ( 0.0000000000000000000, 0.0000000000000000000, -1.000000000000000000 ) ) ;
#10101 = ORIENTED_EDGE ( 'NONE', *, *, #5998, .T. ) ;
#10102 = CARTESIAN_POINT ( 'NONE',  ( 14.65166797165682055, 2.000000000000000000, -0.01800000000000000211 ) ) ;
#10103 = ORIENTED_EDGE ( 'NONE', *, *, #5803, .T. ) ;
#10104 = CARTESIAN_POINT ( 'NONE',  ( 0.0000000000000000000, 0.0000000000000000000, 0.8180000000000000604 ) ) ;
#10105 = EDGE_CURVE ( 'NONE', #8386, #592, #7446, .T. ) ;
#10106 = CARTESIAN_POINT ( 'NONE',  ( 17.55166797165684756, 0.5500000000000000444, 0.8000000000000000444 ) ) ;
#10107 = CARTESIAN_POINT ( 'NONE',  ( 1.074999999999999956, 0.0000000000000000000, 0.8000000000000000444 ) ) ;
#10108 = VECTOR ( 'NONE', #10257, 1000.000000000000000 ) ;
#10109 = CARTESIAN_POINT ( 'NONE',  ( 9.151667971656820555, 0.5500000000000000444, 0.0000000000000000000 ) ) ;
#10110 = LINE ( 'NONE', #8626, #6112 ) ;
#10111 = ORIENTED_EDGE ( 'NONE', *, *, #4028, .T. ) ;
#10112 = CARTESIAN_POINT ( 'NONE',  ( 18.65166797165684898, 2.000000000000000000, 0.0000000000000000000 ) ) ;
#10113 = VECTOR ( 'NONE', #9296, 1000.000000000000000 ) ;
#10114 = FACE_OUTER_BOUND ( 'NONE', #9791, .T. ) ;
#10115 = ORIENTED_EDGE ( 'NONE', *, *, #307, .F. ) ;
#10116 = ORIENTED_EDGE ( 'NONE', *, *, #5653, .T. ) ;
#10117 = VECTOR ( 'NONE', #9184, 1000.000000000000000 ) ;
#10118 = DIRECTION ( 'NONE',  ( 0.0000000000000000000, -1.000000000000000000, 0.0000000000000000000 ) ) ;
#10119 = EDGE_LOOP ( 'NONE', ( #9774, #2674, #6731, #2533 ) ) ;
#10120 = PLANE ( 'NONE',  #10091 ) ;
#10121 = DIRECTION ( 'NONE',  ( 0.0000000000000000000, 1.000000000000000000, 0.0000000000000000000 ) ) ;
#10122 = PLANE ( 'NONE',  #1018 ) ;
#10123 = EDGE_LOOP ( 'NONE', ( #4446, #16, #7277, #5932 ) ) ;
#10124 = DIRECTION ( 'NONE',  ( 0.0000000000000000000, 0.0000000000000000000, -1.000000000000000000 ) ) ;
#10125 = COLOUR_RGB ( '',0.1019607843137254888, 0.1019607843137254888, 0.1019607843137254888 ) ;
#10126 = ORIENTED_EDGE ( 'NONE', *, *, #4259, .T. ) ;
#10127 = UNCERTAINTY_MEASURE_WITH_UNIT (LENGTH_MEASURE( 1.000000000000000082E-05 ), #9889, 'distance_accuracy_value', 'NONE');
#10128 = CARTESIAN_POINT ( 'NONE',  ( 14.05166797165682091, 0.5500000000000000444, 0.8000000000000000444 ) ) ;
#10129 = FACE_OUTER_BOUND ( 'NONE', #698, .T. ) ;
#10130 = ORIENTED_EDGE ( 'NONE', *, *, #9727, .T. ) ;
#10131 = DIRECTION ( 'NONE',  ( 0.0000000000000000000, 1.000000000000000000, 0.0000000000000000000 ) ) ;
#10132 = DIRECTION ( 'NONE',  ( 0.0000000000000000000, 0.0000000000000000000, 1.000000000000000000 ) ) ;
#10133 = LINE ( 'NONE', #9287, #2922 ) ;
#10134 = DIRECTION ( 'NONE',  ( 1.000000000000000000, 0.0000000000000000000, 0.0000000000000000000 ) ) ;
#10135 = DIRECTION ( 'NONE',  ( 0.0000000000000000000, -1.000000000000000000, 0.0000000000000000000 ) ) ;
#10136 = PRESENTATION_LAYER_ASSIGNMENT (  '', '', ( #1240 ) ) ;
#10137 = VERTEX_POINT ( 'NONE', #4161 ) ;
#10138 = CARTESIAN_POINT ( 'NONE',  ( 20.15166797165684542, 0.5499999999999860556, -0.01800000000000000211 ) ) ;
#10139 = ORIENTED_EDGE ( 'NONE', *, *, #8538, .T. ) ;
#10140 = VERTEX_POINT ( 'NONE', #9095 ) ;
#10141 = EDGE_CURVE ( 'NONE', #5598, #1133, #70, .T. ) ;
#10142 = DIRECTION ( 'NONE',  ( 1.000000000000000000, 0.0000000000000000000, 0.0000000000000000000 ) ) ;
#10143 = ORIENTED_EDGE ( 'NONE', *, *, #2493, .F. ) ;
#10144 = ADVANCED_FACE ( 'NONE', ( #8290 ), #933, .F. ) ;
#10145 = DIRECTION ( 'NONE',  ( 0.0000000000000000000, 0.0000000000000000000, -1.000000000000000000 ) ) ;
#10146 = CARTESIAN_POINT ( 'NONE',  ( 10.05166797165682091, 2.000000000000000000, 0.8000000000000000444 ) ) ;
#10147 = EDGE_CURVE ( 'NONE', #8630, #4476, #4039, .T. ) ;
#10148 = DIRECTION ( 'NONE',  ( -2.990902544787600071E-16, 1.000000000000000000, 0.0000000000000000000 ) ) ;
#10149 = VERTEX_POINT ( 'NONE', #10516 ) ;
#10150 = CYLINDRICAL_SURFACE ( 'NONE', #9864, 0.5999999999999998668 ) ;
#10151 = CARTESIAN_POINT ( 'NONE',  ( 13.90166797165682055, 0.5500000000000000444, 0.8180000000000000604 ) ) ;
#10152 = ORIENTED_EDGE ( 'NONE', *, *, #2552, .F. ) ;
#10153 = EDGE_CURVE ( 'NONE', #1827, #3339, #9667, .T. ) ;
#10154 = FACE_OUTER_BOUND ( 'NONE', #4290, .T. ) ;
#10155 = ORIENTED_EDGE ( 'NONE', *, *, #5328, .T. ) ;
#10156 = CARTESIAN_POINT ( 'NONE',  ( 19.65166797165684898, 2.000000000000000000, 0.0000000000000000000 ) ) ;
#10157 = CARTESIAN_POINT ( 'NONE',  ( 6.651667971656819667, 0.5500000000000000444, -0.01800000000000000211 ) ) ;
#10158 = EDGE_CURVE ( 'NONE', #4854, #8893, #3933, .T. ) ;
#10159 = VECTOR ( 'NONE', #8508, 1000.000000000000000 ) ;
#10160 = DIRECTION ( 'NONE',  ( 1.000000000000000000, 0.0000000000000000000, 0.0000000000000000000 ) ) ;
#10161 = PLANE ( 'NONE',  #5459 ) ;
#10162 = DIRECTION ( 'NONE',  ( 1.000000000000000000, 0.0000000000000000000, 0.0000000000000000000 ) ) ;
#10163 = CARTESIAN_POINT ( 'NONE',  ( 19.55166797165679782, 2.000000000000000000, 0.8180000000000000604 ) ) ;
#10164 = ORIENTED_EDGE ( 'NONE', *, *, #1434, .T. ) ;
#10165 = CARTESIAN_POINT ( 'NONE',  ( 18.90166797165684898, 2.000000000000000000, 0.8180000000000000604 ) ) ;
#10166 = CIRCLE ( 'NONE', #9830, 0.5000000000000004441 ) ;
#10167 = CARTESIAN_POINT ( 'NONE',  ( 3.151667971656824996, 2.000000000000000000, -0.01800000000000000211 ) ) ;
#10168 = ORIENTED_EDGE ( 'NONE', *, *, #5766, .T. ) ;
#10169 = ORIENTED_EDGE ( 'NONE', *, *, #7897, .T. ) ;
#10170 = LINE ( 'NONE', #2734, #9045 ) ;
#10171 = VECTOR ( 'NONE', #2499, 1000.000000000000000 ) ;
#10172 = ORIENTED_EDGE ( 'NONE', *, *, #9128, .F. ) ;
#10173 = CARTESIAN_POINT ( 'NONE',  ( 8.151667971656829437, 0.5500000000000000444, -0.01800000000000000211 ) ) ;
#10174 = CARTESIAN_POINT ( 'NONE',  ( 1.298125607096193990E-14, 4.000000000000000000, 0.8000000000000000444 ) ) ;
#10175 = FACE_OUTER_BOUND ( 'NONE', #72, .T. ) ;
#10176 = VECTOR ( 'NONE', #10142, 1000.000000000000000 ) ;
#10177 = EDGE_LOOP ( 'NONE', ( #4511, #329, #81, #6768 ) ) ;
#10178 = PLANE ( 'NONE',  #7069 ) ;
#10179 = ORIENTED_EDGE ( 'NONE', *, *, #6690, .T. ) ;
#10180 = CARTESIAN_POINT ( 'NONE',  ( 13.80166797165682091, 0.5500000000000000444, -0.01800000000000000211 ) ) ;
#10181 = EDGE_CURVE ( 'NONE', #9563, #5948, #5605, .T. ) ;
#10182 = LINE ( 'NONE', #6187, #6106 ) ;
#10183 = ORIENTED_EDGE ( 'NONE', *, *, #1637, .F. ) ;
#10184 = LINE ( 'NONE', #4515, #6680 ) ;
#10185 = AXIS2_PLACEMENT_3D ( 'NONE', #7769, #2134, #10264 ) ;
#10186 = DIRECTION ( 'NONE',  ( 0.0000000000000000000, 0.0000000000000000000, 1.000000000000000000 ) ) ;
#10187 = MECHANICAL_DESIGN_GEOMETRIC_PRESENTATION_REPRESENTATION (  '', ( #6795 ), #4555 ) ;
#10188 = DIRECTION ( 'NONE',  ( 0.0000000000000000000, -1.000000000000000000, 0.0000000000000000000 ) ) ;
#10189 = LINE ( 'NONE', #2863, #5138 ) ;
#10190 = CARTESIAN_POINT ( 'NONE',  ( 7.801667971656819134, 0.5500000000000000444, 0.0000000000000000000 ) ) ;
#10191 = ORIENTED_EDGE ( 'NONE', *, *, #7846, .F. ) ;
#10192 = VECTOR ( 'NONE', #3101, 1000.000000000000000 ) ;
#10193 = ORIENTED_EDGE ( 'NONE', *, *, #8344, .F. ) ;
#10194 = VERTEX_POINT ( 'NONE', #8118 ) ;
#10195 = ORIENTED_EDGE ( 'NONE', *, *, #2646, .F. ) ;
#10196 = LINE ( 'NONE', #2709, #2597 ) ;
#10197 = LINE ( 'NONE', #553, #4962 ) ;
#10198 = DIRECTION ( 'NONE',  ( -1.224511328481548031E-16, -1.000000000000000000, 0.0000000000000000000 ) ) ;
#10199 = ORIENTED_EDGE ( 'NONE', *, *, #7540, .F. ) ;
#10200 = CARTESIAN_POINT ( 'NONE',  ( 4.851667971656830503, 2.899999999999999911, 0.8000000000000000444 ) ) ;
#10201 = EDGE_CURVE ( 'NONE', #4909, #8233, #5549, .T. ) ;
#10202 = VECTOR ( 'NONE', #3168, 1000.000000000000000 ) ;
#10203 = DIRECTION ( 'NONE',  ( 1.000000000000000000, 0.0000000000000000000, 0.0000000000000000000 ) ) ;
#10204 = EDGE_LOOP ( 'NONE', ( #5122, #9136, #4505, #7885 ) ) ;
#10205 = DIRECTION ( 'NONE',  ( 0.0000000000000000000, -1.000000000000000000, 0.0000000000000000000 ) ) ;
#10206 = EDGE_LOOP ( 'NONE', ( #1183, #5755, #4258, #5191 ) ) ;
#10207 = DIRECTION ( 'NONE',  ( 0.0000000000000000000, 0.0000000000000000000, -1.000000000000000000 ) ) ;
#10208 = FACE_OUTER_BOUND ( 'NONE', #7501, .T. ) ;
#10209 = VECTOR ( 'NONE', #130, 1000.000000000000000 ) ;
#10210 = CARTESIAN_POINT ( 'NONE',  ( 19.40166797165684898, 0.5500000000000000444, 0.8180000000000000604 ) ) ;
#10211 = LINE ( 'NONE', #10107, #9738 ) ;
#10212 = CARTESIAN_POINT ( 'NONE',  ( 12.05166797165682091, 2.000000000000000000, 0.8180000000000000604 ) ) ;
#10213 = CARTESIAN_POINT ( 'NONE',  ( 9.151667971656820555, 2.000000000000000000, 0.0000000000000000000 ) ) ;
#10214 = EDGE_CURVE ( 'NONE', #8664, #1999, #8823, .T. ) ;
#10215 = ADVANCED_FACE ( 'NONE', ( #7964 ), #6567, .T. ) ;
#10216 = DIRECTION ( 'NONE',  ( 0.0000000000000000000, 0.0000000000000000000, 1.000000000000000000 ) ) ;
#10217 = ADVANCED_FACE ( 'NONE', ( #3193 ), #602, .F. ) ;
#10218 = FACE_OUTER_BOUND ( 'NONE', #5472, .T. ) ;
#10219 = ORIENTED_EDGE ( 'NONE', *, *, #9829, .T. ) ;
#10220 = ORIENTED_EDGE ( 'NONE', *, *, #10079, .T. ) ;
#10221 = CARTESIAN_POINT ( 'NONE',  ( 19.30166797165679782, 2.000000000000000000, -0.01800000000000000211 ) ) ;
#10222 = VECTOR ( 'NONE', #8987, 1000.000000000000000 ) ;
#10223 = ORIENTED_EDGE ( 'NONE', *, *, #10021, .T. ) ;
#10224 = DIRECTION ( 'NONE',  ( 1.000000000000000000, 0.0000000000000000000, 0.0000000000000000000 ) ) ;
#10225 = CARTESIAN_POINT ( 'NONE',  ( 12.80166797165682091, 2.000000000000000000, -0.01800000000000000211 ) ) ;
#10226 = VECTOR ( 'NONE', #7035, 1000.000000000000000 ) ;
#10227 = DIRECTION ( 'NONE',  ( 0.0000000000000000000, -1.000000000000000000, 0.0000000000000000000 ) ) ;
#10228 = EDGE_LOOP ( 'NONE', ( #10469, #3223, #4727, #3694 ) ) ;
#10229 = SURFACE_SIDE_STYLE ('',( #6987 ) ) ;
#10230 = EDGE_CURVE ( 'NONE', #10137, #6375, #9772, .T. ) ;
#10231 = ADVANCED_FACE ( 'NONE', ( #6365 ), #5708, .F. ) ;
#10232 = ORIENTED_EDGE ( 'NONE', *, *, #323, .T. ) ;
#10233 =( GEOMETRIC_REPRESENTATION_CONTEXT ( 3 ) GLOBAL_UNCERTAINTY_ASSIGNED_CONTEXT ( ( #10127 ) ) GLOBAL_UNIT_ASSIGNED_CONTEXT ( ( #9889, #8137, #5887 ) ) REPRESENTATION_CONTEXT ( 'NONE', 'WORKASPACE' ) );
#10234 = LINE ( 'NONE', #10128, #1480 ) ;
#10235 = EDGE_CURVE ( 'NONE', #6375, #722, #8970, .T. ) ;
#10236 = DIRECTION ( 'NONE',  ( -1.000000000000000000, 0.0000000000000000000, 0.0000000000000000000 ) ) ;
#10237 = ORIENTED_EDGE ( 'NONE', *, *, #7879, .T. ) ;
#10238 =( NAMED_UNIT ( * ) SI_UNIT ( $, .STERADIAN. ) SOLID_ANGLE_UNIT ( ) );
#10239 = CARTESIAN_POINT ( 'NONE',  ( 2.401667971656824996, 2.000000000000000000, 0.8180000000000000604 ) ) ;
#10240 = DIRECTION ( 'NONE',  ( 0.0000000000000000000, -1.000000000000000000, 0.0000000000000000000 ) ) ;
#10241 = ADVANCED_FACE ( 'NONE', ( #8169 ), #2285, .T. ) ;
#10242 = CARTESIAN_POINT ( 'NONE',  ( 4.251667971656825529, -1.469576158976823799E-16, 0.6908089297201439605 ) ) ;
#10243 = FILL_AREA_STYLE_COLOUR ( '', #144 ) ;
#10244 = VECTOR ( 'NONE', #2458, 1000.000000000000000 ) ;
#10245 = FACE_OUTER_BOUND ( 'NONE', #1446, .T. ) ;
#10246 = VERTEX_POINT ( 'NONE', #6860 ) ;
#10247 =( GEOMETRIC_REPRESENTATION_CONTEXT ( 3 ) GLOBAL_UNCERTAINTY_ASSIGNED_CONTEXT ( ( #1003 ) ) GLOBAL_UNIT_ASSIGNED_CONTEXT ( ( #5098, #10598, #5950 ) ) REPRESENTATION_CONTEXT ( 'NONE', 'WORKASPACE' ) );
#10248 = DIRECTION ( 'NONE',  ( 0.0000000000000000000, 0.0000000000000000000, -1.000000000000000000 ) ) ;
#10249 = VERTEX_POINT ( 'NONE', #943 ) ;
#10250 = ORIENTED_EDGE ( 'NONE', *, *, #8447, .F. ) ;
#10251 = LINE ( 'NONE', #6201, #2155 ) ;
#10252 = EDGE_LOOP ( 'NONE', ( #342, #9198, #1322, #2858 ) ) ;
#10253 = DIRECTION ( 'NONE',  ( 0.0000000000000000000, -1.000000000000000000, 0.0000000000000000000 ) ) ;
#10254 = CARTESIAN_POINT ( 'NONE',  ( 13.05166797165682091, 0.5500000000000000444, 0.8180000000000000604 ) ) ;
#10255 = VECTOR ( 'NONE', #5969, 1000.000000000000000 ) ;
#10256 = AXIS2_PLACEMENT_3D ( 'NONE', #2830, #346, #2032 ) ;
#10257 = DIRECTION ( 'NONE',  ( 0.0000000000000000000, 1.000000000000000000, 0.0000000000000000000 ) ) ;
#10258 = ORIENTED_EDGE ( 'NONE', *, *, #3743, .T. ) ;
#10259 = CARTESIAN_POINT ( 'NONE',  ( 14.80166797165682091, 0.5500000000000000444, -0.01800000000000000211 ) ) ;
#10260 = VECTOR ( 'NONE', #8433, 1000.000000000000000 ) ;
#10261 = DIRECTION ( 'NONE',  ( 1.000000000000000000, 0.0000000000000000000, 0.0000000000000000000 ) ) ;
#10262 = VECTOR ( 'NONE', #9592, 1000.000000000000000 ) ;
#10263 = EDGE_LOOP ( 'NONE', ( #8178, #5096, #4790, #6188 ) ) ;
#10264 = DIRECTION ( 'NONE',  ( 1.000000000000000000, 0.0000000000000000000, 0.0000000000000000000 ) ) ;
#10265 = EDGE_LOOP ( 'NONE', ( #1166, #2407, #384, #9687 ) ) ;
#10266 = PLANE ( 'NONE',  #535 ) ;
#10267 = LINE ( 'NONE', #4602, #3503 ) ;
#10268 = CYLINDRICAL_SURFACE ( 'NONE', #9484, 0.5000000000000004441 ) ;
#10269 = CARTESIAN_POINT ( 'NONE',  ( 19.05166797165684756, 2.000000000000000000, 0.8180000000000000604 ) ) ;
#10270 = AXIS2_PLACEMENT_3D ( 'NONE', #7840, #10227, #6984 ) ;
#10271 = DIRECTION ( 'NONE',  ( 0.0000000000000000000, 0.0000000000000000000, -1.000000000000000000 ) ) ;
#10272 = DIRECTION ( 'NONE',  ( 0.0000000000000000000, 0.0000000000000000000, -1.000000000000000000 ) ) ;
#10273 = DIRECTION ( 'NONE',  ( 1.000000000000000000, 0.0000000000000000000, 0.0000000000000000000 ) ) ;
#10274 = ORIENTED_EDGE ( 'NONE', *, *, #1856, .F. ) ;
#10275 = ORIENTED_EDGE ( 'NONE', *, *, #1495, .F. ) ;
#10276 = ORIENTED_EDGE ( 'NONE', *, *, #859, .F. ) ;
#10277 = DIRECTION ( 'NONE',  ( 1.000000000000000000, 0.0000000000000000000, 0.0000000000000000000 ) ) ;
#10278 = ORIENTED_EDGE ( 'NONE', *, *, #6573, .F. ) ;
#10279 = ADVANCED_FACE ( 'NONE', ( #7608 ), #349, .F. ) ;
#10280 = PLANE ( 'NONE',  #4599 ) ;
#10281 = VECTOR ( 'NONE', #10540, 1000.000000000000000 ) ;
#10282 = EDGE_CURVE ( 'NONE', #7384, #6213, #287, .T. ) ;
#10283 = LINE ( 'NONE', #8689, #7180 ) ;
#10284 = EDGE_CURVE ( 'NONE', #883, #8725, #7660, .T. ) ;
#10285 = DIRECTION ( 'NONE',  ( 0.0000000000000000000, 0.0000000000000000000, -1.000000000000000000 ) ) ;
#10286 = FACE_OUTER_BOUND ( 'NONE', #9823, .T. ) ;
#10287 = VERTEX_POINT ( 'NONE', #8455 ) ;
#10288 = FACE_OUTER_BOUND ( 'NONE', #8777, .T. ) ;
#10289 = ORIENTED_EDGE ( 'NONE', *, *, #6756, .T. ) ;
#10290 = CARTESIAN_POINT ( 'NONE',  ( 13.05166797165682091, 0.5500000000000000444, 0.8000000000000000444 ) ) ;
#10291 = VECTOR ( 'NONE', #7647, 1000.000000000000000 ) ;
#10292 = VECTOR ( 'NONE', #1077, 1000.000000000000000 ) ;
#10293 = CARTESIAN_POINT ( 'NONE',  ( 18.05166797165684756, 2.000000000000000000, 0.8180000000000000604 ) ) ;
#10294 = VERTEX_POINT ( 'NONE', #10109 ) ;
#10295 = DIRECTION ( 'NONE',  ( 0.0000000000000000000, 0.0000000000000000000, -1.000000000000000000 ) ) ;
#10296 = CARTESIAN_POINT ( 'NONE',  ( 12.15166797165682055, 0.5500000000000000444, -0.01800000000000000211 ) ) ;
#10297 = EDGE_CURVE ( 'NONE', #4758, #713, #3637, .T. ) ;
#10298 = DIRECTION ( 'NONE',  ( -1.000000000000000000, 0.0000000000000000000, 0.0000000000000000000 ) ) ;
#10299 = EDGE_CURVE ( 'NONE', #2733, #964, #5249, .T. ) ;
#10300 = VECTOR ( 'NONE', #9861, 1000.000000000000000 ) ;
#10301 = DIRECTION ( 'NONE',  ( 0.0000000000000000000, -1.000000000000000000, 0.0000000000000000000 ) ) ;
#10302 = EDGE_LOOP ( 'NONE', ( #8667, #9676, #6370, #7447 ) ) ;
#10303 = CARTESIAN_POINT ( 'NONE',  ( 10.05166797165682091, 2.000000000000000000, 0.8180000000000000604 ) ) ;
#10304 = EDGE_CURVE ( 'NONE', #578, #10362, #232, .T. ) ;
#10305 = ORIENTED_EDGE ( 'NONE', *, *, #5133, .T. ) ;
#10306 = VERTEX_POINT ( 'NONE', #2672 ) ;
#10307 = FACE_BOUND ( 'NONE', #4347, .T. ) ;
#10308 = FACE_OUTER_BOUND ( 'NONE', #10498, .T. ) ;
#10309 = CARTESIAN_POINT ( 'NONE',  ( 2.801667971656824907, 2.000000000000000000, -0.01800000000000000211 ) ) ;
#10310 = PLANE ( 'NONE',  #9771 ) ;
#10311 = ORIENTED_EDGE ( 'NONE', *, *, #5212, .F. ) ;
#10312 = PLANE ( 'NONE',  #97 ) ;
#10313 = EDGE_CURVE ( 'NONE', #8638, #4969, #2724, .T. ) ;
#10314 = PRESENTATION_STYLE_ASSIGNMENT (( #7070 ) ) ;
#10315 = ORIENTED_EDGE ( 'NONE', *, *, #5898, .T. ) ;
#10316 = FACE_OUTER_BOUND ( 'NONE', #6418, .T. ) ;
#10317 = ORIENTED_EDGE ( 'NONE', *, *, #7682, .F. ) ;
#10318 = DIRECTION ( 'NONE',  ( 0.0000000000000000000, 0.0000000000000000000, 1.000000000000000000 ) ) ;
#10319 = PLANE ( 'NONE',  #6083 ) ;
#10320 = DIRECTION ( 'NONE',  ( 0.0000000000000000000, 0.0000000000000000000, -1.000000000000000000 ) ) ;
#10321 = FACE_OUTER_BOUND ( 'NONE', #8005, .T. ) ;
#10322 = LINE ( 'NONE', #1479, #9686 ) ;
#10323 = DIRECTION ( 'NONE',  ( 1.224619232112199784E-16, -1.000000000000000000, 0.0000000000000000000 ) ) ;
#10324 = ORIENTED_EDGE ( 'NONE', *, *, #5201, .F. ) ;
#10325 = ORIENTED_EDGE ( 'NONE', *, *, #1967, .F. ) ;
#10326 = EDGE_LOOP ( 'NONE', ( #4133, #8478, #9621, #8710 ) ) ;
#10327 = CARTESIAN_POINT ( 'NONE',  ( 14.05166797165682091, 0.5500000000000000444, 0.8180000000000000604 ) ) ;
#10328 = EDGE_LOOP ( 'NONE', ( #754, #746, #5953, #9449, #8870, #7241, #2183, #7388, #5374, #2925, #8587, #2639, #8801, #3704, #8692, #7000, #6417, #2504, #8244, #4317 ) ) ;
#10329 = PLANE ( 'NONE',  #1331 ) ;
#10330 = LINE ( 'NONE', #2958, #8041 ) ;
#10331 = DIRECTION ( 'NONE',  ( -1.000000000000000000, 0.0000000000000000000, 0.0000000000000000000 ) ) ;
#10332 = DIRECTION ( 'NONE',  ( 0.0000000000000000000, 0.0000000000000000000, 1.000000000000000000 ) ) ;
#10333 = ORIENTED_EDGE ( 'NONE', *, *, #5962, .F. ) ;
#10334 = AXIS2_PLACEMENT_3D ( 'NONE', #1094, #6967, #7658 ) ;
#10335 = CARTESIAN_POINT ( 'NONE',  ( 17.90166797165684898, 0.5500000000000000444, 0.8180000000000000604 ) ) ;
#10336 = ORIENTED_EDGE ( 'NONE', *, *, #9764, .F. ) ;
#10337 = LINE ( 'NONE', #7792, #5086 ) ;
#10338 = EDGE_CURVE ( 'NONE', #5213, #3255, #10050, .T. ) ;
#10339 = EDGE_CURVE ( 'NONE', #2474, #9283, #1152, .T. ) ;
#10340 = PLANE ( 'NONE',  #1132 ) ;
#10341 = ORIENTED_EDGE ( 'NONE', *, *, #8192, .T. ) ;
#10342 = LINE ( 'NONE', #8908, #1876 ) ;
#10343 = CARTESIAN_POINT ( 'NONE',  ( 12.90166797165682055, 2.000000000000000000, 0.8000000000000000444 ) ) ;
#10344 =( GEOMETRIC_REPRESENTATION_CONTEXT ( 3 ) GLOBAL_UNCERTAINTY_ASSIGNED_CONTEXT ( ( #7351 ) ) GLOBAL_UNIT_ASSIGNED_CONTEXT ( ( #7414, #1715, #36 ) ) REPRESENTATION_CONTEXT ( 'NONE', 'WORKASPACE' ) );
#10345 = FILL_AREA_STYLE_COLOUR ( '', #2229 ) ;
#10346 = CARTESIAN_POINT ( 'NONE',  ( 8.000000000000000000, 80.00000000000000000, -0.001000000000000000021 ) ) ;
#10347 = AXIS2_PLACEMENT_3D ( 'NONE', #7776, #3741, #10374 ) ;
#10348 = CARTESIAN_POINT ( 'NONE',  ( 3.551667971656824907, 0.5500000000000000444, 0.8180000000000000604 ) ) ;
#10349 = EDGE_LOOP ( 'NONE', ( #5099, #3036, #2845, #5633 ) ) ;
#10350 = EDGE_CURVE ( 'NONE', #4093, #4370, #6054, .T. ) ;
#10351 = ADVANCED_FACE ( 'NONE', ( #1761 ), #9263, .F. ) ;
#10352 = VECTOR ( 'NONE', #8849, 1000.000000000000000 ) ;
#10353 = EDGE_CURVE ( 'NONE', #7672, #5611, #4434, .T. ) ;
#10354 = LINE ( 'NONE', #1513, #3736 ) ;
#10355 = VERTEX_POINT ( 'NONE', #4224 ) ;
#10356 = ORIENTED_EDGE ( 'NONE', *, *, #6776, .T. ) ;
#10357 = DIRECTION ( 'NONE',  ( 1.000000000000000000, 0.0000000000000000000, 0.0000000000000000000 ) ) ;
#10358 = DIRECTION ( 'NONE',  ( 1.000000000000000000, 0.0000000000000000000, 0.0000000000000000000 ) ) ;
#10359 = FACE_OUTER_BOUND ( 'NONE', #8401, .T. ) ;
#10360 = DIRECTION ( 'NONE',  ( 0.0000000000000000000, -1.000000000000000000, 0.0000000000000000000 ) ) ;
#10361 = VECTOR ( 'NONE', #8253, 1000.000000000000000 ) ;
#10362 = VERTEX_POINT ( 'NONE', #2565 ) ;
#10363 = EDGE_CURVE ( 'NONE', #7325, #1827, #1814, .T. ) ;
#10364 = DIRECTION ( 'NONE',  ( 1.000000000000000000, 0.0000000000000000000, 0.0000000000000000000 ) ) ;
#10365 = ORIENTED_EDGE ( 'NONE', *, *, #6988, .T. ) ;
#10366 = DIRECTION ( 'NONE',  ( -1.000000000000000000, 0.0000000000000000000, 0.0000000000000000000 ) ) ;
#10367 = ORIENTED_EDGE ( 'NONE', *, *, #6690, .F. ) ;
#10368 = LINE ( 'NONE', #6263, #3108 ) ;
#10369 = VECTOR ( 'NONE', #9421, 1000.000000000000000 ) ;
#10370 = CARTESIAN_POINT ( 'NONE',  ( 19.80166797165679782, 0.5499999999999860556, -0.01800000000000000211 ) ) ;
#10371 = CARTESIAN_POINT ( 'NONE',  ( 0.0000000000000000000, 0.0000000000000000000, 0.8180000000000000604 ) ) ;
#10372 = SURFACE_SIDE_STYLE ('',( #3300 ) ) ;
#10373 = ADVANCED_FACE ( 'NONE', ( #1870 ), #3424, .T. ) ;
#10374 = DIRECTION ( 'NONE',  ( 0.0000000000000000000, 0.0000000000000000000, 1.000000000000000000 ) ) ;
#10375 = DIRECTION ( 'NONE',  ( 1.000000000000000000, 0.0000000000000000000, 0.0000000000000000000 ) ) ;
#10376 = VECTOR ( 'NONE', #6287, 1000.000000000000000 ) ;
#10377 = LINE ( 'NONE', #6382, #10192 ) ;
#10378 = EDGE_LOOP ( 'NONE', ( #4155, #3585, #8972, #4972 ) ) ;
#10379 = VECTOR ( 'NONE', #580, 1000.000000000000000 ) ;
#10380 = ORIENTED_EDGE ( 'NONE', *, *, #7623, .T. ) ;
#10381 = ORIENTED_EDGE ( 'NONE', *, *, #2493, .T. ) ;
#10382 = CARTESIAN_POINT ( 'NONE',  ( 9.651667971656820555, 2.000000000000000000, -0.01800000000000000211 ) ) ;
#10383 = ORIENTED_EDGE ( 'NONE', *, *, #9645, .T. ) ;
#10384 = SURFACE_SIDE_STYLE ('',( #9639 ) ) ;
#10385 = CARTESIAN_POINT ( 'NONE',  ( 14.80166797165682091, 2.000000000000000000, -0.01800000000000000211 ) ) ;
#10386 = CARTESIAN_POINT ( 'NONE',  ( 18.30166797165680137, 2.000000000000000000, -0.01800000000000000211 ) ) ;
#10387 = DIRECTION ( 'NONE',  ( -2.990902544787600071E-16, 1.000000000000000000, 0.0000000000000000000 ) ) ;
#10388 = VERTEX_POINT ( 'NONE', #3475 ) ;
#10389 = ORIENTED_EDGE ( 'NONE', *, *, #9036, .F. ) ;
#10390 = DIRECTION ( 'NONE',  ( 0.0000000000000000000, -1.000000000000000000, 0.0000000000000000000 ) ) ;
#10391 = LINE ( 'NONE', #635, #3068 ) ;
#10392 = EDGE_LOOP ( 'NONE', ( #7444, #10045, #3480, #5699 ) ) ;
#10393 = CARTESIAN_POINT ( 'NONE',  ( 15.30166797165684933, 2.000000000000000000, 0.0000000000000000000 ) ) ;
#10394 = DIRECTION ( 'NONE',  ( -1.000000000000000000, -1.369879028146991878E-16, 0.0000000000000000000 ) ) ;
#10395 = DIRECTION ( 'NONE',  ( 0.0000000000000000000, -1.000000000000000000, 0.0000000000000000000 ) ) ;
#10396 =( NAMED_UNIT ( * ) PLANE_ANGLE_UNIT ( ) SI_UNIT ( $, .RADIAN. ) );
#10397 = VECTOR ( 'NONE', #2773, 1000.000000000000000 ) ;
#10398 = EDGE_CURVE ( 'NONE', #204, #3237, #6746, .T. ) ;
#10399 = CARTESIAN_POINT ( 'NONE',  ( 11.90166797165682055, 2.000000000000000000, 0.8180000000000000604 ) ) ;
#10400 = ORIENTED_EDGE ( 'NONE', *, *, #2444, .T. ) ;
#10401 = SURFACE_SIDE_STYLE ('',( #7158 ) ) ;
#10402 = ORIENTED_EDGE ( 'NONE', *, *, #4288, .T. ) ;
#10403 = FACE_OUTER_BOUND ( 'NONE', #1202, .T. ) ;
#10404 = LINE ( 'NONE', #8611, #521 ) ;
#10405 = AXIS2_PLACEMENT_3D ( 'NONE', #677, #3004, #520 ) ;
#10406 = PLANE ( 'NONE',  #2726 ) ;
#10407 = ADVANCED_FACE ( 'NONE', ( #8409 ), #3525, .F. ) ;
#10408 = DIRECTION ( 'NONE',  ( 0.0000000000000000000, 0.0000000000000000000, 1.000000000000000000 ) ) ;
#10409 = EDGE_CURVE ( 'NONE', #3787, #4286, #6163, .T. ) ;
#10410 = EDGE_CURVE ( 'NONE', #9760, #8077, #6324, .T. ) ;
#10411 = SURFACE_STYLE_FILL_AREA ( #8662 ) ;
#10412 = ORIENTED_EDGE ( 'NONE', *, *, #2191, .F. ) ;
#10413 = AXIS2_PLACEMENT_3D ( 'NONE', #628, #9480, #2152 ) ;
#10414 = ORIENTED_EDGE ( 'NONE', *, *, #10068, .F. ) ;
#10415 = ORIENTED_EDGE ( 'NONE', *, *, #9380, .F. ) ;
#10416 = CARTESIAN_POINT ( 'NONE',  ( 10.90166797165682055, 2.000000000000000000, 0.8180000000000000604 ) ) ;
#10417 = ORIENTED_EDGE ( 'NONE', *, *, #4533, .F. ) ;
#10418 = AXIS2_PLACEMENT_3D ( 'NONE', #9075, #2482, #5759 ) ;
#10419 = FACE_OUTER_BOUND ( 'NONE', #5625, .T. ) ;
#10420 = AXIS2_PLACEMENT_3D ( 'NONE', #434, #544, #2066 ) ;
#10421 = DIRECTION ( 'NONE',  ( 0.0000000000000000000, 0.0000000000000000000, 1.000000000000000000 ) ) ;
#10422 = EDGE_CURVE ( 'NONE', #538, #7886, #9471, .T. ) ;
#10423 = ADVANCED_FACE ( 'NONE', ( #9420 ), #406, .F. ) ;
#10424 = AXIS2_PLACEMENT_3D ( 'NONE', #6547, #9801, #4231 ) ;
#10425 = DIRECTION ( 'NONE',  ( 0.0000000000000000000, 0.0000000000000000000, 1.000000000000000000 ) ) ;
#10426 = ADVANCED_FACE ( 'NONE', ( #2142 ), #6969, .F. ) ;
#10427 = DIRECTION ( 'NONE',  ( 0.0000000000000000000, 0.0000000000000000000, -1.000000000000000000 ) ) ;
#10428 =( LENGTH_UNIT ( ) NAMED_UNIT ( * ) SI_UNIT ( .MILLI., .METRE. ) );
#10429 = CARTESIAN_POINT ( 'NONE',  ( 16.00166797165680066, 3.851859888774469954E-31, 0.8000000000000000444 ) ) ;
#10430 = AXIS2_PLACEMENT_3D ( 'NONE', #9606, #3921, #7207 ) ;
#10431 = ORIENTED_EDGE ( 'NONE', *, *, #8448, .F. ) ;
#10432 = ADVANCED_FACE ( 'NONE', ( #7077 ), #5406, .F. ) ;
#10433 = VERTEX_POINT ( 'NONE', #2947 ) ;
#10434 = ORIENTED_EDGE ( 'NONE', *, *, #724, .T. ) ;
#10435 = CARTESIAN_POINT ( 'NONE',  ( 20.92500000000000071, 3.500000000000000000, 0.0000000000000000000 ) ) ;
#10436 = EDGE_LOOP ( 'NONE', ( #2250, #423, #9802, #1196 ) ) ;
#10437 = SURFACE_STYLE_USAGE ( .BOTH. , #3214 ) ;
#10438 = VECTOR ( 'NONE', #2849, 1000.000000000000000 ) ;
#10439 = FACE_OUTER_BOUND ( 'NONE', #5327, .T. ) ;
#10440 = VECTOR ( 'NONE', #10538, 1000.000000000000000 ) ;
#10441 = DIRECTION ( 'NONE',  ( 0.0000000000000000000, -1.000000000000000000, 0.0000000000000000000 ) ) ;
#10442 = CARTESIAN_POINT ( 'NONE',  ( 3.301667971656824907, 2.000000000000000000, -0.01800000000000000211 ) ) ;
#10443 = ORIENTED_EDGE ( 'NONE', *, *, #9498, .F. ) ;
#10444 = CARTESIAN_POINT ( 'NONE',  ( 3.151667971656824996, 0.5500000000000000444, -0.01800000000000000211 ) ) ;
#10445 = ORIENTED_EDGE ( 'NONE', *, *, #3165, .T. ) ;
#10446 = UNCERTAINTY_MEASURE_WITH_UNIT (LENGTH_MEASURE( 1.000000000000000082E-05 ), #9573, 'distance_accuracy_value', 'NONE');
#10447 =( NAMED_UNIT ( * ) PLANE_ANGLE_UNIT ( ) SI_UNIT ( $, .RADIAN. ) );
#10448 = CARTESIAN_POINT ( 'NONE',  ( 18.90166797165684898, 2.000000000000000000, 0.8180000000000000604 ) ) ;
#10449 = ORIENTED_EDGE ( 'NONE', *, *, #1846, .F. ) ;
#10450 = VECTOR ( 'NONE', #9641, 1000.000000000000000 ) ;
#10451 = LINE ( 'NONE', #7200, #2392 ) ;
#10452 = ORIENTED_EDGE ( 'NONE', *, *, #8976, .T. ) ;
#10453 = FACE_OUTER_BOUND ( 'NONE', #4293, .T. ) ;
#10454 = CARTESIAN_POINT ( 'NONE',  ( 11.80166797165682091, 2.000000000000000000, 0.0000000000000000000 ) ) ;
#10455 = PLANE ( 'NONE',  #7710 ) ;
#10456 = ORIENTED_EDGE ( 'NONE', *, *, #7106, .T. ) ;
#10457 = AXIS2_PLACEMENT_3D ( 'NONE', #5400, #4706, #8670 ) ;
#10458 = CARTESIAN_POINT ( 'NONE',  ( 13.05166797165682091, 2.000000000000000000, 0.8000000000000000444 ) ) ;
#10459 = VECTOR ( 'NONE', #4906, 1000.000000000000000 ) ;
#10460 = VERTEX_POINT ( 'NONE', #8732 ) ;
#10461 =( LENGTH_UNIT ( ) NAMED_UNIT ( * ) SI_UNIT ( .MILLI., .METRE. ) );
#10462 = VERTEX_POINT ( 'NONE', #5456 ) ;
#10463 = VECTOR ( 'NONE', #6839, 1000.000000000000000 ) ;
#10464 = DIRECTION ( 'NONE',  ( 1.000000000000000000, -3.946938247220394728E-17, 0.0000000000000000000 ) ) ;
#10465 = VECTOR ( 'NONE', #902, 1000.000000000000114 ) ;
#10466 = CARTESIAN_POINT ( 'NONE',  ( 19.65166797165684898, 2.000000000000000000, -0.01800000000000000211 ) ) ;
#10467 = CARTESIAN_POINT ( 'NONE',  ( 16.60166797165684827, 2.899999999999999911, 0.8000000000000000444 ) ) ;
#10468 = DIRECTION ( 'NONE',  ( 1.000000000000000000, 0.0000000000000000000, 0.0000000000000000000 ) ) ;
#10469 = ORIENTED_EDGE ( 'NONE', *, *, #3026, .T. ) ;
#10470 = AXIS2_PLACEMENT_3D ( 'NONE', #8410, #8195, #4331 ) ;
#10471 = ADVANCED_FACE ( 'NONE', ( #2245 ), #6218, .F. ) ;
#10472 = EDGE_LOOP ( 'NONE', ( #8767, #8043, #10417, #5655 ) ) ;
#10473 = EDGE_CURVE ( 'NONE', #982, #6838, #5510, .T. ) ;
#10474 = ADVANCED_FACE ( 'NONE', ( #10321 ), #1424, .F. ) ;
#10475 = ORIENTED_EDGE ( 'NONE', *, *, #5326, .F. ) ;
#10476 = DIRECTION ( 'NONE',  ( 0.0000000000000000000, 0.0000000000000000000, 1.000000000000000000 ) ) ;
#10477 = ORIENTED_EDGE ( 'NONE', *, *, #3830, .T. ) ;
#10478 = LINE ( 'NONE', #2941, #5508 ) ;
#10479 = LINE ( 'NONE', #8980, #2827 ) ;
#10480 = LINE ( 'NONE', #8887, #3598 ) ;
#10481 = CARTESIAN_POINT ( 'NONE',  ( 2.551667971656824907, 2.000000000000000000, 0.8180000000000000604 ) ) ;
#10482 = CARTESIAN_POINT ( 'NONE',  ( 16.00166797165680066, 0.2999999999999944933, 0.8000000000000000444 ) ) ;
#10483 = DIRECTION ( 'NONE',  ( 1.000000000000000000, 0.0000000000000000000, 0.0000000000000000000 ) ) ;
#10484 = EDGE_CURVE ( 'NONE', #8518, #6015, #7979, .T. ) ;
#10485 = ORIENTED_EDGE ( 'NONE', *, *, #1831, .F. ) ;
#10486 = EDGE_CURVE ( 'NONE', #272, #2300, #4973, .T. ) ;
#10487 = VERTEX_POINT ( 'NONE', #2400 ) ;
#10488 = ORIENTED_EDGE ( 'NONE', *, *, #514, .F. ) ;
#10489 = FACE_OUTER_BOUND ( 'NONE', #3029, .T. ) ;
#10490 = ORIENTED_EDGE ( 'NONE', *, *, #3151, .T. ) ;
#10491 = FACE_OUTER_BOUND ( 'NONE', #6473, .T. ) ;
#10492 = DIRECTION ( 'NONE',  ( -1.000000000000000000, 0.0000000000000000000, 0.0000000000000000000 ) ) ;
#10493 = DIRECTION ( 'NONE',  ( -1.000000000000000000, 3.946938247220394728E-17, 0.0000000000000000000 ) ) ;
#10494 = DIRECTION ( 'NONE',  ( 1.000000000000000000, 0.0000000000000000000, 0.0000000000000000000 ) ) ;
#10495 = ORIENTED_EDGE ( 'NONE', *, *, #3664, .T. ) ;
#10496 = PLANE ( 'NONE',  #938 ) ;
#10497 = LINE ( 'NONE', #2362, #4214 ) ;
#10498 = EDGE_LOOP ( 'NONE', ( #8825, #4326, #7003, #1990 ) ) ;
#10499 = CARTESIAN_POINT ( 'NONE',  ( 12.65166797165682055, 2.000000000000000000, -0.01800000000000000211 ) ) ;
#10500 = VERTEX_POINT ( 'NONE', #3315 ) ;
#10501 = LINE ( 'NONE', #8760, #1889 ) ;
#10502 = CARTESIAN_POINT ( 'NONE',  ( 14.00000000000000000, 79.00000000000000000, -0.001000000000000000021 ) ) ;
#10503 = PLANE ( 'NONE',  #4449 ) ;
#10504 = ORIENTED_EDGE ( 'NONE', *, *, #3748, .T. ) ;
#10505 = DIRECTION ( 'NONE',  ( -0.0000000000000000000, 1.000000000000000000, 0.0000000000000000000 ) ) ;
#10506 = EDGE_CURVE ( 'NONE', #2239, #4772, #5776, .T. ) ;
#10507 = VERTEX_POINT ( 'NONE', #8131 ) ;
#10508 = DIRECTION ( 'NONE',  ( -1.000000000000000000, -1.982541115402070040E-15, 0.0000000000000000000 ) ) ;
#10509 = LINE ( 'NONE', #7104, #8360 ) ;
#10510 = ORIENTED_EDGE ( 'NONE', *, *, #324, .T. ) ;
#10511 = VECTOR ( 'NONE', #5183, 1000.000000000000000 ) ;
#10512 = FACE_OUTER_BOUND ( 'NONE', #2507, .T. ) ;
#10513 = CARTESIAN_POINT ( 'NONE',  ( 8.000000000000000000, 79.99000000000000909, -0.001000000000000000021 ) ) ;
#10514 = VECTOR ( 'NONE', #2439, 1000.000000000000000 ) ;
#10515 = PLANE ( 'NONE',  #9403 ) ;
#10516 = CARTESIAN_POINT ( 'NONE',  ( 7.901667971656829437, 0.5500000000000000444, 0.8180000000000000604 ) ) ;
#10517 = DIRECTION ( 'NONE',  ( -1.000000000000000000, -2.990902544787600071E-16, 0.0000000000000000000 ) ) ;
#10518 = EDGE_LOOP ( 'NONE', ( #2256, #4703, #2581, #4478 ) ) ;
#10519 = VECTOR ( 'NONE', #8174, 1000.000000000000000 ) ;
#10520 = ORIENTED_EDGE ( 'NONE', *, *, #7157, .T. ) ;
#10521 = ORIENTED_EDGE ( 'NONE', *, *, #3473, .F. ) ;
#10522 = CARTESIAN_POINT ( 'NONE',  ( 11.15166797165682055, 0.5500000000000000444, 0.0000000000000000000 ) ) ;
#10523 = VERTEX_POINT ( 'NONE', #8038 ) ;
#10524 = DIRECTION ( 'NONE',  ( 0.0000000000000000000, 1.000000000000000000, 0.0000000000000000000 ) ) ;
#10525 = VECTOR ( 'NONE', #8166, 1000.000000000000000 ) ;
#10526 = PLANE ( 'NONE',  #4713 ) ;
#10527 = VECTOR ( 'NONE', #579, 1000.000000000000000 ) ;
#10528 = EDGE_CURVE ( 'NONE', #2747, #3643, #4819, .T. ) ;
#10529 = CARTESIAN_POINT ( 'NONE',  ( 15.40166797165684898, 2.000000000000000000, 0.8000000000000000444 ) ) ;
#10530 = PLANE ( 'NONE',  #9519 ) ;
#10531 = DIRECTION ( 'NONE',  ( 1.000000000000000000, 0.0000000000000000000, 0.0000000000000000000 ) ) ;
#10532 = VECTOR ( 'NONE', #2550, 1000.000000000000000 ) ;
#10533 = CARTESIAN_POINT ( 'NONE',  ( 9.651667971656820555, 2.000000000000000000, -0.01800000000000000211 ) ) ;
#10534 = VERTEX_POINT ( 'NONE', #4865 ) ;
#10535 = ORIENTED_EDGE ( 'NONE', *, *, #1524, .F. ) ;
#10536 = DIRECTION ( 'NONE',  ( 1.000000000000000000, 0.0000000000000000000, 0.0000000000000000000 ) ) ;
#10537 =( LENGTH_UNIT ( ) NAMED_UNIT ( * ) SI_UNIT ( .MILLI., .METRE. ) );
#10538 = DIRECTION ( 'NONE',  ( 0.0000000000000000000, 1.000000000000000000, 0.0000000000000000000 ) ) ;
#10539 = ADVANCED_FACE ( 'NONE', ( #2452 ), #4766, .F. ) ;
#10540 = DIRECTION ( 'NONE',  ( 0.0000000000000000000, 1.000000000000000000, 0.0000000000000000000 ) ) ;
#10541 = EDGE_CURVE ( 'NONE', #6511, #60, #8239, .T. ) ;
#10542 = AXIS2_PLACEMENT_3D ( 'NONE', #7267, #10508, #8665 ) ;
#10543 = EDGE_CURVE ( 'NONE', #1612, #2774, #2348, .T. ) ;
#10544 = ORIENTED_EDGE ( 'NONE', *, *, #10541, .T. ) ;
#10545 = VECTOR ( 'NONE', #4301, 1000.000000000000000 ) ;
#10546 = DIRECTION ( 'NONE',  ( 0.0000000000000000000, 0.0000000000000000000, -1.000000000000000000 ) ) ;
#10547 = ORIENTED_EDGE ( 'NONE', *, *, #5129, .T. ) ;
#10548 = LINE ( 'NONE', #2522, #7705 ) ;
#10549 = ORIENTED_EDGE ( 'NONE', *, *, #6440, .F. ) ;
#10550 = DIRECTION ( 'NONE',  ( -2.621072365114365286E-16, 1.000000000000000000, 0.0000000000000000000 ) ) ;
#10551 = DIRECTION ( 'NONE',  ( 0.0000000000000000000, 0.0000000000000000000, -1.000000000000000000 ) ) ;
#10552 = ADVANCED_FACE ( 'NONE', ( #718 ), #7334, .F. ) ;
#10553 = EDGE_CURVE ( 'NONE', #3314, #3460, #5676, .T. ) ;
#10554 =( LENGTH_UNIT ( ) NAMED_UNIT ( * ) SI_UNIT ( .MILLI., .METRE. ) );
#10555 = FILL_AREA_STYLE ('',( #1504 ) ) ;
#10556 = VERTEX_POINT ( 'NONE', #3260 ) ;
#10557 = EDGE_CURVE ( 'NONE', #1770, #816, #5721, .T. ) ;
#10558 = LINE ( 'NONE', #8814, #9779 ) ;
#10559 = ORIENTED_EDGE ( 'NONE', *, *, #9763, .F. ) ;
#10560 = SURFACE_SIDE_STYLE ('',( #5394 ) ) ;
#10561 = DIRECTION ( 'NONE',  ( 1.000000000000000000, 0.0000000000000000000, 0.0000000000000000000 ) ) ;
#10562 = VERTEX_POINT ( 'NONE', #10529 ) ;
#10563 = PLANE ( 'NONE',  #1337 ) ;
#10564 = EDGE_CURVE ( 'NONE', #3184, #5668, #1478, .T. ) ;
#10565 = LINE ( 'NONE', #6360, #4734 ) ;
#10566 = DIRECTION ( 'NONE',  ( -1.000000000000000000, 0.0000000000000000000, 0.0000000000000000000 ) ) ;
#10567 = AXIS2_PLACEMENT_3D ( 'NONE', #4901, #8721, #2132 ) ;
#10568 = CARTESIAN_POINT ( 'NONE',  ( 19.80166797165679782, 2.000000000000000000, -0.01800000000000000211 ) ) ;
#10569 = DIRECTION ( 'NONE',  ( 1.000000000000000000, 0.0000000000000000000, 0.0000000000000000000 ) ) ;
#10570 = LINE ( 'NONE', #3988, #3100 ) ;
#10571 = VECTOR ( 'NONE', #6981, 1000.000000000000000 ) ;
#10572 = ORIENTED_EDGE ( 'NONE', *, *, #3612, .F. ) ;
#10573 = VECTOR ( 'NONE', #7268, 1000.000000000000000 ) ;
#10574 =( GEOMETRIC_REPRESENTATION_CONTEXT ( 3 ) GLOBAL_UNCERTAINTY_ASSIGNED_CONTEXT ( ( #3491 ) ) GLOBAL_UNIT_ASSIGNED_CONTEXT ( ( #9514, #4649, #2382 ) ) REPRESENTATION_CONTEXT ( 'NONE', 'WORKASPACE' ) );
#10575 = ORIENTED_EDGE ( 'NONE', *, *, #6305, .F. ) ;
#10576 = ORIENTED_EDGE ( 'NONE', *, *, #261, .F. ) ;
#10577 = CARTESIAN_POINT ( 'NONE',  ( 22.00000000000000000, 80.00000000000000000, 0.8000000000000000444 ) ) ;
#10578 = EDGE_LOOP ( 'NONE', ( #4423, #7934, #1168, #7118 ) ) ;
#10579 = SURFACE_STYLE_FILL_AREA ( #5079 ) ;
#10580 = DIRECTION ( 'NONE',  ( 1.000000000000000000, 0.0000000000000000000, 0.0000000000000000000 ) ) ;
#10581 = CARTESIAN_POINT ( 'NONE',  ( 12.30166797165681913, 2.000000000000000000, -0.01800000000000000211 ) ) ;
#10582 = DIRECTION ( 'NONE',  ( 0.0000000000000000000, 0.0000000000000000000, -1.000000000000000000 ) ) ;
#10583 = DIRECTION ( 'NONE',  ( 1.000000000000000000, 0.0000000000000000000, 0.0000000000000000000 ) ) ;
#10584 = VECTOR ( 'NONE', #6205, 1000.000000000000000 ) ;
#10585 = VECTOR ( 'NONE', #2648, 1000.000000000000000 ) ;
#10586 = DIRECTION ( 'NONE',  ( 0.0000000000000000000, -1.000000000000000000, 0.0000000000000000000 ) ) ;
#10587 = ORIENTED_EDGE ( 'NONE', *, *, #4863, .T. ) ;
#10588 = ORIENTED_EDGE ( 'NONE', *, *, #8763, .F. ) ;
#10589 = CARTESIAN_POINT ( 'NONE',  ( 0.0000000000000000000, 0.0000000000000000000, 0.8180000000000000604 ) ) ;
#10590 = VECTOR ( 'NONE', #1603, 1000.000000000000000 ) ;
#10591 = FACE_OUTER_BOUND ( 'NONE', #6131, .T. ) ;
#10592 = CARTESIAN_POINT ( 'NONE',  ( 8.000000000000000000, 79.00000000000000000, -0.001000000000000000021 ) ) ;
#10593 = STYLED_ITEM ( 'NONE', ( #8007 ), #6493 ) ;
#10594 = CARTESIAN_POINT ( 'NONE',  ( 12.75000000000000000, 80.00000000000000000, 0.8000000000000000444 ) ) ;
#10595 = DIRECTION ( 'NONE',  ( 1.000000000000000000, -3.946938247220394728E-17, 0.0000000000000000000 ) ) ;
#10596 = ORIENTED_EDGE ( 'NONE', *, *, #3888, .F. ) ;
#10597 = FILL_AREA_STYLE_COLOUR ( '', #6272 ) ;
#10598 =( NAMED_UNIT ( * ) PLANE_ANGLE_UNIT ( ) SI_UNIT ( $, .RADIAN. ) );
#10599 = EDGE_CURVE ( 'NONE', #1999, #9992, #818, .T. ) ;
#10600 = EDGE_LOOP ( 'NONE', ( #8028, #3006, #1549, #3595 ) ) ;
#10601 = ADVANCED_FACE ( 'NONE', ( #4105 ), #7394, .F. ) ;
#10602 = CARTESIAN_POINT ( 'NONE',  ( 7.401667971656830325, 0.5500000000000000444, 0.8180000000000000604 ) ) ;
#10603 = VECTOR ( 'NONE', #2103, 1000.000000000000000 ) ;
#10604 = AXIS2_PLACEMENT_3D ( 'NONE', #10442, #1333, #10387 ) ;
#10605 = EDGE_CURVE ( 'NONE', #6088, #7569, #6380, .T. ) ;
#10606 = ORIENTED_EDGE ( 'NONE', *, *, #5390, .T. ) ;
#10607 = DIRECTION ( 'NONE',  ( -1.000000000000000000, 0.0000000000000000000, 0.0000000000000000000 ) ) ;
#10608 = CARTESIAN_POINT ( 'NONE',  ( 7.301667971656820022, 0.5500000000000000444, -0.01800000000000000211 ) ) ;
#10609 =( NAMED_UNIT ( * ) SI_UNIT ( $, .STERADIAN. ) SOLID_ANGLE_UNIT ( ) );
#10610 = VERTEX_POINT ( 'NONE', #3206 ) ;
#10611 = CARTESIAN_POINT ( 'NONE',  ( 2.651667971656824996, 2.000000000000000000, 0.0000000000000000000 ) ) ;
#10612 = ORIENTED_EDGE ( 'NONE', *, *, #7678, .T. ) ;
#10613 = AXIS2_PLACEMENT_3D ( 'NONE', #1607, #6295, #2324 ) ;
#10614 = FILL_AREA_STYLE ('',( #4795 ) ) ;
#10615 = CARTESIAN_POINT ( 'NONE',  ( 10.40166797165682055, 0.5500000000000000444, 0.8000000000000000444 ) ) ;
#10616 = ADVANCED_FACE ( 'NONE', ( #9834 ), #8888, .F. ) ;
#10617 = EDGE_LOOP ( 'NONE', ( #5381, #2124, #1781, #8882 ) ) ;
#10618 = CARTESIAN_POINT ( 'NONE',  ( 13.05166797165682091, 0.5500000000000000444, 0.8000000000000000444 ) ) ;
#10619 = EDGE_CURVE ( 'NONE', #8860, #3836, #9628, .T. ) ;
ENDSEC;
END-ISO-10303-21;
