ISO-10303-21;
HEADER;
FILE_DESCRIPTION(('STEP AP242'),'1');
FILE_NAME('s7271-45r.stp','2023-09-01T16:43:34',('TraceParts'),('TraceParts S.A.'),'Spatial InterOp 3D',' ',' ');
FILE_SCHEMA(('AP242_MANAGED_MODEL_BASED_3D_ENGINEERING_MIM_LF  {1 0 10303 442 1 1 4}'));
ENDSEC;
DATA;
#1=MECHANICAL_DESIGN_GEOMETRIC_PRESENTATION_REPRESENTATION(' ',(#11,#12,#13,#14,#15,#16,#17,#18,#19,#20,#21,#22,#23,#24,#25,#26,#27,#28,#29,#30,#31,#32,#33,#34,#35,#36,#37,#38,#39,#40,#41,#42,#43,#44,#45,#46,#47,#48,#49,#50,#51,#52,#53,#54,#55,#56,#57,#58,#59,#60,#61,#62,#63,#64,#65,#66,#67,#68,#69,#70,#71,#72,#73,#74,#75,#76,#77,#78,#79,#80,#81,#82,#83,#84,#85,#86,#87,#88,#89,#90,#91,#92,#93,#94,#95,#96,#97,#98,#99,#100,#101,#102,#103,#104,#105,#106,#107,#108,#109,#110,#111,#112,#113,#114,#115,#116,#117,#118,#119,#120,#121,#122,#123,#124),#7);
#2=PRODUCT_DEFINITION_CONTEXT('',#125,'design');
#3=APPLICATION_PROTOCOL_DEFINITION('INTERNATIONAL STANDARD','ap242_managed_model_based_3d_engineering',2014,#125);
#4=PRODUCT_CATEGORY_RELATIONSHIP('NONE','NONE',#126,#127);
#5=SHAPE_DEFINITION_REPRESENTATION(#128,#129);
#6=SHAPE_DEFINITION_REPRESENTATION(#128,#130);
#7= (GEOMETRIC_REPRESENTATION_CONTEXT(3)GLOBAL_UNCERTAINTY_ASSIGNED_CONTEXT((#133))GLOBAL_UNIT_ASSIGNED_CONTEXT((#135,#136,#137))REPRESENTATION_CONTEXT('NONE','WORKSPACE'));
#11=STYLED_ITEM('',(#139),#140);
#12=STYLED_ITEM('',(#141),#142);
#13=STYLED_ITEM('',(#143),#144);
#14=STYLED_ITEM('',(#145),#146);
#15=STYLED_ITEM('',(#147),#148);
#16=STYLED_ITEM('',(#149),#150);
#17=STYLED_ITEM('',(#151),#152);
#18=STYLED_ITEM('',(#153),#154);
#19=STYLED_ITEM('',(#155),#156);
#20=STYLED_ITEM('',(#157),#158);
#21=STYLED_ITEM('',(#159),#160);
#22=STYLED_ITEM('',(#161),#162);
#23=STYLED_ITEM('',(#163),#164);
#24=STYLED_ITEM('',(#165),#166);
#25=STYLED_ITEM('',(#167),#168);
#26=STYLED_ITEM('',(#169),#170);
#27=STYLED_ITEM('',(#171),#172);
#28=STYLED_ITEM('',(#173),#174);
#29=STYLED_ITEM('',(#175),#176);
#30=STYLED_ITEM('',(#177),#178);
#31=STYLED_ITEM('',(#179),#180);
#32=STYLED_ITEM('',(#181),#182);
#33=STYLED_ITEM('',(#183),#184);
#34=STYLED_ITEM('',(#185),#186);
#35=STYLED_ITEM('',(#187),#188);
#36=STYLED_ITEM('',(#189),#190);
#37=STYLED_ITEM('',(#191),#192);
#38=STYLED_ITEM('',(#193),#194);
#39=STYLED_ITEM('',(#195),#196);
#40=STYLED_ITEM('',(#197),#198);
#41=STYLED_ITEM('',(#199),#200);
#42=STYLED_ITEM('',(#201),#202);
#43=STYLED_ITEM('',(#203),#204);
#44=STYLED_ITEM('',(#205),#206);
#45=STYLED_ITEM('',(#207),#208);
#46=STYLED_ITEM('',(#209),#210);
#47=STYLED_ITEM('',(#211),#212);
#48=STYLED_ITEM('',(#213),#214);
#49=STYLED_ITEM('',(#215),#216);
#50=STYLED_ITEM('',(#217),#218);
#51=STYLED_ITEM('',(#219),#220);
#52=STYLED_ITEM('',(#221),#222);
#53=STYLED_ITEM('',(#223),#224);
#54=STYLED_ITEM('',(#225),#226);
#55=STYLED_ITEM('',(#227),#228);
#56=STYLED_ITEM('',(#229),#230);
#57=STYLED_ITEM('',(#231),#232);
#58=STYLED_ITEM('',(#233),#234);
#59=STYLED_ITEM('',(#235),#236);
#60=STYLED_ITEM('',(#237),#238);
#61=STYLED_ITEM('',(#239),#240);
#62=STYLED_ITEM('',(#241),#242);
#63=STYLED_ITEM('',(#243),#244);
#64=STYLED_ITEM('',(#245),#246);
#65=STYLED_ITEM('',(#247),#248);
#66=STYLED_ITEM('',(#249),#250);
#67=STYLED_ITEM('',(#251),#252);
#68=STYLED_ITEM('',(#253),#254);
#69=STYLED_ITEM('',(#255),#256);
#70=STYLED_ITEM('',(#257),#258);
#71=STYLED_ITEM('',(#259),#260);
#72=STYLED_ITEM('',(#261),#262);
#73=STYLED_ITEM('',(#263),#264);
#74=STYLED_ITEM('',(#265),#266);
#75=STYLED_ITEM('',(#267),#268);
#76=STYLED_ITEM('',(#269),#270);
#77=STYLED_ITEM('',(#271),#272);
#78=STYLED_ITEM('',(#273),#274);
#79=STYLED_ITEM('',(#275),#276);
#80=STYLED_ITEM('',(#277),#278);
#81=STYLED_ITEM('',(#279),#280);
#82=STYLED_ITEM('',(#281),#282);
#83=STYLED_ITEM('',(#283),#284);
#84=STYLED_ITEM('',(#285),#286);
#85=STYLED_ITEM('',(#287),#288);
#86=STYLED_ITEM('',(#289),#290);
#87=STYLED_ITEM('',(#291),#292);
#88=STYLED_ITEM('',(#293),#294);
#89=STYLED_ITEM('',(#295),#296);
#90=STYLED_ITEM('',(#297),#298);
#91=STYLED_ITEM('',(#299),#300);
#92=STYLED_ITEM('',(#301),#302);
#93=STYLED_ITEM('',(#303),#304);
#94=STYLED_ITEM('',(#305),#306);
#95=STYLED_ITEM('',(#307),#308);
#96=STYLED_ITEM('',(#309),#310);
#97=STYLED_ITEM('',(#311),#312);
#98=STYLED_ITEM('',(#313),#314);
#99=STYLED_ITEM('',(#315),#316);
#100=STYLED_ITEM('',(#317),#318);
#101=STYLED_ITEM('',(#319),#320);
#102=STYLED_ITEM('',(#321),#322);
#103=STYLED_ITEM('',(#323),#324);
#104=STYLED_ITEM('',(#325),#326);
#105=STYLED_ITEM('',(#327),#328);
#106=STYLED_ITEM('',(#329),#330);
#107=STYLED_ITEM('',(#331),#332);
#108=STYLED_ITEM('',(#333),#334);
#109=STYLED_ITEM('',(#335),#336);
#110=STYLED_ITEM('',(#337),#338);
#111=STYLED_ITEM('',(#339),#340);
#112=STYLED_ITEM('',(#341),#342);
#113=STYLED_ITEM('',(#343),#344);
#114=STYLED_ITEM('',(#345),#346);
#115=STYLED_ITEM('',(#347),#348);
#116=STYLED_ITEM('',(#349),#350);
#117=STYLED_ITEM('',(#351),#352);
#118=STYLED_ITEM('',(#353),#354);
#119=STYLED_ITEM('',(#355),#356);
#120=STYLED_ITEM('',(#357),#358);
#121=STYLED_ITEM('',(#359),#360);
#122=STYLED_ITEM('',(#361),#362);
#123=STYLED_ITEM('',(#363),#364);
#124=STYLED_ITEM('',(#365),#366);
#125=APPLICATION_CONTEXT('managed model based 3d engineering');
#126=PRODUCT_CATEGORY('part','NONE');
#127=PRODUCT_RELATED_PRODUCT_CATEGORY('detail',' ',(#367));
#128=PRODUCT_DEFINITION_SHAPE('NONE','NONE',#368);
#129=ADVANCED_BREP_SHAPE_REPRESENTATION('Solide1',(#344,#369),#7);
#130=ADVANCED_BREP_SHAPE_REPRESENTATION('s7271-45r_2',(#366,#370),#7);
#133=UNCERTAINTY_MEASURE_WITH_UNIT(LENGTH_MEASURE(1.0E-06),#135,'','');
#135= (CONVERSION_BASED_UNIT('MILLIMETRE',#373)LENGTH_UNIT()NAMED_UNIT(#376));
#136= (NAMED_UNIT(#378)PLANE_ANGLE_UNIT()SI_UNIT($,.RADIAN.));
#137= (NAMED_UNIT(#378)SOLID_ANGLE_UNIT()SI_UNIT($,.STERADIAN.));
#139=PRESENTATION_STYLE_ASSIGNMENT((#384));
#140=ADVANCED_FACE('',(#385),#386,.T.);
#141=PRESENTATION_STYLE_ASSIGNMENT((#387));
#142=ADVANCED_FACE('',(#388),#389,.F.);
#143=PRESENTATION_STYLE_ASSIGNMENT((#390));
#144=ADVANCED_FACE('',(#391),#392,.F.);
#145=PRESENTATION_STYLE_ASSIGNMENT((#393));
#146=ADVANCED_FACE('',(#394),#395,.T.);
#147=PRESENTATION_STYLE_ASSIGNMENT((#396));
#148=ADVANCED_FACE('',(#397),#398,.T.);
#149=PRESENTATION_STYLE_ASSIGNMENT((#399));
#150=ADVANCED_FACE('',(#400),#401,.T.);
#151=PRESENTATION_STYLE_ASSIGNMENT((#402));
#152=ADVANCED_FACE('',(#403),#404,.F.);
#153=PRESENTATION_STYLE_ASSIGNMENT((#405));
#154=ADVANCED_FACE('',(#406),#407,.T.);
#155=PRESENTATION_STYLE_ASSIGNMENT((#408));
#156=ADVANCED_FACE('',(#409),#410,.F.);
#157=PRESENTATION_STYLE_ASSIGNMENT((#411));
#158=ADVANCED_FACE('',(#412),#413,.F.);
#159=PRESENTATION_STYLE_ASSIGNMENT((#414));
#160=ADVANCED_FACE('',(#415),#416,.F.);
#161=PRESENTATION_STYLE_ASSIGNMENT((#417));
#162=ADVANCED_FACE('',(#418),#419,.T.);
#163=PRESENTATION_STYLE_ASSIGNMENT((#420));
#164=ADVANCED_FACE('',(#421),#422,.T.);
#165=PRESENTATION_STYLE_ASSIGNMENT((#423));
#166=ADVANCED_FACE('',(#424),#425,.T.);
#167=PRESENTATION_STYLE_ASSIGNMENT((#426));
#168=ADVANCED_FACE('',(#427),#428,.T.);
#169=PRESENTATION_STYLE_ASSIGNMENT((#429));
#170=ADVANCED_FACE('',(#430),#431,.T.);
#171=PRESENTATION_STYLE_ASSIGNMENT((#432));
#172=ADVANCED_FACE('',(#433),#434,.F.);
#173=PRESENTATION_STYLE_ASSIGNMENT((#435));
#174=ADVANCED_FACE('',(#436),#437,.F.);
#175=PRESENTATION_STYLE_ASSIGNMENT((#438));
#176=ADVANCED_FACE('',(#439),#440,.F.);
#177=PRESENTATION_STYLE_ASSIGNMENT((#441));
#178=ADVANCED_FACE('',(#442),#443,.T.);
#179=PRESENTATION_STYLE_ASSIGNMENT((#444));
#180=ADVANCED_FACE('',(#445),#446,.T.);
#181=PRESENTATION_STYLE_ASSIGNMENT((#447));
#182=ADVANCED_FACE('',(#448),#449,.T.);
#183=PRESENTATION_STYLE_ASSIGNMENT((#450));
#184=ADVANCED_FACE('',(#451),#452,.T.);
#185=PRESENTATION_STYLE_ASSIGNMENT((#453));
#186=ADVANCED_FACE('',(#454),#455,.F.);
#187=PRESENTATION_STYLE_ASSIGNMENT((#456));
#188=ADVANCED_FACE('',(#457),#458,.F.);
#189=PRESENTATION_STYLE_ASSIGNMENT((#459));
#190=ADVANCED_FACE('',(#460),#461,.F.);
#191=PRESENTATION_STYLE_ASSIGNMENT((#462));
#192=ADVANCED_FACE('',(#463),#464,.T.);
#193=PRESENTATION_STYLE_ASSIGNMENT((#465));
#194=ADVANCED_FACE('',(#466),#467,.T.);
#195=PRESENTATION_STYLE_ASSIGNMENT((#468));
#196=ADVANCED_FACE('',(#469),#470,.T.);
#197=PRESENTATION_STYLE_ASSIGNMENT((#471));
#198=ADVANCED_FACE('',(#472),#473,.T.);
#199=PRESENTATION_STYLE_ASSIGNMENT((#474));
#200=ADVANCED_FACE('',(#475),#476,.F.);
#201=PRESENTATION_STYLE_ASSIGNMENT((#477));
#202=ADVANCED_FACE('',(#478),#479,.T.);
#203=PRESENTATION_STYLE_ASSIGNMENT((#480));
#204=ADVANCED_FACE('',(#481),#482,.T.);
#205=PRESENTATION_STYLE_ASSIGNMENT((#483));
#206=ADVANCED_FACE('',(#484),#485,.T.);
#207=PRESENTATION_STYLE_ASSIGNMENT((#486));
#208=ADVANCED_FACE('',(#487),#488,.F.);
#209=PRESENTATION_STYLE_ASSIGNMENT((#489));
#210=ADVANCED_FACE('',(#490),#491,.F.);
#211=PRESENTATION_STYLE_ASSIGNMENT((#492));
#212=ADVANCED_FACE('',(#493),#494,.T.);
#213=PRESENTATION_STYLE_ASSIGNMENT((#495));
#214=ADVANCED_FACE('',(#496),#497,.T.);
#215=PRESENTATION_STYLE_ASSIGNMENT((#498));
#216=ADVANCED_FACE('',(#499),#500,.F.);
#217=PRESENTATION_STYLE_ASSIGNMENT((#501));
#218=ADVANCED_FACE('',(#502),#503,.F.);
#219=PRESENTATION_STYLE_ASSIGNMENT((#504));
#220=ADVANCED_FACE('',(#505),#506,.F.);
#221=PRESENTATION_STYLE_ASSIGNMENT((#507));
#222=ADVANCED_FACE('',(#508),#509,.T.);
#223=PRESENTATION_STYLE_ASSIGNMENT((#510));
#224=ADVANCED_FACE('',(#511),#512,.F.);
#225=PRESENTATION_STYLE_ASSIGNMENT((#513));
#226=ADVANCED_FACE('',(#514),#515,.F.);
#227=PRESENTATION_STYLE_ASSIGNMENT((#516));
#228=ADVANCED_FACE('',(#517),#518,.F.);
#229=PRESENTATION_STYLE_ASSIGNMENT((#519));
#230=ADVANCED_FACE('',(#520),#521,.F.);
#231=PRESENTATION_STYLE_ASSIGNMENT((#522));
#232=ADVANCED_FACE('',(#523),#524,.F.);
#233=PRESENTATION_STYLE_ASSIGNMENT((#525));
#234=ADVANCED_FACE('',(#526),#527,.F.);
#235=PRESENTATION_STYLE_ASSIGNMENT((#528));
#236=ADVANCED_FACE('',(#529),#530,.T.);
#237=PRESENTATION_STYLE_ASSIGNMENT((#531));
#238=ADVANCED_FACE('',(#532),#533,.F.);
#239=PRESENTATION_STYLE_ASSIGNMENT((#534));
#240=ADVANCED_FACE('',(#535),#536,.F.);
#241=PRESENTATION_STYLE_ASSIGNMENT((#537));
#242=ADVANCED_FACE('',(#538),#539,.F.);
#243=PRESENTATION_STYLE_ASSIGNMENT((#540));
#244=ADVANCED_FACE('',(#541),#542,.F.);
#245=PRESENTATION_STYLE_ASSIGNMENT((#543));
#246=ADVANCED_FACE('',(#544),#545,.F.);
#247=PRESENTATION_STYLE_ASSIGNMENT((#546));
#248=ADVANCED_FACE('',(#547),#548,.F.);
#249=PRESENTATION_STYLE_ASSIGNMENT((#549));
#250=ADVANCED_FACE('',(#550),#551,.T.);
#251=PRESENTATION_STYLE_ASSIGNMENT((#552));
#252=ADVANCED_FACE('',(#553),#554,.F.);
#253=PRESENTATION_STYLE_ASSIGNMENT((#555));
#254=ADVANCED_FACE('',(#556),#557,.F.);
#255=PRESENTATION_STYLE_ASSIGNMENT((#558));
#256=ADVANCED_FACE('',(#559),#560,.F.);
#257=PRESENTATION_STYLE_ASSIGNMENT((#561));
#258=ADVANCED_FACE('',(#562),#563,.F.);
#259=PRESENTATION_STYLE_ASSIGNMENT((#564));
#260=ADVANCED_FACE('',(#565),#566,.F.);
#261=PRESENTATION_STYLE_ASSIGNMENT((#567));
#262=ADVANCED_FACE('',(#568),#569,.F.);
#263=PRESENTATION_STYLE_ASSIGNMENT((#570));
#264=ADVANCED_FACE('',(#571),#572,.F.);
#265=PRESENTATION_STYLE_ASSIGNMENT((#573));
#266=ADVANCED_FACE('',(#574),#575,.T.);
#267=PRESENTATION_STYLE_ASSIGNMENT((#576));
#268=ADVANCED_FACE('',(#577),#578,.T.);
#269=PRESENTATION_STYLE_ASSIGNMENT((#579));
#270=ADVANCED_FACE('',(#580),#581,.F.);
#271=PRESENTATION_STYLE_ASSIGNMENT((#582));
#272=ADVANCED_FACE('',(#583),#584,.F.);
#273=PRESENTATION_STYLE_ASSIGNMENT((#585));
#274=ADVANCED_FACE('',(#586),#587,.T.);
#275=PRESENTATION_STYLE_ASSIGNMENT((#588));
#276=ADVANCED_FACE('',(#589),#590,.F.);
#277=PRESENTATION_STYLE_ASSIGNMENT((#591));
#278=ADVANCED_FACE('',(#592),#593,.T.);
#279=PRESENTATION_STYLE_ASSIGNMENT((#594));
#280=ADVANCED_FACE('',(#595),#596,.F.);
#281=PRESENTATION_STYLE_ASSIGNMENT((#597));
#282=ADVANCED_FACE('',(#598),#599,.T.);
#283=PRESENTATION_STYLE_ASSIGNMENT((#600));
#284=ADVANCED_FACE('',(#601),#602,.F.);
#285=PRESENTATION_STYLE_ASSIGNMENT((#603));
#286=ADVANCED_FACE('',(#604),#605,.T.);
#287=PRESENTATION_STYLE_ASSIGNMENT((#606));
#288=ADVANCED_FACE('',(#607),#608,.T.);
#289=PRESENTATION_STYLE_ASSIGNMENT((#609));
#290=ADVANCED_FACE('',(#610),#611,.F.);
#291=PRESENTATION_STYLE_ASSIGNMENT((#612));
#292=ADVANCED_FACE('',(#613),#614,.T.);
#293=PRESENTATION_STYLE_ASSIGNMENT((#615));
#294=ADVANCED_FACE('',(#616),#617,.F.);
#295=PRESENTATION_STYLE_ASSIGNMENT((#618));
#296=ADVANCED_FACE('',(#619),#620,.T.);
#297=PRESENTATION_STYLE_ASSIGNMENT((#621));
#298=ADVANCED_FACE('',(#622),#623,.T.);
#299=PRESENTATION_STYLE_ASSIGNMENT((#624));
#300=ADVANCED_FACE('',(#625),#626,.F.);
#301=PRESENTATION_STYLE_ASSIGNMENT((#627));
#302=ADVANCED_FACE('',(#628),#629,.T.);
#303=PRESENTATION_STYLE_ASSIGNMENT((#630));
#304=ADVANCED_FACE('',(#631),#632,.F.);
#305=PRESENTATION_STYLE_ASSIGNMENT((#633));
#306=ADVANCED_FACE('',(#634),#635,.T.);
#307=PRESENTATION_STYLE_ASSIGNMENT((#636));
#308=ADVANCED_FACE('',(#637),#638,.T.);
#309=PRESENTATION_STYLE_ASSIGNMENT((#639));
#310=ADVANCED_FACE('',(#640),#641,.F.);
#311=PRESENTATION_STYLE_ASSIGNMENT((#642));
#312=ADVANCED_FACE('',(#643),#644,.T.);
#313=PRESENTATION_STYLE_ASSIGNMENT((#645));
#314=ADVANCED_FACE('',(#646),#647,.F.);
#315=PRESENTATION_STYLE_ASSIGNMENT((#648));
#316=ADVANCED_FACE('',(#649),#650,.T.);
#317=PRESENTATION_STYLE_ASSIGNMENT((#651));
#318=ADVANCED_FACE('',(#652),#653,.T.);
#319=PRESENTATION_STYLE_ASSIGNMENT((#654));
#320=ADVANCED_FACE('',(#655),#656,.T.);
#321=PRESENTATION_STYLE_ASSIGNMENT((#657));
#322=ADVANCED_FACE('',(#658),#659,.T.);
#323=PRESENTATION_STYLE_ASSIGNMENT((#660));
#324=ADVANCED_FACE('',(#661),#662,.T.);
#325=PRESENTATION_STYLE_ASSIGNMENT((#663));
#326=ADVANCED_FACE('',(#664),#665,.T.);
#327=PRESENTATION_STYLE_ASSIGNMENT((#666));
#328=ADVANCED_FACE('',(#667),#668,.T.);
#329=PRESENTATION_STYLE_ASSIGNMENT((#669));
#330=ADVANCED_FACE('',(#670,#671),#672,.T.);
#331=PRESENTATION_STYLE_ASSIGNMENT((#673));
#332=ADVANCED_FACE('',(#674),#675,.T.);
#333=PRESENTATION_STYLE_ASSIGNMENT((#676));
#334=ADVANCED_FACE('',(#677),#678,.F.);
#335=PRESENTATION_STYLE_ASSIGNMENT((#679));
#336=ADVANCED_FACE('',(#680),#681,.F.);
#337=PRESENTATION_STYLE_ASSIGNMENT((#682));
#338=ADVANCED_FACE('',(#683,#684),#685,.F.);
#339=PRESENTATION_STYLE_ASSIGNMENT((#686));
#340=ADVANCED_FACE('',(#687),#688,.F.);
#341=PRESENTATION_STYLE_ASSIGNMENT((#689));
#342=ADVANCED_FACE('',(#690),#691,.F.);
#343=PRESENTATION_STYLE_ASSIGNMENT((#692));
#344=MANIFOLD_SOLID_BREP('Solide1',#693);
#345=PRESENTATION_STYLE_ASSIGNMENT((#694));
#346=ADVANCED_FACE('',(#695),#696,.T.);
#347=PRESENTATION_STYLE_ASSIGNMENT((#697));
#348=ADVANCED_FACE('',(#698),#699,.T.);
#349=PRESENTATION_STYLE_ASSIGNMENT((#700));
#350=ADVANCED_FACE('',(#701),#702,.F.);
#351=PRESENTATION_STYLE_ASSIGNMENT((#703));
#352=ADVANCED_FACE('',(#704),#705,.T.);
#353=PRESENTATION_STYLE_ASSIGNMENT((#706));
#354=ADVANCED_FACE('',(#707),#708,.T.);
#355=PRESENTATION_STYLE_ASSIGNMENT((#709));
#356=ADVANCED_FACE('',(#710),#711,.T.);
#357=PRESENTATION_STYLE_ASSIGNMENT((#712));
#358=ADVANCED_FACE('',(#713),#714,.T.);
#359=PRESENTATION_STYLE_ASSIGNMENT((#715));
#360=ADVANCED_FACE('',(#716),#717,.T.);
#361=PRESENTATION_STYLE_ASSIGNMENT((#718));
#362=ADVANCED_FACE('',(#719),#720,.T.);
#363=PRESENTATION_STYLE_ASSIGNMENT((#721));
#364=ADVANCED_FACE('',(#722),#723,.F.);
#365=PRESENTATION_STYLE_ASSIGNMENT((#724));
#366=MANIFOLD_SOLID_BREP('s7271-45r_2',#725);
#367=PRODUCT('Solide1','','PART--DESC',(#726));
#368=PRODUCT_DEFINITION('','NONE',#727,#2);
#369=AXIS2_PLACEMENT_3D('',#728,#729,#730);
#370=AXIS2_PLACEMENT_3D('',#731,#732,#733);
#373=LENGTH_MEASURE_WITH_UNIT(LENGTH_MEASURE(1.0),#734);
#376=DIMENSIONAL_EXPONENTS(1.0,0.0,0.0,0.0,0.0,0.0,0.0);
#378=DIMENSIONAL_EXPONENTS(0.0,0.0,0.0,0.0,0.0,0.0,0.0);
#384=SURFACE_STYLE_USAGE(.BOTH.,#735);
#385=FACE_OUTER_BOUND('',#736,.T.);
#386=CYLINDRICAL_SURFACE('',#737,0.2);
#387=SURFACE_STYLE_USAGE(.BOTH.,#738);
#388=FACE_OUTER_BOUND('',#739,.T.);
#389=CYLINDRICAL_SURFACE('',#740,0.1);
#390=SURFACE_STYLE_USAGE(.BOTH.,#741);
#391=FACE_OUTER_BOUND('',#742,.T.);
#392=PLANE('',#743);
#393=SURFACE_STYLE_USAGE(.BOTH.,#744);
#394=FACE_OUTER_BOUND('',#745,.T.);
#395=PLANE('',#746);
#396=SURFACE_STYLE_USAGE(.BOTH.,#747);
#397=FACE_OUTER_BOUND('',#748,.T.);
#398=PLANE('',#749);
#399=SURFACE_STYLE_USAGE(.BOTH.,#750);
#400=FACE_OUTER_BOUND('',#751,.T.);
#401=CYLINDRICAL_SURFACE('',#752,0.1);
#402=SURFACE_STYLE_USAGE(.BOTH.,#753);
#403=FACE_OUTER_BOUND('',#754,.T.);
#404=PLANE('',#755);
#405=SURFACE_STYLE_USAGE(.BOTH.,#756);
#406=FACE_OUTER_BOUND('',#757,.T.);
#407=CYLINDRICAL_SURFACE('',#758,0.1);
#408=SURFACE_STYLE_USAGE(.BOTH.,#759);
#409=FACE_OUTER_BOUND('',#760,.T.);
#410=PLANE('',#761);
#411=SURFACE_STYLE_USAGE(.BOTH.,#762);
#412=FACE_OUTER_BOUND('',#763,.T.);
#413=CYLINDRICAL_SURFACE('',#764,0.1);
#414=SURFACE_STYLE_USAGE(.BOTH.,#765);
#415=FACE_OUTER_BOUND('',#766,.T.);
#416=PLANE('',#767);
#417=SURFACE_STYLE_USAGE(.BOTH.,#768);
#418=FACE_OUTER_BOUND('',#769,.T.);
#419=CYLINDRICAL_SURFACE('',#770,0.2);
#420=SURFACE_STYLE_USAGE(.BOTH.,#771);
#421=FACE_OUTER_BOUND('',#772,.T.);
#422=PLANE('',#773);
#423=SURFACE_STYLE_USAGE(.BOTH.,#774);
#424=FACE_OUTER_BOUND('',#775,.T.);
#425=PLANE('',#776);
#426=SURFACE_STYLE_USAGE(.BOTH.,#777);
#427=FACE_OUTER_BOUND('',#778,.T.);
#428=PLANE('',#779);
#429=SURFACE_STYLE_USAGE(.BOTH.,#780);
#430=FACE_OUTER_BOUND('',#781,.T.);
#431=PLANE('',#782);
#432=SURFACE_STYLE_USAGE(.BOTH.,#783);
#433=FACE_OUTER_BOUND('',#784,.T.);
#434=PLANE('',#785);
#435=SURFACE_STYLE_USAGE(.BOTH.,#786);
#436=FACE_OUTER_BOUND('',#787,.T.);
#437=PLANE('',#788);
#438=SURFACE_STYLE_USAGE(.BOTH.,#789);
#439=FACE_OUTER_BOUND('',#790,.T.);
#440=PLANE('',#791);
#441=SURFACE_STYLE_USAGE(.BOTH.,#792);
#442=FACE_OUTER_BOUND('',#793,.T.);
#443=CYLINDRICAL_SURFACE('',#794,0.05);
#444=SURFACE_STYLE_USAGE(.BOTH.,#795);
#445=FACE_OUTER_BOUND('',#796,.T.);
#446=PLANE('',#797);
#447=SURFACE_STYLE_USAGE(.BOTH.,#798);
#448=FACE_OUTER_BOUND('',#799,.T.);
#449=PLANE('',#800);
#450=SURFACE_STYLE_USAGE(.BOTH.,#801);
#451=FACE_OUTER_BOUND('',#802,.T.);
#452=CYLINDRICAL_SURFACE('',#803,0.05);
#453=SURFACE_STYLE_USAGE(.BOTH.,#804);
#454=FACE_OUTER_BOUND('',#805,.T.);
#455=CYLINDRICAL_SURFACE('',#806,0.1);
#456=SURFACE_STYLE_USAGE(.BOTH.,#807);
#457=FACE_OUTER_BOUND('',#808,.T.);
#458=PLANE('',#809);
#459=SURFACE_STYLE_USAGE(.BOTH.,#810);
#460=FACE_OUTER_BOUND('',#811,.T.);
#461=PLANE('',#812);
#462=SURFACE_STYLE_USAGE(.BOTH.,#813);
#463=FACE_OUTER_BOUND('',#814,.T.);
#464=CYLINDRICAL_SURFACE('',#815,0.2);
#465=SURFACE_STYLE_USAGE(.BOTH.,#816);
#466=FACE_OUTER_BOUND('',#817,.T.);
#467=PLANE('',#818);
#468=SURFACE_STYLE_USAGE(.BOTH.,#819);
#469=FACE_OUTER_BOUND('',#820,.T.);
#470=PLANE('',#821);
#471=SURFACE_STYLE_USAGE(.BOTH.,#822);
#472=FACE_OUTER_BOUND('',#823,.T.);
#473=PLANE('',#824);
#474=SURFACE_STYLE_USAGE(.BOTH.,#825);
#475=FACE_OUTER_BOUND('',#826,.T.);
#476=PLANE('',#827);
#477=SURFACE_STYLE_USAGE(.BOTH.,#828);
#478=FACE_OUTER_BOUND('',#829,.T.);
#479=PLANE('',#830);
#480=SURFACE_STYLE_USAGE(.BOTH.,#831);
#481=FACE_OUTER_BOUND('',#832,.T.);
#482=PLANE('',#833);
#483=SURFACE_STYLE_USAGE(.BOTH.,#834);
#484=FACE_OUTER_BOUND('',#835,.T.);
#485=PLANE('',#836);
#486=SURFACE_STYLE_USAGE(.BOTH.,#837);
#487=FACE_OUTER_BOUND('',#838,.T.);
#488=PLANE('',#839);
#489=SURFACE_STYLE_USAGE(.BOTH.,#840);
#490=FACE_OUTER_BOUND('',#841,.T.);
#491=PLANE('',#842);
#492=SURFACE_STYLE_USAGE(.BOTH.,#843);
#493=FACE_OUTER_BOUND('',#844,.T.);
#494=PLANE('',#845);
#495=SURFACE_STYLE_USAGE(.BOTH.,#846);
#496=FACE_OUTER_BOUND('',#847,.T.);
#497=PLANE('',#848);
#498=SURFACE_STYLE_USAGE(.BOTH.,#849);
#499=FACE_OUTER_BOUND('',#850,.T.);
#500=PLANE('',#851);
#501=SURFACE_STYLE_USAGE(.BOTH.,#852);
#502=FACE_OUTER_BOUND('',#853,.T.);
#503=PLANE('',#854);
#504=SURFACE_STYLE_USAGE(.BOTH.,#855);
#505=FACE_OUTER_BOUND('',#856,.T.);
#506=CYLINDRICAL_SURFACE('',#857,0.1);
#507=SURFACE_STYLE_USAGE(.BOTH.,#858);
#508=FACE_OUTER_BOUND('',#859,.T.);
#509=PLANE('',#860);
#510=SURFACE_STYLE_USAGE(.BOTH.,#861);
#511=FACE_OUTER_BOUND('',#862,.T.);
#512=B_SPLINE_SURFACE_WITH_KNOTS('',3,3,((#863,#864,#865,#866),(#867,#868,#869,#870),(#871,#872,#873,#874),(#875,#876,#877,#878),(#879,#880,#881,#882),(#883,#884,#885,#886),(#887,#888,#889,#890),(#891,#892,#893,#894),(#895,#896,#897,#898),(#899,#900,#901,#902),(#903,#904,#905,#906),(#907,#908,#909,#910),(#911,#912,#913,#914),(#915,#916,#917,#918),(#919,#920,#921,#922),(#923,#924,#925,#926),(#927,#928,#929,#930),(#931,#932,#933,#934),(#935,#936,#937,#938),(#939,#940,#941,#942),(#943,#944,#945,#946),(#947,#948,#949,#950),(#951,#952,#953,#954),(#955,#956,#957,#958),(#959,#960,#961,#962),(#963,#964,#965,#966),(#967,#968,#969,#970),(#971,#972,#973,#974),(#975,#976,#977,#978),(#979,#980,#981,#982),(#983,#984,#985,#986),(#987,#988,#989,#990)),.UNSPECIFIED.,.F.,.F.,.F.,(4,1,1,1,1,1,1,1,1,1,1,1,1,1,1,1,1,1,1,1,1,1,1,1,1,1,1,1,1,4),(4,4),(-0.007940668286382,0.0,0.06666666666667,0.07692307692308,0.1333333333333,0.1538461538462,0.2,0.2307692307692,0.2666666666667,0.3076923076923,0.3333333333333,0.3846153846154,0.4,0.4615384615385,0.4666666666667,0.5333333333333,0.5384615384615,0.6,0.6153846153846,0.6666666666667,0.6923076923077,0.7333333333333,0.7692307692308,0.8,0.8461538461538,0.8666666666667,0.9230769230769,0.9333333333333,1.0,1.007462642041),(-0.00999999999986873,1.00999999999972),.UNSPECIFIED.);
#513=SURFACE_STYLE_USAGE(.BOTH.,#991);
#514=FACE_OUTER_BOUND('',#992,.T.);
#515=CYLINDRICAL_SURFACE('',#993,0.1);
#516=SURFACE_STYLE_USAGE(.BOTH.,#994);
#517=FACE_OUTER_BOUND('',#995,.T.);
#518=B_SPLINE_SURFACE_WITH_KNOTS('',3,3,((#996,#997,#998,#999),(#1000,#1001,#1002,#1003),(#1004,#1005,#1006,#1007),(#1008,#1009,#1010,#1011),(#1012,#1013,#1014,#1015),(#1016,#1017,#1018,#1019),(#1020,#1021,#1022,#1023),(#1024,#1025,#1026,#1027),(#1028,#1029,#1030,#1031),(#1032,#1033,#1034,#1035),(#1036,#1037,#1038,#1039),(#1040,#1041,#1042,#1043),(#1044,#1045,#1046,#1047),(#1048,#1049,#1050,#1051),(#1052,#1053,#1054,#1055),(#1056,#1057,#1058,#1059),(#1060,#1061,#1062,#1063),(#1064,#1065,#1066,#1067),(#1068,#1069,#1070,#1071),(#1072,#1073,#1074,#1075),(#1076,#1077,#1078,#1079),(#1080,#1081,#1082,#1083),(#1084,#1085,#1086,#1087),(#1088,#1089,#1090,#1091),(#1092,#1093,#1094,#1095),(#1096,#1097,#1098,#1099),(#1100,#1101,#1102,#1103),(#1104,#1105,#1106,#1107),(#1108,#1109,#1110,#1111),(#1112,#1113,#1114,#1115),(#1116,#1117,#1118,#1119),(#1120,#1121,#1122,#1123)),.UNSPECIFIED.,.F.,.F.,.F.,(4,1,1,1,1,1,1,1,1,1,1,1,1,1,1,1,1,1,1,1,1,1,1,1,1,1,1,1,1,4),(4,4),(-0.007117368982089,0.0,0.06666666666667,0.07692307692308,0.1333333333333,0.1538461538462,0.2,0.2307692307692,0.2666666666667,0.3076923076923,0.3333333333333,0.3846153846154,0.4,0.4615384615385,0.4666666666667,0.5333333333333,0.5384615384615,0.6,0.6153846153846,0.6666666666667,0.6923076923077,0.7333333333333,0.7692307692308,0.8,0.8461538461538,0.8666666666667,0.9230769230769,0.9333333333333,1.0,1.007847703348),(-0.0100000000003222,1.00999999999973),.UNSPECIFIED.);
#519=SURFACE_STYLE_USAGE(.BOTH.,#1124);
#520=FACE_OUTER_BOUND('',#1125,.T.);
#521=PLANE('',#1126);
#522=SURFACE_STYLE_USAGE(.BOTH.,#1127);
#523=FACE_OUTER_BOUND('',#1128,.T.);
#524=CYLINDRICAL_SURFACE('',#1129,0.05);
#525=SURFACE_STYLE_USAGE(.BOTH.,#1130);
#526=FACE_OUTER_BOUND('',#1131,.T.);
#527=PLANE('',#1132);
#528=SURFACE_STYLE_USAGE(.BOTH.,#1133);
#529=FACE_OUTER_BOUND('',#1134,.T.);
#530=PLANE('',#1135);
#531=SURFACE_STYLE_USAGE(.BOTH.,#1136);
#532=FACE_OUTER_BOUND('',#1137,.T.);
#533=CYLINDRICAL_SURFACE('',#1138,0.1);
#534=SURFACE_STYLE_USAGE(.BOTH.,#1139);
#535=FACE_OUTER_BOUND('',#1140,.T.);
#536=CYLINDRICAL_SURFACE('',#1141,0.1);
#537=SURFACE_STYLE_USAGE(.BOTH.,#1142);
#538=FACE_OUTER_BOUND('',#1143,.T.);
#539=CYLINDRICAL_SURFACE('',#1144,0.05);
#540=SURFACE_STYLE_USAGE(.BOTH.,#1145);
#541=FACE_OUTER_BOUND('',#1146,.T.);
#542=CYLINDRICAL_SURFACE('',#1147,0.1);
#543=SURFACE_STYLE_USAGE(.BOTH.,#1148);
#544=FACE_OUTER_BOUND('',#1149,.T.);
#545=PLANE('',#1150);
#546=SURFACE_STYLE_USAGE(.BOTH.,#1151);
#547=FACE_OUTER_BOUND('',#1152,.T.);
#548=CYLINDRICAL_SURFACE('',#1153,0.1);
#549=SURFACE_STYLE_USAGE(.BOTH.,#1154);
#550=FACE_OUTER_BOUND('',#1155,.T.);
#551=PLANE('',#1156);
#552=SURFACE_STYLE_USAGE(.BOTH.,#1157);
#553=FACE_OUTER_BOUND('',#1158,.T.);
#554=CYLINDRICAL_SURFACE('',#1159,0.3);
#555=SURFACE_STYLE_USAGE(.BOTH.,#1160);
#556=FACE_OUTER_BOUND('',#1161,.T.);
#557=CYLINDRICAL_SURFACE('',#1162,0.1);
#558=SURFACE_STYLE_USAGE(.BOTH.,#1163);
#559=FACE_OUTER_BOUND('',#1164,.T.);
#560=CYLINDRICAL_SURFACE('',#1165,0.1);
#561=SURFACE_STYLE_USAGE(.BOTH.,#1166);
#562=FACE_OUTER_BOUND('',#1167,.T.);
#563=CYLINDRICAL_SURFACE('',#1168,0.1);
#564=SURFACE_STYLE_USAGE(.BOTH.,#1169);
#565=FACE_OUTER_BOUND('',#1170,.T.);
#566=CYLINDRICAL_SURFACE('',#1171,0.1);
#567=SURFACE_STYLE_USAGE(.BOTH.,#1172);
#568=FACE_OUTER_BOUND('',#1173,.T.);
#569=CYLINDRICAL_SURFACE('',#1174,0.1);
#570=SURFACE_STYLE_USAGE(.BOTH.,#1175);
#571=FACE_OUTER_BOUND('',#1176,.T.);
#572=CYLINDRICAL_SURFACE('',#1177,0.1);
#573=SURFACE_STYLE_USAGE(.BOTH.,#1178);
#574=FACE_OUTER_BOUND('',#1179,.T.);
#575=PLANE('',#1180);
#576=SURFACE_STYLE_USAGE(.BOTH.,#1181);
#577=FACE_OUTER_BOUND('',#1182,.T.);
#578=CYLINDRICAL_SURFACE('',#1183,0.4);
#579=SURFACE_STYLE_USAGE(.BOTH.,#1184);
#580=FACE_OUTER_BOUND('',#1185,.T.);
#581=PLANE('',#1186);
#582=SURFACE_STYLE_USAGE(.BOTH.,#1187);
#583=FACE_OUTER_BOUND('',#1188,.T.);
#584=CYLINDRICAL_SURFACE('',#1189,0.05);
#585=SURFACE_STYLE_USAGE(.BOTH.,#1190);
#586=FACE_OUTER_BOUND('',#1191,.T.);
#587=PLANE('',#1192);
#588=SURFACE_STYLE_USAGE(.BOTH.,#1193);
#589=FACE_OUTER_BOUND('',#1194,.T.);
#590=CYLINDRICAL_SURFACE('',#1195,0.05);
#591=SURFACE_STYLE_USAGE(.BOTH.,#1196);
#592=FACE_OUTER_BOUND('',#1197,.T.);
#593=PLANE('',#1198);
#594=SURFACE_STYLE_USAGE(.BOTH.,#1199);
#595=FACE_OUTER_BOUND('',#1200,.T.);
#596=CYLINDRICAL_SURFACE('',#1201,0.05);
#597=SURFACE_STYLE_USAGE(.BOTH.,#1202);
#598=FACE_OUTER_BOUND('',#1203,.T.);
#599=PLANE('',#1204);
#600=SURFACE_STYLE_USAGE(.BOTH.,#1205);
#601=FACE_OUTER_BOUND('',#1206,.T.);
#602=CYLINDRICAL_SURFACE('',#1207,0.05);
#603=SURFACE_STYLE_USAGE(.BOTH.,#1208);
#604=FACE_OUTER_BOUND('',#1209,.T.);
#605=PLANE('',#1210);
#606=SURFACE_STYLE_USAGE(.BOTH.,#1211);
#607=FACE_OUTER_BOUND('',#1212,.T.);
#608=PLANE('',#1213);
#609=SURFACE_STYLE_USAGE(.BOTH.,#1214);
#610=FACE_OUTER_BOUND('',#1215,.T.);
#611=CYLINDRICAL_SURFACE('',#1216,0.05);
#612=SURFACE_STYLE_USAGE(.BOTH.,#1217);
#613=FACE_OUTER_BOUND('',#1218,.T.);
#614=PLANE('',#1219);
#615=SURFACE_STYLE_USAGE(.BOTH.,#1220);
#616=FACE_OUTER_BOUND('',#1221,.T.);
#617=CYLINDRICAL_SURFACE('',#1222,0.05);
#618=SURFACE_STYLE_USAGE(.BOTH.,#1223);
#619=FACE_OUTER_BOUND('',#1224,.T.);
#620=PLANE('',#1225);
#621=SURFACE_STYLE_USAGE(.BOTH.,#1226);
#622=FACE_OUTER_BOUND('',#1227,.T.);
#623=CYLINDRICAL_SURFACE('',#1228,0.2);
#624=SURFACE_STYLE_USAGE(.BOTH.,#1229);
#625=FACE_OUTER_BOUND('',#1230,.T.);
#626=CYLINDRICAL_SURFACE('',#1231,0.325);
#627=SURFACE_STYLE_USAGE(.BOTH.,#1232);
#628=FACE_OUTER_BOUND('',#1233,.T.);
#629=PLANE('',#1234);
#630=SURFACE_STYLE_USAGE(.BOTH.,#1235);
#631=FACE_OUTER_BOUND('',#1236,.T.);
#632=CYLINDRICAL_SURFACE('',#1237,0.325);
#633=SURFACE_STYLE_USAGE(.BOTH.,#1238);
#634=FACE_OUTER_BOUND('',#1239,.T.);
#635=CYLINDRICAL_SURFACE('',#1240,0.2);
#636=SURFACE_STYLE_USAGE(.BOTH.,#1241);
#637=FACE_OUTER_BOUND('',#1242,.T.);
#638=PLANE('',#1243);
#639=SURFACE_STYLE_USAGE(.BOTH.,#1244);
#640=FACE_OUTER_BOUND('',#1245,.T.);
#641=CYLINDRICAL_SURFACE('',#1246,0.05);
#642=SURFACE_STYLE_USAGE(.BOTH.,#1247);
#643=FACE_OUTER_BOUND('',#1248,.T.);
#644=PLANE('',#1249);
#645=SURFACE_STYLE_USAGE(.BOTH.,#1250);
#646=FACE_OUTER_BOUND('',#1251,.T.);
#647=CYLINDRICAL_SURFACE('',#1252,0.05);
#648=SURFACE_STYLE_USAGE(.BOTH.,#1253);
#649=FACE_OUTER_BOUND('',#1254,.T.);
#650=PLANE('',#1255);
#651=SURFACE_STYLE_USAGE(.BOTH.,#1256);
#652=FACE_OUTER_BOUND('',#1257,.T.);
#653=CYLINDRICAL_SURFACE('',#1258,0.2);
#654=SURFACE_STYLE_USAGE(.BOTH.,#1259);
#655=FACE_OUTER_BOUND('',#1260,.T.);
#656=PLANE('',#1261);
#657=SURFACE_STYLE_USAGE(.BOTH.,#1262);
#658=FACE_OUTER_BOUND('',#1263,.T.);
#659=PLANE('',#1264);
#660=SURFACE_STYLE_USAGE(.BOTH.,#1265);
#661=FACE_OUTER_BOUND('',#1266,.T.);
#662=PLANE('',#1267);
#663=SURFACE_STYLE_USAGE(.BOTH.,#1268);
#664=FACE_OUTER_BOUND('',#1269,.T.);
#665=CYLINDRICAL_SURFACE('',#1270,0.2);
#666=SURFACE_STYLE_USAGE(.BOTH.,#1271);
#667=FACE_OUTER_BOUND('',#1272,.T.);
#668=PLANE('',#1273);
#669=SURFACE_STYLE_USAGE(.BOTH.,#1274);
#670=FACE_OUTER_BOUND('',#1275,.T.);
#671=FACE_BOUND('',#1276,.T.);
#672=PLANE('',#1277);
#673=SURFACE_STYLE_USAGE(.BOTH.,#1278);
#674=FACE_OUTER_BOUND('',#1279,.T.);
#675=B_SPLINE_SURFACE_WITH_KNOTS('',3,3,((#1280,#1281,#1282,#1283),(#1284,#1285,#1286,#1287),(#1288,#1289,#1290,#1291),(#1292,#1293,#1294,#1295),(#1296,#1297,#1298,#1299)),.UNSPECIFIED.,.F.,.F.,.F.,(4,1,4),(4,4),(0.5052418128237,0.6,0.6865977018667),(-0.04552451880016,1.045524405297),.UNSPECIFIED.);
#676=SURFACE_STYLE_USAGE(.BOTH.,#1300);
#677=FACE_OUTER_BOUND('',#1301,.T.);
#678=B_SPLINE_SURFACE_WITH_KNOTS('',3,3,((#1302,#1303,#1304,#1305),(#1306,#1307,#1308,#1309),(#1310,#1311,#1312,#1313),(#1314,#1315,#1316,#1317),(#1318,#1319,#1320,#1321),(#1322,#1323,#1324,#1325),(#1326,#1327,#1328,#1329),(#1330,#1331,#1332,#1333)),.UNSPECIFIED.,.F.,.F.,.F.,(4,1,1,1,1,4),(4,4),(-0.0100000129252006,0.0,0.2,0.4,0.6,0.639222652997287),(-0.00999999999866918,1.00999999999773),.UNSPECIFIED.);
#679=SURFACE_STYLE_USAGE(.BOTH.,#1334);
#680=FACE_OUTER_BOUND('',#1335,.T.);
#681=B_SPLINE_SURFACE_WITH_KNOTS('',3,3,((#1336,#1337,#1338,#1339),(#1340,#1341,#1342,#1343),(#1344,#1345,#1346,#1347),(#1348,#1349,#1350,#1351),(#1352,#1353,#1354,#1355),(#1356,#1357,#1358,#1359),(#1360,#1361,#1362,#1363),(#1364,#1365,#1366,#1367),(#1368,#1369,#1370,#1371),(#1372,#1373,#1374,#1375),(#1376,#1377,#1378,#1379),(#1380,#1381,#1382,#1383),(#1384,#1385,#1386,#1387),(#1388,#1389,#1390,#1391)),.UNSPECIFIED.,.F.,.F.,.F.,(4,1,1,1,1,1,1,1,1,1,1,4),(4,4),(-0.009873508442431,0.0,0.1111111111111,0.2222222222222,0.3333333333333,0.4444444444444,0.5555555555556,0.6666666666667,0.7777777777778,0.8888888888889,1.0,1.01000000000015),(-0.00999999999986646,1.01000000000046),.UNSPECIFIED.);
#682=SURFACE_STYLE_USAGE(.BOTH.,#1392);
#683=FACE_OUTER_BOUND('',#1393,.T.);
#684=FACE_BOUND('',#1394,.T.);
#685=PLANE('',#1395);
#686=SURFACE_STYLE_USAGE(.BOTH.,#1396);
#687=FACE_OUTER_BOUND('',#1397,.T.);
#688=PLANE('',#1398);
#689=SURFACE_STYLE_USAGE(.BOTH.,#1399);
#690=FACE_OUTER_BOUND('',#1400,.T.);
#691=PLANE('',#1401);
#692=SURFACE_STYLE_USAGE(.BOTH.,#1402);
#693=CLOSED_SHELL('',(#1403,#1404,#1405,#1406,#140,#142,#144,#146,#148,#150,#152,#154,#156,#158,#160,#162,#164,#166,#1407,#168,#170,#172,#174,#176,#1408,#178,#1409,#1410,#1411,#180,#1412,#1413,#182,#184,#1414,#1415,#186,#188,#1416,#1417,#1418,#1419,#1420,#1421,#1422,#1423,#1424,#1425,#1426,#1427,#1428,#190,#192,#194,#1429,#1430,#196,#198,#1431,#1432,#1433,#1434,#200,#1435,#1436,#1437,#1438,#1439,#1440,#1441,#1442,#1443,#1444,#1445,#1446,#1447,#1448,#1449,#202,#1450,#1451,#1452,#1453,#1454,#204,#1455,#206,#1456,#1457,#208,#1458,#1459,#1460,#1461,#1462,#1463,#1464,#1465,#210,#1466,#1467,#212,#1468,#1469,#1470,#214,#216,#218,#1471,#220,#1472,#222,#224,#226,#228,#1473,#230,#1474,#232,#234,#236,#238,#1475,#240,#242,#1476,#1477,#244,#246,#248,#250,#252,#254,#256,#258,#260,#262,#264,#1478,#1479,#1480,#1481,#1482,#266,#268,#270,#272,#274,#276,#278,#280,#282,#284,#286,#288,#290,#292,#294,#296,#298,#300,#302,#304,#306,#308,#310,#312,#314,#316,#318,#320,#322,#324,#326,#328,#1483,#1484,#330,#1485,#1486,#332,#334,#336,#1487,#1488,#338,#340,#1489,#1490,#1491,#1492,#342,#1493,#1494,#1495,#1496,#1497,#1498,#1499,#1500));
#694=SURFACE_STYLE_USAGE(.BOTH.,#1501);
#695=FACE_OUTER_BOUND('',#1502,.T.);
#696=CYLINDRICAL_SURFACE('',#1503,0.15);
#697=SURFACE_STYLE_USAGE(.BOTH.,#1504);
#698=FACE_OUTER_BOUND('',#1505,.T.);
#699=CYLINDRICAL_SURFACE('',#1506,0.45);
#700=SURFACE_STYLE_USAGE(.BOTH.,#1507);
#701=FACE_OUTER_BOUND('',#1508,.T.);
#702=PLANE('',#1509);
#703=SURFACE_STYLE_USAGE(.BOTH.,#1510);
#704=FACE_OUTER_BOUND('',#1511,.T.);
#705=PLANE('',#1512);
#706=SURFACE_STYLE_USAGE(.BOTH.,#1513);
#707=FACE_OUTER_BOUND('',#1514,.T.);
#708=CYLINDRICAL_SURFACE('',#1515,0.15);
#709=SURFACE_STYLE_USAGE(.BOTH.,#1516);
#710=FACE_OUTER_BOUND('',#1517,.T.);
#711=PLANE('',#1518);
#712=SURFACE_STYLE_USAGE(.BOTH.,#1519);
#713=FACE_OUTER_BOUND('',#1520,.T.);
#714=CYLINDRICAL_SURFACE('',#1521,0.15);
#715=SURFACE_STYLE_USAGE(.BOTH.,#1522);
#716=FACE_OUTER_BOUND('',#1523,.T.);
#717=PLANE('',#1524);
#718=SURFACE_STYLE_USAGE(.BOTH.,#1525);
#719=FACE_OUTER_BOUND('',#1526,.T.);
#720=CYLINDRICAL_SURFACE('',#1527,0.15);
#721=SURFACE_STYLE_USAGE(.BOTH.,#1528);
#722=FACE_OUTER_BOUND('',#1529,.T.);
#723=PLANE('',#1530);
#724=SURFACE_STYLE_USAGE(.BOTH.,#1531);
#725=CLOSED_SHELL('',(#346,#348,#350,#1532,#352,#354,#356,#358,#360,#362,#1533,#364));
#726=PRODUCT_CONTEXT('',#125,'mechanical');
#727=PRODUCT_DEFINITION_FORMATION_WITH_SPECIFIED_SOURCE(' ','NONE',#367,.NOT_KNOWN.);
#728=CARTESIAN_POINT('',(0.0,0.0,0.0));
#729=DIRECTION('',(0.0,0.0,1.0));
#730=DIRECTION('',(1.0,0.0,0.0));
#731=CARTESIAN_POINT('',(0.0,0.0,0.0));
#732=DIRECTION('',(0.0,0.0,1.0));
#733=DIRECTION('',(1.0,0.0,0.0));
#734= (NAMED_UNIT(#376)LENGTH_UNIT()SI_UNIT(.MILLI.,.METRE.));
#735=SURFACE_SIDE_STYLE('',(#1535));
#736=EDGE_LOOP('',(#1536,#1537,#1538,#1539,#1540,#1541));
#737=AXIS2_PLACEMENT_3D('',#1542,#1543,#1544);
#738=SURFACE_SIDE_STYLE('',(#1545));
#739=EDGE_LOOP('',(#1546,#1547,#1548,#1549,#1550,#1551));
#740=AXIS2_PLACEMENT_3D('',#1552,#1553,#1554);
#741=SURFACE_SIDE_STYLE('',(#1555));
#742=EDGE_LOOP('',(#1556,#1557,#1558,#1559));
#743=AXIS2_PLACEMENT_3D('',#1560,#1561,#1562);
#744=SURFACE_SIDE_STYLE('',(#1563));
#745=EDGE_LOOP('',(#1564,#1565,#1566,#1567));
#746=AXIS2_PLACEMENT_3D('',#1568,#1569,#1570);
#747=SURFACE_SIDE_STYLE('',(#1571));
#748=EDGE_LOOP('',(#1572,#1573,#1574,#1575));
#749=AXIS2_PLACEMENT_3D('',#1576,#1577,#1578);
#750=SURFACE_SIDE_STYLE('',(#1579));
#751=EDGE_LOOP('',(#1580,#1581,#1582,#1583,#1584,#1585));
#752=AXIS2_PLACEMENT_3D('',#1586,#1587,#1588);
#753=SURFACE_SIDE_STYLE('',(#1589));
#754=EDGE_LOOP('',(#1590,#1591,#1592,#1593));
#755=AXIS2_PLACEMENT_3D('',#1594,#1595,#1596);
#756=SURFACE_SIDE_STYLE('',(#1597));
#757=EDGE_LOOP('',(#1598,#1599,#1600,#1601,#1602,#1603));
#758=AXIS2_PLACEMENT_3D('',#1604,#1605,#1606);
#759=SURFACE_SIDE_STYLE('',(#1607));
#760=EDGE_LOOP('',(#1608,#1609,#1610,#1611));
#761=AXIS2_PLACEMENT_3D('',#1612,#1613,#1614);
#762=SURFACE_SIDE_STYLE('',(#1615));
#763=EDGE_LOOP('',(#1616,#1617,#1618,#1619,#1620,#1621));
#764=AXIS2_PLACEMENT_3D('',#1622,#1623,#1624);
#765=SURFACE_SIDE_STYLE('',(#1625));
#766=EDGE_LOOP('',(#1626,#1627,#1628,#1629));
#767=AXIS2_PLACEMENT_3D('',#1630,#1631,#1632);
#768=SURFACE_SIDE_STYLE('',(#1633));
#769=EDGE_LOOP('',(#1634,#1635,#1636,#1637,#1638,#1639));
#770=AXIS2_PLACEMENT_3D('',#1640,#1641,#1642);
#771=SURFACE_SIDE_STYLE('',(#1643));
#772=EDGE_LOOP('',(#1644,#1645,#1646,#1647));
#773=AXIS2_PLACEMENT_3D('',#1648,#1649,#1650);
#774=SURFACE_SIDE_STYLE('',(#1651));
#775=EDGE_LOOP('',(#1652,#1653,#1654,#1655));
#776=AXIS2_PLACEMENT_3D('',#1656,#1657,#1658);
#777=SURFACE_SIDE_STYLE('',(#1659));
#778=EDGE_LOOP('',(#1660,#1661,#1662,#1663));
#779=AXIS2_PLACEMENT_3D('',#1664,#1665,#1666);
#780=SURFACE_SIDE_STYLE('',(#1667));
#781=EDGE_LOOP('',(#1668,#1669,#1670,#1671,#1672,#1673));
#782=AXIS2_PLACEMENT_3D('',#1674,#1675,#1676);
#783=SURFACE_SIDE_STYLE('',(#1677));
#784=EDGE_LOOP('',(#1678,#1679,#1680,#1681));
#785=AXIS2_PLACEMENT_3D('',#1682,#1683,#1684);
#786=SURFACE_SIDE_STYLE('',(#1685));
#787=EDGE_LOOP('',(#1686,#1687,#1688,#1689,#1690,#1691));
#788=AXIS2_PLACEMENT_3D('',#1692,#1693,#1694);
#789=SURFACE_SIDE_STYLE('',(#1695));
#790=EDGE_LOOP('',(#1696,#1697,#1698,#1699));
#791=AXIS2_PLACEMENT_3D('',#1700,#1701,#1702);
#792=SURFACE_SIDE_STYLE('',(#1703));
#793=EDGE_LOOP('',(#1704,#1705,#1706,#1707));
#794=AXIS2_PLACEMENT_3D('',#1708,#1709,#1710);
#795=SURFACE_SIDE_STYLE('',(#1711));
#796=EDGE_LOOP('',(#1712,#1713,#1714,#1715));
#797=AXIS2_PLACEMENT_3D('',#1716,#1717,#1718);
#798=SURFACE_SIDE_STYLE('',(#1719));
#799=EDGE_LOOP('',(#1720,#1721,#1722,#1723));
#800=AXIS2_PLACEMENT_3D('',#1724,#1725,#1726);
#801=SURFACE_SIDE_STYLE('',(#1727));
#802=EDGE_LOOP('',(#1728,#1729,#1730,#1731));
#803=AXIS2_PLACEMENT_3D('',#1732,#1733,#1734);
#804=SURFACE_SIDE_STYLE('',(#1735));
#805=EDGE_LOOP('',(#1736,#1737,#1738,#1739));
#806=AXIS2_PLACEMENT_3D('',#1740,#1741,#1742);
#807=SURFACE_SIDE_STYLE('',(#1743));
#808=EDGE_LOOP('',(#1744,#1745,#1746,#1747));
#809=AXIS2_PLACEMENT_3D('',#1748,#1749,#1750);
#810=SURFACE_SIDE_STYLE('',(#1751));
#811=EDGE_LOOP('',(#1752,#1753,#1754,#1755));
#812=AXIS2_PLACEMENT_3D('',#1756,#1757,#1758);
#813=SURFACE_SIDE_STYLE('',(#1759));
#814=EDGE_LOOP('',(#1760,#1761,#1762,#1763));
#815=AXIS2_PLACEMENT_3D('',#1764,#1765,#1766);
#816=SURFACE_SIDE_STYLE('',(#1767));
#817=EDGE_LOOP('',(#1768,#1769,#1770,#1771));
#818=AXIS2_PLACEMENT_3D('',#1772,#1773,#1774);
#819=SURFACE_SIDE_STYLE('',(#1775));
#820=EDGE_LOOP('',(#1776,#1777,#1778,#1779));
#821=AXIS2_PLACEMENT_3D('',#1780,#1781,#1782);
#822=SURFACE_SIDE_STYLE('',(#1783));
#823=EDGE_LOOP('',(#1784,#1785,#1786,#1787));
#824=AXIS2_PLACEMENT_3D('',#1788,#1789,#1790);
#825=SURFACE_SIDE_STYLE('',(#1791));
#826=EDGE_LOOP('',(#1792,#1793,#1794,#1795));
#827=AXIS2_PLACEMENT_3D('',#1796,#1797,#1798);
#828=SURFACE_SIDE_STYLE('',(#1799));
#829=EDGE_LOOP('',(#1800,#1801,#1802,#1803));
#830=AXIS2_PLACEMENT_3D('',#1804,#1805,#1806);
#831=SURFACE_SIDE_STYLE('',(#1807));
#832=EDGE_LOOP('',(#1808,#1809,#1810,#1811));
#833=AXIS2_PLACEMENT_3D('',#1812,#1813,#1814);
#834=SURFACE_SIDE_STYLE('',(#1815));
#835=EDGE_LOOP('',(#1816,#1817,#1818,#1819));
#836=AXIS2_PLACEMENT_3D('',#1820,#1821,#1822);
#837=SURFACE_SIDE_STYLE('',(#1823));
#838=EDGE_LOOP('',(#1824,#1825,#1826,#1827,#1828));
#839=AXIS2_PLACEMENT_3D('',#1829,#1830,#1831);
#840=SURFACE_SIDE_STYLE('',(#1832));
#841=EDGE_LOOP('',(#1833,#1834,#1835,#1836));
#842=AXIS2_PLACEMENT_3D('',#1837,#1838,#1839);
#843=SURFACE_SIDE_STYLE('',(#1840));
#844=EDGE_LOOP('',(#1841,#1842,#1843,#1844));
#845=AXIS2_PLACEMENT_3D('',#1845,#1846,#1847);
#846=SURFACE_SIDE_STYLE('',(#1848));
#847=EDGE_LOOP('',(#1849,#1850,#1851,#1852));
#848=AXIS2_PLACEMENT_3D('',#1853,#1854,#1855);
#849=SURFACE_SIDE_STYLE('',(#1856));
#850=EDGE_LOOP('',(#1857,#1858,#1859,#1860));
#851=AXIS2_PLACEMENT_3D('',#1861,#1862,#1863);
#852=SURFACE_SIDE_STYLE('',(#1864));
#853=EDGE_LOOP('',(#1865,#1866,#1867,#1868));
#854=AXIS2_PLACEMENT_3D('',#1869,#1870,#1871);
#855=SURFACE_SIDE_STYLE('',(#1872));
#856=EDGE_LOOP('',(#1873,#1874,#1875,#1876));
#857=AXIS2_PLACEMENT_3D('',#1877,#1878,#1879);
#858=SURFACE_SIDE_STYLE('',(#1880));
#859=EDGE_LOOP('',(#1881,#1882,#1883));
#860=AXIS2_PLACEMENT_3D('',#1884,#1885,#1886);
#861=SURFACE_SIDE_STYLE('',(#1887));
#862=EDGE_LOOP('',(#1888,#1889,#1890,#1891));
#863=CARTESIAN_POINT('',(1.81550128844884,0.202138175372719,0.648976964909738));
#864=CARTESIAN_POINT('',(1.81550136987628,0.202872516735007,0.682969052351643));
#865=CARTESIAN_POINT('',(1.81550145130372,0.203606858097294,0.71696113979347));
#866=CARTESIAN_POINT('',(1.81550153273116,0.204341199459581,0.750953227235375));
#867=CARTESIAN_POINT('',(1.81548655441694,0.201424020482935,0.648992352674493));
#868=CARTESIAN_POINT('',(1.81548657980231,0.201913082837012,0.682989725517642));
#869=CARTESIAN_POINT('',(1.81548660518769,0.202402145191088,0.716987098360871));
#870=CARTESIAN_POINT('',(1.81548663057306,0.202891207545165,0.75098447120402));
#871=CARTESIAN_POINT('',(1.8154175680939,0.194727149787339,0.649064203878287));
#872=CARTESIAN_POINT('',(1.81541735496863,0.192916231516113,0.683086260433567));
#873=CARTESIAN_POINT('',(1.81541714184337,0.19110531324489,0.717108316988843));
#874=CARTESIAN_POINT('',(1.8154169287181,0.189294394973749,0.751130373544037));
#875=CARTESIAN_POINT('',(1.81607637076401,0.187261577117115,0.648378042289432));
#876=CARTESIAN_POINT('',(1.81607843535993,0.182887156779564,0.682164375374308));
#877=CARTESIAN_POINT('',(1.81608049995507,0.178512736441931,0.715950708459105));
#878=CARTESIAN_POINT('',(1.816082564551,0.174138316104295,0.749737041543981));
#879=CARTESIAN_POINT('',(1.81823855293519,0.175948780933502,0.646183225770515));
#880=CARTESIAN_POINT('',(1.8182411270528,0.167685070315766,0.679214323221676));
#881=CARTESIAN_POINT('',(1.8182437011712,0.159421359698034,0.712245420672833));
#882=CARTESIAN_POINT('',(1.81824627528881,0.151157649080384,0.745276518123908));
#883=CARTESIAN_POINT('',(1.82028511377929,0.168802807815726,0.644126270652319));
#884=CARTESIAN_POINT('',(1.82028593447709,0.158084290376374,0.676453914475777));
#885=CARTESIAN_POINT('',(1.82028675517487,0.147365772937022,0.708781558299235));
#886=CARTESIAN_POINT('',(1.82028757587182,0.13664725549767,0.741109202122693));
#887=CARTESIAN_POINT('',(1.82413756012174,0.159302300330198,0.640381404746631));
#888=CARTESIAN_POINT('',(1.82413447536198,0.145333627001931,0.671425244435348));
#889=CARTESIAN_POINT('',(1.82413139060302,0.13136495367366,0.702469084124064));
#890=CARTESIAN_POINT('',(1.82412830584326,0.117396280345308,0.733512923812781));
#891=CARTESIAN_POINT('',(1.82783118869351,0.15223001944897,0.636882832297394));
#892=CARTESIAN_POINT('',(1.82783112119943,0.135825493701495,0.666718532004635));
#893=CARTESIAN_POINT('',(1.82783105370457,0.119420967954099,0.69655423171188));
#894=CARTESIAN_POINT('',(1.82783098621049,0.103016442206624,0.726389931419207));
#895=CARTESIAN_POINT('',(1.83300001501224,0.144636787191609,0.632198025063104));
#896=CARTESIAN_POINT('',(1.83300490214575,0.125610605051994,0.660418435332638));
#897=CARTESIAN_POINT('',(1.83300978927925,0.106584422912298,0.688638845602173));
#898=CARTESIAN_POINT('',(1.83301467641276,0.0875582407726657,0.716859255871707));
#899=CARTESIAN_POINT('',(1.83868958171767,0.137878818611064,0.627245374042296));
#900=CARTESIAN_POINT('',(1.83869065016522,0.116538560367251,0.653775884459702));
#901=CARTESIAN_POINT('',(1.83869171861278,0.0951983021234202,0.680306394877104));
#902=CARTESIAN_POINT('',(1.83869278706033,0.0738580438795809,0.706836905294425));
#903=CARTESIAN_POINT('',(1.84488739801564,0.132049069471385,0.622126287024245));
#904=CARTESIAN_POINT('',(1.84488784514562,0.108718680571099,0.646900777609918));
#905=CARTESIAN_POINT('',(1.84488829227638,0.0853882916708843,0.671675268195595));
#906=CARTESIAN_POINT('',(1.84488873940636,0.0620579027706401,0.696449758781353));
#907=CARTESIAN_POINT('',(1.85273355114731,0.126026662209984,0.615981042591191));
#908=CARTESIAN_POINT('',(1.8527351355527,0.100622781752587,0.638640669083741));
#909=CARTESIAN_POINT('',(1.8527367199573,0.0752189012951429,0.661300295576372));
#910=CARTESIAN_POINT('',(1.85273830436269,0.0498150208377378,0.683959922069006));
#911=CARTESIAN_POINT('',(1.85949957530975,0.12191995243176,0.611003290494123));
#912=CARTESIAN_POINT('',(1.85949994547385,0.0951066304350319,0.63195549636491));
#913=CARTESIAN_POINT('',(1.85950031563715,0.0682933084382872,0.652907702235697));
#914=CARTESIAN_POINT('',(1.85950068580125,0.0414799864415417,0.673859908106485));
#915=CARTESIAN_POINT('',(1.86959340215377,0.116925791612068,0.604043877278405));
#916=CARTESIAN_POINT('',(1.86958280919599,0.0883987562150896,0.622614600840237));
#917=CARTESIAN_POINT('',(1.86957221623901,0.0598717208180785,0.64118532440207));
#918=CARTESIAN_POINT('',(1.86956162328123,0.0313446854210742,0.659756047963902));
#919=CARTESIAN_POINT('',(1.87650056119637,0.114249227643992,0.599610987445193));
#920=CARTESIAN_POINT('',(1.87649304927605,0.08480255860744,0.616655031271933));
#921=CARTESIAN_POINT('',(1.87648553735495,0.0553558895708473,0.633699075098673));
#922=CARTESIAN_POINT('',(1.87647802543463,0.0259092205342612,0.650743118925413));
#923=CARTESIAN_POINT('',(1.88797849679061,0.11060720221684,0.592744545745635));
#924=CARTESIAN_POINT('',(1.8879789539978,0.0799062003671363,0.60742127748618));
#925=CARTESIAN_POINT('',(1.8879794112042,0.0492051985174739,0.622098009226726));
#926=CARTESIAN_POINT('',(1.88797986841139,0.0185041966678131,0.636774740967271));
#927=CARTESIAN_POINT('',(1.8947568897876,0.108935683473929,0.588992967490074));
#928=CARTESIAN_POINT('',(1.8947570484282,0.0776625879201968,0.602385753430201));
#929=CARTESIAN_POINT('',(1.8947572070688,0.0463894923664399,0.615778539370408));
#930=CARTESIAN_POINT('',(1.8947573657094,0.0151163968126738,0.629171325310619));
#931=CARTESIAN_POINT('',(1.90674601708411,0.106565203489419,0.582872029259023));
#932=CARTESIAN_POINT('',(1.90674728641937,0.0744770533160308,0.594163932807876));
#933=CARTESIAN_POINT('',(1.90674855575463,0.0423889031426263,0.605455836356728));
#934=CARTESIAN_POINT('',(1.90674982508989,0.0103007529692221,0.616747739905581));
#935=CARTESIAN_POINT('',(1.91425970906491,0.105397814393534,0.579324196058586));
#936=CARTESIAN_POINT('',(1.91426122765923,0.0729083806449126,0.589395990440937));
#937=CARTESIAN_POINT('',(1.91426274625277,0.0404189468962742,0.599467784823367));
#938=CARTESIAN_POINT('',(1.91426426484709,0.007929513147631,0.609539579205718));
#939=CARTESIAN_POINT('',(1.92615121301485,0.103975042381927,0.574215291118204));
#940=CARTESIAN_POINT('',(1.92614460672328,0.0709975025246969,0.582536726017069));
#941=CARTESIAN_POINT('',(1.92613800043172,0.0380199626674498,0.590858160915938));
#942=CARTESIAN_POINT('',(1.92613139414015,0.00504242281020015,0.599179595814888));
#943=CARTESIAN_POINT('',(1.93479258136977,0.1031816908867,0.570814617761507));
#944=CARTESIAN_POINT('',(1.93478689530592,0.0699329092317609,0.577965931027903));
#945=CARTESIAN_POINT('',(1.93478120924208,0.0366841275768053,0.585117244294296));
#946=CARTESIAN_POINT('',(1.93477552317823,0.00343534592183927,0.592268557560606));
#947=CARTESIAN_POINT('',(1.94607557660758,0.102423459510842,0.566837470465999));
#948=CARTESIAN_POINT('',(1.94607391396879,0.0689111373508002,0.57261567870806));
#949=CARTESIAN_POINT('',(1.94607225132921,0.0353988151907254,0.578393886950039));
#950=CARTESIAN_POINT('',(1.94607058869042,0.00188649303064514,0.584172095192015));
#951=CARTESIAN_POINT('',(1.95611548143814,0.101924325321482,0.563640709670896));
#952=CARTESIAN_POINT('',(1.95611509272838,0.0682411945007363,0.568321339344725));
#953=CARTESIAN_POINT('',(1.95611470401862,0.034558063679991,0.573001969018476));
#954=CARTESIAN_POINT('',(1.95611431530886,0.000874932859245619,0.577682598692306));
#955=CARTESIAN_POINT('',(1.966999416343,0.101558177741332,0.560610681727802));
#956=CARTESIAN_POINT('',(1.96699782867974,0.0677492592889546,0.564250738440027));
#957=CARTESIAN_POINT('',(1.9669962410173,0.0339403408365934,0.567890795152174));
#958=CARTESIAN_POINT('',(1.96699465335489,0.000131422384232845,0.5715308518644));
#959=CARTESIAN_POINT('',(1.97876370269186,0.101289133524781,0.557740237527699));
#960=CARTESIAN_POINT('',(1.97876455740769,0.0673885746508602,0.560396676451893));
#961=CARTESIAN_POINT('',(1.97876541212431,0.033488015776947,0.563053115376008));
#962=CARTESIAN_POINT('',(1.97876626684014,-0.000412543096971602,0.565709554300202));
#963=CARTESIAN_POINT('',(1.98935171009634,0.101150616696837,0.555582407888297));
#964=CARTESIAN_POINT('',(1.98935569910378,0.0672021901032772,0.557495626595233));
#965=CARTESIAN_POINT('',(1.98935968811122,0.0332537635097094,0.559408845302172));
#966=CARTESIAN_POINT('',(1.98936367711866,-0.000694663083862897,0.561322064009193));
#967=CARTESIAN_POINT('',(2.0033046913462,0.101044913091314,0.553237802905028));
#968=CARTESIAN_POINT('',(2.00331201397833,0.0670604155603918,0.554353579245503));
#969=CARTESIAN_POINT('',(2.00331933660964,0.0330759180294859,0.555469355585894));
#970=CARTESIAN_POINT('',(2.00332665924091,-0.000908579501423392,0.556585131926283));
#971=CARTESIAN_POINT('',(2.01370853946033,0.101016477522456,0.551917348182748));
#972=CARTESIAN_POINT('',(2.01371454374978,0.0670221228156519,0.552586786113909));
#973=CARTESIAN_POINT('',(2.01372054803922,0.0330277681088559,0.553256224044991));
#974=CARTESIAN_POINT('',(2.01372655232867,-0.000966586597933132,0.553925661976153));
#975=CARTESIAN_POINT('',(2.03048319472182,0.100997350728938,0.550453675947789));
#976=CARTESIAN_POINT('',(2.0304817382642,0.0669969351572617,0.55062187435323));
#977=CARTESIAN_POINT('',(2.0304802818058,0.0329965195855849,0.55079007275867));
#978=CARTESIAN_POINT('',(2.03047882534818,-0.00100389598610173,0.550958271164111));
#979=CARTESIAN_POINT('',(2.04172204906255,0.101000257017283,0.549955993167029));
#980=CARTESIAN_POINT('',(2.04172219035952,0.0670002973337033,0.54993967765255));
#981=CARTESIAN_POINT('',(2.04172233165652,0.0330003376501239,0.54992336213815));
#982=CARTESIAN_POINT('',(2.04172247295434,-0.000999622033453798,0.549907046623671));
#983=CARTESIAN_POINT('',(2.05208045082655,0.100999971229583,0.550004925400283));
#984=CARTESIAN_POINT('',(2.05208043500985,0.0669999667165648,0.550006751509728));
#985=CARTESIAN_POINT('',(2.05208041919315,0.0329999622035632,0.550008577619169));
#986=CARTESIAN_POINT('',(2.05208040337645,-0.00100004230943526,0.550010403728528));
#987=CARTESIAN_POINT('',(2.05312811128501,0.100999896051444,0.550014917920435));
#988=CARTESIAN_POINT('',(2.05312805599527,0.0669998778854926,0.550020473909105));
#989=CARTESIAN_POINT('',(2.05312800070473,0.0329998597195658,0.550026029897695));
#990=CARTESIAN_POINT('',(2.05312794541499,-0.00100015844635594,0.550031585886365));
#991=SURFACE_SIDE_STYLE('',(#1892));
#992=EDGE_LOOP('',(#1893,#1894,#1895,#1896));
#993=AXIS2_PLACEMENT_3D('',#1897,#1898,#1899);
#994=SURFACE_SIDE_STYLE('',(#1900));
#995=EDGE_LOOP('',(#1901,#1902,#1903,#1904));
#996=CARTESIAN_POINT('',(2.05309879186829,0.100999894232734,-0.550014631276393));
#997=CARTESIAN_POINT('',(2.05309873857543,0.0669998758364115,-0.550020112799731));
#998=CARTESIAN_POINT('',(2.05309868528261,0.032999857440048,-0.550025594323073));
#999=CARTESIAN_POINT('',(2.0530986319906,-0.00100016095632034,-0.550031075846496));
#1000=CARTESIAN_POINT('',(2.0520608237929,0.100999970529058,-0.550004829992949));
#1001=CARTESIAN_POINT('',(2.05206080845163,0.0669999659241391,-0.550006631258557));
#1002=CARTESIAN_POINT('',(2.05206079311037,0.0329999613192123,-0.550008432524243));
#1003=CARTESIAN_POINT('',(2.0520607777691,-0.00100004328570909,-0.550010233789851));
#1004=CARTESIAN_POINT('',(2.04135251388294,0.101000276047536,-0.549954758448982));
#1005=CARTESIAN_POINT('',(2.04135265757832,0.0670003191805696,-0.549937886369594));
#1006=CARTESIAN_POINT('',(2.04135280127369,0.0330003623136438,-0.54992101429021));
#1007=CARTESIAN_POINT('',(2.04135294496906,-0.000999594553280354,-0.549904142210907));
#1008=CARTESIAN_POINT('',(2.0297756267042,0.100997016535185,-0.550488963405251));
#1009=CARTESIAN_POINT('',(2.02977407367281,0.0669965503615608,-0.550671314067884));
#1010=CARTESIAN_POINT('',(2.02977252064219,0.0329960841879201,-0.550853664730516));
#1011=CARTESIAN_POINT('',(2.0297709676108,-0.00100438198571794,-0.551036015393149));
#1012=CARTESIAN_POINT('',(2.01251610371783,0.101018790217803,-0.552046558307834));
#1013=CARTESIAN_POINT('',(2.01252253949128,0.0670252725619282,-0.552762312468778));
#1014=CARTESIAN_POINT('',(2.01252897526472,0.0330317549060537,-0.553478066629721));
#1015=CARTESIAN_POINT('',(2.01253541103817,-0.000961762749812472,-0.554193820790665));
#1016=CARTESIAN_POINT('',(2.00186619154006,0.101051123402196,-0.553443632775599));
#1017=CARTESIAN_POINT('',(2.00187404075402,0.0670687144747207,-0.554630932975659));
#1018=CARTESIAN_POINT('',(2.00188188996798,0.0330863055472618,-0.55581823317564));
#1019=CARTESIAN_POINT('',(2.00188973918194,-0.000896103380192414,-0.5570055333757));
#1020=CARTESIAN_POINT('',(1.98766822584715,0.101168421698994,-0.555901115792875));
#1021=CARTESIAN_POINT('',(1.98767257668812,0.0672261644758777,-0.557923594417731));
#1022=CARTESIAN_POINT('',(1.98767692752988,0.0332839072527534,-0.559946073042667));
#1023=CARTESIAN_POINT('',(1.98768127837085,-0.000658349970373717,-0.561968551667523));
#1024=CARTESIAN_POINT('',(1.97695323445724,0.101320950078413,-0.558146527784718));
#1025=CARTESIAN_POINT('',(1.97695423825508,0.067431233348173,-0.560942552152698));
#1026=CARTESIAN_POINT('',(1.97695524205292,0.0335415166179491,-0.563738576520596));
#1027=CARTESIAN_POINT('',(1.97695624585076,-0.000348200112275849,-0.566534600888491));
#1028=CARTESIAN_POINT('',(1.96512199445725,0.101612189819413,-0.561106963195479));
#1029=CARTESIAN_POINT('',(1.96512039220049,0.0678218372266887,-0.564917219982625));
#1030=CARTESIAN_POINT('',(1.96511878994455,0.0340314846339315,-0.568727476769771));
#1031=CARTESIAN_POINT('',(1.96511718768864,0.000241132041180461,-0.572537733556917));
#1032=CARTESIAN_POINT('',(1.95423522302877,0.102004219867515,-0.564208405265152));
#1033=CARTESIAN_POINT('',(1.95423482822785,0.0683483735505029,-0.569083692412623));
#1034=CARTESIAN_POINT('',(1.95423443342611,0.0346925272334986,-0.573958979560173));
#1035=CARTESIAN_POINT('',(1.95423403862435,0.00103668091649296,-0.578834266707644));
#1036=CARTESIAN_POINT('',(1.94425382825418,0.102531164826968,-0.567452839742733));
#1037=CARTESIAN_POINT('',(1.9442522259088,0.069055749726439,-0.573441736484443));
#1038=CARTESIAN_POINT('',(1.9442506235642,0.0355803346259021,-0.579430633226148));
#1039=CARTESIAN_POINT('',(1.94424902121882,0.00210491952537468,-0.585419529967772));
#1040=CARTESIAN_POINT('',(1.93309241128789,0.103322280861301,-0.571459461824217));
#1041=CARTESIAN_POINT('',(1.9330865246613,0.0701216022626179,-0.578831812813504));
#1042=CARTESIAN_POINT('',(1.9330806380347,0.0369209236639431,-0.586204163802793));
#1043=CARTESIAN_POINT('',(1.93307475140811,0.00372024506526409,-0.593576514792165));
#1044=CARTESIAN_POINT('',(1.92458973187822,0.104140013476906,-0.574859249367487));
#1045=CARTESIAN_POINT('',(1.92458276386674,0.0712190908384551,-0.583401432778193));
#1046=CARTESIAN_POINT('',(1.9245757958553,0.0382981681999638,-0.591943616188895));
#1047=CARTESIAN_POINT('',(1.92456882784467,0.00537724556147494,-0.600485799599516));
#1048=CARTESIAN_POINT('',(1.91293008693419,0.105589831097382,-0.579935462487491));
#1049=CARTESIAN_POINT('',(1.91293087108647,0.0731664250784953,-0.590217373795927));
#1050=CARTESIAN_POINT('',(1.91293165523953,0.0407430190595837,-0.60049928510436));
#1051=CARTESIAN_POINT('',(1.91293243939181,0.00831961304067032,-0.610781196412711));
#1052=CARTESIAN_POINT('',(1.90558914280346,0.106768315211336,-0.583440187408086));
#1053=CARTESIAN_POINT('',(1.90558985605522,0.0747499739331227,-0.594927271184499));
#1054=CARTESIAN_POINT('',(1.90559056930778,0.0427316326549172,-0.60641435496099));
#1055=CARTESIAN_POINT('',(1.90559128255954,0.0107132913767071,-0.617901438737404));
#1056=CARTESIAN_POINT('',(1.89388913191566,0.109141413806024,-0.589465551467346));
#1057=CARTESIAN_POINT('',(1.89388920729355,0.0779389279194047,-0.603020661030985));
#1058=CARTESIAN_POINT('',(1.89388928267145,0.0467364420327527,-0.616575770594706));
#1059=CARTESIAN_POINT('',(1.89388935804934,0.0155339561460994,-0.630130880158431));
#1060=CARTESIAN_POINT('',(1.88728201806169,0.11080434903851,-0.593146429204007));
#1061=CARTESIAN_POINT('',(1.88728255466349,0.0801710444328847,-0.607961343880765));
#1062=CARTESIAN_POINT('',(1.88728309126447,0.049537739827243,-0.622776258557525));
#1063=CARTESIAN_POINT('',(1.88728362786542,0.0189044352216008,-0.637591173234368));
#1064=CARTESIAN_POINT('',(1.87609192940775,0.114402395941581,-0.599870098575367));
#1065=CARTESIAN_POINT('',(1.87608515376132,0.0850078272570123,-0.61700220008081));
#1066=CARTESIAN_POINT('',(1.87607837811568,0.0556132585724761,-0.634134301586174));
#1067=CARTESIAN_POINT('',(1.87607160246925,0.026218689887933,-0.651266403091617));
#1068=CARTESIAN_POINT('',(1.86935601746078,0.117034739034174,-0.604203840154837));
#1069=CARTESIAN_POINT('',(1.86934635810926,0.0885445933902997,-0.62282802573514));
#1070=CARTESIAN_POINT('',(1.86933669875774,0.0600544477464582,-0.641452211315443));
#1071=CARTESIAN_POINT('',(1.86932703940622,0.0315643021026182,-0.660076396895746));
#1072=CARTESIAN_POINT('',(1.85948014737676,0.121937523716476,-0.611020107025561));
#1073=CARTESIAN_POINT('',(1.85948011919326,0.0951294310727598,-0.63197736618064));
#1074=CARTESIAN_POINT('',(1.85948009100978,0.0683213384290769,-0.652934625335641));
#1075=CARTESIAN_POINT('',(1.85948006282713,0.0415132457854036,-0.673891884490719));
#1076=CARTESIAN_POINT('',(1.85283394840304,0.125965859513856,-0.615907199163972));
#1077=CARTESIAN_POINT('',(1.85283495920861,0.100540834536054,-0.638540859508584));
#1078=CARTESIAN_POINT('',(1.85283597001339,0.0751158095581884,-0.661174519853195));
#1079=CARTESIAN_POINT('',(1.85283698081896,0.0496907845803611,-0.683808180197807));
#1080=CARTESIAN_POINT('',(1.84508614089254,0.131884898640378,-0.621967353659943));
#1081=CARTESIAN_POINT('',(1.84508568568118,0.108498035174865,-0.646687599526281));
#1082=CARTESIAN_POINT('',(1.84508523046982,0.0851111717093359,-0.6714078453927));
#1083=CARTESIAN_POINT('',(1.84508477525846,0.061724308243806,-0.696128091259123));
#1084=CARTESIAN_POINT('',(1.83893250963271,0.137628063527202,-0.627040391243553));
#1085=CARTESIAN_POINT('',(1.83893314604798,0.11620230086334,-0.653500427112969));
#1086=CARTESIAN_POINT('',(1.83893378246406,0.0947765381994688,-0.679960462982303));
#1087=CARTESIAN_POINT('',(1.83893441888018,0.0733507755355809,-0.706420498851633));
#1088=CARTESIAN_POINT('',(1.83324775336044,0.144313769084553,-0.631978081685227));
#1089=CARTESIAN_POINT('',(1.83325233852441,0.125178119477157,-0.6601239841171));
#1090=CARTESIAN_POINT('',(1.83325692368756,0.10604246986976,-0.688269886548974));
#1091=CARTESIAN_POINT('',(1.83326150885067,0.0869068202623474,-0.716415788980847));
#1092=CARTESIAN_POINT('',(1.82805290360879,0.151859925811442,-0.636677335823588));
#1093=CARTESIAN_POINT('',(1.82805316895334,0.135328402027819,-0.666442649838594));
#1094=CARTESIAN_POINT('',(1.8280534342987,0.118796878244196,-0.696207963853679));
#1095=CARTESIAN_POINT('',(1.8280536996441,0.102265354460573,-0.725973277868684));
#1096=CARTESIAN_POINT('',(1.82431594084614,0.158922378175309,-0.640210351844154));
#1097=CARTESIAN_POINT('',(1.82431346797831,0.144823116598048,-0.671195378756142));
#1098=CARTESIAN_POINT('',(1.82431099510966,0.130723855020869,-0.702180405668133));
#1099=CARTESIAN_POINT('',(1.82430852224097,0.116624593443693,-0.733165432580206));
#1100=CARTESIAN_POINT('',(1.82040246447481,0.168448181117123,-0.64400968322769));
#1101=CARTESIAN_POINT('',(1.82040383467027,0.157607403684844,-0.67629713561226));
#1102=CARTESIAN_POINT('',(1.82040520486577,0.146766626252566,-0.70858458799691));
#1103=CARTESIAN_POINT('',(1.82040657506208,0.135925848820287,-0.74087204038148));
#1104=CARTESIAN_POINT('',(1.81831172113465,0.175642792561586,-0.646109357749511));
#1105=CARTESIAN_POINT('',(1.81831503038122,0.167273832297058,-0.679115013775793));
#1106=CARTESIAN_POINT('',(1.81831833962778,0.15890487203245,-0.712120669802076));
#1107=CARTESIAN_POINT('',(1.81832164887435,0.150535911767921,-0.745126325828359));
#1108=CARTESIAN_POINT('',(1.81609605905544,0.187070429000508,-0.648357441532694));
#1109=CARTESIAN_POINT('',(1.81609864720974,0.182630354829037,-0.682136715234447));
#1110=CARTESIAN_POINT('',(1.81610123536322,0.178190280657563,-0.715915988936122));
#1111=CARTESIAN_POINT('',(1.81610382351667,0.173750206486007,-0.749695262637875));
#1112=CARTESIAN_POINT('',(1.81541628118459,0.194630066283233,-0.649065553907023));
#1113=CARTESIAN_POINT('',(1.81541601714086,0.192785807390512,-0.683088072435638));
#1114=CARTESIAN_POINT('',(1.81541575309714,0.19094154849779,-0.717110590964331));
#1115=CARTESIAN_POINT('',(1.81541548905341,0.189097289605068,-0.751133109492945));
#1116=CARTESIAN_POINT('',(1.8154866199451,0.201430739712371,-0.64899228328577));
#1117=CARTESIAN_POINT('',(1.81548665102737,0.20192210948439,-0.68298963250478));
#1118=CARTESIAN_POINT('',(1.81548668210963,0.202413479256409,-0.716986981723789));
#1119=CARTESIAN_POINT('',(1.8154867131919,0.202904849028428,-0.750984330942798));
#1120=CARTESIAN_POINT('',(1.81550149747913,0.202148575898482,-0.648976743264349));
#1121=CARTESIAN_POINT('',(1.81550159704511,0.202886488520368,-0.682968755277239));
#1122=CARTESIAN_POINT('',(1.81550169661189,0.203624401142335,-0.716960767290129));
#1123=CARTESIAN_POINT('',(1.81550179617787,0.204362313764306,-0.750952779303019));
#1124=SURFACE_SIDE_STYLE('',(#1905));
#1125=EDGE_LOOP('',(#1906,#1907,#1908));
#1126=AXIS2_PLACEMENT_3D('',#1909,#1910,#1911);
#1127=SURFACE_SIDE_STYLE('',(#1912));
#1128=EDGE_LOOP('',(#1913,#1914,#1915,#1916,#1917,#1918));
#1129=AXIS2_PLACEMENT_3D('',#1919,#1920,#1921);
#1130=SURFACE_SIDE_STYLE('',(#1922));
#1131=EDGE_LOOP('',(#1923,#1924,#1925));
#1132=AXIS2_PLACEMENT_3D('',#1926,#1927,#1928);
#1133=SURFACE_SIDE_STYLE('',(#1929));
#1134=EDGE_LOOP('',(#1930,#1931,#1932));
#1135=AXIS2_PLACEMENT_3D('',#1933,#1934,#1935);
#1136=SURFACE_SIDE_STYLE('',(#1936));
#1137=EDGE_LOOP('',(#1937,#1938,#1939,#1940));
#1138=AXIS2_PLACEMENT_3D('',#1941,#1942,#1943);
#1139=SURFACE_SIDE_STYLE('',(#1944));
#1140=EDGE_LOOP('',(#1945,#1946,#1947,#1948,#1949));
#1141=AXIS2_PLACEMENT_3D('',#1950,#1951,#1952);
#1142=SURFACE_SIDE_STYLE('',(#1953));
#1143=EDGE_LOOP('',(#1954,#1955,#1956,#1957,#1958));
#1144=AXIS2_PLACEMENT_3D('',#1959,#1960,#1961);
#1145=SURFACE_SIDE_STYLE('',(#1962));
#1146=EDGE_LOOP('',(#1963,#1964,#1965,#1966));
#1147=AXIS2_PLACEMENT_3D('',#1967,#1968,#1969);
#1148=SURFACE_SIDE_STYLE('',(#1970));
#1149=EDGE_LOOP('',(#1971,#1972,#1973));
#1150=AXIS2_PLACEMENT_3D('',#1974,#1975,#1976);
#1151=SURFACE_SIDE_STYLE('',(#1977));
#1152=EDGE_LOOP('',(#1978,#1979,#1980,#1981,#1982));
#1153=AXIS2_PLACEMENT_3D('',#1983,#1984,#1985);
#1154=SURFACE_SIDE_STYLE('',(#1986));
#1155=EDGE_LOOP('',(#1987,#1988,#1989));
#1156=AXIS2_PLACEMENT_3D('',#1990,#1991,#1992);
#1157=SURFACE_SIDE_STYLE('',(#1993));
#1158=EDGE_LOOP('',(#1994,#1995,#1996,#1997));
#1159=AXIS2_PLACEMENT_3D('',#1998,#1999,#2000);
#1160=SURFACE_SIDE_STYLE('',(#2001));
#1161=EDGE_LOOP('',(#2002,#2003,#2004,#2005,#2006));
#1162=AXIS2_PLACEMENT_3D('',#2007,#2008,#2009);
#1163=SURFACE_SIDE_STYLE('',(#2010));
#1164=EDGE_LOOP('',(#2011,#2012,#2013,#2014,#2015));
#1165=AXIS2_PLACEMENT_3D('',#2016,#2017,#2018);
#1166=SURFACE_SIDE_STYLE('',(#2019));
#1167=EDGE_LOOP('',(#2020,#2021,#2022,#2023,#2024,#2025));
#1168=AXIS2_PLACEMENT_3D('',#2026,#2027,#2028);
#1169=SURFACE_SIDE_STYLE('',(#2029));
#1170=EDGE_LOOP('',(#2030,#2031,#2032,#2033));
#1171=AXIS2_PLACEMENT_3D('',#2034,#2035,#2036);
#1172=SURFACE_SIDE_STYLE('',(#2037));
#1173=EDGE_LOOP('',(#2038,#2039,#2040,#2041));
#1174=AXIS2_PLACEMENT_3D('',#2042,#2043,#2044);
#1175=SURFACE_SIDE_STYLE('',(#2045));
#1176=EDGE_LOOP('',(#2046,#2047,#2048,#2049));
#1177=AXIS2_PLACEMENT_3D('',#2050,#2051,#2052);
#1178=SURFACE_SIDE_STYLE('',(#2053));
#1179=EDGE_LOOP('',(#2054,#2055,#2056,#2057));
#1180=AXIS2_PLACEMENT_3D('',#2058,#2059,#2060);
#1181=SURFACE_SIDE_STYLE('',(#2061));
#1182=EDGE_LOOP('',(#2062,#2063,#2064,#2065));
#1183=AXIS2_PLACEMENT_3D('',#2066,#2067,#2068);
#1184=SURFACE_SIDE_STYLE('',(#2069));
#1185=EDGE_LOOP('',(#2070,#2071,#2072,#2073));
#1186=AXIS2_PLACEMENT_3D('',#2074,#2075,#2076);
#1187=SURFACE_SIDE_STYLE('',(#2077));
#1188=EDGE_LOOP('',(#2078,#2079,#2080,#2081));
#1189=AXIS2_PLACEMENT_3D('',#2082,#2083,#2084);
#1190=SURFACE_SIDE_STYLE('',(#2085));
#1191=EDGE_LOOP('',(#2086,#2087,#2088,#2089));
#1192=AXIS2_PLACEMENT_3D('',#2090,#2091,#2092);
#1193=SURFACE_SIDE_STYLE('',(#2093));
#1194=EDGE_LOOP('',(#2094,#2095,#2096,#2097));
#1195=AXIS2_PLACEMENT_3D('',#2098,#2099,#2100);
#1196=SURFACE_SIDE_STYLE('',(#2101));
#1197=EDGE_LOOP('',(#2102,#2103,#2104,#2105));
#1198=AXIS2_PLACEMENT_3D('',#2106,#2107,#2108);
#1199=SURFACE_SIDE_STYLE('',(#2109));
#1200=EDGE_LOOP('',(#2110,#2111,#2112,#2113));
#1201=AXIS2_PLACEMENT_3D('',#2114,#2115,#2116);
#1202=SURFACE_SIDE_STYLE('',(#2117));
#1203=EDGE_LOOP('',(#2118,#2119,#2120,#2121));
#1204=AXIS2_PLACEMENT_3D('',#2122,#2123,#2124);
#1205=SURFACE_SIDE_STYLE('',(#2125));
#1206=EDGE_LOOP('',(#2126,#2127,#2128,#2129));
#1207=AXIS2_PLACEMENT_3D('',#2130,#2131,#2132);
#1208=SURFACE_SIDE_STYLE('',(#2133));
#1209=EDGE_LOOP('',(#2134,#2135,#2136,#2137));
#1210=AXIS2_PLACEMENT_3D('',#2138,#2139,#2140);
#1211=SURFACE_SIDE_STYLE('',(#2141));
#1212=EDGE_LOOP('',(#2142,#2143,#2144,#2145));
#1213=AXIS2_PLACEMENT_3D('',#2146,#2147,#2148);
#1214=SURFACE_SIDE_STYLE('',(#2149));
#1215=EDGE_LOOP('',(#2150,#2151,#2152,#2153));
#1216=AXIS2_PLACEMENT_3D('',#2154,#2155,#2156);
#1217=SURFACE_SIDE_STYLE('',(#2157));
#1218=EDGE_LOOP('',(#2158,#2159,#2160,#2161));
#1219=AXIS2_PLACEMENT_3D('',#2162,#2163,#2164);
#1220=SURFACE_SIDE_STYLE('',(#2165));
#1221=EDGE_LOOP('',(#2166,#2167,#2168,#2169));
#1222=AXIS2_PLACEMENT_3D('',#2170,#2171,#2172);
#1223=SURFACE_SIDE_STYLE('',(#2173));
#1224=EDGE_LOOP('',(#2174,#2175,#2176,#2177));
#1225=AXIS2_PLACEMENT_3D('',#2178,#2179,#2180);
#1226=SURFACE_SIDE_STYLE('',(#2181));
#1227=EDGE_LOOP('',(#2182,#2183,#2184,#2185,#2186));
#1228=AXIS2_PLACEMENT_3D('',#2187,#2188,#2189);
#1229=SURFACE_SIDE_STYLE('',(#2190));
#1230=EDGE_LOOP('',(#2191,#2192,#2193,#2194));
#1231=AXIS2_PLACEMENT_3D('',#2195,#2196,#2197);
#1232=SURFACE_SIDE_STYLE('',(#2198));
#1233=EDGE_LOOP('',(#2199,#2200,#2201,#2202));
#1234=AXIS2_PLACEMENT_3D('',#2203,#2204,#2205);
#1235=SURFACE_SIDE_STYLE('',(#2206));
#1236=EDGE_LOOP('',(#2207,#2208,#2209,#2210));
#1237=AXIS2_PLACEMENT_3D('',#2211,#2212,#2213);
#1238=SURFACE_SIDE_STYLE('',(#2214));
#1239=EDGE_LOOP('',(#2215,#2216,#2217,#2218,#2219));
#1240=AXIS2_PLACEMENT_3D('',#2220,#2221,#2222);
#1241=SURFACE_SIDE_STYLE('',(#2223));
#1242=EDGE_LOOP('',(#2224,#2225,#2226,#2227));
#1243=AXIS2_PLACEMENT_3D('',#2228,#2229,#2230);
#1244=SURFACE_SIDE_STYLE('',(#2231));
#1245=EDGE_LOOP('',(#2232,#2233,#2234,#2235));
#1246=AXIS2_PLACEMENT_3D('',#2236,#2237,#2238);
#1247=SURFACE_SIDE_STYLE('',(#2239));
#1248=EDGE_LOOP('',(#2240,#2241,#2242,#2243));
#1249=AXIS2_PLACEMENT_3D('',#2244,#2245,#2246);
#1250=SURFACE_SIDE_STYLE('',(#2247));
#1251=EDGE_LOOP('',(#2248,#2249,#2250,#2251));
#1252=AXIS2_PLACEMENT_3D('',#2252,#2253,#2254);
#1253=SURFACE_SIDE_STYLE('',(#2255));
#1254=EDGE_LOOP('',(#2256,#2257,#2258,#2259));
#1255=AXIS2_PLACEMENT_3D('',#2260,#2261,#2262);
#1256=SURFACE_SIDE_STYLE('',(#2263));
#1257=EDGE_LOOP('',(#2264,#2265,#2266,#2267,#2268,#2269,#2270,#2271));
#1258=AXIS2_PLACEMENT_3D('',#2272,#2273,#2274);
#1259=SURFACE_SIDE_STYLE('',(#2275));
#1260=EDGE_LOOP('',(#2276,#2277,#2278,#2279));
#1261=AXIS2_PLACEMENT_3D('',#2280,#2281,#2282);
#1262=SURFACE_SIDE_STYLE('',(#2283));
#1263=EDGE_LOOP('',(#2284,#2285,#2286,#2287));
#1264=AXIS2_PLACEMENT_3D('',#2288,#2289,#2290);
#1265=SURFACE_SIDE_STYLE('',(#2291));
#1266=EDGE_LOOP('',(#2292,#2293,#2294,#2295));
#1267=AXIS2_PLACEMENT_3D('',#2296,#2297,#2298);
#1268=SURFACE_SIDE_STYLE('',(#2299));
#1269=EDGE_LOOP('',(#2300,#2301,#2302,#2303,#2304,#2305,#2306,#2307));
#1270=AXIS2_PLACEMENT_3D('',#2308,#2309,#2310);
#1271=SURFACE_SIDE_STYLE('',(#2311));
#1272=EDGE_LOOP('',(#2312,#2313,#2314,#2315));
#1273=AXIS2_PLACEMENT_3D('',#2316,#2317,#2318);
#1274=SURFACE_SIDE_STYLE('',(#2319));
#1275=EDGE_LOOP('',(#2320,#2321,#2322,#2323,#2324,#2325,#2326,#2327,#2328,#2329,#2330,#2331,#2332,#2333,#2334,#2335,#2336,#2337,#2338,#2339,#2340,#2341));
#1276=EDGE_LOOP('',(#2342,#2343,#2344,#2345,#2346,#2347,#2348,#2349));
#1277=AXIS2_PLACEMENT_3D('',#2350,#2351,#2352);
#1278=SURFACE_SIDE_STYLE('',(#2353));
#1279=EDGE_LOOP('',(#2354,#2355,#2356,#2357));
#1280=CARTESIAN_POINT('',(3.455343270716,0.1887533343766,0.742306326433));
#1281=CARTESIAN_POINT('',(3.424505518574,0.1570465039054,0.7449825507002));
#1282=CARTESIAN_POINT('',(3.393667766432,0.1253396734343,0.7476587749675));
#1283=CARTESIAN_POINT('',(3.362830014289,0.09363284296321,0.7503349992347));
#1284=CARTESIAN_POINT('',(3.439285808524,0.2055232755807,0.7427002195631));
#1285=CARTESIAN_POINT('',(3.408869630982,0.1738384583726,0.7452394291333));
#1286=CARTESIAN_POINT('',(3.37845345344,0.1421536411646,0.7477786387034));
#1287=CARTESIAN_POINT('',(3.348037275898,0.1104688239565,0.7503178482735));
#1288=CARTESIAN_POINT('',(3.409760554729,0.2357643800215,0.7434883516709));
#1289=CARTESIAN_POINT('',(3.380268213408,0.204158147457,0.7457534115446));
#1290=CARTESIAN_POINT('',(3.350775872087,0.1725519148924,0.7480184714183));
#1291=CARTESIAN_POINT('',(3.321283530765,0.1409456823279,0.7502835312921));
#1292=CARTESIAN_POINT('',(3.382050359818,0.262637170155,0.7443285515901));
#1293=CARTESIAN_POINT('',(3.353771215393,0.2312371784956,0.7463013501151));
#1294=CARTESIAN_POINT('',(3.325492070969,0.1998371868363,0.7482741486401));
#1295=CARTESIAN_POINT('',(3.297212926544,0.1684371951769,0.7502469471652));
#1296=CARTESIAN_POINT('',(3.36915296308,0.2746902357602,0.7447347961341));
#1297=CARTESIAN_POINT('',(3.341532182928,0.2434381170648,0.7465662835549));
#1298=CARTESIAN_POINT('',(3.313911402775,0.2121859983693,0.7483977709757));
#1299=CARTESIAN_POINT('',(3.286290622622,0.1809338796738,0.7502292583966));
#1300=SURFACE_SIDE_STYLE('',(#2358));
#1301=EDGE_LOOP('',(#2359,#2360,#2361,#2362));
#1302=CARTESIAN_POINT('',(3.50098561318539,0.403391866544549,0.749998206132885));
#1303=CARTESIAN_POINT('',(3.46698683301522,0.40310427686252,0.749998206132885));
#1304=CARTESIAN_POINT('',(3.43298805284505,0.402816687180418,0.749998206132886));
#1305=CARTESIAN_POINT('',(3.39898927267479,0.402529097498304,0.749998206132886));
#1306=CARTESIAN_POINT('',(3.50099520541269,0.402261295717418,0.749999402171139));
#1307=CARTESIAN_POINT('',(3.46699561193657,0.402069564908482,0.749999402171139));
#1308=CARTESIAN_POINT('',(3.43299601846041,0.401877834099543,0.749999402171139));
#1309=CARTESIAN_POINT('',(3.39899642498344,0.401686103290523,0.749999402171139));
#1310=CARTESIAN_POINT('',(3.5010958916225,0.378517973291389,0.75001195656148));
#1311=CARTESIAN_POINT('',(3.46708776116096,0.380339392014809,0.75001195656148));
#1312=CARTESIAN_POINT('',(3.43307963069942,0.382160810738228,0.75001195656148));
#1313=CARTESIAN_POINT('',(3.39907150023787,0.383982229461648,0.75001195656148));
#1314=CARTESIAN_POINT('',(3.49716434004541,0.33214118716471,0.7495217381603));
#1315=CARTESIAN_POINT('',(3.46348955809649,0.337894802218052,0.7495217381603));
#1316=CARTESIAN_POINT('',(3.42981477614757,0.343648417271393,0.7495217381603));
#1317=CARTESIAN_POINT('',(3.39613999419864,0.349402032324734,0.7495217381603));
#1318=CARTESIAN_POINT('',(3.48005037756025,0.266174853548532,0.747387827626));
#1319=CARTESIAN_POINT('',(3.44782665477458,0.277521624070554,0.747387827626));
#1320=CARTESIAN_POINT('',(3.41560293198971,0.288868394592577,0.747387827626));
#1321=CARTESIAN_POINT('',(3.38337920920405,0.3002151651146,0.747387827626));
#1322=CARTESIAN_POINT('',(3.45952804825397,0.220620698762985,0.744828933697548));
#1323=CARTESIAN_POINT('',(3.4290443733401,0.235829916324132,0.744828933697548));
#1324=CARTESIAN_POINT('',(3.39856069842547,0.251039133885356,0.744828933697548));
#1325=CARTESIAN_POINT('',(3.36807702351159,0.266248351446503,0.744828933697548));
#1326=CARTESIAN_POINT('',(3.4459272787484,0.197133113584992,0.743133077150697));
#1327=CARTESIAN_POINT('',(3.41659678628607,0.214333797221059,0.743133077150697));
#1328=CARTESIAN_POINT('',(3.38726629382368,0.231534480857207,0.743133077150697));
#1329=CARTESIAN_POINT('',(3.35793580136134,0.248735164493352,0.743133077150697));
#1330=CARTESIAN_POINT('',(3.44363351939254,0.193319794308374,0.742847072243494));
#1331=CARTESIAN_POINT('',(3.41449751026722,0.210843801773409,0.742847072243494));
#1332=CARTESIAN_POINT('',(3.38536150114186,0.228367809238485,0.742847072243494));
#1333=CARTESIAN_POINT('',(3.35622549201612,0.24589181670356,0.742847072243494));
#1334=SURFACE_SIDE_STYLE('',(#2363));
#1335=EDGE_LOOP('',(#2364,#2365,#2366,#2367));
#1336=CARTESIAN_POINT('',(3.09374413912877,0.800951068633271,0.6992199674724));
#1337=CARTESIAN_POINT('',(3.09427456124733,0.766955217427369,0.6992199674724));
#1338=CARTESIAN_POINT('',(3.09480498336667,0.732959366221548,0.6992199674724));
#1339=CARTESIAN_POINT('',(3.09533540548523,0.698963515015731,0.6992199674724));
#1340=CARTESIAN_POINT('',(3.09582940675218,0.800983698373971,0.6994799759043));
#1341=CARTESIAN_POINT('',(3.09618302313739,0.766985080556669,0.6994799759043));
#1342=CARTESIAN_POINT('',(3.09653663952261,0.732986462739444,0.6994799759043));
#1343=CARTESIAN_POINT('',(3.09689025590782,0.698987844922142,0.6994799759043));
#1344=CARTESIAN_POINT('',(3.12138238829649,0.80118344966147,0.7026661332041));
#1345=CARTESIAN_POINT('',(3.11956941771809,0.767167895326087,0.7026661332041));
#1346=CARTESIAN_POINT('',(3.11775644713891,0.733152340990626,0.7026661332041));
#1347=CARTESIAN_POINT('',(3.11594347656051,0.699136786655243,0.7026661332041));
#1348=CARTESIAN_POINT('',(3.17036126912852,0.796871113932766,0.7087732255771));
#1349=CARTESIAN_POINT('',(3.16439547573557,0.763221194048186,0.7087732255771));
#1350=CARTESIAN_POINT('',(3.15842968234345,0.729571274163528,0.7087732255771));
#1351=CARTESIAN_POINT('',(3.15246388895135,0.695921354278948,0.7087732255771));
#1352=CARTESIAN_POINT('',(3.23848871995603,0.778517626969828,0.717267920194));
#1353=CARTESIAN_POINT('',(3.22674653422341,0.746423863087056,0.717267920194));
#1354=CARTESIAN_POINT('',(3.2150043484916,0.714330099204362,0.717267920194));
#1355=CARTESIAN_POINT('',(3.20326216275983,0.68223633532159,0.717267920194));
#1356=CARTESIAN_POINT('',(3.30230559127334,0.748600920073047,0.725225136069));
#1357=CARTESIAN_POINT('',(3.28515249874669,0.719043734829898,0.725225136069));
#1358=CARTESIAN_POINT('',(3.26799940621926,0.689486549586827,0.725225136069));
#1359=CARTESIAN_POINT('',(3.25084631369262,0.659929364343677,0.725225136069));
#1360=CARTESIAN_POINT('',(3.35984627275534,0.70809796886488,0.7323997846329));
#1361=CARTESIAN_POINT('',(3.33781441920536,0.681974949060871,0.7323997846329));
#1362=CARTESIAN_POINT('',(3.31578256565459,0.655851929256859,0.7323997846329));
#1363=CARTESIAN_POINT('',(3.29375071210461,0.629728909452764,0.7323997846329));
#1364=CARTESIAN_POINT('',(3.40938748472626,0.658298513582828,0.738576993108));
#1365=CARTESIAN_POINT('',(3.38315512941273,0.636397891483524,0.738576993108));
#1366=CARTESIAN_POINT('',(3.3569227740992,0.61449726938422,0.738576993108));
#1367=CARTESIAN_POINT('',(3.33069041878567,0.592596647284916,0.738576993108));
#1368=CARTESIAN_POINT('',(3.44947047061265,0.600758383861319,0.7435748716475));
#1369=CARTESIAN_POINT('',(3.41983955789226,0.583736476002785,0.7435748716475));
#1370=CARTESIAN_POINT('',(3.39020864517266,0.566714568144172,0.7435748716475));
#1371=CARTESIAN_POINT('',(3.36057773245227,0.549692660285638,0.7435748716475));
#1372=CARTESIAN_POINT('',(3.47893926041982,0.537237749580176,0.7472492843416));
#1373=CARTESIAN_POINT('',(3.44680974706732,0.525601631161942,0.7472492843416));
#1374=CARTESIAN_POINT('',(3.4146802337156,0.513965512743629,0.7472492843416));
#1375=CARTESIAN_POINT('',(3.3825507203631,0.502329394325394,0.7472492843416));
#1376=CARTESIAN_POINT('',(3.49695789921273,0.469652054530132,0.7494959974081));
#1377=CARTESIAN_POINT('',(3.46330062097522,0.463746394046272,0.7494959974081));
#1378=CARTESIAN_POINT('',(3.4296433427377,0.457840733562413,0.7494959974081));
#1379=CARTESIAN_POINT('',(3.39598606450018,0.451935073078553,0.7494959974081));
#1380=CARTESIAN_POINT('',(3.50118189453563,0.421123137117546,0.750022680116595));
#1381=CARTESIAN_POINT('',(3.46716647205642,0.419332147935554,0.750022680116595));
#1382=CARTESIAN_POINT('',(3.43315104957718,0.41754115875348,0.750022680116595));
#1383=CARTESIAN_POINT('',(3.39913562709712,0.415750169571403,0.750022680116595));
#1384=CARTESIAN_POINT('',(3.50098362949189,0.395821732256532,0.749997958789542));
#1385=CARTESIAN_POINT('',(3.46698501751447,0.396175999347026,0.749997958789542));
#1386=CARTESIAN_POINT('',(3.43298640553787,0.396530266437521,0.749997958789542));
#1387=CARTESIAN_POINT('',(3.3989877935613,0.396884533528016,0.749997958789542));
#1388=CARTESIAN_POINT('',(3.50095086772131,0.393732936272675,0.749993873780725));
#1389=CARTESIAN_POINT('',(3.46695503355012,0.394264308259478,0.749993873780725));
#1390=CARTESIAN_POINT('',(3.43295919937972,0.394795680246362,0.749993873780725));
#1391=CARTESIAN_POINT('',(3.39896336520855,0.395327052233248,0.749993873780725));
#1392=SURFACE_SIDE_STYLE('',(#2368));
#1393=EDGE_LOOP('',(#2369,#2370,#2371,#2372,#2373,#2374,#2375,#2376,#2377,#2378,#2379,#2380,#2381,#2382,#2383,#2384,#2385,#2386,#2387,#2388,#2389,#2390));
#1394=EDGE_LOOP('',(#2391,#2392,#2393,#2394,#2395,#2396,#2397,#2398));
#1395=AXIS2_PLACEMENT_3D('',#2399,#2400,#2401);
#1396=SURFACE_SIDE_STYLE('',(#2402));
#1397=EDGE_LOOP('',(#2403,#2404,#2405,#2406));
#1398=AXIS2_PLACEMENT_3D('',#2407,#2408,#2409);
#1399=SURFACE_SIDE_STYLE('',(#2410));
#1400=EDGE_LOOP('',(#2411,#2412,#2413,#2414));
#1401=AXIS2_PLACEMENT_3D('',#2415,#2416,#2417);
#1402=SURFACE_SIDE_STYLE('',(#2418));
#1403=ADVANCED_FACE('',(#2419),#2420,.T.);
#1404=ADVANCED_FACE('',(#2421),#2422,.F.);
#1405=ADVANCED_FACE('',(#2423),#2424,.T.);
#1406=ADVANCED_FACE('',(#2425),#2426,.T.);
#1407=ADVANCED_FACE('',(#2427),#2428,.T.);
#1408=ADVANCED_FACE('',(#2429),#2430,.F.);
#1409=ADVANCED_FACE('',(#2431),#2432,.F.);
#1410=ADVANCED_FACE('',(#2433),#2434,.T.);
#1411=ADVANCED_FACE('',(#2435),#2436,.T.);
#1412=ADVANCED_FACE('',(#2437),#2438,.T.);
#1413=ADVANCED_FACE('',(#2439),#2440,.T.);
#1414=ADVANCED_FACE('',(#2441),#2442,.T.);
#1415=ADVANCED_FACE('',(#2443),#2444,.F.);
#1416=ADVANCED_FACE('',(#2445),#2446,.F.);
#1417=ADVANCED_FACE('',(#2447),#2448,.F.);
#1418=ADVANCED_FACE('',(#2449),#2450,.T.);
#1419=ADVANCED_FACE('',(#2451),#2452,.F.);
#1420=ADVANCED_FACE('',(#2453),#2454,.F.);
#1421=ADVANCED_FACE('',(#2455),#2456,.T.);
#1422=ADVANCED_FACE('',(#2457),#2458,.F.);
#1423=ADVANCED_FACE('',(#2459),#2460,.T.);
#1424=ADVANCED_FACE('',(#2461),#2462,.T.);
#1425=ADVANCED_FACE('',(#2463),#2464,.T.);
#1426=ADVANCED_FACE('',(#2465),#2466,.T.);
#1427=ADVANCED_FACE('',(#2467),#2468,.T.);
#1428=ADVANCED_FACE('',(#2469),#2470,.T.);
#1429=ADVANCED_FACE('',(#2471),#2472,.T.);
#1430=ADVANCED_FACE('',(#2473),#2474,.T.);
#1431=ADVANCED_FACE('',(#2475),#2476,.T.);
#1432=ADVANCED_FACE('',(#2477),#2478,.T.);
#1433=ADVANCED_FACE('',(#2479),#2480,.T.);
#1434=ADVANCED_FACE('',(#2481),#2482,.F.);
#1435=ADVANCED_FACE('',(#2483),#2484,.F.);
#1436=ADVANCED_FACE('',(#2485),#2486,.F.);
#1437=ADVANCED_FACE('',(#2487),#2488,.T.);
#1438=ADVANCED_FACE('',(#2489),#2490,.F.);
#1439=ADVANCED_FACE('',(#2491),#2492,.T.);
#1440=ADVANCED_FACE('',(#2493),#2494,.F.);
#1441=ADVANCED_FACE('',(#2495),#2496,.F.);
#1442=ADVANCED_FACE('',(#2497),#2498,.T.);
#1443=ADVANCED_FACE('',(#2499),#2500,.F.);
#1444=ADVANCED_FACE('',(#2501),#2502,.F.);
#1445=ADVANCED_FACE('',(#2503),#2504,.F.);
#1446=ADVANCED_FACE('',(#2505),#2506,.F.);
#1447=ADVANCED_FACE('',(#2507),#2508,.T.);
#1448=ADVANCED_FACE('',(#2509),#2510,.F.);
#1449=ADVANCED_FACE('',(#2511),#2512,.F.);
#1450=ADVANCED_FACE('',(#2513),#2514,.T.);
#1451=ADVANCED_FACE('',(#2515),#2516,.F.);
#1452=ADVANCED_FACE('',(#2517),#2518,.T.);
#1453=ADVANCED_FACE('',(#2519),#2520,.T.);
#1454=ADVANCED_FACE('',(#2521),#2522,.T.);
#1455=ADVANCED_FACE('',(#2523),#2524,.F.);
#1456=ADVANCED_FACE('',(#2525),#2526,.F.);
#1457=ADVANCED_FACE('',(#2527),#2528,.T.);
#1458=ADVANCED_FACE('',(#2529),#2530,.T.);
#1459=ADVANCED_FACE('',(#2531),#2532,.T.);
#1460=ADVANCED_FACE('',(#2533),#2534,.F.);
#1461=ADVANCED_FACE('',(#2535),#2536,.F.);
#1462=ADVANCED_FACE('',(#2537),#2538,.F.);
#1463=ADVANCED_FACE('',(#2539),#2540,.T.);
#1464=ADVANCED_FACE('',(#2541),#2542,.F.);
#1465=ADVANCED_FACE('',(#2543),#2544,.F.);
#1466=ADVANCED_FACE('',(#2545),#2546,.T.);
#1467=ADVANCED_FACE('',(#2547),#2548,.F.);
#1468=ADVANCED_FACE('',(#2549),#2550,.F.);
#1469=ADVANCED_FACE('',(#2551),#2552,.T.);
#1470=ADVANCED_FACE('',(#2553),#2554,.F.);
#1471=ADVANCED_FACE('',(#2555),#2556,.T.);
#1472=ADVANCED_FACE('',(#2557),#2558,.T.);
#1473=ADVANCED_FACE('',(#2559),#2560,.F.);
#1474=ADVANCED_FACE('',(#2561),#2562,.T.);
#1475=ADVANCED_FACE('',(#2563),#2564,.F.);
#1476=ADVANCED_FACE('',(#2565),#2566,.T.);
#1477=ADVANCED_FACE('',(#2567),#2568,.T.);
#1478=ADVANCED_FACE('',(#2569),#2570,.T.);
#1479=ADVANCED_FACE('',(#2571),#2572,.T.);
#1480=ADVANCED_FACE('',(#2573),#2574,.F.);
#1481=ADVANCED_FACE('',(#2575),#2576,.F.);
#1482=ADVANCED_FACE('',(#2577),#2578,.T.);
#1483=ADVANCED_FACE('',(#2579),#2580,.T.);
#1484=ADVANCED_FACE('',(#2581),#2582,.T.);
#1485=ADVANCED_FACE('',(#2583),#2584,.F.);
#1486=ADVANCED_FACE('',(#2585),#2586,.F.);
#1487=ADVANCED_FACE('',(#2587),#2588,.T.);
#1488=ADVANCED_FACE('',(#2589),#2590,.T.);
#1489=ADVANCED_FACE('',(#2591),#2592,.T.);
#1490=ADVANCED_FACE('',(#2593),#2594,.T.);
#1491=ADVANCED_FACE('',(#2595),#2596,.F.);
#1492=ADVANCED_FACE('',(#2597),#2598,.T.);
#1493=ADVANCED_FACE('',(#2599),#2600,.T.);
#1494=ADVANCED_FACE('',(#2601),#2602,.F.);
#1495=ADVANCED_FACE('',(#2603),#2604,.T.);
#1496=ADVANCED_FACE('',(#2605),#2606,.T.);
#1497=ADVANCED_FACE('',(#2607),#2608,.T.);
#1498=ADVANCED_FACE('',(#2609),#2610,.T.);
#1499=ADVANCED_FACE('',(#2611),#2612,.F.);
#1500=ADVANCED_FACE('',(#2613),#2614,.T.);
#1501=SURFACE_SIDE_STYLE('',(#2615));
#1502=EDGE_LOOP('',(#2616,#2617,#2618,#2619));
#1503=AXIS2_PLACEMENT_3D('',#2620,#2621,#2622);
#1504=SURFACE_SIDE_STYLE('',(#2623));
#1505=EDGE_LOOP('',(#2624,#2625,#2626,#2627,#2628,#2629,#2630,#2631));
#1506=AXIS2_PLACEMENT_3D('',#2632,#2633,#2634);
#1507=SURFACE_SIDE_STYLE('',(#2635));
#1508=EDGE_LOOP('',(#2636,#2637,#2638,#2639));
#1509=AXIS2_PLACEMENT_3D('',#2640,#2641,#2642);
#1510=SURFACE_SIDE_STYLE('',(#2643));
#1511=EDGE_LOOP('',(#2644,#2645,#2646,#2647));
#1512=AXIS2_PLACEMENT_3D('',#2648,#2649,#2650);
#1513=SURFACE_SIDE_STYLE('',(#2651));
#1514=EDGE_LOOP('',(#2652,#2653,#2654,#2655));
#1515=AXIS2_PLACEMENT_3D('',#2656,#2657,#2658);
#1516=SURFACE_SIDE_STYLE('',(#2659));
#1517=EDGE_LOOP('',(#2660,#2661,#2662,#2663));
#1518=AXIS2_PLACEMENT_3D('',#2664,#2665,#2666);
#1519=SURFACE_SIDE_STYLE('',(#2667));
#1520=EDGE_LOOP('',(#2668,#2669,#2670,#2671,#2672,#2673));
#1521=AXIS2_PLACEMENT_3D('',#2674,#2675,#2676);
#1522=SURFACE_SIDE_STYLE('',(#2677));
#1523=EDGE_LOOP('',(#2678,#2679,#2680,#2681));
#1524=AXIS2_PLACEMENT_3D('',#2682,#2683,#2684);
#1525=SURFACE_SIDE_STYLE('',(#2685));
#1526=EDGE_LOOP('',(#2686,#2687,#2688,#2689,#2690,#2691));
#1527=AXIS2_PLACEMENT_3D('',#2692,#2693,#2694);
#1528=SURFACE_SIDE_STYLE('',(#2695));
#1529=EDGE_LOOP('',(#2696,#2697,#2698,#2699));
#1530=AXIS2_PLACEMENT_3D('',#2700,#2701,#2702);
#1531=SURFACE_SIDE_STYLE('',(#2703));
#1532=ADVANCED_FACE('',(#2704),#2705,.F.);
#1533=ADVANCED_FACE('',(#2706),#2707,.F.);
#1535=SURFACE_STYLE_FILL_AREA(#2708);
#1536=ORIENTED_EDGE('',*,*,#2709,.F.);
#1537=ORIENTED_EDGE('',*,*,#2710,.T.);
#1538=ORIENTED_EDGE('',*,*,#2711,.T.);
#1539=ORIENTED_EDGE('',*,*,#2712,.T.);
#1540=ORIENTED_EDGE('',*,*,#2713,.F.);
#1541=ORIENTED_EDGE('',*,*,#2714,.F.);
#1542=CARTESIAN_POINT('',(0.5046881450054,1.262778081092,0.75));
#1543=DIRECTION('',(0.0,0.0,1.0));
#1544=DIRECTION('',(-0.998629534754631,-0.0523359562418586,0.0));
#1545=SURFACE_STYLE_FILL_AREA(#2715);
#1546=ORIENTED_EDGE('',*,*,#2716,.F.);
#1547=ORIENTED_EDGE('',*,*,#2717,.T.);
#1548=ORIENTED_EDGE('',*,*,#2718,.T.);
#1549=ORIENTED_EDGE('',*,*,#2719,.F.);
#1550=ORIENTED_EDGE('',*,*,#2720,.F.);
#1551=ORIENTED_EDGE('',*,*,#2721,.F.);
#1552=CARTESIAN_POINT('',(0.5046881450054,1.262778081092,0.75));
#1553=DIRECTION('',(0.0,0.0,1.0));
#1554=DIRECTION('',(-0.99862953475441,-0.052335956246077,0.0));
#1555=SURFACE_STYLE_FILL_AREA(#2722);
#1556=ORIENTED_EDGE('',*,*,#2723,.F.);
#1557=ORIENTED_EDGE('',*,*,#2724,.F.);
#1558=ORIENTED_EDGE('',*,*,#2725,.T.);
#1559=ORIENTED_EDGE('',*,*,#2726,.T.);
#1560=CARTESIAN_POINT('',(0.7126759505192,1.004751385567,0.0));
#1561=DIRECTION('',(-0.951056516295172,-0.309016994374891,0.0));
#1562=DIRECTION('',(-0.309016994374891,0.951056516295172,0.0));
#1563=SURFACE_STYLE_FILL_AREA(#2727);
#1564=ORIENTED_EDGE('',*,*,#2728,.T.);
#1565=ORIENTED_EDGE('',*,*,#2729,.F.);
#1566=ORIENTED_EDGE('',*,*,#2730,.T.);
#1567=ORIENTED_EDGE('',*,*,#2724,.T.);
#1568=CARTESIAN_POINT('',(0.6402011859361,1.033776018286,0.75));
#1569=DIRECTION('',(-0.309016994374891,0.951056516295172,0.0));
#1570=DIRECTION('',(0.0,0.0,1.0));
#1571=SURFACE_STYLE_FILL_AREA(#2731);
#1572=ORIENTED_EDGE('',*,*,#2732,.F.);
#1573=ORIENTED_EDGE('',*,*,#2733,.T.);
#1574=ORIENTED_EDGE('',*,*,#2734,.F.);
#1575=ORIENTED_EDGE('',*,*,#2735,.F.);
#1576=CARTESIAN_POINT('',(0.5654437307902,0.9854359565208,0.4));
#1577=DIRECTION('',(0.0,0.0,1.0));
#1578=DIRECTION('',(1.0,0.0,0.0));
#1579=SURFACE_STYLE_FILL_AREA(#2736);
#1580=ORIENTED_EDGE('',*,*,#2737,.F.);
#1581=ORIENTED_EDGE('',*,*,#2725,.F.);
#1582=ORIENTED_EDGE('',*,*,#2730,.F.);
#1583=ORIENTED_EDGE('',*,*,#2738,.F.);
#1584=ORIENTED_EDGE('',*,*,#2732,.T.);
#1585=ORIENTED_EDGE('',*,*,#2739,.F.);
#1586=CARTESIAN_POINT('',(-0.6598411224382,4.90531778775,0.3));
#1587=DIRECTION('',(-0.309016994374891,0.951056516295172,0.0));
#1588=DIRECTION('',(0.951056516295172,0.309016994374891,0.0));
#1589=SURFACE_STYLE_FILL_AREA(#2740);
#1590=ORIENTED_EDGE('',*,*,#2741,.T.);
#1591=ORIENTED_EDGE('',*,*,#2726,.F.);
#1592=ORIENTED_EDGE('',*,*,#2737,.T.);
#1593=ORIENTED_EDGE('',*,*,#2742,.T.);
#1594=CARTESIAN_POINT('',(0.6711028853736,0.9386703666562,0.75));
#1595=DIRECTION('',(-0.309016994374891,0.951056516295172,0.0));
#1596=DIRECTION('',(0.0,0.0,1.0));
#1597=SURFACE_STYLE_FILL_AREA(#2743);
#1598=ORIENTED_EDGE('',*,*,#2744,.F.);
#1599=ORIENTED_EDGE('',*,*,#2745,.F.);
#1600=ORIENTED_EDGE('',*,*,#2746,.F.);
#1601=ORIENTED_EDGE('',*,*,#2728,.F.);
#1602=ORIENTED_EDGE('',*,*,#2723,.T.);
#1603=ORIENTED_EDGE('',*,*,#2741,.F.);
#1604=CARTESIAN_POINT('',(-0.6598411224382,4.90531778775,-0.3));
#1605=DIRECTION('',(-0.309016994374891,0.951056516295172,0.0));
#1606=DIRECTION('',(0.0,0.0,-1.0));
#1607=SURFACE_STYLE_FILL_AREA(#2747);
#1608=ORIENTED_EDGE('',*,*,#2745,.T.);
#1609=ORIENTED_EDGE('',*,*,#2748,.T.);
#1610=ORIENTED_EDGE('',*,*,#2749,.T.);
#1611=ORIENTED_EDGE('',*,*,#2750,.F.);
#1612=CARTESIAN_POINT('',(0.5654437307902,0.9854359565208,-0.4));
#1613=DIRECTION('',(0.0,0.0,1.0));
#1614=DIRECTION('',(1.0,0.0,0.0));
#1615=SURFACE_STYLE_FILL_AREA(#2751);
#1616=ORIENTED_EDGE('',*,*,#2746,.T.);
#1617=ORIENTED_EDGE('',*,*,#2750,.T.);
#1618=ORIENTED_EDGE('',*,*,#2752,.F.);
#1619=ORIENTED_EDGE('',*,*,#2733,.F.);
#1620=ORIENTED_EDGE('',*,*,#2738,.T.);
#1621=ORIENTED_EDGE('',*,*,#2729,.T.);
#1622=CARTESIAN_POINT('',(0.6092994864986,1.128881669915,0.75));
#1623=DIRECTION('',(-0.0,0.0,1.0));
#1624=DIRECTION('',(1.0,0.0,0.0));
#1625=SURFACE_STYLE_FILL_AREA(#2753);
#1626=ORIENTED_EDGE('',*,*,#2754,.T.);
#1627=ORIENTED_EDGE('',*,*,#2734,.T.);
#1628=ORIENTED_EDGE('',*,*,#2755,.F.);
#1629=ORIENTED_EDGE('',*,*,#2756,.F.);
#1630=CARTESIAN_POINT('',(0.438792202711,1.103480654205,0.4));
#1631=DIRECTION('',(0.0,0.0,-1.0));
#1632=DIRECTION('',(0.0,-1.0,0.0));
#1633=SURFACE_STYLE_FILL_AREA(#2757);
#1634=ORIENTED_EDGE('',*,*,#2744,.T.);
#1635=ORIENTED_EDGE('',*,*,#2742,.F.);
#1636=ORIENTED_EDGE('',*,*,#2739,.T.);
#1637=ORIENTED_EDGE('',*,*,#2735,.T.);
#1638=ORIENTED_EDGE('',*,*,#2758,.T.);
#1639=ORIENTED_EDGE('',*,*,#2748,.F.);
#1640=CARTESIAN_POINT('',(0.6092994864986,1.128881669915,0.75));
#1641=DIRECTION('',(-0.0,0.0,1.0));
#1642=DIRECTION('',(1.0,0.0,0.0));
#1643=SURFACE_STYLE_FILL_AREA(#2759);
#1644=ORIENTED_EDGE('',*,*,#2760,.F.);
#1645=ORIENTED_EDGE('',*,*,#2761,.T.);
#1646=ORIENTED_EDGE('',*,*,#2762,.T.);
#1647=ORIENTED_EDGE('',*,*,#2749,.F.);
#1648=CARTESIAN_POINT('',(0.438792202711,1.103480654205,-0.4));
#1649=DIRECTION('',(0.0,0.0,-1.0));
#1650=DIRECTION('',(0.0,-1.0,0.0));
#1651=SURFACE_STYLE_FILL_AREA(#2763);
#1652=ORIENTED_EDGE('',*,*,#2762,.F.);
#1653=ORIENTED_EDGE('',*,*,#2764,.F.);
#1654=ORIENTED_EDGE('',*,*,#2755,.T.);
#1655=ORIENTED_EDGE('',*,*,#2752,.T.);
#1656=CARTESIAN_POINT('',(0.4258870696447,1.201211933559,0.75));
#1657=DIRECTION('',(0.788010753606693,0.615661475325695,0.0));
#1658=DIRECTION('',(0.0,0.0,-1.0));
#1659=SURFACE_STYLE_FILL_AREA(#2765);
#1660=ORIENTED_EDGE('',*,*,#2711,.F.);
#1661=ORIENTED_EDGE('',*,*,#2766,.T.);
#1662=ORIENTED_EDGE('',*,*,#2720,.T.);
#1663=ORIENTED_EDGE('',*,*,#2767,.F.);
#1664=CARTESIAN_POINT('',(0.3604988906146,1.304123684465,0.4));
#1665=DIRECTION('',(0.0,0.0,1.0));
#1666=DIRECTION('',(1.0,0.0,0.0));
#1667=SURFACE_STYLE_FILL_AREA(#2768);
#1668=ORIENTED_EDGE('',*,*,#2769,.F.);
#1669=ORIENTED_EDGE('',*,*,#2756,.T.);
#1670=ORIENTED_EDGE('',*,*,#2770,.T.);
#1671=ORIENTED_EDGE('',*,*,#2721,.T.);
#1672=ORIENTED_EDGE('',*,*,#2766,.F.);
#1673=ORIENTED_EDGE('',*,*,#2710,.F.);
#1674=CARTESIAN_POINT('',(0.3628603586655,1.213942857923,0.4));
#1675=DIRECTION('',(0.0,0.0,1.0));
#1676=DIRECTION('',(1.0,0.0,0.0));
#1677=SURFACE_STYLE_FILL_AREA(#2771);
#1678=ORIENTED_EDGE('',*,*,#2760,.T.);
#1679=ORIENTED_EDGE('',*,*,#2758,.F.);
#1680=ORIENTED_EDGE('',*,*,#2754,.F.);
#1681=ORIENTED_EDGE('',*,*,#2772,.T.);
#1682=CARTESIAN_POINT('',(0.347085994284,1.139645786027,0.75));
#1683=DIRECTION('',(0.788010753606693,0.615661475325695,0.0));
#1684=DIRECTION('',(0.0,0.0,-1.0));
#1685=SURFACE_STYLE_FILL_AREA(#2773);
#1686=ORIENTED_EDGE('',*,*,#2774,.T.);
#1687=ORIENTED_EDGE('',*,*,#2714,.T.);
#1688=ORIENTED_EDGE('',*,*,#2775,.T.);
#1689=ORIENTED_EDGE('',*,*,#2717,.F.);
#1690=ORIENTED_EDGE('',*,*,#2776,.F.);
#1691=ORIENTED_EDGE('',*,*,#2761,.F.);
#1692=CARTESIAN_POINT('',(0.3628603586655,1.213942857923,-0.4));
#1693=DIRECTION('',(0.0,0.0,1.0));
#1694=DIRECTION('',(1.0,0.0,0.0));
#1695=SURFACE_STYLE_FILL_AREA(#2777);
#1696=ORIENTED_EDGE('',*,*,#2713,.T.);
#1697=ORIENTED_EDGE('',*,*,#2778,.T.);
#1698=ORIENTED_EDGE('',*,*,#2718,.F.);
#1699=ORIENTED_EDGE('',*,*,#2775,.F.);
#1700=CARTESIAN_POINT('',(0.3604988906146,1.304123684465,-0.4));
#1701=DIRECTION('',(0.0,0.0,1.0));
#1702=DIRECTION('',(1.0,0.0,0.0));
#1703=SURFACE_STYLE_FILL_AREA(#2779);
#1704=ORIENTED_EDGE('',*,*,#2780,.F.);
#1705=ORIENTED_EDGE('',*,*,#2781,.F.);
#1706=ORIENTED_EDGE('',*,*,#2782,.F.);
#1707=ORIENTED_EDGE('',*,*,#2783,.T.);
#1708=CARTESIAN_POINT('',(8.072635654357,0.25,-0.15));
#1709=DIRECTION('',(1.0,0.0,0.0));
#1710=DIRECTION('',(0.0,-1.0,0.0));
#1711=SURFACE_STYLE_FILL_AREA(#2784);
#1712=ORIENTED_EDGE('',*,*,#2785,.T.);
#1713=ORIENTED_EDGE('',*,*,#2786,.F.);
#1714=ORIENTED_EDGE('',*,*,#2787,.F.);
#1715=ORIENTED_EDGE('',*,*,#2788,.T.);
#1716=CARTESIAN_POINT('',(0.05,0.675,0.1));
#1717=DIRECTION('',(0.0,0.0,-1.0));
#1718=DIRECTION('',(0.0,-1.0,0.0));
#1719=SURFACE_STYLE_FILL_AREA(#2789);
#1720=ORIENTED_EDGE('',*,*,#2790,.F.);
#1721=ORIENTED_EDGE('',*,*,#2791,.T.);
#1722=ORIENTED_EDGE('',*,*,#2792,.F.);
#1723=ORIENTED_EDGE('',*,*,#2793,.F.);
#1724=CARTESIAN_POINT('',(0.05,0.2,0.325));
#1725=DIRECTION('',(0.0,-1.0,0.0));
#1726=DIRECTION('',(0.0,0.0,-1.0));
#1727=SURFACE_STYLE_FILL_AREA(#2794);
#1728=ORIENTED_EDGE('',*,*,#2795,.F.);
#1729=ORIENTED_EDGE('',*,*,#2785,.F.);
#1730=ORIENTED_EDGE('',*,*,#2796,.F.);
#1731=ORIENTED_EDGE('',*,*,#2790,.T.);
#1732=CARTESIAN_POINT('',(8.072635654357,0.25,0.15));
#1733=DIRECTION('',(1.0,-0.0,0.0));
#1734=DIRECTION('',(0.0,0.0,-1.0));
#1735=SURFACE_STYLE_FILL_AREA(#2797);
#1736=ORIENTED_EDGE('',*,*,#2716,.T.);
#1737=ORIENTED_EDGE('',*,*,#2770,.F.);
#1738=ORIENTED_EDGE('',*,*,#2764,.T.);
#1739=ORIENTED_EDGE('',*,*,#2776,.T.);
#1740=CARTESIAN_POINT('',(0.5046881450054,1.262778081092,0.75));
#1741=DIRECTION('',(0.0,0.0,1.0));
#1742=DIRECTION('',(-0.99862953475441,-0.052335956246077,0.0));
#1743=SURFACE_STYLE_FILL_AREA(#2798);
#1744=ORIENTED_EDGE('',*,*,#2781,.T.);
#1745=ORIENTED_EDGE('',*,*,#2799,.T.);
#1746=ORIENTED_EDGE('',*,*,#2800,.T.);
#1747=ORIENTED_EDGE('',*,*,#2801,.F.);
#1748=CARTESIAN_POINT('',(0.05,0.2,-0.325));
#1749=DIRECTION('',(-0.0,1.0,0.0));
#1750=DIRECTION('',(1.0,0.0,0.0));
#1751=SURFACE_STYLE_FILL_AREA(#2802);
#1752=ORIENTED_EDGE('',*,*,#2803,.T.);
#1753=ORIENTED_EDGE('',*,*,#2767,.T.);
#1754=ORIENTED_EDGE('',*,*,#2804,.F.);
#1755=ORIENTED_EDGE('',*,*,#2805,.F.);
#1756=CARTESIAN_POINT('',(0.5003320484636,1.538868856604,0.4));
#1757=DIRECTION('',(0.0,0.0,-1.0));
#1758=DIRECTION('',(0.0,-1.0,0.0));
#1759=SURFACE_STYLE_FILL_AREA(#2806);
#1760=ORIENTED_EDGE('',*,*,#2709,.T.);
#1761=ORIENTED_EDGE('',*,*,#2774,.F.);
#1762=ORIENTED_EDGE('',*,*,#2772,.F.);
#1763=ORIENTED_EDGE('',*,*,#2769,.T.);
#1764=CARTESIAN_POINT('',(0.5046881450054,1.262778081092,0.75));
#1765=DIRECTION('',(0.0,0.0,1.0));
#1766=DIRECTION('',(-0.998629534754631,-0.0523359562418586,0.0));
#1767=SURFACE_STYLE_FILL_AREA(#2807);
#1768=ORIENTED_EDGE('',*,*,#2808,.F.);
#1769=ORIENTED_EDGE('',*,*,#2809,.T.);
#1770=ORIENTED_EDGE('',*,*,#2810,.T.);
#1771=ORIENTED_EDGE('',*,*,#2778,.F.);
#1772=CARTESIAN_POINT('',(0.5003320484636,1.538868856604,-0.4));
#1773=DIRECTION('',(0.0,0.0,-1.0));
#1774=DIRECTION('',(0.0,-1.0,0.0));
#1775=SURFACE_STYLE_FILL_AREA(#2811);
#1776=ORIENTED_EDGE('',*,*,#2812,.F.);
#1777=ORIENTED_EDGE('',*,*,#2813,.F.);
#1778=ORIENTED_EDGE('',*,*,#2814,.T.);
#1779=ORIENTED_EDGE('',*,*,#2815,.T.);
#1780=CARTESIAN_POINT('',(0.725,0.2,0.7));
#1781=DIRECTION('',(0.0,-1.0,0.0));
#1782=DIRECTION('',(0.0,0.0,-1.0));
#1783=SURFACE_STYLE_FILL_AREA(#2816);
#1784=ORIENTED_EDGE('',*,*,#2817,.T.);
#1785=ORIENTED_EDGE('',*,*,#2818,.T.);
#1786=ORIENTED_EDGE('',*,*,#2819,.F.);
#1787=ORIENTED_EDGE('',*,*,#2814,.F.);
#1788=CARTESIAN_POINT('',(0.65,0.675,0.7));
#1789=DIRECTION('',(-1.0,0.0,0.0));
#1790=DIRECTION('',(0.0,0.0,1.0));
#1791=SURFACE_STYLE_FILL_AREA(#2820);
#1792=ORIENTED_EDGE('',*,*,#2821,.F.);
#1793=ORIENTED_EDGE('',*,*,#2822,.T.);
#1794=ORIENTED_EDGE('',*,*,#2823,.T.);
#1795=ORIENTED_EDGE('',*,*,#2824,.F.);
#1796=CARTESIAN_POINT('',(0.65,0.675,-0.7));
#1797=DIRECTION('',(1.0,0.0,0.0));
#1798=DIRECTION('',(0.0,1.0,0.0));
#1799=SURFACE_STYLE_FILL_AREA(#2825);
#1800=ORIENTED_EDGE('',*,*,#2826,.F.);
#1801=ORIENTED_EDGE('',*,*,#2827,.F.);
#1802=ORIENTED_EDGE('',*,*,#2792,.T.);
#1803=ORIENTED_EDGE('',*,*,#2828,.T.);
#1804=CARTESIAN_POINT('',(0.09393398282202,0.2,0.656066017178));
#1805=DIRECTION('',(0.0,-1.0,0.0));
#1806=DIRECTION('',(0.0,0.0,-1.0));
#1807=SURFACE_STYLE_FILL_AREA(#2829);
#1808=ORIENTED_EDGE('',*,*,#2830,.T.);
#1809=ORIENTED_EDGE('',*,*,#2831,.T.);
#1810=ORIENTED_EDGE('',*,*,#2832,.F.);
#1811=ORIENTED_EDGE('',*,*,#2833,.F.);
#1812=CARTESIAN_POINT('',(0.55,0.2,0.7));
#1813=DIRECTION('',(0.0,-1.0,0.0));
#1814=DIRECTION('',(0.0,0.0,-1.0));
#1815=SURFACE_STYLE_FILL_AREA(#2834);
#1816=ORIENTED_EDGE('',*,*,#2835,.F.);
#1817=ORIENTED_EDGE('',*,*,#2804,.T.);
#1818=ORIENTED_EDGE('',*,*,#2719,.T.);
#1819=ORIENTED_EDGE('',*,*,#2810,.F.);
#1820=CARTESIAN_POINT('',(0.6655855711531,1.70897577927,0.75));
#1821=DIRECTION('',(0.848048096156421,-0.529919264233213,0.0));
#1822=DIRECTION('',(0.0,0.0,-1.0));
#1823=SURFACE_STYLE_FILL_AREA(#2836);
#1824=ORIENTED_EDGE('',*,*,#2837,.T.);
#1825=ORIENTED_EDGE('',*,*,#2838,.T.);
#1826=ORIENTED_EDGE('',*,*,#2839,.F.);
#1827=ORIENTED_EDGE('',*,*,#2800,.F.);
#1828=ORIENTED_EDGE('',*,*,#2840,.T.);
#1829=CARTESIAN_POINT('',(0.09393398282202,0.2,-0.656066017178));
#1830=DIRECTION('',(-0.0,1.0,0.0));
#1831=DIRECTION('',(1.0,0.0,0.0));
#1832=SURFACE_STYLE_FILL_AREA(#2841);
#1833=ORIENTED_EDGE('',*,*,#2842,.F.);
#1834=ORIENTED_EDGE('',*,*,#2843,.T.);
#1835=ORIENTED_EDGE('',*,*,#2844,.T.);
#1836=ORIENTED_EDGE('',*,*,#2845,.F.);
#1837=CARTESIAN_POINT('',(1.42559001254,1.055780024811,-0.506066017178));
#1838=DIRECTION('',(-0.342020143325699,0.939692620785897,0.0));
#1839=DIRECTION('',(0.0,0.0,1.0));
#1840=SURFACE_STYLE_FILL_AREA(#2846);
#1841=ORIENTED_EDGE('',*,*,#2847,.T.);
#1842=ORIENTED_EDGE('',*,*,#2848,.T.);
#1843=ORIENTED_EDGE('',*,*,#2849,.F.);
#1844=ORIENTED_EDGE('',*,*,#2850,.F.);
#1845=CARTESIAN_POINT('',(1.42559001254,1.055780024811,0.506066017178));
#1846=DIRECTION('',(0.342020143325699,-0.939692620785897,0.0));
#1847=DIRECTION('',(0.0,0.0,-1.0));
#1848=SURFACE_STYLE_FILL_AREA(#2851);
#1849=ORIENTED_EDGE('',*,*,#2852,.F.);
#1850=ORIENTED_EDGE('',*,*,#2805,.T.);
#1851=ORIENTED_EDGE('',*,*,#2853,.T.);
#1852=ORIENTED_EDGE('',*,*,#2854,.F.);
#1853=CARTESIAN_POINT('',(0.9565849621437,1.898082663379,0.4));
#1854=DIRECTION('',(0.0,0.0,1.0));
#1855=DIRECTION('',(1.0,0.0,0.0));
#1856=SURFACE_STYLE_FILL_AREA(#2855);
#1857=ORIENTED_EDGE('',*,*,#2856,.T.);
#1858=ORIENTED_EDGE('',*,*,#2808,.T.);
#1859=ORIENTED_EDGE('',*,*,#2712,.F.);
#1860=ORIENTED_EDGE('',*,*,#2803,.F.);
#1861=CARTESIAN_POINT('',(0.5807807615374,1.761967705693,0.75));
#1862=DIRECTION('',(0.848048096156421,-0.529919264233213,0.0));
#1863=DIRECTION('',(0.0,0.0,-1.0));
#1864=SURFACE_STYLE_FILL_AREA(#2857);
#1865=ORIENTED_EDGE('',*,*,#2858,.T.);
#1866=ORIENTED_EDGE('',*,*,#2859,.T.);
#1867=ORIENTED_EDGE('',*,*,#2860,.F.);
#1868=ORIENTED_EDGE('',*,*,#2809,.F.);
#1869=CARTESIAN_POINT('',(0.9565849621437,1.898082663379,-0.4));
#1870=DIRECTION('',(0.0,0.0,1.0));
#1871=DIRECTION('',(1.0,0.0,0.0));
#1872=SURFACE_STYLE_FILL_AREA(#2861);
#1873=ORIENTED_EDGE('',*,*,#2862,.F.);
#1874=ORIENTED_EDGE('',*,*,#2863,.F.);
#1875=ORIENTED_EDGE('',*,*,#2812,.T.);
#1876=ORIENTED_EDGE('',*,*,#2864,.F.);
#1877=CARTESIAN_POINT('',(0.7,0.1,2.721156107597));
#1878=DIRECTION('',(-0.0,0.0,1.0));
#1879=DIRECTION('',(0.0,1.0,0.0));
#1880=SURFACE_STYLE_FILL_AREA(#2865);
#1881=ORIENTED_EDGE('',*,*,#2862,.T.);
#1882=ORIENTED_EDGE('',*,*,#2866,.F.);
#1883=ORIENTED_EDGE('',*,*,#2867,.F.);
#1884=CARTESIAN_POINT('',(0.8,0.09393398282202,0.656066017178));
#1885=DIRECTION('',(-1.0,0.0,0.0));
#1886=DIRECTION('',(0.0,0.0,1.0));
#1887=SURFACE_STYLE_FILL_AREA(#2868);
#1888=ORIENTED_EDGE('',*,*,#2869,.F.);
#1889=ORIENTED_EDGE('',*,*,#2870,.T.);
#1890=ORIENTED_EDGE('',*,*,#2871,.T.);
#1891=ORIENTED_EDGE('',*,*,#2872,.F.);
#1892=SURFACE_STYLE_FILL_AREA(#2873);
#1893=ORIENTED_EDGE('',*,*,#2874,.T.);
#1894=ORIENTED_EDGE('',*,*,#2875,.F.);
#1895=ORIENTED_EDGE('',*,*,#2876,.F.);
#1896=ORIENTED_EDGE('',*,*,#2877,.F.);
#1897=CARTESIAN_POINT('',(0.7,0.1,-2.721156107597));
#1898=DIRECTION('',(0.0,0.0,-1.0));
#1899=DIRECTION('',(1.0,0.0,0.0));
#1900=SURFACE_STYLE_FILL_AREA(#2878);
#1901=ORIENTED_EDGE('',*,*,#2879,.F.);
#1902=ORIENTED_EDGE('',*,*,#2880,.T.);
#1903=ORIENTED_EDGE('',*,*,#2881,.T.);
#1904=ORIENTED_EDGE('',*,*,#2882,.F.);
#1905=SURFACE_STYLE_FILL_AREA(#2883);
#1906=ORIENTED_EDGE('',*,*,#2874,.F.);
#1907=ORIENTED_EDGE('',*,*,#2884,.T.);
#1908=ORIENTED_EDGE('',*,*,#2885,.T.);
#1909=CARTESIAN_POINT('',(0.8,0.09393398282202,-0.656066017178));
#1910=DIRECTION('',(1.0,0.0,0.0));
#1911=DIRECTION('',(0.0,1.0,0.0));
#1912=SURFACE_STYLE_FILL_AREA(#2886);
#1913=ORIENTED_EDGE('',*,*,#2887,.T.);
#1914=ORIENTED_EDGE('',*,*,#2888,.T.);
#1915=ORIENTED_EDGE('',*,*,#2889,.F.);
#1916=ORIENTED_EDGE('',*,*,#2837,.F.);
#1917=ORIENTED_EDGE('',*,*,#2890,.F.);
#1918=ORIENTED_EDGE('',*,*,#2891,.F.);
#1919=CARTESIAN_POINT('',(0.15,0.15,-2.721156107597));
#1920=DIRECTION('',(0.0,0.0,-1.0));
#1921=DIRECTION('',(1.0,0.0,0.0));
#1922=SURFACE_STYLE_FILL_AREA(#2892);
#1923=ORIENTED_EDGE('',*,*,#2887,.F.);
#1924=ORIENTED_EDGE('',*,*,#2893,.T.);
#1925=ORIENTED_EDGE('',*,*,#2894,.T.);
#1926=CARTESIAN_POINT('',(0.2,0.09393398282202,-0.656066017178));
#1927=DIRECTION('',(1.0,0.0,0.0));
#1928=DIRECTION('',(0.0,1.0,0.0));
#1929=SURFACE_STYLE_FILL_AREA(#2895);
#1930=ORIENTED_EDGE('',*,*,#2896,.T.);
#1931=ORIENTED_EDGE('',*,*,#2897,.F.);
#1932=ORIENTED_EDGE('',*,*,#2898,.F.);
#1933=CARTESIAN_POINT('',(0.45,0.09393398282202,-0.656066017178));
#1934=DIRECTION('',(1.0,0.0,0.0));
#1935=DIRECTION('',(0.0,1.0,0.0));
#1936=SURFACE_STYLE_FILL_AREA(#2899);
#1937=ORIENTED_EDGE('',*,*,#2900,.T.);
#1938=ORIENTED_EDGE('',*,*,#2901,.F.);
#1939=ORIENTED_EDGE('',*,*,#2896,.F.);
#1940=ORIENTED_EDGE('',*,*,#2902,.F.);
#1941=CARTESIAN_POINT('',(0.55,0.1,-2.721156107597));
#1942=DIRECTION('',(0.0,0.0,-1.0));
#1943=DIRECTION('',(0.0,1.0,0.0));
#1944=SURFACE_STYLE_FILL_AREA(#2903);
#1945=ORIENTED_EDGE('',*,*,#2904,.T.);
#1946=ORIENTED_EDGE('',*,*,#2905,.F.);
#1947=ORIENTED_EDGE('',*,*,#2888,.F.);
#1948=ORIENTED_EDGE('',*,*,#2894,.F.);
#1949=ORIENTED_EDGE('',*,*,#2906,.F.);
#1950=CARTESIAN_POINT('',(0.1,-2.782743694959,-0.65));
#1951=DIRECTION('',(0.0,-1.0,0.0));
#1952=DIRECTION('',(0.0,0.0,1.0));
#1953=SURFACE_STYLE_FILL_AREA(#2907);
#1954=ORIENTED_EDGE('',*,*,#2826,.T.);
#1955=ORIENTED_EDGE('',*,*,#2908,.F.);
#1956=ORIENTED_EDGE('',*,*,#2909,.F.);
#1957=ORIENTED_EDGE('',*,*,#2910,.F.);
#1958=ORIENTED_EDGE('',*,*,#2911,.F.);
#1959=CARTESIAN_POINT('',(0.15,0.15,2.721156107597));
#1960=DIRECTION('',(-0.0,0.0,1.0));
#1961=DIRECTION('',(0.0,1.0,0.0));
#1962=SURFACE_STYLE_FILL_AREA(#2912);
#1963=ORIENTED_EDGE('',*,*,#2913,.T.);
#1964=ORIENTED_EDGE('',*,*,#2914,.F.);
#1965=ORIENTED_EDGE('',*,*,#2830,.F.);
#1966=ORIENTED_EDGE('',*,*,#2915,.F.);
#1967=CARTESIAN_POINT('',(0.55,0.1,2.721156107597));
#1968=DIRECTION('',(0.0,0.0,1.0));
#1969=DIRECTION('',(-1.0,0.0,0.0));
#1970=SURFACE_STYLE_FILL_AREA(#2916);
#1971=ORIENTED_EDGE('',*,*,#2913,.F.);
#1972=ORIENTED_EDGE('',*,*,#2917,.T.);
#1973=ORIENTED_EDGE('',*,*,#2918,.T.);
#1974=CARTESIAN_POINT('',(0.45,0.09393398282202,0.656066017178));
#1975=DIRECTION('',(-1.0,0.0,0.0));
#1976=DIRECTION('',(0.0,0.0,1.0));
#1977=SURFACE_STYLE_FILL_AREA(#2919);
#1978=ORIENTED_EDGE('',*,*,#2920,.T.);
#1979=ORIENTED_EDGE('',*,*,#2921,.T.);
#1980=ORIENTED_EDGE('',*,*,#2922,.F.);
#1981=ORIENTED_EDGE('',*,*,#2923,.F.);
#1982=ORIENTED_EDGE('',*,*,#2924,.F.);
#1983=CARTESIAN_POINT('',(0.1,-2.782743694959,0.65));
#1984=DIRECTION('',(0.0,-1.0,0.0));
#1985=DIRECTION('',(1.0,0.0,0.0));
#1986=SURFACE_STYLE_FILL_AREA(#2925);
#1987=ORIENTED_EDGE('',*,*,#2909,.T.);
#1988=ORIENTED_EDGE('',*,*,#2920,.F.);
#1989=ORIENTED_EDGE('',*,*,#2926,.F.);
#1990=CARTESIAN_POINT('',(0.2,0.09393398282202,0.656066017178));
#1991=DIRECTION('',(-1.0,0.0,0.0));
#1992=DIRECTION('',(0.0,0.0,1.0));
#1993=SURFACE_STYLE_FILL_AREA(#2927);
#1994=ORIENTED_EDGE('',*,*,#2928,.F.);
#1995=ORIENTED_EDGE('',*,*,#2853,.F.);
#1996=ORIENTED_EDGE('',*,*,#2835,.T.);
#1997=ORIENTED_EDGE('',*,*,#2860,.T.);
#1998=CARTESIAN_POINT('',(0.92,1.55,0.75));
#1999=DIRECTION('',(-0.0,0.0,1.0));
#2000=DIRECTION('',(1.0,0.0,0.0));
#2001=SURFACE_STYLE_FILL_AREA(#2929);
#2002=ORIENTED_EDGE('',*,*,#2930,.T.);
#2003=ORIENTED_EDGE('',*,*,#2931,.T.);
#2004=ORIENTED_EDGE('',*,*,#2932,.F.);
#2005=ORIENTED_EDGE('',*,*,#2848,.F.);
#2006=ORIENTED_EDGE('',*,*,#2933,.T.);
#2007=CARTESIAN_POINT('',(1.325920558881,1.019503310414,0.4));
#2008=DIRECTION('',(0.342020143325699,-0.939692620785897,0.0));
#2009=DIRECTION('',(0.0,0.0,1.0));
#2010=SURFACE_STYLE_FILL_AREA(#2934);
#2011=ORIENTED_EDGE('',*,*,#2845,.T.);
#2012=ORIENTED_EDGE('',*,*,#2935,.T.);
#2013=ORIENTED_EDGE('',*,*,#2936,.F.);
#2014=ORIENTED_EDGE('',*,*,#2937,.F.);
#2015=ORIENTED_EDGE('',*,*,#2938,.T.);
#2016=CARTESIAN_POINT('',(1.325920558881,1.019503310414,-0.4));
#2017=DIRECTION('',(-0.342020143325699,0.939692620785897,0.0));
#2018=DIRECTION('',(0.0,0.0,-1.0));
#2019=SURFACE_STYLE_FILL_AREA(#2939);
#2020=ORIENTED_EDGE('',*,*,#2940,.F.);
#2021=ORIENTED_EDGE('',*,*,#2838,.F.);
#2022=ORIENTED_EDGE('',*,*,#2889,.T.);
#2023=ORIENTED_EDGE('',*,*,#2905,.T.);
#2024=ORIENTED_EDGE('',*,*,#2941,.F.);
#2025=ORIENTED_EDGE('',*,*,#2901,.T.);
#2026=CARTESIAN_POINT('',(0.2,0.2,-0.55));
#2027=DIRECTION('',(1.0,-0.0,0.0));
#2028=DIRECTION('',(0.0,0.0,-1.0));
#2029=SURFACE_STYLE_FILL_AREA(#2942);
#2030=ORIENTED_EDGE('',*,*,#2943,.T.);
#2031=ORIENTED_EDGE('',*,*,#2879,.T.);
#2032=ORIENTED_EDGE('',*,*,#2944,.F.);
#2033=ORIENTED_EDGE('',*,*,#2875,.T.);
#2034=CARTESIAN_POINT('',(0.8,0.2,-0.55));
#2035=DIRECTION('',(1.0,-0.0,0.0));
#2036=DIRECTION('',(0.0,0.0,-1.0));
#2037=SURFACE_STYLE_FILL_AREA(#2945);
#2038=ORIENTED_EDGE('',*,*,#2946,.F.);
#2039=ORIENTED_EDGE('',*,*,#2869,.T.);
#2040=ORIENTED_EDGE('',*,*,#2947,.F.);
#2041=ORIENTED_EDGE('',*,*,#2864,.T.);
#2042=CARTESIAN_POINT('',(0.8,0.2,0.55));
#2043=DIRECTION('',(-1.0,0.0,0.0));
#2044=DIRECTION('',(0.0,0.0,1.0));
#2045=SURFACE_STYLE_FILL_AREA(#2948);
#2046=ORIENTED_EDGE('',*,*,#2949,.F.);
#2047=ORIENTED_EDGE('',*,*,#2922,.T.);
#2048=ORIENTED_EDGE('',*,*,#2950,.F.);
#2049=ORIENTED_EDGE('',*,*,#2914,.T.);
#2050=CARTESIAN_POINT('',(0.2,0.2,0.55));
#2051=DIRECTION('',(-1.0,0.0,0.0));
#2052=DIRECTION('',(0.0,0.0,1.0));
#2053=SURFACE_STYLE_FILL_AREA(#2951);
#2054=ORIENTED_EDGE('',*,*,#2952,.F.);
#2055=ORIENTED_EDGE('',*,*,#2953,.F.);
#2056=ORIENTED_EDGE('',*,*,#2854,.T.);
#2057=ORIENTED_EDGE('',*,*,#2954,.T.);
#2058=CARTESIAN_POINT('',(1.357883434637,1.370256691038,0.4));
#2059=DIRECTION('',(0.0,0.0,1.0));
#2060=DIRECTION('',(1.0,0.0,0.0));
#2061=SURFACE_STYLE_FILL_AREA(#2955);
#2062=ORIENTED_EDGE('',*,*,#2956,.T.);
#2063=ORIENTED_EDGE('',*,*,#2858,.F.);
#2064=ORIENTED_EDGE('',*,*,#2856,.F.);
#2065=ORIENTED_EDGE('',*,*,#2852,.T.);
#2066=CARTESIAN_POINT('',(0.92,1.55,0.75));
#2067=DIRECTION('',(-0.0,0.0,1.0));
#2068=DIRECTION('',(1.0,0.0,0.0));
#2069=SURFACE_STYLE_FILL_AREA(#2957);
#2070=ORIENTED_EDGE('',*,*,#2958,.T.);
#2071=ORIENTED_EDGE('',*,*,#2959,.F.);
#2072=ORIENTED_EDGE('',*,*,#2859,.F.);
#2073=ORIENTED_EDGE('',*,*,#2960,.T.);
#2074=CARTESIAN_POINT('',(1.357883434637,1.370256691038,-0.4));
#2075=DIRECTION('',(0.0,0.0,1.0));
#2076=DIRECTION('',(1.0,0.0,0.0));
#2077=SURFACE_STYLE_FILL_AREA(#2961);
#2078=ORIENTED_EDGE('',*,*,#2962,.F.);
#2079=ORIENTED_EDGE('',*,*,#2963,.T.);
#2080=ORIENTED_EDGE('',*,*,#2964,.T.);
#2081=ORIENTED_EDGE('',*,*,#2965,.F.);
#2082=CARTESIAN_POINT('',(2.85,0.05,-0.25));
#2083=DIRECTION('',(0.0,1.0,0.0));
#2084=DIRECTION('',(0.0,0.0,-1.0));
#2085=SURFACE_STYLE_FILL_AREA(#2966);
#2086=ORIENTED_EDGE('',*,*,#2967,.F.);
#2087=ORIENTED_EDGE('',*,*,#2965,.T.);
#2088=ORIENTED_EDGE('',*,*,#2968,.T.);
#2089=ORIENTED_EDGE('',*,*,#2969,.F.);
#2090=CARTESIAN_POINT('',(2.9,0.05,0.0));
#2091=DIRECTION('',(-1.0,0.0,0.0));
#2092=DIRECTION('',(0.0,0.0,1.0));
#2093=SURFACE_STYLE_FILL_AREA(#2970);
#2094=ORIENTED_EDGE('',*,*,#2971,.F.);
#2095=ORIENTED_EDGE('',*,*,#2969,.T.);
#2096=ORIENTED_EDGE('',*,*,#2972,.T.);
#2097=ORIENTED_EDGE('',*,*,#2973,.F.);
#2098=CARTESIAN_POINT('',(2.85,0.05,0.25));
#2099=DIRECTION('',(0.0,1.0,-0.0));
#2100=DIRECTION('',(1.0,0.0,0.0));
#2101=SURFACE_STYLE_FILL_AREA(#2974);
#2102=ORIENTED_EDGE('',*,*,#2975,.F.);
#2103=ORIENTED_EDGE('',*,*,#2973,.T.);
#2104=ORIENTED_EDGE('',*,*,#2976,.T.);
#2105=ORIENTED_EDGE('',*,*,#2977,.F.);
#2106=CARTESIAN_POINT('',(2.75,0.05,0.3));
#2107=DIRECTION('',(0.0,0.0,-1.0));
#2108=DIRECTION('',(0.0,-1.0,0.0));
#2109=SURFACE_STYLE_FILL_AREA(#2978);
#2110=ORIENTED_EDGE('',*,*,#2979,.F.);
#2111=ORIENTED_EDGE('',*,*,#2977,.T.);
#2112=ORIENTED_EDGE('',*,*,#2980,.T.);
#2113=ORIENTED_EDGE('',*,*,#2981,.F.);
#2114=CARTESIAN_POINT('',(2.65,0.05,0.25));
#2115=DIRECTION('',(0.0,1.0,-0.0));
#2116=DIRECTION('',(0.0,0.0,1.0));
#2117=SURFACE_STYLE_FILL_AREA(#2982);
#2118=ORIENTED_EDGE('',*,*,#2983,.F.);
#2119=ORIENTED_EDGE('',*,*,#2981,.T.);
#2120=ORIENTED_EDGE('',*,*,#2984,.T.);
#2121=ORIENTED_EDGE('',*,*,#2985,.F.);
#2122=CARTESIAN_POINT('',(2.6,0.05,0.0));
#2123=DIRECTION('',(1.0,0.0,0.0));
#2124=DIRECTION('',(0.0,1.0,0.0));
#2125=SURFACE_STYLE_FILL_AREA(#2986);
#2126=ORIENTED_EDGE('',*,*,#2987,.F.);
#2127=ORIENTED_EDGE('',*,*,#2985,.T.);
#2128=ORIENTED_EDGE('',*,*,#2988,.T.);
#2129=ORIENTED_EDGE('',*,*,#2989,.F.);
#2130=CARTESIAN_POINT('',(2.65,0.05,-0.25));
#2131=DIRECTION('',(0.0,1.0,-0.0));
#2132=DIRECTION('',(-1.0,0.0,0.0));
#2133=SURFACE_STYLE_FILL_AREA(#2990);
#2134=ORIENTED_EDGE('',*,*,#2991,.F.);
#2135=ORIENTED_EDGE('',*,*,#2989,.T.);
#2136=ORIENTED_EDGE('',*,*,#2992,.T.);
#2137=ORIENTED_EDGE('',*,*,#2963,.F.);
#2138=CARTESIAN_POINT('',(2.75,0.05,-0.3));
#2139=DIRECTION('',(0.0,0.0,1.0));
#2140=DIRECTION('',(1.0,0.0,0.0));
#2141=SURFACE_STYLE_FILL_AREA(#2993);
#2142=ORIENTED_EDGE('',*,*,#2918,.F.);
#2143=ORIENTED_EDGE('',*,*,#2994,.T.);
#2144=ORIENTED_EDGE('',*,*,#2995,.F.);
#2145=ORIENTED_EDGE('',*,*,#2996,.F.);
#2146=CARTESIAN_POINT('',(0.45,0.05,0.45));
#2147=DIRECTION('',(1.0,0.0,0.0));
#2148=DIRECTION('',(0.0,1.0,0.0));
#2149=SURFACE_STYLE_FILL_AREA(#2997);
#2150=ORIENTED_EDGE('',*,*,#2998,.F.);
#2151=ORIENTED_EDGE('',*,*,#2995,.T.);
#2152=ORIENTED_EDGE('',*,*,#2999,.T.);
#2153=ORIENTED_EDGE('',*,*,#3000,.F.);
#2154=CARTESIAN_POINT('',(0.5,0.05,0.35));
#2155=DIRECTION('',(0.0,1.0,-0.0));
#2156=DIRECTION('',(-1.0,0.0,0.0));
#2157=SURFACE_STYLE_FILL_AREA(#3001);
#2158=ORIENTED_EDGE('',*,*,#3002,.F.);
#2159=ORIENTED_EDGE('',*,*,#3000,.T.);
#2160=ORIENTED_EDGE('',*,*,#3003,.T.);
#2161=ORIENTED_EDGE('',*,*,#3004,.F.);
#2162=CARTESIAN_POINT('',(0.625,0.05,0.3));
#2163=DIRECTION('',(0.0,0.0,1.0));
#2164=DIRECTION('',(1.0,0.0,0.0));
#2165=SURFACE_STYLE_FILL_AREA(#3005);
#2166=ORIENTED_EDGE('',*,*,#3006,.F.);
#2167=ORIENTED_EDGE('',*,*,#3004,.T.);
#2168=ORIENTED_EDGE('',*,*,#3007,.T.);
#2169=ORIENTED_EDGE('',*,*,#3008,.F.);
#2170=CARTESIAN_POINT('',(0.75,0.05,0.35));
#2171=DIRECTION('',(0.0,1.0,0.0));
#2172=DIRECTION('',(0.0,0.0,-1.0));
#2173=SURFACE_STYLE_FILL_AREA(#3009);
#2174=ORIENTED_EDGE('',*,*,#2866,.T.);
#2175=ORIENTED_EDGE('',*,*,#3010,.F.);
#2176=ORIENTED_EDGE('',*,*,#3008,.T.);
#2177=ORIENTED_EDGE('',*,*,#3011,.T.);
#2178=CARTESIAN_POINT('',(0.8,0.05,0.45));
#2179=DIRECTION('',(-1.0,0.0,0.0));
#2180=DIRECTION('',(0.0,0.0,1.0));
#2181=SURFACE_STYLE_FILL_AREA(#3012);
#2182=ORIENTED_EDGE('',*,*,#2867,.T.);
#2183=ORIENTED_EDGE('',*,*,#3013,.T.);
#2184=ORIENTED_EDGE('',*,*,#2871,.F.);
#2185=ORIENTED_EDGE('',*,*,#3014,.F.);
#2186=ORIENTED_EDGE('',*,*,#2863,.T.);
#2187=CARTESIAN_POINT('',(0.8,0.2,0.55));
#2188=DIRECTION('',(-1.0,0.0,0.0));
#2189=DIRECTION('',(0.0,0.0,1.0));
#2190=SURFACE_STYLE_FILL_AREA(#3015);
#2191=ORIENTED_EDGE('',*,*,#3016,.F.);
#2192=ORIENTED_EDGE('',*,*,#2872,.T.);
#2193=ORIENTED_EDGE('',*,*,#3017,.T.);
#2194=ORIENTED_EDGE('',*,*,#3018,.F.);
#2195=CARTESIAN_POINT('',(2.05,0.05,0.875));
#2196=DIRECTION('',(0.0,1.0,0.0));
#2197=DIRECTION('',(0.0,0.0,-1.0));
#2198=SURFACE_STYLE_FILL_AREA(#3019);
#2199=ORIENTED_EDGE('',*,*,#3020,.F.);
#2200=ORIENTED_EDGE('',*,*,#3021,.F.);
#2201=ORIENTED_EDGE('',*,*,#3022,.T.);
#2202=ORIENTED_EDGE('',*,*,#3023,.T.);
#2203=CARTESIAN_POINT('',(2.575,0.05,-0.75));
#2204=DIRECTION('',(0.0,0.0,-1.0));
#2205=DIRECTION('',(0.0,-1.0,0.0));
#2206=SURFACE_STYLE_FILL_AREA(#3024);
#2207=ORIENTED_EDGE('',*,*,#3025,.F.);
#2208=ORIENTED_EDGE('',*,*,#3020,.T.);
#2209=ORIENTED_EDGE('',*,*,#3026,.T.);
#2210=ORIENTED_EDGE('',*,*,#2880,.F.);
#2211=CARTESIAN_POINT('',(2.05,0.05,-0.875));
#2212=DIRECTION('',(0.0,1.0,-0.0));
#2213=DIRECTION('',(0.923076923076914,0.0,0.384615384615406));
#2214=SURFACE_STYLE_FILL_AREA(#3027);
#2215=ORIENTED_EDGE('',*,*,#3028,.F.);
#2216=ORIENTED_EDGE('',*,*,#2881,.F.);
#2217=ORIENTED_EDGE('',*,*,#3029,.F.);
#2218=ORIENTED_EDGE('',*,*,#2884,.F.);
#2219=ORIENTED_EDGE('',*,*,#2877,.T.);
#2220=CARTESIAN_POINT('',(0.8,0.2,-0.55));
#2221=DIRECTION('',(1.0,-0.0,0.0));
#2222=DIRECTION('',(0.0,0.0,-1.0));
#2223=SURFACE_STYLE_FILL_AREA(#3030);
#2224=ORIENTED_EDGE('',*,*,#2885,.F.);
#2225=ORIENTED_EDGE('',*,*,#3031,.T.);
#2226=ORIENTED_EDGE('',*,*,#3032,.F.);
#2227=ORIENTED_EDGE('',*,*,#3033,.F.);
#2228=CARTESIAN_POINT('',(0.8,0.05,-0.45));
#2229=DIRECTION('',(-1.0,0.0,0.0));
#2230=DIRECTION('',(0.0,0.0,1.0));
#2231=SURFACE_STYLE_FILL_AREA(#3034);
#2232=ORIENTED_EDGE('',*,*,#3035,.F.);
#2233=ORIENTED_EDGE('',*,*,#3032,.T.);
#2234=ORIENTED_EDGE('',*,*,#3036,.T.);
#2235=ORIENTED_EDGE('',*,*,#3037,.F.);
#2236=CARTESIAN_POINT('',(0.75,0.05,-0.35));
#2237=DIRECTION('',(0.0,1.0,-0.0));
#2238=DIRECTION('',(1.0,0.0,0.0));
#2239=SURFACE_STYLE_FILL_AREA(#3038);
#2240=ORIENTED_EDGE('',*,*,#3039,.F.);
#2241=ORIENTED_EDGE('',*,*,#3037,.T.);
#2242=ORIENTED_EDGE('',*,*,#3040,.T.);
#2243=ORIENTED_EDGE('',*,*,#3041,.F.);
#2244=CARTESIAN_POINT('',(0.625,0.05,-0.3));
#2245=DIRECTION('',(0.0,0.0,-1.0));
#2246=DIRECTION('',(0.0,-1.0,0.0));
#2247=SURFACE_STYLE_FILL_AREA(#3042);
#2248=ORIENTED_EDGE('',*,*,#3043,.F.);
#2249=ORIENTED_EDGE('',*,*,#3041,.T.);
#2250=ORIENTED_EDGE('',*,*,#3044,.T.);
#2251=ORIENTED_EDGE('',*,*,#3045,.F.);
#2252=CARTESIAN_POINT('',(0.5,0.05,-0.35));
#2253=DIRECTION('',(0.0,1.0,-0.0));
#2254=DIRECTION('',(0.0,0.0,1.0));
#2255=SURFACE_STYLE_FILL_AREA(#3046);
#2256=ORIENTED_EDGE('',*,*,#2897,.T.);
#2257=ORIENTED_EDGE('',*,*,#3047,.F.);
#2258=ORIENTED_EDGE('',*,*,#3045,.T.);
#2259=ORIENTED_EDGE('',*,*,#3048,.T.);
#2260=CARTESIAN_POINT('',(0.45,0.05,-0.45));
#2261=DIRECTION('',(1.0,0.0,0.0));
#2262=DIRECTION('',(0.0,1.0,0.0));
#2263=SURFACE_STYLE_FILL_AREA(#3049);
#2264=ORIENTED_EDGE('',*,*,#3050,.F.);
#2265=ORIENTED_EDGE('',*,*,#2902,.T.);
#2266=ORIENTED_EDGE('',*,*,#2898,.T.);
#2267=ORIENTED_EDGE('',*,*,#3051,.F.);
#2268=ORIENTED_EDGE('',*,*,#2906,.T.);
#2269=ORIENTED_EDGE('',*,*,#2893,.F.);
#2270=ORIENTED_EDGE('',*,*,#2891,.T.);
#2271=ORIENTED_EDGE('',*,*,#3052,.F.);
#2272=CARTESIAN_POINT('',(0.2,0.2,-0.55));
#2273=DIRECTION('',(1.0,-0.0,0.0));
#2274=DIRECTION('',(0.0,0.0,-1.0));
#2275=SURFACE_STYLE_FILL_AREA(#3053);
#2276=ORIENTED_EDGE('',*,*,#2904,.F.);
#2277=ORIENTED_EDGE('',*,*,#3054,.T.);
#2278=ORIENTED_EDGE('',*,*,#3055,.F.);
#2279=ORIENTED_EDGE('',*,*,#3056,.F.);
#2280=CARTESIAN_POINT('',(0.225,0.05,-0.55));
#2281=DIRECTION('',(0.0,0.0,-1.0));
#2282=DIRECTION('',(0.0,-1.0,0.0));
#2283=SURFACE_STYLE_FILL_AREA(#3057);
#2284=ORIENTED_EDGE('',*,*,#3058,.F.);
#2285=ORIENTED_EDGE('',*,*,#3055,.T.);
#2286=ORIENTED_EDGE('',*,*,#3059,.T.);
#2287=ORIENTED_EDGE('',*,*,#3060,.F.);
#2288=CARTESIAN_POINT('',(0.0,0.05,0.0));
#2289=DIRECTION('',(-1.0,0.0,0.0));
#2290=DIRECTION('',(0.0,0.0,1.0));
#2291=SURFACE_STYLE_FILL_AREA(#3061);
#2292=ORIENTED_EDGE('',*,*,#2923,.T.);
#2293=ORIENTED_EDGE('',*,*,#3062,.F.);
#2294=ORIENTED_EDGE('',*,*,#3060,.T.);
#2295=ORIENTED_EDGE('',*,*,#3063,.T.);
#2296=CARTESIAN_POINT('',(0.225,0.05,0.55));
#2297=DIRECTION('',(0.0,0.0,1.0));
#2298=DIRECTION('',(1.0,0.0,0.0));
#2299=SURFACE_STYLE_FILL_AREA(#3064);
#2300=ORIENTED_EDGE('',*,*,#2926,.T.);
#2301=ORIENTED_EDGE('',*,*,#2924,.T.);
#2302=ORIENTED_EDGE('',*,*,#3065,.F.);
#2303=ORIENTED_EDGE('',*,*,#2917,.F.);
#2304=ORIENTED_EDGE('',*,*,#2915,.T.);
#2305=ORIENTED_EDGE('',*,*,#3066,.F.);
#2306=ORIENTED_EDGE('',*,*,#3067,.T.);
#2307=ORIENTED_EDGE('',*,*,#2910,.T.);
#2308=CARTESIAN_POINT('',(0.2,0.2,0.55));
#2309=DIRECTION('',(-1.0,0.0,0.0));
#2310=DIRECTION('',(0.0,0.0,1.0));
#2311=SURFACE_STYLE_FILL_AREA(#3068);
#2312=ORIENTED_EDGE('',*,*,#3018,.T.);
#2313=ORIENTED_EDGE('',*,*,#3069,.T.);
#2314=ORIENTED_EDGE('',*,*,#3070,.F.);
#2315=ORIENTED_EDGE('',*,*,#3071,.F.);
#2316=CARTESIAN_POINT('',(2.575,0.05,0.75));
#2317=DIRECTION('',(0.0,0.0,1.0));
#2318=DIRECTION('',(1.0,0.0,0.0));
#2319=SURFACE_STYLE_FILL_AREA(#3072);
#2320=ORIENTED_EDGE('',*,*,#2949,.T.);
#2321=ORIENTED_EDGE('',*,*,#2996,.T.);
#2322=ORIENTED_EDGE('',*,*,#2998,.T.);
#2323=ORIENTED_EDGE('',*,*,#3002,.T.);
#2324=ORIENTED_EDGE('',*,*,#3006,.T.);
#2325=ORIENTED_EDGE('',*,*,#3010,.T.);
#2326=ORIENTED_EDGE('',*,*,#2947,.T.);
#2327=ORIENTED_EDGE('',*,*,#3016,.T.);
#2328=ORIENTED_EDGE('',*,*,#3071,.T.);
#2329=ORIENTED_EDGE('',*,*,#3073,.T.);
#2330=ORIENTED_EDGE('',*,*,#3021,.T.);
#2331=ORIENTED_EDGE('',*,*,#3025,.T.);
#2332=ORIENTED_EDGE('',*,*,#2943,.F.);
#2333=ORIENTED_EDGE('',*,*,#3033,.T.);
#2334=ORIENTED_EDGE('',*,*,#3035,.T.);
#2335=ORIENTED_EDGE('',*,*,#3039,.T.);
#2336=ORIENTED_EDGE('',*,*,#3043,.T.);
#2337=ORIENTED_EDGE('',*,*,#3047,.T.);
#2338=ORIENTED_EDGE('',*,*,#2941,.T.);
#2339=ORIENTED_EDGE('',*,*,#3056,.T.);
#2340=ORIENTED_EDGE('',*,*,#3058,.T.);
#2341=ORIENTED_EDGE('',*,*,#3062,.T.);
#2342=ORIENTED_EDGE('',*,*,#2991,.T.);
#2343=ORIENTED_EDGE('',*,*,#2962,.T.);
#2344=ORIENTED_EDGE('',*,*,#2967,.T.);
#2345=ORIENTED_EDGE('',*,*,#2971,.T.);
#2346=ORIENTED_EDGE('',*,*,#2975,.T.);
#2347=ORIENTED_EDGE('',*,*,#2979,.T.);
#2348=ORIENTED_EDGE('',*,*,#2983,.T.);
#2349=ORIENTED_EDGE('',*,*,#2987,.T.);
#2350=CARTESIAN_POINT('',(0.0,0.1,0.0));
#2351=DIRECTION('',(-0.0,1.0,0.0));
#2352=DIRECTION('',(1.0,0.0,0.0));
#2353=SURFACE_STYLE_FILL_AREA(#3074);
#2354=ORIENTED_EDGE('',*,*,#3075,.T.);
#2355=ORIENTED_EDGE('',*,*,#3076,.F.);
#2356=ORIENTED_EDGE('',*,*,#3077,.F.);
#2357=ORIENTED_EDGE('',*,*,#3078,.F.);
#2358=SURFACE_STYLE_FILL_AREA(#3079);
#2359=ORIENTED_EDGE('',*,*,#3075,.F.);
#2360=ORIENTED_EDGE('',*,*,#3080,.F.);
#2361=ORIENTED_EDGE('',*,*,#3081,.T.);
#2362=ORIENTED_EDGE('',*,*,#3082,.T.);
#2363=SURFACE_STYLE_FILL_AREA(#3083);
#2364=ORIENTED_EDGE('',*,*,#3084,.F.);
#2365=ORIENTED_EDGE('',*,*,#3085,.T.);
#2366=ORIENTED_EDGE('',*,*,#3086,.T.);
#2367=ORIENTED_EDGE('',*,*,#3081,.F.);
#2368=SURFACE_STYLE_FILL_AREA(#3087);
#2369=ORIENTED_EDGE('',*,*,#3065,.T.);
#2370=ORIENTED_EDGE('',*,*,#3063,.F.);
#2371=ORIENTED_EDGE('',*,*,#3059,.F.);
#2372=ORIENTED_EDGE('',*,*,#3054,.F.);
#2373=ORIENTED_EDGE('',*,*,#3051,.T.);
#2374=ORIENTED_EDGE('',*,*,#3048,.F.);
#2375=ORIENTED_EDGE('',*,*,#3044,.F.);
#2376=ORIENTED_EDGE('',*,*,#3040,.F.);
#2377=ORIENTED_EDGE('',*,*,#3036,.F.);
#2378=ORIENTED_EDGE('',*,*,#3031,.F.);
#2379=ORIENTED_EDGE('',*,*,#3029,.T.);
#2380=ORIENTED_EDGE('',*,*,#3026,.F.);
#2381=ORIENTED_EDGE('',*,*,#3023,.F.);
#2382=ORIENTED_EDGE('',*,*,#3088,.F.);
#2383=ORIENTED_EDGE('',*,*,#3069,.F.);
#2384=ORIENTED_EDGE('',*,*,#3017,.F.);
#2385=ORIENTED_EDGE('',*,*,#3013,.F.);
#2386=ORIENTED_EDGE('',*,*,#3011,.F.);
#2387=ORIENTED_EDGE('',*,*,#3007,.F.);
#2388=ORIENTED_EDGE('',*,*,#3003,.F.);
#2389=ORIENTED_EDGE('',*,*,#2999,.F.);
#2390=ORIENTED_EDGE('',*,*,#2994,.F.);
#2391=ORIENTED_EDGE('',*,*,#2992,.F.);
#2392=ORIENTED_EDGE('',*,*,#2988,.F.);
#2393=ORIENTED_EDGE('',*,*,#2984,.F.);
#2394=ORIENTED_EDGE('',*,*,#2980,.F.);
#2395=ORIENTED_EDGE('',*,*,#2976,.F.);
#2396=ORIENTED_EDGE('',*,*,#2972,.F.);
#2397=ORIENTED_EDGE('',*,*,#2968,.F.);
#2398=ORIENTED_EDGE('',*,*,#2964,.F.);
#2399=CARTESIAN_POINT('',(0.0,0.0,0.0));
#2400=DIRECTION('',(-0.0,1.0,0.0));
#2401=DIRECTION('',(1.0,0.0,0.0));
#2402=SURFACE_STYLE_FILL_AREA(#3089);
#2403=ORIENTED_EDGE('',*,*,#3090,.T.);
#2404=ORIENTED_EDGE('',*,*,#3077,.T.);
#2405=ORIENTED_EDGE('',*,*,#3091,.F.);
#2406=ORIENTED_EDGE('',*,*,#3070,.T.);
#2407=CARTESIAN_POINT('',(3.45,0.4,0.75));
#2408=DIRECTION('',(0.0,0.0,-1.0));
#2409=DIRECTION('',(0.0,-1.0,0.0));
#2410=SURFACE_STYLE_FILL_AREA(#3092);
#2411=ORIENTED_EDGE('',*,*,#3093,.T.);
#2412=ORIENTED_EDGE('',*,*,#3094,.T.);
#2413=ORIENTED_EDGE('',*,*,#3095,.F.);
#2414=ORIENTED_EDGE('',*,*,#3085,.F.);
#2415=CARTESIAN_POINT('',(2.566326467727,0.75,0.7));
#2416=DIRECTION('',(0.0,0.0,-1.0));
#2417=DIRECTION('',(0.0,-1.0,0.0));
#2418=SURFACE_STYLE_FILL_AREA(#3096);
#2419=FACE_OUTER_BOUND('',#3097,.T.);
#2420=CYLINDRICAL_SURFACE('',#3098,0.4);
#2421=FACE_OUTER_BOUND('',#3099,.T.);
#2422=CYLINDRICAL_SURFACE('',#3100,0.3);
#2423=FACE_OUTER_BOUND('',#3101,.T.);
#2424=CYLINDRICAL_SURFACE('',#3102,0.2);
#2425=FACE_OUTER_BOUND('',#3103,.T.);
#2426=CYLINDRICAL_SURFACE('',#3104,0.2);
#2427=FACE_OUTER_BOUND('',#3105,.T.);
#2428=PLANE('',#3106);
#2429=FACE_OUTER_BOUND('',#3107,.T.);
#2430=PLANE('',#3108);
#2431=FACE_OUTER_BOUND('',#3109,.T.);
#2432=PLANE('',#3110);
#2433=FACE_OUTER_BOUND('',#3111,.T.);
#2434=CYLINDRICAL_SURFACE('',#3112,0.05);
#2435=FACE_OUTER_BOUND('',#3113,.T.);
#2436=CYLINDRICAL_SURFACE('',#3114,0.025);
#2437=FACE_OUTER_BOUND('',#3115,.T.);
#2438=CYLINDRICAL_SURFACE('',#3116,0.05);
#2439=FACE_OUTER_BOUND('',#3117,.T.);
#2440=PLANE('',#3118);
#2441=FACE_OUTER_BOUND('',#3119,.T.);
#2442=CYLINDRICAL_SURFACE('',#3120,0.025);
#2443=FACE_OUTER_BOUND('',#3121,.T.);
#2444=PLANE('',#3122);
#2445=FACE_OUTER_BOUND('',#3123,.T.);
#2446=CYLINDRICAL_SURFACE('',#3124,0.1);
#2447=FACE_OUTER_BOUND('',#3125,.T.);
#2448=PLANE('',#3126);
#2449=FACE_OUTER_BOUND('',#3127,.T.);
#2450=CYLINDRICAL_SURFACE('',#3128,0.1);
#2451=FACE_OUTER_BOUND('',#3129,.T.);
#2452=PLANE('',#3130);
#2453=FACE_OUTER_BOUND('',#3131,.T.);
#2454=PLANE('',#3132);
#2455=FACE_OUTER_BOUND('',#3133,.T.);
#2456=CYLINDRICAL_SURFACE('',#3134,0.1);
#2457=FACE_OUTER_BOUND('',#3135,.T.);
#2458=PLANE('',#3136);
#2459=FACE_OUTER_BOUND('',#3137,.T.);
#2460=PLANE('',#3138);
#2461=FACE_OUTER_BOUND('',#3139,.T.);
#2462=CYLINDRICAL_SURFACE('',#3140,0.1);
#2463=FACE_OUTER_BOUND('',#3141,.T.);
#2464=PLANE('',#3142);
#2465=FACE_OUTER_BOUND('',#3143,.T.);
#2466=PLANE('',#3144);
#2467=FACE_OUTER_BOUND('',#3145,.T.);
#2468=PLANE('',#3146);
#2469=FACE_OUTER_BOUND('',#3147,.T.);
#2470=CYLINDRICAL_SURFACE('',#3148,0.1);
#2471=FACE_OUTER_BOUND('',#3149,.T.);
#2472=PLANE('',#3150);
#2473=FACE_OUTER_BOUND('',#3151,.T.);
#2474=CYLINDRICAL_SURFACE('',#3152,0.05);
#2475=FACE_OUTER_BOUND('',#3153,.T.);
#2476=PLANE('',#3154);
#2477=FACE_OUTER_BOUND('',#3155,.T.);
#2478=CYLINDRICAL_SURFACE('',#3156,0.05);
#2479=FACE_OUTER_BOUND('',#3157,.T.);
#2480=PLANE('',#3158);
#2481=FACE_OUTER_BOUND('',#3159,.T.);
#2482=PLANE('',#3160);
#2483=FACE_OUTER_BOUND('',#3161,.T.);
#2484=PLANE('',#3162);
#2485=FACE_OUTER_BOUND('',#3163,.T.);
#2486=PLANE('',#3164);
#2487=FACE_OUTER_BOUND('',#3165,.T.);
#2488=CYLINDRICAL_SURFACE('',#3166,0.05);
#2489=FACE_OUTER_BOUND('',#3167,.T.);
#2490=PLANE('',#3168);
#2491=FACE_OUTER_BOUND('',#3169,.T.);
#2492=CYLINDRICAL_SURFACE('',#3170,0.05);
#2493=FACE_OUTER_BOUND('',#3171,.T.);
#2494=PLANE('',#3172);
#2495=FACE_OUTER_BOUND('',#3173,.T.);
#2496=CYLINDRICAL_SURFACE('',#3174,0.025);
#2497=FACE_OUTER_BOUND('',#3175,.T.);
#2498=PLANE('',#3176);
#2499=FACE_OUTER_BOUND('',#3177,.T.);
#2500=CYLINDRICAL_SURFACE('',#3178,0.025);
#2501=FACE_OUTER_BOUND('',#3179,.T.);
#2502=PLANE('',#3180);
#2503=FACE_OUTER_BOUND('',#3181,.T.);
#2504=PLANE('',#3182);
#2505=FACE_OUTER_BOUND('',#3183,.T.);
#2506=PLANE('',#3184);
#2507=FACE_OUTER_BOUND('',#3185,.T.);
#2508=CYLINDRICAL_SURFACE('',#3186,0.025);
#2509=FACE_OUTER_BOUND('',#3187,.T.);
#2510=PLANE('',#3188);
#2511=FACE_OUTER_BOUND('',#3189,.T.);
#2512=CYLINDRICAL_SURFACE('',#3190,0.025);
#2513=FACE_OUTER_BOUND('',#3191,.T.);
#2514=PLANE('',#3192);
#2515=FACE_OUTER_BOUND('',#3193,.T.);
#2516=CYLINDRICAL_SURFACE('',#3194,0.025);
#2517=FACE_OUTER_BOUND('',#3195,.T.);
#2518=PLANE('',#3196);
#2519=FACE_OUTER_BOUND('',#3197,.T.);
#2520=PLANE('',#3198);
#2521=FACE_OUTER_BOUND('',#3199,.T.);
#2522=CYLINDRICAL_SURFACE('',#3200,0.025);
#2523=FACE_OUTER_BOUND('',#3201,.T.);
#2524=CYLINDRICAL_SURFACE('',#3202,0.1);
#2525=FACE_OUTER_BOUND('',#3203,.T.);
#2526=PLANE('',#3204);
#2527=FACE_OUTER_BOUND('',#3205,.T.);
#2528=PLANE('',#3206);
#2529=FACE_OUTER_BOUND('',#3207,.T.);
#2530=PLANE('',#3208);
#2531=FACE_OUTER_BOUND('',#3209,.T.);
#2532=PLANE('',#3210);
#2533=FACE_OUTER_BOUND('',#3211,.T.);
#2534=PLANE('',#3212);
#2535=FACE_OUTER_BOUND('',#3213,.T.);
#2536=PLANE('',#3214);
#2537=FACE_OUTER_BOUND('',#3215,.T.);
#2538=CYLINDRICAL_SURFACE('',#3216,0.05);
#2539=FACE_OUTER_BOUND('',#3217,.T.);
#2540=CYLINDRICAL_SURFACE('',#3218,0.23);
#2541=FACE_OUTER_BOUND('',#3219,.T.);
#2542=PLANE('',#3220);
#2543=FACE_OUTER_BOUND('',#3221,.T.);
#2544=CYLINDRICAL_SURFACE('',#3222,0.05);
#2545=FACE_OUTER_BOUND('',#3223,.T.);
#2546=CYLINDRICAL_SURFACE('',#3224,0.23);
#2547=FACE_OUTER_BOUND('',#3225,.T.);
#2548=CYLINDRICAL_SURFACE('',#3226,0.05);
#2549=FACE_OUTER_BOUND('',#3227,.T.);
#2550=CYLINDRICAL_SURFACE('',#3228,0.05);
#2551=FACE_OUTER_BOUND('',#3229,.T.);
#2552=PLANE('',#3230);
#2553=FACE_OUTER_BOUND('',#3231,.T.);
#2554=PLANE('',#3232);
#2555=FACE_OUTER_BOUND('',#3233,.T.);
#2556=PLANE('',#3234);
#2557=FACE_OUTER_BOUND('',#3235,.T.);
#2558=PLANE('',#3236);
#2559=FACE_OUTER_BOUND('',#3237,.T.);
#2560=PLANE('',#3238);
#2561=FACE_OUTER_BOUND('',#3239,.T.);
#2562=CYLINDRICAL_SURFACE('',#3240,0.2);
#2563=FACE_OUTER_BOUND('',#3241,.T.);
#2564=PLANE('',#3242);
#2565=FACE_OUTER_BOUND('',#3243,.T.);
#2566=CYLINDRICAL_SURFACE('',#3244,0.2);
#2567=FACE_OUTER_BOUND('',#3245,.T.);
#2568=PLANE('',#3246);
#2569=FACE_OUTER_BOUND('',#3247,.T.);
#2570=CYLINDRICAL_SURFACE('',#3248,0.2);
#2571=FACE_OUTER_BOUND('',#3249,.T.);
#2572=PLANE('',#3250);
#2573=FACE_OUTER_BOUND('',#3251,.T.);
#2574=PLANE('',#3252);
#2575=FACE_OUTER_BOUND('',#3253,.T.);
#2576=PLANE('',#3254);
#2577=FACE_OUTER_BOUND('',#3255,.T.);
#2578=CYLINDRICAL_SURFACE('',#3256,0.2);
#2579=FACE_OUTER_BOUND('',#3257,.T.);
#2580=PLANE('',#3258);
#2581=FACE_OUTER_BOUND('',#3259,.T.);
#2582=PLANE('',#3260);
#2583=FACE_OUTER_BOUND('',#3261,.T.);
#2584=PLANE('',#3262);
#2585=FACE_OUTER_BOUND('',#3263,.T.);
#2586=PLANE('',#3264);
#2587=FACE_OUTER_BOUND('',#3265,.T.);
#2588=B_SPLINE_SURFACE_WITH_KNOTS('',3,3,((#3266,#3267,#3268,#3269),(#3270,#3271,#3272,#3273),(#3274,#3275,#3276,#3277),(#3278,#3279,#3280,#3281),(#3282,#3283,#3284,#3285),(#3286,#3287,#3288,#3289)),.UNSPECIFIED.,.F.,.F.,.F.,(4,1,1,4),(4,4),(0.4398404626426,0.4545454545455,0.5454545454545,0.6112793044709),(-0.04552425878977,1.045524344756),.UNSPECIFIED.);
#2589=FACE_OUTER_BOUND('',#3290,.T.);
#2590=PLANE('',#3291);
#2591=FACE_OUTER_BOUND('',#3292,.T.);
#2592=PLANE('',#3293);
#2593=FACE_OUTER_BOUND('',#3294,.T.);
#2594=CYLINDRICAL_SURFACE('',#3295,0.12);
#2595=FACE_OUTER_BOUND('',#3296,.T.);
#2596=CYLINDRICAL_SURFACE('',#3297,0.3);
#2597=FACE_OUTER_BOUND('',#3298,.T.);
#2598=B_SPLINE_SURFACE_WITH_KNOTS('',3,3,((#3299,#3300,#3301,#3302),(#3303,#3304,#3305,#3306),(#3307,#3308,#3309,#3310),(#3311,#3312,#3313,#3314),(#3315,#3316,#3317,#3318),(#3319,#3320,#3321,#3322),(#3323,#3324,#3325,#3326),(#3327,#3328,#3329,#3330)),.UNSPECIFIED.,.F.,.F.,.F.,(4,1,1,1,1,4),(4,4),(-0.0100000129253185,0.0,0.2,0.4,0.6,0.639179711723766),(-0.00999999999998291,1.00999999999766),.UNSPECIFIED.);
#2599=FACE_OUTER_BOUND('',#3331,.T.);
#2600=PLANE('',#3332);
#2601=FACE_OUTER_BOUND('',#3333,.T.);
#2602=CYLINDRICAL_SURFACE('',#3334,0.02);
#2603=FACE_OUTER_BOUND('',#3335,.T.);
#2604=CYLINDRICAL_SURFACE('',#3336,0.4);
#2605=FACE_OUTER_BOUND('',#3337,.T.);
#2606=PLANE('',#3338);
#2607=FACE_OUTER_BOUND('',#3339,.T.);
#2608=PLANE('',#3340);
#2609=FACE_OUTER_BOUND('',#3341,.T.);
#2610=B_SPLINE_SURFACE_WITH_KNOTS('',3,3,((#3342,#3343,#3344,#3345),(#3346,#3347,#3348,#3349),(#3350,#3351,#3352,#3353),(#3354,#3355,#3356,#3357),(#3358,#3359,#3360,#3361),(#3362,#3363,#3364,#3365),(#3366,#3367,#3368,#3369),(#3370,#3371,#3372,#3373),(#3374,#3375,#3376,#3377),(#3378,#3379,#3380,#3381),(#3382,#3383,#3384,#3385),(#3386,#3387,#3388,#3389),(#3390,#3391,#3392,#3393),(#3394,#3395,#3396,#3397)),.UNSPECIFIED.,.F.,.F.,.F.,(4,1,1,1,1,1,1,1,1,1,1,4),(4,4),(-0.009873508442431,0.0,0.1111111111111,0.2222222222222,0.3333333333333,0.4444444444444,0.5555555555556,0.6666666666667,0.7777777777778,0.8888888888889,1.0,1.01000000000015),(-0.00999999999986646,1.01000000000046),.UNSPECIFIED.);
#2611=FACE_OUTER_BOUND('',#3398,.T.);
#2612=PLANE('',#3399);
#2613=FACE_OUTER_BOUND('',#3400,.T.);
#2614=PLANE('',#3401);
#2615=SURFACE_STYLE_FILL_AREA(#3402);
#2616=ORIENTED_EDGE('',*,*,#3403,.F.);
#2617=ORIENTED_EDGE('',*,*,#3404,.F.);
#2618=ORIENTED_EDGE('',*,*,#3405,.F.);
#2619=ORIENTED_EDGE('',*,*,#3406,.T.);
#2620=CARTESIAN_POINT('',(-3.540029146765,0.08630881248917,0.1));
#2621=DIRECTION('',(-0.939692620785897,-0.342020143325699,0.0));
#2622=DIRECTION('',(0.0,0.0,1.0));
#2623=SURFACE_STYLE_FILL_AREA(#3407);
#2624=ORIENTED_EDGE('',*,*,#3403,.T.);
#2625=ORIENTED_EDGE('',*,*,#3408,.T.);
#2626=ORIENTED_EDGE('',*,*,#3409,.T.);
#2627=ORIENTED_EDGE('',*,*,#3410,.T.);
#2628=ORIENTED_EDGE('',*,*,#3411,.T.);
#2629=ORIENTED_EDGE('',*,*,#3412,.F.);
#2630=ORIENTED_EDGE('',*,*,#3413,.T.);
#2631=ORIENTED_EDGE('',*,*,#3414,.F.);
#2632=CARTESIAN_POINT('',(0.92,1.55,-1.0));
#2633=DIRECTION('',(0.0,-0.0,-1.0));
#2634=DIRECTION('',(-0.939692620785897,-0.342020143325699,0.0));
#2635=SURFACE_STYLE_FILL_AREA(#3415);
#2636=ORIENTED_EDGE('',*,*,#3404,.T.);
#2637=ORIENTED_EDGE('',*,*,#3414,.T.);
#2638=ORIENTED_EDGE('',*,*,#3416,.F.);
#2639=ORIENTED_EDGE('',*,*,#3417,.F.);
#2640=CARTESIAN_POINT('',(0.9618113853071,1.947808758147,0.25));
#2641=DIRECTION('',(0.0,0.0,-1.0));
#2642=DIRECTION('',(0.0,-1.0,0.0));
#2643=SURFACE_STYLE_FILL_AREA(#3418);
#2644=ORIENTED_EDGE('',*,*,#3406,.F.);
#2645=ORIENTED_EDGE('',*,*,#3419,.T.);
#2646=ORIENTED_EDGE('',*,*,#3420,.T.);
#2647=ORIENTED_EDGE('',*,*,#3408,.F.);
#2648=CARTESIAN_POINT('',(1.295877048314,1.68680805733,0.0));
#2649=DIRECTION('',(0.342020143325699,-0.939692620785897,0.0));
#2650=DIRECTION('',(0.0,0.0,-1.0));
#2651=SURFACE_STYLE_FILL_AREA(#3421);
#2652=ORIENTED_EDGE('',*,*,#3409,.F.);
#2653=ORIENTED_EDGE('',*,*,#3420,.F.);
#2654=ORIENTED_EDGE('',*,*,#3422,.F.);
#2655=ORIENTED_EDGE('',*,*,#3423,.T.);
#2656=CARTESIAN_POINT('',(-3.538198800007,0.08697500422772,-0.1));
#2657=DIRECTION('',(-0.939692620785897,-0.342020143325699,0.0));
#2658=DIRECTION('',(0.342020143325699,-0.939692620785897,0.0));
#2659=SURFACE_STYLE_FILL_AREA(#3424);
#2660=ORIENTED_EDGE('',*,*,#3425,.T.);
#2661=ORIENTED_EDGE('',*,*,#3410,.F.);
#2662=ORIENTED_EDGE('',*,*,#3423,.F.);
#2663=ORIENTED_EDGE('',*,*,#3426,.T.);
#2664=CARTESIAN_POINT('',(0.9618113853071,1.947808758147,-0.25));
#2665=DIRECTION('',(0.0,0.0,-1.0));
#2666=DIRECTION('',(0.0,-1.0,0.0));
#2667=SURFACE_STYLE_FILL_AREA(#3427);
#2668=ORIENTED_EDGE('',*,*,#3411,.F.);
#2669=ORIENTED_EDGE('',*,*,#3425,.F.);
#2670=ORIENTED_EDGE('',*,*,#3428,.F.);
#2671=ORIENTED_EDGE('',*,*,#3429,.F.);
#2672=ORIENTED_EDGE('',*,*,#3430,.T.);
#2673=ORIENTED_EDGE('',*,*,#3431,.F.);
#2674=CARTESIAN_POINT('',(6.126219654053,-1.644248180957,-0.1));
#2675=DIRECTION('',(0.848048096156421,-0.529919264233213,0.0));
#2676=DIRECTION('',(0.0,0.0,-1.0));
#2677=SURFACE_STYLE_FILL_AREA(#3432);
#2678=ORIENTED_EDGE('',*,*,#3433,.T.);
#2679=ORIENTED_EDGE('',*,*,#3412,.T.);
#2680=ORIENTED_EDGE('',*,*,#3431,.T.);
#2681=ORIENTED_EDGE('',*,*,#3434,.F.);
#2682=CARTESIAN_POINT('',(0.5383783567296,1.788463668905,0.25));
#2683=DIRECTION('',(-0.848048096156421,0.529919264233213,0.0));
#2684=DIRECTION('',(0.0,0.0,1.0));
#2685=SURFACE_STYLE_FILL_AREA(#3435);
#2686=ORIENTED_EDGE('',*,*,#3433,.F.);
#2687=ORIENTED_EDGE('',*,*,#3436,.F.);
#2688=ORIENTED_EDGE('',*,*,#3437,.F.);
#2689=ORIENTED_EDGE('',*,*,#3438,.F.);
#2690=ORIENTED_EDGE('',*,*,#3416,.T.);
#2691=ORIENTED_EDGE('',*,*,#3413,.F.);
#2692=CARTESIAN_POINT('',(6.123933040015,-1.642819345926,0.1));
#2693=DIRECTION('',(0.848048096156421,-0.529919264233213,0.0));
#2694=DIRECTION('',(-0.529919264233213,-0.848048096156421,0.0));
#2695=SURFACE_STYLE_FILL_AREA(#3439);
#2696=ORIENTED_EDGE('',*,*,#3436,.T.);
#2697=ORIENTED_EDGE('',*,*,#3434,.T.);
#2698=ORIENTED_EDGE('',*,*,#3430,.F.);
#2699=ORIENTED_EDGE('',*,*,#3440,.F.);
#2700=CARTESIAN_POINT('',(0.5277888351141,1.677162896078,0.0));
#2701=DIRECTION('',(0.529919264233213,0.848048096156421,0.0));
#2702=DIRECTION('',(0.0,0.0,-1.0));
#2703=SURFACE_STYLE_FILL_AREA(#3441);
#2704=FACE_OUTER_BOUND('',#3442,.T.);
#2705=CYLINDRICAL_SURFACE('',#3443,0.35);
#2706=FACE_OUTER_BOUND('',#3444,.T.);
#2707=PLANE('',#3445);
#2708=FILL_AREA_STYLE('',(#3446));
#2709=EDGE_CURVE('',#3447,#3448,#3449,.T.);
#2710=EDGE_CURVE('',#3447,#3450,#3451,.T.);
#2711=EDGE_CURVE('',#3450,#3452,#3453,.T.);
#2712=EDGE_CURVE('',#3452,#3454,#3455,.T.);
#2713=EDGE_CURVE('',#3456,#3454,#3457,.T.);
#2714=EDGE_CURVE('',#3448,#3456,#3458,.T.);
#2715=FILL_AREA_STYLE('',(#3459));
#2716=EDGE_CURVE('',#3460,#3461,#3462,.T.);
#2717=EDGE_CURVE('',#3460,#3463,#3464,.T.);
#2718=EDGE_CURVE('',#3463,#3465,#3466,.T.);
#2719=EDGE_CURVE('',#3467,#3465,#3468,.T.);
#2720=EDGE_CURVE('',#3469,#3467,#3470,.T.);
#2721=EDGE_CURVE('',#3461,#3469,#3471,.T.);
#2722=FILL_AREA_STYLE('',(#3472));
#2723=EDGE_CURVE('',#3473,#3474,#3475,.T.);
#2724=EDGE_CURVE('',#3476,#3473,#3477,.T.);
#2725=EDGE_CURVE('',#3476,#3478,#3479,.T.);
#2726=EDGE_CURVE('',#3478,#3474,#3480,.T.);
#2727=FILL_AREA_STYLE('',(#3481));
#2728=EDGE_CURVE('',#3473,#3482,#3483,.T.);
#2729=EDGE_CURVE('',#3484,#3482,#3485,.T.);
#2730=EDGE_CURVE('',#3484,#3476,#3486,.T.);
#2731=FILL_AREA_STYLE('',(#3487));
#2732=EDGE_CURVE('',#3488,#3489,#3490,.T.);
#2733=EDGE_CURVE('',#3488,#3491,#3492,.T.);
#2734=EDGE_CURVE('',#3493,#3491,#3494,.T.);
#2735=EDGE_CURVE('',#3489,#3493,#3495,.T.);
#2736=FILL_AREA_STYLE('',(#3496));
#2737=EDGE_CURVE('',#3478,#3497,#3498,.T.);
#2738=EDGE_CURVE('',#3488,#3484,#3499,.T.);
#2739=EDGE_CURVE('',#3497,#3489,#3500,.T.);
#2740=FILL_AREA_STYLE('',(#3501));
#2741=EDGE_CURVE('',#3502,#3474,#3503,.T.);
#2742=EDGE_CURVE('',#3497,#3502,#3504,.T.);
#2743=FILL_AREA_STYLE('',(#3505));
#2744=EDGE_CURVE('',#3506,#3502,#3507,.T.);
#2745=EDGE_CURVE('',#3508,#3506,#3509,.T.);
#2746=EDGE_CURVE('',#3482,#3508,#3510,.T.);
#2747=FILL_AREA_STYLE('',(#3511));
#2748=EDGE_CURVE('',#3506,#3512,#3513,.T.);
#2749=EDGE_CURVE('',#3512,#3514,#3515,.T.);
#2750=EDGE_CURVE('',#3508,#3514,#3516,.T.);
#2751=FILL_AREA_STYLE('',(#3517));
#2752=EDGE_CURVE('',#3491,#3514,#3518,.T.);
#2753=FILL_AREA_STYLE('',(#3519));
#2754=EDGE_CURVE('',#3520,#3493,#3521,.T.);
#2755=EDGE_CURVE('',#3522,#3491,#3523,.T.);
#2756=EDGE_CURVE('',#3520,#3522,#3524,.T.);
#2757=FILL_AREA_STYLE('',(#3525));
#2758=EDGE_CURVE('',#3493,#3512,#3526,.T.);
#2759=FILL_AREA_STYLE('',(#3527));
#2760=EDGE_CURVE('',#3528,#3512,#3529,.T.);
#2761=EDGE_CURVE('',#3528,#3530,#3531,.T.);
#2762=EDGE_CURVE('',#3530,#3514,#3532,.T.);
#2763=FILL_AREA_STYLE('',(#3533));
#2764=EDGE_CURVE('',#3522,#3530,#3534,.T.);
#2765=FILL_AREA_STYLE('',(#3535));
#2766=EDGE_CURVE('',#3450,#3469,#3536,.T.);
#2767=EDGE_CURVE('',#3452,#3467,#3537,.T.);
#2768=FILL_AREA_STYLE('',(#3538));
#2769=EDGE_CURVE('',#3520,#3447,#3539,.T.);
#2770=EDGE_CURVE('',#3522,#3461,#3540,.T.);
#2771=FILL_AREA_STYLE('',(#3541));
#2772=EDGE_CURVE('',#3520,#3528,#3542,.T.);
#2773=FILL_AREA_STYLE('',(#3543));
#2774=EDGE_CURVE('',#3528,#3448,#3544,.T.);
#2775=EDGE_CURVE('',#3456,#3463,#3545,.T.);
#2776=EDGE_CURVE('',#3530,#3460,#3546,.T.);
#2777=FILL_AREA_STYLE('',(#3547));
#2778=EDGE_CURVE('',#3454,#3465,#3548,.T.);
#2779=FILL_AREA_STYLE('',(#3549));
#2780=EDGE_CURVE('',#3550,#3551,#3552,.T.);
#2781=EDGE_CURVE('',#3553,#3550,#3554,.T.);
#2782=EDGE_CURVE('',#3555,#3553,#3556,.T.);
#2783=EDGE_CURVE('',#3555,#3551,#3557,.T.);
#2784=FILL_AREA_STYLE('',(#3558));
#2785=EDGE_CURVE('',#3559,#3560,#3561,.T.);
#2786=EDGE_CURVE('',#3562,#3560,#3563,.T.);
#2787=EDGE_CURVE('',#3564,#3562,#3565,.T.);
#2788=EDGE_CURVE('',#3564,#3559,#3566,.T.);
#2789=FILL_AREA_STYLE('',(#3567));
#2790=EDGE_CURVE('',#3568,#3569,#3570,.T.);
#2791=EDGE_CURVE('',#3568,#3571,#3572,.T.);
#2792=EDGE_CURVE('',#3573,#3571,#3574,.T.);
#2793=EDGE_CURVE('',#3569,#3573,#3575,.T.);
#2794=FILL_AREA_STYLE('',(#3576));
#2795=EDGE_CURVE('',#3560,#3569,#3577,.T.);
#2796=EDGE_CURVE('',#3568,#3559,#3578,.T.);
#2797=FILL_AREA_STYLE('',(#3579));
#2798=FILL_AREA_STYLE('',(#3580));
#2799=EDGE_CURVE('',#3550,#3581,#3582,.T.);
#2800=EDGE_CURVE('',#3581,#3583,#3584,.T.);
#2801=EDGE_CURVE('',#3553,#3583,#3585,.T.);
#2802=FILL_AREA_STYLE('',(#3586));
#2803=EDGE_CURVE('',#3587,#3452,#3588,.T.);
#2804=EDGE_CURVE('',#3589,#3467,#3590,.T.);
#2805=EDGE_CURVE('',#3587,#3589,#3591,.T.);
#2806=FILL_AREA_STYLE('',(#3592));
#2807=FILL_AREA_STYLE('',(#3593));
#2808=EDGE_CURVE('',#3594,#3454,#3595,.T.);
#2809=EDGE_CURVE('',#3594,#3596,#3597,.T.);
#2810=EDGE_CURVE('',#3596,#3465,#3598,.T.);
#2811=FILL_AREA_STYLE('',(#3599));
#2812=EDGE_CURVE('',#3600,#3601,#3602,.T.);
#2813=EDGE_CURVE('',#3603,#3600,#3604,.T.);
#2814=EDGE_CURVE('',#3603,#3605,#3606,.T.);
#2815=EDGE_CURVE('',#3605,#3601,#3607,.T.);
#2816=FILL_AREA_STYLE('',(#3608));
#2817=EDGE_CURVE('',#3603,#3609,#3610,.T.);
#2818=EDGE_CURVE('',#3609,#3611,#3612,.T.);
#2819=EDGE_CURVE('',#3605,#3611,#3613,.T.);
#2820=FILL_AREA_STYLE('',(#3614));
#2821=EDGE_CURVE('',#3615,#3616,#3617,.T.);
#2822=EDGE_CURVE('',#3615,#3618,#3619,.T.);
#2823=EDGE_CURVE('',#3618,#3620,#3621,.T.);
#2824=EDGE_CURVE('',#3616,#3620,#3622,.T.);
#2825=FILL_AREA_STYLE('',(#3623));
#2826=EDGE_CURVE('',#3624,#3625,#3626,.T.);
#2827=EDGE_CURVE('',#3573,#3624,#3627,.T.);
#2828=EDGE_CURVE('',#3571,#3625,#3628,.T.);
#2829=FILL_AREA_STYLE('',(#3629));
#2830=EDGE_CURVE('',#3630,#3631,#3632,.T.);
#2831=EDGE_CURVE('',#3631,#3633,#3634,.T.);
#2832=EDGE_CURVE('',#3635,#3633,#3636,.T.);
#2833=EDGE_CURVE('',#3630,#3635,#3637,.T.);
#2834=FILL_AREA_STYLE('',(#3638));
#2835=EDGE_CURVE('',#3589,#3596,#3639,.T.);
#2836=FILL_AREA_STYLE('',(#3640));
#2837=EDGE_CURVE('',#3641,#3642,#3643,.T.);
#2838=EDGE_CURVE('',#3642,#3644,#3645,.T.);
#2839=EDGE_CURVE('',#3583,#3644,#3646,.T.);
#2840=EDGE_CURVE('',#3581,#3641,#3647,.T.);
#2841=FILL_AREA_STYLE('',(#3648));
#2842=EDGE_CURVE('',#3649,#3650,#3651,.T.);
#2843=EDGE_CURVE('',#3649,#3652,#3653,.T.);
#2844=EDGE_CURVE('',#3652,#3654,#3655,.T.);
#2845=EDGE_CURVE('',#3650,#3654,#3656,.T.);
#2846=FILL_AREA_STYLE('',(#3657));
#2847=EDGE_CURVE('',#3658,#3659,#3660,.T.);
#2848=EDGE_CURVE('',#3659,#3661,#3662,.T.);
#2849=EDGE_CURVE('',#3663,#3661,#3664,.T.);
#2850=EDGE_CURVE('',#3658,#3663,#3665,.T.);
#2851=FILL_AREA_STYLE('',(#3666));
#2852=EDGE_CURVE('',#3587,#3667,#3668,.T.);
#2853=EDGE_CURVE('',#3589,#3669,#3670,.T.);
#2854=EDGE_CURVE('',#3667,#3669,#3671,.T.);
#2855=FILL_AREA_STYLE('',(#3672));
#2856=EDGE_CURVE('',#3587,#3594,#3673,.T.);
#2857=FILL_AREA_STYLE('',(#3674));
#2858=EDGE_CURVE('',#3594,#3675,#3676,.T.);
#2859=EDGE_CURVE('',#3675,#3677,#3678,.T.);
#2860=EDGE_CURVE('',#3596,#3677,#3679,.T.);
#2861=FILL_AREA_STYLE('',(#3680));
#2862=EDGE_CURVE('',#3681,#3682,#3683,.T.);
#2863=EDGE_CURVE('',#3600,#3681,#3684,.T.);
#2864=EDGE_CURVE('',#3682,#3601,#3685,.T.);
#2865=FILL_AREA_STYLE('',(#3686));
#2866=EDGE_CURVE('',#3687,#3682,#3688,.T.);
#2867=EDGE_CURVE('',#3681,#3687,#3689,.T.);
#2868=FILL_AREA_STYLE('',(#3690));
#2869=EDGE_CURVE('',#3691,#3692,#3693,.T.);
#2870=EDGE_CURVE('',#3691,#3694,#3695,.T.);
#2871=EDGE_CURVE('',#3694,#3696,#3697,.T.);
#2872=EDGE_CURVE('',#3692,#3696,#3698,.T.);
#2873=FILL_AREA_STYLE('',(#3699));
#2874=EDGE_CURVE('',#3700,#3701,#3702,.T.);
#2875=EDGE_CURVE('',#3703,#3701,#3704,.T.);
#2876=EDGE_CURVE('',#3705,#3703,#3706,.T.);
#2877=EDGE_CURVE('',#3700,#3705,#3707,.T.);
#2878=FILL_AREA_STYLE('',(#3708));
#2879=EDGE_CURVE('',#3709,#3710,#3711,.T.);
#2880=EDGE_CURVE('',#3709,#3712,#3713,.T.);
#2881=EDGE_CURVE('',#3712,#3714,#3715,.T.);
#2882=EDGE_CURVE('',#3710,#3714,#3716,.T.);
#2883=FILL_AREA_STYLE('',(#3717));
#2884=EDGE_CURVE('',#3700,#3718,#3719,.T.);
#2885=EDGE_CURVE('',#3718,#3701,#3720,.T.);
#2886=FILL_AREA_STYLE('',(#3721));
#2887=EDGE_CURVE('',#3722,#3723,#3724,.T.);
#2888=EDGE_CURVE('',#3723,#3725,#3726,.T.);
#2889=EDGE_CURVE('',#3642,#3725,#3727,.T.);
#2890=EDGE_CURVE('',#3728,#3641,#3729,.T.);
#2891=EDGE_CURVE('',#3722,#3728,#3730,.T.);
#2892=FILL_AREA_STYLE('',(#3731));
#2893=EDGE_CURVE('',#3722,#3732,#3733,.T.);
#2894=EDGE_CURVE('',#3732,#3723,#3734,.T.);
#2895=FILL_AREA_STYLE('',(#3735));
#2896=EDGE_CURVE('',#3736,#3737,#3738,.T.);
#2897=EDGE_CURVE('',#3739,#3737,#3740,.T.);
#2898=EDGE_CURVE('',#3736,#3739,#3741,.T.);
#2899=FILL_AREA_STYLE('',(#3742));
#2900=EDGE_CURVE('',#3743,#3744,#3745,.T.);
#2901=EDGE_CURVE('',#3737,#3744,#3746,.T.);
#2902=EDGE_CURVE('',#3743,#3736,#3747,.T.);
#2903=FILL_AREA_STYLE('',(#3748));
#2904=EDGE_CURVE('',#3749,#3750,#3751,.T.);
#2905=EDGE_CURVE('',#3725,#3750,#3752,.T.);
#2906=EDGE_CURVE('',#3749,#3732,#3753,.T.);
#2907=FILL_AREA_STYLE('',(#3754));
#2908=EDGE_CURVE('',#3755,#3625,#3756,.T.);
#2909=EDGE_CURVE('',#3757,#3755,#3758,.T.);
#2910=EDGE_CURVE('',#3759,#3757,#3760,.T.);
#2911=EDGE_CURVE('',#3624,#3759,#3761,.T.);
#2912=FILL_AREA_STYLE('',(#3762));
#2913=EDGE_CURVE('',#3763,#3764,#3765,.T.);
#2914=EDGE_CURVE('',#3631,#3764,#3766,.T.);
#2915=EDGE_CURVE('',#3763,#3630,#3767,.T.);
#2916=FILL_AREA_STYLE('',(#3768));
#2917=EDGE_CURVE('',#3763,#3769,#3770,.T.);
#2918=EDGE_CURVE('',#3769,#3764,#3771,.T.);
#2919=FILL_AREA_STYLE('',(#3772));
#2920=EDGE_CURVE('',#3773,#3755,#3774,.T.);
#2921=EDGE_CURVE('',#3755,#3775,#3776,.T.);
#2922=EDGE_CURVE('',#3777,#3775,#3778,.T.);
#2923=EDGE_CURVE('',#3779,#3777,#3780,.T.);
#2924=EDGE_CURVE('',#3773,#3779,#3781,.T.);
#2925=FILL_AREA_STYLE('',(#3782));
#2926=EDGE_CURVE('',#3757,#3773,#3783,.T.);
#2927=FILL_AREA_STYLE('',(#3784));
#2928=EDGE_CURVE('',#3669,#3677,#3785,.T.);
#2929=FILL_AREA_STYLE('',(#3786));
#2930=EDGE_CURVE('',#3787,#3788,#3789,.T.);
#2931=EDGE_CURVE('',#3788,#3790,#3791,.T.);
#2932=EDGE_CURVE('',#3661,#3790,#3792,.T.);
#2933=EDGE_CURVE('',#3659,#3787,#3793,.T.);
#2934=FILL_AREA_STYLE('',(#3794));
#2935=EDGE_CURVE('',#3654,#3795,#3796,.T.);
#2936=EDGE_CURVE('',#3797,#3795,#3798,.T.);
#2937=EDGE_CURVE('',#3799,#3797,#3800,.T.);
#2938=EDGE_CURVE('',#3799,#3650,#3801,.T.);
#2939=FILL_AREA_STYLE('',(#3802));
#2940=EDGE_CURVE('',#3644,#3744,#3803,.T.);
#2941=EDGE_CURVE('',#3737,#3750,#3804,.T.);
#2942=FILL_AREA_STYLE('',(#3805));
#2943=EDGE_CURVE('',#3701,#3709,#3806,.T.);
#2944=EDGE_CURVE('',#3703,#3710,#3807,.T.);
#2945=FILL_AREA_STYLE('',(#3808));
#2946=EDGE_CURVE('',#3691,#3601,#3809,.T.);
#2947=EDGE_CURVE('',#3682,#3692,#3810,.T.);
#2948=FILL_AREA_STYLE('',(#3811));
#2949=EDGE_CURVE('',#3777,#3764,#3812,.T.);
#2950=EDGE_CURVE('',#3631,#3775,#3813,.T.);
#2951=FILL_AREA_STYLE('',(#3814));
#2952=EDGE_CURVE('',#3815,#3790,#3816,.T.);
#2953=EDGE_CURVE('',#3667,#3815,#3817,.T.);
#2954=EDGE_CURVE('',#3669,#3790,#3818,.T.);
#2955=FILL_AREA_STYLE('',(#3819));
#2956=EDGE_CURVE('',#3667,#3675,#3820,.T.);
#2957=FILL_AREA_STYLE('',(#3821));
#2958=EDGE_CURVE('',#3822,#3795,#3823,.T.);
#2959=EDGE_CURVE('',#3677,#3795,#3824,.T.);
#2960=EDGE_CURVE('',#3675,#3822,#3825,.T.);
#2961=FILL_AREA_STYLE('',(#3826));
#2962=EDGE_CURVE('',#3827,#3828,#3829,.T.);
#2963=EDGE_CURVE('',#3827,#3830,#3831,.T.);
#2964=EDGE_CURVE('',#3830,#3832,#3833,.T.);
#2965=EDGE_CURVE('',#3828,#3832,#3834,.T.);
#2966=FILL_AREA_STYLE('',(#3835));
#2967=EDGE_CURVE('',#3828,#3836,#3837,.T.);
#2968=EDGE_CURVE('',#3832,#3838,#3839,.T.);
#2969=EDGE_CURVE('',#3836,#3838,#3840,.T.);
#2970=FILL_AREA_STYLE('',(#3841));
#2971=EDGE_CURVE('',#3836,#3842,#3843,.T.);
#2972=EDGE_CURVE('',#3838,#3844,#3845,.T.);
#2973=EDGE_CURVE('',#3842,#3844,#3846,.T.);
#2974=FILL_AREA_STYLE('',(#3847));
#2975=EDGE_CURVE('',#3842,#3848,#3849,.T.);
#2976=EDGE_CURVE('',#3844,#3850,#3851,.T.);
#2977=EDGE_CURVE('',#3848,#3850,#3852,.T.);
#2978=FILL_AREA_STYLE('',(#3853));
#2979=EDGE_CURVE('',#3848,#3854,#3855,.T.);
#2980=EDGE_CURVE('',#3850,#3856,#3857,.T.);
#2981=EDGE_CURVE('',#3854,#3856,#3858,.T.);
#2982=FILL_AREA_STYLE('',(#3859));
#2983=EDGE_CURVE('',#3854,#3860,#3861,.T.);
#2984=EDGE_CURVE('',#3856,#3862,#3863,.T.);
#2985=EDGE_CURVE('',#3860,#3862,#3864,.T.);
#2986=FILL_AREA_STYLE('',(#3865));
#2987=EDGE_CURVE('',#3860,#3866,#3867,.T.);
#2988=EDGE_CURVE('',#3862,#3868,#3869,.T.);
#2989=EDGE_CURVE('',#3866,#3868,#3870,.T.);
#2990=FILL_AREA_STYLE('',(#3871));
#2991=EDGE_CURVE('',#3866,#3827,#3872,.T.);
#2992=EDGE_CURVE('',#3868,#3830,#3873,.T.);
#2993=FILL_AREA_STYLE('',(#3874));
#2994=EDGE_CURVE('',#3769,#3875,#3876,.T.);
#2995=EDGE_CURVE('',#3877,#3875,#3878,.T.);
#2996=EDGE_CURVE('',#3764,#3877,#3879,.T.);
#2997=FILL_AREA_STYLE('',(#3880));
#2998=EDGE_CURVE('',#3877,#3881,#3882,.T.);
#2999=EDGE_CURVE('',#3875,#3883,#3884,.T.);
#3000=EDGE_CURVE('',#3881,#3883,#3885,.T.);
#3001=FILL_AREA_STYLE('',(#3886));
#3002=EDGE_CURVE('',#3881,#3887,#3888,.T.);
#3003=EDGE_CURVE('',#3883,#3889,#3890,.T.);
#3004=EDGE_CURVE('',#3887,#3889,#3891,.T.);
#3005=FILL_AREA_STYLE('',(#3892));
#3006=EDGE_CURVE('',#3887,#3893,#3894,.T.);
#3007=EDGE_CURVE('',#3889,#3895,#3896,.T.);
#3008=EDGE_CURVE('',#3893,#3895,#3897,.T.);
#3009=FILL_AREA_STYLE('',(#3898));
#3010=EDGE_CURVE('',#3893,#3682,#3899,.T.);
#3011=EDGE_CURVE('',#3895,#3687,#3900,.T.);
#3012=FILL_AREA_STYLE('',(#3901));
#3013=EDGE_CURVE('',#3687,#3696,#3902,.T.);
#3014=EDGE_CURVE('',#3600,#3694,#3903,.T.);
#3015=FILL_AREA_STYLE('',(#3904));
#3016=EDGE_CURVE('',#3692,#3905,#3906,.T.);
#3017=EDGE_CURVE('',#3696,#3907,#3908,.T.);
#3018=EDGE_CURVE('',#3905,#3907,#3909,.T.);
#3019=FILL_AREA_STYLE('',(#3910));
#3020=EDGE_CURVE('',#3911,#3912,#3913,.T.);
#3021=EDGE_CURVE('',#3914,#3911,#3915,.T.);
#3022=EDGE_CURVE('',#3914,#3916,#3917,.T.);
#3023=EDGE_CURVE('',#3916,#3912,#3918,.T.);
#3024=FILL_AREA_STYLE('',(#3919));
#3025=EDGE_CURVE('',#3911,#3709,#3920,.T.);
#3026=EDGE_CURVE('',#3912,#3712,#3921,.T.);
#3027=FILL_AREA_STYLE('',(#3922));
#3028=EDGE_CURVE('',#3714,#3705,#3923,.T.);
#3029=EDGE_CURVE('',#3718,#3712,#3924,.T.);
#3030=FILL_AREA_STYLE('',(#3925));
#3031=EDGE_CURVE('',#3718,#3926,#3927,.T.);
#3032=EDGE_CURVE('',#3928,#3926,#3929,.T.);
#3033=EDGE_CURVE('',#3701,#3928,#3930,.T.);
#3034=FILL_AREA_STYLE('',(#3931));
#3035=EDGE_CURVE('',#3928,#3932,#3933,.T.);
#3036=EDGE_CURVE('',#3926,#3934,#3935,.T.);
#3037=EDGE_CURVE('',#3932,#3934,#3936,.T.);
#3038=FILL_AREA_STYLE('',(#3937));
#3039=EDGE_CURVE('',#3932,#3938,#3939,.T.);
#3040=EDGE_CURVE('',#3934,#3940,#3941,.T.);
#3041=EDGE_CURVE('',#3938,#3940,#3942,.T.);
#3042=FILL_AREA_STYLE('',(#3943));
#3043=EDGE_CURVE('',#3938,#3944,#3945,.T.);
#3044=EDGE_CURVE('',#3940,#3946,#3947,.T.);
#3045=EDGE_CURVE('',#3944,#3946,#3948,.T.);
#3046=FILL_AREA_STYLE('',(#3949));
#3047=EDGE_CURVE('',#3944,#3737,#3950,.T.);
#3048=EDGE_CURVE('',#3946,#3739,#3951,.T.);
#3049=FILL_AREA_STYLE('',(#3952));
#3050=EDGE_CURVE('',#3743,#3953,#3954,.T.);
#3051=EDGE_CURVE('',#3749,#3739,#3955,.T.);
#3052=EDGE_CURVE('',#3953,#3728,#3956,.T.);
#3053=FILL_AREA_STYLE('',(#3957));
#3054=EDGE_CURVE('',#3749,#3958,#3959,.T.);
#3055=EDGE_CURVE('',#3960,#3958,#3961,.T.);
#3056=EDGE_CURVE('',#3750,#3960,#3962,.T.);
#3057=FILL_AREA_STYLE('',(#3963));
#3058=EDGE_CURVE('',#3960,#3964,#3965,.T.);
#3059=EDGE_CURVE('',#3958,#3966,#3967,.T.);
#3060=EDGE_CURVE('',#3964,#3966,#3968,.T.);
#3061=FILL_AREA_STYLE('',(#3969));
#3062=EDGE_CURVE('',#3964,#3777,#3970,.T.);
#3063=EDGE_CURVE('',#3966,#3779,#3971,.T.);
#3064=FILL_AREA_STYLE('',(#3972));
#3065=EDGE_CURVE('',#3769,#3779,#3973,.T.);
#3066=EDGE_CURVE('',#3974,#3630,#3975,.T.);
#3067=EDGE_CURVE('',#3974,#3759,#3976,.T.);
#3068=FILL_AREA_STYLE('',(#3977));
#3069=EDGE_CURVE('',#3907,#3978,#3979,.T.);
#3070=EDGE_CURVE('',#3980,#3978,#3981,.T.);
#3071=EDGE_CURVE('',#3905,#3980,#3982,.T.);
#3072=FILL_AREA_STYLE('',(#3983));
#3073=EDGE_CURVE('',#3980,#3914,#3984,.T.);
#3074=FILL_AREA_STYLE('',(#3985));
#3075=EDGE_CURVE('',#3986,#3987,#3988,.T.);
#3076=EDGE_CURVE('',#3989,#3987,#3990,.T.);
#3077=EDGE_CURVE('',#3991,#3989,#3992,.T.);
#3078=EDGE_CURVE('',#3986,#3991,#3993,.T.);
#3079=FILL_AREA_STYLE('',(#3994));
#3080=EDGE_CURVE('',#3995,#3986,#3996,.T.);
#3081=EDGE_CURVE('',#3995,#3997,#3998,.T.);
#3082=EDGE_CURVE('',#3997,#3987,#3999,.T.);
#3083=FILL_AREA_STYLE('',(#4000));
#3084=EDGE_CURVE('',#4001,#3995,#4002,.T.);
#3085=EDGE_CURVE('',#4001,#4003,#4004,.T.);
#3086=EDGE_CURVE('',#4003,#3997,#4005,.T.);
#3087=FILL_AREA_STYLE('',(#4006));
#3088=EDGE_CURVE('',#3978,#3916,#4007,.T.);
#3089=FILL_AREA_STYLE('',(#4008));
#3090=EDGE_CURVE('',#3978,#3991,#4009,.T.);
#3091=EDGE_CURVE('',#3980,#3989,#4010,.T.);
#3092=FILL_AREA_STYLE('',(#4011));
#3093=EDGE_CURVE('',#4001,#4012,#4013,.T.);
#3094=EDGE_CURVE('',#4012,#4014,#4015,.T.);
#3095=EDGE_CURVE('',#4003,#4014,#4016,.T.);
#3096=FILL_AREA_STYLE('',(#4017));
#3097=EDGE_LOOP('',(#4018,#4019,#4020,#4021,#4022,#4023,#4024,#4025));
#3098=AXIS2_PLACEMENT_3D('',#4026,#4027,#4028);
#3099=EDGE_LOOP('',(#4029,#4030,#4031,#4032,#4033,#4034,#4035,#4036));
#3100=AXIS2_PLACEMENT_3D('',#4037,#4038,#4039);
#3101=EDGE_LOOP('',(#4040,#4041,#4042,#4043,#4044,#4045,#4046,#4047));
#3102=AXIS2_PLACEMENT_3D('',#4048,#4049,#4050);
#3103=EDGE_LOOP('',(#4051,#4052,#4053,#4054,#4055,#4056,#4057,#4058));
#3104=AXIS2_PLACEMENT_3D('',#4059,#4060,#4061);
#3105=EDGE_LOOP('',(#4062,#4063,#4064,#4065,#4066,#4067,#4068));
#3106=AXIS2_PLACEMENT_3D('',#4069,#4070,#4071);
#3107=EDGE_LOOP('',(#4072,#4073,#4074,#4075));
#3108=AXIS2_PLACEMENT_3D('',#4076,#4077,#4078);
#3109=EDGE_LOOP('',(#4079,#4080,#4081,#4082));
#3110=AXIS2_PLACEMENT_3D('',#4083,#4084,#4085);
#3111=EDGE_LOOP('',(#4086,#4087,#4088,#4089));
#3112=AXIS2_PLACEMENT_3D('',#4090,#4091,#4092);
#3113=EDGE_LOOP('',(#4093,#4094,#4095,#4096));
#3114=AXIS2_PLACEMENT_3D('',#4097,#4098,#4099);
#3115=EDGE_LOOP('',(#4100,#4101,#4102,#4103));
#3116=AXIS2_PLACEMENT_3D('',#4104,#4105,#4106);
#3117=EDGE_LOOP('',(#4107,#4108,#4109,#4110));
#3118=AXIS2_PLACEMENT_3D('',#4111,#4112,#4113);
#3119=EDGE_LOOP('',(#4114,#4115,#4116,#4117));
#3120=AXIS2_PLACEMENT_3D('',#4118,#4119,#4120);
#3121=EDGE_LOOP('',(#4121,#4122,#4123,#4124,#4125,#4126,#4127));
#3122=AXIS2_PLACEMENT_3D('',#4128,#4129,#4130);
#3123=EDGE_LOOP('',(#4131,#4132,#4133,#4134,#4135,#4136));
#3124=AXIS2_PLACEMENT_3D('',#4137,#4138,#4139);
#3125=EDGE_LOOP('',(#4140,#4141,#4142,#4143));
#3126=AXIS2_PLACEMENT_3D('',#4144,#4145,#4146);
#3127=EDGE_LOOP('',(#4147,#4148,#4149,#4150));
#3128=AXIS2_PLACEMENT_3D('',#4151,#4152,#4153);
#3129=EDGE_LOOP('',(#4154,#4155,#4156,#4157));
#3130=AXIS2_PLACEMENT_3D('',#4158,#4159,#4160);
#3131=EDGE_LOOP('',(#4161,#4162,#4163,#4164));
#3132=AXIS2_PLACEMENT_3D('',#4165,#4166,#4167);
#3133=EDGE_LOOP('',(#4168,#4169,#4170,#4171));
#3134=AXIS2_PLACEMENT_3D('',#4172,#4173,#4174);
#3135=EDGE_LOOP('',(#4175,#4176,#4177,#4178));
#3136=AXIS2_PLACEMENT_3D('',#4179,#4180,#4181);
#3137=EDGE_LOOP('',(#4182,#4183,#4184,#4185));
#3138=AXIS2_PLACEMENT_3D('',#4186,#4187,#4188);
#3139=EDGE_LOOP('',(#4189,#4190,#4191,#4192));
#3140=AXIS2_PLACEMENT_3D('',#4193,#4194,#4195);
#3141=EDGE_LOOP('',(#4196,#4197,#4198,#4199));
#3142=AXIS2_PLACEMENT_3D('',#4200,#4201,#4202);
#3143=EDGE_LOOP('',(#4203,#4204,#4205,#4206));
#3144=AXIS2_PLACEMENT_3D('',#4207,#4208,#4209);
#3145=EDGE_LOOP('',(#4210,#4211,#4212,#4213));
#3146=AXIS2_PLACEMENT_3D('',#4214,#4215,#4216);
#3147=EDGE_LOOP('',(#4217,#4218,#4219,#4220));
#3148=AXIS2_PLACEMENT_3D('',#4221,#4222,#4223);
#3149=EDGE_LOOP('',(#4224,#4225,#4226,#4227));
#3150=AXIS2_PLACEMENT_3D('',#4228,#4229,#4230);
#3151=EDGE_LOOP('',(#4231,#4232,#4233,#4234));
#3152=AXIS2_PLACEMENT_3D('',#4235,#4236,#4237);
#3153=EDGE_LOOP('',(#4238,#4239,#4240,#4241));
#3154=AXIS2_PLACEMENT_3D('',#4242,#4243,#4244);
#3155=EDGE_LOOP('',(#4245,#4246,#4247,#4248));
#3156=AXIS2_PLACEMENT_3D('',#4249,#4250,#4251);
#3157=EDGE_LOOP('',(#4252,#4253,#4254,#4255));
#3158=AXIS2_PLACEMENT_3D('',#4256,#4257,#4258);
#3159=EDGE_LOOP('',(#4259,#4260,#4261,#4262));
#3160=AXIS2_PLACEMENT_3D('',#4263,#4264,#4265);
#3161=EDGE_LOOP('',(#4266,#4267,#4268,#4269));
#3162=AXIS2_PLACEMENT_3D('',#4270,#4271,#4272);
#3163=EDGE_LOOP('',(#4273,#4274,#4275,#4276));
#3164=AXIS2_PLACEMENT_3D('',#4277,#4278,#4279);
#3165=EDGE_LOOP('',(#4280,#4281,#4282,#4283));
#3166=AXIS2_PLACEMENT_3D('',#4284,#4285,#4286);
#3167=EDGE_LOOP('',(#4287,#4288,#4289,#4290));
#3168=AXIS2_PLACEMENT_3D('',#4291,#4292,#4293);
#3169=EDGE_LOOP('',(#4294,#4295,#4296,#4297));
#3170=AXIS2_PLACEMENT_3D('',#4298,#4299,#4300);
#3171=EDGE_LOOP('',(#4301,#4302,#4303,#4304,#4305,#4306,#4307));
#3172=AXIS2_PLACEMENT_3D('',#4308,#4309,#4310);
#3173=EDGE_LOOP('',(#4311,#4312,#4313,#4314));
#3174=AXIS2_PLACEMENT_3D('',#4315,#4316,#4317);
#3175=EDGE_LOOP('',(#4318,#4319,#4320,#4321));
#3176=AXIS2_PLACEMENT_3D('',#4322,#4323,#4324);
#3177=EDGE_LOOP('',(#4325,#4326,#4327,#4328));
#3178=AXIS2_PLACEMENT_3D('',#4329,#4330,#4331);
#3179=EDGE_LOOP('',(#4332,#4333,#4334,#4335));
#3180=AXIS2_PLACEMENT_3D('',#4336,#4337,#4338);
#3181=EDGE_LOOP('',(#4339,#4340,#4341,#4342));
#3182=AXIS2_PLACEMENT_3D('',#4343,#4344,#4345);
#3183=EDGE_LOOP('',(#4346,#4347,#4348,#4349));
#3184=AXIS2_PLACEMENT_3D('',#4350,#4351,#4352);
#3185=EDGE_LOOP('',(#4353,#4354,#4355,#4356));
#3186=AXIS2_PLACEMENT_3D('',#4357,#4358,#4359);
#3187=EDGE_LOOP('',(#4360,#4361,#4362,#4363));
#3188=AXIS2_PLACEMENT_3D('',#4364,#4365,#4366);
#3189=EDGE_LOOP('',(#4367,#4368,#4369,#4370));
#3190=AXIS2_PLACEMENT_3D('',#4371,#4372,#4373);
#3191=EDGE_LOOP('',(#4374,#4375,#4376,#4377,#4378,#4379,#4380));
#3192=AXIS2_PLACEMENT_3D('',#4381,#4382,#4383);
#3193=EDGE_LOOP('',(#4384,#4385,#4386,#4387));
#3194=AXIS2_PLACEMENT_3D('',#4388,#4389,#4390);
#3195=EDGE_LOOP('',(#4391,#4392,#4393,#4394));
#3196=AXIS2_PLACEMENT_3D('',#4395,#4396,#4397);
#3197=EDGE_LOOP('',(#4398,#4399,#4400,#4401));
#3198=AXIS2_PLACEMENT_3D('',#4402,#4403,#4404);
#3199=EDGE_LOOP('',(#4405,#4406,#4407,#4408));
#3200=AXIS2_PLACEMENT_3D('',#4409,#4410,#4411);
#3201=EDGE_LOOP('',(#4412,#4413,#4414,#4415,#4416,#4417,#4418,#4419));
#3202=AXIS2_PLACEMENT_3D('',#4420,#4421,#4422);
#3203=EDGE_LOOP('',(#4423,#4424,#4425,#4426,#4427,#4428,#4429,#4430,#4431,#4432,#4433));
#3204=AXIS2_PLACEMENT_3D('',#4434,#4435,#4436);
#3205=EDGE_LOOP('',(#4437,#4438,#4439,#4440,#4441,#4442,#4443,#4444,#4445,#4446,#4447));
#3206=AXIS2_PLACEMENT_3D('',#4448,#4449,#4450);
#3207=EDGE_LOOP('',(#4451,#4452,#4453,#4454,#4455,#4456));
#3208=AXIS2_PLACEMENT_3D('',#4457,#4458,#4459);
#3209=EDGE_LOOP('',(#4460,#4461,#4462,#4463,#4464,#4465,#4466,#4467));
#3210=AXIS2_PLACEMENT_3D('',#4468,#4469,#4470);
#3211=EDGE_LOOP('',(#4471,#4472,#4473,#4474,#4475,#4476,#4477,#4478));
#3212=AXIS2_PLACEMENT_3D('',#4479,#4480,#4481);
#3213=EDGE_LOOP('',(#4482,#4483,#4484,#4485,#4486,#4487));
#3214=AXIS2_PLACEMENT_3D('',#4488,#4489,#4490);
#3215=EDGE_LOOP('',(#4491,#4492,#4493,#4494));
#3216=AXIS2_PLACEMENT_3D('',#4495,#4496,#4497);
#3217=EDGE_LOOP('',(#4498,#4499,#4500,#4501,#4502));
#3218=AXIS2_PLACEMENT_3D('',#4503,#4504,#4505);
#3219=EDGE_LOOP('',(#4506,#4507,#4508,#4509,#4510,#4511,#4512,#4513,#4514,#4515,#4516));
#3220=AXIS2_PLACEMENT_3D('',#4517,#4518,#4519);
#3221=EDGE_LOOP('',(#4520,#4521,#4522,#4523,#4524,#4525));
#3222=AXIS2_PLACEMENT_3D('',#4526,#4527,#4528);
#3223=EDGE_LOOP('',(#4529,#4530,#4531,#4532,#4533));
#3224=AXIS2_PLACEMENT_3D('',#4534,#4535,#4536);
#3225=EDGE_LOOP('',(#4537,#4538,#4539,#4540));
#3226=AXIS2_PLACEMENT_3D('',#4541,#4542,#4543);
#3227=EDGE_LOOP('',(#4544,#4545,#4546,#4547,#4548,#4549));
#3228=AXIS2_PLACEMENT_3D('',#4550,#4551,#4552);
#3229=EDGE_LOOP('',(#4553,#4554,#4555,#4556,#4557,#4558,#4559,#4560,#4561,#4562,#4563));
#3230=AXIS2_PLACEMENT_3D('',#4564,#4565,#4566);
#3231=EDGE_LOOP('',(#4567,#4568,#4569,#4570,#4571));
#3232=AXIS2_PLACEMENT_3D('',#4572,#4573,#4574);
#3233=EDGE_LOOP('',(#4575,#4576,#4577,#4578,#4579));
#3234=AXIS2_PLACEMENT_3D('',#4580,#4581,#4582);
#3235=EDGE_LOOP('',(#4583,#4584,#4585,#4586,#4587,#4588,#4589,#4590));
#3236=AXIS2_PLACEMENT_3D('',#4591,#4592,#4593);
#3237=EDGE_LOOP('',(#4594,#4595,#4596,#4597,#4598,#4599,#4600,#4601));
#3238=AXIS2_PLACEMENT_3D('',#4602,#4603,#4604);
#3239=EDGE_LOOP('',(#4605,#4606,#4607,#4608,#4609,#4610,#4611,#4612));
#3240=AXIS2_PLACEMENT_3D('',#4613,#4614,#4615);
#3241=EDGE_LOOP('',(#4616,#4617,#4618,#4619,#4620,#4621));
#3242=AXIS2_PLACEMENT_3D('',#4622,#4623,#4624);
#3243=EDGE_LOOP('',(#4625,#4626,#4627,#4628,#4629,#4630,#4631,#4632));
#3244=AXIS2_PLACEMENT_3D('',#4633,#4634,#4635);
#3245=EDGE_LOOP('',(#4636,#4637,#4638,#4639,#4640,#4641));
#3246=AXIS2_PLACEMENT_3D('',#4642,#4643,#4644);
#3247=EDGE_LOOP('',(#4645,#4646,#4647));
#3248=AXIS2_PLACEMENT_3D('',#4648,#4649,#4650);
#3249=EDGE_LOOP('',(#4651,#4652,#4653,#4654));
#3250=AXIS2_PLACEMENT_3D('',#4655,#4656,#4657);
#3251=EDGE_LOOP('',(#4658,#4659,#4660,#4661));
#3252=AXIS2_PLACEMENT_3D('',#4662,#4663,#4664);
#3253=EDGE_LOOP('',(#4665,#4666,#4667,#4668));
#3254=AXIS2_PLACEMENT_3D('',#4669,#4670,#4671);
#3255=EDGE_LOOP('',(#4672,#4673,#4674));
#3256=AXIS2_PLACEMENT_3D('',#4675,#4676,#4677);
#3257=EDGE_LOOP('',(#4678,#4679,#4680,#4681));
#3258=AXIS2_PLACEMENT_3D('',#4682,#4683,#4684);
#3259=EDGE_LOOP('',(#4685,#4686,#4687,#4688,#4689,#4690,#4691,#4692,#4693,#4694));
#3260=AXIS2_PLACEMENT_3D('',#4695,#4696,#4697);
#3261=EDGE_LOOP('',(#4698,#4699,#4700,#4701));
#3262=AXIS2_PLACEMENT_3D('',#4702,#4703,#4704);
#3263=EDGE_LOOP('',(#4705,#4706,#4707,#4708,#4709,#4710,#4711,#4712,#4713,#4714));
#3264=AXIS2_PLACEMENT_3D('',#4715,#4716,#4717);
#3265=EDGE_LOOP('',(#4718,#4719,#4720,#4721));
#3266=CARTESIAN_POINT('',(3.362773332529,0.09369736944558,-0.7503349306571));
#3267=CARTESIAN_POINT('',(3.393609469547,0.1254041858838,-0.7476592464142));
#3268=CARTESIAN_POINT('',(3.424445606565,0.157111002322,-0.7449835621713));
#3269=CARTESIAN_POINT('',(3.455281743583,0.1888178187602,-0.7423078779283));
#3270=CARTESIAN_POINT('',(3.360328131369,0.09648032354858,-0.7503320953849));
#3271=CARTESIAN_POINT('',(3.391094537157,0.1281834712712,-0.7476790614816));
#3272=CARTESIAN_POINT('',(3.421860942945,0.1598866189937,-0.7450260275782));
#3273=CARTESIAN_POINT('',(3.452627348733,0.1915897667163,-0.7423729936748));
#3274=CARTESIAN_POINT('',(3.342930977416,0.1162833876465,-0.7503115861505));
#3275=CARTESIAN_POINT('',(3.373184672398,0.1479563885606,-0.7478223958199));
#3276=CARTESIAN_POINT('',(3.40343836738,0.1796293894748,-0.7453332054893));
#3277=CARTESIAN_POINT('',(3.433692062362,0.2113023903889,-0.7428440151587));
#3278=CARTESIAN_POINT('',(3.316590290687,0.1463016777584,-0.7502766375158));
#3279=CARTESIAN_POINT('',(3.3458676372,0.1778773764635,-0.7480666438163));
#3280=CARTESIAN_POINT('',(3.375144983712,0.2094530751686,-0.7458566501169));
#3281=CARTESIAN_POINT('',(3.404422330225,0.2410287738737,-0.7436466564174));
#3282=CARTESIAN_POINT('',(3.294802488828,0.1711947834319,-0.7502430536624));
#3283=CARTESIAN_POINT('',(3.322937859781,0.2025629882401,-0.7483013536695));
#3284=CARTESIAN_POINT('',(3.351073230734,0.2339311930484,-0.7463596536767));
#3285=CARTESIAN_POINT('',(3.379208601687,0.2652993978567,-0.7444179536838));
#3286=CARTESIAN_POINT('',(3.286033737005,0.1812277985774,-0.7502288386295));
#3287=CARTESIAN_POINT('',(3.313639065233,0.2124765467766,-0.7484006992757));
#3288=CARTESIAN_POINT('',(3.341244393462,0.2437252949757,-0.7465725599219));
#3289=CARTESIAN_POINT('',(3.36884972169,0.2749740431749,-0.7447444205681));
#3290=EDGE_LOOP('',(#4722,#4723,#4724,#4725));
#3291=AXIS2_PLACEMENT_3D('',#4726,#4727,#4728);
#3292=EDGE_LOOP('',(#4729,#4730,#4731,#4732));
#3293=AXIS2_PLACEMENT_3D('',#4733,#4734,#4735);
#3294=EDGE_LOOP('',(#4736,#4737,#4738,#4739));
#3295=AXIS2_PLACEMENT_3D('',#4740,#4741,#4742);
#3296=EDGE_LOOP('',(#4743,#4744,#4745,#4746));
#3297=AXIS2_PLACEMENT_3D('',#4747,#4748,#4749);
#3298=EDGE_LOOP('',(#4750,#4751,#4752,#4753));
#3299=CARTESIAN_POINT('',(3.50098561318539,0.403391866544593,-0.749998206132886));
#3300=CARTESIAN_POINT('',(3.46698683301522,0.40310427686256,-0.749998206132886));
#3301=CARTESIAN_POINT('',(3.43298805284505,0.402816687180454,-0.749998206132886));
#3302=CARTESIAN_POINT('',(3.39898927267479,0.402529097498336,-0.749998206132886));
#3303=CARTESIAN_POINT('',(3.50099520541269,0.402261295717447,-0.74999940217114));
#3304=CARTESIAN_POINT('',(3.46699561193657,0.402069564908509,-0.74999940217114));
#3305=CARTESIAN_POINT('',(3.43299601846042,0.401877834099568,-0.74999940217114));
#3306=CARTESIAN_POINT('',(3.39899642498345,0.401686103290545,-0.74999940217114));
#3307=CARTESIAN_POINT('',(3.5010958916225,0.378517973291403,-0.75001195656148));
#3308=CARTESIAN_POINT('',(3.46708776116096,0.380339392014822,-0.75001195656148));
#3309=CARTESIAN_POINT('',(3.43307963069942,0.38216081073824,-0.75001195656148));
#3310=CARTESIAN_POINT('',(3.39907150023788,0.383982229461659,-0.75001195656148));
#3311=CARTESIAN_POINT('',(3.49716434004541,0.332141187164711,-0.7495217381603));
#3312=CARTESIAN_POINT('',(3.46348955809649,0.337894802218052,-0.7495217381603));
#3313=CARTESIAN_POINT('',(3.42981477614757,0.343648417271393,-0.7495217381603));
#3314=CARTESIAN_POINT('',(3.39613999419864,0.349402032324734,-0.7495217381603));
#3315=CARTESIAN_POINT('',(3.48005037756035,0.266174853548532,-0.747387827626));
#3316=CARTESIAN_POINT('',(3.44782665477548,0.277521624070555,-0.747387827626));
#3317=CARTESIAN_POINT('',(3.41560293198978,0.288868394592577,-0.747387827626));
#3318=CARTESIAN_POINT('',(3.38337920920405,0.3002151651146,-0.747387827626));
#3319=CARTESIAN_POINT('',(3.45953005465087,0.220625152434459,-0.744829183871724));
#3320=CARTESIAN_POINT('',(3.42904620961857,0.235833992377567,-0.744829183871724));
#3321=CARTESIAN_POINT('',(3.39856236458548,0.251042832320755,-0.744829183871724));
#3322=CARTESIAN_POINT('',(3.36807851955317,0.266251672263947,-0.744829183871724));
#3323=CARTESIAN_POINT('',(3.44593216143843,0.197141545829157,-0.743133685964914));
#3324=CARTESIAN_POINT('',(3.41660125498243,0.214341514511916,-0.743133685964914));
#3325=CARTESIAN_POINT('',(3.38727034852636,0.231541483194681,-0.743133685964914));
#3326=CARTESIAN_POINT('',(3.35793944207036,0.248741451877446,-0.743133685964914));
#3327=CARTESIAN_POINT('',(3.44364105284136,0.193332319000907,-0.742848011576265));
#3328=CARTESIAN_POINT('',(3.41450440496976,0.210855264521961,-0.742848011576265));
#3329=CARTESIAN_POINT('',(3.38536775709812,0.228378210043018,-0.742848011576265));
#3330=CARTESIAN_POINT('',(3.35623110922609,0.245901155564116,-0.742848011576265));
#3331=EDGE_LOOP('',(#4754,#4755,#4756,#4757));
#3332=AXIS2_PLACEMENT_3D('',#4758,#4759,#4760);
#3333=EDGE_LOOP('',(#4761,#4762,#4763,#4764));
#3334=AXIS2_PLACEMENT_3D('',#4765,#4766,#4767);
#3335=EDGE_LOOP('',(#4768,#4769,#4770,#4771));
#3336=AXIS2_PLACEMENT_3D('',#4772,#4773,#4774);
#3337=EDGE_LOOP('',(#4775,#4776,#4777,#4778));
#3338=AXIS2_PLACEMENT_3D('',#4779,#4780,#4781);
#3339=EDGE_LOOP('',(#4782,#4783,#4784,#4785,#4786,#4787));
#3340=AXIS2_PLACEMENT_3D('',#4788,#4789,#4790);
#3341=EDGE_LOOP('',(#4791,#4792,#4793,#4794));
#3342=CARTESIAN_POINT('',(3.09374413912877,0.800951068633271,-0.6992199674724));
#3343=CARTESIAN_POINT('',(3.09427456124733,0.766955217427369,-0.6992199674724));
#3344=CARTESIAN_POINT('',(3.09480498336667,0.732959366221548,-0.6992199674724));
#3345=CARTESIAN_POINT('',(3.09533540548523,0.698963515015731,-0.6992199674724));
#3346=CARTESIAN_POINT('',(3.09582940675218,0.800983698373971,-0.6994799759043));
#3347=CARTESIAN_POINT('',(3.09618302313739,0.766985080556669,-0.6994799759043));
#3348=CARTESIAN_POINT('',(3.09653663952261,0.732986462739444,-0.6994799759043));
#3349=CARTESIAN_POINT('',(3.09689025590782,0.698987844922142,-0.6994799759043));
#3350=CARTESIAN_POINT('',(3.12138238829649,0.80118344966147,-0.7026661332041));
#3351=CARTESIAN_POINT('',(3.11956941771809,0.767167895326087,-0.7026661332041));
#3352=CARTESIAN_POINT('',(3.11775644713891,0.733152340990626,-0.7026661332041));
#3353=CARTESIAN_POINT('',(3.11594347656051,0.699136786655243,-0.7026661332041));
#3354=CARTESIAN_POINT('',(3.17036126912852,0.796871113932766,-0.7087732255771));
#3355=CARTESIAN_POINT('',(3.16439547573557,0.763221194048186,-0.7087732255771));
#3356=CARTESIAN_POINT('',(3.15842968234345,0.729571274163528,-0.7087732255771));
#3357=CARTESIAN_POINT('',(3.15246388895135,0.695921354278948,-0.7087732255771));
#3358=CARTESIAN_POINT('',(3.23848871995603,0.778517626969828,-0.717267920194));
#3359=CARTESIAN_POINT('',(3.22674653422341,0.746423863087056,-0.717267920194));
#3360=CARTESIAN_POINT('',(3.2150043484916,0.714330099204362,-0.717267920194));
#3361=CARTESIAN_POINT('',(3.20326216275983,0.68223633532159,-0.717267920194));
#3362=CARTESIAN_POINT('',(3.30230559127334,0.748600920073047,-0.725225136069));
#3363=CARTESIAN_POINT('',(3.28515249874669,0.719043734829898,-0.725225136069));
#3364=CARTESIAN_POINT('',(3.26799940621926,0.689486549586827,-0.725225136069));
#3365=CARTESIAN_POINT('',(3.25084631369262,0.659929364343677,-0.725225136069));
#3366=CARTESIAN_POINT('',(3.35984627275534,0.70809796886488,-0.7323997846329));
#3367=CARTESIAN_POINT('',(3.33781441920536,0.681974949060871,-0.7323997846329));
#3368=CARTESIAN_POINT('',(3.31578256565459,0.655851929256859,-0.7323997846329));
#3369=CARTESIAN_POINT('',(3.29375071210461,0.629728909452764,-0.7323997846329));
#3370=CARTESIAN_POINT('',(3.40938748472626,0.658298513582828,-0.738576993108));
#3371=CARTESIAN_POINT('',(3.38315512941273,0.636397891483524,-0.738576993108));
#3372=CARTESIAN_POINT('',(3.3569227740992,0.61449726938422,-0.738576993108));
#3373=CARTESIAN_POINT('',(3.33069041878567,0.592596647284916,-0.738576993108));
#3374=CARTESIAN_POINT('',(3.44947047061265,0.600758383861319,-0.7435748716475));
#3375=CARTESIAN_POINT('',(3.41983955789226,0.583736476002785,-0.7435748716475));
#3376=CARTESIAN_POINT('',(3.39020864517266,0.566714568144172,-0.7435748716475));
#3377=CARTESIAN_POINT('',(3.36057773245227,0.549692660285638,-0.7435748716475));
#3378=CARTESIAN_POINT('',(3.47893926041982,0.537237749580176,-0.7472492843416));
#3379=CARTESIAN_POINT('',(3.44680974706732,0.525601631161942,-0.7472492843416));
#3380=CARTESIAN_POINT('',(3.4146802337156,0.513965512743629,-0.7472492843416));
#3381=CARTESIAN_POINT('',(3.3825507203631,0.502329394325394,-0.7472492843416));
#3382=CARTESIAN_POINT('',(3.49695789921273,0.469652054530132,-0.7494959974081));
#3383=CARTESIAN_POINT('',(3.46330062097522,0.463746394046272,-0.7494959974081));
#3384=CARTESIAN_POINT('',(3.4296433427377,0.457840733562413,-0.7494959974081));
#3385=CARTESIAN_POINT('',(3.39598606450018,0.451935073078553,-0.7494959974081));
#3386=CARTESIAN_POINT('',(3.50118189453563,0.421123137117546,-0.750022680116595));
#3387=CARTESIAN_POINT('',(3.46716647205642,0.419332147935554,-0.750022680116595));
#3388=CARTESIAN_POINT('',(3.43315104957718,0.41754115875348,-0.750022680116595));
#3389=CARTESIAN_POINT('',(3.39913562709712,0.415750169571403,-0.750022680116595));
#3390=CARTESIAN_POINT('',(3.50098362949189,0.395821732256532,-0.749997958789542));
#3391=CARTESIAN_POINT('',(3.46698501751447,0.396175999347026,-0.749997958789542));
#3392=CARTESIAN_POINT('',(3.43298640553787,0.396530266437521,-0.749997958789542));
#3393=CARTESIAN_POINT('',(3.3989877935613,0.396884533528016,-0.749997958789542));
#3394=CARTESIAN_POINT('',(3.50095086772131,0.393732936272675,-0.749993873780725));
#3395=CARTESIAN_POINT('',(3.46695503355012,0.394264308259478,-0.749993873780725));
#3396=CARTESIAN_POINT('',(3.43295919937972,0.394795680246362,-0.749993873780725));
#3397=CARTESIAN_POINT('',(3.39896336520855,0.395327052233248,-0.749993873780725));
#3398=EDGE_LOOP('',(#4795,#4796,#4797,#4798,#4799,#4800));
#3399=AXIS2_PLACEMENT_3D('',#4801,#4802,#4803);
#3400=EDGE_LOOP('',(#4804,#4805,#4806,#4807));
#3401=AXIS2_PLACEMENT_3D('',#4808,#4809,#4810);
#3402=FILL_AREA_STYLE('',(#4811));
#3403=EDGE_CURVE('',#4812,#4813,#4814,.T.);
#3404=EDGE_CURVE('',#4815,#4812,#4816,.T.);
#3405=EDGE_CURVE('',#4817,#4815,#4818,.T.);
#3406=EDGE_CURVE('',#4817,#4813,#4819,.T.);
#3407=FILL_AREA_STYLE('',(#4820));
#3408=EDGE_CURVE('',#4813,#4821,#4822,.T.);
#3409=EDGE_CURVE('',#4821,#4823,#4824,.T.);
#3410=EDGE_CURVE('',#4823,#4825,#4826,.T.);
#3411=EDGE_CURVE('',#4825,#4827,#4828,.T.);
#3412=EDGE_CURVE('',#4829,#4827,#4830,.T.);
#3413=EDGE_CURVE('',#4829,#4831,#4832,.T.);
#3414=EDGE_CURVE('',#4812,#4831,#4833,.T.);
#3415=FILL_AREA_STYLE('',(#4834));
#3416=EDGE_CURVE('',#4835,#4831,#4836,.T.);
#3417=EDGE_CURVE('',#4815,#4835,#4837,.T.);
#3418=FILL_AREA_STYLE('',(#4838));
#3419=EDGE_CURVE('',#4817,#4839,#4840,.T.);
#3420=EDGE_CURVE('',#4839,#4821,#4841,.T.);
#3421=FILL_AREA_STYLE('',(#4842));
#3422=EDGE_CURVE('',#4843,#4839,#4844,.T.);
#3423=EDGE_CURVE('',#4843,#4823,#4845,.T.);
#3424=FILL_AREA_STYLE('',(#4846));
#3425=EDGE_CURVE('',#4847,#4825,#4848,.T.);
#3426=EDGE_CURVE('',#4843,#4847,#4849,.T.);
#3427=FILL_AREA_STYLE('',(#4850));
#3428=EDGE_CURVE('',#4851,#4847,#4852,.T.);
#3429=EDGE_CURVE('',#4853,#4851,#4854,.T.);
#3430=EDGE_CURVE('',#4853,#4855,#4856,.T.);
#3431=EDGE_CURVE('',#4827,#4855,#4857,.T.);
#3432=FILL_AREA_STYLE('',(#4858));
#3433=EDGE_CURVE('',#4859,#4829,#4860,.T.);
#3434=EDGE_CURVE('',#4859,#4855,#4861,.T.);
#3435=FILL_AREA_STYLE('',(#4862));
#3436=EDGE_CURVE('',#4863,#4859,#4864,.T.);
#3437=EDGE_CURVE('',#4865,#4863,#4866,.T.);
#3438=EDGE_CURVE('',#4835,#4865,#4867,.T.);
#3439=FILL_AREA_STYLE('',(#4868));
#3440=EDGE_CURVE('',#4863,#4853,#4869,.T.);
#3441=FILL_AREA_STYLE('',(#4870));
#3442=EDGE_LOOP('',(#4871,#4872,#4873,#4874,#4875,#4876,#4877,#4878));
#3443=AXIS2_PLACEMENT_3D('',#4879,#4880,#4881);
#3444=EDGE_LOOP('',(#4882,#4883,#4884,#4885));
#3445=AXIS2_PLACEMENT_3D('',#4886,#4887,#4888);
#3446=FILL_AREA_STYLE_COLOUR('',#4889);
#3447=VERTEX_POINT('',#4890);
#3448=VERTEX_POINT('',#4891);
#3449=LINE('',#4892,#4893);
#3450=VERTEX_POINT('',#4894);
#3451=CIRCLE('',#4895,0.2);
#3452=VERTEX_POINT('',#4896);
#3453=CIRCLE('',#4897,0.2);
#3454=VERTEX_POINT('',#4898);
#3455=LINE('',#4899,#4900);
#3456=VERTEX_POINT('',#4901);
#3457=CIRCLE('',#4902,0.2);
#3458=CIRCLE('',#4903,0.2);
#3459=FILL_AREA_STYLE_COLOUR('',#4904);
#3460=VERTEX_POINT('',#4905);
#3461=VERTEX_POINT('',#4906);
#3462=LINE('',#4907,#4908);
#3463=VERTEX_POINT('',#4909);
#3464=CIRCLE('',#4910,0.1);
#3465=VERTEX_POINT('',#4911);
#3466=CIRCLE('',#4912,0.1);
#3467=VERTEX_POINT('',#4913);
#3468=LINE('',#4914,#4915);
#3469=VERTEX_POINT('',#4916);
#3470=CIRCLE('',#4917,0.1);
#3471=CIRCLE('',#4918,0.1);
#3472=FILL_AREA_STYLE_COLOUR('',#4919);
#3473=VERTEX_POINT('',#4920);
#3474=VERTEX_POINT('',#4921);
#3475=LINE('',#4922,#4923);
#3476=VERTEX_POINT('',#4924);
#3477=LINE('',#4925,#4926);
#3478=VERTEX_POINT('',#4927);
#3479=LINE('',#4928,#4929);
#3480=LINE('',#4930,#4931);
#3481=FILL_AREA_STYLE_COLOUR('',#4932);
#3482=VERTEX_POINT('',#4933);
#3483=CIRCLE('',#4934,0.1);
#3484=VERTEX_POINT('',#4935);
#3485=LINE('',#4936,#4937);
#3486=CIRCLE('',#4938,0.1);
#3487=FILL_AREA_STYLE_COLOUR('',#4939);
#3488=VERTEX_POINT('',#4940);
#3489=VERTEX_POINT('',#4941);
#3490=LINE('',#4942,#4943);
#3491=VERTEX_POINT('',#4944);
#3492=CIRCLE('',#4945,0.1);
#3493=VERTEX_POINT('',#4946);
#3494=LINE('',#4947,#4948);
#3495=CIRCLE('',#4949,0.2);
#3496=FILL_AREA_STYLE_COLOUR('',#4950);
#3497=VERTEX_POINT('',#4951);
#3498=CIRCLE('',#4952,0.1);
#3499=B_SPLINE_CURVE_WITH_KNOTS('',3,(#4953,#4954,#4955,#4956,#4957,#4958,#4959,#4960,#4961,#4962),.UNSPECIFIED.,.F.,.F.,(4,3,3,4),(3.60437975707111E-14,0.499999999999994,0.962175134577153,0.99999999999994),.UNSPECIFIED.);
#3500=B_SPLINE_CURVE_WITH_KNOTS('',3,(#4963,#4964,#4965,#4966,#4967,#4968,#4969,#4970,#4971,#4972),.UNSPECIFIED.,.F.,.F.,(4,3,3,4),(3.01716411328778E-15,0.468537456714196,0.500000000000011,1.00000000000004),.UNSPECIFIED.);
#3501=FILL_AREA_STYLE_COLOUR('',#4973);
#3502=VERTEX_POINT('',#4974);
#3503=CIRCLE('',#4975,0.1);
#3504=LINE('',#4976,#4977);
#3505=FILL_AREA_STYLE_COLOUR('',#4978);
#3506=VERTEX_POINT('',#4979);
#3507=B_SPLINE_CURVE_WITH_KNOTS('',3,(#4980,#4981,#4982,#4983,#4984,#4985,#4986,#4987,#4988,#4989),.UNSPECIFIED.,.F.,.F.,(4,3,3,4),(4.21200422000123E-14,0.50000000000001,0.968585736007955,0.999999999999997),.UNSPECIFIED.);
#3508=VERTEX_POINT('',#4990);
#3509=LINE('',#4991,#4992);
#3510=B_SPLINE_CURVE_WITH_KNOTS('',3,(#4993,#4994,#4995,#4996,#4997,#4998,#4999,#5000,#5001,#5002),.UNSPECIFIED.,.F.,.F.,(4,3,3,4),(6.02916294601612E-14,0.463190231198877,0.500000000000024,1.00000000000004),.UNSPECIFIED.);
#3511=FILL_AREA_STYLE_COLOUR('',#5003);
#3512=VERTEX_POINT('',#5004);
#3513=CIRCLE('',#5005,0.2);
#3514=VERTEX_POINT('',#5006);
#3515=LINE('',#5007,#5008);
#3516=CIRCLE('',#5009,0.1);
#3517=FILL_AREA_STYLE_COLOUR('',#5010);
#3518=LINE('',#5011,#5012);
#3519=FILL_AREA_STYLE_COLOUR('',#5013);
#3520=VERTEX_POINT('',#5014);
#3521=LINE('',#5015,#5016);
#3522=VERTEX_POINT('',#5017);
#3523=LINE('',#5018,#5019);
#3524=LINE('',#5020,#5021);
#3525=FILL_AREA_STYLE_COLOUR('',#5022);
#3526=LINE('',#5023,#5024);
#3527=FILL_AREA_STYLE_COLOUR('',#5025);
#3528=VERTEX_POINT('',#5026);
#3529=LINE('',#5027,#5028);
#3530=VERTEX_POINT('',#5029);
#3531=LINE('',#5030,#5031);
#3532=LINE('',#5032,#5033);
#3533=FILL_AREA_STYLE_COLOUR('',#5034);
#3534=LINE('',#5035,#5036);
#3535=FILL_AREA_STYLE_COLOUR('',#5037);
#3536=LINE('',#5038,#5039);
#3537=LINE('',#5040,#5041);
#3538=FILL_AREA_STYLE_COLOUR('',#5042);
#3539=CIRCLE('',#5043,0.2);
#3540=CIRCLE('',#5044,0.1);
#3541=FILL_AREA_STYLE_COLOUR('',#5045);
#3542=LINE('',#5046,#5047);
#3543=FILL_AREA_STYLE_COLOUR('',#5048);
#3544=CIRCLE('',#5049,0.2);
#3545=LINE('',#5050,#5051);
#3546=CIRCLE('',#5052,0.1);
#3547=FILL_AREA_STYLE_COLOUR('',#5053);
#3548=LINE('',#5054,#5055);
#3549=FILL_AREA_STYLE_COLOUR('',#5056);
#3550=VERTEX_POINT('',#5057);
#3551=VERTEX_POINT('',#5058);
#3552=CIRCLE('',#5059,0.05);
#3553=VERTEX_POINT('',#5060);
#3554=LINE('',#5061,#5062);
#3555=VERTEX_POINT('',#5063);
#3556=CIRCLE('',#5064,0.05);
#3557=LINE('',#5065,#5066);
#3558=FILL_AREA_STYLE_COLOUR('',#5067);
#3559=VERTEX_POINT('',#5068);
#3560=VERTEX_POINT('',#5069);
#3561=LINE('',#5070,#5071);
#3562=VERTEX_POINT('',#5072);
#3563=LINE('',#5073,#5074);
#3564=VERTEX_POINT('',#5075);
#3565=LINE('',#5076,#5077);
#3566=LINE('',#5078,#5079);
#3567=FILL_AREA_STYLE_COLOUR('',#5080);
#3568=VERTEX_POINT('',#5081);
#3569=VERTEX_POINT('',#5082);
#3570=LINE('',#5083,#5084);
#3571=VERTEX_POINT('',#5085);
#3572=LINE('',#5086,#5087);
#3573=VERTEX_POINT('',#5088);
#3574=LINE('',#5089,#5090);
#3575=LINE('',#5091,#5092);
#3576=FILL_AREA_STYLE_COLOUR('',#5093);
#3577=CIRCLE('',#5094,0.05);
#3578=CIRCLE('',#5095,0.05);
#3579=FILL_AREA_STYLE_COLOUR('',#5096);
#3580=FILL_AREA_STYLE_COLOUR('',#5097);
#3581=VERTEX_POINT('',#5098);
#3582=LINE('',#5099,#5100);
#3583=VERTEX_POINT('',#5101);
#3584=LINE('',#5102,#5103);
#3585=LINE('',#5104,#5105);
#3586=FILL_AREA_STYLE_COLOUR('',#5106);
#3587=VERTEX_POINT('',#5107);
#3588=LINE('',#5108,#5109);
#3589=VERTEX_POINT('',#5110);
#3590=LINE('',#5111,#5112);
#3591=LINE('',#5113,#5114);
#3592=FILL_AREA_STYLE_COLOUR('',#5115);
#3593=FILL_AREA_STYLE_COLOUR('',#5116);
#3594=VERTEX_POINT('',#5117);
#3595=LINE('',#5118,#5119);
#3596=VERTEX_POINT('',#5120);
#3597=LINE('',#5121,#5122);
#3598=LINE('',#5123,#5124);
#3599=FILL_AREA_STYLE_COLOUR('',#5125);
#3600=VERTEX_POINT('',#5126);
#3601=VERTEX_POINT('',#5127);
#3602=LINE('',#5128,#5129);
#3603=VERTEX_POINT('',#5130);
#3604=LINE('',#5131,#5132);
#3605=VERTEX_POINT('',#5133);
#3606=LINE('',#5134,#5135);
#3607=LINE('',#5136,#5137);
#3608=FILL_AREA_STYLE_COLOUR('',#5138);
#3609=VERTEX_POINT('',#5139);
#3610=LINE('',#5140,#5141);
#3611=VERTEX_POINT('',#5142);
#3612=LINE('',#5143,#5144);
#3613=LINE('',#5145,#5146);
#3614=FILL_AREA_STYLE_COLOUR('',#5147);
#3615=VERTEX_POINT('',#5148);
#3616=VERTEX_POINT('',#5149);
#3617=LINE('',#5150,#5151);
#3618=VERTEX_POINT('',#5152);
#3619=LINE('',#5153,#5154);
#3620=VERTEX_POINT('',#5155);
#3621=LINE('',#5156,#5157);
#3622=LINE('',#5158,#5159);
#3623=FILL_AREA_STYLE_COLOUR('',#5160);
#3624=VERTEX_POINT('',#5161);
#3625=VERTEX_POINT('',#5162);
#3626=LINE('',#5163,#5164);
#3627=CIRCLE('',#5165,0.2);
#3628=CIRCLE('',#5166,0.1);
#3629=FILL_AREA_STYLE_COLOUR('',#5167);
#3630=VERTEX_POINT('',#5168);
#3631=VERTEX_POINT('',#5169);
#3632=LINE('',#5170,#5171);
#3633=VERTEX_POINT('',#5172);
#3634=LINE('',#5173,#5174);
#3635=VERTEX_POINT('',#5175);
#3636=LINE('',#5176,#5177);
#3637=LINE('',#5178,#5179);
#3638=FILL_AREA_STYLE_COLOUR('',#5180);
#3639=LINE('',#5181,#5182);
#3640=FILL_AREA_STYLE_COLOUR('',#5183);
#3641=VERTEX_POINT('',#5184);
#3642=VERTEX_POINT('',#5185);
#3643=LINE('',#5186,#5187);
#3644=VERTEX_POINT('',#5188);
#3645=LINE('',#5189,#5190);
#3646=CIRCLE('',#5191,0.1);
#3647=CIRCLE('',#5192,0.2);
#3648=FILL_AREA_STYLE_COLOUR('',#5193);
#3649=VERTEX_POINT('',#5194);
#3650=VERTEX_POINT('',#5195);
#3651=LINE('',#5196,#5197);
#3652=VERTEX_POINT('',#5198);
#3653=CIRCLE('',#5199,0.2);
#3654=VERTEX_POINT('',#5200);
#3655=LINE('',#5201,#5202);
#3656=CIRCLE('',#5203,0.1);
#3657=FILL_AREA_STYLE_COLOUR('',#5204);
#3658=VERTEX_POINT('',#5205);
#3659=VERTEX_POINT('',#5206);
#3660=LINE('',#5207,#5208);
#3661=VERTEX_POINT('',#5209);
#3662=CIRCLE('',#5210,0.1);
#3663=VERTEX_POINT('',#5211);
#3664=LINE('',#5212,#5213);
#3665=CIRCLE('',#5214,0.2);
#3666=FILL_AREA_STYLE_COLOUR('',#5215);
#3667=VERTEX_POINT('',#5216);
#3668=CIRCLE('',#5217,0.4);
#3669=VERTEX_POINT('',#5218);
#3670=CIRCLE('',#5219,0.3);
#3671=LINE('',#5220,#5221);
#3672=FILL_AREA_STYLE_COLOUR('',#5222);
#3673=LINE('',#5223,#5224);
#3674=FILL_AREA_STYLE_COLOUR('',#5225);
#3675=VERTEX_POINT('',#5226);
#3676=CIRCLE('',#5227,0.4);
#3677=VERTEX_POINT('',#5228);
#3678=LINE('',#5229,#5230);
#3679=CIRCLE('',#5231,0.3);
#3680=FILL_AREA_STYLE_COLOUR('',#5232);
#3681=VERTEX_POINT('',#5233);
#3682=VERTEX_POINT('',#5234);
#3683=LINE('',#5235,#5236);
#3684=B_SPLINE_CURVE_WITH_KNOTS('',3,(#5237,#5238,#5239,#5240,#5241,#5242,#5243,#5244,#5245,#5246),.UNSPECIFIED.,.F.,.F.,(4,2,2,2,4),(0.0379092210154738,0.0416824807968686,0.0454557405782635,0.0494501425097355,0.0534445444412063),.UNSPECIFIED.);
#3685=B_SPLINE_CURVE_WITH_KNOTS('',3,(#5247,#5248,#5249,#5250,#5251,#5252,#5253,#5254,#5255,#5256,#5257,#5258,#5259,#5260),.UNSPECIFIED.,.F.,.F.,(4,2,2,2,2,2,4),(-0.04114382854995,-0.0366349283021161,-0.0321260280542821,-0.0301427026407687,-0.0281593772272553,-0.0243656457511151,-0.020571914274975),.UNSPECIFIED.);
#3686=FILL_AREA_STYLE_COLOUR('',#5261);
#3687=VERTEX_POINT('',#5262);
#3688=LINE('',#5263,#5264);
#3689=CIRCLE('',#5265,0.2);
#3690=FILL_AREA_STYLE_COLOUR('',#5266);
#3691=VERTEX_POINT('',#5267);
#3692=VERTEX_POINT('',#5268);
#3693=B_SPLINE_CURVE_WITH_KNOTS('',3,(#5269,#5270,#5271,#5272,#5273,#5274,#5275,#5276,#5277,#5278,#5279,#5280,#5281,#5282,#5283,#5284,#5285,#5286,#5287,#5288,#5289,#5290,#5291,#5292,#5293,#5294,#5295,#5296,#5297,#5298,#5299,#5300,#5301,#5302,#5303,#5304,#5305,#5306,#5307,#5308,#5309,#5310,#5311,#5312,#5313,#5314,#5315,#5316,#5317,#5318,#5319,#5320),.UNSPECIFIED.,.F.,.F.,(4,3,3,3,3,3,3,3,3,3,3,3,3,3,3,3,3,4),(0.0,0.07692307692308,0.145729107457014,0.1538461538462,0.2307692307692,0.295682320324446,0.3076923076923,0.3846153846154,0.451663514355567,0.4615384615385,0.531903212502925,0.5384615384615,0.6153846153846,0.6923076923077,0.7692307692308,0.8461538461538,0.9230769230769,1.0),.UNSPECIFIED.);
#3694=VERTEX_POINT('',#5321);
#3695=LINE('',#5322,#5323);
#3696=VERTEX_POINT('',#5324);
#3697=B_SPLINE_CURVE_WITH_KNOTS('',3,(#5325,#5326,#5327,#5328,#5329,#5330,#5331,#5332,#5333,#5334,#5335,#5336,#5337,#5338,#5339,#5340,#5341,#5342,#5343,#5344,#5345,#5346,#5347,#5348,#5349,#5350,#5351,#5352,#5353,#5354,#5355,#5356,#5357,#5358,#5359,#5360,#5361,#5362,#5363,#5364,#5365,#5366,#5367,#5368,#5369,#5370,#5371,#5372,#5373,#5374,#5375,#5376,#5377,#5378,#5379,#5380,#5381,#5382),.UNSPECIFIED.,.F.,.F.,(4,3,3,3,3,3,3,3,3,3,3,3,3,3,3,3,3,3,3,4),(0.0,0.06666666666667,0.124119216593092,0.1333333333333,0.2,0.2666666666667,0.324100333690139,0.3333333333333,0.4,0.455583960173944,0.4666666666667,0.523559048838133,0.5333333333333,0.6,0.6666666666667,0.7333333333333,0.8,0.8666666666667,0.9333333333333,1.0),.UNSPECIFIED.);
#3698=LINE('',#5383,#5384);
#3699=FILL_AREA_STYLE_COLOUR('',#5385);
#3700=VERTEX_POINT('',#5386);
#3701=VERTEX_POINT('',#5387);
#3702=LINE('',#5388,#5389);
#3703=VERTEX_POINT('',#5390);
#3704=B_SPLINE_CURVE_WITH_KNOTS('',3,(#5391,#5392,#5393,#5394,#5395,#5396,#5397,#5398,#5399,#5400,#5401,#5402,#5403,#5404),.UNSPECIFIED.,.F.,.F.,(4,2,2,2,2,2,4),(-0.020571914274975,-0.0167781827988348,-0.0129844513226947,-0.0110011259091813,-0.00901780049566782,-0.00450890024783391,0.0),.UNSPECIFIED.);
#3705=VERTEX_POINT('',#5405);
#3706=LINE('',#5406,#5407);
#3707=B_SPLINE_CURVE_WITH_KNOTS('',3,(#5408,#5409,#5410,#5411,#5412,#5413,#5414,#5415,#5416,#5417),.UNSPECIFIED.,.F.,.F.,(4,2,2,2,4),(0.0223738975897412,0.026368299521212,0.030362701452684,0.0341359612340789,0.0379092210154738),.UNSPECIFIED.);
#3708=FILL_AREA_STYLE_COLOUR('',#5418);
#3709=VERTEX_POINT('',#5419);
#3710=VERTEX_POINT('',#5420);
#3711=B_SPLINE_CURVE_WITH_KNOTS('',3,(#5421,#5422,#5423,#5424,#5425,#5426,#5427,#5428,#5429,#5430,#5431,#5432,#5433,#5434,#5435,#5436,#5437,#5438,#5439,#5440,#5441,#5442,#5443,#5444,#5445,#5446,#5447,#5448,#5449,#5450,#5451,#5452,#5453,#5454,#5455,#5456,#5457,#5458,#5459,#5460,#5461,#5462,#5463,#5464,#5465,#5466,#5467,#5468,#5469,#5470,#5471,#5472),.UNSPECIFIED.,.F.,.F.,(4,3,3,3,3,3,3,3,3,3,3,3,3,3,3,3,3,4),(0.0,0.07692307692308,0.1538461538462,0.2307692307692,0.3076923076923,0.3846153846154,0.4615384615385,0.532865145654988,0.5384615384615,0.608228958367626,0.6153846153846,0.6923076923077,0.758822864431483,0.7692307692308,0.8461538461538,0.91404768157107,0.9230769230769,1.0),.UNSPECIFIED.);
#3712=VERTEX_POINT('',#5473);
#3713=LINE('',#5474,#5475);
#3714=VERTEX_POINT('',#5476);
#3715=B_SPLINE_CURVE_WITH_KNOTS('',3,(#5477,#5478,#5479,#5480,#5481,#5482,#5483,#5484,#5485,#5486,#5487,#5488,#5489,#5490,#5491,#5492,#5493,#5494,#5495,#5496,#5497,#5498,#5499,#5500,#5501,#5502,#5503,#5504,#5505,#5506,#5507,#5508,#5509,#5510,#5511,#5512,#5513,#5514,#5515,#5516,#5517,#5518,#5519,#5520,#5521,#5522,#5523,#5524,#5525,#5526,#5527,#5528,#5529,#5530,#5531,#5532,#5533,#5534),.UNSPECIFIED.,.F.,.F.,(4,3,3,3,3,3,3,3,3,3,3,3,3,3,3,3,3,3,3,4),(9.99129079279136E-10,0.06666666666667,0.1333333333333,0.2,0.2666666666667,0.3333333333333,0.4,0.4666666666667,0.524401416433849,0.5333333333333,0.591126993006827,0.6,0.6666666666667,0.725916791853904,0.7333333333333,0.8,0.8666666666667,0.923316296463916,0.9333333333333,1.0),.UNSPECIFIED.);
#3716=LINE('',#5535,#5536);
#3717=FILL_AREA_STYLE_COLOUR('',#5537);
#3718=VERTEX_POINT('',#5538);
#3719=CIRCLE('',#5539,0.2);
#3720=LINE('',#5540,#5541);
#3721=FILL_AREA_STYLE_COLOUR('',#5542);
#3722=VERTEX_POINT('',#5543);
#3723=VERTEX_POINT('',#5544);
#3724=LINE('',#5545,#5546);
#3725=VERTEX_POINT('',#5547);
#3726=ELLIPSE('',#5548,0.106252017228741,0.0752435295777403);
#3727=B_SPLINE_CURVE_WITH_KNOTS('',3,(#5549,#5550,#5551,#5552,#5553,#5554,#5555,#5556,#5557,#5558,#5559,#5560,#5561,#5562,#5563,#5564,#5565,#5566,#5567,#5568,#5569,#5570,#5571,#5572,#5573),.UNSPECIFIED.,.F.,.F.,(4,3,3,3,3,3,3,3,4),(0.0,0.1666666666667,0.298323378089604,0.3333333333333,0.5,0.6666666666667,0.804008924532331,0.8333333333333,1.0),.UNSPECIFIED.);
#3728=VERTEX_POINT('',#5574);
#3729=B_SPLINE_CURVE_WITH_KNOTS('',3,(#5575,#5576,#5577,#5578,#5579,#5580,#5581,#5582,#5583,#5584),.UNSPECIFIED.,.F.,.F.,(4,3,3,4),(3.28711258826748E-25,0.3333333333333,0.6666666666667,1.0),.UNSPECIFIED.);
#3730=B_SPLINE_CURVE_WITH_KNOTS('',3,(#5585,#5586,#5587,#5588,#5589,#5590),.UNSPECIFIED.,.F.,.F.,(4,2,4),(-0.0075862838876752,-0.00567736503916812,-0.00376844619066026),.UNSPECIFIED.);
#3731=FILL_AREA_STYLE_COLOUR('',#5591);
#3732=VERTEX_POINT('',#5592);
#3733=CIRCLE('',#5593,0.2);
#3734=LINE('',#5594,#5595);
#3735=FILL_AREA_STYLE_COLOUR('',#5596);
#3736=VERTEX_POINT('',#5597);
#3737=VERTEX_POINT('',#5598);
#3738=LINE('',#5599,#5600);
#3739=VERTEX_POINT('',#5601);
#3740=LINE('',#5602,#5603);
#3741=CIRCLE('',#5604,0.2);
#3742=FILL_AREA_STYLE_COLOUR('',#5605);
#3743=VERTEX_POINT('',#5606);
#3744=VERTEX_POINT('',#5607);
#3745=LINE('',#5608,#5609);
#3746=B_SPLINE_CURVE_WITH_KNOTS('',3,(#5610,#5611,#5612,#5613,#5614,#5615,#5616,#5617,#5618,#5619,#5620,#5621,#5622,#5623),.UNSPECIFIED.,.F.,.F.,(4,2,2,2,2,2,4),(-0.04114382854995,-0.0366349283021161,-0.0321260280542822,-0.0301427026407687,-0.0281593772272553,-0.0243656457511151,-0.020571914274975),.UNSPECIFIED.);
#3747=B_SPLINE_CURVE_WITH_KNOTS('',3,(#5624,#5625,#5626,#5627,#5628,#5629,#5630,#5631,#5632,#5633),.UNSPECIFIED.,.F.,.F.,(4,2,2,2,4),(-0.0379092210154738,-0.0341359612340789,-0.030362701452684,-0.026368299521212,-0.0223738975897412),.UNSPECIFIED.);
#3748=FILL_AREA_STYLE_COLOUR('',#5634);
#3749=VERTEX_POINT('',#5635);
#3750=VERTEX_POINT('',#5636);
#3751=LINE('',#5637,#5638);
#3752=B_SPLINE_CURVE_WITH_KNOTS('',3,(#5639,#5640,#5641,#5642,#5643,#5644,#5645,#5646,#5647,#5648,#5649,#5650,#5651,#5652,#5653,#5654,#5655,#5656,#5657,#5658,#5659,#5660,#5661,#5662,#5663,#5664,#5665,#5666,#5667,#5668,#5669,#5670,#5671,#5672,#5673,#5674,#5675,#5676,#5677,#5678),.UNSPECIFIED.,.F.,.F.,(4,3,3,3,3,3,3,3,3,3,3,3,3,4),(1.72993076303399E-15,0.08333333333333,0.1666666666667,0.25,0.3333333333333,0.4166666666667,0.5,0.5833333333333,0.6666666666667,0.75,0.8333333333333,0.899012244596725,0.9166666666667,1.0),.UNSPECIFIED.);
#3753=B_SPLINE_CURVE_WITH_KNOTS('',3,(#5679,#5680,#5681,#5682,#5683,#5684,#5685,#5686,#5687,#5688),.UNSPECIFIED.,.F.,.F.,(4,2,2,2,4),(0.0379092799133228,0.0416825253894548,0.0454557708655869,0.0494501576533972,0.0534445444412074),.UNSPECIFIED.);
#3754=FILL_AREA_STYLE_COLOUR('',#5689);
#3755=VERTEX_POINT('',#5690);
#3756=B_SPLINE_CURVE_WITH_KNOTS('',3,(#5691,#5692,#5693,#5694,#5695,#5696,#5697,#5698,#5699,#5700),.UNSPECIFIED.,.F.,.F.,(4,2,2,2,4),(-0.0189546105077369,-0.0170679806170389,-0.0151813507263409,-0.0131841497606044,-0.0111869487948634),.UNSPECIFIED.);
#3757=VERTEX_POINT('',#5701);
#3758=LINE('',#5702,#5703);
#3759=VERTEX_POINT('',#5704);
#3760=B_SPLINE_CURVE_WITH_KNOTS('',3,(#5705,#5706,#5707,#5708,#5709,#5710,#5711,#5712,#5713,#5714),.UNSPECIFIED.,.F.,.F.,(4,3,3,4),(3.28740238685728E-25,0.3333333333333,0.6666666666667,1.0),.UNSPECIFIED.);
#3761=B_SPLINE_CURVE_WITH_KNOTS('',3,(#5715,#5716,#5717,#5718,#5719,#5720),.UNSPECIFIED.,.F.,.F.,(4,2,4),(0.00782517212966246,0.00973409097816955,0.0116430098266774),.UNSPECIFIED.);
#3762=FILL_AREA_STYLE_COLOUR('',#5721);
#3763=VERTEX_POINT('',#5722);
#3764=VERTEX_POINT('',#5723);
#3765=LINE('',#5724,#5725);
#3766=B_SPLINE_CURVE_WITH_KNOTS('',3,(#5726,#5727,#5728,#5729,#5730,#5731,#5732,#5733,#5734,#5735,#5736,#5737,#5738,#5739),.UNSPECIFIED.,.F.,.F.,(4,2,2,2,2,2,4),(0.0,0.00450890024783392,0.00901780049566784,0.0110011259091813,0.0129844513226947,0.0167781827988349,0.020571914274975),.UNSPECIFIED.);
#3767=B_SPLINE_CURVE_WITH_KNOTS('',3,(#5740,#5741,#5742,#5743,#5744,#5745,#5746,#5747,#5748,#5749),.UNSPECIFIED.,.F.,.F.,(4,2,2,2,4),(-0.0534445444412063,-0.0494501425097355,-0.0454557405782635,-0.0416824807968686,-0.0379092210154738),.UNSPECIFIED.);
#3768=FILL_AREA_STYLE_COLOUR('',#5750);
#3769=VERTEX_POINT('',#5751);
#3770=CIRCLE('',#5752,0.2);
#3771=LINE('',#5753,#5754);
#3772=FILL_AREA_STYLE_COLOUR('',#5755);
#3773=VERTEX_POINT('',#5756);
#3774=LINE('',#5757,#5758);
#3775=VERTEX_POINT('',#5759);
#3776=LINE('',#5760,#5761);
#3777=VERTEX_POINT('',#5762);
#3778=B_SPLINE_CURVE_WITH_KNOTS('',3,(#5763,#5764,#5765,#5766,#5767,#5768,#5769,#5770,#5771,#5772,#5773,#5774,#5775,#5776),.UNSPECIFIED.,.F.,.F.,(4,2,2,2,2,2,4),(0.0411439238389199,0.0456528032015579,0.0501616825641959,0.0521449987909593,0.0541283150177226,0.0579220289213238,0.061715742824925),.UNSPECIFIED.);
#3779=VERTEX_POINT('',#5777);
#3780=LINE('',#5778,#5779);
#3781=B_SPLINE_CURVE_WITH_KNOTS('',3,(#5780,#5781,#5782,#5783,#5784,#5785,#5786,#5787,#5788,#5789),.UNSPECIFIED.,.F.,.F.,(4,2,2,2,4),(-0.0534445444412073,-0.0494501670101722,-0.0454557895791368,-0.0416825529417605,-0.0379093163043841),.UNSPECIFIED.);
#3782=FILL_AREA_STYLE_COLOUR('',#5790);
#3783=CIRCLE('',#5791,0.2);
#3784=FILL_AREA_STYLE_COLOUR('',#5792);
#3785=LINE('',#5793,#5794);
#3786=FILL_AREA_STYLE_COLOUR('',#5795);
#3787=VERTEX_POINT('',#5796);
#3788=VERTEX_POINT('',#5797);
#3789=LINE('',#5798,#5799);
#3790=VERTEX_POINT('',#5800);
#3791=CIRCLE('',#5801,0.1);
#3792=LINE('',#5802,#5803);
#3793=B_SPLINE_CURVE_WITH_KNOTS('',3,(#5804,#5805,#5806,#5807,#5808,#5809),.UNSPECIFIED.,.F.,.F.,(4,2,4),(-0.00762291691417863,-0.00571013185403149,-0.00381955878370204),.UNSPECIFIED.);
#3794=FILL_AREA_STYLE_COLOUR('',#5810);
#3795=VERTEX_POINT('',#5811);
#3796=LINE('',#5812,#5813);
#3797=VERTEX_POINT('',#5814);
#3798=CIRCLE('',#5815,0.1);
#3799=VERTEX_POINT('',#5816);
#3800=LINE('',#5817,#5818);
#3801=B_SPLINE_CURVE_WITH_KNOTS('',3,(#5819,#5820,#5821,#5822,#5823,#5824,#5825,#5826,#5827,#5828,#5829,#5830,#5831),.UNSPECIFIED.,.F.,.F.,(4,3,3,3,4),(2.46260056845705E-13,0.3333333333333,0.604213806914597,0.6666666666667,0.99999999999992),.UNSPECIFIED.);
#3802=FILL_AREA_STYLE_COLOUR('',#5832);
#3803=LINE('',#5833,#5834);
#3804=LINE('',#5835,#5836);
#3805=FILL_AREA_STYLE_COLOUR('',#5837);
#3806=LINE('',#5838,#5839);
#3807=LINE('',#5840,#5841);
#3808=FILL_AREA_STYLE_COLOUR('',#5842);
#3809=LINE('',#5843,#5844);
#3810=LINE('',#5845,#5846);
#3811=FILL_AREA_STYLE_COLOUR('',#5847);
#3812=LINE('',#5848,#5849);
#3813=LINE('',#5850,#5851);
#3814=FILL_AREA_STYLE_COLOUR('',#5852);
#3815=VERTEX_POINT('',#5853);
#3816=LINE('',#5854,#5855);
#3817=LINE('',#5856,#5857);
#3818=LINE('',#5858,#5859);
#3819=FILL_AREA_STYLE_COLOUR('',#5860);
#3820=LINE('',#5861,#5862);
#3821=FILL_AREA_STYLE_COLOUR('',#5863);
#3822=VERTEX_POINT('',#5864);
#3823=LINE('',#5865,#5866);
#3824=LINE('',#5867,#5868);
#3825=LINE('',#5869,#5870);
#3826=FILL_AREA_STYLE_COLOUR('',#5871);
#3827=VERTEX_POINT('',#5872);
#3828=VERTEX_POINT('',#5873);
#3829=CIRCLE('',#5874,0.05);
#3830=VERTEX_POINT('',#5875);
#3831=LINE('',#5876,#5877);
#3832=VERTEX_POINT('',#5878);
#3833=CIRCLE('',#5879,0.05);
#3834=LINE('',#5880,#5881);
#3835=FILL_AREA_STYLE_COLOUR('',#5882);
#3836=VERTEX_POINT('',#5883);
#3837=LINE('',#5884,#5885);
#3838=VERTEX_POINT('',#5886);
#3839=LINE('',#5887,#5888);
#3840=LINE('',#5889,#5890);
#3841=FILL_AREA_STYLE_COLOUR('',#5891);
#3842=VERTEX_POINT('',#5892);
#3843=CIRCLE('',#5893,0.05);
#3844=VERTEX_POINT('',#5894);
#3845=CIRCLE('',#5895,0.05);
#3846=LINE('',#5896,#5897);
#3847=FILL_AREA_STYLE_COLOUR('',#5898);
#3848=VERTEX_POINT('',#5899);
#3849=LINE('',#5900,#5901);
#3850=VERTEX_POINT('',#5902);
#3851=LINE('',#5903,#5904);
#3852=LINE('',#5905,#5906);
#3853=FILL_AREA_STYLE_COLOUR('',#5907);
#3854=VERTEX_POINT('',#5908);
#3855=CIRCLE('',#5909,0.05);
#3856=VERTEX_POINT('',#5910);
#3857=CIRCLE('',#5911,0.05);
#3858=LINE('',#5912,#5913);
#3859=FILL_AREA_STYLE_COLOUR('',#5914);
#3860=VERTEX_POINT('',#5915);
#3861=LINE('',#5916,#5917);
#3862=VERTEX_POINT('',#5918);
#3863=LINE('',#5919,#5920);
#3864=LINE('',#5921,#5922);
#3865=FILL_AREA_STYLE_COLOUR('',#5923);
#3866=VERTEX_POINT('',#5924);
#3867=CIRCLE('',#5925,0.05);
#3868=VERTEX_POINT('',#5926);
#3869=CIRCLE('',#5927,0.05);
#3870=LINE('',#5928,#5929);
#3871=FILL_AREA_STYLE_COLOUR('',#5930);
#3872=LINE('',#5931,#5932);
#3873=LINE('',#5933,#5934);
#3874=FILL_AREA_STYLE_COLOUR('',#5935);
#3875=VERTEX_POINT('',#5936);
#3876=LINE('',#5937,#5938);
#3877=VERTEX_POINT('',#5939);
#3878=LINE('',#5940,#5941);
#3879=LINE('',#5942,#5943);
#3880=FILL_AREA_STYLE_COLOUR('',#5944);
#3881=VERTEX_POINT('',#5945);
#3882=CIRCLE('',#5946,0.05);
#3883=VERTEX_POINT('',#5947);
#3884=CIRCLE('',#5948,0.05);
#3885=LINE('',#5949,#5950);
#3886=FILL_AREA_STYLE_COLOUR('',#5951);
#3887=VERTEX_POINT('',#5952);
#3888=LINE('',#5953,#5954);
#3889=VERTEX_POINT('',#5955);
#3890=LINE('',#5956,#5957);
#3891=LINE('',#5958,#5959);
#3892=FILL_AREA_STYLE_COLOUR('',#5960);
#3893=VERTEX_POINT('',#5961);
#3894=CIRCLE('',#5962,0.05);
#3895=VERTEX_POINT('',#5963);
#3896=CIRCLE('',#5964,0.05);
#3897=LINE('',#5965,#5966);
#3898=FILL_AREA_STYLE_COLOUR('',#5967);
#3899=LINE('',#5968,#5969);
#3900=LINE('',#5970,#5971);
#3901=FILL_AREA_STYLE_COLOUR('',#5972);
#3902=LINE('',#5973,#5974);
#3903=LINE('',#5975,#5976);
#3904=FILL_AREA_STYLE_COLOUR('',#5977);
#3905=VERTEX_POINT('',#5978);
#3906=CIRCLE('',#5979,0.325);
#3907=VERTEX_POINT('',#5980);
#3908=CIRCLE('',#5981,0.325);
#3909=LINE('',#5982,#5983);
#3910=FILL_AREA_STYLE_COLOUR('',#5984);
#3911=VERTEX_POINT('',#5985);
#3912=VERTEX_POINT('',#5986);
#3913=LINE('',#5987,#5988);
#3914=VERTEX_POINT('',#5989);
#3915=LINE('',#5990,#5991);
#3916=VERTEX_POINT('',#5992);
#3917=LINE('',#5993,#5994);
#3918=LINE('',#5995,#5996);
#3919=FILL_AREA_STYLE_COLOUR('',#5997);
#3920=CIRCLE('',#5998,0.325);
#3921=CIRCLE('',#5999,0.325);
#3922=FILL_AREA_STYLE_COLOUR('',#6000);
#3923=LINE('',#6001,#6002);
#3924=LINE('',#6003,#6004);
#3925=FILL_AREA_STYLE_COLOUR('',#6005);
#3926=VERTEX_POINT('',#6006);
#3927=LINE('',#6007,#6008);
#3928=VERTEX_POINT('',#6009);
#3929=LINE('',#6010,#6011);
#3930=LINE('',#6012,#6013);
#3931=FILL_AREA_STYLE_COLOUR('',#6014);
#3932=VERTEX_POINT('',#6015);
#3933=CIRCLE('',#6016,0.05);
#3934=VERTEX_POINT('',#6017);
#3935=CIRCLE('',#6018,0.05);
#3936=LINE('',#6019,#6020);
#3937=FILL_AREA_STYLE_COLOUR('',#6021);
#3938=VERTEX_POINT('',#6022);
#3939=LINE('',#6023,#6024);
#3940=VERTEX_POINT('',#6025);
#3941=LINE('',#6026,#6027);
#3942=LINE('',#6028,#6029);
#3943=FILL_AREA_STYLE_COLOUR('',#6030);
#3944=VERTEX_POINT('',#6031);
#3945=CIRCLE('',#6032,0.05);
#3946=VERTEX_POINT('',#6033);
#3947=CIRCLE('',#6034,0.05);
#3948=LINE('',#6035,#6036);
#3949=FILL_AREA_STYLE_COLOUR('',#6037);
#3950=LINE('',#6038,#6039);
#3951=LINE('',#6040,#6041);
#3952=FILL_AREA_STYLE_COLOUR('',#6042);
#3953=VERTEX_POINT('',#6043);
#3954=LINE('',#6044,#6045);
#3955=LINE('',#6046,#6047);
#3956=ELLIPSE('',#6048,0.283438387196434,0.200842060632012);
#3957=FILL_AREA_STYLE_COLOUR('',#6049);
#3958=VERTEX_POINT('',#6050);
#3959=LINE('',#6051,#6052);
#3960=VERTEX_POINT('',#6053);
#3961=LINE('',#6054,#6055);
#3962=LINE('',#6056,#6057);
#3963=FILL_AREA_STYLE_COLOUR('',#6058);
#3964=VERTEX_POINT('',#6059);
#3965=LINE('',#6060,#6061);
#3966=VERTEX_POINT('',#6062);
#3967=LINE('',#6063,#6064);
#3968=LINE('',#6065,#6066);
#3969=FILL_AREA_STYLE_COLOUR('',#6067);
#3970=LINE('',#6068,#6069);
#3971=LINE('',#6070,#6071);
#3972=FILL_AREA_STYLE_COLOUR('',#6072);
#3973=LINE('',#6073,#6074);
#3974=VERTEX_POINT('',#6075);
#3975=LINE('',#6076,#6077);
#3976=ELLIPSE('',#6078,0.283438387196434,0.200842060632012);
#3977=FILL_AREA_STYLE_COLOUR('',#6079);
#3978=VERTEX_POINT('',#6080);
#3979=LINE('',#6081,#6082);
#3980=VERTEX_POINT('',#6083);
#3981=LINE('',#6084,#6085);
#3982=LINE('',#6086,#6087);
#3983=FILL_AREA_STYLE_COLOUR('',#6088);
#3984=LINE('',#6089,#6090);
#3985=FILL_AREA_STYLE_COLOUR('',#6091);
#3986=VERTEX_POINT('',#6092);
#3987=VERTEX_POINT('',#6093);
#3988=B_SPLINE_CURVE_WITH_KNOTS('',3,(#6094,#6095,#6096,#6097,#6098),.UNSPECIFIED.,.F.,.F.,(4,1,4),(0.0,0.4957264528831,1.0),.UNSPECIFIED.);
#3989=VERTEX_POINT('',#6099);
#3990=B_SPLINE_CURVE_WITH_KNOTS('',3,(#6100,#6101,#6102,#6103,#6104,#6105,#6106,#6107,#6108,#6109,#6110,#6111,#6112,#6113,#6114,#6115),.UNSPECIFIED.,.F.,.F.,(4,3,3,3,3,4),(4.10838352343308E-14,0.3333333333333,0.639990778661801,0.6666666666667,0.958637243670742,1.0),.UNSPECIFIED.);
#3991=VERTEX_POINT('',#6116);
#3992=LINE('',#6117,#6118);
#3993=B_SPLINE_CURVE_WITH_KNOTS('',3,(#6119,#6120,#6121,#6122,#6123,#6124,#6125,#6126,#6127,#6128,#6129,#6130,#6131,#6132,#6133,#6134),.UNSPECIFIED.,.F.,.F.,(4,3,3,3,3,4),(4.75250959279831E-14,0.307872167276923,0.3333333333333,0.582028438174018,0.6666666666667,1.00000000000676),.UNSPECIFIED.);
#3994=FILL_AREA_STYLE_COLOUR('',#6135);
#3995=VERTEX_POINT('',#6136);
#3996=B_SPLINE_CURVE_WITH_KNOTS('',3,(#6137,#6138,#6139,#6140,#6141,#6142),.UNSPECIFIED.,.F.,.F.,(4,2,4),(1.00000044973325E-06,0.0108544592609431,0.0217070185350132),.UNSPECIFIED.);
#3997=VERTEX_POINT('',#6143);
#3998=LINE('',#6144,#6145);
#3999=B_SPLINE_CURVE_WITH_KNOTS('',3,(#6146,#6147,#6148,#6149,#6150,#6151),.UNSPECIFIED.,.F.,.F.,(4,2,4),(1.00000052797708E-06,0.00687746100917128,0.0137522390515623),.UNSPECIFIED.);
#4000=FILL_AREA_STYLE_COLOUR('',#6152);
#4001=VERTEX_POINT('',#6153);
#4002=ELLIPSE('',#6154,0.403112787681751,0.399999936987768);
#4003=VERTEX_POINT('',#6155);
#4004=LINE('',#6156,#6157);
#4005=ELLIPSE('',#6158,0.304137994325959,0.299999916977226);
#4006=FILL_AREA_STYLE_COLOUR('',#6159);
#4007=LINE('',#6160,#6161);
#4008=FILL_AREA_STYLE_COLOUR('',#6162);
#4009=CIRCLE('',#6163,0.4);
#4010=CIRCLE('',#6164,0.3);
#4011=FILL_AREA_STYLE_COLOUR('',#6165);
#4012=VERTEX_POINT('',#6166);
#4013=LINE('',#6167,#6168);
#4014=VERTEX_POINT('',#6169);
#4015=LINE('',#6170,#6171);
#4016=LINE('',#6172,#6173);
#4017=FILL_AREA_STYLE_COLOUR('',#6174);
#4018=ORIENTED_EDGE('',*,*,#6175,.F.);
#4019=ORIENTED_EDGE('',*,*,#3080,.T.);
#4020=ORIENTED_EDGE('',*,*,#3078,.T.);
#4021=ORIENTED_EDGE('',*,*,#3090,.F.);
#4022=ORIENTED_EDGE('',*,*,#3088,.T.);
#4023=ORIENTED_EDGE('',*,*,#6176,.T.);
#4024=ORIENTED_EDGE('',*,*,#6177,.T.);
#4025=ORIENTED_EDGE('',*,*,#6178,.F.);
#4026=CARTESIAN_POINT('',(3.1,0.4,0.75));
#4027=DIRECTION('',(-0.0,0.0,1.0));
#4028=DIRECTION('',(1.0,0.0,0.0));
#4029=ORIENTED_EDGE('',*,*,#6179,.F.);
#4030=ORIENTED_EDGE('',*,*,#6180,.T.);
#4031=ORIENTED_EDGE('',*,*,#6181,.T.);
#4032=ORIENTED_EDGE('',*,*,#6182,.F.);
#4033=ORIENTED_EDGE('',*,*,#3073,.F.);
#4034=ORIENTED_EDGE('',*,*,#3091,.T.);
#4035=ORIENTED_EDGE('',*,*,#3076,.T.);
#4036=ORIENTED_EDGE('',*,*,#3082,.F.);
#4037=CARTESIAN_POINT('',(3.1,0.4,0.75));
#4038=DIRECTION('',(-0.0,0.0,1.0));
#4039=DIRECTION('',(1.0,0.0,0.0));
#4040=ORIENTED_EDGE('',*,*,#6183,.F.);
#4041=ORIENTED_EDGE('',*,*,#6184,.F.);
#4042=ORIENTED_EDGE('',*,*,#6185,.T.);
#4043=ORIENTED_EDGE('',*,*,#2850,.T.);
#4044=ORIENTED_EDGE('',*,*,#6186,.T.);
#4045=ORIENTED_EDGE('',*,*,#6187,.F.);
#4046=ORIENTED_EDGE('',*,*,#6188,.T.);
#4047=ORIENTED_EDGE('',*,*,#6189,.T.);
#4048=CARTESIAN_POINT('',(1.325920558881,1.019503310414,0.4));
#4049=DIRECTION('',(0.342020143325699,-0.939692620785897,0.0));
#4050=DIRECTION('',(0.0,0.0,1.0));
#4051=ORIENTED_EDGE('',*,*,#6190,.F.);
#4052=ORIENTED_EDGE('',*,*,#6191,.T.);
#4053=ORIENTED_EDGE('',*,*,#6192,.T.);
#4054=ORIENTED_EDGE('',*,*,#6193,.T.);
#4055=ORIENTED_EDGE('',*,*,#6194,.F.);
#4056=ORIENTED_EDGE('',*,*,#2843,.F.);
#4057=ORIENTED_EDGE('',*,*,#6195,.T.);
#4058=ORIENTED_EDGE('',*,*,#6196,.T.);
#4059=CARTESIAN_POINT('',(1.325920558881,1.019503310414,-0.4));
#4060=DIRECTION('',(-0.342020143325699,0.939692620785897,0.0));
#4061=DIRECTION('',(0.0,0.0,-1.0));
#4062=ORIENTED_EDGE('',*,*,#6197,.T.);
#4063=ORIENTED_EDGE('',*,*,#6198,.T.);
#4064=ORIENTED_EDGE('',*,*,#2782,.T.);
#4065=ORIENTED_EDGE('',*,*,#2801,.T.);
#4066=ORIENTED_EDGE('',*,*,#6199,.T.);
#4067=ORIENTED_EDGE('',*,*,#6200,.T.);
#4068=ORIENTED_EDGE('',*,*,#6201,.T.);
#4069=CARTESIAN_POINT('',(0.1,0.92428,-0.75));
#4070=DIRECTION('',(1.0,0.0,0.0));
#4071=DIRECTION('',(0.0,1.0,0.0));
#4072=ORIENTED_EDGE('',*,*,#6202,.T.);
#4073=ORIENTED_EDGE('',*,*,#6203,.T.);
#4074=ORIENTED_EDGE('',*,*,#2783,.F.);
#4075=ORIENTED_EDGE('',*,*,#6198,.F.);
#4076=CARTESIAN_POINT('',(0.05,0.675,-0.1));
#4077=DIRECTION('',(0.0,0.0,-1.0));
#4078=DIRECTION('',(0.0,-1.0,0.0));
#4079=ORIENTED_EDGE('',*,*,#6204,.F.);
#4080=ORIENTED_EDGE('',*,*,#6201,.F.);
#4081=ORIENTED_EDGE('',*,*,#6205,.T.);
#4082=ORIENTED_EDGE('',*,*,#6206,.T.);
#4083=CARTESIAN_POINT('',(0.05,1.15,-0.325));
#4084=DIRECTION('',(0.0,-1.0,0.0));
#4085=DIRECTION('',(0.0,0.0,-1.0));
#4086=ORIENTED_EDGE('',*,*,#6207,.F.);
#4087=ORIENTED_EDGE('',*,*,#6202,.F.);
#4088=ORIENTED_EDGE('',*,*,#6197,.F.);
#4089=ORIENTED_EDGE('',*,*,#6204,.T.);
#4090=CARTESIAN_POINT('',(7.856653010086,1.1,-0.15));
#4091=DIRECTION('',(1.0,-0.0,0.0));
#4092=DIRECTION('',(0.0,0.0,1.0));
#4093=ORIENTED_EDGE('',*,*,#6208,.F.);
#4094=ORIENTED_EDGE('',*,*,#6205,.F.);
#4095=ORIENTED_EDGE('',*,*,#6200,.F.);
#4096=ORIENTED_EDGE('',*,*,#6209,.T.);
#4097=CARTESIAN_POINT('',(7.853270180081,1.125,-0.525));
#4098=DIRECTION('',(1.0,-0.0,0.0));
#4099=DIRECTION('',(0.0,1.0,0.0));
#4100=ORIENTED_EDGE('',*,*,#6210,.F.);
#4101=ORIENTED_EDGE('',*,*,#6211,.F.);
#4102=ORIENTED_EDGE('',*,*,#6212,.F.);
#4103=ORIENTED_EDGE('',*,*,#2787,.T.);
#4104=CARTESIAN_POINT('',(7.515757425448,1.1,0.15));
#4105=DIRECTION('',(1.0,-0.0,0.0));
#4106=DIRECTION('',(0.0,1.0,0.0));
#4107=ORIENTED_EDGE('',*,*,#6211,.T.);
#4108=ORIENTED_EDGE('',*,*,#6213,.F.);
#4109=ORIENTED_EDGE('',*,*,#6214,.F.);
#4110=ORIENTED_EDGE('',*,*,#6215,.T.);
#4111=CARTESIAN_POINT('',(0.05,1.15,0.325));
#4112=DIRECTION('',(-0.0,1.0,0.0));
#4113=DIRECTION('',(1.0,0.0,0.0));
#4114=ORIENTED_EDGE('',*,*,#6216,.F.);
#4115=ORIENTED_EDGE('',*,*,#6217,.F.);
#4116=ORIENTED_EDGE('',*,*,#6218,.F.);
#4117=ORIENTED_EDGE('',*,*,#6214,.T.);
#4118=CARTESIAN_POINT('',(7.437738440289,1.125,0.525));
#4119=DIRECTION('',(1.0,-0.0,0.0));
#4120=DIRECTION('',(0.0,0.0,1.0));
#4121=ORIENTED_EDGE('',*,*,#2796,.T.);
#4122=ORIENTED_EDGE('',*,*,#2788,.F.);
#4123=ORIENTED_EDGE('',*,*,#6212,.T.);
#4124=ORIENTED_EDGE('',*,*,#6215,.F.);
#4125=ORIENTED_EDGE('',*,*,#6218,.T.);
#4126=ORIENTED_EDGE('',*,*,#6219,.T.);
#4127=ORIENTED_EDGE('',*,*,#2791,.F.);
#4128=CARTESIAN_POINT('',(0.1,0.92428,0.75));
#4129=DIRECTION('',(-1.0,0.0,0.0));
#4130=DIRECTION('',(0.0,0.0,1.0));
#4131=ORIENTED_EDGE('',*,*,#6220,.T.);
#4132=ORIENTED_EDGE('',*,*,#6199,.F.);
#4133=ORIENTED_EDGE('',*,*,#2839,.T.);
#4134=ORIENTED_EDGE('',*,*,#6221,.F.);
#4135=ORIENTED_EDGE('',*,*,#6222,.T.);
#4136=ORIENTED_EDGE('',*,*,#6223,.F.);
#4137=CARTESIAN_POINT('',(0.2,0.2,-0.55));
#4138=DIRECTION('',(0.0,1.0,-0.0));
#4139=DIRECTION('',(-1.0,0.0,0.0));
#4140=ORIENTED_EDGE('',*,*,#6224,.T.);
#4141=ORIENTED_EDGE('',*,*,#6225,.T.);
#4142=ORIENTED_EDGE('',*,*,#6226,.F.);
#4143=ORIENTED_EDGE('',*,*,#6227,.F.);
#4144=CARTESIAN_POINT('',(0.4472181327566,1.000734511752,-0.55));
#4145=DIRECTION('',(0.788010753606693,0.615661475325695,0.0));
#4146=DIRECTION('',(0.0,0.0,-1.0));
#4147=ORIENTED_EDGE('',*,*,#6228,.F.);
#4148=ORIENTED_EDGE('',*,*,#6229,.F.);
#4149=ORIENTED_EDGE('',*,*,#6230,.F.);
#4150=ORIENTED_EDGE('',*,*,#6226,.T.);
#4151=CARTESIAN_POINT('',(0.5746938177379,1.0,2.721156107597));
#4152=DIRECTION('',(-0.0,0.0,1.0));
#4153=DIRECTION('',(0.0,-1.0,0.0));
#4154=ORIENTED_EDGE('',*,*,#6229,.T.);
#4155=ORIENTED_EDGE('',*,*,#6231,.T.);
#4156=ORIENTED_EDGE('',*,*,#6232,.T.);
#4157=ORIENTED_EDGE('',*,*,#6233,.F.);
#4158=CARTESIAN_POINT('',(0.9259205588813,0.9,-0.55));
#4159=DIRECTION('',(-0.0,1.0,0.0));
#4160=DIRECTION('',(1.0,0.0,0.0));
#4161=ORIENTED_EDGE('',*,*,#6234,.F.);
#4162=ORIENTED_EDGE('',*,*,#6235,.F.);
#4163=ORIENTED_EDGE('',*,*,#6236,.F.);
#4164=ORIENTED_EDGE('',*,*,#6237,.T.);
#4165=CARTESIAN_POINT('',(0.546732322258,1.386675227138,-0.55));
#4166=DIRECTION('',(0.848048096156421,-0.529919264233213,0.0));
#4167=DIRECTION('',(0.0,0.0,-1.0));
#4168=ORIENTED_EDGE('',*,*,#6238,.F.);
#4169=ORIENTED_EDGE('',*,*,#6224,.F.);
#4170=ORIENTED_EDGE('',*,*,#6239,.F.);
#4171=ORIENTED_EDGE('',*,*,#6234,.T.);
#4172=CARTESIAN_POINT('',(0.4904258625934,1.107858064049,2.721156107597));
#4173=DIRECTION('',(0.0,0.0,1.0));
#4174=DIRECTION('',(-0.788010753606693,-0.615661475325695,0.0));
#4175=ORIENTED_EDGE('',*,*,#6240,.T.);
#4176=ORIENTED_EDGE('',*,*,#6241,.F.);
#4177=ORIENTED_EDGE('',*,*,#6232,.F.);
#4178=ORIENTED_EDGE('',*,*,#6242,.T.);
#4179=CARTESIAN_POINT('',(1.325920558881,0.9597516552069,-0.55));
#4180=DIRECTION('',(-1.0,0.0,0.0));
#4181=DIRECTION('',(0.0,0.0,1.0));
#4182=ORIENTED_EDGE('',*,*,#6243,.T.);
#4183=ORIENTED_EDGE('',*,*,#6244,.F.);
#4184=ORIENTED_EDGE('',*,*,#6245,.F.);
#4185=ORIENTED_EDGE('',*,*,#6246,.T.);
#4186=CARTESIAN_POINT('',(0.4472181327566,1.000734511752,0.55));
#4187=DIRECTION('',(-0.788010753606693,-0.615661475325695,0.0));
#4188=DIRECTION('',(-0.615661475325695,0.788010753606693,0.0));
#4189=ORIENTED_EDGE('',*,*,#6247,.F.);
#4190=ORIENTED_EDGE('',*,*,#6248,.F.);
#4191=ORIENTED_EDGE('',*,*,#6249,.F.);
#4192=ORIENTED_EDGE('',*,*,#6245,.T.);
#4193=CARTESIAN_POINT('',(0.4904258625934,1.107858064049,-2.721156107597));
#4194=DIRECTION('',(0.0,0.0,-1.0));
#4195=DIRECTION('',(-0.848048096156421,0.529919264233213,0.0));
#4196=ORIENTED_EDGE('',*,*,#6248,.T.);
#4197=ORIENTED_EDGE('',*,*,#6250,.F.);
#4198=ORIENTED_EDGE('',*,*,#6251,.T.);
#4199=ORIENTED_EDGE('',*,*,#6252,.T.);
#4200=CARTESIAN_POINT('',(0.546732322258,1.386675227138,0.55));
#4201=DIRECTION('',(-0.848048096156421,0.529919264233213,0.0));
#4202=DIRECTION('',(0.0,0.0,1.0));
#4203=ORIENTED_EDGE('',*,*,#6253,.F.);
#4204=ORIENTED_EDGE('',*,*,#6254,.F.);
#4205=ORIENTED_EDGE('',*,*,#6255,.T.);
#4206=ORIENTED_EDGE('',*,*,#6256,.T.);
#4207=CARTESIAN_POINT('',(1.325920558881,0.9597516552069,0.55));
#4208=DIRECTION('',(1.0,0.0,0.0));
#4209=DIRECTION('',(0.0,1.0,0.0));
#4210=ORIENTED_EDGE('',*,*,#6257,.F.);
#4211=ORIENTED_EDGE('',*,*,#6258,.T.);
#4212=ORIENTED_EDGE('',*,*,#6255,.F.);
#4213=ORIENTED_EDGE('',*,*,#6259,.F.);
#4214=CARTESIAN_POINT('',(0.9259205588813,0.9,0.55));
#4215=DIRECTION('',(0.0,-1.0,0.0));
#4216=DIRECTION('',(0.0,0.0,-1.0));
#4217=ORIENTED_EDGE('',*,*,#6260,.F.);
#4218=ORIENTED_EDGE('',*,*,#6243,.F.);
#4219=ORIENTED_EDGE('',*,*,#6261,.F.);
#4220=ORIENTED_EDGE('',*,*,#6257,.T.);
#4221=CARTESIAN_POINT('',(0.5746938177379,1.0,-2.721156107597));
#4222=DIRECTION('',(0.0,-0.0,-1.0));
#4223=DIRECTION('',(-0.788010753606693,-0.615661475325695,0.0));
#4224=ORIENTED_EDGE('',*,*,#6262,.T.);
#4225=ORIENTED_EDGE('',*,*,#6263,.F.);
#4226=ORIENTED_EDGE('',*,*,#6264,.T.);
#4227=ORIENTED_EDGE('',*,*,#6265,.T.);
#4228=CARTESIAN_POINT('',(1.675,0.775,0.7));
#4229=DIRECTION('',(0.707106781186548,0.707106781186548,0.0));
#4230=DIRECTION('',(0.0,0.0,-1.0));
#4231=ORIENTED_EDGE('',*,*,#6266,.F.);
#4232=ORIENTED_EDGE('',*,*,#6264,.F.);
#4233=ORIENTED_EDGE('',*,*,#6267,.F.);
#4234=ORIENTED_EDGE('',*,*,#6268,.T.);
#4235=CARTESIAN_POINT('',(1.765479212009,0.6138101098725,2.721156107597));
#4236=DIRECTION('',(-0.0,0.0,1.0));
#4237=DIRECTION('',(0.707106781186548,0.707106781186548,0.0));
#4238=ORIENTED_EDGE('',*,*,#6269,.F.);
#4239=ORIENTED_EDGE('',*,*,#6270,.T.);
#4240=ORIENTED_EDGE('',*,*,#2818,.F.);
#4241=ORIENTED_EDGE('',*,*,#6271,.F.);
#4242=CARTESIAN_POINT('',(0.975,1.15,0.7));
#4243=DIRECTION('',(-0.0,1.0,0.0));
#4244=DIRECTION('',(1.0,0.0,0.0));
#4245=ORIENTED_EDGE('',*,*,#6272,.F.);
#4246=ORIENTED_EDGE('',*,*,#6262,.F.);
#4247=ORIENTED_EDGE('',*,*,#6273,.F.);
#4248=ORIENTED_EDGE('',*,*,#6269,.T.);
#4249=CARTESIAN_POINT('',(1.279289321881,1.1,-2.721156107597));
#4250=DIRECTION('',(0.0,0.0,-1.0));
#4251=DIRECTION('',(0.707106781186548,0.707106781186548,0.0));
#4252=ORIENTED_EDGE('',*,*,#6268,.F.);
#4253=ORIENTED_EDGE('',*,*,#6274,.T.);
#4254=ORIENTED_EDGE('',*,*,#2870,.F.);
#4255=ORIENTED_EDGE('',*,*,#6275,.F.);
#4256=CARTESIAN_POINT('',(1.815479212009,0.4172603939956,0.7));
#4257=DIRECTION('',(1.0,0.0,0.0));
#4258=DIRECTION('',(0.0,1.0,0.0));
#4259=ORIENTED_EDGE('',*,*,#6276,.T.);
#4260=ORIENTED_EDGE('',*,*,#6277,.T.);
#4261=ORIENTED_EDGE('',*,*,#2824,.T.);
#4262=ORIENTED_EDGE('',*,*,#6278,.F.);
#4263=CARTESIAN_POINT('',(0.975,1.15,-0.7));
#4264=DIRECTION('',(0.0,-1.0,0.0));
#4265=DIRECTION('',(0.0,0.0,-1.0));
#4266=ORIENTED_EDGE('',*,*,#2876,.T.);
#4267=ORIENTED_EDGE('',*,*,#6279,.F.);
#4268=ORIENTED_EDGE('',*,*,#2822,.F.);
#4269=ORIENTED_EDGE('',*,*,#6280,.T.);
#4270=CARTESIAN_POINT('',(0.725,0.2,-0.7));
#4271=DIRECTION('',(-0.0,1.0,0.0));
#4272=DIRECTION('',(1.0,0.0,0.0));
#4273=ORIENTED_EDGE('',*,*,#6281,.T.);
#4274=ORIENTED_EDGE('',*,*,#6282,.T.);
#4275=ORIENTED_EDGE('',*,*,#2882,.T.);
#4276=ORIENTED_EDGE('',*,*,#6283,.F.);
#4277=CARTESIAN_POINT('',(1.815479212009,0.4172603939956,-0.7));
#4278=DIRECTION('',(-1.0,0.0,0.0));
#4279=DIRECTION('',(0.0,0.0,1.0));
#4280=ORIENTED_EDGE('',*,*,#6284,.F.);
#4281=ORIENTED_EDGE('',*,*,#6281,.F.);
#4282=ORIENTED_EDGE('',*,*,#6285,.F.);
#4283=ORIENTED_EDGE('',*,*,#6286,.T.);
#4284=CARTESIAN_POINT('',(1.765479212009,0.6138101098725,-2.721156107597));
#4285=DIRECTION('',(0.0,0.0,-1.0));
#4286=DIRECTION('',(1.0,0.0,0.0));
#4287=ORIENTED_EDGE('',*,*,#6287,.F.);
#4288=ORIENTED_EDGE('',*,*,#6288,.F.);
#4289=ORIENTED_EDGE('',*,*,#6286,.F.);
#4290=ORIENTED_EDGE('',*,*,#6289,.T.);
#4291=CARTESIAN_POINT('',(1.675,0.775,-0.7));
#4292=DIRECTION('',(-0.707106781186548,-0.707106781186548,0.0));
#4293=DIRECTION('',(-0.707106781186548,0.707106781186548,0.0));
#4294=ORIENTED_EDGE('',*,*,#6290,.F.);
#4295=ORIENTED_EDGE('',*,*,#6276,.F.);
#4296=ORIENTED_EDGE('',*,*,#6291,.F.);
#4297=ORIENTED_EDGE('',*,*,#6287,.T.);
#4298=CARTESIAN_POINT('',(1.279289321881,1.1,2.721156107597));
#4299=DIRECTION('',(-0.0,0.0,1.0));
#4300=DIRECTION('',(0.0,1.0,0.0));
#4301=ORIENTED_EDGE('',*,*,#6207,.T.);
#4302=ORIENTED_EDGE('',*,*,#6206,.F.);
#4303=ORIENTED_EDGE('',*,*,#6208,.T.);
#4304=ORIENTED_EDGE('',*,*,#6292,.T.);
#4305=ORIENTED_EDGE('',*,*,#2799,.F.);
#4306=ORIENTED_EDGE('',*,*,#2780,.T.);
#4307=ORIENTED_EDGE('',*,*,#6203,.F.);
#4308=CARTESIAN_POINT('',(0.0,0.92428,-0.75));
#4309=DIRECTION('',(1.0,0.0,0.0));
#4310=DIRECTION('',(0.0,1.0,0.0));
#4311=ORIENTED_EDGE('',*,*,#6293,.T.);
#4312=ORIENTED_EDGE('',*,*,#6294,.F.);
#4313=ORIENTED_EDGE('',*,*,#6295,.T.);
#4314=ORIENTED_EDGE('',*,*,#6222,.F.);
#4315=CARTESIAN_POINT('',(0.175,1.125,-2.721156107597));
#4316=DIRECTION('',(0.0,-0.0,-1.0));
#4317=DIRECTION('',(0.0,-1.0,0.0));
#4318=ORIENTED_EDGE('',*,*,#6296,.T.);
#4319=ORIENTED_EDGE('',*,*,#6223,.T.);
#4320=ORIENTED_EDGE('',*,*,#6295,.F.);
#4321=ORIENTED_EDGE('',*,*,#6297,.F.);
#4322=CARTESIAN_POINT('',(0.09393398282202,1.1,-0.656066017178));
#4323=DIRECTION('',(-0.0,1.0,0.0));
#4324=DIRECTION('',(1.0,0.0,0.0));
#4325=ORIENTED_EDGE('',*,*,#6209,.F.);
#4326=ORIENTED_EDGE('',*,*,#6220,.F.);
#4327=ORIENTED_EDGE('',*,*,#6296,.F.);
#4328=ORIENTED_EDGE('',*,*,#6298,.F.);
#4329=CARTESIAN_POINT('',(-4.568279145259,1.125,-0.575));
#4330=DIRECTION('',(-1.0,0.0,0.0));
#4331=DIRECTION('',(0.0,0.0,1.0));
#4332=ORIENTED_EDGE('',*,*,#2900,.F.);
#4333=ORIENTED_EDGE('',*,*,#6299,.T.);
#4334=ORIENTED_EDGE('',*,*,#6300,.T.);
#4335=ORIENTED_EDGE('',*,*,#6301,.F.);
#4336=CARTESIAN_POINT('',(0.55,0.2,-0.7));
#4337=DIRECTION('',(-0.0,1.0,0.0));
#4338=DIRECTION('',(1.0,0.0,0.0));
#4339=ORIENTED_EDGE('',*,*,#6302,.T.);
#4340=ORIENTED_EDGE('',*,*,#6303,.T.);
#4341=ORIENTED_EDGE('',*,*,#6304,.F.);
#4342=ORIENTED_EDGE('',*,*,#6300,.F.);
#4343=CARTESIAN_POINT('',(0.65,0.675,-0.7));
#4344=DIRECTION('',(-1.0,0.0,0.0));
#4345=DIRECTION('',(0.0,0.0,1.0));
#4346=ORIENTED_EDGE('',*,*,#6305,.F.);
#4347=ORIENTED_EDGE('',*,*,#6306,.F.);
#4348=ORIENTED_EDGE('',*,*,#6303,.F.);
#4349=ORIENTED_EDGE('',*,*,#6307,.T.);
#4350=CARTESIAN_POINT('',(0.425,1.15,-0.7));
#4351=DIRECTION('',(0.0,-1.0,0.0));
#4352=DIRECTION('',(0.0,0.0,-1.0));
#4353=ORIENTED_EDGE('',*,*,#6308,.F.);
#4354=ORIENTED_EDGE('',*,*,#6293,.F.);
#4355=ORIENTED_EDGE('',*,*,#6309,.F.);
#4356=ORIENTED_EDGE('',*,*,#6305,.T.);
#4357=CARTESIAN_POINT('',(0.225,1.125,2.721156107597));
#4358=DIRECTION('',(0.0,0.0,1.0));
#4359=DIRECTION('',(-1.0,0.0,0.0));
#4360=ORIENTED_EDGE('',*,*,#6310,.T.);
#4361=ORIENTED_EDGE('',*,*,#6311,.T.);
#4362=ORIENTED_EDGE('',*,*,#6312,.F.);
#4363=ORIENTED_EDGE('',*,*,#6313,.F.);
#4364=CARTESIAN_POINT('',(0.09393398282202,1.1,0.656066017178));
#4365=DIRECTION('',(0.0,-1.0,0.0));
#4366=DIRECTION('',(0.0,0.0,-1.0));
#4367=ORIENTED_EDGE('',*,*,#6314,.F.);
#4368=ORIENTED_EDGE('',*,*,#6315,.F.);
#4369=ORIENTED_EDGE('',*,*,#6311,.F.);
#4370=ORIENTED_EDGE('',*,*,#6316,.F.);
#4371=CARTESIAN_POINT('',(0.175,1.125,2.721156107597));
#4372=DIRECTION('',(-0.0,0.0,1.0));
#4373=DIRECTION('',(1.0,0.0,0.0));
#4374=ORIENTED_EDGE('',*,*,#2795,.T.);
#4375=ORIENTED_EDGE('',*,*,#2793,.T.);
#4376=ORIENTED_EDGE('',*,*,#6317,.T.);
#4377=ORIENTED_EDGE('',*,*,#6216,.T.);
#4378=ORIENTED_EDGE('',*,*,#6213,.T.);
#4379=ORIENTED_EDGE('',*,*,#6210,.T.);
#4380=ORIENTED_EDGE('',*,*,#2786,.T.);
#4381=CARTESIAN_POINT('',(0.0,0.92428,0.75));
#4382=DIRECTION('',(-1.0,0.0,0.0));
#4383=DIRECTION('',(0.0,0.0,1.0));
#4384=ORIENTED_EDGE('',*,*,#6217,.T.);
#4385=ORIENTED_EDGE('',*,*,#6318,.F.);
#4386=ORIENTED_EDGE('',*,*,#6313,.T.);
#4387=ORIENTED_EDGE('',*,*,#6319,.F.);
#4388=CARTESIAN_POINT('',(-4.568279145259,1.125,0.575));
#4389=DIRECTION('',(-1.0,-0.0,0.0));
#4390=DIRECTION('',(0.0,-1.0,0.0));
#4391=ORIENTED_EDGE('',*,*,#6320,.T.);
#4392=ORIENTED_EDGE('',*,*,#6321,.F.);
#4393=ORIENTED_EDGE('',*,*,#6322,.T.);
#4394=ORIENTED_EDGE('',*,*,#6323,.T.);
#4395=CARTESIAN_POINT('',(0.425,1.15,0.7));
#4396=DIRECTION('',(-0.0,1.0,0.0));
#4397=DIRECTION('',(1.0,0.0,0.0));
#4398=ORIENTED_EDGE('',*,*,#6324,.F.);
#4399=ORIENTED_EDGE('',*,*,#2832,.T.);
#4400=ORIENTED_EDGE('',*,*,#6325,.T.);
#4401=ORIENTED_EDGE('',*,*,#6322,.F.);
#4402=CARTESIAN_POINT('',(0.65,0.675,0.7));
#4403=DIRECTION('',(1.0,0.0,0.0));
#4404=DIRECTION('',(0.0,1.0,0.0));
#4405=ORIENTED_EDGE('',*,*,#6326,.F.);
#4406=ORIENTED_EDGE('',*,*,#6320,.F.);
#4407=ORIENTED_EDGE('',*,*,#6327,.F.);
#4408=ORIENTED_EDGE('',*,*,#6314,.T.);
#4409=CARTESIAN_POINT('',(0.225,1.125,-2.721156107597));
#4410=DIRECTION('',(0.0,0.0,-1.0));
#4411=DIRECTION('',(0.0,1.0,0.0));
#4412=ORIENTED_EDGE('',*,*,#6319,.T.);
#4413=ORIENTED_EDGE('',*,*,#6312,.T.);
#4414=ORIENTED_EDGE('',*,*,#6315,.T.);
#4415=ORIENTED_EDGE('',*,*,#6328,.F.);
#4416=ORIENTED_EDGE('',*,*,#2921,.F.);
#4417=ORIENTED_EDGE('',*,*,#2908,.T.);
#4418=ORIENTED_EDGE('',*,*,#2828,.F.);
#4419=ORIENTED_EDGE('',*,*,#6219,.F.);
#4420=CARTESIAN_POINT('',(0.2,0.2,0.55));
#4421=DIRECTION('',(-0.0,-1.0,0.0));
#4422=DIRECTION('',(-1.0,0.0,0.0));
#4423=ORIENTED_EDGE('',*,*,#6261,.T.);
#4424=ORIENTED_EDGE('',*,*,#6246,.F.);
#4425=ORIENTED_EDGE('',*,*,#6249,.T.);
#4426=ORIENTED_EDGE('',*,*,#6252,.F.);
#4427=ORIENTED_EDGE('',*,*,#6329,.F.);
#4428=ORIENTED_EDGE('',*,*,#6330,.T.);
#4429=ORIENTED_EDGE('',*,*,#6331,.F.);
#4430=ORIENTED_EDGE('',*,*,#2930,.F.);
#4431=ORIENTED_EDGE('',*,*,#6332,.T.);
#4432=ORIENTED_EDGE('',*,*,#6256,.F.);
#4433=ORIENTED_EDGE('',*,*,#6258,.F.);
#4434=CARTESIAN_POINT('',(1.347669579765,1.544509246674,0.5));
#4435=DIRECTION('',(0.0,0.0,1.0));
#4436=DIRECTION('',(1.0,0.0,0.0));
#4437=ORIENTED_EDGE('',*,*,#6239,.T.);
#4438=ORIENTED_EDGE('',*,*,#6227,.T.);
#4439=ORIENTED_EDGE('',*,*,#6230,.T.);
#4440=ORIENTED_EDGE('',*,*,#6233,.T.);
#4441=ORIENTED_EDGE('',*,*,#6241,.T.);
#4442=ORIENTED_EDGE('',*,*,#6333,.T.);
#4443=ORIENTED_EDGE('',*,*,#2937,.T.);
#4444=ORIENTED_EDGE('',*,*,#6334,.T.);
#4445=ORIENTED_EDGE('',*,*,#6335,.T.);
#4446=ORIENTED_EDGE('',*,*,#6336,.T.);
#4447=ORIENTED_EDGE('',*,*,#6235,.T.);
#4448=CARTESIAN_POINT('',(1.347669579765,1.544509246674,-0.5));
#4449=DIRECTION('',(0.0,0.0,1.0));
#4450=DIRECTION('',(1.0,0.0,0.0));
#4451=ORIENTED_EDGE('',*,*,#6309,.T.);
#4452=ORIENTED_EDGE('',*,*,#6221,.T.);
#4453=ORIENTED_EDGE('',*,*,#2940,.T.);
#4454=ORIENTED_EDGE('',*,*,#6301,.T.);
#4455=ORIENTED_EDGE('',*,*,#6304,.T.);
#4456=ORIENTED_EDGE('',*,*,#6306,.T.);
#4457=CARTESIAN_POINT('',(0.10692,0.0,-0.65));
#4458=DIRECTION('',(0.0,0.0,1.0));
#4459=DIRECTION('',(1.0,0.0,0.0));
#4460=ORIENTED_EDGE('',*,*,#6291,.T.);
#4461=ORIENTED_EDGE('',*,*,#6278,.T.);
#4462=ORIENTED_EDGE('',*,*,#2823,.F.);
#4463=ORIENTED_EDGE('',*,*,#6279,.T.);
#4464=ORIENTED_EDGE('',*,*,#2944,.T.);
#4465=ORIENTED_EDGE('',*,*,#6282,.F.);
#4466=ORIENTED_EDGE('',*,*,#6284,.T.);
#4467=ORIENTED_EDGE('',*,*,#6288,.T.);
#4468=CARTESIAN_POINT('',(1.097,0.0,-0.65));
#4469=DIRECTION('',(0.0,0.0,1.0));
#4470=DIRECTION('',(1.0,0.0,0.0));
#4471=ORIENTED_EDGE('',*,*,#6273,.T.);
#4472=ORIENTED_EDGE('',*,*,#6265,.F.);
#4473=ORIENTED_EDGE('',*,*,#6266,.T.);
#4474=ORIENTED_EDGE('',*,*,#6275,.T.);
#4475=ORIENTED_EDGE('',*,*,#2946,.T.);
#4476=ORIENTED_EDGE('',*,*,#2815,.F.);
#4477=ORIENTED_EDGE('',*,*,#2819,.T.);
#4478=ORIENTED_EDGE('',*,*,#6270,.F.);
#4479=CARTESIAN_POINT('',(1.097,0.0,0.65));
#4480=DIRECTION('',(0.0,0.0,1.0));
#4481=DIRECTION('',(1.0,0.0,0.0));
#4482=ORIENTED_EDGE('',*,*,#6327,.T.);
#4483=ORIENTED_EDGE('',*,*,#6323,.F.);
#4484=ORIENTED_EDGE('',*,*,#6325,.F.);
#4485=ORIENTED_EDGE('',*,*,#2831,.F.);
#4486=ORIENTED_EDGE('',*,*,#2950,.T.);
#4487=ORIENTED_EDGE('',*,*,#6328,.T.);
#4488=CARTESIAN_POINT('',(0.10692,0.0,0.65));
#4489=DIRECTION('',(0.0,0.0,1.0));
#4490=DIRECTION('',(1.0,0.0,0.0));
#4491=ORIENTED_EDGE('',*,*,#6337,.T.);
#4492=ORIENTED_EDGE('',*,*,#6335,.F.);
#4493=ORIENTED_EDGE('',*,*,#6338,.F.);
#4494=ORIENTED_EDGE('',*,*,#6192,.F.);
#4495=CARTESIAN_POINT('',(1.198700380993,1.576946198887,-2.721156107597));
#4496=DIRECTION('',(0.0,-0.0,-1.0));
#4497=DIRECTION('',(-0.995358503545875,-0.0962364245954575,0.0));
#4498=ORIENTED_EDGE('',*,*,#6337,.F.);
#4499=ORIENTED_EDGE('',*,*,#6191,.F.);
#4500=ORIENTED_EDGE('',*,*,#6339,.T.);
#4501=ORIENTED_EDGE('',*,*,#6236,.T.);
#4502=ORIENTED_EDGE('',*,*,#6336,.F.);
#4503=CARTESIAN_POINT('',(0.92,1.55,-0.55));
#4504=DIRECTION('',(0.0,-0.0,-1.0));
#4505=DIRECTION('',(0.980101841840807,-0.198495288660101,0.0));
#4506=ORIENTED_EDGE('',*,*,#6238,.T.);
#4507=ORIENTED_EDGE('',*,*,#6237,.F.);
#4508=ORIENTED_EDGE('',*,*,#6339,.F.);
#4509=ORIENTED_EDGE('',*,*,#6340,.F.);
#4510=ORIENTED_EDGE('',*,*,#6341,.T.);
#4511=ORIENTED_EDGE('',*,*,#6196,.F.);
#4512=ORIENTED_EDGE('',*,*,#6342,.T.);
#4513=ORIENTED_EDGE('',*,*,#6242,.F.);
#4514=ORIENTED_EDGE('',*,*,#6231,.F.);
#4515=ORIENTED_EDGE('',*,*,#6228,.T.);
#4516=ORIENTED_EDGE('',*,*,#6225,.F.);
#4517=CARTESIAN_POINT('',(1.347669579765,1.544509246674,-0.6));
#4518=DIRECTION('',(0.0,0.0,1.0));
#4519=DIRECTION('',(1.0,0.0,0.0));
#4520=ORIENTED_EDGE('',*,*,#2842,.T.);
#4521=ORIENTED_EDGE('',*,*,#2938,.F.);
#4522=ORIENTED_EDGE('',*,*,#6333,.F.);
#4523=ORIENTED_EDGE('',*,*,#6240,.F.);
#4524=ORIENTED_EDGE('',*,*,#6342,.F.);
#4525=ORIENTED_EDGE('',*,*,#6195,.F.);
#4526=CARTESIAN_POINT('',(1.375920558881,0.9844929335033,-2.721156107597));
#4527=DIRECTION('',(0.0,0.0,-1.0));
#4528=DIRECTION('',(-0.342020143325699,0.939692620785897,0.0));
#4529=ORIENTED_EDGE('',*,*,#6343,.T.);
#4530=ORIENTED_EDGE('',*,*,#6329,.T.);
#4531=ORIENTED_EDGE('',*,*,#6251,.F.);
#4532=ORIENTED_EDGE('',*,*,#6344,.F.);
#4533=ORIENTED_EDGE('',*,*,#6189,.F.);
#4534=CARTESIAN_POINT('',(0.92,1.55,0.55));
#4535=DIRECTION('',(0.0,-0.0,-1.0));
#4536=DIRECTION('',(0.980101841840807,-0.198495288660101,0.0));
#4537=ORIENTED_EDGE('',*,*,#6345,.T.);
#4538=ORIENTED_EDGE('',*,*,#6330,.F.);
#4539=ORIENTED_EDGE('',*,*,#6343,.F.);
#4540=ORIENTED_EDGE('',*,*,#6188,.F.);
#4541=CARTESIAN_POINT('',(1.198700380993,1.576946198887,2.721156107597));
#4542=DIRECTION('',(-0.0,0.0,1.0));
#4543=DIRECTION('',(0.342020143325699,-0.939692620785897,0.0));
#4544=ORIENTED_EDGE('',*,*,#6253,.T.);
#4545=ORIENTED_EDGE('',*,*,#6332,.F.);
#4546=ORIENTED_EDGE('',*,*,#2933,.F.);
#4547=ORIENTED_EDGE('',*,*,#2847,.F.);
#4548=ORIENTED_EDGE('',*,*,#6185,.F.);
#4549=ORIENTED_EDGE('',*,*,#6346,.F.);
#4550=CARTESIAN_POINT('',(1.375920558881,0.9844929335033,2.721156107597));
#4551=DIRECTION('',(0.0,0.0,1.0));
#4552=DIRECTION('',(-1.0,0.0,0.0));
#4553=ORIENTED_EDGE('',*,*,#6260,.T.);
#4554=ORIENTED_EDGE('',*,*,#6259,.T.);
#4555=ORIENTED_EDGE('',*,*,#6254,.T.);
#4556=ORIENTED_EDGE('',*,*,#6346,.T.);
#4557=ORIENTED_EDGE('',*,*,#6184,.T.);
#4558=ORIENTED_EDGE('',*,*,#6347,.F.);
#4559=ORIENTED_EDGE('',*,*,#6348,.F.);
#4560=ORIENTED_EDGE('',*,*,#6344,.T.);
#4561=ORIENTED_EDGE('',*,*,#6250,.T.);
#4562=ORIENTED_EDGE('',*,*,#6247,.T.);
#4563=ORIENTED_EDGE('',*,*,#6244,.T.);
#4564=CARTESIAN_POINT('',(1.347669579765,1.544509246674,0.6));
#4565=DIRECTION('',(0.0,0.0,1.0));
#4566=DIRECTION('',(1.0,0.0,0.0));
#4567=ORIENTED_EDGE('',*,*,#6345,.F.);
#4568=ORIENTED_EDGE('',*,*,#6187,.T.);
#4569=ORIENTED_EDGE('',*,*,#2952,.T.);
#4570=ORIENTED_EDGE('',*,*,#2931,.F.);
#4571=ORIENTED_EDGE('',*,*,#6331,.T.);
#4572=CARTESIAN_POINT('',(1.248650395015,1.541917628568,0.506066017178));
#4573=DIRECTION('',(0.342020143325699,-0.939692620785897,0.0));
#4574=DIRECTION('',(0.0,0.0,-1.0));
#4575=ORIENTED_EDGE('',*,*,#6338,.T.);
#4576=ORIENTED_EDGE('',*,*,#6334,.F.);
#4577=ORIENTED_EDGE('',*,*,#2936,.T.);
#4578=ORIENTED_EDGE('',*,*,#2958,.F.);
#4579=ORIENTED_EDGE('',*,*,#6193,.F.);
#4580=CARTESIAN_POINT('',(1.248650395015,1.541917628568,-0.506066017178));
#4581=DIRECTION('',(-0.342020143325699,0.939692620785897,0.0));
#4582=DIRECTION('',(0.0,0.0,1.0));
#4583=ORIENTED_EDGE('',*,*,#6272,.T.);
#4584=ORIENTED_EDGE('',*,*,#6271,.T.);
#4585=ORIENTED_EDGE('',*,*,#2817,.F.);
#4586=ORIENTED_EDGE('',*,*,#2813,.T.);
#4587=ORIENTED_EDGE('',*,*,#3014,.T.);
#4588=ORIENTED_EDGE('',*,*,#6274,.F.);
#4589=ORIENTED_EDGE('',*,*,#6267,.T.);
#4590=ORIENTED_EDGE('',*,*,#6263,.T.);
#4591=CARTESIAN_POINT('',(1.097,0.0,0.75));
#4592=DIRECTION('',(0.0,0.0,1.0));
#4593=DIRECTION('',(1.0,0.0,0.0));
#4594=ORIENTED_EDGE('',*,*,#6290,.T.);
#4595=ORIENTED_EDGE('',*,*,#6289,.F.);
#4596=ORIENTED_EDGE('',*,*,#6285,.T.);
#4597=ORIENTED_EDGE('',*,*,#6283,.T.);
#4598=ORIENTED_EDGE('',*,*,#3028,.T.);
#4599=ORIENTED_EDGE('',*,*,#6280,.F.);
#4600=ORIENTED_EDGE('',*,*,#2821,.T.);
#4601=ORIENTED_EDGE('',*,*,#6277,.F.);
#4602=CARTESIAN_POINT('',(1.097,0.0,-0.75));
#4603=DIRECTION('',(0.0,0.0,1.0));
#4604=DIRECTION('',(1.0,0.0,0.0));
#4605=ORIENTED_EDGE('',*,*,#6298,.T.);
#4606=ORIENTED_EDGE('',*,*,#6297,.T.);
#4607=ORIENTED_EDGE('',*,*,#6294,.T.);
#4608=ORIENTED_EDGE('',*,*,#6349,.F.);
#4609=ORIENTED_EDGE('',*,*,#3052,.T.);
#4610=ORIENTED_EDGE('',*,*,#2890,.T.);
#4611=ORIENTED_EDGE('',*,*,#2840,.F.);
#4612=ORIENTED_EDGE('',*,*,#6292,.F.);
#4613=CARTESIAN_POINT('',(0.2,0.2,-0.55));
#4614=DIRECTION('',(0.0,1.0,-0.0));
#4615=DIRECTION('',(-1.0,0.0,0.0));
#4616=ORIENTED_EDGE('',*,*,#6308,.T.);
#4617=ORIENTED_EDGE('',*,*,#6307,.F.);
#4618=ORIENTED_EDGE('',*,*,#6302,.F.);
#4619=ORIENTED_EDGE('',*,*,#6299,.F.);
#4620=ORIENTED_EDGE('',*,*,#3050,.T.);
#4621=ORIENTED_EDGE('',*,*,#6349,.T.);
#4622=CARTESIAN_POINT('',(0.10692,0.0,-0.75));
#4623=DIRECTION('',(0.0,0.0,1.0));
#4624=DIRECTION('',(1.0,0.0,0.0));
#4625=ORIENTED_EDGE('',*,*,#6318,.T.);
#4626=ORIENTED_EDGE('',*,*,#6317,.F.);
#4627=ORIENTED_EDGE('',*,*,#2827,.T.);
#4628=ORIENTED_EDGE('',*,*,#2911,.T.);
#4629=ORIENTED_EDGE('',*,*,#3067,.F.);
#4630=ORIENTED_EDGE('',*,*,#6350,.F.);
#4631=ORIENTED_EDGE('',*,*,#6316,.T.);
#4632=ORIENTED_EDGE('',*,*,#6310,.F.);
#4633=CARTESIAN_POINT('',(0.2,0.2,0.55));
#4634=DIRECTION('',(-0.0,-1.0,0.0));
#4635=DIRECTION('',(-1.0,0.0,0.0));
#4636=ORIENTED_EDGE('',*,*,#6326,.T.);
#4637=ORIENTED_EDGE('',*,*,#6350,.T.);
#4638=ORIENTED_EDGE('',*,*,#3066,.T.);
#4639=ORIENTED_EDGE('',*,*,#2833,.T.);
#4640=ORIENTED_EDGE('',*,*,#6324,.T.);
#4641=ORIENTED_EDGE('',*,*,#6321,.T.);
#4642=CARTESIAN_POINT('',(0.10692,0.0,0.75));
#4643=DIRECTION('',(0.0,0.0,1.0));
#4644=DIRECTION('',(1.0,0.0,0.0));
#4645=ORIENTED_EDGE('',*,*,#6190,.T.);
#4646=ORIENTED_EDGE('',*,*,#6341,.F.);
#4647=ORIENTED_EDGE('',*,*,#6340,.T.);
#4648=CARTESIAN_POINT('',(1.325920558881,1.019503310414,-0.4));
#4649=DIRECTION('',(-0.342020143325699,0.939692620785897,0.0));
#4650=DIRECTION('',(0.0,0.0,-1.0));
#4651=ORIENTED_EDGE('',*,*,#6351,.F.);
#4652=ORIENTED_EDGE('',*,*,#6352,.T.);
#4653=ORIENTED_EDGE('',*,*,#6353,.T.);
#4654=ORIENTED_EDGE('',*,*,#2844,.F.);
#4655=CARTESIAN_POINT('',(1.451271378207,1.113675424831,-0.475));
#4656=DIRECTION('',(-0.292208191368812,0.802835407565534,0.519682288765022));
#4657=DIRECTION('',(0.871656581660597,-4.45663177231789E-17,0.490117132579308));
#4658=ORIENTED_EDGE('',*,*,#6354,.T.);
#4659=ORIENTED_EDGE('',*,*,#6355,.T.);
#4660=ORIENTED_EDGE('',*,*,#6356,.F.);
#4661=ORIENTED_EDGE('',*,*,#6357,.F.);
#4662=CARTESIAN_POINT('',(1.501271378207,0.9763015538579,0.55));
#4663=DIRECTION('',(0.0,0.0,-1.0));
#4664=DIRECTION('',(0.0,-1.0,0.0));
#4665=ORIENTED_EDGE('',*,*,#6358,.T.);
#4666=ORIENTED_EDGE('',*,*,#2849,.T.);
#4667=ORIENTED_EDGE('',*,*,#6359,.F.);
#4668=ORIENTED_EDGE('',*,*,#6355,.F.);
#4669=CARTESIAN_POINT('',(1.451271378207,1.113675424831,0.475));
#4670=DIRECTION('',(0.292208191368812,-0.802835407565534,0.519682288765022));
#4671=DIRECTION('',(-0.939692620785915,-0.342020143325651,2.88481621238413E-17));
#4672=ORIENTED_EDGE('',*,*,#6183,.T.);
#4673=ORIENTED_EDGE('',*,*,#6348,.T.);
#4674=ORIENTED_EDGE('',*,*,#6347,.T.);
#4675=CARTESIAN_POINT('',(1.325920558881,1.019503310414,0.4));
#4676=DIRECTION('',(0.342020143325699,-0.939692620785897,0.0));
#4677=DIRECTION('',(0.0,0.0,1.0));
#4678=ORIENTED_EDGE('',*,*,#6360,.F.);
#4679=ORIENTED_EDGE('',*,*,#6361,.T.);
#4680=ORIENTED_EDGE('',*,*,#6362,.T.);
#4681=ORIENTED_EDGE('',*,*,#6352,.F.);
#4682=CARTESIAN_POINT('',(1.501271378207,0.9763015538579,-0.55));
#4683=DIRECTION('',(0.0,0.0,-1.0));
#4684=DIRECTION('',(0.0,-1.0,0.0));
#4685=ORIENTED_EDGE('',*,*,#2959,.T.);
#4686=ORIENTED_EDGE('',*,*,#2935,.F.);
#4687=ORIENTED_EDGE('',*,*,#6353,.F.);
#4688=ORIENTED_EDGE('',*,*,#6362,.F.);
#4689=ORIENTED_EDGE('',*,*,#6363,.F.);
#4690=ORIENTED_EDGE('',*,*,#6356,.T.);
#4691=ORIENTED_EDGE('',*,*,#6359,.T.);
#4692=ORIENTED_EDGE('',*,*,#2932,.T.);
#4693=ORIENTED_EDGE('',*,*,#2954,.F.);
#4694=ORIENTED_EDGE('',*,*,#2928,.T.);
#4695=CARTESIAN_POINT('',(1.51988982096,0.7789575828009,0.75));
#4696=DIRECTION('',(-0.939692620785897,-0.342020143325699,0.0));
#4697=DIRECTION('',(-0.342020143325699,0.939692620785897,0.0));
#4698=ORIENTED_EDGE('',*,*,#6364,.T.);
#4699=ORIENTED_EDGE('',*,*,#6357,.T.);
#4700=ORIENTED_EDGE('',*,*,#6365,.F.);
#4701=ORIENTED_EDGE('',*,*,#6366,.F.);
#4702=CARTESIAN_POINT('',(1.59250258491,0.7626593568998,0.55));
#4703=DIRECTION('',(0.0,0.0,-1.0));
#4704=DIRECTION('',(0.0,-1.0,0.0));
#4705=ORIENTED_EDGE('',*,*,#2960,.F.);
#4706=ORIENTED_EDGE('',*,*,#2956,.F.);
#4707=ORIENTED_EDGE('',*,*,#2953,.T.);
#4708=ORIENTED_EDGE('',*,*,#6186,.F.);
#4709=ORIENTED_EDGE('',*,*,#6358,.F.);
#4710=ORIENTED_EDGE('',*,*,#6354,.F.);
#4711=ORIENTED_EDGE('',*,*,#6367,.T.);
#4712=ORIENTED_EDGE('',*,*,#6360,.T.);
#4713=ORIENTED_EDGE('',*,*,#6351,.T.);
#4714=ORIENTED_EDGE('',*,*,#6194,.T.);
#4715=CARTESIAN_POINT('',(1.613859083038,0.8131595971335,0.75));
#4716=DIRECTION('',(-0.939692620785897,-0.342020143325699,0.0));
#4717=DIRECTION('',(-0.342020143325699,0.939692620785897,0.0));
#4718=ORIENTED_EDGE('',*,*,#6368,.T.);
#4719=ORIENTED_EDGE('',*,*,#6181,.F.);
#4720=ORIENTED_EDGE('',*,*,#6369,.F.);
#4721=ORIENTED_EDGE('',*,*,#6177,.F.);
#4722=ORIENTED_EDGE('',*,*,#6176,.F.);
#4723=ORIENTED_EDGE('',*,*,#3022,.F.);
#4724=ORIENTED_EDGE('',*,*,#6182,.T.);
#4725=ORIENTED_EDGE('',*,*,#6368,.F.);
#4726=CARTESIAN_POINT('',(3.45,0.4,-0.75));
#4727=DIRECTION('',(0.0,0.0,-1.0));
#4728=DIRECTION('',(0.0,-1.0,0.0));
#4729=ORIENTED_EDGE('',*,*,#6370,.F.);
#4730=ORIENTED_EDGE('',*,*,#6371,.T.);
#4731=ORIENTED_EDGE('',*,*,#6372,.T.);
#4732=ORIENTED_EDGE('',*,*,#6361,.F.);
#4733=CARTESIAN_POINT('',(1.59250258491,0.7626593568998,-0.55));
#4734=DIRECTION('',(0.0,0.0,-1.0));
#4735=DIRECTION('',(0.0,-1.0,0.0));
#4736=ORIENTED_EDGE('',*,*,#6373,.F.);
#4737=ORIENTED_EDGE('',*,*,#6365,.T.);
#4738=ORIENTED_EDGE('',*,*,#6363,.T.);
#4739=ORIENTED_EDGE('',*,*,#6372,.F.);
#4740=CARTESIAN_POINT('',(1.632652935454,0.82,0.75));
#4741=DIRECTION('',(-0.0,0.0,1.0));
#4742=DIRECTION('',(1.0,0.0,0.0));
#4743=ORIENTED_EDGE('',*,*,#6179,.T.);
#4744=ORIENTED_EDGE('',*,*,#3086,.F.);
#4745=ORIENTED_EDGE('',*,*,#6374,.T.);
#4746=ORIENTED_EDGE('',*,*,#6375,.T.);
#4747=CARTESIAN_POINT('',(3.1,0.4,0.75));
#4748=DIRECTION('',(-0.0,0.0,1.0));
#4749=DIRECTION('',(1.0,0.0,0.0));
#4750=ORIENTED_EDGE('',*,*,#6369,.T.);
#4751=ORIENTED_EDGE('',*,*,#6180,.F.);
#4752=ORIENTED_EDGE('',*,*,#6376,.F.);
#4753=ORIENTED_EDGE('',*,*,#6178,.T.);
#4754=ORIENTED_EDGE('',*,*,#6377,.F.);
#4755=ORIENTED_EDGE('',*,*,#6366,.T.);
#4756=ORIENTED_EDGE('',*,*,#6378,.T.);
#4757=ORIENTED_EDGE('',*,*,#3094,.F.);
#4758=CARTESIAN_POINT('',(1.832652935454,0.75,0.625));
#4759=DIRECTION('',(-0.351123441588414,0.0,0.936329177569036));
#4760=DIRECTION('',(0.0,1.0,0.0));
#4761=ORIENTED_EDGE('',*,*,#6379,.T.);
#4762=ORIENTED_EDGE('',*,*,#6370,.T.);
#4763=ORIENTED_EDGE('',*,*,#6367,.F.);
#4764=ORIENTED_EDGE('',*,*,#6364,.F.);
#4765=CARTESIAN_POINT('',(1.632652935454,0.82,0.75));
#4766=DIRECTION('',(-0.0,0.0,1.0));
#4767=DIRECTION('',(1.0,0.0,0.0));
#4768=ORIENTED_EDGE('',*,*,#6175,.T.);
#4769=ORIENTED_EDGE('',*,*,#6380,.F.);
#4770=ORIENTED_EDGE('',*,*,#6381,.F.);
#4771=ORIENTED_EDGE('',*,*,#3084,.T.);
#4772=CARTESIAN_POINT('',(3.1,0.4,0.75));
#4773=DIRECTION('',(-0.0,0.0,1.0));
#4774=DIRECTION('',(1.0,0.0,0.0));
#4775=ORIENTED_EDGE('',*,*,#6382,.F.);
#4776=ORIENTED_EDGE('',*,*,#6383,.T.);
#4777=ORIENTED_EDGE('',*,*,#6384,.T.);
#4778=ORIENTED_EDGE('',*,*,#6371,.F.);
#4779=CARTESIAN_POINT('',(1.832652935454,0.75,-0.625));
#4780=DIRECTION('',(-0.351123441588414,0.0,-0.936329177569036));
#4781=DIRECTION('',(-0.936329177569036,0.0,0.351123441588414));
#4782=ORIENTED_EDGE('',*,*,#6374,.F.);
#4783=ORIENTED_EDGE('',*,*,#3095,.T.);
#4784=ORIENTED_EDGE('',*,*,#6378,.F.);
#4785=ORIENTED_EDGE('',*,*,#6373,.T.);
#4786=ORIENTED_EDGE('',*,*,#6384,.F.);
#4787=ORIENTED_EDGE('',*,*,#6385,.F.);
#4788=CARTESIAN_POINT('',(3.1,0.7,0.75));
#4789=DIRECTION('',(0.0,-1.0,0.0));
#4790=DIRECTION('',(0.0,0.0,-1.0));
#4791=ORIENTED_EDGE('',*,*,#6380,.T.);
#4792=ORIENTED_EDGE('',*,*,#6376,.T.);
#4793=ORIENTED_EDGE('',*,*,#6375,.F.);
#4794=ORIENTED_EDGE('',*,*,#6386,.F.);
#4795=ORIENTED_EDGE('',*,*,#6381,.T.);
#4796=ORIENTED_EDGE('',*,*,#6387,.T.);
#4797=ORIENTED_EDGE('',*,*,#6382,.T.);
#4798=ORIENTED_EDGE('',*,*,#6379,.F.);
#4799=ORIENTED_EDGE('',*,*,#6377,.T.);
#4800=ORIENTED_EDGE('',*,*,#3093,.F.);
#4801=CARTESIAN_POINT('',(3.1,0.8,0.75));
#4802=DIRECTION('',(0.0,-1.0,0.0));
#4803=DIRECTION('',(0.0,0.0,-1.0));
#4804=ORIENTED_EDGE('',*,*,#6387,.F.);
#4805=ORIENTED_EDGE('',*,*,#6386,.T.);
#4806=ORIENTED_EDGE('',*,*,#6385,.T.);
#4807=ORIENTED_EDGE('',*,*,#6383,.F.);
#4808=CARTESIAN_POINT('',(2.566326467727,0.75,-0.7));
#4809=DIRECTION('',(0.0,0.0,-1.0));
#4810=DIRECTION('',(0.0,-1.0,0.0));
#4811=FILL_AREA_STYLE_COLOUR('',#6388);
#4812=VERTEX_POINT('',#6389);
#4813=VERTEX_POINT('',#6390);
#4814=B_SPLINE_CURVE_WITH_KNOTS('',3,(#6391,#6392,#6393,#6394,#6395,#6396,#6397,#6398,#6399,#6400),.UNSPECIFIED.,.F.,.F.,(4,2,2,2,4),(-0.0701769953820508,-0.0643870777989475,-0.0585971602157686,-0.0529426355034128,-0.047288110791057),.UNSPECIFIED.);
#4815=VERTEX_POINT('',#6401);
#4816=LINE('',#6402,#6403);
#4817=VERTEX_POINT('',#6404);
#4818=B_SPLINE_CURVE_WITH_KNOTS('',3,(#6405,#6406,#6407,#6408,#6409,#6410,#6411,#6412,#6413,#6414),.UNSPECIFIED.,.F.,.F.,(4,2,2,2,4),(0.049721431211837,0.0553787469690772,0.0610360627263175,0.0669270761168396,0.0728180895073767),.UNSPECIFIED.);
#4819=LINE('',#6415,#6416);
#4820=FILL_AREA_STYLE_COLOUR('',#6417);
#4821=VERTEX_POINT('',#6418);
#4822=LINE('',#6419,#6420);
#4823=VERTEX_POINT('',#6421);
#4824=B_SPLINE_CURVE_WITH_KNOTS('',3,(#6422,#6423,#6424,#6425,#6426,#6427,#6428,#6429,#6430,#6431),.UNSPECIFIED.,.F.,.F.,(4,2,2,2,4),(0.0472881107910631,0.0529426355034127,0.0585971602157622,0.0643870777989354,0.0701769953821327),.UNSPECIFIED.);
#4825=VERTEX_POINT('',#6432);
#4826=CIRCLE('',#6433,0.45);
#4827=VERTEX_POINT('',#6434);
#4828=B_SPLINE_CURVE_WITH_KNOTS('',3,(#6435,#6436,#6437,#6438),.UNSPECIFIED.,.F.,.F.,(4,4),(0.0688257615678293,0.0737474396843317),.UNSPECIFIED.);
#4829=VERTEX_POINT('',#6439);
#4830=LINE('',#6440,#6441);
#4831=VERTEX_POINT('',#6442);
#4832=B_SPLINE_CURVE_WITH_KNOTS('',3,(#6443,#6444,#6445,#6446),.UNSPECIFIED.,.F.,.F.,(4,4),(0.0177515027185692,0.0226731808352486),.UNSPECIFIED.);
#4833=CIRCLE('',#6447,0.45);
#4834=FILL_AREA_STYLE_COLOUR('',#6448);
#4835=VERTEX_POINT('',#6449);
#4836=LINE('',#6450,#6451);
#4837=CIRCLE('',#6452,0.35);
#4838=FILL_AREA_STYLE_COLOUR('',#6453);
#4839=VERTEX_POINT('',#6454);
#4840=LINE('',#6455,#6456);
#4841=LINE('',#6457,#6458);
#4842=FILL_AREA_STYLE_COLOUR('',#6459);
#4843=VERTEX_POINT('',#6460);
#4844=B_SPLINE_CURVE_WITH_KNOTS('',3,(#6461,#6462,#6463,#6464,#6465,#6466,#6467,#6468,#6469,#6470),.UNSPECIFIED.,.F.,.F.,(4,2,2,2,4),(-0.0728723660781983,-0.0669813526877189,-0.0610903392972022,-0.0554330235399685,-0.0497757077827349),.UNSPECIFIED.);
#4845=LINE('',#6471,#6472);
#4846=FILL_AREA_STYLE_COLOUR('',#6473);
#4847=VERTEX_POINT('',#6474);
#4848=LINE('',#6475,#6476);
#4849=CIRCLE('',#6477,0.35);
#4850=FILL_AREA_STYLE_COLOUR('',#6478);
#4851=VERTEX_POINT('',#6479);
#4852=B_SPLINE_CURVE_WITH_KNOTS('',3,(#6480,#6481,#6482,#6483,#6484,#6485,#6486),.UNSPECIFIED.,.F.,.F.,(4,3,4),(4.4206028001907E-14,0.500000000000011,1.0),.UNSPECIFIED.);
#4853=VERTEX_POINT('',#6487);
#4854=CIRCLE('',#6488,0.15);
#4855=VERTEX_POINT('',#6489);
#4856=LINE('',#6490,#6491);
#4857=CIRCLE('',#6492,0.15);
#4858=FILL_AREA_STYLE_COLOUR('',#6493);
#4859=VERTEX_POINT('',#6494);
#4860=CIRCLE('',#6495,0.15);
#4861=LINE('',#6496,#6497);
#4862=FILL_AREA_STYLE_COLOUR('',#6498);
#4863=VERTEX_POINT('',#6499);
#4864=LINE('',#6500,#6501);
#4865=VERTEX_POINT('',#6502);
#4866=CIRCLE('',#6503,0.15);
#4867=B_SPLINE_CURVE_WITH_KNOTS('',3,(#6504,#6505,#6506,#6507,#6508,#6509,#6510),.UNSPECIFIED.,.F.,.F.,(4,3,4),(0.0,0.500000000000006,1.00000000000002),.UNSPECIFIED.);
#4868=FILL_AREA_STYLE_COLOUR('',#6511);
#4869=LINE('',#6512,#6513);
#4870=FILL_AREA_STYLE_COLOUR('',#6514);
#4871=ORIENTED_EDGE('',*,*,#3405,.T.);
#4872=ORIENTED_EDGE('',*,*,#3417,.T.);
#4873=ORIENTED_EDGE('',*,*,#3438,.T.);
#4874=ORIENTED_EDGE('',*,*,#6515,.T.);
#4875=ORIENTED_EDGE('',*,*,#3428,.T.);
#4876=ORIENTED_EDGE('',*,*,#3426,.F.);
#4877=ORIENTED_EDGE('',*,*,#3422,.T.);
#4878=ORIENTED_EDGE('',*,*,#3419,.F.);
#4879=CARTESIAN_POINT('',(0.92,1.55,-1.0));
#4880=DIRECTION('',(0.0,-0.0,-1.0));
#4881=DIRECTION('',(-0.939692620785897,-0.342020143325699,0.0));
#4882=ORIENTED_EDGE('',*,*,#3437,.T.);
#4883=ORIENTED_EDGE('',*,*,#3440,.T.);
#4884=ORIENTED_EDGE('',*,*,#3429,.T.);
#4885=ORIENTED_EDGE('',*,*,#6515,.F.);
#4886=CARTESIAN_POINT('',(0.6231831663453,1.735471742482,0.25));
#4887=DIRECTION('',(-0.848048096156421,0.529919264233213,0.0));
#4888=DIRECTION('',(0.0,0.0,1.0));
#4889=COLOUR_RGB('',1.0,0.807843148708344,0.458823531866074);
#4890=CARTESIAN_POINT('',(0.304962238054474,1.25231088984363,0.4));
#4891=CARTESIAN_POINT('',(0.304962238054474,1.25231088984363,-0.4));
#4892=CARTESIAN_POINT('',(0.304962238054474,1.25231088984363,0.0));
#4893=VECTOR('',#6516,1.0);
#4894=CARTESIAN_POINT('',(0.3046881450054,1.262778081092,0.4));
#4895=AXIS2_PLACEMENT_3D('',#6517,#6518,#6519);
#4896=CARTESIAN_POINT('',(0.3350785257741,1.368761933939,0.4));
#4897=AXIS2_PLACEMENT_3D('',#6520,#6521,#6522);
#4898=CARTESIAN_POINT('',(0.3350785257741,1.368761933939,-0.4));
#4899=CARTESIAN_POINT('',(0.3350785257741,1.368761933939,0.4));
#4900=VECTOR('',#6523,0.8);
#4901=CARTESIAN_POINT('',(0.3046881450054,1.262778081092,-0.4));
#4902=AXIS2_PLACEMENT_3D('',#6524,#6525,#6526);
#4903=AXIS2_PLACEMENT_3D('',#6527,#6528,#6529);
#4904=COLOUR_RGB('',1.0,0.807843148708344,0.458823531866074);
#4905=CARTESIAN_POINT('',(0.404825191529959,1.25754448546739,-0.4));
#4906=CARTESIAN_POINT('',(0.404825191529959,1.25754448546739,0.4));
#4907=CARTESIAN_POINT('',(0.404825191529959,1.25754448546739,0.0));
#4908=VECTOR('',#6530,1.0);
#4909=CARTESIAN_POINT('',(0.4046881450054,1.262778081092,-0.4));
#4910=AXIS2_PLACEMENT_3D('',#6531,#6532,#6533);
#4911=CARTESIAN_POINT('',(0.4198833353897,1.315770007515,-0.4));
#4912=AXIS2_PLACEMENT_3D('',#6534,#6535,#6536);
#4913=CARTESIAN_POINT('',(0.4198833353897,1.315770007515,0.4));
#4914=CARTESIAN_POINT('',(0.4198833353897,1.315770007515,0.4));
#4915=VECTOR('',#6537,0.8);
#4916=CARTESIAN_POINT('',(0.4046881450054,1.262778081092,0.4));
#4917=AXIS2_PLACEMENT_3D('',#6538,#6539,#6540);
#4918=AXIS2_PLACEMENT_3D('',#6541,#6542,#6543);
#4919=COLOUR_RGB('',1.0,0.807843148708344,0.458823531866074);
#4920=CARTESIAN_POINT('',(0.6972251008004,1.052304211381,-0.3));
#4921=CARTESIAN_POINT('',(0.7281268002379,0.957198559752,-0.3));
#4922=CARTESIAN_POINT('',(0.6972251008004,1.052304211381,-0.3));
#4923=VECTOR('',#6544,0.100000000000003);
#4924=CARTESIAN_POINT('',(0.6972251008004,1.052304211381,0.3));
#4925=CARTESIAN_POINT('',(0.6972251008004,1.052304211381,0.3));
#4926=VECTOR('',#6545,0.6);
#4927=CARTESIAN_POINT('',(0.7281268002379,0.957198559752,0.3));
#4928=CARTESIAN_POINT('',(0.6972251008004,1.052304211381,0.3));
#4929=VECTOR('',#6546,0.100000000000003);
#4930=CARTESIAN_POINT('',(0.7281268002379,0.957198559752,0.3));
#4931=VECTOR('',#6547,0.6);
#4932=COLOUR_RGB('',1.0,0.807843148708344,0.458823531866074);
#4933=CARTESIAN_POINT('',(0.6402011859361,1.033776018286,-0.3916333872874));
#4934=AXIS2_PLACEMENT_3D('',#6548,#6549,#6550);
#4935=CARTESIAN_POINT('',(0.6402011859361,1.033776018286,0.3916333872874));
#4936=CARTESIAN_POINT('',(0.6402011859361,1.033776018286,0.3916333872874));
#4937=VECTOR('',#6551,0.7832667745748);
#4938=AXIS2_PLACEMENT_3D('',#6552,#6553,#6554);
#4939=COLOUR_RGB('',1.0,0.807843148708344,0.458823531866074);
#4940=CARTESIAN_POINT('',(0.5995340236574,1.029359633484,0.4));
#4941=CARTESIAN_POINT('',(0.6317698467517,0.9301479714389,0.4));
#4942=CARTESIAN_POINT('',(0.5995340236574,1.029359633484,0.4));
#4943=VECTOR('',#6555,0.104317314843903);
#4944=CARTESIAN_POINT('',(0.5304984111379,1.067315522383,0.4));
#4945=AXIS2_PLACEMENT_3D('',#6556,#6557,#6558);
#4946=CARTESIAN_POINT('',(0.4516973357772,1.00574937485,0.4));
#4947=CARTESIAN_POINT('',(0.4516973357772,1.00574937485,0.4));
#4948=VECTOR('',#6559,0.100000000000001);
#4949=AXIS2_PLACEMENT_3D('',#6560,#6561,#6562);
#4950=COLOUR_RGB('',1.0,0.807843148708344,0.458823531866074);
#4951=CARTESIAN_POINT('',(0.6711028853736,0.9386703666562,0.3916333872874));
#4952=AXIS2_PLACEMENT_3D('',#6563,#6564,#6565);
#4953=CARTESIAN_POINT('',(0.59953402365734,1.02935963348338,0.4));
#4954=CARTESIAN_POINT('',(0.606573627867908,1.02866888200964,0.4));
#4955=CARTESIAN_POINT('',(0.613575662056642,1.02873713063229,0.3993680173739));
#4956=CARTESIAN_POINT('',(0.620404437754056,1.0295001824155,0.3980014969458));
#4957=CARTESIAN_POINT('',(0.626716618407956,1.03020550953668,0.396738353420281));
#4958=CARTESIAN_POINT('',(0.632880855518193,1.03150711319766,0.394847603593795));
#4959=CARTESIAN_POINT('',(0.638762734947662,1.03332060571609,0.392277962703968));
#4960=CARTESIAN_POINT('',(0.639244113717761,1.03346902371897,0.392067660778202));
#4961=CARTESIAN_POINT('',(0.639723618678294,1.03362084727715,0.391852811676875));
#4962=CARTESIAN_POINT('',(0.640201185936251,1.03377601828554,0.3916333872874));
#4963=CARTESIAN_POINT('',(0.671102885373571,0.938670366656189,0.391633387287329));
#4964=CARTESIAN_POINT('',(0.665346625199742,0.936800044349116,0.394278174703732));
#4965=CARTESIAN_POINT('',(0.659383979736249,0.935152687533238,0.396268967717049));
#4966=CARTESIAN_POINT('',(0.653253359999034,0.93377134888823,0.397650004324285));
#4967=CARTESIAN_POINT('',(0.652841685572396,0.933678591252126,0.397742741678389));
#4968=CARTESIAN_POINT('',(0.652429241905008,0.93358702930589,0.397832714802482));
#4969=CARTESIAN_POINT('',(0.652016036063842,0.933496674602823,0.397919930540986));
#4970=CARTESIAN_POINT('',(0.645449404793573,0.932060765524422,0.399305955467701));
#4971=CARTESIAN_POINT('',(0.6386935891048,0.930930822994299,0.399999999999991));
#4972=CARTESIAN_POINT('',(0.631769846751701,0.930147971438899,0.4));
#4973=COLOUR_RGB('',1.0,0.807843148708344,0.458823531866074);
#4974=CARTESIAN_POINT('',(0.6711028853736,0.9386703666562,-0.3916333872874));
#4975=AXIS2_PLACEMENT_3D('',#6566,#6567,#6568);
#4976=CARTESIAN_POINT('',(0.6711028853736,0.9386703666562,0.3916333872874));
#4977=VECTOR('',#6569,0.7832667745748);
#4978=COLOUR_RGB('',1.0,0.807843148708344,0.458823531866074);
#4979=CARTESIAN_POINT('',(0.6317698467517,0.9301479714389,-0.4));
#4980=CARTESIAN_POINT('',(0.631769846751701,0.930147971438899,-0.4));
#4981=CARTESIAN_POINT('',(0.6386947897257,0.930930958745799,-0.399999999999991));
#4982=CARTESIAN_POINT('',(0.645451213374383,0.932061101346386,-0.399305706051765));
#4983=CARTESIAN_POINT('',(0.652017807046616,0.933497061796921,-0.397919556724678));
#4984=CARTESIAN_POINT('',(0.658171831304553,0.934842802966106,-0.396620497119378));
#4985=CARTESIAN_POINT('',(0.664158698544874,0.936457000909106,-0.394713252970919));
#4986=CARTESIAN_POINT('',(0.669942443348848,0.938297235265308,-0.39215643770031));
#4987=CARTESIAN_POINT('',(0.670330189010255,0.938420605661439,-0.391985027297223));
#4988=CARTESIAN_POINT('',(0.670717008688732,0.938544987720973,-0.39181068326936));
#4989=CARTESIAN_POINT('',(0.671102885373571,0.938670366656189,-0.391633387287329));
#4990=CARTESIAN_POINT('',(0.5995340236574,1.029359633484,-0.4));
#4991=CARTESIAN_POINT('',(0.5995340236574,1.029359633484,-0.4));
#4992=VECTOR('',#6570,0.104317314843903);
#4993=CARTESIAN_POINT('',(0.640201185936251,1.03377601828554,-0.3916333872874));
#4994=CARTESIAN_POINT('',(0.634356940362135,1.03187710778887,-0.394318600722024));
#4995=CARTESIAN_POINT('',(0.628218262821201,1.03048233265639,-0.396319377975469));
#4996=CARTESIAN_POINT('',(0.621916889292251,1.02968085768676,-0.397686185753878));
#4997=CARTESIAN_POINT('',(0.621416118578392,1.02961716439976,-0.39779480608939));
#4998=CARTESIAN_POINT('',(0.620914336238492,1.02955719582776,-0.397899422593844));
#4999=CARTESIAN_POINT('',(0.620411616129921,1.02950098479432,-0.398000060596125));
#5000=CARTESIAN_POINT('',(0.613582992575019,1.02873745061206,-0.3993670618781));
#5001=CARTESIAN_POINT('',(0.606578411758143,1.02866841259699,-0.4));
#5002=CARTESIAN_POINT('',(0.59953402365734,1.02935963348338,-0.4));
#5003=COLOUR_RGB('',1.0,0.807843148708344,0.458823531866074);
#5004=CARTESIAN_POINT('',(0.4516973357772,1.00574937485,-0.4));
#5005=AXIS2_PLACEMENT_3D('',#6571,#6572,#6573);
#5006=CARTESIAN_POINT('',(0.5304984111379,1.067315522383,-0.4));
#5007=CARTESIAN_POINT('',(0.4516973357772,1.00574937485,-0.4));
#5008=VECTOR('',#6574,0.100000000000001);
#5009=AXIS2_PLACEMENT_3D('',#6575,#6576,#6577);
#5010=COLOUR_RGB('',1.0,0.807843148708344,0.458823531866074);
#5011=CARTESIAN_POINT('',(0.5304984111379,1.067315522383,0.4));
#5012=VECTOR('',#6578,0.8);
#5013=COLOUR_RGB('',1.0,0.807843148708344,0.458823531866074);
#5014=CARTESIAN_POINT('',(0.347085994284,1.139645786027,0.4));
#5015=CARTESIAN_POINT('',(0.347085994284,1.139645786027,0.4));
#5016=VECTOR('',#6579,0.169916984716101);
#5017=CARTESIAN_POINT('',(0.4258870696447,1.201211933559,0.4));
#5018=CARTESIAN_POINT('',(0.4258870696447,1.201211933559,0.4));
#5019=VECTOR('',#6580,0.169916984716101);
#5020=CARTESIAN_POINT('',(0.347085994284,1.139645786027,0.4));
#5021=VECTOR('',#6581,0.100000000000001);
#5022=COLOUR_RGB('',1.0,0.807843148708344,0.458823531866074);
#5023=CARTESIAN_POINT('',(0.4516973357772,1.00574937485,0.4));
#5024=VECTOR('',#6582,0.8);
#5025=COLOUR_RGB('',1.0,0.807843148708344,0.458823531866074);
#5026=CARTESIAN_POINT('',(0.347085994284,1.139645786027,-0.4));
#5027=CARTESIAN_POINT('',(0.347085994284,1.139645786027,-0.4));
#5028=VECTOR('',#6583,0.169916984716101);
#5029=CARTESIAN_POINT('',(0.4258870696447,1.201211933559,-0.4));
#5030=CARTESIAN_POINT('',(0.347085994284,1.139645786027,-0.4));
#5031=VECTOR('',#6584,0.100000000000001);
#5032=CARTESIAN_POINT('',(0.4258870696447,1.201211933559,-0.4));
#5033=VECTOR('',#6585,0.169916984716101);
#5034=COLOUR_RGB('',1.0,0.807843148708344,0.458823531866074);
#5035=CARTESIAN_POINT('',(0.4258870696447,1.201211933559,0.4));
#5036=VECTOR('',#6586,0.8);
#5037=COLOUR_RGB('',1.0,0.807843148708344,0.458823531866074);
#5038=CARTESIAN_POINT('',(0.3046881450054,1.262778081092,0.4));
#5039=VECTOR('',#6587,0.1);
#5040=CARTESIAN_POINT('',(0.3350785257741,1.368761933939,0.4));
#5041=VECTOR('',#6588,0.0999999999999975);
#5042=COLOUR_RGB('',1.0,0.807843148708344,0.458823531866074);
#5043=AXIS2_PLACEMENT_3D('',#6589,#6590,#6591);
#5044=AXIS2_PLACEMENT_3D('',#6592,#6593,#6594);
#5045=COLOUR_RGB('',1.0,0.807843148708344,0.458823531866074);
#5046=CARTESIAN_POINT('',(0.347085994284,1.139645786027,0.4));
#5047=VECTOR('',#6595,0.8);
#5048=COLOUR_RGB('',1.0,0.807843148708344,0.458823531866074);
#5049=AXIS2_PLACEMENT_3D('',#6596,#6597,#6598);
#5050=CARTESIAN_POINT('',(0.3046881450054,1.262778081092,-0.4));
#5051=VECTOR('',#6599,0.1);
#5052=AXIS2_PLACEMENT_3D('',#6600,#6601,#6602);
#5053=COLOUR_RGB('',1.0,0.807843148708344,0.458823531866074);
#5054=CARTESIAN_POINT('',(0.3350785257741,1.368761933939,-0.4));
#5055=VECTOR('',#6603,0.0999999999999975);
#5056=COLOUR_RGB('',0.694117665290833,0.74117648601532,0.788235306739807);
#5057=CARTESIAN_POINT('',(0.0,0.2,-0.15));
#5058=CARTESIAN_POINT('',(0.0,0.25,-0.1));
#5059=AXIS2_PLACEMENT_3D('',#6604,#6605,#6606);
#5060=CARTESIAN_POINT('',(0.1,0.2,-0.15));
#5061=CARTESIAN_POINT('',(0.1,0.2,-0.15));
#5062=VECTOR('',#6607,0.1);
#5063=CARTESIAN_POINT('',(0.1,0.25,-0.1));
#5064=AXIS2_PLACEMENT_3D('',#6608,#6609,#6610);
#5065=CARTESIAN_POINT('',(0.1,0.25,-0.1));
#5066=VECTOR('',#6611,0.1);
#5067=COLOUR_RGB('',1.0,1.0,1.0);
#5068=CARTESIAN_POINT('',(0.1,0.25,0.1));
#5069=CARTESIAN_POINT('',(0.0,0.25,0.1));
#5070=CARTESIAN_POINT('',(0.1,0.25,0.1));
#5071=VECTOR('',#6612,0.1);
#5072=CARTESIAN_POINT('',(0.0,1.1,0.1));
#5073=CARTESIAN_POINT('',(0.0,1.1,0.1));
#5074=VECTOR('',#6613,0.85);
#5075=CARTESIAN_POINT('',(0.1,1.1,0.1));
#5076=CARTESIAN_POINT('',(0.1,1.1,0.1));
#5077=VECTOR('',#6614,0.1);
#5078=CARTESIAN_POINT('',(0.1,1.1,0.1));
#5079=VECTOR('',#6615,0.85);
#5080=COLOUR_RGB('',0.694117665290833,0.74117648601532,0.788235306739807);
#5081=CARTESIAN_POINT('',(0.1,0.2,0.15));
#5082=CARTESIAN_POINT('',(0.0,0.2,0.15));
#5083=CARTESIAN_POINT('',(0.1,0.2,0.15));
#5084=VECTOR('',#6616,0.1);
#5085=CARTESIAN_POINT('',(0.1,0.2,0.55));
#5086=CARTESIAN_POINT('',(0.1,0.2,0.15));
#5087=VECTOR('',#6617,0.4);
#5088=CARTESIAN_POINT('',(0.0,0.2,0.55));
#5089=CARTESIAN_POINT('',(0.0,0.2,0.55));
#5090=VECTOR('',#6618,0.1);
#5091=CARTESIAN_POINT('',(0.0,0.2,0.15));
#5092=VECTOR('',#6619,0.4);
#5093=COLOUR_RGB('',0.694117665290833,0.74117648601532,0.788235306739807);
#5094=AXIS2_PLACEMENT_3D('',#6620,#6621,#6622);
#5095=AXIS2_PLACEMENT_3D('',#6623,#6624,#6625);
#5096=COLOUR_RGB('',1.0,0.807843148708344,0.458823531866074);
#5097=COLOUR_RGB('',0.694117665290833,0.74117648601532,0.788235306739807);
#5098=CARTESIAN_POINT('',(0.0,0.2,-0.55));
#5099=CARTESIAN_POINT('',(0.0,0.2,-0.15));
#5100=VECTOR('',#6626,0.4);
#5101=CARTESIAN_POINT('',(0.1,0.2,-0.55));
#5102=CARTESIAN_POINT('',(0.0,0.2,-0.55));
#5103=VECTOR('',#6627,0.1);
#5104=CARTESIAN_POINT('',(0.1,0.2,-0.15));
#5105=VECTOR('',#6628,0.4);
#5106=COLOUR_RGB('',1.0,0.807843148708344,0.458823531866074);
#5107=CARTESIAN_POINT('',(0.5807807615374,1.761967705693,0.4));
#5108=CARTESIAN_POINT('',(0.5807807615374,1.761967705693,0.4));
#5109=VECTOR('',#6629,0.463659754130389);
#5110=CARTESIAN_POINT('',(0.6655855711531,1.70897577927,0.4));
#5111=CARTESIAN_POINT('',(0.6655855711531,1.70897577927,0.4));
#5112=VECTOR('',#6630,0.463659754130389);
#5113=CARTESIAN_POINT('',(0.5807807615374,1.761967705693,0.4));
#5114=VECTOR('',#6631,0.0999999999999975);
#5115=COLOUR_RGB('',1.0,0.807843148708344,0.458823531866074);
#5116=COLOUR_RGB('',1.0,0.807843148708344,0.458823531866074);
#5117=CARTESIAN_POINT('',(0.5807807615374,1.761967705693,-0.4));
#5118=CARTESIAN_POINT('',(0.5807807615374,1.761967705693,-0.4));
#5119=VECTOR('',#6632,0.463659754130389);
#5120=CARTESIAN_POINT('',(0.6655855711531,1.70897577927,-0.4));
#5121=CARTESIAN_POINT('',(0.5807807615374,1.761967705693,-0.4));
#5122=VECTOR('',#6633,0.0999999999999975);
#5123=CARTESIAN_POINT('',(0.6655855711531,1.70897577927,-0.4));
#5124=VECTOR('',#6634,0.463659754130389);
#5125=COLOUR_RGB('',0.694117665290833,0.74117648601532,0.788235306739807);
#5126=CARTESIAN_POINT('',(0.7,0.2,0.75));
#5127=CARTESIAN_POINT('',(0.7,0.2,0.65));
#5128=CARTESIAN_POINT('',(0.7,0.2,0.75));
#5129=VECTOR('',#6635,0.1);
#5130=CARTESIAN_POINT('',(0.65,0.2,0.75));
#5131=CARTESIAN_POINT('',(0.65,0.2,0.75));
#5132=VECTOR('',#6636,0.05);
#5133=CARTESIAN_POINT('',(0.65,0.2,0.65));
#5134=CARTESIAN_POINT('',(0.65,0.2,0.75));
#5135=VECTOR('',#6637,0.1);
#5136=CARTESIAN_POINT('',(0.65,0.2,0.65));
#5137=VECTOR('',#6638,0.05);
#5138=COLOUR_RGB('',1.0,1.0,1.0);
#5139=CARTESIAN_POINT('',(0.65,1.15,0.75));
#5140=CARTESIAN_POINT('',(0.65,0.2,0.75));
#5141=VECTOR('',#6639,0.95);
#5142=CARTESIAN_POINT('',(0.65,1.15,0.65));
#5143=CARTESIAN_POINT('',(0.65,1.15,0.75));
#5144=VECTOR('',#6640,0.1);
#5145=CARTESIAN_POINT('',(0.65,0.2,0.65));
#5146=VECTOR('',#6641,0.95);
#5147=COLOUR_RGB('',1.0,1.0,1.0);
#5148=CARTESIAN_POINT('',(0.65,0.2,-0.75));
#5149=CARTESIAN_POINT('',(0.65,1.15,-0.75));
#5150=CARTESIAN_POINT('',(0.65,0.2,-0.75));
#5151=VECTOR('',#6642,0.95);
#5152=CARTESIAN_POINT('',(0.65,0.2,-0.65));
#5153=CARTESIAN_POINT('',(0.65,0.2,-0.75));
#5154=VECTOR('',#6643,0.1);
#5155=CARTESIAN_POINT('',(0.65,1.15,-0.65));
#5156=CARTESIAN_POINT('',(0.65,0.2,-0.65));
#5157=VECTOR('',#6644,0.95);
#5158=CARTESIAN_POINT('',(0.65,1.15,-0.75));
#5159=VECTOR('',#6645,0.1);
#5160=COLOUR_RGB('',0.694117665290833,0.74117648601532,0.788235306739807);
#5161=CARTESIAN_POINT('',(0.15,0.2,0.7436491673104));
#5162=CARTESIAN_POINT('',(0.15,0.2,0.6366025403784));
#5163=CARTESIAN_POINT('',(0.15,0.2,0.7436491673104));
#5164=VECTOR('',#6646,0.1070466269319);
#5165=AXIS2_PLACEMENT_3D('',#6647,#6648,#6649);
#5166=AXIS2_PLACEMENT_3D('',#6650,#6651,#6652);
#5167=COLOUR_RGB('',0.694117665290833,0.74117648601532,0.788235306739807);
#5168=CARTESIAN_POINT('',(0.55,0.2,0.75));
#5169=CARTESIAN_POINT('',(0.55,0.2,0.65));
#5170=CARTESIAN_POINT('',(0.55,0.2,0.75));
#5171=VECTOR('',#6653,0.1);
#5172=CARTESIAN_POINT('',(0.65,0.2,0.65));
#5173=CARTESIAN_POINT('',(0.55,0.2,0.65));
#5174=VECTOR('',#6654,0.1);
#5175=CARTESIAN_POINT('',(0.65,0.2,0.75));
#5176=CARTESIAN_POINT('',(0.65,0.2,0.75));
#5177=VECTOR('',#6655,0.1);
#5178=CARTESIAN_POINT('',(0.55,0.2,0.75));
#5179=VECTOR('',#6656,0.1);
#5180=COLOUR_RGB('',1.0,0.807843148708344,0.458823531866074);
#5181=CARTESIAN_POINT('',(0.6655855711531,1.70897577927,0.4));
#5182=VECTOR('',#6657,0.8);
#5183=COLOUR_RGB('',0.694117665290833,0.74117648601532,0.788235306739807);
#5184=CARTESIAN_POINT('',(0.15,0.2,-0.7436491673104));
#5185=CARTESIAN_POINT('',(0.15,0.2,-0.65));
#5186=CARTESIAN_POINT('',(0.15,0.2,-0.7436491673104));
#5187=VECTOR('',#6658,0.09364916731037);
#5188=CARTESIAN_POINT('',(0.2,0.2,-0.65));
#5189=CARTESIAN_POINT('',(0.15,0.2,-0.65));
#5190=VECTOR('',#6659,0.05);
#5191=AXIS2_PLACEMENT_3D('',#6660,#6661,#6662);
#5192=AXIS2_PLACEMENT_3D('',#6663,#6664,#6665);
#5193=COLOUR_RGB('',1.0,1.0,1.0);
#5194=CARTESIAN_POINT('',(1.358819551715,1.031477564543,-0.5969118419714));
#5195=CARTESIAN_POINT('',(1.358819551715,1.031477564543,-0.4936710921714));
#5196=CARTESIAN_POINT('',(1.358819551715,1.031477564543,-0.5969118419714));
#5197=VECTOR('',#6666,0.1032407498);
#5198=CARTESIAN_POINT('',(1.513859083038,1.087907339079,-0.4));
#5199=AXIS2_PLACEMENT_3D('',#6667,#6668,#6669);
#5200=CARTESIAN_POINT('',(1.41988982096,1.053705324746,-0.4));
#5201=CARTESIAN_POINT('',(1.513859083038,1.087907339079,-0.4));
#5202=VECTOR('',#6670,0.1);
#5203=AXIS2_PLACEMENT_3D('',#6671,#6672,#6673);
#5204=COLOUR_RGB('',1.0,1.0,1.0);
#5205=CARTESIAN_POINT('',(1.358819551715,1.031477564543,0.5969118419714));
#5206=CARTESIAN_POINT('',(1.358819551715,1.031477564543,0.4936710921714));
#5207=CARTESIAN_POINT('',(1.358819551715,1.031477564543,0.5969118419714));
#5208=VECTOR('',#6674,0.1032407498);
#5209=CARTESIAN_POINT('',(1.41988982096,1.053705324746,0.4));
#5210=AXIS2_PLACEMENT_3D('',#6675,#6676,#6677);
#5211=CARTESIAN_POINT('',(1.513859083038,1.087907339079,0.4));
#5212=CARTESIAN_POINT('',(1.513859083038,1.087907339079,0.4));
#5213=VECTOR('',#6678,0.1);
#5214=AXIS2_PLACEMENT_3D('',#6679,#6680,#6681);
#5215=COLOUR_RGB('',1.0,0.807843148708344,0.458823531866074);
#5216=CARTESIAN_POINT('',(1.295877048314,1.68680805733,0.4));
#5217=AXIS2_PLACEMENT_3D('',#6682,#6683,#6684);
#5218=CARTESIAN_POINT('',(1.201907786236,1.652606042998,0.4));
#5219=AXIS2_PLACEMENT_3D('',#6685,#6686,#6687);
#5220=CARTESIAN_POINT('',(1.295877048314,1.68680805733,0.4));
#5221=VECTOR('',#6688,0.1);
#5222=COLOUR_RGB('',1.0,0.807843148708344,0.458823531866074);
#5223=CARTESIAN_POINT('',(0.5807807615374,1.761967705693,0.4));
#5224=VECTOR('',#6689,0.8);
#5225=COLOUR_RGB('',1.0,0.807843148708344,0.458823531866074);
#5226=CARTESIAN_POINT('',(1.295877048314,1.68680805733,-0.4));
#5227=AXIS2_PLACEMENT_3D('',#6690,#6691,#6692);
#5228=CARTESIAN_POINT('',(1.201907786236,1.652606042998,-0.4));
#5229=CARTESIAN_POINT('',(1.295877048314,1.68680805733,-0.4));
#5230=VECTOR('',#6693,0.1);
#5231=AXIS2_PLACEMENT_3D('',#6694,#6695,#6696);
#5232=COLOUR_RGB('',1.0,0.807843148708344,0.458823531866074);
#5233=CARTESIAN_POINT('',(0.8,0.1,0.7232050807569));
#5234=CARTESIAN_POINT('',(0.8,0.1,0.55));
#5235=CARTESIAN_POINT('',(0.8,0.1,0.7232050807569));
#5236=VECTOR('',#6697,0.1732050807569);
#5237=CARTESIAN_POINT('',(0.7,0.2,0.75));
#5238=CARTESIAN_POINT('',(0.71257753260465,0.2,0.75));
#5239=CARTESIAN_POINT('',(0.725989450129338,0.197480892463503,0.750059569580603));
#5240=CARTESIAN_POINT('',(0.750633708425227,0.187259172426073,0.749649958949661));
#5241=CARTESIAN_POINT('',(0.761865352442653,0.179556003794656,0.749153201227754));
#5242=CARTESIAN_POINT('',(0.780074408158906,0.161346948078403,0.746457483076543));
#5243=CARTESIAN_POINT('',(0.787893148074204,0.149515526125744,0.743980976025676));
#5244=CARTESIAN_POINT('',(0.797864636427023,0.124606637814049,0.735696406917441));
#5245=CARTESIAN_POINT('',(0.8,0.111530845151935,0.729862417309341));
#5246=CARTESIAN_POINT('',(0.8,0.1,0.723205080756888));
#5247=CARTESIAN_POINT('',(0.8,0.1,0.55));
#5248=CARTESIAN_POINT('',(0.8,0.1,0.56502966749278));
#5249=CARTESIAN_POINT('',(0.800219084149939,0.10359657880909,0.580806667993318));
#5250=CARTESIAN_POINT('',(0.79866500927678,0.117527623741227,0.608655331626872));
#5251=CARTESIAN_POINT('',(0.796818658538556,0.127875437713392,0.620716182466714));
#5252=CARTESIAN_POINT('',(0.789889318778507,0.144148678316001,0.633185667089408));
#5253=CARTESIAN_POINT('',(0.786989313600605,0.149771392798817,0.63668280943121));
#5254=CARTESIAN_POINT('',(0.7796857313846,0.160770193435571,0.64219485796853));
#5255=CARTESIAN_POINT('',(0.775279469811334,0.166141886425975,0.6442149708313));
#5256=CARTESIAN_POINT('',(0.761971432035108,0.179449924202202,0.64829158408343));
#5257=CARTESIAN_POINT('',(0.750781403207067,0.187175824076497,0.649288507755437));
#5258=CARTESIAN_POINT('',(0.726117351186933,0.197449693173501,0.650121227061554));
#5259=CARTESIAN_POINT('',(0.712645771587134,0.2,0.65));
#5260=CARTESIAN_POINT('',(0.7,0.2,0.65));
#5261=COLOUR_RGB('',1.0,0.807843148708344,0.458823531866074);
#5262=CARTESIAN_POINT('',(0.8,0.0,0.55));
#5263=CARTESIAN_POINT('',(0.8,0.0,0.55));
#5264=VECTOR('',#6698,0.1);
#5265=AXIS2_PLACEMENT_3D('',#6699,#6700,#6701);
#5266=COLOUR_RGB('',1.0,0.807843148708344,0.458823531866074);
#5267=CARTESIAN_POINT('',(1.815479212009,0.2,0.65));
#5268=CARTESIAN_POINT('',(2.04999990004405,0.1,0.550000000000004));
#5269=CARTESIAN_POINT('',(1.815479212009,0.2,0.65));
#5270=CARTESIAN_POINT('',(1.815479212009,0.1930403251733,0.65));
#5271=CARTESIAN_POINT('',(1.816168311407,0.18622454429256,0.649272897544411));
#5272=CARTESIAN_POINT('',(1.81750162854233,0.179665882689906,0.647910794467307));
#5273=CARTESIAN_POINT('',(1.81869425191616,0.173799301573484,0.646692422690431));
#5274=CARTESIAN_POINT('',(1.82040230849187,0.16813787340857,0.644962699126044));
#5275=CARTESIAN_POINT('',(1.82258456228268,0.162796829245627,0.64282200216447));
#5276=CARTESIAN_POINT('',(1.82284200272962,0.162166746345903,0.642569464176049));
#5277=CARTESIAN_POINT('',(1.82310604254001,0.161541081009434,0.642311249806128));
#5278=CARTESIAN_POINT('',(1.8233766140135,0.16091998798699,0.642047556518699));
#5279=CARTESIAN_POINT('',(1.82594074747667,0.155034055586083,0.639548605784591));
#5280=CARTESIAN_POINT('',(1.82909147953033,0.149560129987215,0.63656186298298));
#5281=CARTESIAN_POINT('',(1.83286482336116,0.144491206948582,0.633179167427757));
#5282=CARTESIAN_POINT('',(1.83604903563934,0.140213694031558,0.630324611574068));
#5283=CARTESIAN_POINT('',(1.83967662025757,0.136227495214699,0.62718257360372));
#5284=CARTESIAN_POINT('',(1.84369843893222,0.132602187714171,0.623875130450539));
#5285=CARTESIAN_POINT('',(1.84444254142078,0.13193144630309,0.623263199162693));
#5286=CARTESIAN_POINT('',(1.84520013896499,0.131272937017853,0.622645683357763));
#5287=CARTESIAN_POINT('',(1.84597092035683,0.130626931767154,0.622023450375283));
#5288=CARTESIAN_POINT('',(1.85090771791367,0.126489316125253,0.618038094345389));
#5289=CARTESIAN_POINT('',(1.85638535741933,0.122867148184715,0.613859453765819));
#5290=CARTESIAN_POINT('',(1.8623450495335,0.119738696495057,0.609650005529651));
#5291=CARTESIAN_POINT('',(1.86753967026457,0.117011857642996,0.605980942320503));
#5292=CARTESIAN_POINT('',(1.87310052146868,0.11466152094258,0.602286387777754));
#5293=CARTESIAN_POINT('',(1.87882030534792,0.112680471989789,0.598737049849924));
#5294=CARTESIAN_POINT('',(1.87966272353205,0.112388700185692,0.598214298138466));
#5295=CARTESIAN_POINT('',(1.88050858925703,0.112104846855307,0.597694700023846));
#5296=CARTESIAN_POINT('',(1.88135724024684,0.111828797780901,0.597178799256009));
#5297=CARTESIAN_POINT('',(1.88740437289953,0.109861787323564,0.593502705766222));
#5298=CARTESIAN_POINT('',(1.89359292438289,0.108288487180765,0.590018329111502));
#5299=CARTESIAN_POINT('',(1.89990593379883,0.106991389136883,0.58673415720162));
#5300=CARTESIAN_POINT('',(1.9004943359883,0.106870493494457,0.586428056922805));
#5301=CARTESIAN_POINT('',(1.90108381935843,0.106752019807044,0.58612366673086));
#5302=CARTESIAN_POINT('',(1.90167437017632,0.106635886815018,0.585820976664265));
#5303=CARTESIAN_POINT('',(1.90860098319899,0.105273754597841,0.582270703099998));
#5304=CARTESIAN_POINT('',(1.915674446214,0.104232885920341,0.578958308703209));
#5305=CARTESIAN_POINT('',(1.92282452931033,0.103416487638865,0.575915731515559));
#5306=CARTESIAN_POINT('',(1.92997461240667,0.10260008935739,0.572873154327909));
#5307=CARTESIAN_POINT('',(1.93720131558433,0.102006923044468,0.570100573947166));
#5308=CARTESIAN_POINT('',(1.9446257921625,0.101553282383327,0.567556873027481));
#5309=CARTESIAN_POINT('',(1.95205026874067,0.101099641722186,0.565013172107796));
#5310=CARTESIAN_POINT('',(1.95967251871934,0.100787563948985,0.562698066690524));
#5311=CARTESIAN_POINT('',(1.96757970199018,0.100566012076911,0.560624596261079));
#5312=CARTESIAN_POINT('',(1.975486885261,0.100344460204837,0.558551125831637));
#5313=CARTESIAN_POINT('',(1.983679001824,0.100213858258978,0.55671919902329));
#5314=CARTESIAN_POINT('',(1.99228839266932,0.100133479799318,0.555165088867269));
#5315=CARTESIAN_POINT('',(2.00089778351466,0.100053101339658,0.553610978711246));
#5316=CARTESIAN_POINT('',(2.00992444864233,0.100023180425226,0.552334666044112));
#5317=CARTESIAN_POINT('',(2.01952546132766,0.100010252497836,0.551431919848842));
#5318=CARTESIAN_POINT('',(2.029126474013,0.0999973245704459,0.550529173653572));
#5319=CARTESIAN_POINT('',(2.039301834256,0.1,0.5500000066324));
#5320=CARTESIAN_POINT('',(2.049999899257,0.1,0.55));
#5321=CARTESIAN_POINT('',(1.815479212009,0.2,0.75));
#5322=CARTESIAN_POINT('',(1.815479212009,0.2,0.65));
#5323=VECTOR('',#6702,0.1);
#5324=CARTESIAN_POINT('',(2.04999990004405,0.0,0.550000000000004));
#5325=CARTESIAN_POINT('',(1.815479212009,0.2,0.75));
#5326=CARTESIAN_POINT('',(1.815479212009,0.1879365636337,0.75));
#5327=CARTESIAN_POINT('',(1.816002064919,0.176090023978882,0.748908454021326));
#5328=CARTESIAN_POINT('',(1.81700938013267,0.16460127076791,0.746842398808674));
#5329=CARTESIAN_POINT('',(1.81787747254674,0.154700398256224,0.74506189670484));
#5330=CARTESIAN_POINT('',(1.81910536493322,0.145064701832425,0.742553936604309));
#5331=CARTESIAN_POINT('',(1.82067110728765,0.13583768670874,0.739428608064131));
#5332=CARTESIAN_POINT('',(1.82092221768845,0.134357877812144,0.738927374575668));
#5333=CARTESIAN_POINT('',(1.82118201794735,0.132888511095477,0.738410345668201));
#5334=CARTESIAN_POINT('',(1.82145041751866,0.131430095030495,0.737878067193787));
#5335=CARTESIAN_POINT('',(1.82339236217367,0.120878054025715,0.734026886160581));
#5336=CARTESIAN_POINT('',(1.82578447396633,0.11090108587336,0.729380256491026));
#5337=CARTESIAN_POINT('',(1.82863561696517,0.101530919848374,0.724079982347462));
#5338=CARTESIAN_POINT('',(1.831486759964,0.0921607538233877,0.718779708203897));
#5339=CARTESIAN_POINT('',(1.834796934169,0.0834005400631217,0.712821628958963));
#5340=CARTESIAN_POINT('',(1.83855109347301,0.0753376063721811,0.706394653409197));
#5341=CARTESIAN_POINT('',(1.84178532050429,0.0683913486396213,0.700857781803804));
#5342=CARTESIAN_POINT('',(1.84534906922435,0.0619622303758101,0.694971318848203));
#5343=CARTESIAN_POINT('',(1.84920631212306,0.0561055931125658,0.688904282390838));
#5344=CARTESIAN_POINT('',(1.84982640002887,0.0551640838451949,0.687928949483345));
#5345=CARTESIAN_POINT('',(1.85045407287271,0.0542372669491065,0.686948988241194));
#5346=CARTESIAN_POINT('',(1.85108918097483,0.0533252543016519,0.685965138819938));
#5347=CARTESIAN_POINT('',(1.85567496476966,0.0467400874530097,0.678861276158606));
#5348=CARTESIAN_POINT('',(1.86064838795633,0.0409304682762651,0.671555970128131));
#5349=CARTESIAN_POINT('',(1.86595777271017,0.0358535009535835,0.664262534764484));
#5350=CARTESIAN_POINT('',(1.87038452217075,0.0316205317115605,0.658181564452724));
#5351=CARTESIAN_POINT('',(1.87504481690768,0.0278981554600202,0.65210640393709));
#5352=CARTESIAN_POINT('',(1.87981015247509,0.0246786435921628,0.646241477478872));
#5353=CARTESIAN_POINT('',(1.88076029735984,0.0240367155076984,0.645072088713936));
#5354=CARTESIAN_POINT('',(1.88171461815178,0.0234146119134233,0.643911067970565));
#5355=CARTESIAN_POINT('',(1.88267209624268,0.0228120333562041,0.642760037066816));
#5356=CARTESIAN_POINT('',(1.88758725027147,0.0197187339362448,0.636851291751759));
#5357=CARTESIAN_POINT('',(1.89258560601531,0.0171371196745993,0.631209686666598));
#5358=CARTESIAN_POINT('',(1.89766678286047,0.0149314283402631,0.62582627370394));
#5359=CARTESIAN_POINT('',(1.89853974451473,0.0145524838526626,0.624901386964386));
#5360=CARTESIAN_POINT('',(1.89941515074032,0.0141847172548625,0.623984027646396));
#5361=CARTESIAN_POINT('',(1.90029299960716,0.0138275413017662,0.62307404205499));
#5362=CARTESIAN_POINT('',(1.90628047191966,0.0113913803512428,0.616867377401045));
#5363=CARTESIAN_POINT('',(1.91238157795033,0.00944751312714585,0.611008077981706));
#5364=CARTESIAN_POINT('',(1.9185394983785,0.00787043366784884,0.605553845420633));
#5365=CARTESIAN_POINT('',(1.92469741880667,0.00629335420855183,0.600099612859559));
#5366=CARTESIAN_POINT('',(1.93091215363234,0.00508113102621397,0.595050788253167));
#5367=CARTESIAN_POINT('',(1.93724920833518,0.00411461985941322,0.590359854399859));
#5368=CARTESIAN_POINT('',(1.943586263038,0.00314810869261393,0.585668920546558));
#5369=CARTESIAN_POINT('',(1.950045637618,0.00242920293307095,0.581335597716599));
#5370=CARTESIAN_POINT('',(1.95668447304299,0.00187970334716081,0.577355950983123));
#5371=CARTESIAN_POINT('',(1.96332330846799,0.00133020376124986,0.57337630424964));
#5372=CARTESIAN_POINT('',(1.970141604738,0.000950872919142478,0.569750183018238));
#5373=CARTESIAN_POINT('',(1.97721547189767,0.00068193101658226,0.566501738596933));
#5374=CARTESIAN_POINT('',(1.98428933905734,0.000412989114022045,0.563253294175629));
#5375=CARTESIAN_POINT('',(1.99161877710667,0.000255085076194079,0.560382471563332));
#5376=CARTESIAN_POINT('',(1.99928590813318,0.000158886174690342,0.557970522257646));
#5377=CARTESIAN_POINT('',(2.00695303915967,6.26872731867527E-05,0.555558572951965));
#5378=CARTESIAN_POINT('',(2.01495786316333,2.76726492220033E-05,0.553605501660364));
#5379=CARTESIAN_POINT('',(2.02340166410416,1.22754364992594E-05,0.552215857376585));
#5380=CARTESIAN_POINT('',(2.03184546504499,-3.12177622350749E-06,0.550826213092804));
#5381=CARTESIAN_POINT('',(2.040728242923,7.03933102347666E-25,0.5500000114961));
#5382=CARTESIAN_POINT('',(2.049999899257,0.0,0.55));
#5383=CARTESIAN_POINT('',(2.049999899257,0.1,0.55));
#5384=VECTOR('',#6703,0.1);
#5385=COLOUR_RGB('',1.0,0.807843148708344,0.458823531866074);
#5386=CARTESIAN_POINT('',(0.8,0.1,-0.7232050807569));
#5387=CARTESIAN_POINT('',(0.8,0.1,-0.55));
#5388=CARTESIAN_POINT('',(0.8,0.1,-0.7232050807569));
#5389=VECTOR('',#6704,0.1732050807569);
#5390=CARTESIAN_POINT('',(0.7,0.2,-0.65));
#5391=CARTESIAN_POINT('',(0.7,0.2,-0.65));
#5392=CARTESIAN_POINT('',(0.712645771587134,0.2,-0.65));
#5393=CARTESIAN_POINT('',(0.726117351186933,0.197449693173501,-0.650121227061554));
#5394=CARTESIAN_POINT('',(0.750781403207067,0.187175824076497,-0.649288507755437));
#5395=CARTESIAN_POINT('',(0.761971432035108,0.179449924202202,-0.64829158408343));
#5396=CARTESIAN_POINT('',(0.775279469811334,0.166141886425975,-0.6442149708313));
#5397=CARTESIAN_POINT('',(0.7796857313846,0.160770193435571,-0.64219485796853));
#5398=CARTESIAN_POINT('',(0.786989313600605,0.149771392798817,-0.63668280943121));
#5399=CARTESIAN_POINT('',(0.789889318778507,0.144148678316001,-0.633185667089408));
#5400=CARTESIAN_POINT('',(0.796818658538556,0.127875437713392,-0.620716182466714));
#5401=CARTESIAN_POINT('',(0.79866500927678,0.117527623741227,-0.608655331626872));
#5402=CARTESIAN_POINT('',(0.800219084149939,0.10359657880909,-0.580806667993318));
#5403=CARTESIAN_POINT('',(0.8,0.1,-0.56502966749278));
#5404=CARTESIAN_POINT('',(0.8,0.1,-0.55));
#5405=CARTESIAN_POINT('',(0.7,0.2,-0.75));
#5406=CARTESIAN_POINT('',(0.7,0.2,-0.75));
#5407=VECTOR('',#6705,0.1);
#5408=CARTESIAN_POINT('',(0.8,0.1,-0.723205080756888));
#5409=CARTESIAN_POINT('',(0.8,0.111530845151935,-0.729862417309341));
#5410=CARTESIAN_POINT('',(0.797864636427023,0.124606637814049,-0.735696406917441));
#5411=CARTESIAN_POINT('',(0.787893148074204,0.149515526125744,-0.743980976025676));
#5412=CARTESIAN_POINT('',(0.780074408158906,0.161346948078403,-0.746457483076543));
#5413=CARTESIAN_POINT('',(0.761865352442653,0.179556003794656,-0.749153201227754));
#5414=CARTESIAN_POINT('',(0.750633708425227,0.187259172426073,-0.749649958949661));
#5415=CARTESIAN_POINT('',(0.725989450129338,0.197480892463503,-0.750059569580603));
#5416=CARTESIAN_POINT('',(0.71257753260465,0.2,-0.75));
#5417=CARTESIAN_POINT('',(0.7,0.2,-0.75));
#5418=COLOUR_RGB('',1.0,0.807843148708344,0.458823531866074);
#5419=CARTESIAN_POINT('',(2.049999997921,0.1,-0.55));
#5420=CARTESIAN_POINT('',(1.815479212009,0.2,-0.65));
#5421=CARTESIAN_POINT('',(2.049999997228,0.1,-0.55));
#5422=CARTESIAN_POINT('',(2.038890853122,0.1,-0.5500000001895));
#5423=CARTESIAN_POINT('',(2.028373232643,0.0999970217868319,-0.550570369540704));
#5424=CARTESIAN_POINT('',(2.01850215602584,0.100011704122489,-0.551529930557708));
#5425=CARTESIAN_POINT('',(2.00863107940866,0.100026386458147,-0.552489491574713));
#5426=CARTESIAN_POINT('',(1.99940654665333,0.100060436801134,-0.55383822651874));
#5427=CARTESIAN_POINT('',(1.99066029596132,0.100149341467067,-0.55546314840907));
#5428=CARTESIAN_POINT('',(1.98191404526933,0.100238246132999,-0.557088070299398));
#5429=CARTESIAN_POINT('',(1.97364607664067,0.100381775673237,-0.558989202507115));
#5430=CARTESIAN_POINT('',(1.96571337756618,0.100620175447288,-0.561119823374147));
#5431=CARTESIAN_POINT('',(1.95778067849167,0.10085857522134,-0.563250444241181));
#5432=CARTESIAN_POINT('',(1.95018324897134,0.101191417760833,-0.565610646473971));
#5433=CARTESIAN_POINT('',(1.94282444122817,0.101666481216512,-0.568180183818034));
#5434=CARTESIAN_POINT('',(1.935465633485,0.102141544672191,-0.570749721162096));
#5435=CARTESIAN_POINT('',(1.928345447519,0.102756750759783,-0.573528906136249));
#5436=CARTESIAN_POINT('',(1.9213290413865,0.103590583468134,-0.576556061530001));
#5437=CARTESIAN_POINT('',(1.914312635254,0.104424416176486,-0.579583216923753));
#5438=CARTESIAN_POINT('',(1.90740000895499,0.105477933428045,-0.582858185446721));
#5439=CARTESIAN_POINT('',(1.90063982877599,0.106842123518528,-0.58635395507318));
#5440=CARTESIAN_POINT('',(1.89437147270542,0.108107064542091,-0.589595396599756));
#5441=CARTESIAN_POINT('',(1.88823418779676,0.109637133852776,-0.593026687495856));
#5442=CARTESIAN_POINT('',(1.88223609436265,0.111545833248921,-0.596646118642094));
#5443=CARTESIAN_POINT('',(1.88176547544404,0.111695592510868,-0.596930104343678));
#5444=CARTESIAN_POINT('',(1.88129571341516,0.111847698917012,-0.597215226633998));
#5445=CARTESIAN_POINT('',(1.88082681219834,0.112002215539329,-0.597501472924671));
#5446=CARTESIAN_POINT('',(1.87498125610184,0.11392849670728,-0.601069961743887));
#5447=CARTESIAN_POINT('',(1.86926948188171,0.116233358522996,-0.604813075734111));
#5448=CARTESIAN_POINT('',(1.86390320329739,0.118937336184559,-0.608556336421815));
#5449=CARTESIAN_POINT('',(1.86335281388843,0.119214668164927,-0.608940261893653));
#5450=CARTESIAN_POINT('',(1.86280605890916,0.119496152747723,-0.609324189153376));
#5451=CARTESIAN_POINT('',(1.8622631667825,0.119781779619621,-0.609707931793062));
#5452=CARTESIAN_POINT('',(1.85642709432667,0.12285225907192,-0.61383315251301));
#5453=CARTESIAN_POINT('',(1.85103742003533,0.126404479715282,-0.617939471045899));
#5454=CARTESIAN_POINT('',(1.84615283808733,0.130475040453523,-0.621876839107328));
#5455=CARTESIAN_POINT('',(1.84192915357002,0.133994843079399,-0.625281470393495));
#5456=CARTESIAN_POINT('',(1.83808312726087,0.137904437510267,-0.628557160084216));
#5457=CARTESIAN_POINT('',(1.83467494729029,0.142149599463311,-0.631567954232926));
#5458=CARTESIAN_POINT('',(1.83414165523767,0.14281385755743,-0.632039065678173));
#5459=CARTESIAN_POINT('',(1.83361908348423,0.143486239691142,-0.632503740065135));
#5460=CARTESIAN_POINT('',(1.833107462619,0.144166437613995,-0.632961517050305));
#5461=CARTESIAN_POINT('',(1.82932615870333,0.149193666259083,-0.636344869888634));
#5462=CARTESIAN_POINT('',(1.82614304047667,0.15464892389742,-0.639355652514968));
#5463=CARTESIAN_POINT('',(1.82354197446517,0.160543499188466,-0.641886802881096));
#5464=CARTESIAN_POINT('',(1.82124622194514,0.165746168409117,-0.644120846463964));
#5465=CARTESIAN_POINT('',(1.81940389847175,0.17129292490255,-0.645975100945643));
#5466=CARTESIAN_POINT('',(1.81806419153522,0.177077429617953,-0.647337329771677));
#5467=CARTESIAN_POINT('',(1.81788602311385,0.177846714336455,-0.64751849339251));
#5468=CARTESIAN_POINT('',(1.81771674421892,0.178620149659479,-0.647691007560371));
#5469=CARTESIAN_POINT('',(1.81755647054617,0.179397437712312,-0.647854659711135));
#5470=CARTESIAN_POINT('',(1.816191046435,0.186019410182625,-0.649248866187246));
#5471=CARTESIAN_POINT('',(1.815479212009,0.1929256742993,-0.65));
#5472=CARTESIAN_POINT('',(1.815479212009,0.2,-0.65));
#5473=CARTESIAN_POINT('',(2.04999999679512,-1.01330452218358E-18,-0.550000000000011));
#5474=CARTESIAN_POINT('',(2.049999997228,0.1,-0.55));
#5475=VECTOR('',#6706,0.1);
#5476=CARTESIAN_POINT('',(1.815479212009,0.2,-0.75));
#5477=CARTESIAN_POINT('',(2.04999999679512,0.0,-0.55));
#5478=CARTESIAN_POINT('',(2.04037207206061,-2.14844108674411E-25,-0.550000000355172));
#5479=CARTESIAN_POINT('',(2.0311844880707,-3.48717069371215E-06,-0.550893228373892));
#5480=CARTESIAN_POINT('',(2.02249063351116,1.4089159507541E-05,-0.552373913498551));
#5481=CARTESIAN_POINT('',(2.01379677882133,3.16654899721994E-05,-0.5538545986454));
#5482=CARTESIAN_POINT('',(2.00559665357667,7.16504476482285E-05,-0.55592272036838));
#5483=CARTESIAN_POINT('',(1.99778188768818,0.000178794570488805,-0.558454931146797));
#5484=CARTESIAN_POINT('',(1.98996712179967,0.000285938693329494,-0.560987141925217));
#5485=CARTESIAN_POINT('',(1.98253771526734,0.000460913607734135,-0.56398343267228));
#5486=CARTESIAN_POINT('',(1.975405013016,0.000753511556005393,-0.567344648821384));
#5487=CARTESIAN_POINT('',(1.96827231076466,0.00104610950427665,-0.570705864970487));
#5488=CARTESIAN_POINT('',(1.96143631279433,0.00145563031172655,-0.574432070516958));
#5489=CARTESIAN_POINT('',(1.95481435656866,0.00203933939000281,-0.578488187918039));
#5490=CARTESIAN_POINT('',(1.948192400343,0.00262304846827819,-0.582544305319114));
#5491=CARTESIAN_POINT('',(1.941784485862,0.00338016391762491,-0.586930490121139));
#5492=CARTESIAN_POINT('',(1.93552622423534,0.0043835315897644,-0.591643694441143));
#5493=CARTESIAN_POINT('',(1.92926796260867,0.00538689926190539,-0.596356898761154));
#5494=CARTESIAN_POINT('',(1.92315935383634,0.00663459651457264,-0.601397431141853));
#5495=CARTESIAN_POINT('',(1.91712558374483,0.00823830870370687,-0.606810683424733));
#5496=CARTESIAN_POINT('',(1.91109181365333,0.0098420208928411,-0.612223935707612));
#5497=CARTESIAN_POINT('',(1.90513288224266,0.0118034412894528,-0.618009599793512));
#5498=CARTESIAN_POINT('',(1.89929092757916,0.0142406215989818,-0.62411783412963));
#5499=CARTESIAN_POINT('',(1.89423167071943,0.016351271528602,-0.629407694843351));
#5500=CARTESIAN_POINT('',(1.88926014557778,0.018816292716098,-0.634939398592637));
#5501=CARTESIAN_POINT('',(1.88437218932162,0.0217646097549513,-0.640731172505348));
#5502=CARTESIAN_POINT('',(1.88361599276298,0.0222207323308779,-0.641627195151975));
#5503=CARTESIAN_POINT('',(1.88286179633967,0.0226884895129276,-0.642529366140091));
#5504=CARTESIAN_POINT('',(1.88210958463784,0.0231684330264096,-0.643437663293046));
#5505=CARTESIAN_POINT('',(1.87724242481234,0.0262738909469152,-0.649314768636865));
#5506=CARTESIAN_POINT('',(1.87245835916866,0.0298935602395521,-0.655448056103318));
#5507=CARTESIAN_POINT('',(1.86788823328229,0.0340514039710364,-0.66162913363462));
#5508=CARTESIAN_POINT('',(1.8671865860916,0.0346897538646819,-0.662578108737951));
#5509=CARTESIAN_POINT('',(1.86648998171264,0.0353406886000894,-0.663528211520336));
#5510=CARTESIAN_POINT('',(1.86579889365733,0.0360041816998164,-0.664478694873995));
#5511=CARTESIAN_POINT('',(1.860606455845,0.0409892869013778,-0.671620079633337));
#5512=CARTESIAN_POINT('',(1.855725423027,0.0466867439326056,-0.678786018618896));
#5513=CARTESIAN_POINT('',(1.85120505049833,0.0531557686812519,-0.685782074400143));
#5514=CARTESIAN_POINT('',(1.84718756092508,0.0589051265741952,-0.691999832112974));
#5515=CARTESIAN_POINT('',(1.84345494966522,0.0652655771689585,-0.698080809339294));
#5516=CARTESIAN_POINT('',(1.84004964252201,0.0722008863818991,-0.703842083184114));
#5517=CARTESIAN_POINT('',(1.83962338854199,0.0730690028337665,-0.704563241600392));
#5518=CARTESIAN_POINT('',(1.83920226288984,0.0739460614057347,-0.705279408235239));
#5519=CARTESIAN_POINT('',(1.83878634877384,0.0748319352677601,-0.705990241910146));
#5520=CARTESIAN_POINT('',(1.83504773181734,0.0827949807967933,-0.712379865940718));
#5521=CARTESIAN_POINT('',(1.83173021014367,0.091475972502738,-0.718338846049194));
#5522=CARTESIAN_POINT('',(1.82885887622817,0.10080531589682,-0.72366754056435));
#5523=CARTESIAN_POINT('',(1.82598754231267,0.110134659290901,-0.728996235079507));
#5524=CARTESIAN_POINT('',(1.82356239615533,0.120109567756854,-0.733698173899993));
#5525=CARTESIAN_POINT('',(1.82158723807866,0.130701689195597,-0.737610618355296));
#5526=CARTESIAN_POINT('',(1.81990885847115,0.139702285569671,-0.740935196305219));
#5527=CARTESIAN_POINT('',(1.81855539978841,0.149149875229495,-0.743684660824434));
#5528=CARTESIAN_POINT('',(1.81755261049729,0.15891123431094,-0.745733781790854));
#5529=CARTESIAN_POINT('',(1.81737529288132,0.16063728078581,-0.74609611637881));
#5530=CARTESIAN_POINT('',(1.81720893959923,0.162373048315293,-0.746436650136154));
#5531=CARTESIAN_POINT('',(1.81705369300775,0.164117690582036,-0.746754821721943));
#5532=CARTESIAN_POINT('',(1.8160204760095,0.17572885723403,-0.748872358008292));
#5533=CARTESIAN_POINT('',(1.815479212009,0.187737835452,-0.75));
#5534=CARTESIAN_POINT('',(1.815479212009,0.2,-0.75));
#5535=CARTESIAN_POINT('',(1.815479212009,0.2,-0.65));
#5536=VECTOR('',#6707,0.1);
#5537=COLOUR_RGB('',1.0,0.807843148708344,0.458823531866074);
#5538=CARTESIAN_POINT('',(0.8,0.0,-0.55));
#5539=AXIS2_PLACEMENT_3D('',#6708,#6709,#6710);
#5540=CARTESIAN_POINT('',(0.8,0.0,-0.55));
#5541=VECTOR('',#6711,0.1);
#5542=COLOUR_RGB('',1.0,0.807843148708344,0.458823531866074);
#5543=CARTESIAN_POINT('',(0.2,0.15,-0.7436491673104));
#5544=CARTESIAN_POINT('',(0.2,0.15,-0.65));
#5545=CARTESIAN_POINT('',(0.2,0.15,-0.7436491673104));
#5546=VECTOR('',#6712,0.09364916731037);
#5547=CARTESIAN_POINT('',(0.1995219775698,0.1568973717878,-0.640233937303));
#5548=AXIS2_PLACEMENT_3D('',#6713,#6714,#6715);
#5549=CARTESIAN_POINT('',(0.15,0.2,-0.65));
#5550=CARTESIAN_POINT('',(0.1539886098296,0.2,-0.65));
#5551=CARTESIAN_POINT('',(0.157981921788793,0.199523073670412,-0.6500038600817));
#5552=CARTESIAN_POINT('',(0.161896786450948,0.198564045055375,-0.649989689635433));
#5553=CARTESIAN_POINT('',(0.164989295693458,0.197806469733679,-0.649978495829304));
#5554=CARTESIAN_POINT('',(0.168032827871582,0.196743287893386,-0.649956050872251));
#5555=CARTESIAN_POINT('',(0.170921827598388,0.195412301526605,-0.649894794696223));
#5556=CARTESIAN_POINT('',(0.171690066072838,0.195058367628156,-0.649878505545766));
#5557=CARTESIAN_POINT('',(0.172447480631825,0.194685764673205,-0.649859471951213));
#5558=CARTESIAN_POINT('',(0.17319236156126,0.194295760126809,-0.649837175678517));
#5559=CARTESIAN_POINT('',(0.176738404985432,0.19243912371353,-0.6497310331421));
#5560=CARTESIAN_POINT('',(0.180002966362908,0.190190012683219,-0.649550949043501));
#5561=CARTESIAN_POINT('',(0.182955647457358,0.187602198082909,-0.649228496449467));
#5562=CARTESIAN_POINT('',(0.185908328551808,0.185014383482599,-0.648906043855434));
#5563=CARTESIAN_POINT('',(0.188548287199504,0.182089815868189,-0.648441222765966));
#5564=CARTESIAN_POINT('',(0.190836564743401,0.178850909516998,-0.647737996560933));
#5565=CARTESIAN_POINT('',(0.192722227970414,0.176181877249271,-0.647158500512196));
#5566=CARTESIAN_POINT('',(0.194364140077639,0.173295076360955,-0.646417112072784));
#5567=CARTESIAN_POINT('',(0.195699796380985,0.170286167965797,-0.645482483133737));
#5568=CARTESIAN_POINT('',(0.195984976864148,0.169643725783795,-0.645282927355991));
#5569=CARTESIAN_POINT('',(0.196256358843929,0.168995814209367,-0.645074562137948));
#5570=CARTESIAN_POINT('',(0.196513610596465,0.168343501009362,-0.644857082348426));
#5571=CARTESIAN_POINT('',(0.197975713119326,0.164636048033739,-0.643621025661551));
#5572=CARTESIAN_POINT('',(0.198980635681034,0.160784116144402,-0.6420905436084));
#5573=CARTESIAN_POINT('',(0.199521977569771,0.156897371787796,-0.640233937303));
#5574=CARTESIAN_POINT('',(0.1853553390593,0.1853553390593,-0.7494631141488));
#5575=CARTESIAN_POINT('',(0.185355339059327,0.185355339059327,-0.7494631141488));
#5576=CARTESIAN_POINT('',(0.182297684214575,0.18841299390408,-0.7492386199175));
#5577=CARTESIAN_POINT('',(0.178830184393107,0.191082991429306,-0.74891321910465));
#5578=CARTESIAN_POINT('',(0.175059067123001,0.193267114011971,-0.748438781157392));
#5579=CARTESIAN_POINT('',(0.171287949852895,0.195451236594637,-0.747964343210134));
#5580=CARTESIAN_POINT('',(0.167211944908428,0.197147672192305,-0.747340868128467));
#5581=CARTESIAN_POINT('',(0.162985587500305,0.198284309224342,-0.746544990440658));
#5582=CARTESIAN_POINT('',(0.158759230092183,0.19942094625638,-0.74574911275285));
#5583=CARTESIAN_POINT('',(0.1543829202736,0.2,-0.7447808324589));
#5584=CARTESIAN_POINT('',(0.15,0.2,-0.7436491673104));
#5585=CARTESIAN_POINT('',(0.2,0.15,-0.743649167310371));
#5586=CARTESIAN_POINT('',(0.2,0.156161009091278,-0.745239933017461));
#5587=CARTESIAN_POINT('',(0.198788244255558,0.162823513894366,-0.746611208705151));
#5588=CARTESIAN_POINT('',(0.19371138611871,0.175174103601871,-0.748554239581331));
#5589=CARTESIAN_POINT('',(0.189848652646017,0.180862025472638,-0.749133213283368));
#5590=CARTESIAN_POINT('',(0.185355339059327,0.185355339059327,-0.749463114148789));
#5591=COLOUR_RGB('',1.0,0.807843148708344,0.458823531866074);
#5592=CARTESIAN_POINT('',(0.2,0.02679491924311,-0.65));
#5593=AXIS2_PLACEMENT_3D('',#6716,#6717,#6718);
#5594=CARTESIAN_POINT('',(0.2,0.02679491924311,-0.65));
#5595=VECTOR('',#6719,0.1232050807569);
#5596=COLOUR_RGB('',1.0,0.807843148708344,0.458823531866074);
#5597=CARTESIAN_POINT('',(0.45,0.1,-0.7232050807569));
#5598=CARTESIAN_POINT('',(0.45,0.1,-0.55));
#5599=CARTESIAN_POINT('',(0.45,0.1,-0.7232050807569));
#5600=VECTOR('',#6720,0.1732050807569);
#5601=CARTESIAN_POINT('',(0.45,0.0,-0.55));
#5602=CARTESIAN_POINT('',(0.45,0.0,-0.55));
#5603=VECTOR('',#6721,0.1);
#5604=AXIS2_PLACEMENT_3D('',#6722,#6723,#6724);
#5605=COLOUR_RGB('',1.0,0.807843148708344,0.458823531866074);
#5606=CARTESIAN_POINT('',(0.55,0.2,-0.75));
#5607=CARTESIAN_POINT('',(0.55,0.2,-0.65));
#5608=CARTESIAN_POINT('',(0.55,0.2,-0.75));
#5609=VECTOR('',#6725,0.1);
#5610=CARTESIAN_POINT('',(0.45,0.1,-0.55));
#5611=CARTESIAN_POINT('',(0.45,0.1,-0.56502966749278));
#5612=CARTESIAN_POINT('',(0.44978091585006,0.10359657880909,-0.580806667993318));
#5613=CARTESIAN_POINT('',(0.45133499072322,0.117527623741227,-0.608655331626872));
#5614=CARTESIAN_POINT('',(0.453181341461444,0.127875437713392,-0.620716182466714));
#5615=CARTESIAN_POINT('',(0.460110681221493,0.144148678316001,-0.633185667089408));
#5616=CARTESIAN_POINT('',(0.463010686399395,0.149771392798817,-0.63668280943121));
#5617=CARTESIAN_POINT('',(0.4703142686154,0.160770193435571,-0.64219485796853));
#5618=CARTESIAN_POINT('',(0.474720530188666,0.166141886425975,-0.6442149708313));
#5619=CARTESIAN_POINT('',(0.488028567964892,0.179449924202202,-0.64829158408343));
#5620=CARTESIAN_POINT('',(0.499218596792933,0.187175824076497,-0.649288507755437));
#5621=CARTESIAN_POINT('',(0.523882648813067,0.197449693173501,-0.650121227061554));
#5622=CARTESIAN_POINT('',(0.537354228412866,0.2,-0.65));
#5623=CARTESIAN_POINT('',(0.55,0.2,-0.65));
#5624=CARTESIAN_POINT('',(0.55,0.2,-0.75));
#5625=CARTESIAN_POINT('',(0.53742246739535,0.2,-0.75));
#5626=CARTESIAN_POINT('',(0.524010549870662,0.197480892463503,-0.750059569580603));
#5627=CARTESIAN_POINT('',(0.499366291574772,0.187259172426073,-0.749649958949661));
#5628=CARTESIAN_POINT('',(0.488134647557347,0.179556003794656,-0.749153201227754));
#5629=CARTESIAN_POINT('',(0.469925591841094,0.161346948078403,-0.746457483076543));
#5630=CARTESIAN_POINT('',(0.462106851925796,0.149515526125744,-0.743980976025676));
#5631=CARTESIAN_POINT('',(0.452135363572977,0.124606637814049,-0.735696406917441));
#5632=CARTESIAN_POINT('',(0.45,0.111530845151935,-0.729862417309341));
#5633=CARTESIAN_POINT('',(0.45,0.1,-0.723205080756888));
#5634=COLOUR_RGB('',1.0,0.807843148708344,0.458823531866074);
#5635=CARTESIAN_POINT('',(0.1000005889791,-3.097992973267E-10,-0.55));
#5636=CARTESIAN_POINT('',(0.1000005904474,0.099999999765,-0.55));
#5637=CARTESIAN_POINT('',(0.1000005889791,-3.097992973267E-10,-0.55));
#5638=VECTOR('',#6726,0.1000000000748);
#5639=CARTESIAN_POINT('',(0.199521977569773,0.1568973717878,-0.640233937303003));
#5640=CARTESIAN_POINT('',(0.199318892533165,0.1525648219191,-0.638164380196404));
#5641=CARTESIAN_POINT('',(0.199025840047021,0.14852013496295,-0.635848434548512));
#5642=CARTESIAN_POINT('',(0.198605336264864,0.144758696691826,-0.633357053743607));
#5643=CARTESIAN_POINT('',(0.198184832482706,0.1409972584207,-0.630865672938701));
#5644=CARTESIAN_POINT('',(0.197638652156968,0.137519068834599,-0.628198559852517));
#5645=CARTESIAN_POINT('',(0.196915530611936,0.134260849538681,-0.625354920852088));
#5646=CARTESIAN_POINT('',(0.196192409066905,0.131002630242765,-0.622511281851661));
#5647=CARTESIAN_POINT('',(0.195292200951976,0.127964381237032,-0.619491242394891));
#5648=CARTESIAN_POINT('',(0.194155432863469,0.125150358120516,-0.616313883241122));
#5649=CARTESIAN_POINT('',(0.193018664774962,0.122336335004001,-0.613136524087353));
#5650=CARTESIAN_POINT('',(0.191643170529771,0.119746537776702,-0.609802643526023));
#5651=CARTESIAN_POINT('',(0.189994515234814,0.117422307970803,-0.606399687757415));
#5652=CARTESIAN_POINT('',(0.188345859939854,0.115098078164901,-0.602996731988803));
#5653=CARTESIAN_POINT('',(0.186422705931888,0.1130394157804,-0.599525292123715));
#5654=CARTESIAN_POINT('',(0.184227782946121,0.111257718950581,-0.596095634870808));
#5655=CARTESIAN_POINT('',(0.182032859960356,0.109476022120765,-0.592665977617906));
#5656=CARTESIAN_POINT('',(0.179565929612818,0.107971290845633,-0.589278208587923));
#5657=CARTESIAN_POINT('',(0.176861443559305,0.106715875628717,-0.586028768231496));
#5658=CARTESIAN_POINT('',(0.174156957505793,0.1054604604118,-0.582779327875068));
#5659=CARTESIAN_POINT('',(0.17121622443367,0.104454361253101,-0.579666870755966));
#5660=CARTESIAN_POINT('',(0.168065188852785,0.103641244301734,-0.576739300669222));
#5661=CARTESIAN_POINT('',(0.164914153271898,0.102828127350367,-0.573811730582475));
#5662=CARTESIAN_POINT('',(0.161556320116401,0.102207992606333,-0.571065520886654));
#5663=CARTESIAN_POINT('',(0.157926190275082,0.10172348545445,-0.56848585104281));
#5664=CARTESIAN_POINT('',(0.154296060433767,0.101238978302567,-0.565906181198968));
#5665=CARTESIAN_POINT('',(0.150392759709696,0.100890098742833,-0.563494188544125));
#5666=CARTESIAN_POINT('',(0.146167800689555,0.10063996014835,-0.56129524150594));
#5667=CARTESIAN_POINT('',(0.141942841669414,0.100389821553867,-0.559096294467755));
#5668=CARTESIAN_POINT('',(0.137397162327569,0.100238423924633,-0.557109968500487));
#5669=CARTESIAN_POINT('',(0.132472995575663,0.100146953257543,-0.555419322489512));
#5670=CARTESIAN_POINT('',(0.128592028641926,0.100074860931619,-0.554086845017519));
#5671=CARTESIAN_POINT('',(0.124473734390811,0.100039993771846,-0.552944338517399));
#5672=CARTESIAN_POINT('',(0.120231444444159,0.100021665182523,-0.552067938571156));
#5673=CARTESIAN_POINT('',(0.119091121381236,0.100016738477046,-0.551832363190026));
#5674=CARTESIAN_POINT('',(0.117941969469764,0.100013006730798,-0.551615754847773));
#5675=CARTESIAN_POINT('',(0.116786440812726,0.100010068179143,-0.551418990648093));
#5676=CARTESIAN_POINT('',(0.111332053556575,0.09999619747278,-0.550490213904509));
#5677=CARTESIAN_POINT('',(0.1057327104624,0.0999999997650005,-0.550000033846897));
#5678=CARTESIAN_POINT('',(0.1000005904474,0.0999999997650005,-0.550000000001743));
#5679=CARTESIAN_POINT('',(0.10000058897971,-4.35411468059842E-14,-0.55000000000531));
#5680=CARTESIAN_POINT('',(0.112577532604431,6.42430852932786E-19,-0.550000074079038));
#5681=CARTESIAN_POINT('',(0.125989450129338,-5.95695806033608E-05,-0.552519107536497));
#5682=CARTESIAN_POINT('',(0.150633708425228,0.000350041050339398,-0.562740827573927));
#5683=CARTESIAN_POINT('',(0.161865352442653,0.000846798772245727,-0.570443996205344));
#5684=CARTESIAN_POINT('',(0.180074408158906,0.00354251692345701,-0.588653051921597));
#5685=CARTESIAN_POINT('',(0.187893148074204,0.00601902397432374,-0.600484473874256));
#5686=CARTESIAN_POINT('',(0.197864636427023,0.0143035930825587,-0.625393362185951));
#5687=CARTESIAN_POINT('',(0.2,0.0201375826906589,-0.638469154848065));
#5688=CARTESIAN_POINT('',(0.2,0.0267949192431122,-0.65));
#5689=COLOUR_RGB('',1.0,0.807843148708344,0.458823531866074);
#5690=CARTESIAN_POINT('',(0.2,0.15,0.65));
#5691=CARTESIAN_POINT('',(0.2,0.15,0.65));
#5692=CARTESIAN_POINT('',(0.2,0.156288766302325,0.65));
#5693=CARTESIAN_POINT('',(0.198740446231751,0.162994725064669,0.650029784790302));
#5694=CARTESIAN_POINT('',(0.193629586213037,0.175316854212614,0.64982497947483));
#5695=CARTESIAN_POINT('',(0.189778001897328,0.180932676221327,0.649576600613877));
#5696=CARTESIAN_POINT('',(0.180673474039202,0.190037204079453,0.648228741538272));
#5697=CARTESIAN_POINT('',(0.174757763062872,0.193946574037102,0.646990488012838));
#5698=CARTESIAN_POINT('',(0.162303318907024,0.198932318213512,0.642848203458721));
#5699=CARTESIAN_POINT('',(0.155765422575967,0.2,0.639931208654671));
#5700=CARTESIAN_POINT('',(0.15,0.2,0.636602540378444));
#5701=CARTESIAN_POINT('',(0.2,0.15,0.7436491673104));
#5702=CARTESIAN_POINT('',(0.2,0.15,0.7436491673104));
#5703=VECTOR('',#6727,0.09364916731037);
#5704=CARTESIAN_POINT('',(0.1853553390593,0.1853553390593,0.7494631141488));
#5705=CARTESIAN_POINT('',(0.185355339059327,0.185355339059327,0.7494631141488));
#5706=CARTESIAN_POINT('',(0.18841285912843,0.182297818990225,0.7492386298128));
#5707=CARTESIAN_POINT('',(0.191082827267177,0.178830442800291,0.7489132569215));
#5708=CARTESIAN_POINT('',(0.193267041864643,0.175059191692535,0.748438796813967));
#5709=CARTESIAN_POINT('',(0.19545125646211,0.171287940584779,0.747964336706433));
#5710=CARTESIAN_POINT('',(0.197147842797936,0.16721150029072,0.747340789382667));
#5711=CARTESIAN_POINT('',(0.198284455443332,0.16298504380204,0.746544888047683));
#5712=CARTESIAN_POINT('',(0.199421068088727,0.158758587313362,0.7457489867127));
#5713=CARTESIAN_POINT('',(0.2,0.1543825287444,0.7447807313665));
#5714=CARTESIAN_POINT('',(0.2,0.15,0.7436491673104));
#5715=CARTESIAN_POINT('',(0.15,0.2,0.743649167310371));
#5716=CARTESIAN_POINT('',(0.156161009091278,0.2,0.745239933017461));
#5717=CARTESIAN_POINT('',(0.162823513894366,0.198788244255558,0.746611208705151));
#5718=CARTESIAN_POINT('',(0.175174103601871,0.19371138611871,0.748554239581331));
#5719=CARTESIAN_POINT('',(0.180862025472638,0.189848652646017,0.749133213283368));
#5720=CARTESIAN_POINT('',(0.185355339059327,0.185355339059327,0.749463114148789));
#5721=COLOUR_RGB('',1.0,0.807843148708344,0.458823531866074);
#5722=CARTESIAN_POINT('',(0.45,0.1,0.7232050807569));
#5723=CARTESIAN_POINT('',(0.45,0.1,0.55));
#5724=CARTESIAN_POINT('',(0.45,0.1,0.7232050807569));
#5725=VECTOR('',#6728,0.1732050807569);
#5726=CARTESIAN_POINT('',(0.55,0.2,0.65));
#5727=CARTESIAN_POINT('',(0.53497033250722,0.2,0.65));
#5728=CARTESIAN_POINT('',(0.519193332006682,0.19640342119091,0.65021908414994));
#5729=CARTESIAN_POINT('',(0.491344668373129,0.182472376258773,0.64866500927678));
#5730=CARTESIAN_POINT('',(0.479283817533286,0.172124562286608,0.646818658538557));
#5731=CARTESIAN_POINT('',(0.466814332910592,0.155851321683999,0.639889318778507));
#5732=CARTESIAN_POINT('',(0.46331719056879,0.150228607201183,0.636989313600605));
#5733=CARTESIAN_POINT('',(0.45780514203147,0.139229806564429,0.629685731384599));
#5734=CARTESIAN_POINT('',(0.4557850291687,0.133858113574025,0.625279469811335));
#5735=CARTESIAN_POINT('',(0.45170841591657,0.120550075797798,0.611971432035108));
#5736=CARTESIAN_POINT('',(0.450711492244563,0.112824175923503,0.600781403207067));
#5737=CARTESIAN_POINT('',(0.449878772938447,0.102550306826499,0.576117351186933));
#5738=CARTESIAN_POINT('',(0.45,0.1,0.562645771587134));
#5739=CARTESIAN_POINT('',(0.45,0.1,0.55));
#5740=CARTESIAN_POINT('',(0.45,0.1,0.723205080756888));
#5741=CARTESIAN_POINT('',(0.45,0.111530845151935,0.729862417309341));
#5742=CARTESIAN_POINT('',(0.452135363572977,0.124606637814049,0.735696406917441));
#5743=CARTESIAN_POINT('',(0.462106851925796,0.149515526125744,0.743980976025676));
#5744=CARTESIAN_POINT('',(0.469925591841094,0.161346948078403,0.746457483076543));
#5745=CARTESIAN_POINT('',(0.488134647557347,0.179556003794656,0.749153201227754));
#5746=CARTESIAN_POINT('',(0.499366291574773,0.187259172426073,0.749649958949661));
#5747=CARTESIAN_POINT('',(0.524010549870662,0.197480892463503,0.750059569580603));
#5748=CARTESIAN_POINT('',(0.53742246739535,0.2,0.75));
#5749=CARTESIAN_POINT('',(0.55,0.2,0.75));
#5750=COLOUR_RGB('',1.0,0.807843148708344,0.458823531866074);
#5751=CARTESIAN_POINT('',(0.45,0.0,0.55));
#5752=AXIS2_PLACEMENT_3D('',#6729,#6730,#6731);
#5753=CARTESIAN_POINT('',(0.45,0.0,0.55));
#5754=VECTOR('',#6732,0.1);
#5755=COLOUR_RGB('',1.0,0.807843148708344,0.458823531866074);
#5756=CARTESIAN_POINT('',(0.2,0.02679491924311,0.65));
#5757=CARTESIAN_POINT('',(0.2,0.02679491924311,0.65));
#5758=VECTOR('',#6733,0.1232050807569);
#5759=CARTESIAN_POINT('',(0.2,0.2,0.65));
#5760=CARTESIAN_POINT('',(0.2,0.15,0.65));
#5761=VECTOR('',#6734,0.05);
#5762=CARTESIAN_POINT('',(0.1000009528907,0.09999999943171,0.55));
#5763=CARTESIAN_POINT('',(0.100000952891701,0.0999999999997065,0.550000000013899));
#5764=CARTESIAN_POINT('',(0.115029667492097,0.1,0.550000143216304));
#5765=CARTESIAN_POINT('',(0.130806667993318,0.0997809158500605,0.55359657880909));
#5766=CARTESIAN_POINT('',(0.158655331626872,0.10133499072322,0.567527623741227));
#5767=CARTESIAN_POINT('',(0.170716182466714,0.103181341461443,0.577875437713392));
#5768=CARTESIAN_POINT('',(0.183185667089408,0.110110681221493,0.594148678316001));
#5769=CARTESIAN_POINT('',(0.18668280943121,0.113010686399395,0.599771392798817));
#5770=CARTESIAN_POINT('',(0.19219485796853,0.1203142686154,0.610770193435571));
#5771=CARTESIAN_POINT('',(0.1942149708313,0.124720530188666,0.616141886425975));
#5772=CARTESIAN_POINT('',(0.19829158408343,0.138028567964892,0.629449924202202));
#5773=CARTESIAN_POINT('',(0.199288507755437,0.149218596792933,0.637175824076497));
#5774=CARTESIAN_POINT('',(0.200121227061554,0.173882648813067,0.647449693173501));
#5775=CARTESIAN_POINT('',(0.2,0.187354228412866,0.65));
#5776=CARTESIAN_POINT('',(0.2,0.2,0.65));
#5777=CARTESIAN_POINT('',(0.1000009528907,-5.01320651658E-10,0.55));
#5778=CARTESIAN_POINT('',(0.1000009528907,-5.01320651658E-10,0.55));
#5779=VECTOR('',#6735,0.09999999993303);
#5780=CARTESIAN_POINT('',(0.2,0.0267949192431122,0.65));
#5781=CARTESIAN_POINT('',(0.2,0.0201375826906589,0.638469154848065));
#5782=CARTESIAN_POINT('',(0.197864636427023,0.0143035930825587,0.625393362185951));
#5783=CARTESIAN_POINT('',(0.187893148074204,0.00601902397432377,0.600484473874256));
#5784=CARTESIAN_POINT('',(0.180074408158906,0.00354251692345701,0.588653051921597));
#5785=CARTESIAN_POINT('',(0.161865352442653,0.000846798772245722,0.570443996205344));
#5786=CARTESIAN_POINT('',(0.150633708425228,0.000350041050339401,0.562740827573927));
#5787=CARTESIAN_POINT('',(0.125989450129338,-5.95695806033593E-05,0.552519107536497));
#5788=CARTESIAN_POINT('',(0.11257753260465,0.0,0.55));
#5789=CARTESIAN_POINT('',(0.100000952892297,-1.13966885404399E-13,0.55000000000482));
#5790=COLOUR_RGB('',1.0,0.807843148708344,0.458823531866074);
#5791=AXIS2_PLACEMENT_3D('',#6736,#6737,#6738);
#5792=COLOUR_RGB('',1.0,0.807843148708344,0.458823531866074);
#5793=CARTESIAN_POINT('',(1.201907786236,1.652606042998,0.4));
#5794=VECTOR('',#6739,0.8);
#5795=COLOUR_RGB('',1.0,0.807843148708344,0.458823531866074);
#5796=CARTESIAN_POINT('',(1.330812484012,1.00606285658,0.5));
#5797=CARTESIAN_POINT('',(1.148980941356,1.505640914171,0.5));
#5798=CARTESIAN_POINT('',(1.330812484012,1.00606285658,0.5));
#5799=VECTOR('',#6740,0.531639864504302);
#5800=CARTESIAN_POINT('',(1.242950203435,1.539842928503,0.4));
#5801=AXIS2_PLACEMENT_3D('',#6741,#6742,#6743);
#5802=CARTESIAN_POINT('',(1.41988982096,1.053705324746,0.4));
#5803=VECTOR('',#6744,0.517336832282901);
#5804=CARTESIAN_POINT('',(1.35881955171472,1.0314775645426,0.493671092171443));
#5805=CARTESIAN_POINT('',(1.35320731065522,1.02943487584946,0.495903336368346));
#5806=CARTESIAN_POINT('',(1.34740482719691,1.02610310376709,0.497642896565309));
#5807=CARTESIAN_POINT('',(1.33758017814992,1.01724858554786,0.499677194594537));
#5808=CARTESIAN_POINT('',(1.33353509006594,1.01175650311374,0.500000000000008));
#5809=CARTESIAN_POINT('',(1.3308124840113,1.00606285658034,0.5));
#5810=COLOUR_RGB('',1.0,0.807843148708344,0.458823531866074);
#5811=CARTESIAN_POINT('',(1.242950203435,1.539842928503,-0.4));
#5812=CARTESIAN_POINT('',(1.41988982096,1.053705324746,-0.4));
#5813=VECTOR('',#6745,0.517336832282901);
#5814=CARTESIAN_POINT('',(1.148980941356,1.505640914171,-0.5));
#5815=AXIS2_PLACEMENT_3D('',#6746,#6747,#6748);
#5816=CARTESIAN_POINT('',(1.330812484012,1.00606285658,-0.5));
#5817=CARTESIAN_POINT('',(1.330812484012,1.00606285658,-0.5));
#5818=VECTOR('',#6749,0.531639864504302);
#5819=CARTESIAN_POINT('',(1.3308124840113,1.00606285658034,-0.5));
#5820=CARTESIAN_POINT('',(1.33266585976348,1.00993872632232,-0.5));
#5821=CARTESIAN_POINT('',(1.33502223322178,1.01358059948258,-0.4998603714222));
#5822=CARTESIAN_POINT('',(1.33782825638846,1.01688084005523,-0.499468897688317));
#5823=CARTESIAN_POINT('',(1.34010854704127,1.019562752243,-0.49915076991703));
#5824=CARTESIAN_POINT('',(1.34268920194572,1.02201727689389,-0.498666327110675));
#5825=CARTESIAN_POINT('',(1.34548284238416,1.02416087288081,-0.49798350561235));
#5826=CARTESIAN_POINT('',(1.34612693028091,1.02465508974985,-0.497826077671138));
#5827=CARTESIAN_POINT('',(1.34678219272218,1.0251329424927,-0.497658104785827));
#5828=CARTESIAN_POINT('',(1.34744732135447,1.02559372114487,-0.497479194006734));
#5829=CARTESIAN_POINT('',(1.35099735164893,1.02805306223298,-0.496524282949));
#5830=CARTESIAN_POINT('',(1.354830349709,1.03002561375408,-0.4952577797235));
#5831=CARTESIAN_POINT('',(1.3588195517151,1.03147756454273,-0.4936710921714));
#5832=COLOUR_RGB('',1.0,0.807843148708344,0.458823531866074);
#5833=CARTESIAN_POINT('',(0.2,0.2,-0.65));
#5834=VECTOR('',#6750,0.35);
#5835=CARTESIAN_POINT('',(0.45,0.1,-0.55));
#5836=VECTOR('',#6751,0.3499994095526);
#5837=COLOUR_RGB('',1.0,0.807843148708344,0.458823531866074);
#5838=CARTESIAN_POINT('',(0.8,0.1,-0.55));
#5839=VECTOR('',#6752,1.249999997228);
#5840=CARTESIAN_POINT('',(0.7,0.2,-0.65));
#5841=VECTOR('',#6753,1.115479212009);
#5842=COLOUR_RGB('',1.0,0.807843148708344,0.458823531866074);
#5843=CARTESIAN_POINT('',(1.815479212009,0.2,0.65));
#5844=VECTOR('',#6754,1.115479212009);
#5845=CARTESIAN_POINT('',(0.8,0.1,0.55));
#5846=VECTOR('',#6755,1.249999899257);
#5847=COLOUR_RGB('',1.0,0.807843148708344,0.458823531866074);
#5848=CARTESIAN_POINT('',(0.1000009528907,0.09999999943171,0.55));
#5849=VECTOR('',#6756,0.3499990471093);
#5850=CARTESIAN_POINT('',(0.55,0.2,0.65));
#5851=VECTOR('',#6757,0.35);
#5852=COLOUR_RGB('',1.0,0.807843148708344,0.458823531866074);
#5853=CARTESIAN_POINT('',(1.336919465513,1.574044942836,0.4));
#5854=CARTESIAN_POINT('',(1.336919465513,1.574044942836,0.4));
#5855=VECTOR('',#6758,0.1);
#5856=CARTESIAN_POINT('',(1.295877048314,1.68680805733,0.4));
#5857=VECTOR('',#6759,0.12);
#5858=CARTESIAN_POINT('',(1.201907786236,1.652606042998,0.4));
#5859=VECTOR('',#6760,0.12);
#5860=COLOUR_RGB('',1.0,0.807843148708344,0.458823531866074);
#5861=CARTESIAN_POINT('',(1.295877048314,1.68680805733,0.4));
#5862=VECTOR('',#6761,0.8);
#5863=COLOUR_RGB('',1.0,0.807843148708344,0.458823531866074);
#5864=CARTESIAN_POINT('',(1.336919465513,1.574044942836,-0.4));
#5865=CARTESIAN_POINT('',(1.336919465513,1.574044942836,-0.4));
#5866=VECTOR('',#6762,0.1);
#5867=CARTESIAN_POINT('',(1.201907786236,1.652606042998,-0.4));
#5868=VECTOR('',#6763,0.12);
#5869=CARTESIAN_POINT('',(1.295877048314,1.68680805733,-0.4));
#5870=VECTOR('',#6764,0.12);
#5871=COLOUR_RGB('',1.0,0.807843148708344,0.458823531866074);
#5872=CARTESIAN_POINT('',(2.85,0.1,-0.3));
#5873=CARTESIAN_POINT('',(2.9,0.1,-0.25));
#5874=AXIS2_PLACEMENT_3D('',#6765,#6766,#6767);
#5875=CARTESIAN_POINT('',(2.85,0.0,-0.3));
#5876=CARTESIAN_POINT('',(2.85,0.1,-0.3));
#5877=VECTOR('',#6768,0.1);
#5878=CARTESIAN_POINT('',(2.9,0.0,-0.25));
#5879=AXIS2_PLACEMENT_3D('',#6769,#6770,#6771);
#5880=CARTESIAN_POINT('',(2.9,0.1,-0.25));
#5881=VECTOR('',#6772,0.1);
#5882=COLOUR_RGB('',1.0,0.807843148708344,0.458823531866074);
#5883=CARTESIAN_POINT('',(2.9,0.1,0.25));
#5884=CARTESIAN_POINT('',(2.9,0.1,-0.25));
#5885=VECTOR('',#6773,0.5);
#5886=CARTESIAN_POINT('',(2.9,0.0,0.25));
#5887=CARTESIAN_POINT('',(2.9,0.0,-0.25));
#5888=VECTOR('',#6774,0.5);
#5889=CARTESIAN_POINT('',(2.9,0.1,0.25));
#5890=VECTOR('',#6775,0.1);
#5891=COLOUR_RGB('',1.0,0.807843148708344,0.458823531866074);
#5892=CARTESIAN_POINT('',(2.85,0.1,0.3));
#5893=AXIS2_PLACEMENT_3D('',#6776,#6777,#6778);
#5894=CARTESIAN_POINT('',(2.85,0.0,0.3));
#5895=AXIS2_PLACEMENT_3D('',#6779,#6780,#6781);
#5896=CARTESIAN_POINT('',(2.85,0.1,0.3));
#5897=VECTOR('',#6782,0.1);
#5898=COLOUR_RGB('',1.0,0.807843148708344,0.458823531866074);
#5899=CARTESIAN_POINT('',(2.65,0.1,0.3));
#5900=CARTESIAN_POINT('',(2.85,0.1,0.3));
#5901=VECTOR('',#6783,0.2);
#5902=CARTESIAN_POINT('',(2.65,0.0,0.3));
#5903=CARTESIAN_POINT('',(2.85,0.0,0.3));
#5904=VECTOR('',#6784,0.2);
#5905=CARTESIAN_POINT('',(2.65,0.1,0.3));
#5906=VECTOR('',#6785,0.1);
#5907=COLOUR_RGB('',1.0,0.807843148708344,0.458823531866074);
#5908=CARTESIAN_POINT('',(2.6,0.1,0.25));
#5909=AXIS2_PLACEMENT_3D('',#6786,#6787,#6788);
#5910=CARTESIAN_POINT('',(2.6,0.0,0.25));
#5911=AXIS2_PLACEMENT_3D('',#6789,#6790,#6791);
#5912=CARTESIAN_POINT('',(2.6,0.1,0.25));
#5913=VECTOR('',#6792,0.1);
#5914=COLOUR_RGB('',1.0,0.807843148708344,0.458823531866074);
#5915=CARTESIAN_POINT('',(2.6,0.1,-0.25));
#5916=CARTESIAN_POINT('',(2.6,0.1,0.25));
#5917=VECTOR('',#6793,0.5);
#5918=CARTESIAN_POINT('',(2.6,0.0,-0.25));
#5919=CARTESIAN_POINT('',(2.6,0.0,0.25));
#5920=VECTOR('',#6794,0.5);
#5921=CARTESIAN_POINT('',(2.6,0.1,-0.25));
#5922=VECTOR('',#6795,0.1);
#5923=COLOUR_RGB('',1.0,0.807843148708344,0.458823531866074);
#5924=CARTESIAN_POINT('',(2.65,0.1,-0.3));
#5925=AXIS2_PLACEMENT_3D('',#6796,#6797,#6798);
#5926=CARTESIAN_POINT('',(2.65,0.0,-0.3));
#5927=AXIS2_PLACEMENT_3D('',#6799,#6800,#6801);
#5928=CARTESIAN_POINT('',(2.65,0.1,-0.3));
#5929=VECTOR('',#6802,0.1);
#5930=COLOUR_RGB('',1.0,0.807843148708344,0.458823531866074);
#5931=CARTESIAN_POINT('',(2.65,0.1,-0.3));
#5932=VECTOR('',#6803,0.2);
#5933=CARTESIAN_POINT('',(2.65,0.0,-0.3));
#5934=VECTOR('',#6804,0.2);
#5935=COLOUR_RGB('',1.0,0.807843148708344,0.458823531866074);
#5936=CARTESIAN_POINT('',(0.45,0.0,0.35));
#5937=CARTESIAN_POINT('',(0.45,0.0,0.55));
#5938=VECTOR('',#6805,0.2);
#5939=CARTESIAN_POINT('',(0.45,0.1,0.35));
#5940=CARTESIAN_POINT('',(0.45,0.1,0.35));
#5941=VECTOR('',#6806,0.1);
#5942=CARTESIAN_POINT('',(0.45,0.1,0.55));
#5943=VECTOR('',#6807,0.2);
#5944=COLOUR_RGB('',1.0,0.807843148708344,0.458823531866074);
#5945=CARTESIAN_POINT('',(0.5,0.1,0.3));
#5946=AXIS2_PLACEMENT_3D('',#6808,#6809,#6810);
#5947=CARTESIAN_POINT('',(0.5,0.0,0.3));
#5948=AXIS2_PLACEMENT_3D('',#6811,#6812,#6813);
#5949=CARTESIAN_POINT('',(0.5,0.1,0.3));
#5950=VECTOR('',#6814,0.1);
#5951=COLOUR_RGB('',1.0,0.807843148708344,0.458823531866074);
#5952=CARTESIAN_POINT('',(0.75,0.1,0.3));
#5953=CARTESIAN_POINT('',(0.5,0.1,0.3));
#5954=VECTOR('',#6815,0.25);
#5955=CARTESIAN_POINT('',(0.75,0.0,0.3));
#5956=CARTESIAN_POINT('',(0.5,0.0,0.3));
#5957=VECTOR('',#6816,0.25);
#5958=CARTESIAN_POINT('',(0.75,0.1,0.3));
#5959=VECTOR('',#6817,0.1);
#5960=COLOUR_RGB('',1.0,0.807843148708344,0.458823531866074);
#5961=CARTESIAN_POINT('',(0.8,0.1,0.35));
#5962=AXIS2_PLACEMENT_3D('',#6818,#6819,#6820);
#5963=CARTESIAN_POINT('',(0.8,0.0,0.35));
#5964=AXIS2_PLACEMENT_3D('',#6821,#6822,#6823);
#5965=CARTESIAN_POINT('',(0.8,0.1,0.35));
#5966=VECTOR('',#6824,0.1);
#5967=COLOUR_RGB('',1.0,0.807843148708344,0.458823531866074);
#5968=CARTESIAN_POINT('',(0.8,0.1,0.35));
#5969=VECTOR('',#6825,0.2);
#5970=CARTESIAN_POINT('',(0.8,0.0,0.35));
#5971=VECTOR('',#6826,0.2);
#5972=COLOUR_RGB('',1.0,0.807843148708344,0.458823531866074);
#5973=CARTESIAN_POINT('',(0.8,0.0,0.55));
#5974=VECTOR('',#6827,1.249999899257);
#5975=CARTESIAN_POINT('',(0.7,0.2,0.75));
#5976=VECTOR('',#6828,1.115479212009);
#5977=COLOUR_RGB('',1.0,0.807843148708344,0.458823531866074);
#5978=CARTESIAN_POINT('',(2.35,0.1,0.75));
#5979=AXIS2_PLACEMENT_3D('',#6829,#6830,#6831);
#5980=CARTESIAN_POINT('',(2.35,0.0,0.75));
#5981=AXIS2_PLACEMENT_3D('',#6832,#6833,#6834);
#5982=CARTESIAN_POINT('',(2.35,0.1,0.75));
#5983=VECTOR('',#6835,0.1);
#5984=COLOUR_RGB('',1.0,0.807843148708344,0.458823531866074);
#5985=CARTESIAN_POINT('',(2.35,0.1,-0.75));
#5986=CARTESIAN_POINT('',(2.35,0.0,-0.75));
#5987=CARTESIAN_POINT('',(2.35,0.1,-0.75));
#5988=VECTOR('',#6836,0.1);
#5989=CARTESIAN_POINT('',(3.1,0.1,-0.75));
#5990=CARTESIAN_POINT('',(3.1,0.1,-0.75));
#5991=VECTOR('',#6837,0.75);
#5992=CARTESIAN_POINT('',(3.1,0.0,-0.75));
#5993=CARTESIAN_POINT('',(3.1,0.1,-0.75));
#5994=VECTOR('',#6838,0.1);
#5995=CARTESIAN_POINT('',(3.1,0.0,-0.75));
#5996=VECTOR('',#6839,0.75);
#5997=COLOUR_RGB('',1.0,0.807843148708344,0.458823531866074);
#5998=AXIS2_PLACEMENT_3D('',#6840,#6841,#6842);
#5999=AXIS2_PLACEMENT_3D('',#6843,#6844,#6845);
#6000=COLOUR_RGB('',1.0,0.807843148708344,0.458823531866074);
#6001=CARTESIAN_POINT('',(1.815479212009,0.2,-0.75));
#6002=VECTOR('',#6846,1.115479212009);
#6003=CARTESIAN_POINT('',(0.8,0.0,-0.55));
#6004=VECTOR('',#6847,1.249999997228);
#6005=COLOUR_RGB('',1.0,0.807843148708344,0.458823531866074);
#6006=CARTESIAN_POINT('',(0.8,0.0,-0.35));
#6007=CARTESIAN_POINT('',(0.8,0.0,-0.55));
#6008=VECTOR('',#6848,0.2);
#6009=CARTESIAN_POINT('',(0.8,0.1,-0.35));
#6010=CARTESIAN_POINT('',(0.8,0.1,-0.35));
#6011=VECTOR('',#6849,0.1);
#6012=CARTESIAN_POINT('',(0.8,0.1,-0.55));
#6013=VECTOR('',#6850,0.2);
#6014=COLOUR_RGB('',1.0,0.807843148708344,0.458823531866074);
#6015=CARTESIAN_POINT('',(0.75,0.1,-0.3));
#6016=AXIS2_PLACEMENT_3D('',#6851,#6852,#6853);
#6017=CARTESIAN_POINT('',(0.75,0.0,-0.3));
#6018=AXIS2_PLACEMENT_3D('',#6854,#6855,#6856);
#6019=CARTESIAN_POINT('',(0.75,0.1,-0.3));
#6020=VECTOR('',#6857,0.1);
#6021=COLOUR_RGB('',1.0,0.807843148708344,0.458823531866074);
#6022=CARTESIAN_POINT('',(0.5,0.1,-0.3));
#6023=CARTESIAN_POINT('',(0.75,0.1,-0.3));
#6024=VECTOR('',#6858,0.25);
#6025=CARTESIAN_POINT('',(0.5,0.0,-0.3));
#6026=CARTESIAN_POINT('',(0.75,0.0,-0.3));
#6027=VECTOR('',#6859,0.25);
#6028=CARTESIAN_POINT('',(0.5,0.1,-0.3));
#6029=VECTOR('',#6860,0.1);
#6030=COLOUR_RGB('',1.0,0.807843148708344,0.458823531866074);
#6031=CARTESIAN_POINT('',(0.45,0.1,-0.35));
#6032=AXIS2_PLACEMENT_3D('',#6861,#6862,#6863);
#6033=CARTESIAN_POINT('',(0.45,0.0,-0.35));
#6034=AXIS2_PLACEMENT_3D('',#6864,#6865,#6866);
#6035=CARTESIAN_POINT('',(0.45,0.1,-0.35));
#6036=VECTOR('',#6867,0.1);
#6037=COLOUR_RGB('',1.0,0.807843148708344,0.458823531866074);
#6038=CARTESIAN_POINT('',(0.45,0.1,-0.35));
#6039=VECTOR('',#6868,0.2);
#6040=CARTESIAN_POINT('',(0.45,0.0,-0.35));
#6041=VECTOR('',#6869,0.2);
#6042=COLOUR_RGB('',1.0,0.807843148708344,0.458823531866074);
#6043=CARTESIAN_POINT('',(0.2,0.2,-0.75));
#6044=CARTESIAN_POINT('',(0.55,0.2,-0.75));
#6045=VECTOR('',#6870,0.35);
#6046=CARTESIAN_POINT('',(0.1000005889791,-3.097992973267E-10,-0.55));
#6047=VECTOR('',#6871,0.3499994110209);
#6048=AXIS2_PLACEMENT_3D('',#6872,#6873,#6874);
#6049=COLOUR_RGB('',1.0,0.807843148708344,0.458823531866074);
#6050=CARTESIAN_POINT('',(0.0,0.0,-0.55));
#6051=CARTESIAN_POINT('',(0.1000005889791,-3.097992973267E-10,-0.55));
#6052=VECTOR('',#6875,0.1000005889791);
#6053=CARTESIAN_POINT('',(0.0,0.1,-0.55));
#6054=CARTESIAN_POINT('',(0.0,0.1,-0.55));
#6055=VECTOR('',#6876,0.1);
#6056=CARTESIAN_POINT('',(0.1000005904474,0.099999999765,-0.55));
#6057=VECTOR('',#6877,0.1000005904474);
#6058=COLOUR_RGB('',1.0,0.807843148708344,0.458823531866074);
#6059=CARTESIAN_POINT('',(0.0,0.1,0.55));
#6060=CARTESIAN_POINT('',(0.0,0.1,-0.55));
#6061=VECTOR('',#6878,1.1);
#6062=CARTESIAN_POINT('',(0.0,0.0,0.55));
#6063=CARTESIAN_POINT('',(0.0,0.0,-0.55));
#6064=VECTOR('',#6879,1.1);
#6065=CARTESIAN_POINT('',(0.0,0.1,0.55));
#6066=VECTOR('',#6880,0.1);
#6067=COLOUR_RGB('',1.0,0.807843148708344,0.458823531866074);
#6068=CARTESIAN_POINT('',(0.0,0.1,0.55));
#6069=VECTOR('',#6881,0.1000009528907);
#6070=CARTESIAN_POINT('',(0.0,0.0,0.55));
#6071=VECTOR('',#6882,0.1000009528907);
#6072=COLOUR_RGB('',1.0,0.807843148708344,0.458823531866074);
#6073=CARTESIAN_POINT('',(0.45,0.0,0.55));
#6074=VECTOR('',#6883,0.3499990471093);
#6075=CARTESIAN_POINT('',(0.2,0.2,0.75));
#6076=CARTESIAN_POINT('',(0.2,0.2,0.75));
#6077=VECTOR('',#6884,0.35);
#6078=AXIS2_PLACEMENT_3D('',#6885,#6886,#6887);
#6079=COLOUR_RGB('',1.0,0.807843148708344,0.458823531866074);
#6080=CARTESIAN_POINT('',(3.1,0.0,0.75));
#6081=CARTESIAN_POINT('',(2.35,0.0,0.75));
#6082=VECTOR('',#6888,0.75);
#6083=CARTESIAN_POINT('',(3.1,0.1,0.75));
#6084=CARTESIAN_POINT('',(3.1,0.1,0.75));
#6085=VECTOR('',#6889,0.1);
#6086=CARTESIAN_POINT('',(2.35,0.1,0.75));
#6087=VECTOR('',#6890,0.75);
#6088=COLOUR_RGB('',1.0,0.807843148708344,0.458823531866074);
#6089=CARTESIAN_POINT('',(3.1,0.1,0.75));
#6090=VECTOR('',#6891,1.5);
#6091=COLOUR_RGB('',0.694117665290833,0.74117648601532,0.788235306739807);
#6092=CARTESIAN_POINT('',(3.442792794434,0.1938614541817,0.7428490593743));
#6093=CARTESIAN_POINT('',(3.36915703528491,0.267506639536095,0.744859441940529));
#6094=CARTESIAN_POINT('',(3.442792794434,0.1938614541817,0.7428490593743));
#6095=CARTESIAN_POINT('',(3.429892477143,0.2072896436304,0.7431621299069));
#6096=CARTESIAN_POINT('',(3.404697617673,0.2330864702518,0.7438159085932));
#6097=CARTESIAN_POINT('',(3.38087780801,0.2563930892413,0.744506629174));
#6098=CARTESIAN_POINT('',(3.36915703552,0.2675066384258,0.7448594470202));
#6099=CARTESIAN_POINT('',(3.29843134833,0.175,0.75));
#6100=CARTESIAN_POINT('',(3.29843134832993,0.175000000000077,0.75));
#6101=CARTESIAN_POINT('',(3.30660689019288,0.182210150200933,0.749494143347));
#6102=CARTESIAN_POINT('',(3.31492350673588,0.190334578915312,0.7489479926247));
#6103=CARTESIAN_POINT('',(3.32315535437872,0.19949641446571,0.748376276152684));
#6104=CARTESIAN_POINT('',(3.33072842648419,0.207925049718926,0.747850312814401));
#6105=CARTESIAN_POINT('',(3.33822831324107,0.21723190176146,0.747302711926881));
#6106=CARTESIAN_POINT('',(3.34543175511943,0.22747970096537,0.746753788475712));
#6107=CARTESIAN_POINT('',(3.34605837681645,0.228371148892119,0.746706038059964));
#6108=CARTESIAN_POINT('',(3.34668273118147,0.229269694635606,0.746658277636215));
#6109=CARTESIAN_POINT('',(3.34730465759022,0.230175365938319,0.746610520576966));
#6110=CARTESIAN_POINT('',(3.35411171167535,0.240088039615032,0.746087814223489));
#6111=CARTESIAN_POINT('',(3.36063009007827,0.250856835670231,0.745565510921903));
#6112=CARTESIAN_POINT('',(3.36663613725411,0.262503926200753,0.745068892715462));
#6113=CARTESIAN_POINT('',(3.36748699924296,0.264153940981359,0.744998538030848));
#6114=CARTESIAN_POINT('',(3.36832752705255,0.265821514568933,0.744928698838252));
#6115=CARTESIAN_POINT('',(3.36915703457624,0.26750663889037,0.7448594470202));
#6116=CARTESIAN_POINT('',(3.364575131106,0.1,0.75));
#6117=CARTESIAN_POINT('',(3.364576955551,0.09999793127418,0.75));
#6118=VECTOR('',#6892,0.100002758301103);
#6119=CARTESIAN_POINT('',(3.4427927944469,0.19386145417394,0.7428490593743));
#6120=CARTESIAN_POINT('',(3.43522047222963,0.181269255645962,0.743631483910772));
#6121=CARTESIAN_POINT('',(3.42729150223247,0.169658938250935,0.744420704086906));
#6122=CARTESIAN_POINT('',(3.41928340688769,0.159047502427985,0.745187916589626));
#6123=CARTESIAN_POINT('',(3.41862113381776,0.158169931935093,0.745251365407053));
#6124=CARTESIAN_POINT('',(3.41795831577284,0.15729916415062,0.745314663705989));
#6125=CARTESIAN_POINT('',(3.41729510712828,0.156435193444423,0.74537779519475));
#6126=CARTESIAN_POINT('',(3.41081713424104,0.14799625216101,0.745994439859854));
#6127=CARTESIAN_POINT('',(3.40430687126428,0.140205002032053,0.746595169752416));
#6128=CARTESIAN_POINT('',(3.39776061322692,0.132907100036848,0.747181405723955));
#6129=CARTESIAN_POINT('',(3.39553272987597,0.130423410231281,0.747380918996006));
#6130=CARTESIAN_POINT('',(3.39330026168808,0.12799704924009,0.747578753523775));
#6131=CARTESIAN_POINT('',(3.39106186364304,0.125622538220359,0.747774965314825));
#6132=CARTESIAN_POINT('',(3.38224631191229,0.116270928583206,0.74854771223445));
#6133=CARTESIAN_POINT('',(3.37333922364013,0.107729203103746,0.7492952897795));
#6134=CARTESIAN_POINT('',(3.36457513110638,0.0999999999999291,0.75));
#6135=COLOUR_RGB('',0.694117665290833,0.74117648601532,0.788235306739807);
#6136=CARTESIAN_POINT('',(3.5,0.4,0.75));
#6137=CARTESIAN_POINT('',(3.5,0.4,0.749999999999989));
#6138=CARTESIAN_POINT('',(3.5,0.363818469110521,0.750000000000059));
#6139=CARTESIAN_POINT('',(3.49509276874776,0.327823408635109,0.749386468069231));
#6140=CARTESIAN_POINT('',(3.47574259385364,0.258137240453062,0.746967828249445));
#6141=CARTESIAN_POINT('',(3.46140002190764,0.224803864635974,0.74517512366464));
#6142=CARTESIAN_POINT('',(3.44279279443007,0.193861454145944,0.742849059881388));
#6143=CARTESIAN_POINT('',(3.4,0.4,0.75));
#6144=CARTESIAN_POINT('',(3.5,0.4,0.75));
#6145=VECTOR('',#6893,0.1);
#6146=CARTESIAN_POINT('',(3.4,0.4,0.749999999999989));
#6147=CARTESIAN_POINT('',(3.4,0.377076796432998,0.750000000000048));
#6148=CARTESIAN_POINT('',(3.39737425070461,0.354246711120057,0.749562395788451));
#6149=CARTESIAN_POINT('',(3.38698038361087,0.309629590053753,0.7478299322434));
#6150=CARTESIAN_POINT('',(3.37925214530694,0.288014610632169,0.746541815884109));
#6151=CARTESIAN_POINT('',(3.36915703530303,0.267506640366833,0.74485943170528));
#6152=COLOUR_RGB('',0.694117665290833,0.74117648601532,0.788235306739807);
#6153=CARTESIAN_POINT('',(3.1,0.8,0.7));
#6154=AXIS2_PLACEMENT_3D('',#6894,#6895,#6896);
#6155=CARTESIAN_POINT('',(3.1,0.7,0.7));
#6156=CARTESIAN_POINT('',(3.1,0.8,0.7));
#6157=VECTOR('',#6897,0.1);
#6158=AXIS2_PLACEMENT_3D('',#6898,#6899,#6900);
#6159=COLOUR_RGB('',1.0,0.807843148708344,0.458823531866074);
#6160=CARTESIAN_POINT('',(3.1,0.0,0.75));
#6161=VECTOR('',#6901,1.5);
#6162=COLOUR_RGB('',0.694117665290833,0.74117648601532,0.788235306739807);
#6163=AXIS2_PLACEMENT_3D('',#6902,#6903,#6904);
#6164=AXIS2_PLACEMENT_3D('',#6905,#6906,#6907);
#6165=COLOUR_RGB('',0.694117665290833,0.74117648601532,0.788235306739807);
#6166=CARTESIAN_POINT('',(2.032652935454,0.8,0.7));
#6167=CARTESIAN_POINT('',(3.1,0.8,0.7));
#6168=VECTOR('',#6908,1.067347064546);
#6169=CARTESIAN_POINT('',(2.032652935454,0.7,0.7));
#6170=CARTESIAN_POINT('',(2.032652935454,0.8,0.7));
#6171=VECTOR('',#6909,0.1);
#6172=CARTESIAN_POINT('',(3.1,0.7,0.7));
#6173=VECTOR('',#6910,1.067347064546);
#6174=COLOUR_RGB('',0.925490200519562,0.925490200519562,0.925490200519562);
#6175=EDGE_CURVE('',#3995,#6911,#6912,.T.);
#6176=EDGE_CURVE('',#3916,#6913,#6914,.T.);
#6177=EDGE_CURVE('',#6913,#6915,#6916,.T.);
#6178=EDGE_CURVE('',#6911,#6915,#6917,.T.);
#6179=EDGE_CURVE('',#6918,#3997,#6919,.T.);
#6180=EDGE_CURVE('',#6918,#6920,#6921,.T.);
#6181=EDGE_CURVE('',#6920,#6922,#6923,.T.);
#6182=EDGE_CURVE('',#3914,#6922,#6924,.T.);
#6183=EDGE_CURVE('',#6925,#6926,#6927,.T.);
#6184=EDGE_CURVE('',#6928,#6925,#6929,.T.);
#6185=EDGE_CURVE('',#6928,#3658,#6930,.T.);
#6186=EDGE_CURVE('',#3663,#3815,#6931,.T.);
#6187=EDGE_CURVE('',#6932,#3815,#6933,.T.);
#6188=EDGE_CURVE('',#6932,#6934,#6935,.T.);
#6189=EDGE_CURVE('',#6934,#6926,#6936,.T.);
#6190=EDGE_CURVE('',#6937,#6938,#6939,.T.);
#6191=EDGE_CURVE('',#6937,#6940,#6941,.T.);
#6192=EDGE_CURVE('',#6940,#6942,#6943,.T.);
#6193=EDGE_CURVE('',#6942,#3822,#6944,.T.);
#6194=EDGE_CURVE('',#3652,#3822,#6945,.T.);
#6195=EDGE_CURVE('',#3649,#6946,#6947,.T.);
#6196=EDGE_CURVE('',#6946,#6938,#6948,.T.);
#6197=EDGE_CURVE('',#6949,#6950,#6951,.T.);
#6198=EDGE_CURVE('',#6950,#3555,#6952,.T.);
#6199=EDGE_CURVE('',#3583,#6953,#6954,.T.);
#6200=EDGE_CURVE('',#6953,#6955,#6956,.T.);
#6201=EDGE_CURVE('',#6955,#6949,#6957,.T.);
#6202=EDGE_CURVE('',#6950,#6958,#6959,.T.);
#6203=EDGE_CURVE('',#6958,#3551,#6960,.T.);
#6204=EDGE_CURVE('',#6949,#6961,#6962,.T.);
#6205=EDGE_CURVE('',#6955,#6963,#6964,.T.);
#6206=EDGE_CURVE('',#6963,#6961,#6965,.T.);
#6207=EDGE_CURVE('',#6958,#6961,#6966,.T.);
#6208=EDGE_CURVE('',#6963,#6967,#6968,.T.);
#6209=EDGE_CURVE('',#6953,#6967,#6969,.T.);
#6210=EDGE_CURVE('',#6970,#3562,#6971,.T.);
#6211=EDGE_CURVE('',#6972,#6970,#6973,.T.);
#6212=EDGE_CURVE('',#3564,#6972,#6974,.T.);
#6213=EDGE_CURVE('',#6975,#6970,#6976,.T.);
#6214=EDGE_CURVE('',#6977,#6975,#6978,.T.);
#6215=EDGE_CURVE('',#6977,#6972,#6979,.T.);
#6216=EDGE_CURVE('',#6980,#6975,#6981,.T.);
#6217=EDGE_CURVE('',#6982,#6980,#6983,.T.);
#6218=EDGE_CURVE('',#6977,#6982,#6984,.T.);
#6219=EDGE_CURVE('',#6982,#3571,#6985,.T.);
#6220=EDGE_CURVE('',#6986,#6953,#6987,.T.);
#6221=EDGE_CURVE('',#6988,#3644,#6989,.T.);
#6222=EDGE_CURVE('',#6988,#6990,#6991,.T.);
#6223=EDGE_CURVE('',#6986,#6990,#6992,.T.);
#6224=EDGE_CURVE('',#6993,#6994,#6995,.T.);
#6225=EDGE_CURVE('',#6994,#6996,#6997,.T.);
#6226=EDGE_CURVE('',#6998,#6996,#6999,.T.);
#6227=EDGE_CURVE('',#6993,#6998,#7000,.T.);
#6228=EDGE_CURVE('',#7001,#6996,#7002,.T.);
#6229=EDGE_CURVE('',#7003,#7001,#7004,.T.);
#6230=EDGE_CURVE('',#6998,#7003,#7005,.T.);
#6231=EDGE_CURVE('',#7001,#7006,#7007,.T.);
#6232=EDGE_CURVE('',#7006,#7008,#7009,.T.);
#6233=EDGE_CURVE('',#7003,#7008,#7010,.T.);
#6234=EDGE_CURVE('',#7011,#7012,#7013,.T.);
#6235=EDGE_CURVE('',#7014,#7011,#7015,.T.);
#6236=EDGE_CURVE('',#7016,#7014,#7017,.T.);
#6237=EDGE_CURVE('',#7016,#7012,#7018,.T.);
#6238=EDGE_CURVE('',#6994,#7012,#7019,.T.);
#6239=EDGE_CURVE('',#7011,#6993,#7020,.T.);
#6240=EDGE_CURVE('',#7021,#7022,#7023,.T.);
#6241=EDGE_CURVE('',#7008,#7022,#7024,.T.);
#6242=EDGE_CURVE('',#7006,#7021,#7025,.T.);
#6243=EDGE_CURVE('',#7026,#7027,#7028,.T.);
#6244=EDGE_CURVE('',#7029,#7027,#7030,.T.);
#6245=EDGE_CURVE('',#7031,#7029,#7032,.T.);
#6246=EDGE_CURVE('',#7031,#7026,#7033,.T.);
#6247=EDGE_CURVE('',#7034,#7029,#7035,.T.);
#6248=EDGE_CURVE('',#7036,#7034,#7037,.T.);
#6249=EDGE_CURVE('',#7031,#7036,#7038,.T.);
#6250=EDGE_CURVE('',#7039,#7034,#7040,.T.);
#6251=EDGE_CURVE('',#7039,#7041,#7042,.T.);
#6252=EDGE_CURVE('',#7041,#7036,#7043,.T.);
#6253=EDGE_CURVE('',#7044,#7045,#7046,.T.);
#6254=EDGE_CURVE('',#7047,#7044,#7048,.T.);
#6255=EDGE_CURVE('',#7047,#7049,#7050,.T.);
#6256=EDGE_CURVE('',#7049,#7045,#7051,.T.);
#6257=EDGE_CURVE('',#7052,#7053,#7054,.T.);
#6258=EDGE_CURVE('',#7052,#7049,#7055,.T.);
#6259=EDGE_CURVE('',#7053,#7047,#7056,.T.);
#6260=EDGE_CURVE('',#7027,#7053,#7057,.T.);
#6261=EDGE_CURVE('',#7052,#7026,#7058,.T.);
#6262=EDGE_CURVE('',#7059,#7060,#7061,.T.);
#6263=EDGE_CURVE('',#7062,#7060,#7063,.T.);
#6264=EDGE_CURVE('',#7062,#7064,#7065,.T.);
#6265=EDGE_CURVE('',#7064,#7059,#7066,.T.);
#6266=EDGE_CURVE('',#7064,#7067,#7068,.T.);
#6267=EDGE_CURVE('',#7069,#7062,#7070,.T.);
#6268=EDGE_CURVE('',#7069,#7067,#7071,.T.);
#6269=EDGE_CURVE('',#7072,#7073,#7074,.T.);
#6270=EDGE_CURVE('',#7072,#3611,#7075,.T.);
#6271=EDGE_CURVE('',#7073,#3609,#7076,.T.);
#6272=EDGE_CURVE('',#7060,#7073,#7077,.T.);
#6273=EDGE_CURVE('',#7072,#7059,#7078,.T.);
#6274=EDGE_CURVE('',#7069,#3694,#7079,.T.);
#6275=EDGE_CURVE('',#7067,#3691,#7080,.T.);
#6276=EDGE_CURVE('',#7081,#7082,#7083,.T.);
#6277=EDGE_CURVE('',#7082,#3616,#7084,.T.);
#6278=EDGE_CURVE('',#7081,#3620,#7085,.T.);
#6279=EDGE_CURVE('',#3618,#3703,#7086,.T.);
#6280=EDGE_CURVE('',#3615,#3705,#7087,.T.);
#6281=EDGE_CURVE('',#7088,#7089,#7090,.T.);
#6282=EDGE_CURVE('',#7089,#3710,#7091,.T.);
#6283=EDGE_CURVE('',#7088,#3714,#7092,.T.);
#6284=EDGE_CURVE('',#7089,#7093,#7094,.T.);
#6285=EDGE_CURVE('',#7095,#7088,#7096,.T.);
#6286=EDGE_CURVE('',#7095,#7093,#7097,.T.);
#6287=EDGE_CURVE('',#7098,#7099,#7100,.T.);
#6288=EDGE_CURVE('',#7093,#7098,#7101,.T.);
#6289=EDGE_CURVE('',#7095,#7099,#7102,.T.);
#6290=EDGE_CURVE('',#7082,#7099,#7103,.T.);
#6291=EDGE_CURVE('',#7098,#7081,#7104,.T.);
#6292=EDGE_CURVE('',#6967,#3581,#7105,.T.);
#6293=EDGE_CURVE('',#6988,#7106,#7107,.T.);
#6294=EDGE_CURVE('',#7108,#7106,#7109,.T.);
#6295=EDGE_CURVE('',#7108,#6990,#7110,.T.);
#6296=EDGE_CURVE('',#7111,#6986,#7112,.T.);
#6297=EDGE_CURVE('',#7111,#7108,#7113,.T.);
#6298=EDGE_CURVE('',#6967,#7111,#7114,.T.);
#6299=EDGE_CURVE('',#3743,#7115,#7116,.T.);
#6300=EDGE_CURVE('',#7115,#7117,#7118,.T.);
#6301=EDGE_CURVE('',#3744,#7117,#7119,.T.);
#6302=EDGE_CURVE('',#7115,#7120,#7121,.T.);
#6303=EDGE_CURVE('',#7120,#7122,#7123,.T.);
#6304=EDGE_CURVE('',#7117,#7122,#7124,.T.);
#6305=EDGE_CURVE('',#7125,#7126,#7127,.T.);
#6306=EDGE_CURVE('',#7122,#7125,#7128,.T.);
#6307=EDGE_CURVE('',#7120,#7126,#7129,.T.);
#6308=EDGE_CURVE('',#7106,#7126,#7130,.T.);
#6309=EDGE_CURVE('',#7125,#6988,#7131,.T.);
#6310=EDGE_CURVE('',#7132,#7133,#7134,.T.);
#6311=EDGE_CURVE('',#7133,#7135,#7136,.T.);
#6312=EDGE_CURVE('',#7137,#7135,#7138,.T.);
#6313=EDGE_CURVE('',#7132,#7137,#7139,.T.);
#6314=EDGE_CURVE('',#7140,#7141,#7142,.T.);
#6315=EDGE_CURVE('',#7135,#7140,#7143,.T.);
#6316=EDGE_CURVE('',#7141,#7133,#7144,.T.);
#6317=EDGE_CURVE('',#3573,#6980,#7145,.T.);
#6318=EDGE_CURVE('',#7132,#6980,#7146,.T.);
#6319=EDGE_CURVE('',#6982,#7137,#7147,.T.);
#6320=EDGE_CURVE('',#7148,#7149,#7150,.T.);
#6321=EDGE_CURVE('',#7151,#7149,#7152,.T.);
#6322=EDGE_CURVE('',#7151,#7153,#7154,.T.);
#6323=EDGE_CURVE('',#7153,#7148,#7155,.T.);
#6324=EDGE_CURVE('',#3635,#7151,#7156,.T.);
#6325=EDGE_CURVE('',#3633,#7153,#7157,.T.);
#6326=EDGE_CURVE('',#7149,#7141,#7158,.T.);
#6327=EDGE_CURVE('',#7140,#7148,#7159,.T.);
#6328=EDGE_CURVE('',#3775,#7140,#7160,.T.);
#6329=EDGE_CURVE('',#7161,#7041,#7162,.T.);
#6330=EDGE_CURVE('',#7161,#7163,#7164,.T.);
#6331=EDGE_CURVE('',#3788,#7163,#7165,.T.);
#6332=EDGE_CURVE('',#3787,#7045,#7166,.T.);
#6333=EDGE_CURVE('',#7022,#3799,#7167,.T.);
#6334=EDGE_CURVE('',#3797,#7168,#7169,.T.);
#6335=EDGE_CURVE('',#7168,#7170,#7171,.T.);
#6336=EDGE_CURVE('',#7170,#7014,#7172,.T.);
#6337=EDGE_CURVE('',#6940,#7170,#7173,.T.);
#6338=EDGE_CURVE('',#6942,#7168,#7174,.T.);
#6339=EDGE_CURVE('',#6937,#7016,#7175,.T.);
#6340=EDGE_CURVE('',#7176,#6937,#7177,.T.);
#6341=EDGE_CURVE('',#7176,#6938,#7178,.T.);
#6342=EDGE_CURVE('',#6946,#7021,#7179,.T.);
#6343=EDGE_CURVE('',#6934,#7161,#7180,.T.);
#6344=EDGE_CURVE('',#6926,#7039,#7181,.T.);
#6345=EDGE_CURVE('',#6932,#7163,#7182,.T.);
#6346=EDGE_CURVE('',#7044,#6928,#7183,.T.);
#6347=EDGE_CURVE('',#7184,#6925,#7185,.T.);
#6348=EDGE_CURVE('',#6926,#7184,#7186,.T.);
#6349=EDGE_CURVE('',#3953,#7106,#7187,.T.);
#6350=EDGE_CURVE('',#7141,#3974,#7188,.T.);
#6351=EDGE_CURVE('',#7189,#3652,#7190,.T.);
#6352=EDGE_CURVE('',#7189,#7191,#7192,.T.);
#6353=EDGE_CURVE('',#7191,#3654,#7193,.T.);
#6354=EDGE_CURVE('',#7194,#7195,#7196,.T.);
#6355=EDGE_CURVE('',#7195,#7197,#7198,.T.);
#6356=EDGE_CURVE('',#7199,#7197,#7200,.T.);
#6357=EDGE_CURVE('',#7194,#7199,#7201,.T.);
#6358=EDGE_CURVE('',#7195,#3663,#7202,.T.);
#6359=EDGE_CURVE('',#7197,#3661,#7203,.T.);
#6360=EDGE_CURVE('',#7204,#7189,#7205,.T.);
#6361=EDGE_CURVE('',#7204,#7206,#7207,.T.);
#6362=EDGE_CURVE('',#7206,#7191,#7208,.T.);
#6363=EDGE_CURVE('',#7199,#7206,#7209,.T.);
#6364=EDGE_CURVE('',#7210,#7194,#7211,.T.);
#6365=EDGE_CURVE('',#7212,#7199,#7213,.T.);
#6366=EDGE_CURVE('',#7210,#7212,#7214,.T.);
#6367=EDGE_CURVE('',#7194,#7204,#7215,.T.);
#6368=EDGE_CURVE('',#6913,#6922,#7216,.T.);
#6369=EDGE_CURVE('',#6915,#6920,#7217,.T.);
#6370=EDGE_CURVE('',#7218,#7204,#7219,.T.);
#6371=EDGE_CURVE('',#7218,#7220,#7221,.T.);
#6372=EDGE_CURVE('',#7220,#7206,#7222,.T.);
#6373=EDGE_CURVE('',#7212,#7220,#7223,.T.);
#6374=EDGE_CURVE('',#4003,#7224,#7225,.T.);
#6375=EDGE_CURVE('',#7224,#6918,#7226,.T.);
#6376=EDGE_CURVE('',#6911,#6918,#7227,.T.);
#6377=EDGE_CURVE('',#7210,#4012,#7228,.T.);
#6378=EDGE_CURVE('',#7212,#4014,#7229,.T.);
#6379=EDGE_CURVE('',#7210,#7218,#7230,.T.);
#6380=EDGE_CURVE('',#7231,#6911,#7232,.T.);
#6381=EDGE_CURVE('',#4001,#7231,#7233,.T.);
#6382=EDGE_CURVE('',#7234,#7218,#7235,.T.);
#6383=EDGE_CURVE('',#7234,#7236,#7237,.T.);
#6384=EDGE_CURVE('',#7236,#7220,#7238,.T.);
#6385=EDGE_CURVE('',#7224,#7236,#7239,.T.);
#6386=EDGE_CURVE('',#7231,#7224,#7240,.T.);
#6387=EDGE_CURVE('',#7231,#7234,#7241,.T.);
#6388=COLOUR_RGB('',1.0,0.807843148708344,0.458823531866074);
#6389=CARTESIAN_POINT('',(1.267374793134,1.836060750707,0.25));
#6390=CARTESIAN_POINT('',(1.342861679354,1.703909064497,0.1));
#6391=CARTESIAN_POINT('',(1.26737479313429,1.83606075070675,0.25));
#6392=CARTESIAN_POINT('',(1.27964344624816,1.82116244387182,0.250000000000042));
#6393=CARTESIAN_POINT('',(1.29168305704866,1.80436632840792,0.246469755898688));
#6394=CARTESIAN_POINT('',(1.31180013336984,1.77217714492222,0.23130368779121));
#6395=CARTESIAN_POINT('',(1.3199038658976,1.75679465561462,0.219680268724093));
#6396=CARTESIAN_POINT('',(1.33158835090238,1.73241028320412,0.192770124671434));
#6397=CARTESIAN_POINT('',(1.33600474764933,1.72172780309874,0.175911648842692));
#6398=CARTESIAN_POINT('',(1.34162789886941,1.70747247088531,0.138950557294803));
#6399=CARTESIAN_POINT('',(1.34286167935362,1.70390906449665,0.118848415707822));
#6400=CARTESIAN_POINT('',(1.34286167935362,1.70390906449665,0.1));
#6401=CARTESIAN_POINT('',(1.165853876715,1.799110158975,0.25));
#6402=CARTESIAN_POINT('',(1.165853876715,1.799110158975,0.25));
#6403=VECTOR('',#7242,0.1080363026951);
#6404=CARTESIAN_POINT('',(1.248892417275,1.669707050164,0.1));
#6405=CARTESIAN_POINT('',(1.24889241727504,1.66970705016408,0.1));
#6406=CARTESIAN_POINT('',(1.24889241727504,1.66970705016408,0.118857719190795));
#6407=CARTESIAN_POINT('',(1.24767324295442,1.67328029970353,0.138968050332093));
#6408=CARTESIAN_POINT('',(1.24193724831204,1.68750215732084,0.17593190113619));
#6409=CARTESIAN_POINT('',(1.23738629192574,1.69813899024706,0.192784645287664));
#6410=CARTESIAN_POINT('',(1.22489021881675,1.72244212273667,0.219896028265878));
#6411=CARTESIAN_POINT('',(1.21599133851774,1.73781274661837,0.231573397077876));
#6412=CARTESIAN_POINT('',(1.19347745474259,1.76925676810815,0.246635311402812));
#6413=CARTESIAN_POINT('',(1.17983017464075,1.78531655440471,0.25));
#6414=CARTESIAN_POINT('',(1.16585387671471,1.7991101589746,0.25));
#6415=CARTESIAN_POINT('',(1.248892417275,1.669707050164,0.1));
#6416=VECTOR('',#7243,0.1);
#6417=COLOUR_RGB('',1.0,0.807843148708344,0.458823531866074);
#6418=CARTESIAN_POINT('',(1.342861679354,1.703909064497,-0.1));
#6419=CARTESIAN_POINT('',(1.342861679354,1.703909064497,0.1));
#6420=VECTOR('',#7244,0.2);
#6421=CARTESIAN_POINT('',(1.267374793134,1.836060750707,-0.25));
#6422=CARTESIAN_POINT('',(1.34286167935354,1.70390906449687,-0.1));
#6423=CARTESIAN_POINT('',(1.34286167935354,1.70390906449687,-0.118848415707822));
#6424=CARTESIAN_POINT('',(1.34162789886933,1.70747247088554,-0.138950557294802));
#6425=CARTESIAN_POINT('',(1.33600474764924,1.72172780309896,-0.17591164884269));
#6426=CARTESIAN_POINT('',(1.33158835090229,1.73241028320434,-0.192770124671432));
#6427=CARTESIAN_POINT('',(1.31990386589749,1.75679465561483,-0.219680268724093));
#6428=CARTESIAN_POINT('',(1.31180013336972,1.77217714492243,-0.231303687791211));
#6429=CARTESIAN_POINT('',(1.29168305704852,1.80436632840813,-0.246469755898689));
#6430=CARTESIAN_POINT('',(1.279643446248,1.821162443872,-0.25));
#6431=CARTESIAN_POINT('',(1.26737479313413,1.83606075070695,-0.25));
#6432=CARTESIAN_POINT('',(0.5672373249727,1.82938950429,-0.25));
#6433=AXIS2_PLACEMENT_3D('',#7245,#7246,#7247);
#6434=CARTESIAN_POINT('',(0.5383783567296,1.788463668905,-0.2414213562373));
#6435=CARTESIAN_POINT('',(0.567237324973007,1.82938950429069,-0.25));
#6436=CARTESIAN_POINT('',(0.557051656755923,1.81652887956418,-0.249999999999921));
#6437=CARTESIAN_POINT('',(0.547054952748987,1.80234912510929,-0.247210237956533));
#6438=CARTESIAN_POINT('',(0.538378356729661,1.78846366890503,-0.241421356237143));
#6439=CARTESIAN_POINT('',(0.5383783567296,1.788463668905,0.2414213562373));
#6440=CARTESIAN_POINT('',(0.5383783567296,1.788463668905,0.2414213562373));
#6441=VECTOR('',#7248,0.4828427124746);
#6442=CARTESIAN_POINT('',(0.5672373249727,1.82938950429,0.25));
#6443=CARTESIAN_POINT('',(0.538378356729612,1.78846366890495,0.241421356237408));
#6444=CARTESIAN_POINT('',(0.54705495274882,1.80234912510903,0.247210237956624));
#6445=CARTESIAN_POINT('',(0.557051656755557,1.81652887956372,0.25));
#6446=CARTESIAN_POINT('',(0.567237324972482,1.82938950429003,0.25));
#6447=AXIS2_PLACEMENT_3D('',#7249,#7250,#7251);
#6448=COLOUR_RGB('',1.0,0.807843148708344,0.458823531866074);
#6449=CARTESIAN_POINT('',(0.6527234852507,1.77597182272,0.25));
#6450=CARTESIAN_POINT('',(0.6527234852507,1.77597182272,0.25));
#6451=VECTOR('',#7252,0.100803433986197);
#6452=AXIS2_PLACEMENT_3D('',#7253,#7254,#7255);
#6453=COLOUR_RGB('',1.0,0.807843148708344,0.458823531866074);
#6454=CARTESIAN_POINT('',(1.248892417275,1.669707050164,-0.1));
#6455=CARTESIAN_POINT('',(1.248892417275,1.669707050164,0.1));
#6456=VECTOR('',#7256,0.2);
#6457=CARTESIAN_POINT('',(1.248892417275,1.669707050164,-0.1));
#6458=VECTOR('',#7257,0.1);
#6459=COLOUR_RGB('',1.0,0.807843148708344,0.458823531866074);
#6460=CARTESIAN_POINT('',(1.165853876715,1.799110158975,-0.25));
#6461=CARTESIAN_POINT('',(1.16585387671452,1.79911015897478,-0.25));
#6462=CARTESIAN_POINT('',(1.17983017464057,1.7853165544049,-0.24999999999998));
#6463=CARTESIAN_POINT('',(1.19347745474243,1.76925676810835,-0.246635311402813));
#6464=CARTESIAN_POINT('',(1.21599133851761,1.73781274661858,-0.231573397077876));
#6465=CARTESIAN_POINT('',(1.22489021881663,1.72244212273688,-0.219896028265877));
#6466=CARTESIAN_POINT('',(1.23738629192564,1.69813899024728,-0.192784645287661));
#6467=CARTESIAN_POINT('',(1.24193724831194,1.68750215732106,-0.175931901136188));
#6468=CARTESIAN_POINT('',(1.24767324295434,1.67328029970376,-0.138968050332092));
#6469=CARTESIAN_POINT('',(1.24889241727495,1.6697070501643,-0.118857719190794));
#6470=CARTESIAN_POINT('',(1.24889241727495,1.6697070501643,-0.1));
#6471=CARTESIAN_POINT('',(1.165853876715,1.799110158975,-0.25));
#6472=VECTOR('',#7258,0.1080363026951);
#6473=COLOUR_RGB('',1.0,0.807843148708344,0.458823531866074);
#6474=CARTESIAN_POINT('',(0.6527234852507,1.77597182272,-0.25));
#6475=CARTESIAN_POINT('',(0.6527234852507,1.77597182272,-0.25));
#6476=VECTOR('',#7259,0.100803433986197);
#6477=AXIS2_PLACEMENT_3D('',#7260,#7261,#7262);
#6478=COLOUR_RGB('',1.0,0.807843148708344,0.458823531866074);
#6479=CARTESIAN_POINT('',(0.6231831663453,1.735471742482,-0.2414213562373));
#6480=CARTESIAN_POINT('',(0.623183166345311,1.73547174248202,-0.241421356237239));
#6481=CARTESIAN_POINT('',(0.627489875581139,1.74236391797806,-0.244294721587982));
#6482=CARTESIAN_POINT('',(0.632102727903335,1.74921105964495,-0.246428162226169));
#6483=CARTESIAN_POINT('',(0.637024355226087,1.75597277602802,-0.247854491566877));
#6484=CARTESIAN_POINT('',(0.641945982548838,1.76273449241109,-0.249280820907585));
#6485=CARTESIAN_POINT('',(0.6471763884012,1.769410789158,-0.249999999999964));
#6486=CARTESIAN_POINT('',(0.6527234852507,1.77597182272,-0.25));
#6487=CARTESIAN_POINT('',(0.5701912399219,1.650666932866,-0.1));
#6488=AXIS2_PLACEMENT_3D('',#7263,#7264,#7265);
#6489=CARTESIAN_POINT('',(0.4853864303063,1.703658859289,-0.1));
#6490=CARTESIAN_POINT('',(0.5701912399219,1.650666932866,-0.1));
#6491=VECTOR('',#7266,0.0999999999999975);
#6492=AXIS2_PLACEMENT_3D('',#7267,#7268,#7269);
#6493=COLOUR_RGB('',1.0,0.807843148708344,0.458823531866074);
#6494=CARTESIAN_POINT('',(0.4853864303063,1.703658859289,0.1));
#6495=AXIS2_PLACEMENT_3D('',#7270,#7271,#7272);
#6496=CARTESIAN_POINT('',(0.4853864303063,1.703658859289,0.1));
#6497=VECTOR('',#7273,0.2);
#6498=COLOUR_RGB('',1.0,0.807843148708344,0.458823531866074);
#6499=CARTESIAN_POINT('',(0.5701912399219,1.650666932866,0.1));
#6500=CARTESIAN_POINT('',(0.5701912399219,1.650666932866,0.1));
#6501=VECTOR('',#7274,0.0999999999999975);
#6502=CARTESIAN_POINT('',(0.6231831663453,1.735471742482,0.2414213562373));
#6503=AXIS2_PLACEMENT_3D('',#7275,#7276,#7277);
#6504=CARTESIAN_POINT('',(0.6527234852507,1.77597182272,0.25));
#6505=CARTESIAN_POINT('',(0.6471769674287,1.769411474024,0.250000000000011));
#6506=CARTESIAN_POINT('',(0.641946807083651,1.76273557219472,0.24928097424447));
#6507=CARTESIAN_POINT('',(0.637025146893724,1.75597386365624,0.247854720988883));
#6508=CARTESIAN_POINT('',(0.632103486703797,1.74921215511777,0.246428467733296));
#6509=CARTESIAN_POINT('',(0.627490323630183,1.74236463500697,0.244295020519328));
#6510=CARTESIAN_POINT('',(0.623183166345262,1.73547174248194,0.241421356237503));
#6511=COLOUR_RGB('',1.0,0.807843148708344,0.458823531866074);
#6512=CARTESIAN_POINT('',(0.5701912399219,1.650666932866,0.1));
#6513=VECTOR('',#7278,0.2);
#6514=COLOUR_RGB('',0.925490200519562,0.925490200519562,0.925490200519562);
#6515=EDGE_CURVE('',#4865,#4851,#7279,.T.);
#6516=DIRECTION('',(-0.0,-0.0,-1.0));
#6517=CARTESIAN_POINT('',(0.5046881450054,1.262778081092,0.4));
#6518=DIRECTION('',(-0.0,0.0,-1.0));
#6519=DIRECTION('',(-0.788010753606693,-0.615661475325695,0.0));
#6520=CARTESIAN_POINT('',(0.5046881450054,1.262778081092,0.4));
#6521=DIRECTION('',(0.0,0.0,-1.0));
#6522=DIRECTION('',(-1.0,0.0,0.0));
#6523=DIRECTION('',(0.0,0.0,-1.0));
#6524=CARTESIAN_POINT('',(0.5046881450054,1.262778081092,-0.4));
#6525=DIRECTION('',(0.0,0.0,-1.0));
#6526=DIRECTION('',(-1.0,0.0,0.0));
#6527=CARTESIAN_POINT('',(0.5046881450054,1.262778081092,-0.4));
#6528=DIRECTION('',(-0.0,0.0,-1.0));
#6529=DIRECTION('',(-0.788010753606693,-0.615661475325695,0.0));
#6530=DIRECTION('',(0.0,0.0,1.0));
#6531=CARTESIAN_POINT('',(0.5046881450054,1.262778081092,-0.4));
#6532=DIRECTION('',(-0.0,0.0,-1.0));
#6533=DIRECTION('',(-0.788010753606693,-0.615661475325695,0.0));
#6534=CARTESIAN_POINT('',(0.5046881450054,1.262778081092,-0.4));
#6535=DIRECTION('',(0.0,0.0,-1.0));
#6536=DIRECTION('',(-1.0,0.0,0.0));
#6537=DIRECTION('',(0.0,0.0,-1.0));
#6538=CARTESIAN_POINT('',(0.5046881450054,1.262778081092,0.4));
#6539=DIRECTION('',(0.0,0.0,-1.0));
#6540=DIRECTION('',(-1.0,0.0,0.0));
#6541=CARTESIAN_POINT('',(0.5046881450054,1.262778081092,0.4));
#6542=DIRECTION('',(-0.0,0.0,-1.0));
#6543=DIRECTION('',(-0.788010753606693,-0.615661475325695,0.0));
#6544=DIRECTION('',(0.309016994374891,-0.951056516295172,0.0));
#6545=DIRECTION('',(0.0,0.0,-1.0));
#6546=DIRECTION('',(0.309016994374891,-0.951056516295172,0.0));
#6547=DIRECTION('',(0.0,0.0,-1.0));
#6548=CARTESIAN_POINT('',(0.6021194491709,1.021402511944,-0.3));
#6549=DIRECTION('',(-0.309016994374891,0.951056516295172,0.0));
#6550=DIRECTION('',(0.951056516295172,0.309016994374891,0.0));
#6551=DIRECTION('',(0.0,0.0,-1.0));
#6552=CARTESIAN_POINT('',(0.6021194491709,1.021402511944,0.3));
#6553=DIRECTION('',(-0.309016994374891,0.951056516295172,1.0842021724855E-16));
#6554=DIRECTION('',(0.38081736765149,0.123735063417512,0.916333872873886));
#6555=DIRECTION('',(0.309016994374891,-0.951056516295172,0.0));
#6556=CARTESIAN_POINT('',(0.6092994864986,1.128881669915,0.4));
#6557=DIRECTION('',(-0.0,0.0,-1.0));
#6558=DIRECTION('',(-0.0976546284120814,-0.995220364316214,0.0));
#6559=DIRECTION('',(0.788010753606693,0.615661475325695,0.0));
#6560=CARTESIAN_POINT('',(0.6092994864986,1.128881669915,0.4));
#6561=DIRECTION('',(0.0,0.0,-1.0));
#6562=DIRECTION('',(0.112351801265702,-0.993668492381817,0.0));
#6563=CARTESIAN_POINT('',(0.6330211486084,0.9262968603145,0.3));
#6564=DIRECTION('',(0.309016994374891,-0.951056516295172,0.0));
#6565=DIRECTION('',(0.951056516295172,0.309016994374891,0.0));
#6566=CARTESIAN_POINT('',(0.6330211486084,0.9262968603145,-0.3));
#6567=DIRECTION('',(0.309016994374891,-0.951056516295172,1.0842021724855E-16));
#6568=DIRECTION('',(0.38081736765149,0.123735063417512,-0.916333872873886));
#6569=DIRECTION('',(0.0,0.0,-1.0));
#6570=DIRECTION('',(0.309016994374891,-0.951056516295172,0.0));
#6571=CARTESIAN_POINT('',(0.6092994864986,1.128881669915,-0.4));
#6572=DIRECTION('',(0.0,0.0,-1.0));
#6573=DIRECTION('',(0.112351801265702,-0.993668492381817,0.0));
#6574=DIRECTION('',(0.788010753606693,0.615661475325695,0.0));
#6575=CARTESIAN_POINT('',(0.6092994864986,1.128881669915,-0.4));
#6576=DIRECTION('',(-0.0,0.0,-1.0));
#6577=DIRECTION('',(-0.0976546284120814,-0.995220364316214,0.0));
#6578=DIRECTION('',(0.0,0.0,-1.0));
#6579=DIRECTION('',(0.615661475325695,-0.788010753606693,0.0));
#6580=DIRECTION('',(0.615661475325695,-0.788010753606693,0.0));
#6581=DIRECTION('',(0.788010753606693,0.615661475325695,0.0));
#6582=DIRECTION('',(0.0,0.0,-1.0));
#6583=DIRECTION('',(0.615661475325695,-0.788010753606693,0.0));
#6584=DIRECTION('',(0.788010753606693,0.615661475325695,0.0));
#6585=DIRECTION('',(0.615661475325695,-0.788010753606693,0.0));
#6586=DIRECTION('',(0.0,0.0,-1.0));
#6587=DIRECTION('',(1.0,0.0,0.0));
#6588=DIRECTION('',(0.848048096156421,-0.529919264233213,0.0));
#6589=CARTESIAN_POINT('',(0.5046881450054,1.262778081092,0.4));
#6590=DIRECTION('',(-0.0,0.0,-1.0));
#6591=DIRECTION('',(-0.788010753606693,-0.615661475325695,0.0));
#6592=CARTESIAN_POINT('',(0.5046881450054,1.262778081092,0.4));
#6593=DIRECTION('',(-0.0,0.0,-1.0));
#6594=DIRECTION('',(-0.788010753606693,-0.615661475325695,0.0));
#6595=DIRECTION('',(0.0,0.0,-1.0));
#6596=CARTESIAN_POINT('',(0.5046881450054,1.262778081092,-0.4));
#6597=DIRECTION('',(-0.0,0.0,-1.0));
#6598=DIRECTION('',(-0.788010753606693,-0.615661475325695,0.0));
#6599=DIRECTION('',(1.0,0.0,0.0));
#6600=CARTESIAN_POINT('',(0.5046881450054,1.262778081092,-0.4));
#6601=DIRECTION('',(-0.0,0.0,-1.0));
#6602=DIRECTION('',(-0.788010753606693,-0.615661475325695,0.0));
#6603=DIRECTION('',(0.848048096156421,-0.529919264233213,0.0));
#6604=CARTESIAN_POINT('',(0.0,0.25,-0.15));
#6605=DIRECTION('',(-1.0,0.0,0.0));
#6606=DIRECTION('',(0.0,-1.0,0.0));
#6607=DIRECTION('',(-1.0,0.0,0.0));
#6608=CARTESIAN_POINT('',(0.1,0.25,-0.15));
#6609=DIRECTION('',(1.0,0.0,-0.0));
#6610=DIRECTION('',(0.0,0.0,1.0));
#6611=DIRECTION('',(-1.0,0.0,0.0));
#6612=DIRECTION('',(-1.0,0.0,0.0));
#6613=DIRECTION('',(0.0,-1.0,0.0));
#6614=DIRECTION('',(-1.0,0.0,0.0));
#6615=DIRECTION('',(0.0,-1.0,0.0));
#6616=DIRECTION('',(-1.0,0.0,0.0));
#6617=DIRECTION('',(0.0,0.0,1.0));
#6618=DIRECTION('',(1.0,0.0,0.0));
#6619=DIRECTION('',(0.0,0.0,1.0));
#6620=CARTESIAN_POINT('',(0.0,0.25,0.15));
#6621=DIRECTION('',(-1.0,0.0,0.0));
#6622=DIRECTION('',(0.0,0.0,-1.0));
#6623=CARTESIAN_POINT('',(0.1,0.25,0.15));
#6624=DIRECTION('',(1.0,0.0,0.0));
#6625=DIRECTION('',(0.0,-1.0,0.0));
#6626=DIRECTION('',(0.0,0.0,-1.0));
#6627=DIRECTION('',(1.0,0.0,0.0));
#6628=DIRECTION('',(0.0,0.0,-1.0));
#6629=DIRECTION('',(-0.529919264233213,-0.848048096156421,0.0));
#6630=DIRECTION('',(-0.529919264233213,-0.848048096156421,0.0));
#6631=DIRECTION('',(0.848048096156421,-0.529919264233213,0.0));
#6632=DIRECTION('',(-0.529919264233213,-0.848048096156421,0.0));
#6633=DIRECTION('',(0.848048096156421,-0.529919264233213,0.0));
#6634=DIRECTION('',(-0.529919264233213,-0.848048096156421,0.0));
#6635=DIRECTION('',(0.0,0.0,-1.0));
#6636=DIRECTION('',(1.0,0.0,0.0));
#6637=DIRECTION('',(0.0,0.0,-1.0));
#6638=DIRECTION('',(1.0,0.0,0.0));
#6639=DIRECTION('',(0.0,1.0,0.0));
#6640=DIRECTION('',(0.0,0.0,-1.0));
#6641=DIRECTION('',(0.0,1.0,0.0));
#6642=DIRECTION('',(0.0,1.0,0.0));
#6643=DIRECTION('',(0.0,0.0,1.0));
#6644=DIRECTION('',(0.0,1.0,0.0));
#6645=DIRECTION('',(0.0,0.0,1.0));
#6646=DIRECTION('',(0.0,0.0,-1.0));
#6647=CARTESIAN_POINT('',(0.2,0.2,0.55));
#6648=DIRECTION('',(0.0,1.0,0.0));
#6649=DIRECTION('',(-1.0,0.0,0.0));
#6650=CARTESIAN_POINT('',(0.2,0.2,0.55));
#6651=DIRECTION('',(0.0,1.0,0.0));
#6652=DIRECTION('',(-1.0,0.0,0.0));
#6653=DIRECTION('',(0.0,0.0,-1.0));
#6654=DIRECTION('',(1.0,0.0,0.0));
#6655=DIRECTION('',(0.0,0.0,-1.0));
#6656=DIRECTION('',(1.0,0.0,0.0));
#6657=DIRECTION('',(0.0,0.0,-1.0));
#6658=DIRECTION('',(0.0,0.0,1.0));
#6659=DIRECTION('',(1.0,0.0,0.0));
#6660=CARTESIAN_POINT('',(0.2,0.2,-0.55));
#6661=DIRECTION('',(0.0,-1.0,0.0));
#6662=DIRECTION('',(-1.0,0.0,0.0));
#6663=CARTESIAN_POINT('',(0.2,0.2,-0.55));
#6664=DIRECTION('',(0.0,-1.0,0.0));
#6665=DIRECTION('',(-1.0,0.0,0.0));
#6666=DIRECTION('',(0.0,0.0,1.0));
#6667=CARTESIAN_POINT('',(1.325920558881,1.019503310414,-0.4));
#6668=DIRECTION('',(0.342020143325699,-0.939692620785897,2.38524477946811E-16));
#6669=DIRECTION('',(0.164494964168597,0.0598712706440606,-0.984559209857202));
#6670=DIRECTION('',(-0.939692620785897,-0.342020143325699,0.0));
#6671=CARTESIAN_POINT('',(1.325920558881,1.019503310414,-0.4));
#6672=DIRECTION('',(0.342020143325699,-0.939692620785897,2.16840434497101E-16));
#6673=DIRECTION('',(0.328989928337204,0.119742541288125,-0.936710921714134));
#6674=DIRECTION('',(0.0,0.0,-1.0));
#6675=CARTESIAN_POINT('',(1.325920558881,1.019503310414,0.4));
#6676=DIRECTION('',(-0.342020143325699,0.939692620785897,0.0));
#6677=DIRECTION('',(0.328989928337173,0.119742541288114,0.936710921714147));
#6678=DIRECTION('',(-0.939692620785897,-0.342020143325699,0.0));
#6679=CARTESIAN_POINT('',(1.325920558881,1.019503310414,0.4));
#6680=DIRECTION('',(-0.342020143325699,0.939692620785897,2.38524477946811E-16));
#6681=DIRECTION('',(0.164494964168597,0.0598712706440606,0.984559209857202));
#6682=CARTESIAN_POINT('',(0.92,1.55,0.4));
#6683=DIRECTION('',(0.0,0.0,-1.0));
#6684=DIRECTION('',(-0.848048096156421,0.529919264233213,0.0));
#6685=CARTESIAN_POINT('',(0.92,1.55,0.4));
#6686=DIRECTION('',(0.0,0.0,-1.0));
#6687=DIRECTION('',(-0.848048096156421,0.529919264233213,0.0));
#6688=DIRECTION('',(-0.939692620785897,-0.342020143325699,0.0));
#6689=DIRECTION('',(0.0,0.0,-1.0));
#6690=CARTESIAN_POINT('',(0.92,1.55,-0.4));
#6691=DIRECTION('',(0.0,0.0,-1.0));
#6692=DIRECTION('',(-0.848048096156421,0.529919264233213,0.0));
#6693=DIRECTION('',(-0.939692620785897,-0.342020143325699,0.0));
#6694=CARTESIAN_POINT('',(0.92,1.55,-0.4));
#6695=DIRECTION('',(0.0,0.0,-1.0));
#6696=DIRECTION('',(-0.848048096156421,0.529919264233213,0.0));
#6697=DIRECTION('',(0.0,0.0,-1.0));
#6698=DIRECTION('',(0.0,1.0,0.0));
#6699=CARTESIAN_POINT('',(0.8,0.2,0.55));
#6700=DIRECTION('',(1.0,0.0,0.0));
#6701=DIRECTION('',(0.0,-0.500000000000017,0.866025403784429));
#6702=DIRECTION('',(0.0,0.0,1.0));
#6703=DIRECTION('',(0.0,-1.0,0.0));
#6704=DIRECTION('',(0.0,0.0,1.0));
#6705=DIRECTION('',(0.0,0.0,1.0));
#6706=DIRECTION('',(0.0,-1.0,0.0));
#6707=DIRECTION('',(0.0,0.0,-1.0));
#6708=CARTESIAN_POINT('',(0.8,0.2,-0.55));
#6709=DIRECTION('',(-1.0,-0.0,0.0));
#6710=DIRECTION('',(0.0,-0.500000000000017,-0.866025403784429));
#6711=DIRECTION('',(0.0,1.0,0.0));
#6712=DIRECTION('',(0.0,0.0,1.0));
#6713=CARTESIAN_POINT('',(0.124772813535355,0.148521697956948,-0.64932433956325));
#6714=DIRECTION('',(0.0212247190772235,-0.816148966365742,0.577451622216289));
#6715=DIRECTION('',(-0.00402823696622595,-0.577646856356667,-0.816276841915906));
#6716=CARTESIAN_POINT('',(0.2,0.2,-0.55));
#6717=DIRECTION('',(-1.0,-0.0,0.0));
#6718=DIRECTION('',(0.0,-0.249999999999989,-0.968245836551857));
#6719=DIRECTION('',(0.0,1.0,0.0));
#6720=DIRECTION('',(0.0,0.0,1.0));
#6721=DIRECTION('',(0.0,1.0,0.0));
#6722=CARTESIAN_POINT('',(0.45,0.2,-0.55));
#6723=DIRECTION('',(-1.0,-0.0,0.0));
#6724=DIRECTION('',(0.0,-0.500000000000017,-0.866025403784429));
#6725=DIRECTION('',(0.0,0.0,1.0));
#6726=DIRECTION('',(1.468277359707E-08,1.0,0.0));
#6727=DIRECTION('',(0.0,0.0,-1.0));
#6728=DIRECTION('',(0.0,0.0,-1.0));
#6729=CARTESIAN_POINT('',(0.45,0.2,0.55));
#6730=DIRECTION('',(1.0,0.0,0.0));
#6731=DIRECTION('',(0.0,-0.500000000000017,0.866025403784429));
#6732=DIRECTION('',(0.0,1.0,0.0));
#6733=DIRECTION('',(0.0,1.0,0.0));
#6734=DIRECTION('',(0.0,1.0,0.0));
#6735=DIRECTION('',(7.410738694336E-14,1.0,0.0));
#6736=CARTESIAN_POINT('',(0.2,0.2,0.55));
#6737=DIRECTION('',(1.0,0.0,0.0));
#6738=DIRECTION('',(0.0,-0.249999999999989,0.968245836551857));
#6739=DIRECTION('',(0.0,0.0,-1.0));
#6740=DIRECTION('',(-0.342020143325699,0.939692620785897,0.0));
#6741=CARTESIAN_POINT('',(1.148980941356,1.505640914171,0.4));
#6742=DIRECTION('',(-0.342020143325699,0.939692620785897,0.0));
#6743=DIRECTION('',(0.0,0.0,1.0));
#6744=DIRECTION('',(-0.342020143325699,0.939692620785897,0.0));
#6745=DIRECTION('',(-0.342020143325699,0.939692620785897,0.0));
#6746=CARTESIAN_POINT('',(1.148980941356,1.505640914171,-0.4));
#6747=DIRECTION('',(0.342020143325699,-0.939692620785897,0.0));
#6748=DIRECTION('',(0.0,0.0,-1.0));
#6749=DIRECTION('',(-0.342020143325699,0.939692620785897,0.0));
#6750=DIRECTION('',(1.0,0.0,0.0));
#6751=DIRECTION('',(-1.0,-6.714202434665E-10,0.0));
#6752=DIRECTION('',(1.0,0.0,0.0));
#6753=DIRECTION('',(1.0,0.0,0.0));
#6754=DIRECTION('',(-1.0,0.0,0.0));
#6755=DIRECTION('',(1.0,0.0,0.0));
#6756=DIRECTION('',(1.0,1.623699012071E-09,0.0));
#6757=DIRECTION('',(-1.0,0.0,0.0));
#6758=DIRECTION('',(-0.939692620785897,-0.342020143325699,0.0));
#6759=DIRECTION('',(0.342020143325699,-0.939692620785897,0.0));
#6760=DIRECTION('',(0.342020143325699,-0.939692620785897,0.0));
#6761=DIRECTION('',(0.0,0.0,-1.0));
#6762=DIRECTION('',(-0.939692620785897,-0.342020143325699,0.0));
#6763=DIRECTION('',(0.342020143325699,-0.939692620785897,0.0));
#6764=DIRECTION('',(0.342020143325699,-0.939692620785897,0.0));
#6765=CARTESIAN_POINT('',(2.85,0.1,-0.25));
#6766=DIRECTION('',(0.0,-1.0,0.0));
#6767=DIRECTION('',(0.0,0.0,-1.0));
#6768=DIRECTION('',(0.0,-1.0,0.0));
#6769=CARTESIAN_POINT('',(2.85,0.0,-0.25));
#6770=DIRECTION('',(0.0,-1.0,0.0));
#6771=DIRECTION('',(0.0,0.0,-1.0));
#6772=DIRECTION('',(0.0,-1.0,0.0));
#6773=DIRECTION('',(0.0,0.0,1.0));
#6774=DIRECTION('',(0.0,0.0,1.0));
#6775=DIRECTION('',(0.0,-1.0,0.0));
#6776=CARTESIAN_POINT('',(2.85,0.1,0.25));
#6777=DIRECTION('',(0.0,-1.0,0.0));
#6778=DIRECTION('',(1.0,0.0,0.0));
#6779=CARTESIAN_POINT('',(2.85,0.0,0.25));
#6780=DIRECTION('',(0.0,-1.0,0.0));
#6781=DIRECTION('',(1.0,0.0,0.0));
#6782=DIRECTION('',(0.0,-1.0,0.0));
#6783=DIRECTION('',(-1.0,0.0,0.0));
#6784=DIRECTION('',(-1.0,0.0,0.0));
#6785=DIRECTION('',(0.0,-1.0,0.0));
#6786=CARTESIAN_POINT('',(2.65,0.1,0.25));
#6787=DIRECTION('',(0.0,-1.0,0.0));
#6788=DIRECTION('',(0.0,0.0,1.0));
#6789=CARTESIAN_POINT('',(2.65,0.0,0.25));
#6790=DIRECTION('',(0.0,-1.0,0.0));
#6791=DIRECTION('',(0.0,0.0,1.0));
#6792=DIRECTION('',(0.0,-1.0,0.0));
#6793=DIRECTION('',(0.0,0.0,-1.0));
#6794=DIRECTION('',(0.0,0.0,-1.0));
#6795=DIRECTION('',(0.0,-1.0,0.0));
#6796=CARTESIAN_POINT('',(2.65,0.1,-0.25));
#6797=DIRECTION('',(0.0,-1.0,0.0));
#6798=DIRECTION('',(-1.0,0.0,0.0));
#6799=CARTESIAN_POINT('',(2.65,0.0,-0.25));
#6800=DIRECTION('',(0.0,-1.0,0.0));
#6801=DIRECTION('',(-1.0,0.0,0.0));
#6802=DIRECTION('',(0.0,-1.0,0.0));
#6803=DIRECTION('',(1.0,0.0,0.0));
#6804=DIRECTION('',(1.0,0.0,0.0));
#6805=DIRECTION('',(0.0,0.0,-1.0));
#6806=DIRECTION('',(0.0,-1.0,0.0));
#6807=DIRECTION('',(0.0,0.0,-1.0));
#6808=CARTESIAN_POINT('',(0.5,0.1,0.35));
#6809=DIRECTION('',(0.0,-1.0,0.0));
#6810=DIRECTION('',(-1.0,0.0,0.0));
#6811=CARTESIAN_POINT('',(0.5,0.0,0.35));
#6812=DIRECTION('',(0.0,-1.0,0.0));
#6813=DIRECTION('',(-1.0,0.0,0.0));
#6814=DIRECTION('',(0.0,-1.0,0.0));
#6815=DIRECTION('',(1.0,0.0,0.0));
#6816=DIRECTION('',(1.0,0.0,0.0));
#6817=DIRECTION('',(0.0,-1.0,0.0));
#6818=CARTESIAN_POINT('',(0.75,0.1,0.35));
#6819=DIRECTION('',(0.0,-1.0,0.0));
#6820=DIRECTION('',(0.0,0.0,-1.0));
#6821=CARTESIAN_POINT('',(0.75,0.0,0.35));
#6822=DIRECTION('',(0.0,-1.0,0.0));
#6823=DIRECTION('',(0.0,0.0,-1.0));
#6824=DIRECTION('',(0.0,-1.0,0.0));
#6825=DIRECTION('',(0.0,0.0,1.0));
#6826=DIRECTION('',(0.0,0.0,1.0));
#6827=DIRECTION('',(1.0,0.0,0.0));
#6828=DIRECTION('',(1.0,0.0,0.0));
#6829=CARTESIAN_POINT('',(2.05,0.1,0.875));
#6830=DIRECTION('',(0.0,-1.0,0.0));
#6831=DIRECTION('',(0.0,0.0,-1.0));
#6832=CARTESIAN_POINT('',(2.05,0.0,0.875));
#6833=DIRECTION('',(0.0,-1.0,0.0));
#6834=DIRECTION('',(0.0,0.0,-1.0));
#6835=DIRECTION('',(0.0,-1.0,0.0));
#6836=DIRECTION('',(0.0,-1.0,0.0));
#6837=DIRECTION('',(-1.0,0.0,0.0));
#6838=DIRECTION('',(0.0,-1.0,0.0));
#6839=DIRECTION('',(-1.0,0.0,0.0));
#6840=CARTESIAN_POINT('',(2.05,0.1,-0.875));
#6841=DIRECTION('',(0.0,-1.0,0.0));
#6842=DIRECTION('',(0.923076923076914,0.0,0.384615384615406));
#6843=CARTESIAN_POINT('',(2.05,0.0,-0.875));
#6844=DIRECTION('',(0.0,-1.0,0.0));
#6845=DIRECTION('',(0.923076923076914,0.0,0.384615384615406));
#6846=DIRECTION('',(-1.0,0.0,0.0));
#6847=DIRECTION('',(1.0,0.0,0.0));
#6848=DIRECTION('',(0.0,0.0,1.0));
#6849=DIRECTION('',(0.0,-1.0,0.0));
#6850=DIRECTION('',(0.0,0.0,1.0));
#6851=CARTESIAN_POINT('',(0.75,0.1,-0.35));
#6852=DIRECTION('',(0.0,-1.0,0.0));
#6853=DIRECTION('',(1.0,0.0,0.0));
#6854=CARTESIAN_POINT('',(0.75,0.0,-0.35));
#6855=DIRECTION('',(0.0,-1.0,0.0));
#6856=DIRECTION('',(1.0,0.0,0.0));
#6857=DIRECTION('',(0.0,-1.0,0.0));
#6858=DIRECTION('',(-1.0,0.0,0.0));
#6859=DIRECTION('',(-1.0,0.0,0.0));
#6860=DIRECTION('',(0.0,-1.0,0.0));
#6861=CARTESIAN_POINT('',(0.5,0.1,-0.35));
#6862=DIRECTION('',(0.0,-1.0,0.0));
#6863=DIRECTION('',(0.0,0.0,1.0));
#6864=CARTESIAN_POINT('',(0.5,0.0,-0.35));
#6865=DIRECTION('',(0.0,-1.0,0.0));
#6866=DIRECTION('',(0.0,0.0,1.0));
#6867=DIRECTION('',(0.0,-1.0,0.0));
#6868=DIRECTION('',(0.0,0.0,-1.0));
#6869=DIRECTION('',(0.0,0.0,-1.0));
#6870=DIRECTION('',(-1.0,0.0,0.0));
#6871=DIRECTION('',(1.0,8.851423390201E-10,0.0));
#6872=CARTESIAN_POINT('',(0.20002915297881,0.200029152979878,-0.549157935102937));
#6873=DIRECTION('',(-0.707106781186594,0.707106781186501,-3.76184739012503E-12));
#6874=DIRECTION('',(0.707106766043698,0.707106766043792,0.000206954854839332));
#6875=DIRECTION('',(-1.0,3.097974726842E-09,0.0));
#6876=DIRECTION('',(0.0,-1.0,0.0));
#6877=DIRECTION('',(-1.0,2.349952734958E-09,0.0));
#6878=DIRECTION('',(0.0,0.0,1.0));
#6879=DIRECTION('',(0.0,0.0,1.0));
#6880=DIRECTION('',(0.0,-1.0,0.0));
#6881=DIRECTION('',(1.0,-5.682876502238E-09,0.0));
#6882=DIRECTION('',(1.0,-5.013158746657E-09,0.0));
#6883=DIRECTION('',(-1.0,-1.432348618656E-09,0.0));
#6884=DIRECTION('',(1.0,0.0,0.0));
#6885=CARTESIAN_POINT('',(0.20002915297881,0.200029152979878,0.549157935102937));
#6886=DIRECTION('',(0.707106781186594,-0.707106781186501,-3.76184739012503E-12));
#6887=DIRECTION('',(0.707106766043698,0.707106766043792,-0.000206954854839332));
#6888=DIRECTION('',(1.0,0.0,0.0));
#6889=DIRECTION('',(0.0,-1.0,0.0));
#6890=DIRECTION('',(1.0,0.0,0.0));
#6891=DIRECTION('',(0.0,0.0,-1.0));
#6892=DIRECTION('',(-0.661437827766177,0.749999999999974,0.0));
#6893=DIRECTION('',(-1.0,0.0,0.0));
#6894=CARTESIAN_POINT('',(3.10000007126239,0.400000063011731,0.700000233980477));
#6895=DIRECTION('',(0.124034184842143,-5.58336824295191E-07,-0.992277945431739));
#6896=DIRECTION('',(0.992277945341436,-1.34330698688165E-05,0.124034184838414));
#6897=DIRECTION('',(0.0,-1.0,0.0));
#6898=CARTESIAN_POINT('',(3.10000009389292,0.400000083022114,0.700000240721422));
#6899=DIRECTION('',(0.164398267271525,-7.40034681833003E-07,-0.986394043837235));
#6900=DIRECTION('',(0.986394043747937,-1.33534056226517E-05,0.16439826726666));
#6901=DIRECTION('',(0.0,0.0,-1.0));
#6902=CARTESIAN_POINT('',(3.1,0.4,0.75));
#6903=DIRECTION('',(0.0,0.0,1.0));
#6904=DIRECTION('',(0.0,-1.0,0.0));
#6905=CARTESIAN_POINT('',(3.1,0.4,0.75));
#6906=DIRECTION('',(0.0,0.0,1.0));
#6907=DIRECTION('',(0.0,-1.0,0.0));
#6908=DIRECTION('',(-1.0,0.0,0.0));
#6909=DIRECTION('',(0.0,-1.0,0.0));
#6910=DIRECTION('',(-1.0,0.0,0.0));
#6911=VERTEX_POINT('',#7280);
#6912=LINE('',#7281,#7282);
#6913=VERTEX_POINT('',#7283);
#6914=CIRCLE('',#7284,0.4);
#6915=VERTEX_POINT('',#7285);
#6916=B_SPLINE_CURVE_WITH_KNOTS('',3,(#7286,#7287,#7288,#7289,#7290,#7291,#7292,#7293,#7294,#7295),.UNSPECIFIED.,.F.,.F.,(4,3,3,4),(6.87600555762013E-12,0.3333333333333,0.6666666666667,0.999999999468527),.UNSPECIFIED.);
#6917=B_SPLINE_CURVE_WITH_KNOTS('',3,(#7296,#7297,#7298,#7299,#7300,#7301),.UNSPECIFIED.,.F.,.F.,(4,2,4),(1.00000044974192E-06,0.0108544592531978,0.0217070185201643),.UNSPECIFIED.);
#6918=VERTEX_POINT('',#7302);
#6919=LINE('',#7303,#7304);
#6920=VERTEX_POINT('',#7305);
#6921=B_SPLINE_CURVE_WITH_KNOTS('',3,(#7306,#7307,#7308,#7309,#7310,#7311),.UNSPECIFIED.,.F.,.F.,(4,2,4),(1.00000052796179E-06,0.00687745577715403,0.0137522285723287),.UNSPECIFIED.);
#6922=VERTEX_POINT('',#7312);
#6923=B_SPLINE_CURVE_WITH_KNOTS('',3,(#7313,#7314,#7315,#7316,#7317,#7318,#7319,#7320,#7321,#7322,#7323,#7324,#7325,#7326,#7327,#7328),.UNSPECIFIED.,.F.,.F.,(4,3,3,3,3,4),(0.0,0.25,0.479462057315927,0.499999999999986,0.75,0.999999999999958),.UNSPECIFIED.);
#6924=CIRCLE('',#7329,0.3);
#6925=VERTEX_POINT('',#7330);
#6926=VERTEX_POINT('',#7331);
#6927=LINE('',#7332,#7333);
#6928=VERTEX_POINT('',#7334);
#6929=LINE('',#7335,#7336);
#6930=B_SPLINE_CURVE_WITH_KNOTS('',3,(#7337,#7338,#7339,#7340,#7341,#7342,#7343,#7344,#7345,#7346,#7347,#7348,#7349),.UNSPECIFIED.,.F.,.F.,(4,3,3,3,4),(2.49073033343004E-13,0.3333333333333,0.596360223149961,0.6666666666667,0.999999999999912),.UNSPECIFIED.);
#6931=LINE('',#7350,#7351);
#6932=VERTEX_POINT('',#7352);
#6933=CIRCLE('',#7353,0.2);
#6934=VERTEX_POINT('',#7354);
#6935=B_SPLINE_CURVE_WITH_KNOTS('',3,(#7355,#7356,#7357,#7358,#7359,#7360,#7361,#7362,#7363,#7364,#7365,#7366,#7367),.UNSPECIFIED.,.F.,.F.,(4,2,2,2,3,4),(0.0237926849639416,0.0257497593272746,0.0277068336907166,0.02958570511862,0.0314645765465235,0.0326881716756614),.UNSPECIFIED.);
#6936=B_SPLINE_CURVE_WITH_KNOTS('',3,(#7368,#7369,#7370,#7371,#7372,#7373,#7374,#7375,#7376,#7377,#7378,#7379,#7380),.UNSPECIFIED.,.F.,.F.,(4,3,3,3,4),(9.46471158788772E-14,0.456927708651163,0.500000000000024,0.913615635706918,1.0),.UNSPECIFIED.);
#6937=VERTEX_POINT('',#7381);
#6938=VERTEX_POINT('',#7382);
#6939=LINE('',#7383,#7384);
#6940=VERTEX_POINT('',#7385);
#6941=B_SPLINE_CURVE_WITH_KNOTS('',3,(#7386,#7387,#7388,#7389,#7390,#7391,#7392,#7393,#7394,#7395,#7396,#7397,#7398),.UNSPECIFIED.,.F.,.F.,(4,3,3,3,4),(0.0,0.413630300759703,0.499999999999976,0.956938100641839,0.999999999999905),.UNSPECIFIED.);
#6942=VERTEX_POINT('',#7399);
#6943=B_SPLINE_CURVE_WITH_KNOTS('',3,(#7400,#7401,#7402,#7403,#7404,#7405,#7406,#7407,#7408,#7409,#7410,#7411,#7412),.UNSPECIFIED.,.F.,.F.,(4,3,2,2,2,4),(0.0302429668667625,0.0314662186977831,0.0333450901256865,0.0352239615535899,0.0371810359170319,0.0391381102803632),.UNSPECIFIED.);
#6944=CIRCLE('',#7413,0.2);
#6945=LINE('',#7414,#7415);
#6946=VERTEX_POINT('',#7416);
#6947=B_SPLINE_CURVE_WITH_KNOTS('',3,(#7417,#7418,#7419,#7420,#7421,#7422,#7423,#7424,#7425,#7426,#7427,#7428,#7429),.UNSPECIFIED.,.F.,.F.,(4,3,3,3,4),(8.80379113644271E-14,0.3333333333333,0.604539415618119,0.6666666666667,1.00000000000025),.UNSPECIFIED.);
#6948=LINE('',#7430,#7431);
#6949=VERTEX_POINT('',#7432);
#6950=VERTEX_POINT('',#7433);
#6951=CIRCLE('',#7434,0.05);
#6952=LINE('',#7435,#7436);
#6953=VERTEX_POINT('',#7437);
#6954=LINE('',#7438,#7439);
#6955=VERTEX_POINT('',#7440);
#6956=CIRCLE('',#7441,0.025);
#6957=LINE('',#7442,#7443);
#6958=VERTEX_POINT('',#7444);
#6959=LINE('',#7445,#7446);
#6960=LINE('',#7447,#7448);
#6961=VERTEX_POINT('',#7449);
#6962=LINE('',#7450,#7451);
#6963=VERTEX_POINT('',#7452);
#6964=LINE('',#7453,#7454);
#6965=LINE('',#7455,#7456);
#6966=CIRCLE('',#7457,0.05);
#6967=VERTEX_POINT('',#7458);
#6968=CIRCLE('',#7459,0.025);
#6969=LINE('',#7460,#7461);
#6970=VERTEX_POINT('',#7462);
#6971=CIRCLE('',#7463,0.05);
#6972=VERTEX_POINT('',#7464);
#6973=LINE('',#7465,#7466);
#6974=CIRCLE('',#7467,0.05);
#6975=VERTEX_POINT('',#7468);
#6976=LINE('',#7469,#7470);
#6977=VERTEX_POINT('',#7471);
#6978=LINE('',#7472,#7473);
#6979=LINE('',#7474,#7475);
#6980=VERTEX_POINT('',#7476);
#6981=CIRCLE('',#7477,0.025);
#6982=VERTEX_POINT('',#7478);
#6983=LINE('',#7479,#7480);
#6984=CIRCLE('',#7481,0.025);
#6985=LINE('',#7482,#7483);
#6986=VERTEX_POINT('',#7484);
#6987=B_SPLINE_CURVE_WITH_KNOTS('',3,(#7485,#7486,#7487,#7488,#7489,#7490,#7491,#7492,#7493,#7494,#7495,#7496,#7497,#7498,#7499,#7500,#7501,#7502,#7503),.UNSPECIFIED.,.F.,.F.,(4,3,3,3,3,3,4),(0.0,0.2,0.383918010924064,0.4,0.6,0.8,1.0),.UNSPECIFIED.);
#6988=VERTEX_POINT('',#7504);
#6989=LINE('',#7505,#7506);
#6990=VERTEX_POINT('',#7507);
#6991=B_SPLINE_CURVE_WITH_KNOTS('',3,(#7508,#7509,#7510,#7511,#7512,#7513,#7514,#7515,#7516,#7517,#7518,#7519,#7520,#7521,#7522,#7523,#7524,#7525,#7526),.UNSPECIFIED.,.F.,.F.,(4,3,3,3,3,3,4),(0.0,0.1666666666667,0.3333333333333,0.5,0.6666666666667,0.8333333333333,1.0),.UNSPECIFIED.);
#6992=CIRCLE('',#7527,0.1);
#6993=VERTEX_POINT('',#7528);
#6994=VERTEX_POINT('',#7529);
#6995=LINE('',#7530,#7531);
#6996=VERTEX_POINT('',#7532);
#6997=LINE('',#7533,#7534);
#6998=VERTEX_POINT('',#7535);
#6999=LINE('',#7536,#7537);
#7000=LINE('',#7538,#7539);
#7001=VERTEX_POINT('',#7540);
#7002=CIRCLE('',#7541,0.1);
#7003=VERTEX_POINT('',#7542);
#7004=LINE('',#7543,#7544);
#7005=CIRCLE('',#7545,0.1);
#7006=VERTEX_POINT('',#7546);
#7007=LINE('',#7547,#7548);
#7008=VERTEX_POINT('',#7549);
#7009=LINE('',#7550,#7551);
#7010=LINE('',#7552,#7553);
#7011=VERTEX_POINT('',#7554);
#7012=VERTEX_POINT('',#7555);
#7013=LINE('',#7556,#7557);
#7014=VERTEX_POINT('',#7558);
#7015=LINE('',#7559,#7560);
#7016=VERTEX_POINT('',#7561);
#7017=LINE('',#7562,#7563);
#7018=LINE('',#7564,#7565);
#7019=CIRCLE('',#7566,0.1);
#7020=CIRCLE('',#7567,0.1);
#7021=VERTEX_POINT('',#7568);
#7022=VERTEX_POINT('',#7569);
#7023=LINE('',#7570,#7571);
#7024=LINE('',#7572,#7573);
#7025=LINE('',#7574,#7575);
#7026=VERTEX_POINT('',#7576);
#7027=VERTEX_POINT('',#7577);
#7028=LINE('',#7578,#7579);
#7029=VERTEX_POINT('',#7580);
#7030=LINE('',#7581,#7582);
#7031=VERTEX_POINT('',#7583);
#7032=LINE('',#7584,#7585);
#7033=LINE('',#7586,#7587);
#7034=VERTEX_POINT('',#7588);
#7035=CIRCLE('',#7589,0.1);
#7036=VERTEX_POINT('',#7590);
#7037=LINE('',#7591,#7592);
#7038=CIRCLE('',#7593,0.1);
#7039=VERTEX_POINT('',#7594);
#7040=LINE('',#7595,#7596);
#7041=VERTEX_POINT('',#7597);
#7042=LINE('',#7598,#7599);
#7043=LINE('',#7600,#7601);
#7044=VERTEX_POINT('',#7602);
#7045=VERTEX_POINT('',#7603);
#7046=LINE('',#7604,#7605);
#7047=VERTEX_POINT('',#7606);
#7048=LINE('',#7607,#7608);
#7049=VERTEX_POINT('',#7609);
#7050=LINE('',#7610,#7611);
#7051=LINE('',#7612,#7613);
#7052=VERTEX_POINT('',#7614);
#7053=VERTEX_POINT('',#7615);
#7054=LINE('',#7616,#7617);
#7055=LINE('',#7618,#7619);
#7056=LINE('',#7620,#7621);
#7057=CIRCLE('',#7622,0.1);
#7058=CIRCLE('',#7623,0.1);
#7059=VERTEX_POINT('',#7624);
#7060=VERTEX_POINT('',#7625);
#7061=LINE('',#7626,#7627);
#7062=VERTEX_POINT('',#7628);
#7063=LINE('',#7629,#7630);
#7064=VERTEX_POINT('',#7631);
#7065=LINE('',#7632,#7633);
#7066=LINE('',#7634,#7635);
#7067=VERTEX_POINT('',#7636);
#7068=CIRCLE('',#7637,0.05);
#7069=VERTEX_POINT('',#7638);
#7070=CIRCLE('',#7639,0.05);
#7071=LINE('',#7640,#7641);
#7072=VERTEX_POINT('',#7642);
#7073=VERTEX_POINT('',#7643);
#7074=LINE('',#7644,#7645);
#7075=LINE('',#7646,#7647);
#7076=LINE('',#7648,#7649);
#7077=CIRCLE('',#7650,0.05);
#7078=CIRCLE('',#7651,0.05);
#7079=LINE('',#7652,#7653);
#7080=LINE('',#7654,#7655);
#7081=VERTEX_POINT('',#7656);
#7082=VERTEX_POINT('',#7657);
#7083=LINE('',#7658,#7659);
#7084=LINE('',#7660,#7661);
#7085=LINE('',#7662,#7663);
#7086=LINE('',#7664,#7665);
#7087=LINE('',#7666,#7667);
#7088=VERTEX_POINT('',#7668);
#7089=VERTEX_POINT('',#7669);
#7090=LINE('',#7670,#7671);
#7091=LINE('',#7672,#7673);
#7092=LINE('',#7674,#7675);
#7093=VERTEX_POINT('',#7676);
#7094=CIRCLE('',#7677,0.05);
#7095=VERTEX_POINT('',#7678);
#7096=CIRCLE('',#7679,0.05);
#7097=LINE('',#7680,#7681);
#7098=VERTEX_POINT('',#7682);
#7099=VERTEX_POINT('',#7683);
#7100=LINE('',#7684,#7685);
#7101=LINE('',#7686,#7687);
#7102=LINE('',#7688,#7689);
#7103=CIRCLE('',#7690,0.05);
#7104=CIRCLE('',#7691,0.05);
#7105=LINE('',#7692,#7693);
#7106=VERTEX_POINT('',#7694);
#7107=LINE('',#7695,#7696);
#7108=VERTEX_POINT('',#7697);
#7109=B_SPLINE_CURVE_WITH_KNOTS('',3,(#7698,#7699,#7700,#7701,#7702,#7703,#7704,#7705,#7706,#7707,#7708,#7709,#7710,#7711,#7712,#7713,#7714,#7715,#7716),.UNSPECIFIED.,.F.,.F.,(4,3,3,3,3,3,4),(0.0,0.1666666666667,0.3333333333333,0.5,0.6666666666667,0.8333333333333,1.0),.UNSPECIFIED.);
#7110=LINE('',#7717,#7718);
#7111=VERTEX_POINT('',#7719);
#7112=LINE('',#7720,#7721);
#7113=CIRCLE('',#7722,0.2);
#7114=B_SPLINE_CURVE_WITH_KNOTS('',3,(#7723,#7724,#7725,#7726,#7727,#7728,#7729,#7730,#7731,#7732,#7733,#7734,#7735,#7736,#7737,#7738,#7739,#7740,#7741),.UNSPECIFIED.,.F.,.F.,(4,3,3,3,3,3,4),(0.0,0.2,0.4,0.6,0.783177696241838,0.8,1.0),.UNSPECIFIED.);
#7115=VERTEX_POINT('',#7742);
#7116=LINE('',#7743,#7744);
#7117=VERTEX_POINT('',#7745);
#7118=LINE('',#7746,#7747);
#7119=LINE('',#7748,#7749);
#7120=VERTEX_POINT('',#7750);
#7121=LINE('',#7751,#7752);
#7122=VERTEX_POINT('',#7753);
#7123=LINE('',#7754,#7755);
#7124=LINE('',#7756,#7757);
#7125=VERTEX_POINT('',#7758);
#7126=VERTEX_POINT('',#7759);
#7127=LINE('',#7760,#7761);
#7128=LINE('',#7762,#7763);
#7129=LINE('',#7764,#7765);
#7130=CIRCLE('',#7766,0.025);
#7131=CIRCLE('',#7767,0.025);
#7132=VERTEX_POINT('',#7768);
#7133=VERTEX_POINT('',#7769);
#7134=CIRCLE('',#7770,0.2);
#7135=VERTEX_POINT('',#7771);
#7136=LINE('',#7772,#7773);
#7137=VERTEX_POINT('',#7774);
#7138=CIRCLE('',#7775,0.1);
#7139=LINE('',#7776,#7777);
#7140=VERTEX_POINT('',#7778);
#7141=VERTEX_POINT('',#7779);
#7142=LINE('',#7780,#7781);
#7143=B_SPLINE_CURVE_WITH_KNOTS('',3,(#7782,#7783,#7784,#7785,#7786,#7787,#7788,#7789,#7790,#7791,#7792,#7793,#7794,#7795,#7796,#7797,#7798,#7799,#7800),.UNSPECIFIED.,.F.,.F.,(4,3,3,3,3,3,4),(0.0,0.1666666666667,0.3333333333333,0.5,0.6666666666667,0.8333333333333,1.0),.UNSPECIFIED.);
#7144=B_SPLINE_CURVE_WITH_KNOTS('',3,(#7801,#7802,#7803,#7804,#7805,#7806,#7807,#7808,#7809,#7810,#7811,#7812,#7813,#7814,#7815,#7816,#7817,#7818,#7819),.UNSPECIFIED.,.F.,.F.,(4,3,3,3,3,3,4),(0.0,0.1666666666667,0.3333333333333,0.5,0.6666666666667,0.8333333333333,1.0),.UNSPECIFIED.);
#7145=LINE('',#7820,#7821);
#7146=B_SPLINE_CURVE_WITH_KNOTS('',3,(#7822,#7823,#7824,#7825,#7826,#7827,#7828,#7829,#7830,#7831,#7832,#7833,#7834,#7835,#7836,#7837,#7838,#7839,#7840),.UNSPECIFIED.,.F.,.F.,(4,3,3,3,3,3,4),(9.47481299826888E-16,0.2,0.4,0.6,0.783476269334194,0.8,1.0),.UNSPECIFIED.);
#7147=B_SPLINE_CURVE_WITH_KNOTS('',3,(#7841,#7842,#7843,#7844,#7845,#7846,#7847,#7848,#7849,#7850,#7851,#7852,#7853,#7854,#7855,#7856,#7857,#7858,#7859),.UNSPECIFIED.,.F.,.F.,(4,3,3,3,3,3,4),(0.0,0.2,0.384479862464088,0.4,0.6,0.8,1.0),.UNSPECIFIED.);
#7148=VERTEX_POINT('',#7860);
#7149=VERTEX_POINT('',#7861);
#7150=LINE('',#7862,#7863);
#7151=VERTEX_POINT('',#7864);
#7152=LINE('',#7865,#7866);
#7153=VERTEX_POINT('',#7867);
#7154=LINE('',#7868,#7869);
#7155=LINE('',#7870,#7871);
#7156=LINE('',#7872,#7873);
#7157=LINE('',#7874,#7875);
#7158=CIRCLE('',#7876,0.025);
#7159=CIRCLE('',#7877,0.025);
#7160=LINE('',#7878,#7879);
#7161=VERTEX_POINT('',#7880);
#7162=CIRCLE('',#7881,0.23);
#7163=VERTEX_POINT('',#7882);
#7164=CIRCLE('',#7883,0.05);
#7165=LINE('',#7884,#7885);
#7166=CIRCLE('',#7886,0.05);
#7167=CIRCLE('',#7887,0.05);
#7168=VERTEX_POINT('',#7888);
#7169=LINE('',#7889,#7890);
#7170=VERTEX_POINT('',#7891);
#7171=CIRCLE('',#7892,0.05);
#7172=CIRCLE('',#7893,0.23);
#7173=LINE('',#7894,#7895);
#7174=LINE('',#7896,#7897);
#7175=CIRCLE('',#7898,0.23);
#7176=VERTEX_POINT('',#7899);
#7177=B_SPLINE_CURVE_WITH_KNOTS('',3,(#7900,#7901,#7902,#7903,#7904),.UNSPECIFIED.,.F.,.F.,(4,1,4),(1.56637858655629E-06,0.5,1.0),.UNSPECIFIED.);
#7178=LINE('',#7905,#7906);
#7179=CIRCLE('',#7907,0.05);
#7180=LINE('',#7908,#7909);
#7181=CIRCLE('',#7910,0.23);
#7182=LINE('',#7911,#7912);
#7183=CIRCLE('',#7913,0.05);
#7184=VERTEX_POINT('',#7914);
#7185=LINE('',#7915,#7916);
#7186=B_SPLINE_CURVE_WITH_KNOTS('',3,(#7917,#7918,#7919,#7920,#7921),.UNSPECIFIED.,.F.,.F.,(4,1,4),(0.0,0.5,0.999998433626261),.UNSPECIFIED.);
#7187=LINE('',#7922,#7923);
#7188=LINE('',#7924,#7925);
#7189=VERTEX_POINT('',#7926);
#7190=LINE('',#7927,#7928);
#7191=VERTEX_POINT('',#7929);
#7192=LINE('',#7930,#7931);
#7193=LINE('',#7932,#7933);
#7194=VERTEX_POINT('',#7934);
#7195=VERTEX_POINT('',#7935);
#7196=LINE('',#7936,#7937);
#7197=VERTEX_POINT('',#7938);
#7198=LINE('',#7939,#7940);
#7199=VERTEX_POINT('',#7941);
#7200=LINE('',#7942,#7943);
#7201=LINE('',#7944,#7945);
#7202=LINE('',#7946,#7947);
#7203=LINE('',#7948,#7949);
#7204=VERTEX_POINT('',#7950);
#7205=LINE('',#7951,#7952);
#7206=VERTEX_POINT('',#7953);
#7207=LINE('',#7954,#7955);
#7208=LINE('',#7956,#7957);
#7209=LINE('',#7958,#7959);
#7210=VERTEX_POINT('',#7960);
#7211=CIRCLE('',#7961,0.02);
#7212=VERTEX_POINT('',#7962);
#7213=CIRCLE('',#7963,0.12);
#7214=LINE('',#7964,#7965);
#7215=LINE('',#7966,#7967);
#7216=LINE('',#7968,#7969);
#7217=B_SPLINE_CURVE_WITH_KNOTS('',3,(#7970,#7971,#7972,#7973,#7974),.UNSPECIFIED.,.F.,.F.,(4,1,4),(0.0,0.6075176709975,1.0),.UNSPECIFIED.);
#7218=VERTEX_POINT('',#7975);
#7219=CIRCLE('',#7976,0.02);
#7220=VERTEX_POINT('',#7977);
#7221=LINE('',#7978,#7979);
#7222=CIRCLE('',#7980,0.12);
#7223=LINE('',#7981,#7982);
#7224=VERTEX_POINT('',#7983);
#7225=LINE('',#7984,#7985);
#7226=ELLIPSE('',#7986,0.304137994325954,0.299999916977222);
#7227=LINE('',#7987,#7988);
#7228=LINE('',#7989,#7990);
#7229=LINE('',#7991,#7992);
#7230=LINE('',#7993,#7994);
#7231=VERTEX_POINT('',#7995);
#7232=ELLIPSE('',#7996,0.403112787681816,0.399999936987835);
#7233=LINE('',#7997,#7998);
#7234=VERTEX_POINT('',#7999);
#7235=LINE('',#8000,#8001);
#7236=VERTEX_POINT('',#8002);
#7237=LINE('',#8003,#8004);
#7238=LINE('',#8005,#8006);
#7239=LINE('',#8007,#8008);
#7240=LINE('',#8009,#8010);
#7241=LINE('',#8011,#8012);
#7242=DIRECTION('',(0.939692620785897,0.342020143325699,0.0));
#7243=DIRECTION('',(0.939692620785897,0.342020143325699,1.110223024625E-14));
#7244=DIRECTION('',(0.0,0.0,-1.0));
#7245=CARTESIAN_POINT('',(0.92,1.55,-0.25));
#7246=DIRECTION('',(0.0,-0.0,1.0));
#7247=DIRECTION('',(0.771943984743024,0.63569055712592,0.0));
#7248=DIRECTION('',(0.0,0.0,-1.0));
#7249=CARTESIAN_POINT('',(0.92,1.55,0.25));
#7250=DIRECTION('',(0.0,-0.0,1.0));
#7251=DIRECTION('',(0.771943984743024,0.63569055712592,0.0));
#7252=DIRECTION('',(-0.848048096156421,0.529919264233213,0.0));
#7253=CARTESIAN_POINT('',(0.92,1.55,0.25));
#7254=DIRECTION('',(0.0,-0.0,1.0));
#7255=DIRECTION('',(0.702439647756502,0.711743311355802,0.0));
#7256=DIRECTION('',(0.0,0.0,-1.0));
#7257=DIRECTION('',(0.939692620785897,0.342020143325699,0.0));
#7258=DIRECTION('',(0.939692620785897,0.342020143325699,0.0));
#7259=DIRECTION('',(-0.848048096156421,0.529919264233213,0.0));
#7260=CARTESIAN_POINT('',(0.92,1.55,-0.25));
#7261=DIRECTION('',(0.0,-0.0,1.0));
#7262=DIRECTION('',(0.702439647756502,0.711743311355802,0.0));
#7263=CARTESIAN_POINT('',(0.6496791295569,1.777874147289,-0.1));
#7264=DIRECTION('',(0.848048096156421,-0.529919264233213,0.0));
#7265=DIRECTION('',(-0.529919264233213,-0.848048096156421,0.0));
#7266=DIRECTION('',(-0.848048096156421,0.529919264233213,0.0));
#7267=CARTESIAN_POINT('',(0.5648743199413,1.830866073713,-0.1));
#7268=DIRECTION('',(-0.848048096156421,0.529919264233213,-2.89120579329468E-16));
#7269=DIRECTION('',(-0.176639754744394,-0.282682698718791,-0.94280904158207));
#7270=CARTESIAN_POINT('',(0.5648743199413,1.830866073713,0.1));
#7271=DIRECTION('',(-0.848048096156421,0.529919264233213,5.47820073070147E-31));
#7272=DIRECTION('',(-0.529919264233213,-0.848048096156421,1.03620815631703E-14));
#7273=DIRECTION('',(0.0,0.0,-1.0));
#7274=DIRECTION('',(-0.848048096156421,0.529919264233213,0.0));
#7275=CARTESIAN_POINT('',(0.6496791295569,1.777874147289,0.1));
#7276=DIRECTION('',(0.848048096156421,-0.529919264233213,-2.89120579329468E-16));
#7277=DIRECTION('',(-0.176639754744394,-0.282682698718791,0.94280904158207));
#7278=DIRECTION('',(0.0,0.0,-1.0));
#7279=LINE('',#8013,#8014);
#7280=CARTESIAN_POINT('',(3.5,0.4,-0.75));
#7281=CARTESIAN_POINT('',(3.5,0.4,0.75));
#7282=VECTOR('',#8015,1.0);
#7283=CARTESIAN_POINT('',(3.364575131106,0.1,-0.75));
#7284=AXIS2_PLACEMENT_3D('',#8016,#8017,#8018);
#7285=CARTESIAN_POINT('',(3.44279279451898,0.193861454311583,-0.742849059263152));
#7286=CARTESIAN_POINT('',(3.36457513110639,0.0999999999999379,-0.75));
#7287=CARTESIAN_POINT('',(3.37368087805753,0.108030513978005,-0.7492678581852));
#7288=CARTESIAN_POINT('',(3.38279450975486,0.11680417150534,-0.7485013175599));
#7289=CARTESIAN_POINT('',(3.39178142978558,0.126387870823888,-0.7477118385663));
#7290=CARTESIAN_POINT('',(3.4007683498163,0.135971570142439,-0.7469223595727));
#7291=CARTESIAN_POINT('',(3.40962790023291,0.146366207215898,-0.7461099422108));
#7292=CARTESIAN_POINT('',(3.41818801812999,0.157602835993265,-0.745292685349275));
#7293=CARTESIAN_POINT('',(3.42674813601342,0.168839464752714,-0.744475428489053));
#7294=CARTESIAN_POINT('',(3.43500911848672,0.180917790363451,-0.743653332129222));
#7295=CARTESIAN_POINT('',(3.44279279451833,0.193861454292717,-0.742849058953247));
#7296=CARTESIAN_POINT('',(3.5,0.4,-0.749999999999989));
#7297=CARTESIAN_POINT('',(3.5,0.363818469142249,-0.750000000000059));
#7298=CARTESIAN_POINT('',(3.49509276875637,0.3278234086981,-0.749386468070308));
#7299=CARTESIAN_POINT('',(3.47574259389512,0.258137240570463,-0.746967828254629));
#7300=CARTESIAN_POINT('',(3.461400021957,0.224803864743852,-0.745175123670814));
#7301=CARTESIAN_POINT('',(3.44279279450599,0.193861454272202,-0.74284905989089));
#7302=CARTESIAN_POINT('',(3.4,0.4,-0.75));
#7303=CARTESIAN_POINT('',(3.4,0.4,0.75));
#7304=VECTOR('',#8019,1.0);
#7305=CARTESIAN_POINT('',(3.36915708324694,0.267506731324313,-0.74485945790556));
#7306=CARTESIAN_POINT('',(3.4,0.4,-0.749999999999989));
#7307=CARTESIAN_POINT('',(3.4,0.377076813873054,-0.750000000000048));
#7308=CARTESIAN_POINT('',(3.39737425470094,0.354246745809159,-0.749562396455044));
#7309=CARTESIAN_POINT('',(3.38698040326457,0.309629656890059,-0.747829935518826));
#7310=CARTESIAN_POINT('',(3.37925217651872,0.288014692005365,-0.746541821086245));
#7311=CARTESIAN_POINT('',(3.36915708129787,0.267506733804281,-0.744859439370479));
#7312=CARTESIAN_POINT('',(3.29843134833,0.175,-0.75));
#7313=CARTESIAN_POINT('',(3.36915708018832,0.267506731550238,-0.7448594671388));
#7314=CARTESIAN_POINT('',(3.36392798605085,0.256883945000117,-0.7452960067055));
#7315=CARTESIAN_POINT('',(3.35831340286626,0.247066441930378,-0.74575186137155));
#7316=CARTESIAN_POINT('',(3.35253758907096,0.23805937475042,-0.746204546848525));
#7317=CARTESIAN_POINT('',(3.34723626860639,0.229792254088435,-0.74662004341198));
#7318=CARTESIAN_POINT('',(3.3418029559306,0.222205147931991,-0.747032870106766));
#7319=CARTESIAN_POINT('',(3.33630358115212,0.21517408857337,-0.747436861653635));
#7320=CARTESIAN_POINT('',(3.33581136102074,0.214544775405847,-0.747473020813592));
#7321=CARTESIAN_POINT('',(3.33531857804075,0.213919922658429,-0.747509109194301));
#7322=CARTESIAN_POINT('',(3.33482526029234,0.213299445291031,-0.747545122375067));
#7323=CARTESIAN_POINT('',(3.32882030453801,0.205746627356171,-0.747983496136733));
#7324=CARTESIAN_POINT('',(3.32274038601821,0.198842580700247,-0.748410727372167));
#7325=CARTESIAN_POINT('',(3.31664740764994,0.192481565256097,-0.748821812972733));
#7326=CARTESIAN_POINT('',(3.31055442928168,0.186120549811947,-0.7492328985733));
#7327=CARTESIAN_POINT('',(3.3044461743942,0.180304577981869,-0.749627838539));
#7328=CARTESIAN_POINT('',(3.29843134832993,0.175000000000077,-0.75));
#7329=AXIS2_PLACEMENT_3D('',#8020,#8021,#8022);
#7330=CARTESIAN_POINT('',(1.148980941356,1.505640914171,0.6));
#7331=CARTESIAN_POINT('',(1.146784545084,1.511675463332,0.6));
#7332=CARTESIAN_POINT('',(1.325920558881,1.019503310414,0.6));
#7333=VECTOR('',#8023,1.0);
#7334=CARTESIAN_POINT('',(1.330812484012,1.00606285658,0.6));
#7335=CARTESIAN_POINT('',(1.330812484012,1.00606285658,0.6));
#7336=VECTOR('',#8024,0.531639864504302);
#7337=CARTESIAN_POINT('',(1.3308124840113,1.00606285658034,0.6));
#7338=CARTESIAN_POINT('',(1.33264492814208,1.00989495309504,0.6));
#7339=CARTESIAN_POINT('',(1.33497626316624,1.01351410676077,0.59993203633385));
#7340=CARTESIAN_POINT('',(1.33776861471065,1.0168105626865,0.599739089029342));
#7341=CARTESIAN_POINT('',(1.33997200533666,1.01941173233519,0.599586838041132));
#7342=CARTESIAN_POINT('',(1.34246614886344,1.02181002399927,0.599356766202608));
#7343=CARTESIAN_POINT('',(1.34517055436733,1.02391928538132,0.599036563686797));
#7344=CARTESIAN_POINT('',(1.34589343533565,1.02448308578333,0.59895097433847));
#7345=CARTESIAN_POINT('',(1.34663113331824,1.02502643976255,0.598858945335242));
#7346=CARTESIAN_POINT('',(1.34738170576224,1.02554818727996,0.598760241585634));
#7347=CARTESIAN_POINT('',(1.35094028165021,1.02802187006685,0.5982922723893));
#7348=CARTESIAN_POINT('',(1.35478999905379,1.03001092731665,0.5976742649395));
#7349=CARTESIAN_POINT('',(1.3588195517151,1.03147756454273,0.5969118419714));
#7350=CARTESIAN_POINT('',(1.513859083038,1.087907339079,0.4));
#7351=VECTOR('',#8025,0.517336832282901);
#7352=CARTESIAN_POINT('',(1.215801388159,1.529961567847,0.5869318958707));
#7353=AXIS2_PLACEMENT_3D('',#8026,#8027,#8028);
#7354=CARTESIAN_POINT('',(1.148932455816,1.572134377657,0.5987079942095));
#7355=CARTESIAN_POINT('',(1.21580138815928,1.52996156784771,0.586931895870498));
#7356=CARTESIAN_POINT('',(1.2100717749533,1.52787615918693,0.589251317145422));
#7357=CARTESIAN_POINT('',(1.20341303692964,1.52671531137982,0.591402000380266));
#7358=CARTESIAN_POINT('',(1.19000213131823,1.52725653177134,0.594761229227988));
#7359=CARTESIAN_POINT('',(1.18325174975214,1.52895436374785,0.595977581506797));
#7360=CARTESIAN_POINT('',(1.17177677357763,1.53435845433716,0.597594662268376));
#7361=CARTESIAN_POINT('',(1.16627593746974,1.53831015643754,0.598124785546149));
#7362=CARTESIAN_POINT('',(1.15731653071205,1.54811124188975,0.598765230654603));
#7363=CARTESIAN_POINT('',(1.15385778953726,1.55395998633332,0.598882923141327));
#7364=CARTESIAN_POINT('',(1.15171574995371,1.55984519172072,0.598882923141327));
#7365=CARTESIAN_POINT('',(1.1503207693489,1.563677869433,0.598882923141327));
#7366=CARTESIAN_POINT('',(1.14934629492296,1.56785410356961,0.598830788003949));
#7367=CARTESIAN_POINT('',(1.14893245581573,1.57213437765697,0.598707994209472));
#7368=CARTESIAN_POINT('',(1.14893245581599,1.572134377657,0.598707994209443));
#7369=CARTESIAN_POINT('',(1.14973435506567,1.56384045733167,0.598945932698302));
#7370=CARTESIAN_POINT('',(1.15012655350717,1.55508908414612,0.599216609159375));
#7371=CARTESIAN_POINT('',(1.14996405555213,1.54592899110631,0.599458810573322));
#7372=CARTESIAN_POINT('',(1.14994873768208,1.54506551491801,0.599481641690081));
#7373=CARTESIAN_POINT('',(1.14992849198923,1.5441984073079,0.599504180799979));
#7374=CARTESIAN_POINT('',(1.149903198194,1.543327709523,0.599526350967713));
#7375=CARTESIAN_POINT('',(1.14966030632855,1.53496655188474,0.599739247187857));
#7376=CARTESIAN_POINT('',(1.14895222302831,1.52627444385421,0.599922037724672));
#7377=CARTESIAN_POINT('',(1.14766654593266,1.51731975418898,0.599980965155034));
#7378=CARTESIAN_POINT('',(1.14739802997483,1.51544955125807,0.599993272254118));
#7379=CARTESIAN_POINT('',(1.14710435077516,1.5135679059935,0.600000000000001));
#7380=CARTESIAN_POINT('',(1.146784545084,1.511675463332,0.6));
#7381=CARTESIAN_POINT('',(1.146784545084,1.511675463332,-0.6));
#7382=CARTESIAN_POINT('',(1.148980941356,1.505640914171,-0.6));
#7383=CARTESIAN_POINT('',(1.325920558881,1.019503310414,-0.6));
#7384=VECTOR('',#8029,1.0);
#7385=CARTESIAN_POINT('',(1.148932455816,1.572134377657,-0.5987079942095));
#7386=CARTESIAN_POINT('',(1.146784545084,1.511675463332,-0.6));
#7387=CARTESIAN_POINT('',(1.14831583370025,1.5207368277314,-0.600000000000003));
#7388=CARTESIAN_POINT('',(1.14924723130311,1.52955035985249,-0.599850050300198));
#7389=CARTESIAN_POINT('',(1.14968920160056,1.53804698397069,-0.599654599805302));
#7390=CARTESIAN_POINT('',(1.1497814889441,1.5398211549352,-0.599613787997198));
#7391=CARTESIAN_POINT('',(1.14985246951371,1.54158152028914,-0.599570813189338));
#7392=CARTESIAN_POINT('',(1.14990319114025,1.54332746648125,-0.599526357155722));
#7393=CARTESIAN_POINT('',(1.15017153343962,1.55256437877646,-0.599291162918142));
#7394=CARTESIAN_POINT('',(1.14987156277248,1.56139724323594,-0.599019000430172));
#7395=CARTESIAN_POINT('',(1.14914814076449,1.56977727675451,-0.598775998068127));
#7396=CARTESIAN_POINT('',(1.14907996539094,1.57056701208077,-0.598753097497473));
#7397=CARTESIAN_POINT('',(1.14900802995595,1.5713527259779,-0.598730418468658));
#7398=CARTESIAN_POINT('',(1.14893245581599,1.572134377657,-0.598707994209443));
#7399=CARTESIAN_POINT('',(1.215801388159,1.529961567847,-0.5869318958707));
#7400=CARTESIAN_POINT('',(1.14893245581573,1.57213437765697,-0.598707994209472));
#7401=CARTESIAN_POINT('',(1.14934635226015,1.56785351053987,-0.598830805016965));
#7402=CARTESIAN_POINT('',(1.1503211607318,1.56367679411732,-0.598882923141327));
#7403=CARTESIAN_POINT('',(1.15171574995371,1.55984519172072,-0.598882923141327));
#7404=CARTESIAN_POINT('',(1.15385778953726,1.55395998633332,-0.598882923141327));
#7405=CARTESIAN_POINT('',(1.15731653071205,1.54811124188975,-0.598765230654603));
#7406=CARTESIAN_POINT('',(1.16627593746974,1.53831015643754,-0.598124785546149));
#7407=CARTESIAN_POINT('',(1.17177677357763,1.53435845433716,-0.597594662268376));
#7408=CARTESIAN_POINT('',(1.18325174975214,1.52895436374785,-0.595977581506797));
#7409=CARTESIAN_POINT('',(1.19000213131823,1.52725653177134,-0.594761229227988));
#7410=CARTESIAN_POINT('',(1.20341303692964,1.52671531137982,-0.591402000380266));
#7411=CARTESIAN_POINT('',(1.21007177495333,1.52787615918688,-0.589251317145438));
#7412=CARTESIAN_POINT('',(1.21580138815929,1.52996156784771,-0.586931895870498));
#7413=AXIS2_PLACEMENT_3D('',#8030,#8031,#8032);
#7414=CARTESIAN_POINT('',(1.513859083038,1.087907339079,-0.4));
#7415=VECTOR('',#8033,0.517336832282901);
#7416=CARTESIAN_POINT('',(1.330812484012,1.00606285658,-0.6));
#7417=CARTESIAN_POINT('',(1.3588195517151,1.03147756454273,-0.5969118419714));
#7418=CARTESIAN_POINT('',(1.35478381681213,1.0300086771647,-0.597675434668));
#7419=CARTESIAN_POINT('',(1.350930973843,1.02801625131945,-0.59829349108275));
#7420=CARTESIAN_POINT('',(1.34737507307218,1.02554357588486,-0.598761115083925));
#7421=CARTESIAN_POINT('',(1.34448192732104,1.02353176203273,-0.599141582503948));
#7422=CARTESIAN_POINT('',(1.34178669485217,1.02119852597371,-0.599422467479403));
#7423=CARTESIAN_POINT('',(1.3393809583742,1.01862294368207,-0.599617803662096));
#7424=CARTESIAN_POINT('',(1.3388298579237,1.01803293535232,-0.599662550815105));
#7425=CARTESIAN_POINT('',(1.33829380228786,1.01743036931519,-0.599702808661062));
#7426=CARTESIAN_POINT('',(1.33777360858969,1.01681645718919,-0.599738745901425));
#7427=CARTESIAN_POINT('',(1.33498259665109,1.01352261476288,-0.59993156113015));
#7428=CARTESIAN_POINT('',(1.33264772950473,1.0099008114412,-0.6));
#7429=CARTESIAN_POINT('',(1.3308124840113,1.00606285658034,-0.6));
#7430=CARTESIAN_POINT('',(1.330812484012,1.00606285658,-0.6));
#7431=VECTOR('',#8034,0.531639864504302);
#7432=CARTESIAN_POINT('',(0.1,1.15,-0.15));
#7433=CARTESIAN_POINT('',(0.1,1.1,-0.1));
#7434=AXIS2_PLACEMENT_3D('',#8035,#8036,#8037);
#7435=CARTESIAN_POINT('',(0.1,1.1,-0.1));
#7436=VECTOR('',#8038,0.85);
#7437=CARTESIAN_POINT('',(0.1,1.125,-0.55));
#7438=CARTESIAN_POINT('',(0.1,0.2,-0.55));
#7439=VECTOR('',#8039,0.925);
#7440=CARTESIAN_POINT('',(0.1,1.15,-0.525));
#7441=AXIS2_PLACEMENT_3D('',#8040,#8041,#8042);
#7442=CARTESIAN_POINT('',(0.1,1.15,-0.525));
#7443=VECTOR('',#8043,0.375);
#7444=CARTESIAN_POINT('',(0.0,1.1,-0.1));
#7445=CARTESIAN_POINT('',(0.1,1.1,-0.1));
#7446=VECTOR('',#8044,0.1);
#7447=CARTESIAN_POINT('',(0.0,1.1,-0.1));
#7448=VECTOR('',#8045,0.85);
#7449=CARTESIAN_POINT('',(0.0,1.15,-0.15));
#7450=CARTESIAN_POINT('',(0.1,1.15,-0.15));
#7451=VECTOR('',#8046,0.1);
#7452=CARTESIAN_POINT('',(0.0,1.15,-0.525));
#7453=CARTESIAN_POINT('',(0.1,1.15,-0.525));
#7454=VECTOR('',#8047,0.1);
#7455=CARTESIAN_POINT('',(0.0,1.15,-0.525));
#7456=VECTOR('',#8048,0.375);
#7457=AXIS2_PLACEMENT_3D('',#8049,#8050,#8051);
#7458=CARTESIAN_POINT('',(0.0,1.125,-0.55));
#7459=AXIS2_PLACEMENT_3D('',#8052,#8053,#8054);
#7460=CARTESIAN_POINT('',(0.1,1.125,-0.55));
#7461=VECTOR('',#8055,0.1);
#7462=CARTESIAN_POINT('',(0.0,1.15,0.15));
#7463=AXIS2_PLACEMENT_3D('',#8056,#8057,#8058);
#7464=CARTESIAN_POINT('',(0.1,1.15,0.15));
#7465=CARTESIAN_POINT('',(0.1,1.15,0.15));
#7466=VECTOR('',#8059,0.1);
#7467=AXIS2_PLACEMENT_3D('',#8060,#8061,#8062);
#7468=CARTESIAN_POINT('',(0.0,1.15,0.525));
#7469=CARTESIAN_POINT('',(0.0,1.15,0.525));
#7470=VECTOR('',#8063,0.375);
#7471=CARTESIAN_POINT('',(0.1,1.15,0.525));
#7472=CARTESIAN_POINT('',(0.1,1.15,0.525));
#7473=VECTOR('',#8064,0.1);
#7474=CARTESIAN_POINT('',(0.1,1.15,0.525));
#7475=VECTOR('',#8065,0.375);
#7476=CARTESIAN_POINT('',(0.0,1.125,0.55));
#7477=AXIS2_PLACEMENT_3D('',#8066,#8067,#8068);
#7478=CARTESIAN_POINT('',(0.1,1.125,0.55));
#7479=CARTESIAN_POINT('',(0.1,1.125,0.55));
#7480=VECTOR('',#8069,0.1);
#7481=AXIS2_PLACEMENT_3D('',#8070,#8071,#8072);
#7482=CARTESIAN_POINT('',(0.1,1.125,0.55));
#7483=VECTOR('',#8073,0.925);
#7484=CARTESIAN_POINT('',(0.1031754163448,1.1,-0.575));
#7485=CARTESIAN_POINT('',(0.1031754163448,1.1,-0.575));
#7486=CARTESIAN_POINT('',(0.102498070822,1.1,-0.5723766520706));
#7487=CARTESIAN_POINT('',(0.10193783465365,1.10041572706471,-0.569754885495512));
#7488=CARTESIAN_POINT('',(0.101500389746875,1.10122909026816,-0.567257658589249));
#7489=CARTESIAN_POINT('',(0.101098119761161,1.10197705098084,-0.56496123356212));
#7490=CARTESIAN_POINT('',(0.100799687698492,1.10306337433588,-0.562769967846117));
#7491=CARTESIAN_POINT('',(0.100584052325464,1.10443095920852,-0.56079033565075));
#7492=CARTESIAN_POINT('',(0.100565196936065,1.10455054230357,-0.560617234478221));
#7493=CARTESIAN_POINT('',(0.100546974605356,1.10467224774232,-0.560445734181867));
#7494=CARTESIAN_POINT('',(0.100529371265816,1.10479602183634,-0.560275895057348));
#7495=CARTESIAN_POINT('',(0.100310451336734,1.10633531020962,-0.55816372940772));
#7496=CARTESIAN_POINT('',(0.100187265123767,1.10819458274336,-0.556308336382066));
#7497=CARTESIAN_POINT('',(0.100114088286187,1.11030420520341,-0.554775420516204));
#7498=CARTESIAN_POINT('',(0.100040911448607,1.11241382766345,-0.553242504650342));
#7499=CARTESIAN_POINT('',(0.100017743986414,1.11477627436472,-0.552036208711871));
#7500=CARTESIAN_POINT('',(0.100007516124262,1.11726703711317,-0.551226037667422));
#7501=CARTESIAN_POINT('',(0.0999972882621103,1.11975779986162,-0.550415866622973));
#7502=CARTESIAN_POINT('',(0.0999999999999996,1.122376924197,-0.55));
#7503=CARTESIAN_POINT('',(0.0999999999999996,1.125,-0.55));
#7504=CARTESIAN_POINT('',(0.2,1.125,-0.65));
#7505=CARTESIAN_POINT('',(0.2,1.125,-0.65));
#7506=VECTOR('',#8074,0.925);
#7507=CARTESIAN_POINT('',(0.175,1.1,-0.6468245836552));
#7508=CARTESIAN_POINT('',(0.2,1.125,-0.65));
#7509=CARTESIAN_POINT('',(0.2,1.122813213839,-0.65));
#7510=CARTESIAN_POINT('',(0.199711762644348,1.12062736498253,-0.650001278037));
#7511=CARTESIAN_POINT('',(0.199143834761695,1.11851345677576,-0.64999633483825));
#7512=CARTESIAN_POINT('',(0.198575906879043,1.11639954856899,-0.6499913916395));
#7513=CARTESIAN_POINT('',(0.19772683054113,1.11435781418046,-0.649980227205));
#7514=CARTESIAN_POINT('',(0.196632682190682,1.11246895609947,-0.649943289773567));
#7515=CARTESIAN_POINT('',(0.195538533840234,1.11058009801849,-0.649906352342133));
#7516=CARTESIAN_POINT('',(0.194200843020742,1.10884308578448,-0.649843641913767));
#7517=CARTESIAN_POINT('',(0.192663684603099,1.1073083565986,-0.649730529309683));
#7518=CARTESIAN_POINT('',(0.191126526185455,1.10577362741272,-0.6496174167056));
#7519=CARTESIAN_POINT('',(0.189390142193107,1.10444129218999,-0.6494539019258));
#7520=CARTESIAN_POINT('',(0.187505618483079,1.10335260971028,-0.64921638186565));
#7521=CARTESIAN_POINT('',(0.185621094773051,1.10226392723056,-0.6489788618055));
#7522=CARTESIAN_POINT('',(0.183587722807643,1.10141997599918,-0.648667336465));
#7523=CARTESIAN_POINT('',(0.181479081275473,1.10085416172866,-0.6482699118225));
#7524=CARTESIAN_POINT('',(0.179370439743303,1.10028834745813,-0.64787248718));
#7525=CARTESIAN_POINT('',(0.1771866073122,1.1,-0.6473891632355));
#7526=CARTESIAN_POINT('',(0.175,1.1,-0.6468245836552));
#7527=AXIS2_PLACEMENT_3D('',#8075,#8076,#8077);
#7528=CARTESIAN_POINT('',(0.4116247872327,1.046291916517,-0.5));
#7529=CARTESIAN_POINT('',(0.4116247872327,1.046291916517,-0.6));
#7530=CARTESIAN_POINT('',(0.4116247872327,1.046291916517,-0.5));
#7531=VECTOR('',#8078,0.1);
#7532=CARTESIAN_POINT('',(0.4958927423772,0.9384338524674,-0.6));
#7533=CARTESIAN_POINT('',(0.4116247872327,1.046291916517,-0.6));
#7534=VECTOR('',#8079,0.136873847920901);
#7535=CARTESIAN_POINT('',(0.4958927423772,0.9384338524674,-0.5));
#7536=CARTESIAN_POINT('',(0.4958927423772,0.9384338524674,-0.5));
#7537=VECTOR('',#8080,0.1);
#7538=CARTESIAN_POINT('',(0.4116247872327,1.046291916517,-0.5));
#7539=VECTOR('',#8081,0.136873847920901);
#7540=CARTESIAN_POINT('',(0.5746938177379,0.9,-0.6));
#7541=AXIS2_PLACEMENT_3D('',#8082,#8083,#8084);
#7542=CARTESIAN_POINT('',(0.5746938177379,0.9,-0.5));
#7543=CARTESIAN_POINT('',(0.5746938177379,0.9,-0.5));
#7544=VECTOR('',#8085,0.1);
#7545=AXIS2_PLACEMENT_3D('',#8086,#8087,#8088);
#7546=CARTESIAN_POINT('',(1.325920558881,0.9,-0.6));
#7547=CARTESIAN_POINT('',(0.5746938177379,0.9,-0.6));
#7548=VECTOR('',#8089,0.7512267411434);
#7549=CARTESIAN_POINT('',(1.325920558881,0.9,-0.5));
#7550=CARTESIAN_POINT('',(1.325920558881,0.9,-0.6));
#7551=VECTOR('',#8090,0.1);
#7552=CARTESIAN_POINT('',(0.5746938177379,0.9,-0.5));
#7553=VECTOR('',#8091,0.7512267411434);
#7554=CARTESIAN_POINT('',(0.4056210529778,1.160849990473,-0.5));
#7555=CARTESIAN_POINT('',(0.4056210529778,1.160849990473,-0.6));
#7556=CARTESIAN_POINT('',(0.4056210529778,1.160849990473,-0.5));
#7557=VECTOR('',#8092,0.1);
#7558=CARTESIAN_POINT('',(0.724948937884,1.671881430774,-0.5));
#7559=CARTESIAN_POINT('',(0.724948937884,1.671881430774,-0.5));
#7560=VECTOR('',#8093,0.602597237842085);
#7561=CARTESIAN_POINT('',(0.724948937884,1.671881430774,-0.6));
#7562=CARTESIAN_POINT('',(0.724948937884,1.671881430774,-0.6));
#7563=VECTOR('',#8094,0.1);
#7564=CARTESIAN_POINT('',(0.724948937884,1.671881430774,-0.6));
#7565=VECTOR('',#8095,0.602597237842085);
#7566=AXIS2_PLACEMENT_3D('',#8096,#8097,#8098);
#7567=AXIS2_PLACEMENT_3D('',#8099,#8100,#8101);
#7568=CARTESIAN_POINT('',(1.325920558881,0.9844929335033,-0.6));
#7569=CARTESIAN_POINT('',(1.325920558881,0.9844929335033,-0.5));
#7570=CARTESIAN_POINT('',(1.325920558881,0.9844929335033,-0.6));
#7571=VECTOR('',#8102,0.1);
#7572=CARTESIAN_POINT('',(1.325920558881,0.9,-0.5));
#7573=VECTOR('',#8103,0.08449293350333);
#7574=CARTESIAN_POINT('',(1.325920558881,0.9,-0.6));
#7575=VECTOR('',#8104,0.08449293350333);
#7576=CARTESIAN_POINT('',(0.4958927423772,0.9384338524674,0.5));
#7577=CARTESIAN_POINT('',(0.4958927423772,0.9384338524674,0.6));
#7578=CARTESIAN_POINT('',(0.4958927423772,0.9384338524674,0.5));
#7579=VECTOR('',#8105,0.1);
#7580=CARTESIAN_POINT('',(0.4116247872327,1.046291916517,0.6));
#7581=CARTESIAN_POINT('',(0.4116247872327,1.046291916517,0.6));
#7582=VECTOR('',#8106,0.136873847920901);
#7583=CARTESIAN_POINT('',(0.4116247872327,1.046291916517,0.5));
#7584=CARTESIAN_POINT('',(0.4116247872327,1.046291916517,0.5));
#7585=VECTOR('',#8107,0.1);
#7586=CARTESIAN_POINT('',(0.4116247872327,1.046291916517,0.5));
#7587=VECTOR('',#8108,0.136873847920901);
#7588=CARTESIAN_POINT('',(0.4056210529778,1.160849990473,0.6));
#7589=AXIS2_PLACEMENT_3D('',#8109,#8110,#8111);
#7590=CARTESIAN_POINT('',(0.4056210529778,1.160849990473,0.5));
#7591=CARTESIAN_POINT('',(0.4056210529778,1.160849990473,0.5));
#7592=VECTOR('',#8112,0.1);
#7593=AXIS2_PLACEMENT_3D('',#8113,#8114,#8115);
#7594=CARTESIAN_POINT('',(0.724948937884,1.671881430774,0.6));
#7595=CARTESIAN_POINT('',(0.724948937884,1.671881430774,0.6));
#7596=VECTOR('',#8116,0.602597237842085);
#7597=CARTESIAN_POINT('',(0.724948937884,1.671881430774,0.5));
#7598=CARTESIAN_POINT('',(0.724948937884,1.671881430774,0.6));
#7599=VECTOR('',#8117,0.1);
#7600=CARTESIAN_POINT('',(0.724948937884,1.671881430774,0.5));
#7601=VECTOR('',#8118,0.602597237842085);
#7602=CARTESIAN_POINT('',(1.325920558881,0.9844929335033,0.6));
#7603=CARTESIAN_POINT('',(1.325920558881,0.9844929335033,0.5));
#7604=CARTESIAN_POINT('',(1.325920558881,0.9844929335033,0.6));
#7605=VECTOR('',#8119,0.1);
#7606=CARTESIAN_POINT('',(1.325920558881,0.9,0.6));
#7607=CARTESIAN_POINT('',(1.325920558881,0.9,0.6));
#7608=VECTOR('',#8120,0.08449293350333);
#7609=CARTESIAN_POINT('',(1.325920558881,0.9,0.5));
#7610=CARTESIAN_POINT('',(1.325920558881,0.9,0.6));
#7611=VECTOR('',#8121,0.1);
#7612=CARTESIAN_POINT('',(1.325920558881,0.9,0.5));
#7613=VECTOR('',#8122,0.08449293350333);
#7614=CARTESIAN_POINT('',(0.5746938177379,0.9,0.5));
#7615=CARTESIAN_POINT('',(0.5746938177379,0.9,0.6));
#7616=CARTESIAN_POINT('',(0.5746938177379,0.9,0.5));
#7617=VECTOR('',#8123,0.1);
#7618=CARTESIAN_POINT('',(0.5746938177379,0.9,0.5));
#7619=VECTOR('',#8124,0.7512267411434);
#7620=CARTESIAN_POINT('',(0.5746938177379,0.9,0.6));
#7621=VECTOR('',#8125,0.7512267411434);
#7622=AXIS2_PLACEMENT_3D('',#8126,#8127,#8128);
#7623=AXIS2_PLACEMENT_3D('',#8129,#8130,#8131);
#7624=CARTESIAN_POINT('',(1.314644660941,1.135355339059,0.65));
#7625=CARTESIAN_POINT('',(1.314644660941,1.135355339059,0.75));
#7626=CARTESIAN_POINT('',(1.314644660941,1.135355339059,0.65));
#7627=VECTOR('',#8132,0.1);
#7628=CARTESIAN_POINT('',(1.800834551068,0.6491654489318,0.75));
#7629=CARTESIAN_POINT('',(1.800834551068,0.6491654489318,0.75));
#7630=VECTOR('',#8133,0.687576336506954);
#7631=CARTESIAN_POINT('',(1.800834551068,0.6491654489318,0.65));
#7632=CARTESIAN_POINT('',(1.800834551068,0.6491654489318,0.75));
#7633=VECTOR('',#8134,0.1);
#7634=CARTESIAN_POINT('',(1.800834551068,0.6491654489318,0.65));
#7635=VECTOR('',#8135,0.687576336506954);
#7636=CARTESIAN_POINT('',(1.815479212009,0.6138101098725,0.65));
#7637=AXIS2_PLACEMENT_3D('',#8136,#8137,#8138);
#7638=CARTESIAN_POINT('',(1.815479212009,0.6138101098725,0.75));
#7639=AXIS2_PLACEMENT_3D('',#8139,#8140,#8141);
#7640=CARTESIAN_POINT('',(1.815479212009,0.6138101098725,0.75));
#7641=VECTOR('',#8142,0.1);
#7642=CARTESIAN_POINT('',(1.279289321881,1.15,0.65));
#7643=CARTESIAN_POINT('',(1.279289321881,1.15,0.75));
#7644=CARTESIAN_POINT('',(1.279289321881,1.15,0.65));
#7645=VECTOR('',#8143,0.1);
#7646=CARTESIAN_POINT('',(1.279289321881,1.15,0.65));
#7647=VECTOR('',#8144,0.6292893218813);
#7648=CARTESIAN_POINT('',(1.279289321881,1.15,0.75));
#7649=VECTOR('',#8145,0.6292893218813);
#7650=AXIS2_PLACEMENT_3D('',#8146,#8147,#8148);
#7651=AXIS2_PLACEMENT_3D('',#8149,#8150,#8151);
#7652=CARTESIAN_POINT('',(1.815479212009,0.6138101098725,0.75));
#7653=VECTOR('',#8152,0.4138101098725);
#7654=CARTESIAN_POINT('',(1.815479212009,0.6138101098725,0.65));
#7655=VECTOR('',#8153,0.4138101098725);
#7656=CARTESIAN_POINT('',(1.279289321881,1.15,-0.65));
#7657=CARTESIAN_POINT('',(1.279289321881,1.15,-0.75));
#7658=CARTESIAN_POINT('',(1.279289321881,1.15,-0.65));
#7659=VECTOR('',#8154,0.1);
#7660=CARTESIAN_POINT('',(1.279289321881,1.15,-0.75));
#7661=VECTOR('',#8155,0.6292893218813);
#7662=CARTESIAN_POINT('',(1.279289321881,1.15,-0.65));
#7663=VECTOR('',#8156,0.6292893218813);
#7664=CARTESIAN_POINT('',(0.65,0.2,-0.65));
#7665=VECTOR('',#8157,0.05);
#7666=CARTESIAN_POINT('',(0.65,0.2,-0.75));
#7667=VECTOR('',#8158,0.05);
#7668=CARTESIAN_POINT('',(1.815479212009,0.6138101098725,-0.75));
#7669=CARTESIAN_POINT('',(1.815479212009,0.6138101098725,-0.65));
#7670=CARTESIAN_POINT('',(1.815479212009,0.6138101098725,-0.75));
#7671=VECTOR('',#8159,0.1);
#7672=CARTESIAN_POINT('',(1.815479212009,0.6138101098725,-0.65));
#7673=VECTOR('',#8160,0.4138101098725);
#7674=CARTESIAN_POINT('',(1.815479212009,0.6138101098725,-0.75));
#7675=VECTOR('',#8161,0.4138101098725);
#7676=CARTESIAN_POINT('',(1.800834551068,0.6491654489318,-0.65));
#7677=AXIS2_PLACEMENT_3D('',#8162,#8163,#8164);
#7678=CARTESIAN_POINT('',(1.800834551068,0.6491654489318,-0.75));
#7679=AXIS2_PLACEMENT_3D('',#8165,#8166,#8167);
#7680=CARTESIAN_POINT('',(1.800834551068,0.6491654489318,-0.75));
#7681=VECTOR('',#8168,0.1);
#7682=CARTESIAN_POINT('',(1.314644660941,1.135355339059,-0.65));
#7683=CARTESIAN_POINT('',(1.314644660941,1.135355339059,-0.75));
#7684=CARTESIAN_POINT('',(1.314644660941,1.135355339059,-0.65));
#7685=VECTOR('',#8169,0.1);
#7686=CARTESIAN_POINT('',(1.800834551068,0.6491654489318,-0.65));
#7687=VECTOR('',#8170,0.687576336506954);
#7688=CARTESIAN_POINT('',(1.800834551068,0.6491654489318,-0.75));
#7689=VECTOR('',#8171,0.687576336506954);
#7690=AXIS2_PLACEMENT_3D('',#8172,#8173,#8174);
#7691=AXIS2_PLACEMENT_3D('',#8175,#8176,#8177);
#7692=CARTESIAN_POINT('',(0.0,1.125,-0.55));
#7693=VECTOR('',#8178,0.925);
#7694=CARTESIAN_POINT('',(0.2,1.125,-0.75));
#7695=CARTESIAN_POINT('',(0.2,1.125,-0.65));
#7696=VECTOR('',#8179,0.1);
#7697=CARTESIAN_POINT('',(0.175,1.1,-0.7484313483298));
#7698=CARTESIAN_POINT('',(0.175,1.1,-0.7484313483298));
#7699=CARTESIAN_POINT('',(0.1771821477386,1.1,-0.7487062731032));
#7700=CARTESIAN_POINT('',(0.179363196180262,1.10028712778855,-0.7489437337863));
#7701=CARTESIAN_POINT('',(0.181471359005892,1.10085209092661,-0.749139874115917));
#7702=CARTESIAN_POINT('',(0.183579521831522,1.10141705406466,-0.749336014445533));
#7703=CARTESIAN_POINT('',(0.185614676550051,1.10226071190536,-0.749490834421667));
#7704=CARTESIAN_POINT('',(0.187501386068488,1.10335016521156,-0.7496090795775));
#7705=CARTESIAN_POINT('',(0.189388095586927,1.10443961851777,-0.749727324733333));
#7706=CARTESIAN_POINT('',(0.191127092135065,1.10577376721378,-0.749808995068866));
#7707=CARTESIAN_POINT('',(0.19266613410776,1.10731080257087,-0.749865490795867));
#7708=CARTESIAN_POINT('',(0.194205176080456,1.10884783792796,-0.749921986522867));
#7709=CARTESIAN_POINT('',(0.195544003154471,1.11058766429954,-0.749953307641333));
#7710=CARTESIAN_POINT('',(0.196638086584051,1.11247829049286,-0.74997174184915));
#7711=CARTESIAN_POINT('',(0.19773217001363,1.11436891668619,-0.749990176056967));
#7712=CARTESIAN_POINT('',(0.198580046098187,1.11641134429964,-0.749995723354134));
#7713=CARTESIAN_POINT('',(0.199146618069359,1.1185238255264,-0.749998179339892));
#7714=CARTESIAN_POINT('',(0.199713190040533,1.12063630675317,-0.75000063532565));
#7715=CARTESIAN_POINT('',(0.2,1.122818581809,-0.75));
#7716=CARTESIAN_POINT('',(0.2,1.125,-0.75));
#7717=CARTESIAN_POINT('',(0.175,1.1,-0.7484313483298));
#7718=VECTOR('',#8180,0.1016067646747);
#7719=CARTESIAN_POINT('',(0.001568651670156,1.1,-0.575));
#7720=CARTESIAN_POINT('',(0.001568651670156,1.1,-0.575));
#7721=VECTOR('',#8181,0.1016067646747);
#7722=AXIS2_PLACEMENT_3D('',#8182,#8183,#8184);
#7723=CARTESIAN_POINT('',(0.0,1.125,-0.55));
#7724=CARTESIAN_POINT('',(0.0,1.122382152033,-0.55));
#7725=CARTESIAN_POINT('',(-1.35109293690761E-06,1.1197660368513,-0.550414183412426));
#7726=CARTESIAN_POINT('',(3.7408669912864E-06,1.11727562244615,-0.551223246827929));
#7727=CARTESIAN_POINT('',(8.8328269194804E-06,1.11478520804099,-0.552032310243432));
#7728=CARTESIAN_POINT('',(2.03678397141971E-05,1.11242052783009,-0.553238270699523));
#7729=CARTESIAN_POINT('',(5.69508067336244E-05,1.11030817870596,-0.554772533844695));
#7730=CARTESIAN_POINT('',(9.35337737546504E-05,1.10819582958183,-0.556306796989867));
#7731=CARTESIAN_POINT('',(0.000155164694999321,1.10633342365251,-0.558165386177155));
#7732=CARTESIAN_POINT('',(0.000264377834732876,1.10479293034436,-0.560280138046435));
#7733=CARTESIAN_POINT('',(0.000364404891411529,1.10338201026804,-0.562217014924123));
#7734=CARTESIAN_POINT('',(0.000504346373435105,1.10224442921267,-0.564371186801014));
#7735=CARTESIAN_POINT('',(0.000693341012310889,1.10143978912075,-0.566638393496159));
#7736=CARTESIAN_POINT('',(0.000710697520712627,1.10136589420712,-0.566846604651178));
#7737=CARTESIAN_POINT('',(0.000728467735970851,1.10129477502121,-0.567055752174594));
#7738=CARTESIAN_POINT('',(0.000746658736312078,1.10122645756969,-0.567265746298807));
#7739=CARTESIAN_POINT('',(0.000962931139934575,1.10041423288868,-0.569762361830562));
#7740=CARTESIAN_POINT('',(0.00123868058895784,1.1,-0.5723809357379));
#7741=CARTESIAN_POINT('',(0.00156865167015585,1.1,-0.575));
#7742=CARTESIAN_POINT('',(0.65,0.2,-0.75));
#7743=CARTESIAN_POINT('',(0.55,0.2,-0.75));
#7744=VECTOR('',#8185,0.1);
#7745=CARTESIAN_POINT('',(0.65,0.2,-0.65));
#7746=CARTESIAN_POINT('',(0.65,0.2,-0.75));
#7747=VECTOR('',#8186,0.1);
#7748=CARTESIAN_POINT('',(0.55,0.2,-0.65));
#7749=VECTOR('',#8187,0.1);
#7750=CARTESIAN_POINT('',(0.65,1.15,-0.75));
#7751=CARTESIAN_POINT('',(0.65,0.2,-0.75));
#7752=VECTOR('',#8188,0.95);
#7753=CARTESIAN_POINT('',(0.65,1.15,-0.65));
#7754=CARTESIAN_POINT('',(0.65,1.15,-0.75));
#7755=VECTOR('',#8189,0.1);
#7756=CARTESIAN_POINT('',(0.65,0.2,-0.65));
#7757=VECTOR('',#8190,0.95);
#7758=CARTESIAN_POINT('',(0.225,1.15,-0.65));
#7759=CARTESIAN_POINT('',(0.225,1.15,-0.75));
#7760=CARTESIAN_POINT('',(0.225,1.15,-0.65));
#7761=VECTOR('',#8191,0.1);
#7762=CARTESIAN_POINT('',(0.65,1.15,-0.65));
#7763=VECTOR('',#8192,0.425);
#7764=CARTESIAN_POINT('',(0.65,1.15,-0.75));
#7765=VECTOR('',#8193,0.425);
#7766=AXIS2_PLACEMENT_3D('',#8194,#8195,#8196);
#7767=AXIS2_PLACEMENT_3D('',#8197,#8198,#8199);
#7768=CARTESIAN_POINT('',(0.001568651670156,1.1,0.575));
#7769=CARTESIAN_POINT('',(0.175,1.1,0.7484313483298));
#7770=AXIS2_PLACEMENT_3D('',#8200,#8201,#8202);
#7771=CARTESIAN_POINT('',(0.175,1.1,0.6468245836552));
#7772=CARTESIAN_POINT('',(0.175,1.1,0.7484313483298));
#7773=VECTOR('',#8203,0.1016067646747);
#7774=CARTESIAN_POINT('',(0.1031754163448,1.1,0.575));
#7775=AXIS2_PLACEMENT_3D('',#8204,#8205,#8206);
#7776=CARTESIAN_POINT('',(0.001568651670156,1.1,0.575));
#7777=VECTOR('',#8207,0.1016067646747);
#7778=CARTESIAN_POINT('',(0.2,1.125,0.65));
#7779=CARTESIAN_POINT('',(0.2,1.125,0.75));
#7780=CARTESIAN_POINT('',(0.2,1.125,0.65));
#7781=VECTOR('',#8208,0.1);
#7782=CARTESIAN_POINT('',(0.175,1.1,0.6468245836552));
#7783=CARTESIAN_POINT('',(0.1771858578552,1.1,0.6473889697266));
#7784=CARTESIAN_POINT('',(0.179370852781277,1.10028795413462,0.647872760985));
#7785=CARTESIAN_POINT('',(0.181484460258099,1.10085560571973,0.64827092544625));
#7786=CARTESIAN_POINT('',(0.18359806773492,1.10142325730484,0.6486690899075));
#7787=CARTESIAN_POINT('',(0.185640034396692,1.10227212723069,0.6489816275716));
#7788=CARTESIAN_POINT('',(0.187529295463677,1.10336630509636,0.64921936065285));
#7789=CARTESIAN_POINT('',(0.189418556530664,1.10446048296203,0.6494570937341));
#7790=CARTESIAN_POINT('',(0.19115614196322,1.10579846760336,0.6496200222325));
#7791=CARTESIAN_POINT('',(0.19269116035441,1.10733583159856,0.64973254665875));
#7792=CARTESIAN_POINT('',(0.194226178745601,1.10887319559376,0.649845071085));
#7793=CARTESIAN_POINT('',(0.195558582010745,1.1106096197173,0.6499071914391));
#7794=CARTESIAN_POINT('',(0.196647448713802,1.11249448265031,0.649943786199451));
#7795=CARTESIAN_POINT('',(0.19773631541686,1.11437934558333,0.6499803809598));
#7796=CARTESIAN_POINT('',(0.198580450308885,1.1164134223186,0.6499914501264));
#7797=CARTESIAN_POINT('',(0.199146179510047,1.11852219056559,0.64999635488645));
#7798=CARTESIAN_POINT('',(0.199711908711209,1.12063095881257,0.6500012596465));
#7799=CARTESIAN_POINT('',(0.2,1.122814327775,0.65));
#7800=CARTESIAN_POINT('',(0.2,1.125,0.65));
#7801=CARTESIAN_POINT('',(0.2,1.125,0.75));
#7802=CARTESIAN_POINT('',(0.2,1.122818760996,0.75));
#7803=CARTESIAN_POINT('',(0.199713089731463,1.12063820605865,0.7500006270403));
#7804=CARTESIAN_POINT('',(0.199148362167562,1.11853033195409,0.749998186774283));
#7805=CARTESIAN_POINT('',(0.198583634603661,1.11642245784953,0.749995746508267));
#7806=CARTESIAN_POINT('',(0.197740236332861,1.11438738319008,0.749990238935933));
#7807=CARTESIAN_POINT('',(0.196651032313477,1.11250068802851,0.749971959072867));
#7808=CARTESIAN_POINT('',(0.195561828294093,1.11061399286693,0.7499536792098));
#7809=CARTESIAN_POINT('',(0.19422794138716,1.10887493434355,0.749922627056));
#7810=CARTESIAN_POINT('',(0.192691007804695,1.10733567881706,0.74986640196165));
#7811=CARTESIAN_POINT('',(0.191154074222229,1.10579642329056,0.7498101768673));
#7812=CARTESIAN_POINT('',(0.189414172479133,1.10445725188807,0.7497287788324));
#7813=CARTESIAN_POINT('',(0.187523355705237,1.10336286613527,0.749610454002667));
#7814=CARTESIAN_POINT('',(0.185632538931342,1.10226848038248,0.749492129172933));
#7815=CARTESIAN_POINT('',(0.183589799101452,1.10142034418092,0.749336877548367));
#7816=CARTESIAN_POINT('',(0.181477065802842,1.10085362100468,0.749140405012959));
#7817=CARTESIAN_POINT('',(0.179364332504232,1.10028689782844,0.74894393247755));
#7818=CARTESIAN_POINT('',(0.1771818773012,1.1,0.7487062390313));
#7819=CARTESIAN_POINT('',(0.175,1.1,0.7484313483298));
#7820=CARTESIAN_POINT('',(0.0,0.2,0.55));
#7821=VECTOR('',#8209,0.925);
#7822=CARTESIAN_POINT('',(0.00156865167015585,1.1,0.575));
#7823=CARTESIAN_POINT('',(0.00123871204342212,1.1,0.5723811854));
#7824=CARTESIAN_POINT('',(0.00096327684419073,1.1004144860544,0.569764421895105));
#7825=CARTESIAN_POINT('',(0.000747348515128365,1.101223869913,0.567273704763212));
#7826=CARTESIAN_POINT('',(0.000531420186066001,1.1020332537716,0.56478298763132));
#7827=CARTESIAN_POINT('',(0.000374998727173903,1.10323952605887,0.562418347898526));
#7828=CARTESIAN_POINT('',(0.000265716876409527,1.10477402804867,0.56030612172965));
#7829=CARTESIAN_POINT('',(0.000156435025646751,1.10630853003846,0.558193895560773));
#7830=CARTESIAN_POINT('',(9.42927830124063E-05,1.10816732083705,0.556331715154787));
#7831=CARTESIAN_POINT('',(5.7406075274713E-05,1.11028200688072,0.554791569122246));
#7832=CARTESIAN_POINT('',(2.35668976560494E-05,1.11222198041126,0.553378667880843));
#7833=CARTESIAN_POINT('',(1.09824886557419E-05,1.11437971096829,0.552240076856709));
#7834=CARTESIAN_POINT('',(5.17352214757238E-06,1.11665065794281,0.551435440016585));
#7835=CARTESIAN_POINT('',(4.65037112441283E-06,1.11685517766789,0.551362975046165));
#7836=CARTESIAN_POINT('',(4.18217343942817E-06,1.11706059937507,0.551293187632799));
#7837=CARTESIAN_POINT('',(3.75835281118952E-06,1.11726683822451,0.551226102360906));
#7838=CARTESIAN_POINT('',(-1.37148907271012E-06,1.11976311286865,0.550414115367767));
#7839=CARTESIAN_POINT('',(0.0,1.122381387749,0.55));
#7840=CARTESIAN_POINT('',(0.0,1.125,0.55));
#7841=CARTESIAN_POINT('',(0.0999999999999996,1.125,0.55));
#7842=CARTESIAN_POINT('',(0.0999999999999996,1.122375030449,0.55));
#7843=CARTESIAN_POINT('',(0.0999972468045147,1.11975288225388,0.550416156587431));
#7844=CARTESIAN_POINT('',(0.100007561287084,1.11725573919624,0.551229715512779));
#7845=CARTESIAN_POINT('',(0.100017075358713,1.11495237615711,0.551980141706052));
#7846=CARTESIAN_POINT('',(0.100037707678606,1.11275524604042,0.553070826149433));
#7847=CARTESIAN_POINT('',(0.100098809815639,1.11077118408948,0.554444202818074));
#7848=CARTESIAN_POINT('',(0.100103950287654,1.1106042666062,0.554559743856003));
#7849=CARTESIAN_POINT('',(0.100109377193586,1.11043884110021,0.554677259669366));
#7850=CARTESIAN_POINT('',(0.100115108010605,1.11027496148994,0.554796702227672));
#7851=CARTESIAN_POINT('',(0.100188958090933,1.10816312955695,0.556335896813154));
#7852=CARTESIAN_POINT('',(0.100313276090967,1.10630789914429,0.558195163277169));
#7853=CARTESIAN_POINT('',(0.100532309955284,1.10477535027089,0.560304301876572));
#7854=CARTESIAN_POINT('',(0.100751343819601,1.10324280139749,0.562413440475975));
#7855=CARTESIAN_POINT('',(0.1010650935482,1.10203688134742,0.56477476398351));
#7856=CARTESIAN_POINT('',(0.101501759060875,1.10122654672895,0.567265472246539));
#7857=CARTESIAN_POINT('',(0.101938424573551,1.10041621211047,0.569756180509568));
#7858=CARTESIAN_POINT('',(0.1024980058703,1.1,0.5723764005137));
#7859=CARTESIAN_POINT('',(0.1031754163448,1.1,0.575));
#7860=CARTESIAN_POINT('',(0.225,1.15,0.65));
#7861=CARTESIAN_POINT('',(0.225,1.15,0.75));
#7862=CARTESIAN_POINT('',(0.225,1.15,0.65));
#7863=VECTOR('',#8210,0.1);
#7864=CARTESIAN_POINT('',(0.65,1.15,0.75));
#7865=CARTESIAN_POINT('',(0.65,1.15,0.75));
#7866=VECTOR('',#8211,0.425);
#7867=CARTESIAN_POINT('',(0.65,1.15,0.65));
#7868=CARTESIAN_POINT('',(0.65,1.15,0.75));
#7869=VECTOR('',#8212,0.1);
#7870=CARTESIAN_POINT('',(0.65,1.15,0.65));
#7871=VECTOR('',#8213,0.425);
#7872=CARTESIAN_POINT('',(0.65,0.2,0.75));
#7873=VECTOR('',#8214,0.95);
#7874=CARTESIAN_POINT('',(0.65,0.2,0.65));
#7875=VECTOR('',#8215,0.95);
#7876=AXIS2_PLACEMENT_3D('',#8216,#8217,#8218);
#7877=AXIS2_PLACEMENT_3D('',#8219,#8220,#8221);
#7878=CARTESIAN_POINT('',(0.2,0.2,0.65));
#7879=VECTOR('',#8222,0.925);
#7880=CARTESIAN_POINT('',(1.148932455816,1.572134377657,0.5));
#7881=AXIS2_PLACEMENT_3D('',#8223,#8224,#8225);
#7882=CARTESIAN_POINT('',(1.215801388159,1.529961567847,0.5));
#7883=AXIS2_PLACEMENT_3D('',#8226,#8227,#8228);
#7884=CARTESIAN_POINT('',(1.148980941356,1.505640914171,0.5));
#7885=VECTOR('',#8229,0.0711088342345202);
#7886=AXIS2_PLACEMENT_3D('',#8230,#8231,#8232);
#7887=AXIS2_PLACEMENT_3D('',#8233,#8234,#8235);
#7888=CARTESIAN_POINT('',(1.215801388159,1.529961567847,-0.5));
#7889=CARTESIAN_POINT('',(1.148980941356,1.505640914171,-0.5));
#7890=VECTOR('',#8236,0.0711088342345202);
#7891=CARTESIAN_POINT('',(1.148932455816,1.572134377657,-0.5));
#7892=AXIS2_PLACEMENT_3D('',#8237,#8238,#8239);
#7893=AXIS2_PLACEMENT_3D('',#8240,#8241,#8242);
#7894=CARTESIAN_POINT('',(1.148932455816,1.572134377657,-0.5987079942095));
#7895=VECTOR('',#8243,0.09870799420952);
#7896=CARTESIAN_POINT('',(1.215801388159,1.529961567847,-0.5869318958707));
#7897=VECTOR('',#8244,0.08693189587068);
#7898=AXIS2_PLACEMENT_3D('',#8245,#8246,#8247);
#7899=CARTESIAN_POINT('',(1.14542343244351,1.50434609385549,-0.599982082783282));
#7900=CARTESIAN_POINT('',(1.14542342596208,1.50434609516707,-0.5999820827466));
#7901=CARTESIAN_POINT('',(1.14567230976037,1.50557600649588,-0.599982082830795));
#7902=CARTESIAN_POINT('',(1.14614804716917,1.50802748112378,-0.600008958612667));
#7903=CARTESIAN_POINT('',(1.146579722577,1.510462251965,-0.6));
#7904=CARTESIAN_POINT('',(1.146784545084,1.511675463332,-0.6));
#7905=CARTESIAN_POINT('',(1.145423423623,1.504346083608,-0.5999820827466));
#7906=VECTOR('',#8248,10.0);
#7907=AXIS2_PLACEMENT_3D('',#8249,#8250,#8251);
#7908=CARTESIAN_POINT('',(1.148932455816,1.572134377657,0.5987079942095));
#7909=VECTOR('',#8252,0.09870799420952);
#7910=AXIS2_PLACEMENT_3D('',#8253,#8254,#8255);
#7911=CARTESIAN_POINT('',(1.215801388159,1.529961567847,0.5869318958707));
#7912=VECTOR('',#8256,0.08693189587068);
#7913=AXIS2_PLACEMENT_3D('',#8257,#8258,#8259);
#7914=CARTESIAN_POINT('',(1.14542343244351,1.50434609385549,0.599982082783282));
#7915=CARTESIAN_POINT('',(1.145423423623,1.504346083608,0.5999820827466));
#7916=VECTOR('',#8260,10.0);
#7917=CARTESIAN_POINT('',(1.146784545084,1.511675463332,0.6));
#7918=CARTESIAN_POINT('',(1.146579722989,1.510462254186,0.6));
#7919=CARTESIAN_POINT('',(1.14614804799317,1.50802748556677,0.600008958612667));
#7920=CARTESIAN_POINT('',(1.14567231017237,1.50557600871687,0.599982082830795));
#7921=CARTESIAN_POINT('',(1.14542342596208,1.50434609516707,0.5999820827466));
#7922=CARTESIAN_POINT('',(0.2,0.2,-0.75));
#7923=VECTOR('',#8261,0.925);
#7924=CARTESIAN_POINT('',(0.2,1.125,0.75));
#7925=VECTOR('',#8262,0.925);
#7926=CARTESIAN_POINT('',(1.482652935454,1.173645524915,-0.55));
#7927=CARTESIAN_POINT('',(1.482652935454,1.173645524915,-0.55));
#7928=VECTOR('',#8263,0.175570100408601);
#7929=CARTESIAN_POINT('',(1.388683673376,1.139443510582,-0.55));
#7930=CARTESIAN_POINT('',(1.482652935454,1.173645524915,-0.55));
#7931=VECTOR('',#8264,0.1);
#7932=CARTESIAN_POINT('',(1.388683673376,1.139443510582,-0.55));
#7933=VECTOR('',#8265,0.175570100408601);
#7934=CARTESIAN_POINT('',(1.613859083038,0.8131595971335,0.55));
#7935=CARTESIAN_POINT('',(1.482652935454,1.173645524915,0.55));
#7936=CARTESIAN_POINT('',(1.613859083038,0.8131595971335,0.55));
#7937=VECTOR('',#8266,0.383621111635401);
#7938=CARTESIAN_POINT('',(1.388683673376,1.139443510582,0.55));
#7939=CARTESIAN_POINT('',(1.482652935454,1.173645524915,0.55));
#7940=VECTOR('',#8267,0.1);
#7941=CARTESIAN_POINT('',(1.51988982096,0.7789575828009,0.55));
#7942=CARTESIAN_POINT('',(1.51988982096,0.7789575828009,0.55));
#7943=VECTOR('',#8268,0.383621111635401);
#7944=CARTESIAN_POINT('',(1.613859083038,0.8131595971335,0.55));
#7945=VECTOR('',#8269,0.1);
#7946=CARTESIAN_POINT('',(1.482652935454,1.173645524915,0.55));
#7947=VECTOR('',#8270,0.175570100408601);
#7948=CARTESIAN_POINT('',(1.388683673376,1.139443510582,0.55));
#7949=VECTOR('',#8271,0.175570100408601);
#7950=CARTESIAN_POINT('',(1.613859083038,0.8131595971335,-0.55));
#7951=CARTESIAN_POINT('',(1.613859083038,0.8131595971335,-0.55));
#7952=VECTOR('',#8272,0.383621111635401);
#7953=CARTESIAN_POINT('',(1.51988982096,0.7789575828009,-0.55));
#7954=CARTESIAN_POINT('',(1.613859083038,0.8131595971335,-0.55));
#7955=VECTOR('',#8273,0.1);
#7956=CARTESIAN_POINT('',(1.51988982096,0.7789575828009,-0.55));
#7957=VECTOR('',#8274,0.383621111635401);
#7958=CARTESIAN_POINT('',(1.51988982096,0.7789575828009,0.55));
#7959=VECTOR('',#8275,1.1);
#7960=CARTESIAN_POINT('',(1.632652935454,0.8,0.55));
#7961=AXIS2_PLACEMENT_3D('',#8276,#8277,#8278);
#7962=CARTESIAN_POINT('',(1.632652935454,0.7,0.55));
#7963=AXIS2_PLACEMENT_3D('',#8279,#8280,#8281);
#7964=CARTESIAN_POINT('',(1.632652935454,0.8,0.55));
#7965=VECTOR('',#8282,0.1);
#7966=CARTESIAN_POINT('',(1.613859083038,0.8131595971335,0.55));
#7967=VECTOR('',#8283,1.1);
#7968=CARTESIAN_POINT('',(3.364573011511,0.1000024033952,-0.75));
#7969=VECTOR('',#8284,0.0999967954730634);
#7970=CARTESIAN_POINT('',(3.442792794532,0.1938614543688,-0.7428490589494));
#7971=CARTESIAN_POINT('',(3.426928244322,0.2103747516496,-0.7432340124875));
#7972=CARTESIAN_POINT('',(3.40189266084,0.235907527559,-0.7438941070301));
#7973=CARTESIAN_POINT('',(3.378249856549,0.2588849012772,-0.7445857316682));
#7974=CARTESIAN_POINT('',(3.369157087843,0.2675067277822,-0.7448594671388));
#7975=CARTESIAN_POINT('',(1.632652935454,0.8,-0.55));
#7976=AXIS2_PLACEMENT_3D('',#8285,#8286,#8287);
#7977=CARTESIAN_POINT('',(1.632652935454,0.7,-0.55));
#7978=CARTESIAN_POINT('',(1.632652935454,0.8,-0.55));
#7979=VECTOR('',#8288,0.1);
#7980=AXIS2_PLACEMENT_3D('',#8289,#8290,#8291);
#7981=CARTESIAN_POINT('',(1.632652935454,0.7,0.55));
#7982=VECTOR('',#8292,1.1);
#7983=CARTESIAN_POINT('',(3.1,0.7,-0.7));
#7984=CARTESIAN_POINT('',(3.1,0.7,0.7));
#7985=VECTOR('',#8293,1.4);
#7986=AXIS2_PLACEMENT_3D('',#8294,#8295,#8296);
#7987=CARTESIAN_POINT('',(3.5,0.4,-0.75));
#7988=VECTOR('',#8297,0.1);
#7989=CARTESIAN_POINT('',(1.632652935454,0.8,0.55));
#7990=VECTOR('',#8298,0.427200187265883);
#7991=CARTESIAN_POINT('',(1.632652935454,0.7,0.55));
#7992=VECTOR('',#8299,0.427200187265883);
#7993=CARTESIAN_POINT('',(1.632652935454,0.8,0.55));
#7994=VECTOR('',#8300,1.1);
#7995=CARTESIAN_POINT('',(3.1,0.8,-0.7));
#7996=AXIS2_PLACEMENT_3D('',#8301,#8302,#8303);
#7997=CARTESIAN_POINT('',(3.1,0.8,0.7));
#7998=VECTOR('',#8304,1.4);
#7999=CARTESIAN_POINT('',(2.032652935454,0.8,-0.7));
#8000=CARTESIAN_POINT('',(2.032652935454,0.8,-0.7));
#8001=VECTOR('',#8305,0.427200187265883);
#8002=CARTESIAN_POINT('',(2.032652935454,0.7,-0.7));
#8003=CARTESIAN_POINT('',(2.032652935454,0.8,-0.7));
#8004=VECTOR('',#8306,0.1);
#8005=CARTESIAN_POINT('',(2.032652935454,0.7,-0.7));
#8006=VECTOR('',#8307,0.427200187265883);
#8007=CARTESIAN_POINT('',(3.1,0.7,-0.7));
#8008=VECTOR('',#8308,1.067347064546);
#8009=CARTESIAN_POINT('',(3.1,0.8,-0.7));
#8010=VECTOR('',#8309,0.1);
#8011=CARTESIAN_POINT('',(3.1,0.8,-0.7));
#8012=VECTOR('',#8310,1.067347064546);
#8013=CARTESIAN_POINT('',(0.6231831663453,1.735471742482,0.2414213562373));
#8014=VECTOR('',#8311,0.4828427124746);
#8015=DIRECTION('',(0.0,-0.0,-1.0));
#8016=CARTESIAN_POINT('',(3.1,0.4,-0.75));
#8017=DIRECTION('',(0.0,0.0,1.0));
#8018=DIRECTION('',(0.0,-1.0,0.0));
#8019=DIRECTION('',(-0.0,0.0,1.0));
#8020=CARTESIAN_POINT('',(3.1,0.4,-0.75));
#8021=DIRECTION('',(0.0,0.0,1.0));
#8022=DIRECTION('',(0.0,-1.0,0.0));
#8023=DIRECTION('',(-0.342020143325699,0.939692620785897,-0.0));
#8024=DIRECTION('',(-0.342020143325699,0.939692620785897,0.0));
#8025=DIRECTION('',(-0.342020143325699,0.939692620785897,0.0));
#8026=CARTESIAN_POINT('',(1.148980941356,1.505640914171,0.4));
#8027=DIRECTION('',(-0.342020143325699,0.939692620785897,4.33680868994202E-16));
#8028=DIRECTION('',(0.334102234014319,0.121603268383065,0.934659479353415));
#8029=DIRECTION('',(0.342020143325699,-0.939692620785897,-0.0));
#8030=CARTESIAN_POINT('',(1.148980941356,1.505640914171,-0.4));
#8031=DIRECTION('',(0.342020143325699,-0.939692620785897,4.33680868994202E-16));
#8032=DIRECTION('',(0.334102234014319,0.121603268383065,-0.934659479353415));
#8033=DIRECTION('',(-0.342020143325699,0.939692620785897,0.0));
#8034=DIRECTION('',(-0.342020143325699,0.939692620785897,0.0));
#8035=CARTESIAN_POINT('',(0.1,1.1,-0.15));
#8036=DIRECTION('',(1.0,0.0,-0.0));
#8037=DIRECTION('',(0.0,1.0,1.221245327088E-14));
#8038=DIRECTION('',(0.0,-1.0,0.0));
#8039=DIRECTION('',(0.0,1.0,0.0));
#8040=CARTESIAN_POINT('',(0.1,1.125,-0.525));
#8041=DIRECTION('',(1.0,0.0,0.0));
#8042=DIRECTION('',(0.0,0.0,-1.0));
#8043=DIRECTION('',(0.0,0.0,1.0));
#8044=DIRECTION('',(-1.0,0.0,0.0));
#8045=DIRECTION('',(0.0,-1.0,0.0));
#8046=DIRECTION('',(-1.0,0.0,0.0));
#8047=DIRECTION('',(-1.0,0.0,0.0));
#8048=DIRECTION('',(0.0,0.0,1.0));
#8049=CARTESIAN_POINT('',(0.0,1.1,-0.15));
#8050=DIRECTION('',(-1.0,0.0,0.0));
#8051=DIRECTION('',(0.0,0.0,1.0));
#8052=CARTESIAN_POINT('',(0.0,1.125,-0.525));
#8053=DIRECTION('',(-1.0,0.0,0.0));
#8054=DIRECTION('',(0.0,1.0,0.0));
#8055=DIRECTION('',(-1.0,0.0,0.0));
#8056=CARTESIAN_POINT('',(0.0,1.1,0.15));
#8057=DIRECTION('',(-1.0,0.0,0.0));
#8058=DIRECTION('',(0.0,1.0,-1.221245327088E-14));
#8059=DIRECTION('',(-1.0,0.0,0.0));
#8060=CARTESIAN_POINT('',(0.1,1.1,0.15));
#8061=DIRECTION('',(1.0,0.0,0.0));
#8062=DIRECTION('',(0.0,0.0,-1.0));
#8063=DIRECTION('',(0.0,0.0,-1.0));
#8064=DIRECTION('',(-1.0,0.0,0.0));
#8065=DIRECTION('',(0.0,0.0,-1.0));
#8066=CARTESIAN_POINT('',(0.0,1.125,0.525));
#8067=DIRECTION('',(-1.0,0.0,0.0));
#8068=DIRECTION('',(0.0,0.0,1.0));
#8069=DIRECTION('',(-1.0,0.0,0.0));
#8070=CARTESIAN_POINT('',(0.1,1.125,0.525));
#8071=DIRECTION('',(1.0,0.0,0.0));
#8072=DIRECTION('',(0.0,1.0,0.0));
#8073=DIRECTION('',(0.0,-1.0,0.0));
#8074=DIRECTION('',(0.0,-1.0,0.0));
#8075=CARTESIAN_POINT('',(0.2,1.1,-0.55));
#8076=DIRECTION('',(0.0,-1.0,-0.0));
#8077=DIRECTION('',(-0.968245836551857,0.0,-0.249999999999989));
#8078=DIRECTION('',(0.0,0.0,-1.0));
#8079=DIRECTION('',(0.615661475325695,-0.788010753606693,0.0));
#8080=DIRECTION('',(0.0,0.0,-1.0));
#8081=DIRECTION('',(0.615661475325695,-0.788010753606693,0.0));
#8082=CARTESIAN_POINT('',(0.5746938177379,1.0,-0.6));
#8083=DIRECTION('',(0.0,0.0,-1.0));
#8084=DIRECTION('',(0.0,-1.0,0.0));
#8085=DIRECTION('',(0.0,0.0,-1.0));
#8086=CARTESIAN_POINT('',(0.5746938177379,1.0,-0.5));
#8087=DIRECTION('',(0.0,0.0,1.0));
#8088=DIRECTION('',(-0.788010753606693,-0.615661475325695,0.0));
#8089=DIRECTION('',(1.0,0.0,0.0));
#8090=DIRECTION('',(0.0,0.0,1.0));
#8091=DIRECTION('',(1.0,0.0,0.0));
#8092=DIRECTION('',(0.0,0.0,-1.0));
#8093=DIRECTION('',(-0.529919264233213,-0.848048096156421,0.0));
#8094=DIRECTION('',(0.0,0.0,1.0));
#8095=DIRECTION('',(-0.529919264233213,-0.848048096156421,0.0));
#8096=CARTESIAN_POINT('',(0.4904258625934,1.107858064049,-0.6));
#8097=DIRECTION('',(-0.0,0.0,-1.0));
#8098=DIRECTION('',(-0.788010753606693,-0.615661475325695,0.0));
#8099=CARTESIAN_POINT('',(0.4904258625934,1.107858064049,-0.5));
#8100=DIRECTION('',(0.0,0.0,1.0));
#8101=DIRECTION('',(-0.848048096156421,0.529919264233213,0.0));
#8102=DIRECTION('',(0.0,0.0,1.0));
#8103=DIRECTION('',(0.0,1.0,0.0));
#8104=DIRECTION('',(0.0,1.0,0.0));
#8105=DIRECTION('',(0.0,0.0,1.0));
#8106=DIRECTION('',(0.615661475325695,-0.788010753606693,0.0));
#8107=DIRECTION('',(0.0,0.0,1.0));
#8108=DIRECTION('',(0.615661475325695,-0.788010753606693,0.0));
#8109=CARTESIAN_POINT('',(0.4904258625934,1.107858064049,0.6));
#8110=DIRECTION('',(0.0,0.0,1.0));
#8111=DIRECTION('',(-0.848048096156421,0.529919264233213,0.0));
#8112=DIRECTION('',(0.0,0.0,1.0));
#8113=CARTESIAN_POINT('',(0.4904258625934,1.107858064049,0.5));
#8114=DIRECTION('',(-0.0,0.0,-1.0));
#8115=DIRECTION('',(-0.788010753606693,-0.615661475325695,0.0));
#8116=DIRECTION('',(-0.529919264233213,-0.848048096156421,0.0));
#8117=DIRECTION('',(0.0,0.0,-1.0));
#8118=DIRECTION('',(-0.529919264233213,-0.848048096156421,0.0));
#8119=DIRECTION('',(0.0,0.0,-1.0));
#8120=DIRECTION('',(0.0,1.0,0.0));
#8121=DIRECTION('',(0.0,0.0,-1.0));
#8122=DIRECTION('',(0.0,1.0,0.0));
#8123=DIRECTION('',(0.0,0.0,1.0));
#8124=DIRECTION('',(1.0,0.0,0.0));
#8125=DIRECTION('',(1.0,0.0,0.0));
#8126=CARTESIAN_POINT('',(0.5746938177379,1.0,0.6));
#8127=DIRECTION('',(0.0,0.0,1.0));
#8128=DIRECTION('',(-0.788010753606693,-0.615661475325695,0.0));
#8129=CARTESIAN_POINT('',(0.5746938177379,1.0,0.5));
#8130=DIRECTION('',(0.0,0.0,-1.0));
#8131=DIRECTION('',(0.0,-1.0,0.0));
#8132=DIRECTION('',(0.0,0.0,1.0));
#8133=DIRECTION('',(-0.707106781186548,0.707106781186548,0.0));
#8134=DIRECTION('',(0.0,0.0,-1.0));
#8135=DIRECTION('',(-0.707106781186548,0.707106781186548,0.0));
#8136=CARTESIAN_POINT('',(1.765479212009,0.6138101098725,0.65));
#8137=DIRECTION('',(0.0,0.0,-1.0));
#8138=DIRECTION('',(0.707106781186548,0.707106781186548,0.0));
#8139=CARTESIAN_POINT('',(1.765479212009,0.6138101098725,0.75));
#8140=DIRECTION('',(0.0,0.0,1.0));
#8141=DIRECTION('',(1.0,0.0,0.0));
#8142=DIRECTION('',(0.0,0.0,-1.0));
#8143=DIRECTION('',(0.0,0.0,1.0));
#8144=DIRECTION('',(-1.0,0.0,0.0));
#8145=DIRECTION('',(-1.0,0.0,0.0));
#8146=CARTESIAN_POINT('',(1.279289321881,1.1,0.75));
#8147=DIRECTION('',(0.0,-0.0,1.0));
#8148=DIRECTION('',(0.707106781186548,0.707106781186548,0.0));
#8149=CARTESIAN_POINT('',(1.279289321881,1.1,0.65));
#8150=DIRECTION('',(0.0,0.0,-1.0));
#8151=DIRECTION('',(0.0,1.0,0.0));
#8152=DIRECTION('',(0.0,-1.0,0.0));
#8153=DIRECTION('',(0.0,-1.0,0.0));
#8154=DIRECTION('',(0.0,0.0,-1.0));
#8155=DIRECTION('',(-1.0,0.0,0.0));
#8156=DIRECTION('',(-1.0,0.0,0.0));
#8157=DIRECTION('',(1.0,0.0,0.0));
#8158=DIRECTION('',(1.0,0.0,0.0));
#8159=DIRECTION('',(0.0,0.0,1.0));
#8160=DIRECTION('',(0.0,-1.0,0.0));
#8161=DIRECTION('',(0.0,-1.0,0.0));
#8162=CARTESIAN_POINT('',(1.765479212009,0.6138101098725,-0.65));
#8163=DIRECTION('',(0.0,0.0,1.0));
#8164=DIRECTION('',(1.0,0.0,0.0));
#8165=CARTESIAN_POINT('',(1.765479212009,0.6138101098725,-0.75));
#8166=DIRECTION('',(0.0,0.0,-1.0));
#8167=DIRECTION('',(0.707106781186598,0.707106781186498,0.0));
#8168=DIRECTION('',(0.0,0.0,1.0));
#8169=DIRECTION('',(0.0,0.0,-1.0));
#8170=DIRECTION('',(-0.707106781186548,0.707106781186548,0.0));
#8171=DIRECTION('',(-0.707106781186548,0.707106781186548,0.0));
#8172=CARTESIAN_POINT('',(1.279289321881,1.1,-0.75));
#8173=DIRECTION('',(0.0,0.0,-1.0));
#8174=DIRECTION('',(0.0,1.0,0.0));
#8175=CARTESIAN_POINT('',(1.279289321881,1.1,-0.65));
#8176=DIRECTION('',(0.0,-0.0,1.0));
#8177=DIRECTION('',(0.707106781186548,0.707106781186548,0.0));
#8178=DIRECTION('',(0.0,-1.0,0.0));
#8179=DIRECTION('',(0.0,0.0,-1.0));
#8180=DIRECTION('',(0.0,0.0,1.0));
#8181=DIRECTION('',(1.0,0.0,0.0));
#8182=CARTESIAN_POINT('',(0.2,1.1,-0.55));
#8183=DIRECTION('',(0.0,-1.0,-0.0));
#8184=DIRECTION('',(-0.992156741649221,0.0,-0.125000000000003));
#8185=DIRECTION('',(1.0,0.0,0.0));
#8186=DIRECTION('',(0.0,0.0,1.0));
#8187=DIRECTION('',(1.0,0.0,0.0));
#8188=DIRECTION('',(0.0,1.0,0.0));
#8189=DIRECTION('',(0.0,0.0,1.0));
#8190=DIRECTION('',(0.0,1.0,0.0));
#8191=DIRECTION('',(0.0,0.0,-1.0));
#8192=DIRECTION('',(-1.0,0.0,0.0));
#8193=DIRECTION('',(-1.0,0.0,0.0));
#8194=CARTESIAN_POINT('',(0.225,1.125,-0.75));
#8195=DIRECTION('',(0.0,0.0,-1.0));
#8196=DIRECTION('',(-1.0,0.0,0.0));
#8197=CARTESIAN_POINT('',(0.225,1.125,-0.65));
#8198=DIRECTION('',(0.0,-0.0,1.0));
#8199=DIRECTION('',(0.0,1.0,0.0));
#8200=CARTESIAN_POINT('',(0.2,1.1,0.55));
#8201=DIRECTION('',(0.0,1.0,0.0));
#8202=DIRECTION('',(-0.992156741649221,0.0,0.125000000000003));
#8203=DIRECTION('',(0.0,0.0,-1.0));
#8204=CARTESIAN_POINT('',(0.2,1.1,0.55));
#8205=DIRECTION('',(0.0,1.0,0.0));
#8206=DIRECTION('',(-0.968245836551857,0.0,0.249999999999989));
#8207=DIRECTION('',(1.0,0.0,0.0));
#8208=DIRECTION('',(0.0,0.0,1.0));
#8209=DIRECTION('',(0.0,1.0,0.0));
#8210=DIRECTION('',(0.0,0.0,1.0));
#8211=DIRECTION('',(-1.0,0.0,0.0));
#8212=DIRECTION('',(0.0,0.0,-1.0));
#8213=DIRECTION('',(-1.0,0.0,0.0));
#8214=DIRECTION('',(0.0,1.0,0.0));
#8215=DIRECTION('',(0.0,1.0,0.0));
#8216=CARTESIAN_POINT('',(0.225,1.125,0.75));
#8217=DIRECTION('',(0.0,-0.0,1.0));
#8218=DIRECTION('',(0.0,1.0,0.0));
#8219=CARTESIAN_POINT('',(0.225,1.125,0.65));
#8220=DIRECTION('',(0.0,0.0,-1.0));
#8221=DIRECTION('',(-1.0,0.0,0.0));
#8222=DIRECTION('',(0.0,1.0,0.0));
#8223=CARTESIAN_POINT('',(0.92,1.55,0.5));
#8224=DIRECTION('',(0.0,-0.0,1.0));
#8225=DIRECTION('',(0.995358503545904,0.0962364245951504,0.0));
#8226=CARTESIAN_POINT('',(1.198700380993,1.576946198887,0.5));
#8227=DIRECTION('',(0.0,0.0,1.0));
#8228=DIRECTION('',(-0.995358503545731,-0.096236424596943,0.0));
#8229=DIRECTION('',(0.939692620785897,0.342020143325699,0.0));
#8230=CARTESIAN_POINT('',(1.375920558881,0.9844929335033,0.5));
#8231=DIRECTION('',(0.0,0.0,1.0));
#8232=DIRECTION('',(-0.902161497392825,0.431398461543312,0.0));
#8233=CARTESIAN_POINT('',(1.375920558881,0.9844929335033,-0.5));
#8234=DIRECTION('',(0.0,0.0,-1.0));
#8235=DIRECTION('',(-1.0,0.0,0.0));
#8236=DIRECTION('',(0.939692620785897,0.342020143325699,0.0));
#8237=CARTESIAN_POINT('',(1.198700380993,1.576946198887,-0.5));
#8238=DIRECTION('',(0.0,0.0,-1.0));
#8239=DIRECTION('',(0.342020143325699,-0.939692620785897,0.0));
#8240=CARTESIAN_POINT('',(0.92,1.55,-0.5));
#8241=DIRECTION('',(0.0,-0.0,1.0));
#8242=DIRECTION('',(0.995358503545904,0.0962364245951504,0.0));
#8243=DIRECTION('',(4.9489216628E-14,-2.429470634466E-13,1.0));
#8244=DIRECTION('',(0.0,0.0,1.0));
#8245=CARTESIAN_POINT('',(0.92,1.55,-0.6));
#8246=DIRECTION('',(0.0,0.0,1.0));
#8247=DIRECTION('',(0.986019761236792,-0.166628420296599,0.0));
#8248=DIRECTION('',(0.939682097048994,0.342016313081605,-0.00473266010510744));
#8249=CARTESIAN_POINT('',(1.375920558881,0.9844929335033,-0.6));
#8250=DIRECTION('',(0.0,0.0,1.0));
#8251=DIRECTION('',(-0.902161497392825,0.431398461543312,0.0));
#8252=DIRECTION('',(5.398823632146E-14,-2.496955929867E-13,-1.0));
#8253=CARTESIAN_POINT('',(0.92,1.55,0.6));
#8254=DIRECTION('',(0.0,0.0,1.0));
#8255=DIRECTION('',(0.986019761236792,-0.166628420296599,0.0));
#8256=DIRECTION('',(0.0,0.0,-1.0));
#8257=CARTESIAN_POINT('',(1.375920558881,0.9844929335033,0.6));
#8258=DIRECTION('',(0.0,0.0,-1.0));
#8259=DIRECTION('',(-1.0,0.0,0.0));
#8260=DIRECTION('',(0.939682097048994,0.342016313081605,0.00473266010510744));
#8261=DIRECTION('',(0.0,1.0,0.0));
#8262=DIRECTION('',(0.0,-1.0,0.0));
#8263=DIRECTION('',(0.177741810887199,-0.488341611905597,0.854359595687895));
#8264=DIRECTION('',(-0.939692620785897,-0.342020143325699,0.0));
#8265=DIRECTION('',(0.177741810887199,-0.488341611905597,0.854359595687895));
#8266=DIRECTION('',(-0.342020143325699,0.939692620785897,0.0));
#8267=DIRECTION('',(-0.939692620785897,-0.342020143325699,0.0));
#8268=DIRECTION('',(-0.342020143325699,0.939692620785897,0.0));
#8269=DIRECTION('',(-0.939692620785897,-0.342020143325699,0.0));
#8270=DIRECTION('',(0.177741810887199,-0.488341611905597,-0.854359595687895));
#8271=DIRECTION('',(0.177741810887199,-0.488341611905597,-0.854359595687895));
#8272=DIRECTION('',(-0.342020143325699,0.939692620785897,0.0));
#8273=DIRECTION('',(-0.939692620785897,-0.342020143325699,0.0));
#8274=DIRECTION('',(-0.342020143325699,0.939692620785897,0.0));
#8275=DIRECTION('',(0.0,0.0,-1.0));
#8276=CARTESIAN_POINT('',(1.632652935454,0.82,0.55));
#8277=DIRECTION('',(0.0,0.0,-1.0));
#8278=DIRECTION('',(0.0,-1.0,0.0));
#8279=CARTESIAN_POINT('',(1.632652935454,0.82,0.55));
#8280=DIRECTION('',(0.0,0.0,-1.0));
#8281=DIRECTION('',(0.0,-1.0,0.0));
#8282=DIRECTION('',(0.0,-1.0,0.0));
#8283=DIRECTION('',(0.0,0.0,-1.0));
#8284=DIRECTION('',(-0.661437827766177,0.749999999999974,0.0));
#8285=CARTESIAN_POINT('',(1.632652935454,0.82,-0.55));
#8286=DIRECTION('',(0.0,0.0,-1.0));
#8287=DIRECTION('',(0.0,-1.0,0.0));
#8288=DIRECTION('',(0.0,-1.0,0.0));
#8289=CARTESIAN_POINT('',(1.632652935454,0.82,-0.55));
#8290=DIRECTION('',(0.0,0.0,-1.0));
#8291=DIRECTION('',(0.0,-1.0,0.0));
#8292=DIRECTION('',(0.0,0.0,-1.0));
#8293=DIRECTION('',(0.0,0.0,-1.0));
#8294=CARTESIAN_POINT('',(3.10000009389293,0.400000083022118,-0.700000240721423));
#8295=DIRECTION('',(-0.164398267271524,7.40034682176143E-07,-0.986394043837235));
#8296=DIRECTION('',(0.986394043747937,-1.33534060787847E-05,-0.164398267266659));
#8297=DIRECTION('',(-1.0,0.0,0.0));
#8298=DIRECTION('',(0.936329177569036,0.0,0.351123441588414));
#8299=DIRECTION('',(0.936329177569036,0.0,0.351123441588414));
#8300=DIRECTION('',(0.0,0.0,-1.0));
#8301=CARTESIAN_POINT('',(3.10000007126233,0.400000063011664,-0.700000233980469));
#8302=DIRECTION('',(-0.124034184842143,5.58336824516438E-07,-0.992277945431739));
#8303=DIRECTION('',(0.992277945341437,-1.34330607398243E-05,-0.124034184838414));
#8304=DIRECTION('',(0.0,0.0,-1.0));
#8305=DIRECTION('',(-0.936329177569036,0.0,0.351123441588414));
#8306=DIRECTION('',(0.0,-1.0,0.0));
#8307=DIRECTION('',(-0.936329177569036,0.0,0.351123441588414));
#8308=DIRECTION('',(-1.0,0.0,0.0));
#8309=DIRECTION('',(0.0,-1.0,0.0));
#8310=DIRECTION('',(-1.0,0.0,0.0));
#8311=DIRECTION('',(0.0,0.0,-1.0));
ENDSEC;
END-ISO-10303-21;
